ft_sigma_rel,mt_sigma_rel,mt_lambda_ewma,kappa_v,log10_xi_v,calm_ret_std,calm_ret_kurtosis_excess,calm_acf_r_lag1,calm_acf_r_lag5,calm_acf_abs_r_lag1,calm_acf_abs_r_lag5,calm_acf_abs_r_lag20,stress_ret_std,stress_ret_kurtosis_excess,stress_acf_r_lag1,stress_acf_r_lag5,stress_acf_abs_r_lag1,stress_acf_abs_r_lag5,stress_acf_abs_r_lag20
0.03587514925890336,0.009919103812130618,0.7013734772098814,0.01693835971201779,-6.1068788786778025,,,,,,,,,,,,,,
0.010077706100880048,0.02683540620435988,0.6135287111339537,0.4574508852051474,-4.805361292148032,,,,,,,,,,,,,,
0.01830612069193165,0.043198525981457646,0.9218182393563481,0.6582581836807357,-3.5332789962729656,,,,,,,,,,,,,,
0.04625492935960963,0.022602545777802303,0.8457882976256766,0.9395824130863222,-5.2216165029262385,,,,,,,,,,,,,,
