label,vol,skew,kurt,acf1,acf2_sq
Calm Empirical,0.0070177704272938,-0.43090659170178947,1.3116871989842345,-0.05085340012726551,0.166661813703055
Calm Simulated,40.13156660248059,-0.05694823090141659,-1.32998087388121,-0.9374350478108733,0.6129624013216164
Stressed Empirical,0.0071095392843014945,-0.4331053434381243,1.3364520807383977,-0.007331093050412182,0.2124608932083306
Stressed Simulated,41.54145217773409,-0.0843725080363453,-1.2785485532406706,-0.8735615929178271,0.47226908241580956
