label,vol,skew,kurt,acf1,acf2_sq
Calm Empirical,0.0070177704272938,-0.43090659170178947,1.3116871989842345,-0.05085340012726551,0.166661813703055
Calm Simulated,0.028455497982624676,-0.36461740635785655,51.41674548398631,-0.04018096519111423,0.020179059702116288
Stressed Empirical,0.0071095392843014945,-0.4331053434381243,1.3364520807383977,-0.007331093050412182,0.2124608932083306
Stressed Simulated,0.02233182595520077,-0.3710924985719253,87.84683577510528,-0.026050913533451053,0.010641205420201248
