label,vol,skew,kurt,acf1,acf2_sq
Calm Empirical,0.0070177704272938,-0.43090659170178947,1.3116871989842345,-0.05085340012726551,0.166661813703055
Calm Simulated,0.006998510901187306,-0.004391834965743866,-0.024841551808956197,0.008682739708453072,-0.002334808253291109
Stressed Empirical,0.0071095392843014945,-0.4331053434381243,1.3364520807383977,-0.007331093050412182,0.2124608932083306
Stressed Simulated,0.007100297988025276,-0.03738161851048571,-0.017256372766730976,0.02943408963148433,-0.007401734876707315
