Series,N,Mean ret,Std ret,Skewness,Exc. kurtosis,JB p-val,Mean |mispric|,Std mispric,DW stat
Calm Empirical,502,0.00068,0.00702,-0.431,1.312,0.0000,0.01308,0.01634,2.077
Calm Simulated,25100,0.00013,0.02846,-0.365,51.417,0.0000,0.04562,0.06407,2.080
Stressed Empirical,251,0.00046,0.00711,-0.433,1.336,0.0000,0.01300,0.01714,1.997
Stressed Simulated,12550,0.00007,0.02233,-0.371,87.847,0.0000,0.02705,0.04887,2.052
