Series,N,Mean ret,Std ret,Skewness,Exc. kurtosis,JB p-val,Mean |mispric|,Std mispric,DW stat
Calm Empirical,502,0.00068,0.00702,-0.431,1.312,0.0000,0.01308,0.01634,2.077
Calm Simulated,25100,0.00401,40.13157,-0.057,-1.330,0.0000,17.45006,20.55039,3.875
Stressed Empirical,251,0.00046,0.00711,-0.433,1.336,0.0000,0.01300,0.01714,1.997
Stressed Simulated,12550,0.00298,41.54145,-0.084,-1.279,0.0000,18.29884,21.68542,3.747
