{
  "lambda_per_step": 0.038461538461538464,
  "lee_mykland_K": 78,
  "lee_mykland_alpha": 0.01,
  "calm": {
    "sigma": 0.0006281974002326752,
    "jump_mean": -0.0011650113009206756,
    "jump_std": 0.003833098381162926,
    "n_valid": 20362,
    "n_jumps": 57,
    "lambda_emp_per_step": 0.002799332089185738,
    "v0": 2463.0,
    "threshold": 5.101162057433224
  },
  "stressed": {
    "sigma": 0.0038406793474834162,
    "jump_mean": 0.002908884894665929,
    "jump_std": 0.02646802812456695,
    "n_valid": 2271,
    "n_jumps": 7,
    "lambda_emp_per_step": 0.0030823425803610744,
    "v0": 3249.25,
    "threshold": 4.69585515408653
  }
}