ts,V_smooth,sigma_t
2020-02-24 13:30:00,3387.375000000002,0.0010184733761936773
2020-02-24 13:31:00,3390.877497610517,0.0010200576375768255
2020-02-24 13:32:00,3391.0859600913673,0.000955984299215207
2020-02-24 13:33:00,3386.6526412893977,0.0010128785319219956
2020-02-24 13:34:00,3383.685774516649,0.00107650923055742
2020-02-24 13:35:00,3385.486266977801,0.001110450307376837
2020-02-24 13:36:00,3387.246930652233,0.0011047811621403218
2020-02-24 13:37:00,3390.098376648394,0.0010518998931477702
2020-02-24 13:38:00,3388.5281794136554,0.0011186090132321257
2020-02-24 13:39:00,3385.9966215427617,0.0011353374306258422
2020-02-24 13:40:00,3390.117289897725,0.0011518554506948842
2020-02-24 13:41:00,3385.954513322298,0.0011652602520736616
2020-02-24 13:42:00,3390.9763831609107,0.0011797560826766545
2020-02-24 13:43:00,3392.367585479305,0.0011735230963250025
2020-02-24 13:44:00,3394.706638364649,0.0012218110405622276
2020-02-24 13:45:00,3396.0488714354433,0.0011634307781290337
2020-02-24 13:46:00,3394.1531254247725,0.0011634710805533736
2020-02-24 13:47:00,3390.836080344003,0.0011023123786749328
2020-02-24 13:48:00,3390.3312321422613,0.0010875305646691246
2020-02-24 13:49:00,3389.844351502691,0.0011029427578469516
2020-02-24 13:50:00,3386.0806600057,0.00113789086160324
2020-02-24 13:51:00,3384.9763950969564,0.0010822731621755023
2020-02-24 13:52:00,3379.0944509089063,0.0010970269392197867
2020-02-24 13:53:00,3375.4580680313043,0.0010307021888714618
2020-02-24 13:54:00,3372.350416244828,0.0010543998233392355
2020-02-24 13:55:00,3364.69466908881,0.0010885263808951937
2020-02-24 13:56:00,3372.5058795102277,0.0010890355425925069
2020-02-24 13:57:00,3369.266555469022,0.0010837209488203496
2020-02-24 13:58:00,3366.1041132247624,0.0011148280446575197
2020-02-24 13:59:00,3369.342543522069,0.0011122988249995715
2020-02-24 14:00:00,3364.1588665919776,0.0010544255879616808
2020-02-24 14:01:00,3367.2082908013413,0.0010899910311875885
2020-02-24 14:02:00,3363.083203226355,0.001061040046867268
2020-02-24 14:03:00,3369.551491847842,0.001077849093240166
2020-02-24 14:04:00,3381.0041982554503,0.0010959955266599103
2020-02-24 14:05:00,3377.7420118613095,0.0011183995969938493
2020-02-24 14:06:00,3380.682622138364,0.0010851376404059129
2020-02-24 14:07:00,3384.4129610137797,0.0011360100841414798
2020-02-24 14:08:00,3387.6889368871643,0.0010963957559795613
2020-02-24 14:09:00,3387.000368639933,0.0010507801393894777
2020-02-24 14:10:00,3388.6477654083305,0.0009762986260720295
2020-02-24 14:11:00,3385.6223591832722,0.0010279388594767915
2020-02-24 14:12:00,3389.9674301997243,0.001103543522534859
2020-02-24 14:13:00,3392.374387370431,0.0011102502691835027
2020-02-24 14:14:00,3386.1860708865615,0.001085455167538494
2020-02-24 14:15:00,3380.398252217013,0.0011155205653682694
2020-02-24 14:16:00,3380.4526134188613,0.0010946074371655924
2020-02-24 14:17:00,3374.7696243746577,0.0011138277941277152
2020-02-24 14:18:00,3373.101633472555,0.001158310025565747
2020-02-24 14:19:00,3371.208295390588,0.0011966855974802283
2020-02-24 14:20:00,3377.2260594327663,0.001132641140980685
2020-02-24 14:21:00,3374.7245181454987,0.0011842035680965303
2020-02-24 14:22:00,3376.3909297643336,0.0011370778681394204
2020-02-24 14:23:00,3376.6482877036747,0.001097756212067554
2020-02-24 14:24:00,3373.6194943267456,0.0011282232181336884
2020-02-24 14:25:00,3371.2138251737383,0.0011627151500628121
2020-02-24 14:26:00,3365.2127374634183,0.0011322882548965984
2020-02-24 14:27:00,3357.747096122156,0.001135056505160162
2020-02-24 14:28:00,3357.4593134899114,0.001058274379501177
2020-02-24 14:29:00,3357.7815648612527,0.0010452881903134884
2020-02-24 14:30:00,3354.5618664392287,0.0010078289274878783
2020-02-24 14:31:00,3355.7909325192186,0.0009660572893516751
2020-02-24 14:32:00,3359.1587989662194,0.00097934623525203
2020-02-24 14:33:00,3358.727499943127,0.0009957276630546822
2020-02-24 14:34:00,3352.4863113700117,0.000913757869924002
2020-02-24 14:35:00,3352.2316946405117,0.0009140495359422351
2020-02-24 14:36:00,3356.4216733122657,0.000871274343857297
2020-02-24 14:37:00,3359.0118288004305,0.0008353348144896892
2020-02-24 14:38:00,3360.9518985796994,0.0008568892610699782
2020-02-24 14:39:00,3361.2640033200164,0.0008557605530800249
2020-02-24 14:40:00,3363.3803964443405,0.0009433411970638902
2020-02-24 14:41:00,3364.659595497454,0.0009985069928988683
2020-02-24 14:42:00,3360.0621289936694,0.0010420573801822517
2020-02-24 14:43:00,3358.4377722492814,0.001049661519739788
2020-02-24 14:44:00,3364.085144456956,0.0010052371536631852
2020-02-24 14:45:00,3369.7413511903915,0.0009760089686263338
2020-02-24 14:46:00,3364.035130433474,0.0010059371390599972
2020-02-24 14:47:00,3362.1362695400117,0.0009627139265028943
2020-02-24 14:48:00,3366.195463697315,0.0009891727706529316
2020-02-24 14:49:00,3364.6704182571525,0.0010048473929024767
2020-02-24 14:50:00,3367.6724505236807,0.0010370238257552595
2020-02-24 14:51:00,3365.257402741913,0.0010369988744829777
2020-02-24 14:52:00,3367.741694280299,0.0011125867326027522
2020-02-24 14:53:00,3375.1467400746233,0.0011310546359556176
2020-02-24 14:54:00,3379.5010805740885,0.0011371535414576215
2020-02-24 14:55:00,3377.4060545120406,0.0011986408374217612
2020-02-24 14:56:00,3385.4712289273907,0.0012120124344398963
2020-02-24 14:57:00,3388.160923694124,0.0011930768803648849
2020-02-24 14:58:00,3391.5337580981445,0.0011942425767584772
2020-02-24 14:59:00,3390.7461816803907,0.0012137948532651493
2020-02-24 15:00:00,3392.905281056615,0.0012014796166808315
2020-02-24 15:01:00,3395.084513724506,0.0012378485130272756
2020-02-24 15:02:00,3399.0944127968073,0.0011949031334996052
2020-02-24 15:03:00,3394.9329075543023,0.0012316338538573208
2020-02-24 15:04:00,3392.540147688298,0.0012416234117989654
2020-02-24 15:05:00,3384.355630123425,0.0012914412035793857
2020-02-24 15:06:00,3383.4435979475033,0.0012375658362000135
2020-02-24 15:07:00,3382.414107660506,0.0011920004721879711
2020-02-24 15:08:00,3387.167213875037,0.001203492979910538
2020-02-24 15:09:00,3390.3985627078855,0.0012126911799862385
2020-02-24 15:10:00,3389.0360515176976,0.0012639047908777452
2020-02-24 15:11:00,3396.117938080163,0.0012282195400884675
2020-02-24 15:12:00,3400.962442656527,0.0012465806632855347
2020-02-24 15:13:00,3408.6821489891495,0.0012515506400503523
2020-02-24 15:14:00,3406.3816986809074,0.0012511425450674387
2020-02-24 15:15:00,3402.654900529173,0.00126598476939285
2020-02-24 15:16:00,3403.729314366936,0.0011804984897606698
2020-02-24 15:17:00,3405.351433311861,0.0011951472158267511
2020-02-24 15:18:00,3409.557553635486,0.001185818858464064
2020-02-24 15:19:00,3410.8558530508662,0.0012421233959965718
2020-02-24 15:20:00,3404.0993364850265,0.00124488038672791
2020-02-24 15:21:00,3408.8520702035175,0.001244169084307372
2020-02-24 15:22:00,3404.967394360549,0.001217782779715699
2020-02-24 15:23:00,3406.0520157150913,0.0012240552636834075
2020-02-24 15:24:00,3400.8347296867137,0.001160383893643366
2020-02-24 15:25:00,3394.058123027383,0.0011672807606159421
2020-02-24 15:26:00,3395.9303054023158,0.0011256079385423665
2020-02-24 15:27:00,3385.5928217269084,0.0010977922208646824
2020-02-24 15:28:00,3386.381952622754,0.0010615652778709693
2020-02-24 15:29:00,3382.7913337595705,0.0010978433933091817
2020-02-24 15:30:00,3382.889876782123,0.0010392322248449464
2020-02-24 15:31:00,3383.502138110616,0.0009924296533228366
2020-02-24 15:32:00,3386.1970213825757,0.0009548348641123648
2020-02-24 15:33:00,3387.3590516106874,0.0009701558371411976
2020-02-24 15:34:00,3383.3144553059947,0.0009729815803787726
2020-02-24 15:35:00,3385.690223761396,0.0009384542448846083
2020-02-24 15:36:00,3380.73084206516,0.0009393912619452651
2020-02-24 15:37:00,3378.8397243416853,0.0009368554436435541
2020-02-24 15:38:00,3379.2799645956316,0.0008968454247523755
2020-02-24 15:39:00,3381.311495123952,0.0009000945985887577
2020-02-24 15:40:00,3378.754092867262,0.0009158478420137391
2020-02-24 15:41:00,3381.4031528892,0.00097939853956589
2020-02-24 15:42:00,3384.12293616851,0.0009789119704138195
2020-02-24 15:43:00,3384.248294122662,0.0009531676320463365
2020-02-24 15:44:00,3385.0605576355983,0.0009185856954444476
2020-02-24 15:45:00,3382.984806401236,0.0009791101361522488
2020-02-24 15:46:00,3382.905775727393,0.0009582282573379233
2020-02-24 15:47:00,3383.078827370406,0.0009448007423395434
2020-02-24 15:48:00,3374.6313894104105,0.000953257482729404
2020-02-24 15:49:00,3370.790837751193,0.0009675391603638236
2020-02-24 15:50:00,3375.2494789137577,0.0009259301181271338
2020-02-24 15:51:00,3376.6599134057738,0.000889985127341116
2020-02-24 15:52:00,3380.279509378493,0.0008926337930963945
2020-02-24 15:53:00,3376.4928867036706,0.0009324607858985314
2020-02-24 15:54:00,3378.3281698580286,0.0008809599477118739
2020-02-24 15:55:00,3379.724293310017,0.0008259833009469683
2020-02-24 15:56:00,3380.5596675024976,0.0008272220934714373
2020-02-24 15:57:00,3374.6694525730663,0.0008411067454372981
2020-02-24 15:58:00,3368.0714596451894,0.0008642651277836303
2020-02-24 15:59:00,3369.2218438599816,0.0008577693240888037
2020-02-24 16:00:00,3371.6981343226576,0.0008700422234424759
2020-02-24 16:01:00,3374.727812666598,0.0008098782348161223
2020-02-24 16:02:00,3373.2200039300396,0.0007665030523483186
2020-02-24 16:03:00,3372.8423031935663,0.0008148982142000278
2020-02-24 16:04:00,3375.7085661727383,0.000749769901596937
2020-02-24 16:05:00,3377.422159526186,0.0007678328520847348
2020-02-24 16:06:00,3374.9096636515014,0.0007296768494410794
2020-02-24 16:07:00,3376.1100119162293,0.0007446957868919788
2020-02-24 16:08:00,3374.1468008847864,0.0007215821353901802
2020-02-24 16:09:00,3375.7802558922285,0.0006535462582553445
2020-02-24 16:10:00,3372.70902227764,0.0005865895249571395
2020-02-24 16:11:00,3373.0882242967878,0.0004806706556912642
2020-02-24 16:12:00,3371.218612238184,0.0005031005573891928
2020-02-24 16:13:00,3370.325421031537,0.0005235206522764906
2020-02-24 16:14:00,3372.101320931638,0.0005725647119780621
2020-02-24 16:15:00,3372.106526185003,0.0005892068688753441
2020-02-24 16:16:00,3367.545491574984,0.000636077762537852
2020-02-24 16:17:00,3368.70007667314,0.0006303983186832568
2020-02-24 16:18:00,3369.9415060694196,0.0006777114548794346
2020-02-24 16:19:00,3369.0444628360774,0.0007016335441317184
2020-02-24 16:20:00,3372.763651925636,0.0007347408456239095
2020-02-24 16:21:00,3375.9087166903732,0.0007081832189881356
2020-02-24 16:22:00,3373.9826590696593,0.000701411006116227
2020-02-24 16:23:00,3374.855237053659,0.0007329304628471767
2020-02-24 16:24:00,3376.6740747235403,0.000760676228533705
2020-02-24 16:25:00,3376.360100362389,0.0007541673315085458
2020-02-24 16:26:00,3372.3247273818934,0.0007924743958718062
2020-02-24 16:27:00,3374.759512033827,0.0008049239207558196
2020-02-24 16:28:00,3370.7192138018563,0.0008442681936906704
2020-02-24 16:29:00,3370.094564953783,0.0008270349284656822
2020-02-24 16:30:00,3368.585605515468,0.0008347205407747014
2020-02-24 16:31:00,3368.4178667071574,0.0008131131628476399
2020-02-24 16:32:00,3367.9029617150013,0.0007872851811569165
2020-02-24 16:33:00,3366.916550688081,0.0008038202460238789
2020-02-24 16:34:00,3363.867470576792,0.0008128184406327548
2020-02-24 16:35:00,3364.7280535114014,0.0008309580853036567
2020-02-24 16:36:00,3365.924689872385,0.0008184781618781491
2020-02-24 16:37:00,3368.6130913384677,0.0008001321560492914
2020-02-24 16:38:00,3366.2698029009566,0.0007771446462758665
2020-02-24 16:39:00,3369.6646631353815,0.000805570371254215
2020-02-24 16:40:00,3370.565275938881,0.0008487411509590782
2020-02-24 16:41:00,3371.9718339457186,0.0007945516668790473
2020-02-24 16:42:00,3369.172288053192,0.0007281009435723064
2020-02-24 16:43:00,3371.773478259199,0.0007429409742199485
2020-02-24 16:44:00,3377.268854712158,0.0007898926343987199
2020-02-24 16:45:00,3381.943354911578,0.0007737266631157398
2020-02-24 16:46:00,3385.127954686601,0.0007601129100450366
2020-02-24 16:47:00,3386.1686629433634,0.0007421377887016487
2020-02-24 16:48:00,3384.901855509358,0.0006557561217107855
2020-02-24 16:49:00,3385.4455561536697,0.0006724511361671044
2020-02-24 16:50:00,3386.304625225395,0.0005990174688636569
2020-02-24 16:51:00,3387.220084005797,0.0005294975686755277
2020-02-24 16:52:00,3386.5835451512385,0.0004947424048789138
2020-02-24 16:53:00,3385.0316195317137,0.0004944269309898357
2020-02-24 16:54:00,3385.013595735595,0.0004903230376694246
2020-02-24 16:55:00,3385.141044561094,0.00046233457403463846
2020-02-24 16:56:00,3384.1072064528626,0.00047192265614181715
2020-02-24 16:57:00,3382.9233530592874,0.0004960994241817027
2020-02-24 16:58:00,3385.360802973172,0.0004835253809038599
2020-02-24 16:59:00,3386.094784978007,0.00045107827470029224
2020-02-24 17:00:00,3386.143728738625,0.000477938775525472
2020-02-24 17:01:00,3385.6640987621,0.000535079644702426
2020-02-24 17:02:00,3386.486985456787,0.0005147530484787788
2020-02-24 17:03:00,3386.86153065256,0.0005291173698428657
2020-02-24 17:04:00,3387.0137547900003,0.0005670968677721712
2020-02-24 17:05:00,3386.4413960413235,0.00058757965978535
2020-02-24 17:06:00,3384.8984176847202,0.0005618730035728591
2020-02-24 17:07:00,3382.2117762798225,0.0005242405285589313
2020-02-24 17:08:00,3386.445598121932,0.0005559331035791652
2020-02-24 17:09:00,3387.186666650192,0.0005431303511840141
2020-02-24 17:10:00,3388.3821365112326,0.0005320433554075146
2020-02-24 17:11:00,3388.783820306732,0.0004672995363656815
2020-02-24 17:12:00,3387.181382374102,0.0004346500502702764
2020-02-24 17:13:00,3387.898109813077,0.0004006234201028313
2020-02-24 17:14:00,3385.496080075033,0.000389505625814367
2020-02-24 17:15:00,3385.368606981958,0.00039652947880989637
2020-02-24 17:16:00,3384.2447923300087,0.0004209444667773073
2020-02-24 17:17:00,3384.9082823300832,0.0003752849731447749
2020-02-24 17:18:00,3386.7348687176395,0.00030365312079614953
2020-02-24 17:19:00,3387.6009123621075,0.00032618811725280934
2020-02-24 17:20:00,3389.127358781125,0.00033226262125347016
2020-02-24 17:21:00,3389.275829114773,0.0003520817912725788
2020-02-24 17:22:00,3391.3854636440974,0.0003147962097303984
2020-02-24 17:23:00,3390.9083779105513,0.00032248838423486935
2020-02-24 17:24:00,3390.6382804240966,0.0004390771863999661
2020-02-24 17:25:00,3389.477570891365,0.0004169495854056913
2020-02-24 17:26:00,3389.0597229617197,0.0003937485598757419
2020-02-24 17:27:00,3388.2645860215816,0.000337624732687426
2020-02-24 17:28:00,3389.05508072822,0.0003197621155422028
2020-02-24 17:29:00,3389.6017113484418,0.00030918452569928255
2020-02-24 17:30:00,3392.372410508114,0.00035661263415967905
2020-02-24 17:31:00,3391.928153486639,0.0002909373742373289
2020-02-24 17:32:00,3391.760836865806,0.00029442027857682653
2020-02-24 17:33:00,3392.9270073718867,0.00021870533869684677
2020-02-24 17:34:00,3393.968866296454,0.000280141788669525
2020-02-24 17:35:00,3392.0664627605584,0.00039570999511204317
2020-02-24 17:36:00,3392.493310985896,0.00045254759015498974
2020-02-24 17:37:00,3393.1504264532473,0.0004839740388480143
2020-02-24 17:38:00,3390.0875734040537,0.0005616828803362905
2020-02-24 17:39:00,3390.861935905029,0.0005765995380296372
2020-02-24 17:40:00,3391.2705017802346,0.0005384598831915065
2020-02-24 17:41:00,3391.820549961944,0.0005431081977570866
2020-02-24 17:42:00,3391.593745969964,0.0005901252371101771
2020-02-24 17:43:00,3390.2127752667957,0.0006042337230870444
2020-02-24 17:44:00,3392.9466846211185,0.0005589006219703524
2020-02-24 17:45:00,3392.759767241817,0.0005400439052869396
2020-02-24 17:46:00,3393.4341509400274,0.0006044952343832185
2020-02-24 17:47:00,3395.1028007362574,0.0006519321705854664
2020-02-24 17:48:00,3398.2525169742485,0.0006611476388367785
2020-02-24 17:49:00,3403.0843392514366,0.0006861213510635256
2020-02-24 17:50:00,3402.872497824671,0.0006964366896389987
2020-02-24 17:51:00,3405.438961110746,0.0007710569736996731
2020-02-24 17:52:00,3398.4909410327755,0.0008563941667602363
2020-02-24 17:53:00,3397.150588784555,0.0008899795872248338
2020-02-24 17:54:00,3399.5118504910024,0.0008979639977248766
2020-02-24 17:55:00,3399.9948765523077,0.0007988738543971445
2020-02-24 17:56:00,3397.854430876308,0.0007821969991858504
2020-02-24 17:57:00,3397.1537178713565,0.0008098222389135482
2020-02-24 17:58:00,3398.3811880623357,0.0008457236153601543
2020-02-24 17:59:00,3398.320373270816,0.0008376394650417215
2020-02-24 18:00:00,3399.893529439716,0.0007769638172564225
2020-02-24 18:01:00,3400.5138582459826,0.00075697582829406
2020-02-24 18:02:00,3399.9546158601806,0.0007739802251314896
2020-02-24 18:03:00,3404.544540967963,0.0007781020868303746
2020-02-24 18:04:00,3405.437007085017,0.0008050939890355349
2020-02-24 18:05:00,3402.922292838514,0.0007792271986582609
2020-02-24 18:06:00,3402.085457656272,0.0007753889726307726
2020-02-24 18:07:00,3406.5124281592325,0.0007887797654341718
2020-02-24 18:08:00,3407.2566710778447,0.0008389697959533151
2020-02-24 18:09:00,3410.626082367857,0.0008396761704981815
2020-02-24 18:10:00,3410.874343797007,0.0008218517064704737
2020-02-24 18:11:00,3407.058683063809,0.0008871470206769901
2020-02-24 18:12:00,3407.6055113477328,0.0008988617612767833
2020-02-24 18:13:00,3410.5744781429257,0.00076031123782759
2020-02-24 18:14:00,3408.505159369204,0.0007213877555121794
2020-02-24 18:15:00,3404.88371487701,0.0006945381719148504
2020-02-24 18:16:00,3406.0101213218536,0.0006779584652036666
2020-02-24 18:17:00,3407.668442768139,0.0006606779749641332
2020-02-24 18:18:00,3412.5396703688484,0.0006853750134457378
2020-02-24 18:19:00,3410.6387056630333,0.0006006272547141272
2020-02-24 18:20:00,3411.991507010589,0.0005517335646545394
2020-02-24 18:21:00,3410.5533035551794,0.000533056241204464
2020-02-24 18:22:00,3409.143386759651,0.000581757121786784
2020-02-24 18:23:00,3408.395078741383,0.0005470647979215545
2020-02-24 18:24:00,3410.173038680501,0.0005228013357507199
2020-02-24 18:25:00,3409.214302544723,0.0005082562623311908
2020-02-24 18:26:00,3409.874432807021,0.0003921336251784137
2020-02-24 18:27:00,3411.149055285035,0.0004569823439528756
2020-02-24 18:28:00,3408.3612940997996,0.0004915858221327745
2020-02-24 18:29:00,3411.025803541155,0.0005140713875311546
2020-02-24 18:30:00,3410.493452830854,0.0005344246487976419
2020-02-24 18:31:00,3408.2407335915163,0.0005341386959985889
2020-02-24 18:32:00,3408.2134588347312,0.0005532793292939365
2020-02-24 18:33:00,3409.6069002951067,0.0005334985668218925
2020-02-24 18:34:00,3408.273857456371,0.0005596390312532113
2020-02-24 18:35:00,3409.7637738953877,0.0006100163822178891
2020-02-24 18:36:00,3410.744593863252,0.0005866513269853214
2020-02-24 18:37:00,3414.1399595605576,0.0005731921198166678
2020-02-24 18:38:00,3416.5174455400747,0.000599656880072443
2020-02-24 18:39:00,3413.0951744486333,0.0006513435523529565
2020-02-24 18:40:00,3418.17264167358,0.0006083503614520722
2020-02-24 18:41:00,3418.4287521725732,0.0006018998816837054
2020-02-24 18:42:00,3416.3793869265924,0.0006085630465432761
2020-02-24 18:43:00,3420.3643945734807,0.0005421405578846069
2020-02-24 18:44:00,3415.1204930721656,0.0006153003266870791
2020-02-24 18:45:00,3415.951596647809,0.0005783246000129897
2020-02-24 18:46:00,3416.0548892102274,0.0005883515199671787
2020-02-24 18:47:00,3412.7592470326435,0.0006255547323449195
2020-02-24 18:48:00,3413.6533942211427,0.0005503914335418675
2020-02-24 18:49:00,3413.3655687604346,0.0005783500459039976
2020-02-24 18:50:00,3411.417018152052,0.0005473928961083833
2020-02-24 18:51:00,3410.91716744107,0.0005450925084436463
2020-02-24 18:52:00,3407.425023942258,0.0005397465710681256
2020-02-24 18:53:00,3407.1619444956195,0.0005876711565338013
2020-02-24 18:54:00,3404.9430177818426,0.0005666167141942104
2020-02-24 18:55:00,3406.2123681232856,0.0005261127372411456
2020-02-24 18:56:00,3405.0070012547926,0.0005316849852351097
2020-02-24 18:57:00,3403.86217919814,0.0005418224109280666
2020-02-24 18:58:00,3403.7361496771982,0.0005356542913313204
2020-02-24 18:59:00,3402.31017336108,0.000505285714805799
2020-02-24 19:00:00,3400.553930722344,0.0005610108530830927
2020-02-24 19:01:00,3398.628262331759,0.0005515277695019472
2020-02-24 19:02:00,3396.695782430794,0.000534445740226066
2020-02-24 19:03:00,3392.4663668975927,0.0005908607473388732
2020-02-24 19:04:00,3391.974326357234,0.0006279614493483202
2020-02-24 19:05:00,3390.7479753454604,0.0006423639343486829
2020-02-24 19:06:00,3394.245839790138,0.00060951385840476
2020-02-24 19:07:00,3396.7019455871764,0.0006741922350113012
2020-02-24 19:08:00,3398.0074070211667,0.0007491109994435259
2020-02-24 19:09:00,3397.688631149412,0.0007583501270867714
2020-02-24 19:10:00,3396.844089145472,0.000716394270889712
2020-02-24 19:11:00,3398.159897019583,0.0006895938937465896
2020-02-24 19:12:00,3398.1583721942243,0.0007958551860149166
2020-02-24 19:13:00,3396.1615726535983,0.0008154762703072106
2020-02-24 19:14:00,3395.3331019999796,0.0008253602678788316
2020-02-24 19:15:00,3400.04066924022,0.0007843879413881146
2020-02-24 19:16:00,3398.3606658874673,0.0007416963303236983
2020-02-24 19:17:00,3394.1546187879844,0.0007469028242326164
2020-02-24 19:18:00,3389.6135244690254,0.0007406651442376413
2020-02-24 19:19:00,3390.7131902660685,0.0007899885808851046
2020-02-24 19:20:00,3393.708755735791,0.0007926359120851676
2020-02-24 19:21:00,3393.694795420163,0.0008031381588215609
2020-02-24 19:22:00,3395.103615394889,0.0008413189788436566
2020-02-24 19:23:00,3400.6571404644237,0.00084978773088466
2020-02-24 19:24:00,3399.5157423849746,0.0007881717146244376
2020-02-24 19:25:00,3398.4622715794176,0.0008592759210180202
2020-02-24 19:26:00,3395.4587697686493,0.000857778589460391
2020-02-24 19:27:00,3395.0073277251363,0.0008534939190079429
2020-02-24 19:28:00,3389.9895226477993,0.0008221200772936019
2020-02-24 19:29:00,3385.1896060259005,0.000772289560617075
2020-02-24 19:30:00,3385.5823794125545,0.0007560230616342679
2020-02-24 19:31:00,3385.0419136532983,0.0007604844268946237
2020-02-24 19:32:00,3386.179149471651,0.0007827493905670251
2020-02-24 19:33:00,3389.5754403623614,0.0007912781263093315
2020-02-24 19:34:00,3390.556103545233,0.0008340132558493152
2020-02-24 19:35:00,3392.817330519328,0.0007893348315826553
2020-02-24 19:36:00,3395.4426587711255,0.0007993615196220137
2020-02-24 19:37:00,3393.642606894189,0.000812152309131442
2020-02-24 19:38:00,3389.7111235099123,0.0008043598196846252
2020-02-24 19:39:00,3392.8901718795955,0.0008096460625194939
2020-02-24 19:40:00,3392.2990836198414,0.000739738001081691
2020-02-24 19:41:00,3389.6449846248274,0.00082580043088113
2020-02-24 19:42:00,3392.1226438443305,0.0007884390665739779
2020-02-24 19:43:00,3392.8476532257,0.0007982885805938828
2020-02-24 19:44:00,3393.671139380082,0.0007933052775007831
2020-02-24 19:45:00,3391.673447156153,0.0008168952844262468
2020-02-24 19:46:00,3394.7609728559346,0.0008478138033178307
2020-02-24 19:47:00,3396.0731515540933,0.000863120672008925
2020-02-24 19:48:00,3391.3250480643396,0.0009175851695751394
2020-02-24 19:49:00,3388.606616616903,0.0009225071834220443
2020-02-24 19:50:00,3389.2106509650253,0.0008351066613772729
2020-02-24 19:51:00,3390.3671324434813,0.0007913003471468373
2020-02-24 19:52:00,3391.0203232790727,0.0007799184187110998
2020-02-24 19:53:00,3388.625705795361,0.0007393885963545859
2020-02-24 19:54:00,3389.6376085149177,0.000812994582699262
2020-02-24 19:55:00,3389.1165801811176,0.0008218196827362768
2020-02-24 19:56:00,3389.9957104569344,0.0008595668336713017
2020-02-24 19:57:00,3388.52248207787,0.0009222806844963609
2020-02-24 19:58:00,3389.3293556751946,0.0008850390233216741
2020-02-24 19:59:00,3389.9854424840964,0.0009696288492110825
2020-02-25 13:30:00,3418.2411494938688,0.000962709564137913
2020-02-25 13:31:00,3421.755335755231,0.0010536887466290861
2020-02-25 13:32:00,3416.6749050132435,0.0010783951132842945
2020-02-25 13:33:00,3411.0929594783875,0.0010644801961854833
2020-02-25 13:34:00,3406.2392421604595,0.0011021870705508101
2020-02-25 13:35:00,3411.499383047535,0.0011578436349395814
2020-02-25 13:36:00,3411.581698098155,0.0011473672277024184
2020-02-25 13:37:00,3407.108887438784,0.0011812085251896953
2020-02-25 13:38:00,3409.4496694047316,0.0011492851545889249
2020-02-25 13:39:00,3415.3732522010514,0.0011208695477830715
2020-02-25 13:40:00,3413.716818459084,0.0010985150361395974
2020-02-25 13:41:00,3419.5765942161947,0.001131561745551013
2020-02-25 13:42:00,3416.008919932524,0.0011350286378561713
2020-02-25 13:43:00,3418.0405103814223,0.0011301811817106796
2020-02-25 13:44:00,3418.8594194638713,0.0011114548394257487
2020-02-25 13:45:00,3418.1496671368714,0.0010933601086113131
2020-02-25 13:46:00,3421.7028042328234,0.0010486564320755685
2020-02-25 13:47:00,3419.3271451288674,0.0010812039454876276
2020-02-25 13:48:00,3422.6027175857457,0.001122253527893635
2020-02-25 13:49:00,3422.2880883531766,0.0011618612951976354
2020-02-25 13:50:00,3420.310436222336,0.0012134561417833313
2020-02-25 13:51:00,3420.855299835898,0.0011704220548157764
2020-02-25 13:52:00,3423.977337689334,0.001267952386971383
2020-02-25 13:53:00,3424.6853771725546,0.0012397730507771067
2020-02-25 13:54:00,3417.5177965184125,0.0012071977683654207
2020-02-25 13:55:00,3416.416023769629,0.0012367535425034156
2020-02-25 13:56:00,3410.5718501475335,0.001150934833325261
2020-02-25 13:57:00,3407.079172723579,0.0011654668683538129
2020-02-25 13:58:00,3401.788419566395,0.001154850993264237
2020-02-25 13:59:00,3399.617882402808,0.0011010344130348536
2020-02-25 14:00:00,3401.850375217078,0.0011171007055006093
2020-02-25 14:01:00,3403.031977059318,0.0011066920194017428
2020-02-25 14:02:00,3404.2604462382164,0.0010538577261471893
2020-02-25 14:03:00,3409.2572984339686,0.0010742000880698372
2020-02-25 14:04:00,3407.322389030538,0.001032970165933799
2020-02-25 14:05:00,3405.5527135084767,0.0010520564240433714
2020-02-25 14:06:00,3405.570311965573,0.0010427502355394166
2020-02-25 14:07:00,3404.129949088504,0.0009445312589012276
2020-02-25 14:08:00,3402.693733304151,0.0008898699032416238
2020-02-25 14:09:00,3405.7707874658204,0.000860765355680296
2020-02-25 14:10:00,3405.3464176350712,0.0007868507582586763
2020-02-25 14:11:00,3403.927262881226,0.0007279329774351503
2020-02-25 14:12:00,3405.585727629465,0.0007862341118950731
2020-02-25 14:13:00,3405.8519247968607,0.0008149247294008103
2020-02-25 14:14:00,3404.6596220791785,0.0008405681460043159
2020-02-25 14:15:00,3404.542279329649,0.0008295145103198645
2020-02-25 14:16:00,3403.944626908363,0.0008581511861020785
2020-02-25 14:17:00,3400.752656060021,0.0008853074611857766
2020-02-25 14:18:00,3401.174309719486,0.0008921148080772164
2020-02-25 14:19:00,3402.9809289114264,0.0008998041267992308
2020-02-25 14:20:00,3399.556449445571,0.0009118969110128097
2020-02-25 14:21:00,3402.1439909975475,0.0008831173482044207
2020-02-25 14:22:00,3401.7410779244883,0.0008638065590747088
2020-02-25 14:23:00,3407.5340500146613,0.0008746823866207657
2020-02-25 14:24:00,3405.810530005138,0.000903245153696043
2020-02-25 14:25:00,3401.381772674677,0.0009255424877938835
2020-02-25 14:26:00,3400.4204321828797,0.0009374327716817909
2020-02-25 14:27:00,3402.841460639227,0.0008821929329107969
2020-02-25 14:28:00,3403.0786913218935,0.0009085488390597356
2020-02-25 14:29:00,3400.8475134188525,0.0009418769444839111
2020-02-25 14:30:00,3401.393941837443,0.0008985035478393574
2020-02-25 14:31:00,3402.101394401923,0.0009515107891872238
2020-02-25 14:32:00,3401.1159415874895,0.0009643307794202054
2020-02-25 14:33:00,3403.4622216800058,0.0009769408082149287
2020-02-25 14:34:00,3397.0017403243983,0.0009915311069278875
2020-02-25 14:35:00,3401.3289807372494,0.0009209382495393884
2020-02-25 14:36:00,3399.206828651888,0.0009160063940662891
2020-02-25 14:37:00,3401.9967244536097,0.0008700334468787732
2020-02-25 14:38:00,3398.636657333553,0.0008592782666350508
2020-02-25 14:39:00,3397.9509041656593,0.0008665259712330296
2020-02-25 14:40:00,3399.421233508135,0.0008837232066435666
2020-02-25 14:41:00,3399.743672256039,0.0008892645657827641
2020-02-25 14:42:00,3399.073970359547,0.0008939301437648944
2020-02-25 14:43:00,3396.6941807906337,0.000853378910789403
2020-02-25 14:44:00,3397.0062883633354,0.000853608278303278
2020-02-25 14:45:00,3394.1899507243793,0.0007893117931949504
2020-02-25 14:46:00,3393.2947023472916,0.0008269980420058564
2020-02-25 14:47:00,3390.966402166563,0.0008265443251541287
2020-02-25 14:48:00,3387.05761031008,0.0008383863888760888
2020-02-25 14:49:00,3387.2490684770196,0.0008570717098819555
2020-02-25 14:50:00,3387.0528297677342,0.0008833389795874311
2020-02-25 14:51:00,3389.256315558686,0.0008606126148449081
2020-02-25 14:52:00,3382.3144049657385,0.0009038988502563122
2020-02-25 14:53:00,3383.827027126388,0.0008868188995621904
2020-02-25 14:54:00,3384.6587954079514,0.0009572537397887367
2020-02-25 14:55:00,3383.746669633121,0.0009925462374872757
2020-02-25 14:56:00,3381.287501458003,0.0010487185200351104
2020-02-25 14:57:00,3377.7752830732447,0.0009283125253841188
2020-02-25 14:58:00,3379.151680746538,0.0010053987000697678
2020-02-25 14:59:00,3376.5156688041093,0.0010731350016238911
2020-02-25 15:00:00,3376.9017071167677,0.0010492360633879182
2020-02-25 15:01:00,3376.2207676536323,0.0010502537002091102
2020-02-25 15:02:00,3380.432574408426,0.0010578272799675662
2020-02-25 15:03:00,3381.2092844726217,0.001044595473145121
2020-02-25 15:04:00,3382.7208248320508,0.0010627529206108743
2020-02-25 15:05:00,3384.2156092538357,0.001045746271767556
2020-02-25 15:06:00,3383.031017608368,0.0011161727624329808
2020-02-25 15:07:00,3387.2706793340385,0.0010865194572665417
2020-02-25 15:08:00,3382.6491159832335,0.0010687054429594132
2020-02-25 15:09:00,3377.773150639174,0.0010760468212671604
2020-02-25 15:10:00,3373.564835565117,0.0010216887772150137
2020-02-25 15:11:00,3371.44511490423,0.0010428185265376764
2020-02-25 15:12:00,3371.865811069059,0.0010121215315538209
2020-02-25 15:13:00,3370.30721036515,0.0009871846330919243
2020-02-25 15:14:00,3370.3550357330873,0.0009840954987817873
2020-02-25 15:15:00,3366.16175856913,0.000992390909493321
2020-02-25 15:16:00,3364.718396834846,0.000938116423192948
2020-02-25 15:17:00,3365.973336298563,0.0009969532552442754
2020-02-25 15:18:00,3359.231432125224,0.000940112898420759
2020-02-25 15:19:00,3352.581250104265,0.0008896272341126879
2020-02-25 15:20:00,3356.943004535128,0.0009119845389706729
2020-02-25 15:21:00,3356.667003386983,0.0008611038811041697
2020-02-25 15:22:00,3355.776032732578,0.0008039312713258999
2020-02-25 15:23:00,3354.4397798184905,0.0007807924403178778
2020-02-25 15:24:00,3357.8713475112786,0.0007935407595301709
2020-02-25 15:25:00,3358.9017778832404,0.000834326902244278
2020-02-25 15:26:00,3361.265111161703,0.0008543643272580542
2020-02-25 15:27:00,3364.156042423924,0.0007989080099053844
2020-02-25 15:28:00,3359.3143804358187,0.0007922268664886534
2020-02-25 15:29:00,3360.28005104623,0.0008221988705368817
2020-02-25 15:30:00,3363.9124042763597,0.0008058600532582671
2020-02-25 15:31:00,3363.460284130151,0.0008381935591357204
2020-02-25 15:32:00,3363.882386298446,0.0008909739434544049
2020-02-25 15:33:00,3366.9916006615663,0.0008917253609397542
2020-02-25 15:34:00,3370.3112041047257,0.0009122669580888961
2020-02-25 15:35:00,3374.705989623935,0.0009057231353797912
2020-02-25 15:36:00,3376.6935329269195,0.000915268441599173
2020-02-25 15:37:00,3372.3980013427527,0.0009288047142483691
2020-02-25 15:38:00,3370.4241192786913,0.000872893040493076
2020-02-25 15:39:00,3372.527105848107,0.0008422565090283211
2020-02-25 15:40:00,3372.547181111027,0.0008529265085191257
2020-02-25 15:41:00,3375.603986822558,0.0008689021086415383
2020-02-25 15:42:00,3376.6637054324187,0.0009233386723498129
2020-02-25 15:43:00,3374.666450184052,0.0009265179273171367
2020-02-25 15:44:00,3376.686470636653,0.0009478631550494042
2020-02-25 15:45:00,3380.0956313410884,0.0009392310688388488
2020-02-25 15:46:00,3380.285113399481,0.0009683953542192819
2020-02-25 15:47:00,3385.042208979737,0.0010015152155450414
2020-02-25 15:48:00,3386.1410192042536,0.001013356033116495
2020-02-25 15:49:00,3384.990103522121,0.001024301490953637
2020-02-25 15:50:00,3386.5984782596315,0.0010633366607132443
2020-02-25 15:51:00,3381.6881654921813,0.001059765793628233
2020-02-25 15:52:00,3379.149018769227,0.0010076260263434088
2020-02-25 15:53:00,3379.240000228421,0.0009722916160226445
2020-02-25 15:54:00,3379.078514286069,0.0009480003702411091
2020-02-25 15:55:00,3382.518409473248,0.0009407106652075458
2020-02-25 15:56:00,3387.073841067843,0.0009224148580635526
2020-02-25 15:57:00,3384.69353359428,0.000936921879552195
2020-02-25 15:58:00,3390.850251509018,0.0009356610850755688
2020-02-25 15:59:00,3390.5072776897096,0.0009804784337644394
2020-02-25 16:00:00,3395.7595655949553,0.000987998463398136
2020-02-25 16:01:00,3401.0059355600165,0.0010195502900851817
2020-02-25 16:02:00,3394.54442620873,0.0009795585995394376
2020-02-25 16:03:00,3387.848822368864,0.0009766111827178225
2020-02-25 16:04:00,3391.8457335025573,0.0009969583738557099
2020-02-25 16:05:00,3391.422100228009,0.001005818239757629
2020-02-25 16:06:00,3393.204801435262,0.0010294786733318368
2020-02-25 16:07:00,3386.572549047839,0.001034276252591944
2020-02-25 16:08:00,3380.6405247137045,0.0009250705642564668
2020-02-25 16:09:00,3383.5845111700123,0.0009631988067548244
2020-02-25 16:10:00,3379.4810193822564,0.0009291572905462712
2020-02-25 16:11:00,3381.433826332544,0.0009285638635475525
2020-02-25 16:12:00,3376.867445404587,0.000849680697215668
2020-02-25 16:13:00,3378.1517981465418,0.0008346942362330477
2020-02-25 16:14:00,3378.3392954511737,0.0007820971168405167
2020-02-25 16:15:00,3381.030282494945,0.0007340362019956204
2020-02-25 16:16:00,3382.5207208091138,0.00079825236295041
2020-02-25 16:17:00,3379.3067418313526,0.0007350069957519408
2020-02-25 16:18:00,3379.9181233536788,0.0007015018572437605
2020-02-25 16:19:00,3379.764812108573,0.000603103710336968
2020-02-25 16:20:00,3380.8306415170628,0.0005800305414844917
2020-02-25 16:21:00,3381.066041121316,0.0006065436274647744
2020-02-25 16:22:00,3383.4737048715733,0.0006077890051740574
2020-02-25 16:23:00,3384.052390574665,0.0006138233679811448
2020-02-25 16:24:00,3384.674392283833,0.0006407435465479051
2020-02-25 16:25:00,3386.24538705008,0.0006132426596290448
2020-02-25 16:26:00,3385.927398349752,0.0005491336028458806
2020-02-25 16:27:00,3385.8609298506385,0.00055529837838981
2020-02-25 16:28:00,3383.972424625302,0.0005894389463329793
2020-02-25 16:29:00,3387.386524280013,0.0005718227973591416
2020-02-25 16:30:00,3389.4624505428847,0.0005776473387384743
2020-02-25 16:31:00,3393.3919026910617,0.000586378427718169
2020-02-25 16:32:00,3393.7360073610034,0.0005949385280629582
2020-02-25 16:33:00,3394.1915604561937,0.0005659684062304067
2020-02-25 16:34:00,3395.506748044693,0.0004794697396192152
2020-02-25 16:35:00,3396.1573429758496,0.0004335253569418796
2020-02-25 16:36:00,3395.48141223722,0.0004183944674582686
2020-02-25 16:37:00,3396.0878142769056,0.00042340738010431054
2020-02-25 16:38:00,3394.8025573818395,0.00040481164799627663
2020-02-25 16:39:00,3395.5550776768014,0.0004223747169546167
2020-02-25 16:40:00,3391.4097371331723,0.000422464403859987
2020-02-25 16:41:00,3391.0512738002103,0.0004292545403883995
2020-02-25 16:42:00,3389.022839633202,0.00041368780780314055
2020-02-25 16:43:00,3390.3039527693036,0.0005122120104696436
2020-02-25 16:44:00,3389.698590379623,0.0005882252119610781
2020-02-25 16:45:00,3387.8227317478113,0.000568055856704106
2020-02-25 16:46:00,3388.5771285579485,0.0005329021004404423
2020-02-25 16:47:00,3389.984045532883,0.0005856209359769835
2020-02-25 16:48:00,3391.27384936918,0.0005632087465717493
2020-02-25 16:49:00,3391.8781418407734,0.0006060731778147729
2020-02-25 16:50:00,3389.651601870888,0.0005835208689503442
2020-02-25 16:51:00,3389.3671434899557,0.0005790624151053947
2020-02-25 16:52:00,3390.9791898923168,0.0005726013109890894
2020-02-25 16:53:00,3387.5469674693463,0.0004987636016664692
2020-02-25 16:54:00,3387.2016576810047,0.000498572202037155
2020-02-25 16:55:00,3386.5211115539405,0.0004894330165561783
2020-02-25 16:56:00,3385.8600050800283,0.0004192126487461965
2020-02-25 16:57:00,3386.9818864830304,0.00044371363814071707
2020-02-25 16:58:00,3387.4378141127963,0.0004066120083752717
2020-02-25 16:59:00,3388.617465105298,0.00042697451552626355
2020-02-25 17:00:00,3387.516518794852,0.00040824967144959386
2020-02-25 17:01:00,3387.5321434489506,0.00034668537812868007
2020-02-25 17:02:00,3387.7366708953464,0.0003379069157171927
2020-02-25 17:03:00,3389.6365303345297,0.0003086028425882066
2020-02-25 17:04:00,3391.2602809829755,0.0002763777638853426
2020-02-25 17:05:00,3390.236032639029,0.00019947945494917037
2020-02-25 17:06:00,3390.586663678558,0.0002447313496999078
2020-02-25 17:07:00,3391.021225792505,0.0002279929377123749
2020-02-25 17:08:00,3391.517156074216,0.00028800896583790306
2020-02-25 17:09:00,3392.1794076041656,0.00020059026695944083
2020-02-25 17:10:00,3392.356090011537,0.00021459715267282075
2020-02-25 17:11:00,3392.106483070793,0.00020742188757456732
2020-02-25 17:12:00,3390.80802712931,0.00018389934983538018
2020-02-25 17:13:00,3391.5926378045624,0.00017753038349425086
2020-02-25 17:14:00,3391.3189394841565,0.00019042680345814227
2020-02-25 17:15:00,3391.381333835187,0.00015898717650911941
2020-02-25 17:16:00,3391.1513600652256,0.00014550376821255038
2020-02-25 17:17:00,3391.5094047948232,0.00013416088521956337
2020-02-25 17:18:00,3392.149109130744,0.00018249345410425858
2020-02-25 17:19:00,3393.1030699422217,0.0001764986399406543
2020-02-25 17:20:00,3393.060108362714,0.00015702186455320707
2020-02-25 17:21:00,3392.9538761811677,0.00014840042210060604
2020-02-25 17:22:00,3393.032214395186,0.00012839625501420303
2020-02-25 17:23:00,3392.8557134925013,0.00018928895352174585
2020-02-25 17:24:00,3393.7024503595567,0.00016268961166689114
2020-02-25 17:25:00,3394.089641783973,0.0002138528897704819
2020-02-25 17:26:00,3394.091571623162,0.0002230814147100196
2020-02-25 17:27:00,3392.6244081924237,0.00030086404236835576
2020-02-25 17:28:00,3391.803782035129,0.00031320635370824055
2020-02-25 17:29:00,3392.466850511673,0.00026374956708754085
2020-02-25 17:30:00,3393.5545902161234,0.00027164016292063854
2020-02-25 17:31:00,3393.6106823386917,0.0002506805066165779
2020-02-25 17:32:00,3393.55068665057,0.00026092489624251217
2020-02-25 17:33:00,3394.5806945591835,0.00021556969395723378
2020-02-25 17:34:00,3395.0286820677798,0.00023050986100493513
2020-02-25 17:35:00,3395.794540526855,0.00022548001352741445
2020-02-25 17:36:00,3397.1858755176195,0.0002444804419475974
2020-02-25 17:37:00,3397.2622179721543,0.00021191914740425566
2020-02-25 17:38:00,3398.2635954701714,0.0002455770172951715
2020-02-25 17:39:00,3396.8066993317275,0.00028882647109921254
2020-02-25 17:40:00,3396.358550222571,0.0002988880653122929
2020-02-25 17:41:00,3395.927921461208,0.0002413344025723543
2020-02-25 17:42:00,3396.469545543999,0.00019388873305720955
2020-02-25 17:43:00,3396.471143125739,0.00021435933733133014
2020-02-25 17:44:00,3397.01259256133,0.0002499686494273992
2020-02-25 17:45:00,3397.843748547156,0.0002209719920544119
2020-02-25 17:46:00,3399.4658999696776,0.00021346886664275726
2020-02-25 17:47:00,3399.0315617914157,0.00014736950625551722
2020-02-25 17:48:00,3399.107198901569,0.000130390240987859
2020-02-25 17:49:00,3399.4317356073248,0.0001549148478428457
2020-02-25 17:50:00,3399.151836977031,0.00011955650534920808
2020-02-25 17:51:00,3399.657926148802,0.00011843506883761038
2020-02-25 17:52:00,3399.258483862682,0.00012540878339803026
2020-02-25 17:53:00,3399.3620572476857,0.00010765020498734002
2020-02-25 17:54:00,3398.813928426632,9.211978034599671e-05
2020-02-25 17:55:00,3398.9464301942053,0.00011274713084393638
2020-02-25 17:56:00,3398.6484666595948,0.0001026909392227132
2020-02-25 17:57:00,3398.845719616738,5.81557853671315e-05
2020-02-25 17:58:00,3398.759481969462,6.831481897326663e-05
2020-02-25 17:59:00,3398.444738943964,6.576764599367658e-05
2020-02-25 18:00:00,3398.4967773713224,4.089559487092412e-05
2020-02-25 18:01:00,3398.483060967305,2.119255109943461e-05
2020-02-25 18:02:00,3398.300954345431,3.2216857797846485e-05
2020-02-25 18:03:00,3398.2383879238655,7.351628186419425e-05
2020-02-25 18:04:00,3398.156353691608,1.9502735648167102e-05
2020-02-25 18:05:00,3397.9514893556234,7.783369899682833e-05
2020-02-25 18:06:00,3397.6247894850867,0.0001313140546619425
2020-02-25 18:07:00,3397.6669524358877,7.482042450007873e-05
2020-02-25 18:08:00,3397.615681673955,5.942715414718572e-05
2020-02-25 18:09:00,3397.5418918869636,5.378658220420106e-07
2020-02-25 18:10:00,3397.469423532746,1e-10
2020-02-25 18:11:00,3397.166781956689,3.2470343449346626e-05
2020-02-25 18:12:00,3397.142810040703,3.853763700786426e-05
2020-02-25 18:13:00,3397.06670553434,4.4334911899919236e-05
2020-02-25 18:14:00,3396.6679255691965,3.7409531277448853e-05
2020-02-25 18:15:00,3396.714184232776,2.7303190425513038e-05
2020-02-25 18:16:00,3396.5814755450747,2.0471485682839545e-05
2020-02-25 18:17:00,3396.403853766074,2.980583351260981e-05
2020-02-25 18:18:00,3396.3707964131595,3.1449539488032714e-05
2020-02-25 18:19:00,3396.2611114519023,3.8283246714126246e-05
2020-02-25 18:20:00,3396.2471769567314,0.00011269963998272336
2020-02-25 18:21:00,3396.549328214648,0.00010713194178931803
2020-02-25 18:22:00,3396.2527182089298,0.00011225213041020355
2020-02-25 18:23:00,3395.9608603806764,0.00010770622337137755
2020-02-25 18:24:00,3395.942543482238,0.00016105042265052025
2020-02-25 18:25:00,3396.811251488554,0.00017538047928947285
2020-02-25 18:26:00,3396.6241197375066,0.00023684076380611307
2020-02-25 18:27:00,3394.9018417360694,0.00024179022740366326
2020-02-25 18:28:00,3395.020961624963,0.00020927328799756015
2020-02-25 18:29:00,3394.7729264272148,0.00020415096223675756
2020-02-25 18:30:00,3394.668379995413,0.00025132252047059257
2020-02-25 18:31:00,3394.832540331284,0.00032797879657119397
2020-02-25 18:32:00,3394.6509075093927,0.0003184617186101526
2020-02-25 18:33:00,3393.876291397789,0.00030877405923059845
2020-02-25 18:34:00,3394.821012329421,0.0003336965865246592
2020-02-25 18:35:00,3396.2993117839933,0.0003110257924730856
2020-02-25 18:36:00,3396.998076874683,0.0003408789354788938
2020-02-25 18:37:00,3395.7244913241657,0.00031132341317419
2020-02-25 18:38:00,3397.3776737298326,0.0003598380170921386
2020-02-25 18:39:00,3397.6860361674003,0.00035114571675861576
2020-02-25 18:40:00,3397.1524454233345,0.0003909164454128415
2020-02-25 18:41:00,3398.029775191952,0.00040987261348290216
2020-02-25 18:42:00,3399.0666376826553,0.00042392056124654484
2020-02-25 18:43:00,3397.810605981964,0.000374769959812718
2020-02-25 18:44:00,3398.2815746507436,0.00042596384546309235
2020-02-25 18:45:00,3396.857265674022,0.0003696081239271747
2020-02-25 18:46:00,3398.123085458998,0.0003460270384606281
2020-02-25 18:47:00,3398.057601047392,0.00036940614941742946
2020-02-25 18:48:00,3396.9619496428454,0.00036687410499768513
2020-02-25 18:49:00,3396.9551805895944,0.0003528888041303611
2020-02-25 18:50:00,3397.79702425545,0.0003481826629410416
2020-02-25 18:51:00,3397.346601956673,0.0003797411179780516
2020-02-25 18:52:00,3398.7362628688484,0.00040918789556970003
2020-02-25 18:53:00,3398.8061430895864,0.0003659973511244387
2020-02-25 18:54:00,3398.236223453345,0.00036055575552006294
2020-02-25 18:55:00,3399.1774088542156,0.0003362471645981539
2020-02-25 18:56:00,3398.059236869935,0.0003265167409299579
2020-02-25 18:57:00,3396.884921201416,0.00027460194723952886
2020-02-25 18:58:00,3397.4969777584083,0.00027096821136506674
2020-02-25 18:59:00,3397.2405164823717,0.00020703658319164652
2020-02-25 19:00:00,3397.609511474929,0.00015007547976481577
2020-02-25 19:01:00,3397.1161458410274,0.00011962487141290129
2020-02-25 19:02:00,3397.172742948751,0.00011442378393491942
2020-02-25 19:03:00,3396.9926704669424,6.404259833957212e-05
2020-02-25 19:04:00,3396.83319461934,2.431670710379387e-05
2020-02-25 19:05:00,3396.5593379396096,5.65169296179461e-05
2020-02-25 19:06:00,3396.513408817655,1.3418701250510215e-05
2020-02-25 19:07:00,3396.487951676989,2.3381047395393967e-05
2020-02-25 19:08:00,3396.881014165781,0.0001076845013531676
2020-02-25 19:09:00,3396.6885308186115,0.00010649348406042998
2020-02-25 19:10:00,3397.16380479989,0.00010364934949927361
2020-02-25 19:11:00,3397.101126507841,0.00011917392753322569
2020-02-25 19:12:00,3396.9051794621273,0.00011764653159776737
2020-02-25 19:13:00,3396.6192735297823,0.00015189946241665528
2020-02-25 19:14:00,3396.3844883691713,0.00011929599652695511
2020-02-25 19:15:00,3396.2323503187768,8.139094363890059e-05
2020-02-25 19:16:00,3396.1597201485597,7.603997309318978e-05
2020-02-25 19:17:00,3396.1202772153515,5.779599940320193e-05
2020-02-25 19:18:00,3395.813682131486,0.0001188476349102984
2020-02-25 19:19:00,3395.576799967629,0.00020015587862180485
2020-02-25 19:20:00,3396.1864769595436,0.0002124985749501278
2020-02-25 19:21:00,3396.0560113887445,0.00020060813296451577
2020-02-25 19:22:00,3394.914940576519,0.0001639059920874392
2020-02-25 19:23:00,3395.9466371888766,0.00023785770239211724
2020-02-25 19:24:00,3394.7830541684907,0.0002148740113921333
2020-02-25 19:25:00,3395.8990285540417,0.00025022399478805195
2020-02-25 19:26:00,3396.4062074022363,0.00016759772926242634
2020-02-25 19:27:00,3397.1908286665976,0.0001510784590425096
2020-02-25 19:28:00,3397.2356133820385,0.0002096635572570599
2020-02-25 19:29:00,3397.3309501830827,0.00024890980786056903
2020-02-25 19:30:00,3396.28255649929,0.0002567915016535309
2020-02-25 19:31:00,3394.936081407421,0.00022963362675837543
2020-02-25 19:32:00,3395.3561927156893,0.0002026191077986671
2020-02-25 19:33:00,3394.796285417839,0.00020331546398797977
2020-02-25 19:34:00,3393.204967255108,0.00025040330169552046
2020-02-25 19:35:00,3392.105828579357,0.00022003049349328093
2020-02-25 19:36:00,3391.4623934139017,0.00026093998352433496
2020-02-25 19:37:00,3390.7077044480593,0.00020559373712923383
2020-02-25 19:38:00,3391.467062072781,0.0002336282511025374
2020-02-25 19:39:00,3391.2970609895124,0.00026120350329079955
2020-02-25 19:40:00,3391.0047330519833,0.0003069162054766736
2020-02-25 19:41:00,3390.405133364112,0.0003562237929211575
2020-02-25 19:42:00,3389.7392429699516,0.000316394522386157
2020-02-25 19:43:00,3389.2957472452886,0.0003019473724108216
2020-02-25 19:44:00,3388.7124076703267,0.0003653770942603833
2020-02-25 19:45:00,3389.4298032878755,0.00036438174025730103
2020-02-25 19:46:00,3388.0918192681706,0.0004156016012513431
2020-02-25 19:47:00,3387.575566634346,0.0004049412179951109
2020-02-25 19:48:00,3385.9602052633186,0.0003483329297994602
2020-02-25 19:49:00,3397.1270551737693,0.000333920025015483
2020-02-25 19:50:00,3398.020333838598,0.0002476208029180095
2020-02-25 19:51:00,3398.9286975945533,0.0002853870011113515
2020-02-25 19:52:00,3399.7955596886623,0.00028790509679047394
2020-02-25 19:53:00,3399.8631847176052,0.0003040380389316489
2020-02-25 19:54:00,3400.131967820118,0.0002618115151864671
2020-02-25 19:55:00,3397.602288301722,0.0003482873062337249
2020-02-25 19:56:00,3397.758524811054,0.0002845005240251691
2020-02-25 19:57:00,3396.8819697101744,0.00026548978312565004
2020-02-25 19:58:00,3395.9827881808606,0.0003000209295706698
2020-02-25 19:59:00,3397.3043773073023,0.00026882863595371567
2020-02-26 13:30:00,3429.425482995769,0.00019006907379775503
2020-02-26 13:31:00,3430.038582594443,0.00020270016233996915
2020-02-26 13:32:00,3430.5103473466856,0.00015789938064152115
2020-02-26 13:33:00,3429.6203351552954,0.00011671807988131972
2020-02-26 13:34:00,3429.2181131741186,0.00018866505492757694
2020-02-26 13:35:00,3429.2851937124324,0.00017727176594208678
2020-02-26 13:36:00,3429.56766668802,0.0001278268765886585
2020-02-26 13:37:00,3429.3749354719826,9.587933416087583e-05
2020-02-26 13:38:00,3428.5946086991285,0.00019328414522784456
2020-02-26 13:39:00,3429.192979326662,0.0002132984120045503
2020-02-26 13:40:00,3429.0473117448278,0.00017535778448717472
2020-02-26 13:41:00,3428.773142317915,0.00018801496288813396
2020-02-26 13:42:00,3429.2470821003594,0.00025383655822524057
2020-02-26 13:43:00,3428.940090968151,0.00020871465175538938
2020-02-26 13:44:00,3428.7658980049055,0.0001953515846496608
2020-02-26 13:45:00,3428.34232426725,0.00020514849540238857
2020-02-26 13:46:00,3427.913776356345,0.00013744780841034972
2020-02-26 13:47:00,3427.838580582007,0.00013340504354195836
2020-02-26 13:48:00,3428.1923112904424,0.00011620002388615014
2020-02-26 13:49:00,3427.726124826918,0.000158494604075101
2020-02-26 13:50:00,3427.6840463729313,0.00010484643811914634
2020-02-26 13:51:00,3427.3326535525607,0.00011817456826661681
2020-02-26 13:52:00,3427.285217820434,8.373109275328957e-05
2020-02-26 13:53:00,3427.1536810474427,6.454541318509698e-05
2020-02-26 13:54:00,3427.090544458484,5.218148454740755e-05
2020-02-26 13:55:00,3427.023865451055,9.617170430084446e-06
2020-02-26 13:56:00,3426.950768612564,1e-10
2020-02-26 13:57:00,3426.9034210550735,1.2998848644967084e-05
2020-02-26 13:58:00,3426.7398485083227,2.793931765927297e-05
2020-02-26 13:59:00,3426.6979548038494,1.7829819726244675e-05
2020-02-26 14:00:00,3426.6248646160307,1e-10
2020-02-26 14:01:00,3426.4715996487016,1.2539531061272387e-05
2020-02-26 14:02:00,3426.400290301815,9.67658721697002e-07
2020-02-26 14:03:00,3426.243559860243,3.165331460162477e-05
2020-02-26 14:04:00,3425.865416981584,4.816294406213928e-05
2020-02-26 14:05:00,3425.8921107089077,8.739046426339467e-05
2020-02-26 14:06:00,3425.3595797541625,0.00010708934087729773
2020-02-26 14:07:00,3425.168301595151,0.00010386332090665728
2020-02-26 14:08:00,3425.1270242766404,0.00011777322202331625
2020-02-26 14:09:00,3424.2364548327555,0.0001460459768131913
2020-02-26 14:10:00,3424.451347993796,7.102426713484173e-05
2020-02-26 14:11:00,3424.6950641098765,0.00013677918659949233
2020-02-26 14:12:00,3425.6780406828448,0.00017250753069143266
2020-02-26 14:13:00,3425.3229277168844,0.00012079777667111057
2020-02-26 14:14:00,3425.5557040676363,0.00015632745014865
2020-02-26 14:15:00,3425.548986864051,0.000191445150023678
2020-02-26 14:16:00,3424.7523272229655,0.0001644834157147204
2020-02-26 14:17:00,3424.1292051491264,0.00011639839415154116
2020-02-26 14:18:00,3423.6673342094196,7.379330278968656e-05
2020-02-26 14:19:00,3423.719545158064,8.943020338503973e-05
2020-02-26 14:20:00,3423.876710722245,0.00013692447141172703
2020-02-26 14:21:00,3423.084826195412,0.00014785598739266607
2020-02-26 14:22:00,3422.5763225687692,0.00014321299348903945
2020-02-26 14:23:00,3423.3811922821196,0.00014935733491991862
2020-02-26 14:24:00,3422.675677685698,0.00018495924932507675
2020-02-26 14:25:00,3423.394122144214,0.00017766598034268602
2020-02-26 14:26:00,3421.8203368351096,0.00021992467974656134
2020-02-26 14:27:00,3421.1988077934393,0.00028150481605757326
2020-02-26 14:28:00,3420.805092386767,0.00026610919934067314
2020-02-26 14:29:00,3420.9788381008257,0.00025018707469378026
2020-02-26 14:30:00,3421.041402465448,0.00019709358885186518
2020-02-26 14:31:00,3420.5119286705226,0.00013921983221461194
2020-02-26 14:32:00,3421.5751476528776,0.00015352808859206654
2020-02-26 14:33:00,3421.707541360174,8.752291696614476e-05
2020-02-26 14:34:00,3421.8392716795606,0.00011356998328577276
2020-02-26 14:35:00,3422.626239422767,0.00010233101705006673
2020-02-26 14:36:00,3422.437514383196,7.012987335186203e-05
2020-02-26 14:37:00,3422.486709499045,0.00015063849832056995
2020-02-26 14:38:00,3422.2407923269348,0.00011387984162344911
2020-02-26 14:39:00,3422.33997842762,0.00012145442246849826
2020-02-26 14:40:00,3421.8238760830227,0.00010388510544828117
2020-02-26 14:41:00,3421.492501175929,0.00014559173274486683
2020-02-26 14:42:00,3420.9714314140733,0.00011138547969620975
2020-02-26 14:43:00,3421.061845187085,9.494177484514215e-05
2020-02-26 14:44:00,3421.061113561284,5.1842342452051345e-05
2020-02-26 14:45:00,3420.9881440027953,1e-10
2020-02-26 14:46:00,3420.9387967324965,1.973770855349854e-05
2020-02-26 14:47:00,3420.8658297145184,1e-10
2020-02-26 14:48:00,3420.7928638047956,1e-10
2020-02-26 14:49:00,3420.7198999974016,1e-10
2020-02-26 14:50:00,3420.6469378400466,1e-10
2020-02-26 14:51:00,3420.5739768697727,1e-10
2020-02-26 14:52:00,3420.501017070396,1e-10
2020-02-26 14:53:00,3420.428059204136,1e-10
2020-02-26 14:54:00,3420.3551025576216,1e-10
2020-02-26 14:55:00,3420.2821473748145,1e-10
2020-02-26 14:56:00,3420.2091940661494,1e-10
2020-02-26 14:57:00,3420.1362422139864,1e-10
2020-02-26 14:58:00,3420.063292557263,1e-10
2020-02-26 14:59:00,3419.9903433508016,1e-10
2020-02-26 15:00:00,3419.917396615717,1e-10
2020-02-26 15:01:00,3419.8444519051536,1e-10
2020-02-26 15:02:00,3419.7715078932074,1e-10
2020-02-26 15:03:00,3419.6985665105426,1e-10
2020-02-26 15:04:00,3419.6256256776983,1e-10
2020-02-26 15:05:00,3419.5526869604223,1e-10
2020-02-26 15:06:00,3419.4797494498703,1e-10
2020-02-26 15:07:00,3419.40681382393,1e-10
2020-02-26 15:08:00,3419.3338798285586,1e-10
2020-02-26 15:09:00,3419.260947072059,1e-10
2020-02-26 15:10:00,3419.1880160903984,1e-10
2020-02-26 15:11:00,3419.1150865992986,1e-10
2020-02-26 15:12:00,3419.0421593637957,1e-10
2020-02-26 15:13:00,3418.9692331100923,1e-10
2020-02-26 15:14:00,3418.896307852884,1e-10
2020-02-26 15:15:00,3418.823384715802,1e-10
2020-02-26 15:16:00,3418.750462647179,1e-10
2020-02-26 15:17:00,3418.677542302297,1e-10
2020-02-26 15:18:00,3418.6046232000963,1e-10
2020-02-26 15:19:00,3418.5317065490526,1e-10
2020-02-26 15:20:00,3418.4587906763404,1e-10
2020-02-26 15:21:00,3418.3858760152766,1e-10
2020-02-26 15:22:00,3418.312963620386,1e-10
2020-02-26 15:23:00,3418.2400526621595,1e-10
2020-02-26 15:24:00,3418.1671432457056,1e-10
2020-02-26 15:25:00,3418.0942350181144,1e-10
2020-02-26 15:26:00,3418.021328561226,1e-10
2020-02-26 15:27:00,3421.9040837874627,1e-10
2020-02-26 15:28:00,3421.831095786485,1e-10
2020-02-26 15:29:00,3421.758109326695,1e-10
2020-02-26 15:30:00,3421.6851245256407,1e-10
2020-02-26 15:31:00,3421.612141616095,1e-10
2020-02-26 15:32:00,3421.5391600640073,1e-10
2020-02-26 15:33:00,3421.466180075295,1e-10
2020-02-26 15:34:00,3421.393201340435,1e-10
2020-02-26 15:35:00,3421.320224671,1e-10
2020-02-26 15:36:00,3421.2472491125363,1e-10
2020-02-26 15:37:00,3421.1742756534704,1e-10
2020-02-26 15:38:00,3421.1013034966372,1e-10
2020-02-26 15:39:00,3421.0283325357223,1e-10
2020-02-26 15:40:00,3420.955363255525,1e-10
2020-02-26 15:41:00,3420.8823958740727,1e-10
2020-02-26 15:42:00,3420.809429680765,1e-10
2020-02-26 15:43:00,3420.7364647534305,1e-10
2020-02-26 15:44:00,3420.6635020563663,1e-10
2020-02-26 15:45:00,3420.594462928769,1.9552107254181473e-06
2020-02-26 15:46:00,3420.5215033109566,1e-10
2020-02-26 15:47:00,3420.4485449454614,1e-10
2020-02-26 15:48:00,3420.375588580372,1e-10
2020-02-26 15:49:00,3420.3053010614817,3.2661324030036856e-05
2020-02-26 15:50:00,3420.264848717944,3.8813036916933394e-05
2020-02-26 15:51:00,3420.1609995818285,3.8023317056336614e-05
2020-02-26 15:52:00,3420.488770684748,4.994361914180887e-05
2020-02-26 15:53:00,3420.405051763905,1.573434310276586e-05
2020-02-26 15:54:00,3420.3320964496384,1e-10
2020-02-26 15:55:00,3420.259142359716,1e-10
2020-02-26 15:56:00,3420.1266074127025,3.56842111322809e-05
2020-02-26 15:57:00,3420.0450456343037,4.502216272705377e-06
2020-02-26 15:58:00,3419.9720973509607,1e-10
2020-02-26 15:59:00,3419.8991506027583,1e-10
2020-02-26 16:00:00,3419.826205568696,1e-10
2020-02-26 16:01:00,3419.7532621531573,1e-10
2020-02-26 16:02:00,3419.6803202964043,1e-10
2020-02-26 16:03:00,3419.6073801442994,1e-10
2020-02-26 16:04:00,3419.525389834618,5.838266935829998e-06
2020-02-26 16:05:00,3419.4524532496985,1e-10
2020-02-26 16:06:00,3419.3795174358256,1e-10
2020-02-26 16:07:00,3419.3065839507067,1e-10
2020-02-26 16:08:00,3419.2336518350335,1e-10
2020-02-26 16:09:00,3419.16072107606,1e-10
2020-02-26 16:10:00,3419.102399559614,8.000783882933138e-06
2020-02-26 16:11:00,3419.029471392404,1e-10
2020-02-26 16:12:00,3418.9565448028925,1e-10
2020-02-26 16:13:00,3418.8836200266705,1e-10
2020-02-26 16:14:00,3418.810696702112,1e-10
2020-02-26 16:15:00,3418.737774792068,1e-10
2020-02-26 16:16:00,3418.6648551527073,1e-10
2020-02-26 16:17:00,3418.564451207591,4.059592398936478e-06
2020-02-26 16:18:00,3418.555225886998,1.789481915449369e-05
2020-02-26 16:19:00,3418.4764997488996,8.109367505893693e-06
2020-02-26 16:20:00,3418.403585138101,1e-10
2020-02-26 16:21:00,3418.3995623783594,1.7280489772603374e-05
2020-02-26 16:22:00,3418.321724765859,6.907524324217294e-06
2020-02-26 16:23:00,3418.2488131626997,1e-10
2020-02-26 16:24:00,3418.1759030303624,1e-10
2020-02-26 16:25:00,3418.102994662055,1e-10
2020-02-26 16:26:00,3418.0300885616966,1e-10
2020-02-26 16:27:00,3417.9571835280076,1e-10
2020-02-26 16:28:00,3417.9218196733464,2.346642338203203e-05
2020-02-26 16:29:00,3418.014510016113,5.900738657472895e-05
2020-02-26 16:30:00,3418.2743784311765,5.816197821090812e-05
2020-02-26 16:31:00,3418.143175798365,0.00010905846104938542
2020-02-26 16:32:00,3417.9539630013446,0.00015327837761750087
2020-02-26 16:33:00,3417.4731205298654,0.00016208355316475734
2020-02-26 16:34:00,3417.192346837907,8.081825319532163e-05
2020-02-26 16:35:00,3417.3287404598277,6.593530680463263e-05
2020-02-26 16:36:00,3417.221321227823,0.00010119331848366414
2020-02-26 16:37:00,3417.446630882177,8.736388966630739e-05
2020-02-26 16:38:00,3417.3275950615493,8.068164920939267e-05
2020-02-26 16:39:00,3417.2051064739894,7.404787545118323e-05
2020-02-26 16:40:00,3417.0880677200776,0.00010869879438932942
2020-02-26 16:41:00,3417.126399171854,7.917986370046465e-05
2020-02-26 16:42:00,3417.647584064144,0.00012782921489427646
2020-02-26 16:43:00,3418.0842467238854,0.00010829064761899434
2020-02-26 16:44:00,3417.605543079227,0.00018064580835450343
2020-02-26 16:45:00,3417.32320807512,0.0001749873963176839
2020-02-26 16:46:00,3418.2112745679924,0.0002294403972237811
2020-02-26 16:47:00,3418.9936960244077,0.00028811180394966527
2020-02-26 16:48:00,3420.1037590691185,0.00026428962228852016
2020-02-26 16:49:00,3418.9174646994347,0.00023556983755722416
2020-02-26 16:50:00,3418.657903614359,0.00020853100885043823
2020-02-26 16:51:00,3419.080219318482,0.00019150850189663716
2020-02-26 16:52:00,3419.2316987647946,0.00024384359897841287
2020-02-26 16:53:00,3418.7274164130604,0.00023465467026106523
2020-02-26 16:54:00,3418.435151990843,0.0002640154730102916
2020-02-26 16:55:00,3418.360692704223,0.00034007638730853336
2020-02-26 16:56:00,3417.1115797795546,0.0003936973902925157
2020-02-26 16:57:00,3417.2209336985193,0.00036366142622023384
2020-02-26 16:58:00,3417.7425682231165,0.000346408912161737
2020-02-26 16:59:00,3419.984022245494,0.0003491052564161494
2020-02-26 17:00:00,3422.1803258362734,0.00037219198887879863
2020-02-26 17:01:00,3421.7182780052353,0.0003890584546806784
2020-02-26 17:02:00,3420.350669348748,0.00043186816954905033
2020-02-26 17:03:00,3421.7689029491016,0.00041732587625188314
2020-02-26 17:04:00,3424.180037726317,0.0004158249094317294
2020-02-26 17:05:00,3422.9816002969137,0.00044925776146080917
2020-02-26 17:06:00,3419.5150944520624,0.0004911215929275816
2020-02-26 17:07:00,3419.4467334582687,0.0005550297549398323
2020-02-26 17:08:00,3416.4183951006653,0.000563984806903873
2020-02-26 17:09:00,3415.916219585617,0.000570261994940731
2020-02-26 17:10:00,3418.1632224551263,0.0005894878745819537
2020-02-26 17:11:00,3418.180238786098,0.0006577765216018139
2020-02-26 17:12:00,3415.040062690067,0.0007130305883384042
2020-02-26 17:13:00,3416.989599275537,0.0006774130529567102
2020-02-26 17:14:00,3412.122219442581,0.0006976068282020403
2020-02-26 17:15:00,3415.1938829610804,0.0007264759485848103
2020-02-26 17:16:00,3411.0371038274507,0.0007072577679058503
2020-02-26 17:17:00,3409.622486985858,0.0007610276977079453
2020-02-26 17:18:00,3414.5682902388653,0.0007165556210878754
2020-02-26 17:19:00,3414.7362602017092,0.0007142626722793195
2020-02-26 17:20:00,3413.8770813551646,0.0007961496286301306
2020-02-26 17:21:00,3414.6134473948605,0.0007780293043828587
2020-02-26 17:22:00,3414.874358427992,0.0007654664563208956
2020-02-26 17:23:00,3411.783057598994,0.0007125255912431364
2020-02-26 17:24:00,3414.121615096727,0.000764628001583058
2020-02-26 17:25:00,3411.5628204760555,0.0007802769995839659
2020-02-26 17:26:00,3409.2827670345437,0.0008069981112132126
2020-02-26 17:27:00,3408.5766618359166,0.0007745927377220141
2020-02-26 17:28:00,3410.9294231807107,0.0008115358629849618
2020-02-26 17:29:00,3412.45380173493,0.0008638520536666756
2020-02-26 17:30:00,3413.5679532880868,0.0008745061148882939
2020-02-26 17:31:00,3415.3520963970896,0.0008562599752824824
2020-02-26 17:32:00,3418.303492159178,0.0008850142235329424
2020-02-26 17:33:00,3418.2962989218163,0.0008489778613443131
2020-02-26 17:34:00,3420.3362697052744,0.0008386930325952687
2020-02-26 17:35:00,3418.612879841409,0.0008495099687729284
2020-02-26 17:36:00,3426.849239292548,0.0008073953899446194
2020-02-26 17:37:00,3426.5943165199506,0.0008805161809261419
2020-02-26 17:38:00,3426.7289507389523,0.0009696846656560185
2020-02-26 17:39:00,3426.72936393106,0.0009602667191262842
2020-02-26 17:40:00,3425.599131813915,0.0009459698217545697
2020-02-26 17:41:00,3422.147670651546,0.0009616102863818052
2020-02-26 17:42:00,3421.6453077389465,0.0010031674908406265
2020-02-26 17:43:00,3422.0495621230325,0.0010033708440062154
2020-02-26 17:44:00,3422.364669459353,0.0009728130658162411
2020-02-26 17:45:00,3414.5263935564226,0.0009779643515699047
2020-02-26 17:46:00,3415.8753119736043,0.00103203008961099
2020-02-26 17:47:00,3418.928940199993,0.001047014381441539
2020-02-26 17:48:00,3419.920514738057,0.0010211396645308935
2020-02-26 17:49:00,3423.706522181146,0.0009954427654150528
2020-02-26 17:50:00,3423.475672947659,0.0009638783411624361
2020-02-26 17:51:00,3420.5656704552975,0.000997227500702172
2020-02-26 17:52:00,3420.2697652942543,0.0009470962417888429
2020-02-26 17:53:00,3424.0028618042106,0.0008613524354326656
2020-02-26 17:54:00,3423.8332847884076,0.0007936581332489864
2020-02-26 17:55:00,3425.7406591224344,0.0007854263549898059
2020-02-26 17:56:00,3427.611027444662,0.0007677035146690113
2020-02-26 17:57:00,3422.5673253755067,0.0007769524134076921
2020-02-26 17:58:00,3417.023380112508,0.0007623680659545936
2020-02-26 17:59:00,3416.341526093161,0.0007898326076489349
2020-02-26 18:00:00,3410.7099789482704,0.000908759915005991
2020-02-26 18:01:00,3411.352181597683,0.0009397619441144478
2020-02-26 18:02:00,3413.243194829751,0.0009876573752111658
2020-02-26 18:03:00,3412.049808358792,0.0010169511884446478
2020-02-26 18:04:00,3416.657376282319,0.0010639003256694205
2020-02-26 18:05:00,3423.415023896479,0.0010583424930116067
2020-02-26 18:06:00,3428.3276151139894,0.0010662166976754112
2020-02-26 18:07:00,3423.0554645282946,0.001083458580715683
2020-02-26 18:08:00,3424.1021061760835,0.0010421380901015317
2020-02-26 18:09:00,3416.7601760835196,0.0010935127322284906
2020-02-26 18:10:00,3421.4037357670045,0.0011261906232089209
2020-02-26 18:11:00,3425.2399994680272,0.0011151976347279291
2020-02-26 18:12:00,3420.9883279217074,0.0010605270154470014
2020-02-26 18:13:00,3421.1519405195622,0.0010695836042844719
2020-02-26 18:14:00,3419.997947309994,0.0009900201445770217
2020-02-26 18:15:00,3420.0907495026295,0.0009858476721352285
2020-02-26 18:16:00,3422.6637062213217,0.0010193068140674992
2020-02-26 18:17:00,3416.757055009249,0.0009768833277436345
2020-02-26 18:18:00,3415.639819828494,0.001003613536788212
2020-02-26 18:19:00,3421.2972763022585,0.0010164796920959145
2020-02-26 18:20:00,3420.423426290716,0.0010670293346643318
2020-02-26 18:21:00,3422.1985243519257,0.0010725749765062979
2020-02-26 18:22:00,3427.352299871223,0.0010695378297541148
2020-02-26 18:23:00,3425.730037392085,0.0010514571909985085
2020-02-26 18:24:00,3429.524138537552,0.001055971628854322
2020-02-26 18:25:00,3433.1768378164325,0.0010522329052424229
2020-02-26 18:26:00,3430.6657120798486,0.001001501713167124
2020-02-26 18:27:00,3424.676364621324,0.000996209196291449
2020-02-26 18:28:00,3417.507338975422,0.0009666989248601122
2020-02-26 18:29:00,3413.8188813601664,0.0009936599934518013
2020-02-26 18:30:00,3413.8847953669383,0.0009361040674573269
2020-02-26 18:31:00,3419.891900245727,0.000931880551354498
2020-02-26 18:32:00,3420.394015412499,0.0009448137874673965
2020-02-26 18:33:00,3423.4626906419194,0.0009733150471119126
2020-02-26 18:34:00,3422.1238680384567,0.0009143358990938966
2020-02-26 18:35:00,3426.3029620476796,0.0009131519637964871
2020-02-26 18:36:00,3428.153480239848,0.0008991826917219997
2020-02-26 18:37:00,3432.3978355523896,0.0008606516950622428
2020-02-26 18:38:00,3433.182854678438,0.000825637080953887
2020-02-26 18:39:00,3438.94738771704,0.0008624803407440279
2020-02-26 18:40:00,3438.7514325340603,0.0008818588499997904
2020-02-26 18:41:00,3436.452685230047,0.0009570339167527808
2020-02-26 18:42:00,3438.3606934974227,0.0009378738254122838
2020-02-26 18:43:00,3439.3212483326756,0.0009649369923756005
2020-02-26 18:44:00,3433.341913450201,0.000932727174915544
2020-02-26 18:45:00,3430.320092134027,0.0008894605927305307
2020-02-26 18:46:00,3430.299595510573,0.0008723740715451808
2020-02-26 18:47:00,3434.4211774208175,0.0009332661474864291
2020-02-26 18:48:00,3434.6020037429835,0.0009415578446090348
2020-02-26 18:49:00,3441.486144753074,0.000942873527652985
2020-02-26 18:50:00,3442.34851480104,0.0008348018460177302
2020-02-26 18:51:00,3441.632647329698,0.0008323960852003943
2020-02-26 18:52:00,3444.979286925169,0.0007636427170868268
2020-02-26 18:53:00,3441.427137983149,0.0007479909451689107
2020-02-26 18:54:00,3443.336805312971,0.0007618151318294407
2020-02-26 18:55:00,3445.183582607587,0.0007458410937158398
2020-02-26 18:56:00,3444.4288294662497,0.000789993727311234
2020-02-26 18:57:00,3441.076305023454,0.0007865797814738661
2020-02-26 18:58:00,3438.9184579654666,0.000821453099496309
2020-02-26 18:59:00,3438.6476543194935,0.0007858488459929553
2020-02-26 19:00:00,3441.5711029683084,0.0007580443473779458
2020-02-26 19:01:00,3444.2311068849704,0.000778967994245152
2020-02-26 19:02:00,3444.008560120621,0.0008571024726908924
2020-02-26 19:03:00,3446.312365082236,0.0008356316811535439
2020-02-26 19:04:00,3446.2886331460936,0.0008889142060348402
2020-02-26 19:05:00,3444.848883085555,0.0008775303467739396
2020-02-26 19:06:00,3443.590511066968,0.0008783589760301867
2020-02-26 19:07:00,3441.769390101697,0.0008749473559678427
2020-02-26 19:08:00,3441.4582989772084,0.0009151487813820717
2020-02-26 19:09:00,3444.932824070684,0.0009159404481824101
2020-02-26 19:10:00,3447.4102671563414,0.0008079907233157818
2020-02-26 19:11:00,3449.4095277037277,0.000773933725781089
2020-02-26 19:12:00,3446.759492128402,0.0008028993891732823
2020-02-26 19:13:00,3447.1834935492398,0.0007253987825743769
2020-02-26 19:14:00,3448.1381224800994,0.000695963997132207
2020-02-26 19:15:00,3446.437962330378,0.0006788509722721206
2020-02-26 19:16:00,3448.8438337165303,0.0006835496108678767
2020-02-26 19:17:00,3449.725765163006,0.0006959949223706088
2020-02-26 19:18:00,3452.6966942206036,0.0006887371404053427
2020-02-26 19:19:00,3448.3449832719257,0.0007113602910172505
2020-02-26 19:20:00,3450.5184055712016,0.0006937595184176868
2020-02-26 19:21:00,3446.805079517133,0.0007557462049983598
2020-02-26 19:22:00,3443.67608649537,0.0007140918531778858
2020-02-26 19:23:00,3442.5355316124837,0.0007014263908542346
2020-02-26 19:24:00,3438.367568492358,0.0007458186138659616
2020-02-26 19:25:00,3408.7632772367338,0.0007473694854909274
2020-02-26 19:26:00,3412.463144992417,0.0006767342086161657
2020-02-26 19:27:00,3412.8259071962298,0.0007106594767002689
2020-02-26 19:28:00,3411.251029965335,0.0006991343057198053
2020-02-26 19:29:00,3410.4513995423517,0.0007436996010148867
2020-02-26 19:30:00,3407.8057878319546,0.0007335096406106515
2020-02-26 19:31:00,3406.197837419129,0.0006856686454692952
2020-02-26 19:32:00,3406.2335788886494,0.0006800215174095546
2020-02-26 19:33:00,3404.7695573144842,0.0007473673204028336
2020-02-26 19:34:00,3407.2296116549687,0.0007495345832167947
2020-02-26 19:35:00,3407.93096949033,0.0008099016841904983
2020-02-26 19:36:00,3405.031848302452,0.0008609117704295132
2020-02-26 19:37:00,3398.9312053574963,0.0009481850519567908
2020-02-26 19:38:00,3397.879276394425,0.0008965155461882865
2020-02-26 19:39:00,3403.464657898545,0.000937828578265272
2020-02-26 19:40:00,3397.2069263769845,0.0009737912735553838
2020-02-26 19:41:00,3396.872000367489,0.0009730478311322282
2020-02-26 19:42:00,3396.861639812938,0.0010259409091307786
2020-02-26 19:43:00,3399.129695306952,0.0010074705928659943
2020-02-26 19:44:00,3388.2357899922663,0.0010028033777369847
2020-02-26 19:45:00,3390.6200517298594,0.0009353262928438452
2020-02-26 19:46:00,3386.910161821144,0.0009623512146873239
2020-02-26 19:47:00,3387.999447987164,0.0009750067407277662
2020-02-26 19:48:00,3391.495856473889,0.0009532472230314817
2020-02-26 19:49:00,3391.401509378652,0.000874018320200384
2020-02-26 19:50:00,3391.637224700266,0.000880692390870408
2020-02-26 19:51:00,3392.0776264601914,0.000896538431589975
2020-02-26 19:52:00,3394.752740933364,0.0009060149181521793
2020-02-26 19:53:00,3400.2267702416725,0.0009018619014697009
2020-02-26 19:54:00,3392.1714697659486,0.0009241442237276922
2020-02-26 19:55:00,3395.398946081455,0.0009441166557161509
2020-02-26 19:56:00,3398.4759688551967,0.0009496267983989839
2020-02-26 19:57:00,3395.7564618512624,0.0009001325741598717
2020-02-26 19:58:00,3396.6221755482134,0.0008658903399115462
2020-02-26 19:59:00,3391.1495283587724,0.0008700729631084972
2020-02-27 13:30:00,3424.414852088498,0.0009351709804532418
2020-02-27 13:31:00,3425.5094509207097,0.0009190034261279928
2020-02-27 13:32:00,3433.072236441149,0.0009858206319840294
2020-02-27 13:33:00,3430.920812394431,0.0009909487738759763
2020-02-27 13:34:00,3429.658541364407,0.0009398646853596168
2020-02-27 13:35:00,3424.2003961266264,0.0008734944526483604
2020-02-27 13:36:00,3420.3663010660352,0.0008502082389967504
2020-02-27 13:37:00,3420.96028245276,0.0008493995985316224
2020-02-27 13:38:00,3424.336602255253,0.0008425429180525381
2020-02-27 13:39:00,3423.1117791632983,0.00088199813080115
2020-02-27 13:40:00,3422.085937558968,0.0009094321888749654
2020-02-27 13:41:00,3419.8204516956107,0.0009199695403585145
2020-02-27 13:42:00,3418.94519188695,0.0009212341549164122
2020-02-27 13:43:00,3418.825503791731,0.0009341722687902609
2020-02-27 13:44:00,3421.1188138814746,0.0009563336540571697
2020-02-27 13:45:00,3417.9176484605696,0.0009443076927757583
2020-02-27 13:46:00,3421.956683653256,0.000937345151244168
2020-02-27 13:47:00,3421.960746620373,0.0009388120661773483
2020-02-27 13:48:00,3417.191984937055,0.000946300937437311
2020-02-27 13:49:00,3414.1597512276817,0.0010076426997418786
2020-02-27 13:50:00,3414.0893690321363,0.0010789404896293748
2020-02-27 13:51:00,3413.2180583239333,0.0011380191950940398
2020-02-27 13:52:00,3413.731834398879,0.0011690694014237508
2020-02-27 13:53:00,3417.38910838157,0.0012233859986428776
2020-02-27 13:54:00,3422.307884191581,0.0012029522358765607
2020-02-27 13:55:00,3423.350264764166,0.0012867720387420977
2020-02-27 13:56:00,3421.6433591272166,0.001316640390890504
2020-02-27 13:57:00,3419.2091687767024,0.0012907852419081988
2020-02-27 13:58:00,3417.575557130594,0.0012430333992792236
2020-02-27 13:59:00,3414.961018964528,0.0012098522703422128
2020-02-27 14:00:00,3404.309971619792,0.0012364701604975488
2020-02-27 14:01:00,3403.959815599278,0.0012288843986696571
2020-02-27 14:02:00,3404.612747347204,0.0012135104274003268
2020-02-27 14:03:00,3399.378556469347,0.0012588563363562953
2020-02-27 14:04:00,3398.471520038363,0.0011394438226012536
2020-02-27 14:05:00,3403.429441970588,0.0011241512851460794
2020-02-27 14:06:00,3402.7562216281594,0.0011104288807806588
2020-02-27 14:07:00,3402.746862349833,0.0010549112678028731
2020-02-27 14:08:00,3405.873151485004,0.001077417880602728
2020-02-27 14:09:00,3408.559586551029,0.0010772685815495834
2020-02-27 14:10:00,3406.5555370823945,0.0011107684752842046
2020-02-27 14:11:00,3404.808394876076,0.00113613902123683
2020-02-27 14:12:00,3406.746192359939,0.0011279873419687218
2020-02-27 14:13:00,3408.233176616648,0.0010780459615578118
2020-02-27 14:14:00,3405.565543672865,0.0010061712519365074
2020-02-27 14:15:00,3401.6308082601504,0.001005788687483246
2020-02-27 14:16:00,3406.41167320864,0.00101054551097064
2020-02-27 14:17:00,3407.541138702334,0.0011324916822048707
2020-02-27 14:18:00,3404.8867063148564,0.0011409774734257726
2020-02-27 14:19:00,3399.5029395269316,0.001151104547527921
2020-02-27 14:20:00,3394.9849132739732,0.001131624065607948
2020-02-27 14:21:00,3399.536384114967,0.0011481934932620452
2020-02-27 14:22:00,3400.15308168585,0.0011996813248873104
2020-02-27 14:23:00,3397.933698535186,0.0011981670311608053
2020-02-27 14:24:00,3396.788472807556,0.0012008810103253146
2020-02-27 14:25:00,3401.1327199418033,0.001208917486097056
2020-02-27 14:26:00,3400.3716481987863,0.001144349759993936
2020-02-27 14:27:00,3394.113056706513,0.0011388899323497256
2020-02-27 14:28:00,3399.197312827512,0.0011573595306858997
2020-02-27 14:29:00,3400.6356687277575,0.0011611463341060252
2020-02-27 14:30:00,3400.905658266942,0.0011294393484891732
2020-02-27 14:31:00,3400.1298718479457,0.0011419278429918407
2020-02-27 14:32:00,3397.41774857433,0.0011451587736131268
2020-02-27 14:33:00,3403.2388556178066,0.001092338759304192
2020-02-27 14:34:00,3397.596503577192,0.0011256394014842097
2020-02-27 14:35:00,3392.4174418120224,0.0010593621594613477
2020-02-27 14:36:00,3391.480198495405,0.0010236787299329375
2020-02-27 14:37:00,3389.4279537777325,0.0009368426532891704
2020-02-27 14:38:00,3388.0418102768517,0.0009399627816998352
2020-02-27 14:39:00,3386.1127282049106,0.0008740030254613275
2020-02-27 14:40:00,3381.417892024677,0.0008937189673281431
2020-02-27 14:41:00,3381.7559258343085,0.0009098285069309507
2020-02-27 14:42:00,3378.4167874780333,0.0009159213251103331
2020-02-27 14:43:00,3376.9362260169664,0.0008851463552031344
2020-02-27 14:44:00,3376.7871592601978,0.0008932398710069554
2020-02-27 14:45:00,3379.142307492495,0.0009625812231132782
2020-02-27 14:46:00,3378.4888904496847,0.0009894149652578494
2020-02-27 14:47:00,3376.1395831964187,0.0009846060753110348
2020-02-27 14:48:00,3370.334032218762,0.0009300296439732656
2020-02-27 14:49:00,3368.633208013983,0.0009502288351334446
2020-02-27 14:50:00,3365.0925451062967,0.001002162480532678
2020-02-27 14:51:00,3363.4895938464033,0.0009355027490075465
2020-02-27 14:52:00,3365.9632884237117,0.0009318237468603391
2020-02-27 14:53:00,3365.3079658457195,0.0009133547599823603
2020-02-27 14:54:00,3367.951158313186,0.0009439617041218941
2020-02-27 14:55:00,3361.462557571191,0.0009864163689721687
2020-02-27 14:56:00,3359.9425188002506,0.0010089944923995832
2020-02-27 14:57:00,3351.936119986271,0.001064494924127571
2020-02-27 14:58:00,3351.692276502924,0.00106927833033196
2020-02-27 14:59:00,3346.5856494231352,0.0010577945214137806
2020-02-27 15:00:00,3353.5503120699213,0.0011410971959086573
2020-02-27 15:01:00,3359.2047439239454,0.0011788162325976636
2020-02-27 15:02:00,3354.838825015697,0.0012047899825062345
2020-02-27 15:03:00,3352.9695500110984,0.0011529793899189666
2020-02-27 15:04:00,3346.655229418442,0.001169472546892505
2020-02-27 15:05:00,3349.6297945770084,0.0011126237259473982
2020-02-27 15:06:00,3348.7289508784593,0.0011205209450527883
2020-02-27 15:07:00,3342.9437760204737,0.0010300140566352884
2020-02-27 15:08:00,3348.2894736353023,0.00101245143175453
2020-02-27 15:09:00,3342.029259231221,0.0010708413608768775
2020-02-27 15:10:00,3340.483776577235,0.001027187835514798
2020-02-27 15:11:00,3344.578922077701,0.0010286762032487055
2020-02-27 15:12:00,3343.2393920808877,0.0009710946801627626
2020-02-27 15:13:00,3349.6624510668735,0.001004070623510364
2020-02-27 15:14:00,3348.4077582678333,0.001041060838461923
2020-02-27 15:15:00,3345.587479467402,0.001013537493728024
2020-02-27 15:16:00,3338.555178579824,0.0009502426168657277
2020-02-27 15:17:00,3335.395603699127,0.0009720577603732142
2020-02-27 15:18:00,3335.1712207285195,0.0009435787402489056
2020-02-27 15:19:00,3332.0689149329337,0.0009564188747289735
2020-02-27 15:20:00,3335.0049408107325,0.000968305790824115
2020-02-27 15:21:00,3334.8471949066547,0.0009457487561551124
2020-02-27 15:22:00,3338.683038287928,0.0009254558037089028
2020-02-27 15:23:00,3339.061515513854,0.0009413603054930809
2020-02-27 15:24:00,3341.1975837096215,0.0009699847262794425
2020-02-27 15:25:00,3345.464062815874,0.000938043514032481
2020-02-27 15:26:00,3340.4890843976445,0.000896654465112985
2020-02-27 15:27:00,3342.46047798996,0.0008698699199334253
2020-02-27 15:28:00,3342.61751781335,0.0007739971977811307
2020-02-27 15:29:00,3345.1787676841027,0.000801550438152764
2020-02-27 15:30:00,3345.370331705877,0.000748464144723534
2020-02-27 15:31:00,3345.857046427952,0.0007934167837365808
2020-02-27 15:32:00,3345.1847589055524,0.0007839381042278348
2020-02-27 15:33:00,3344.6177259755696,0.0007937811325085549
2020-02-27 15:34:00,3342.1023823642604,0.0008517103977222928
2020-02-27 15:35:00,3346.2495201335105,0.000891042928555058
2020-02-27 15:36:00,3345.9047158058247,0.0008863384279749117
2020-02-27 15:37:00,3349.89689181254,0.0009586377603712558
2020-02-27 15:38:00,3351.431134002839,0.0009475203241160964
2020-02-27 15:39:00,3349.3293676585768,0.0009398939042737267
2020-02-27 15:40:00,3350.2416566056677,0.0009006131450667401
2020-02-27 15:41:00,3347.026167925203,0.0008691405569838186
2020-02-27 15:42:00,3350.3218472389176,0.0008484116059579847
2020-02-27 15:43:00,3348.5195619251563,0.0007635054813784037
2020-02-27 15:44:00,3347.19508420508,0.0007477476213695239
2020-02-27 15:45:00,3345.1757900852995,0.0007260416729826912
2020-02-27 15:46:00,3346.8629428819754,0.0007410299836937144
2020-02-27 15:47:00,3344.7804033062384,0.0006758873832828598
2020-02-27 15:48:00,3347.840616952429,0.0007245729151973333
2020-02-27 15:49:00,3347.714747603567,0.000747811236087047
2020-02-27 15:50:00,3343.5978118317244,0.0007024556775621075
2020-02-27 15:51:00,3341.0854584378294,0.000692601866970205
2020-02-27 15:52:00,3341.2339938127257,0.0007027536290713732
2020-02-27 15:53:00,3339.3048951440173,0.0006930306408824885
2020-02-27 15:54:00,3339.5207083714445,0.0007131729654259383
2020-02-27 15:55:00,3339.4431739030815,0.0006760271220151465
2020-02-27 15:56:00,3339.841378481732,0.0005655126487857051
2020-02-27 15:57:00,3339.830670736183,0.0006083144028618797
2020-02-27 15:58:00,3340.523343192292,0.0005636487167270409
2020-02-27 15:59:00,3338.5355625152406,0.0005203971945873457
2020-02-27 16:00:00,3337.3776742485734,0.0005752266735210419
2020-02-27 16:01:00,3339.609521558975,0.0006294624210433544
2020-02-27 16:02:00,3340.0445015686737,0.0006287124050885363
2020-02-27 16:03:00,3339.649295802574,0.0005462082305811595
2020-02-27 16:04:00,3339.2425373641117,0.000563845714629006
2020-02-27 16:05:00,3341.6807910618572,0.0005437459866798448
2020-02-27 16:06:00,3337.765482650646,0.0005876828966979302
2020-02-27 16:07:00,3337.7500995728915,0.0006012310035056508
2020-02-27 16:08:00,3338.344452739442,0.0005571215669852521
2020-02-27 16:09:00,3338.5060342720117,0.0005853304585658306
2020-02-27 16:10:00,3339.5591801541564,0.0005550785017818945
2020-02-27 16:11:00,3339.001479204145,0.000552226893180879
2020-02-27 16:12:00,3337.812836804404,0.0005918337450429416
2020-02-27 16:13:00,3338.6382861747807,0.0005381396874565059
2020-02-27 16:14:00,3334.738020751174,0.0005560743764370438
2020-02-27 16:15:00,3335.708327988103,0.0005134493470664243
2020-02-27 16:16:00,3336.2066314374556,0.0004798607290586874
2020-02-27 16:17:00,3336.0975532651105,0.00041821189169091537
2020-02-27 16:18:00,3335.3799727807673,0.0003272631214635683
2020-02-27 16:19:00,3335.5025964694382,0.0003351004358085223
2020-02-27 16:20:00,3336.1958171879273,0.0002992021408360549
2020-02-27 16:21:00,3336.11131713916,0.0002810306474663798
2020-02-27 16:22:00,3334.2702351583785,0.0002764916493725654
2020-02-27 16:23:00,3335.485733362402,0.0002961251212616319
2020-02-27 16:24:00,3335.865343784929,0.00031055574380563623
2020-02-27 16:25:00,3334.279105628056,0.00029495982991579897
2020-02-27 16:26:00,3334.1589527176825,0.00035035769376187735
2020-02-27 16:27:00,3336.6909735916365,0.0003812992789962128
2020-02-27 16:28:00,3336.939853737004,0.0004007554549642127
2020-02-27 16:29:00,3337.931870160054,0.0004380766276062297
2020-02-27 16:30:00,3335.6348369951434,0.0004939733834949229
2020-02-27 16:31:00,3333.923364745067,0.0004917456674655195
2020-02-27 16:32:00,3334.3487240583468,0.0004771524068053475
2020-02-27 16:33:00,3334.7661181371154,0.0005148235823209862
2020-02-27 16:34:00,3334.756733193035,0.0005007309821720065
2020-02-27 16:35:00,3339.4065786520096,0.0005270714211592747
2020-02-27 16:36:00,3340.5256928740964,0.0004743328346806377
2020-02-27 16:37:00,3341.1731877568864,0.0004684472012892124
2020-02-27 16:38:00,3340.623340125194,0.0005309285511916888
2020-02-27 16:39:00,3340.011839613829,0.0005087328629080299
2020-02-27 16:40:00,3338.4665478361044,0.0005201993681890347
2020-02-27 16:41:00,3339.2767048846626,0.0005083417195142544
2020-02-27 16:42:00,3341.4725463818195,0.0005138804590752697
2020-02-27 16:43:00,3342.1027036040605,0.0005504608752355253
2020-02-27 16:44:00,3344.0039872082625,0.0005766131706306032
2020-02-27 16:45:00,3344.699014081083,0.0005751895999399822
2020-02-27 16:46:00,3346.824200565976,0.0005556634422023632
2020-02-27 16:47:00,3348.6081917276656,0.0006399129253915738
2020-02-27 16:48:00,3352.867432011697,0.0006120450112291529
2020-02-27 16:49:00,3352.788166125081,0.0006271951003421317
2020-02-27 16:50:00,3355.337153466835,0.0006909304941344289
2020-02-27 16:51:00,3353.77796214174,0.000721892337254768
2020-02-27 16:52:00,3354.2390780418464,0.0007550405307959458
2020-02-27 16:53:00,3353.272822986932,0.0007408208550545856
2020-02-27 16:54:00,3352.692154621204,0.0008291341649229649
2020-02-27 16:55:00,3349.845607875873,0.0007524348006978136
2020-02-27 16:56:00,3346.2749475992405,0.0007645712964587355
2020-02-27 16:57:00,3346.15070479162,0.0008335863332990662
2020-02-27 16:58:00,3339.4840821123526,0.0008622429431475058
2020-02-27 16:59:00,3343.96258185543,0.0008053717171438622
2020-02-27 17:00:00,3344.832853133038,0.0008013354068830738
2020-02-27 17:01:00,3344.1213873906186,0.0007843619877585022
2020-02-27 17:02:00,3340.0429324084525,0.0008095737232472077
2020-02-27 17:03:00,3337.853937159828,0.0007699285830413211
2020-02-27 17:04:00,3340.868435664257,0.0007867359244816357
2020-02-27 17:05:00,3342.6090791682564,0.000784766491714838
2020-02-27 17:06:00,3342.936397213168,0.0007706471280652074
2020-02-27 17:07:00,3341.6902259585845,0.0007750921266092536
2020-02-27 17:08:00,3344.0214632849516,0.0007537601343099443
2020-02-27 17:09:00,3343.7028820296086,0.0007880998228730246
2020-02-27 17:10:00,3342.902274972455,0.0008041514600688869
2020-02-27 17:11:00,3344.9078256190774,0.0008022203608854634
2020-02-27 17:12:00,3344.928158260198,0.0007628440034616801
2020-02-27 17:13:00,3341.4183834948553,0.0007282576831945859
2020-02-27 17:14:00,3340.5442305302963,0.0006825234801580755
2020-02-27 17:15:00,3340.652153520778,0.0006805111200194937
2020-02-27 17:16:00,3343.8971071492424,0.0006725660471126101
2020-02-27 17:17:00,3344.252640474302,0.0006888258842786721
2020-02-27 17:18:00,3341.904701688765,0.0006456046109227828
2020-02-27 17:19:00,3338.373448648222,0.0007243572680969209
2020-02-27 17:20:00,3336.1132681371273,0.0007300168527416506
2020-02-27 17:21:00,3334.9827335652744,0.0007492145973543236
2020-02-27 17:22:00,3334.7548702974445,0.0007222730388396341
2020-02-27 17:23:00,3331.7606137862385,0.0007186660439459972
2020-02-27 17:24:00,3333.02760998417,0.0007396365171041559
2020-02-27 17:25:00,3334.7908769723776,0.0008069235252168793
2020-02-27 17:26:00,3340.2900609652547,0.0008887362946754116
2020-02-27 17:27:00,3336.412161676615,0.0009021763163294659
2020-02-27 17:28:00,3340.658134570954,0.0009320622640333738
2020-02-27 17:29:00,3338.8717365722687,0.0009290106590450629
2020-02-27 17:30:00,3342.9534112734445,0.0009115618976313766
2020-02-27 17:31:00,3341.472868626654,0.0008261016323700047
2020-02-27 17:32:00,3340.5796493868406,0.0008123768695998094
2020-02-27 17:33:00,3344.247887478779,0.0008781099651889234
2020-02-27 17:34:00,3345.1163229858025,0.0008030706575693717
2020-02-27 17:35:00,3348.2156814847426,0.0008416138991864275
2020-02-27 17:36:00,3350.2321659872014,0.0009029112570775555
2020-02-27 17:37:00,3350.09882609291,0.000901626544261872
2020-02-27 17:38:00,3349.3048664429502,0.000861173441851172
2020-02-27 17:39:00,3349.4905020738606,0.000892969089391785
2020-02-27 17:40:00,3355.224523637673,0.0008219679008777717
2020-02-27 17:41:00,3354.5677653096277,0.0008069743940432075
2020-02-27 17:42:00,3349.1522632006463,0.000833525788480322
2020-02-27 17:43:00,3347.8432947511365,0.0008191772912052086
2020-02-27 17:44:00,3347.928381732086,0.0008193354131057349
2020-02-27 17:45:00,3350.850430053061,0.0009308661857702623
2020-02-27 17:46:00,3348.0610413906766,0.0009669573490445804
2020-02-27 17:47:00,3351.6441331552264,0.0009683731728797025
2020-02-27 17:48:00,3354.9054339709155,0.0009002457288321391
2020-02-27 17:49:00,3357.068318240747,0.0008597712637870027
2020-02-27 17:50:00,3362.2483626695057,0.0008874036745880712
2020-02-27 17:51:00,3366.2181178327014,0.0009136791802782801
2020-02-27 17:52:00,3361.729818873298,0.000863077903544835
2020-02-27 17:53:00,3362.093414519632,0.000930228593525808
2020-02-27 17:54:00,3362.530797814947,0.0009464844367293063
2020-02-27 17:55:00,3363.339131275053,0.000896565605914298
2020-02-27 17:56:00,3369.931032600814,0.0008972855333855954
2020-02-27 17:57:00,3370.806979376543,0.0008642204365019073
2020-02-27 17:58:00,3369.430409028138,0.000872820946934936
2020-02-27 17:59:00,3370.1519669228783,0.0008933420014226227
2020-02-27 18:00:00,3367.5441609933323,0.0008243315402049712
2020-02-27 18:01:00,3366.2636078386954,0.0007998034455800095
2020-02-27 18:02:00,3367.1258236423596,0.0007946395303280439
2020-02-27 18:03:00,3366.0707825518252,0.0007891468498327359
2020-02-27 18:04:00,3367.814155668407,0.0008173519804464073
2020-02-27 18:05:00,3372.9191224441747,0.0008167881889390581
2020-02-27 18:06:00,3369.455139153662,0.0007363359326447926
2020-02-27 18:07:00,3367.8047807454764,0.0007451980090299996
2020-02-27 18:08:00,3372.6952720309114,0.0007106514858723386
2020-02-27 18:09:00,3369.604545860825,0.0007405082319389552
2020-02-27 18:10:00,3368.9332540648165,0.0007030694310578941
2020-02-27 18:11:00,3366.7156845740965,0.000724072644735781
2020-02-27 18:12:00,3366.7512208626017,0.000738494981304663
2020-02-27 18:13:00,3368.676026999007,0.0007079197947835591
2020-02-27 18:14:00,3366.431728729765,0.0006741343385681778
2020-02-27 18:15:00,3368.1488184607642,0.000663500775808279
2020-02-27 18:16:00,3368.7094630162537,0.0006184759938693196
2020-02-27 18:17:00,3368.4730399224013,0.0006217430449669805
2020-02-27 18:18:00,3370.379352386039,0.0005964314351936204
2020-02-27 18:19:00,3369.183584144311,0.0005400046709716272
2020-02-27 18:20:00,3370.4302604207433,0.0004989814938499957
2020-02-27 18:21:00,3370.44572548637,0.00041543920104956104
2020-02-27 18:22:00,3369.5203194014334,0.00034193922547526084
2020-02-27 18:23:00,3368.664587303481,0.0002621493453688374
2020-02-27 18:24:00,3366.6919722398407,0.0002880014627897086
2020-02-27 18:25:00,3366.815643480774,0.00029250298184373537
2020-02-27 18:26:00,3367.5044253879378,0.0004370480248239314
2020-02-27 18:27:00,3368.4097284426307,0.00035397575634654255
2020-02-27 18:28:00,3368.0668063310736,0.00031218044349876767
2020-02-27 18:29:00,3368.14283987691,0.00030465162008541956
2020-02-27 18:30:00,3366.7668620714935,0.0003428347809332685
2020-02-27 18:31:00,3367.078852268691,0.00029898112087916874
2020-02-27 18:32:00,3368.074509827702,0.00029030450218018965
2020-02-27 18:33:00,3368.6153177732845,0.00029830828882785844
2020-02-27 18:34:00,3367.892573755741,0.0002561771331123901
2020-02-27 18:35:00,3367.217760090707,0.00017541890449008425
2020-02-27 18:36:00,3366.814334801468,0.00012528855794636038
2020-02-27 18:37:00,3366.141360402153,9.44601271293161e-05
2020-02-27 18:38:00,3366.0719725940303,0.00011119578615791533
2020-02-27 18:39:00,3366.154780133829,0.00013325844367404185
2020-02-27 18:40:00,3366.2290204217634,9.128992152175132e-05
2020-02-27 18:41:00,3365.7943475567963,0.00013732306019024608
2020-02-27 18:42:00,3365.1561125526755,0.00017014688768216668
2020-02-27 18:43:00,3364.2276266382214,0.0001975843239096053
2020-02-27 18:44:00,3364.5631322368336,0.00021574167139901636
2020-02-27 18:45:00,3364.3965034523476,0.0002364760689665202
2020-02-27 18:46:00,3363.820525792647,0.0001723550391348867
2020-02-27 18:47:00,3362.807499356086,0.00015112340471713656
2020-02-27 18:48:00,3362.980796627061,0.00012822336880621838
2020-02-27 18:49:00,3363.512395101725,0.00014799240790154647
2020-02-27 18:50:00,3363.7323318957906,0.00016514848171397597
2020-02-27 18:51:00,3363.505130773317,0.00015054507080844185
2020-02-27 18:52:00,3363.444445535988,0.00013367554164608355
2020-02-27 18:53:00,3363.1283043385415,0.00014905331446782535
2020-02-27 18:54:00,3362.979946221527,0.0001535575815791903
2020-02-27 18:55:00,3362.7812933765745,0.00018684588091602366
2020-02-27 18:56:00,3362.569880976426,0.00026247297845074136
2020-02-27 18:57:00,3362.3804607494785,0.00026513345196811845
2020-02-27 18:58:00,3363.0004207618717,0.00025596849544632814
2020-02-27 18:59:00,3362.626411961143,0.00025892659234075954
2020-02-27 19:00:00,3363.1256927673066,0.0002548420942642984
2020-02-27 19:01:00,3363.4304630933693,0.00020627840418854906
2020-02-27 19:02:00,3363.9545004843794,0.00021898760902106624
2020-02-27 19:03:00,3363.9558339160367,0.00025745233198972616
2020-02-27 19:04:00,3362.5853863548045,0.0002717622308172564
2020-02-27 19:05:00,3362.2117236364593,0.0003087511932127696
2020-02-27 19:06:00,3362.0489557060673,0.00033272387113791494
2020-02-27 19:07:00,3360.771863268624,0.0002804813922009207
2020-02-27 19:08:00,3359.1254737004965,0.0003660544878885526
2020-02-27 19:09:00,3359.454992516307,0.0004277380261764952
2020-02-27 19:10:00,3359.300021649687,0.00041594487544874183
2020-02-27 19:11:00,3359.7257283433905,0.00038602052272234956
2020-02-27 19:12:00,3358.199193856735,0.00041434070364518164
2020-02-27 19:13:00,3357.1363060455647,0.000406308465073082
2020-02-27 19:14:00,3358.7671551901176,0.0004063002364493149
2020-02-27 19:15:00,3357.1427716378157,0.0004107070239901232
2020-02-27 19:16:00,3356.97605266188,0.00040265101191407966
2020-02-27 19:17:00,3355.8519937485853,0.0003531069492281961
2020-02-27 19:18:00,3358.2852337117265,0.00040872698227047854
2020-02-27 19:19:00,3358.8127354612598,0.00046137991745052363
2020-02-27 19:20:00,3358.7924936310224,0.0004592453484290536
2020-02-27 19:21:00,3359.838709950085,0.0004750466009917737
2020-02-27 19:22:00,3359.6316291534213,0.00040978620527803517
2020-02-27 19:23:00,3358.731940006675,0.0003209607598353179
2020-02-27 19:24:00,3361.1476383576637,0.00034248751550229237
2020-02-27 19:25:00,3362.040558499257,0.00034348833658551676
2020-02-27 19:26:00,3362.036457377199,0.00034370879792142037
2020-02-27 19:27:00,3362.3346169733823,0.00038009648047909067
2020-02-27 19:28:00,3362.094222775856,0.00026728308531147625
2020-02-27 19:29:00,3361.3817143969572,0.00021098408743047887
2020-02-27 19:30:00,3361.6767664862327,0.0002769958460219427
2020-02-27 19:31:00,3361.9312462963962,0.000248336443245099
2020-02-27 19:32:00,3361.718001681724,0.0003327735930854779
2020-02-27 19:33:00,3361.0633100762384,0.000394553605979613
2020-02-27 19:34:00,3361.016695262902,0.00039985853778694785
2020-02-27 19:35:00,3361.6245092319523,0.00048680784170292786
2020-02-27 19:36:00,3359.4081507591122,0.0005093665899269815
2020-02-27 19:37:00,3361.682434897232,0.0004980999011770922
2020-02-27 19:38:00,3362.392493799251,0.00047436845907021914
2020-02-27 19:39:00,3364.4173163103787,0.0004924292179317631
2020-02-27 19:40:00,3362.4596687201206,0.00047959179767748165
2020-02-27 19:41:00,3358.277284719723,0.0004537371786624653
2020-02-27 19:42:00,3358.503119825957,0.0004685295620557496
2020-02-27 19:43:00,3358.9381146009114,0.0005042827760124291
2020-02-27 19:44:00,3357.5320423441276,0.0005669483671649694
2020-02-27 19:45:00,3358.9173976140664,0.0006163785716377753
2020-02-27 19:46:00,3359.8211148843247,0.0005936635909730458
2020-02-27 19:47:00,3359.731476349311,0.0005616669420900418
2020-02-27 19:48:00,3359.1000229414235,0.0006069279777464082
2020-02-27 19:49:00,3358.512329483832,0.0006227439746127661
2020-02-27 19:50:00,3359.1784374478893,0.0006182348947877152
2020-02-27 19:51:00,3358.1461714371985,0.0006486362229223379
2020-02-27 19:52:00,3355.700434140177,0.0006609875887468429
2020-02-27 19:53:00,3357.8714783796913,0.0006849249559753508
2020-02-27 19:54:00,3356.094151095856,0.0006529660734684085
2020-02-27 19:55:00,3355.5867012388244,0.0006945913322826395
2020-02-27 19:56:00,3356.757377848708,0.0006671715349700058
2020-02-27 19:57:00,3358.134553667687,0.000715083506169835
2020-02-27 19:58:00,3361.377727960743,0.0007542265537766608
2020-02-27 19:59:00,3358.0928691635368,0.0007123512599235647
2020-02-28 13:30:00,3274.830708078192,0.0007177527867791204
2020-02-28 13:31:00,3276.4486035540326,0.0006876227122812248
2020-02-28 13:32:00,3274.005798537339,0.0005980652020367011
2020-02-28 13:33:00,3271.056824673877,0.0005885122080783803
2020-02-28 13:34:00,3271.709269996595,0.0005364661596672964
2020-02-28 13:35:00,3273.6102276181305,0.0004823413943526116
2020-02-28 13:36:00,3275.1783434423296,0.00047879771878833543
2020-02-28 13:37:00,3274.7490059737106,0.0005012933389862231
2020-02-28 13:38:00,3273.3739975519456,0.0004493451865673516
2020-02-28 13:39:00,3273.32026004657,0.00047451271978776163
2020-02-28 13:40:00,3271.2432725538715,0.00040310635420441913
2020-02-28 13:41:00,3272.4226163166254,0.0004319580742850091
2020-02-28 13:42:00,3271.4025093059167,0.00034692258921313103
2020-02-28 13:43:00,3271.4541614441196,0.00035012454048857517
2020-02-28 13:44:00,3271.9780112956146,0.0003613683085780705
2020-02-28 13:45:00,3271.3967315879418,0.00032235598325928576
2020-02-28 13:46:00,3270.937163027998,0.0002366544843475438
2020-02-28 13:47:00,3269.921642233573,0.00019574204736545989
2020-02-28 13:48:00,3269.9072264980664,0.0002074044288609912
2020-02-28 13:49:00,3269.5592764470275,0.00025874454472212883
2020-02-28 13:50:00,3269.6119375982485,0.00022211930514020301
2020-02-28 13:51:00,3270.071692952056,0.0002947441811303451
2020-02-28 13:52:00,3268.2427526419588,0.0003534117088552689
2020-02-28 13:53:00,3268.359566388197,0.00033053985012551293
2020-02-28 13:54:00,3268.290597354785,0.0002602948404402089
2020-02-28 13:55:00,3269.06262021411,0.00028242667491690753
2020-02-28 13:56:00,3269.3511622208616,0.00026470648851353846
2020-02-28 13:57:00,3269.4019369837138,0.00026426794336825845
2020-02-28 13:58:00,3269.838430483547,0.00024816249737665577
2020-02-28 13:59:00,3276.5411309846886,0.00028186219983581957
2020-02-28 14:00:00,3275.378115689818,0.000322513565917903
2020-02-28 14:01:00,3275.332952970717,0.0003086406271206685
2020-02-28 14:02:00,3276.0340099361665,0.00027659474848591367
2020-02-28 14:03:00,3275.8954885218614,0.00035563230669770373
2020-02-28 14:04:00,3276.7831613799904,0.0003991239897602292
2020-02-28 14:05:00,3276.605061962047,0.0004272544253676102
2020-02-28 14:06:00,3277.6406935114846,0.0004131742064754739
2020-02-28 14:07:00,3278.517681509676,0.0004416812113096473
2020-02-28 14:08:00,3279.2174880320335,0.000467248181043646
2020-02-28 14:09:00,3280.0913700613087,0.00043594778451033056
2020-02-28 14:10:00,3280.182015081264,0.0004689168790197121
2020-02-28 14:11:00,3278.3267339100294,0.00048787491172607946
2020-02-28 14:12:00,3278.030293145394,0.0004660793921033588
2020-02-28 14:13:00,3278.449476982136,0.0004251550574882097
2020-02-28 14:14:00,3277.8730036774696,0.0003933471124010122
2020-02-28 14:15:00,3278.672935135746,0.00030264991519003703
2020-02-28 14:16:00,3278.2800863077014,0.00029349366161549934
2020-02-28 14:17:00,3280.482119092435,0.0003317776652198866
2020-02-28 14:18:00,3278.9192155736887,0.00029347528159467755
2020-02-28 14:19:00,3278.6909804972715,0.000279994073990047
2020-02-28 14:20:00,3278.9397967705827,0.00027007681718769377
2020-02-28 14:21:00,3279.3686689743513,0.0002475007356313191
2020-02-28 14:22:00,3279.880613905726,0.0002443645228193316
2020-02-28 14:23:00,3280.2575461946008,0.000224445974432003
2020-02-28 14:24:00,3280.388760495855,0.0002539982543293329
2020-02-28 14:25:00,3279.3116905031848,0.00027080334374180977
2020-02-28 14:26:00,3279.7875864758416,0.00020316576757458478
2020-02-28 14:27:00,3281.1691771389046,0.00022016739646056802
2020-02-28 14:28:00,3281.22590876605,0.00017315559540803066
2020-02-28 14:29:00,3280.40414855298,0.0002254884402293935
2020-02-28 14:30:00,3279.7331010944977,0.0001971944610005043
2020-02-28 14:31:00,3279.6747978723283,0.00018591137392032355
2020-02-28 14:32:00,3279.5449510497747,0.00019285539387594002
2020-02-28 14:33:00,3278.1184242925806,0.000255983544679882
2020-02-28 14:34:00,3278.702701628568,0.00025649686839981434
2020-02-28 14:35:00,3281.173650066674,0.00028890474164384826
2020-02-28 14:36:00,3281.3183731399063,0.000345680262824685
2020-02-28 14:37:00,3281.062567009676,0.00033053203401234266
2020-02-28 14:38:00,3280.1719975005294,0.00029603326001132184
2020-02-28 14:39:00,3279.48864367758,0.0002862117367214897
2020-02-28 14:40:00,3279.7715272651258,0.0002860112316599088
2020-02-28 14:41:00,3279.4533066333406,0.0002061683537912882
2020-02-28 14:42:00,3280.28667469086,0.0002710819206195759
2020-02-28 14:43:00,3278.753067267897,0.00029338406959137037
2020-02-28 14:44:00,3279.129132473835,0.0002012148066567991
2020-02-28 14:45:00,3278.958077888464,0.000215561801711127
2020-02-28 14:46:00,3278.8149635676887,0.00012176300277784958
2020-02-28 14:47:00,3278.8502931354033,8.16029916326239e-05
2020-02-28 14:48:00,3278.9003748833957,8.98310918023337e-05
2020-02-28 14:49:00,3278.302782440517,0.00010743501254790043
2020-02-28 14:50:00,3278.4325777440654,0.00015670963991002614
2020-02-28 14:51:00,3277.950029967412,0.00016991711758676837
2020-02-28 14:52:00,3277.8752844347914,0.0001203525557266963
2020-02-28 14:53:00,3277.169018609339,0.0001859162722681626
2020-02-28 14:54:00,3276.7082668736607,0.0001614877509875087
2020-02-28 14:55:00,3276.3559554703515,0.0001733160878637787
2020-02-28 14:56:00,3276.815605687666,0.0002272158429232679
2020-02-28 14:57:00,3275.998879349937,0.00025087411551802207
2020-02-28 14:58:00,3277.06197899201,0.00022796691717263883
2020-02-28 14:59:00,3276.6138995225947,0.0002924839749195763
2020-02-28 15:00:00,3276.6073746759957,0.00024748097158973126
2020-02-28 15:01:00,3278.3895838795993,0.00033743478928348846
2020-02-28 15:02:00,3276.3701978197,0.00036315924666298913
2020-02-28 15:03:00,3275.5665820885324,0.0003830638627816458
2020-02-28 15:04:00,3275.006374930712,0.00044076779835685784
2020-02-28 15:05:00,3272.978802090629,0.00044213938526167123
2020-02-28 15:06:00,3273.097912140781,0.0004044297094107411
2020-02-28 15:07:00,3273.731231427205,0.00038265240809775734
2020-02-28 15:08:00,3275.191239009144,0.0003837739889573328
2020-02-28 15:09:00,3275.500667518053,0.00045301074800410543
2020-02-28 15:10:00,3275.55944603074,0.00047547515402134917
2020-02-28 15:11:00,3275.9092444060066,0.0004675338325869563
2020-02-28 15:12:00,3276.2426208615584,0.0004523693283099831
2020-02-28 15:13:00,3277.433410731722,0.00047896366725272947
2020-02-28 15:14:00,3277.5425017596244,0.0004807466882050042
2020-02-28 15:15:00,3275.7130604655026,0.00048090702680547275
2020-02-28 15:16:00,3272.9449373222797,0.0004935333652740687
2020-02-28 15:17:00,3273.6656441296514,0.0005248483982413262
2020-02-28 15:18:00,3274.265685379644,0.00044098659905041413
2020-02-28 15:19:00,3274.1443042845044,0.0003678773647037662
2020-02-28 15:20:00,3274.9475889048003,0.00039522347298596094
2020-02-28 15:21:00,3271.8007437115753,0.0004491374854042983
2020-02-28 15:22:00,3269.6393893285936,0.00036935966576477836
2020-02-28 15:23:00,3268.9119765887144,0.00038789241548861273
2020-02-28 15:24:00,3268.065331613318,0.0004370738622066849
2020-02-28 15:25:00,3267.7035985511493,0.0004453466375792133
2020-02-28 15:26:00,3271.088455321995,0.00046835680580709776
2020-02-28 15:27:00,3271.580853731358,0.0005116512593518162
2020-02-28 15:28:00,3271.1832649091566,0.0005278201253417862
2020-02-28 15:29:00,3270.5777903147464,0.0004954955582402446
2020-02-28 15:30:00,3270.411767383979,0.0004678539246876334
2020-02-28 15:31:00,3270.7735521973214,0.0004544121772145238
2020-02-28 15:32:00,3270.902898072954,0.0004753066026369668
2020-02-28 15:33:00,3271.07800921612,0.00044778633301684434
2020-02-28 15:34:00,3272.164361134629,0.0004730661817158995
2020-02-28 15:35:00,3271.2972861288113,0.0004453317945311461
2020-02-28 15:36:00,3270.5919158310967,0.00047935350396097046
2020-02-28 15:37:00,3270.7774154693248,0.0004639869824141629
2020-02-28 15:38:00,3267.653191684453,0.0004911600236531788
2020-02-28 15:39:00,3270.3158835579366,0.000500553478125617
2020-02-28 15:40:00,3268.0233878294484,0.0004391994372886653
2020-02-28 15:41:00,3268.422146376084,0.0003993921049362381
2020-02-28 15:42:00,3266.3110614721254,0.0004066287613447099
2020-02-28 15:43:00,3268.203317662519,0.0003658546225823977
2020-02-28 15:44:00,3267.4136517964953,0.00036523289625106317
2020-02-28 15:45:00,3267.5009282007786,0.00031981794970443165
2020-02-28 15:46:00,3267.6591474187144,0.00024136248524368102
2020-02-28 15:47:00,3267.5329377463745,0.00017614608126574366
2020-02-28 15:48:00,3267.315255662317,0.00015391096549863503
2020-02-28 15:49:00,3267.9212095096327,0.00022684268134643884
2020-02-28 15:50:00,3267.8423888683833,0.00023860963238609784
2020-02-28 15:51:00,3267.532621774425,0.0002627162451927196
2020-02-28 15:52:00,3267.5073956009223,0.000260050126432996
2020-02-28 15:53:00,3267.802014270158,0.00016869290044219869
2020-02-28 15:54:00,3268.0479285763736,0.00019209453336492256
2020-02-28 15:55:00,3268.357840093158,0.00017476716730726718
2020-02-28 15:56:00,3268.489415008902,0.00012381918430296674
2020-02-28 15:57:00,3268.5391271781164,0.00011619511220362341
2020-02-28 15:58:00,3268.4830332444026,9.69369880916621e-05
2020-02-28 15:59:00,3267.5049219870325,0.00015389482916109624
2020-02-28 16:00:00,3267.489735755123,8.844418812320694e-05
2020-02-28 16:01:00,3267.155502802769,5.934676489166074e-05
2020-02-28 16:02:00,3267.1716071087403,1.7486149282113894e-05
2020-02-28 16:03:00,3267.101919651061,1e-10
2020-02-28 16:04:00,3267.032233593659,1e-10
2020-02-28 16:05:00,3266.9625494099573,1e-10
2020-02-28 16:06:00,3266.8928665408403,1e-10
2020-02-28 16:07:00,3266.8231844312145,1e-10
2020-02-28 16:08:00,3266.7535045098602,1e-10
2020-02-28 16:09:00,3266.6838261589123,1e-10
2020-02-28 16:10:00,3266.6141492341717,1e-10
2020-02-28 16:11:00,3266.5444738225974,1e-10
2020-02-28 16:12:00,3266.474799486733,1e-10
2020-02-28 16:13:00,3266.4051273485306,1e-10
2020-02-28 16:14:00,3266.3354559184004,1e-10
2020-02-28 16:15:00,3266.2650714863053,5.255049325437157e-06
2020-02-28 16:16:00,3266.195403540059,1e-10
2020-02-28 16:17:00,3266.125737400354,1e-10
2020-02-28 16:18:00,3266.056072136217,1e-10
2020-02-28 16:19:00,3265.986408549043,1e-10
2020-02-28 16:20:00,3265.8998125339167,8.320498894618978e-06
2020-02-28 16:21:00,3265.8821507784814,7.747722945155789e-06
2020-02-28 16:22:00,3265.81249120394,1e-10
2020-02-28 16:23:00,3265.7393322255048,5.985175300019974e-06
2020-02-28 16:24:00,3265.6206731221705,2.4578778872823043e-05
2020-02-28 16:25:00,3267.6726502463207,6.57428923665611e-05
2020-02-28 16:26:00,3267.767762866503,3.190853171721115e-05
2020-02-28 16:27:00,3267.5615079423087,5.851685454395458e-05
2020-02-28 16:28:00,3266.980584042619,0.00014571470954698385
2020-02-28 16:29:00,3266.3589182350947,0.00016247999902585405
2020-02-28 16:30:00,3266.164734276572,0.00016988030552280776
2020-02-28 16:31:00,3265.9572012302215,0.00013762015193311298
2020-02-28 16:32:00,3266.128494142263,0.0001436682036441572
2020-02-28 16:33:00,3266.0541363246416,0.0002028144123608453
2020-02-28 16:34:00,3265.7322204900865,0.0002650063360120606
2020-02-28 16:35:00,3265.61870192958,0.00028845091937127225
2020-02-28 16:36:00,3264.6184229333717,0.0003060639181851767
2020-02-28 16:37:00,3263.1972475709963,0.0003003379687671852
2020-02-28 16:38:00,3261.512137121294,0.0003042753973293034
2020-02-28 16:39:00,3261.4853462511323,0.00023811360999060184
2020-02-28 16:40:00,3260.1481981998154,0.0002525197644176361
2020-02-28 16:41:00,3260.8901648218225,0.00022116178346056223
2020-02-28 16:42:00,3259.4190689584257,0.00023162621494380345
2020-02-28 16:43:00,3258.3597231303024,0.00024552481820317687
2020-02-28 16:44:00,3257.072446252965,0.0002753370183592613
2020-02-28 16:45:00,3255.3212693938226,0.0002748206773755398
2020-02-28 16:46:00,3253.757704836152,0.00030441575539516205
2020-02-28 16:47:00,3251.6416735126136,0.0003628880419048713
2020-02-28 16:48:00,3251.010216950593,0.00036627500601947913
2020-02-28 16:49:00,3250.817926184861,0.00039967375863482
2020-02-28 16:50:00,3251.5393097875944,0.000397063885920822
2020-02-28 16:51:00,3251.670008831869,0.00039412784331204116
2020-02-28 16:52:00,3250.990086869199,0.00038072373408404016
2020-02-28 16:53:00,3252.832527537183,0.0003857113342329581
2020-02-28 16:54:00,3255.042109115803,0.0003490941066608739
2020-02-28 16:55:00,3255.4154032321826,0.00037357167629300993
2020-02-28 16:56:00,3255.4110824396116,0.0003478325332559526
2020-02-28 16:57:00,3254.0833733503973,0.000363208557887184
2020-02-28 16:58:00,3255.176010248686,0.00035617923304883536
2020-02-28 16:59:00,3256.7353855449664,0.00031891829082990525
2020-02-28 17:00:00,3258.4086718585413,0.00036154371685198975
2020-02-28 17:01:00,3257.98008270311,0.0003888380065855591
2020-02-28 17:02:00,3258.585503819705,0.00043287827981409977
2020-02-28 17:03:00,3257.964350333235,0.0005332685614399314
2020-02-28 17:04:00,3260.0776047405325,0.0004583334544621695
2020-02-28 17:05:00,3263.187661272381,0.00046013084302273197
2020-02-28 17:06:00,3264.3454609994287,0.00047002304169185664
2020-02-28 17:07:00,3265.5744655218855,0.0005221083785394442
2020-02-28 17:08:00,3266.071483107703,0.0005339851542813925
2020-02-28 17:09:00,3266.8969739152312,0.0004783861316020121
2020-02-28 17:10:00,3264.0197305322245,0.0004569293707236247
2020-02-28 17:11:00,3264.2347825758648,0.0005448596252646869
2020-02-28 17:12:00,3266.0752638517783,0.000559028816702195
2020-02-28 17:13:00,3263.9334103811407,0.0006020699859659281
2020-02-28 17:14:00,3265.660340719553,0.0006109971923427676
2020-02-28 17:15:00,3264.621171006393,0.0005854388023554722
2020-02-28 17:16:00,3262.00619499435,0.0006153003511199606
2020-02-28 17:17:00,3264.8529698716047,0.0006328937828515282
2020-02-28 17:18:00,3266.4449274798826,0.0006749932776847048
2020-02-28 17:19:00,3266.5630561061234,0.000771048067965089
2020-02-28 17:20:00,3268.163203151647,0.0007384622567103264
2020-02-28 17:21:00,3268.167463740412,0.0007719477135975512
2020-02-28 17:22:00,3270.307681067909,0.0007870733785072388
2020-02-28 17:23:00,3268.2443828937535,0.0007721910962535431
2020-02-28 17:24:00,3271.332964070682,0.0008585549869298949
2020-02-28 17:25:00,3275.4567856097383,0.0008021573861047516
2020-02-28 17:26:00,3273.545017663639,0.0007759189491742459
2020-02-28 17:27:00,3275.473860208909,0.0007775138555247695
2020-02-28 17:28:00,3276.7573114816114,0.0007796129011240562
2020-02-28 17:29:00,3276.701501847119,0.0007821211711023673
2020-02-28 17:30:00,3275.5037501561947,0.0008799052691719749
2020-02-28 17:31:00,3275.6024876062174,0.0009614388378499879
2020-02-28 17:32:00,3275.2168528850075,0.0009770335936673425
2020-02-28 17:33:00,3273.9777202410123,0.0010326713906901404
2020-02-28 17:34:00,3277.4739631226366,0.0009701920262860951
2020-02-28 17:35:00,3271.70915218542,0.0009759952474392438
2020-02-28 17:36:00,3271.830345151796,0.0009735065514057284
2020-02-28 17:37:00,3271.9429586041983,0.0009391435233345206
2020-02-28 17:38:00,3276.3106614629214,0.000895812922668644
2020-02-28 17:39:00,3279.663372249523,0.0009058765649752118
2020-02-28 17:40:00,3282.702040408845,0.0009349327895608396
2020-02-28 17:41:00,3279.9152636175063,0.0009713542828106884
2020-02-28 17:42:00,3283.485724187969,0.0009712363796288063
2020-02-28 17:43:00,3283.1199693309577,0.0009925453319512344
2020-02-28 17:44:00,3281.778552928016,0.0009556434842015728
2020-02-28 17:45:00,3281.1826067417896,0.0009777521543777221
2020-02-28 17:46:00,3284.4084238179,0.0009497974179735717
2020-02-28 17:47:00,3287.237423830529,0.0010060949050291125
2020-02-28 17:48:00,3286.4400336961994,0.0009650888842311503
2020-02-28 17:49:00,3280.6255825531225,0.0009700783150135446
2020-02-28 17:50:00,3282.403827676156,0.0009843267426237054
2020-02-28 17:51:00,3286.324439921009,0.0009459947934866857
2020-02-28 17:52:00,3283.2116895093422,0.0009396297181845178
2020-02-28 17:53:00,3275.9841694638653,0.0010532008151712588
2020-02-28 17:54:00,3276.5977824974357,0.001085663188842471
2020-02-28 17:55:00,3266.9119020690027,0.0010854910437412921
2020-02-28 17:56:00,3270.5544831643706,0.0010588166913664094
2020-02-28 17:57:00,3269.8630210874003,0.0010995414185177679
2020-02-28 17:58:00,3262.941939037066,0.0010393857704371673
2020-02-28 17:59:00,3263.1190691225156,0.0010412446528526794
2020-02-28 18:00:00,3259.426436345655,0.001072842265791469
2020-02-28 18:01:00,3261.8115556911685,0.0010666275423132057
2020-02-28 18:02:00,3261.7129426042893,0.0010689451901474696
2020-02-28 18:03:00,3260.7501793985525,0.0010428129562708884
2020-02-28 18:04:00,3260.148414118723,0.0010923553296661582
2020-02-28 18:05:00,3259.365421269712,0.0010087844306814395
2020-02-28 18:06:00,3259.0533987853123,0.0010308047225058787
2020-02-28 18:07:00,3256.5880712115677,0.0010214211823835542
2020-02-28 18:08:00,3256.582415092109,0.0010110294756509105
2020-02-28 18:09:00,3257.7909973662495,0.0009895639168683106
2020-02-28 18:10:00,3256.8655402911145,0.0009558540300305145
2020-02-28 18:11:00,3255.4337617536653,0.000966791802064246
2020-02-28 18:12:00,3254.273631356232,0.0009925781473305397
2020-02-28 18:13:00,3254.5452695704134,0.000971927521954724
2020-02-28 18:14:00,3258.4043514095883,0.0009765534341558677
2020-02-28 18:15:00,3255.483996775193,0.0009739995523744875
2020-02-28 18:16:00,3256.099023820339,0.0010030081592193093
2020-02-28 18:17:00,3258.71759224386,0.0009943646108582596
2020-02-28 18:18:00,3257.18292761454,0.0009915036306786629
2020-02-28 18:19:00,3260.3209878932116,0.0009440294963709895
2020-02-28 18:20:00,3256.506481982027,0.0009567296376719706
2020-02-28 18:21:00,3257.241026720929,0.0009153113570065777
2020-02-28 18:22:00,3256.776417848303,0.0008651870378186354
2020-02-28 18:23:00,3257.665363884015,0.0008576279655906226
2020-02-28 18:24:00,3262.957457145928,0.0008958223572272714
2020-02-28 18:25:00,3262.048480247029,0.0008787635785848457
2020-02-28 18:26:00,3261.1545205812113,0.0007878735034584861
2020-02-28 18:27:00,3259.9802923188286,0.0008190606144433102
2020-02-28 18:28:00,3260.8126934723036,0.0007788295328455469
2020-02-28 18:29:00,3256.429654086362,0.0008709487438944262
2020-02-28 18:30:00,3256.7868373277147,0.0008611454660648034
2020-02-28 18:31:00,3256.553631665605,0.0009508680151674653
2020-02-28 18:32:00,3259.3331414715744,0.0009226329392037325
2020-02-28 18:33:00,3259.569385804138,0.0009409975437844999
2020-02-28 18:34:00,3257.756551531218,0.0010289395112108024
2020-02-28 18:35:00,3260.1218654974327,0.0010859436642359835
2020-02-28 18:36:00,3265.539481626502,0.001173084065963444
2020-02-28 18:37:00,3266.4050334700682,0.0011332661408993572
2020-02-28 18:38:00,3260.879503473489,0.0011744059142358636
2020-02-28 18:39:00,3261.4083729070376,0.001183672449400203
2020-02-28 18:40:00,3260.9451204749985,0.001148589289413004
2020-02-28 18:41:00,3259.5037170876053,0.001165052453521707
2020-02-28 18:42:00,3252.7464327495236,0.0012205394804156652
2020-02-28 18:43:00,3254.153124031577,0.0012404553813639859
2020-02-28 18:44:00,3257.2747147133127,0.0011733862911642427
2020-02-28 18:45:00,3254.038595876896,0.0011941439976035247
2020-02-28 18:46:00,3256.773413417015,0.0012054620878831693
2020-02-28 18:47:00,3260.022286498411,0.0011773201654511638
2020-02-28 18:48:00,3261.2620885901324,0.001166992604860304
2020-02-28 18:49:00,3263.087867389131,0.0011308405478554328
2020-02-28 18:50:00,3263.350888259442,0.001100722236340473
2020-02-28 18:51:00,3258.505656330413,0.0010835704070607118
2020-02-28 18:52:00,3256.9440136028825,0.0010979112175782848
2020-02-28 18:53:00,3255.6478743368325,0.0010204967222842871
2020-02-28 18:54:00,3254.9894639933696,0.0010516018025370376
2020-02-28 18:55:00,3252.811153456697,0.0011028846512190164
2020-02-28 18:56:00,3252.7610037119393,0.001108729672248089
2020-02-28 18:57:00,3251.493246492576,0.0011146753752934726
2020-02-28 18:58:00,3251.5766694218296,0.001072122265482156
2020-02-28 18:59:00,3251.2992101394616,0.001102949337770671
2020-02-28 19:00:00,3248.1731201543384,0.0010795192443015383
2020-02-28 19:01:00,3244.884395698799,0.0011071553234648162
2020-02-28 19:02:00,3242.2670685703474,0.0011477237703663174
2020-02-28 19:03:00,3242.860732807164,0.001171138607609083
2020-02-28 19:04:00,3243.360251684791,0.0011507894852468997
2020-02-28 19:05:00,3237.537213662694,0.0011823202862040992
2020-02-28 19:06:00,3234.20918780861,0.001260622846747919
2020-02-28 19:07:00,3231.262484129582,0.0012359516323809175
2020-02-28 19:08:00,3234.185901761677,0.0012505714839463045
2020-02-28 19:09:00,3236.813982008365,0.001269399690949323
2020-02-28 19:10:00,3235.045526857241,0.0012231162710886455
2020-02-28 19:11:00,3240.321563911768,0.001314540981400082
2020-02-28 19:12:00,3236.1728244455926,0.001340716187008825
2020-02-28 19:13:00,3234.347674455965,0.0012731404052648612
2020-02-28 19:14:00,3233.2669133139625,0.0013047590440688572
2020-02-28 19:15:00,3238.785694390374,0.001349325242639561
2020-02-28 19:16:00,3238.739734296282,0.001333685531049502
2020-02-28 19:17:00,3244.7271515292787,0.0013770975715136442
2020-02-28 19:18:00,3241.786745973416,0.0014181023007580568
2020-02-28 19:19:00,3246.089441005323,0.0014261846283000553
2020-02-28 19:20:00,3254.745401731341,0.0014076581238836351
2020-02-28 19:21:00,3256.328763749509,0.001377336741146755
2020-02-28 19:22:00,3247.122612944931,0.0014371066069584295
2020-02-28 19:23:00,3250.336348338733,0.0014751781966219908
2020-02-28 19:24:00,3247.059235057915,0.001394465229595459
2020-02-28 19:25:00,3242.599744998801,0.001404178242209241
2020-02-28 19:26:00,3246.363712066018,0.0014065889940844108
2020-02-28 19:27:00,3250.311123297506,0.0013458068016703897
2020-02-28 19:28:00,3254.7334136715936,0.0013741607766839328
2020-02-28 19:29:00,3253.915842244819,0.0013564918137369537
2020-02-28 19:30:00,3257.816014179073,0.0013833811188979548
2020-02-28 19:31:00,3257.6110363335724,0.0013397126012272796
2020-02-28 19:32:00,3261.3650725790017,0.0013081695389339319
2020-02-28 19:33:00,3269.975221461204,0.0013025663219477508
2020-02-28 19:34:00,3272.4444004992433,0.0013240073632701252
2020-02-28 19:35:00,3278.834002401635,0.0012922091764044753
2020-02-28 19:36:00,3276.2145715203606,0.001267495447000598
2020-02-28 19:37:00,3284.495232698866,0.001266359061369108
2020-02-28 19:38:00,3282.514272911988,0.0012740184450613183
2020-02-28 19:39:00,3283.059711977462,0.0012969142444675887
2020-02-28 19:40:00,3291.0459387769633,0.0012955274963895006
2020-02-28 19:41:00,3296.3563412047824,0.0012845980646464608
2020-02-28 19:42:00,3295.176676222197,0.0012740541886013266
2020-02-28 19:43:00,3296.535796003109,0.0012999789546849598
2020-02-28 19:44:00,3301.79184487845,0.0013196680009911342
2020-02-28 19:45:00,3302.9269817354716,0.0013757827309980827
2020-02-28 19:46:00,3302.080230892864,0.0013639786520290866
2020-02-28 19:47:00,3303.8029665785043,0.0012973303046551383
2020-02-28 19:48:00,3302.2998477227247,0.0012923693771244953
2020-02-28 19:49:00,3298.435918741801,0.0012841815285962082
2020-02-28 19:50:00,3307.04067391181,0.001311520526996312
2020-02-28 19:51:00,3307.1746029097512,0.001268405190709315
2020-02-28 19:52:00,3309.7293118514076,0.0013102701614473556
2020-02-28 19:53:00,3313.145777642483,0.0012985682484839226
2020-02-28 19:54:00,3318.2042864816026,0.0012526844318502394
2020-02-28 19:55:00,3314.052869458266,0.0012292801195364993
2020-02-28 19:56:00,3314.3217786867554,0.0012328866740715135
2020-02-28 19:57:00,3314.722044352333,0.0012545224654034735
2020-02-28 19:58:00,3318.296035678026,0.001237266523018053
2020-02-28 19:59:00,3315.302443163358,0.0012290055893999564
2020-03-02 13:30:00,3332.3338354823636,0.001208216614764578
2020-03-02 13:31:00,3334.0352346597883,0.0012240765002666252
2020-03-02 13:32:00,3334.4217120629482,0.0012127327732558036
2020-03-02 13:33:00,3335.04012357547,0.001223749165452361
2020-03-02 13:34:00,3335.8752697993154,0.001197113468520227
2020-03-02 13:35:00,3336.1554020324825,0.001159078975542628
2020-03-02 13:36:00,3341.491216642622,0.001151867871266486
2020-03-02 13:37:00,3336.6354210851946,0.0011464867193658548
2020-03-02 13:38:00,3335.2404254075404,0.0011077524331909434
2020-03-02 13:39:00,3333.4045865353614,0.0011236447696184302
2020-03-02 13:40:00,3332.0939044122047,0.0011162756514606674
2020-03-02 13:41:00,3331.588381781986,0.001053024890100901
2020-03-02 13:42:00,3335.5460525325825,0.0010378809796022517
2020-03-02 13:43:00,3329.8386069632916,0.0010840779246031594
2020-03-02 13:44:00,3330.7103328385247,0.001155031397716705
2020-03-02 13:45:00,3331.8691742398373,0.00117674084455351
2020-03-02 13:46:00,3334.2326329592624,0.0011518235617288858
2020-03-02 13:47:00,3333.5190072491246,0.0011162356819474082
2020-03-02 13:48:00,3333.557655734587,0.001125136566932664
2020-03-02 13:49:00,3327.3927087629013,0.001206389810871593
2020-03-02 13:50:00,3326.129476411507,0.0011559230136097272
2020-03-02 13:51:00,3329.9569991043927,0.0011901315519960878
2020-03-02 13:52:00,3333.229179297844,0.0012158865689648483
2020-03-02 13:53:00,3328.7395302152445,0.0012525937211483613
2020-03-02 13:54:00,3329.98952226646,0.0012122097156510962
2020-03-02 13:55:00,3329.5474988561646,0.0012155829081477493
2020-03-02 13:56:00,3329.713684380965,0.0012240584535780064
2020-03-02 13:57:00,3332.829281719677,0.001136979255866827
2020-03-02 13:58:00,3334.733904059273,0.0011298981089152339
2020-03-02 13:59:00,3336.939575192709,0.001086108443676015
2020-03-02 14:00:00,3336.7107442049505,0.00111014399335395
2020-03-02 14:01:00,3336.902999517983,0.0010876314655587742
2020-03-02 14:02:00,3332.7281480429338,0.0010382062129733775
2020-03-02 14:03:00,3333.1701478327923,0.0010628433150729408
2020-03-02 14:04:00,3328.748146113634,0.0010824888012302537
2020-03-02 14:05:00,3333.904525198179,0.0010792291849407564
2020-03-02 14:06:00,3332.7726097606333,0.001086533285005078
2020-03-02 14:07:00,3325.761100020943,0.001093764550829125
2020-03-02 14:08:00,3326.929474717696,0.0011029110794955643
2020-03-02 14:09:00,3324.850380042965,0.001072767300506379
2020-03-02 14:10:00,3321.656962331662,0.0011338879917405969
2020-03-02 14:11:00,3325.0536481702597,0.0010792439416870729
2020-03-02 14:12:00,3315.2065644744926,0.0010700566776186506
2020-03-02 14:13:00,3313.89445869254,0.0010631028134806878
2020-03-02 14:14:00,3315.1423331759,0.0010715206133191297
2020-03-02 14:15:00,3314.344281910626,0.001073260188383769
2020-03-02 14:16:00,3316.894729167223,0.0010900685782106094
2020-03-02 14:17:00,3317.3824466731185,0.0010915259809234235
2020-03-02 14:18:00,3315.3788088119118,0.001133670206667051
2020-03-02 14:19:00,3311.011508050788,0.001098097840569799
2020-03-02 14:20:00,3314.1801153324213,0.001039066784095205
2020-03-02 14:21:00,3319.080464388193,0.0010939547861392247
2020-03-02 14:22:00,3318.4238190153105,0.0010540285271549129
2020-03-02 14:23:00,3320.096136178083,0.0010042175302626413
2020-03-02 14:24:00,3318.2289046335327,0.0008699612144797014
2020-03-02 14:25:00,3316.929725262275,0.0009120317472169969
2020-03-02 14:26:00,3312.5049759166927,0.0008903283034228902
2020-03-02 14:27:00,3313.539745003405,0.0009262860363765182
2020-03-02 14:28:00,3307.827645204571,0.0009284220927266937
2020-03-02 14:29:00,3304.397142947201,0.0009177264844494793
2020-03-02 14:30:00,3299.255288117264,0.0009120198491770172
2020-03-02 14:31:00,3295.976830101619,0.0009096845325501108
2020-03-02 14:32:00,3299.8646203338785,0.0009012705712786613
2020-03-02 14:33:00,3300.2692709312314,0.0009800717253899997
2020-03-02 14:34:00,3306.9778981413388,0.0009697691723326621
2020-03-02 14:35:00,3307.2736092438627,0.0009573472520384292
2020-03-02 14:36:00,3309.881107215383,0.0009462238361940943
2020-03-02 14:37:00,3310.0815619464493,0.0008916296636564326
2020-03-02 14:38:00,3309.926378436214,0.0008787260436119598
2020-03-02 14:39:00,3309.745345867334,0.0008705594747504925
2020-03-02 14:40:00,3310.3091921171476,0.000811845355533352
2020-03-02 14:41:00,3315.8938969864926,0.0008160136647584751
2020-03-02 14:42:00,3318.154874081116,0.0008020438279193753
2020-03-02 14:43:00,3315.999425655158,0.0008528770224696485
2020-03-02 14:44:00,3314.9573216662225,0.0009143196232032107
2020-03-02 14:45:00,3318.745163343223,0.0009447442760662268
2020-03-02 14:46:00,3321.6315331231026,0.0010062910118240297
2020-03-02 14:47:00,3322.5974728614215,0.0010204720031260486
2020-03-02 14:48:00,3324.5335529685326,0.0009637851521729906
2020-03-02 14:49:00,3329.6048624934624,0.0009845993566451735
2020-03-02 14:50:00,3329.580898797446,0.0009906880075996785
2020-03-02 14:51:00,3331.332841057275,0.0009891763105207303
2020-03-02 14:52:00,3335.2584452310525,0.001020842227330376
2020-03-02 14:53:00,3333.666781316682,0.0009357423237002256
2020-03-02 14:54:00,3330.8432089673584,0.0009574475992114987
2020-03-02 14:55:00,3332.1423272479014,0.000992266716753301
2020-03-02 14:56:00,3325.639495698209,0.0009900723735259138
2020-03-02 14:57:00,3324.90830356665,0.000915185892486296
2020-03-02 14:58:00,3326.6416497899136,0.0009120801248748601
2020-03-02 14:59:00,3326.2653471627186,0.0008913270489881915
2020-03-02 15:00:00,3328.9175349155194,0.000882856731705587
2020-03-02 15:01:00,3327.7056039699874,0.0009096864067216445
2020-03-02 15:02:00,3309.490456188465,0.0009720340569273259
2020-03-02 15:03:00,3307.7138578539634,0.0009638295232201564
2020-03-02 15:04:00,3307.651373742288,0.00091811095456632
2020-03-02 15:05:00,3307.3724975357864,0.0009061959822625381
2020-03-02 15:06:00,3309.3035834457414,0.0008679424794450323
2020-03-02 15:07:00,3307.989248020517,0.0009016496434886201
2020-03-02 15:08:00,3306.2774958504456,0.0008903133273606208
2020-03-02 15:09:00,3309.1756013514555,0.0008617003007937054
2020-03-02 15:10:00,3314.931757980418,0.0009020117149233556
2020-03-02 15:11:00,3319.767527504144,0.0009912932280571817
2020-03-02 15:12:00,3318.1749802298687,0.0009729800613510141
2020-03-02 15:13:00,3313.4162792986426,0.0009132691732720701
2020-03-02 15:14:00,3312.527441227428,0.0008515979835577089
2020-03-02 15:15:00,3311.9495839123606,0.0008344586229442815
2020-03-02 15:16:00,3310.6388508039918,0.0008279619967890514
2020-03-02 15:17:00,3308.1866238137522,0.0008502278601138597
2020-03-02 15:18:00,3309.0855339259256,0.000887981542259677
2020-03-02 15:19:00,3307.993995519359,0.0009710808168782747
2020-03-02 15:20:00,3305.4638862214406,0.000983454491543861
2020-03-02 15:21:00,3303.2543770226666,0.0009608664402876584
2020-03-02 15:22:00,3303.098686900603,0.0009380653009952419
2020-03-02 15:23:00,3300.6625046344266,0.0010843979089681065
2020-03-02 15:24:00,3301.278869453858,0.0010742104227924676
2020-03-02 15:25:00,3302.2372710960076,0.0010522763225908108
2020-03-02 15:26:00,3306.9213320943904,0.0010634556122626993
2020-03-02 15:27:00,3302.3947411934637,0.0010794504164974687
2020-03-02 15:28:00,3304.093393315482,0.0010482479899525377
2020-03-02 15:29:00,3304.15198420672,0.0010088704149958173
2020-03-02 15:30:00,3300.9267960875627,0.001014270134572271
2020-03-02 15:31:00,3302.5497535197746,0.0010278486824852149
2020-03-02 15:32:00,3304.755901701068,0.0010369826797409414
2020-03-02 15:33:00,3301.665376124407,0.0009838740546491333
2020-03-02 15:34:00,3301.4831833790117,0.000936743115127342
2020-03-02 15:35:00,3295.0485964607356,0.0008507429682075751
2020-03-02 15:36:00,3291.396732445744,0.0008640963419948787
2020-03-02 15:37:00,3291.1366102320885,0.0008553731054953188
2020-03-02 15:38:00,3288.965858913068,0.000826383752582919
2020-03-02 15:39:00,3289.042745263379,0.0008435867551789279
2020-03-02 15:40:00,3287.7399852676313,0.0008564981770758477
2020-03-02 15:41:00,3285.489094685515,0.000922611440414697
2020-03-02 15:42:00,3285.3852813478975,0.0008779148118166717
2020-03-02 15:43:00,3288.893456640856,0.0008495785758569692
2020-03-02 15:44:00,3290.577159475295,0.000812058118631299
2020-03-02 15:45:00,3290.5628604539515,0.0008050736199046659
2020-03-02 15:46:00,3291.8333126216294,0.000843911675827712
2020-03-02 15:47:00,3292.1457038172157,0.0008333929512964899
2020-03-02 15:48:00,3299.65309989991,0.0008679707546539394
2020-03-02 15:49:00,3296.073363546266,0.0009489405074826636
2020-03-02 15:50:00,3299.485148760859,0.0009389541400415774
2020-03-02 15:51:00,3298.143295969552,0.0009795960490518946
2020-03-02 15:52:00,3295.730942967831,0.000993263448598658
2020-03-02 15:53:00,3295.878937055751,0.0010562564917706693
2020-03-02 15:54:00,3291.3665176295776,0.001035427209103888
2020-03-02 15:55:00,3292.684115076296,0.0010139202610302466
2020-03-02 15:56:00,3289.478445409332,0.0010022851217731216
2020-03-02 15:57:00,3288.2039066864236,0.000999706920519998
2020-03-02 15:58:00,3289.8380417513354,0.0009392653456054351
2020-03-02 15:59:00,3286.4336485458593,0.0009493294058548846
2020-03-02 16:00:00,3289.1129780176425,0.0009508753823174258
2020-03-02 16:01:00,3282.8334470077198,0.0010010679404702193
2020-03-02 16:02:00,3285.198601836646,0.0009584625173682124
2020-03-02 16:03:00,3287.07837481763,0.0009920387852374443
2020-03-02 16:04:00,3284.3619059069165,0.0009779975561563384
2020-03-02 16:05:00,3281.072795749376,0.0009355811253482684
2020-03-02 16:06:00,3279.360409510863,0.0009181892248978113
2020-03-02 16:07:00,3280.4378950424107,0.0009448500070330801
2020-03-02 16:08:00,3285.7811691990855,0.0009977742196810254
2020-03-02 16:09:00,3281.899194566575,0.0010450152464056553
2020-03-02 16:10:00,3281.0477179274794,0.0010157205415624545
2020-03-02 16:11:00,3279.8795781008384,0.00106845340454772
2020-03-02 16:12:00,3279.6659046496316,0.0010474174759794632
2020-03-02 16:13:00,3279.303305457731,0.0010394161382333619
2020-03-02 16:14:00,3275.6448704506965,0.001046770878400183
2020-03-02 16:15:00,3279.9187410959985,0.0010494108530420682
2020-03-02 16:16:00,3281.188769031002,0.001039140837303078
2020-03-02 16:17:00,3282.3322554016377,0.0009771973397060191
2020-03-02 16:18:00,3282.5742128760767,0.0010153861615963891
2020-03-02 16:19:00,3282.9415965975845,0.0010535955949943928
2020-03-02 16:20:00,3282.3804578376194,0.0010781714893547004
2020-03-02 16:21:00,3287.1855155990056,0.0010581529918608835
2020-03-02 16:22:00,3283.562105032355,0.0011246423341943195
2020-03-02 16:23:00,3286.18177706864,0.0011099830158683732
2020-03-02 16:24:00,3280.745270751548,0.0010732782293061767
2020-03-02 16:25:00,3281.9250102181827,0.0010559904583912472
2020-03-02 16:26:00,3281.2535279734007,0.0011289328873245502
2020-03-02 16:27:00,3282.476954756889,0.0011316225987430771
2020-03-02 16:28:00,3281.7105112972868,0.0011434416448805336
2020-03-02 16:29:00,3276.463027686598,0.0011920223944682066
2020-03-02 16:30:00,3273.054673446528,0.0011741566621065315
2020-03-02 16:31:00,3269.5358334473135,0.0011514262608164092
2020-03-02 16:32:00,3270.6527993178693,0.0012148423664398095
2020-03-02 16:33:00,3269.4617851206613,0.0011694385018450554
2020-03-02 16:34:00,3270.0459755662605,0.0011980260184787958
2020-03-02 16:35:00,3274.47581295264,0.0012230928734759878
2020-03-02 16:36:00,3261.5964144799273,0.0012649969218795913
2020-03-02 16:37:00,3260.4012154424418,0.0012314897903349471
2020-03-02 16:38:00,3254.5318733707904,0.0011664678690408486
2020-03-02 16:39:00,3257.6607058163163,0.00117897922753074
2020-03-02 16:40:00,3255.1321161200553,0.0011406125260002423
2020-03-02 16:41:00,3261.2161795853845,0.001107368887706209
2020-03-02 16:42:00,3260.225804968006,0.0011016858746957232
2020-03-02 16:43:00,3261.733083781618,0.001135543548998833
2020-03-02 16:44:00,3265.2724914424443,0.0010982867983984257
2020-03-02 16:45:00,3267.229551270882,0.0011415040303816223
2020-03-02 16:46:00,3273.2481705295845,0.0011525387215067001
2020-03-02 16:47:00,3274.963110159984,0.001171280679163096
2020-03-02 16:48:00,3278.3573780756815,0.0011263404726272294
2020-03-02 16:49:00,3278.0367522206757,0.0011040101562031013
2020-03-02 16:50:00,3278.3526825112244,0.0011650772034688401
2020-03-02 16:51:00,3275.2824778518006,0.0012004719174753139
2020-03-02 16:52:00,3275.5142524581784,0.001227647568414088
2020-03-02 16:53:00,3269.2473447996085,0.0011840009289225098
2020-03-02 16:54:00,3273.203708985618,0.0012177451674645107
2020-03-02 16:55:00,3270.5050844570205,0.0012207460097059357
2020-03-02 16:56:00,3268.7098628328827,0.0012608576535881625
2020-03-02 16:57:00,3271.32481507558,0.0012223375489051364
2020-03-02 16:58:00,3273.5087094331943,0.0011892264526757572
2020-03-02 16:59:00,3274.8821778801794,0.0012949224100285163
2020-03-02 17:00:00,3271.995459246934,0.0012642536832751625
2020-03-02 17:01:00,3272.4966983209947,0.0013072476535047443
2020-03-02 17:02:00,3278.0534561358813,0.0013191511538521111
2020-03-02 17:03:00,3274.409216007912,0.0013255068713446312
2020-03-02 17:04:00,3268.1485398598866,0.00129980572475678
2020-03-02 17:05:00,3274.840615568727,0.0012720308997330354
2020-03-02 17:06:00,3272.401660998764,0.0013530400919120685
2020-03-02 17:07:00,3272.033440869267,0.0013705440382243287
2020-03-02 17:08:00,3275.549430823443,0.0013839034513889528
2020-03-02 17:09:00,3279.644165326172,0.0013445398700549043
2020-03-02 17:10:00,3282.5224244049327,0.0014001178745453623
2020-03-02 17:11:00,3279.198164324884,0.0013798877104629465
2020-03-02 17:12:00,3277.4455911396158,0.0014486066223129762
2020-03-02 17:13:00,3278.157781120426,0.0015116211186756102
2020-03-02 17:14:00,3279.7668766925713,0.0015320652430379426
2020-03-02 17:15:00,3287.426177760526,0.0015327472428078187
2020-03-02 17:16:00,3282.436024979077,0.0014951871119234857
2020-03-02 17:17:00,3284.146806183185,0.0014111162368777657
2020-03-02 17:18:00,3268.1689931343594,0.0014060680293593486
2020-03-02 17:19:00,3260.529288472884,0.0013676832575972347
2020-03-02 17:20:00,3264.499006391981,0.0014234895262517058
2020-03-02 17:21:00,3261.4022111895433,0.001448036334646747
2020-03-02 17:22:00,3258.707300051035,0.001444644324300166
2020-03-02 17:23:00,3259.4841045448725,0.001395880601316744
2020-03-02 17:24:00,3257.9181336702154,0.00137787760529785
2020-03-02 17:25:00,3252.819435581036,0.0014119225580068644
2020-03-02 17:26:00,3243.1713593563422,0.0014527948061037867
2020-03-02 17:27:00,3238.964857108685,0.0014782066201029
2020-03-02 17:28:00,3236.581480812183,0.0015493306379972677
2020-03-02 17:29:00,3244.5943524232007,0.0015365201410572468
2020-03-02 17:30:00,3241.4909723818214,0.001524025799538354
2020-03-02 17:31:00,3240.837927970274,0.0015786747988491498
2020-03-02 17:32:00,3233.0033005690784,0.0015669413422218278
2020-03-02 17:33:00,3233.841352055995,0.001541873478238948
2020-03-02 17:34:00,3230.3588734184486,0.0015469227962861785
2020-03-02 17:35:00,3234.5331899700645,0.0015439256114888737
2020-03-02 17:36:00,3228.9474514280355,0.0015245400931819097
2020-03-02 17:37:00,3228.5512640545962,0.0015475646570488177
2020-03-02 17:38:00,3224.378552552786,0.0016113363239792025
2020-03-02 17:39:00,3217.906524744626,0.0016428087449548573
2020-03-02 17:40:00,3223.273815319991,0.0017179205176639347
2020-03-02 17:41:00,3231.358619145455,0.001732621958724236
2020-03-02 17:42:00,3228.161644942177,0.0017089119304965375
2020-03-02 17:43:00,3233.560428058568,0.0016985875103676497
2020-03-02 17:44:00,3235.8211597423406,0.0017065708952155002
2020-03-02 17:45:00,3243.10888970643,0.0017548901965051434
2020-03-02 17:46:00,3239.741315726719,0.0017441935272075174
2020-03-02 17:47:00,3232.007715783519,0.0018406331891080653
2020-03-02 17:48:00,3226.95661206838,0.0018278453085141923
2020-03-02 17:49:00,3235.615359629928,0.0018324828920928788
2020-03-02 17:50:00,3235.8943086930794,0.0018112094124992308
2020-03-02 17:51:00,3231.7558545937177,0.0017533738244181261
2020-03-02 17:52:00,3228.127122785806,0.0017003685563023122
2020-03-02 17:53:00,3228.6723236606604,0.0016859968578551447
2020-03-02 17:54:00,3240.735940102708,0.0017428320463353123
2020-03-02 17:55:00,3243.9658455335148,0.0017236687691064342
2020-03-02 17:56:00,3239.2859394763686,0.0016378425902983875
2020-03-02 17:57:00,3242.0711041045433,0.0016323801408056275
2020-03-02 17:58:00,3247.9242281828165,0.0017144587115808776
2020-03-02 17:59:00,3254.5649690899363,0.001738368524918565
2020-03-02 18:00:00,3257.553519507381,0.0017913114539846364
2020-03-02 18:01:00,3260.440054839221,0.0018788920188855165
2020-03-02 18:02:00,3278.0152308067777,0.0018856529845505826
2020-03-02 18:03:00,3279.6747996213076,0.0018628576116182613
2020-03-02 18:04:00,3282.9818462615203,0.0018572966739283227
2020-03-02 18:05:00,3276.238804561077,0.001836297946886696
2020-03-02 18:06:00,3259.746895702528,0.0018031736107758007
2020-03-02 18:07:00,3251.1000102007,0.0017655793723699298
2020-03-02 18:08:00,3246.4184389630263,0.0017465180952482518
2020-03-02 18:09:00,3242.1708315239894,0.001799712142478701
2020-03-02 18:10:00,3253.0238640391503,0.0017851687953627648
2020-03-02 18:11:00,3254.7933143320233,0.001765206055080158
2020-03-02 18:12:00,3254.365703486194,0.0017806867727621675
2020-03-02 18:13:00,3251.5639632185535,0.0017947781061020728
2020-03-02 18:14:00,3255.01119993022,0.0018243806977690936
2020-03-02 18:15:00,3257.2184298987713,0.0017884672008057366
2020-03-02 18:16:00,3263.420770225397,0.001773677852082985
2020-03-02 18:17:00,3252.6288562205864,0.001808722227472174
2020-03-02 18:18:00,3257.9003866476432,0.001797244175372945
2020-03-02 18:19:00,3261.596826866945,0.0017729055429207858
2020-03-02 18:20:00,3252.131525735067,0.001708592850219141
2020-03-02 18:21:00,3247.6347163273663,0.001705274012732258
2020-03-02 18:22:00,3244.6357879608377,0.0017481072381431504
2020-03-02 18:23:00,3242.08745813029,0.001738776369073777
2020-03-02 18:24:00,3235.322459942985,0.0017091228639205562
2020-03-02 18:25:00,3240.878205360358,0.0017857542606986318
2020-03-02 18:26:00,3237.5623858868507,0.0017826367193559034
2020-03-02 18:27:00,3241.3447801213615,0.0017796292380368487
2020-03-02 18:28:00,3236.286978027481,0.0018074604918008454
2020-03-02 18:29:00,3243.0300467299166,0.0018311688944152608
2020-03-02 18:30:00,3246.962571143275,0.001884540425261474
2020-03-02 18:31:00,3248.195210635268,0.0018499286711917084
2020-03-02 18:32:00,3250.564259758229,0.001861294668984807
2020-03-02 18:33:00,3262.8654090174145,0.0018444556630182562
2020-03-02 18:34:00,3263.158787347002,0.0018002987408482416
2020-03-02 18:35:00,3248.3455201688535,0.0017661937083335306
2020-03-02 18:36:00,3247.7838736351837,0.0018268434777279753
2020-03-02 18:37:00,3252.5791667816584,0.0018355078302873598
2020-03-02 18:38:00,3267.5329098093343,0.0018306157339957108
2020-03-02 18:39:00,3274.8230621691746,0.0018514585064095424
2020-03-02 18:40:00,3274.474680632387,0.0018620356088934623
2020-03-02 18:41:00,3273.3144497660774,0.001873218993118914
2020-03-02 18:42:00,3266.823933751077,0.0019180479716031024
2020-03-02 18:43:00,3265.8905091965757,0.0018459309605906697
2020-03-02 18:44:00,3264.7215455956853,0.0017855358425688495
2020-03-02 18:45:00,3265.7497873961383,0.0017324189964327689
2020-03-02 18:46:00,3260.2047431178253,0.0017049722040901225
2020-03-02 18:47:00,3258.264282618117,0.0016867889554561485
2020-03-02 18:48:00,3258.9535029504727,0.0016918051658451846
2020-03-02 18:49:00,3258.6196892364906,0.001710350875671888
2020-03-02 18:50:00,3258.856760397098,0.0016719565879825065
2020-03-02 18:51:00,3263.6870502590245,0.0017252846698922848
2020-03-02 18:52:00,3268.5716585281134,0.001654060981373452
2020-03-02 18:53:00,3273.998063269749,0.0016083054307720614
2020-03-02 18:54:00,3274.571047898955,0.0015416537630686023
2020-03-02 18:55:00,3277.118635681804,0.0015248401552077182
2020-03-02 18:56:00,3272.455281968491,0.0014862777477003962
2020-03-02 18:57:00,3273.5620267401036,0.0015402167953645991
2020-03-02 18:58:00,3266.0370015531403,0.0015224218244567595
2020-03-02 18:59:00,3277.3349880044216,0.0014910514149191162
2020-03-02 19:00:00,3276.137734415631,0.0014222183170352217
2020-03-02 19:01:00,3279.299314395575,0.0014592011849771495
2020-03-02 19:02:00,3278.7325426206544,0.0014465284454950546
2020-03-02 19:03:00,3279.7476077033457,0.001441047233882929
2020-03-02 19:04:00,3284.612214956703,0.001424751731580628
2020-03-02 19:05:00,3286.979323597121,0.0014081999127465038
2020-03-02 19:06:00,3293.4813372059707,0.0013621847867319905
2020-03-02 19:07:00,3285.1293088808497,0.0013726886489651836
2020-03-02 19:08:00,3277.393335840322,0.001392103882952587
2020-03-02 19:09:00,3284.3069790645704,0.0014055236708760258
2020-03-02 19:10:00,3283.2005099453854,0.001355911683469148
2020-03-02 19:11:00,3282.9416418385417,0.0013926549594972155
2020-03-02 19:12:00,3278.272038660367,0.001427474127202781
2020-03-02 19:13:00,3286.1858530922236,0.0013231911609714623
2020-03-02 19:14:00,3284.220034088863,0.0012991165123078655
2020-03-02 19:15:00,3280.171776207431,0.0013036838315637635
2020-03-02 19:16:00,3279.3082658110025,0.0012859555586135839
2020-03-02 19:17:00,3288.3142585425294,0.0013172307641310258
2020-03-02 19:18:00,3291.4290496080043,0.0013656334021952615
2020-03-02 19:19:00,3301.047093904988,0.0013326832123402262
2020-03-02 19:20:00,3300.75374288652,0.0013099565557828884
2020-03-02 19:21:00,3301.716513267889,0.0013131155889566195
2020-03-02 19:22:00,3304.2194250526395,0.0013185458252630115
2020-03-02 19:23:00,3312.149881135492,0.0012855839193692375
2020-03-02 19:24:00,3313.845258469105,0.0012259790148810253
2020-03-02 19:25:00,3316.114767044848,0.0012784153242603547
2020-03-02 19:26:00,3308.1669308824466,0.0012648824303382361
2020-03-02 19:27:00,3311.6065672159725,0.0012421000373537977
2020-03-02 19:28:00,3315.990939761898,0.0013051542251285256
2020-03-02 19:29:00,3323.796730424145,0.0013570637146020968
2020-03-02 19:30:00,3325.6431152685523,0.0013520492753552314
2020-03-02 19:31:00,3327.0889460376284,0.0013683204154711095
2020-03-02 19:32:00,3329.5146511350226,0.0013753116513689234
2020-03-02 19:33:00,3329.555153988523,0.0013725338072321021
2020-03-02 19:34:00,3325.456283168582,0.0013612465959585579
2020-03-02 19:35:00,3325.4728904069775,0.0014075217285568883
2020-03-02 19:36:00,3323.696592359516,0.0014281227321949403
2020-03-02 19:37:00,3322.464854237559,0.0014491956021612966
2020-03-02 19:38:00,3325.3466458513417,0.0014279088932426685
2020-03-02 19:39:00,3323.172019319642,0.0014510113418350172
2020-03-02 19:40:00,3328.26481564721,0.0013833593956818788
2020-03-02 19:41:00,3319.5103654419963,0.0013887685519111653
2020-03-02 19:42:00,3321.144931303573,0.0014004251716178584
2020-03-02 19:43:00,3315.904030994234,0.0013449668707048333
2020-03-02 19:44:00,3317.00046692612,0.0013650802501861332
2020-03-02 19:45:00,3318.9448277585434,0.0013557300010363237
2020-03-02 19:46:00,3313.4097463332364,0.0013549298461613237
2020-03-02 19:47:00,3313.61967102959,0.0014569757655049618
2020-03-02 19:48:00,3319.1745744225645,0.0014275938970462604
2020-03-02 19:49:00,3322.1626002512176,0.0014351056435064407
2020-03-02 19:50:00,3334.171906144562,0.0014489094233316338
2020-03-02 19:51:00,3330.5727925499323,0.0014641089214068917
2020-03-02 19:52:00,3328.9172273319364,0.0014264033567711048
2020-03-02 19:53:00,3327.975294060163,0.001439638378364619
2020-03-02 19:54:00,3334.297820110458,0.001420355653265823
2020-03-02 19:55:00,3339.838063031235,0.0013848540831914071
2020-03-02 19:56:00,3337.8260390386145,0.0013763209774032192
2020-03-02 19:57:00,3347.200822549792,0.0013543417496732137
2020-03-02 19:58:00,3348.787875025614,0.0012517047519868233
2020-03-02 19:59:00,3346.2794611997547,0.0012959467781220385
2020-03-03 13:30:00,3385.584553113485,0.001345297630200969
2020-03-03 13:31:00,3383.2652462360784,0.0014565452258909859
2020-03-03 13:32:00,3388.676372101317,0.0014383812220412665
2020-03-03 13:33:00,3387.539564656516,0.0014555768652041016
2020-03-03 13:34:00,3386.8228521489036,0.0014435081700857127
2020-03-03 13:35:00,3381.8847596298974,0.0014525473006946473
2020-03-03 13:36:00,3390.6991984385477,0.0014874577291801618
2020-03-03 13:37:00,3385.6140178150445,0.0014546210512619766
2020-03-03 13:38:00,3387.4789291125635,0.0013982164974121085
2020-03-03 13:39:00,3386.528271839531,0.001476056613950593
2020-03-03 13:40:00,3375.756301562052,0.0015181788714396433
2020-03-03 13:41:00,3377.1697837921797,0.0015487460441475393
2020-03-03 13:42:00,3378.764214027679,0.0015234511733291205
2020-03-03 13:43:00,3385.630004282936,0.0015663163735655339
2020-03-03 13:44:00,3387.3142386858335,0.001626441506865747
2020-03-03 13:45:00,3380.290309314627,0.0016407653520908222
2020-03-03 13:46:00,3383.0829664780813,0.0015981107176114425
2020-03-03 13:47:00,3382.976857614187,0.0016094100526715446
2020-03-03 13:48:00,3389.510874300791,0.001637797786661749
2020-03-03 13:49:00,3401.7269269316644,0.0016908181033942
2020-03-03 13:50:00,3394.787474871995,0.0016417035814575744
2020-03-03 13:51:00,3396.421732145602,0.001578109873186897
2020-03-03 13:52:00,3401.4257464343655,0.0015765094450404659
2020-03-03 13:53:00,3405.0125813751024,0.0015561913978764915
2020-03-03 13:54:00,3399.09333485333,0.0015156805095578741
2020-03-03 13:55:00,3401.5105904591605,0.0015287886207853575
2020-03-03 13:56:00,3396.364879519717,0.0015333005976317384
2020-03-03 13:57:00,3402.6615866879147,0.0015446118638005484
2020-03-03 13:58:00,3405.6385633381037,0.0015358156849407524
2020-03-03 13:59:00,3410.5141707579296,0.0015105414887949746
2020-03-03 14:00:00,3412.416678068293,0.0014488232151616952
2020-03-03 14:01:00,3422.074233774559,0.0014085987409198863
2020-03-03 14:02:00,3419.560632008838,0.0013953160534136329
2020-03-03 14:03:00,3414.43327348672,0.0014674225913927535
2020-03-03 14:04:00,3423.4897331154643,0.0015044159229491026
2020-03-03 14:05:00,3423.646183948103,0.001424033897632061
2020-03-03 14:06:00,3425.3560783641556,0.0014051647856009849
2020-03-03 14:07:00,3423.85727966806,0.0014093429972499528
2020-03-03 14:08:00,3420.5378198014255,0.00143752719777771
2020-03-03 14:09:00,3420.091110409688,0.0014248052887227609
2020-03-03 14:10:00,3419.320188952957,0.0014088610379529125
2020-03-03 14:11:00,3420.4688195882554,0.0013912648763412113
2020-03-03 14:12:00,3421.1465334236605,0.001420007897292902
2020-03-03 14:13:00,3424.2444592518223,0.0014394719418179514
2020-03-03 14:14:00,3421.469766135976,0.0013564747796023721
2020-03-03 14:15:00,3416.992245863438,0.0014210326499650146
2020-03-03 14:16:00,3420.7469346890985,0.0014072043259191348
2020-03-03 14:17:00,3430.464439512735,0.0013490854366252252
2020-03-03 14:18:00,3430.7985041336246,0.0012847753030202878
2020-03-03 14:19:00,3441.0747071283604,0.0012487133268594768
2020-03-03 14:20:00,3444.2029346503164,0.001181210184512801
2020-03-03 14:21:00,3449.0317467705386,0.001207884742847905
2020-03-03 14:22:00,3438.6594793140935,0.0012457743254799586
2020-03-03 14:23:00,3443.1699519536182,0.001295767707228238
2020-03-03 14:24:00,3447.172316919987,0.0013352322897165403
2020-03-03 14:25:00,3444.3440114136156,0.0013931142963236303
2020-03-03 14:26:00,3455.0751911803436,0.0014617921590603566
2020-03-03 14:27:00,3453.230794982621,0.0014801017820079984
2020-03-03 14:28:00,3455.686935430145,0.0014455345781140211
2020-03-03 14:29:00,3459.8928037035885,0.0014316933675223014
2020-03-03 14:30:00,3456.727937391936,0.0013961887302552584
2020-03-03 14:31:00,3465.79258528603,0.0014003446163528212
2020-03-03 14:32:00,3460.4447756092054,0.001370451009942849
2020-03-03 14:33:00,3457.616437509685,0.001345193579732247
2020-03-03 14:34:00,3459.082336956293,0.001346291713163012
2020-03-03 14:35:00,3457.3324551289093,0.0013697664095191175
2020-03-03 14:36:00,3457.633010156115,0.0014077562849091915
2020-03-03 14:37:00,3462.8948631948165,0.0014324950095980947
2020-03-03 14:38:00,3457.065134092275,0.0013957920659402477
2020-03-03 14:39:00,3457.0387819844555,0.0014253897365427636
2020-03-03 14:40:00,3456.4460431200087,0.0013875917442160968
2020-03-03 14:41:00,3460.0571634488574,0.0013773977084069373
2020-03-03 14:42:00,3450.3329737240097,0.001372319991763776
2020-03-03 14:43:00,3441.206187244145,0.0013509780746666787
2020-03-03 14:44:00,3433.1749873088056,0.0013036769686069424
2020-03-03 14:45:00,3434.8815666373694,0.0012976879239933966
2020-03-03 14:46:00,3439.804215835184,0.0012992049256263368
2020-03-03 14:47:00,3439.249968997633,0.0013054206056538787
2020-03-03 14:48:00,3440.230021760773,0.001223436288279604
2020-03-03 14:49:00,3443.622673210689,0.0011661903554314721
2020-03-03 14:50:00,3416.9449903116833,0.001060372619508973
2020-03-03 14:51:00,3413.1414823417517,0.0009895288139872374
2020-03-03 14:52:00,3409.951683087364,0.0009808434869248558
2020-03-03 14:53:00,3410.1755159956947,0.0009491150993203136
2020-03-03 14:54:00,3409.26862413963,0.0009026203038389946
2020-03-03 14:55:00,3408.806776859955,0.0008111439507129056
2020-03-03 14:56:00,3416.1006631301484,0.000871185032641122
2020-03-03 14:57:00,3417.137223159609,0.0008959591907033959
2020-03-03 14:58:00,3416.1412301062032,0.0008616126360411812
2020-03-03 14:59:00,3414.8818722803376,0.0008593056517641795
2020-03-03 15:00:00,3415.45460132295,0.0008567457440687347
2020-03-03 15:01:00,3419.9217675095674,0.0008483954616510688
2020-03-03 15:02:00,3417.011537920313,0.0008093772080140644
2020-03-03 15:03:00,3414.813529052467,0.0007702605855104982
2020-03-03 15:04:00,3410.8030018312666,0.0007712967804481973
2020-03-03 15:05:00,3409.216756577519,0.0007946729560361197
2020-03-03 15:06:00,3404.4918081924366,0.0007652466709114545
2020-03-03 15:07:00,3400.6923465894833,0.0007627293275845475
2020-03-03 15:08:00,3398.385094269655,0.0007656921521451167
2020-03-03 15:09:00,3397.9111579508153,0.0007458492974058795
2020-03-03 15:10:00,3395.9488887671514,0.000715694774360782
2020-03-03 15:11:00,3397.8333084634983,0.0006315069410866835
2020-03-03 15:12:00,3400.443062742944,0.0007006038840524925
2020-03-03 15:13:00,3400.0492077473205,0.0006808994731820151
2020-03-03 15:14:00,3403.2550599594606,0.0006523820188141613
2020-03-03 15:15:00,3403.29029758051,0.000643811760575982
2020-03-03 15:16:00,3401.219848206854,0.0006788346034538607
2020-03-03 15:17:00,3399.1724709030036,0.0006116220809221796
2020-03-03 15:18:00,3400.121524038876,0.0006105544073759664
2020-03-03 15:19:00,3398.794781179722,0.0006114578780422386
2020-03-03 15:20:00,3398.235629219966,0.0005806214035640346
2020-03-03 15:21:00,3400.030379250454,0.0005522693204710301
2020-03-03 15:22:00,3400.237983438169,0.0004896907277180436
2020-03-03 15:23:00,3402.0438821827934,0.0005453593597675952
2020-03-03 15:24:00,3403.0407583556043,0.0005187268733467452
2020-03-03 15:25:00,3401.9764252209493,0.0005363833012689823
2020-03-03 15:26:00,3402.5401266867802,0.0005085699328248155
2020-03-03 15:27:00,3402.9736194063466,0.0005655569550205051
2020-03-03 15:28:00,3405.2211413784776,0.0006099583503487353
2020-03-03 15:29:00,3405.810551422319,0.0006311036228730008
2020-03-03 15:30:00,3406.9748230008236,0.0007219125455885299
2020-03-03 15:31:00,3409.583231345016,0.000682082137300683
2020-03-03 15:32:00,3413.983441022403,0.0006870029737446679
2020-03-03 15:33:00,3410.5814500917304,0.0007320932583392725
2020-03-03 15:34:00,3407.2989357430192,0.000747930315698786
2020-03-03 15:35:00,3409.305614790799,0.0008035634946143973
2020-03-03 15:36:00,3411.528516870566,0.0008802648254346933
2020-03-03 15:37:00,3412.5510820379855,0.0008500594997481783
2020-03-03 15:38:00,3415.8496480951594,0.0008802557256296234
2020-03-03 15:39:00,3417.1692288433765,0.0009077996375754678
2020-03-03 15:40:00,3416.1536391925215,0.0008594028003402717
2020-03-03 15:41:00,3411.592268450964,0.000895998334853582
2020-03-03 15:42:00,3411.2482440107965,0.000954469181154001
2020-03-03 15:43:00,3413.1236168454807,0.0009333516783819995
2020-03-03 15:44:00,3409.795534262795,0.0008883583448523256
2020-03-03 15:45:00,3407.99987669307,0.000930503657997356
2020-03-03 15:46:00,3412.1480812102996,0.0008865345558072251
2020-03-03 15:47:00,3410.8163772785592,0.0008709864458363218
2020-03-03 15:48:00,3416.1155571467666,0.0008508120899784686
2020-03-03 15:49:00,3413.597224785513,0.0008166878407857018
2020-03-03 15:50:00,3415.025139174255,0.0008148148210304823
2020-03-03 15:51:00,3414.1261430851036,0.0008290510310743022
2020-03-03 15:52:00,3418.3898949172294,0.0008951045015374559
2020-03-03 15:53:00,3419.4642330774386,0.0009101314593767311
2020-03-03 15:54:00,3419.2445551045744,0.0009788137939943922
2020-03-03 15:55:00,3419.823978760699,0.0009606712323492046
2020-03-03 15:56:00,3416.8693939085715,0.0009787634133693475
2020-03-03 15:57:00,3416.152128147559,0.0009951961197021762
2020-03-03 15:58:00,3416.3062770586844,0.0009666234569050637
2020-03-03 15:59:00,3422.401938498983,0.0009581270463374621
2020-03-03 16:00:00,3427.721518856971,0.0009405496929261591
2020-03-03 16:01:00,3429.255908402776,0.0009331030283962516
2020-03-03 16:02:00,3428.8240300567895,0.0009339109234535115
2020-03-03 16:03:00,3433.361208049537,0.0009562369965735861
2020-03-03 16:04:00,3435.992512165519,0.0009869038094183552
2020-03-03 16:05:00,3440.4709196771805,0.001050090561051326
2020-03-03 16:06:00,3442.52614255111,0.001033968102458143
2020-03-03 16:07:00,3442.033588391686,0.0011248871014093902
2020-03-03 16:08:00,3438.1174829340107,0.0011202686030778574
2020-03-03 16:09:00,3437.529937668283,0.0010395690340775853
2020-03-03 16:10:00,3436.587497971998,0.000991876619003821
2020-03-03 16:11:00,3440.401018478217,0.0010144379363000967
2020-03-03 16:12:00,3437.2048891892346,0.0009488294405720366
2020-03-03 16:13:00,3436.3064997738957,0.0008988995301200241
2020-03-03 16:14:00,3440.0688814723103,0.0008765497210429811
2020-03-03 16:15:00,3435.280166562998,0.0008687118089921354
2020-03-03 16:16:00,3439.939809511259,0.0008335389685346407
2020-03-03 16:17:00,3439.6376601922057,0.0008147840455825031
2020-03-03 16:18:00,3438.81777613469,0.0008510682246467357
2020-03-03 16:19:00,3433.603099127135,0.0009089791694514179
2020-03-03 16:20:00,3431.9567257753347,0.0009098627688334087
2020-03-03 16:21:00,3433.7799687823435,0.0008609235673944911
2020-03-03 16:22:00,3437.1364510267313,0.0008741418446536778
2020-03-03 16:23:00,3441.6252470100717,0.0009320595494682591
2020-03-03 16:24:00,3442.488417955814,0.000918675273838588
2020-03-03 16:25:00,3449.047845943839,0.0009047413921816619
2020-03-03 16:26:00,3452.7183667049303,0.0009161244723908585
2020-03-03 16:27:00,3449.7337060683103,0.0009032947287789655
2020-03-03 16:28:00,3451.667574374154,0.0009287858986827001
2020-03-03 16:29:00,3451.0167309508406,0.0009305793213807825
2020-03-03 16:30:00,3450.2643527227815,0.0009755933452780586
2020-03-03 16:31:00,3445.836567180603,0.0009900240187241708
2020-03-03 16:32:00,3450.47852224801,0.0009911185451944712
2020-03-03 16:33:00,3449.838562897474,0.0009686613109264462
2020-03-03 16:34:00,3449.793296409148,0.001028057608327591
2020-03-03 16:35:00,3452.113894539811,0.0009795896884089803
2020-03-03 16:36:00,3451.1110344423914,0.0009433114573994536
2020-03-03 16:37:00,3450.831381655641,0.0009367310564351004
2020-03-03 16:38:00,3454.870570932616,0.0009001305178800343
2020-03-03 16:39:00,3451.9696593313297,0.0009143387162747433
2020-03-03 16:40:00,3451.568544435248,0.0008925282256314292
2020-03-03 16:41:00,3450.2761670238183,0.000869555440160334
2020-03-03 16:42:00,3454.583244495701,0.0008945176428994497
2020-03-03 16:43:00,3452.1253304942406,0.0008787759976946333
2020-03-03 16:44:00,3450.535002956702,0.0009039250841147099
2020-03-03 16:45:00,3450.141066997517,0.0009105380191284285
2020-03-03 16:46:00,3450.972747174119,0.0009052266620622635
2020-03-03 16:47:00,3445.5112741160688,0.0009617494745131136
2020-03-03 16:48:00,3442.4008293090383,0.00093160302503684
2020-03-03 16:49:00,3446.434018586908,0.0009881889471260086
2020-03-03 16:50:00,3448.4375118337625,0.0009436632653238545
2020-03-03 16:51:00,3451.0509983132083,0.0009165724782865646
2020-03-03 16:52:00,3449.1287484250693,0.0008681457182927361
2020-03-03 16:53:00,3447.957182557356,0.0008906947659160624
2020-03-03 16:54:00,3445.8317221757875,0.0008723147642565046
2020-03-03 16:55:00,3446.9442260231476,0.0008577252652325149
2020-03-03 16:56:00,3450.4621039706703,0.0008760431431925149
2020-03-03 16:57:00,3452.843478523408,0.0008657811220732336
2020-03-03 16:58:00,3450.5363436761754,0.0008363432915272544
2020-03-03 16:59:00,3448.817597578185,0.0007750416910678463
2020-03-03 17:00:00,3452.7029483727383,0.0007526685632777368
2020-03-03 17:01:00,3453.52681966698,0.0007470952036742924
2020-03-03 17:02:00,3456.097143004372,0.0007625558021209479
2020-03-03 17:03:00,3460.7601637579005,0.0007689302770002623
2020-03-03 17:04:00,3465.172149130171,0.0007785708340095888
2020-03-03 17:05:00,3467.193675011448,0.0007621612951608102
2020-03-03 17:06:00,3464.168639038948,0.0007493856155137691
2020-03-03 17:07:00,3467.4362245766247,0.0006725680552662962
2020-03-03 17:08:00,3467.6803999970175,0.0006027104903485864
2020-03-03 17:09:00,3467.536365481276,0.0006676132547962145
2020-03-03 17:10:00,3465.9035997557303,0.0006494032143815467
2020-03-03 17:11:00,3465.0490915541654,0.000608704627835163
2020-03-03 17:12:00,3464.608530513519,0.0006070880344611716
2020-03-03 17:13:00,3464.0538029712384,0.0006811751436795846
2020-03-03 17:14:00,3460.869479056809,0.0007488534239516103
2020-03-03 17:15:00,3462.934693802095,0.0007311472195492837
2020-03-03 17:16:00,3464.2211519657453,0.0007370282632790714
2020-03-03 17:17:00,3465.3662173978073,0.0007116945363153522
2020-03-03 17:18:00,3465.4129354671195,0.0007337204773258578
2020-03-03 17:19:00,3461.4934732626366,0.0007038285221395634
2020-03-03 17:20:00,3460.655094416735,0.0007030281849406179
2020-03-03 17:21:00,3459.457245282716,0.0006670411533073559
2020-03-03 17:22:00,3456.8385262431493,0.0006833850538806857
2020-03-03 17:23:00,3458.321471590039,0.0006929942404950305
2020-03-03 17:24:00,3455.3234537581257,0.0006854961219648321
2020-03-03 17:25:00,3458.1016389610018,0.0007203186718378728
2020-03-03 17:26:00,3457.4094217422353,0.0007168062422488598
2020-03-03 17:27:00,3461.4740651940433,0.0007933165980099147
2020-03-03 17:28:00,3465.152141665638,0.0007602170118905732
2020-03-03 17:29:00,3463.880684045274,0.0007814178087603473
2020-03-03 17:30:00,3462.1433722323295,0.0007656325279917526
2020-03-03 17:31:00,3461.47250909994,0.0007745997352457704
2020-03-03 17:32:00,3466.9073309988444,0.0007955016988513138
2020-03-03 17:33:00,3463.6211759351477,0.0007217477995361263
2020-03-03 17:34:00,3466.591862107459,0.0006534046775823401
2020-03-03 17:35:00,3463.332848801572,0.0006859165638045267
2020-03-03 17:36:00,3465.5645519219956,0.0006404473899804824
2020-03-03 17:37:00,3465.755710143167,0.0006610885394267419
2020-03-03 17:38:00,3466.8424016141644,0.0006623000902635697
2020-03-03 17:39:00,3463.7662081303006,0.0006806161658526055
2020-03-03 17:40:00,3460.8899054728695,0.000713167229577449
2020-03-03 17:41:00,3461.993438533956,0.0007204414294909552
2020-03-03 17:42:00,3460.0544444429706,0.0008189518288550302
2020-03-03 17:43:00,3462.502571780492,0.0008174391653852094
2020-03-03 17:44:00,3462.097900211442,0.0007984606754421214
2020-03-03 17:45:00,3462.1369488468367,0.0008185008274474256
2020-03-03 17:46:00,3465.0191413639996,0.0008053818823235706
2020-03-03 17:47:00,3470.704603903714,0.0007957405807681462
2020-03-03 17:48:00,3468.053743892968,0.0007775079246613852
2020-03-03 17:49:00,3469.1018708746446,0.0007605631025595968
2020-03-03 17:50:00,3471.1787911784722,0.0007970024738587465
2020-03-03 17:51:00,3467.0281983964614,0.0007644035251803347
2020-03-03 17:52:00,3464.0301210030243,0.0007523663523178131
2020-03-03 17:53:00,3459.6765890181405,0.0007987644526994623
2020-03-03 17:54:00,3458.4040750349545,0.0008024567007344896
2020-03-03 17:55:00,3456.6950812502314,0.0007541260704543249
2020-03-03 17:56:00,3460.219746618505,0.0007895439707517407
2020-03-03 17:57:00,3460.861867006193,0.0008117326103649715
2020-03-03 17:58:00,3459.5173354602707,0.0008265632590386242
2020-03-03 17:59:00,3465.7442423649704,0.000851344880451923
2020-03-03 18:00:00,3464.936569043796,0.0007825943907253046
2020-03-03 18:01:00,3465.6200678253363,0.0008025272222598311
2020-03-03 18:02:00,3469.4461116125935,0.0007681560995442434
2020-03-03 18:03:00,3469.28510954706,0.0007527719123151895
2020-03-03 18:04:00,3468.302740823791,0.0008430146872163082
2020-03-03 18:05:00,3469.021192872784,0.0008249095521027311
2020-03-03 18:06:00,3468.8127863138197,0.000828873769585269
2020-03-03 18:07:00,3467.876153407304,0.0009027761981638457
2020-03-03 18:08:00,3462.064035169873,0.0008699281392630384
2020-03-03 18:09:00,3464.4701750020376,0.0008314612481373985
2020-03-03 18:10:00,3463.997740348244,0.0008679619811728256
2020-03-03 18:11:00,3459.650861529592,0.0008710492051182117
2020-03-03 18:12:00,3456.7476498210544,0.0008705131394382999
2020-03-03 18:13:00,3455.9926678389347,0.0009416018103496781
2020-03-03 18:14:00,3455.1477019690933,0.000977186333667364
2020-03-03 18:15:00,3454.8157054647418,0.0009533762398193081
2020-03-03 18:16:00,3454.6630596851096,0.0009384364499479672
2020-03-03 18:17:00,3445.801144225135,0.0009197268772582729
2020-03-03 18:18:00,3439.973886034898,0.0008525849933867323
2020-03-03 18:19:00,3441.316335395987,0.0008126388404880915
2020-03-03 18:20:00,3442.705304752101,0.0007913501226873831
2020-03-03 18:21:00,3440.7874851680526,0.0008284905057685271
2020-03-03 18:22:00,3442.4523939326705,0.0008607182904819694
2020-03-03 18:23:00,3441.697059186164,0.0008126929696528602
2020-03-03 18:24:00,3442.339330823604,0.0008617303799085981
2020-03-03 18:25:00,3441.536271250941,0.0008012054137150579
2020-03-03 18:26:00,3437.40784682209,0.0008030362952800187
2020-03-03 18:27:00,3437.2030897253026,0.0008096399493252781
2020-03-03 18:28:00,3431.181935390776,0.0008297096106006955
2020-03-03 18:29:00,3430.3038598984185,0.0008373276071071793
2020-03-03 18:30:00,3432.0674006515223,0.000830257184833332
2020-03-03 18:31:00,3432.718747160811,0.0008722958670616035
2020-03-03 18:32:00,3433.540609862314,0.0008789600227149272
2020-03-03 18:33:00,3432.1404538980005,0.0009198164200225602
2020-03-03 18:34:00,3437.426495894603,0.0009725899849338784
2020-03-03 18:35:00,3435.2947880740217,0.0009350927073463343
2020-03-03 18:36:00,3431.88134739604,0.0009660237996316116
2020-03-03 18:37:00,3428.0462888105158,0.0009629188921221089
2020-03-03 18:38:00,3426.2613976285297,0.00099056678479382
2020-03-03 18:39:00,3425.851049120056,0.0010037700470532248
2020-03-03 18:40:00,3431.347767948694,0.001011706976743498
2020-03-03 18:41:00,3432.614172116501,0.0010254489271139073
2020-03-03 18:42:00,3432.928377707185,0.0010378462777052534
2020-03-03 18:43:00,3434.9196874095005,0.0010049748916546321
2020-03-03 18:44:00,3438.7093746014384,0.0009224586467644576
2020-03-03 18:45:00,3442.523723179072,0.0009280819256025074
2020-03-03 18:46:00,3444.901477949057,0.0009579888994375733
2020-03-03 18:47:00,3438.3888111315446,0.0009629383087368966
2020-03-03 18:48:00,3437.44565337733,0.0009977098845159649
2020-03-03 18:49:00,3434.771949948899,0.0009676325024396484
2020-03-03 18:50:00,3439.7984091601656,0.0009639655868054502
2020-03-03 18:51:00,3441.957327853874,0.000977279778284923
2020-03-03 18:52:00,3439.242996066323,0.0009009456995349801
2020-03-03 18:53:00,3442.637674552407,0.0009108676644499968
2020-03-03 18:54:00,3445.3640639963737,0.0009238722583971402
2020-03-03 18:55:00,3446.525454138134,0.0009562746868175684
2020-03-03 18:56:00,3441.5169078359554,0.0009862753588153676
2020-03-03 18:57:00,3440.4189762862375,0.0009257256138479028
2020-03-03 18:58:00,3438.0512427883687,0.000923761657767614
2020-03-03 18:59:00,3432.57785770389,0.0009449296036557357
2020-03-03 19:00:00,3430.735600256734,0.001025103029840551
2020-03-03 19:01:00,3427.591394639239,0.0010159173159358438
2020-03-03 19:02:00,3425.383924919725,0.0010430948128224058
2020-03-03 19:03:00,3414.9212474063793,0.0010224140328699374
2020-03-03 19:04:00,3413.4102827306615,0.0010363657727505548
2020-03-03 19:05:00,3412.0188326508182,0.0009670083873659427
2020-03-03 19:06:00,3418.4467535119256,0.0009917558349204583
2020-03-03 19:07:00,3413.310748558551,0.0009538454436493191
2020-03-03 19:08:00,3413.7377339191303,0.0009135899816283815
2020-03-03 19:09:00,3417.8510624081187,0.0009403478091538933
2020-03-03 19:10:00,3421.235602663399,0.00103237317912265
2020-03-03 19:11:00,3421.9136261676404,0.001094739417554859
2020-03-03 19:12:00,3425.9983830843876,0.0010964431505328378
2020-03-03 19:13:00,3423.9315135234588,0.0011422837065903034
2020-03-03 19:14:00,3421.592062783295,0.0011040625352893142
2020-03-03 19:15:00,3414.270543136259,0.0010756594921927807
2020-03-03 19:16:00,3415.9282854363632,0.0011720964961915734
2020-03-03 19:17:00,3410.4563473751596,0.0011745239583161047
2020-03-03 19:18:00,3410.8398836160113,0.0011726353743622426
2020-03-03 19:19:00,3410.1530415323978,0.0012197753865524805
2020-03-03 19:20:00,3417.3980608014226,0.0012179990469926255
2020-03-03 19:21:00,3418.3023026474475,0.0011842398740977754
2020-03-03 19:22:00,3412.0357076432315,0.0012227862746654436
2020-03-03 19:23:00,3409.070391882249,0.0012590473214508585
2020-03-03 19:24:00,3410.061655054818,0.0012668940251958452
2020-03-03 19:25:00,3403.392379350812,0.0013145899941796528
2020-03-03 19:26:00,3403.7980469171657,0.00128178413981054
2020-03-03 19:27:00,3401.556408082641,0.0012753595100908478
2020-03-03 19:28:00,3395.3370694795485,0.0012146215870879012
2020-03-03 19:29:00,3394.789957240137,0.0012772005021011276
2020-03-03 19:30:00,3396.565504546986,0.0012142362817954375
2020-03-03 19:31:00,3405.4240702983557,0.001190152108253286
2020-03-03 19:32:00,3402.7821203076546,0.0011884183707319361
2020-03-03 19:33:00,3404.5287087693346,0.0012271858586558552
2020-03-03 19:34:00,3406.5921788527917,0.0012064101823295234
2020-03-03 19:35:00,3404.7415374020275,0.001136268850134518
2020-03-03 19:36:00,3402.987875299566,0.001121952401423145
2020-03-03 19:37:00,3400.194531275542,0.0011399832993065676
2020-03-03 19:38:00,3401.627262663167,0.0011675822712787895
2020-03-03 19:39:00,3391.8247179528344,0.0011903743720185374
2020-03-03 19:40:00,3397.864712731318,0.0011794515497732998
2020-03-03 19:41:00,3394.0922769235654,0.001137559550471515
2020-03-03 19:42:00,3395.4912811973654,0.0011808419121528417
2020-03-03 19:43:00,3396.690631829345,0.001115439760345396
2020-03-03 19:44:00,3395.6223755563774,0.0011082743588219995
2020-03-03 19:45:00,3405.1440503872027,0.0011476152483951977
2020-03-03 19:46:00,3403.3567575848742,0.0011304941967498722
2020-03-03 19:47:00,3398.0670446852005,0.001107992884304752
2020-03-03 19:48:00,3396.9339961452606,0.0011336112193126614
2020-03-03 19:49:00,3396.983971088226,0.0011611666290165606
2020-03-03 19:50:00,3397.4472389202892,0.0011321005430915273
2020-03-03 19:51:00,3390.2278713741557,0.0011171112786798082
2020-03-03 19:52:00,3389.010597900008,0.0010081428109133697
2020-03-03 19:53:00,3391.525367252483,0.0010162157966025903
2020-03-03 19:54:00,3390.0366046077834,0.0009966527500718226
2020-03-03 19:55:00,3387.075051795559,0.00105810056052115
2020-03-03 19:56:00,3390.5085229871675,0.0010797065066592496
2020-03-03 19:57:00,3394.855494360471,0.0011187314949915861
2020-03-03 19:58:00,3396.6230913209397,0.0010376388040017049
2020-03-03 19:59:00,3400.307848668206,0.0010098178100293558
2020-03-04 13:30:00,3446.3494523538784,0.001036126256351981
2020-03-04 13:31:00,3441.248075959061,0.001028235834607807
2020-03-04 13:32:00,3443.73869875004,0.0010301944513693157
2020-03-04 13:33:00,3443.9144774485558,0.0010352863462301646
2020-03-04 13:34:00,3444.6140003537566,0.0009667944229810174
2020-03-04 13:35:00,3442.1524515391598,0.0009215800074681917
2020-03-04 13:36:00,3440.5269455074226,0.0009299387525113862
2020-03-04 13:37:00,3437.0621116988846,0.0008891516522493591
2020-03-04 13:38:00,3437.5671783899325,0.0009415240717540781
2020-03-04 13:39:00,3441.367930322563,0.0009410613508305506
2020-03-04 13:40:00,3443.6876045744957,0.0008592464994003509
2020-03-04 13:41:00,3441.999012406132,0.0008540082840074763
2020-03-04 13:42:00,3441.153406419788,0.0008979224594619773
2020-03-04 13:43:00,3447.7869735133286,0.0008926012688955344
2020-03-04 13:44:00,3449.4954899997606,0.0009141181167851025
2020-03-04 13:45:00,3452.143318310128,0.0008901776400577299
2020-03-04 13:46:00,3450.7983491339096,0.0009142357790325883
2020-03-04 13:47:00,3452.58509634159,0.0009198056462751781
2020-03-04 13:48:00,3447.655526179017,0.0009022856981621646
2020-03-04 13:49:00,3450.275545956437,0.0009228648889633042
2020-03-04 13:50:00,3444.3397548935022,0.0009246969529442769
2020-03-04 13:51:00,3443.2292360015,0.0009010698351500952
2020-03-04 13:52:00,3445.6197963296686,0.0008496958018065851
2020-03-04 13:53:00,3445.632402114177,0.0008881091637318728
2020-03-04 13:54:00,3447.280666819827,0.0009149803700575454
2020-03-04 13:55:00,3441.428082428086,0.000995003032119588
2020-03-04 13:56:00,3439.820748551192,0.0009517577447476015
2020-03-04 13:57:00,3439.395299625202,0.0010244773545941125
2020-03-04 13:58:00,3436.815747775886,0.0010158130369161255
2020-03-04 13:59:00,3438.454355129228,0.0009799698251033598
2020-03-04 14:00:00,3439.6154404574745,0.0010141370590016575
2020-03-04 14:01:00,3449.2168807901826,0.001058986473825525
2020-03-04 14:02:00,3449.9800829398932,0.0010509325172813647
2020-03-04 14:03:00,3444.561746186243,0.0011945809121110605
2020-03-04 14:04:00,3451.137335191334,0.0012050148003302534
2020-03-04 14:05:00,3455.594282878432,0.0011866181789936012
2020-03-04 14:06:00,3457.6448211442453,0.0012238245528952603
2020-03-04 14:07:00,3461.0176723074787,0.0012207601818907555
2020-03-04 14:08:00,3462.400303123216,0.0011997136452494648
2020-03-04 14:09:00,3465.3294929181225,0.0012423685293654974
2020-03-04 14:10:00,3461.5332283409825,0.0012540616080954437
2020-03-04 14:11:00,3456.526052943168,0.001294281256061365
2020-03-04 14:12:00,3458.7727805636027,0.001314696374629286
2020-03-04 14:13:00,3457.629995005988,0.0013334765109071058
2020-03-04 14:14:00,3453.2190773301945,0.0013349878502283753
2020-03-04 14:15:00,3457.966940389996,0.001319727466164223
2020-03-04 14:16:00,3455.4809286868017,0.0013343274598851924
2020-03-04 14:17:00,3450.5251993884317,0.0013217201139371251
2020-03-04 14:18:00,3441.0138683836612,0.0013759477670718793
2020-03-04 14:19:00,3442.8174968986236,0.001357907479608191
2020-03-04 14:20:00,3448.9019166598437,0.0014406324928756015
2020-03-04 14:21:00,3450.0226381866014,0.0014486884939247404
2020-03-04 14:22:00,3456.895658203585,0.0014844384694001052
2020-03-04 14:23:00,3456.5919378708404,0.001471264739193371
2020-03-04 14:24:00,3457.3556121276306,0.0015164794200036198
2020-03-04 14:25:00,3457.4502270935736,0.0014736765073039364
2020-03-04 14:26:00,3454.4572713464386,0.0015099781225086412
2020-03-04 14:27:00,3458.2739684086214,0.0015127901184161996
2020-03-04 14:28:00,3453.0822772410093,0.0015245177269479476
2020-03-04 14:29:00,3450.223598698438,0.0015050585017351125
2020-03-04 14:30:00,3447.0354779340432,0.0014653079378519707
2020-03-04 14:31:00,3447.1691725251853,0.001417001720044343
2020-03-04 14:32:00,3452.262224333411,0.0014461153486331761
2020-03-04 14:33:00,3456.3254574778284,0.0013743076198264085
2020-03-04 14:34:00,3463.37756564475,0.0013541472464440021
2020-03-04 14:35:00,3464.539151173027,0.0013547851659329833
2020-03-04 14:36:00,3466.99615301432,0.0014092371621320578
2020-03-04 14:37:00,3472.248608755922,0.0014163297292523473
2020-03-04 14:38:00,3469.619161893928,0.0014287938884641129
2020-03-04 14:39:00,3464.3185673758026,0.0014598205587259515
2020-03-04 14:40:00,3457.1102530465096,0.0013942523950373179
2020-03-04 14:41:00,3456.7231056062815,0.0014007263441510923
2020-03-04 14:42:00,3457.293253200473,0.0014369426855008424
2020-03-04 14:43:00,3452.522680096909,0.0014513146452364957
2020-03-04 14:44:00,3444.64863310023,0.0014427793747847333
2020-03-04 14:45:00,3442.370111928245,0.0014004646447696159
2020-03-04 14:46:00,3437.6175341478397,0.001379307080039811
2020-03-04 14:47:00,3436.427087481268,0.001398244859449633
2020-03-04 14:48:00,3435.2304939847286,0.001420316332196361
2020-03-04 14:49:00,3434.6657955093324,0.0013958529473633398
2020-03-04 14:50:00,3431.782314542273,0.00136075325404474
2020-03-04 14:51:00,3439.5880289549873,0.001377566257702034
2020-03-04 14:52:00,3435.2501035859523,0.0013677517598100458
2020-03-04 14:53:00,3432.214512675177,0.0013775798757408955
2020-03-04 14:54:00,3437.215285763426,0.0014334623203996898
2020-03-04 14:55:00,3442.615325356055,0.0013969990596219967
2020-03-04 14:56:00,3442.5090095729247,0.001379041107246125
2020-03-04 14:57:00,3446.2919808606903,0.0014292104954389247
2020-03-04 14:58:00,3451.9756374060703,0.001434561929480753
2020-03-04 14:59:00,3453.812905401093,0.0013687081549748352
2020-03-04 15:00:00,3450.706261264734,0.0013906284872595327
2020-03-04 15:01:00,3449.9214783917446,0.0012519916931352756
2020-03-04 15:02:00,3444.193695075436,0.0012702879082879463
2020-03-04 15:03:00,3435.6503100657624,0.0013503055582250463
2020-03-04 15:04:00,3433.1719628149954,0.0013724600746354357
2020-03-04 15:05:00,3433.525697541593,0.0013269401565904357
2020-03-04 15:06:00,3429.3594968922275,0.0013201923003060406
2020-03-04 15:07:00,3430.4390556682597,0.0013313822076206887
2020-03-04 15:08:00,3433.2388887126353,0.0013525476452885615
2020-03-04 15:09:00,3425.8410753718854,0.0013923573052316556
2020-03-04 15:10:00,3421.5053487087166,0.0014086353100373026
2020-03-04 15:11:00,3436.799275254106,0.0014204432895158678
2020-03-04 15:12:00,3439.075620047466,0.0013888301902886702
2020-03-04 15:13:00,3438.934711434942,0.0014130632165366363
2020-03-04 15:14:00,3435.797340410461,0.0014312832310781481
2020-03-04 15:15:00,3439.4052889698755,0.001443425335284299
2020-03-04 15:16:00,3438.290679346019,0.0014628180645995508
2020-03-04 15:17:00,3434.362164772437,0.0014328677483464844
2020-03-04 15:18:00,3438.7959904880936,0.0014356245124594207
2020-03-04 15:19:00,3443.1926516607027,0.0014207220957951107
2020-03-04 15:20:00,3442.972541417719,0.0014942006841504
2020-03-04 15:21:00,3438.479807249602,0.0014736445162896743
2020-03-04 15:22:00,3432.2745780182004,0.0014883809496992507
2020-03-04 15:23:00,3427.872502303998,0.0014992727458940408
2020-03-04 15:24:00,3436.148207653547,0.0014927249953713658
2020-03-04 15:25:00,3431.49614617621,0.0014564275363789854
2020-03-04 15:26:00,3425.5758700771885,0.0014574394494497069
2020-03-04 15:27:00,3421.3122472832056,0.001473908578772936
2020-03-04 15:28:00,3422.608508445914,0.0014910901759912255
2020-03-04 15:29:00,3419.916886341748,0.0015050853550733214
2020-03-04 15:30:00,3417.3778708331392,0.0014630767592377582
2020-03-04 15:31:00,3425.6719538256343,0.001509466202984018
2020-03-04 15:32:00,3427.920244883647,0.0014375693681714348
2020-03-04 15:33:00,3426.669064024943,0.0014537721502148088
2020-03-04 15:34:00,3421.92006968492,0.0014165764524022896
2020-03-04 15:35:00,3426.2390147735987,0.0013994916791747484
2020-03-04 15:36:00,3428.7363575445634,0.0014208634989998894
2020-03-04 15:37:00,3419.7409272538057,0.0013699165513786225
2020-03-04 15:38:00,3426.9393832189803,0.001413826247672942
2020-03-04 15:39:00,3425.616098333856,0.0014459412108014243
2020-03-04 15:40:00,3431.6474372057455,0.0013926940274091703
2020-03-04 15:41:00,3427.0345165757544,0.0014926596528050363
2020-03-04 15:42:00,3430.579678839268,0.0015289363531736774
2020-03-04 15:43:00,3430.125647746145,0.0016004536001880821
2020-03-04 15:44:00,3431.8729915055997,0.0015670380434261127
2020-03-04 15:45:00,3427.5191089161835,0.0015531421210870928
2020-03-04 15:46:00,3431.4328510894256,0.0015309705521561645
2020-03-04 15:47:00,3426.432720672493,0.0015880792524235036
2020-03-04 15:48:00,3433.8834630750966,0.0016093285975022928
2020-03-04 15:49:00,3434.0427396771865,0.0015994948045465127
2020-03-04 15:50:00,3421.7135447343253,0.0016324351041904354
2020-03-04 15:51:00,3418.635735285686,0.0016885620431925205
2020-03-04 15:52:00,3420.2251827642053,0.001692140898548691
2020-03-04 15:53:00,3415.046734543129,0.001762494495971354
2020-03-04 15:54:00,3412.3531449779634,0.0017165394728220684
2020-03-04 15:55:00,3416.2930237544765,0.0016937520631243063
2020-03-04 15:56:00,3427.183762559223,0.0016871389079821815
2020-03-04 15:57:00,3429.8493940786225,0.001686598332884836
2020-03-04 15:58:00,3416.8877593033653,0.0016974033703555697
2020-03-04 15:59:00,3410.9609984420917,0.001742530344047427
2020-03-04 16:00:00,3415.8098743345895,0.0017798083757857987
2020-03-04 16:01:00,3416.228081039152,0.0017455500081127895
2020-03-04 16:02:00,3427.345858966854,0.001667554240459475
2020-03-04 16:03:00,3429.7744180454815,0.001636526066954092
2020-03-04 16:04:00,3429.147710919574,0.0016850415107558965
2020-03-04 16:05:00,3424.930716643229,0.0016534616562510313
2020-03-04 16:06:00,3430.1365972070676,0.0016526441541383546
2020-03-04 16:07:00,3415.359727699263,0.0016324205727566482
2020-03-04 16:08:00,3403.7282955075857,0.0016505309505470698
2020-03-04 16:09:00,3409.434194146753,0.0017073651345448865
2020-03-04 16:10:00,3413.8209064298176,0.0016823176935808375
2020-03-04 16:11:00,3417.206490483614,0.0016541816377441045
2020-03-04 16:12:00,3405.649610022784,0.0017140453482615001
2020-03-04 16:13:00,3418.839824313411,0.0017269285606767695
2020-03-04 16:14:00,3422.7830480438015,0.0017075991242159238
2020-03-04 16:15:00,3407.4916105148413,0.0016761383619292873
2020-03-04 16:16:00,3411.2260505932095,0.0016742573338434613
2020-03-04 16:17:00,3420.213264941045,0.001631280912449178
2020-03-04 16:18:00,3427.5406628449414,0.0016831995445171113
2020-03-04 16:19:00,3432.3902766292026,0.0017339860986047668
2020-03-04 16:20:00,3427.2769022619364,0.001692248075753734
2020-03-04 16:21:00,3430.019845747874,0.001720115911355764
2020-03-04 16:22:00,3422.524684568975,0.0016938026061503126
2020-03-04 16:23:00,3431.008724070227,0.0016876007955736287
2020-03-04 16:24:00,3428.6936331545553,0.0016788302297142301
2020-03-04 16:25:00,3436.48743852308,0.0016075542102674128
2020-03-04 16:26:00,3431.5130880498177,0.0016236879870305072
2020-03-04 16:27:00,3431.8876863713767,0.001539185641168873
2020-03-04 16:28:00,3441.7350599619404,0.0015302652210672345
2020-03-04 16:29:00,3442.0550243478647,0.0015204310541473347
2020-03-04 16:30:00,3445.5203809548525,0.0015895987258257483
2020-03-04 16:31:00,3452.390893678112,0.0015867045982837238
2020-03-04 16:32:00,3455.8708550238002,0.0016027004343748363
2020-03-04 16:33:00,3458.1176435826237,0.0015935840571833376
2020-03-04 16:34:00,3451.953150821205,0.0015985400892316944
2020-03-04 16:35:00,3454.8479509221256,0.0015516373965477315
2020-03-04 16:36:00,3455.5364768306963,0.0015169839691525433
2020-03-04 16:37:00,3459.4310661190393,0.0015458840180377987
2020-03-04 16:38:00,3457.1224148913234,0.0015433252557025064
2020-03-04 16:39:00,3455.4611756181816,0.0015979670163315197
2020-03-04 16:40:00,3451.4778408395414,0.001621935941183195
2020-03-04 16:41:00,3456.18844115816,0.0016270019756723635
2020-03-04 16:42:00,3447.3035150410133,0.001619580460773223
2020-03-04 16:43:00,3448.8734771645977,0.001600148878455757
2020-03-04 16:44:00,3439.5422844030236,0.001529059008577181
2020-03-04 16:45:00,3435.7534104715305,0.0015071380300418667
2020-03-04 16:46:00,3425.5438740476825,0.0014660518794089258
2020-03-04 16:47:00,3424.716923037017,0.0014438575714807137
2020-03-04 16:48:00,3428.4268618149695,0.001495033431462949
2020-03-04 16:49:00,3428.6566703926646,0.0014803490835315354
2020-03-04 16:50:00,3430.5622596418725,0.0014471351051299796
2020-03-04 16:51:00,3422.1915867365624,0.0014980327749539637
2020-03-04 16:52:00,3419.053066157648,0.0014480682933517195
2020-03-04 16:53:00,3430.058249204916,0.0015036626385607392
2020-03-04 16:54:00,3431.496376508413,0.0015002134349587225
2020-03-04 16:55:00,3444.4510030029687,0.0014563541686883525
2020-03-04 16:56:00,3438.292425012103,0.0013927032061141875
2020-03-04 16:57:00,3441.1265670585262,0.001373070986250601
2020-03-04 16:58:00,3440.3119236381795,0.0013656708134512172
2020-03-04 16:59:00,3446.0453481562868,0.0013536991148270598
2020-03-04 17:00:00,3443.7180424945896,0.0013552321761837122
2020-03-04 17:01:00,3446.2823831650867,0.0014225353727361227
2020-03-04 17:02:00,3448.4606869387744,0.0013894193799810735
2020-03-04 17:03:00,3455.1090058239756,0.0014066589903853667
2020-03-04 17:04:00,3458.4787294513226,0.0013910390265165448
2020-03-04 17:05:00,3462.741802346005,0.001422653292733197
2020-03-04 17:06:00,3464.8645163334845,0.0014251844293688668
2020-03-04 17:07:00,3456.033926111026,0.0013472477500455803
2020-03-04 17:08:00,3459.4329956444317,0.0013642889954551506
2020-03-04 17:09:00,3466.9872273939054,0.0012834446023301121
2020-03-04 17:10:00,3466.574683596231,0.0012735728315032314
2020-03-04 17:11:00,3466.021701082357,0.0013344863159960977
2020-03-04 17:12:00,3460.78065508402,0.0013458892503488394
2020-03-04 17:13:00,3451.7440532093638,0.0013874204607647839
2020-03-04 17:14:00,3457.736124253839,0.0014050009342817557
2020-03-04 17:15:00,3455.8831472174484,0.00136726583211447
2020-03-04 17:16:00,3447.486086391419,0.0013864972928353772
2020-03-04 17:17:00,3447.563196197983,0.0013319031137727214
2020-03-04 17:18:00,3452.9600051992466,0.0014046551357094705
2020-03-04 17:19:00,3454.4101873357654,0.001360637773342825
2020-03-04 17:20:00,3447.979820057942,0.0013604933137783175
2020-03-04 17:21:00,3450.1594692912386,0.0013024930468136491
2020-03-04 17:22:00,3450.3426344166364,0.0013267051897205883
2020-03-04 17:23:00,3441.809172549552,0.0012972616273701216
2020-03-04 17:24:00,3439.1785098192936,0.001303598320576103
2020-03-04 17:25:00,3429.8828630085027,0.0013161574490866545
2020-03-04 17:26:00,3435.1400509239156,0.0013240209091205347
2020-03-04 17:27:00,3438.907036525172,0.0013389756552636522
2020-03-04 17:28:00,3432.597017108021,0.0012991204009777798
2020-03-04 17:29:00,3441.6267193286067,0.001260807155219651
2020-03-04 17:30:00,3439.4415397216067,0.001247525908859648
2020-03-04 17:31:00,3438.463616965214,0.0012548979538974559
2020-03-04 17:32:00,3442.7401052581886,0.0012193095963968894
2020-03-04 17:33:00,3441.327860073182,0.0012843141376583376
2020-03-04 17:34:00,3435.270787328426,0.0013478779791697257
2020-03-04 17:35:00,3436.170288414171,0.001371664379398957
2020-03-04 17:36:00,3436.3926709578072,0.001370066669857268
2020-03-04 17:37:00,3436.0477375600926,0.0013896732084861824
2020-03-04 17:38:00,3442.1094698702764,0.0013589058248494375
2020-03-04 17:39:00,3440.2712434104205,0.0012701349069616837
2020-03-04 17:40:00,3441.786577019551,0.0013211384302366951
2020-03-04 17:41:00,3449.5669895874908,0.001439923346141746
2020-03-04 17:42:00,3442.541164930076,0.0015015540810002998
2020-03-04 17:43:00,3443.529285227164,0.0015439542003466945
2020-03-04 17:44:00,3453.7910222875857,0.0015473640113464382
2020-03-04 17:45:00,3454.0738791706144,0.001543085183123397
2020-03-04 17:46:00,3451.7095664932544,0.0015064508650400668
2020-03-04 17:47:00,3454.282193384758,0.0014970503336225068
2020-03-04 17:48:00,3437.1492504579883,0.0014306105765251249
2020-03-04 17:49:00,3433.499943587168,0.0014072897092162417
2020-03-04 17:50:00,3431.8239756626213,0.0014348322875110235
2020-03-04 17:51:00,3428.7601374363603,0.0014001093491629762
2020-03-04 17:52:00,3426.1274769482757,0.0014545777634850363
2020-03-04 17:53:00,3424.4040222536573,0.00146877125051855
2020-03-04 17:54:00,3422.314368042538,0.0015091088457407013
2020-03-04 17:55:00,3418.7778661098387,0.0014608044084420265
2020-03-04 17:56:00,3417.9394875793823,0.001477855793912901
2020-03-04 17:57:00,3420.51814652973,0.0014570458555709343
2020-03-04 17:58:00,3414.629951481421,0.0014259912884065826
2020-03-04 17:59:00,3425.890043893558,0.0014010382531644595
2020-03-04 18:00:00,3419.9826890494837,0.0013620549373694125
2020-03-04 18:01:00,3414.139902927422,0.0013908671699017503
2020-03-04 18:02:00,3417.7365208131905,0.001392247116292442
2020-03-04 18:03:00,3417.6832084883554,0.0013969423291309568
2020-03-04 18:04:00,3420.122148390853,0.00136882994850134
2020-03-04 18:05:00,3418.5269309403384,0.0013000845640008737
2020-03-04 18:06:00,3414.534726670821,0.0013096908921114486
2020-03-04 18:07:00,3412.4554414135405,0.0013011130068704046
2020-03-04 18:08:00,3419.8039707614266,0.0012881550474248408
2020-03-04 18:09:00,3417.332962144408,0.0013402414133298853
2020-03-04 18:10:00,3418.407948791924,0.0013823837551333769
2020-03-04 18:11:00,3429.7606717088074,0.0014329342453762953
2020-03-04 18:12:00,3431.2137745165455,0.001335943609184231
2020-03-04 18:13:00,3432.2799992879573,0.001296788826340837
2020-03-04 18:14:00,3427.8050225650495,0.0012841611167374843
2020-03-04 18:15:00,3434.5696243425245,0.0013742114559470435
2020-03-04 18:16:00,3440.204509590377,0.0013945077655810258
2020-03-04 18:17:00,3438.1229712250274,0.0013925184119340872
2020-03-04 18:18:00,3435.7684927094842,0.001428696504245083
2020-03-04 18:19:00,3432.7093490944826,0.0014075567325301337
2020-03-04 18:20:00,3421.08766946028,0.0014324647651992027
2020-03-04 18:21:00,3420.958270257832,0.0014349970251916694
2020-03-04 18:22:00,3413.9416356116517,0.0014169615661959298
2020-03-04 18:23:00,3424.20388789717,0.001450131884782375
2020-03-04 18:24:00,3430.639209710336,0.0014915903313013604
2020-03-04 18:25:00,3430.1629538057678,0.0014923367356213604
2020-03-04 18:26:00,3423.93284159171,0.0014740995346144523
2020-03-04 18:27:00,3420.4929093182172,0.0014156381765686899
2020-03-04 18:28:00,3425.0292982452725,0.001381380085095
2020-03-04 18:29:00,3430.3247080033348,0.0013473715373269698
2020-03-04 18:30:00,3424.9268125039675,0.0013520030935641753
2020-03-04 18:31:00,3420.255494628555,0.0014122742214806908
2020-03-04 18:32:00,3424.6319236325703,0.001380706016946664
2020-03-04 18:33:00,3420.3020866096253,0.0013649655124434847
2020-03-04 18:34:00,3418.743611083643,0.0013194618602365312
2020-03-04 18:35:00,3417.372592683581,0.0012977223393429004
2020-03-04 18:36:00,3418.904553382201,0.0012979024369434294
2020-03-04 18:37:00,3416.6973329312345,0.0014000185735197723
2020-03-04 18:38:00,3415.9873630253273,0.0014167271774366507
2020-03-04 18:39:00,3417.1055717629156,0.0014096811488973752
2020-03-04 18:40:00,3409.5115027221077,0.0013828819711474542
2020-03-04 18:41:00,3411.245961097925,0.0013634471352439838
2020-03-04 18:42:00,3402.5354844236326,0.001359388057349808
2020-03-04 18:43:00,3405.8261439779885,0.001419530855290354
2020-03-04 18:44:00,3402.7780195038144,0.0014143330415870242
2020-03-04 18:45:00,3413.775936882025,0.0012862445104834717
2020-03-04 18:46:00,3414.3074057225626,0.0013123636321458504
2020-03-04 18:47:00,3410.614865566667,0.001288197293773008
2020-03-04 18:48:00,3409.997987585588,0.001290711879107052
2020-03-04 18:49:00,3408.1440396505136,0.0013014921914226163
2020-03-04 18:50:00,3406.5384197453286,0.001328158189827328
2020-03-04 18:51:00,3407.8168199399356,0.0013497074935760914
2020-03-04 18:52:00,3405.9200923103767,0.0013485762217646752
2020-03-04 18:53:00,3406.9504956259643,0.0013673418515402842
2020-03-04 18:54:00,3405.809945495581,0.0013724961507337507
2020-03-04 18:55:00,3391.6487049474313,0.0013986863162651682
2020-03-04 18:56:00,3389.983196345228,0.0013718659218587143
2020-03-04 18:57:00,3388.2281217110576,0.0014172316449870969
2020-03-04 18:58:00,3388.6990011839325,0.0014132184068748532
2020-03-04 18:59:00,3376.798091962916,0.0015040244077097085
2020-03-04 19:00:00,3383.742467070244,0.0015283508021406446
2020-03-04 19:01:00,3378.5662651369944,0.0015150572022439874
2020-03-04 19:02:00,3370.0895329008817,0.0015248704450087076
2020-03-04 19:03:00,3382.4115210571968,0.0015621617247162072
2020-03-04 19:04:00,3384.7218435461764,0.0015999636813730862
2020-03-04 19:05:00,3382.2264817615364,0.001643216831035728
2020-03-04 19:06:00,3379.543105418154,0.0016044598832267057
2020-03-04 19:07:00,3373.1126758688133,0.0015900635355027863
2020-03-04 19:08:00,3379.0647315907136,0.0015591674969514494
2020-03-04 19:09:00,3373.3388813284105,0.0015317476756388825
2020-03-04 19:10:00,3380.8133064197323,0.0015062236784684196
2020-03-04 19:11:00,3374.943100671807,0.0014769578302256175
2020-03-04 19:12:00,3370.9586849176844,0.0014315267536213422
2020-03-04 19:13:00,3374.473625758245,0.001439722273692428
2020-03-04 19:14:00,3371.209558197942,0.00141942244615309
2020-03-04 19:15:00,3370.8584400873374,0.0014886484300673489
2020-03-04 19:16:00,3365.63280696208,0.001511920719908728
2020-03-04 19:17:00,3354.9831540454234,0.0015562980290864405
2020-03-04 19:18:00,3361.123057253074,0.0014997943387642263
2020-03-04 19:19:00,3354.8946591149224,0.0015071185347820333
2020-03-04 19:20:00,3350.7974218883846,0.0015346284510224476
2020-03-04 19:21:00,3345.021341404244,0.0015037275907888417
2020-03-04 19:22:00,3344.5176245795424,0.0014366411707608924
2020-03-04 19:23:00,3351.5722964019837,0.0013750761115622233
2020-03-04 19:24:00,3344.435729899386,0.0013175240069810252
2020-03-04 19:25:00,3343.3726199879534,0.0013285113951486916
2020-03-04 19:26:00,3350.0550971766147,0.0013101233706247011
2020-03-04 19:27:00,3357.5682024683124,0.0013241005088762282
2020-03-04 19:28:00,3353.827195796005,0.0013137015751358788
2020-03-04 19:29:00,3356.237175906578,0.0012776350040816767
2020-03-04 19:30:00,3358.0698864415726,0.0013022723749823014
2020-03-04 19:31:00,3354.56936171949,0.0013895529193531382
2020-03-04 19:32:00,3355.7387424960834,0.0013553248767922779
2020-03-04 19:33:00,3363.661973983091,0.0013572711067163122
2020-03-04 19:34:00,3359.9960069363615,0.0013699582723375099
2020-03-04 19:35:00,3356.6605960052625,0.0013695777184175085
2020-03-04 19:36:00,3356.3153438677878,0.0013799204245384725
2020-03-04 19:37:00,3354.554132487578,0.0014257199918313267
2020-03-04 19:38:00,3356.6654888810017,0.001498946300129792
2020-03-04 19:39:00,3357.4873046868365,0.0014781858763392465
2020-03-04 19:40:00,3355.134058178241,0.001511345882702278
2020-03-04 19:41:00,3353.065693371066,0.0014885745362084235
2020-03-04 19:42:00,3357.3805198088717,0.0014762579020344245
2020-03-04 19:43:00,3358.965568619305,0.001417918119886618
2020-03-04 19:44:00,3360.0318294615568,0.0013871341649049948
2020-03-04 19:45:00,3362.4876147925734,0.0013057911475010942
2020-03-04 19:46:00,3365.731879705923,0.0013590857477379765
2020-03-04 19:47:00,3361.4260512113096,0.00135893325670365
2020-03-04 19:48:00,3360.845275463662,0.0013331557087345098
2020-03-04 19:49:00,3357.679564634672,0.001305012959538708
2020-03-04 19:50:00,3358.999692242397,0.0012936706603271734
2020-03-04 19:51:00,3362.7300989142273,0.001292743199308191
2020-03-04 19:52:00,3363.829338529022,0.0012660375444746498
2020-03-04 19:53:00,3358.8806309260476,0.0012675252969314877
2020-03-04 19:54:00,3361.2849714718172,0.0012458321488007368
2020-03-04 19:55:00,3362.8649685554146,0.001206696026623911
2020-03-04 19:56:00,3361.2424631118793,0.001207992228447663
2020-03-04 19:57:00,3358.849266875601,0.0011675617751025545
2020-03-04 19:58:00,3356.002913116641,0.0011657194184521043
2020-03-04 19:59:00,3356.273878391367,0.001184779767796749
2020-03-05 13:30:00,3384.2485977408655,0.0011711160009613196
2020-03-05 13:31:00,3384.873082404585,0.001234705751301053
2020-03-05 13:32:00,3380.2517930987888,0.0012014555963150589
2020-03-05 13:33:00,3382.255018975812,0.001169171315650403
2020-03-05 13:34:00,3377.9083676679343,0.0011466968497361786
2020-03-05 13:35:00,3380.6195687655068,0.0010498461096665052
2020-03-05 13:36:00,3374.1742139686644,0.0010293494665650983
2020-03-05 13:37:00,3377.0630300773923,0.0010242450073059746
2020-03-05 13:38:00,3379.3055485700647,0.0010361585599727753
2020-03-05 13:39:00,3381.5478746405884,0.0010100834516714797
2020-03-05 13:40:00,3376.489737051934,0.0009732105955508414
2020-03-05 13:41:00,3377.0715945264046,0.0010306763517849322
2020-03-05 13:42:00,3375.782570327407,0.0010951214790281157
2020-03-05 13:43:00,3375.7064087853205,0.00105424593523408
2020-03-05 13:44:00,3370.5371864237322,0.0010400481602346804
2020-03-05 13:45:00,3372.0074153125024,0.0010482039489198023
2020-03-05 13:46:00,3375.0260547683715,0.0010711051196705813
2020-03-05 13:47:00,3371.0416714061803,0.0010714133954365505
2020-03-05 13:48:00,3371.577224962094,0.0010876640085241544
2020-03-05 13:49:00,3372.7442449724626,0.0011273826805091604
2020-03-05 13:50:00,3369.5961688964353,0.0011397926180227648
2020-03-05 13:51:00,3368.5715561981892,0.0011210074375735276
2020-03-05 13:52:00,3368.4535232989792,0.001160349079583534
2020-03-05 13:53:00,3373.07243026646,0.0011480225466176284
2020-03-05 13:54:00,3376.5041137221356,0.0011434239639287302
2020-03-05 13:55:00,3375.8141731833584,0.0011453216857549428
2020-03-05 13:56:00,3371.3223450332325,0.001132902826231863
2020-03-05 13:57:00,3372.812209120807,0.0010709234412534306
2020-03-05 13:58:00,3370.2910227183465,0.00105099988618402
2020-03-05 13:59:00,3369.9967387712504,0.0010646905468593487
2020-03-05 14:00:00,3375.1140435203733,0.0010018052032046475
2020-03-05 14:01:00,3371.862246473569,0.001055779923044353
2020-03-05 14:02:00,3368.1717149114584,0.0010088892825354005
2020-03-05 14:03:00,3365.823977096115,0.0009496963549066286
2020-03-05 14:04:00,3371.009862874988,0.0008525927121721919
2020-03-05 14:05:00,3373.5974338341675,0.0007882007236295685
2020-03-05 14:06:00,3370.391056037302,0.0007907908498144686
2020-03-05 14:07:00,3372.258459717278,0.0008338340397825137
2020-03-05 14:08:00,3372.8510810936664,0.000779648994345968
2020-03-05 14:09:00,3367.7379586427246,0.0007571022045253121
2020-03-05 14:10:00,3371.2383301884374,0.0007730427580784549
2020-03-05 14:11:00,3369.1477485828095,0.0007462582193804887
2020-03-05 14:12:00,3368.0920843452695,0.0007276759718710729
2020-03-05 14:13:00,3369.5260435409327,0.0007276684867499866
2020-03-05 14:14:00,3369.1633850141425,0.0007325557333011562
2020-03-05 14:15:00,3366.3979330802895,0.0007343195370398244
2020-03-05 14:16:00,3370.537736619033,0.0006911188234650903
2020-03-05 14:17:00,3370.168246921721,0.0006765098293393245
2020-03-05 14:18:00,3369.6427529451844,0.00070325449450341
2020-03-05 14:19:00,3366.9602249678305,0.0007119261366582883
2020-03-05 14:20:00,3368.635557735173,0.0007200653667623894
2020-03-05 14:21:00,3371.7865758984167,0.000757352993159064
2020-03-05 14:22:00,3378.409710834346,0.0007461843244188294
2020-03-05 14:23:00,3375.5233566077795,0.0007713600704459462
2020-03-05 14:24:00,3374.0068103148274,0.0007588109053364082
2020-03-05 14:25:00,3374.0615154225725,0.0008071817179036354
2020-03-05 14:26:00,3376.5003980076685,0.0007810320361241129
2020-03-05 14:27:00,3376.553490929186,0.0007578247530865128
2020-03-05 14:28:00,3375.8586260068787,0.0007679599443669207
2020-03-05 14:29:00,3375.2332416203835,0.0007872702358444522
2020-03-05 14:30:00,3373.3001775238913,0.000834910904782254
2020-03-05 14:31:00,3372.111507254334,0.0009012529438169524
2020-03-05 14:32:00,3373.528018610053,0.000926646685878513
2020-03-05 14:33:00,3376.344301273116,0.0010020209419533826
2020-03-05 14:34:00,3375.8514359616042,0.0010442537881346287
2020-03-05 14:35:00,3379.4329604460486,0.0010121338500365847
2020-03-05 14:36:00,3379.564509600102,0.0010272473138593897
2020-03-05 14:37:00,3377.452370119549,0.001053113322001756
2020-03-05 14:38:00,3375.012450853911,0.0010132966144343822
2020-03-05 14:39:00,3372.764265499781,0.0009643905567793402
2020-03-05 14:40:00,3366.7415534032507,0.0008910303588814686
2020-03-05 14:41:00,3367.0290516734767,0.0008708854270647236
2020-03-05 14:42:00,3365.022226063928,0.0008907020284579033
2020-03-05 14:43:00,3361.8066082222076,0.0009003802855112628
2020-03-05 14:44:00,3361.58969371858,0.000851681003907903
2020-03-05 14:45:00,3364.692867978116,0.0008313409887700262
2020-03-05 14:46:00,3364.2389814204907,0.0008217976296980697
2020-03-05 14:47:00,3364.0742200510235,0.0007564759437754737
2020-03-05 14:48:00,3363.714887317516,0.000795971667477001
2020-03-05 14:49:00,3362.663031170429,0.0008598335546790832
2020-03-05 14:50:00,3365.9530848729337,0.0008052178011925613
2020-03-05 14:51:00,3364.18230737195,0.0007641452825164832
2020-03-05 14:52:00,3365.2610632032083,0.0006550420399092867
2020-03-05 14:53:00,3367.5002848939444,0.0006906474677385898
2020-03-05 14:54:00,3373.7805589945724,0.0007158824354380554
2020-03-05 14:55:00,3377.027494192527,0.0006595224105325484
2020-03-05 14:56:00,3377.1072854962645,0.0006642968858191659
2020-03-05 14:57:00,3376.9036054473927,0.0006897534598087261
2020-03-05 14:58:00,3377.2735767237978,0.0006681228217432633
2020-03-05 14:59:00,3379.534403645237,0.0007082147780182672
2020-03-05 15:00:00,3379.6826039941475,0.0006470942225818353
2020-03-05 15:01:00,3379.193400892217,0.0006900616706357035
2020-03-05 15:02:00,3376.5102984339496,0.000710496493359043
2020-03-05 15:03:00,3374.727579167698,0.0006938947521695135
2020-03-05 15:04:00,3375.6232762581467,0.0006837518787864815
2020-03-05 15:05:00,3375.5838968283397,0.0006939759012464563
2020-03-05 15:06:00,3375.7177913450832,0.0006791835549682075
2020-03-05 15:07:00,3377.147957249236,0.0006910875141333801
2020-03-05 15:08:00,3379.1778192783054,0.0007135616499210632
2020-03-05 15:09:00,3375.85641400729,0.000624248407680239
2020-03-05 15:10:00,3373.880904046323,0.0005762310977090418
2020-03-05 15:11:00,3372.7105738013875,0.0006007722205476144
2020-03-05 15:12:00,3370.4758992350703,0.0006226971541137088
2020-03-05 15:13:00,3371.2767163169265,0.0005935508821603203
2020-03-05 15:14:00,3370.9628574672306,0.000552463962920151
2020-03-05 15:15:00,3371.608726143039,0.0005780652934968039
2020-03-05 15:16:00,3370.5816928152003,0.0005349226142526884
2020-03-05 15:17:00,3368.743519096622,0.0005878345657656887
2020-03-05 15:18:00,3365.792728902025,0.000586849309842653
2020-03-05 15:19:00,3366.2302110303626,0.0006712323857475719
2020-03-05 15:20:00,3367.107988265751,0.0006626179178156924
2020-03-05 15:21:00,3370.604397982914,0.0007021917519037591
2020-03-05 15:22:00,3370.3932013773547,0.000752464928203965
2020-03-05 15:23:00,3368.186805272952,0.0007484000271785204
2020-03-05 15:24:00,3367.792195308119,0.000768255633051071
2020-03-05 15:25:00,3365.1084254508296,0.0007130106725079501
2020-03-05 15:26:00,3366.6152688239035,0.0007342106707118317
2020-03-05 15:27:00,3365.36982321336,0.0007164141422335671
2020-03-05 15:28:00,3365.4048459145324,0.0006537736111201868
2020-03-05 15:29:00,3365.1118647663943,0.0006369812907075028
2020-03-05 15:30:00,3372.861039586557,0.0006404850397639942
2020-03-05 15:31:00,3367.611537923198,0.0005906579490603979
2020-03-05 15:32:00,3367.721876695401,0.000555169167230084
2020-03-05 15:33:00,3364.1080466954413,0.0005902457846228957
2020-03-05 15:34:00,3363.50972075378,0.0006710330254862475
2020-03-05 15:35:00,3362.61224622171,0.0006692880530452883
2020-03-05 15:36:00,3359.5742398558054,0.0007102138402075429
2020-03-05 15:37:00,3357.178014179405,0.0007022177400803441
2020-03-05 15:38:00,3358.766790070692,0.0007487873481670487
2020-03-05 15:39:00,3354.647202880095,0.0007496964494442995
2020-03-05 15:40:00,3351.923836089243,0.00072665940118143
2020-03-05 15:41:00,3352.6921811349353,0.0006784589719848086
2020-03-05 15:42:00,3350.650099628643,0.0006079800261403187
2020-03-05 15:43:00,3350.1904133468265,0.0005927454030431838
2020-03-05 15:44:00,3353.800904548967,0.000590285459525558
2020-03-05 15:45:00,3354.499327242648,0.0005913500800523362
2020-03-05 15:46:00,3355.5171620577357,0.0005728023558626846
2020-03-05 15:47:00,3353.425938224948,0.0005144741758359765
2020-03-05 15:48:00,3350.1640714049604,0.0006004974545183155
2020-03-05 15:49:00,3355.5267147329428,0.0006472335970743506
2020-03-05 15:50:00,3354.8760504006664,0.0006846989879338194
2020-03-05 15:51:00,3354.6007632723567,0.0007302579806016161
2020-03-05 15:52:00,3352.9886092950687,0.0007388598821812755
2020-03-05 15:53:00,3353.0821501075893,0.0007522848191827872
2020-03-05 15:54:00,3352.3918383870696,0.00074230691802849
2020-03-05 15:55:00,3350.3341185419945,0.0007970259664628748
2020-03-05 15:56:00,3347.88924838224,0.0008278769796887682
2020-03-05 15:57:00,3345.371922743932,0.0007549474598764032
2020-03-05 15:58:00,3345.4294570524385,0.0007374847497153499
2020-03-05 15:59:00,3346.5825173144735,0.0007036296797336934
2020-03-05 16:00:00,3349.6660735340847,0.0007118091394421786
2020-03-05 16:01:00,3349.67885605191,0.000741113565518868
2020-03-05 16:02:00,3348.4412765351726,0.0006847449657061745
2020-03-05 16:03:00,3346.3780821151677,0.0007163125552103046
2020-03-05 16:04:00,3348.3613822064563,0.0006429629843765649
2020-03-05 16:05:00,3345.362190070808,0.000578900823558607
2020-03-05 16:06:00,3346.735639953908,0.0005753821690827571
2020-03-05 16:07:00,3347.4658428865732,0.0006449372672153469
2020-03-05 16:08:00,3351.699680692571,0.0006352568086235972
2020-03-05 16:09:00,3353.6977620840767,0.0006556585638071965
2020-03-05 16:10:00,3350.9850883362783,0.0007092561420341062
2020-03-05 16:11:00,3352.6870567798383,0.0006737284456539049
2020-03-05 16:12:00,3352.206857307531,0.0007132163776873858
2020-03-05 16:13:00,3352.045065175307,0.0006959461654509133
2020-03-05 16:14:00,3348.7270844488944,0.0006883016752616867
2020-03-05 16:15:00,3352.3943441841557,0.0006674176746281198
2020-03-05 16:16:00,3353.3660229859142,0.0006914483694345104
2020-03-05 16:17:00,3353.7918667311123,0.0007521695287214041
2020-03-05 16:18:00,3347.9819699312925,0.0007758078416456569
2020-03-05 16:19:00,3349.369086929013,0.000801129437238641
2020-03-05 16:20:00,3346.9283774138526,0.0007412152711155654
2020-03-05 16:21:00,3344.709682595164,0.0007298875707041295
2020-03-05 16:22:00,3344.4986570156207,0.0007572022118705766
2020-03-05 16:23:00,3341.805164600315,0.0007876519597600546
2020-03-05 16:24:00,3340.543464339957,0.0007421525500313152
2020-03-05 16:25:00,3341.4300733988916,0.0006517237084978935
2020-03-05 16:26:00,3342.5880345369264,0.0006437356997712156
2020-03-05 16:27:00,3343.605982279301,0.0005687557490579652
2020-03-05 16:28:00,3344.195749506431,0.0005456693875136153
2020-03-05 16:29:00,3346.2314941054315,0.0005585255143316594
2020-03-05 16:30:00,3347.7008665554863,0.0005060374767467254
2020-03-05 16:31:00,3348.0620111780486,0.0004782590200878194
2020-03-05 16:32:00,3349.597404086093,0.000460979092490381
2020-03-05 16:33:00,3350.1618758692102,0.0005073635144479836
2020-03-05 16:34:00,3348.9841644903604,0.00047325116008706594
2020-03-05 16:35:00,3347.580127429055,0.000511142013499358
2020-03-05 16:36:00,3347.984031108077,0.000544589397679525
2020-03-05 16:37:00,3347.240513342506,0.0005493707178536686
2020-03-05 16:38:00,3347.5888999681533,0.0005640919368052871
2020-03-05 16:39:00,3351.011754167156,0.0006640217999395538
2020-03-05 16:40:00,3351.142436857093,0.0006445014633984994
2020-03-05 16:41:00,3353.267767798354,0.0006437942264838079
2020-03-05 16:42:00,3351.8778175244443,0.0007036942271818827
2020-03-05 16:43:00,3352.042614414486,0.0007040504970034802
2020-03-05 16:44:00,3351.810724820302,0.0007372240437874247
2020-03-05 16:45:00,3348.7060182033206,0.0007255524683160261
2020-03-05 16:46:00,3348.5908755669698,0.0006707572469634314
2020-03-05 16:47:00,3346.539429363544,0.0006913804133058904
2020-03-05 16:48:00,3345.9500072916076,0.0005859441965801719
2020-03-05 16:49:00,3344.171052590045,0.0005904683900955645
2020-03-05 16:50:00,3341.4262472643,0.0005780742713886098
2020-03-05 16:51:00,3340.4988340601553,0.000549485241066825
2020-03-05 16:52:00,3336.8516114568897,0.000568817146278689
2020-03-05 16:53:00,3338.069547519697,0.000650231418155995
2020-03-05 16:54:00,3341.2999069919847,0.0006188944033526045
2020-03-05 16:55:00,3341.729150003429,0.0005750952092989236
2020-03-05 16:56:00,3341.3880269949686,0.000607229055267508
2020-03-05 16:57:00,3337.919851601931,0.000674392873535057
2020-03-05 16:58:00,3336.7941375221662,0.0007004761129640341
2020-03-05 16:59:00,3333.8569935614105,0.0007657262181433051
2020-03-05 17:00:00,3330.238118014014,0.0007352533919799139
2020-03-05 17:01:00,3331.2737045527656,0.0007001782864450034
2020-03-05 17:02:00,3332.613499031198,0.0007369949353015917
2020-03-05 17:03:00,3331.6043340247147,0.0007660281899568254
2020-03-05 17:04:00,3330.1689128125654,0.0007252362012137823
2020-03-05 17:05:00,3328.023398820497,0.0007040283160616122
2020-03-05 17:06:00,3327.2082770502793,0.0007132968435417025
2020-03-05 17:07:00,3324.753914012861,0.0007178271914780951
2020-03-05 17:08:00,3324.3375805791693,0.0007933013664805897
2020-03-05 17:09:00,3322.1511734400387,0.0008424750081884171
2020-03-05 17:10:00,3323.8197392070388,0.0008745855293858096
2020-03-05 17:11:00,3323.5902454778134,0.0008945389802744362
2020-03-05 17:12:00,3322.3985639260036,0.0009020669233755777
2020-03-05 17:13:00,3324.4961770006357,0.0009154885414498664
2020-03-05 17:14:00,3319.187301651267,0.0009315193072236875
2020-03-05 17:15:00,3315.343904505221,0.0009772781994778327
2020-03-05 17:16:00,3313.887999568192,0.0010448713116371392
2020-03-05 17:17:00,3310.7712110146986,0.0010383692886653786
2020-03-05 17:18:00,3310.5380095709415,0.0010041311627178686
2020-03-05 17:19:00,3311.148606215249,0.00106277332662946
2020-03-05 17:20:00,3309.2590920722237,0.0011240963596918637
2020-03-05 17:21:00,3300.1267157170378,0.001168433730219659
2020-03-05 17:22:00,3292.390849058593,0.0011956674566849727
2020-03-05 17:23:00,3297.763434054004,0.001202270389391614
2020-03-05 17:24:00,3296.7073266349703,0.0012019322655397759
2020-03-05 17:25:00,3300.5662769228693,0.0011201048857785282
2020-03-05 17:26:00,3296.8148678762595,0.0011785887961035587
2020-03-05 17:27:00,3299.954632075974,0.0011444186670303079
2020-03-05 17:28:00,3300.4028967202576,0.0011481250231350287
2020-03-05 17:29:00,3297.692387310886,0.0012097645680724124
2020-03-05 17:30:00,3292.4251160265435,0.0012160632516114887
2020-03-05 17:31:00,3289.5586966879932,0.0013116416050806502
2020-03-05 17:32:00,3289.75930173123,0.0012834865406738752
2020-03-05 17:33:00,3280.235785727272,0.0012979491380382053
2020-03-05 17:34:00,3281.9626849823585,0.0012792320008792927
2020-03-05 17:35:00,3281.637405707531,0.0012668767909155693
2020-03-05 17:36:00,3273.481781365798,0.0012892323330846395
2020-03-05 17:37:00,3269.052564154508,0.0013264622795922016
2020-03-05 17:38:00,3274.8871397844277,0.0012737250409680858
2020-03-05 17:39:00,3271.9124641210697,0.0012497498292052482
2020-03-05 17:40:00,3273.6751232846536,0.0012441153550959991
2020-03-05 17:41:00,3269.8412474806682,0.0011785070676795465
2020-03-05 17:42:00,3266.9035934259173,0.0011623317618372293
2020-03-05 17:43:00,3267.4841057976128,0.0011860938067017035
2020-03-05 17:44:00,3270.0878874268683,0.0011805933357039358
2020-03-05 17:45:00,3274.07741878808,0.0011767166175691627
2020-03-05 17:46:00,3271.3248556035355,0.001114029741103922
2020-03-05 17:47:00,3272.0433090168317,0.0011209744436895042
2020-03-05 17:48:00,3269.615577095467,0.001030645848489136
2020-03-05 17:49:00,3271.312512671527,0.0010143202611931465
2020-03-05 17:50:00,3267.7341707714395,0.0010294450616766518
2020-03-05 17:51:00,3265.7507926344147,0.0009502931405231125
2020-03-05 17:52:00,3261.0949628850594,0.0009420538201595058
2020-03-05 17:53:00,3261.611989801855,0.0010337140702749927
2020-03-05 17:54:00,3263.6171077556487,0.0010566566691912042
2020-03-05 17:55:00,3261.655605256249,0.0010386628389665756
2020-03-05 17:56:00,3264.322046088249,0.0010173515184526787
2020-03-05 17:57:00,3263.9787101574834,0.0009441882243047748
2020-03-05 17:58:00,3264.2573537996986,0.0009416295841799406
2020-03-05 17:59:00,3262.100380413147,0.000917477248531759
2020-03-05 18:00:00,3264.0257822397793,0.0008955899158037197
2020-03-05 18:01:00,3263.995189729647,0.0008417842935385706
2020-03-05 18:02:00,3263.2630294612145,0.0007975102020534078
2020-03-05 18:03:00,3261.2327486257655,0.0007475541159579684
2020-03-05 18:04:00,3260.383581745713,0.0007164683127615906
2020-03-05 18:05:00,3258.040496211517,0.0007536342499948023
2020-03-05 18:06:00,3253.5551949478845,0.0007547761012258929
2020-03-05 18:07:00,3251.2455832343812,0.0008014067847187421
2020-03-05 18:08:00,3248.7823634159363,0.0008307861899955666
2020-03-05 18:09:00,3246.5545894164247,0.0008270085883518764
2020-03-05 18:10:00,3252.134393785567,0.0008392519344798404
2020-03-05 18:11:00,3255.3337406173714,0.000831404570961894
2020-03-05 18:12:00,3257.88829282508,0.0008437290260977636
2020-03-05 18:13:00,3255.7702004349594,0.0008454974895029829
2020-03-05 18:14:00,3254.171166282166,0.0008627766121465523
2020-03-05 18:15:00,3252.46894578542,0.000841157961931938
2020-03-05 18:16:00,3251.5751958832407,0.0007853618471820432
2020-03-05 18:17:00,3250.655963931658,0.000727725016671296
2020-03-05 18:18:00,3252.2654506760086,0.0007085973406018007
2020-03-05 18:19:00,3251.2954972924335,0.0006922225137480963
2020-03-05 18:20:00,3251.498304824018,0.0006658011072283408
2020-03-05 18:21:00,3255.478549206032,0.0006553304953244883
2020-03-05 18:22:00,3255.278378756681,0.0006687411649354744
2020-03-05 18:23:00,3251.8317921099756,0.0007352793847235081
2020-03-05 18:24:00,3253.9408658803786,0.000684667673123658
2020-03-05 18:25:00,3252.1589450427664,0.0007290274582065234
2020-03-05 18:26:00,3250.5452183895122,0.0007276010658389947
2020-03-05 18:27:00,3251.321654456345,0.0007465763221875953
2020-03-05 18:28:00,3249.3582873580553,0.000805482836529033
2020-03-05 18:29:00,3249.293004750683,0.0007769169992731524
2020-03-05 18:30:00,3252.897231342413,0.0007838428064472679
2020-03-05 18:31:00,3254.0199638230592,0.0008031655443672517
2020-03-05 18:32:00,3252.738714175274,0.0007685882537748175
2020-03-05 18:33:00,3253.1585916224003,0.0007551231264886197
2020-03-05 18:34:00,3256.025139437773,0.0007766056789602659
2020-03-05 18:35:00,3255.9922350537768,0.0007654748030718342
2020-03-05 18:36:00,3255.4043212456418,0.0007764531158209824
2020-03-05 18:37:00,3256.1268040178547,0.0007140935588236818
2020-03-05 18:38:00,3253.370151272635,0.0007157377513897768
2020-03-05 18:39:00,3256.770327669391,0.0007695243144191394
2020-03-05 18:40:00,3255.2397543072775,0.0007591165293550749
2020-03-05 18:41:00,3256.6473495869386,0.000725836678223201
2020-03-05 18:42:00,3257.1496065450306,0.0006998582599199902
2020-03-05 18:43:00,3258.1422774244943,0.0007116129604256404
2020-03-05 18:44:00,3258.6171346776123,0.0006970596110514158
2020-03-05 18:45:00,3259.772772046587,0.0006611655760179689
2020-03-05 18:46:00,3258.5584803536767,0.0005884595709286818
2020-03-05 18:47:00,3254.9923688855956,0.0005857985696689874
2020-03-05 18:48:00,3253.2178852220227,0.0005899216384247008
2020-03-05 18:49:00,3255.3115798315293,0.000598430590760229
2020-03-05 18:50:00,3254.2115497283444,0.0005604747204081771
2020-03-05 18:51:00,3253.276144429358,0.0005605363439038975
2020-03-05 18:52:00,3254.870596160643,0.0006124876359494796
2020-03-05 18:53:00,3252.6313007921913,0.0005942370424431686
2020-03-05 18:54:00,3252.0063387710998,0.0005931811683642202
2020-03-05 18:55:00,3255.144705749682,0.0006251440533790948
2020-03-05 18:56:00,3254.5287353758713,0.0005990604906611179
2020-03-05 18:57:00,3254.9437422086553,0.0006081989134603855
2020-03-05 18:58:00,3252.179135868518,0.0005799242558695821
2020-03-05 18:59:00,3252.7589370299543,0.0006223743070918496
2020-03-05 19:00:00,3252.0795538385723,0.0007128011188041099
2020-03-05 19:01:00,3249.6155492500093,0.0006968977001111216
2020-03-05 19:02:00,3249.7751953351612,0.0007029894470020689
2020-03-05 19:03:00,3248.334042979821,0.0006623895676424303
2020-03-05 19:04:00,3247.122487381319,0.0006736883512396925
2020-03-05 19:05:00,3245.4519036194943,0.000647199271844404
2020-03-05 19:06:00,3244.24190823602,0.0005958903855012271
2020-03-05 19:07:00,3241.7966358161307,0.0006213499186609737
2020-03-05 19:08:00,3242.5340062175637,0.000647247303932077
2020-03-05 19:09:00,3243.976261609901,0.0006864205781094087
2020-03-05 19:10:00,3246.906568690698,0.0006626685435209285
2020-03-05 19:11:00,3249.0365330710924,0.0006691252767289995
2020-03-05 19:12:00,3246.4457218212538,0.0006990561176303445
2020-03-05 19:13:00,3244.9226882110083,0.0006398349408639584
2020-03-05 19:14:00,3244.3943629856763,0.0006024930034639986
2020-03-05 19:15:00,3243.3595387645387,0.0005536735130932389
2020-03-05 19:16:00,3243.272628376826,0.0005223152910605067
2020-03-05 19:17:00,3244.3746355239446,0.0005572442096670955
2020-03-05 19:18:00,3246.6177506301724,0.0004890896546767294
2020-03-05 19:19:00,3245.777483995146,0.00043998933988499136
2020-03-05 19:20:00,3245.73942491157,0.000361764679882454
2020-03-05 19:21:00,3245.133292144339,0.00036168788255473033
2020-03-05 19:22:00,3245.6209199042514,0.0002826046574485527
2020-03-05 19:23:00,3246.0380210995354,0.00033699069038624065
2020-03-05 19:24:00,3246.3137112373624,0.00033690325165869393
2020-03-05 19:25:00,3245.8195781285035,0.0003043145293926956
2020-03-05 19:26:00,3243.889952860905,0.0003549228908504197
2020-03-05 19:27:00,3244.0309192128475,0.0003034998545429268
2020-03-05 19:28:00,3244.0799387875063,0.0003522126189810202
2020-03-05 19:29:00,3244.3356123328153,0.00036438232447887195
2020-03-05 19:30:00,3246.6667624934653,0.0004677774421944213
2020-03-05 19:31:00,3245.749862470311,0.00039013817045352504
2020-03-05 19:32:00,3245.006395733292,0.00043992247786283067
2020-03-05 19:33:00,3244.4092593950913,0.0003904234872111798
2020-03-05 19:34:00,3245.0246488039065,0.0003646277524287057
2020-03-05 19:35:00,3245.6540558263855,0.00037100044716619347
2020-03-05 19:36:00,3245.5223009017946,0.0004021776745792939
2020-03-05 19:37:00,3244.098935468487,0.0004105346068803594
2020-03-05 19:38:00,3247.0945214360727,0.00042562757113370514
2020-03-05 19:39:00,3247.5075430499633,0.00045766900839694515
2020-03-05 19:40:00,3248.374925799016,0.0005130291025355498
2020-03-05 19:41:00,3247.187548912217,0.0005244603001213466
2020-03-05 19:42:00,3245.7767986862186,0.0005050894209327183
2020-03-05 19:43:00,3247.480809644858,0.0005175283989100779
2020-03-05 19:44:00,3247.685749601953,0.0004786827843224991
2020-03-05 19:45:00,3246.6249926962064,0.000517476134434127
2020-03-05 19:46:00,3247.459092503823,0.0005230316014043545
2020-03-05 19:47:00,3246.951361886415,0.0005460844706878506
2020-03-05 19:48:00,3247.5829640368074,0.0005000785083476666
2020-03-05 19:49:00,3251.623860838444,0.0004947215628700029
2020-03-05 19:50:00,3249.433453672977,0.00044330107292208645
2020-03-05 19:51:00,3251.3089026652538,0.0005145637089024816
2020-03-05 19:52:00,3248.9399319720656,0.000520132896106564
2020-03-05 19:53:00,3246.8442559276186,0.0005607966006207836
2020-03-05 19:54:00,3248.1159776087343,0.0005140990381452432
2020-03-05 19:55:00,3247.423793846272,0.0005300613113150306
2020-03-05 19:56:00,3250.461101343282,0.0005413592275415388
2020-03-05 19:57:00,3248.725530517371,0.0005016877649959685
2020-03-05 19:58:00,3249.3089762291484,0.0005305406534506236
2020-03-05 19:59:00,3249.489247524731,0.0004670669353027539
2020-03-06 13:30:00,3308.384288122462,0.0005116077187957193
2020-03-06 13:31:00,3308.144378888918,0.0005222074012392182
2020-03-06 13:32:00,3307.083751302859,0.0005232119614386571
2020-03-06 13:33:00,3306.597876486048,0.0004936311623798602
2020-03-06 13:34:00,3304.7974208958194,0.0005163825453535509
2020-03-06 13:35:00,3302.08548795092,0.0005756118777150936
2020-03-06 13:36:00,3302.778493223429,0.0005495862551450625
2020-03-06 13:37:00,3301.029394933902,0.0005381404604301393
2020-03-06 13:38:00,3302.1939494665617,0.0004836043062036556
2020-03-06 13:39:00,3303.0838166983262,0.00048307333372522133
2020-03-06 13:40:00,3301.4040200698946,0.0005301070599181704
2020-03-06 13:41:00,3297.656762945106,0.0005788013377517462
2020-03-06 13:42:00,3296.387857061274,0.0006174378828955931
2020-03-06 13:43:00,3293.162721657109,0.0006264916471668912
2020-03-06 13:44:00,3292.567505861914,0.0006259042112351774
2020-03-06 13:45:00,3295.4592421315033,0.000632324403580572
2020-03-06 13:46:00,3295.5102641253443,0.000631037170839345
2020-03-06 13:47:00,3299.603781042309,0.0006664174676537731
2020-03-06 13:48:00,3298.408585296598,0.0007034823843457299
2020-03-06 13:49:00,3298.678398071983,0.0006747454771079572
2020-03-06 13:50:00,3297.8260823188534,0.0006531359467481427
2020-03-06 13:51:00,3299.5150554654915,0.0006551778714208461
2020-03-06 13:52:00,3298.738273263752,0.0006773214760639434
2020-03-06 13:53:00,3297.2509082260694,0.0007154867182118032
2020-03-06 13:54:00,3294.826430899742,0.0007219502239216874
2020-03-06 13:55:00,3298.3336418982585,0.0007418313065667244
2020-03-06 13:56:00,3301.114549572927,0.0007587747079329616
2020-03-06 13:57:00,3301.80276539029,0.0008246430503152137
2020-03-06 13:58:00,3301.2721056862956,0.0008464053569714034
2020-03-06 13:59:00,3301.496899259181,0.0008736333605293126
2020-03-06 14:00:00,3298.7548401043296,0.000898078349686581
2020-03-06 14:01:00,3299.944263211585,0.0009684480431489395
2020-03-06 14:02:00,3301.662658923849,0.0010179760052134335
2020-03-06 14:03:00,3306.440701532144,0.0010570775946529653
2020-03-06 14:04:00,3305.5509827143337,0.0010367473073682049
2020-03-06 14:05:00,3306.491373210528,0.0010214590549832182
2020-03-06 14:06:00,3302.512672045218,0.0010550047480801124
2020-03-06 14:07:00,3304.8785692171527,0.0009963361476660528
2020-03-06 14:08:00,3302.532509359592,0.00093256741949647
2020-03-06 14:09:00,3300.4632651533198,0.0009632298383511985
2020-03-06 14:10:00,3306.0336164645482,0.0009497900931893258
2020-03-06 14:11:00,3309.391250787741,0.0009919125771287458
2020-03-06 14:12:00,3301.6355342551515,0.001024200719569819
2020-03-06 14:13:00,3300.601729623325,0.0010486315698206672
2020-03-06 14:14:00,3304.094436466192,0.001058467633346469
2020-03-06 14:15:00,3300.1158091455336,0.0010313684580835467
2020-03-06 14:16:00,3303.2303339802197,0.0010843394589316953
2020-03-06 14:17:00,3300.0238726679513,0.0010584265743670297
2020-03-06 14:18:00,3298.826336064809,0.001032298241903922
2020-03-06 14:19:00,3297.1028680793593,0.0010476757155126167
2020-03-06 14:20:00,3298.42051340353,0.0010920343351095748
2020-03-06 14:21:00,3302.754637654444,0.0011401315056071947
2020-03-06 14:22:00,3301.1633659902927,0.0010872662399268886
2020-03-06 14:23:00,3300.452535639179,0.0010786784003631214
2020-03-06 14:24:00,3299.486125995768,0.0011620125985070397
2020-03-06 14:25:00,3300.9009803438726,0.0011937114790979873
2020-03-06 14:26:00,3301.6249391504884,0.0011331585570672094
2020-03-06 14:27:00,3304.7968279549877,0.0011203637495950818
2020-03-06 14:28:00,3302.725136722596,0.0011065575685715412
2020-03-06 14:29:00,3304.5718789195253,0.0010740619948348415
2020-03-06 14:30:00,3308.144690125622,0.0010324416236919213
2020-03-06 14:31:00,3307.1651046363972,0.0010742308801787502
2020-03-06 14:32:00,3312.5122620855163,0.0011190144377031701
2020-03-06 14:33:00,3318.567816355427,0.0010936321231694414
2020-03-06 14:34:00,3317.093297606209,0.0010809278344968527
2020-03-06 14:35:00,3313.2889382555927,0.0010462245058556977
2020-03-06 14:36:00,3311.3861519739885,0.0010310739924111868
2020-03-06 14:37:00,3312.109109794771,0.001015387283655284
2020-03-06 14:38:00,3308.4735341705073,0.000942511713861027
2020-03-06 14:39:00,3309.52238140812,0.000921288009900885
2020-03-06 14:40:00,3311.914908913073,0.0009403956363470841
2020-03-06 14:41:00,3312.1691020513294,0.0009678900688383064
2020-03-06 14:42:00,3319.672120561124,0.0009254304376310121
2020-03-06 14:43:00,3318.4032742783293,0.0009378492332213098
2020-03-06 14:44:00,3312.100522885977,0.0009435633931604397
2020-03-06 14:45:00,3315.1938477617073,0.0009632283147263434
2020-03-06 14:46:00,3311.883544355489,0.0009958291983485556
2020-03-06 14:47:00,3312.059719510235,0.000978848572061348
2020-03-06 14:48:00,3311.2544737296507,0.0009548836105313091
2020-03-06 14:49:00,3313.9625018346205,0.0009590177550097437
2020-03-06 14:50:00,3313.957149709146,0.0009166224981726052
2020-03-06 14:51:00,3311.6293332465807,0.0009465992900324422
2020-03-06 14:52:00,3310.356881947017,0.0009877330306039805
2020-03-06 14:53:00,3305.8981341327035,0.001044895291014418
2020-03-06 14:54:00,3307.3363427987415,0.0010409301585704938
2020-03-06 14:55:00,3309.8615092077353,0.0010805065720808772
2020-03-06 14:56:00,3314.1462519077,0.001059076062292484
2020-03-06 14:57:00,3311.6607082275623,0.001033803631098715
2020-03-06 14:58:00,3309.4608959888687,0.0010237383104858926
2020-03-06 14:59:00,3307.711225274148,0.0009977557784035134
2020-03-06 15:00:00,3307.280000958138,0.0010262409009528877
2020-03-06 15:01:00,3305.903633708855,0.001001636488513771
2020-03-06 15:02:00,3302.4188422383504,0.0009869729283901304
2020-03-06 15:03:00,3303.438226841662,0.0010099776064146906
2020-03-06 15:04:00,3305.8809066662006,0.0009881735904339326
2020-03-06 15:05:00,3306.9018856582124,0.0009910975709776161
2020-03-06 15:06:00,3302.88280836922,0.0009935444501637171
2020-03-06 15:07:00,3304.452332049426,0.0009975852938354528
2020-03-06 15:08:00,3297.514550157959,0.0008885947517917996
2020-03-06 15:09:00,3291.360273810056,0.0008642831326928339
2020-03-06 15:10:00,3295.4358917855543,0.0008886528696138177
2020-03-06 15:11:00,3294.0206494788904,0.0008640250918248579
2020-03-06 15:12:00,3299.32821404507,0.0008659390309194302
2020-03-06 15:13:00,3297.6538627870386,0.0008659039971940972
2020-03-06 15:14:00,3301.3203708156598,0.0007936800978342082
2020-03-06 15:15:00,3300.078360736867,0.0007337496347434193
2020-03-06 15:16:00,3302.7753441093555,0.0008009066583108108
2020-03-06 15:17:00,3302.565120106044,0.0007600168781287715
2020-03-06 15:18:00,3301.226152949709,0.0007385340285703927
2020-03-06 15:19:00,3299.80415876944,0.0007322588693148522
2020-03-06 15:20:00,3298.204979739473,0.0006888870216890317
2020-03-06 15:21:00,3298.8291856027954,0.0007803394186251
2020-03-06 15:22:00,3298.3139405590036,0.0007272159848627891
2020-03-06 15:23:00,3299.546875451628,0.0007826763405613951
2020-03-06 15:24:00,3303.9478958443774,0.0007698152457974929
2020-03-06 15:25:00,3306.776663401476,0.0008045422382544799
2020-03-06 15:26:00,3310.3821434215147,0.0008564403046210204
2020-03-06 15:27:00,3306.1781204739086,0.0008701678613122594
2020-03-06 15:28:00,3302.2181212195137,0.0009087016700427738
2020-03-06 15:29:00,3304.288554713755,0.0009223370118338316
2020-03-06 15:30:00,3302.9665008136153,0.0009478072191555397
2020-03-06 15:31:00,3305.792842803651,0.0009746156817886148
2020-03-06 15:32:00,3302.770816667959,0.0009897181015225713
2020-03-06 15:33:00,3301.5585597007716,0.0009803287717722513
2020-03-06 15:34:00,3302.3046385898774,0.0009893578025691534
2020-03-06 15:35:00,3304.36719098987,0.0009609798536106183
2020-03-06 15:36:00,3301.5769631196667,0.001019646663243815
2020-03-06 15:37:00,3301.831947418856,0.0010014982228568415
2020-03-06 15:38:00,3304.160267170192,0.0010419626726084353
2020-03-06 15:39:00,3303.9832693473163,0.0010744014456301816
2020-03-06 15:40:00,3303.0474487579513,0.0010486048422404482
2020-03-06 15:41:00,3303.4895486130513,0.0010821615149683962
2020-03-06 15:42:00,3312.183538656366,0.0010776962398638384
2020-03-06 15:43:00,3308.4572658504,0.0011287883269157164
2020-03-06 15:44:00,3303.854002232684,0.0010843132620821348
2020-03-06 15:45:00,3304.5889563859073,0.0011650103394266458
2020-03-06 15:46:00,3304.8462643007706,0.0011583336469972805
2020-03-06 15:47:00,3303.1759145901347,0.0011106519061679688
2020-03-06 15:48:00,3306.6860022752135,0.0010281696722774796
2020-03-06 15:49:00,3303.260351417993,0.001015086435648117
2020-03-06 15:50:00,3306.1898621945866,0.0009993136147561637
2020-03-06 15:51:00,3308.696460827192,0.0009933481300734097
2020-03-06 15:52:00,3304.961906839709,0.0010111677632487954
2020-03-06 15:53:00,3309.184690687108,0.0010339169067870274
2020-03-06 15:54:00,3313.209051929788,0.0009436599001139916
2020-03-06 15:55:00,3313.457282362865,0.0009013036648577044
2020-03-06 15:56:00,3316.9410432342816,0.0009087435059263558
2020-03-06 15:57:00,3316.249500939157,0.0008958620551772546
2020-03-06 15:58:00,3317.8241051842638,0.0008951006119995978
2020-03-06 15:59:00,3319.263368467006,0.0009130241402618463
2020-03-06 16:00:00,3319.1972755653273,0.0008728768427781151
2020-03-06 16:01:00,3315.255421180249,0.0008649172690487367
2020-03-06 16:02:00,3308.934113576277,0.0008295135552403455
2020-03-06 16:03:00,3307.816635888286,0.0007602400710468768
2020-03-06 16:04:00,3310.0453354781325,0.0007272953331942724
2020-03-06 16:05:00,3304.8619440358234,0.000707739712310202
2020-03-06 16:06:00,3300.998901584128,0.000796153490291347
2020-03-06 16:07:00,3299.776744002089,0.0007952394826357094
2020-03-06 16:08:00,3302.926964330362,0.0007885501514521178
2020-03-06 16:09:00,3305.5917167599214,0.0008091600324746414
2020-03-06 16:10:00,3308.538287939265,0.0008132597035836939
2020-03-06 16:11:00,3305.2344975133014,0.0008057974619179536
2020-03-06 16:12:00,3302.8667868972225,0.0008093539192343451
2020-03-06 16:13:00,3303.628645400912,0.0008265797524945321
2020-03-06 16:14:00,3304.33301434921,0.0007880551314297661
2020-03-06 16:15:00,3304.262632590304,0.0007743251322859681
2020-03-06 16:16:00,3306.285929151846,0.0007819882223366961
2020-03-06 16:17:00,3304.2725360575814,0.0007636916160587145
2020-03-06 16:18:00,3300.45900970824,0.0007809893106256545
2020-03-06 16:19:00,3300.710988792046,0.0008474265346176549
2020-03-06 16:20:00,3297.636331624592,0.0008635621453761323
2020-03-06 16:21:00,3300.0341640106044,0.0008637622189785644
2020-03-06 16:22:00,3299.5314222823718,0.0008959178423855653
2020-03-06 16:23:00,3300.787936522416,0.0008978630229093242
2020-03-06 16:24:00,3304.0346833481844,0.0009404075339448366
2020-03-06 16:25:00,3307.095636643818,0.0009061447821601242
2020-03-06 16:26:00,3309.4987419954537,0.0009424821783918382
2020-03-06 16:27:00,3310.2320504073223,0.0008845693620114842
2020-03-06 16:28:00,3310.813605280781,0.0009008311031026634
2020-03-06 16:29:00,3317.3174583078494,0.0009220360292890602
2020-03-06 16:30:00,3317.3426104615605,0.0009123596637802613
2020-03-06 16:31:00,3314.9484577101434,0.0009405906298132858
2020-03-06 16:32:00,3319.0503681247465,0.0009054173690961836
2020-03-06 16:33:00,3318.153361794337,0.0009156116248121821
2020-03-06 16:34:00,3316.7753864140777,0.000889838842860502
2020-03-06 16:35:00,3317.4817141446647,0.0009460867426874601
2020-03-06 16:36:00,3316.883747542827,0.0009322745032778439
2020-03-06 16:37:00,3319.303150576348,0.0009034827143574697
2020-03-06 16:38:00,3310.6786253508612,0.0009284330676876134
2020-03-06 16:39:00,3310.0626755760954,0.0008597505374321957
2020-03-06 16:40:00,3310.766850769598,0.0007827373355218461
2020-03-06 16:41:00,3310.2198336847564,0.0007719753279090742
2020-03-06 16:42:00,3313.256499002531,0.0008094596354526551
2020-03-06 16:43:00,3311.5535051860797,0.0008523844625525428
2020-03-06 16:44:00,3311.072626044969,0.0009078397125785946
2020-03-06 16:45:00,3311.5410418204647,0.0008784109827513787
2020-03-06 16:46:00,3312.3164147768766,0.0008218037337909064
2020-03-06 16:47:00,3310.2996309059863,0.0008582227520985259
2020-03-06 16:48:00,3316.8260956212575,0.0007791328115169705
2020-03-06 16:49:00,3318.5616834338234,0.0007515802309003625
2020-03-06 16:50:00,3313.9899438501416,0.0007181318215494948
2020-03-06 16:51:00,3313.3603455498323,0.0006954381091556134
2020-03-06 16:52:00,3314.1826869429306,0.0006734899468235937
2020-03-06 16:53:00,3317.112869668149,0.0006128240778281113
2020-03-06 16:54:00,3320.0768370956966,0.0006795836100060955
2020-03-06 16:55:00,3321.5817737327384,0.0006705440988959726
2020-03-06 16:56:00,3323.365154362482,0.0006509464057409384
2020-03-06 16:57:00,3321.6814728225017,0.0006614660037392015
2020-03-06 16:58:00,3324.7026803354065,0.0006974710290006961
2020-03-06 16:59:00,3324.6452962318667,0.000620251685467593
2020-03-06 17:00:00,3326.669081990384,0.0006250341545814297
2020-03-06 17:01:00,3323.5090151068916,0.0006609603354798423
2020-03-06 17:02:00,3325.734040069134,0.0006055681087769403
2020-03-06 17:03:00,3325.5751394329664,0.000506381565443551
2020-03-06 17:04:00,3324.547615345172,0.0005380435468107009
2020-03-06 17:05:00,3328.152740966751,0.0005591822990352382
2020-03-06 17:06:00,3330.9968122702494,0.0005743310308399752
2020-03-06 17:07:00,3332.666804026429,0.0005854229398928317
2020-03-06 17:08:00,3330.391927785537,0.0006105234921120448
2020-03-06 17:09:00,3329.054867017953,0.0007520674599660024
2020-03-06 17:10:00,3329.18129125885,0.0007651512465822643
2020-03-06 17:11:00,3334.200841323924,0.0008102254182334426
2020-03-06 17:12:00,3337.7091097512025,0.0008803611437152896
2020-03-06 17:13:00,3340.775357273392,0.0008161623842319411
2020-03-06 17:14:00,3340.6522751764765,0.0008014135880900736
2020-03-06 17:15:00,3341.5632094419125,0.0007880544975296742
2020-03-06 17:16:00,3344.890998072418,0.0007700780830346446
2020-03-06 17:17:00,3346.1913066704183,0.0007503768539698942
2020-03-06 17:18:00,3345.354701960016,0.000723564423231555
2020-03-06 17:19:00,3345.156239405661,0.0007640536407462671
2020-03-06 17:20:00,3341.228248968511,0.0007374633731453492
2020-03-06 17:21:00,3341.3087986498404,0.0007413798589091513
2020-03-06 17:22:00,3343.8855675778073,0.0007212794381179
2020-03-06 17:23:00,3344.8560693081745,0.0006776497093829781
2020-03-06 17:24:00,3343.3853617581613,0.0007781904274210764
2020-03-06 17:25:00,3345.2338470299596,0.0007562646938326796
2020-03-06 17:26:00,3341.8913479391395,0.0007880357795645499
2020-03-06 17:27:00,3341.528152254782,0.0008293703255632049
2020-03-06 17:28:00,3344.297937437697,0.0008070439716184058
2020-03-06 17:29:00,3342.4694930169107,0.0008575508190157219
2020-03-06 17:30:00,3340.9910291021506,0.0009126104093373251
2020-03-06 17:31:00,3343.89157182503,0.0009315696132473985
2020-03-06 17:32:00,3344.654232644698,0.0009227006039936047
2020-03-06 17:33:00,3345.357016141134,0.0009390249360878021
2020-03-06 17:34:00,3344.366231512181,0.0008310153351785817
2020-03-06 17:35:00,3344.903138292418,0.0007799706598094324
2020-03-06 17:36:00,3345.71719327938,0.0008548841719500551
2020-03-06 17:37:00,3350.608705261385,0.0007937082206781446
2020-03-06 17:38:00,3349.128388454596,0.0007780591481456687
2020-03-06 17:39:00,3350.780298679044,0.0007268900569977308
2020-03-06 17:40:00,3354.3041827159036,0.0006746593476650875
2020-03-06 17:41:00,3359.0009701145436,0.0007216650280301497
2020-03-06 17:42:00,3356.2809572244764,0.0007897483448264125
2020-03-06 17:43:00,3355.752559632559,0.0008517673839539605
2020-03-06 17:44:00,3354.8677420824574,0.0007626342310841062
2020-03-06 17:45:00,3354.5679796804825,0.0007170692032563404
2020-03-06 17:46:00,3353.3087794099943,0.0007449813410399277
2020-03-06 17:47:00,3352.5339765196077,0.0007255817606854228
2020-03-06 17:48:00,3350.762973642724,0.0007957759408579914
2020-03-06 17:49:00,3355.4351145149835,0.0008298489064942923
2020-03-06 17:50:00,3360.0775485753334,0.0008800793576107624
2020-03-06 17:51:00,3358.546805733239,0.000922900852546867
2020-03-06 17:52:00,3359.5634050634685,0.0009164102067492205
2020-03-06 17:53:00,3360.491800008029,0.0009338898357229633
2020-03-06 17:54:00,3361.2599839538134,0.0009578854525466407
2020-03-06 17:55:00,3366.210433356938,0.0010464973229462593
2020-03-06 17:56:00,3366.745554400057,0.001054844693628157
2020-03-06 17:57:00,3363.6264092325323,0.0011057164104882593
2020-03-06 17:58:00,3367.3561395646957,0.0012137293767291268
2020-03-06 17:59:00,3368.6394946869905,0.0011577537930376896
2020-03-06 18:00:00,3368.1480863700554,0.0011468490370146055
2020-03-06 18:01:00,3370.0386287963956,0.0011929487992901155
2020-03-06 18:02:00,3369.462174969736,0.0011964999024353085
2020-03-06 18:03:00,3372.7987610238188,0.0012129790370060465
2020-03-06 18:04:00,3370.887503933508,0.0011706393293852522
2020-03-06 18:05:00,3375.015970500731,0.0012003708034227852
2020-03-06 18:06:00,3368.3115762166744,0.001249316888736238
2020-03-06 18:07:00,3364.9821652441365,0.0012488010574919686
2020-03-06 18:08:00,3372.2727290546372,0.0012915176077219173
2020-03-06 18:09:00,3375.2349578543863,0.0013210252932806834
2020-03-06 18:10:00,3371.869312358717,0.0012636296320518814
2020-03-06 18:11:00,3378.180622797391,0.0012567102308304833
2020-03-06 18:12:00,3376.508131853943,0.0012786233765282112
2020-03-06 18:13:00,3373.4381344956855,0.0012611040898651703
2020-03-06 18:14:00,3375.2727069080474,0.001309567313562733
2020-03-06 18:15:00,3370.5567737385204,0.0012907522711359863
2020-03-06 18:16:00,3375.671548042056,0.0012758493070109736
2020-03-06 18:17:00,3374.789058491617,0.0012952081769484415
2020-03-06 18:18:00,3376.0988188716087,0.0013030173588473568
2020-03-06 18:19:00,3388.7848574255227,0.0013520826777715946
2020-03-06 18:20:00,3384.9031459961807,0.0014475701491924414
2020-03-06 18:21:00,3387.6537069539295,0.0014528530938158037
2020-03-06 18:22:00,3386.03444680086,0.0014259055675636192
2020-03-06 18:23:00,3384.001755141357,0.0014400210115878634
2020-03-06 18:24:00,3382.314905492527,0.001434524010682891
2020-03-06 18:25:00,3391.4111304566813,0.001407291741859198
2020-03-06 18:26:00,3388.222570760833,0.0013747366197215415
2020-03-06 18:27:00,3388.4285546918436,0.0014468512088406636
2020-03-06 18:28:00,3388.4258973613214,0.001567107496607796
2020-03-06 18:29:00,3387.4598750446216,0.001529584019832435
2020-03-06 18:30:00,3387.5143576401083,0.001480573203462476
2020-03-06 18:31:00,3390.7023209147414,0.0014532490678007166
2020-03-06 18:32:00,3396.2797154419286,0.001425476154529347
2020-03-06 18:33:00,3394.188146351084,0.001446825450139805
2020-03-06 18:34:00,3393.778598550438,0.0013455023645239366
2020-03-06 18:35:00,3396.8455353597496,0.0013199494731728288
2020-03-06 18:36:00,3406.5879087796898,0.0013303351997600492
2020-03-06 18:37:00,3408.2012588502043,0.0013486402507409945
2020-03-06 18:38:00,3408.448174286212,0.0013572632203498957
2020-03-06 18:39:00,3404.909164807065,0.0013613179640639375
2020-03-06 18:40:00,3400.15056692724,0.001385712080610936
2020-03-06 18:41:00,3396.4867954254573,0.001303680595212133
2020-03-06 18:42:00,3400.7237557755607,0.0012932506518906395
2020-03-06 18:43:00,3401.3565383699474,0.0013104528569995969
2020-03-06 18:44:00,3414.2629949359844,0.0013934754211021119
2020-03-06 18:45:00,3414.3994080410966,0.0014296726241333833
2020-03-06 18:46:00,3415.120198467918,0.0014577000585834885
2020-03-06 18:47:00,3405.9495940910138,0.0015199454488615117
2020-03-06 18:48:00,3407.21450135424,0.0014950692041757695
2020-03-06 18:49:00,3407.7530911005642,0.001526837412739613
2020-03-06 18:50:00,3401.22847713253,0.0014705117999170832
2020-03-06 18:51:00,3406.3333012543035,0.001505436641917699
2020-03-06 18:52:00,3406.947210302898,0.001490415448839273
2020-03-06 18:53:00,3408.985806142076,0.001491397249839444
2020-03-06 18:54:00,3409.21392132749,0.0015568724382700602
2020-03-06 18:55:00,3420.030875414357,0.0015505754516323025
2020-03-06 18:56:00,3418.6838496116907,0.0015134581425473332
2020-03-06 18:57:00,3422.105376987408,0.0015527686800223773
2020-03-06 18:58:00,3422.1037686090067,0.001535419377186919
2020-03-06 18:59:00,3421.6140079306306,0.001495209780682409
2020-03-06 19:00:00,3423.351666952218,0.00158267358700281
2020-03-06 19:01:00,3423.2740363695557,0.0015262492785048278
2020-03-06 19:02:00,3419.1638255106704,0.0015042761673291964
2020-03-06 19:03:00,3423.511880309132,0.0014525400187087912
2020-03-06 19:04:00,3421.0215938638785,0.0014409619578192494
2020-03-06 19:05:00,3419.9535386278767,0.0014485086295554627
2020-03-06 19:06:00,3410.600652001387,0.001443559200425011
2020-03-06 19:07:00,3414.4842325447003,0.0014690630870146403
2020-03-06 19:08:00,3414.995009571806,0.0014557205011157992
2020-03-06 19:09:00,3415.34330646555,0.0014869777702452424
2020-03-06 19:10:00,3406.23409317681,0.0014625818101816775
2020-03-06 19:11:00,3404.133811796791,0.0014740211211115306
2020-03-06 19:12:00,3404.9067069658513,0.0014737758853149222
2020-03-06 19:13:00,3407.4311552391023,0.0015161587190771365
2020-03-06 19:14:00,3411.5361117778375,0.0015411036292818593
2020-03-06 19:15:00,3409.590524478237,0.0015431443422512876
2020-03-06 19:16:00,3414.6223846861903,0.0015767571881663658
2020-03-06 19:17:00,3412.5687594448823,0.0016145453245394402
2020-03-06 19:18:00,3406.126027049161,0.0016696007672524532
2020-03-06 19:19:00,3396.58592802957,0.0016217587209598758
2020-03-06 19:20:00,3386.040516408166,0.0016754046054210435
2020-03-06 19:21:00,3382.144549039387,0.0016327492521539533
2020-03-06 19:22:00,3379.497054539657,0.0016043258074980016
2020-03-06 19:23:00,3383.3584668468416,0.0016664516349977814
2020-03-06 19:24:00,3370.210773418012,0.0016704307348560496
2020-03-06 19:25:00,3365.0289439336634,0.0016710483169114247
2020-03-06 19:26:00,3361.1456888811117,0.0016163695682246456
2020-03-06 19:27:00,3360.339041776812,0.0016118613963399951
2020-03-06 19:28:00,3360.998751670965,0.0015844504469496074
2020-03-06 19:29:00,3364.9553316351166,0.0015775690802136697
2020-03-06 19:30:00,3368.81664774103,0.0015970606038209075
2020-03-06 19:31:00,3367.205130871641,0.001705622585650627
2020-03-06 19:32:00,3371.164798902193,0.001634099982881768
2020-03-06 19:33:00,3367.9245112818912,0.0016921378064887875
2020-03-06 19:34:00,3373.545878907467,0.0017015118698162012
2020-03-06 19:35:00,3371.8826173912744,0.0017268901269962668
2020-03-06 19:36:00,3369.687498839249,0.0017103541972985088
2020-03-06 19:37:00,3363.348161884595,0.0017689430196936216
2020-03-06 19:38:00,3357.902583608407,0.00173866877738236
2020-03-06 19:39:00,3365.6964331342692,0.0016499343957657806
2020-03-06 19:40:00,3373.149219711734,0.0016080166437142367
2020-03-06 19:41:00,3377.0474632444534,0.0016289265362416257
2020-03-06 19:42:00,3375.3159768637756,0.0015655566997335845
2020-03-06 19:43:00,3374.4355485103865,0.0015331713063763443
2020-03-06 19:44:00,3376.195266622425,0.001582760335557826
2020-03-06 19:45:00,3370.5308533722527,0.0015677301854614446
2020-03-06 19:46:00,3370.6610584922437,0.0015327057080052268
2020-03-06 19:47:00,3365.6820023232913,0.0015279249172277143
2020-03-06 19:48:00,3372.7861009584226,0.0014670843560557366
2020-03-06 19:49:00,3371.446670474216,0.0014600203097581079
2020-03-06 19:50:00,3365.215658518345,0.001510152799303504
2020-03-06 19:51:00,3372.2626975397416,0.001426620116625846
2020-03-06 19:52:00,3373.9985004439586,0.001411943672685866
2020-03-06 19:53:00,3371.7367928533854,0.0014798550592608863
2020-03-06 19:54:00,3374.262380222235,0.0015500740652912852
2020-03-06 19:55:00,3373.6461294830096,0.0014857640348605711
2020-03-06 19:56:00,3371.4155356802344,0.0014408058381906728
2020-03-06 19:57:00,3371.7471298945975,0.001368899134773596
2020-03-06 19:58:00,3371.9696018737072,0.0013299155341163973
2020-03-06 19:59:00,3375.4532588870766,0.001346188189153125
2020-03-09 13:30:00,3366.07565247737,0.0013741789951413415
2020-03-09 13:31:00,3366.59202627162,0.0013552552382213767
2020-03-09 13:32:00,3362.795422758672,0.0014319710295193039
2020-03-09 13:33:00,3356.826350485534,0.0014090258988427155
2020-03-09 13:34:00,3352.2120160293903,0.0014103621978669354
2020-03-09 13:35:00,3348.5262535256657,0.0014006657135930039
2020-03-09 13:36:00,3351.039090820209,0.0014408204407929041
2020-03-09 13:37:00,3342.3727310224776,0.0014776784909671537
2020-03-09 13:38:00,3348.606219103982,0.0014210939144911924
2020-03-09 13:39:00,3346.192112510953,0.0014018836534037003
2020-03-09 13:40:00,3345.3143227549394,0.001459522072952345
2020-03-09 13:41:00,3345.6952548761556,0.0014949080438166169
2020-03-09 13:42:00,3344.837765393356,0.0015585098701347711
2020-03-09 13:43:00,3349.520771483175,0.0015031089991181547
2020-03-09 13:44:00,3345.741217482035,0.001524195853898976
2020-03-09 13:45:00,3337.890481351817,0.0015743576255094587
2020-03-09 13:46:00,3338.1961703406046,0.0014923982554011655
2020-03-09 13:47:00,3336.877149093629,0.001470668623149508
2020-03-09 13:48:00,3345.663589042502,0.0015271855046676457
2020-03-09 13:49:00,3344.1204792014214,0.0015329679306976052
2020-03-09 13:50:00,3338.078927871784,0.001496859348713025
2020-03-09 13:51:00,3334.569337207344,0.0015842332476167424
2020-03-09 13:52:00,3335.0664493046565,0.001565195613534658
2020-03-09 13:53:00,3330.5499478967185,0.0015926942574602723
2020-03-09 13:54:00,3330.3798693146055,0.0015485136614959566
2020-03-09 13:55:00,3330.4367783468333,0.0015272177829754841
2020-03-09 13:56:00,3329.775647742242,0.0015210822758162342
2020-03-09 13:57:00,3345.0295107657644,0.0015347277415647237
2020-03-09 13:58:00,3353.2365529589783,0.0015160378171040685
2020-03-09 13:59:00,3351.8910416161966,0.0014897168132589028
2020-03-09 14:00:00,3351.522473527833,0.001474976761022973
2020-03-09 14:01:00,3347.1979607348517,0.001446322852103902
2020-03-09 14:02:00,3349.357114629089,0.001444303129702767
2020-03-09 14:03:00,3353.925935251867,0.0013868507583615056
2020-03-09 14:04:00,3354.197986651604,0.0014481950102334196
2020-03-09 14:05:00,3345.703721282491,0.0014640166196120165
2020-03-09 14:06:00,3349.4769683425775,0.0015076722299837018
2020-03-09 14:07:00,3334.052517106606,0.0015019718661195166
2020-03-09 14:08:00,3334.078410290981,0.001450276703377125
2020-03-09 14:09:00,3338.4786843834727,0.0014223810446122739
2020-03-09 14:10:00,3338.748454334856,0.0013853374672144622
2020-03-09 14:11:00,3330.1257745520466,0.001318150832743871
2020-03-09 14:12:00,3329.3814396022917,0.0012785606386411855
2020-03-09 14:13:00,3327.9909115162955,0.001267855430524044
2020-03-09 14:14:00,3328.706874712005,0.0012617185220252555
2020-03-09 14:15:00,3335.149323447231,0.0012631324286891301
2020-03-09 14:16:00,3335.7972890248684,0.0013165471209045472
2020-03-09 14:17:00,3338.76912075262,0.0013159350005173321
2020-03-09 14:18:00,3341.279301633791,0.001361115991870514
2020-03-09 14:19:00,3337.7363142052313,0.00136854209394684
2020-03-09 14:20:00,3329.5548735590874,0.001436878679193148
2020-03-09 14:21:00,3335.8607768287034,0.001370461183414207
2020-03-09 14:22:00,3335.8623237554493,0.0013428800189119142
2020-03-09 14:23:00,3330.3507404251427,0.001344128297328892
2020-03-09 14:24:00,3317.265692859034,0.0013598393047746678
2020-03-09 14:25:00,3323.5241313950064,0.0013791850973058147
2020-03-09 14:26:00,3320.0987826938817,0.0013891947635472103
2020-03-09 14:27:00,3318.8521833094737,0.001379756957588094
2020-03-09 14:28:00,3327.210244271348,0.0014229442361332627
2020-03-09 14:29:00,3334.50320365864,0.0014416808646009367
2020-03-09 14:30:00,3339.6192718675175,0.0015623730342553888
2020-03-09 14:31:00,3334.0039547818096,0.001534031513374911
2020-03-09 14:32:00,3330.8944002087114,0.00156968467792275
2020-03-09 14:33:00,3328.6804850761146,0.0015132043723631123
2020-03-09 14:34:00,3327.682468005543,0.0014608563571381207
2020-03-09 14:35:00,3333.717357057331,0.0014150531439889018
2020-03-09 14:36:00,3330.81925124681,0.0013793807488280635
2020-03-09 14:37:00,3325.9824166821127,0.0014327745847037905
2020-03-09 14:38:00,3337.096906050632,0.0014405114696595792
2020-03-09 14:39:00,3329.0699415310946,0.0014881267538981728
2020-03-09 14:40:00,3324.3336514592474,0.001452532825040732
2020-03-09 14:41:00,3328.2279296244405,0.001468756169721958
2020-03-09 14:42:00,3337.7589912494777,0.00147201793157673
2020-03-09 14:43:00,3334.7758746711534,0.001466321879411856
2020-03-09 14:44:00,3331.880395887057,0.0013894855178348316
2020-03-09 14:45:00,3332.684962717786,0.0013997833014320448
2020-03-09 14:46:00,3337.2032446780527,0.0013380974207535803
2020-03-09 14:47:00,3335.2438569801834,0.0012773558947295897
2020-03-09 14:48:00,3334.018401243933,0.0012678137707954863
2020-03-09 14:49:00,3345.5842407261816,0.0011981690037194564
2020-03-09 14:50:00,3339.0609598828846,0.001188286311810638
2020-03-09 14:51:00,3340.2968316984197,0.0011620689262755073
2020-03-09 14:52:00,3343.5687858078113,0.001115342828891566
2020-03-09 14:53:00,3343.558600599586,0.0010759316021854786
2020-03-09 14:54:00,3340.8746347394917,0.0010932744811797221
2020-03-09 14:55:00,3342.184024563329,0.0010405418626637899
2020-03-09 14:56:00,3345.691356295206,0.0010658903339692126
2020-03-09 14:57:00,3340.4534538697517,0.001080346308638765
2020-03-09 14:58:00,3344.3701097298394,0.0010504490227133565
2020-03-09 14:59:00,3347.776693526352,0.001015304766054198
2020-03-09 15:00:00,3345.5723960468013,0.0009711596461842531
2020-03-09 15:01:00,3346.541977245466,0.0009135206161331552
2020-03-09 15:02:00,3345.654050018582,0.000952772317957587
2020-03-09 15:03:00,3345.974452253701,0.000959962020244801
2020-03-09 15:04:00,3345.1985983594514,0.0008287955846913042
2020-03-09 15:05:00,3340.995872278617,0.0008754204826655997
2020-03-09 15:06:00,3343.461811205833,0.0008598375355090076
2020-03-09 15:07:00,3347.8406093494914,0.000874752516675736
2020-03-09 15:08:00,3347.4813358281276,0.0008836617031123123
2020-03-09 15:09:00,3345.9097988449666,0.0008590391129421353
2020-03-09 15:10:00,3345.8528582211493,0.0008052192343109903
2020-03-09 15:11:00,3343.8044664356266,0.0008439998514987014
2020-03-09 15:12:00,3347.0008182843026,0.0009016165536569398
2020-03-09 15:13:00,3343.8268783233984,0.0009341558178872473
2020-03-09 15:14:00,3346.145614102427,0.0009657439896323015
2020-03-09 15:15:00,3344.945253091107,0.000919389057737808
2020-03-09 15:16:00,3342.8115174449576,0.000822352583668418
2020-03-09 15:17:00,3342.9667931057706,0.0008719946632320018
2020-03-09 15:18:00,3342.1994899922747,0.0009630258202635132
2020-03-09 15:19:00,3345.3390195632214,0.0010197219993455192
2020-03-09 15:20:00,3347.67527105517,0.0010426433213129504
2020-03-09 15:21:00,3348.4258396844034,0.001092910960120436
2020-03-09 15:22:00,3346.1580567706496,0.001112489248688787
2020-03-09 15:23:00,3339.996785368716,0.0011170729255692714
2020-03-09 15:24:00,3338.9209601464527,0.0011571687803201675
2020-03-09 15:25:00,3340.5174619992063,0.001147944600169345
2020-03-09 15:26:00,3337.1899348340553,0.0011282836889636657
2020-03-09 15:27:00,3337.1541098495973,0.0011071415825740576
2020-03-09 15:28:00,3335.480226446698,0.0010778632606066965
2020-03-09 15:29:00,3337.89566541501,0.0011175351040764122
2020-03-09 15:30:00,3344.226301504254,0.0011760588627777158
2020-03-09 15:31:00,3348.1258954778673,0.0010695960301970438
2020-03-09 15:32:00,3345.132803671305,0.0010928081205594672
2020-03-09 15:33:00,3337.9860448699214,0.001123492308146792
2020-03-09 15:34:00,3334.0050443787513,0.0011182424972809718
2020-03-09 15:35:00,3336.178421502459,0.0010887353509371367
2020-03-09 15:36:00,3335.526441810002,0.001102863799581177
2020-03-09 15:37:00,3338.2516156854545,0.0011432357766028177
2020-03-09 15:38:00,3333.8316879706936,0.0011608922980757624
2020-03-09 15:39:00,3332.0881156885534,0.001127277681815772
2020-03-09 15:40:00,3327.859295198406,0.001138939081564284
2020-03-09 15:41:00,3323.130310079831,0.0012129005365805906
2020-03-09 15:42:00,3320.2676393293596,0.0011946135720892475
2020-03-09 15:43:00,3324.151729084332,0.0012098227306634637
2020-03-09 15:44:00,3320.3692780006213,0.001279614627324377
2020-03-09 15:45:00,3316.3085746492775,0.001341102546754627
2020-03-09 15:46:00,3313.0243317191453,0.0012637330689737976
2020-03-09 15:47:00,3315.617605813296,0.00126907859205535
2020-03-09 15:48:00,3312.550042081945,0.0012630343705710468
2020-03-09 15:49:00,3319.0585319413162,0.0012794691002828837
2020-03-09 15:50:00,3321.3924713499837,0.0012804512322856392
2020-03-09 15:51:00,3322.637509148489,0.0013857532360916033
2020-03-09 15:52:00,3321.9766379077782,0.001390632454892412
2020-03-09 15:53:00,3323.0601164925492,0.0013551563939084024
2020-03-09 15:54:00,3318.8902516634253,0.0014200304510243779
2020-03-09 15:55:00,3321.2050653254632,0.0013935060165934446
2020-03-09 15:56:00,3311.9608335345406,0.0014651851845821954
2020-03-09 15:57:00,3312.110340748551,0.0014816250743140945
2020-03-09 15:58:00,3315.0192218799452,0.0014504331426900589
2020-03-09 15:59:00,3316.2485620263064,0.001408786293851781
2020-03-09 16:00:00,3306.0281712561446,0.001440121170531554
2020-03-09 16:01:00,3303.7669440517648,0.0014349691959437804
2020-03-09 16:02:00,3302.629900314024,0.001459225060468359
2020-03-09 16:03:00,3304.8532550179334,0.001466593479489718
2020-03-09 16:04:00,3307.665953790284,0.0014231755719333577
2020-03-09 16:05:00,3311.378553708324,0.0014038084135148713
2020-03-09 16:06:00,3314.593816613384,0.0013707332571020576
2020-03-09 16:07:00,3316.5598433943856,0.0013016164460232793
2020-03-09 16:08:00,3306.2096885010815,0.001259943978439686
2020-03-09 16:09:00,3307.555080514844,0.001201662395601318
2020-03-09 16:10:00,3315.4376047000055,0.0011734408202671845
2020-03-09 16:11:00,3317.4886227109114,0.0012426018674366948
2020-03-09 16:12:00,3314.351773588392,0.00115830575300027
2020-03-09 16:13:00,3311.2659949274753,0.0012150825453937665
2020-03-09 16:14:00,3307.503190548766,0.0012156876440162381
2020-03-09 16:15:00,3304.7410416750895,0.0012273482307271267
2020-03-09 16:16:00,3307.637458864357,0.0011726280975692268
2020-03-09 16:17:00,3311.4676791424818,0.0011287373662561275
2020-03-09 16:18:00,3317.830415603041,0.0011300425026128547
2020-03-09 16:19:00,3313.6681658421167,0.0011448223704412382
2020-03-09 16:20:00,3317.6240297091895,0.001133588911033577
2020-03-09 16:21:00,3318.526735349431,0.0012056096400389095
2020-03-09 16:22:00,3318.5386109968626,0.001176697026336447
2020-03-09 16:23:00,3319.008345178994,0.0011241441542297515
2020-03-09 16:24:00,3323.7315884207947,0.0010906908127082358
2020-03-09 16:25:00,3314.2688161882447,0.001083315226257786
2020-03-09 16:26:00,3313.9976081366553,0.001019897543887858
2020-03-09 16:27:00,3312.8676756533077,0.000976785683865358
2020-03-09 16:28:00,3312.829954679579,0.0009495693733331794
2020-03-09 16:29:00,3307.842762922223,0.0009452252463669154
2020-03-09 16:30:00,3304.338080953892,0.0009455359319286235
2020-03-09 16:31:00,3306.9412455791357,0.0009537838174585605
2020-03-09 16:32:00,3312.9517545170806,0.0009597946238357869
2020-03-09 16:33:00,3317.403728011988,0.0009339560230448673
2020-03-09 16:34:00,3316.898375705806,0.0009532050726856327
2020-03-09 16:35:00,3317.820721502097,0.0009654081182059101
2020-03-09 16:36:00,3318.2229843741625,0.0009480614305587318
2020-03-09 16:37:00,3319.491341564339,0.0009987853236343132
2020-03-09 16:38:00,3321.036712752724,0.0010005373922669207
2020-03-09 16:39:00,3322.776306699216,0.0010048027381032508
2020-03-09 16:40:00,3324.9674040624404,0.0010505491721960714
2020-03-09 16:41:00,3322.2222234552223,0.0010337390433827883
2020-03-09 16:42:00,3319.8869482439254,0.0010593493358514573
2020-03-09 16:43:00,3319.477000100966,0.0010805002286328285
2020-03-09 16:44:00,3318.9889923913365,0.0010760766373021356
2020-03-09 16:45:00,3316.89146538972,0.001147358169745381
2020-03-09 16:46:00,3319.5903764040254,0.001146433612361146
2020-03-09 16:47:00,3326.639026023752,0.0011007638773201365
2020-03-09 16:48:00,3321.9554373131455,0.0011394036471767913
2020-03-09 16:49:00,3319.870021068146,0.001181440148285033
2020-03-09 16:50:00,3321.398367257113,0.0012202325823357672
2020-03-09 16:51:00,3317.316644358985,0.0012072932101781912
2020-03-09 16:52:00,3313.484769879243,0.0011598338176375272
2020-03-09 16:53:00,3312.746117800932,0.0011087437586996094
2020-03-09 16:54:00,3320.432147083779,0.0011382683548096537
2020-03-09 16:55:00,3321.315342278034,0.0012192028043243894
2020-03-09 16:56:00,3320.6421474973477,0.0011899702661977505
2020-03-09 16:57:00,3318.1420869757417,0.0011844253659683292
2020-03-09 16:58:00,3320.101767091047,0.001141551373596908
2020-03-09 16:59:00,3316.8357347123906,0.0011612392351125227
2020-03-09 17:00:00,3312.065973572024,0.0011847460861880781
2020-03-09 17:01:00,3313.1362032853476,0.0011834549862199634
2020-03-09 17:02:00,3313.8195222931126,0.001172134493227656
2020-03-09 17:03:00,3314.76109261546,0.0012694751424084487
2020-03-09 17:04:00,3314.6059722431796,0.0012310190946235684
2020-03-09 17:05:00,3320.589062441452,0.0012399715100141456
2020-03-09 17:06:00,3321.918617451164,0.0011599102335114748
2020-03-09 17:07:00,3327.1502489878712,0.001159008156566174
2020-03-09 17:08:00,3325.876593628382,0.0011691370304028437
2020-03-09 17:09:00,3331.7068013444546,0.001214960950614483
2020-03-09 17:10:00,3338.704994429791,0.001260193611630605
2020-03-09 17:11:00,3340.4669838023697,0.001174343185808015
2020-03-09 17:12:00,3337.708039493548,0.0011892052722832153
2020-03-09 17:13:00,3338.140587623299,0.0012264275083912703
2020-03-09 17:14:00,3335.6886375871327,0.0012713171009468604
2020-03-09 17:15:00,3336.7915483591123,0.0012416540036745867
2020-03-09 17:16:00,3339.287748782702,0.0011613678955182264
2020-03-09 17:17:00,3341.4855652140486,0.0011773981718405347
2020-03-09 17:18:00,3343.2408923385005,0.0011846535305962851
2020-03-09 17:19:00,3340.8588758393066,0.0012116034873596482
2020-03-09 17:20:00,3340.1096073137,0.0011609482342436327
2020-03-09 17:21:00,3338.0123796131884,0.0011051585218523649
2020-03-09 17:22:00,3335.457401822282,0.0011333118979214604
2020-03-09 17:23:00,3336.1567740045252,0.0011531861396273913
2020-03-09 17:24:00,3333.6910006115763,0.0011979853310485633
2020-03-09 17:25:00,3340.008850105827,0.0011813018790141913
2020-03-09 17:26:00,3340.2776173665443,0.0012520439411261455
2020-03-09 17:27:00,3336.10795223182,0.0011964845699290996
2020-03-09 17:28:00,3329.842652356782,0.001199873742026301
2020-03-09 17:29:00,3332.1272594824454,0.0012064308339288564
2020-03-09 17:30:00,3328.713368648642,0.0012147170082240475
2020-03-09 17:31:00,3329.495650460174,0.0012314349912440636
2020-03-09 17:32:00,3336.0329466927815,0.0012925322529846147
2020-03-09 17:33:00,3332.9419378841703,0.0013125281444491509
2020-03-09 17:34:00,3332.78049111882,0.0013311467218381358
2020-03-09 17:35:00,3334.398799142893,0.0013197655758948115
2020-03-09 17:36:00,3335.0501108521985,0.0013116784050171788
2020-03-09 17:37:00,3332.9579515196733,0.0012958626349325565
2020-03-09 17:38:00,3325.21507751574,0.0012998626222301979
2020-03-09 17:39:00,3325.708000787626,0.0012923334386409806
2020-03-09 17:40:00,3339.295967887775,0.0013111725037639774
2020-03-09 17:41:00,3335.9444117612256,0.0013138590182861598
2020-03-09 17:42:00,3340.1664393936117,0.0013362745446285813
2020-03-09 17:43:00,3342.2691667801505,0.0013065175286446288
2020-03-09 17:44:00,3348.905643956487,0.001318896264280992
2020-03-09 17:45:00,3347.1459718857577,0.0012080094518416137
2020-03-09 17:46:00,3352.7215278959,0.0012040036446036907
2020-03-09 17:47:00,3351.2736857896693,0.001245874398262596
2020-03-09 17:48:00,3348.940661626887,0.001182510150355571
2020-03-09 17:49:00,3346.3765431017528,0.0011688768657290081
2020-03-09 17:50:00,3352.3275775047223,0.0011640948464942868
2020-03-09 17:51:00,3357.2481921610147,0.0011746422885437278
2020-03-09 17:52:00,3358.792469916406,0.001209639037919601
2020-03-09 17:53:00,3357.4317395666185,0.0012399846272644335
2020-03-09 17:54:00,3357.1547381531363,0.001251152392973883
2020-03-09 17:55:00,3349.812896132254,0.0012430004155036852
2020-03-09 17:56:00,3339.360318230026,0.0013162434611487717
2020-03-09 17:57:00,3343.322616678588,0.0013179712195248046
2020-03-09 17:58:00,3345.9000679490223,0.001336636435128023
2020-03-09 17:59:00,3351.3608377445476,0.0013182665531879575
2020-03-09 18:00:00,3354.482341959723,0.0013296280696078358
2020-03-09 18:01:00,3353.0150670545995,0.0012710204861137242
2020-03-09 18:02:00,3349.4988828506266,0.0013216079906663207
2020-03-09 18:03:00,3350.370976234373,0.0013657749385346822
2020-03-09 18:04:00,3350.7252204978786,0.0013721190003228123
2020-03-09 18:05:00,3355.727442540373,0.0013703673061168993
2020-03-09 18:06:00,3357.1791090329625,0.0013475106457045457
2020-03-09 18:07:00,3355.5706111449927,0.0013395995946497202
2020-03-09 18:08:00,3364.878571671571,0.0013778391733444038
2020-03-09 18:09:00,3358.719358619994,0.001331523347485879
2020-03-09 18:10:00,3355.891993887303,0.0013731995480548466
2020-03-09 18:11:00,3360.127835184048,0.0013448844204186504
2020-03-09 18:12:00,3355.7048325590713,0.0013607811991508797
2020-03-09 18:13:00,3345.972288048959,0.0014110393781938057
2020-03-09 18:14:00,3352.7621054404513,0.0014020770931569859
2020-03-09 18:15:00,3357.146865551141,0.0014248163214971147
2020-03-09 18:16:00,3363.1219235620006,0.0014264002634252462
2020-03-09 18:17:00,3368.0568726340493,0.0013793002373659441
2020-03-09 18:18:00,3371.9798196986467,0.0013706400648267807
2020-03-09 18:19:00,3378.570715235051,0.0013771662718168622
2020-03-09 18:20:00,3371.9439866068924,0.0013964276376987573
2020-03-09 18:21:00,3368.622400963923,0.0014163023297641922
2020-03-09 18:22:00,3375.535539378904,0.0014182916261821356
2020-03-09 18:23:00,3379.9242892889033,0.0014844624118677586
2020-03-09 18:24:00,3377.1637768167557,0.0014239234701714926
2020-03-09 18:25:00,3380.5624831416403,0.0014477981849739825
2020-03-09 18:26:00,3381.834294240709,0.0014579769085446104
2020-03-09 18:27:00,3379.7136811675077,0.001496511440225985
2020-03-09 18:28:00,3376.47967923575,0.0014875301167781038
2020-03-09 18:29:00,3380.898119739753,0.0014607589509112995
2020-03-09 18:30:00,3380.610297877899,0.0014336974479226842
2020-03-09 18:31:00,3378.4131201441796,0.0014763702677419942
2020-03-09 18:32:00,3375.094734555913,0.0015164665639481477
2020-03-09 18:33:00,3369.4409662277985,0.001480426588108895
2020-03-09 18:34:00,3370.9946413515477,0.0014872062547021277
2020-03-09 18:35:00,3371.98658985229,0.0014753537008563903
2020-03-09 18:36:00,3369.0683438592932,0.0014894240542966766
2020-03-09 18:37:00,3373.986052612557,0.0014543293005367071
2020-03-09 18:38:00,3371.9300466924665,0.0014829449357677091
2020-03-09 18:39:00,3366.2883726729465,0.001511444948568285
2020-03-09 18:40:00,3362.5195680547745,0.001525841861034032
2020-03-09 18:41:00,3364.872483634787,0.0015253031616477186
2020-03-09 18:42:00,3371.1365719571277,0.0015365284651382334
2020-03-09 18:43:00,3375.8335248878516,0.001532977312225949
2020-03-09 18:44:00,3383.57575803408,0.0016132388271169788
2020-03-09 18:45:00,3388.146503763598,0.0016290058143606234
2020-03-09 18:46:00,3384.8721933280563,0.001668675335166438
2020-03-09 18:47:00,3380.364096389791,0.0016737858578757686
2020-03-09 18:48:00,3381.394473916268,0.0016805700687917554
2020-03-09 18:49:00,3389.025023046205,0.001621901900656068
2020-03-09 18:50:00,3397.750757374292,0.0016254764841515115
2020-03-09 18:51:00,3395.399819830293,0.0016973637319820517
2020-03-09 18:52:00,3397.6637449505824,0.0016841305448072217
2020-03-09 18:53:00,3390.1122561214993,0.001713021103382306
2020-03-09 18:54:00,3386.6613855151436,0.0016404627183113384
2020-03-09 18:55:00,3395.9624284538704,0.0016245364235247936
2020-03-09 18:56:00,3401.2729070260452,0.0016043959197893044
2020-03-09 18:57:00,3384.9309595274353,0.001585296821389825
2020-03-09 18:58:00,3373.4799809371198,0.0015997801096789435
2020-03-09 18:59:00,3377.942442533018,0.001590010769188766
2020-03-09 19:00:00,3384.0535040576237,0.0015926859612700498
2020-03-09 19:01:00,3382.04477804572,0.00152652515517832
2020-03-09 19:02:00,3382.661661610858,0.0015417031519019237
2020-03-09 19:03:00,3374.569151332358,0.0015444373347911584
2020-03-09 19:04:00,3384.565263108236,0.001700144015422013
2020-03-09 19:05:00,3387.27226350692,0.001695912614709675
2020-03-09 19:06:00,3382.5949139595623,0.0017849180927883663
2020-03-09 19:07:00,3374.2777378368964,0.0017787889550823681
2020-03-09 19:08:00,3368.2873735309654,0.0017746262474967012
2020-03-09 19:09:00,3363.886778546506,0.0018330721885945805
2020-03-09 19:10:00,3354.690227515028,0.0018354507175066107
2020-03-09 19:11:00,3349.1198858947087,0.001810405055384771
2020-03-09 19:12:00,3353.1809968764637,0.0017122094587689325
2020-03-09 19:13:00,3349.890790537136,0.0017168953439111122
2020-03-09 19:14:00,3343.113016621042,0.0016906058439656692
2020-03-09 19:15:00,3343.464168388214,0.0016969164372267389
2020-03-09 19:16:00,3337.895510864728,0.0016636716984793963
2020-03-09 19:17:00,3329.104628409836,0.001669335520591683
2020-03-09 19:18:00,3318.1910888274424,0.0016924445192006215
2020-03-09 19:19:00,3321.0271580035533,0.0016432082944627553
2020-03-09 19:20:00,3323.5115998858787,0.001597182522627798
2020-03-09 19:21:00,3315.6129845827318,0.0015907622770515732
2020-03-09 19:22:00,3306.234234391413,0.0016570291904738185
2020-03-09 19:23:00,3312.7904239546174,0.0017574764262035974
2020-03-09 19:24:00,3317.357735953373,0.001823219762360486
2020-03-09 19:25:00,3307.2022509179033,0.0018019600483857976
2020-03-09 19:26:00,3301.0782192532606,0.001747552982714193
2020-03-09 19:27:00,3309.796113997431,0.001705877972207338
2020-03-09 19:28:00,3312.934670368338,0.0017138343106048266
2020-03-09 19:29:00,3314.0337371860314,0.0016879175818874219
2020-03-09 19:30:00,3312.6146953311927,0.0017479911337172902
2020-03-09 19:31:00,3310.1418392335886,0.0017653647703631393
2020-03-09 19:32:00,3312.9019075790775,0.0017721306045499954
2020-03-09 19:33:00,3306.598124495309,0.0017747014722124656
2020-03-09 19:34:00,3298.998609074153,0.001898336907527976
2020-03-09 19:35:00,3292.4786279854575,0.001887831108304203
2020-03-09 19:36:00,3291.197764852787,0.0018595844152087691
2020-03-09 19:37:00,3295.2857610258684,0.0018523555074896586
2020-03-09 19:38:00,3299.2388459578683,0.0018427185570996003
2020-03-09 19:39:00,3292.299345330457,0.0017977381168911718
2020-03-09 19:40:00,3284.7498665398366,0.0018342980982590626
2020-03-09 19:41:00,3284.1166630987677,0.0018343290517919913
2020-03-09 19:42:00,3281.1540205157407,0.0018764086311893098
2020-03-09 19:43:00,3292.195198228056,0.0018755345417840554
2020-03-09 19:44:00,3295.7851947863733,0.0018831792493923052
2020-03-09 19:45:00,3287.1278241189225,0.00192589493886196
2020-03-09 19:46:00,3295.9022804715314,0.0018785204667574969
2020-03-09 19:47:00,3301.487218936348,0.0019040135849766168
2020-03-09 19:48:00,3294.5590530274594,0.0019367656102600222
2020-03-09 19:49:00,3284.1561645960724,0.0019113263729323806
2020-03-09 19:50:00,3287.460568015644,0.0018999914630636737
2020-03-09 19:51:00,3285.630536165875,0.00188495059800941
2020-03-09 19:52:00,3288.1829743573107,0.0018985619951176476
2020-03-09 19:53:00,3293.003981696554,0.0019770213419504205
2020-03-09 19:54:00,3290.0634848449477,0.001988326608497011
2020-03-09 19:55:00,3297.3637015803174,0.0019764042696395843
2020-03-09 19:56:00,3301.3381172747104,0.001963964154798037
2020-03-09 19:57:00,3309.0269558837767,0.001996446413463821
2020-03-09 19:58:00,3314.1994687501638,0.001994542722959986
2020-03-09 19:59:00,3333.728373959296,0.0019949197481949205
2020-03-10 13:30:00,3251.070317823849,0.0019971457733317446
2020-03-10 13:31:00,3253.385214224759,0.0020133865535341324
2020-03-10 13:32:00,3260.618538965152,0.002041213622842241
2020-03-10 13:33:00,3258.4945623432027,0.002058870286857123
2020-03-10 13:34:00,3261.0996325575684,0.0021044090365598777
2020-03-10 13:35:00,3255.846074752857,0.002092548520930961
2020-03-10 13:36:00,3259.1699634127976,0.0021308594291335197
2020-03-10 13:37:00,3260.3253658214007,0.002109070534790865
2020-03-10 13:38:00,3257.493463197702,0.0021570337069480635
2020-03-10 13:39:00,3248.946158402384,0.00220355562228367
2020-03-10 13:40:00,3239.4907339892575,0.0022203026809819765
2020-03-10 13:41:00,3248.8806397051794,0.00222101350290675
2020-03-10 13:42:00,3248.514215782604,0.0021544821744386915
2020-03-10 13:43:00,3240.7604364582203,0.00217600423915314
2020-03-10 13:44:00,3239.941872783884,0.0021307251344774548
2020-03-10 13:45:00,3234.5862672658454,0.0021295530210404517
2020-03-10 13:46:00,3241.053446645916,0.0020827854169798415
2020-03-10 13:47:00,3238.4785555190433,0.0020466586536542456
2020-03-10 13:48:00,3234.8133529317493,0.0020761204549098783
2020-03-10 13:49:00,3231.8115727668373,0.002100021561746995
2020-03-10 13:50:00,3235.4637403970446,0.00214309153972004
2020-03-10 13:51:00,3242.0207763911562,0.0021787209645889607
2020-03-10 13:52:00,3251.9744422866756,0.0021920581682670004
2020-03-10 13:53:00,3252.485049577138,0.002114715976788395
2020-03-10 13:54:00,3245.566478646002,0.0021104452353697405
2020-03-10 13:55:00,3256.1855619768176,0.0020669963830438464
2020-03-10 13:56:00,3253.327434877634,0.0021518679977573078
2020-03-10 13:57:00,3253.6257311542795,0.0020948699117987256
2020-03-10 13:58:00,3249.5022588672696,0.0020992217596892517
2020-03-10 13:59:00,3254.407507307235,0.002050217168367851
2020-03-10 14:00:00,3262.7184317388037,0.001991599869291951
2020-03-10 14:01:00,3265.2933180883592,0.0019957559897364916
2020-03-10 14:02:00,3264.9566241090724,0.0019978063198744867
2020-03-10 14:03:00,3264.75089000722,0.0019748056651427075
2020-03-10 14:04:00,3268.086925284553,0.002006402772874308
2020-03-10 14:05:00,3274.743610852897,0.0020446086395080523
2020-03-10 14:06:00,3267.6538631398157,0.002063182184148697
2020-03-10 14:07:00,3271.5624692040114,0.002069939722124642
2020-03-10 14:08:00,3274.979820138986,0.002090610194209499
2020-03-10 14:09:00,3262.3049456694757,0.0021834097501168474
2020-03-10 14:10:00,3267.038836349058,0.0021966047316702678
2020-03-10 14:11:00,3263.7141161966224,0.0021547408860237787
2020-03-10 14:12:00,3274.498610388455,0.002181111606389753
2020-03-10 14:13:00,3268.7391019259353,0.0021406365123165234
2020-03-10 14:14:00,3261.6600155698625,0.0022296222190959607
2020-03-10 14:15:00,3268.404836441763,0.0022706214349123045
2020-03-10 14:16:00,3262.261920394071,0.002326429613936547
2020-03-10 14:17:00,3265.659010312321,0.0023259217996388225
2020-03-10 14:18:00,3275.340034139665,0.0023850763621137854
2020-03-10 14:19:00,3268.830716538687,0.0023834869111114447
2020-03-10 14:20:00,3265.685329166019,0.0023303743268766088
2020-03-10 14:21:00,3262.831469865654,0.0024106162433878246
2020-03-10 14:22:00,3258.2391580896474,0.0024689599606753042
2020-03-10 14:23:00,3261.1609174566647,0.00243711128329403
2020-03-10 14:24:00,3258.14943191715,0.002446792892436519
2020-03-10 14:25:00,3262.374409989089,0.002450805565547827
2020-03-10 14:26:00,3275.1277183636394,0.002493733132875989
2020-03-10 14:27:00,3260.9661031265105,0.002486187384930449
2020-03-10 14:28:00,3267.7808487540196,0.0024492668337023475
2020-03-10 14:29:00,3267.6267876529423,0.0024402195988862097
2020-03-10 14:30:00,3269.715941644159,0.0024260513954831794
2020-03-10 14:31:00,3281.704910761131,0.002426231030840052
2020-03-10 14:32:00,3294.67549645566,0.002461841261211972
2020-03-10 14:33:00,3283.010670128682,0.002394668789525287
2020-03-10 14:34:00,3275.269381360614,0.0024023759033069197
2020-03-10 14:35:00,3267.21247543773,0.0023823158850473985
2020-03-10 14:36:00,3273.7793722891734,0.0023696658624964765
2020-03-10 14:37:00,3273.162809055144,0.0023549289228761926
2020-03-10 14:38:00,3274.883959534849,0.0024034879900590805
2020-03-10 14:39:00,3279.4527097823975,0.0023810570935886757
2020-03-10 14:40:00,3278.0173894505715,0.002397520463104997
2020-03-10 14:41:00,3294.4300223496302,0.002391890104727831
2020-03-10 14:42:00,3304.6367043539753,0.002411816465525746
2020-03-10 14:43:00,3314.2064099301374,0.0023731658015604487
2020-03-10 14:44:00,3328.059784964907,0.0024201490013760546
2020-03-10 14:45:00,3323.27798208448,0.0023234351765621403
2020-03-10 14:46:00,3322.2941463704374,0.0023015381772255954
2020-03-10 14:47:00,3330.8220840008526,0.002280270858042323
2020-03-10 14:48:00,3336.927288947473,0.002326291554976087
2020-03-10 14:49:00,3337.898312599223,0.002342251015062597
2020-03-10 14:50:00,3345.3193458198257,0.0023647709280909036
2020-03-10 14:51:00,3343.6014011741777,0.002363395671499587
2020-03-10 14:52:00,3337.0619419316877,0.0023624807423997425
2020-03-10 14:53:00,3327.700538795074,0.0024026246065305622
2020-03-10 14:54:00,3319.0966262481847,0.0023949675870229047
2020-03-10 14:55:00,3302.8174420785735,0.0023726900262831157
2020-03-10 14:56:00,3308.2201025079385,0.0023302867691797667
2020-03-10 14:57:00,3302.436636744526,0.0023336201692961502
2020-03-10 14:58:00,3314.174181887557,0.00235929880121537
2020-03-10 14:59:00,3312.762608460367,0.0024013540602195018
2020-03-10 15:00:00,3319.6853229051094,0.002407599414109273
2020-03-10 15:01:00,3310.5492732345137,0.0024309752462542992
2020-03-10 15:02:00,3318.153835777272,0.0023800674550311716
2020-03-10 15:03:00,3314.109994793284,0.00239953855081856
2020-03-10 15:04:00,3308.8221764029818,0.002353349413719648
2020-03-10 15:05:00,3304.455843248719,0.002350920756446725
2020-03-10 15:06:00,3300.333186948087,0.0024053628136471075
2020-03-10 15:07:00,3281.3193919044675,0.0023881197936575895
2020-03-10 15:08:00,3285.68499026655,0.0023901392977539767
2020-03-10 15:09:00,3291.2555853885233,0.0023683368655228578
2020-03-10 15:10:00,3302.029046769056,0.002431619030011521
2020-03-10 15:11:00,3283.2356854656255,0.0023646372332252895
2020-03-10 15:12:00,3283.40155388491,0.002370292198783798
2020-03-10 15:13:00,3284.7359445608668,0.002315835102605545
2020-03-10 15:14:00,3282.7737594929667,0.0022664277236757843
2020-03-10 15:15:00,3281.039055821682,0.002249462448766303
2020-03-10 15:16:00,3275.404810972802,0.0023227491704184465
2020-03-10 15:17:00,3271.9723632810756,0.002402013721759755
2020-03-10 15:18:00,3277.8809059746513,0.002374153791515437
2020-03-10 15:19:00,3264.4940606389396,0.002378189479398359
2020-03-10 15:20:00,3265.5862027357985,0.002298104766259616
2020-03-10 15:21:00,3270.915896955004,0.002323160998269971
2020-03-10 15:22:00,3271.3656687378775,0.002332727137096341
2020-03-10 15:23:00,3271.270104760813,0.0023066279767029064
2020-03-10 15:24:00,3269.393502982908,0.0023252562862746255
2020-03-10 15:25:00,3273.7921789868665,0.0023241811406799475
2020-03-10 15:26:00,3267.5671162463373,0.0022522392355041935
2020-03-10 15:27:00,3269.1423408244555,0.0022518489535985797
2020-03-10 15:28:00,3265.4853661024295,0.002290929164047155
2020-03-10 15:29:00,3269.82584067098,0.0022486993468731143
2020-03-10 15:30:00,3258.6182835074064,0.002223804746481783
2020-03-10 15:31:00,3253.4589297576185,0.0021542917396506003
2020-03-10 15:32:00,3255.3663945997614,0.002243800008372746
2020-03-10 15:33:00,3258.8449207967105,0.0022302431785294376
2020-03-10 15:34:00,3261.9083067533525,0.0022350243059300967
2020-03-10 15:35:00,3259.228852615656,0.002226831652710195
2020-03-10 15:36:00,3261.5997424859884,0.002260862806291884
2020-03-10 15:37:00,3269.9150343471856,0.0022053250730639682
2020-03-10 15:38:00,3262.304504783411,0.002257840323583679
2020-03-10 15:39:00,3253.180420082755,0.002169730476705283
2020-03-10 15:40:00,3255.2469323015275,0.0021541125124860333
2020-03-10 15:41:00,3260.7033823808706,0.0021956868148490997
2020-03-10 15:42:00,3257.7274336143855,0.0022911403214081155
2020-03-10 15:43:00,3267.3005514198935,0.002374572269794086
2020-03-10 15:44:00,3258.1953750895027,0.0023949161810420867
2020-03-10 15:45:00,3250.8389561193276,0.0024073291930304616
2020-03-10 15:46:00,3261.6060566739175,0.0023815351893479554
2020-03-10 15:47:00,3256.1089834425616,0.002466566472257283
2020-03-10 15:48:00,3242.2851682633386,0.0025136543131972756
2020-03-10 15:49:00,3239.476377730007,0.0024855793114388954
2020-03-10 15:50:00,3231.387615497388,0.002534510265530303
2020-03-10 15:51:00,3228.6175406822294,0.002528625791125844
2020-03-10 15:52:00,3224.177389251543,0.002513625708019187
2020-03-10 15:53:00,3235.7557100618624,0.0025474097459310856
2020-03-10 15:54:00,3231.163322252712,0.002537585612255287
2020-03-10 15:55:00,3234.0084802506535,0.002549950080019027
2020-03-10 15:56:00,3244.8370777925393,0.002621736840897619
2020-03-10 15:57:00,3255.721878910922,0.0026322774760136024
2020-03-10 15:58:00,3257.5614810435827,0.002694794438024036
2020-03-10 15:59:00,3270.3876738703157,0.0026614376918477436
2020-03-10 16:00:00,3281.1807557577076,0.002584621291110531
2020-03-10 16:01:00,3270.245706429818,0.0026555760811224024
2020-03-10 16:02:00,3272.0294457245773,0.002611952617763349
2020-03-10 16:03:00,3289.0305019896073,0.002576090495555708
2020-03-10 16:04:00,3281.805974510727,0.0026005044614424806
2020-03-10 16:05:00,3302.6770513630104,0.0026126207134533506
2020-03-10 16:06:00,3283.0203680612194,0.0026451648092757863
2020-03-10 16:07:00,3282.318329568513,0.002584841821176523
2020-03-10 16:08:00,3286.3241224076555,0.0024949308835452064
2020-03-10 16:09:00,3296.1755870144107,0.002501701800623795
2020-03-10 16:10:00,3288.8632075317714,0.002484747361145352
2020-03-10 16:11:00,3294.671305225414,0.0024509736270952125
2020-03-10 16:12:00,3284.5229151549947,0.0024103609071674066
2020-03-10 16:13:00,3278.05514676808,0.0023333833505030455
2020-03-10 16:14:00,3274.488197067572,0.002299319352290164
2020-03-10 16:15:00,3266.0305870977204,0.0023296082162355476
2020-03-10 16:16:00,3250.5745015237053,0.0022872318609461744
2020-03-10 16:17:00,3245.4964212775303,0.0021984875127770685
2020-03-10 16:18:00,3244.443849287589,0.0021952592228741998
2020-03-10 16:19:00,3245.869892976304,0.002249216897122299
2020-03-10 16:20:00,3243.9563277417083,0.0023267802528472636
2020-03-10 16:21:00,3249.8077356641197,0.0023080831808086994
2020-03-10 16:22:00,3262.1520367849894,0.002301705264211237
2020-03-10 16:23:00,3253.3513105434813,0.002396030267687289
2020-03-10 16:24:00,3246.0328192592233,0.0023674136093280234
2020-03-10 16:25:00,3241.2554094414068,0.0024172257085873132
2020-03-10 16:26:00,3237.3978698740384,0.002464436955507503
2020-03-10 16:27:00,3239.558411361864,0.0024343803126170146
2020-03-10 16:28:00,3242.1973432509453,0.0024587895229811812
2020-03-10 16:29:00,3245.486243935805,0.002482248253224576
2020-03-10 16:30:00,3253.7883882707383,0.002506567732170714
2020-03-10 16:31:00,3244.4136777574117,0.0025440340471978642
2020-03-10 16:32:00,3246.4571039445495,0.0025611856388476173
2020-03-10 16:33:00,3245.744241085096,0.002599950205475457
2020-03-10 16:34:00,3232.5806862051522,0.0025505376729506157
2020-03-10 16:35:00,3231.721082680873,0.002593973177743875
2020-03-10 16:36:00,3236.8478660369265,0.0025482401603428373
2020-03-10 16:37:00,3239.9608549890636,0.002527682742484046
2020-03-10 16:38:00,3246.9589207679364,0.002488042128335767
2020-03-10 16:39:00,3237.2050078775983,0.0024585437033228276
2020-03-10 16:40:00,3233.0817820167326,0.0024179129746186682
2020-03-10 16:41:00,3244.0480727254767,0.0024733861607721787
2020-03-10 16:42:00,3239.479138350975,0.0024837683187081713
2020-03-10 16:43:00,3216.439965072651,0.002524653120830957
2020-03-10 16:44:00,3210.708434147861,0.002540368544821134
2020-03-10 16:45:00,3198.5960689864582,0.0025663353719912593
2020-03-10 16:46:00,3203.705821835525,0.002525943034218057
2020-03-10 16:47:00,3202.067282635231,0.0025414788333761864
2020-03-10 16:48:00,3195.7243059412517,0.002567033423271264
2020-03-10 16:49:00,3205.448750441996,0.002641152232297283
2020-03-10 16:50:00,3209.333566624974,0.002581082416347076
2020-03-10 16:51:00,3210.4126184497522,0.002636845177565787
2020-03-10 16:52:00,3206.2473426896604,0.002551632401814769
2020-03-10 16:53:00,3190.508156170336,0.002517914722817001
2020-03-10 16:54:00,3194.102583599873,0.0024650084771946374
2020-03-10 16:55:00,3193.780019641195,0.0024613091351371663
2020-03-10 16:56:00,3191.9582322756974,0.002382162189908431
2020-03-10 16:57:00,3189.56813840979,0.0024094100464477674
2020-03-10 16:58:00,3184.7966596204824,0.002362307128100708
2020-03-10 16:59:00,3187.3645834456333,0.0023618636128403363
2020-03-10 17:00:00,3190.6825172701724,0.0023741766673751425
2020-03-10 17:01:00,3177.2189860121225,0.00234733236022808
2020-03-10 17:02:00,3179.4252388338964,0.0023210407686528015
2020-03-10 17:03:00,3178.374277914294,0.0023272997692827314
2020-03-10 17:04:00,3172.786619705799,0.0023726495729632638
2020-03-10 17:05:00,3173.8150582633284,0.002383964746487428
2020-03-10 17:06:00,3172.1138619652847,0.0023998967232420026
2020-03-10 17:07:00,3170.239359694571,0.0023861608377166756
2020-03-10 17:08:00,3174.5206837547425,0.0024083251268435186
2020-03-10 17:09:00,3169.77426036597,0.0023572358708580064
2020-03-10 17:10:00,3182.7863564395884,0.002341400806672443
2020-03-10 17:11:00,3179.6626900050305,0.0023321180213479865
2020-03-10 17:12:00,3186.694420148408,0.0023751244414487826
2020-03-10 17:13:00,3183.5409898642965,0.0023843926681860164
2020-03-10 17:14:00,3185.012490451519,0.002339875681488522
2020-03-10 17:15:00,3163.35278938379,0.0023627437013602278
2020-03-10 17:16:00,3149.6640513694815,0.002390779912175856
2020-03-10 17:17:00,3152.866386094805,0.002419502635333281
2020-03-10 17:18:00,3140.595386088843,0.0023604116562850087
2020-03-10 17:19:00,3141.101896649696,0.002351906820303453
2020-03-10 17:20:00,3130.810293610291,0.00240569199387754
2020-03-10 17:21:00,3122.370784197865,0.0024145483326266587
2020-03-10 17:22:00,3130.1278254832137,0.0024057613254434887
2020-03-10 17:23:00,3122.658394858299,0.0023844959648704365
2020-03-10 17:24:00,3120.669003419877,0.0023678635827242825
2020-03-10 17:25:00,3118.986437992768,0.002363565690737228
2020-03-10 17:26:00,3111.6791540048025,0.0023975703076325443
2020-03-10 17:27:00,3100.971411270839,0.002379899590926522
2020-03-10 17:28:00,3103.3030996522643,0.002382328109717191
2020-03-10 17:29:00,3088.9445629034626,0.002355458706943414
2020-03-10 17:30:00,3089.707626635789,0.0023210913266149755
2020-03-10 17:31:00,3091.151042560989,0.0022754903904258278
2020-03-10 17:32:00,3089.640130100177,0.0023148212486711443
2020-03-10 17:33:00,3089.5787503220017,0.002273173114207875
2020-03-10 17:34:00,3084.4070103565637,0.0023141025890122853
2020-03-10 17:35:00,3094.733404513133,0.0023785559362900313
2020-03-10 17:36:00,3090.4131544083325,0.0023871731452502084
2020-03-10 17:37:00,3077.615791956446,0.002371128632473424
2020-03-10 17:38:00,3076.5258046160293,0.0023713366797944
2020-03-10 17:39:00,3057.534638123265,0.0023332950924242262
2020-03-10 17:40:00,3045.7011416783216,0.0023322938635933705
2020-03-10 17:41:00,3046.742178317859,0.002393970336076761
2020-03-10 17:42:00,3042.619441216346,0.0024089680755558307
2020-03-10 17:43:00,3041.6540503491733,0.002389313708956363
2020-03-10 17:44:00,3038.3926769765935,0.0023953518626807376
2020-03-10 17:45:00,3042.6934242637913,0.0023822498873557092
2020-03-10 17:46:00,3046.063661195628,0.0023595125960959706
2020-03-10 17:47:00,3040.9862225981915,0.0023491267667453733
2020-03-10 17:48:00,3031.2877724637374,0.002343881280029924
2020-03-10 17:49:00,3026.9488289713495,0.002371695887601521
2020-03-10 17:50:00,3043.907651424044,0.002402183555802626
2020-03-10 17:51:00,3047.569667308922,0.0023426569132348834
2020-03-10 17:52:00,3037.6238188680486,0.0023841373260656044
2020-03-10 17:53:00,3046.0670102090257,0.0023883729052608226
2020-03-10 17:54:00,3037.6914618831547,0.0023338925528656766
2020-03-10 17:55:00,3035.6750560589453,0.0022890303284044287
2020-03-10 17:56:00,3042.5732065431225,0.002290132372640045
2020-03-10 17:57:00,3046.30896510053,0.002236033480800982
2020-03-10 17:58:00,3045.0519422101315,0.0022999898739226848
2020-03-10 17:59:00,3044.165173309096,0.0023218966100737905
2020-03-10 18:00:00,3054.5097396755546,0.002366399198370725
2020-03-10 18:01:00,3050.376121232117,0.002332734656721589
2020-03-10 18:02:00,3042.9202661002514,0.0022414745081413127
2020-03-10 18:03:00,3038.027694285228,0.002270915989280372
2020-03-10 18:04:00,3034.3049474073905,0.0022588865897331246
2020-03-10 18:05:00,3028.8171479624357,0.0023152213703386045
2020-03-10 18:06:00,3024.940051674388,0.0023101447896931872
2020-03-10 18:07:00,3023.91598431654,0.0022986044961449013
2020-03-10 18:08:00,3033.8022030514517,0.0023101203261844134
2020-03-10 18:09:00,3038.755534654507,0.0023163328979569704
2020-03-10 18:10:00,3030.547325217902,0.002314818359013461
2020-03-10 18:11:00,3033.1321995373933,0.002384768858697743
2020-03-10 18:12:00,3041.446080707462,0.0024318695794616333
2020-03-10 18:13:00,3043.5612992523625,0.002419557187034782
2020-03-10 18:14:00,3040.6911642011855,0.002426778106403441
2020-03-10 18:15:00,3047.476328497247,0.0024193781209818337
2020-03-10 18:16:00,3057.7019404239395,0.0024707834933507078
2020-03-10 18:17:00,3043.6161710453525,0.0025614224847991473
2020-03-10 18:18:00,3037.3542175497837,0.0025514877204136283
2020-03-10 18:19:00,3043.3008235796847,0.002574191352172616
2020-03-10 18:20:00,3043.125802073458,0.002608907706318373
2020-03-10 18:21:00,3060.034128330435,0.0026116612853266134
2020-03-10 18:22:00,3054.1067449054444,0.002581764677559387
2020-03-10 18:23:00,3059.5981702356703,0.002616141572417848
2020-03-10 18:24:00,3053.469985245636,0.0025964989174020914
2020-03-10 18:25:00,3052.2580952746457,0.0026101351698802513
2020-03-10 18:26:00,3051.318237320222,0.0026468689203703955
2020-03-10 18:27:00,3046.333783575473,0.0026304279544894066
2020-03-10 18:28:00,3040.3399970020746,0.0026909477072082104
2020-03-10 18:29:00,3044.055795391952,0.0027322745658087404
2020-03-10 18:30:00,3046.6312580198964,0.002642731397265787
2020-03-10 18:31:00,3049.884440950521,0.002696276017208138
2020-03-10 18:32:00,3039.3032257947475,0.002756743317112897
2020-03-10 18:33:00,3040.731189160962,0.0026583519886323216
2020-03-10 18:34:00,3045.7013173787996,0.002629346948705658
2020-03-10 18:35:00,3049.657466454388,0.0026117661706690307
2020-03-10 18:36:00,3042.9747816703116,0.002581430826491141
2020-03-10 18:37:00,3046.0401801899366,0.002602113501577871
2020-03-10 18:38:00,3053.1677195869697,0.0025839916795965963
2020-03-10 18:39:00,3062.476518309456,0.0025759169535897243
2020-03-10 18:40:00,3072.031295805208,0.0026394652513632056
2020-03-10 18:41:00,3065.18852380723,0.0026229624069842093
2020-03-10 18:42:00,3068.850285806942,0.002583327900662387
2020-03-10 18:43:00,3071.643744786419,0.00261740138613022
2020-03-10 18:44:00,3065.5663048628226,0.0026375390225456164
2020-03-10 18:45:00,3074.6364367281167,0.002692406197451618
2020-03-10 18:46:00,3072.0611978543234,0.002737140093950602
2020-03-10 18:47:00,3073.219821600582,0.0027714045376962125
2020-03-10 18:48:00,3077.389244057453,0.0028351549700935405
2020-03-10 18:49:00,3077.7686189456235,0.002863256172824733
2020-03-10 18:50:00,3071.176868450833,0.002855170930905879
2020-03-10 18:51:00,3048.422989434249,0.0029088828264230353
2020-03-10 18:52:00,3059.861427230033,0.0029161976827895195
2020-03-10 18:53:00,3054.1982966144787,0.00289661384611049
2020-03-10 18:54:00,3048.4344353181673,0.002844364752174446
2020-03-10 18:55:00,3032.1748234280435,0.0028796433871115905
2020-03-10 18:56:00,3033.183639029243,0.002938877458904999
2020-03-10 18:57:00,3030.517838966387,0.002895189419851789
2020-03-10 18:58:00,3033.756414691133,0.002851849303144645
2020-03-10 18:59:00,3036.278473137333,0.0028464484785968055
2020-03-10 19:00:00,3030.580712087448,0.0028515182288808404
2020-03-10 19:01:00,3039.7373439665425,0.002863070235101375
2020-03-10 19:02:00,3035.563545962545,0.00286710699655339
2020-03-10 19:03:00,3030.756180711563,0.002842860048885235
2020-03-10 19:04:00,3030.092388878434,0.002847311604228552
2020-03-10 19:05:00,3022.922367243286,0.002898877338643697
2020-03-10 19:06:00,3024.9879737046745,0.002872667656536635
2020-03-10 19:07:00,3021.020751927468,0.002890129453379393
2020-03-10 19:08:00,3013.0928680907127,0.0028645819007338358
2020-03-10 19:09:00,3021.679592134379,0.0028202825233881357
2020-03-10 19:10:00,3027.084097437276,0.002805780429936548
2020-03-10 19:11:00,3037.2421918461364,0.0028459264916016356
2020-03-10 19:12:00,3020.925059365327,0.002828548219901409
2020-03-10 19:13:00,3036.1916550185365,0.0028095630027118765
2020-03-10 19:14:00,3033.363579754606,0.0029074654631466666
2020-03-10 19:15:00,3040.364266181655,0.0029389951368442332
2020-03-10 19:16:00,3024.9490434872146,0.0028953226607342313
2020-03-10 19:17:00,3032.783337105158,0.0029262460380160746
2020-03-10 19:18:00,3028.4473538210827,0.0029061100062817745
2020-03-10 19:19:00,3030.6082256846357,0.002898092058337896
2020-03-10 19:20:00,3023.828395394106,0.0028397290143416425
2020-03-10 19:21:00,3034.214535995625,0.0027992929468215193
2020-03-10 19:22:00,3046.8170504425943,0.002785377885272473
2020-03-10 19:23:00,3054.302361930829,0.00278653048693148
2020-03-10 19:24:00,3043.804218714861,0.0028091650518786925
2020-03-10 19:25:00,3037.285230253207,0.0027604247799816817
2020-03-10 19:26:00,3034.5893691806914,0.002797587164244237
2020-03-10 19:27:00,3012.9376504142865,0.0027045173159297485
2020-03-10 19:28:00,2999.1232387020723,0.002732991780720446
2020-03-10 19:29:00,3003.6200177368596,0.0027146077904770033
2020-03-10 19:30:00,2995.347837241113,0.002690242939242547
2020-03-10 19:31:00,3009.419370746373,0.002674112363764545
2020-03-10 19:32:00,3005.0371140178718,0.002652517659423534
2020-03-10 19:33:00,3008.8680510411564,0.002616982049740041
2020-03-10 19:34:00,3009.4680706944396,0.002645197869100728
2020-03-10 19:35:00,3011.8600661926853,0.0025958454900362185
2020-03-10 19:36:00,3006.8068713061466,0.0026054501886484224
2020-03-10 19:37:00,3009.491855202974,0.0025885202789501386
2020-03-10 19:38:00,3016.749173137962,0.002615976610151921
2020-03-10 19:39:00,3024.73933467911,0.002643248883748938
2020-03-10 19:40:00,3017.0964846492243,0.0026040685893374575
2020-03-10 19:41:00,3003.217301187632,0.0026246702425853953
2020-03-10 19:42:00,2995.414568980544,0.0026054491275521786
2020-03-10 19:43:00,3009.376110241115,0.002570003946885928
2020-03-10 19:44:00,3016.0766221552453,0.002567764732343908
2020-03-10 19:45:00,3024.3192140689143,0.002647868993864075
2020-03-10 19:46:00,3030.2423463166965,0.0026643660284632513
2020-03-10 19:47:00,3043.317909962891,0.002681665086419912
2020-03-10 19:48:00,3031.81894545864,0.002655511737409174
2020-03-10 19:49:00,3028.150876043577,0.00270265683085868
2020-03-10 19:50:00,3018.427013846022,0.0027373471484315364
2020-03-10 19:51:00,3028.599008318177,0.002726040654751012
2020-03-10 19:52:00,3039.264628918836,0.002720734887927263
2020-03-10 19:53:00,3035.2187772893626,0.0027623412990548358
2020-03-10 19:54:00,3014.939001570538,0.0027335975933429667
2020-03-10 19:55:00,3020.1813966525765,0.0026987619267814966
2020-03-10 19:56:00,3020.9058663167916,0.0025834822978076846
2020-03-10 19:57:00,3015.4643353037445,0.002482483547470316
2020-03-10 19:58:00,3002.5246139409073,0.0024588761461920255
2020-03-10 19:59:00,2999.825402854446,0.0024462511225456997
2020-03-11 13:30:00,2898.548182833212,0.0024552809355644386
2020-03-11 13:31:00,2902.8398710193037,0.002471404399744565
2020-03-11 13:32:00,2890.4789716607006,0.002479085318788577
2020-03-11 13:33:00,2875.4577223987676,0.0025274927608513547
2020-03-11 13:34:00,2878.039856027522,0.002550589610729653
2020-03-11 13:35:00,2862.2912783522374,0.002582864385899351
2020-03-11 13:36:00,2863.1215903438856,0.0026046169783360764
2020-03-11 13:37:00,2873.0886057467046,0.002557612677984477
2020-03-11 13:38:00,2864.486570047808,0.0025406992058957627
2020-03-11 13:39:00,2871.5429968703334,0.002464072246216318
2020-03-11 13:40:00,2876.693733208758,0.0024008246365411776
2020-03-11 13:41:00,2878.1823731750515,0.0023964318674264385
2020-03-11 13:42:00,2876.612487364047,0.002378661290535296
2020-03-11 13:43:00,2877.563842439423,0.0024146502450658786
2020-03-11 13:44:00,2880.2430550945005,0.0024113048755720306
2020-03-11 13:45:00,2873.71272171737,0.002436969225243467
2020-03-11 13:46:00,2878.0556715219427,0.00243129976144572
2020-03-11 13:47:00,2875.632638354615,0.002434782392451193
2020-03-11 13:48:00,2866.4118343406512,0.0025203544715974462
2020-03-11 13:49:00,2859.862928983513,0.0026021451483073496
2020-03-11 13:50:00,2854.18393458651,0.0025462089259740248
2020-03-11 13:51:00,2855.1575831131927,0.002505462804006999
2020-03-11 13:52:00,2857.6339676780813,0.0024743613049065835
2020-03-11 13:53:00,2863.1182581932007,0.002509753980524849
2020-03-11 13:54:00,2866.7848803046777,0.0024729181466777023
2020-03-11 13:55:00,2864.2635863413816,0.0025023144930452403
2020-03-11 13:56:00,2869.8530562793735,0.0024991462686629897
2020-03-11 13:57:00,2863.1188783451075,0.0024490215261583504
2020-03-11 13:58:00,2859.9179181887575,0.002379742082505644
2020-03-11 13:59:00,2856.513810969187,0.0023759999612117215
2020-03-11 14:00:00,2850.1610315472226,0.0023542009672910136
2020-03-11 14:01:00,2862.868465538157,0.0024198264330573126
2020-03-11 14:02:00,2853.4337341515616,0.002405687921784248
2020-03-11 14:03:00,2849.803793864958,0.0023918305217627586
2020-03-11 14:04:00,2846.2241298269564,0.002373236699367929
2020-03-11 14:05:00,2843.913309059234,0.002381666083698856
2020-03-11 14:06:00,2845.327385259786,0.0024135153754759687
2020-03-11 14:07:00,2849.381136784544,0.0024761655412841484
2020-03-11 14:08:00,2854.4455491048525,0.002485864939666797
2020-03-11 14:09:00,2852.936863144738,0.00245022196767106
2020-03-11 14:10:00,2843.2850889587944,0.002470140925280301
2020-03-11 14:11:00,2831.009975134411,0.002504205578158143
2020-03-11 14:12:00,2817.8195873022783,0.0025094656729724102
2020-03-11 14:13:00,2811.0677713694517,0.0024766288496755337
2020-03-11 14:14:00,2816.2240126364395,0.0025377699514815472
2020-03-11 14:15:00,2827.2229569660835,0.0025254653515804507
2020-03-11 14:16:00,2822.8790568176832,0.002511597510533328
2020-03-11 14:17:00,2827.071077110997,0.0024946648013839845
2020-03-11 14:18:00,2826.792329583598,0.002592703493665685
2020-03-11 14:19:00,2847.504542903534,0.002672893259662277
2020-03-11 14:20:00,2847.280429365044,0.0026111153094497633
2020-03-11 14:21:00,2852.218727948867,0.002603530024171042
2020-03-11 14:22:00,2847.4218467112937,0.002650560386132636
2020-03-11 14:23:00,2842.328001067144,0.002634091841648926
2020-03-11 14:24:00,2843.2157857105894,0.00268416240702952
2020-03-11 14:25:00,2833.3850346273557,0.0026385851420023566
2020-03-11 14:26:00,2835.473502496022,0.0027109870874943076
2020-03-11 14:27:00,2833.2988154931713,0.0027338263613362395
2020-03-11 14:28:00,2823.5139889910333,0.0027734678319050183
2020-03-11 14:29:00,2817.670481657457,0.0028316106874371277
2020-03-11 14:30:00,2804.426069469714,0.002824274914738173
2020-03-11 14:31:00,2814.134318995758,0.002779383867087656
2020-03-11 14:32:00,2804.411219022594,0.0027646470583820807
2020-03-11 14:33:00,2817.997343734939,0.002789608652153426
2020-03-11 14:34:00,2822.9319655188574,0.0026987791087921048
2020-03-11 14:35:00,2825.1126079760356,0.002761897461619146
2020-03-11 14:36:00,2820.331928697473,0.0027560278214095717
2020-03-11 14:37:00,2824.195099785329,0.0028030523850914603
2020-03-11 14:38:00,2818.5223864234404,0.0028162817588585297
2020-03-11 14:39:00,2819.8378333435794,0.0027838632927538296
2020-03-11 14:40:00,2828.00006594096,0.0027399052960843987
2020-03-11 14:41:00,2824.213293417097,0.0027386848545463876
2020-03-11 14:42:00,2808.4441250348095,0.0027376446039320853
2020-03-11 14:43:00,2809.4359864746793,0.0027671359025515773
2020-03-11 14:44:00,2794.045588388166,0.002707714981676147
2020-03-11 14:45:00,2782.7368457292687,0.0028249103498069156
2020-03-11 14:46:00,2781.517938746919,0.0028321735565132997
2020-03-11 14:47:00,2781.679270442411,0.0028593679847470064
2020-03-11 14:48:00,2788.959479623897,0.0028785131282611704
2020-03-11 14:49:00,2777.0316143355008,0.002862584986708571
2020-03-11 14:50:00,2767.511739881257,0.0027869083723604843
2020-03-11 14:51:00,2769.9111099654683,0.0027156545360274066
2020-03-11 14:52:00,2770.1249422059896,0.0027243008439627415
2020-03-11 14:53:00,2778.414341299744,0.002705721143407341
2020-03-11 14:54:00,2780.259359001709,0.002620867341875737
2020-03-11 14:55:00,2782.0420051765996,0.0026647022520596476
2020-03-11 14:56:00,2776.5955255201916,0.0026545013476668546
2020-03-11 14:57:00,2767.8147778312127,0.00268720032321032
2020-03-11 14:58:00,2786.7084611189034,0.002774408316431469
2020-03-11 14:59:00,2792.814538526075,0.002797052122001762
2020-03-11 15:00:00,2798.917680163597,0.00282233150390671
2020-03-11 15:01:00,2787.742377107648,0.002811305464250314
2020-03-11 15:02:00,2795.167695145907,0.002798634328478414
2020-03-11 15:03:00,2800.9979200065086,0.002834240022547691
2020-03-11 15:04:00,2807.4606001033158,0.0028056629892259715
2020-03-11 15:05:00,2808.8447192843278,0.002836549531266852
2020-03-11 15:06:00,2804.371631944561,0.002842135105608605
2020-03-11 15:07:00,2809.017684062881,0.002759170256581614
2020-03-11 15:08:00,2806.597591787712,0.0027252669879967656
2020-03-11 15:09:00,2807.857420498186,0.002685630513616458
2020-03-11 15:10:00,2816.6792142640193,0.0026541938159502687
2020-03-11 15:11:00,2812.785883301374,0.0025837981346216853
2020-03-11 15:12:00,2811.486553958228,0.002528944352690903
2020-03-11 15:13:00,2824.6348645486896,0.0025642184357178477
2020-03-11 15:14:00,2819.6080915322495,0.002571307541886115
2020-03-11 15:15:00,2820.1664444701255,0.0025837151300904288
2020-03-11 15:16:00,2818.270603902785,0.002580303644375225
2020-03-11 15:17:00,2817.811057574947,0.002612241446858653
2020-03-11 15:18:00,2820.5484692062732,0.002586880646298871
2020-03-11 15:19:00,2812.055743216317,0.0026245901536756894
2020-03-11 15:20:00,2825.9019420104587,0.002611363758807928
2020-03-11 15:21:00,2827.523931106341,0.0026756903367768504
2020-03-11 15:22:00,2841.124997425823,0.002719444066410459
2020-03-11 15:23:00,2837.411137080646,0.002715540430583431
2020-03-11 15:24:00,2828.080716576383,0.002761335808958861
2020-03-11 15:25:00,2831.57412990096,0.002688149889660706
2020-03-11 15:26:00,2832.8342058091657,0.0026977272256115676
2020-03-11 15:27:00,2839.1058861675,0.002703097059200513
2020-03-11 15:28:00,2833.941687974777,0.00267986425413116
2020-03-11 15:29:00,2844.364496319341,0.002712805717244865
2020-03-11 15:30:00,2851.80134528495,0.002689337185395163
2020-03-11 15:31:00,2851.734979887557,0.002692844600106112
2020-03-11 15:32:00,2868.2239398895117,0.002801920520683476
2020-03-11 15:33:00,2878.2680601641578,0.0028080991376851208
2020-03-11 15:34:00,2884.4939210061243,0.0027599191752244474
2020-03-11 15:35:00,2893.7794304494605,0.00273955679253776
2020-03-11 15:36:00,2891.249566845086,0.0026984998259184587
2020-03-11 15:37:00,2894.0964930349683,0.002663984558169024
2020-03-11 15:38:00,2888.5606152071505,0.002699735865096353
2020-03-11 15:39:00,2880.2604532932737,0.0026449911984761966
2020-03-11 15:40:00,2884.5153946885407,0.0026798516279050765
2020-03-11 15:41:00,2875.4752889045367,0.00266247997255043
2020-03-11 15:42:00,2875.774113633683,0.0026457676084478575
2020-03-11 15:43:00,2866.3335615034434,0.0026485673011068466
2020-03-11 15:44:00,2855.6934745555054,0.0026692529772530896
2020-03-11 15:45:00,2851.117314260512,0.0027259097840313844
2020-03-11 15:46:00,2853.8183367965903,0.002719961562126027
2020-03-11 15:47:00,2855.8196848841535,0.002767442692701196
2020-03-11 15:48:00,2844.329423145338,0.002770601664273078
2020-03-11 15:49:00,2849.8775033517536,0.0028167859410767175
2020-03-11 15:50:00,2840.9269033813503,0.002834484588246916
2020-03-11 15:51:00,2850.4366174801835,0.002865163739729305
2020-03-11 15:52:00,2854.9067960178695,0.002851689300936644
2020-03-11 15:53:00,2856.4304887276353,0.002819652753914328
2020-03-11 15:54:00,2852.088579591816,0.002837736048162232
2020-03-11 15:55:00,2839.4806099860143,0.002831286828028138
2020-03-11 15:56:00,2840.2634609133256,0.0028182230159267464
2020-03-11 15:57:00,2835.3241979238874,0.002834919513742681
2020-03-11 15:58:00,2838.8157282251645,0.002852685252374709
2020-03-11 15:59:00,2827.538718873419,0.002867861910096977
2020-03-11 16:00:00,2820.5615773284603,0.0028624960997237635
2020-03-11 16:01:00,2829.9781247079645,0.0029197967536310687
2020-03-11 16:02:00,2821.2629037782385,0.0029246669363510265
2020-03-11 16:03:00,2831.869842089515,0.0029198011354577844
2020-03-11 16:04:00,2847.0239608287334,0.0029445364628034594
2020-03-11 16:05:00,2836.4086469182994,0.002875188041364996
2020-03-11 16:06:00,2830.9102348826627,0.002840019791683092
2020-03-11 16:07:00,2844.7856876737224,0.002746037230324392
2020-03-11 16:08:00,2833.642208294633,0.0027319219883928177
2020-03-11 16:09:00,2821.5360163063187,0.002677225180790998
2020-03-11 16:10:00,2831.2321350737766,0.0026208901763458306
2020-03-11 16:11:00,2826.971338948049,0.00262747416689908
2020-03-11 16:12:00,2831.1580807682585,0.0025819786099981605
2020-03-11 16:13:00,2838.231324917118,0.0025540008801531134
2020-03-11 16:14:00,2845.676844888911,0.002499223471876351
2020-03-11 16:15:00,2847.4870054986877,0.0024885047030349097
2020-03-11 16:16:00,2846.1884409089403,0.0024401931348123265
2020-03-11 16:17:00,2846.9879861246004,0.002490909702740865
2020-03-11 16:18:00,2852.4069241367824,0.002508152464194128
2020-03-11 16:19:00,2847.679435772935,0.0024932842337659056
2020-03-11 16:20:00,2841.974965613492,0.002554693869116326
2020-03-11 16:21:00,2846.1286121146672,0.0025109509699336756
2020-03-11 16:22:00,2835.3720077590506,0.0025811539390029493
2020-03-11 16:23:00,2847.232868014721,0.00256292667506722
2020-03-11 16:24:00,2841.541105176132,0.002592045983990764
2020-03-11 16:25:00,2843.239609643521,0.002589906277408906
2020-03-11 16:26:00,2852.7147488801434,0.002604306187533659
2020-03-11 16:27:00,2851.1184168280115,0.0026273364907676896
2020-03-11 16:28:00,2864.153861067043,0.002703469325881711
2020-03-11 16:29:00,2850.4609468909093,0.002661146448994549
2020-03-11 16:30:00,2833.6721550091047,0.002615025985293532
2020-03-11 16:31:00,2840.170110363497,0.0026055893923409104
2020-03-11 16:32:00,2836.404130400013,0.0025941754697432476
2020-03-11 16:33:00,2845.180112064429,0.0026161115199556414
2020-03-11 16:34:00,2841.3072118850055,0.002625530672299025
2020-03-11 16:35:00,2831.43425962416,0.0025888610265498734
2020-03-11 16:36:00,2825.404265283625,0.002567533418600448
2020-03-11 16:37:00,2818.6532592899816,0.0026260358086029087
2020-03-11 16:38:00,2821.439630117964,0.0026938283388369517
2020-03-11 16:39:00,2817.0337101721025,0.002675456917258932
2020-03-11 16:40:00,2816.5493632386865,0.0026607533070398324
2020-03-11 16:41:00,2823.307969767219,0.0025912057485129535
2020-03-11 16:42:00,2836.454306829173,0.002590029408149151
2020-03-11 16:43:00,2835.5126402581404,0.0025469019364406952
2020-03-11 16:44:00,2834.9531857402712,0.002504581133035897
2020-03-11 16:45:00,2839.244797363761,0.002495608958703463
2020-03-11 16:46:00,2833.522504171762,0.0024686916606577107
2020-03-11 16:47:00,2833.9384388979574,0.002489053369123712
2020-03-11 16:48:00,2832.1641281770253,0.002543265809016081
2020-03-11 16:49:00,2823.9440715627475,0.0025728020378078223
2020-03-11 16:50:00,2824.5908794221564,0.0026405838544671413
2020-03-11 16:51:00,2825.0182472412625,0.002584328645282101
2020-03-11 16:52:00,2829.3532425084813,0.00264150240161766
2020-03-11 16:53:00,2838.0025400897694,0.0026440023958821807
2020-03-11 16:54:00,2829.907179458145,0.002613753044653745
2020-03-11 16:55:00,2823.3328033663806,0.0026045449119818606
2020-03-11 16:56:00,2834.2482141374353,0.0025955418033108304
2020-03-11 16:57:00,2839.2998507772445,0.002522539529639617
2020-03-11 16:58:00,2850.9058067664573,0.0025090117255529513
2020-03-11 16:59:00,2842.99106537068,0.002536751571192653
2020-03-11 17:00:00,2833.2928444960844,0.002487259324660221
2020-03-11 17:01:00,2827.54435185814,0.0024724780266320106
2020-03-11 17:02:00,2834.420009761492,0.0024742302936733027
2020-03-11 17:03:00,2829.2316343633183,0.0024491712189407752
2020-03-11 17:04:00,2837.4027854741826,0.002450485059287332
2020-03-11 17:05:00,2839.114360858075,0.002481801793718621
2020-03-11 17:06:00,2836.991921892702,0.0024879767330533093
2020-03-11 17:07:00,2837.760969275127,0.002512849328401896
2020-03-11 17:08:00,2844.0363051338504,0.002521211001112721
2020-03-11 17:09:00,2838.612575713142,0.002422130835179448
2020-03-11 17:10:00,2840.903433003151,0.0024306649356996978
2020-03-11 17:11:00,2834.324957928363,0.0024731575292162083
2020-03-11 17:12:00,2847.7724687568116,0.0024602076095490443
2020-03-11 17:13:00,2845.5322132739966,0.0024735051815212403
2020-03-11 17:14:00,2851.2433893584002,0.0025096073363385144
2020-03-11 17:15:00,2852.7066722029026,0.002503862006705398
2020-03-11 17:16:00,2836.375828719848,0.0025794544681858266
2020-03-11 17:17:00,2845.168781543973,0.00262065778383776
2020-03-11 17:18:00,2839.2929954841197,0.0025758544498602804
2020-03-11 17:19:00,2835.9454224344677,0.002583102567116784
2020-03-11 17:20:00,2840.7470583774734,0.0025802722271061423
2020-03-11 17:21:00,2846.99781698742,0.0026158721080349495
2020-03-11 17:22:00,2844.91460661274,0.0025940981743393836
2020-03-11 17:23:00,2851.508038832771,0.002598977830497402
2020-03-11 17:24:00,2855.1527662821245,0.0026088633232964906
2020-03-11 17:25:00,2850.3035020846655,0.002574523043816373
2020-03-11 17:26:00,2854.1813397434335,0.0025672335773117582
2020-03-11 17:27:00,2855.827497294304,0.002537354910184218
2020-03-11 17:28:00,2849.0659294162583,0.0025582688413384614
2020-03-11 17:29:00,2858.755074368575,0.002595630937791976
2020-03-11 17:30:00,2846.6578037982367,0.0026180626199728105
2020-03-11 17:31:00,2835.8412870157013,0.0025870134760405195
2020-03-11 17:32:00,2814.724635131181,0.0025657910648629336
2020-03-11 17:33:00,2823.201922359026,0.002562292056359006
2020-03-11 17:34:00,2829.975610352124,0.002587938494678482
2020-03-11 17:35:00,2831.2850325108625,0.0025756921710037
2020-03-11 17:36:00,2838.2145386194056,0.002534276851887245
2020-03-11 17:37:00,2844.305132209172,0.0025090442126208274
2020-03-11 17:38:00,2852.597493333212,0.0024369728503178083
2020-03-11 17:39:00,2854.792543985705,0.0024237476470938607
2020-03-11 17:40:00,2859.7707339071644,0.0024310786096855158
2020-03-11 17:41:00,2866.384577851171,0.002473885601931486
2020-03-11 17:42:00,2874.2072104770505,0.002511553222394617
2020-03-11 17:43:00,2882.4753359315523,0.0024575610233083293
2020-03-11 17:44:00,2880.9285485608634,0.0024720655724417067
2020-03-11 17:45:00,2873.51032765462,0.0024887900635072583
2020-03-11 17:46:00,2879.3514355792026,0.0024493530121155057
2020-03-11 17:47:00,2887.8834333188033,0.0024739918381039513
2020-03-11 17:48:00,2887.5508236634655,0.0024589694663042423
2020-03-11 17:49:00,2887.70521128005,0.002470405707144486
2020-03-11 17:50:00,2883.5777613619557,0.0024339977693339765
2020-03-11 17:51:00,2898.2661046161247,0.0024640314509276995
2020-03-11 17:52:00,2892.7831793011387,0.002536438538513038
2020-03-11 17:53:00,2890.457916366772,0.002498718838307501
2020-03-11 17:54:00,2893.3875901194997,0.002549819452385161
2020-03-11 17:55:00,2892.54948395833,0.002571380147811057
2020-03-11 17:56:00,2889.299615924242,0.0025019317424357043
2020-03-11 17:57:00,2881.949072801764,0.0025366565159917606
2020-03-11 17:58:00,2887.6571417973028,0.0025545478316759576
2020-03-11 17:59:00,2895.7291870813233,0.0025525019616600294
2020-03-11 18:00:00,2897.309083047512,0.0025272656638806656
2020-03-11 18:01:00,2906.864499173132,0.002452260060418775
2020-03-11 18:02:00,2919.736544132459,0.002553219132678642
2020-03-11 18:03:00,2906.7555788314467,0.0026401140755064273
2020-03-11 18:04:00,2912.516636608508,0.002610410652377095
2020-03-11 18:05:00,2914.322367405483,0.0026046287051766683
2020-03-11 18:06:00,2905.0755111573917,0.002482457613230735
2020-03-11 18:07:00,2899.6704803172183,0.0024544410728785187
2020-03-11 18:08:00,2898.848909886657,0.0024362967060579197
2020-03-11 18:09:00,2900.539992741966,0.0024595673593501475
2020-03-11 18:10:00,2900.703144782406,0.002432278531300175
2020-03-11 18:11:00,2892.027743557129,0.002413457316929711
2020-03-11 18:12:00,2885.3964545645463,0.0024286317799464495
2020-03-11 18:13:00,2873.0382849873245,0.002315908318131644
2020-03-11 18:14:00,2866.6242274913934,0.0023057208143477874
2020-03-11 18:15:00,2875.975788257306,0.002257892191554567
2020-03-11 18:16:00,2874.9673249553734,0.00222792138256921
2020-03-11 18:17:00,2877.4483410023686,0.0022714378994923966
2020-03-11 18:18:00,2877.645440809426,0.0023177629528697667
2020-03-11 18:19:00,2868.0960495604377,0.0023410841158754917
2020-03-11 18:20:00,2859.2658390615684,0.0023428071416643323
2020-03-11 18:21:00,2862.8695444134037,0.002312904686870827
2020-03-11 18:22:00,2870.0367240078235,0.0023449101119569875
2020-03-11 18:23:00,2862.859342328675,0.0024051709775488087
2020-03-11 18:24:00,2867.5625682665996,0.0023797118876694697
2020-03-11 18:25:00,2871.5715924150863,0.00236596283768899
2020-03-11 18:26:00,2867.5716570579093,0.002318935817097928
2020-03-11 18:27:00,2867.0853561177414,0.0023762962182824606
2020-03-11 18:28:00,2860.93931908837,0.002418880275260672
2020-03-11 18:29:00,2856.4280316864274,0.0024614454454829457
2020-03-11 18:30:00,2840.279396831476,0.00243076576982666
2020-03-11 18:31:00,2842.428153959632,0.002346918594481413
2020-03-11 18:32:00,2838.606049741483,0.002282853065390103
2020-03-11 18:33:00,2842.5405221359624,0.0022373103731220946
2020-03-11 18:34:00,2837.275324378764,0.002220444033046066
2020-03-11 18:35:00,2831.6536197451187,0.0023308759853090354
2020-03-11 18:36:00,2821.991363288882,0.0022758720295801577
2020-03-11 18:37:00,2821.844755593674,0.002265947770932746
2020-03-11 18:38:00,2817.3175853517932,0.0022580070186158253
2020-03-11 18:39:00,2781.9939652620624,0.0022509766736696873
2020-03-11 18:40:00,2792.637597357313,0.002273867385371819
2020-03-11 18:41:00,2800.7742618241114,0.002321298051821182
2020-03-11 18:42:00,2798.775831934279,0.0023057383789735295
2020-03-11 18:43:00,2795.6911709678493,0.0023034132571731077
2020-03-11 18:44:00,2799.1663189364613,0.002274368099244067
2020-03-11 18:45:00,2790.375468890661,0.002291382401376727
2020-03-11 18:46:00,2797.7592759530303,0.002334548377422128
2020-03-11 18:47:00,2790.9755786747664,0.0023674990861870552
2020-03-11 18:48:00,2788.6729989377286,0.002334735975357142
2020-03-11 18:49:00,2795.776302781273,0.0023798933206428037
2020-03-11 18:50:00,2795.8758303236596,0.002402068568010552
2020-03-11 18:51:00,2800.7643066395126,0.0024142056683224044
2020-03-11 18:52:00,2802.404192411603,0.0023781107163501503
2020-03-11 18:53:00,2809.7065948179143,0.0023992864683054123
2020-03-11 18:54:00,2813.428042270912,0.0024566182795820782
2020-03-11 18:55:00,2807.933349089995,0.002442318736966987
2020-03-11 18:56:00,2799.66229989715,0.002415173455494458
2020-03-11 18:57:00,2801.215115154107,0.0023971451624410153
2020-03-11 18:58:00,2799.6065033368536,0.002288705580547483
2020-03-11 18:59:00,2806.737093999789,0.002336555942095504
2020-03-11 19:00:00,2796.2074772635933,0.0023744793383878244
2020-03-11 19:01:00,2791.6758694872437,0.0023813017670105065
2020-03-11 19:02:00,2782.079531193613,0.002334876916676722
2020-03-11 19:03:00,2776.8487221371784,0.002347058307792494
2020-03-11 19:04:00,2780.716414773048,0.002362227033148478
2020-03-11 19:05:00,2789.547499379706,0.002355617423942021
2020-03-11 19:06:00,2777.5759989450116,0.0023522998816451215
2020-03-11 19:07:00,2783.2148823957064,0.0023729321524252976
2020-03-11 19:08:00,2786.541348921227,0.0023555719243242767
2020-03-11 19:09:00,2787.741115002722,0.002350889276145541
2020-03-11 19:10:00,2773.4990850292047,0.00242133202959786
2020-03-11 19:11:00,2771.228830030046,0.002353419826202097
2020-03-11 19:12:00,2775.831091905664,0.002377610246939673
2020-03-11 19:13:00,2775.828592541647,0.00230401314919395
2020-03-11 19:14:00,2785.7979466994007,0.0023241776385356625
2020-03-11 19:15:00,2783.0680286316842,0.002266775666788297
2020-03-11 19:16:00,2781.432704000349,0.0022884678021078625
2020-03-11 19:17:00,2780.4694618750927,0.002303756700396262
2020-03-11 19:18:00,2782.3589327048185,0.002258459007968954
2020-03-11 19:19:00,2774.842797396537,0.002203948398598566
2020-03-11 19:20:00,2780.9378572162204,0.0022112925891141374
2020-03-11 19:21:00,2786.3022991040743,0.002223148270484059
2020-03-11 19:22:00,2783.4455052904946,0.0022660289841309115
2020-03-11 19:23:00,2783.3410703160407,0.002211291254300853
2020-03-11 19:24:00,2787.157595923372,0.0022258108704289463
2020-03-11 19:25:00,2788.941253238653,0.0022370312127100275
2020-03-11 19:26:00,2808.7847866188663,0.0022196894850746328
2020-03-11 19:27:00,2804.830879612123,0.0022246858148368054
2020-03-11 19:28:00,2812.015031839205,0.0021596495399265623
2020-03-11 19:29:00,2800.8620812274826,0.002167557002972034
2020-03-11 19:30:00,2806.766663232766,0.0021839279857564188
2020-03-11 19:31:00,2810.09530806278,0.0022091284853294883
2020-03-11 19:32:00,2818.5225891920777,0.00214670553321952
2020-03-11 19:33:00,2819.6922182357703,0.0021476671686539734
2020-03-11 19:34:00,2822.325370524161,0.0021570504141017505
2020-03-11 19:35:00,2814.2992693158276,0.002144418692152884
2020-03-11 19:36:00,2821.897986008255,0.0021545442489533336
2020-03-11 19:37:00,2821.719922586741,0.00211086079311184
2020-03-11 19:38:00,2820.408071414072,0.002088467370121684
2020-03-11 19:39:00,2821.8104921871472,0.0020562914924441714
2020-03-11 19:40:00,2816.909782948937,0.00202995119557308
2020-03-11 19:41:00,2814.3634486561086,0.002098249761286933
2020-03-11 19:42:00,2810.2610476400678,0.0020860875360279854
2020-03-11 19:43:00,2808.9148222096806,0.002073629575231022
2020-03-11 19:44:00,2816.1634543987093,0.0020833615440350598
2020-03-11 19:45:00,2828.2593266002145,0.002068380006787042
2020-03-11 19:46:00,2830.8367440418647,0.0020659694772464715
2020-03-11 19:47:00,2834.848023553621,0.002053644351834807
2020-03-11 19:48:00,2830.849373866098,0.0020536781367375256
2020-03-11 19:49:00,2825.7113232030897,0.002037171195387967
2020-03-11 19:50:00,2830.787253514098,0.001988809860127951
2020-03-11 19:51:00,2824.7877566128627,0.0019870907123031157
2020-03-11 19:52:00,2821.3836465091103,0.0019844686103891772
2020-03-11 19:53:00,2820.577090233062,0.0019480977869235788
2020-03-11 19:54:00,2823.2783494165647,0.0019617171643933023
2020-03-11 19:55:00,2825.804794571655,0.0019982599736375352
2020-03-11 19:56:00,2819.0659785557045,0.002004378924326041
2020-03-11 19:57:00,2827.465477574292,0.002027859621180524
2020-03-11 19:58:00,2826.068841634091,0.002012026718010533
2020-03-11 19:59:00,2823.7708967824474,0.001954526592735425
2020-03-12 13:30:00,2857.8665248232355,0.001910000426681302
2020-03-12 13:31:00,2869.48112724516,0.0018899719089115698
2020-03-12 13:32:00,2867.6767446202325,0.0017888297910737534
2020-03-12 13:33:00,2871.368893117888,0.001819459734584337
2020-03-12 13:34:00,2867.806380791671,0.001768015572937293
2020-03-12 13:35:00,2871.524093899664,0.0017425608604029186
2020-03-12 13:36:00,2875.7436500050494,0.0017636519704968081
2020-03-12 13:37:00,2879.3392125731702,0.001746447824231653
2020-03-12 13:38:00,2883.3620963612384,0.0017422647982239434
2020-03-12 13:39:00,2874.868864424271,0.001750630344299636
2020-03-12 13:40:00,2879.5685163274925,0.0017317836163564077
2020-03-12 13:41:00,2885.132370350531,0.0017706327564477565
2020-03-12 13:42:00,2893.83660140534,0.0017886877421134926
2020-03-12 13:43:00,2898.5432250446383,0.0017639417101934405
2020-03-12 13:44:00,2907.4211192716166,0.0017801809427305311
2020-03-12 13:45:00,2910.3827644180324,0.001787084376604115
2020-03-12 13:46:00,2918.6976783902483,0.0017296599572267936
2020-03-12 13:47:00,2922.0586396366975,0.0016908889526479293
2020-03-12 13:48:00,2910.6209310850213,0.0016809253033894078
2020-03-12 13:49:00,2906.241340537572,0.0017730450838891207
2020-03-12 13:50:00,2900.814214811762,0.0017207022165378727
2020-03-12 13:51:00,2898.291429325644,0.0017834285166690943
2020-03-12 13:52:00,2893.75590923166,0.0017192004765601548
2020-03-12 13:53:00,2902.889558903909,0.0017335126001153662
2020-03-12 13:54:00,2904.740326088685,0.001755939609609257
2020-03-12 13:55:00,2909.8565869981944,0.0017615844085662402
2020-03-12 13:56:00,2909.8739960540765,0.0017825831518370357
2020-03-12 13:57:00,2917.7788335059704,0.0017838243903602316
2020-03-12 13:58:00,2909.341600412462,0.0017753581892749196
2020-03-12 13:59:00,2906.557730765087,0.0017991457754283052
2020-03-12 14:00:00,2908.466970791444,0.0018388939689473309
2020-03-12 14:01:00,2916.2876954592643,0.0018078698824172909
2020-03-12 14:02:00,2925.4365690259287,0.0018514645834094648
2020-03-12 14:03:00,2929.6478311183546,0.001867612231661109
2020-03-12 14:04:00,2918.9883646701933,0.0018177257094735672
2020-03-12 14:05:00,2919.2691825454085,0.001819987086953888
2020-03-12 14:06:00,2926.6459683857843,0.0018767024496663222
2020-03-12 14:07:00,2924.878766618134,0.0018131062844451134
2020-03-12 14:08:00,2920.2589967349068,0.0018288786418735096
2020-03-12 14:09:00,2911.550107723728,0.001870596188933206
2020-03-12 14:10:00,2907.3994774719113,0.001825273946785247
2020-03-12 14:11:00,2917.874046617799,0.00181474427872119
2020-03-12 14:12:00,2918.3296204862427,0.001807641002777058
2020-03-12 14:13:00,2913.738943487841,0.0017841168370095423
2020-03-12 14:14:00,2913.4088272059616,0.0018261937598294902
2020-03-12 14:15:00,2909.5775078938836,0.001731551831925625
2020-03-12 14:16:00,2912.46068806166,0.0017133464210042342
2020-03-12 14:17:00,2909.0561680465867,0.0017366229212473962
2020-03-12 14:18:00,2909.769238282078,0.0016923026401542201
2020-03-12 14:19:00,2918.4296172030618,0.001656338236367912
2020-03-12 14:20:00,2913.765804178575,0.0017354023663425178
2020-03-12 14:21:00,2917.535468853917,0.0017592979393094457
2020-03-12 14:22:00,2918.250510492534,0.0017789832650369967
2020-03-12 14:23:00,2920.3650733657414,0.0017497373278903138
2020-03-12 14:24:00,2914.8606159897236,0.0017417077709550432
2020-03-12 14:25:00,2906.87674376596,0.0017504879730397848
2020-03-12 14:26:00,2914.785845317002,0.0017449041221138388
2020-03-12 14:27:00,2917.8157980534925,0.0017218834291231188
2020-03-12 14:28:00,2916.9523137294923,0.0017017064835301947
2020-03-12 14:29:00,2922.4136906068875,0.0017093502253074596
2020-03-12 14:30:00,2923.9786757118054,0.0017425523212969713
2020-03-12 14:31:00,2918.8298757770594,0.0017729405869305512
2020-03-12 14:32:00,2907.799105940682,0.0019054018175554692
2020-03-12 14:33:00,2911.562028289999,0.0018916717232972306
2020-03-12 14:34:00,2914.803541174802,0.0018768807892108686
2020-03-12 14:35:00,2910.1970731503216,0.001875933247927385
2020-03-12 14:36:00,2913.7288664321295,0.0019198969902939648
2020-03-12 14:37:00,2908.3328541328547,0.0018590900481773986
2020-03-12 14:38:00,2903.189300329533,0.0018660409903561443
2020-03-12 14:39:00,2896.6191945764854,0.0018329081154440767
2020-03-12 14:40:00,2892.8821794794585,0.0017686823886991368
2020-03-12 14:41:00,2890.301962707645,0.001780000487951487
2020-03-12 14:42:00,2892.061618477922,0.00184112654864046
2020-03-12 14:43:00,2888.3651555684323,0.0018608900329479014
2020-03-12 14:44:00,2880.874134606852,0.0019338931016977504
2020-03-12 14:45:00,2878.573752583558,0.0018908449786837153
2020-03-12 14:46:00,2874.3228094142846,0.0018955011718693436
2020-03-12 14:47:00,2874.111014659366,0.001823752549863357
2020-03-12 14:48:00,2870.041409363378,0.001826976821077185
2020-03-12 14:49:00,2869.861952622965,0.0018345083540516741
2020-03-12 14:50:00,2868.8043310203784,0.0018693112197800826
2020-03-12 14:51:00,2873.3277106739147,0.001858728319442509
2020-03-12 14:52:00,2871.0140450028903,0.0017892478063508055
2020-03-12 14:53:00,2879.929492389659,0.0017861701633351257
2020-03-12 14:54:00,2876.8502988233395,0.0018328184988658514
2020-03-12 14:55:00,2878.720951547039,0.001818530032650142
2020-03-12 14:56:00,2867.061695469684,0.001973146169526419
2020-03-12 14:57:00,2864.7601899041724,0.0019700453131990783
2020-03-12 14:58:00,2847.1176323328796,0.0019948564914877447
2020-03-12 14:59:00,2835.9257299670685,0.0020520443259585794
2020-03-12 15:00:00,2840.575505163211,0.0021063387433007154
2020-03-12 15:01:00,2853.7760100955898,0.0020686487340828776
2020-03-12 15:02:00,2855.9347026982864,0.002087004914707706
2020-03-12 15:03:00,2845.3730812321714,0.0021211890390125045
2020-03-12 15:04:00,2845.054242457418,0.0021005284646023895
2020-03-12 15:05:00,2842.92532642135,0.002065958283301275
2020-03-12 15:06:00,2835.915872287108,0.0020639488694961503
2020-03-12 15:07:00,2830.43704158848,0.001921915742258864
2020-03-12 15:08:00,2823.6811807096237,0.0019919853002708593
2020-03-12 15:09:00,2833.097894362646,0.0020244234975392485
2020-03-12 15:10:00,2833.852576486863,0.001994577998549369
2020-03-12 15:11:00,2834.351155598574,0.0020425236299861866
2020-03-12 15:12:00,2839.6210678229695,0.0020740272647915945
2020-03-12 15:13:00,2842.7215189828453,0.002002534936709442
2020-03-12 15:14:00,2841.2866355428746,0.0020484200643064217
2020-03-12 15:15:00,2846.451035595707,0.0020190267334087475
2020-03-12 15:16:00,2839.637393526157,0.002033340241930755
2020-03-12 15:17:00,2836.144081819057,0.0020094961759081157
2020-03-12 15:18:00,2832.527348048468,0.0019560356511663574
2020-03-12 15:19:00,2830.5374679742476,0.002013012741037486
2020-03-12 15:20:00,2828.1383226206895,0.0019252827039431943
2020-03-12 15:21:00,2833.0663842026834,0.001969562199110154
2020-03-12 15:22:00,2838.333567653449,0.002005676838576701
2020-03-12 15:23:00,2827.572750883824,0.0020491584605858535
2020-03-12 15:24:00,2818.572800536771,0.0021143749179171776
2020-03-12 15:25:00,2819.9549453466902,0.0021633618513553997
2020-03-12 15:26:00,2822.972808066449,0.0022273692120100834
2020-03-12 15:27:00,2816.0241545255267,0.0022138820206344324
2020-03-12 15:28:00,2804.882403356975,0.0022326748179110614
2020-03-12 15:29:00,2797.4286037813313,0.0021931653711662244
2020-03-12 15:30:00,2800.1571579056636,0.0022680005322726973
2020-03-12 15:31:00,2809.378730823651,0.0022088363639160284
2020-03-12 15:32:00,2814.4699983974606,0.0021917784128650366
2020-03-12 15:33:00,2810.407181248278,0.0021754002625498656
2020-03-12 15:34:00,2810.484590524316,0.0021485144379613063
2020-03-12 15:35:00,2803.7113350095733,0.002103195153014559
2020-03-12 15:36:00,2800.9967179611017,0.0021282268825697846
2020-03-12 15:37:00,2799.942691231104,0.002134508259504367
2020-03-12 15:38:00,2796.022371898426,0.0021049465163574662
2020-03-12 15:39:00,2786.531015298286,0.002079001052837959
2020-03-12 15:40:00,2790.5034571907213,0.002139948127895276
2020-03-12 15:41:00,2780.768972899498,0.0021626480295428054
2020-03-12 15:42:00,2789.336260473206,0.0020983187418454462
2020-03-12 15:43:00,2786.9482009762564,0.0020789261657050443
2020-03-12 15:44:00,2793.1058132727885,0.002124942752961557
2020-03-12 15:45:00,2807.709230808861,0.002155622829504534
2020-03-12 15:46:00,2818.6374401011376,0.0021760517907507323
2020-03-12 15:47:00,2808.469516225264,0.0021426358884679476
2020-03-12 15:48:00,2807.0324866660426,0.0021131402077029034
2020-03-12 15:49:00,2804.8767913683296,0.0021145591247506896
2020-03-12 15:50:00,2791.9014633943852,0.0020586214322044854
2020-03-12 15:51:00,2781.1500706107827,0.0020764315454678715
2020-03-12 15:52:00,2786.8325985463293,0.0019928378636607296
2020-03-12 15:53:00,2784.692503308664,0.0019175257799919332
2020-03-12 15:54:00,2778.2890149218956,0.0018624370558643498
2020-03-12 15:55:00,2777.4136867983507,0.0018759887861568058
2020-03-12 15:56:00,2775.6809314873117,0.0018555375489255424
2020-03-12 15:57:00,2772.8644408149244,0.0018761414583134358
2020-03-12 15:58:00,2777.343394519527,0.001850652441971173
2020-03-12 15:59:00,2780.2362968004322,0.0018286956134111966
2020-03-12 16:00:00,2785.760523037344,0.0018263761453153234
2020-03-12 16:01:00,2786.0521991286328,0.0018527290703722983
2020-03-12 16:02:00,2790.7680559110217,0.001863107282853913
2020-03-12 16:03:00,2788.820257576408,0.0019082640962311925
2020-03-12 16:04:00,2792.1971322626823,0.0019692548436310874
2020-03-12 16:05:00,2778.5194125726903,0.002006463887513179
2020-03-12 16:06:00,2785.920849703032,0.002033855470881172
2020-03-12 16:07:00,2782.9442423963,0.00202719511869806
2020-03-12 16:08:00,2776.8831724048546,0.0019774961365088273
2020-03-12 16:09:00,2769.9318215151875,0.0019754740071110844
2020-03-12 16:10:00,2773.423955433079,0.0019497045815647942
2020-03-12 16:11:00,2779.5829702252377,0.0019327827246677217
2020-03-12 16:12:00,2785.9524128979365,0.001876584420906106
2020-03-12 16:13:00,2782.4596525536504,0.0018336017777406293
2020-03-12 16:14:00,2781.219574535439,0.0017893404477367734
2020-03-12 16:15:00,2776.386723740673,0.0017666119277838254
2020-03-12 16:16:00,2778.138804405113,0.001853159296240126
2020-03-12 16:17:00,2771.5711413978042,0.00188292261364958
2020-03-12 16:18:00,2769.875844495225,0.0018424853964381699
2020-03-12 16:19:00,2769.4768984577986,0.0018754584634505828
2020-03-12 16:20:00,2763.4574454282842,0.0018778580634024127
2020-03-12 16:21:00,2767.813091792735,0.001910136609596084
2020-03-12 16:22:00,2770.786239398231,0.0018859935649904987
2020-03-12 16:23:00,2764.171573545272,0.0018580288866047502
2020-03-12 16:24:00,2768.596801912858,0.0018815927897135223
2020-03-12 16:25:00,2773.18675100424,0.0019284448485443967
2020-03-12 16:26:00,2778.9409150281053,0.0018636186323674367
2020-03-12 16:27:00,2770.614787077927,0.0018308215326418747
2020-03-12 16:28:00,2770.2923595562556,0.0017767365878653858
2020-03-12 16:29:00,2772.123752280381,0.0018076065299981229
2020-03-12 16:30:00,2764.945452540051,0.0017373292756216285
2020-03-12 16:31:00,2768.7511469254296,0.0017486504573451644
2020-03-12 16:32:00,2761.9263954296407,0.0017861001336938757
2020-03-12 16:33:00,2760.2112035605105,0.0018146505045205778
2020-03-12 16:34:00,2757.289267976205,0.0018262339657458765
2020-03-12 16:35:00,2756.867873508532,0.001806818812002533
2020-03-12 16:36:00,2760.066629846224,0.0018616658545763582
2020-03-12 16:37:00,2767.8222832013726,0.0018255895647745852
2020-03-12 16:38:00,2768.375556815407,0.0018220353512034247
2020-03-12 16:39:00,2759.6153279717446,0.0018105461908386226
2020-03-12 16:40:00,2754.1078036393424,0.0017842474010096939
2020-03-12 16:41:00,2748.1303090170213,0.0018016704337308147
2020-03-12 16:42:00,2736.66748603565,0.0018400662427153426
2020-03-12 16:43:00,2733.064685924072,0.0019499140356078345
2020-03-12 16:44:00,2729.701445647501,0.001992508981392266
2020-03-12 16:45:00,2727.5423408111064,0.001945877630321543
2020-03-12 16:46:00,2727.1611553292673,0.001896835603977547
2020-03-12 16:47:00,2730.84287541589,0.001878486088027654
2020-03-12 16:48:00,2723.574889915442,0.0018277418989367147
2020-03-12 16:49:00,2726.2622242036914,0.0018572697342906764
2020-03-12 16:50:00,2732.2232517764796,0.001868516242987718
2020-03-12 16:51:00,2729.4545146630544,0.0018312083722024394
2020-03-12 16:52:00,2727.9530825883235,0.0018923444781345693
2020-03-12 16:53:00,2724.123228539076,0.0018835392430248806
2020-03-12 16:54:00,2715.04087082873,0.0018417505523389405
2020-03-12 16:55:00,2716.4754947476986,0.0018633343197032338
2020-03-12 16:56:00,2711.90796814351,0.0018349977676532557
2020-03-12 16:57:00,2715.539894891916,0.0018831617570334083
2020-03-12 16:58:00,2714.071620638494,0.0019650033155762694
2020-03-12 16:59:00,2709.698752446348,0.00196591533586889
2020-03-12 17:00:00,2717.1687403903356,0.0019408848111315004
2020-03-12 17:01:00,2716.5123327764063,0.001945805991412909
2020-03-12 17:02:00,2715.270367585844,0.0019559943911076475
2020-03-12 17:03:00,2715.69823770706,0.0019371735658146767
2020-03-12 17:04:00,2712.869538583775,0.0018674826694125538
2020-03-12 17:05:00,2712.5520116040802,0.0018943254967925855
2020-03-12 17:06:00,2714.9350368634487,0.0018936438774093004
2020-03-12 17:07:00,2719.888755256942,0.0018681217225438162
2020-03-12 17:08:00,2712.7353652479364,0.0018021454456152366
2020-03-12 17:09:00,2715.0185420671974,0.0018171644780375432
2020-03-12 17:10:00,2720.89327398257,0.001807991452443671
2020-03-12 17:11:00,2724.6309345584095,0.0018369025140648836
2020-03-12 17:12:00,2735.448885585952,0.001855218244376205
2020-03-12 17:13:00,2740.5696417529853,0.0017818357805408336
2020-03-12 17:14:00,2747.3321490071858,0.0017729971378682829
2020-03-12 17:15:00,2739.120779542567,0.0017271412192775076
2020-03-12 17:16:00,2739.5531562965602,0.0016964838111257958
2020-03-12 17:17:00,2748.3780347283464,0.0016652377055278577
2020-03-12 17:18:00,2749.1379768464612,0.0016240216835752552
2020-03-12 17:19:00,2749.3095916341554,0.0015922591342181912
2020-03-12 17:20:00,2750.592472720061,0.0016008066485710842
2020-03-12 17:21:00,2755.7590841374176,0.0016096276290506221
2020-03-12 17:22:00,2758.1569118386574,0.001602511760517593
2020-03-12 17:23:00,2754.5861034638438,0.0016141142612702754
2020-03-12 17:24:00,2747.1275031333953,0.0015913953819135264
2020-03-12 17:25:00,2749.282463096552,0.0015819007582113858
2020-03-12 17:26:00,2750.5888437492836,0.0016207391474133944
2020-03-12 17:27:00,2745.6398776415153,0.0015731269631638677
2020-03-12 17:28:00,2744.5487301191033,0.0016158374417976464
2020-03-12 17:29:00,2743.946133899047,0.0015931801989096227
2020-03-12 17:30:00,2746.1851497264074,0.0015639496469521876
2020-03-12 17:31:00,2748.6329775211775,0.0015637006563224696
2020-03-12 17:32:00,2747.4187684385556,0.001508673202916223
2020-03-12 17:33:00,2753.8299525764855,0.0015458569863635579
2020-03-12 17:34:00,2753.533084847349,0.0015373261498603176
2020-03-12 17:35:00,2755.104768103836,0.0014965479364803021
2020-03-12 17:36:00,2749.237375844047,0.0015073171928618014
2020-03-12 17:37:00,2749.6050367804646,0.0016254251143267991
2020-03-12 17:38:00,2747.537221186878,0.0015697835140081736
2020-03-12 17:39:00,2749.9010282020745,0.0015741442290422053
2020-03-12 17:40:00,2744.558886771141,0.0015599144499537708
2020-03-12 17:41:00,2742.7631658026617,0.0014973707228925848
2020-03-12 17:42:00,2738.3615344092127,0.0014906410359266607
2020-03-12 17:43:00,2737.858360797097,0.0015362051596637214
2020-03-12 17:44:00,2739.410175782095,0.001523699332686142
2020-03-12 17:45:00,2740.6496653269146,0.001610660712222623
2020-03-12 17:46:00,2744.1603491863825,0.0015956573545012674
2020-03-12 17:47:00,2746.452368126537,0.0015932267851182535
2020-03-12 17:48:00,2740.129118745629,0.0015860355436267334
2020-03-12 17:49:00,2743.5647817566414,0.001507268923652624
2020-03-12 17:50:00,2744.736031785721,0.0015951698890715013
2020-03-12 17:51:00,2740.8210881855452,0.0016112088784370473
2020-03-12 17:52:00,2745.138486256405,0.001584336975101464
2020-03-12 17:53:00,2747.0643319589226,0.0015889291749780407
2020-03-12 17:54:00,2747.493930598653,0.0015715632180181827
2020-03-12 17:55:00,2749.475698080612,0.0015787285726235989
2020-03-12 17:56:00,2747.676285887726,0.0015158031360626354
2020-03-12 17:57:00,2749.067672201069,0.0016015128372801612
2020-03-12 17:58:00,2751.969866719246,0.0016228125632401784
2020-03-12 17:59:00,2747.79437750667,0.0016127870604437501
2020-03-12 18:00:00,2746.944616256129,0.001567004516589068
2020-03-12 18:01:00,2751.435135840774,0.0015006626607164107
2020-03-12 18:02:00,2755.5574182879936,0.0014520125089932836
2020-03-12 18:03:00,2759.9606754563206,0.0014780165608028325
2020-03-12 18:04:00,2760.2996972887468,0.0014864721860285432
2020-03-12 18:05:00,2763.096505311486,0.001437169333949915
2020-03-12 18:06:00,2759.938167924757,0.0014621545840878315
2020-03-12 18:07:00,2756.0783832411785,0.001437402623293947
2020-03-12 18:08:00,2759.6383359820443,0.0014069283215518396
2020-03-12 18:09:00,2762.849586562159,0.001435536950864932
2020-03-12 18:10:00,2764.972666043948,0.0014675632147404915
2020-03-12 18:11:00,2760.1000974652857,0.0014455093189392433
2020-03-12 18:12:00,2758.373033830575,0.0014075511796110042
2020-03-12 18:13:00,2765.4012658763845,0.0014538351679300487
2020-03-12 18:14:00,2764.5057803200493,0.0014205762262402078
2020-03-12 18:15:00,2766.8938779166297,0.001425618883573796
2020-03-12 18:16:00,2765.335727748056,0.0014097791669176781
2020-03-12 18:17:00,2770.369830797868,0.0014374640675928856
2020-03-12 18:18:00,2764.275085600752,0.0014252299590630157
2020-03-12 18:19:00,2765.804621388277,0.0012937105456153938
2020-03-12 18:20:00,2766.3162023483815,0.0013043974822911754
2020-03-12 18:21:00,2761.153368463316,0.0013539984966959226
2020-03-12 18:22:00,2761.2326466513637,0.0013881752977611213
2020-03-12 18:23:00,2763.630681769359,0.0014035684725443108
2020-03-12 18:24:00,2766.6417956924647,0.0014167026743919604
2020-03-12 18:25:00,2763.6859122907435,0.0013962521297221956
2020-03-12 18:26:00,2766.256574711634,0.0013676068551391112
2020-03-12 18:27:00,2770.195537024136,0.001419810533526146
2020-03-12 18:28:00,2766.399661401013,0.0014096215938129437
2020-03-12 18:29:00,2765.946633971594,0.001442125434331758
2020-03-12 18:30:00,2767.8327402227656,0.0014963705073620123
2020-03-12 18:31:00,2759.225819497256,0.0014977465862018044
2020-03-12 18:32:00,2763.9057476131425,0.0014684606215419208
2020-03-12 18:33:00,2764.496442223829,0.0014907736455827823
2020-03-12 18:34:00,2757.9307602069994,0.001435872179073624
2020-03-12 18:35:00,2758.451758955325,0.0014153849341120674
2020-03-12 18:36:00,2759.2600171484573,0.0013541215531945418
2020-03-12 18:37:00,2757.1147051344947,0.0014000218962056134
2020-03-12 18:38:00,2761.721767896857,0.0014033341566231689
2020-03-12 18:39:00,2765.9463665125077,0.0013680441766793275
2020-03-12 18:40:00,2767.0641839911423,0.0014092520772752237
2020-03-12 18:41:00,2767.1020157224684,0.001495497033289788
2020-03-12 18:42:00,2758.5770856876125,0.0014505803978599457
2020-03-12 18:43:00,2761.073680189947,0.0014718286434777551
2020-03-12 18:44:00,2757.430986481113,0.0014442402994647547
2020-03-12 18:45:00,2758.637292744569,0.001476375419606575
2020-03-12 18:46:00,2750.5394219093355,0.001449549321566872
2020-03-12 18:47:00,2754.0269620303193,0.0014096277788435687
2020-03-12 18:48:00,2753.3001311701587,0.0014448667306645505
2020-03-12 18:49:00,2755.778569068006,0.0013955278957702671
2020-03-12 18:50:00,2756.265290194457,0.0014052300948365455
2020-03-12 18:51:00,2748.120707588687,0.0014209592772335227
2020-03-12 18:52:00,2751.543946007732,0.00149739682089681
2020-03-12 18:53:00,2754.741728735864,0.0015152354159849927
2020-03-12 18:54:00,2749.141600990141,0.0014512331756703493
2020-03-12 18:55:00,2743.950279249841,0.0014594698955086398
2020-03-12 18:56:00,2741.004754549291,0.0014230344329422126
2020-03-12 18:57:00,2740.399484973863,0.0014029008861304367
2020-03-12 18:58:00,2742.467726110643,0.0014696067508084723
2020-03-12 18:59:00,2746.8896997554843,0.001446409495565197
2020-03-12 19:00:00,2744.5482663948073,0.0014767715055505463
2020-03-12 19:01:00,2742.0973253853504,0.0015047216839598314
2020-03-12 19:02:00,2748.458888976995,0.0014788797392521534
2020-03-12 19:03:00,2750.4530867699314,0.0014965660900237785
2020-03-12 19:04:00,2753.1052748895127,0.0014524005375511435
2020-03-12 19:05:00,2752.2620812961336,0.0015354609169824288
2020-03-12 19:06:00,2756.369173183138,0.0015331061648484168
2020-03-12 19:07:00,2753.9176385625674,0.0015443600523256029
2020-03-12 19:08:00,2748.780450658972,0.0015003345338559086
2020-03-12 19:09:00,2744.2146973621348,0.0015348744697834794
2020-03-12 19:10:00,2740.3522594155525,0.0016006736861404
2020-03-12 19:11:00,2740.3195565737933,0.0016654604369966243
2020-03-12 19:12:00,2741.126866263688,0.0016387442512779337
2020-03-12 19:13:00,2735.043733482497,0.001535758001079873
2020-03-12 19:14:00,2739.156346675558,0.001454031228387172
2020-03-12 19:15:00,2734.118441336942,0.001443697367900685
2020-03-12 19:16:00,2733.493100288996,0.0013636599857282576
2020-03-12 19:17:00,2730.4358081730074,0.001365357042638612
2020-03-12 19:18:00,2732.5769381179407,0.0013701035559030086
2020-03-12 19:19:00,2731.6596769358225,0.0013629105630415062
2020-03-12 19:20:00,2734.5197685373114,0.001354872646322473
2020-03-12 19:21:00,2733.5978640411727,0.0014437445796226522
2020-03-12 19:22:00,2743.261852528296,0.001487401472630376
2020-03-12 19:23:00,2749.3196081676915,0.0015134337734329778
2020-03-12 19:24:00,2748.5485877913816,0.0014797209625147852
2020-03-12 19:25:00,2749.9114477952166,0.0014895914628227339
2020-03-12 19:26:00,2743.790662634893,0.001465171962498332
2020-03-12 19:27:00,2744.9600364824023,0.0014914514017571924
2020-03-12 19:28:00,2743.791827744045,0.001495292090973957
2020-03-12 19:29:00,2746.4360199550947,0.001539209672740461
2020-03-12 19:30:00,2740.872268226962,0.0015395348589810063
2020-03-12 19:31:00,2753.301445918126,0.0016081091641275756
2020-03-12 19:32:00,2754.9766588780276,0.001581369779566604
2020-03-12 19:33:00,2756.7484578481426,0.0014395691139194988
2020-03-12 19:34:00,2749.330610138415,0.0014366122491706063
2020-03-12 19:35:00,2748.6885320511615,0.0014853403513902228
2020-03-12 19:36:00,2743.6601247034887,0.0015320486135545544
2020-03-12 19:37:00,2739.607789490068,0.0014869237124657776
2020-03-12 19:38:00,2745.182104227844,0.0014920114360525327
2020-03-12 19:39:00,2744.3270304418543,0.0014963376590743762
2020-03-12 19:40:00,2743.9693320090983,0.0014623443696746732
2020-03-12 19:41:00,2742.488351998466,0.0014465417011275353
2020-03-12 19:42:00,2741.863488571521,0.001426824089985073
2020-03-12 19:43:00,2738.888531696895,0.0014574482845905801
2020-03-12 19:44:00,2737.987436718711,0.0014926059635299253
2020-03-12 19:45:00,2734.1345250432887,0.0014526797810188643
2020-03-12 19:46:00,2738.746086188841,0.0014446552048094485
2020-03-12 19:47:00,2733.7326575987677,0.0014768258325920105
2020-03-12 19:48:00,2734.049086286601,0.0014842454368227673
2020-03-12 19:49:00,2733.6032458801933,0.0014999633415508286
2020-03-12 19:50:00,2735.95865419449,0.001492153852105733
2020-03-12 19:51:00,2738.4211609437853,0.001494796673706115
2020-03-12 19:52:00,2734.855560182373,0.0014876525748940411
2020-03-12 19:53:00,2736.807079049269,0.001522822349196467
2020-03-12 19:54:00,2738.7898560628305,0.0015321881809003501
2020-03-12 19:55:00,2734.2594886161933,0.001498852329782423
2020-03-12 19:56:00,2727.096451361017,0.001516479076624364
2020-03-12 19:57:00,2732.1926688433828,0.001531133627636158
2020-03-12 19:58:00,2728.3679336708965,0.0015910179929091628
2020-03-12 19:59:00,2725.0624620137455,0.001580806238301714
2020-03-13 13:30:00,2743.8946305392305,0.0015981170593722031
2020-03-13 13:31:00,2744.519834796462,0.0015814775654245411
2020-03-13 13:32:00,2741.981531063252,0.0016205078287759567
2020-03-13 13:33:00,2748.0062167419246,0.0016371076869878126
2020-03-13 13:34:00,2748.0838876722623,0.0016364751272825006
2020-03-13 13:35:00,2751.78711574161,0.001650624460877618
2020-03-13 13:36:00,2751.571375461663,0.0016251159118280572
2020-03-13 13:37:00,2747.1228687059133,0.0016386526434725068
2020-03-13 13:38:00,2747.1755982347972,0.0016378463298677853
2020-03-13 13:39:00,2744.0921747812527,0.0016264807922097264
2020-03-13 13:40:00,2744.5345886185305,0.0016530225790675527
2020-03-13 13:41:00,2748.2475505149055,0.0016329827428451335
2020-03-13 13:42:00,2737.7971095126495,0.0015963434258247458
2020-03-13 13:43:00,2740.628349276219,0.0016519914891676272
2020-03-13 13:44:00,2743.735363907204,0.0017256617837352814
2020-03-13 13:45:00,2742.721718985472,0.001771820047690916
2020-03-13 13:46:00,2739.5775855610755,0.0017763054171893572
2020-03-13 13:47:00,2734.9779230297836,0.0018417517992668619
2020-03-13 13:48:00,2726.685735043439,0.0017793017420346623
2020-03-13 13:49:00,2724.959885853349,0.001745821145635281
2020-03-13 13:50:00,2736.141202270985,0.0018135962894469384
2020-03-13 13:51:00,2735.870027205893,0.0017563164618279116
2020-03-13 13:52:00,2733.8837903025037,0.0017417868793169768
2020-03-13 13:53:00,2743.7653995824935,0.0017341692554832314
2020-03-13 13:54:00,2745.885580895639,0.0017069237903601742
2020-03-13 13:55:00,2753.5977090284896,0.0016782175646508069
2020-03-13 13:56:00,2756.903656068516,0.001601149792272712
2020-03-13 13:57:00,2752.516814652146,0.0015837217443968215
2020-03-13 13:58:00,2748.8419315436613,0.0016434176874727472
2020-03-13 13:59:00,2744.817430922129,0.0015981279271772737
2020-03-13 14:00:00,2746.8188220393176,0.0016069391631337747
2020-03-13 14:01:00,2757.8826177243186,0.001589885032707769
2020-03-13 14:02:00,2753.825380118818,0.0015238347578959857
2020-03-13 14:03:00,2750.8884045011605,0.0015202913582113722
2020-03-13 14:04:00,2750.629876061541,0.0015069717446148708
2020-03-13 14:05:00,2751.7101980639036,0.0014818684288556091
2020-03-13 14:06:00,2749.9051349480515,0.001458344373278316
2020-03-13 14:07:00,2753.549139901643,0.0015055538589499008
2020-03-13 14:08:00,2748.623435923335,0.0014739499850751272
2020-03-13 14:09:00,2747.0428956761184,0.0015019617654303985
2020-03-13 14:10:00,2748.544962933665,0.0015249894693753188
2020-03-13 14:11:00,2745.1411173236115,0.0015205329114479226
2020-03-13 14:12:00,2747.821346912009,0.0015458831158677883
2020-03-13 14:13:00,2755.8262527902225,0.0015802472138959213
2020-03-13 14:14:00,2750.0022573774017,0.001532292706638144
2020-03-13 14:15:00,2744.355158299198,0.0015146571554539969
2020-03-13 14:16:00,2741.163656724946,0.001570944806906675
2020-03-13 14:17:00,2739.8893050546717,0.0015840899664657515
2020-03-13 14:18:00,2743.7130462104174,0.0015430548104308295
2020-03-13 14:19:00,2738.487891138977,0.0015751522377347982
2020-03-13 14:20:00,2739.8718151420126,0.0015752273409375944
2020-03-13 14:21:00,2739.76987697156,0.0015884544664744192
2020-03-13 14:22:00,2733.1087109704763,0.0015752182201938694
2020-03-13 14:23:00,2727.1638242628856,0.0015804949397064726
2020-03-13 14:24:00,2733.6230066904836,0.0015703750117847894
2020-03-13 14:25:00,2741.5608624947326,0.0015202453575028614
2020-03-13 14:26:00,2734.936745469253,0.0015523473992330626
2020-03-13 14:27:00,2728.3385268249567,0.0015029653137001993
2020-03-13 14:28:00,2730.7196726901475,0.0014074141550876173
2020-03-13 14:29:00,2726.218075157755,0.0013051278689930786
2020-03-13 14:30:00,2726.0771065640265,0.0013171436384006245
2020-03-13 14:31:00,2725.8739627725436,0.001308687367749772
2020-03-13 14:32:00,2726.535506273871,0.0012812120270669382
2020-03-13 14:33:00,2731.1794706101746,0.001366417292473753
2020-03-13 14:34:00,2725.6630901130816,0.0013360414926767692
2020-03-13 14:35:00,2727.1548461893535,0.0013503362862573925
2020-03-13 14:36:00,2720.710055845327,0.0013722733094748293
2020-03-13 14:37:00,2716.8340574018043,0.0013469748177588582
2020-03-13 14:38:00,2713.4163021113677,0.0013975153641520373
2020-03-13 14:39:00,2712.991028521043,0.0013512027272095804
2020-03-13 14:40:00,2713.898723825433,0.0013605870882064293
2020-03-13 14:41:00,2720.9141982706683,0.0013393791030909623
2020-03-13 14:42:00,2718.1009957737174,0.0013538225873866664
2020-03-13 14:43:00,2716.8634319164253,0.0013606461483886198
2020-03-13 14:44:00,2723.6931670472727,0.0013041312930608105
2020-03-13 14:45:00,2722.645529827742,0.0013183570134027878
2020-03-13 14:46:00,2722.2606181381643,0.0012973090488527714
2020-03-13 14:47:00,2721.1036191639255,0.0013705147337283517
2020-03-13 14:48:00,2720.3768623124556,0.00146185146758922
2020-03-13 14:49:00,2718.4046257033556,0.0014866544684032077
2020-03-13 14:50:00,2715.281788601831,0.0015131724661093867
2020-03-13 14:51:00,2718.7717166784446,0.0015271133802571319
2020-03-13 14:52:00,2717.7419214547053,0.0014930188119093926
2020-03-13 14:53:00,2715.273946436496,0.0014744415189306642
2020-03-13 14:54:00,2716.5913003840897,0.0014510393267919398
2020-03-13 14:55:00,2724.456655065738,0.0013837022490650105
2020-03-13 14:56:00,2721.8295861041065,0.0014798673631027427
2020-03-13 14:57:00,2726.1734080026713,0.0014454724532050164
2020-03-13 14:58:00,2726.1311414444067,0.001483380932338462
2020-03-13 14:59:00,2724.888567513566,0.0014653428667706111
2020-03-13 15:00:00,2719.885663900107,0.0014364771644788821
2020-03-13 15:01:00,2723.9070410033432,0.0013981683168922978
2020-03-13 15:02:00,2722.5335073782235,0.001405507390100512
2020-03-13 15:03:00,2719.968864145769,0.0013953446468864194
2020-03-13 15:04:00,2716.951840402039,0.0014221844647689611
2020-03-13 15:05:00,2710.3243244836117,0.001394446850859548
2020-03-13 15:06:00,2711.8231019180434,0.0013527114100264639
2020-03-13 15:07:00,2713.987933189003,0.0013431589065176063
2020-03-13 15:08:00,2722.9964990022827,0.0012812679666445777
2020-03-13 15:09:00,2722.76840151357,0.0012477444398361747
2020-03-13 15:10:00,2719.6766770187337,0.0011905649687631013
2020-03-13 15:11:00,2721.146419737614,0.0012510649026723825
2020-03-13 15:12:00,2721.6678093510563,0.0012373567958228451
2020-03-13 15:13:00,2719.7549332823523,0.0012564980051889018
2020-03-13 15:14:00,2721.916061993773,0.00129073246496447
2020-03-13 15:15:00,2726.6972823321694,0.0013043088543824679
2020-03-13 15:16:00,2726.6646903593064,0.0012459778346762076
2020-03-13 15:17:00,2726.0950652389092,0.001193298211356608
2020-03-13 15:18:00,2723.9117984862205,0.0012390230116141624
2020-03-13 15:19:00,2729.2406234513405,0.0012112660342951244
2020-03-13 15:20:00,2730.6650514083763,0.0011825218796609022
2020-03-13 15:21:00,2732.0309498504807,0.0011526049194217228
2020-03-13 15:22:00,2732.6427758490145,0.0011316595272383215
2020-03-13 15:23:00,2732.3709133639936,0.0010968989752562035
2020-03-13 15:24:00,2733.405878222939,0.0010155635135608437
2020-03-13 15:25:00,2731.165568158649,0.0009867639886477777
2020-03-13 15:26:00,2731.245989286006,0.0009812597354640592
2020-03-13 15:27:00,2737.33326523229,0.0010065386633558169
2020-03-13 15:28:00,2739.4183740769663,0.0010516791703887509
2020-03-13 15:29:00,2743.4320244992214,0.0010863034860970535
2020-03-13 15:30:00,2742.277984496874,0.0010821593297965816
2020-03-13 15:31:00,2741.3798482237667,0.0010466848962060148
2020-03-13 15:32:00,2741.4298667254066,0.0010806623931215761
2020-03-13 15:33:00,2740.319925868768,0.0010901304486325364
2020-03-13 15:34:00,2738.8663551508853,0.0010585357364518433
2020-03-13 15:35:00,2738.9080045300684,0.0011105884929022908
2020-03-13 15:36:00,2737.6800727141117,0.0010496379150301157
2020-03-13 15:37:00,2738.1650115617717,0.0010697547646654339
2020-03-13 15:38:00,2741.2844991666266,0.0010380761919009354
2020-03-13 15:39:00,2742.5168320011494,0.0010597095951384392
2020-03-13 15:40:00,2742.143944956249,0.0010809084751905744
2020-03-13 15:41:00,2738.1800894565763,0.0010647641371214571
2020-03-13 15:42:00,2733.0798609894737,0.0010864952593108265
2020-03-13 15:43:00,2733.1572641584776,0.0010698782640975444
2020-03-13 15:44:00,2738.6681951988267,0.0010711517088472613
2020-03-13 15:45:00,2745.547111092521,0.0010116698103107915
2020-03-13 15:46:00,2747.4245242483917,0.0010551858730519456
2020-03-13 15:47:00,2743.72093592959,0.0010611825017631906
2020-03-13 15:48:00,2744.4821490578697,0.0010964273901761016
2020-03-13 15:49:00,2747.668072911253,0.0011323820922113992
2020-03-13 15:50:00,2749.577177783034,0.0012710675996170963
2020-03-13 15:51:00,2750.1298160568017,0.0012755433196137119
2020-03-13 15:52:00,2757.0433842581488,0.0012816373512560995
2020-03-13 15:53:00,2753.1189072712755,0.0012733070259180054
2020-03-13 15:54:00,2757.377435233008,0.0012976574905109784
2020-03-13 15:55:00,2763.801585500709,0.0013006130001314959
2020-03-13 15:56:00,2765.1789274769308,0.0013670364393597672
2020-03-13 15:57:00,2769.4625713353894,0.001327733109071316
2020-03-13 15:58:00,2766.1615939055055,0.001289793330465998
2020-03-13 15:59:00,2763.5438451067607,0.0013258009741514058
2020-03-13 16:00:00,2762.9559178589184,0.0013186346167209334
2020-03-13 16:01:00,2754.5872351916933,0.001286147061671921
2020-03-13 16:02:00,2753.180658380315,0.0012463025462619071
2020-03-13 16:03:00,2750.544777817569,0.0012483124651213515
2020-03-13 16:04:00,2751.3481019060623,0.001285590301287683
2020-03-13 16:05:00,2751.221671357477,0.001311624710901184
2020-03-13 16:06:00,2751.3993650918624,0.001350831264927061
2020-03-13 16:07:00,2749.6368118755377,0.0013452375086862648
2020-03-13 16:08:00,2744.535010167332,0.0013529397333892695
2020-03-13 16:09:00,2747.9014945720255,0.001330565960683909
2020-03-13 16:10:00,2750.198075861002,0.0013039116506113593
2020-03-13 16:11:00,2746.387739337502,0.0012628279568567408
2020-03-13 16:12:00,2745.083718625228,0.0012577538310118595
2020-03-13 16:13:00,2744.6876267545936,0.001269159002952133
2020-03-13 16:14:00,2743.3421437582665,0.0012355785713334148
2020-03-13 16:15:00,2752.4403680095775,0.0012284838529441574
2020-03-13 16:16:00,2752.6810355751513,0.0011975108879992238
2020-03-13 16:17:00,2747.194585763197,0.0011738640972643742
2020-03-13 16:18:00,2752.403371579901,0.0011411079210099883
2020-03-13 16:19:00,2755.142472023008,0.001164970144138042
2020-03-13 16:20:00,2749.031943838747,0.001190179507556268
2020-03-13 16:21:00,2750.750337456309,0.0012244713956354267
2020-03-13 16:22:00,2749.335183134646,0.0012031662889413282
2020-03-13 16:23:00,2745.354153179823,0.0012160741550831953
2020-03-13 16:24:00,2748.2973806682157,0.0012657222327966456
2020-03-13 16:25:00,2753.7030859085503,0.0012546705093610417
2020-03-13 16:26:00,2751.920544906377,0.0012965631000372612
2020-03-13 16:27:00,2742.144165609809,0.0012949007784102036
2020-03-13 16:28:00,2741.0145573266423,0.00129332454329357
2020-03-13 16:29:00,2742.464774514341,0.0012498113637452355
2020-03-13 16:30:00,2742.290177600733,0.0012745385562549928
2020-03-13 16:31:00,2742.251155184114,0.0012708782016050864
2020-03-13 16:32:00,2740.5371637602643,0.0012750284842235433
2020-03-13 16:33:00,2745.4325337879877,0.0012708298331471249
2020-03-13 16:34:00,2746.2240517239634,0.0012423429439032477
2020-03-13 16:35:00,2748.2681909213625,0.001252428190923728
2020-03-13 16:36:00,2747.9599336786096,0.0012471739677053263
2020-03-13 16:37:00,2748.4639491929447,0.0012414077266402748
2020-03-13 16:38:00,2743.775211566436,0.001183998520052558
2020-03-13 16:39:00,2746.2735263644286,0.001170637535836676
2020-03-13 16:40:00,2746.690909908823,0.0011787313448203553
2020-03-13 16:41:00,2743.750130279657,0.0011800883172285704
2020-03-13 16:42:00,2736.7146523139245,0.0011274246332080168
2020-03-13 16:43:00,2740.461635919437,0.001101487295194532
2020-03-13 16:44:00,2741.931357113384,0.0011499865862909728
2020-03-13 16:45:00,2737.277595743434,0.0011273367964115496
2020-03-13 16:46:00,2737.330900225547,0.0011319814473153412
2020-03-13 16:47:00,2739.2706007578568,0.0011701847298815624
2020-03-13 16:48:00,2739.6131319655187,0.0011686110184303813
2020-03-13 16:49:00,2735.7980815089463,0.0011393435337513384
2020-03-13 16:50:00,2733.2298885051955,0.0011434687929456717
2020-03-13 16:51:00,2732.077697816639,0.0011075408181400106
2020-03-13 16:52:00,2733.914999454683,0.001122871410260879
2020-03-13 16:53:00,2740.152173476966,0.00114156618480134
2020-03-13 16:54:00,2738.094641211008,0.0011998708616899202
2020-03-13 16:55:00,2734.291485371107,0.0011608305930308795
2020-03-13 16:56:00,2735.416563852271,0.0011318897405226713
2020-03-13 16:57:00,2733.472892239292,0.0011319150455084475
2020-03-13 16:58:00,2732.21361104162,0.0011432594160297657
2020-03-13 16:59:00,2727.820461058016,0.0011091509571465896
2020-03-13 17:00:00,2726.762249358326,0.0010888130951843187
2020-03-13 17:01:00,2727.561617633834,0.00111325688651082
2020-03-13 17:02:00,2726.397097677287,0.0010969766011878648
2020-03-13 17:03:00,2726.7578754765827,0.0010948570815014825
2020-03-13 17:04:00,2727.7183067939723,0.001122320665432392
2020-03-13 17:05:00,2726.2146225237734,0.001142413637098819
2020-03-13 17:06:00,2728.0957968998114,0.001117169715379055
2020-03-13 17:07:00,2732.2286861969787,0.0011223404116907428
2020-03-13 17:08:00,2731.8089198414477,0.0011156924464928496
2020-03-13 17:09:00,2732.6434739216584,0.001071545086193754
2020-03-13 17:10:00,2734.404364435013,0.0010120874382783317
2020-03-13 17:11:00,2738.805309925741,0.0010305585994090682
2020-03-13 17:12:00,2739.640118415512,0.0010689638937194078
2020-03-13 17:13:00,2739.1551890132923,0.0010570380714503159
2020-03-13 17:14:00,2737.686529493868,0.0009837166162709383
2020-03-13 17:15:00,2733.9281536765234,0.000996716415757157
2020-03-13 17:16:00,2733.9290094847074,0.001030363218712539
2020-03-13 17:17:00,2749.658809609741,0.0009264331303590265
2020-03-13 17:18:00,2755.812757638019,0.0009604957450556271
2020-03-13 17:19:00,2754.337656982092,0.0009957336758145406
2020-03-13 17:20:00,2755.589450691819,0.0009462679137444794
2020-03-13 17:21:00,2752.0394912321813,0.0008777701254110327
2020-03-13 17:22:00,2752.2057914810953,0.0008034764313273899
2020-03-13 17:23:00,2753.2885581546307,0.0008243984991020773
2020-03-13 17:24:00,2754.4355727838197,0.000796142669142569
2020-03-13 17:25:00,2754.137452094331,0.0007677605075469257
2020-03-13 17:26:00,2752.7018511715846,0.0007506125450858224
2020-03-13 17:27:00,2759.8360702674736,0.0007774640943491662
2020-03-13 17:28:00,2758.684012066153,0.000682072429591614
2020-03-13 17:29:00,2758.9679143550725,0.0006757632332252222
2020-03-13 17:30:00,2757.148130237039,0.0006787556756066864
2020-03-13 17:31:00,2758.3984403865584,0.0007460626592418822
2020-03-13 17:32:00,2755.640808473419,0.000810553528510223
2020-03-13 17:33:00,2757.678036830971,0.0008500880745602872
2020-03-13 17:34:00,2755.2886936834557,0.0008348173875112099
2020-03-13 17:35:00,2757.072516473989,0.0008462102875604648
2020-03-13 17:36:00,2755.5698573075015,0.000931200718718233
2020-03-13 17:37:00,2754.9072504169844,0.0009181508365716121
2020-03-13 17:38:00,2751.490395884165,0.0009151321792360873
2020-03-13 17:39:00,2749.986320298938,0.0008741694567362768
2020-03-13 17:40:00,2749.252073291657,0.0008799696722902252
2020-03-13 17:41:00,2746.0343809530427,0.0009204444464598994
2020-03-13 17:42:00,2750.722448865462,0.000874749275074719
2020-03-13 17:43:00,2748.715203947214,0.0008725575516469844
2020-03-13 17:44:00,2746.7166079524254,0.0008316172097913339
2020-03-13 17:45:00,2747.090250447926,0.0007399123739972116
2020-03-13 17:46:00,2748.2503557388136,0.0007549939274000783
2020-03-13 17:47:00,2746.652125809534,0.0006973900108448275
2020-03-13 17:48:00,2745.5635996043175,0.0006909074505617385
2020-03-13 17:49:00,2745.2003377573624,0.000667350465636965
2020-03-13 17:50:00,2745.7027702538003,0.0006691183984553221
2020-03-13 17:51:00,2749.35818981294,0.000654851927105521
2020-03-13 17:52:00,2748.9321063810808,0.0006115381163297033
2020-03-13 17:53:00,2750.5558289819915,0.0005252015829071675
2020-03-13 17:54:00,2750.4896932430433,0.0005992635260477223
2020-03-13 17:55:00,2750.6419304963156,0.0006398364569532077
2020-03-13 17:56:00,2754.348569002669,0.0006720331107235294
2020-03-13 17:57:00,2755.845728978418,0.0006841036873007939
2020-03-13 17:58:00,2757.5200681606157,0.0007391451001616459
2020-03-13 17:59:00,2756.8719148172945,0.0007146956250539913
2020-03-13 18:00:00,2755.465637856477,0.0006837373010547283
2020-03-13 18:01:00,2757.018265113695,0.000639540348152371
2020-03-13 18:02:00,2755.428893201414,0.0005909808587671651
2020-03-13 18:03:00,2756.6551540660657,0.0004934856951011558
2020-03-13 18:04:00,2755.363907985001,0.0004994341932589379
2020-03-13 18:05:00,2755.4526442977985,0.0004668193086224784
2020-03-13 18:06:00,2755.8198651156836,0.0003953258604921019
2020-03-13 18:07:00,2755.6815001301866,0.00036858777822579606
2020-03-13 18:08:00,2755.5280474015785,0.00030370728599711267
2020-03-13 18:09:00,2755.335986441129,0.00025722216408498885
2020-03-13 18:10:00,2755.246438415339,0.0002929450598594134
2020-03-13 18:11:00,2755.832164391727,0.0003632351179068919
2020-03-13 18:12:00,2755.907404742718,0.00035358318001530874
2020-03-13 18:13:00,2756.565829391262,0.00033213956505728337
2020-03-13 18:14:00,2754.8552976628803,0.00028087550459442975
2020-03-13 18:15:00,2753.5659130599884,0.0002469102643056053
2020-03-13 18:16:00,2752.889718654099,0.00027966279402745275
2020-03-13 18:17:00,2753.613225914293,0.0003469912109642534
2020-03-13 18:18:00,2754.285615445324,0.00042450268224040566
2020-03-13 18:19:00,2756.627592813672,0.00045332976381017503
2020-03-13 18:20:00,2756.339533100232,0.00041627350869658083
2020-03-13 18:21:00,2756.0927300951807,0.000417954002360261
2020-03-13 18:22:00,2753.848250971928,0.0004454009648530652
2020-03-13 18:23:00,2755.618383338248,0.0004547876389211317
2020-03-13 18:24:00,2756.71643307946,0.0005578296282736172
2020-03-13 18:25:00,2757.906945770939,0.0005479089040503358
2020-03-13 18:26:00,2756.829856122951,0.0005085239594144412
2020-03-13 18:27:00,2757.0213113998525,0.00044672374048450314
2020-03-13 18:28:00,2757.593139613772,0.000415654971621936
2020-03-13 18:29:00,2757.871856757396,0.00037749727272520334
2020-03-13 18:30:00,2757.774433609369,0.0004272050508922256
2020-03-13 18:31:00,2757.3261595261306,0.0003885200267632848
2020-03-13 18:32:00,2758.196062622921,0.000438112659124906
2020-03-13 18:33:00,2756.9597677356237,0.0005178916321804535
2020-03-13 18:34:00,2756.6878407502645,0.000489262270203286
2020-03-13 18:35:00,2757.434150452143,0.00047313015745485237
2020-03-13 18:36:00,2759.713268588595,0.0004963999858689701
2020-03-13 18:37:00,2758.94308066416,0.0004771419929117348
2020-03-13 18:38:00,2759.247657941795,0.000439821857233747
2020-03-13 18:39:00,2757.7644321414195,0.0005323209941655339
2020-03-13 18:40:00,2757.4306182952364,0.0005361725075756943
2020-03-13 18:41:00,2757.158549549171,0.0005886411316069293
2020-03-13 18:42:00,2753.0499699259194,0.0006083952133626716
2020-03-13 18:43:00,2753.64722940221,0.0005661205062741791
2020-03-13 18:44:00,2754.083788605816,0.0005030771763128108
2020-03-13 18:45:00,2755.502586371456,0.0005414020271643385
2020-03-13 18:46:00,2752.8659426564136,0.0005078915695496301
2020-03-13 18:47:00,2753.7272665670635,0.0004867846956931892
2020-03-13 18:48:00,2754.8118469996216,0.0004765840804993708
2020-03-13 18:49:00,2757.0101252795603,0.00041531212515634697
2020-03-13 18:50:00,2755.155604260207,0.0004301125772183805
2020-03-13 18:51:00,2756.645300287919,0.0003786919247912986
2020-03-13 18:52:00,2755.5904268254003,0.0003648816507629045
2020-03-13 18:53:00,2753.4740704304377,0.00037801099612068666
2020-03-13 18:54:00,2754.880229344211,0.0004140261749261351
2020-03-13 18:55:00,2752.6435185983814,0.0004446367559108969
2020-03-13 18:56:00,2754.2076948184863,0.0004141596372205997
2020-03-13 18:57:00,2751.551026002475,0.00045320572138432454
2020-03-13 18:58:00,2750.704148391638,0.00043991359315077215
2020-03-13 18:59:00,2750.37086884857,0.00042039664421938044
2020-03-13 19:00:00,2750.4361277944513,0.00035993100941397206
2020-03-13 19:01:00,2749.0054888454074,0.00030845911892082764
2020-03-13 19:02:00,2749.3507715729697,0.00027905260097540834
2020-03-13 19:03:00,2749.165809425643,0.00026642833177718583
2020-03-13 19:04:00,2747.4987413666877,0.0002877806205795791
2020-03-13 19:05:00,2746.9562854209635,0.0003585658775840379
2020-03-13 19:06:00,2747.205962826123,0.0003496098000802501
2020-03-13 19:07:00,2747.0145236948533,0.0003474263505876813
2020-03-13 19:08:00,2747.572551033843,0.00033409608117980266
2020-03-13 19:09:00,2746.5896092110497,0.00036920408311917835
2020-03-13 19:10:00,2746.6375068683637,0.00041819704487772305
2020-03-13 19:11:00,2747.341650372614,0.00036094638618369766
2020-03-13 19:12:00,2747.8199242742207,0.0003567515626357524
2020-03-13 19:13:00,2747.885068046639,0.000275925377970949
2020-03-13 19:14:00,2748.3148491888255,0.0002208791104472284
2020-03-13 19:15:00,2748.3717662481004,0.00021952754202282432
2020-03-13 19:16:00,2747.779503448918,0.00017837923012685686
2020-03-13 19:17:00,2747.7029807611234,0.0002475653728601299
2020-03-13 19:18:00,2746.948624774945,0.0002666490230390748
2020-03-13 19:19:00,2747.4384952110845,0.0002672619413872299
2020-03-13 19:20:00,2747.6457952003725,0.0002549917881498372
2020-03-13 19:21:00,2747.570454747765,0.00035876918648362774
2020-03-13 19:22:00,2748.8603976211493,0.0002786262267520949
2020-03-13 19:23:00,2748.476304736275,0.00033693412182970816
2020-03-13 19:24:00,2749.1880801784027,0.00032714169213392475
2020-03-13 19:25:00,2749.49348762475,0.0003639213026130561
2020-03-13 19:26:00,2749.7291281246844,0.000368650307664558
2020-03-13 19:27:00,2750.1373900646145,0.0003610381242573076
2020-03-13 19:28:00,2749.7122939249684,0.00033481907576717257
2020-03-13 19:29:00,2747.8728696449957,0.000377280160485882
2020-03-13 19:30:00,2747.5462607429167,0.0004085672844275504
2020-03-13 19:31:00,2748.712684166051,0.00045369393734317977
2020-03-13 19:32:00,2750.083618610185,0.0004954224700909789
2020-03-13 19:33:00,2750.935745094672,0.000505542419721747
2020-03-13 19:34:00,2751.0749362697393,0.000500344861043214
2020-03-13 19:35:00,2751.797532090615,0.0005061654028487467
2020-03-13 19:36:00,2749.4039773006148,0.00048434609266516805
2020-03-13 19:37:00,2749.790099513977,0.0004952147643172513
2020-03-13 19:38:00,2751.3889181058576,0.0004751025003890814
2020-03-13 19:39:00,2750.834589782481,0.0004271866691979243
2020-03-13 19:40:00,2752.9797792656855,0.00038596943587680937
2020-03-13 19:41:00,2751.675885847183,0.0003675257216708687
2020-03-13 19:42:00,2752.2272849272445,0.0003090739825219519
2020-03-13 19:43:00,2752.173451955418,0.00034924918532557177
2020-03-13 19:44:00,2752.145013861677,0.00038711159822364736
2020-03-13 19:45:00,2752.410360882998,0.00036779266875002593
2020-03-13 19:46:00,2753.5785348876893,0.000342796356234929
2020-03-13 19:47:00,2756.0765078882446,0.00038326866990668734
2020-03-13 19:48:00,2754.037612533927,0.0004228512061173361
2020-03-13 19:49:00,2754.32330032638,0.00041721141585481246
2020-03-13 19:50:00,2753.4307997987385,0.0004558992977509478
2020-03-13 19:51:00,2754.062953281056,0.0004422619356013634
2020-03-13 19:52:00,2754.3766558401658,0.0004622625985899391
2020-03-13 19:53:00,2754.431639861516,0.0005096704662184697
2020-03-13 19:54:00,2755.600915130415,0.00045696439164495445
2020-03-13 19:55:00,2757.220663524827,0.0004346973764208354
2020-03-13 19:56:00,2756.6027538451503,0.00038081959327627534
2020-03-13 19:57:00,2754.6822117250986,0.0003840399495099575
2020-03-13 19:58:00,2753.328538627986,0.000410247661854988
2020-03-13 19:59:00,2751.619552387912,0.0004093630524176841
2020-03-16 13:30:00,2795.5226325646413,0.0004538110872245761
2020-03-16 13:31:00,2798.4216762014557,0.00048259790901670905
2020-03-16 13:32:00,2798.5682633589413,0.0005057915720919438
2020-03-16 13:33:00,2799.7059167925704,0.00048677489955234866
2020-03-16 13:34:00,2798.4547593676593,0.0004794730396515646
2020-03-16 13:35:00,2800.401236827506,0.0005465788046776782
2020-03-16 13:36:00,2799.1734027050193,0.0005261719587803388
2020-03-16 13:37:00,2797.912145580679,0.00050566767973191
2020-03-16 13:38:00,2797.0894738017237,0.0004830564833500109
2020-03-16 13:39:00,2797.54229236696,0.0004814129376246519
2020-03-16 13:40:00,2796.6330896237614,0.00047837336855886456
2020-03-16 13:41:00,2793.7454690971185,0.0004880600189168256
2020-03-16 13:42:00,2791.9979087013417,0.0004997376668326094
2020-03-16 13:43:00,2791.2895114948005,0.00048235280872169423
2020-03-16 13:44:00,2790.2270058722997,0.00046506405976080053
2020-03-16 13:45:00,2788.5543649684505,0.0005056574774305173
2020-03-16 13:46:00,2785.387680314259,0.0005153195152354688
2020-03-16 13:47:00,2785.3223160649536,0.0005036236736788593
2020-03-16 13:48:00,2784.782037962677,0.0004538008536699832
2020-03-16 13:49:00,2786.0505045812006,0.00040179841374655436
2020-03-16 13:50:00,2784.684990795133,0.0004164915116101553
2020-03-16 13:51:00,2784.7534188831955,0.0003989204035925941
2020-03-16 13:52:00,2783.5187939568277,0.0004321342370382178
2020-03-16 13:53:00,2782.000990872325,0.0004909177273452173
2020-03-16 13:54:00,2779.5616991863335,0.0005101347347268933
2020-03-16 13:55:00,2779.5875480800973,0.0005510229157182468
2020-03-16 13:56:00,2779.329730907967,0.000518301036710746
2020-03-16 13:57:00,2777.0257376641466,0.0005810062256595079
2020-03-16 13:58:00,2776.336185781929,0.0005960426293908088
2020-03-16 13:59:00,2778.720228606061,0.0006342903983199092
2020-03-16 14:00:00,2778.664405735085,0.0006683656784205598
2020-03-16 14:01:00,2780.0258969812844,0.0006360650772299848
2020-03-16 14:02:00,2778.5514545837177,0.0005595105196333883
2020-03-16 14:03:00,2776.1960379691054,0.0005885186507451586
2020-03-16 14:04:00,2774.791285899896,0.0006005591404303786
2020-03-16 14:05:00,2775.124797140347,0.000601666009384426
2020-03-16 14:06:00,2775.62350149463,0.0005951434257655425
2020-03-16 14:07:00,2776.075049280419,0.0005600200875406454
2020-03-16 14:08:00,2773.2387708229576,0.0005526286591222831
2020-03-16 14:09:00,2773.934012715565,0.0005704617629898956
2020-03-16 14:10:00,2773.3134088433376,0.0006163734294655043
2020-03-16 14:11:00,2772.159808232712,0.0006154120955547784
2020-03-16 14:12:00,2773.0972053919177,0.0005794473716614684
2020-03-16 14:13:00,2773.1633024218468,0.0005645343807993269
2020-03-16 14:14:00,2776.587547073459,0.000612103632063674
2020-03-16 14:15:00,2776.863035446856,0.0006268426075562274
2020-03-16 14:16:00,2779.4455481694526,0.0007064171283128256
2020-03-16 14:17:00,2775.933886594199,0.0007003517789105988
2020-03-16 14:18:00,2775.831435897814,0.0007525463576334814
2020-03-16 14:19:00,2775.541365878115,0.0007119021524075586
2020-03-16 14:20:00,2776.590463433237,0.0007132842581935363
2020-03-16 14:21:00,2778.3022006784026,0.000675924634606513
2020-03-16 14:22:00,2777.2266571235823,0.0007230392744562731
2020-03-16 14:23:00,2780.8060763226713,0.0006942424405981123
2020-03-16 14:24:00,2781.052749808889,0.0006975230083072733
2020-03-16 14:25:00,2782.2488150159575,0.0006570727798538643
2020-03-16 14:26:00,2782.4406885066887,0.0006620930557517003
2020-03-16 14:27:00,2782.353620083145,0.0006400721829156034
2020-03-16 14:28:00,2784.605191663595,0.0006476831074351876
2020-03-16 14:29:00,2782.8603361015644,0.0006700395730951472
2020-03-16 14:30:00,2779.6540689721587,0.0006558962660108175
2020-03-16 14:31:00,2777.5366785243014,0.0006575212668500735
2020-03-16 14:32:00,2775.55972922029,0.0006440300836302654
2020-03-16 14:33:00,2776.277257463798,0.0006331210451577401
2020-03-16 14:34:00,2775.846480008821,0.000626387803080916
2020-03-16 14:35:00,2776.900200240434,0.0005989906518699455
2020-03-16 14:36:00,2776.6569013713415,0.0006152441132463765
2020-03-16 14:37:00,2776.3369135224543,0.0006891972517690193
2020-03-16 14:38:00,2774.0473839785022,0.0007069098677623826
2020-03-16 14:39:00,2773.0647387586505,0.0006605576373316036
2020-03-16 14:40:00,2774.314958122097,0.0006111324358797312
2020-03-16 14:41:00,2776.325283970454,0.0005813148738567261
2020-03-16 14:42:00,2775.684313609526,0.0005461868910142363
2020-03-16 14:43:00,2776.1067598950717,0.0005501399404993838
2020-03-16 14:44:00,2775.589741507858,0.0006072927900288099
2020-03-16 14:45:00,2773.3982564084763,0.0006225372964518046
2020-03-16 14:46:00,2776.90974391439,0.0006488049323816434
2020-03-16 14:47:00,2774.299479511607,0.0006217765451137644
2020-03-16 14:48:00,2775.6975450172145,0.0006666480678253546
2020-03-16 14:49:00,2777.7661452271755,0.0006196634723734285
2020-03-16 14:50:00,2779.028019397512,0.00057720230973156
2020-03-16 14:51:00,2781.727848321184,0.000617713755140258
2020-03-16 14:52:00,2781.729380000829,0.0006368329734998612
2020-03-16 14:53:00,2781.354760542058,0.0006011066577159766
2020-03-16 14:54:00,2782.348974148595,0.0006226705002420276
2020-03-16 14:55:00,2782.8489424052173,0.0006077230960463422
2020-03-16 14:56:00,2783.4044598281675,0.0005990689244122467
2020-03-16 14:57:00,2783.1700841647057,0.0005998152486493513
2020-03-16 14:58:00,2782.7437765775717,0.0005521935764139544
2020-03-16 14:59:00,2782.3004587885716,0.0006217541287694626
2020-03-16 15:00:00,2781.863825920835,0.000639788732422737
2020-03-16 15:01:00,2780.860873768048,0.0006768734159652
2020-03-16 15:02:00,2780.8053685028817,0.0007351014434450788
2020-03-16 15:03:00,2778.3144142619494,0.000721188651205137
2020-03-16 15:04:00,2775.569937417168,0.0007864993116373929
2020-03-16 15:05:00,2775.440944553358,0.0007151036569889748
2020-03-16 15:06:00,2776.6533131865917,0.0006594298975709531
2020-03-16 15:07:00,2773.0684862823778,0.0005586725561930659
2020-03-16 15:08:00,2773.146652869181,0.0005731466520137764
2020-03-16 15:09:00,2773.6447634716055,0.0005687319916199036
2020-03-16 15:10:00,2774.6634371898335,0.0004859679065254382
2020-03-16 15:11:00,2776.34807878634,0.0004817025280039727
2020-03-16 15:12:00,2775.645328057089,0.00042992710321836396
2020-03-16 15:13:00,2774.6611441264504,0.0004026254922071137
2020-03-16 15:14:00,2774.6781360790847,0.0004194475082587035
2020-03-16 15:15:00,2774.445360157906,0.0004806155314380023
2020-03-16 15:16:00,2776.0816304930227,0.0004588453067998175
2020-03-16 15:17:00,2775.5244633706593,0.00039516447984528925
2020-03-16 15:18:00,2775.6237606450823,0.00046148126723799196
2020-03-16 15:19:00,2774.5086933522684,0.000555801126485621
2020-03-16 15:20:00,2773.736808802207,0.00046812705617204324
2020-03-16 15:21:00,2771.477071716735,0.0004467645748664075
2020-03-16 15:22:00,2773.09219963586,0.000460019528247368
2020-03-16 15:23:00,2772.0159672035015,0.00046819448477289046
2020-03-16 15:24:00,2769.820512153576,0.0004413207591841069
2020-03-16 15:25:00,2770.5844785159547,0.00040794399704876237
2020-03-16 15:26:00,2769.973542225099,0.00037668672968098387
2020-03-16 15:27:00,2769.3329842062562,0.00035812119130513426
2020-03-16 15:28:00,2769.5050630539135,0.0004611672129559201
2020-03-16 15:29:00,2768.7173732190486,0.0004970347923368736
2020-03-16 15:30:00,2770.356842689737,0.0004939424383927056
2020-03-16 15:31:00,2769.2528548336913,0.0005205070114829307
2020-03-16 15:32:00,2768.806783702847,0.0004560185969910231
2020-03-16 15:33:00,2769.5623858646663,0.0004120419111739861
2020-03-16 15:34:00,2771.1567289854916,0.00041525227887211525
2020-03-16 15:35:00,2769.3735289835813,0.0004157715433213195
2020-03-16 15:36:00,2769.1991473454227,0.00043909434350286245
2020-03-16 15:37:00,2768.608205523977,0.00044979568452784534
2020-03-16 15:38:00,2767.9902882159668,0.0004983643425718221
2020-03-16 15:39:00,2770.8805827746273,0.0005339455456143439
2020-03-16 15:40:00,2769.2281978329115,0.00045647975820823993
2020-03-16 15:41:00,2769.362174394944,0.0004417113603531054
2020-03-16 15:42:00,2770.2104378849867,0.0003766382578690985
2020-03-16 15:43:00,2770.045983605971,0.0003820516197557968
2020-03-16 15:44:00,2760.7245921649337,0.00036708347901336254
2020-03-16 15:45:00,2760.940118600421,0.00038548532904922333
2020-03-16 15:46:00,2761.101843715213,0.000350220404185747
2020-03-16 15:47:00,2760.4950924872974,0.00032208789197061774
2020-03-16 15:48:00,2760.3115320343886,0.0003129830308218993
2020-03-16 15:49:00,2760.724972682768,0.00034473722958147033
2020-03-16 15:50:00,2761.394571523989,0.00035162379526109213
2020-03-16 15:51:00,2761.47971697291,0.00039527946676872963
2020-03-16 15:52:00,2761.6873407105136,0.00041255764682752814
2020-03-16 15:53:00,2760.234062083979,0.00043069099471722646
2020-03-16 15:54:00,2759.3325823069476,0.0004302591167826488
2020-03-16 15:55:00,2759.0270671317253,0.00042746317995527887
2020-03-16 15:56:00,2758.465103504117,0.00044939665525589654
2020-03-16 15:57:00,2758.255652535894,0.0005084881289166795
2020-03-16 15:58:00,2760.506152941172,0.0005252021126069661
2020-03-16 15:59:00,2761.2266777158557,0.0005198263883909945
2020-03-16 16:00:00,2763.2718841794003,0.0005308183459649183
2020-03-16 16:01:00,2764.0279614219253,0.0005627534141723098
2020-03-16 16:02:00,2762.1568355070604,0.0005538091582300502
2020-03-16 16:03:00,2762.24953358842,0.0005353455386656193
2020-03-16 16:04:00,2761.775453278116,0.0005305962831994322
2020-03-16 16:05:00,2760.7339916266997,0.0005605545917323602
2020-03-16 16:06:00,2761.8677613218197,0.0005636406809112604
2020-03-16 16:07:00,2761.699774561428,0.0005261900292963446
2020-03-16 16:08:00,2761.441142855746,0.0005133087344329191
2020-03-16 16:09:00,2761.339296323137,0.0005228731401454344
2020-03-16 16:10:00,2760.5773724587193,0.000477157530133099
2020-03-16 16:11:00,2762.9016756245965,0.0004902008220244477
2020-03-16 16:12:00,2760.4748066805078,0.0005597650612643332
2020-03-16 16:13:00,2759.795760714748,0.000597988284219806
2020-03-16 16:14:00,2760.262569384264,0.0005956181905342126
2020-03-16 16:15:00,2758.7759324078156,0.0006031029771226116
2020-03-16 16:16:00,2758.854640821842,0.0006140972035556207
2020-03-16 16:17:00,2755.9180981921013,0.000617555565264973
2020-03-16 16:18:00,2756.8657883571145,0.000639074598289576
2020-03-16 16:19:00,2755.4000273651595,0.0006022772280237142
2020-03-16 16:20:00,2755.434631473642,0.0005770088018207093
2020-03-16 16:21:00,2757.3453840207994,0.0005582281040876171
2020-03-16 16:22:00,2756.894706224475,0.0006323055464760952
2020-03-16 16:23:00,2756.2971062778633,0.0006661340364068599
2020-03-16 16:24:00,2755.9789197248583,0.000707093936866935
2020-03-16 16:25:00,2755.540880812804,0.0006900097633380655
2020-03-16 16:26:00,2755.0074512923456,0.0006816245668038944
2020-03-16 16:27:00,2760.532881961508,0.00070987432446662
2020-03-16 16:28:00,2764.236641817672,0.0007018535454389267
2020-03-16 16:29:00,2766.1721583727553,0.0007462185199767739
2020-03-16 16:30:00,2764.827637137372,0.0007221488851123844
2020-03-16 16:31:00,2764.4287122498513,0.0007110804417523684
2020-03-16 16:32:00,2765.0402978210473,0.0006878771911962215
2020-03-16 16:33:00,2762.222190090733,0.0007204552708131366
2020-03-16 16:34:00,2761.6229809521146,0.0006338887826268746
2020-03-16 16:35:00,2763.476726266127,0.000568099603474072
2020-03-16 16:36:00,2763.590296318562,0.0005962874938627378
2020-03-16 16:37:00,2763.8400002283624,0.0005723525819622297
2020-03-16 16:38:00,2762.6306264458326,0.0006698753602900911
2020-03-16 16:39:00,2765.704361615025,0.0007268431573422806
2020-03-16 16:40:00,2766.866439908067,0.0007247919845474055
2020-03-16 16:41:00,2768.681450474098,0.0007091504640065925
2020-03-16 16:42:00,2767.8085077358173,0.0006820293582830549
2020-03-16 16:43:00,2767.6153920863353,0.0006525267730991826
2020-03-16 16:44:00,2766.3176733577557,0.0006751739825034855
2020-03-16 16:45:00,2768.3475668250944,0.0006845474350512023
2020-03-16 16:46:00,2766.5221872284137,0.0007422192405173081
2020-03-16 16:47:00,2764.033664149233,0.0007821042023247718
2020-03-16 16:48:00,2766.3095177431246,0.0007633406183044449
2020-03-16 16:49:00,2765.47313879318,0.000738080290724472
2020-03-16 16:50:00,2764.8775091522325,0.0007412353633222251
2020-03-16 16:51:00,2764.2634399713606,0.0007356880224148822
2020-03-16 16:52:00,2762.8496689473554,0.0006906626789324807
2020-03-16 16:53:00,2764.369081717731,0.0006905838895641007
2020-03-16 16:54:00,2765.513338530296,0.0006396249768662901
2020-03-16 16:55:00,2765.011619256633,0.0006615246592267382
2020-03-16 16:56:00,2765.0173928050885,0.0006229880040620061
2020-03-16 16:57:00,2767.9116446386392,0.0005873638508024287
2020-03-16 16:58:00,2765.826317815283,0.0005764350378566521
2020-03-16 16:59:00,2765.6638989701974,0.000509296491174894
2020-03-16 17:00:00,2765.7152464795467,0.0005261717273583408
2020-03-16 17:01:00,2766.496404924364,0.0005754328356003216
2020-03-16 17:02:00,2767.7505050853933,0.0006032242941559865
2020-03-16 17:03:00,2766.9446837113896,0.0006335466876333622
2020-03-16 17:04:00,2764.5628014671956,0.0005955082628465547
2020-03-16 17:05:00,2764.4728540002952,0.0005772519586447368
2020-03-16 17:06:00,2764.927172853243,0.0005041907766933358
2020-03-16 17:07:00,2766.2634277177267,0.000454102674687248
2020-03-16 17:08:00,2767.378955805545,0.0004890701834791343
2020-03-16 17:09:00,2765.656315073376,0.0004944693564658132
2020-03-16 17:10:00,2766.5976900639957,0.0005515289214477762
2020-03-16 17:11:00,2768.7625615427683,0.0005562481767375026
2020-03-16 17:12:00,2768.261691526106,0.0005967395737625865
2020-03-16 17:13:00,2766.1842955942575,0.000581458092193345
2020-03-16 17:14:00,2766.8906543550875,0.0005679307387486264
2020-03-16 17:15:00,2769.9325719517556,0.0006672831989543769
2020-03-16 17:16:00,2768.6053913104724,0.0005981774533235484
2020-03-16 17:17:00,2767.4034395681347,0.0006179293583398808
2020-03-16 17:18:00,2770.5026770065647,0.0006297290449973214
2020-03-16 17:19:00,2769.320694381668,0.0006072970924228349
2020-03-16 17:20:00,2771.199527421061,0.0005419750014381734
2020-03-16 17:21:00,2770.021573189333,0.0005543061467370626
2020-03-16 17:22:00,2770.0651092285843,0.0005756539646094344
2020-03-16 17:23:00,2770.0779486152446,0.0005609866630694577
2020-03-16 17:24:00,2767.719809525652,0.0005664124022396076
2020-03-16 17:25:00,2768.306716238618,0.0006075723223685789
2020-03-16 17:26:00,2767.9293186698346,0.0005609379158254373
2020-03-16 17:27:00,2767.467122710622,0.0005418368510153495
2020-03-16 17:28:00,2769.2384351117753,0.0005250333699107215
2020-03-16 17:29:00,2767.8247067354864,0.0005046202378999244
2020-03-16 17:30:00,2767.5401236782436,0.00046642105600977653
2020-03-16 17:31:00,2765.825347632952,0.000495911384256328
2020-03-16 17:32:00,2767.443419311394,0.0005320308316984977
2020-03-16 17:33:00,2767.786870519539,0.0005324194884676243
2020-03-16 17:34:00,2767.464463104992,0.00046233282809255734
2020-03-16 17:35:00,2768.325538474534,0.0004308546278491924
2020-03-16 17:36:00,2767.094960912966,0.0004414187481364452
2020-03-16 17:37:00,2766.250912366686,0.00043735891261731114
2020-03-16 17:38:00,2766.5167197632613,0.00044598027316861713
2020-03-16 17:39:00,2766.167899733619,0.0004499336038091302
2020-03-16 17:40:00,2767.006682866698,0.0004996747050498372
2020-03-16 17:41:00,2764.190700287191,0.0005396592619659115
2020-03-16 17:42:00,2763.8913144755634,0.000596409853878256
2020-03-16 17:43:00,2762.444061891948,0.0006193669167300636
2020-03-16 17:44:00,2760.455569897884,0.0007205409538451216
2020-03-16 17:45:00,2760.515630795533,0.0007933055244263964
2020-03-16 17:46:00,2758.037535944318,0.0007909322226771717
2020-03-16 17:47:00,2752.738039097045,0.0007988283125529922
2020-03-16 17:48:00,2751.879851662221,0.0008282040705870612
2020-03-16 17:49:00,2754.780446175299,0.0008570040689566385
2020-03-16 17:50:00,2754.6820212181597,0.0008442134522756824
2020-03-16 17:51:00,2754.132707740931,0.0007787933135027269
2020-03-16 17:52:00,2753.35117813371,0.0008414902910411849
2020-03-16 17:53:00,2755.9618211166794,0.0008571748718684709
2020-03-16 17:54:00,2755.6271547494816,0.0008459496563833487
2020-03-16 17:55:00,2755.0849280608836,0.0009330426824977932
2020-03-16 17:56:00,2756.1058444338328,0.0009423911099801311
2020-03-16 17:57:00,2756.3352420549127,0.000934205386135743
2020-03-16 17:58:00,2752.553113477422,0.0009557230175354741
2020-03-16 17:59:00,2752.142503870678,0.0009028515132595468
2020-03-16 18:00:00,2754.582297988875,0.0009314700349016512
2020-03-16 18:01:00,2755.9743958637687,0.0009691302976608392
2020-03-16 18:02:00,2760.105123985075,0.0009057323206418201
2020-03-16 18:03:00,2761.2477002598694,0.0009484293201137126
2020-03-16 18:04:00,2759.8389735559917,0.0010536579436128779
2020-03-16 18:05:00,2756.837910290826,0.0010316636309728464
2020-03-16 18:06:00,2753.313522420023,0.0010373951317086119
2020-03-16 18:07:00,2748.7988577003325,0.0010866555304510773
2020-03-16 18:08:00,2747.2009891337593,0.001019933259229166
2020-03-16 18:09:00,2747.0075067712446,0.0010276403176180525
2020-03-16 18:10:00,2742.797860746442,0.001000754168083745
2020-03-16 18:11:00,2743.484432334662,0.0010455714588213183
2020-03-16 18:12:00,2741.488985179768,0.0010784548091192188
2020-03-16 18:13:00,2738.7184257693348,0.0010992183539568355
2020-03-16 18:14:00,2734.3726557488567,0.0010573934197477767
2020-03-16 18:15:00,2728.245002113573,0.0010609835488867847
2020-03-16 18:16:00,2727.342698381023,0.0010622823035182146
2020-03-16 18:17:00,2723.4990679235934,0.000980982716248789
2020-03-16 18:18:00,2729.999521345352,0.0010391224486934695
2020-03-16 18:19:00,2728.6820258359407,0.0010359917687883164
2020-03-16 18:20:00,2729.063264436678,0.0010589674051053697
2020-03-16 18:21:00,2727.7089847474003,0.00112053190833685
2020-03-16 18:22:00,2725.6638077220737,0.00113387759568178
2020-03-16 18:23:00,2728.8360336528385,0.0011286147084738159
2020-03-16 18:24:00,2735.357697326562,0.0011799176744084437
2020-03-16 18:25:00,2737.373477630364,0.0011496945108312134
2020-03-16 18:26:00,2738.844328083002,0.0011687537567672524
2020-03-16 18:27:00,2737.396813616117,0.0011781488831705694
2020-03-16 18:28:00,2738.0081550552068,0.0012337501654867084
2020-03-16 18:29:00,2740.9432042797766,0.0012243653234528887
2020-03-16 18:30:00,2740.1240233485787,0.0012175298368197762
2020-03-16 18:31:00,2745.7870995865496,0.0012584566303805577
2020-03-16 18:32:00,2748.797929022535,0.0012746842260769574
2020-03-16 18:33:00,2745.044905529779,0.001288891543117585
2020-03-16 18:34:00,2741.891264579787,0.0013084404129805396
2020-03-16 18:35:00,2742.6772644081657,0.0013360027958526672
2020-03-16 18:36:00,2740.990328062809,0.0013312585501157877
2020-03-16 18:37:00,2737.7013182125265,0.0013323384194763824
2020-03-16 18:38:00,2740.000103410834,0.0013147906936537429
2020-03-16 18:39:00,2736.4069288278474,0.0012431106542940583
2020-03-16 18:40:00,2734.384884713189,0.0013255540678879171
2020-03-16 18:41:00,2734.8033953065733,0.001290554454059435
2020-03-16 18:42:00,2740.0418079355727,0.00125676320072706
2020-03-16 18:43:00,2736.358948157641,0.0012054365330537542
2020-03-16 18:44:00,2733.798234356698,0.001216236482886634
2020-03-16 18:45:00,2737.8990282306895,0.001214249580155311
2020-03-16 18:46:00,2736.5824446395577,0.0012178891925662084
2020-03-16 18:47:00,2736.5843748053644,0.0012708125903346124
2020-03-16 18:48:00,2737.064748389556,0.0012799051953787592
2020-03-16 18:49:00,2737.0504607320972,0.001227860732631822
2020-03-16 18:50:00,2732.6931662009365,0.0012901097340587673
2020-03-16 18:51:00,2725.2067242950466,0.0013077606415575378
2020-03-16 18:52:00,2727.1538875607994,0.0013891925807201144
2020-03-16 18:53:00,2720.4298945812457,0.0013705959770676547
2020-03-16 18:54:00,2718.183020835804,0.0013169338897810027
2020-03-16 18:55:00,2722.532145081853,0.001351293353101619
2020-03-16 18:56:00,2726.7268095805416,0.001347264927977507
2020-03-16 18:57:00,2722.449988181731,0.0013704677230050853
2020-03-16 18:58:00,2729.190750345212,0.0014244123224508554
2020-03-16 18:59:00,2727.904423610072,0.0014324878515976347
2020-03-16 19:00:00,2727.431193828329,0.001403646473537049
2020-03-16 19:01:00,2721.3066015494405,0.001391598205099544
2020-03-16 19:02:00,2717.0079846279014,0.0014443432817542357
2020-03-16 19:03:00,2716.9789141903957,0.0014023114171617223
2020-03-16 19:04:00,2714.115973881416,0.0013950661680447065
2020-03-16 19:05:00,2717.923005317525,0.0014441778396960011
2020-03-16 19:06:00,2718.120875786493,0.0015028319336307596
2020-03-16 19:07:00,2720.565761388478,0.0015476760374529587
2020-03-16 19:08:00,2723.643194681027,0.0015438933072169842
2020-03-16 19:09:00,2713.991501444196,0.0015626028326760862
2020-03-16 19:10:00,2713.6245814533454,0.0015293057979469833
2020-03-16 19:11:00,2705.523900501167,0.0015449278828060292
2020-03-16 19:12:00,2707.8733403197243,0.001599742645152475
2020-03-16 19:13:00,2706.5661449693266,0.0015583708212509935
2020-03-16 19:14:00,2714.2391355998993,0.0015126026856112668
2020-03-16 19:15:00,2720.235061458756,0.0014396792517913492
2020-03-16 19:16:00,2725.334074167984,0.0014823275215131557
2020-03-16 19:17:00,2723.0329706595508,0.0014680368919214818
2020-03-16 19:18:00,2716.751960531219,0.0014847933898076025
2020-03-16 19:19:00,2722.168354019125,0.0015157980108613683
2020-03-16 19:20:00,2720.7899564194654,0.001488548838919931
2020-03-16 19:21:00,2707.125212488002,0.001495061289549008
2020-03-16 19:22:00,2708.036998865361,0.0015000201503536465
2020-03-16 19:23:00,2715.248934748114,0.0014931420309044006
2020-03-16 19:24:00,2718.7973632013714,0.0014750539468646206
2020-03-16 19:25:00,2718.393647672329,0.0015030031389338067
2020-03-16 19:26:00,2717.8555835477746,0.0014777293605533102
2020-03-16 19:27:00,2713.090571224026,0.0014945851523580635
2020-03-16 19:28:00,2712.4036411731086,0.00148341785570666
2020-03-16 19:29:00,2709.829315419387,0.0015571257852414174
2020-03-16 19:30:00,2708.221708653621,0.0015239398797489902
2020-03-16 19:31:00,2708.0989258222367,0.001444089250264107
2020-03-16 19:32:00,2710.1826182075133,0.0014251057604809936
2020-03-16 19:33:00,2710.5750457074114,0.0014265920662447466
2020-03-16 19:34:00,2704.7893583242117,0.0013931941084302424
2020-03-16 19:35:00,2703.435048832735,0.0014001470230236798
2020-03-16 19:36:00,2697.3757962030973,0.0013958168980288915
2020-03-16 19:37:00,2697.084913432145,0.001402084833192029
2020-03-16 19:38:00,2694.0525154582597,0.0014316443213705215
2020-03-16 19:39:00,2690.8868193100097,0.0014293004512919844
2020-03-16 19:40:00,2686.8018610571216,0.0014316191982277182
2020-03-16 19:41:00,2686.4495682327943,0.0014718235400489929
2020-03-16 19:42:00,2687.1629856930376,0.001485516613010342
2020-03-16 19:43:00,2681.8208215473364,0.0014731751116520276
2020-03-16 19:44:00,2681.2979284782527,0.0015325075933432669
2020-03-16 19:45:00,2682.3934461176173,0.0015615181254795877
2020-03-16 19:46:00,2686.4630830839565,0.0015434345587172324
2020-03-16 19:47:00,2682.8774327472206,0.00152539366802801
2020-03-16 19:48:00,2677.748470151105,0.001475918948825374
2020-03-16 19:49:00,2678.033041442707,0.001559848817981652
2020-03-16 19:50:00,2676.3453318483694,0.0015260562491841813
2020-03-16 19:51:00,2675.3398473199927,0.0015293145251286762
2020-03-16 19:52:00,2670.268543142732,0.0015623548224321933
2020-03-16 19:53:00,2669.3762057018225,0.0015229917482912482
2020-03-16 19:54:00,2670.5787537158317,0.0015171711316831489
2020-03-16 19:55:00,2675.8602875929037,0.001471767140593131
2020-03-16 19:56:00,2673.0301987456533,0.0014453320302093948
2020-03-16 19:57:00,2670.415571004571,0.0014228227389932167
2020-03-16 19:58:00,2674.9659210810296,0.0014683101591580205
2020-03-16 19:59:00,2674.531811326749,0.001414729688269451
2020-03-17 13:30:00,2826.5632597704357,0.0014195485508891165
2020-03-17 13:31:00,2822.9103263715824,0.0013964732879875143
2020-03-17 13:32:00,2821.920437486526,0.0013862806030426776
2020-03-17 13:33:00,2818.886571685104,0.00139420860897926
2020-03-17 13:34:00,2821.532763950536,0.001441913434448855
2020-03-17 13:35:00,2814.5225402064284,0.001421229651680517
2020-03-17 13:36:00,2812.8544289355314,0.0014694830507458328
2020-03-17 13:37:00,2820.6171820392447,0.0015338681789392973
2020-03-17 13:38:00,2818.3229809910467,0.0015391727305454751
2020-03-17 13:39:00,2813.184856367878,0.0015414280364532927
2020-03-17 13:40:00,2806.4018150913075,0.0015107614124075215
2020-03-17 13:41:00,2809.718739305118,0.0015642428239916607
2020-03-17 13:42:00,2812.009991420398,0.0014947723373073766
2020-03-17 13:43:00,2818.8482516754857,0.0015026795939021755
2020-03-17 13:44:00,2821.7492340549134,0.0014718761079228091
2020-03-17 13:45:00,2819.702546188892,0.0014255300130233052
2020-03-17 13:46:00,2820.1185589062025,0.001392355412473668
2020-03-17 13:47:00,2818.3891218529698,0.0014029137285362665
2020-03-17 13:48:00,2814.0172409883367,0.0014225832171632857
2020-03-17 13:49:00,2808.4889096577976,0.0014494427922284328
2020-03-17 13:50:00,2811.2268850170153,0.0015124115855832852
2020-03-17 13:51:00,2812.9587109989156,0.0015577512101704063
2020-03-17 13:52:00,2813.324437980605,0.001555927279588127
2020-03-17 13:53:00,2815.1328143817645,0.0015590774693142902
2020-03-17 13:54:00,2814.5995785593846,0.0014919411537165064
2020-03-17 13:55:00,2820.3977902302863,0.0014356271274948962
2020-03-17 13:56:00,2819.723389666791,0.0014659708656761426
2020-03-17 13:57:00,2819.214863865558,0.0014499214774702255
2020-03-17 13:58:00,2822.086722689633,0.001544721538422894
2020-03-17 13:59:00,2827.5443657901424,0.0015054333130648475
2020-03-17 14:00:00,2830.1201476780643,0.0014773007648306415
2020-03-17 14:01:00,2828.056575569978,0.0014640733428441704
2020-03-17 14:02:00,2824.188196090561,0.0014906603968873502
2020-03-17 14:03:00,2827.663417029931,0.0015527624523562714
2020-03-17 14:04:00,2824.533512914454,0.0015913578696598206
2020-03-17 14:05:00,2825.643553814762,0.0015594843847715175
2020-03-17 14:06:00,2820.8728748450985,0.0015359828426640455
2020-03-17 14:07:00,2823.9533677587824,0.001590633234317351
2020-03-17 14:08:00,2834.037806283321,0.0016039094740579085
2020-03-17 14:09:00,2835.4133229251797,0.0016601928700527937
2020-03-17 14:10:00,2834.9604269823585,0.0016963647240033175
2020-03-17 14:11:00,2833.9800918432943,0.001758027424618089
2020-03-17 14:12:00,2838.472524751725,0.0017662519713081961
2020-03-17 14:13:00,2833.196812211095,0.0017245217214725667
2020-03-17 14:14:00,2841.142637669065,0.001717782314362972
2020-03-17 14:15:00,2836.923563695649,0.0016794215427453785
2020-03-17 14:16:00,2837.776887115037,0.0017008381729624238
2020-03-17 14:17:00,2834.5432800203976,0.0017307163486944318
2020-03-17 14:18:00,2846.3159594309227,0.0017362653572498051
2020-03-17 14:19:00,2839.5313552140597,0.0017772651253277173
2020-03-17 14:20:00,2837.3055553977892,0.001779803520475351
2020-03-17 14:21:00,2825.290233650178,0.0018269782921906176
2020-03-17 14:22:00,2828.353934103191,0.0018320787246524895
2020-03-17 14:23:00,2830.7699908641252,0.001826797233325042
2020-03-17 14:24:00,2839.191149109454,0.0018377453019707802
2020-03-17 14:25:00,2844.6329980472988,0.0018859265258418755
2020-03-17 14:26:00,2847.805725952723,0.0018638175833093885
2020-03-17 14:27:00,2846.9261491360658,0.0018244746402830353
2020-03-17 14:28:00,2843.7421233108794,0.001822419602610847
2020-03-17 14:29:00,2841.771931160083,0.0018035387706713917
2020-03-17 14:30:00,2847.6280845594383,0.0017967126226158226
2020-03-17 14:31:00,2851.4846506805293,0.0018270564849299645
2020-03-17 14:32:00,2852.8433993876533,0.0018605019955012618
2020-03-17 14:33:00,2847.4806919579423,0.001809585341439196
2020-03-17 14:34:00,2838.7317097856117,0.0017927724155253721
2020-03-17 14:35:00,2843.6090039623305,0.001781577448873945
2020-03-17 14:36:00,2840.7883886020027,0.0018048178250803597
2020-03-17 14:37:00,2839.1033723050195,0.00177278647339209
2020-03-17 14:38:00,2831.855038961998,0.0018020132674714617
2020-03-17 14:39:00,2839.1833198485583,0.001760754100478009
2020-03-17 14:40:00,2844.6075941694867,0.0018044368199895654
2020-03-17 14:41:00,2846.146608083833,0.001802120226621875
2020-03-17 14:42:00,2849.0683879184835,0.0018121558978698405
2020-03-17 14:43:00,2846.2660267394676,0.0018205256850117436
2020-03-17 14:44:00,2847.984999215003,0.0017696571360653068
2020-03-17 14:45:00,2847.659943055808,0.0017813129849289316
2020-03-17 14:46:00,2850.3463659195413,0.0016809324700003167
2020-03-17 14:47:00,2842.4567206491756,0.001651703171653944
2020-03-17 14:48:00,2840.792295237887,0.0016450443910212909
2020-03-17 14:49:00,2838.8774145282205,0.0016008616128141253
2020-03-17 14:50:00,2837.5188706013555,0.0016075638892911173
2020-03-17 14:51:00,2837.23534075092,0.001631914334374488
2020-03-17 14:52:00,2839.3262261053897,0.0015737893766146088
2020-03-17 14:53:00,2840.770323193963,0.0015233831573400925
2020-03-17 14:54:00,2840.3473138373406,0.001493766282098331
2020-03-17 14:55:00,2851.3910704228356,0.0014508283608263743
2020-03-17 14:56:00,2855.0079757960166,0.0014001149540908467
2020-03-17 14:57:00,2852.977094992,0.0013988514614846877
2020-03-17 14:58:00,2849.271734904985,0.0014419204536142427
2020-03-17 14:59:00,2851.21334011221,0.0014318844180853632
2020-03-17 15:00:00,2844.2085427864595,0.0013979404935185555
2020-03-17 15:01:00,2839.8257707549838,0.001372760447215411
2020-03-17 15:02:00,2843.6425026445827,0.0013743386525765131
2020-03-17 15:03:00,2846.4162213164454,0.0013703243484811335
2020-03-17 15:04:00,2846.6444616616277,0.0013406519172901542
2020-03-17 15:05:00,2851.979277128927,0.001365132772734261
2020-03-17 15:06:00,2851.641878130231,0.0013368462598301438
2020-03-17 15:07:00,2855.1196987043627,0.0013062975780904324
2020-03-17 15:08:00,2854.8717501687356,0.001331946103342374
2020-03-17 15:09:00,2857.9306181048187,0.0013661701122553158
2020-03-17 15:10:00,2862.600448323671,0.0013785044179488713
2020-03-17 15:11:00,2860.8185895154897,0.001374171199693407
2020-03-17 15:12:00,2856.1519733006635,0.0014046456969336529
2020-03-17 15:13:00,2849.8062854162363,0.0014338063253469683
2020-03-17 15:14:00,2855.861404331249,0.0013942934721909743
2020-03-17 15:15:00,2854.686373121167,0.0013836025818708402
2020-03-17 15:16:00,2857.7210417986757,0.0013182285903708187
2020-03-17 15:17:00,2861.040878308403,0.0012914781743562352
2020-03-17 15:18:00,2859.3270011125956,0.0012496682208564286
2020-03-17 15:19:00,2863.321125231113,0.0013057427895528276
2020-03-17 15:20:00,2863.5058452048715,0.0013415853793094933
2020-03-17 15:21:00,2858.5354644407503,0.0013800944073153205
2020-03-17 15:22:00,2851.9330578956346,0.0014172939750348441
2020-03-17 15:23:00,2851.6529252293426,0.0014318124111468383
2020-03-17 15:24:00,2857.7978495008115,0.0014132975229433293
2020-03-17 15:25:00,2859.4379025307517,0.001399711310035129
2020-03-17 15:26:00,2861.585877766787,0.0014319516829576523
2020-03-17 15:27:00,2861.3328295907154,0.0014895859254459973
2020-03-17 15:28:00,2861.799705160716,0.00149880290026271
2020-03-17 15:29:00,2865.3651532542754,0.001418826800935084
2020-03-17 15:30:00,2871.56026181782,0.001362337340866424
2020-03-17 15:31:00,2877.8451456550824,0.0013943872124711845
2020-03-17 15:32:00,2881.850845049727,0.0014165166049501644
2020-03-17 15:33:00,2885.318194765836,0.0013893699607168163
2020-03-17 15:34:00,2894.527127106199,0.0013877174271021005
2020-03-17 15:35:00,2897.002601227932,0.0013510126918530538
2020-03-17 15:36:00,2905.927148515132,0.001402407305265052
2020-03-17 15:37:00,2903.8471162213355,0.0013602202021178434
2020-03-17 15:38:00,2901.1811885692264,0.0013388872803559795
2020-03-17 15:39:00,2901.3224407900407,0.001291024616218701
2020-03-17 15:40:00,2900.310716805217,0.0012802304685470276
2020-03-17 15:41:00,2893.463718030736,0.00129538297432352
2020-03-17 15:42:00,2899.2702379370626,0.0012077500993524421
2020-03-17 15:43:00,2900.869163348294,0.0012392989934303167
2020-03-17 15:44:00,2896.448585329918,0.0012589429632763756
2020-03-17 15:45:00,2896.1371870846274,0.001244350236061941
2020-03-17 15:46:00,2898.4864299574033,0.0012405398338433886
2020-03-17 15:47:00,2898.984580613297,0.0012335720656038768
2020-03-17 15:48:00,2900.0117526140116,0.0012257973430473562
2020-03-17 15:49:00,2896.759934168654,0.0012014876756094956
2020-03-17 15:50:00,2896.9667868163824,0.001174978886983834
2020-03-17 15:51:00,2895.2000113741155,0.0011782572733338734
2020-03-17 15:52:00,2894.3303457982443,0.0011447669523006719
2020-03-17 15:53:00,2902.4399719569474,0.0011320172908647107
2020-03-17 15:54:00,2899.523899514558,0.0011693026183967762
2020-03-17 15:55:00,2902.9678366165076,0.001120799238276051
2020-03-17 15:56:00,2898.9801738396104,0.0012187787256516841
2020-03-17 15:57:00,2896.1047774619424,0.0012295172004602216
2020-03-17 15:58:00,2897.225035909057,0.001197900102070782
2020-03-17 15:59:00,2890.0331437693076,0.0012132892975676326
2020-03-17 16:00:00,2887.208370212986,0.0012478832235046952
2020-03-17 16:01:00,2883.4725465525285,0.0012693768213405331
2020-03-17 16:02:00,2877.912899037297,0.0012192737855023627
2020-03-17 16:03:00,2876.3753858305977,0.0012048265288737115
2020-03-17 16:04:00,2874.923079963555,0.0011708136522414132
2020-03-17 16:05:00,2869.8533477051706,0.0011434932844108315
2020-03-17 16:06:00,2867.018053721618,0.0011267538208858685
2020-03-17 16:07:00,2864.585385482924,0.0011445203312913561
2020-03-17 16:08:00,2862.591958897539,0.0011840621121122575
2020-03-17 16:09:00,2863.497219351439,0.0011770671606510727
2020-03-17 16:10:00,2859.307232798807,0.0011525514858556178
2020-03-17 16:11:00,2866.841970019054,0.0011988839503114157
2020-03-17 16:12:00,2867.963031348437,0.0011472409472687974
2020-03-17 16:13:00,2861.296525053298,0.0011591550414070647
2020-03-17 16:14:00,2860.116733435772,0.0012028886229609494
2020-03-17 16:15:00,2864.015325564992,0.0012677481465309933
2020-03-17 16:16:00,2860.689194768655,0.001242885382109363
2020-03-17 16:17:00,2856.0175949441605,0.0012001866458319873
2020-03-17 16:18:00,2852.347523026417,0.0011598621047695006
2020-03-17 16:19:00,2852.0917197798212,0.0011644817079745188
2020-03-17 16:20:00,2832.4535400735326,0.0011643997273978115
2020-03-17 16:21:00,2825.9292482458804,0.001255662526655882
2020-03-17 16:22:00,2831.212874483441,0.0012063682835910963
2020-03-17 16:23:00,2831.7580852802857,0.0012367504187146521
2020-03-17 16:24:00,2831.351847995495,0.0012865897820654247
2020-03-17 16:25:00,2830.142147041149,0.0013045426148733232
2020-03-17 16:26:00,2833.0328780949158,0.0013089741299251371
2020-03-17 16:27:00,2831.957507591167,0.0012225849101168487
2020-03-17 16:28:00,2830.7368864915684,0.001254285124124245
2020-03-17 16:29:00,2829.0164173445064,0.0012489584789556268
2020-03-17 16:30:00,2828.2780643759615,0.0012665054048348126
2020-03-17 16:31:00,2825.0575822350365,0.001268954937005406
2020-03-17 16:32:00,2824.1263712556674,0.001317183055360623
2020-03-17 16:33:00,2824.4302902346717,0.001252550499144182
2020-03-17 16:34:00,2827.6155187611794,0.0012738640671654683
2020-03-17 16:35:00,2830.253594598681,0.001302140070507031
2020-03-17 16:36:00,2827.3992218386093,0.0012803314903997878
2020-03-17 16:37:00,2828.1742798569167,0.0013186908379266063
2020-03-17 16:38:00,2828.0963727287954,0.0012927196529372237
2020-03-17 16:39:00,2827.4758593967963,0.0012456802148202945
2020-03-17 16:40:00,2830.191582091614,0.00113032208621106
2020-03-17 16:41:00,2824.482456221014,0.0011016095310452231
2020-03-17 16:42:00,2825.3409920728222,0.0011088647418675726
2020-03-17 16:43:00,2828.259716953398,0.001071261044441698
2020-03-17 16:44:00,2830.573846338344,0.0011216912537323146
2020-03-17 16:45:00,2831.039277661943,0.0011155477658039486
2020-03-17 16:46:00,2834.4056364703533,0.0011211217379358857
2020-03-17 16:47:00,2834.731955817708,0.0011530190379083435
2020-03-17 16:48:00,2830.4720172190873,0.0012539331958144452
2020-03-17 16:49:00,2826.8370153314804,0.0012205828929691478
2020-03-17 16:50:00,2826.3251208629827,0.0012858870323872542
2020-03-17 16:51:00,2829.879458885655,0.00129704841392633
2020-03-17 16:52:00,2835.5727090101204,0.001211933885454919
2020-03-17 16:53:00,2832.6003988697667,0.0012395490478952513
2020-03-17 16:54:00,2829.8715767591243,0.0013113958653482812
2020-03-17 16:55:00,2837.0615973071676,0.0012976473299881944
2020-03-17 16:56:00,2838.8287851245127,0.0013479808955977543
2020-03-17 16:57:00,2836.521974583692,0.0012635300803904945
2020-03-17 16:58:00,2839.3688542505624,0.0012295425358861615
2020-03-17 16:59:00,2838.2061111954276,0.001238748142680821
2020-03-17 17:00:00,2841.0930395275786,0.0011905231075618177
2020-03-17 17:01:00,2842.349050050364,0.0011917791108731035
2020-03-17 17:02:00,2843.3170118958333,0.0012078048155800937
2020-03-17 17:03:00,2842.526978151287,0.0012441461700538833
2020-03-17 17:04:00,2846.634336522038,0.001241492536152872
2020-03-17 17:05:00,2845.992535099147,0.001233013035584094
2020-03-17 17:06:00,2852.797780697947,0.0011893589704190298
2020-03-17 17:07:00,2848.781378195462,0.0011664099391116005
2020-03-17 17:08:00,2846.967355813231,0.0009935184686542921
2020-03-17 17:09:00,2845.392653135313,0.0009678313157388025
2020-03-17 17:10:00,2847.2192748693114,0.0009284674302849153
2020-03-17 17:11:00,2845.287917308181,0.0009837971289479066
2020-03-17 17:12:00,2844.15185354596,0.0010096610675915515
2020-03-17 17:13:00,2845.4062691631184,0.001029588159259734
2020-03-17 17:14:00,2847.350009385708,0.0010525674481523992
2020-03-17 17:15:00,2847.3244601402334,0.0010669008432645033
2020-03-17 17:16:00,2846.820084907623,0.0010574506262386123
2020-03-17 17:17:00,2841.2370687754897,0.001016443577538993
2020-03-17 17:18:00,2837.132145415427,0.0010431956648916372
2020-03-17 17:19:00,2835.2990199685614,0.0010145855169748225
2020-03-17 17:20:00,2841.1751920969255,0.0010274777233629127
2020-03-17 17:21:00,2838.4371118337845,0.0010350799668637
2020-03-17 17:22:00,2834.8858501256063,0.0010534576798815077
2020-03-17 17:23:00,2835.2450038067145,0.0010884986475586359
2020-03-17 17:24:00,2836.126587389487,0.0010809258797101822
2020-03-17 17:25:00,2836.0809729349394,0.0010361307828611025
2020-03-17 17:26:00,2833.3879558560925,0.0010163993828827143
2020-03-17 17:27:00,2835.2855667956405,0.0009401712032211797
2020-03-17 17:28:00,2835.164324093012,0.0009511979782597466
2020-03-17 17:29:00,2833.6898404253852,0.0009389388281418487
2020-03-17 17:30:00,2832.4208972839665,0.000978344000848545
2020-03-17 17:31:00,2834.4774181505854,0.001011014093516333
2020-03-17 17:32:00,2837.927165222429,0.0009524522361657074
2020-03-17 17:33:00,2833.880057063876,0.0009246387451498714
2020-03-17 17:34:00,2833.049082647518,0.0009263958551734565
2020-03-17 17:35:00,2832.0954135301445,0.0009354435697763191
2020-03-17 17:36:00,2837.0338928215983,0.0009713209292795731
2020-03-17 17:37:00,2840.030550521563,0.001014936255418677
2020-03-17 17:38:00,2839.2580073683675,0.0010679154892224
2020-03-17 17:39:00,2837.1514722251136,0.0010986588184738058
2020-03-17 17:40:00,2832.620147631631,0.0010803276629703469
2020-03-17 17:41:00,2834.410701578373,0.001010542037684629
2020-03-17 17:42:00,2831.7541231615633,0.001046587627397988
2020-03-17 17:43:00,2831.4899587637965,0.001031558894971536
2020-03-17 17:44:00,2833.6066326216437,0.0010802171848443103
2020-03-17 17:45:00,2836.58731590525,0.0010765315536199276
2020-03-17 17:46:00,2841.107347283002,0.001050083376361587
2020-03-17 17:47:00,2840.158068325007,0.0010163780939923038
2020-03-17 17:48:00,2840.0986448688136,0.0009513324906522627
2020-03-17 17:49:00,2843.166931056487,0.0008414806986846476
2020-03-17 17:50:00,2843.3805820191133,0.0008292987478834693
2020-03-17 17:51:00,2843.9962174463158,0.0007344455216006376
2020-03-17 17:52:00,2841.99240385839,0.0006420457651466273
2020-03-17 17:53:00,2843.413011672257,0.0006315918580022361
2020-03-17 17:54:00,2842.1997481836183,0.0006082736113288493
2020-03-17 17:55:00,2842.9586829265345,0.0006094276968215384
2020-03-17 17:56:00,2842.31732162769,0.0005939201451256789
2020-03-17 17:57:00,2841.5105169400217,0.0005860797429069814
2020-03-17 17:58:00,2841.316519116998,0.0005851115689148721
2020-03-17 17:59:00,2839.076967883076,0.0005841132521286635
2020-03-17 18:00:00,2838.829238946533,0.0005941624572405596
2020-03-17 18:01:00,2837.0813488754693,0.0006351050289911263
2020-03-17 18:02:00,2836.581653617211,0.0006518416442358381
2020-03-17 18:03:00,2838.3236490847366,0.0006133782375344142
2020-03-17 18:04:00,2842.406989825425,0.0006750500474955552
2020-03-17 18:05:00,2842.232107372002,0.000617954729364223
2020-03-17 18:06:00,2840.58013356312,0.0006349875602692785
2020-03-17 18:07:00,2839.367788653562,0.0006375583422869355
2020-03-17 18:08:00,2839.2278385905533,0.0006235719473971852
2020-03-17 18:09:00,2838.2911758220243,0.0006592628610123962
2020-03-17 18:10:00,2838.454453864432,0.0006698981544802302
2020-03-17 18:11:00,2838.173856477051,0.0006804592237919687
2020-03-17 18:12:00,2837.4957694952404,0.0006014786971016402
2020-03-17 18:13:00,2838.95638726852,0.0006332423182592739
2020-03-17 18:14:00,2837.226501975439,0.0006192936094450616
2020-03-17 18:15:00,2834.443392432056,0.0006251013787101347
2020-03-17 18:16:00,2833.6193660432746,0.0006253332418191151
2020-03-17 18:17:00,2832.169080862082,0.0006767837795768651
2020-03-17 18:18:00,2831.1307880046647,0.0006603194447229334
2020-03-17 18:19:00,2832.613609819799,0.0006768958410677205
2020-03-17 18:20:00,2835.710387868816,0.0006636032209559818
2020-03-17 18:21:00,2835.5342132951764,0.0006456704944380426
2020-03-17 18:22:00,2835.932371634762,0.0007074537686253661
2020-03-17 18:23:00,2835.676850997954,0.0006596908093150601
2020-03-17 18:24:00,2834.6784852929604,0.0006733008727099585
2020-03-17 18:25:00,2837.4636535753775,0.0006280124834954332
2020-03-17 18:26:00,2838.8710066118083,0.0006871707474621872
2020-03-17 18:27:00,2838.7536142491526,0.0007220839592825104
2020-03-17 18:28:00,2835.798755425235,0.0006895479120155638
2020-03-17 18:29:00,2834.6736841981638,0.00067774242240899
2020-03-17 18:30:00,2835.8920069353176,0.0007985820143865314
2020-03-17 18:31:00,2838.549826370581,0.0007093769903317503
2020-03-17 18:32:00,2836.308011691749,0.0007442952337070927
2020-03-17 18:33:00,2835.374740327961,0.0007303996917078274
2020-03-17 18:34:00,2837.3364129429374,0.0006171091444775195
2020-03-17 18:35:00,2838.243082956037,0.0006777821827436143
2020-03-17 18:36:00,2840.159194463885,0.0006298894323094834
2020-03-17 18:37:00,2840.367651027882,0.0006400301106360473
2020-03-17 18:38:00,2841.3444938260536,0.0006564550703840934
2020-03-17 18:39:00,2843.4771802326663,0.0006831939058751018
2020-03-17 18:40:00,2841.8977583960336,0.0006483451015253439
2020-03-17 18:41:00,2843.6625153173404,0.0006331968359941598
2020-03-17 18:42:00,2843.8594054280625,0.0007145579487599422
2020-03-17 18:43:00,2841.3396816213335,0.000676057781463125
2020-03-17 18:44:00,2841.5950106281903,0.0006434386022391437
2020-03-17 18:45:00,2841.773252413588,0.000652692411034832
2020-03-17 18:46:00,2842.038167739653,0.0006522516615676846
2020-03-17 18:47:00,2846.229446326577,0.0006128397293144769
2020-03-17 18:48:00,2847.1749889298403,0.0006003289120367409
2020-03-17 18:49:00,2846.56805384857,0.0006108580318437797
2020-03-17 18:50:00,2848.909916243087,0.0006483929280332345
2020-03-17 18:51:00,2847.187662008388,0.0006583276367026334
2020-03-17 18:52:00,2848.1153614258606,0.0006431196783059773
2020-03-17 18:53:00,2847.0999542194604,0.0006169315298294725
2020-03-17 18:54:00,2849.251898005368,0.0006906446055941727
2020-03-17 18:55:00,2849.6670666169107,0.0007318489058187275
2020-03-17 18:56:00,2850.4340112442496,0.000685826652491811
2020-03-17 18:57:00,2850.4603512546732,0.0007143312696645822
2020-03-17 18:58:00,2849.7060263821613,0.0007108767179695893
2020-03-17 18:59:00,2854.1410104386396,0.0006869621610920987
2020-03-17 19:00:00,2854.8357767590883,0.0007553095646686332
2020-03-17 19:01:00,2855.3241283257566,0.0007578159502725619
2020-03-17 19:02:00,2854.5208176187784,0.0007768048593604569
2020-03-17 19:03:00,2855.0394040232472,0.0007967049619048794
2020-03-17 19:04:00,2849.8676859648253,0.0008005608865845715
2020-03-17 19:05:00,2850.6112822624477,0.00084823310633271
2020-03-17 19:06:00,2848.5468937921783,0.0008524771047964304
2020-03-17 19:07:00,2851.164910413914,0.0008355305044874055
2020-03-17 19:08:00,2852.486318108589,0.0008703543067674568
2020-03-17 19:09:00,2851.649539809017,0.0008960026365959972
2020-03-17 19:10:00,2854.4584137814645,0.0008734596036963657
2020-03-17 19:11:00,2858.8663727994585,0.0008683820717325853
2020-03-17 19:12:00,2856.7705210219683,0.0009016697030527007
2020-03-17 19:13:00,2854.4904632112184,0.0009627561395417617
2020-03-17 19:14:00,2852.330893756716,0.0009229395525011889
2020-03-17 19:15:00,2854.961141145664,0.0009789974708127075
2020-03-17 19:16:00,2854.0681821309477,0.0009183652558278492
2020-03-17 19:17:00,2854.8338279951718,0.0009127466350723187
2020-03-17 19:18:00,2855.4090362216753,0.000877544083318273
2020-03-17 19:19:00,2852.162453850939,0.0008379166054586684
2020-03-17 19:20:00,2852.361443009982,0.0008107978516438512
2020-03-17 19:21:00,2854.2060030936204,0.0008217780241404381
2020-03-17 19:22:00,2852.2944372018337,0.0008102536837933934
2020-03-17 19:23:00,2850.9731913751443,0.0008144510609984883
2020-03-17 19:24:00,2850.193730006495,0.0007884101113350661
2020-03-17 19:25:00,2846.217521749585,0.0007917565192094646
2020-03-17 19:26:00,2844.5406843928286,0.0007803201015956713
2020-03-17 19:27:00,2847.9887149253386,0.0007944875604531704
2020-03-17 19:28:00,2851.6071013364453,0.0008070062635134204
2020-03-17 19:29:00,2855.9537987214935,0.0007733860436970865
2020-03-17 19:30:00,2852.5608136546643,0.0007510944201498919
2020-03-17 19:31:00,2853.944287525598,0.0007790307044669497
2020-03-17 19:32:00,2853.2663006079047,0.0007952361100116475
2020-03-17 19:33:00,2852.73745494698,0.0008563443461690378
2020-03-17 19:34:00,2851.14211388337,0.0008245086532010578
2020-03-17 19:35:00,2850.804236337497,0.0008429660499535729
2020-03-17 19:36:00,2851.39608450613,0.0008637857363130336
2020-03-17 19:37:00,2847.165076144611,0.0008650626122415373
2020-03-17 19:38:00,2848.8307875068244,0.0009543194508788998
2020-03-17 19:39:00,2847.423312023025,0.0009620738844136476
2020-03-17 19:40:00,2845.4751998556344,0.0009512285310929687
2020-03-17 19:41:00,2845.6560661422836,0.0009704854721740273
2020-03-17 19:42:00,2844.5779904015267,0.0009793680259975544
2020-03-17 19:43:00,2844.888555845845,0.0009436328205842278
2020-03-17 19:44:00,2843.6623124276853,0.0010034154687173307
2020-03-17 19:45:00,2840.705605736896,0.0010010298041894512
2020-03-17 19:46:00,2839.287574670164,0.0009331025850389015
2020-03-17 19:47:00,2843.929499939707,0.0009053005146638774
2020-03-17 19:48:00,2842.3258127647737,0.0009511824065881929
2020-03-17 19:49:00,2845.656914745616,0.0009552099510566365
2020-03-17 19:50:00,2841.117820052697,0.0008949733538487633
2020-03-17 19:51:00,2843.6827025295215,0.0008649517588821659
2020-03-17 19:52:00,2839.8123613139765,0.0009276374797536616
2020-03-17 19:53:00,2844.487097915288,0.0009312934333931584
2020-03-17 19:54:00,2841.581375545665,0.00091130150539337
2020-03-17 19:55:00,2840.3627941698724,0.000955455901848909
2020-03-17 19:56:00,2838.3675781393367,0.000889202680498255
2020-03-17 19:57:00,2834.604518668477,0.0009027605098062679
2020-03-17 19:58:00,2833.6886974495487,0.0009379341662418851
2020-03-17 19:59:00,2832.8412262677225,0.0009897597009059567
2020-03-18 13:30:00,2847.3941158243033,0.0010292716326226069
2020-03-18 13:31:00,2845.825508144818,0.0010208954999520532
2020-03-18 13:32:00,2844.430725435273,0.0009904687708694748
2020-03-18 13:33:00,2843.819241752428,0.0010039875706980986
2020-03-18 13:34:00,2844.6507529550768,0.0010252261605152991
2020-03-18 13:35:00,2842.818877523075,0.0010211656143727826
2020-03-18 13:36:00,2844.9801831952886,0.0010531614717574724
2020-03-18 13:37:00,2841.734371223743,0.0010297286940163595
2020-03-18 13:38:00,2843.6534043670504,0.001060012133888792
2020-03-18 13:39:00,2840.4715305481736,0.001053830715549408
2020-03-18 13:40:00,2839.908674232084,0.001048982186957623
2020-03-18 13:41:00,2836.917543276901,0.0010792137799590506
2020-03-18 13:42:00,2833.2491841454685,0.001129476359459823
2020-03-18 13:43:00,2836.958448254399,0.0011472445833949742
2020-03-18 13:44:00,2836.467236993565,0.0011373313127199317
2020-03-18 13:45:00,2840.124008404429,0.0010991334044963678
2020-03-18 13:46:00,2837.3000890593667,0.0010403097958614897
2020-03-18 13:47:00,2837.071783999164,0.0010668028216793903
2020-03-18 13:48:00,2841.6523858932596,0.0010900838013925798
2020-03-18 13:49:00,2839.9874265022554,0.001073287334704372
2020-03-18 13:50:00,2835.247511406799,0.0010577061859806396
2020-03-18 13:51:00,2834.7926433892335,0.0010135917878212107
2020-03-18 13:52:00,2836.6660678866615,0.0009952677824603092
2020-03-18 13:53:00,2841.2845269855957,0.0010474326505611046
2020-03-18 13:54:00,2842.612422240083,0.0010431499991409385
2020-03-18 13:55:00,2847.0730284424994,0.001045022209419249
2020-03-18 13:56:00,2845.733993727714,0.0010465413250619106
2020-03-18 13:57:00,2845.985990314825,0.000928526236785673
2020-03-18 13:58:00,2849.029453002604,0.0008659418780685076
2020-03-18 13:59:00,2848.167062251177,0.0007589065318829102
2020-03-18 14:00:00,2846.027600200521,0.0008593534830540009
2020-03-18 14:01:00,2846.9465974267587,0.0009029529135023056
2020-03-18 14:02:00,2848.152277719031,0.00096412721063565
2020-03-18 14:03:00,2847.78484728929,0.0010390358290430172
2020-03-18 14:04:00,2846.239115918453,0.0011130164377275251
2020-03-18 14:05:00,2851.0230454832295,0.001030589692828426
2020-03-18 14:06:00,2854.4258032666717,0.001033734810773626
2020-03-18 14:07:00,2848.7819194144754,0.001034024394891577
2020-03-18 14:08:00,2846.2860466376897,0.0010425659492089793
2020-03-18 14:09:00,2845.266282786686,0.0010602394272005886
2020-03-18 14:10:00,2846.0590037850457,0.0010509444598160516
2020-03-18 14:11:00,2849.5816438877114,0.0011074282611046762
2020-03-18 14:12:00,2853.090394797138,0.001099501398132642
2020-03-18 14:13:00,2855.5604330263554,0.0010723046032484877
2020-03-18 14:14:00,2854.301631423509,0.001055075415854471
2020-03-18 14:15:00,2846.438239270763,0.0010317566322167076
2020-03-18 14:16:00,2842.463798873836,0.0010263745935701234
2020-03-18 14:17:00,2836.946804545546,0.0010975632885404096
2020-03-18 14:18:00,2835.2994095759504,0.0010307906482642979
2020-03-18 14:19:00,2835.595163887803,0.001092931930009979
2020-03-18 14:20:00,2833.9688790336827,0.0011019036401914873
2020-03-18 14:21:00,2834.2650257417813,0.0010323210272299027
2020-03-18 14:22:00,2831.221648526203,0.0010311233329531142
2020-03-18 14:23:00,2828.290076356269,0.0010775378907124664
2020-03-18 14:24:00,2829.7911857094236,0.0010742161889568229
2020-03-18 14:25:00,2831.602055679269,0.0010801068430835161
2020-03-18 14:26:00,2830.051823453648,0.0010765867010075066
2020-03-18 14:27:00,2833.2268915976397,0.0010042448064249226
2020-03-18 14:28:00,2841.2992128507735,0.0009736127841083307
2020-03-18 14:29:00,2839.1635361940926,0.0010000142295223259
2020-03-18 14:30:00,2842.4730319446976,0.0010409868024607509
2020-03-18 14:31:00,2843.5725133718406,0.0010404058368552553
2020-03-18 14:32:00,2845.3165293077564,0.0010389283003992087
2020-03-18 14:33:00,2842.8671541760527,0.001000038707751293
2020-03-18 14:34:00,2839.0478337827376,0.0009542133870785441
2020-03-18 14:35:00,2837.0253472299564,0.0009424235339305165
2020-03-18 14:36:00,2834.88880303846,0.0009423680992904215
2020-03-18 14:37:00,2837.396539621225,0.0009115195870300544
2020-03-18 14:38:00,2837.4540635977037,0.0009405601961867795
2020-03-18 14:39:00,2837.219940067448,0.0009219470296599193
2020-03-18 14:40:00,2838.584513007448,0.0009874014631853975
2020-03-18 14:41:00,2833.8765050935704,0.00098106229367429
2020-03-18 14:42:00,2834.0283782943325,0.000980769244415641
2020-03-18 14:43:00,2830.5706433654022,0.0009690812863618702
2020-03-18 14:44:00,2833.7593529884834,0.0009838529574335794
2020-03-18 14:45:00,2839.8446432314577,0.0009752005557073898
2020-03-18 14:46:00,2835.893592466358,0.0010021375961276494
2020-03-18 14:47:00,2840.3635122168553,0.001032362378424348
2020-03-18 14:48:00,2840.1398287566935,0.0010351877005136524
2020-03-18 14:49:00,2845.7908838148805,0.0010890319093215218
2020-03-18 14:50:00,2846.146138422647,0.001163408041316728
2020-03-18 14:51:00,2842.5096738990173,0.0011788684816373145
2020-03-18 14:52:00,2843.9182594465924,0.0012091807564341187
2020-03-18 14:53:00,2848.34664658327,0.0011941057401153082
2020-03-18 14:54:00,2845.559036171078,0.0011740188093679873
2020-03-18 14:55:00,2844.8452397174,0.00109651639200068
2020-03-18 14:56:00,2841.5236773842835,0.0010381796349622015
2020-03-18 14:57:00,2837.389265832854,0.0010458027403199507
2020-03-18 14:58:00,2833.7726400869733,0.0010464882070894172
2020-03-18 14:59:00,2833.8805670006177,0.0010611460024678595
2020-03-18 15:00:00,2835.854441334534,0.0010459510613871664
2020-03-18 15:01:00,2833.4884695965447,0.0009665857798982092
2020-03-18 15:02:00,2836.513771949188,0.000929516834937208
2020-03-18 15:03:00,2833.7293156423584,0.0009032350825564121
2020-03-18 15:04:00,2831.4333504596952,0.0010082321810732807
2020-03-18 15:05:00,2830.081865679438,0.0009988529889698816
2020-03-18 15:06:00,2831.208627117554,0.0009510139289797319
2020-03-18 15:07:00,2830.568835621114,0.0009967672377194942
2020-03-18 15:08:00,2830.73984870413,0.001027776199300517
2020-03-18 15:09:00,2832.632458888156,0.0009977740910357131
2020-03-18 15:10:00,2831.5662386762438,0.000985368993251873
2020-03-18 15:11:00,2828.747153069316,0.0009248364525506947
2020-03-18 15:12:00,2826.8293450881065,0.0010073530204261615
2020-03-18 15:13:00,2826.898688179096,0.001011996648021794
2020-03-18 15:14:00,2831.092202964523,0.001081500614802787
2020-03-18 15:15:00,2830.3267772027366,0.0010460261570802833
2020-03-18 15:16:00,2832.282157120651,0.0010398482644213682
2020-03-18 15:17:00,2828.500081849347,0.0010481678267236806
2020-03-18 15:18:00,2832.2091543353968,0.0010053525609593564
2020-03-18 15:19:00,2832.200031497841,0.0010017848053230102
2020-03-18 15:20:00,2830.76488705928,0.00105242226665205
2020-03-18 15:21:00,2830.140920089603,0.0010694861323815698
2020-03-18 15:22:00,2826.2925262976646,0.0011010925138399078
2020-03-18 15:23:00,2834.2894898467357,0.001070883301060261
2020-03-18 15:24:00,2828.019654447238,0.0010961825074528456
2020-03-18 15:25:00,2827.088583892644,0.0010756929753789166
2020-03-18 15:26:00,2825.743053041503,0.0010565359909879843
2020-03-18 15:27:00,2828.6142365031465,0.0010291790221859808
2020-03-18 15:28:00,2831.501216309118,0.0010474735571852764
2020-03-18 15:29:00,2831.501998375982,0.0010788169110759528
2020-03-18 15:30:00,2832.1612579943217,0.0010735155426945325
2020-03-18 15:31:00,2834.2222858599207,0.0011021387444577761
2020-03-18 15:32:00,2832.497693031476,0.001052596935133571
2020-03-18 15:33:00,2831.0698870797055,0.0010794595267763021
2020-03-18 15:34:00,2828.7623272588226,0.0010594317417240385
2020-03-18 15:35:00,2830.807835083472,0.0010829559609866735
2020-03-18 15:36:00,2830.194258016404,0.001132133533557132
2020-03-18 15:37:00,2829.7982618185306,0.0011229957910567918
2020-03-18 15:38:00,2828.111305894922,0.0010455799091875994
2020-03-18 15:39:00,2829.014572080433,0.0009848062321520122
2020-03-18 15:40:00,2832.898429755564,0.0010176644393268474
2020-03-18 15:41:00,2833.985953826883,0.0010402803575942062
2020-03-18 15:42:00,2834.9080769678253,0.0010804406925893674
2020-03-18 15:43:00,2833.011218819924,0.0011277255616622564
2020-03-18 15:44:00,2841.176212343549,0.0011137834622048418
2020-03-18 15:45:00,2838.833949785386,0.0011686072142384617
2020-03-18 15:46:00,2837.5197615003,0.0011580369941406078
2020-03-18 15:47:00,2841.4424114819462,0.0010959050150803297
2020-03-18 15:48:00,2839.4821555607473,0.00110991619180447
2020-03-18 15:49:00,2843.358520893583,0.0011737955994414401
2020-03-18 15:50:00,2841.876996713052,0.00115518562938574
2020-03-18 15:51:00,2843.4249674808493,0.0011273713609977031
2020-03-18 15:52:00,2841.812170270046,0.0011125749219463522
2020-03-18 15:53:00,2835.7788865780717,0.0011127066412928638
2020-03-18 15:54:00,2831.7399051702314,0.0011839640868960607
2020-03-18 15:55:00,2827.7779965398754,0.0012374230455831743
2020-03-18 15:56:00,2823.323520141857,0.0012144394605022267
2020-03-18 15:57:00,2822.6653798515636,0.0012116735388065748
2020-03-18 15:58:00,2825.761660478851,0.0012474407293841298
2020-03-18 15:59:00,2822.3671614564405,0.0011764962276789638
2020-03-18 16:00:00,2821.450454578328,0.0012162477150168818
2020-03-18 16:01:00,2825.324372697682,0.0012358887138871999
2020-03-18 16:02:00,2825.806778207752,0.0012356183097671834
2020-03-18 16:03:00,2830.3482026783213,0.001223920963268935
2020-03-18 16:04:00,2827.3186438917937,0.0012856898879511185
2020-03-18 16:05:00,2823.314383229729,0.001313016509803357
2020-03-18 16:06:00,2830.033882454333,0.0012101090332480215
2020-03-18 16:07:00,2828.07609640631,0.0012585471225610883
2020-03-18 16:08:00,2829.419878016877,0.0012804912447323626
2020-03-18 16:09:00,2834.6748225956608,0.0013029481548095898
2020-03-18 16:10:00,2839.515054510554,0.0013066195368079462
2020-03-18 16:11:00,2840.702534685684,0.0012736207909548743
2020-03-18 16:12:00,2840.5682299508026,0.0012516912988663814
2020-03-18 16:13:00,2840.1388290100604,0.0011998005209530027
2020-03-18 16:14:00,2844.2008165808634,0.0012246165630183765
2020-03-18 16:15:00,2849.9422026753537,0.001197250620853435
2020-03-18 16:16:00,2850.1634979121745,0.001153840268891725
2020-03-18 16:17:00,2850.8489444295838,0.0012387903897131557
2020-03-18 16:18:00,2850.502450540182,0.0012983606667920993
2020-03-18 16:19:00,2852.5455224574034,0.0012955123895733835
2020-03-18 16:20:00,2857.5722996766062,0.0012451729510624897
2020-03-18 16:21:00,2856.0240685266517,0.0012120558871444604
2020-03-18 16:22:00,2860.6776588155813,0.0012531739880006529
2020-03-18 16:23:00,2863.0152684469253,0.0012425207257247305
2020-03-18 16:24:00,2861.623406959868,0.0011815998970934577
2020-03-18 16:25:00,2861.399395985399,0.0012457299808458942
2020-03-18 16:26:00,2861.606096759219,0.0011962099841243406
2020-03-18 16:27:00,2869.94099981932,0.001201452537995106
2020-03-18 16:28:00,2872.834485204867,0.001183863339806252
2020-03-18 16:29:00,2869.2163909022897,0.0012261000222868516
2020-03-18 16:30:00,2873.108386812016,0.0012562762323740022
2020-03-18 16:31:00,2871.2280060041953,0.0012547107259727052
2020-03-18 16:32:00,2866.365651129838,0.0012486042097705748
2020-03-18 16:33:00,2863.6052771808177,0.0012182107382659665
2020-03-18 16:34:00,2867.784052499521,0.0012394959316171272
2020-03-18 16:35:00,2866.173218614899,0.0012170418409027154
2020-03-18 16:36:00,2863.8353104343755,0.0012126044499698228
2020-03-18 16:37:00,2867.878720056479,0.0012583013485078793
2020-03-18 16:38:00,2864.466696726888,0.0012336536350749444
2020-03-18 16:39:00,2855.9557402397286,0.001240743226606645
2020-03-18 16:40:00,2859.999161593195,0.001295527504966826
2020-03-18 16:41:00,2856.8214311459947,0.0012550719270993636
2020-03-18 16:42:00,2861.9980137309226,0.0012456486636476694
2020-03-18 16:43:00,2863.119879771361,0.001274953667425429
2020-03-18 16:44:00,2864.9138585067685,0.0012781354899745376
2020-03-18 16:45:00,2867.9953342900276,0.0013018285534585241
2020-03-18 16:46:00,2863.222767236725,0.00131252997890481
2020-03-18 16:47:00,2860.7956298154872,0.0013562765884943353
2020-03-18 16:48:00,2862.440272354418,0.0014132704682026601
2020-03-18 16:49:00,2863.590169606254,0.0014136252007765123
2020-03-18 16:50:00,2865.1895512754377,0.0013860883361968808
2020-03-18 16:51:00,2864.5695162231814,0.0013549806580978056
2020-03-18 16:52:00,2870.2615209609476,0.0014087647311866781
2020-03-18 16:53:00,2876.2572129398336,0.0013623129541744051
2020-03-18 16:54:00,2880.3724633334773,0.0013772834837713476
2020-03-18 16:55:00,2876.9999192074174,0.0013597766552039454
2020-03-18 16:56:00,2879.4012890888644,0.001330018018531399
2020-03-18 16:57:00,2880.1486177817055,0.0013154908351055105
2020-03-18 16:58:00,2882.039619733225,0.0013357928227890916
2020-03-18 16:59:00,2878.909933204938,0.0013445464540664154
2020-03-18 17:00:00,2876.4238458695763,0.0013967491701167437
2020-03-18 17:01:00,2882.2783903073337,0.0014140551147142227
2020-03-18 17:02:00,2877.9022706754668,0.0014363763969493422
2020-03-18 17:03:00,2880.8967398296136,0.001474398019756654
2020-03-18 17:04:00,2878.6423126383625,0.0014789766242265443
2020-03-18 17:05:00,2878.4578318689596,0.0014728256054862391
2020-03-18 17:06:00,2898.64356003114,0.0014424767504914726
2020-03-18 17:07:00,2897.6255754855515,0.0013913793232438881
2020-03-18 17:08:00,2898.259281005512,0.0015052531303357945
2020-03-18 17:09:00,2895.8887103077773,0.0014889071909694697
2020-03-18 17:10:00,2896.149869917164,0.001471413718955374
2020-03-18 17:11:00,2894.6325144524194,0.0014359624392068237
2020-03-18 17:12:00,2895.2677237276635,0.0014306424079461606
2020-03-18 17:13:00,2898.017045059466,0.0014003509819637426
2020-03-18 17:14:00,2897.398263946305,0.001464009589027998
2020-03-18 17:15:00,2898.3454091624044,0.0014666293803556776
2020-03-18 17:16:00,2897.2689827345216,0.0014790431615884184
2020-03-18 17:17:00,2896.274818039752,0.0015061259176719654
2020-03-18 17:18:00,2899.1887340192307,0.0014507384207993357
2020-03-18 17:19:00,2902.951877222868,0.001426891661579312
2020-03-18 17:20:00,2905.077082898436,0.0013963777623114842
2020-03-18 17:21:00,2900.111842499073,0.001371355838093202
2020-03-18 17:22:00,2901.464100178995,0.0013924977755278927
2020-03-18 17:23:00,2894.3630856834584,0.0014272641403551521
2020-03-18 17:24:00,2901.5985224330966,0.001507095547482278
2020-03-18 17:25:00,2902.836937532675,0.0014313881518715477
2020-03-18 17:26:00,2899.3957765529767,0.0013491087032266003
2020-03-18 17:27:00,2896.3061530074406,0.001385091250745121
2020-03-18 17:28:00,2896.574598581438,0.001370048787002484
2020-03-18 17:29:00,2887.9854929623702,0.0013898471703273703
2020-03-18 17:30:00,2889.9313605659454,0.0013416143071666928
2020-03-18 17:31:00,2893.117974907685,0.0012699041735463007
2020-03-18 17:32:00,2888.2875567143064,0.0012896226972994064
2020-03-18 17:33:00,2885.520653074907,0.0013327085777519298
2020-03-18 17:34:00,2881.9712973910164,0.0013318614129268962
2020-03-18 17:35:00,2881.2281158520746,0.001365402967708421
2020-03-18 17:36:00,2875.5994050948516,0.0013341900087659037
2020-03-18 17:37:00,2880.47518590721,0.0013416215788459216
2020-03-18 17:38:00,2877.1214736229995,0.0013322661377301852
2020-03-18 17:39:00,2877.5881246619433,0.001333684695235805
2020-03-18 17:40:00,2878.8806191276826,0.0012946767730796173
2020-03-18 17:41:00,2881.021097918211,0.0012269048608555295
2020-03-18 17:42:00,2882.3512987508834,0.0012630793104005734
2020-03-18 17:43:00,2883.6063621872026,0.0013045547259250521
2020-03-18 17:44:00,2888.076770353486,0.0012744719969769904
2020-03-18 17:45:00,2881.4831677500715,0.0012601152783917734
2020-03-18 17:46:00,2879.946823238516,0.001289453696080371
2020-03-18 17:47:00,2880.0461242803317,0.001271957522640914
2020-03-18 17:48:00,2875.703776757413,0.0012405301218889238
2020-03-18 17:49:00,2871.0387822850903,0.0012710441880338904
2020-03-18 17:50:00,2867.2855020381794,0.0013036622507888688
2020-03-18 17:51:00,2862.1982040857565,0.0013331684156894729
2020-03-18 17:52:00,2858.193541564567,0.0013381336768343477
2020-03-18 17:53:00,2861.6545959531,0.0013315473456189959
2020-03-18 17:54:00,2861.968754376213,0.001336603091312091
2020-03-18 17:55:00,2860.9091744793877,0.0012517722290683758
2020-03-18 17:56:00,2859.5268560659574,0.0012371456569433468
2020-03-18 17:57:00,2856.298481804755,0.0012524380782858462
2020-03-18 17:58:00,2855.8245602097295,0.0011884957532470998
2020-03-18 17:59:00,2855.7140356652817,0.0011713234773648247
2020-03-18 18:00:00,2849.128472301354,0.0011662647147471373
2020-03-18 18:01:00,2844.758903593891,0.001190110287911974
2020-03-18 18:02:00,2845.153456017673,0.001241317295357052
2020-03-18 18:03:00,2847.9612930648773,0.0012743940361420543
2020-03-18 18:04:00,2848.0506632593683,0.0012991706644378187
2020-03-18 18:05:00,2839.722048410323,0.0011825840966158481
2020-03-18 18:06:00,2846.000719258775,0.0011805612100028616
2020-03-18 18:07:00,2846.5964569205157,0.0012034894266307386
2020-03-18 18:08:00,2846.3978179534997,0.0012473571597009416
2020-03-18 18:09:00,2849.109592176996,0.0012395309318220182
2020-03-18 18:10:00,2850.824624893426,0.0012224236059296463
2020-03-18 18:11:00,2851.8540790830566,0.0012424328535198326
2020-03-18 18:12:00,2848.550820712805,0.0012499215475398854
2020-03-18 18:13:00,2848.8520963837072,0.0012562944721370359
2020-03-18 18:14:00,2852.1646489382515,0.0012521360286520489
2020-03-18 18:15:00,2854.976430712458,0.001278123467061935
2020-03-18 18:16:00,2855.0140662956496,0.0012831124751051988
2020-03-18 18:17:00,2854.7381510984055,0.0013246864746110129
2020-03-18 18:18:00,2861.6792628830963,0.0013029496424148644
2020-03-18 18:19:00,2861.3475358186392,0.0012313846063167254
2020-03-18 18:20:00,2858.6245368076907,0.001202878575909507
2020-03-18 18:21:00,2861.772474238014,0.0012091558888025775
2020-03-18 18:22:00,2859.183906999199,0.001218071937364031
2020-03-18 18:23:00,2858.18890456383,0.0012600836697976877
2020-03-18 18:24:00,2860.635247257811,0.0012879925448809545
2020-03-18 18:25:00,2861.5977314549673,0.0012840650940541644
2020-03-18 18:26:00,2854.595065640633,0.001333020200446942
2020-03-18 18:27:00,2854.7861324420865,0.00135835420377958
2020-03-18 18:28:00,2849.849832080694,0.0013174085446151364
2020-03-18 18:29:00,2852.540049099181,0.0013229823214117695
2020-03-18 18:30:00,2856.5157857564955,0.0013576053662239314
2020-03-18 18:31:00,2858.998958694293,0.0013270041596748585
2020-03-18 18:32:00,2863.3170834100765,0.0013378628421410932
2020-03-18 18:33:00,2864.0480452677307,0.001320614290719627
2020-03-18 18:34:00,2861.056198686677,0.0013398549430389231
2020-03-18 18:35:00,2863.930007021663,0.0013022648588250888
2020-03-18 18:36:00,2862.9291894336625,0.0013077396477803947
2020-03-18 18:37:00,2860.7319588018727,0.001284187474534076
2020-03-18 18:38:00,2860.5952601078266,0.0012603469807726758
2020-03-18 18:39:00,2855.105918066362,0.0012144657383366731
2020-03-18 18:40:00,2857.4211026640555,0.0012198097570400909
2020-03-18 18:41:00,2860.429946598856,0.0011841866435940145
2020-03-18 18:42:00,2858.3745029201027,0.0011251229837712527
2020-03-18 18:43:00,2854.786971072126,0.0010968709936959018
2020-03-18 18:44:00,2859.091552277775,0.001067310754689135
2020-03-18 18:45:00,2853.4252134459443,0.0010743480426228065
2020-03-18 18:46:00,2855.050424143311,0.0010805610836699309
2020-03-18 18:47:00,2855.7806739003227,0.0010650854072626096
2020-03-18 18:48:00,2861.888166131318,0.0010308176260029587
2020-03-18 18:49:00,2864.840151649676,0.0010189014468087597
2020-03-18 18:50:00,2862.772633849876,0.0010289098082549874
2020-03-18 18:51:00,2865.005645255969,0.0010392849730614998
2020-03-18 18:52:00,2866.68303487692,0.0010848297456708688
2020-03-18 18:53:00,2867.4829219833264,0.0011534407725209794
2020-03-18 18:54:00,2871.573336706875,0.001123362684431543
2020-03-18 18:55:00,2869.656735923414,0.0011045657800154056
2020-03-18 18:56:00,2866.0304307931806,0.0010950896987644166
2020-03-18 18:57:00,2864.1445670087724,0.001213713417496282
2020-03-18 18:58:00,2864.210447824674,0.0012104793729831877
2020-03-18 18:59:00,2865.0490463183287,0.0011655039085091017
2020-03-18 19:00:00,2866.8187266697873,0.0011392401580847253
2020-03-18 19:01:00,2867.475671395646,0.0011726050661325722
2020-03-18 19:02:00,2867.2005497012997,0.0011843820650443999
2020-03-18 19:03:00,2860.9526627479254,0.0012167322348599337
2020-03-18 19:04:00,2863.7031179620863,0.0011748434011527187
2020-03-18 19:05:00,2868.5345594953424,0.0011529156811291865
2020-03-18 19:06:00,2868.108772169396,0.0011771203203310057
2020-03-18 19:07:00,2870.6544978112943,0.001207928789259813
2020-03-18 19:08:00,2875.218708263658,0.0012163427299605777
2020-03-18 19:09:00,2871.185932755784,0.0012406939671438003
2020-03-18 19:10:00,2871.403719720517,0.0012159824243577295
2020-03-18 19:11:00,2870.4886582913714,0.00123843945638224
2020-03-18 19:12:00,2866.1011932134356,0.0012534372599816506
2020-03-18 19:13:00,2868.4821445560947,0.001298531353632735
2020-03-18 19:14:00,2868.0917726383677,0.0013057797940291317
2020-03-18 19:15:00,2866.029671547395,0.001394142691130469
2020-03-18 19:16:00,2856.3422446490295,0.0014158897062546674
2020-03-18 19:17:00,2856.8591707105634,0.0014086800673625245
2020-03-18 19:18:00,2856.1040465903343,0.0013577938626541648
2020-03-18 19:19:00,2852.2137400767333,0.001321772650482324
2020-03-18 19:20:00,2845.931318516788,0.0013436117324896614
2020-03-18 19:21:00,2846.405750287624,0.0013575130952949023
2020-03-18 19:22:00,2850.8726498987426,0.001396623927477601
2020-03-18 19:23:00,2848.602124416437,0.0014468454702031236
2020-03-18 19:24:00,2847.737260236647,0.001434504914267078
2020-03-18 19:25:00,2844.2856727222734,0.0014640150255734198
2020-03-18 19:26:00,2846.7364082805543,0.0014407225581685988
2020-03-18 19:27:00,2850.462965249902,0.0014402998506568396
2020-03-18 19:28:00,2850.19634321722,0.00147946128744118
2020-03-18 19:29:00,2852.1481053720186,0.0014539519814521667
2020-03-18 19:30:00,2849.410717743014,0.0014481233084332784
2020-03-18 19:31:00,2850.4041074403876,0.001468377160021401
2020-03-18 19:32:00,2846.7512681756143,0.0014879327246240378
2020-03-18 19:33:00,2847.2960796622306,0.0015292693527387703
2020-03-18 19:34:00,2847.0172797023533,0.0015366738129772054
2020-03-18 19:35:00,2847.1727742134854,0.0015515194868781913
2020-03-18 19:36:00,2851.3033811970154,0.0015685686171771638
2020-03-18 19:37:00,2852.177146462853,0.0014939845958549765
2020-03-18 19:38:00,2850.9640816291626,0.0014221626911905293
2020-03-18 19:39:00,2855.0378412613095,0.0014371071807011894
2020-03-18 19:40:00,2860.7221735688504,0.0014600423429454357
2020-03-18 19:41:00,2862.3491094688293,0.001415806942270465
2020-03-18 19:42:00,2861.2677609519155,0.0015010549506951978
2020-03-18 19:43:00,2866.6306072783445,0.0014532694612916905
2020-03-18 19:44:00,2869.0278675013215,0.001362543107163696
2020-03-18 19:45:00,2866.890598593973,0.0014139418687027128
2020-03-18 19:46:00,2870.501768668945,0.0014560478141856573
2020-03-18 19:47:00,2875.398797626266,0.0014428579253585195
2020-03-18 19:48:00,2879.2302548183006,0.0013915745119552393
2020-03-18 19:49:00,2874.662825843994,0.0013895401586495391
2020-03-18 19:50:00,2871.9889957969417,0.0014201529619201226
2020-03-18 19:51:00,2868.9451886855454,0.0013861567478737234
2020-03-18 19:52:00,2866.1030846125886,0.0013672176843537221
2020-03-18 19:53:00,2869.7989513982516,0.0013762776043151135
2020-03-18 19:54:00,2875.224785395349,0.0013664758763099014
2020-03-18 19:55:00,2870.459783253249,0.0014086577673732134
2020-03-18 19:56:00,2873.1258662834825,0.0013563378609061033
2020-03-18 19:57:00,2873.5438145711273,0.0013921472344447133
2020-03-18 19:58:00,2871.716578754792,0.001402830840455324
2020-03-18 19:59:00,2867.8007495077486,0.0014156517969545518
2020-03-19 13:30:00,2826.8831814827067,0.0013828008678650051
2020-03-19 13:31:00,2825.790080218443,0.001413792329173916
2020-03-19 13:32:00,2833.560975903569,0.0014212918427201349
2020-03-19 13:33:00,2831.018635424384,0.0014000994896625697
2020-03-19 13:34:00,2834.676329720506,0.0013920692325627532
2020-03-19 13:35:00,2829.5153854540395,0.0014482990903185256
2020-03-19 13:36:00,2825.2260519074457,0.0014782250888731856
2020-03-19 13:37:00,2820.453640273145,0.0014769678889043896
2020-03-19 13:38:00,2819.9760533368853,0.0013953786239006335
2020-03-19 13:39:00,2820.2320659597344,0.0013752125619101057
2020-03-19 13:40:00,2821.231804581023,0.001375192542857672
2020-03-19 13:41:00,2821.376892764571,0.0013118451022938145
2020-03-19 13:42:00,2826.8198647870636,0.0013274358999704888
2020-03-19 13:43:00,2823.0035408410163,0.0013441286868399783
2020-03-19 13:44:00,2822.25865607846,0.0013082673739895792
2020-03-19 13:45:00,2826.3949834984483,0.0012690703628334516
2020-03-19 13:46:00,2828.690216312395,0.0012217201664746092
2020-03-19 13:47:00,2833.37972996257,0.001196041510770207
2020-03-19 13:48:00,2837.7583340245255,0.0012286482661546792
2020-03-19 13:49:00,2838.0267481732303,0.0012124098550669667
2020-03-19 13:50:00,2839.8394947982833,0.001185669925333399
2020-03-19 13:51:00,2842.683347417568,0.0012504347900631225
2020-03-19 13:52:00,2840.8198462709634,0.0013690311361763405
2020-03-19 13:53:00,2845.039969661495,0.0013820610943961324
2020-03-19 13:54:00,2844.834557117463,0.0013177864010873008
2020-03-19 13:55:00,2846.6326220365268,0.0012733937610043817
2020-03-19 13:56:00,2847.125839240035,0.0012517020084233748
2020-03-19 13:57:00,2847.54168805253,0.0012323372347539721
2020-03-19 13:58:00,2848.092669703545,0.0012435867723299512
2020-03-19 13:59:00,2845.884746828471,0.0011570861496643648
2020-03-19 14:00:00,2842.649799299822,0.001129211122446924
2020-03-19 14:01:00,2843.9608203795324,0.0011610690428248964
2020-03-19 14:02:00,2844.5392116246753,0.0011480128569016947
2020-03-19 14:03:00,2846.8572787520275,0.0011508421284277543
2020-03-19 14:04:00,2854.4270625499707,0.0010804251242255585
2020-03-19 14:05:00,2853.603226343863,0.0010686374993074202
2020-03-19 14:06:00,2856.2001005687916,0.0010545720678647834
2020-03-19 14:07:00,2857.5211832722302,0.001078247688634315
2020-03-19 14:08:00,2862.736657720565,0.0010751639427705021
2020-03-19 14:09:00,2862.685265683094,0.001018465498382132
2020-03-19 14:10:00,2863.750628454112,0.001010727506115826
2020-03-19 14:11:00,2861.709974360316,0.001086795205292572
2020-03-19 14:12:00,2852.945212050136,0.001137200278312798
2020-03-19 14:13:00,2859.6076722549165,0.0010867168555507335
2020-03-19 14:14:00,2859.033055207368,0.0010881296867653906
2020-03-19 14:15:00,2858.248292902208,0.00104785808780311
2020-03-19 14:16:00,2860.8598260563667,0.0010498723188380461
2020-03-19 14:17:00,2862.401756689214,0.0010599698774982319
2020-03-19 14:18:00,2867.861235293535,0.0011171629719577043
2020-03-19 14:19:00,2870.438005055723,0.0010951363461501485
2020-03-19 14:20:00,2870.8856641545185,0.0010975920048080636
2020-03-19 14:21:00,2879.0328150983073,0.0011347018727681307
2020-03-19 14:22:00,2879.216931218507,0.0011796039186422337
2020-03-19 14:23:00,2882.441218338561,0.0011309792718119023
2020-03-19 14:24:00,2881.2340041905823,0.0011390812974701391
2020-03-19 14:25:00,2887.4621685617185,0.0011239967228110638
2020-03-19 14:26:00,2887.972316770266,0.001128380733658457
2020-03-19 14:27:00,2889.285857305377,0.0011591991718394065
2020-03-19 14:28:00,2890.001258436415,0.0011107322832548537
2020-03-19 14:29:00,2892.9875211829103,0.001129781958820656
2020-03-19 14:30:00,2889.8863538947558,0.0011746120223054184
2020-03-19 14:31:00,2888.175572010885,0.0011631303346663739
2020-03-19 14:32:00,2890.455241323786,0.001114067353451942
2020-03-19 14:33:00,2889.7631738542186,0.0011181636342296544
2020-03-19 14:34:00,2889.0876724177424,0.001124395774206122
2020-03-19 14:35:00,2888.850476596977,0.001066386020909375
2020-03-19 14:36:00,2887.964560291774,0.0010354176305291036
2020-03-19 14:37:00,2889.979723881633,0.001062801035458394
2020-03-19 14:38:00,2893.456539965224,0.00105248471614772
2020-03-19 14:39:00,2890.871645404696,0.001028650749759305
2020-03-19 14:40:00,2895.1606266720773,0.001064558266683907
2020-03-19 14:41:00,2896.0263494066367,0.0011194278170800465
2020-03-19 14:42:00,2892.172903662483,0.0011048074035845774
2020-03-19 14:43:00,2897.224601727014,0.0010933948430808223
2020-03-19 14:44:00,2894.784340060576,0.001136658702669137
2020-03-19 14:45:00,2898.5940686158947,0.001092494906618913
2020-03-19 14:46:00,2895.824155986079,0.0011098605017310036
2020-03-19 14:47:00,2894.6635097612348,0.001121414513612928
2020-03-19 14:48:00,2889.2360203368457,0.0011206694229136183
2020-03-19 14:49:00,2886.6203693831476,0.0011156982627472003
2020-03-19 14:50:00,2885.268894636844,0.0011814004843561554
2020-03-19 14:51:00,2886.9745271200413,0.001257641139975021
2020-03-19 14:52:00,2888.6813915910616,0.0012075553657631948
2020-03-19 14:53:00,2887.396200055273,0.0012454289387052108
2020-03-19 14:54:00,2880.53343863275,0.0012379571694843782
2020-03-19 14:55:00,2881.896227988483,0.0011824111505050598
2020-03-19 14:56:00,2883.631630075293,0.0011282115732692967
2020-03-19 14:57:00,2884.8243406467764,0.0010867663983302955
2020-03-19 14:58:00,2887.2878859178404,0.0011628907983192507
2020-03-19 14:59:00,2884.4120862796995,0.001151283437954832
2020-03-19 15:00:00,2889.078004796676,0.0011322588211299348
2020-03-19 15:01:00,2899.0695946563405,0.0010578823349501434
2020-03-19 15:02:00,2898.364116050696,0.0010204354214755067
2020-03-19 15:03:00,2900.322175908729,0.0009994257924775343
2020-03-19 15:04:00,2896.7698277290833,0.0010465000666153147
2020-03-19 15:05:00,2897.3007890545737,0.0010368991396095528
2020-03-19 15:06:00,2899.466911866504,0.0010168097566319609
2020-03-19 15:07:00,2898.45733629181,0.00103616196073164
2020-03-19 15:08:00,2894.508075608375,0.0010373090514184888
2020-03-19 15:09:00,2893.918434587334,0.0010713109732828428
2020-03-19 15:10:00,2901.231441428167,0.0011212242402063657
2020-03-19 15:11:00,2902.430531580112,0.0011068374786440292
2020-03-19 15:12:00,2906.5021251591024,0.0011047566679697905
2020-03-19 15:13:00,2913.8411759450573,0.0010923446852332964
2020-03-19 15:14:00,2910.0740358737385,0.001083367026843699
2020-03-19 15:15:00,2911.264389204151,0.001006168570914423
2020-03-19 15:16:00,2916.0776681929547,0.0009740368467946621
2020-03-19 15:17:00,2914.7938217015862,0.00102356281866444
2020-03-19 15:18:00,2910.5428313299276,0.0010426649165592625
2020-03-19 15:19:00,2909.090831456073,0.0009932634157210213
2020-03-19 15:20:00,2911.5466239004395,0.0009830916237891071
2020-03-19 15:21:00,2909.986267980907,0.000953516164613086
2020-03-19 15:22:00,2907.6432819004494,0.0009606194352713396
2020-03-19 15:23:00,2912.6169438090305,0.0009390142551934331
2020-03-19 15:24:00,2915.12836277123,0.0009024084019677515
2020-03-19 15:25:00,2922.407659325509,0.0009354863332598693
2020-03-19 15:26:00,2919.223520793095,0.0009950944108142268
2020-03-19 15:27:00,2923.9270542156305,0.0010060206645738574
2020-03-19 15:28:00,2925.6796088925385,0.000967297597602289
2020-03-19 15:29:00,2923.379100153563,0.0009023039858682936
2020-03-19 15:30:00,2922.794198419925,0.0009201465193954975
2020-03-19 15:31:00,2924.2168386269104,0.0008807248117274208
2020-03-19 15:32:00,2926.196951595579,0.000935643865452234
2020-03-19 15:33:00,2924.8300718351993,0.0009060207931572604
2020-03-19 15:34:00,2924.7756719026847,0.0009131745610581354
2020-03-19 15:35:00,2926.6377409936554,0.0009011005585154594
2020-03-19 15:36:00,2926.2017268255167,0.0008722056486670307
2020-03-19 15:37:00,2928.9768317005487,0.0008611193957840037
2020-03-19 15:38:00,2931.4303087808335,0.0008631428205077117
2020-03-19 15:39:00,2932.324888368647,0.0008322078893179772
2020-03-19 15:40:00,2931.4336200000216,0.0007848351594896851
2020-03-19 15:41:00,2929.548030586091,0.0008006060352743969
2020-03-19 15:42:00,2928.8863965690257,0.000734963671704633
2020-03-19 15:43:00,2932.0190571533317,0.0006950958042256605
2020-03-19 15:44:00,2932.029617296386,0.0006725235050967014
2020-03-19 15:45:00,2930.592529374129,0.0006747796444406144
2020-03-19 15:46:00,2924.9635072093665,0.000716155685167271
2020-03-19 15:47:00,2922.587756345503,0.00070962977528408
2020-03-19 15:48:00,2923.7044998734764,0.0006537295054008465
2020-03-19 15:49:00,2925.1947554486546,0.0006658826421932938
2020-03-19 15:50:00,2925.0503778066372,0.0006002262700481102
2020-03-19 15:51:00,2924.226501123839,0.0006471698300779843
2020-03-19 15:52:00,2917.931969629867,0.0006551745572186841
2020-03-19 15:53:00,2920.6551512358014,0.0006325862735082153
2020-03-19 15:54:00,2918.4773355751017,0.0006744406596293483
2020-03-19 15:55:00,2916.9914881863256,0.000668504345726165
2020-03-19 15:56:00,2915.9544732075115,0.000643903527994742
2020-03-19 15:57:00,2917.642562293546,0.000620607045977713
2020-03-19 15:58:00,2918.028896628383,0.0006465140991303222
2020-03-19 15:59:00,2917.9256117686386,0.0005657148361717853
2020-03-19 16:00:00,2915.199476005569,0.0005680486341945695
2020-03-19 16:01:00,2914.5983789662932,0.0005869856348496685
2020-03-19 16:02:00,2914.8226244145862,0.0005116963810742978
2020-03-19 16:03:00,2915.284960695588,0.0004940572085586208
2020-03-19 16:04:00,2915.6226903293946,0.000483169376211923
2020-03-19 16:05:00,2916.00883063576,0.00046996474005132953
2020-03-19 16:06:00,2914.0163269164073,0.0004570034457144144
2020-03-19 16:07:00,2911.5979584002453,0.0005161054803653585
2020-03-19 16:08:00,2911.289239816921,0.0005019813035468163
2020-03-19 16:09:00,2913.1577477414785,0.0005438942073619633
2020-03-19 16:10:00,2910.3032170163965,0.0005301527858066498
2020-03-19 16:11:00,2911.3106289578013,0.0005521635682007282
2020-03-19 16:12:00,2911.9084700205512,0.0005585918039755321
2020-03-19 16:13:00,2912.8230302561847,0.0005523575499728632
2020-03-19 16:14:00,2912.4301973920456,0.0005404207988368051
2020-03-19 16:15:00,2910.5332405555396,0.0005614341778437557
2020-03-19 16:16:00,2909.758124150639,0.0005478170945005427
2020-03-19 16:17:00,2906.550385572278,0.00052001462571414
2020-03-19 16:18:00,2906.6198873858425,0.0004578676731907975
2020-03-19 16:19:00,2905.2034879582047,0.0004893543125524869
2020-03-19 16:20:00,2905.7317089124303,0.0005122899509338903
2020-03-19 16:21:00,2906.248495387812,0.0005180669926749034
2020-03-19 16:22:00,2904.6436844609584,0.0005019072011108242
2020-03-19 16:23:00,2904.3940538732236,0.0005234996226035058
2020-03-19 16:24:00,2905.8225099565716,0.0005476606022964736
2020-03-19 16:25:00,2903.798439244342,0.000539092092885836
2020-03-19 16:26:00,2902.056532685601,0.0005660426756392078
2020-03-19 16:27:00,2903.5220481920196,0.0005577186827607169
2020-03-19 16:28:00,2902.914812035839,0.0005423229359450898
2020-03-19 16:29:00,2904.1403478256816,0.0005431494172603337
2020-03-19 16:30:00,2908.529068070085,0.0004906896978631625
2020-03-19 16:31:00,2909.2864257003275,0.00046541532705538153
2020-03-19 16:32:00,2906.6716425043487,0.0004950253971506936
2020-03-19 16:33:00,2906.35905001483,0.0004461298962315235
2020-03-19 16:34:00,2908.8524141497446,0.0004037254930749057
2020-03-19 16:35:00,2907.8938655544557,0.00034847629333699403
2020-03-19 16:36:00,2907.475681932081,0.00028279280375761794
2020-03-19 16:37:00,2907.7050143371207,0.0003499822116346072
2020-03-19 16:38:00,2908.8476689140252,0.00040543369130485144
2020-03-19 16:39:00,2912.4058024536153,0.0004682914272854929
2020-03-19 16:40:00,2912.8448284603123,0.0004646495543483974
2020-03-19 16:41:00,2913.4674105851564,0.00044148504682923226
2020-03-19 16:42:00,2914.629105665013,0.00041414828958648547
2020-03-19 16:43:00,2914.352385552233,0.00031594238283195786
2020-03-19 16:44:00,2912.7519966264663,0.00027980322694608466
2020-03-19 16:45:00,2912.986483358357,0.0003089896435836263
2020-03-19 16:46:00,2912.8575971971513,0.0003043587285963928
2020-03-19 16:47:00,2911.820840467088,0.00031531935832187477
2020-03-19 16:48:00,2912.1756100108983,0.0003567013839911045
2020-03-19 16:49:00,2913.410869855676,0.0002578887593686251
2020-03-19 16:50:00,2915.897190408531,0.00030905488700420025
2020-03-19 16:51:00,2915.9503516498485,0.0003618252128909847
2020-03-19 16:52:00,2912.8797996869275,0.0004231603760919726
2020-03-19 16:53:00,2912.490978306108,0.0004535233502327697
2020-03-19 16:54:00,2912.894670432518,0.0004372500667292287
2020-03-19 16:55:00,2913.966581564877,0.0004234874273382072
2020-03-19 16:56:00,2913.381266923869,0.00042303041962390406
2020-03-19 16:57:00,2913.912488997128,0.0004287682139982528
2020-03-19 16:58:00,2915.523013582745,0.00039649420182129514
2020-03-19 16:59:00,2916.0170715200566,0.00041211203412202716
2020-03-19 17:00:00,2916.880739175453,0.00039505376020217234
2020-03-19 17:01:00,2918.7688344326507,0.00045222628387897677
2020-03-19 17:02:00,2918.5236910606077,0.0005042406766446756
2020-03-19 17:03:00,2920.321804207868,0.0004431816270303714
2020-03-19 17:04:00,2918.149715037103,0.00045082954802459194
2020-03-19 17:05:00,2918.471651170745,0.0004632507930694997
2020-03-19 17:06:00,2918.2632964043464,0.0005158408139710678
2020-03-19 17:07:00,2916.177737889529,0.0004787951057460775
2020-03-19 17:08:00,2917.418456772451,0.00044653398615337325
2020-03-19 17:09:00,2916.2764639078,0.00045454137762476537
2020-03-19 17:10:00,2915.358609693575,0.0005082767406283355
2020-03-19 17:11:00,2914.499681325992,0.0004928001874788825
2020-03-19 17:12:00,2913.316016527719,0.0004820413164647878
2020-03-19 17:13:00,2914.04011906346,0.0003831596244011438
2020-03-19 17:14:00,2913.553132170279,0.0004413799745698169
2020-03-19 17:15:00,2910.777947076595,0.00041268165920674125
2020-03-19 17:16:00,2911.567960053197,0.0003786254578307358
2020-03-19 17:17:00,2912.825536700969,0.00043417945876495894
2020-03-19 17:18:00,2911.236644321026,0.0004885996396678125
2020-03-19 17:19:00,2910.526722481591,0.0004990620594366498
2020-03-19 17:20:00,2910.941389275515,0.0004930934221034354
2020-03-19 17:21:00,2910.934857606326,0.0005883812126783935
2020-03-19 17:22:00,2911.781350487276,0.0006343855950672371
2020-03-19 17:23:00,2911.2574148384283,0.0006746815696778457
2020-03-19 17:24:00,2909.6876377657654,0.0006321693774894247
2020-03-19 17:25:00,2908.9614623012294,0.000609318118741693
2020-03-19 17:26:00,2909.547942397351,0.0006468505472276618
2020-03-19 17:27:00,2909.7296786388197,0.0006300298844627335
2020-03-19 17:28:00,2912.403087386893,0.0006915900657260721
2020-03-19 17:29:00,2913.4655346897207,0.0007201256771484492
2020-03-19 17:30:00,2912.3253792210367,0.0007232280298281046
2020-03-19 17:31:00,2912.984588906126,0.0007644585088759018
2020-03-19 17:32:00,2916.211985647032,0.000774305933258921
2020-03-19 17:33:00,2915.704135283427,0.0007545667015955794
2020-03-19 17:34:00,2913.235935407869,0.0007398160376738699
2020-03-19 17:35:00,2910.9630680489217,0.0008320473059418562
2020-03-19 17:36:00,2907.7138892649887,0.0008439851477958035
2020-03-19 17:37:00,2909.171222647165,0.0008706077613635227
2020-03-19 17:38:00,2902.8558984477786,0.0007994481183593019
2020-03-19 17:39:00,2906.008839974719,0.0007884677153996445
2020-03-19 17:40:00,2902.11864348388,0.0007673647947795143
2020-03-19 17:41:00,2902.1451445013486,0.00075684592785373
2020-03-19 17:42:00,2899.473164200026,0.00079381636470151
2020-03-19 17:43:00,2896.5274476643544,0.0008310243316315945
2020-03-19 17:44:00,2896.5974515852085,0.0008531773767294237
2020-03-19 17:45:00,2895.690345145089,0.0007717032296284762
2020-03-19 17:46:00,2895.3736854377416,0.0008870154771814995
2020-03-19 17:47:00,2897.0630790391415,0.0008673227434326026
2020-03-19 17:48:00,2897.403525076416,0.0009064757142340475
2020-03-19 17:49:00,2898.0591279064624,0.0008794372442422728
2020-03-19 17:50:00,2899.565401256054,0.0008669587615607136
2020-03-19 17:51:00,2901.770047427496,0.0008967507608549597
2020-03-19 17:52:00,2901.0467204235442,0.0009427873912288716
2020-03-19 17:53:00,2903.8327772227904,0.0009691930478970576
2020-03-19 17:54:00,2906.9071328545556,0.0009133987642441086
2020-03-19 17:55:00,2905.8297029483797,0.001001670116893373
2020-03-19 17:56:00,2910.1904213711587,0.0009933114116430321
2020-03-19 17:57:00,2905.707752388464,0.0009478594713688295
2020-03-19 17:58:00,2908.0904096465392,0.0009925317383781308
2020-03-19 17:59:00,2909.142994766916,0.0009959009360333896
2020-03-19 18:00:00,2905.880157017289,0.0009845544193874919
2020-03-19 18:01:00,2905.6732116271787,0.000979589389871759
2020-03-19 18:02:00,2906.164706879883,0.0010718249668475676
2020-03-19 18:03:00,2908.916812210043,0.001051490041688006
2020-03-19 18:04:00,2908.9638974629893,0.0009695120111090198
2020-03-19 18:05:00,2909.725764092278,0.0009182800439631895
2020-03-19 18:06:00,2913.7954583620008,0.0009347800508677648
2020-03-19 18:07:00,2915.2293771540503,0.0009520669891576421
2020-03-19 18:08:00,2917.786042104442,0.0009101518674496485
2020-03-19 18:09:00,2920.0231982854666,0.000896179965266346
2020-03-19 18:10:00,2921.942640617029,0.0009151458104501767
2020-03-19 18:11:00,2919.0922935609406,0.000914166351238949
2020-03-19 18:12:00,2919.2999796822323,0.0008682006456185097
2020-03-19 18:13:00,2917.2615106102344,0.0008726456563748091
2020-03-19 18:14:00,2918.0174100953504,0.0008319260594641675
2020-03-19 18:15:00,2917.569481083309,0.0008202040663755888
2020-03-19 18:16:00,2914.8140175874623,0.0008428122866389993
2020-03-19 18:17:00,2911.2334274526183,0.0008129134606769322
2020-03-19 18:18:00,2909.606560851402,0.0008114373817152413
2020-03-19 18:19:00,2912.584264565363,0.0008359268114760904
2020-03-19 18:20:00,2909.9200820259484,0.0007870776609817756
2020-03-19 18:21:00,2910.248042650209,0.0007648565716313585
2020-03-19 18:22:00,2911.8911223600862,0.0007644608857187256
2020-03-19 18:23:00,2913.495581692215,0.0007087282462307441
2020-03-19 18:24:00,2914.4819122134013,0.0007039210756535078
2020-03-19 18:25:00,2915.111681486596,0.0007459760639929258
2020-03-19 18:26:00,2913.994520735092,0.0007261875210517211
2020-03-19 18:27:00,2910.209595671835,0.0007700721431171114
2020-03-19 18:28:00,2911.068327425593,0.0007792622042301335
2020-03-19 18:29:00,2911.643725592761,0.0007596297302431316
2020-03-19 18:30:00,2912.307778420562,0.0007151413906455403
2020-03-19 18:31:00,2914.2612096862736,0.0006843227930644397
2020-03-19 18:32:00,2914.3197236957785,0.000729756119933623
2020-03-19 18:33:00,2913.748277116933,0.0007606646683171312
2020-03-19 18:34:00,2919.240249014768,0.0007391465077591128
2020-03-19 18:35:00,2913.1058271951697,0.0007671039336639978
2020-03-19 18:36:00,2918.376750416364,0.0007151200195724296
2020-03-19 18:37:00,2917.2782645975044,0.000700054797595705
2020-03-19 18:38:00,2920.880521874364,0.0006679632002852653
2020-03-19 18:39:00,2919.638448286777,0.0006692210831338927
2020-03-19 18:40:00,2921.463066851177,0.0007158066081483661
2020-03-19 18:41:00,2920.2829265960836,0.0006812280224760348
2020-03-19 18:42:00,2920.3164803730597,0.0007348653375931825
2020-03-19 18:43:00,2921.782299596148,0.0006919253277724403
2020-03-19 18:44:00,2915.3139947310524,0.0006854058100998371
2020-03-19 18:45:00,2918.342183993087,0.0007740921196844755
2020-03-19 18:46:00,2919.1239365785955,0.0007527440538770214
2020-03-19 18:47:00,2916.9417811959856,0.0007206693241256481
2020-03-19 18:48:00,2916.224408291573,0.0007467041123570766
2020-03-19 18:49:00,2916.0935182167514,0.0007142033959888664
2020-03-19 18:50:00,2917.8549064244326,0.0007473536846370494
2020-03-19 18:51:00,2919.7266092817217,0.0007010379128846478
2020-03-19 18:52:00,2919.1854056049247,0.0006855943200835896
2020-03-19 18:53:00,2919.6261182685175,0.0006425521420095341
2020-03-19 18:54:00,2921.435427403439,0.000598302702384894
2020-03-19 18:55:00,2921.0983705590434,0.0005349574093206655
2020-03-19 18:56:00,2920.273435365451,0.0005240449617075855
2020-03-19 18:57:00,2920.3400224128072,0.0004479009777181556
2020-03-19 18:58:00,2919.2747216587477,0.00047329765563813343
2020-03-19 18:59:00,2918.8839405970143,0.00047194005800067144
2020-03-19 19:00:00,2920.027238045413,0.0004934554786121623
2020-03-19 19:01:00,2921.2948715195607,0.0004948622294906987
2020-03-19 19:02:00,2922.753978462101,0.0004695217429608208
2020-03-19 19:03:00,2922.8041868481505,0.0004458047303323304
2020-03-19 19:04:00,2923.938684591343,0.00046167077396537114
2020-03-19 19:05:00,2926.0628287681966,0.0004645601193555712
2020-03-19 19:06:00,2926.2002284861487,0.00047483995870613413
2020-03-19 19:07:00,2925.969978821859,0.0005335765557084672
2020-03-19 19:08:00,2925.430810615899,0.0005422917117046673
2020-03-19 19:09:00,2926.366576437,0.0004862153803801551
2020-03-19 19:10:00,2925.305289876614,0.00046630310587055754
2020-03-19 19:11:00,2922.380354164598,0.00043913456750693607
2020-03-19 19:12:00,2922.086171401505,0.00041479352841313204
2020-03-19 19:13:00,2921.4731380752205,0.0004640451866260095
2020-03-19 19:14:00,2921.263796848719,0.0004547888311590691
2020-03-19 19:15:00,2921.512448907841,0.0004974483701503167
2020-03-19 19:16:00,2921.479426343551,0.00046179986561613177
2020-03-19 19:17:00,2923.3806431657035,0.00040755909766701314
2020-03-19 19:18:00,2923.2364298290217,0.00038781999183852914
2020-03-19 19:19:00,2921.8462109151533,0.00035600179148010747
2020-03-19 19:20:00,2920.5679440953163,0.0003356873389536195
2020-03-19 19:21:00,2920.839326132472,0.00039020206159762953
2020-03-19 19:22:00,2919.6882433317514,0.00037351703033323535
2020-03-19 19:23:00,2920.6358202467545,0.00044247489855170585
2020-03-19 19:24:00,2923.0199357831534,0.0004925777308171582
2020-03-19 19:25:00,2920.8790685361155,0.0004976656203259825
2020-03-19 19:26:00,2920.563496558968,0.0005260315717638827
2020-03-19 19:27:00,2920.6511744086647,0.00048575851731535216
2020-03-19 19:28:00,2922.110568604667,0.0004244661544725777
2020-03-19 19:29:00,2924.072750479999,0.0005471193199068515
2020-03-19 19:30:00,2923.9517322959955,0.000602243803442069
2020-03-19 19:31:00,2921.4357056569092,0.0006099289880484892
2020-03-19 19:32:00,2922.215722920567,0.0006170900595032271
2020-03-19 19:33:00,2920.6792461385844,0.000669581905284963
2020-03-19 19:34:00,2922.3984902368375,0.0006295990646262614
2020-03-19 19:35:00,2921.748099658309,0.0005629057596836282
2020-03-19 19:36:00,2921.6092438506053,0.0005238251341936638
2020-03-19 19:37:00,2922.07935113915,0.0005271504614443902
2020-03-19 19:38:00,2921.5523012541607,0.0005147414503772657
2020-03-19 19:39:00,2920.6704886697053,0.0005421576229842167
2020-03-19 19:40:00,2923.570948547764,0.0005505744700169018
2020-03-19 19:41:00,2921.047201545956,0.0005562427197471043
2020-03-19 19:42:00,2918.872359498211,0.0005645587603689841
2020-03-19 19:43:00,2919.012356795367,0.0005245137603498392
2020-03-19 19:44:00,2918.6189439338696,0.0005625032462244581
2020-03-19 19:45:00,2919.326844046452,0.0005819273455583273
2020-03-19 19:46:00,2917.045257310638,0.0006533791102719661
2020-03-19 19:47:00,2917.7969437329302,0.0006582461492303649
2020-03-19 19:48:00,2916.910854130879,0.0006032181951428057
2020-03-19 19:49:00,2916.963475165551,0.0005952098165652182
2020-03-19 19:50:00,2916.8115594166125,0.0004934058033914517
2020-03-19 19:51:00,2917.8209152436943,0.0004740301491991273
2020-03-19 19:52:00,2919.6338905044017,0.0004891891901241122
2020-03-19 19:53:00,2922.0931112227763,0.0004742739782954257
2020-03-19 19:54:00,2925.1875277481654,0.00047305625837680283
2020-03-19 19:55:00,2924.8766126631767,0.0004720899851678344
2020-03-19 19:56:00,2923.7305523553005,0.00045769010394608033
2020-03-19 19:57:00,2924.310377779533,0.0004849926056264061
2020-03-19 19:58:00,2924.5098790148063,0.0004070731974496019
2020-03-19 19:59:00,2922.7648866843606,0.0003783309757932378
2020-03-20 13:30:00,2932.883678692002,0.0004032891369520223
2020-03-20 13:31:00,2929.7885880397434,0.0005193006611124477
2020-03-20 13:32:00,2929.701224758672,0.0004656820644681904
2020-03-20 13:33:00,2931.511096570182,0.0004623260154346563
2020-03-20 13:34:00,2929.654570868133,0.00047620991133949845
2020-03-20 13:35:00,2930.617519358379,0.0004489219159736272
2020-03-20 13:36:00,2929.7255573404373,0.00037917774473317505
2020-03-20 13:37:00,2931.08964317037,0.00038284477689139553
2020-03-20 13:38:00,2930.7621093122452,0.00040585999394650415
2020-03-20 13:39:00,2928.846110280096,0.00032875845178294337
2020-03-20 13:40:00,2928.9831290414872,0.00029965501956961624
2020-03-20 13:41:00,2927.581266735531,0.0003957459556964732
2020-03-20 13:42:00,2928.813301697163,0.0004007214965181061
2020-03-20 13:43:00,2927.0617700422276,0.00040486527022470613
2020-03-20 13:44:00,2927.9773417862584,0.00032525947534917896
2020-03-20 13:45:00,2927.5026291102567,0.0003218215159326091
2020-03-20 13:46:00,2927.855276632971,0.0003055291314417468
2020-03-20 13:47:00,2928.6196406231106,0.00038454979544294386
2020-03-20 13:48:00,2928.527819175057,0.00031695929750308885
2020-03-20 13:49:00,2926.746879599841,0.00033496433723856177
2020-03-20 13:50:00,2928.0086717535733,0.0003541352240324049
2020-03-20 13:51:00,2929.535258310259,0.00040051019046654057
2020-03-20 13:52:00,2927.8918793878406,0.000391651851167676
2020-03-20 13:53:00,2926.207061649943,0.0004271891788919852
2020-03-20 13:54:00,2925.3237332280137,0.00045799813919007043
2020-03-20 13:55:00,2923.713687825388,0.0004513206459591833
2020-03-20 13:56:00,2923.9292639328223,0.00039099389674432123
2020-03-20 13:57:00,2921.292986336426,0.00035095680632974324
2020-03-20 13:58:00,2920.359970675438,0.0002948613032604985
2020-03-20 13:59:00,2920.9660285321406,0.0003050236835423187
2020-03-20 14:00:00,2919.941174061341,0.0003229843937691134
2020-03-20 14:01:00,2919.577542696957,0.00038561137613773934
2020-03-20 14:02:00,2919.0408236785934,0.0003696070848611834
2020-03-20 14:03:00,2917.9946205942692,0.0003353176160572136
2020-03-20 14:04:00,2916.9833736519254,0.0003471421005490833
2020-03-20 14:05:00,2918.531756018927,0.0003876174011446125
2020-03-20 14:06:00,2918.4370750142116,0.0004120949702396911
2020-03-20 14:07:00,2919.4768203290864,0.00041932733791018686
2020-03-20 14:08:00,2918.893258148625,0.0003804959332429493
2020-03-20 14:09:00,2919.020957801627,0.00031052335044872104
2020-03-20 14:10:00,2917.392817178708,0.00036221670492577027
2020-03-20 14:11:00,2915.9613205936926,0.00034012386848111684
2020-03-20 14:12:00,2916.657201569542,0.00035281321980980073
2020-03-20 14:13:00,2914.9362653056514,0.0004157603473309064
2020-03-20 14:14:00,2914.5443259015406,0.0004406258232275307
2020-03-20 14:15:00,2915.2382831195005,0.00048588500298116786
2020-03-20 14:16:00,2916.150691138551,0.0004412241765822169
2020-03-20 14:17:00,2915.3916174411384,0.0005037483934908027
2020-03-20 14:18:00,2914.116403370751,0.00044597630184372325
2020-03-20 14:19:00,2913.559686615739,0.00044306006920567657
2020-03-20 14:20:00,2913.2375375061315,0.00045020692237423914
2020-03-20 14:21:00,2913.3877793206784,0.0004200492316880934
2020-03-20 14:22:00,2912.8541108686536,0.0003127615265441323
2020-03-20 14:23:00,2912.6468128738115,0.0002545893471075568
2020-03-20 14:24:00,2913.185376105237,0.00030991580890781396
2020-03-20 14:25:00,2913.451452464039,0.000263105661865049
2020-03-20 14:26:00,2913.6226224148077,0.0002666081240178513
2020-03-20 14:27:00,2914.348417095728,0.00036257008298761834
2020-03-20 14:28:00,2913.991006754781,0.00033326602946856325
2020-03-20 14:29:00,2914.3935256043724,0.0002861628007620469
2020-03-20 14:30:00,2914.082340449457,0.00029932083779565707
2020-03-20 14:31:00,2913.665291274158,0.0002818332325992052
2020-03-20 14:32:00,2913.912114990907,0.0002726065360004532
2020-03-20 14:33:00,2913.931800329791,0.0002793765104872302
2020-03-20 14:34:00,2915.10231398232,0.0003237389989456483
2020-03-20 14:35:00,2913.5170117643684,0.0003563527946386607
2020-03-20 14:36:00,2914.7216490409087,0.0002928024727344139
2020-03-20 14:37:00,2913.433859224377,0.0003193616176703078
2020-03-20 14:38:00,2912.463083806754,0.0003162345743418708
2020-03-20 14:39:00,2911.263910168726,0.00026681244627471895
2020-03-20 14:40:00,2911.737089041926,0.0002936671862109622
2020-03-20 14:41:00,2911.6052845201352,0.00027503730054801194
2020-03-20 14:42:00,2911.92645304248,0.00033238849249669076
2020-03-20 14:43:00,2911.1045857461236,0.00031726523016237284
2020-03-20 14:44:00,2912.070573042547,0.0002767906177234714
2020-03-20 14:45:00,2911.8758218042026,0.00035453103040000093
2020-03-20 14:46:00,2914.389270772301,0.00042441962710413933
2020-03-20 14:47:00,2913.875095790465,0.00041666232321150735
2020-03-20 14:48:00,2914.143583063797,0.00035766605502679776
2020-03-20 14:49:00,2915.026435640324,0.00036633739553337916
2020-03-20 14:50:00,2916.551103084687,0.0003594610725480067
2020-03-20 14:51:00,2916.5831866128483,0.0004129539389003494
2020-03-20 14:52:00,2916.376032224169,0.00043023789791945703
2020-03-20 14:53:00,2918.356131344673,0.000455330176182076
2020-03-20 14:54:00,2919.2682506875035,0.00042315054343090164
2020-03-20 14:55:00,2920.4597657156187,0.0004068513416852283
2020-03-20 14:56:00,2921.3025703705366,0.00038595136027061997
2020-03-20 14:57:00,2922.116057123921,0.00033697397308317075
2020-03-20 14:58:00,2920.5520919635637,0.0003929511719749464
2020-03-20 14:59:00,2920.9441061774833,0.0004001080609491276
2020-03-20 15:00:00,2921.6009382293737,0.00038053040694678683
2020-03-20 15:01:00,2923.330262279338,0.0003871261152008466
2020-03-20 15:02:00,2920.4347580891094,0.00036399970455523566
2020-03-20 15:03:00,2919.3713455043476,0.0002998165030254829
2020-03-20 15:04:00,2919.475128399631,0.00030308783787864744
2020-03-20 15:05:00,2920.1805446146077,0.00031657650094497436
2020-03-20 15:06:00,2920.361739111352,0.0002751112460305954
2020-03-20 15:07:00,2919.8817720530296,0.0002668595653083376
2020-03-20 15:08:00,2920.550520191705,0.00026008680203082985
2020-03-20 15:09:00,2920.710425015266,0.00020384066014297595
2020-03-20 15:10:00,2920.2013817253487,0.00021676706841877437
2020-03-20 15:11:00,2920.7866330106635,0.00011484362980147879
2020-03-20 15:12:00,2920.575229564117,5.4225700010208724e-05
2020-03-20 15:13:00,2920.512935137963,1e-10
2020-03-20 15:14:00,2920.258736558306,2.8514000915116878e-05
2020-03-20 15:15:00,2920.2542450068972,8.135145364634774e-05
2020-03-20 15:16:00,2920.132687886462,1.9107988495987882e-05
2020-03-20 15:17:00,2920.070402975411,1e-10
2020-03-20 15:18:00,2920.0081191303966,1e-10
2020-03-20 15:19:00,2919.9458370919688,1e-10
2020-03-20 15:20:00,2919.8835558989995,1e-10
2020-03-20 15:21:00,2919.821275723185,1e-10
2020-03-20 15:22:00,2919.758997261439,1e-10
2020-03-20 15:23:00,2919.696720691424,1e-10
2020-03-20 15:24:00,2919.6344445231857,1e-10
2020-03-20 15:25:00,2919.5721693863516,1e-10
2020-03-20 15:26:00,2919.509895964512,1e-10
2020-03-20 15:27:00,2919.447624100907,1e-10
2020-03-20 15:28:00,2919.385353387362,1e-10
2020-03-20 15:29:00,2919.3230841401846,1e-10
2020-03-20 15:30:00,2919.260816081288,1e-10
2020-03-20 15:31:00,2919.198549384822,1e-10
2020-03-20 15:32:00,2919.1165882138416,1.09683573009506e-05
2020-03-20 15:33:00,2919.145791364692,4.040187353446367e-05
2020-03-20 15:34:00,2919.078473366905,2.6082948061914346e-06
2020-03-20 15:35:00,2919.0254206309464,5.99832729404488e-06
2020-03-20 15:36:00,2918.963158696924,1e-10
2020-03-20 15:37:00,2918.900898658981,1e-10
2020-03-20 15:38:00,2918.8386400898776,1e-10
2020-03-20 15:39:00,2918.7763818887956,1e-10
2020-03-20 15:40:00,2918.714125574444,1e-10
2020-03-20 15:41:00,2918.6518705428757,1e-10
2020-03-20 15:42:00,2918.6035100939575,2.5121252672192e-05
2020-03-20 15:43:00,2918.7032985188066,3.3478842435220636e-05
2020-03-20 15:44:00,2918.8032307086332,4.122398824944012e-05
2020-03-20 15:45:00,2918.740973969841,1e-10
2020-03-20 15:46:00,2918.6797991790336,5.139155312447628e-07
2020-03-20 15:47:00,2918.6175447785668,1e-10
2020-03-20 15:48:00,2918.527258751355,8.514770028128216e-06
2020-03-20 15:49:00,2918.6570585475197,3.634470370151894e-05
2020-03-20 15:50:00,2918.369011230185,5.146415890885837e-05
2020-03-20 15:51:00,2918.1892887134973,2.154652697491338e-05
2020-03-20 15:52:00,2918.1270449118438,1e-10
2020-03-20 15:53:00,2918.0648022291653,1e-10
2020-03-20 15:54:00,2918.0025613000284,1e-10
2020-03-20 15:55:00,2917.9403220829436,1e-10
2020-03-20 15:56:00,2917.8780835947186,1e-10
2020-03-20 15:57:00,2917.815846207624,1e-10
2020-03-20 15:58:00,2917.753610731384,1e-10
2020-03-20 15:59:00,2917.691376595509,1e-10
2020-03-20 16:00:00,2917.629143537234,1e-10
2020-03-20 16:01:00,2917.5669120024218,1e-10
2020-03-20 16:02:00,2917.5046817622874,1e-10
2020-03-20 16:03:00,2917.442452398353,1e-10
2020-03-20 16:04:00,2917.3802248773527,1e-10
2020-03-20 16:05:00,2917.3179988834195,1e-10
2020-03-20 16:06:00,2917.255774099467,1e-10
2020-03-20 16:07:00,2917.193550517357,1e-10
2020-03-20 16:08:00,2917.1313279080514,1e-10
2020-03-20 16:09:00,2917.0691068908577,1e-10
2020-03-20 16:10:00,2917.006886702611,1e-10
2020-03-20 16:11:00,2916.944667788772,1e-10
2020-03-20 16:12:00,2916.8824502671782,1e-10
2020-03-20 16:13:00,2916.8202348226027,1e-10
2020-03-20 16:14:00,2916.758020463924,1e-10
2020-03-20 16:15:00,2916.695807153593,1e-10
2020-03-20 16:16:00,2916.6335954360447,1e-10
2020-03-20 16:17:00,2916.5713849474105,1e-10
2020-03-20 16:18:00,2916.509175260687,1e-10
2020-03-20 16:19:00,2916.4469677732545,1e-10
2020-03-20 16:20:00,2916.3847607763782,1e-10
2020-03-20 16:21:00,2916.32255529608,1e-10
2020-03-20 16:22:00,2916.2603510294334,1e-10
2020-03-20 16:23:00,2916.198148295237,1e-10
2020-03-20 16:24:00,2916.1359470411267,1e-10
2020-03-20 16:25:00,2916.073747171971,1e-10
2020-03-20 16:26:00,2916.0115486966856,1e-10
2020-03-20 16:27:00,2915.9493509157396,1e-10
2020-03-20 16:28:00,2915.887155020219,1e-10
2020-03-20 16:29:00,2915.824959951328,1e-10
2020-03-20 16:30:00,2915.762766820944,1e-10
2020-03-20 16:31:00,2915.7005750714584,1e-10
2020-03-20 16:32:00,2915.63838451725,1e-10
2020-03-20 16:33:00,2915.5761950516126,1e-10
2020-03-20 16:34:00,2902.4894944312223,1e-10
2020-03-20 16:35:00,2902.427585689189,1e-10
2020-03-20 16:36:00,2902.365678495942,1e-10
2020-03-20 16:37:00,2902.303772610658,1e-10
2020-03-20 16:38:00,2902.2418676801444,1e-10
2020-03-20 16:39:00,2902.179963558528,1e-10
2020-03-20 16:40:00,2902.1180612358917,1e-10
2020-03-20 16:41:00,2902.056160749309,1e-10
2020-03-20 16:42:00,2901.994260892088,1e-10
2020-03-20 16:43:00,2901.932362711726,1e-10
2020-03-20 16:44:00,2901.870465811968,1e-10
2020-03-20 16:45:00,2901.8085700724273,1e-10
2020-03-20 16:46:00,2901.746675468089,1e-10
2020-03-20 16:47:00,2901.6847828033156,1e-10
2020-03-20 16:48:00,2901.622891287156,1e-10
2020-03-20 16:49:00,2901.5610008909534,1e-10
2020-03-20 16:50:00,2901.499111587789,1e-10
2020-03-20 16:51:00,2901.437224184471,1e-10
2020-03-20 16:52:00,2901.3753377171342,1e-10
2020-03-20 16:53:00,2901.3134527746265,1e-10
2020-03-20 16:54:00,2901.2515692605175,1e-10
2020-03-20 16:55:00,2901.189686768734,1e-10
2020-03-20 16:56:00,2901.1278055963016,1e-10
2020-03-20 16:57:00,2901.0659257962043,1e-10
2020-03-20 16:58:00,2901.0040473161534,1e-10
2020-03-20 16:59:00,2900.94217041142,1e-10
2020-03-20 17:00:00,2900.8802948277357,1e-10
2020-03-20 17:01:00,2900.818420234133,1e-10
2020-03-20 17:02:00,2900.7565471285566,1e-10
2020-03-20 17:03:00,2900.6946750045918,1e-10
2020-03-20 17:04:00,2900.6328046173758,1e-10
2020-03-20 17:05:00,2900.5709354176693,1e-10
2020-03-20 17:06:00,2900.5090676532755,1e-10
2020-03-20 17:07:00,2900.447201115511,1e-10
2020-03-20 17:08:00,2900.3853357163403,1e-10
2020-03-20 17:09:00,2900.323471313739,1e-10
2020-03-20 17:10:00,2900.2616092671346,1e-10
2020-03-20 17:11:00,2900.199747959015,1e-10
2020-03-20 17:12:00,2900.137888134662,1e-10
2020-03-20 17:13:00,2900.0760294861075,1e-10
2020-03-20 17:14:00,2900.0141725055437,1e-10
2020-03-20 17:15:00,2899.9523167639186,1e-10
2020-03-20 17:16:00,2899.890461827042,1e-10
2020-03-20 17:17:00,2899.828608477329,1e-10
2020-03-20 17:18:00,2899.7667562406627,1e-10
2020-03-20 17:19:00,2899.7049052961306,1e-10
2020-03-20 17:20:00,2899.6430559675014,1e-10
2020-03-20 17:21:00,2899.581208409678,1e-10
2020-03-20 17:22:00,2899.519361424558,1e-10
2020-03-20 17:23:00,2899.4575155265748,1e-10
2020-03-20 17:24:00,2899.395671404707,1e-10
2020-03-20 17:25:00,2899.3338286010503,1e-10
2020-03-20 17:26:00,2899.2719869575476,1e-10
2020-03-20 17:27:00,2899.210146802041,1e-10
2020-03-20 17:28:00,2899.148308146415,1e-10
2020-03-20 17:29:00,2899.086470582859,1e-10
2020-03-20 17:30:00,2899.024634541072,1e-10
2020-03-20 17:31:00,2898.962800052525,1e-10
2020-03-20 17:32:00,2898.900966384713,1e-10
2020-03-20 17:33:00,2898.8391348343775,1e-10
2020-03-20 17:34:00,2898.7773036353665,1e-10
2020-03-20 17:35:00,2898.7154738554054,1e-10
2020-03-20 17:36:00,2898.6536458234295,1e-10
2020-03-20 17:37:00,2898.5918187479156,1e-10
2020-03-20 17:38:00,2898.5299928051304,1e-10
2020-03-20 17:39:00,2898.468168472779,1e-10
2020-03-20 17:40:00,2898.4063460087696,1e-10
2020-03-20 17:41:00,2898.3445239570683,1e-10
2020-03-20 17:42:00,2898.282703919334,1e-10
2020-03-20 17:43:00,2898.2208849456397,1e-10
2020-03-20 17:44:00,2898.1590678019274,1e-10
2020-03-20 17:45:00,2898.0972518263393,1e-10
2020-03-20 17:46:00,2898.0354365359017,1e-10
2020-03-20 17:47:00,2897.9736226280743,1e-10
2020-03-20 17:48:00,2897.911809994565,1e-10
2020-03-20 17:49:00,2897.8499986772713,1e-10
2020-03-20 17:50:00,2897.788189208916,1e-10
2020-03-20 17:51:00,2897.726380415049,1e-10
2020-03-20 17:52:00,2897.664573430016,1e-10
2020-03-20 17:53:00,2897.602766697393,1e-10
2020-03-20 17:54:00,2897.5409620224846,1e-10
2020-03-20 17:55:00,2897.479159031214,1e-10
2020-03-20 17:56:00,2897.417357159518,1e-10
2020-03-20 17:57:00,2897.3555569182327,1e-10
2020-03-20 17:58:00,2897.293757262962,1e-10
2020-03-20 17:59:00,2897.2319592037547,1e-10
2020-03-20 18:00:00,2897.170162095138,1e-10
2020-03-20 18:01:00,2897.108366580876,1e-10
2020-03-20 18:02:00,2897.046572434797,1e-10
2020-03-20 18:03:00,2896.984779694289,1e-10
2020-03-20 18:04:00,2896.9229884389188,1e-10
2020-03-20 18:05:00,2896.8611978972963,1e-10
2020-03-20 18:06:00,2896.7994092335675,1e-10
2020-03-20 18:07:00,2896.7376218734207,1e-10
2020-03-20 18:08:00,2896.6758356508462,1e-10
2020-03-20 18:09:00,2896.891207652762,3.273658210004906e-05
2020-03-20 18:10:00,2896.9550679409535,7.258536992793098e-05
2020-03-20 18:11:00,2897.035647432279,3.777782729218666e-05
2020-03-20 18:12:00,2896.8256074561327,4.116393672062168e-05
2020-03-20 18:13:00,2896.7486702249057,6.977224129787801e-05
2020-03-20 18:14:00,2896.6141675466547,6.063718200867504e-05
2020-03-20 18:15:00,2896.4619654917915,0.00011301649818746859
2020-03-20 18:16:00,2895.940372507402,8.629071157914999e-05
2020-03-20 18:17:00,2895.5017084015753,0.00010929137578006694
2020-03-20 18:18:00,2895.018270953481,0.00013295004770114854
2020-03-20 18:19:00,2894.6724740959717,0.00012456835267600467
2020-03-20 18:20:00,2894.6354699048575,0.00011890734672900028
2020-03-20 18:21:00,2894.5702455876612,8.048277284943887e-05
2020-03-20 18:22:00,2894.6501683850092,8.004809462731078e-05
2020-03-20 18:23:00,2894.4519510551904,8.336494142445822e-05
2020-03-20 18:24:00,2894.430927814215,8.375630437960715e-05
2020-03-20 18:25:00,2894.48639425879,5.459057478818026e-05
2020-03-20 18:26:00,2894.504961302183,2.4899578811933516e-05
2020-03-20 18:27:00,2894.4715342353475,8.391134824575487e-05
2020-03-20 18:28:00,2894.5498278432647,5.9120101063577906e-05
2020-03-20 18:29:00,2894.5731939229513,0.00012237992996702842
2020-03-20 18:30:00,2894.4998547642826,8.77104598215257e-05
2020-03-20 18:31:00,2894.620837680827,2.813190728590258e-05
2020-03-20 18:32:00,2894.559096711464,1e-10
2020-03-20 18:33:00,2894.4973565558635,1e-10
2020-03-20 18:34:00,2894.4356184983085,1e-10
2020-03-20 18:35:00,2894.3738814678704,1e-10
2020-03-20 18:36:00,2894.4958652441082,5.4019289275676396e-05
2020-03-20 18:37:00,2894.4341270366654,1e-10
2020-03-20 18:38:00,2894.37239018983,1e-10
2020-03-20 18:39:00,2894.3106545867554,1e-10
2020-03-20 18:40:00,2894.248920278645,1e-10
2020-03-20 18:41:00,2894.187187812857,1e-10
2020-03-20 18:42:00,2894.1254565524,1e-10
2020-03-20 18:43:00,2894.063726012208,1e-10
2020-03-20 18:44:00,2894.001997007133,1e-10
2020-03-20 18:45:00,2893.9402694756654,1e-10
2020-03-20 18:46:00,2893.878543103891,1e-10
2020-03-20 18:47:00,2893.8168186171256,1e-10
2020-03-20 18:48:00,2893.7550946336746,1e-10
2020-03-20 18:49:00,2893.6933720020343,1e-10
2020-03-20 18:50:00,2893.6316506787243,1e-10
2020-03-20 18:51:00,2893.5699306963365,1e-10
2020-03-20 18:52:00,2893.5082115963505,1e-10
2020-03-20 18:53:00,2893.4464945188424,1e-10
2020-03-20 18:54:00,2893.3847781797663,1e-10
2020-03-20 18:55:00,2893.3013128170596,3.039443865395285e-05
2020-03-20 18:56:00,2893.2395998043175,1e-10
2020-03-20 18:57:00,2893.177888228225,1e-10
2020-03-20 18:58:00,2893.1161776887316,1e-10
2020-03-20 18:59:00,2893.0544685552445,1e-10
2020-03-20 19:00:00,2892.886477079514,2.465127630502052e-05
2020-03-20 19:01:00,2892.8247734291704,1e-10
2020-03-20 19:02:00,2892.763070864944,1e-10
2020-03-20 19:03:00,2892.6052402477962,3.832727783180093e-05
2020-03-20 19:04:00,2892.564918288836,3.0493341831931492e-05
2020-03-20 19:05:00,2892.503221093092,1e-10
2020-03-20 19:06:00,2892.470556215342,3.027068082865433e-05
2020-03-20 19:07:00,2892.467954250843,1.2450272700360219e-05
2020-03-20 19:08:00,2892.5246727749554,3.268283549198137e-05
2020-03-20 19:09:00,2892.478820370185,1.0587203230210627e-05
2020-03-20 19:10:00,2892.4087597070256,7.341109051582777e-06
2020-03-20 19:11:00,2892.3470660913363,1e-10
2020-03-20 19:12:00,2892.285374134399,1e-10
2020-03-20 19:13:00,2892.223683272354,1e-10
2020-03-20 19:14:00,2892.1619937929263,1e-10
2020-03-20 19:15:00,2892.1003052052256,1e-10
2020-03-20 19:16:00,2892.0386179807588,1e-10
2020-03-20 19:17:00,2891.976932451781,1e-10
2020-03-20 19:18:00,2891.897641689179,4.8934923780802656e-05
2020-03-20 19:19:00,2891.926782827799,1.6628353753761653e-05
2020-03-20 19:20:00,2891.865099379501,1e-10
2020-03-20 19:21:00,2891.8034170282463,1e-10
2020-03-20 19:22:00,2891.741736412313,1e-10
2020-03-20 19:23:00,2891.6800570358664,1e-10
2020-03-20 19:24:00,2891.6183787122036,1e-10
2020-03-20 19:25:00,2891.5567020049875,1e-10
2020-03-20 19:26:00,2891.4950261884783,1e-10
2020-03-20 19:27:00,2891.433352100029,1e-10
2020-03-20 19:28:00,2891.3716790314215,1e-10
2020-03-20 19:29:00,2891.3100071278445,1e-10
2020-03-20 19:30:00,2891.248336656317,1e-10
2020-03-20 19:31:00,2891.1866669384335,1e-10
2020-03-20 19:32:00,2891.124999783925,1e-10
2020-03-20 19:33:00,2891.063333584126,1e-10
2020-03-20 19:34:00,2891.001668333699,1e-10
2020-03-20 19:35:00,2890.940004547533,1e-10
2020-03-20 19:36:00,2890.8783419522247,1e-10
2020-03-20 19:37:00,2890.8166809265003,1e-10
2020-03-20 19:38:00,2890.7550212226356,1e-10
2020-03-20 19:39:00,2890.693362616492,1e-10
2020-03-20 19:40:00,2890.6317055116033,1e-10
2020-03-20 19:41:00,2890.5700500181874,1e-10
2020-03-20 19:42:00,2890.508395543403,1e-10
2020-03-20 19:43:00,2890.446742296015,1e-10
2020-03-20 19:44:00,2890.3850905236604,1e-10
2020-03-20 19:45:00,2890.3171679336033,2.1005381604198835e-06
2020-03-20 19:46:00,2890.255519263171,1e-10
2020-03-20 19:47:00,2890.193871316811,1e-10
2020-03-20 19:48:00,2890.1322248277525,1e-10
2020-03-20 19:49:00,2890.070579674166,1e-10
2020-03-20 19:50:00,2890.008936236736,1e-10
2020-03-20 19:51:00,2889.94729339398,1e-10
2020-03-20 19:52:00,2889.885652022442,1e-10
2020-03-20 19:53:00,2889.8240120442397,1e-10
2020-03-20 19:54:00,2889.762373654139,1e-10
2020-03-20 19:55:00,2889.700735834144,1e-10
2020-03-20 19:56:00,2889.6390996282034,1e-10
2020-03-20 19:57:00,2889.5774650111584,1e-10
2020-03-20 19:58:00,2889.5158314325254,1e-10
2020-03-20 19:59:00,2889.454199407569,1e-10
2020-03-23 13:30:00,2881.7799693600805,1e-10
2020-03-23 13:31:00,2881.6913022628705,1.6492897276728772e-05
2020-03-23 13:32:00,2881.629837190673,1e-10
2020-03-23 13:33:00,2881.5683734294903,1e-10
2020-03-23 13:34:00,2881.506910732965,1e-10
2020-03-23 13:35:00,2881.445449060655,1e-10
2020-03-23 13:36:00,2881.383988737105,1e-10
2020-03-23 13:37:00,2881.3225305509936,1e-10
2020-03-23 13:38:00,2881.2610733770634,1e-10
2020-03-23 13:39:00,2881.199617488051,1e-10
2020-03-23 13:40:00,2881.1381623855077,1e-10
2020-03-23 13:41:00,2881.076708729052,1e-10
2020-03-23 13:42:00,2881.015256399312,1e-10
2020-03-23 13:43:00,2880.9538055529965,1e-10
2020-03-23 13:44:00,2880.8923560427743,1e-10
2020-03-23 13:45:00,2880.830907290863,1e-10
2020-03-23 13:46:00,2880.769460664496,1e-10
2020-03-23 13:47:00,2880.7080154838955,1e-10
2020-03-23 13:48:00,2880.646571103482,1e-10
2020-03-23 13:49:00,2880.5851283471743,1e-10
2020-03-23 13:50:00,2880.523686753889,1e-10
2020-03-23 13:51:00,2880.462247058157,1e-10
2020-03-23 13:52:00,2880.400808103215,1e-10
2020-03-23 13:53:00,2880.339370712491,1e-10
2020-03-23 13:54:00,2880.277934372467,1e-10
2020-03-23 13:55:00,2880.2164992659646,1e-10
2020-03-23 13:56:00,2880.167679078902,1.2540916274208334e-05
2020-03-23 13:57:00,2880.168176009117,3.641557304964381e-05
2020-03-23 13:58:00,2880.032222289169,4.781652697920615e-05
2020-03-23 13:59:00,2879.881972073912,3.624841201281172e-05
2020-03-23 14:00:00,2879.8464402069253,9.540960567094785e-06
2020-03-23 14:01:00,2879.785014616004,1e-10
2020-03-23 14:02:00,2879.723590244375,1e-10
2020-03-23 14:03:00,2879.6621671871217,1e-10
2020-03-23 14:04:00,2879.6007449414747,1e-10
2020-03-23 14:05:00,2879.5393246827957,1e-10
2020-03-23 14:06:00,2879.448687455997,6.523705139949424e-05
2020-03-23 14:07:00,2879.4055132841054,8.004466828286857e-05
2020-03-23 14:08:00,2879.514811497414,0.00015769896328098702
2020-03-23 14:09:00,2879.7904835110926,0.00017058530679701244
2020-03-23 14:10:00,2879.588653779211,0.0001287732032213242
2020-03-23 14:11:00,2878.9642171903906,0.00011073985635990111
2020-03-23 14:12:00,2879.0063664094864,9.25926278692889e-05
2020-03-23 14:13:00,2878.5994394662475,6.3211245019921e-05
2020-03-23 14:14:00,2878.5452411951414,7.848816165833014e-06
2020-03-23 14:15:00,2878.483843192339,1e-10
2020-03-23 14:16:00,2878.42244624599,1e-10
2020-03-23 14:17:00,2878.3610509165437,1e-10
2020-03-23 14:18:00,2878.2833002561506,5.290378398815623e-06
2020-03-23 14:19:00,2878.172324405491,1.6114028824392426e-05
2020-03-23 14:20:00,2878.1092284825095,5.008725743944033e-06
2020-03-23 14:21:00,2878.0478399970602,1e-10
2020-03-23 14:22:00,2877.9864527306922,1e-10
2020-03-23 14:23:00,2877.923422927657,1.0437400614055044e-05
2020-03-23 14:24:00,2878.3114694347473,5.0954668605966016e-05
2020-03-23 14:25:00,2878.1232973287374,7.085909236379113e-05
2020-03-23 14:26:00,2878.0507298095595,1.2512420886493631e-05
2020-03-23 14:27:00,2877.9893427048064,1e-10
2020-03-23 14:28:00,2878.015698559142,1.7266207821108914e-05
2020-03-23 14:29:00,2878.005593691364,2.1330355935027157e-05
2020-03-23 14:30:00,2877.6951843705397,5.3070204506627024e-05
2020-03-23 14:31:00,2877.601570569329,3.20992225242726e-05
2020-03-23 14:32:00,2877.68792305019,4.914741217258348e-05
2020-03-23 14:33:00,2877.356709114498,6.795797792958747e-05
2020-03-23 14:34:00,2877.7648427582817,6.223205060479537e-05
2020-03-23 14:35:00,2877.8753021535417,9.460289569409124e-05
2020-03-23 14:36:00,2877.6871971198225,0.0001209792010488834
2020-03-23 14:37:00,2877.867669861563,0.0001061683228941146
2020-03-23 14:38:00,2878.485044809997,0.0001507392541848647
2020-03-23 14:39:00,2877.6696471579885,0.00019223317620142196
2020-03-23 14:40:00,2877.897165296874,0.00021953124191307605
2020-03-23 14:41:00,2877.3835851249232,0.00025835959335466656
2020-03-23 14:42:00,2878.368051927443,0.0002191683522088327
2020-03-23 14:43:00,2877.629334751778,0.000149298107655533
2020-03-23 14:44:00,2878.1857690867732,0.00022104031196341507
2020-03-23 14:45:00,2878.1315765094955,0.0002112856156068161
2020-03-23 14:46:00,2877.428759609939,0.00020663495745306082
2020-03-23 14:47:00,2878.263757782727,0.0002042271454930181
2020-03-23 14:48:00,2878.394603557556,0.0001535101853441164
2020-03-23 14:49:00,2878.2602599422976,0.00016221718301192182
2020-03-23 14:50:00,2878.280530283394,0.00015568396346559107
2020-03-23 14:51:00,2878.03061848793,0.00014851687496790446
2020-03-23 14:52:00,2876.9723320580592,0.0002508788225912098
2020-03-23 14:53:00,2877.310747696475,0.0002543821034394554
2020-03-23 14:54:00,2876.6557496453283,0.0002280622717370652
2020-03-23 14:55:00,2875.2115511391207,0.0002507035418929234
2020-03-23 14:56:00,2875.4608848828498,0.00017178442107530746
2020-03-23 14:57:00,2875.1411917002247,0.0001293461457951812
2020-03-23 14:58:00,2875.339979673637,0.00018806015667753015
2020-03-23 14:59:00,2875.035009295584,0.0001865303558042342
2020-03-23 15:00:00,2875.9879627645037,0.00017424117719174216
2020-03-23 15:01:00,2875.7513410494103,0.0001712490327488383
2020-03-23 15:02:00,2875.3462511598545,0.0001743944674576479
2020-03-23 15:03:00,2875.1693954672555,0.00021548259367844939
2020-03-23 15:04:00,2874.6545638674575,0.00017993815141482757
2020-03-23 15:05:00,2874.3892050906325,0.000190048905873158
2020-03-23 15:06:00,2874.479465954692,0.00017303199471211482
2020-03-23 15:07:00,2875.5487338982844,0.0002447690847434524
2020-03-23 15:08:00,2874.9988765335765,0.00024836641236801
2020-03-23 15:09:00,2873.9337137363254,0.0002551455197286325
2020-03-23 15:10:00,2873.8081881566377,0.000259333324055879
2020-03-23 15:11:00,2873.790484912148,0.0002951000210779535
2020-03-23 15:12:00,2873.534794877906,0.0003061858074877163
2020-03-23 15:13:00,2873.04984678999,0.0003420891362340115
2020-03-23 15:14:00,2873.0524320679415,0.000324228396474448
2020-03-23 15:15:00,2870.50572433324,0.00029375678179089504
2020-03-23 15:16:00,2870.656030261064,0.0002825250360600662
2020-03-23 15:17:00,2870.234421647727,0.0002547722398704042
2020-03-23 15:18:00,2869.7487869459296,0.00024162076526522725
2020-03-23 15:19:00,2869.8525038512244,0.00016929187891322835
2020-03-23 15:20:00,2871.1244209445254,0.00020098302622863424
2020-03-23 15:21:00,2870.700800069372,0.00017673272701043428
2020-03-23 15:22:00,2870.6621663611604,0.00014713044123647133
2020-03-23 15:23:00,2870.910674323097,0.0001648085634026002
2020-03-23 15:24:00,2870.675533480869,0.00013450749930877864
2020-03-23 15:25:00,2870.5614917017383,9.690026168547006e-05
2020-03-23 15:26:00,2870.212179309492,0.00014984487784390165
2020-03-23 15:27:00,2870.4921335313497,0.0001417943374024114
2020-03-23 15:28:00,2870.098643397726,0.00011508590188543484
2020-03-23 15:29:00,2870.2915322416297,0.00010393124487329238
2020-03-23 15:30:00,2870.517424040575,0.00012928859986025926
2020-03-23 15:31:00,2870.485466023797,7.867155579502213e-05
2020-03-23 15:32:00,2870.432240246826,1.9669418886821725e-05
2020-03-23 15:33:00,2870.370816517505,1.9145011686809222e-06
2020-03-23 15:34:00,2870.309592867834,1e-10
2020-03-23 15:35:00,2870.248370466701,1e-10
2020-03-23 15:36:00,2870.1871493567996,1e-10
2020-03-23 15:37:00,2870.125929670132,1e-10
2020-03-23 15:38:00,2870.0647112329148,1e-10
2020-03-23 15:39:00,2870.0034938549215,1e-10
2020-03-23 15:40:00,2869.942277493862,1e-10
2020-03-23 15:41:00,2869.8810630783314,1e-10
2020-03-23 15:42:00,2869.8198497716817,1e-10
2020-03-23 15:43:00,2869.7586379623235,1e-10
2020-03-23 15:44:00,2869.697427274742,1e-10
2020-03-23 15:45:00,2869.636217705226,1e-10
2020-03-23 15:46:00,2869.575009602724,1e-10
2020-03-23 15:47:00,2869.513803002866,1e-10
2020-03-23 15:48:00,2869.4525978218903,1e-10
2020-03-23 15:49:00,2869.391393692244,1e-10
2020-03-23 15:50:00,2869.3301909987395,1e-10
2020-03-23 15:51:00,2869.2689900349146,1e-10
2020-03-23 15:52:00,2869.2077896625774,1e-10
2020-03-23 15:53:00,2869.1465907883307,1e-10
2020-03-23 15:54:00,2869.085393006992,1e-10
2020-03-23 15:55:00,2869.0241964670618,1e-10
2020-03-23 15:56:00,2868.9630012290877,1e-10
2020-03-23 15:57:00,2868.901807436947,1e-10
2020-03-23 15:58:00,2868.840615424184,1e-10
2020-03-23 15:59:00,2868.7794246856884,1e-10
2020-03-23 16:00:00,2868.7182348659167,1e-10
2020-03-23 16:01:00,2868.6570463373555,1e-10
2020-03-23 16:02:00,2868.5958589518364,1e-10
2020-03-23 16:03:00,2868.534672958357,1e-10
2020-03-23 16:04:00,2868.4734879231473,1e-10
2020-03-23 16:05:00,2868.412304702211,1e-10
2020-03-23 16:06:00,2868.351122615024,1e-10
2020-03-23 16:07:00,2868.289942461968,1e-10
2020-03-23 16:08:00,2868.2287632007265,1e-10
2020-03-23 16:09:00,2868.1675851274895,1e-10
2020-03-23 16:10:00,2868.106408017811,1e-10
2020-03-23 16:11:00,2868.0452326798136,1e-10
2020-03-23 16:12:00,2867.9840586002247,1e-10
2020-03-23 16:13:00,2867.922886052217,1e-10
2020-03-23 16:14:00,2867.861714229271,1e-10
2020-03-23 16:15:00,2867.800543923715,1e-10
2020-03-23 16:16:00,2867.739375334741,1e-10
2020-03-23 16:17:00,2867.703793156507,1.0912524413892675e-05
2020-03-23 16:18:00,2867.6363185000587,7.239485589941291e-06
2020-03-23 16:19:00,2867.5751537600227,1e-10
2020-03-23 16:20:00,2867.544281635399,5.7463881070962176e-05
2020-03-23 16:21:00,2867.404648157625,0.00010734582016855538
2020-03-23 16:22:00,2867.2983997782144,8.502577157656248e-05
2020-03-23 16:23:00,2867.2094592554713,5.3821184495371046e-05
2020-03-23 16:24:00,2867.104706592475,4.162720421620529e-05
2020-03-23 16:25:00,2866.850571846798,5.846204711538636e-05
2020-03-23 16:26:00,2866.454146605132,6.99345664437619e-05
2020-03-23 16:27:00,2866.8269493440725,0.00011098446695799864
2020-03-23 16:28:00,2866.8445555441995,0.00012971168308690127
2020-03-23 16:29:00,2867.059100391316,0.00012219413372397734
2020-03-23 16:30:00,2867.0119557470725,0.00016379183792690534
2020-03-23 16:31:00,2867.1572537654615,0.00011079773383258884
2020-03-23 16:32:00,2867.182824698553,8.766119943338909e-05
2020-03-23 16:33:00,2867.421972219111,9.211483149085865e-05
2020-03-23 16:34:00,2866.483062762255,0.0001703271551518532
2020-03-23 16:35:00,2867.4745725851394,0.00017210224223672982
2020-03-23 16:36:00,2866.9611881028613,0.0002305430271022455
2020-03-23 16:37:00,2866.794569100856,0.0002122720726497506
2020-03-23 16:38:00,2866.4620377422816,0.0002510932841673507
2020-03-23 16:39:00,2865.487965661624,0.0002665301102833467
2020-03-23 16:40:00,2865.5262198967275,0.00027923232643649006
2020-03-23 16:41:00,2866.1955447373734,0.0002644116767992185
2020-03-23 16:42:00,2865.0476582712986,0.00030480811891348106
2020-03-23 16:43:00,2866.1732238844165,0.00030133443500208893
2020-03-23 16:44:00,2863.249691899284,0.00033640858220330977
2020-03-23 16:45:00,2863.203853906501,0.0003182733093761317
2020-03-23 16:46:00,2863.837693776042,0.000339897506993735
2020-03-23 16:47:00,2864.4058636046307,0.0003545555603881747
2020-03-23 16:48:00,2864.4365187169665,0.0003609879420228481
2020-03-23 16:49:00,2864.7355260112126,0.0002827122332275036
2020-03-23 16:50:00,2866.883470987976,0.0002565694117887333
2020-03-23 16:51:00,2867.1644304399156,0.00034858313710319085
2020-03-23 16:52:00,2866.183776964137,0.0003478828839962707
2020-03-23 16:53:00,2866.1526834196156,0.00031898686554123027
2020-03-23 16:54:00,2864.9366245758797,0.0002752380663082659
2020-03-23 16:55:00,2864.5379897021576,0.0002751101900586935
2020-03-23 16:56:00,2864.196271147694,0.0002744691595837447
2020-03-23 16:57:00,2864.5902290225117,0.00033435079860803113
2020-03-23 16:58:00,2863.977401824048,0.00027486352975125054
2020-03-23 16:59:00,2864.5524079952716,0.00040591527471359147
2020-03-23 17:00:00,2864.8114377341362,0.00048224682177564344
2020-03-23 17:01:00,2866.783745000986,0.0005752800940389607
2020-03-23 17:02:00,2868.5892033666605,0.0005616647645257212
2020-03-23 17:03:00,2868.1733072332736,0.0005861263107964444
2020-03-23 17:04:00,2867.8766343724333,0.0005773160594749914
2020-03-23 17:05:00,2867.9906436913498,0.0005661623152286072
2020-03-23 17:06:00,2867.31144147253,0.0005979669112723521
2020-03-23 17:07:00,2867.3577154555164,0.000566841149750063
2020-03-23 17:08:00,2869.6678488674643,0.0005151574549093421
2020-03-23 17:09:00,2869.4554823599556,0.0004963608149668716
2020-03-23 17:10:00,2873.0535608387077,0.0005453854661334415
2020-03-23 17:11:00,2872.7966037741066,0.0005798704618986845
2020-03-23 17:12:00,2876.891418833687,0.0004968181051311078
2020-03-23 17:13:00,2875.5137648829696,0.0004900624162890784
2020-03-23 17:14:00,2875.4260040405547,0.0004388168947248966
2020-03-23 17:15:00,2876.805522989224,0.00036588776634149543
2020-03-23 17:16:00,2876.229928343989,0.00033807890881954426
2020-03-23 17:17:00,2877.356266865137,0.0002718707134011251
2020-03-23 17:18:00,2879.2616508644874,0.0003010566098182781
2020-03-23 17:19:00,2880.476228426021,0.00028444429783551067
2020-03-23 17:20:00,2880.063776320684,0.0002564048132486139
2020-03-23 17:21:00,2880.2897299230153,0.000177192976558878
2020-03-23 17:22:00,2880.4891652514016,0.0001081677756430319
2020-03-23 17:23:00,2880.595266024171,0.00015439413568176427
2020-03-23 17:24:00,2881.1925779507774,0.00017589778646377404
2020-03-23 17:25:00,2880.9238288200963,9.712963460615307e-05
2020-03-23 17:26:00,2880.7403142472135,0.00015001551249181969
2020-03-23 17:27:00,2879.9243702335925,0.00015035873472011714
2020-03-23 17:28:00,2879.86013609705,0.00010557012960810892
2020-03-23 17:29:00,2880.116352739114,8.853580398475978e-05
2020-03-23 17:30:00,2879.6826592764746,0.0001748059787365254
2020-03-23 17:31:00,2879.6100372492765,0.0002014087246990032
2020-03-23 17:32:00,2879.4536994165687,0.0002326535384935993
2020-03-23 17:33:00,2879.2598161222427,0.0002344301385889178
2020-03-23 17:34:00,2878.9373389515267,0.0002685900636936777
2020-03-23 17:35:00,2877.352707519322,0.0002599298622914974
2020-03-23 17:36:00,2878.6755128753575,0.0002222103701040193
2020-03-23 17:37:00,2878.5760878471037,0.00020286076089617104
2020-03-23 17:38:00,2878.069433370062,0.00021318394604004568
2020-03-23 17:39:00,2878.442277532358,0.00016451971956622677
2020-03-23 17:40:00,2878.3664296146508,0.00011199099557093487
2020-03-23 17:41:00,2878.637233579567,9.658331738154461e-05
2020-03-23 17:42:00,2878.4180982822586,2.2394470660987983e-05
2020-03-23 17:43:00,2878.358008008449,2.791250000774884e-06
2020-03-23 17:44:00,2878.28996156315,4.931336725552757e-06
2020-03-23 17:45:00,2878.179887396334,5.835654347859152e-05
2020-03-23 17:46:00,2878.190365031067,5.799762514257691e-05
2020-03-23 17:47:00,2878.1689753981445,4.66924761245468e-05
2020-03-23 17:48:00,2877.958243899122,3.3523680464328226e-05
2020-03-23 17:49:00,2877.9326849131035,1.147474424022914e-05
2020-03-23 17:50:00,2877.871299745514,1e-10
2020-03-23 17:51:00,2877.8134343801376,1.7836125326053358e-06
2020-03-23 17:52:00,2877.7520521752717,1e-10
2020-03-23 17:53:00,2877.7013558015387,4.270367457361693e-06
2020-03-23 17:54:00,2877.567418284401,5.056502424099458e-05
2020-03-23 17:55:00,2877.9080358518568,0.00011448274167822771
2020-03-23 17:56:00,2877.795665774434,8.718175754135445e-05
2020-03-23 17:57:00,2877.6289477551136,8.525957315666918e-05
2020-03-23 17:58:00,2877.1599696290414,9.72624556678983e-05
2020-03-23 17:59:00,2876.9646854485513,8.812249379047061e-05
2020-03-23 18:00:00,2876.8800419575477,7.135388407201008e-05
2020-03-23 18:01:00,2876.854558776679,6.317979701923384e-05
2020-03-23 18:02:00,2876.9504985522117,5.340165148883284e-05
2020-03-23 18:03:00,2876.680110839975,1.6158116191138393e-06
2020-03-23 18:04:00,2876.6187525655673,1e-10
2020-03-23 18:05:00,2876.4465587386653,2.3266818568795792e-05
2020-03-23 18:06:00,2876.169637595617,7.248842693853653e-05
2020-03-23 18:07:00,2875.8877906386465,0.00013269926317835813
2020-03-23 18:08:00,2875.6837352863863,0.0001295584468144909
2020-03-23 18:09:00,2875.790466733173,0.00012907698170576008
2020-03-23 18:10:00,2876.0002541794165,0.00014967016114990543
2020-03-23 18:11:00,2875.2880287984235,0.00011272919310495132
2020-03-23 18:12:00,2875.2417752814235,7.016726519227833e-05
2020-03-23 18:13:00,2875.136295606694,7.083818862944976e-05
2020-03-23 18:14:00,2875.077774849756,1.8741099094092648e-05
2020-03-23 18:15:00,2875.0409079335377,5.385892724779875e-05
2020-03-23 18:16:00,2875.040562935158,3.397354383705253e-05
2020-03-23 18:17:00,2875.035617227403,4.596044056926548e-05
2020-03-23 18:18:00,2875.013030713675,2.1279060822679142e-05
2020-03-23 18:19:00,2874.849773647606,6.367757660716695e-05
2020-03-23 18:20:00,2874.278729927524,0.00015018630206549587
2020-03-23 18:21:00,2874.41552910097,0.00014630277031583172
2020-03-23 18:22:00,2874.21677876306,0.00013180567320405595
2020-03-23 18:23:00,2874.289347164674,7.617450026818821e-05
2020-03-23 18:24:00,2873.9806676591024,9.756049961765555e-05
2020-03-23 18:25:00,2873.949853288715,6.26105720253765e-05
2020-03-23 18:26:00,2873.9276878468468,3.009339874255476e-05
2020-03-23 18:27:00,2874.0301155109078,5.6698433842449844e-05
2020-03-23 18:28:00,2874.1524586308824,5.7642473685565295e-05
2020-03-23 18:29:00,2873.8441039165846,5.2820303730091146e-05
2020-03-23 18:30:00,2873.5626706125495,0.0001167694136353543
2020-03-23 18:31:00,2873.689894105561,4.8323095935031964e-05
2020-03-23 18:32:00,2873.5962481593615,6.347624486809088e-05
2020-03-23 18:33:00,2873.7179621906926,0.00013175112968772371
2020-03-23 18:34:00,2873.7765133144103,6.975500228822862e-05
2020-03-23 18:35:00,2872.8415171004895,0.0001096014669299615
2020-03-23 18:36:00,2872.320225951541,0.00013213232438866456
2020-03-23 18:37:00,2872.760592766105,0.00021497054952215953
2020-03-23 18:38:00,2873.469017566233,0.00022949244959372036
2020-03-23 18:39:00,2873.1080576990953,0.00014909618808569262
2020-03-23 18:40:00,2873.6509637780414,0.00015351659544719692
2020-03-23 18:41:00,2874.3535777335032,0.00013460927964038363
2020-03-23 18:42:00,2874.1363302950144,0.0001306553434684775
2020-03-23 18:43:00,2873.9983182394144,0.00021242502613885754
2020-03-23 18:44:00,2873.662475265929,0.00017425194486843165
2020-03-23 18:45:00,2874.3210183387414,0.00022382024800838928
2020-03-23 18:46:00,2873.13596738611,0.00019264569784264345
2020-03-23 18:47:00,2872.0939403620473,0.00018345836260901031
2020-03-23 18:48:00,2871.574455815265,0.00021875628563064968
2020-03-23 18:49:00,2872.4738144493167,0.00023933991684020275
2020-03-23 18:50:00,2872.2946698325763,0.00022226418073051268
2020-03-23 18:51:00,2871.372098870113,0.0002653835756768357
2020-03-23 18:52:00,2871.8543540496385,0.0003166685388877189
2020-03-23 18:53:00,2871.464861783197,0.00029992618870566866
2020-03-23 18:54:00,2869.7794660691115,0.0003104231958543789
2020-03-23 18:55:00,2870.7263588195106,0.0003250587577771273
2020-03-23 18:56:00,2869.6810648307087,0.00034385803634250626
2020-03-23 18:57:00,2870.4761153562627,0.00035162556349704844
2020-03-23 18:58:00,2871.563238477798,0.0003585786602083425
2020-03-23 18:59:00,2871.016858337113,0.0003923570103936463
2020-03-23 19:00:00,2871.5645344450763,0.00033224217804983476
2020-03-23 19:01:00,2869.880743826095,0.0003150657934456416
2020-03-23 19:02:00,2870.111776353405,0.0002771586146304664
2020-03-23 19:03:00,2870.4200958613014,0.00031546659798018303
2020-03-23 19:04:00,2870.828023985362,0.0002635102168598692
2020-03-23 19:05:00,2870.1730697855837,0.00029170319886402066
2020-03-23 19:06:00,2870.989436245476,0.00029490157465398816
2020-03-23 19:07:00,2868.812189798807,0.0003301250196405622
2020-03-23 19:08:00,2866.849923211408,0.00035955180246366675
2020-03-23 19:09:00,2866.4509923032465,0.0003429586245928569
2020-03-23 19:10:00,2866.9368249007925,0.0003799185875847312
2020-03-23 19:11:00,2865.93174381506,0.00037820491092013244
2020-03-23 19:12:00,2867.137789708787,0.0004765307738398365
2020-03-23 19:13:00,2866.807050988857,0.0004520987110067958
2020-03-23 19:14:00,2865.8355710613914,0.00043762041124134474
2020-03-23 19:15:00,2863.913154494953,0.0004148018873196369
2020-03-23 19:16:00,2864.0233496376013,0.00039794243512323094
2020-03-23 19:17:00,2864.243949315294,0.0003883911834438827
2020-03-23 19:18:00,2862.8271056926483,0.00047174680101938135
2020-03-23 19:19:00,2863.1623687985816,0.0005237879063526723
2020-03-23 19:20:00,2862.314837377199,0.0005487253620809116
2020-03-23 19:21:00,2861.531733111708,0.0005340714835749237
2020-03-23 19:22:00,2862.8743849977423,0.0005875657077180817
2020-03-23 19:23:00,2863.452508116211,0.0005788944264072885
2020-03-23 19:24:00,2863.4410411285207,0.0006099176142972127
2020-03-23 19:25:00,2866.0569342026565,0.0006956683977928322
2020-03-23 19:26:00,2863.521617826411,0.000733530919889816
2020-03-23 19:27:00,2862.130291307645,0.0007071442946352699
2020-03-23 19:28:00,2861.153898512101,0.0006816917052578326
2020-03-23 19:29:00,2859.018890376386,0.0007118351637084346
2020-03-23 19:30:00,2856.710520382778,0.0007519433013049329
2020-03-23 19:31:00,2857.1150643884903,0.0007084880879709015
2020-03-23 19:32:00,2855.2294195185673,0.0007230362056694265
2020-03-23 19:33:00,2858.255179278823,0.000796120274805537
2020-03-23 19:34:00,2857.8017740870905,0.0007821976720620762
2020-03-23 19:35:00,2857.405195666611,0.0007917177414006846
2020-03-23 19:36:00,2856.7776500640102,0.0007854633244142818
2020-03-23 19:37:00,2861.662724153343,0.0008037608573836438
2020-03-23 19:38:00,2856.4947088640215,0.000815519641408675
2020-03-23 19:39:00,2856.5794222590484,0.0008152147685181042
2020-03-23 19:40:00,2855.460900597305,0.000832591013575402
2020-03-23 19:41:00,2848.2183688087393,0.0008138730247867338
2020-03-23 19:42:00,2849.174340000833,0.0008504059038935443
2020-03-23 19:43:00,2846.4578456015843,0.0008524699282032974
2020-03-23 19:44:00,2842.4206837665442,0.0008488991527100657
2020-03-23 19:45:00,2845.145596972904,0.0009235172054434834
2020-03-23 19:46:00,2844.4778282910543,0.0009475244013181243
2020-03-23 19:47:00,2843.812547062949,0.0009948164130171044
2020-03-23 19:48:00,2841.786947628609,0.0009759350829664915
2020-03-23 19:49:00,2838.364524440507,0.0010154143846880861
2020-03-23 19:50:00,2839.0773307212557,0.0010700295272050213
2020-03-23 19:51:00,2837.972616073802,0.001070500757275439
2020-03-23 19:52:00,2833.785584492379,0.0011381909735712111
2020-03-23 19:53:00,2829.746302815301,0.0012177428912016819
2020-03-23 19:54:00,2825.473382967326,0.0011873007570861673
2020-03-23 19:55:00,2827.9510665025473,0.0012303177317461564
2020-03-23 19:56:00,2830.692913546761,0.0012012217113178709
2020-03-23 19:57:00,2835.1332299343885,0.0012178218308842837
2020-03-23 19:58:00,2832.2711045474034,0.0012073357346591
2020-03-23 19:59:00,2834.358387103523,0.001319787996778278
2020-03-24 13:30:00,2764.0819493171593,0.0013112945323520211
2020-03-24 13:31:00,2763.7904698952652,0.0012766422051826748
2020-03-24 13:32:00,2760.04812361844,0.001277796819069499
2020-03-24 13:33:00,2764.0182668644293,0.0012727805484388547
2020-03-24 13:34:00,2762.734553038091,0.0011934392981246397
2020-03-24 13:35:00,2766.457372132232,0.0013272755247666804
2020-03-24 13:36:00,2763.577664633596,0.0012884672988122872
2020-03-24 13:37:00,2763.5692261277436,0.0013080101034020318
2020-03-24 13:38:00,2762.6936547033,0.0013037909125690518
2020-03-24 13:39:00,2766.167636529791,0.001306013025515601
2020-03-24 13:40:00,2768.2228466780944,0.001342601575638276
2020-03-24 13:41:00,2769.3002912116926,0.001318343711712898
2020-03-24 13:42:00,2767.884502576806,0.001332599765622629
2020-03-24 13:43:00,2768.4773722864074,0.0013216569501031169
2020-03-24 13:44:00,2767.2761908963676,0.0012858364179544328
2020-03-24 13:45:00,2771.2273032912735,0.0013311738721772373
2020-03-24 13:46:00,2773.3913016268484,0.0012902853764264035
2020-03-24 13:47:00,2778.042095250434,0.001315072280465712
2020-03-24 13:48:00,2781.232698672982,0.0013188298445341925
2020-03-24 13:49:00,2781.1655167947633,0.001344157213496446
2020-03-24 13:50:00,2782.316013109912,0.0013959985823767255
2020-03-24 13:51:00,2779.5518967990174,0.0013553106483038784
2020-03-24 13:52:00,2776.0679148670506,0.0013863414993478924
2020-03-24 13:53:00,2782.3469203730315,0.0013844436224169302
2020-03-24 13:54:00,2788.6655587449773,0.0014316541291703113
2020-03-24 13:55:00,2783.4379754210577,0.0014511531212592866
2020-03-24 13:56:00,2786.6084973369225,0.001466621384164331
2020-03-24 13:57:00,2788.3085226673684,0.001579158806478887
2020-03-24 13:58:00,2787.365705358822,0.0015432603180899173
2020-03-24 13:59:00,2777.845791629014,0.0015783116717640398
2020-03-24 14:00:00,2776.89604429293,0.00158946380728596
2020-03-24 14:01:00,2781.1589131675205,0.001613146455850294
2020-03-24 14:02:00,2778.184408180412,0.0016452852665733405
2020-03-24 14:03:00,2783.251313583776,0.0016558013003581454
2020-03-24 14:04:00,2779.9027027032694,0.0016506230294411211
2020-03-24 14:05:00,2787.1357018982994,0.0016525980302876584
2020-03-24 14:06:00,2788.524751198774,0.001666372866159278
2020-03-24 14:07:00,2788.8404571036144,0.0017247842335723817
2020-03-24 14:08:00,2787.303676619762,0.001652973640201331
2020-03-24 14:09:00,2795.1373077786275,0.001615046237005108
2020-03-24 14:10:00,2805.702853105976,0.0016358719638917333
2020-03-24 14:11:00,2803.811943236079,0.0016306176556543795
2020-03-24 14:12:00,2805.235587924769,0.0016622090175285368
2020-03-24 14:13:00,2809.202597108464,0.0016204965698468877
2020-03-24 14:14:00,2812.469532638469,0.001635917020128088
2020-03-24 14:15:00,2813.028569237855,0.001631600343523539
2020-03-24 14:16:00,2815.0370500486574,0.0016658192143059296
2020-03-24 14:17:00,2825.1250138414207,0.0016455484751772696
2020-03-24 14:18:00,2820.114260588701,0.0016210754788018417
2020-03-24 14:19:00,2829.1975161494274,0.0015828408395408393
2020-03-24 14:20:00,2834.3246077577833,0.0016340702844007246
2020-03-24 14:21:00,2828.0130343532865,0.0016185573136043372
2020-03-24 14:22:00,2833.6002821783877,0.0016099386805418137
2020-03-24 14:23:00,2837.792613841144,0.001588386558566201
2020-03-24 14:24:00,2837.631652559563,0.0015660415670928076
2020-03-24 14:25:00,2838.4946074011496,0.0016214733365226435
2020-03-24 14:26:00,2839.9688026673025,0.0017257833603017702
2020-03-24 14:27:00,2841.5668435003745,0.0017207931752059263
2020-03-24 14:28:00,2840.2757843104746,0.0017241802418803346
2020-03-24 14:29:00,2838.537144378547,0.001718605515597697
2020-03-24 14:30:00,2828.965145999488,0.0017600215649579212
2020-03-24 14:31:00,2831.101033183423,0.0017423012638659815
2020-03-24 14:32:00,2829.0520516001766,0.0018021209795385088
2020-03-24 14:33:00,2833.852740809926,0.001848488362564661
2020-03-24 14:34:00,2837.7129622797142,0.001835645464379548
2020-03-24 14:35:00,2834.6803170217813,0.0018341690898334695
2020-03-24 14:36:00,2835.130000320072,0.001822116828464589
2020-03-24 14:37:00,2836.6266591684084,0.001807415946043812
2020-03-24 14:38:00,2834.039776436966,0.0018623167232310234
2020-03-24 14:39:00,2834.5729294308885,0.0018063417721162884
2020-03-24 14:40:00,2837.936146352396,0.001822557549363705
2020-03-24 14:41:00,2842.06865083331,0.0017268572408610326
2020-03-24 14:42:00,2836.089010000322,0.0017076200276360946
2020-03-24 14:43:00,2836.361869013451,0.001716161820764375
2020-03-24 14:44:00,2829.8758763523233,0.0017070833148286307
2020-03-24 14:45:00,2825.6902302077624,0.001690823857760436
2020-03-24 14:46:00,2828.5721230839094,0.0017169669738326065
2020-03-24 14:47:00,2837.21365538975,0.0017486039009626379
2020-03-24 14:48:00,2831.786780618994,0.0017471250402781363
2020-03-24 14:49:00,2830.325942285972,0.0018232611722776878
2020-03-24 14:50:00,2823.9291416302917,0.0018309687580612356
2020-03-24 14:51:00,2823.1662160678493,0.0018521516978884575
2020-03-24 14:52:00,2829.061248897544,0.0018633390868289055
2020-03-24 14:53:00,2835.987722213121,0.0018755611445058435
2020-03-24 14:54:00,2837.0138723716755,0.0018502402503456422
2020-03-24 14:55:00,2830.5641243816854,0.0019368309913402513
2020-03-24 14:56:00,2824.980144836746,0.001999450623377792
2020-03-24 14:57:00,2843.8140465078786,0.002024388793315472
2020-03-24 14:58:00,2846.65624018536,0.001953442994745355
2020-03-24 14:59:00,2855.8162834160707,0.0019236254396621084
2020-03-24 15:00:00,2851.5409714976877,0.0019320090110145685
2020-03-24 15:01:00,2843.349041352269,0.0019363261654982923
2020-03-24 15:02:00,2838.375709493146,0.002005679795583519
2020-03-24 15:03:00,2835.2592758206974,0.0019699348055702633
2020-03-24 15:04:00,2834.5133196694605,0.0018890454892299437
2020-03-24 15:05:00,2825.182917652373,0.00189507289961482
2020-03-24 15:06:00,2818.1799619878216,0.0019277956586702836
2020-03-24 15:07:00,2818.245574972662,0.0019071927395926142
2020-03-24 15:08:00,2825.049299627087,0.0019729426301072434
2020-03-24 15:09:00,2813.644432124988,0.002012990553072388
2020-03-24 15:10:00,2804.0785590065566,0.002053080066364733
2020-03-24 15:11:00,2802.4486552810436,0.002026306093205175
2020-03-24 15:12:00,2809.8003018769446,0.0020271439322514773
2020-03-24 15:13:00,2810.858529705757,0.0020267206208990462
2020-03-24 15:14:00,2802.9111351047886,0.0019948679862670177
2020-03-24 15:15:00,2810.0518459006303,0.0019798593129472155
2020-03-24 15:16:00,2800.8208594060347,0.001933102822918017
2020-03-24 15:17:00,2804.5178709448387,0.0018783446886957791
2020-03-24 15:18:00,2814.4566437862627,0.0018959949188998616
2020-03-24 15:19:00,2811.645583270169,0.0019007870084398336
2020-03-24 15:20:00,2804.038544698065,0.0019387050145263773
2020-03-24 15:21:00,2806.0056037264408,0.0019228486578295903
2020-03-24 15:22:00,2801.6514027358853,0.001857123837008676
2020-03-24 15:23:00,2799.8049066957774,0.0018588311640445425
2020-03-24 15:24:00,2803.1850203176305,0.0017752377171431676
2020-03-24 15:25:00,2805.6865184421745,0.0017722113630999827
2020-03-24 15:26:00,2806.429863874312,0.001815295856100135
2020-03-24 15:27:00,2810.624166063573,0.001808323716348342
2020-03-24 15:28:00,2814.2336689441204,0.0017450630004840647
2020-03-24 15:29:00,2809.9863486657705,0.0017766395583904133
2020-03-24 15:30:00,2800.8631955186547,0.0017928969161015843
2020-03-24 15:31:00,2788.3863552256676,0.0017732821172798579
2020-03-24 15:32:00,2782.4891748862437,0.0017987883982909477
2020-03-24 15:33:00,2781.7650454857653,0.0018176663444096134
2020-03-24 15:34:00,2787.8182293421046,0.001918872567754227
2020-03-24 15:35:00,2782.3177463903094,0.0019424164797548558
2020-03-24 15:36:00,2781.974038122752,0.0018840462657863967
2020-03-24 15:37:00,2787.4222319841906,0.0019322082911513183
2020-03-24 15:38:00,2779.416847572355,0.00190513048422785
2020-03-24 15:39:00,2784.1512861558385,0.001866210204484502
2020-03-24 15:40:00,2780.6982260331665,0.001865717555017619
2020-03-24 15:41:00,2780.6108703657287,0.001865813467988303
2020-03-24 15:42:00,2783.266770176535,0.0018678414025671867
2020-03-24 15:43:00,2781.9807455239056,0.0017892665399509623
2020-03-24 15:44:00,2785.036341973993,0.0017865000470124626
2020-03-24 15:45:00,2785.590535144009,0.0016990116146122706
2020-03-24 15:46:00,2784.6719224038775,0.0016994657266205036
2020-03-24 15:47:00,2790.4728220484412,0.0017450953236811577
2020-03-24 15:48:00,2786.132326361679,0.0017172221987667342
2020-03-24 15:49:00,2780.9113548538853,0.00174674622074098
2020-03-24 15:50:00,2773.940812596488,0.0016636210502368298
2020-03-24 15:51:00,2778.329286653524,0.0016863599705299135
2020-03-24 15:52:00,2780.03785572496,0.001647142452024119
2020-03-24 15:53:00,2778.330300212117,0.001652729720264407
2020-03-24 15:54:00,2780.6358539116513,0.0016533868685638222
2020-03-24 15:55:00,2778.687252421932,0.001697418262597803
2020-03-24 15:56:00,2783.787515609746,0.0016865559369606982
2020-03-24 15:57:00,2788.523502743335,0.001678984650871337
2020-03-24 15:58:00,2785.7359754313834,0.00171741064433457
2020-03-24 15:59:00,2782.6940020134184,0.00171252682309217
2020-03-24 16:00:00,2786.4290096083796,0.0017533802292625232
2020-03-24 16:01:00,2784.2319367167465,0.0018186363459511442
2020-03-24 16:02:00,2782.6077278257085,0.0018382298532667717
2020-03-24 16:03:00,2771.610581088994,0.0018394192176837167
2020-03-24 16:04:00,2764.5592074755464,0.001840487654870752
2020-03-24 16:05:00,2764.738689824968,0.0019061558809287103
2020-03-24 16:06:00,2764.085480663633,0.001930541632300403
2020-03-24 16:07:00,2769.6256313638205,0.0019915179390186948
2020-03-24 16:08:00,2766.941935510948,0.0019458083270372376
2020-03-24 16:09:00,2762.133736338567,0.0019484621714827397
2020-03-24 16:10:00,2762.6802234950633,0.0019586411760814043
2020-03-24 16:11:00,2772.2468269768024,0.0019556468880543502
2020-03-24 16:12:00,2781.7747905464707,0.0019310087407117787
2020-03-24 16:13:00,2782.1199039909166,0.0019165092529930669
2020-03-24 16:14:00,2783.616264672747,0.0019730607084324984
2020-03-24 16:15:00,2779.928868135141,0.0020145502927608
2020-03-24 16:16:00,2790.6815726111718,0.002019443629803852
2020-03-24 16:17:00,2793.0504589364928,0.0020055607829045424
2020-03-24 16:18:00,2802.5919204694333,0.0020046552136352464
2020-03-24 16:19:00,2800.9814105875967,0.002096493809405545
2020-03-24 16:20:00,2806.28192110529,0.0020668173337143802
2020-03-24 16:21:00,2808.7565573495226,0.002071690773991153
2020-03-24 16:22:00,2805.5588504806183,0.0020996389271635907
2020-03-24 16:23:00,2804.0133596553355,0.002082981101702292
2020-03-24 16:24:00,2799.9884829426705,0.0020879760753393004
2020-03-24 16:25:00,2790.758713403054,0.0021628788788385675
2020-03-24 16:26:00,2790.5468736122893,0.002139250171602537
2020-03-24 16:27:00,2792.0679763829735,0.0021159498922287173
2020-03-24 16:28:00,2794.189112425524,0.00206627501161292
2020-03-24 16:29:00,2788.2595770725848,0.0021129940096830087
2020-03-24 16:30:00,2779.6117687099195,0.0020871149432480367
2020-03-24 16:31:00,2777.3955602831525,0.0021601859625382104
2020-03-24 16:32:00,2772.644267715554,0.002131680128894564
2020-03-24 16:33:00,2770.2033887621756,0.002126408355037355
2020-03-24 16:34:00,2766.1396483059007,0.0021319391001323944
2020-03-24 16:35:00,2768.1530946156413,0.0021793344176425657
2020-03-24 16:36:00,2762.2898223695192,0.002095142582193129
2020-03-24 16:37:00,2766.5692955831905,0.0021492880978213336
2020-03-24 16:38:00,2769.937343183212,0.0021279877703677843
2020-03-24 16:39:00,2765.3509482557715,0.0021281502676913523
2020-03-24 16:40:00,2761.074827891155,0.002083688795259872
2020-03-24 16:41:00,2756.2041396375184,0.002169360758564175
2020-03-24 16:42:00,2763.1346390899594,0.0022634455232935623
2020-03-24 16:43:00,2758.457988357643,0.0022833618178030577
2020-03-24 16:44:00,2750.4835488363265,0.0022231200697875137
2020-03-24 16:45:00,2758.9044277410344,0.0021836955023152318
2020-03-24 16:46:00,2763.1695930128085,0.002161108645840346
2020-03-24 16:47:00,2756.788628120996,0.0021921618217434027
2020-03-24 16:48:00,2747.330646353397,0.002169152933040221
2020-03-24 16:49:00,2754.1251011655936,0.002158731304228831
2020-03-24 16:50:00,2753.056328990931,0.0022377483282652938
2020-03-24 16:51:00,2742.517852420915,0.002222677748302292
2020-03-24 16:52:00,2744.7149990478333,0.002180130599059381
2020-03-24 16:53:00,2745.093166545553,0.0022056465736230973
2020-03-24 16:54:00,2762.0639125435855,0.0022286509914363163
2020-03-24 16:55:00,2770.9191477302816,0.0022275479685124606
2020-03-24 16:56:00,2771.980862167037,0.00217394016453107
2020-03-24 16:57:00,2766.7842802474674,0.0022060024337024605
2020-03-24 16:58:00,2774.5248286687224,0.0022279980294800795
2020-03-24 16:59:00,2776.2286068654757,0.0022547075271875093
2020-03-24 17:00:00,2769.885973021742,0.0022637130283869006
2020-03-24 17:01:00,2773.657376002605,0.0022033094075310923
2020-03-24 17:02:00,2764.66913955539,0.0021847412462482466
2020-03-24 17:03:00,2769.438307688212,0.002210355879490797
2020-03-24 17:04:00,2758.098593590211,0.0022108554891603033
2020-03-24 17:05:00,2754.0409819281185,0.002186500300770992
2020-03-24 17:06:00,2752.7314851949554,0.002179658929489308
2020-03-24 17:07:00,2765.982912107955,0.002155450419414912
2020-03-24 17:08:00,2765.451967627745,0.002125967230300664
2020-03-24 17:09:00,2764.1979267695224,0.0020774278292185044
2020-03-24 17:10:00,2770.298430768779,0.0020764161681601297
2020-03-24 17:11:00,2766.3148451595366,0.0020766171703361824
2020-03-24 17:12:00,2769.8229029344047,0.0019553904043316207
2020-03-24 17:13:00,2773.3233962515606,0.001939513573696213
2020-03-24 17:14:00,2781.5952350041653,0.0018485074201262358
2020-03-24 17:15:00,2789.4089808211106,0.0019017276294082748
2020-03-24 17:16:00,2799.263200817342,0.001933916185765399
2020-03-24 17:17:00,2806.473499969275,0.0019229365250173663
2020-03-24 17:18:00,2814.306404415633,0.0018497596987452098
2020-03-24 17:19:00,2805.5709179642968,0.00187724863294704
2020-03-24 17:20:00,2808.6821589500873,0.0019056764174602767
2020-03-24 17:21:00,2808.348888460604,0.0019101346623303698
2020-03-24 17:22:00,2803.0053860659536,0.001886925833550924
2020-03-24 17:23:00,2817.0006652839666,0.0018565998206085423
2020-03-24 17:24:00,2811.444001467639,0.0017728462558857041
2020-03-24 17:25:00,2810.954046503912,0.0018452596154934229
2020-03-24 17:26:00,2816.0993541545486,0.0018432236602983077
2020-03-24 17:27:00,2809.1137469186015,0.0018548762787804723
2020-03-24 17:28:00,2806.7335322737435,0.0019425347724044062
2020-03-24 17:29:00,2805.9393918071387,0.001965247568528119
2020-03-24 17:30:00,2799.8719581600376,0.001974969442217056
2020-03-24 17:31:00,2804.879760885374,0.00199042283601359
2020-03-24 17:32:00,2809.872807513491,0.002095563628156323
2020-03-24 17:33:00,2810.105774409595,0.002109330933720986
2020-03-24 17:34:00,2809.4576882746233,0.002158876652958168
2020-03-24 17:35:00,2812.306547655296,0.0021179659726188746
2020-03-24 17:36:00,2814.672734376807,0.0020876313487060132
2020-03-24 17:37:00,2805.294462730518,0.002072662259830564
2020-03-24 17:38:00,2804.173563705395,0.002055228062051925
2020-03-24 17:39:00,2794.7273045853003,0.00205195592156564
2020-03-24 17:40:00,2802.802581632096,0.002022698255643445
2020-03-24 17:41:00,2806.6382837506253,0.0020067505093335847
2020-03-24 17:42:00,2795.8454581329875,0.002001288486458956
2020-03-24 17:43:00,2793.62342189786,0.0019555467662714238
2020-03-24 17:44:00,2795.6013594939577,0.0019782816802826828
2020-03-24 17:45:00,2792.955474060159,0.002026785126809312
2020-03-24 17:46:00,2791.262103433325,0.002040330541359907
2020-03-24 17:47:00,2793.692800167094,0.0020416889765024196
2020-03-24 17:48:00,2791.8107582976218,0.0020424587048486023
2020-03-24 17:49:00,2799.718373537628,0.001997634297269745
2020-03-24 17:50:00,2789.4449337187216,0.0019796362683238587
2020-03-24 17:51:00,2775.255132864493,0.001997648136273161
2020-03-24 17:52:00,2776.3020960009085,0.00202064805684728
2020-03-24 17:53:00,2781.1334348316623,0.002023548180332308
2020-03-24 17:54:00,2789.0008709641297,0.0020216252106083723
2020-03-24 17:55:00,2798.0936392869135,0.002094116464750225
2020-03-24 17:56:00,2796.2742848223584,0.0021073453308463248
2020-03-24 17:57:00,2794.967630784512,0.002138765360746164
2020-03-24 17:58:00,2794.81533872241,0.0022004309236676256
2020-03-24 17:59:00,2792.420210437953,0.0021630591083423457
2020-03-24 18:00:00,2789.688791555264,0.0021805388230605187
2020-03-24 18:01:00,2783.3059460776917,0.002181528477931114
2020-03-24 18:02:00,2793.545523290475,0.0022229278298803294
2020-03-24 18:03:00,2790.9188025439644,0.0022409440045774304
2020-03-24 18:04:00,2796.413105633978,0.0022515444470200055
2020-03-24 18:05:00,2788.802399516134,0.00218666854628538
2020-03-24 18:06:00,2795.1832701033777,0.0021994168486395363
2020-03-24 18:07:00,2793.762203079105,0.0022583364209682573
2020-03-24 18:08:00,2790.6795001068303,0.0022454224308460025
2020-03-24 18:09:00,2790.8746529976715,0.0022672056847868383
2020-03-24 18:10:00,2788.6383448074603,0.0022471194373865347
2020-03-24 18:11:00,2785.7800295874094,0.0023139100212127496
2020-03-24 18:12:00,2801.859940010109,0.00233494975209982
2020-03-24 18:13:00,2804.555613391572,0.002317346256500083
2020-03-24 18:14:00,2803.5374183815,0.00235654331082762
2020-03-24 18:15:00,2798.6097958739983,0.0024087596551931488
2020-03-24 18:16:00,2790.2745600117896,0.0024088439322629313
2020-03-24 18:17:00,2793.9059333894174,0.002432204042619478
2020-03-24 18:18:00,2798.712592923708,0.0024396558469474104
2020-03-24 18:19:00,2798.5691922443034,0.0023560460681768592
2020-03-24 18:20:00,2793.3879243484807,0.0023723917790617497
2020-03-24 18:21:00,2790.381532923009,0.0023926663401932446
2020-03-24 18:22:00,2789.3574744478324,0.002397688743258627
2020-03-24 18:23:00,2794.9122254702716,0.002339007603012808
2020-03-24 18:24:00,2793.028194620929,0.002266888625341871
2020-03-24 18:25:00,2798.890527233126,0.0022745493702258264
2020-03-24 18:26:00,2797.4628664419847,0.0022321822561497465
2020-03-24 18:27:00,2797.2920642700315,0.0022130009209063934
2020-03-24 18:28:00,2801.0415803058154,0.002226829797970981
2020-03-24 18:29:00,2807.676310611144,0.002236135809619346
2020-03-24 18:30:00,2811.112322962205,0.0022369020273710406
2020-03-24 18:31:00,2806.1786579024815,0.0022420858408658466
2020-03-24 18:32:00,2799.448221110878,0.0022740188087244976
2020-03-24 18:33:00,2789.215169619522,0.0022386388220601186
2020-03-24 18:34:00,2790.21654174911,0.002195572207763988
2020-03-24 18:35:00,2790.8765462561605,0.00222351498845504
2020-03-24 18:36:00,2789.888790520755,0.002140644948542381
2020-03-24 18:37:00,2795.3783411141267,0.002121646953977033
2020-03-24 18:38:00,2802.9370172639146,0.002133583634057402
2020-03-24 18:39:00,2799.806399666299,0.0021425158587501394
2020-03-24 18:40:00,2795.074507686496,0.002066493946056394
2020-03-24 18:41:00,2789.9531714880923,0.0021045864427939546
2020-03-24 18:42:00,2785.3576238003147,0.002083056097305697
2020-03-24 18:43:00,2787.7788061326332,0.0020727652880198747
2020-03-24 18:44:00,2776.930468731866,0.0020528647159635495
2020-03-24 18:45:00,2781.2175665442887,0.0019765348315804736
2020-03-24 18:46:00,2782.6247740594413,0.0019269633682795534
2020-03-24 18:47:00,2790.063470795773,0.0019659865302928585
2020-03-24 18:48:00,2785.8467076316747,0.001956774364776831
2020-03-24 18:49:00,2798.4924210634063,0.0019552742971444613
2020-03-24 18:50:00,2789.3990599215026,0.0019330295538836245
2020-03-24 18:51:00,2786.854619558094,0.001970763445608339
2020-03-24 18:52:00,2792.6976867442986,0.001971598203724162
2020-03-24 18:53:00,2789.8991154921455,0.001991871263193136
2020-03-24 18:54:00,2791.2392888449367,0.0019705254814533103
2020-03-24 18:55:00,2784.6072003568374,0.0019524523597798152
2020-03-24 18:56:00,2785.8163473048417,0.0019664364257007067
2020-03-24 18:57:00,2789.6788268165815,0.0019432347441395539
2020-03-24 18:58:00,2780.83252978514,0.0019114816541865708
2020-03-24 18:59:00,2776.0035209027105,0.0018746739521138377
2020-03-24 19:00:00,2778.470388429081,0.0018344468943034395
2020-03-24 19:01:00,2786.676250277223,0.0018818382699485364
2020-03-24 19:02:00,2780.700250136461,0.0019126351383705264
2020-03-24 19:03:00,2775.7361189586227,0.0018719216569026815
2020-03-24 19:04:00,2772.4662760268957,0.0019008067963528345
2020-03-24 19:05:00,2774.457569334541,0.0019592082980307173
2020-03-24 19:06:00,2772.5961082929457,0.0019643152348468923
2020-03-24 19:07:00,2774.206636240151,0.0019866453412122082
2020-03-24 19:08:00,2769.33746904559,0.0019951006078076767
2020-03-24 19:09:00,2770.517187741357,0.002019345887506317
2020-03-24 19:10:00,2777.5849141104773,0.002000470913555222
2020-03-24 19:11:00,2778.714179808136,0.002010128139361957
2020-03-24 19:12:00,2775.525638762818,0.0021264503078025554
2020-03-24 19:13:00,2774.186808853688,0.0021372291408294853
2020-03-24 19:14:00,2785.640161670976,0.0021065458909938126
2020-03-24 19:15:00,2780.2911698142193,0.0020801868289585233
2020-03-24 19:16:00,2780.298570264566,0.002071425058584978
2020-03-24 19:17:00,2780.138549695717,0.0020540046997929986
2020-03-24 19:18:00,2782.322381377178,0.0020254212978654306
2020-03-24 19:19:00,2786.5727592939515,0.0020875811174687667
2020-03-24 19:20:00,2783.489438346537,0.002054083899828765
2020-03-24 19:21:00,2783.9316163736235,0.0020798069677028476
2020-03-24 19:22:00,2784.11725838874,0.002040915408528895
2020-03-24 19:23:00,2787.035020815206,0.0020097531388089873
2020-03-24 19:24:00,2793.83303223111,0.0019626006217477415
2020-03-24 19:25:00,2795.6681670393477,0.0019442538014122859
2020-03-24 19:26:00,2795.8601219374623,0.0018843017236676697
2020-03-24 19:27:00,2800.1550090208884,0.0018890151562448068
2020-03-24 19:28:00,2804.2394713236736,0.0019095169590699105
2020-03-24 19:29:00,2813.462481183335,0.0018871476022628696
2020-03-24 19:30:00,2809.208531322018,0.0018974403479014865
2020-03-24 19:31:00,2800.8768256800327,0.0018955196632778665
2020-03-24 19:32:00,2795.4230722804114,0.001866797739757934
2020-03-24 19:33:00,2795.4666439641346,0.001792366463682886
2020-03-24 19:34:00,2794.772269794541,0.0018227160993048834
2020-03-24 19:35:00,2779.70750107666,0.0017810509054552867
2020-03-24 19:36:00,2769.982095414651,0.001797849325257914
2020-03-24 19:37:00,2772.5759317088737,0.0017941402551559177
2020-03-24 19:38:00,2773.306634466167,0.0018636099154463134
2020-03-24 19:39:00,2772.9947067826,0.0018231362953342737
2020-03-24 19:40:00,2774.0444364230693,0.0017689985580685629
2020-03-24 19:41:00,2775.3888443165256,0.0017998565516389431
2020-03-24 19:42:00,2766.5216709048423,0.0018203300192706064
2020-03-24 19:43:00,2767.1997222997998,0.0017737657080109436
2020-03-24 19:44:00,2767.937352464276,0.0018459360496461557
2020-03-24 19:45:00,2762.0401314210353,0.0018048106488898514
2020-03-24 19:46:00,2765.10034693137,0.0017496992469136937
2020-03-24 19:47:00,2761.2084602715277,0.0017678769879469487
2020-03-24 19:48:00,2752.3167152039473,0.0017384666234833757
2020-03-24 19:49:00,2763.2462843852886,0.0017398283942438196
2020-03-24 19:50:00,2768.0979255437173,0.0017037795327677315
2020-03-24 19:51:00,2769.8799626642326,0.001703838931993297
2020-03-24 19:52:00,2775.037639307635,0.0016733157343464386
2020-03-24 19:53:00,2773.038691361541,0.0016870418499334544
2020-03-24 19:54:00,2763.3663204137383,0.0016637280203874907
2020-03-24 19:55:00,2759.3739741468175,0.001671614458250258
2020-03-24 19:56:00,2756.778969174049,0.0016847259750328515
2020-03-24 19:57:00,2750.57681943057,0.001662960449175923
2020-03-24 19:58:00,2757.3945496706483,0.0016220913738826928
2020-03-24 19:59:00,2765.0777260633977,0.0016300327528569278
2020-03-25 13:30:00,2804.594517702254,0.0016445825447181095
2020-03-25 13:31:00,2802.698219939942,0.0016020177336374508
2020-03-25 13:32:00,2804.3334945788997,0.0016378155053234508
2020-03-25 13:33:00,2808.174120533726,0.0016501602155416515
2020-03-25 13:34:00,2803.824458344133,0.001594675196481214
2020-03-25 13:35:00,2807.792342691934,0.0015785321437550301
2020-03-25 13:36:00,2805.6190816515646,0.0015819050348737137
2020-03-25 13:37:00,2801.786151939223,0.0016175235962821056
2020-03-25 13:38:00,2799.2074051045392,0.0016340356987458724
2020-03-25 13:39:00,2789.138102411141,0.0016630354866901595
2020-03-25 13:40:00,2789.0910566481257,0.0016706055126375606
2020-03-25 13:41:00,2788.8443366294464,0.0016928123057069456
2020-03-25 13:42:00,2787.938928599405,0.001654906201543635
2020-03-25 13:43:00,2795.759352955933,0.0015851934503819402
2020-03-25 13:44:00,2792.196933825982,0.001564566914880537
2020-03-25 13:45:00,2793.9362040647106,0.0016182655303338019
2020-03-25 13:46:00,2785.7517308362394,0.0016455489239870446
2020-03-25 13:47:00,2782.5862361252894,0.0017140068572597477
2020-03-25 13:48:00,2779.077635556211,0.001717200979784833
2020-03-25 13:49:00,2785.1082620431193,0.0016456025523223965
2020-03-25 13:50:00,2792.6692626966756,0.0016525668015021572
2020-03-25 13:51:00,2794.5603833290156,0.001670264628901882
2020-03-25 13:52:00,2793.810250218621,0.0016505663149583658
2020-03-25 13:53:00,2790.283646446756,0.001678702511179766
2020-03-25 13:54:00,2794.574594936836,0.0016615108767999516
2020-03-25 13:55:00,2793.9272369158402,0.0016848184802813737
2020-03-25 13:56:00,2789.73507074127,0.0016733382179621131
2020-03-25 13:57:00,2788.5277866982574,0.001704855336951897
2020-03-25 13:58:00,2793.0794790171967,0.0016783390907350885
2020-03-25 13:59:00,2791.6252043203053,0.001698170455132196
2020-03-25 14:00:00,2794.4774762838306,0.0016716683895526131
2020-03-25 14:01:00,2794.1633573171384,0.0016644471919611626
2020-03-25 14:02:00,2801.8203615967236,0.0016475188048719867
2020-03-25 14:03:00,2801.331207348218,0.0016804907244600807
2020-03-25 14:04:00,2793.836213242856,0.0017839060035456666
2020-03-25 14:05:00,2790.8641833714987,0.0018346649111190883
2020-03-25 14:06:00,2790.413456592985,0.0018435934322419028
2020-03-25 14:07:00,2784.562559281641,0.0018608150601866
2020-03-25 14:08:00,2789.100524362208,0.001831894979662094
2020-03-25 14:09:00,2795.387156397629,0.0017762322753492102
2020-03-25 14:10:00,2801.978819231045,0.0017661931625911613
2020-03-25 14:11:00,2795.30546266002,0.0017173514883862663
2020-03-25 14:12:00,2807.039889814289,0.0017075324462300981
2020-03-25 14:13:00,2815.0965621923037,0.0017976854800028155
2020-03-25 14:14:00,2808.398577189544,0.0017799346215622088
2020-03-25 14:15:00,2798.8549916199304,0.0017659894937255343
2020-03-25 14:16:00,2797.561763059098,0.0016991813276340919
2020-03-25 14:17:00,2793.8158691332346,0.0017504267196157713
2020-03-25 14:18:00,2793.8646602352223,0.001736876012674304
2020-03-25 14:19:00,2790.9067288309116,0.001816998549829333
2020-03-25 14:20:00,2788.207159541816,0.0017510028175548946
2020-03-25 14:21:00,2782.8753535200194,0.0017860897163814384
2020-03-25 14:22:00,2792.289343378996,0.001847420133085826
2020-03-25 14:23:00,2802.394684724319,0.0018225497750371357
2020-03-25 14:24:00,2798.751155182559,0.0017930190150812545
2020-03-25 14:25:00,2805.326624894781,0.0018391028782803675
2020-03-25 14:26:00,2802.0278339437323,0.00180868591687157
2020-03-25 14:27:00,2808.4599850901177,0.00177715999444931
2020-03-25 14:28:00,2798.7641291913874,0.001791843586613181
2020-03-25 14:29:00,2798.6119399658437,0.0017737695768410243
2020-03-25 14:30:00,2800.627476909683,0.0017460583771640803
2020-03-25 14:31:00,2794.3560843280206,0.0017424730876009732
2020-03-25 14:32:00,2788.353497288807,0.0017513380651766604
2020-03-25 14:33:00,2785.130817130531,0.0017091922667423392
2020-03-25 14:34:00,2790.2680271332956,0.0017539898012800723
2020-03-25 14:35:00,2785.8599906046625,0.0017545957685636494
2020-03-25 14:36:00,2784.3097492655775,0.0017482662869467327
2020-03-25 14:37:00,2786.967341621541,0.0017203239962862772
2020-03-25 14:38:00,2783.4803847336466,0.001745648247175724
2020-03-25 14:39:00,2777.2245598203667,0.0016893411975130825
2020-03-25 14:40:00,2778.4607039155994,0.0016441341519822376
2020-03-25 14:41:00,2780.110708566532,0.0016506119965972981
2020-03-25 14:42:00,2778.540051639245,0.0016592776666532996
2020-03-25 14:43:00,2782.2514042162534,0.00170590374897079
2020-03-25 14:44:00,2786.2524175395956,0.0016876853404026312
2020-03-25 14:45:00,2778.046705299478,0.001677298782801264
2020-03-25 14:46:00,2768.926485514238,0.001661059595332253
2020-03-25 14:47:00,2772.3073182966423,0.0016507021921313668
2020-03-25 14:48:00,2767.066316022017,0.0017138601919006308
2020-03-25 14:49:00,2767.9558374662215,0.001726861194510818
2020-03-25 14:50:00,2774.7693694658483,0.001732511427473313
2020-03-25 14:51:00,2780.404918506594,0.001711529609290687
2020-03-25 14:52:00,2783.435476927289,0.0017135875791449906
2020-03-25 14:53:00,2784.397714523078,0.001659243472105965
2020-03-25 14:54:00,2785.6695048435513,0.00166055942351915
2020-03-25 14:55:00,2787.173890615467,0.0017148613361113025
2020-03-25 14:56:00,2778.266127462745,0.0017996951100353177
2020-03-25 14:57:00,2776.2115491023424,0.0017278434568030244
2020-03-25 14:58:00,2772.599087147408,0.001737214039146364
2020-03-25 14:59:00,2755.4329508879346,0.0017501915486520235
2020-03-25 15:00:00,2755.512113065582,0.0017287345484170383
2020-03-25 15:01:00,2756.3032656545547,0.001716488956280728
2020-03-25 15:02:00,2757.686806731175,0.0016919219019277862
2020-03-25 15:03:00,2755.47686092302,0.0016738113894288172
2020-03-25 15:04:00,2758.8132678923757,0.001724691135934204
2020-03-25 15:05:00,2765.9333183940075,0.0017140193570851683
2020-03-25 15:06:00,2763.758413999602,0.0017208622487869258
2020-03-25 15:07:00,2771.0803886265935,0.0017163340066185643
2020-03-25 15:08:00,2771.2869499113335,0.001719698413817707
2020-03-25 15:09:00,2767.948501444902,0.0017089842441420297
2020-03-25 15:10:00,2765.30732396765,0.0016733551211475634
2020-03-25 15:11:00,2765.077668435524,0.0016756139478499635
2020-03-25 15:12:00,2757.3122905189734,0.001572699312771585
2020-03-25 15:13:00,2759.981134582119,0.0016109282413789726
2020-03-25 15:14:00,2760.0379622355795,0.0016271207416082112
2020-03-25 15:15:00,2762.4260005606952,0.001614959608212936
2020-03-25 15:16:00,2768.5102253716905,0.0015815227378785418
2020-03-25 15:17:00,2767.5888568074683,0.0016337081119685304
2020-03-25 15:18:00,2762.6063545258367,0.0016505829052632852
2020-03-25 15:19:00,2761.2579379442586,0.0016511366499769124
2020-03-25 15:20:00,2760.8729816845757,0.001638757792033256
2020-03-25 15:21:00,2757.4598049449874,0.001661926835304764
2020-03-25 15:22:00,2761.0021090113596,0.0016351962015125991
2020-03-25 15:23:00,2758.70320035939,0.001609770673012832
2020-03-25 15:24:00,2760.7935512889276,0.0016241718588841552
2020-03-25 15:25:00,2760.027316340021,0.0017008381907369175
2020-03-25 15:26:00,2758.8233732101603,0.0016486925250461316
2020-03-25 15:27:00,2756.7047958742746,0.0016465515894014077
2020-03-25 15:28:00,2755.672283802339,0.001600633294690371
2020-03-25 15:29:00,2757.9970095296108,0.0015864147547063779
2020-03-25 15:30:00,2757.719158297346,0.0016213354666178505
2020-03-25 15:31:00,2749.6856317351403,0.001465444037150431
2020-03-25 15:32:00,2750.2682632004185,0.00141008441114774
2020-03-25 15:33:00,2748.9779118668957,0.001347144874057418
2020-03-25 15:34:00,2750.8968464096956,0.0012977369467854715
2020-03-25 15:35:00,2750.9245843358394,0.0012911402301364475
2020-03-25 15:36:00,2751.584851437471,0.0012686829903736875
2020-03-25 15:37:00,2749.9800245924744,0.0012326695166523086
2020-03-25 15:38:00,2751.672715462322,0.0012036746366618854
2020-03-25 15:39:00,2749.832750765053,0.0012072745886514181
2020-03-25 15:40:00,2749.048963431703,0.0012203823443971303
2020-03-25 15:41:00,2752.723573477146,0.0011974718042400867
2020-03-25 15:42:00,2750.0692778255193,0.001110566272881103
2020-03-25 15:43:00,2748.701449927688,0.001150507453641679
2020-03-25 15:44:00,2752.711508645773,0.0012158852640369816
2020-03-25 15:45:00,2743.094961471371,0.0012638890016209718
2020-03-25 15:46:00,2743.8569077878315,0.001321393049175898
2020-03-25 15:47:00,2749.348142919424,0.0013484478511461052
2020-03-25 15:48:00,2744.2590850144566,0.0012948939440681803
2020-03-25 15:49:00,2742.507088506926,0.0012604360378296944
2020-03-25 15:50:00,2742.617850610135,0.0012510231908213086
2020-03-25 15:51:00,2744.759192036365,0.0012595380921019193
2020-03-25 15:52:00,2744.548982524601,0.0012704625500669171
2020-03-25 15:53:00,2742.188179389933,0.0012622403066875518
2020-03-25 15:54:00,2750.167328626481,0.0013304495232432723
2020-03-25 15:55:00,2748.8793463953866,0.0013609011377663583
2020-03-25 15:56:00,2750.665765100605,0.0013455919456368333
2020-03-25 15:57:00,2752.501854540968,0.0013534208257522057
2020-03-25 15:58:00,2753.8407009956704,0.0013195028266740337
2020-03-25 15:59:00,2751.59355106267,0.001264793555103598
2020-03-25 16:00:00,2754.7064936806305,0.0012741769397347905
2020-03-25 16:01:00,2762.536259749285,0.001221596432709424
2020-03-25 16:02:00,2757.857816308397,0.0012983715356246351
2020-03-25 16:03:00,2755.3747443021607,0.0012457390930915094
2020-03-25 16:04:00,2757.794028271357,0.0013036250965586997
2020-03-25 16:05:00,2754.427993753719,0.001324393647636649
2020-03-25 16:06:00,2755.7434908949203,0.0013598701601246935
2020-03-25 16:07:00,2751.6731883559246,0.001336206163494306
2020-03-25 16:08:00,2746.179900549547,0.0013856727945941746
2020-03-25 16:09:00,2746.7967323787407,0.0013725830888408092
2020-03-25 16:10:00,2751.2388250642266,0.0013500967175520957
2020-03-25 16:11:00,2749.534929626129,0.0013669516921797475
2020-03-25 16:12:00,2755.1170500562976,0.0014498742805462291
2020-03-25 16:13:00,2749.1993435364298,0.0014301308935185282
2020-03-25 16:14:00,2749.2396803322495,0.0014665518453662835
2020-03-25 16:15:00,2756.380954253956,0.0014587219398229986
2020-03-25 16:16:00,2767.5316101343747,0.0013996200392906108
2020-03-25 16:17:00,2773.1444209022293,0.0013692617465189435
2020-03-25 16:18:00,2776.816531563987,0.0013611449307620327
2020-03-25 16:19:00,2782.946558660729,0.0013539338689212135
2020-03-25 16:20:00,2778.4932537488476,0.0013662957497814255
2020-03-25 16:21:00,2781.5646141814086,0.0013452839507404433
2020-03-25 16:22:00,2783.276746869878,0.00132431444641687
2020-03-25 16:23:00,2785.9090024765346,0.0012885528272691738
2020-03-25 16:24:00,2787.8993041141666,0.0012687439649897683
2020-03-25 16:25:00,2787.31701573608,0.001248571565143904
2020-03-25 16:26:00,2788.9866304577677,0.0012901448863502558
2020-03-25 16:27:00,2788.267072261703,0.0012908950441915964
2020-03-25 16:28:00,2785.278961701502,0.001223631887798179
2020-03-25 16:29:00,2783.3080258412383,0.0012704606147421588
2020-03-25 16:30:00,2783.474773731485,0.001312527206648065
2020-03-25 16:31:00,2783.163609902072,0.001352491804763889
2020-03-25 16:32:00,2780.51713728071,0.0013472919999762188
2020-03-25 16:33:00,2778.5182682100667,0.0013764693360397864
2020-03-25 16:34:00,2776.8354924378423,0.0014534284248932927
2020-03-25 16:35:00,2772.771359560844,0.0014610957114823367
2020-03-25 16:36:00,2771.0245011296843,0.001433356559624309
2020-03-25 16:37:00,2769.5659201620683,0.001374709003457134
2020-03-25 16:38:00,2765.1258200593397,0.0013353690118882017
2020-03-25 16:39:00,2763.5909394136947,0.001334618412514291
2020-03-25 16:40:00,2759.981628984307,0.00129120577418567
2020-03-25 16:41:00,2764.7159808561883,0.0012661669479161898
2020-03-25 16:42:00,2768.0427961923806,0.0012221412573236977
2020-03-25 16:43:00,2767.6440794960863,0.0011788866491532011
2020-03-25 16:44:00,2769.505279340203,0.0012160007052588924
2020-03-25 16:45:00,2764.499974044405,0.0011681642800212533
2020-03-25 16:46:00,2761.3578725000334,0.0010844183354555617
2020-03-25 16:47:00,2759.2709799593745,0.0010637385772692255
2020-03-25 16:48:00,2758.387540231282,0.0010870579542200788
2020-03-25 16:49:00,2759.9047716398886,0.0010775679530452898
2020-03-25 16:50:00,2760.4186815393437,0.0010966353492241042
2020-03-25 16:51:00,2752.836050628953,0.0010632120876123408
2020-03-25 16:52:00,2750.690052048607,0.0010116728577080718
2020-03-25 16:53:00,2748.4272431274494,0.0009567741174809752
2020-03-25 16:54:00,2752.904988140249,0.001005293646898709
2020-03-25 16:55:00,2751.6870808839976,0.00092295055125834
2020-03-25 16:56:00,2751.876006857318,0.0009612899255693308
2020-03-25 16:57:00,2755.3618046820707,0.0009132783274201876
2020-03-25 16:58:00,2754.961498199018,0.0009013296043695604
2020-03-25 16:59:00,2753.275553947512,0.0008937514581408644
2020-03-25 17:00:00,2748.273444645685,0.0009584332174266516
2020-03-25 17:01:00,2745.2888048003724,0.0010028330906697016
2020-03-25 17:02:00,2744.0216319152705,0.0009959545501638865
2020-03-25 17:03:00,2745.7822761729676,0.0010351349149430597
2020-03-25 17:04:00,2745.2337015460894,0.0011047752915080364
2020-03-25 17:05:00,2743.148300248648,0.0010891848771212946
2020-03-25 17:06:00,2742.6139853429536,0.001129733904419561
2020-03-25 17:07:00,2745.285286958221,0.001091227491193805
2020-03-25 17:08:00,2740.3616373925815,0.0010101411390138044
2020-03-25 17:09:00,2743.419075908177,0.0009954192705414467
2020-03-25 17:10:00,2743.081929309719,0.0009802703319466042
2020-03-25 17:11:00,2743.614777324632,0.0008980526930001583
2020-03-25 17:12:00,2742.4040481166558,0.0009596470288975265
2020-03-25 17:13:00,2738.716790884603,0.0009665932218816458
2020-03-25 17:14:00,2738.6794478363395,0.0010162882286476715
2020-03-25 17:15:00,2740.7693104129244,0.001040284186576169
2020-03-25 17:16:00,2744.25917655911,0.000983316669602852
2020-03-25 17:17:00,2743.0748310743993,0.0010484728990915316
2020-03-25 17:18:00,2741.667499570699,0.0010548075857790867
2020-03-25 17:19:00,2746.298385313269,0.001068698366433566
2020-03-25 17:20:00,2743.7486672064615,0.0010448658510425484
2020-03-25 17:21:00,2745.7921345675645,0.0010021886393953418
2020-03-25 17:22:00,2746.9928917630846,0.0009888786455594498
2020-03-25 17:23:00,2749.1209213845473,0.0010362267714656094
2020-03-25 17:24:00,2745.2222416134396,0.00098174423371302
2020-03-25 17:25:00,2747.0264414021462,0.0009611493285380259
2020-03-25 17:26:00,2746.734804127475,0.0009560040630132998
2020-03-25 17:27:00,2749.0263988513098,0.0009374875471912772
2020-03-25 17:28:00,2744.918099211197,0.0009406728076386732
2020-03-25 17:29:00,2745.2782145871115,0.0008685793701864292
2020-03-25 17:30:00,2744.126585213431,0.0008904054063421409
2020-03-25 17:31:00,2743.435962015969,0.0009531746770642362
2020-03-25 17:32:00,2743.394252925424,0.001064648063325307
2020-03-25 17:33:00,2739.1574014623916,0.001105653549429821
2020-03-25 17:34:00,2734.4613399849263,0.0010731465089708094
2020-03-25 17:35:00,2731.208762855226,0.001109748439244589
2020-03-25 17:36:00,2726.4454008887187,0.0010623088667771434
2020-03-25 17:37:00,2726.7759728438546,0.0010260656727908558
2020-03-25 17:38:00,2725.1178884737333,0.0010218275912923852
2020-03-25 17:39:00,2726.148896171235,0.000987415974783243
2020-03-25 17:40:00,2725.8854095422766,0.0009159571611858625
2020-03-25 17:41:00,2728.1474509915483,0.0009169748119680735
2020-03-25 17:42:00,2728.5569954722214,0.0009451332844484723
2020-03-25 17:43:00,2722.368445865203,0.000994442736636629
2020-03-25 17:44:00,2721.8569746399417,0.0010005839227246328
2020-03-25 17:45:00,2718.5360224189703,0.0008540659863094937
2020-03-25 17:46:00,2718.580693404411,0.0008492943015093885
2020-03-25 17:47:00,2719.94478607189,0.0008546922800435709
2020-03-25 17:48:00,2724.2992155502043,0.000869404681711929
2020-03-25 17:49:00,2721.858667381401,0.0009160726116367546
2020-03-25 17:50:00,2721.990087062684,0.0008703209815347159
2020-03-25 17:51:00,2723.9425423792945,0.0008450971720593301
2020-03-25 17:52:00,2723.747139359631,0.000848438192168644
2020-03-25 17:53:00,2724.2581434534254,0.0008589730342667067
2020-03-25 17:54:00,2720.2325067170354,0.0008586448610822762
2020-03-25 17:55:00,2724.958106546499,0.0008926161757200161
2020-03-25 17:56:00,2723.865661491623,0.000905102951889303
2020-03-25 17:57:00,2720.6444675718935,0.0009469802013079788
2020-03-25 17:58:00,2717.9782791433863,0.0010113525113867835
2020-03-25 17:59:00,2718.352736480337,0.0009565632549018682
2020-03-25 18:00:00,2717.618467511097,0.0008889591836063321
2020-03-25 18:01:00,2713.1739562968355,0.0009225053831903967
2020-03-25 18:02:00,2712.498157186826,0.0009618154305264045
2020-03-25 18:03:00,2711.1294690647073,0.000944122479839923
2020-03-25 18:04:00,2712.6077102465238,0.0009742428591118724
2020-03-25 18:05:00,2715.835288377603,0.0010550311179117605
2020-03-25 18:06:00,2711.640607455608,0.0011027386159682133
2020-03-25 18:07:00,2712.533782343851,0.0011005577999503304
2020-03-25 18:08:00,2710.6185153159813,0.0010691350673081297
2020-03-25 18:09:00,2709.9887993550074,0.0010421074341690735
2020-03-25 18:10:00,2710.279316595031,0.00108848374900709
2020-03-25 18:11:00,2712.3477194563943,0.0010358490312086575
2020-03-25 18:12:00,2712.641808847619,0.0011043313076011696
2020-03-25 18:13:00,2711.5528125966125,0.0010691162127942687
2020-03-25 18:14:00,2710.556454744467,0.001125905825912002
2020-03-25 18:15:00,2709.0499649693998,0.001052405500625571
2020-03-25 18:16:00,2710.321348645017,0.0010227127164270232
2020-03-25 18:17:00,2710.3792262048883,0.001024455944491558
2020-03-25 18:18:00,2709.103535970377,0.001015423180455812
2020-03-25 18:19:00,2710.0528642843924,0.00099831117667696
2020-03-25 18:20:00,2710.844314787603,0.0009929099030311082
2020-03-25 18:21:00,2706.977034829478,0.0010439421301635303
2020-03-25 18:22:00,2705.424184420508,0.0010489513565728294
2020-03-25 18:23:00,2706.114106736299,0.0010577438549767054
2020-03-25 18:24:00,2707.6446957603753,0.0010338913754768752
2020-03-25 18:25:00,2709.258075012943,0.0009861489253397645
2020-03-25 18:26:00,2711.2873715539895,0.0009618724017866945
2020-03-25 18:27:00,2718.606830480242,0.000971944975395849
2020-03-25 18:28:00,2716.5901106966553,0.0010069402803374752
2020-03-25 18:29:00,2713.3403955299223,0.0009954433841593468
2020-03-25 18:30:00,2711.303996769829,0.0010336510839236354
2020-03-25 18:31:00,2712.184315053697,0.0010422600266847882
2020-03-25 18:32:00,2712.574442953562,0.0011334342250777158
2020-03-25 18:33:00,2715.7692279095904,0.0011146653113326078
2020-03-25 18:34:00,2718.5363981507376,0.0011195238417170809
2020-03-25 18:35:00,2716.038008556163,0.0010611690711306693
2020-03-25 18:36:00,2712.3849116633746,0.0010388738587595904
2020-03-25 18:37:00,2707.956779146594,0.001042614563099313
2020-03-25 18:38:00,2703.86782782797,0.001036915850504706
2020-03-25 18:39:00,2707.800559950449,0.001054935870010946
2020-03-25 18:40:00,2704.9289015184854,0.0010318822847953572
2020-03-25 18:41:00,2713.0848122622924,0.0010154766705679373
2020-03-25 18:42:00,2712.528080729223,0.0010699621183824864
2020-03-25 18:43:00,2712.923002367869,0.0011046030087010824
2020-03-25 18:44:00,2713.31162859729,0.001109596515297672
2020-03-25 18:45:00,2708.8715570793684,0.0010867977145060988
2020-03-25 18:46:00,2708.954123479569,0.0011167580697792182
2020-03-25 18:47:00,2714.418612197825,0.001152091672103801
2020-03-25 18:48:00,2718.2306658858333,0.0011500228010043745
2020-03-25 18:49:00,2714.6140215168775,0.0011296843971285197
2020-03-25 18:50:00,2714.0554612570604,0.0011322246953854166
2020-03-25 18:51:00,2714.242373096374,0.00114646839007232
2020-03-25 18:52:00,2714.5775796184116,0.00111396515544825
2020-03-25 18:53:00,2709.292183110633,0.0010913961778835793
2020-03-25 18:54:00,2706.5781732285814,0.0010935817261985257
2020-03-25 18:55:00,2708.4657873400465,0.0011028741771223162
2020-03-25 18:56:00,2709.0250976377147,0.0011027694251991443
2020-03-25 18:57:00,2709.420183805757,0.0011341270772809325
2020-03-25 18:58:00,2711.7054072832684,0.0010740418740787093
2020-03-25 18:59:00,2708.5606442250432,0.001076763195119396
2020-03-25 19:00:00,2708.5192698467354,0.0009707506488968125
2020-03-25 19:01:00,2708.0172932509686,0.000942031059272971
2020-03-25 19:02:00,2711.7636309014288,0.000900453748853908
2020-03-25 19:03:00,2709.8591388617997,0.000940433866911734
2020-03-25 19:04:00,2710.184700959333,0.001001089363225095
2020-03-25 19:05:00,2713.2099323843017,0.0009489057941622226
2020-03-25 19:06:00,2714.936123690652,0.000937172862267918
2020-03-25 19:07:00,2714.9434381371143,0.0009684859367471758
2020-03-25 19:08:00,2713.9709568733138,0.000989913905111662
2020-03-25 19:09:00,2714.035639732862,0.0009807130274127533
2020-03-25 19:10:00,2714.748991753266,0.0009816546503002843
2020-03-25 19:11:00,2716.7556182961525,0.0009288849325851245
2020-03-25 19:12:00,2713.990410205616,0.000947921434172623
2020-03-25 19:13:00,2714.00236270637,0.0009121299479899461
2020-03-25 19:14:00,2713.538636900858,0.000863608913062279
2020-03-25 19:15:00,2715.2904957736837,0.0008806402294996034
2020-03-25 19:16:00,2717.628491105291,0.0009405452900084409
2020-03-25 19:17:00,2716.354625418719,0.0009497801780367639
2020-03-25 19:18:00,2714.073847473164,0.0009273307520146685
2020-03-25 19:19:00,2711.0966122103164,0.0008874005425696799
2020-03-25 19:20:00,2711.870800957468,0.0009134357490698654
2020-03-25 19:21:00,2709.7968057411413,0.0008976961779440457
2020-03-25 19:22:00,2712.976371373476,0.0009409344001144221
2020-03-25 19:23:00,2707.7410597334897,0.0009572568379350427
2020-03-25 19:24:00,2707.8202210591126,0.0009626859063558803
2020-03-25 19:25:00,2707.0144645817577,0.0009918913158483453
2020-03-25 19:26:00,2710.0430604732487,0.0009981233816709761
2020-03-25 19:27:00,2709.2785074871495,0.0010273509829996964
2020-03-25 19:28:00,2711.3328205158623,0.0009857220304221532
2020-03-25 19:29:00,2710.237494782368,0.0009447528107300995
2020-03-25 19:30:00,2709.589496159702,0.0009338460046572646
2020-03-25 19:31:00,2709.6622478475933,0.0009270976287956635
2020-03-25 19:32:00,2706.241006531283,0.0009764527535457357
2020-03-25 19:33:00,2701.126662235258,0.0009370074846658473
2020-03-25 19:34:00,2702.844325707453,0.0008745875274363637
2020-03-25 19:35:00,2702.368037582089,0.0009161106393068622
2020-03-25 19:36:00,2706.019007463234,0.0009224754481137931
2020-03-25 19:37:00,2705.9047611327874,0.0008894850170255091
2020-03-25 19:38:00,2709.074165088244,0.0008843246239411412
2020-03-25 19:39:00,2710.2667301044626,0.0008609410964158027
2020-03-25 19:40:00,2714.7196373427228,0.00094712988732017
2020-03-25 19:41:00,2713.1471148587107,0.0008980483006790737
2020-03-25 19:42:00,2707.2826158784756,0.0009247844885592459
2020-03-25 19:43:00,2705.155512192955,0.0009491297002469964
2020-03-25 19:44:00,2704.438192732744,0.000987444686367154
2020-03-25 19:45:00,2704.7599619982293,0.0009393429113751082
2020-03-25 19:46:00,2707.553112926373,0.0010301529499209252
2020-03-25 19:47:00,2709.4280935687593,0.0010767240952177764
2020-03-25 19:48:00,2711.3840928091768,0.0010345257921311052
2020-03-25 19:49:00,2710.6573272005567,0.0010872044886241403
2020-03-25 19:50:00,2715.3735956784008,0.0010471944797610722
2020-03-25 19:51:00,2711.0021380369853,0.001061085327429707
2020-03-25 19:52:00,2711.8131324875635,0.0010773500770364817
2020-03-25 19:53:00,2708.9917221075116,0.001135059809112973
2020-03-25 19:54:00,2703.877622147948,0.00121769327048454
2020-03-25 19:55:00,2705.250732341789,0.001223902667632228
2020-03-25 19:56:00,2704.5228208258036,0.0011580182817804675
2020-03-25 19:57:00,2705.4271928287358,0.0011800155303113523
2020-03-25 19:58:00,2705.6597052302623,0.0011248734192080712
2020-03-25 19:59:00,2706.3824401483425,0.001104236247054513
2020-03-26 13:30:00,2537.2721120752217,0.0010615443821000432
2020-03-26 13:31:00,2539.2896695380273,0.0010878107236629597
2020-03-26 13:32:00,2537.3415716244162,0.00111935404139376
2020-03-26 13:33:00,2535.8670359594107,0.0011601254896661424
2020-03-26 13:34:00,2529.2058973793014,0.0011732252767071478
2020-03-26 13:35:00,2525.14734813274,0.00115023547090405
2020-03-26 13:36:00,2529.9719927923775,0.0011757222694611482
2020-03-26 13:37:00,2531.532265039143,0.001194000769278768
2020-03-26 13:38:00,2531.190030879144,0.00115547048567036
2020-03-26 13:39:00,2530.6093737317137,0.0011334465394064871
2020-03-26 13:40:00,2528.3143757041794,0.0011216133198264106
2020-03-26 13:41:00,2522.1032668727103,0.001099545991402419
2020-03-26 13:42:00,2518.628357710038,0.001136800703800535
2020-03-26 13:43:00,2519.9750776718784,0.0011151202764998706
2020-03-26 13:44:00,2520.9253594938136,0.0011048150724013881
2020-03-26 13:45:00,2518.1253012126476,0.0010790395311993997
2020-03-26 13:46:00,2517.480122433466,0.0010056613398808343
2020-03-26 13:47:00,2519.8977001661638,0.0009921498134828754
2020-03-26 13:48:00,2517.6084085937887,0.0009623521013438855
2020-03-26 13:49:00,2518.630490348848,0.0009510123114093886
2020-03-26 13:50:00,2520.365557543342,0.001021338066570174
2020-03-26 13:51:00,2516.2977818094414,0.0009154890662398928
2020-03-26 13:52:00,2517.735904092656,0.0009175690322227601
2020-03-26 13:53:00,2521.0952858934183,0.0008996600369172525
2020-03-26 13:54:00,2518.7220533478285,0.0008348992068419629
2020-03-26 13:55:00,2517.934039589903,0.000817363327426802
2020-03-26 13:56:00,2522.162542045433,0.0008795023892938596
2020-03-26 13:57:00,2525.439302261454,0.0009368774482133608
2020-03-26 13:58:00,2523.805079271813,0.0009060304150192041
2020-03-26 13:59:00,2525.9488555024573,0.0009417910493148046
2020-03-26 14:00:00,2526.108974060724,0.0009657500644325885
2020-03-26 14:01:00,2530.116338637581,0.0009435062354017343
2020-03-26 14:02:00,2528.6330256487977,0.0009779495624138255
2020-03-26 14:03:00,2528.7044007006234,0.0009970973108192362
2020-03-26 14:04:00,2536.263898774797,0.0009619090022448968
2020-03-26 14:05:00,2533.567083522659,0.0010345627303473288
2020-03-26 14:06:00,2532.714098261656,0.0010910844955519501
2020-03-26 14:07:00,2530.72025637897,0.0011160165946574455
2020-03-26 14:08:00,2534.301357021704,0.001088715192604044
2020-03-26 14:09:00,2534.4440981288994,0.0010920616618295407
2020-03-26 14:10:00,2535.71460713295,0.0011741668566444075
2020-03-26 14:11:00,2531.512706667936,0.0011277344167147669
2020-03-26 14:12:00,2536.606410762243,0.001165551985793052
2020-03-26 14:13:00,2542.0143828854016,0.001189854891393326
2020-03-26 14:14:00,2544.470643232813,0.0011521432383297526
2020-03-26 14:15:00,2545.8273956909197,0.0011369860545386212
2020-03-26 14:16:00,2545.517931957022,0.0011420577173265635
2020-03-26 14:17:00,2546.5182375302584,0.0011594186458421805
2020-03-26 14:18:00,2548.791534385878,0.0011655333368158001
2020-03-26 14:19:00,2550.8150255659657,0.0011740795342864575
2020-03-26 14:20:00,2548.822076033097,0.001191938203687376
2020-03-26 14:21:00,2543.9434676239484,0.0011909871238095294
2020-03-26 14:22:00,2541.723602767387,0.0011801171782138203
2020-03-26 14:23:00,2535.9949922514106,0.0011793194753461126
2020-03-26 14:24:00,2538.02937511531,0.0011783466349702943
2020-03-26 14:25:00,2542.6889550217647,0.0011989038170987277
2020-03-26 14:26:00,2550.721874032425,0.0012523541061265362
2020-03-26 14:27:00,2553.3199778512053,0.0012525423393546546
2020-03-26 14:28:00,2548.8328090528453,0.0012543245113801043
2020-03-26 14:29:00,2550.406019020858,0.001195619633770289
2020-03-26 14:30:00,2547.31333123161,0.0011781779150665571
2020-03-26 14:31:00,2544.557148465213,0.0011838586340447098
2020-03-26 14:32:00,2540.172955856968,0.0011273059426472039
2020-03-26 14:33:00,2535.8714873835133,0.0011112117952814683
2020-03-26 14:34:00,2536.990143847132,0.001110156279843907
2020-03-26 14:35:00,2540.614492209295,0.0011670568651479549
2020-03-26 14:36:00,2542.202393575758,0.0012402644075693219
2020-03-26 14:37:00,2543.1320480946174,0.001221546908971267
2020-03-26 14:38:00,2542.2720219897838,0.0012705191012750393
2020-03-26 14:39:00,2544.9502738979313,0.0012713235846385526
2020-03-26 14:40:00,2547.2987278046994,0.001163816791661758
2020-03-26 14:41:00,2546.6133163071204,0.0012465091646908888
2020-03-26 14:42:00,2547.436822708704,0.0012234045147910637
2020-03-26 14:43:00,2544.85830487044,0.0012557326795254165
2020-03-26 14:44:00,2546.880883377629,0.0011904015549620655
2020-03-26 14:45:00,2549.9812568850266,0.0011173019512247262
2020-03-26 14:46:00,2548.7273413522116,0.001184431865905738
2020-03-26 14:47:00,2549.3037557963753,0.0011838855276420203
2020-03-26 14:48:00,2544.1795315754703,0.0011756796422180368
2020-03-26 14:49:00,2544.1281859965957,0.001192914108071339
2020-03-26 14:50:00,2543.3003030574673,0.0012412153211931432
2020-03-26 14:51:00,2541.2294428780783,0.0012393713859821624
2020-03-26 14:52:00,2537.818685242422,0.0012574667200865848
2020-03-26 14:53:00,2533.990575839835,0.001214939357213501
2020-03-26 14:54:00,2533.107612119032,0.0012017472713702353
2020-03-26 14:55:00,2527.651537051778,0.0011898323345904533
2020-03-26 14:56:00,2528.8061129930948,0.0011684614459623584
2020-03-26 14:57:00,2528.264229396835,0.001159807585711256
2020-03-26 14:58:00,2525.133836669756,0.001176502441972494
2020-03-26 14:59:00,2524.973123109933,0.0011997015670062695
2020-03-26 15:00:00,2524.1332764745475,0.001241758182451666
2020-03-26 15:01:00,2526.460770807817,0.001207867646777713
2020-03-26 15:02:00,2525.178196539736,0.0012677153712970803
2020-03-26 15:03:00,2524.5854435847496,0.0012512504967456166
2020-03-26 15:04:00,2525.529616143072,0.0011905835364387398
2020-03-26 15:05:00,2522.6611577828157,0.0012013029982796593
2020-03-26 15:06:00,2523.9662468340543,0.001148768099591544
2020-03-26 15:07:00,2521.7534366921395,0.0011394185542684858
2020-03-26 15:08:00,2520.455598936274,0.0011233917056854184
2020-03-26 15:09:00,2519.082799893427,0.0011536684922763103
2020-03-26 15:10:00,2515.6029264697395,0.001122738009539186
2020-03-26 15:11:00,2521.9771391632294,0.001048369183126589
2020-03-26 15:12:00,2521.027356705195,0.0010626592894086718
2020-03-26 15:13:00,2522.169311447972,0.0010624398018147772
2020-03-26 15:14:00,2515.6311138604838,0.0011265176665271601
2020-03-26 15:15:00,2516.0211919976864,0.0011304829456232563
2020-03-26 15:16:00,2512.735896829544,0.0012047236390159417
2020-03-26 15:17:00,2517.2909450063125,0.001254979789630583
2020-03-26 15:18:00,2513.610051613478,0.001232762541270018
2020-03-26 15:19:00,2516.4407921209704,0.0012443151679068622
2020-03-26 15:20:00,2517.7848326088306,0.0012345146818662377
2020-03-26 15:21:00,2517.198397587639,0.0011650658645408268
2020-03-26 15:22:00,2514.0429090108396,0.0012265078318812357
2020-03-26 15:23:00,2512.9817052927756,0.0012536728947913046
2020-03-26 15:24:00,2510.8689019917256,0.0012768470751986767
2020-03-26 15:25:00,2513.877121792674,0.0012831548548303021
2020-03-26 15:26:00,2515.081527970984,0.0013090294516224926
2020-03-26 15:27:00,2517.768626888414,0.0013174811188582697
2020-03-26 15:28:00,2520.5112494145037,0.0013442675630086294
2020-03-26 15:29:00,2526.9610638191866,0.0013329902242024045
2020-03-26 15:30:00,2530.6601908621474,0.0013415593126546545
2020-03-26 15:31:00,2529.724256996374,0.0013506043460581143
2020-03-26 15:32:00,2530.6240144023436,0.0013397214947781053
2020-03-26 15:33:00,2524.771185247285,0.0013450322167987752
2020-03-26 15:34:00,2519.858999947801,0.0013484530786403229
2020-03-26 15:35:00,2518.723827939965,0.001297236816969075
2020-03-26 15:36:00,2510.875106341362,0.0012935332009592064
2020-03-26 15:37:00,2512.475050606947,0.0013223695116979877
2020-03-26 15:38:00,2518.1783347820447,0.001302234908841578
2020-03-26 15:39:00,2510.835449377884,0.001353838794303482
2020-03-26 15:40:00,2517.177290136337,0.0013640759764055918
2020-03-26 15:41:00,2517.296227933241,0.001353595158750384
2020-03-26 15:42:00,2514.2342111036974,0.001344599684052639
2020-03-26 15:43:00,2520.4452941273385,0.0013446210275616084
2020-03-26 15:44:00,2519.792921404015,0.001336877460706711
2020-03-26 15:45:00,2519.436592453597,0.0013165606736025006
2020-03-26 15:46:00,2520.5541957938103,0.0013118994649349823
2020-03-26 15:47:00,2522.9810209003163,0.0012912736264108638
2020-03-26 15:48:00,2527.246929283663,0.001289892057726784
2020-03-26 15:49:00,2528.981610633192,0.001339899553926289
2020-03-26 15:50:00,2524.3887579527545,0.001315702272623105
2020-03-26 15:51:00,2519.9068440812575,0.001371459551027789
2020-03-26 15:52:00,2516.327244408684,0.0013607293626840722
2020-03-26 15:53:00,2518.225989718779,0.001311058067615232
2020-03-26 15:54:00,2515.1007109045695,0.0013141441894239329
2020-03-26 15:55:00,2512.36359815319,0.0013085142176007892
2020-03-26 15:56:00,2505.1763071944943,0.0013188044024688634
2020-03-26 15:57:00,2509.433429768087,0.0013727728232208458
2020-03-26 15:58:00,2511.7082894190303,0.001350570849490409
2020-03-26 15:59:00,2512.6731517853655,0.001322622711405607
2020-03-26 16:00:00,2508.999787030301,0.0012389786230542663
2020-03-26 16:01:00,2507.1306458481004,0.001236497316439833
2020-03-26 16:02:00,2508.289249004497,0.0012408942288206215
2020-03-26 16:03:00,2512.230179809743,0.0012020401410676464
2020-03-26 16:04:00,2505.7588829612523,0.0011933079893419764
2020-03-26 16:05:00,2503.8990984379525,0.0011748356949104395
2020-03-26 16:06:00,2500.1120282134734,0.0011683841341829982
2020-03-26 16:07:00,2498.8001501057443,0.0011179062132394648
2020-03-26 16:08:00,2500.3359388884255,0.0009646467568938263
2020-03-26 16:09:00,2500.4216839534765,0.0008989185489718099
2020-03-26 16:10:00,2501.8578821968817,0.0009069503916799836
2020-03-26 16:11:00,2501.232623920554,0.0009107768831476797
2020-03-26 16:12:00,2502.249473902615,0.0009121947959705423
2020-03-26 16:13:00,2501.397322680969,0.0009129480449482428
2020-03-26 16:14:00,2502.421144197541,0.000955452619146072
2020-03-26 16:15:00,2501.7970925104487,0.0009370211397418233
2020-03-26 16:16:00,2502.6645100818755,0.0009273397200795706
2020-03-26 16:17:00,2500.297201692364,0.0009334697893857553
2020-03-26 16:18:00,2500.512273780067,0.0008927619854933043
2020-03-26 16:19:00,2501.924238560244,0.0008645473913261936
2020-03-26 16:20:00,2503.4060212523946,0.0008184338992827675
2020-03-26 16:21:00,2505.382763358634,0.000802075087474617
2020-03-26 16:22:00,2508.0391302086837,0.0007464685683586153
2020-03-26 16:23:00,2506.1386584111438,0.0007125613968020183
2020-03-26 16:24:00,2503.9280708179463,0.0007003857882719197
2020-03-26 16:25:00,2501.729985445341,0.0007259682792352703
2020-03-26 16:26:00,2501.587339583141,0.0006563964990814685
2020-03-26 16:27:00,2501.3315202810563,0.0006631193165270993
2020-03-26 16:28:00,2500.171038427842,0.0006482582713216586
2020-03-26 16:29:00,2501.133385345732,0.0006300284538190217
2020-03-26 16:30:00,2499.3286246362263,0.000598634742769404
2020-03-26 16:31:00,2497.523249042834,0.0006155726724896177
2020-03-26 16:32:00,2499.7916244322173,0.0005731387087242548
2020-03-26 16:33:00,2496.6961547830924,0.0005680688210766357
2020-03-26 16:34:00,2497.928968186827,0.000602180289315522
2020-03-26 16:35:00,2498.8575629812626,0.0006070428218857607
2020-03-26 16:36:00,2498.1720766295953,0.0006286614734100329
2020-03-26 16:37:00,2497.8146478637514,0.0006069569497427019
2020-03-26 16:38:00,2498.2388733524895,0.0006594777670363825
2020-03-26 16:39:00,2498.6233101650437,0.0006691796160161746
2020-03-26 16:40:00,2499.4834557266795,0.0006928709264596386
2020-03-26 16:41:00,2501.180697567559,0.0007407747705841494
2020-03-26 16:42:00,2499.4596979091716,0.0007422825520305462
2020-03-26 16:43:00,2500.355547360137,0.000732996975316038
2020-03-26 16:44:00,2499.434151915749,0.000733509881915451
2020-03-26 16:45:00,2497.6542634785387,0.0007207042897897445
2020-03-26 16:46:00,2494.128417574985,0.00070847976312607
2020-03-26 16:47:00,2495.13347553153,0.0007141903499131947
2020-03-26 16:48:00,2493.768887773329,0.0007077521145225301
2020-03-26 16:49:00,2495.849711406273,0.0007637674688604036
2020-03-26 16:50:00,2495.19090088012,0.0008217915060561681
2020-03-26 16:51:00,2499.003729843432,0.0008072979747180769
2020-03-26 16:52:00,2498.342406532064,0.0008855566151165306
2020-03-26 16:53:00,2497.0051874535848,0.0009200731650003003
2020-03-26 16:54:00,2497.917817491718,0.0009337542916470217
2020-03-26 16:55:00,2498.4382565734545,0.0009292072897344835
2020-03-26 16:56:00,2499.9199495460107,0.000958619534111751
2020-03-26 16:57:00,2498.1218916507887,0.0009926525229772938
2020-03-26 16:58:00,2497.374902509317,0.0010343403876702005
2020-03-26 16:59:00,2494.8924462339855,0.0010966971960476891
2020-03-26 17:00:00,2497.752715847759,0.0010823992273214728
2020-03-26 17:01:00,2494.698527072416,0.0010765505985348323
2020-03-26 17:02:00,2486.7261189386672,0.0010351987637120259
2020-03-26 17:03:00,2487.740788098542,0.0009567179646705684
2020-03-26 17:04:00,2487.3926637205577,0.0009131019327809146
2020-03-26 17:05:00,2487.3619470209146,0.0008527647584377802
2020-03-26 17:06:00,2487.98502934928,0.0008708907505641298
2020-03-26 17:07:00,2485.076103454631,0.0008768746631526644
2020-03-26 17:08:00,2484.4341565429627,0.0009216962728447521
2020-03-26 17:09:00,2484.5152741674547,0.0008904055941200697
2020-03-26 17:10:00,2484.413857417352,0.0008631186616533147
2020-03-26 17:11:00,2481.712488900216,0.0008488771624734032
2020-03-26 17:12:00,2481.1678961740745,0.0008488877511328888
2020-03-26 17:13:00,2476.866234455248,0.0008550378682174154
2020-03-26 17:14:00,2479.541769304118,0.0008263426750169519
2020-03-26 17:15:00,2478.9556737363673,0.000854491057186872
2020-03-26 17:16:00,2481.1270271917847,0.000934260429593865
2020-03-26 17:17:00,2480.615941780084,0.0008346393599868149
2020-03-26 17:18:00,2481.5719373684838,0.0008211758333920559
2020-03-26 17:19:00,2481.9895216102886,0.0008349424665313662
2020-03-26 17:20:00,2482.836405990767,0.0008143411092072673
2020-03-26 17:21:00,2483.5305676167886,0.0008461748183951128
2020-03-26 17:22:00,2482.5305329729613,0.0008120397155291018
2020-03-26 17:23:00,2479.916595841674,0.0007296520476106324
2020-03-26 17:24:00,2480.2604172274664,0.0007437696479035158
2020-03-26 17:25:00,2478.2339154596357,0.0007505459148202352
2020-03-26 17:26:00,2478.1919520171746,0.0007289469124482518
2020-03-26 17:27:00,2479.883871263128,0.0006950319724637554
2020-03-26 17:28:00,2480.3987790398282,0.0006864705752833863
2020-03-26 17:29:00,2477.7356690770825,0.0007316108026801331
2020-03-26 17:30:00,2478.8298511240296,0.0007214072872705732
2020-03-26 17:31:00,2478.09515026551,0.0006899911384865117
2020-03-26 17:32:00,2478.4167824698384,0.0006686698500716156
2020-03-26 17:33:00,2477.803956945638,0.0007257661653980545
2020-03-26 17:34:00,2480.021788247151,0.0006389443449785861
2020-03-26 17:35:00,2481.0142099838076,0.0006145708984550381
2020-03-26 17:36:00,2480.6575522239627,0.000614516256800066
2020-03-26 17:37:00,2480.1996016735957,0.0006282345234467471
2020-03-26 17:38:00,2481.280191795217,0.0005253585411771506
2020-03-26 17:39:00,2482.4139228533163,0.0005637282929721343
2020-03-26 17:40:00,2483.7870246741454,0.0005635736605457505
2020-03-26 17:41:00,2485.147626446096,0.0006078826844094667
2020-03-26 17:42:00,2483.117804712892,0.0006277604852470106
2020-03-26 17:43:00,2485.163096628951,0.0006842117532354251
2020-03-26 17:44:00,2487.8128314233863,0.0006946028610563559
2020-03-26 17:45:00,2486.459119240762,0.0007218900707147636
2020-03-26 17:46:00,2485.361627961332,0.0007185407722943032
2020-03-26 17:47:00,2485.9108454526863,0.0007304760101272673
2020-03-26 17:48:00,2485.327261423513,0.0007513499190615813
2020-03-26 17:49:00,2484.666104210505,0.0007258623701262583
2020-03-26 17:50:00,2485.837634034454,0.0007231646944948113
2020-03-26 17:51:00,2481.5365591631285,0.0007237291707375518
2020-03-26 17:52:00,2478.908237143189,0.0006675024170035501
2020-03-26 17:53:00,2478.576865727843,0.0006184238744223069
2020-03-26 17:54:00,2477.9430190984453,0.0006048038573496925
2020-03-26 17:55:00,2477.6362551682387,0.0006426255443021146
2020-03-26 17:56:00,2478.837270405037,0.0006360812069985479
2020-03-26 17:57:00,2476.3100465386688,0.0005703370499388423
2020-03-26 17:58:00,2476.465583333687,0.0005836532986008967
2020-03-26 17:59:00,2475.6200489831513,0.0006240409443857481
2020-03-26 18:00:00,2473.509472761666,0.0005864427172925098
2020-03-26 18:01:00,2474.894896219209,0.0005694685587677099
2020-03-26 18:02:00,2475.488222953033,0.0005310380011939676
2020-03-26 18:03:00,2473.1866034618815,0.0005965408683570093
2020-03-26 18:04:00,2473.496674851125,0.0006092067918508572
2020-03-26 18:05:00,2473.9834160781033,0.000587229091375085
2020-03-26 18:06:00,2474.9827673597347,0.000530187757471624
2020-03-26 18:07:00,2475.2860955869023,0.0005326815855687082
2020-03-26 18:08:00,2475.3000474172013,0.0005333028221191755
2020-03-26 18:09:00,2475.821731539246,0.0005019513233442052
2020-03-26 18:10:00,2475.2711437679955,0.0005453348371602753
2020-03-26 18:11:00,2474.595432092405,0.0005403234762144482
2020-03-26 18:12:00,2475.0154759872844,0.0004995244384607389
2020-03-26 18:13:00,2474.8468496555765,0.00047864328016999956
2020-03-26 18:14:00,2474.4043874356316,0.0005066513176897425
2020-03-26 18:15:00,2474.6264683276695,0.0005298412047455432
2020-03-26 18:16:00,2475.2325313682895,0.00043495765892921976
2020-03-26 18:17:00,2478.0057895446585,0.0004774519156209331
2020-03-26 18:18:00,2478.9810206105208,0.0005221963816614409
2020-03-26 18:19:00,2480.332837104293,0.00047364610821164145
2020-03-26 18:20:00,2481.293928023706,0.000504306859048297
2020-03-26 18:21:00,2480.348504930834,0.0005261445524110723
2020-03-26 18:22:00,2480.8818371310463,0.0005210525509295253
2020-03-26 18:23:00,2479.597387917613,0.0005748411326893341
2020-03-26 18:24:00,2478.7104446759486,0.0005507006194112713
2020-03-26 18:25:00,2479.4201367196583,0.0005635012388701411
2020-03-26 18:26:00,2479.242746045026,0.0004968025406874328
2020-03-26 18:27:00,2478.486351601859,0.00048667846104841
2020-03-26 18:28:00,2477.0770601447234,0.00043467540770104397
2020-03-26 18:29:00,2477.8054581620154,0.0004733926040032235
2020-03-26 18:30:00,2476.3655058283803,0.0004669093339669685
2020-03-26 18:31:00,2477.885239397393,0.0004270783202125124
2020-03-26 18:32:00,2477.1295465033577,0.00046323138661514917
2020-03-26 18:33:00,2476.770310639912,0.0004902214343717718
2020-03-26 18:34:00,2478.313684162175,0.0004568749289616744
2020-03-26 18:35:00,2478.730222305226,0.0005081135636609863
2020-03-26 18:36:00,2481.0050772693303,0.0005093832579773702
2020-03-26 18:37:00,2481.140332821199,0.0005027811510980491
2020-03-26 18:38:00,2479.8595254799166,0.00048379164019412863
2020-03-26 18:39:00,2478.8597573328466,0.0004983468975152444
2020-03-26 18:40:00,2480.8048506157716,0.0004603323372467045
2020-03-26 18:41:00,2480.9167054659156,0.0004475186627819019
2020-03-26 18:42:00,2481.2228104855158,0.0004836098716587125
2020-03-26 18:43:00,2483.030823013559,0.0004697220714930845
2020-03-26 18:44:00,2482.0778349683474,0.0005094248439366897
2020-03-26 18:45:00,2480.8043986992534,0.0005049793354909222
2020-03-26 18:46:00,2479.96027618632,0.0004957555196618481
2020-03-26 18:47:00,2480.4851728599147,0.00041744449314636147
2020-03-26 18:48:00,2477.9128058034935,0.00040091699880362663
2020-03-26 18:49:00,2478.692593877867,0.0003675964431390429
2020-03-26 18:50:00,2479.828247056806,0.00037319260269205376
2020-03-26 18:51:00,2481.3256043299643,0.00042956647307486074
2020-03-26 18:52:00,2481.3881489372916,0.0003959587456398678
2020-03-26 18:53:00,2479.75563961557,0.0003922063096330817
2020-03-26 18:54:00,2479.2578570418013,0.00045554277252362013
2020-03-26 18:55:00,2478.737211010591,0.00043804450811813254
2020-03-26 18:56:00,2479.0766204634256,0.00036865655388017624
2020-03-26 18:57:00,2478.3985739828613,0.00040438179968052735
2020-03-26 18:58:00,2477.025321040231,0.0004319414980167648
2020-03-26 18:59:00,2476.9425939382186,0.0004671326428542113
2020-03-26 19:00:00,2475.2334017054905,0.00047854094633971846
2020-03-26 19:01:00,2474.3357697347874,0.00046400086237960355
2020-03-26 19:02:00,2474.35465858315,0.0004351610312086728
2020-03-26 19:03:00,2474.3896936526976,0.0004520639657598448
2020-03-26 19:04:00,2472.5090841322553,0.0005190603482973202
2020-03-26 19:05:00,2471.2499484322525,0.0005401863731677321
2020-03-26 19:06:00,2470.668649554169,0.0005096755998221698
2020-03-26 19:07:00,2472.0567728111105,0.0004954521313807481
2020-03-26 19:08:00,2470.7157643832297,0.0004832898284711365
2020-03-26 19:09:00,2469.6351160976124,0.0005198648893888129
2020-03-26 19:10:00,2468.603215137642,0.0005085292030042039
2020-03-26 19:11:00,2469.5562414047818,0.0005367365396707427
2020-03-26 19:12:00,2467.691731708882,0.0005140996299053341
2020-03-26 19:13:00,2466.2040848850556,0.0005389877834420466
2020-03-26 19:14:00,2467.3384926399085,0.0005729491843691267
2020-03-26 19:15:00,2466.2573435945556,0.0005933153959709726
2020-03-26 19:16:00,2468.662430271411,0.0006050735058393176
2020-03-26 19:17:00,2466.3064272074994,0.000669957785265034
2020-03-26 19:18:00,2466.007798530433,0.000731114463579249
2020-03-26 19:19:00,2467.910810916243,0.0006944444165631996
2020-03-26 19:20:00,2468.5225329738523,0.0006976999198929815
2020-03-26 19:21:00,2469.57980583492,0.000735966501057405
2020-03-26 19:22:00,2469.5740632397515,0.000797090215822443
2020-03-26 19:23:00,2473.472224918133,0.000765081604792293
2020-03-26 19:24:00,2472.8364420451917,0.0007023812502973564
2020-03-26 19:25:00,2467.0259117669716,0.0007394326658235066
2020-03-26 19:26:00,2467.130272158151,0.0007111163669493743
2020-03-26 19:27:00,2467.591681601522,0.0006858855669890456
2020-03-26 19:28:00,2466.477760624454,0.0006948314808016536
2020-03-26 19:29:00,2467.565194729508,0.0007654543393331144
2020-03-26 19:30:00,2466.770413377408,0.0007473287774502571
2020-03-26 19:31:00,2466.466815389691,0.0006790945406691593
2020-03-26 19:32:00,2466.2392004718754,0.0006669416681508377
2020-03-26 19:33:00,2464.678567395253,0.0006352661818080723
2020-03-26 19:34:00,2467.3779962032218,0.0006878790232349328
2020-03-26 19:35:00,2465.0327065811257,0.000752985979978191
2020-03-26 19:36:00,2462.4025079778894,0.0006940373969685763
2020-03-26 19:37:00,2461.146333117528,0.00063267465706927
2020-03-26 19:38:00,2460.790065096467,0.0006354842619368787
2020-03-26 19:39:00,2461.571690387802,0.0006433658704872284
2020-03-26 19:40:00,2463.136270750767,0.0006757391040922688
2020-03-26 19:41:00,2461.8705885892923,0.0007423972912701446
2020-03-26 19:42:00,2467.162710033484,0.0007669413634461029
2020-03-26 19:43:00,2469.1764660385084,0.0007946677192315561
2020-03-26 19:44:00,2470.0153142811523,0.0008718145497341611
2020-03-26 19:45:00,2471.8447929546255,0.0008161264948824882
2020-03-26 19:46:00,2469.820344681446,0.0008001178051762374
2020-03-26 19:47:00,2467.420091743434,0.000873871609863693
2020-03-26 19:48:00,2464.8312008813587,0.0008618133823271025
2020-03-26 19:49:00,2465.174328966104,0.000833749670316041
2020-03-26 19:50:00,2466.4758635292624,0.0009238793788579896
2020-03-26 19:51:00,2464.325552737599,0.0009647993478458176
2020-03-26 19:52:00,2467.470101992376,0.0009578792384244032
2020-03-26 19:53:00,2469.072565674031,0.0009539717640174728
2020-03-26 19:54:00,2466.5599273823136,0.0009588301398347164
2020-03-26 19:55:00,2469.780155039176,0.0008790383684033511
2020-03-26 19:56:00,2468.929484074926,0.0008753961399843551
2020-03-26 19:57:00,2467.771274980508,0.0008800087964045841
2020-03-26 19:58:00,2466.0970488577977,0.000844650821560766
2020-03-26 19:59:00,2466.0994826937963,0.0009132982336162585
2020-03-27 13:30:00,2441.2145232317,0.0008139605704773057
2020-03-27 13:31:00,2437.957392763956,0.0008273086486860752
2020-03-27 13:32:00,2437.99213604742,0.0008915437869958096
2020-03-27 13:33:00,2436.736789325774,0.0008968932591634288
2020-03-27 13:34:00,2434.9317822305143,0.0008486698469956003
2020-03-27 13:35:00,2434.5878788773744,0.0008867328657190163
2020-03-27 13:36:00,2436.1568089660764,0.0008831678697605165
2020-03-27 13:37:00,2434.32375258794,0.000870953932829199
2020-03-27 13:38:00,2433.544793509182,0.0008906298438026212
2020-03-27 13:39:00,2431.892770433851,0.0009362542324077695
2020-03-27 13:40:00,2435.1465604382875,0.0009846138230273586
2020-03-27 13:41:00,2437.899763935011,0.00099080469516132
2020-03-27 13:42:00,2436.9413978207,0.0010046258084507424
2020-03-27 13:43:00,2436.679184189135,0.0010370696273071826
2020-03-27 13:44:00,2437.9588422446454,0.0010551407321044515
2020-03-27 13:45:00,2441.3673538287194,0.0009968531137983631
2020-03-27 13:46:00,2438.800898516,0.000999270360706081
2020-03-27 13:47:00,2439.2532022488995,0.0009556282466863548
2020-03-27 13:48:00,2440.359891213841,0.0008964031521277187
2020-03-27 13:49:00,2440.332982274601,0.0009230503433667773
2020-03-27 13:50:00,2437.8958681685695,0.0009289061265882274
2020-03-27 13:51:00,2438.9860389324194,0.0009429857143781451
2020-03-27 13:52:00,2440.2632045551572,0.001004720609531859
2020-03-27 13:53:00,2438.0518887658395,0.001032947990831636
2020-03-27 13:54:00,2438.346659298071,0.0009278782040010027
2020-03-27 13:55:00,2444.020880706564,0.0009552911407980348
2020-03-27 13:56:00,2440.029495870958,0.0009632386970522826
2020-03-27 13:57:00,2440.344405194452,0.0009709537334902204
2020-03-27 13:58:00,2437.41393897429,0.0009912773973796733
2020-03-27 13:59:00,2440.7626270133055,0.0010041232435133204
2020-03-27 14:00:00,2441.048589908667,0.0010305480289499445
2020-03-27 14:01:00,2441.1437045740972,0.0010060618659196163
2020-03-27 14:02:00,2444.458013857681,0.0009210994293176089
2020-03-27 14:03:00,2446.3997325747328,0.0009284965004243731
2020-03-27 14:04:00,2440.934556695983,0.001031614559973969
2020-03-27 14:05:00,2440.466559615111,0.001078072462381741
2020-03-27 14:06:00,2436.52605682898,0.0011612545530976799
2020-03-27 14:07:00,2435.092529420985,0.0011147838811142372
2020-03-27 14:08:00,2439.253670092799,0.001105870048832354
2020-03-27 14:09:00,2441.6748363046713,0.0011163972070058112
2020-03-27 14:10:00,2439.5020979923233,0.0011407383786812741
2020-03-27 14:11:00,2440.589593511402,0.0011081310998120528
2020-03-27 14:12:00,2445.449853240057,0.0010941869863025891
2020-03-27 14:13:00,2448.418327797138,0.0010972721689443332
2020-03-27 14:14:00,2450.7000726896654,0.0010826723883494802
2020-03-27 14:15:00,2449.955647455946,0.0010498167611714643
2020-03-27 14:16:00,2449.1046378090914,0.001081772168287519
2020-03-27 14:17:00,2450.6281934623553,0.0010731072675274715
2020-03-27 14:18:00,2449.5903114366056,0.0011133438464962153
2020-03-27 14:19:00,2448.8200887924622,0.0010820266214855226
2020-03-27 14:20:00,2445.888462657472,0.0011003644586547214
2020-03-27 14:21:00,2448.091136580023,0.0010942888490958415
2020-03-27 14:22:00,2446.505823597433,0.0011143537394313042
2020-03-27 14:23:00,2442.251080846981,0.0011530920982955003
2020-03-27 14:24:00,2443.2495319064933,0.0011419471633081504
2020-03-27 14:25:00,2440.3533984275273,0.001164311732248706
2020-03-27 14:26:00,2442.254582626655,0.0011694629695395585
2020-03-27 14:27:00,2439.8187556869807,0.0011425541603709457
2020-03-27 14:28:00,2435.753566230882,0.0010956590336378667
2020-03-27 14:29:00,2436.0146053205654,0.0010769368145469244
2020-03-27 14:30:00,2435.161507103269,0.00105133186014306
2020-03-27 14:31:00,2435.1088259538133,0.0010764827044149048
2020-03-27 14:32:00,2438.1052737434748,0.0010958252478349723
2020-03-27 14:33:00,2438.016852993555,0.0011278989488038955
2020-03-27 14:34:00,2440.644885475232,0.0011521277215719731
2020-03-27 14:35:00,2438.3439859590094,0.0011000772771750733
2020-03-27 14:36:00,2435.4661652208015,0.0011779090076733801
2020-03-27 14:37:00,2436.4455060929567,0.0011237370990341811
2020-03-27 14:38:00,2437.9902650152835,0.0011772832432833849
2020-03-27 14:39:00,2440.9510556953446,0.00116159651531802
2020-03-27 14:40:00,2439.7143281113163,0.0011714479308240534
2020-03-27 14:41:00,2438.792618803135,0.001167788400670934
2020-03-27 14:42:00,2439.816793038963,0.0011819319258957839
2020-03-27 14:43:00,2437.07711302892,0.0011426713711656848
2020-03-27 14:44:00,2434.0215575715215,0.001148379534063156
2020-03-27 14:45:00,2427.810285306763,0.0010524792055616864
2020-03-27 14:46:00,2424.0177512520686,0.0010510030965613587
2020-03-27 14:47:00,2424.864183242558,0.001096644378729844
2020-03-27 14:48:00,2427.88390397458,0.0010098071018473222
2020-03-27 14:49:00,2426.164746084784,0.0009967608547202871
2020-03-27 14:50:00,2425.9278938093416,0.0009787437360165314
2020-03-27 14:51:00,2424.557904605333,0.0009895752521457695
2020-03-27 14:52:00,2426.573539295053,0.0009985502139086555
2020-03-27 14:53:00,2428.820086227848,0.0009861284481793133
2020-03-27 14:54:00,2432.0154573985033,0.000978580238439271
2020-03-27 14:55:00,2430.769934816774,0.0010605164222854595
2020-03-27 14:56:00,2425.4754235854944,0.001117636469883862
2020-03-27 14:57:00,2428.492090896132,0.001073789201887221
2020-03-27 14:58:00,2420.6791007882325,0.001050948316391464
2020-03-27 14:59:00,2418.2154029292105,0.001086925289055977
2020-03-27 15:00:00,2419.018294847558,0.0011145950928130681
2020-03-27 15:01:00,2419.264251762613,0.001079276526600049
2020-03-27 15:02:00,2422.337539583898,0.0010619386403364253
2020-03-27 15:03:00,2419.780725343527,0.0009867167624928324
2020-03-27 15:04:00,2421.9837007843203,0.0010260479812960826
2020-03-27 15:05:00,2418.699059511334,0.001050342365849741
2020-03-27 15:06:00,2415.6930343199524,0.0009825109194527288
2020-03-27 15:07:00,2419.399379006505,0.0010248859268760693
2020-03-27 15:08:00,2416.7500693241645,0.001017329778605566
2020-03-27 15:09:00,2414.37906449503,0.001042319842955932
2020-03-27 15:10:00,2413.567996460453,0.0010478538707196063
2020-03-27 15:11:00,2414.5694605617746,0.0010234073611900313
2020-03-27 15:12:00,2415.87184955669,0.0010123203320415064
2020-03-27 15:13:00,2416.747572117433,0.0010071845851128214
2020-03-27 15:14:00,2416.992928997135,0.0009555055542557768
2020-03-27 15:15:00,2432.6689417880953,0.0010252427162170483
2020-03-27 15:16:00,2434.274942009793,0.0010724328483358756
2020-03-27 15:17:00,2432.7537323827937,0.0010843312311218424
2020-03-27 15:18:00,2429.15129042038,0.001127598189537313
2020-03-27 15:19:00,2428.9609323560876,0.0010572319918228398
2020-03-27 15:20:00,2427.227841971951,0.0010017869912699344
2020-03-27 15:21:00,2430.2008533046305,0.0009737655360206337
2020-03-27 15:22:00,2430.3654225469704,0.0009399375113636366
2020-03-27 15:23:00,2427.709210737479,0.0009597170772101443
2020-03-27 15:24:00,2430.154602428971,0.0009002280108589317
2020-03-27 15:25:00,2431.145375434203,0.000902332093682722
2020-03-27 15:26:00,2431.5611264502463,0.0009400096795580639
2020-03-27 15:27:00,2431.0822399374774,0.0009883432301747662
2020-03-27 15:28:00,2430.5227490192765,0.0009859515217565352
2020-03-27 15:29:00,2433.510037463187,0.0009444051756111693
2020-03-27 15:30:00,2435.277376363619,0.0009716385828611337
2020-03-27 15:31:00,2435.3647363633695,0.0009460547801821656
2020-03-27 15:32:00,2434.6536229762455,0.0008817362449174805
2020-03-27 15:33:00,2434.576664335697,0.0009055006877579106
2020-03-27 15:34:00,2437.3714303329366,0.0009275214719939486
2020-03-27 15:35:00,2437.9347388877536,0.0009209712166294392
2020-03-27 15:36:00,2438.7649319301668,0.0009133617036513556
2020-03-27 15:37:00,2436.3975488132182,0.0009813316386760745
2020-03-27 15:38:00,2436.6085254138698,0.0009945030712519888
2020-03-27 15:39:00,2437.7035088016937,0.0010195622293479158
2020-03-27 15:40:00,2436.930097969682,0.0010485245594043398
2020-03-27 15:41:00,2435.992238299342,0.0010466847928661525
2020-03-27 15:42:00,2436.706547046345,0.0010399176593808377
2020-03-27 15:43:00,2440.655184163788,0.0010997861563463015
2020-03-27 15:44:00,2440.3069273028714,0.0011302526530255403
2020-03-27 15:45:00,2437.0712612458055,0.0011300639001027395
2020-03-27 15:46:00,2429.3765462591064,0.0011596649429632933
2020-03-27 15:47:00,2425.7542022084695,0.0011305328931105092
2020-03-27 15:48:00,2424.5656268959574,0.0011416862027291811
2020-03-27 15:49:00,2426.4198685524243,0.0011702211717925575
2020-03-27 15:50:00,2424.022527441711,0.0011704707084423925
2020-03-27 15:51:00,2427.977749307216,0.0011919597199246848
2020-03-27 15:52:00,2425.472168901076,0.0012014227217424923
2020-03-27 15:53:00,2424.1766227177714,0.001217230849871436
2020-03-27 15:54:00,2419.4013647074407,0.0012314935817561302
2020-03-27 15:55:00,2415.7877257835835,0.0012064837444178188
2020-03-27 15:56:00,2411.603029437653,0.0012340426211610034
2020-03-27 15:57:00,2404.9284328180993,0.0011389709452482692
2020-03-27 15:58:00,2405.873034410431,0.0011282503624812034
2020-03-27 15:59:00,2404.536831438689,0.0011508993801706553
2020-03-27 16:00:00,2401.8322620475906,0.001183289824489072
2020-03-27 16:01:00,2406.066564310163,0.0011508106909259965
2020-03-27 16:02:00,2404.780037689473,0.0011889086106231723
2020-03-27 16:03:00,2400.910687252708,0.0011556812552959482
2020-03-27 16:04:00,2399.1932187335215,0.0012074767803965832
2020-03-27 16:05:00,2395.195558264477,0.0012420709058270614
2020-03-27 16:06:00,2395.7584739370254,0.0012570015944762575
2020-03-27 16:07:00,2390.808290726806,0.0012766303814479062
2020-03-27 16:08:00,2393.7957582332547,0.0013336315833572367
2020-03-27 16:09:00,2395.5450287402186,0.0013919692031017863
2020-03-27 16:10:00,2393.600473173751,0.0014332389480966744
2020-03-27 16:11:00,2391.1270221441605,0.0014138769765795112
2020-03-27 16:12:00,2392.6391588997403,0.001441854889233285
2020-03-27 16:13:00,2389.7004341703982,0.0014809862080584688
2020-03-27 16:14:00,2391.8070877297923,0.0014735188083512887
2020-03-27 16:15:00,2394.0200862550505,0.001471987381419484
2020-03-27 16:16:00,2395.8783170003558,0.0014008278260426226
2020-03-27 16:17:00,2393.352376120077,0.0013969471814497382
2020-03-27 16:18:00,2392.5703195221763,0.0013739247743966307
2020-03-27 16:19:00,2390.733018177851,0.0013593687914114092
2020-03-27 16:20:00,2397.220884752389,0.0013578329986898403
2020-03-27 16:21:00,2398.0435919037336,0.001377153046580157
2020-03-27 16:22:00,2397.883604653124,0.0013623310157612127
2020-03-27 16:23:00,2394.019125133572,0.0013856666075280268
2020-03-27 16:24:00,2395.0411858905914,0.001377770451972
2020-03-27 16:25:00,2391.843106224942,0.00139346503688614
2020-03-27 16:26:00,2393.6543188931314,0.001335087410867341
2020-03-27 16:27:00,2392.4101107373012,0.0013491200492332684
2020-03-27 16:28:00,2388.5419783187576,0.0013669126738456334
2020-03-27 16:29:00,2392.7137913900306,0.001380290025598085
2020-03-27 16:30:00,2389.913355124613,0.0013987739202992381
2020-03-27 16:31:00,2395.5292803926213,0.0014875095909353008
2020-03-27 16:32:00,2393.72041328068,0.0015019224589795444
2020-03-27 16:33:00,2394.8825536293634,0.0014432979841044766
2020-03-27 16:34:00,2397.5544329551053,0.0013982431629164759
2020-03-27 16:35:00,2398.459803723569,0.0014144372492192708
2020-03-27 16:36:00,2389.3191441401464,0.0014710967978143442
2020-03-27 16:37:00,2387.0914323622887,0.0014407360863784738
2020-03-27 16:38:00,2382.712290566253,0.0013797631620010948
2020-03-27 16:39:00,2382.5959256117485,0.0013036948095945624
2020-03-27 16:40:00,2385.125381627937,0.0013334433221304034
2020-03-27 16:41:00,2380.8297291685644,0.0014688748445208185
2020-03-27 16:42:00,2383.8235557754774,0.0014780013789258955
2020-03-27 16:43:00,2379.6619112144203,0.001517651030628742
2020-03-27 16:44:00,2381.8996951789554,0.0015166977833700236
2020-03-27 16:45:00,2380.0564923360566,0.0015419230127281035
2020-03-27 16:46:00,2378.234458121372,0.00147622128465764
2020-03-27 16:47:00,2377.3355610478666,0.0015409370550814262
2020-03-27 16:48:00,2369.7197495998944,0.0016025245306825738
2020-03-27 16:49:00,2366.2396426758237,0.0015233124669697348
2020-03-27 16:50:00,2372.537272305155,0.0015244454583536074
2020-03-27 16:51:00,2369.873381946417,0.0015218845919994046
2020-03-27 16:52:00,2375.441500391893,0.0015549460586352026
2020-03-27 16:53:00,2378.8230217960345,0.001555231043551395
2020-03-27 16:54:00,2378.135580664348,0.0015260191172287109
2020-03-27 16:55:00,2375.8292654281436,0.0015812557472203294
2020-03-27 16:56:00,2378.5931360288705,0.0015992108894084946
2020-03-27 16:57:00,2370.8955558664284,0.001521296857920724
2020-03-27 16:58:00,2371.907204314556,0.001551951890789635
2020-03-27 16:59:00,2378.922564774856,0.0015718578322368951
2020-03-27 17:00:00,2384.15373394737,0.0016212125654742125
2020-03-27 17:01:00,2384.3246783977497,0.0015759402776244183
2020-03-27 17:02:00,2387.7811980559904,0.0015405902794793768
2020-03-27 17:03:00,2393.0219704380484,0.0015442241816427424
2020-03-27 17:04:00,2394.2092711036908,0.0015344465654883496
2020-03-27 17:05:00,2383.812617090784,0.001549941629060756
2020-03-27 17:06:00,2385.4902084898,0.0015503179744946471
2020-03-27 17:07:00,2385.851329840528,0.0015356843654579446
2020-03-27 17:08:00,2383.2063840765836,0.001503594802325544
2020-03-27 17:09:00,2385.278033849393,0.0014726524105562304
2020-03-27 17:10:00,2388.1607709330633,0.0014202860401346792
2020-03-27 17:11:00,2388.746586201065,0.0014289590665162238
2020-03-27 17:12:00,2391.62343052637,0.001394700035517706
2020-03-27 17:13:00,2389.460549589757,0.001358815506502377
2020-03-27 17:14:00,2389.340915511577,0.0013521601454529748
2020-03-27 17:15:00,2392.7993511319096,0.0014055709903303111
2020-03-27 17:16:00,2396.7248654523146,0.0013955453330403481
2020-03-27 17:17:00,2394.732572050677,0.001340497044130903
2020-03-27 17:18:00,2395.3509458243857,0.0014075935054516913
2020-03-27 17:19:00,2387.6128474536686,0.0013693639055526088
2020-03-27 17:20:00,2390.6456741648635,0.0013221082857983626
2020-03-27 17:21:00,2391.3237541137323,0.0013175745206435942
2020-03-27 17:22:00,2389.6464950169593,0.0012972983995815492
2020-03-27 17:23:00,2394.632528932005,0.0012859910597033243
2020-03-27 17:24:00,2394.9476306450406,0.0012591705980452576
2020-03-27 17:25:00,2396.444540626146,0.0012114896369336886
2020-03-27 17:26:00,2399.6309002363178,0.0012453377299182745
2020-03-27 17:27:00,2400.602248472037,0.0012106995329323402
2020-03-27 17:28:00,2400.958020064478,0.0011850362743224348
2020-03-27 17:29:00,2405.386139523475,0.0011741628631582414
2020-03-27 17:30:00,2408.9375921583114,0.001121316991126639
2020-03-27 17:31:00,2409.370264973063,0.0010925724230721116
2020-03-27 17:32:00,2411.5859187908136,0.00103574699259851
2020-03-27 17:33:00,2413.6880917670924,0.0010386723550479034
2020-03-27 17:34:00,2417.9215697056334,0.0010545602731560845
2020-03-27 17:35:00,2413.2271838223105,0.001083915335001485
2020-03-27 17:36:00,2413.267819837446,0.0011127331771384808
2020-03-27 17:37:00,2414.0482433683237,0.0011256427748212066
2020-03-27 17:38:00,2415.241417974306,0.0011194047280401291
2020-03-27 17:39:00,2413.3755770402922,0.0011265542830813779
2020-03-27 17:40:00,2414.897786358097,0.001143317576326723
2020-03-27 17:41:00,2415.2649751934764,0.0011957337508509088
2020-03-27 17:42:00,2415.286546569437,0.0011795370933286589
2020-03-27 17:43:00,2413.0359869810927,0.001170567029586555
2020-03-27 17:44:00,2413.863879295363,0.0012031151440596835
2020-03-27 17:45:00,2413.2772221581536,0.0011825312238494753
2020-03-27 17:46:00,2411.467262333855,0.0012027197588535168
2020-03-27 17:47:00,2409.4663908652537,0.0012469083724077196
2020-03-27 17:48:00,2409.7317838023223,0.0012699753570459163
2020-03-27 17:49:00,2410.6194216264357,0.001265469963192207
2020-03-27 17:50:00,2412.220235727464,0.00126621975330503
2020-03-27 17:51:00,2404.332133061806,0.0013142944617512084
2020-03-27 17:52:00,2406.839743477507,0.0012782751991839785
2020-03-27 17:53:00,2412.2570543010856,0.0013306306833360917
2020-03-27 17:54:00,2415.5639820196934,0.0013057784971442165
2020-03-27 17:55:00,2413.0758613796547,0.001337948123058522
2020-03-27 17:56:00,2409.612794745191,0.0013215124147423279
2020-03-27 17:57:00,2406.5902907986724,0.0013745013922526778
2020-03-27 17:58:00,2404.343512280256,0.0013701622280411752
2020-03-27 17:59:00,2403.6502043856253,0.001322795384599777
2020-03-27 18:00:00,2408.126878297664,0.001309639255646471
2020-03-27 18:01:00,2408.121258217159,0.0013198168793331429
2020-03-27 18:02:00,2406.544916880997,0.0013220722604343567
2020-03-27 18:03:00,2400.202408629322,0.0012825044058050177
2020-03-27 18:04:00,2398.66047752285,0.0012292261703067998
2020-03-27 18:05:00,2400.7550678887997,0.0012178573797351625
2020-03-27 18:06:00,2404.233591448703,0.0012184392014869567
2020-03-27 18:07:00,2405.2290252428456,0.0012169960544811255
2020-03-27 18:08:00,2405.17614483804,0.0011895358585758203
2020-03-27 18:09:00,2403.208112763712,0.0011496814420164842
2020-03-27 18:10:00,2400.6815355517233,0.0011638292434594192
2020-03-27 18:11:00,2399.2665112342306,0.0011824346278894447
2020-03-27 18:12:00,2396.245190390743,0.001259204189123172
2020-03-27 18:13:00,2399.862971703958,0.0012789268399294475
2020-03-27 18:14:00,2399.713563788129,0.0013178429785630384
2020-03-27 18:15:00,2398.676558510933,0.001368633399384937
2020-03-27 18:16:00,2401.408305054627,0.0014012938621843043
2020-03-27 18:17:00,2400.0239514576624,0.001386845892937614
2020-03-27 18:18:00,2394.763051334136,0.0014487726316190117
2020-03-27 18:19:00,2392.8585787748684,0.0014403016349703124
2020-03-27 18:20:00,2386.636210666574,0.0014355336142643656
2020-03-27 18:21:00,2381.762550259086,0.0014866420351971248
2020-03-27 18:22:00,2384.8881326965966,0.0014657028421465243
2020-03-27 18:23:00,2388.1872347219683,0.0014595166639406983
2020-03-27 18:24:00,2387.8262747743966,0.0014576496579063252
2020-03-27 18:25:00,2383.263432398372,0.0015052789010760364
2020-03-27 18:26:00,2387.1067190002896,0.0014636471113622718
2020-03-27 18:27:00,2385.275831976465,0.001429872023022437
2020-03-27 18:28:00,2389.129339677451,0.0014966280167511108
2020-03-27 18:29:00,2389.7441212759963,0.0015259571301877337
2020-03-27 18:30:00,2394.7124576513115,0.0015117836406378458
2020-03-27 18:31:00,2391.0745568388616,0.001481314613500519
2020-03-27 18:32:00,2389.4508027654974,0.0014390168906872431
2020-03-27 18:33:00,2390.941620073146,0.0014157684839061536
2020-03-27 18:34:00,2393.764134909244,0.001403088019249661
2020-03-27 18:35:00,2399.619358621847,0.001360381186872153
2020-03-27 18:36:00,2401.6912840693444,0.0013341542162303276
2020-03-27 18:37:00,2407.1266671564304,0.0013128225303026119
2020-03-27 18:38:00,2408.4308989614333,0.001326444632244512
2020-03-27 18:39:00,2413.8141067855536,0.0013038600336529739
2020-03-27 18:40:00,2413.56787136864,0.0013231554785235098
2020-03-27 18:41:00,2413.0932067817175,0.001373005405454414
2020-03-27 18:42:00,2409.6335189263177,0.0013809473692475438
2020-03-27 18:43:00,2410.2386424636375,0.0013853350086560664
2020-03-27 18:44:00,2406.72584695933,0.0013193422989264698
2020-03-27 18:45:00,2410.328854569572,0.0012932983657202176
2020-03-27 18:46:00,2409.8759093947306,0.0012868010322170604
2020-03-27 18:47:00,2400.5620386562705,0.001295003654161843
2020-03-27 18:48:00,2397.6917943918766,0.0013647227918920299
2020-03-27 18:49:00,2380.572111533525,0.0013489365111268457
2020-03-27 18:50:00,2384.639179943272,0.0012882344291488073
2020-03-27 18:51:00,2380.620943839314,0.0012997943285163985
2020-03-27 18:52:00,2379.277773183754,0.0012977400533713088
2020-03-27 18:53:00,2378.3145129969175,0.0012557767842012045
2020-03-27 18:54:00,2377.002415270201,0.0013006900751347742
2020-03-27 18:55:00,2376.0733807750494,0.0013548302304517649
2020-03-27 18:56:00,2377.6341724325357,0.0014124435300984345
2020-03-27 18:57:00,2380.6636874710994,0.001444335194144172
2020-03-27 18:58:00,2375.6452503054434,0.001443692862661274
2020-03-27 18:59:00,2370.19440539879,0.0014503930810330769
2020-03-27 19:00:00,2364.572057694821,0.0014385727600012377
2020-03-27 19:01:00,2358.177400881372,0.001432956427673852
2020-03-27 19:02:00,2363.4599966837654,0.0014532844103930023
2020-03-27 19:03:00,2362.2034556785584,0.001386248080229113
2020-03-27 19:04:00,2369.923406844349,0.001314641365292914
2020-03-27 19:05:00,2371.6547268951604,0.0013653791318429405
2020-03-27 19:06:00,2372.0603792379165,0.0013003428331330668
2020-03-27 19:07:00,2370.556617107928,0.001304758346635693
2020-03-27 19:08:00,2373.5188581141106,0.0012594628310856604
2020-03-27 19:09:00,2372.1087879517704,0.001302097449716853
2020-03-27 19:10:00,2373.135659551977,0.0013503446071866175
2020-03-27 19:11:00,2368.3450042831264,0.0013086656782691677
2020-03-27 19:12:00,2368.9227706365214,0.001369412543787917
2020-03-27 19:13:00,2368.0567820399447,0.001448352567066214
2020-03-27 19:14:00,2370.790412838913,0.001507579214584179
2020-03-27 19:15:00,2374.218633747687,0.001492356817105539
2020-03-27 19:16:00,2369.5002259511407,0.0015127540433284284
2020-03-27 19:17:00,2372.700959194979,0.0015670773980158727
2020-03-27 19:18:00,2364.5928375976205,0.0016765043309560418
2020-03-27 19:19:00,2370.0837552400762,0.0016306305033694654
2020-03-27 19:20:00,2366.157554254025,0.0016207294197510842
2020-03-27 19:21:00,2365.811755130176,0.00152153554091097
2020-03-27 19:22:00,2360.291060926529,0.0015437760089808583
2020-03-27 19:23:00,2352.975587513761,0.0016076075671989673
2020-03-27 19:24:00,2349.335562977427,0.001730448806824358
2020-03-27 19:25:00,2349.7596534616478,0.0017049520817253782
2020-03-27 19:26:00,2354.5093566998817,0.001731887897874112
2020-03-27 19:27:00,2349.0425336644394,0.0017198289838031315
2020-03-27 19:28:00,2344.4410434241654,0.0016927195949916702
2020-03-27 19:29:00,2348.5546178250643,0.001715464615588544
2020-03-27 19:30:00,2342.593325755284,0.001718693590035148
2020-03-27 19:31:00,2346.93087575899,0.0017366826083618982
2020-03-27 19:32:00,2348.1922472425845,0.0017143072634648016
2020-03-27 19:33:00,2351.3588261200352,0.0016997854018439317
2020-03-27 19:34:00,2349.1746925769835,0.0017212448608156332
2020-03-27 19:35:00,2343.6814075295156,0.0017106435510887178
2020-03-27 19:36:00,2347.07619399171,0.0017360017907875746
2020-03-27 19:37:00,2352.4529850816007,0.0017691953660306603
2020-03-27 19:38:00,2347.778217407275,0.0018064647034114825
2020-03-27 19:39:00,2346.8917878986254,0.0017778598807491575
2020-03-27 19:40:00,2349.035692298676,0.0017291146685134062
2020-03-27 19:41:00,2341.8082719180034,0.0017314868715560111
2020-03-27 19:42:00,2344.945031516671,0.0017037828435343696
2020-03-27 19:43:00,2345.5886386716884,0.0017058645351409223
2020-03-27 19:44:00,2345.1610706058327,0.0016122119195253477
2020-03-27 19:45:00,2343.7138141416813,0.0016205473111920732
2020-03-27 19:46:00,2343.7720609071903,0.001623445085802551
2020-03-27 19:47:00,2346.4522536754885,0.0016654703052367402
2020-03-27 19:48:00,2346.558695516614,0.001646760532173402
2020-03-27 19:49:00,2343.0563916939145,0.001627929961197439
2020-03-27 19:50:00,2338.6194347431624,0.0016040781315453069
2020-03-27 19:51:00,2335.107987719991,0.0016130350037417234
2020-03-27 19:52:00,2341.1739363762213,0.00158530522904746
2020-03-27 19:53:00,2338.3309884727655,0.0015199988793877532
2020-03-27 19:54:00,2336.7883113840467,0.0015063531966304847
2020-03-27 19:55:00,2351.8562274568576,0.001536059728832718
2020-03-27 19:56:00,2351.3662642108175,0.0015810926025851904
2020-03-27 19:57:00,2346.4187625568125,0.001508297500757982
2020-03-27 19:58:00,2341.4102408733556,0.001566329496999446
2020-03-27 19:59:00,2336.9352943434665,0.0015698933205976172
2020-03-30 13:30:00,2384.1480628650825,0.001506599578085107
2020-03-30 13:31:00,2387.3365853407336,0.001469992850248572
2020-03-30 13:32:00,2388.7806107318065,0.0015028591720885579
2020-03-30 13:33:00,2386.3757606388485,0.0014722814436555515
2020-03-30 13:34:00,2388.5833227072944,0.0014962388448300859
2020-03-30 13:35:00,2391.2175008402023,0.0014064072210961856
2020-03-30 13:36:00,2395.7476717396903,0.0013566098925617892
2020-03-30 13:37:00,2399.114146177384,0.001515278159030289
2020-03-30 13:38:00,2399.645548918678,0.0014537905888220943
2020-03-30 13:39:00,2401.8708207620566,0.0014088073913551388
2020-03-30 13:40:00,2401.085519668102,0.001510733680896216
2020-03-30 13:41:00,2404.017919910501,0.0015482984962880606
2020-03-30 13:42:00,2401.2259296814536,0.0015673476728211976
2020-03-30 13:43:00,2405.5373473420836,0.0016080727827807772
2020-03-30 13:44:00,2408.4271813681835,0.0015839544954845324
2020-03-30 13:45:00,2404.764546884628,0.0016225601781569348
2020-03-30 13:46:00,2403.686391720297,0.001595315820740513
2020-03-30 13:47:00,2398.7319085812833,0.0015785919218356524
2020-03-30 13:48:00,2403.468251605136,0.001513170892858515
2020-03-30 13:49:00,2400.4647504787567,0.0015496674361602778
2020-03-30 13:50:00,2393.437235490936,0.0015933777515805502
2020-03-30 13:51:00,2394.0526057647476,0.0016630214927030383
2020-03-30 13:52:00,2388.2349628434044,0.0016026178035551026
2020-03-30 13:53:00,2391.6387064462033,0.0016096953240156441
2020-03-30 13:54:00,2394.5589678412066,0.0016132398384433426
2020-03-30 13:55:00,2393.022684669832,0.001608033324622853
2020-03-30 13:56:00,2384.6367803462167,0.0016042593093023602
2020-03-30 13:57:00,2376.544620045072,0.0016512169012280141
2020-03-30 13:58:00,2372.6632379972984,0.0016157887335446596
2020-03-30 13:59:00,2375.7128624436086,0.0016292012925951378
2020-03-30 14:00:00,2372.3816015516777,0.0015774153226257614
2020-03-30 14:01:00,2371.073829681028,0.001464060302262485
2020-03-30 14:02:00,2364.7006902053304,0.0015258451542061336
2020-03-30 14:03:00,2363.0055370939367,0.0015654862450690187
2020-03-30 14:04:00,2364.2418038162627,0.0015687860317663488
2020-03-30 14:05:00,2363.179758005189,0.0015763374566906397
2020-03-30 14:06:00,2358.3933081761897,0.0015570887460610795
2020-03-30 14:07:00,2357.286227737908,0.0015206834643610664
2020-03-30 14:08:00,2353.2943461385144,0.0014755500220406676
2020-03-30 14:09:00,2346.8721046709484,0.0015142108021810481
2020-03-30 14:10:00,2342.8450537278986,0.0015224384956230804
2020-03-30 14:11:00,2343.538415513485,0.001472618580987123
2020-03-30 14:12:00,2344.5569718785223,0.0014318304856303565
2020-03-30 14:13:00,2346.1232143164652,0.0014169475511473465
2020-03-30 14:14:00,2347.045914994271,0.0014487148253553195
2020-03-30 14:15:00,2344.0034776766684,0.0014802266869315467
2020-03-30 14:16:00,2343.1745103471953,0.0014471352439180366
2020-03-30 14:17:00,2339.803327772481,0.001460558578580495
2020-03-30 14:18:00,2341.5147894090665,0.0014433947820060831
2020-03-30 14:19:00,2339.0870194401464,0.0013629066949152162
2020-03-30 14:20:00,2335.784745916797,0.0013526818312128864
2020-03-30 14:21:00,2330.887821219963,0.0013507633028323348
2020-03-30 14:22:00,2325.904975224512,0.0013827045468723072
2020-03-30 14:23:00,2328.528214765713,0.0014136048482154434
2020-03-30 14:24:00,2332.4945595446707,0.0014479326422704418
2020-03-30 14:25:00,2336.5109980662914,0.0014834776991790406
2020-03-30 14:26:00,2337.660485030015,0.0014998238483664413
2020-03-30 14:27:00,2335.265196463603,0.001506242868371249
2020-03-30 14:28:00,2344.4321703283695,0.0014788590787444703
2020-03-30 14:29:00,2344.534146598921,0.0015064637605694078
2020-03-30 14:30:00,2339.934594787457,0.0014701530675814603
2020-03-30 14:31:00,2336.565186377682,0.0015173542943144062
2020-03-30 14:32:00,2335.5592802639367,0.0015418528417085852
2020-03-30 14:33:00,2337.1270335648996,0.001637674938461716
2020-03-30 14:34:00,2336.318289384127,0.0016286386434505992
2020-03-30 14:35:00,2340.119399190945,0.001660664337051096
2020-03-30 14:36:00,2338.1178289367626,0.001568332977969736
2020-03-30 14:37:00,2333.7991544283677,0.0015400213246574595
2020-03-30 14:38:00,2330.551885924018,0.0015799515571757836
2020-03-30 14:39:00,2333.2805235424303,0.0015841421694630104
2020-03-30 14:40:00,2333.539648224462,0.0016169382358367295
2020-03-30 14:41:00,2334.456183500929,0.001661013169012858
2020-03-30 14:42:00,2334.7141053819028,0.0017057335045984967
2020-03-30 14:43:00,2341.694093588821,0.0017321379933153242
2020-03-30 14:44:00,2340.7394996200724,0.001761053402349848
2020-03-30 14:45:00,2347.7994090923576,0.0017443255618094157
2020-03-30 14:46:00,2343.514387440169,0.0017047736852962639
2020-03-30 14:47:00,2342.851249063543,0.0017034373940461223
2020-03-30 14:48:00,2346.447601425634,0.0016887336654852199
2020-03-30 14:49:00,2348.325576722621,0.0016552647742346604
2020-03-30 14:50:00,2352.984472727763,0.0016782165543318078
2020-03-30 14:51:00,2344.5994604166594,0.0016685410562579425
2020-03-30 14:52:00,2345.8180201023783,0.0017800452515413685
2020-03-30 14:53:00,2342.3944008928092,0.001771217935096086
2020-03-30 14:54:00,2339.6042671078512,0.0017459064826546398
2020-03-30 14:55:00,2334.6224919044103,0.0016721591278137235
2020-03-30 14:56:00,2339.4716704112307,0.0016389997416643247
2020-03-30 14:57:00,2333.6807708489728,0.0016738929470174807
2020-03-30 14:58:00,2332.7658367383415,0.0016791746513402195
2020-03-30 14:59:00,2331.337633670813,0.00163999271404997
2020-03-30 15:00:00,2333.700745554078,0.0016243113216832634
2020-03-30 15:01:00,2329.4111555309546,0.0015839720389096603
2020-03-30 15:02:00,2330.082398158437,0.0015447099395067654
2020-03-30 15:03:00,2331.5881540852197,0.001623473095600855
2020-03-30 15:04:00,2333.044460556658,0.0016193531960239144
2020-03-30 15:05:00,2334.6955437951383,0.001664024547496711
2020-03-30 15:06:00,2336.727482590244,0.0017200781140620973
2020-03-30 15:07:00,2337.041898976546,0.0017064645978382904
2020-03-30 15:08:00,2335.096836799376,0.0016518536989773688
2020-03-30 15:09:00,2334.484604690831,0.0016153910982431444
2020-03-30 15:10:00,2333.918803450527,0.0015986670929709467
2020-03-30 15:11:00,2327.313850681802,0.0016544105755434838
2020-03-30 15:12:00,2327.6585541012937,0.0015451871841981927
2020-03-30 15:13:00,2333.8243375175684,0.0015133932252271724
2020-03-30 15:14:00,2336.7809217077465,0.0015070536384331583
2020-03-30 15:15:00,2335.159201090407,0.0015613947624495144
2020-03-30 15:16:00,2329.3489856297365,0.0016148721469814835
2020-03-30 15:17:00,2335.0444606331416,0.0015621118472427882
2020-03-30 15:18:00,2335.6238911532796,0.0015533574421106773
2020-03-30 15:19:00,2337.4838958080404,0.0015448458703228927
2020-03-30 15:20:00,2334.1711779177563,0.0015242515921355733
2020-03-30 15:21:00,2330.2222141910916,0.0015331703071140073
2020-03-30 15:22:00,2329.0514278343962,0.0015380426852821417
2020-03-30 15:23:00,2329.513394124752,0.0015407499136865185
2020-03-30 15:24:00,2337.599606539247,0.0015000782159511096
2020-03-30 15:25:00,2337.373083048769,0.0016074343621090322
2020-03-30 15:26:00,2338.6606615188907,0.0016150262274980307
2020-03-30 15:27:00,2331.6548601066793,0.0015551257519201592
2020-03-30 15:28:00,2332.91436112665,0.0016047316261470072
2020-03-30 15:29:00,2338.186266060882,0.0015822867486673087
2020-03-30 15:30:00,2329.614609435712,0.0015553171828315963
2020-03-30 15:31:00,2334.1297230361624,0.0015511181205607374
2020-03-30 15:32:00,2339.80199216594,0.0015392672905696712
2020-03-30 15:33:00,2335.53318329583,0.0015354696215909088
2020-03-30 15:34:00,2338.7406104340507,0.0014577035156102696
2020-03-30 15:35:00,2341.3412539411024,0.0014780524214483238
2020-03-30 15:36:00,2342.0216416861617,0.0014132816866290225
2020-03-30 15:37:00,2341.8059494173744,0.0014529273082720831
2020-03-30 15:38:00,2339.9304011828444,0.0014133144142835237
2020-03-30 15:39:00,2338.912370270948,0.00141684927184677
2020-03-30 15:40:00,2339.8235953009876,0.0014437811930144223
2020-03-30 15:41:00,2344.290562567748,0.001460464846172962
2020-03-30 15:42:00,2342.8506345257124,0.0014920893463862995
2020-03-30 15:43:00,2337.9923877202386,0.0014607125537320583
2020-03-30 15:44:00,2337.1620867759448,0.0014523137708324202
2020-03-30 15:45:00,2338.603975706441,0.0014958441590168855
2020-03-30 15:46:00,2331.0116957648775,0.001457605809184404
2020-03-30 15:47:00,2331.769050374481,0.00148159463978296
2020-03-30 15:48:00,2330.0240143997844,0.0014800514858922353
2020-03-30 15:49:00,2328.042273497897,0.0014709290277890627
2020-03-30 15:50:00,2324.342053582729,0.001519380047041152
2020-03-30 15:51:00,2323.286849951831,0.0015073249918245684
2020-03-30 15:52:00,2323.1090640141842,0.0014759022787704222
2020-03-30 15:53:00,2329.4064141062545,0.0014707200516463283
2020-03-30 15:54:00,2326.6799662996505,0.0014478849200146731
2020-03-30 15:55:00,2329.33169072221,0.001492526302707561
2020-03-30 15:56:00,2322.057268648529,0.0015538574890883797
2020-03-30 15:57:00,2316.0368255740545,0.0016350947936736695
2020-03-30 15:58:00,2315.9512854522895,0.001667073938714156
2020-03-30 15:59:00,2311.3070614416292,0.0016291027116322374
2020-03-30 16:00:00,2308.7994898006077,0.0016329726559746102
2020-03-30 16:01:00,2307.1435995344914,0.0015860743103397366
2020-03-30 16:02:00,2311.528702129399,0.0015638334560156841
2020-03-30 16:03:00,2313.712248414571,0.0015534615454442155
2020-03-30 16:04:00,2309.9125266113297,0.0015874585177674636
2020-03-30 16:05:00,2307.0031166404533,0.0016086247830195237
2020-03-30 16:06:00,2310.3216405385997,0.001639460871614015
2020-03-30 16:07:00,2313.7789337209883,0.0017253425438053713
2020-03-30 16:08:00,2310.1596801412784,0.0017779725121884317
2020-03-30 16:09:00,2312.96829381062,0.0017666741802102469
2020-03-30 16:10:00,2310.081890260001,0.0018111781444494672
2020-03-30 16:11:00,2306.3656293040563,0.0017761457955550164
2020-03-30 16:12:00,2304.3595563053327,0.0018363854284502417
2020-03-30 16:13:00,2302.036700266387,0.0018260118632081452
2020-03-30 16:14:00,2308.4182467470464,0.0018101283284717704
2020-03-30 16:15:00,2308.8154201574475,0.001843298752257623
2020-03-30 16:16:00,2309.0486973063807,0.0017754109391222668
2020-03-30 16:17:00,2297.828831743457,0.001838581527799217
2020-03-30 16:18:00,2301.7577844829852,0.001821282608698201
2020-03-30 16:19:00,2304.184387833125,0.00175080281794027
2020-03-30 16:20:00,2308.7169436141694,0.0017107156126442706
2020-03-30 16:21:00,2307.1424239064454,0.0017651321956564819
2020-03-30 16:22:00,2308.0485399940108,0.0018346034389426114
2020-03-30 16:23:00,2317.3259648334083,0.0018359838496888805
2020-03-30 16:24:00,2320.0442287747333,0.0018683395709382321
2020-03-30 16:25:00,2321.948606249749,0.0018799105850629894
2020-03-30 16:26:00,2318.2514022710925,0.0018596854645823125
2020-03-30 16:27:00,2321.115608252419,0.0019118659113195437
2020-03-30 16:28:00,2320.7872326982556,0.0018453219977707562
2020-03-30 16:29:00,2323.7934909073506,0.0018770792528654946
2020-03-30 16:30:00,2320.319604181945,0.0019153814842143351
2020-03-30 16:31:00,2319.4652080015708,0.0019639775381947474
2020-03-30 16:32:00,2323.2684910887633,0.001968555828917215
2020-03-30 16:33:00,2314.0789844132773,0.002002340672664114
2020-03-30 16:34:00,2319.0518201606774,0.001930151880427968
2020-03-30 16:35:00,2319.14935020406,0.0018947710229726595
2020-03-30 16:36:00,2325.7849553411334,0.001913266276737569
2020-03-30 16:37:00,2330.0631309033743,0.0018991682682552105
2020-03-30 16:38:00,2325.5170806379065,0.0019197991019300987
2020-03-30 16:39:00,2323.2585353748204,0.0019040343662966271
2020-03-30 16:40:00,2323.1443267743675,0.0018703046838294695
2020-03-30 16:41:00,2328.4107055636696,0.0018851869279767801
2020-03-30 16:42:00,2330.870133813273,0.0018751713219036514
2020-03-30 16:43:00,2326.3761381019613,0.001895958430050486
2020-03-30 16:44:00,2324.763355814763,0.0018998370522564608
2020-03-30 16:45:00,2329.918846152986,0.0019210341198185143
2020-03-30 16:46:00,2333.318710703794,0.0018881152207887821
2020-03-30 16:47:00,2327.3600020057843,0.0019201556245729858
2020-03-30 16:48:00,2332.0984098486683,0.0019177840607237674
2020-03-30 16:49:00,2334.9267666558203,0.0019038798661179515
2020-03-30 16:50:00,2329.293997028494,0.0019476695909760786
2020-03-30 16:51:00,2331.8257086739586,0.0019790510413798647
2020-03-30 16:52:00,2332.0669009869416,0.00193006907138125
2020-03-30 16:53:00,2327.1433520073083,0.0019891461272052214
2020-03-30 16:54:00,2331.182355143536,0.0019521997417217356
2020-03-30 16:55:00,2331.926772711989,0.002003420819697637
2020-03-30 16:56:00,2327.984519357398,0.0020326279800089416
2020-03-30 16:57:00,2320.9316250193374,0.002050986083838549
2020-03-30 16:58:00,2317.0135580831484,0.002060657573331647
2020-03-30 16:59:00,2314.857560519284,0.0020389484592352246
2020-03-30 17:00:00,2320.8110654978545,0.002055469443494217
2020-03-30 17:01:00,2320.456911921733,0.0020185304694526184
2020-03-30 17:02:00,2317.9865104612663,0.0020105223004529453
2020-03-30 17:03:00,2319.554864577365,0.0020308808378970106
2020-03-30 17:04:00,2314.9863710714785,0.0020007758117647845
2020-03-30 17:05:00,2314.1047296762367,0.001990394611466554
2020-03-30 17:06:00,2313.851133323209,0.001985514884692472
2020-03-30 17:07:00,2310.0871631153723,0.002002058470477939
2020-03-30 17:08:00,2304.9888472950747,0.001968684100157977
2020-03-30 17:09:00,2303.3355871519525,0.0020070691416759234
2020-03-30 17:10:00,2300.026695527733,0.001999923708295785
2020-03-30 17:11:00,2302.4193036700804,0.002016173496051243
2020-03-30 17:12:00,2307.98399560441,0.001999164399545174
2020-03-30 17:13:00,2312.0228724200592,0.0020259050107643323
2020-03-30 17:14:00,2311.186997978635,0.00201237019505684
2020-03-30 17:15:00,2316.712181039735,0.0020251916065106884
2020-03-30 17:16:00,2308.90619386249,0.002115975575433869
2020-03-30 17:17:00,2315.366632596897,0.002137795838942785
2020-03-30 17:18:00,2314.4477533611926,0.002113473023477499
2020-03-30 17:19:00,2316.975416146081,0.0021343239250269696
2020-03-30 17:20:00,2311.774795414026,0.002095208754305736
2020-03-30 17:21:00,2300.2150960267886,0.0020442562681681326
2020-03-30 17:22:00,2298.400882135163,0.002084958733546295
2020-03-30 17:23:00,2303.339810995084,0.002057099629841559
2020-03-30 17:24:00,2301.67242412905,0.002014652081937967
2020-03-30 17:25:00,2305.6988115007603,0.0020509406959758635
2020-03-30 17:26:00,2294.3201413745123,0.0020393042698003566
2020-03-30 17:27:00,2287.8885947673684,0.001997201463677956
2020-03-30 17:28:00,2295.4267277150934,0.0020568133662165105
2020-03-30 17:29:00,2294.1158618763466,0.0020146144159112864
2020-03-30 17:30:00,2282.8660318337534,0.00202485831404998
2020-03-30 17:31:00,2278.434931883216,0.0019725297415906103
2020-03-30 17:32:00,2274.8374199410496,0.0020187570831710316
2020-03-30 17:33:00,2277.729192639897,0.0020487523275809134
2020-03-30 17:34:00,2275.103988398845,0.0020668382425761446
2020-03-30 17:35:00,2273.198302136821,0.002041593533878542
2020-03-30 17:36:00,2272.462896794046,0.0020305521748430278
2020-03-30 17:37:00,2267.039799832011,0.0020018084664095047
2020-03-30 17:38:00,2261.968755114088,0.0020214971614707705
2020-03-30 17:39:00,2261.418090856448,0.001962760417334428
2020-03-30 17:40:00,2260.0010611396315,0.0019828194936819268
2020-03-30 17:41:00,2264.32038630699,0.0019741552802752115
2020-03-30 17:42:00,2263.0115835570446,0.001995372900464923
2020-03-30 17:43:00,2272.1226121509358,0.0020187711233756733
2020-03-30 17:44:00,2265.7955290634764,0.0020897831495804357
2020-03-30 17:45:00,2273.329311357842,0.0019892464415178506
2020-03-30 17:46:00,2270.264278348827,0.002020071089292308
2020-03-30 17:47:00,2264.3604975397225,0.002047611670520215
2020-03-30 17:48:00,2263.4037534176578,0.002093249560852398
2020-03-30 17:49:00,2263.4088788569775,0.0020844684359959584
2020-03-30 17:50:00,2265.928192800608,0.002118074381310861
2020-03-30 17:51:00,2267.4979126988674,0.0021236880146379717
2020-03-30 17:52:00,2271.624833175427,0.0020989434247963507
2020-03-30 17:53:00,2268.5081719647583,0.0020962559385404437
2020-03-30 17:54:00,2270.8646268078,0.0021333637061092077
2020-03-30 17:55:00,2274.6930603070205,0.002092269282647526
2020-03-30 17:56:00,2277.2208156471015,0.002124352565574039
2020-03-30 17:57:00,2275.6155242433574,0.002023388171991032
2020-03-30 17:58:00,2276.0081862199922,0.002026372555597713
2020-03-30 17:59:00,2274.8128494363186,0.001976230873852129
2020-03-30 18:00:00,2270.6193016876095,0.001967293107548785
2020-03-30 18:01:00,2268.6141697551307,0.0019647293476539804
2020-03-30 18:02:00,2268.032512327607,0.0019979561121335194
2020-03-30 18:03:00,2261.161440304313,0.0019499941479601778
2020-03-30 18:04:00,2262.3332594883573,0.0019234951458823601
2020-03-30 18:05:00,2263.0572563269993,0.0019143741105749198
2020-03-30 18:06:00,2264.3647020460194,0.0019402158778614692
2020-03-30 18:07:00,2261.800644322991,0.0019683260043315332
2020-03-30 18:08:00,2253.1107580163807,0.002062088375892234
2020-03-30 18:09:00,2256.6229631032497,0.00206552383889182
2020-03-30 18:10:00,2259.2095077800245,0.0021278626563893143
2020-03-30 18:11:00,2263.1157103315077,0.002101139540666223
2020-03-30 18:12:00,2259.844384068271,0.002117084834144293
2020-03-30 18:13:00,2257.67605091449,0.0021028775519378842
2020-03-30 18:14:00,2258.966783223247,0.0020838022113402323
2020-03-30 18:15:00,2256.6584489294073,0.0021107442292764666
2020-03-30 18:16:00,2258.71353866389,0.0020382683713309605
2020-03-30 18:17:00,2255.0195572141474,0.002052303052375296
2020-03-30 18:18:00,2249.9965051577115,0.0020060110762293933
2020-03-30 18:19:00,2245.3849215987902,0.0019574806843176548
2020-03-30 18:20:00,2244.0578042335546,0.0019470528312331744
2020-03-30 18:21:00,2245.8266872305194,0.0019456692204113586
2020-03-30 18:22:00,2237.9457709363664,0.001896944489500444
2020-03-30 18:23:00,2237.02424459115,0.0019667178248800464
2020-03-30 18:24:00,2237.4826551646242,0.001989410239549918
2020-03-30 18:25:00,2242.97791345786,0.0019003504739394802
2020-03-30 18:26:00,2241.7587450869632,0.0018949960250743889
2020-03-30 18:27:00,2242.1876771750103,0.0018899267320121123
2020-03-30 18:28:00,2237.9584975445264,0.0019157489649608847
2020-03-30 18:29:00,2239.6579603673035,0.0019072277965446434
2020-03-30 18:30:00,2242.313402854547,0.0018697206084664836
2020-03-30 18:31:00,2240.06398587886,0.001866851145878744
2020-03-30 18:32:00,2240.331111212047,0.001851042161836593
2020-03-30 18:33:00,2239.4883317967874,0.0018390830285545706
2020-03-30 18:34:00,2235.3584465931235,0.0018406453265500298
2020-03-30 18:35:00,2232.9311833173833,0.0018035029305120897
2020-03-30 18:36:00,2231.944472455626,0.0017498487307213702
2020-03-30 18:37:00,2233.3759752494384,0.0018124082017517951
2020-03-30 18:38:00,2238.3634999685196,0.0018516145208800155
2020-03-30 18:39:00,2231.7166252125135,0.0017983685286512593
2020-03-30 18:40:00,2228.524565460641,0.0017953066437055136
2020-03-30 18:41:00,2224.8542294837525,0.0017624985779977381
2020-03-30 18:42:00,2222.2925910855965,0.0017466766020107286
2020-03-30 18:43:00,2224.6141327216023,0.001735821845242565
2020-03-30 18:44:00,2224.4305889494594,0.0017261816813315635
2020-03-30 18:45:00,2226.2982358468053,0.0017238879767705719
2020-03-30 18:46:00,2228.469825221447,0.0017278089808969394
2020-03-30 18:47:00,2229.9067996642307,0.001748576536472411
2020-03-30 18:48:00,2239.44374969411,0.0017691523234156688
2020-03-30 18:49:00,2241.409517145297,0.001792776596927786
2020-03-30 18:50:00,2237.594735825297,0.001840189118935778
2020-03-30 18:51:00,2234.9294068309246,0.0018562045561505065
2020-03-30 18:52:00,2233.8331210345245,0.001895344030204738
2020-03-30 18:53:00,2236.49160559953,0.001915305915760919
2020-03-30 18:54:00,2230.4912865248652,0.0019858434395945857
2020-03-30 18:55:00,2226.004031546055,0.002045786554262851
2020-03-30 18:56:00,2223.7162467289845,0.002006421920254196
2020-03-30 18:57:00,2221.9575555459596,0.0020062894141281663
2020-03-30 18:58:00,2220.799090799868,0.0020612425852193027
2020-03-30 18:59:00,2215.177752848726,0.0021185402918532585
2020-03-30 19:00:00,2214.43031200103,0.0021078693783738245
2020-03-30 19:01:00,2211.3521390144138,0.0021123840477133586
2020-03-30 19:02:00,2212.8698546508554,0.002089139926269975
2020-03-30 19:03:00,2218.910869323482,0.0020798641742832656
2020-03-30 19:04:00,2235.526827219438,0.0020604115587751224
2020-03-30 19:05:00,2232.3212022032008,0.0020277222782632046
2020-03-30 19:06:00,2231.159076434242,0.0020610631164822983
2020-03-30 19:07:00,2229.0097968401656,0.002053805961032058
2020-03-30 19:08:00,2224.3864393973176,0.0020328630143701255
2020-03-30 19:09:00,2224.2593936134563,0.002057028943987122
2020-03-30 19:10:00,2222.122433446306,0.002047964476809763
2020-03-30 19:11:00,2224.4612720094196,0.002068108172196204
2020-03-30 19:12:00,2228.2504059929242,0.002031244278990102
2020-03-30 19:13:00,2223.0908537703112,0.0020597747518106657
2020-03-30 19:14:00,2215.5796730960265,0.0020065570025551618
2020-03-30 19:15:00,2213.31126603596,0.0020659799982031663
2020-03-30 19:16:00,2212.2157384451293,0.0020162076859368563
2020-03-30 19:17:00,2215.047104852845,0.0019417267058765857
2020-03-30 19:18:00,2224.545667778185,0.0019150021654342974
2020-03-30 19:19:00,2219.5037370048713,0.0019407138939475479
2020-03-30 19:20:00,2227.5587023322078,0.002020882404399733
2020-03-30 19:21:00,2236.189054489017,0.0020064323964877648
2020-03-30 19:22:00,2236.835637378075,0.0019729671535898686
2020-03-30 19:23:00,2236.4038216509857,0.0020185894676833546
2020-03-30 19:24:00,2235.723175919721,0.002012543161276541
2020-03-30 19:25:00,2232.34323356842,0.001978653953402236
2020-03-30 19:26:00,2229.56402918975,0.0019610181661347576
2020-03-30 19:27:00,2232.22684788032,0.0020752341833051814
2020-03-30 19:28:00,2241.731989399547,0.0020879539160819733
2020-03-30 19:29:00,2240.8202041855684,0.002068051652507779
2020-03-30 19:30:00,2237.925504664885,0.002083529137235336
2020-03-30 19:31:00,2240.503152486645,0.0021160737385749165
2020-03-30 19:32:00,2237.6348393822186,0.0021037569276278704
2020-03-30 19:33:00,2239.2906659220935,0.002168942220340063
2020-03-30 19:34:00,2244.957694522055,0.0021464114078544767
2020-03-30 19:35:00,2242.4734209040207,0.0021888584123373658
2020-03-30 19:36:00,2239.117906609039,0.002145656354697968
2020-03-30 19:37:00,2247.4476434079747,0.0021736028892655195
2020-03-30 19:38:00,2247.5730352232817,0.0021827879703176247
2020-03-30 19:39:00,2246.910951471669,0.0021018956956762257
2020-03-30 19:40:00,2242.5169845533824,0.002077099239938126
2020-03-30 19:41:00,2240.000339027217,0.002055177612147964
2020-03-30 19:42:00,2235.2937100488484,0.0020637925899019043
2020-03-30 19:43:00,2232.8041092346302,0.002055596972952235
2020-03-30 19:44:00,2236.2500947562753,0.0020114011940551508
2020-03-30 19:45:00,2241.9553543997054,0.0019798539458481877
2020-03-30 19:46:00,2239.7872076381445,0.001989086416417474
2020-03-30 19:47:00,2240.790364779093,0.0019936521646977813
2020-03-30 19:48:00,2239.22743336554,0.0019903410125723994
2020-03-30 19:49:00,2231.631537363805,0.001993796088209558
2020-03-30 19:50:00,2236.3238522642114,0.0020532143626218143
2020-03-30 19:51:00,2231.3388879941226,0.0021080389803230758
2020-03-30 19:52:00,2230.411263904682,0.00215597958430157
2020-03-30 19:53:00,2228.716699644804,0.0021733262715127235
2020-03-30 19:54:00,2230.2932991846587,0.002131613083048921
2020-03-30 19:55:00,2230.9263270960614,0.0021383324093328044
2020-03-30 19:56:00,2230.006742752724,0.002149523846198233
2020-03-30 19:57:00,2225.7807454271538,0.0021454027294505085
2020-03-30 19:58:00,2229.963865857972,0.002204595811777689
2020-03-30 19:59:00,2234.27941452063,0.00214657400076991
2020-03-31 13:30:00,2178.8816218539196,0.002214872257208094
2020-03-31 13:31:00,2172.851272125983,0.002165959612788574
2020-03-31 13:32:00,2174.735140099374,0.0022064704735603393
2020-03-31 13:33:00,2166.7599917285984,0.0021243977452537624
2020-03-31 13:34:00,2159.26769276414,0.002132813756470966
2020-03-31 13:35:00,2160.0943445775024,0.0021115661966012484
2020-03-31 13:36:00,2167.98840234029,0.0021346507555532615
2020-03-31 13:37:00,2169.830006538817,0.0021342645142746718
2020-03-31 13:38:00,2173.8600009951247,0.002100360074852587
2020-03-31 13:39:00,2166.441410852057,0.0021262053829882986
2020-03-31 13:40:00,2169.7732040588485,0.002131830244274237
2020-03-31 13:41:00,2173.3080185750587,0.002123968967775351
2020-03-31 13:42:00,2174.7120462198104,0.0020793530104019358
2020-03-31 13:43:00,2166.9691876439065,0.002118941730895291
2020-03-31 13:44:00,2158.2828462244706,0.0020913162604946287
2020-03-31 13:45:00,2153.8414996116558,0.0020767535648730084
2020-03-31 13:46:00,2158.126991344967,0.0020039730920444476
2020-03-31 13:47:00,2156.941285517065,0.001958025961815909
2020-03-31 13:48:00,2153.4667105223966,0.00191687823557257
2020-03-31 13:49:00,2151.2169287752295,0.0018843518693175986
2020-03-31 13:50:00,2156.011919324308,0.0019241855388190206
2020-03-31 13:51:00,2155.7924767662307,0.0019104066021007045
2020-03-31 13:52:00,2158.051167820184,0.0019222370101509734
2020-03-31 13:53:00,2154.487873251429,0.001903976804098486
2020-03-31 13:54:00,2150.897780041742,0.001786162059224003
2020-03-31 13:55:00,2151.9293220008203,0.0017380983620069249
2020-03-31 13:56:00,2152.950280341759,0.0016971891846107384
2020-03-31 13:57:00,2155.7219370349776,0.0016843548247294227
2020-03-31 13:58:00,2157.1144684213914,0.0016313759219570181
2020-03-31 13:59:00,2155.191875529353,0.001640390355924428
2020-03-31 14:00:00,2159.7958058849217,0.0016455900271800836
2020-03-31 14:01:00,2157.5714532141483,0.0016479591306416536
2020-03-31 14:02:00,2157.4756978917508,0.0016730174126057813
2020-03-31 14:03:00,2152.949292376093,0.0016902525565271468
2020-03-31 14:04:00,2156.009609747814,0.0017083750188068307
2020-03-31 14:05:00,2162.9172036749633,0.0016151763563614697
2020-03-31 14:06:00,2163.263945260843,0.0015550350551987067
2020-03-31 14:07:00,2159.4641527649687,0.0015925150433063688
2020-03-31 14:08:00,2153.6713521267616,0.0015693087458026516
2020-03-31 14:09:00,2154.842313982967,0.001564738387839785
2020-03-31 14:10:00,2157.2019799117725,0.0015660224185506924
2020-03-31 14:11:00,2159.9596880669847,0.001588615304807246
2020-03-31 14:12:00,2164.410513760896,0.0015374554113554775
2020-03-31 14:13:00,2164.1142351852313,0.0015494072046880127
2020-03-31 14:14:00,2163.2941172881046,0.0015268448206816516
2020-03-31 14:15:00,2165.149619937706,0.0014705565299662812
2020-03-31 14:16:00,2164.646792745832,0.001403914607556048
2020-03-31 14:17:00,2160.627431416952,0.0014318172756198383
2020-03-31 14:18:00,2163.7227058667413,0.0015042380938890922
2020-03-31 14:19:00,2162.7046487619186,0.001489522796642061
2020-03-31 14:20:00,2161.5114553787416,0.001573493388597122
2020-03-31 14:21:00,2162.621966417993,0.0015591078888648683
2020-03-31 14:22:00,2157.5313435174157,0.0014892491334700334
2020-03-31 14:23:00,2158.756894667909,0.0014796682815480828
2020-03-31 14:24:00,2157.0624016025695,0.0015377958398093937
2020-03-31 14:25:00,2156.5886720223803,0.0015469729301451046
2020-03-31 14:26:00,2157.491260490954,0.0015482736356130416
2020-03-31 14:27:00,2160.578252077907,0.0015838631172350411
2020-03-31 14:28:00,2160.3330137807,0.0015628495376359055
2020-03-31 14:29:00,2164.147392894628,0.0014420592594863776
2020-03-31 14:30:00,2163.7939003551264,0.0014617039848001088
2020-03-31 14:31:00,2169.3496856093334,0.0014634126090180529
2020-03-31 14:32:00,2168.363765172452,0.001444995808765188
2020-03-31 14:33:00,2163.3769777005173,0.0013302270748204654
2020-03-31 14:34:00,2165.622203727741,0.0013400203386992329
2020-03-31 14:35:00,2168.0068783790257,0.0012718551177912409
2020-03-31 14:36:00,2162.7434713307184,0.00131117743811538
2020-03-31 14:37:00,2160.8658933451734,0.0013137951027395421
2020-03-31 14:38:00,2160.344229229015,0.001293678576114726
2020-03-31 14:39:00,2155.2283924848784,0.001284325790364437
2020-03-31 14:40:00,2153.9595332867057,0.0011789422397601977
2020-03-31 14:41:00,2154.2491894373816,0.001131897285426731
2020-03-31 14:42:00,2154.88371766979,0.0011282334093411397
2020-03-31 14:43:00,2153.90932791197,0.0011775255260944959
2020-03-31 14:44:00,2156.025274337938,0.0012129323436945712
2020-03-31 14:45:00,2156.153214816503,0.0012393006314429982
2020-03-31 14:46:00,2159.9561891992475,0.0012333402097567821
2020-03-31 14:47:00,2159.6583427443384,0.0012374769167506768
2020-03-31 14:48:00,2159.0383865684653,0.0012683351375001471
2020-03-31 14:49:00,2157.3865266820553,0.0012367486736849925
2020-03-31 14:50:00,2161.10782747451,0.00128193541820337
2020-03-31 14:51:00,2166.5117891020695,0.001277490920070099
2020-03-31 14:52:00,2169.8923502662224,0.0012180333218885986
2020-03-31 14:53:00,2172.5337838880882,0.0012653268408563973
2020-03-31 14:54:00,2172.346690144525,0.0012760661761111272
2020-03-31 14:55:00,2168.099046785564,0.0013150003934597212
2020-03-31 14:56:00,2171.9592392559384,0.0013368048160249237
2020-03-31 14:57:00,2170.9262502613715,0.0012915582320306514
2020-03-31 14:58:00,2172.2638556588545,0.0013621171286120962
2020-03-31 14:59:00,2173.1832143487145,0.0014018946711301917
2020-03-31 15:00:00,2171.579763758881,0.001368515093711773
2020-03-31 15:01:00,2171.068618294846,0.0014666888314140804
2020-03-31 15:02:00,2172.406209153607,0.0014485614745693089
2020-03-31 15:03:00,2172.5453940798584,0.0014368568268729239
2020-03-31 15:04:00,2171.9729394935357,0.0014343516781324748
2020-03-31 15:05:00,2178.3852871180216,0.0014722877253583566
2020-03-31 15:06:00,2177.4232905640743,0.0015214038364382708
2020-03-31 15:07:00,2177.119419797653,0.0014338682515443453
2020-03-31 15:08:00,2173.1299809905636,0.0014033559587203286
2020-03-31 15:09:00,2178.0664713957176,0.0014224248952959555
2020-03-31 15:10:00,2179.388380623369,0.001431860076625185
2020-03-31 15:11:00,2177.1198577956766,0.0014236911598088228
2020-03-31 15:12:00,2175.283484404026,0.0014584607938999035
2020-03-31 15:13:00,2174.258922537045,0.0014724392265616812
2020-03-31 15:14:00,2176.386214209167,0.0014787802489091872
2020-03-31 15:15:00,2173.4978781425043,0.0014774437664126841
2020-03-31 15:16:00,2172.7428493916896,0.0014736074640178752
2020-03-31 15:17:00,2169.3779233481564,0.0014859794550169969
2020-03-31 15:18:00,2163.5355832506125,0.0013850027866328907
2020-03-31 15:19:00,2165.4802332223494,0.001395610367760036
2020-03-31 15:20:00,2162.7372043884147,0.0013737807781178104
2020-03-31 15:21:00,2159.6022741472216,0.001375332419511094
2020-03-31 15:22:00,2156.367883181262,0.0013261625223206194
2020-03-31 15:23:00,2156.089233325472,0.0013012927564528807
2020-03-31 15:24:00,2160.136759171165,0.0013217735321361434
2020-03-31 15:25:00,2156.1752175427146,0.0013357332537681683
2020-03-31 15:26:00,2157.613456712379,0.0013410147386158128
2020-03-31 15:27:00,2157.4636802371574,0.0013583853350370213
2020-03-31 15:28:00,2154.36841000991,0.0013444264826457967
2020-03-31 15:29:00,2153.671230535991,0.0013588586109105616
2020-03-31 15:30:00,2154.4142175058646,0.0014118235295364214
2020-03-31 15:31:00,2152.4591836622712,0.0014311067548391549
2020-03-31 15:32:00,2159.19719579985,0.001406003191953633
2020-03-31 15:33:00,2162.4987995494225,0.0013755773179080716
2020-03-31 15:34:00,2165.624832368521,0.0013848250126570591
2020-03-31 15:35:00,2166.3111977874755,0.0013436394304661573
2020-03-31 15:36:00,2167.5725978173978,0.0013715257023640486
2020-03-31 15:37:00,2167.4019393585218,0.0013688596760012748
2020-03-31 15:38:00,2167.052558438697,0.0013102041041125987
2020-03-31 15:39:00,2173.129292702117,0.0013560482171366256
2020-03-31 15:40:00,2172.1604053759725,0.0014021092432258686
2020-03-31 15:41:00,2173.696893207447,0.0014159357715806168
2020-03-31 15:42:00,2173.1980689148836,0.0013916161468590306
2020-03-31 15:43:00,2174.335595898187,0.0013145202135593655
2020-03-31 15:44:00,2173.4240712113324,0.001392967269380593
2020-03-31 15:45:00,2177.381149507264,0.0013517868096075826
2020-03-31 15:46:00,2179.9059649370415,0.0013863314442256218
2020-03-31 15:47:00,2178.608934424789,0.0013333585652335448
2020-03-31 15:48:00,2178.667396385144,0.0014089002018688606
2020-03-31 15:49:00,2176.003237919545,0.0014028272898057945
2020-03-31 15:50:00,2178.5083199442192,0.0013973923442046417
2020-03-31 15:51:00,2176.3972087159596,0.0013613825900182063
2020-03-31 15:52:00,2175.8847560999584,0.0014299579791732819
2020-03-31 15:53:00,2171.875645674223,0.0014636798500584941
2020-03-31 15:54:00,2172.6970833213304,0.0014153795048356438
2020-03-31 15:55:00,2169.4274542899216,0.001359262635499533
2020-03-31 15:56:00,2168.429273697463,0.0013483213339211477
2020-03-31 15:57:00,2169.593001918644,0.0013321356556708758
2020-03-31 15:58:00,2165.9101678884213,0.0012802115991446977
2020-03-31 15:59:00,2164.745346684366,0.0012724734534360473
2020-03-31 16:00:00,2166.6251287586115,0.0013427834551857285
2020-03-31 16:01:00,2164.951303703412,0.0012875978092283876
2020-03-31 16:02:00,2167.365153417153,0.001268003011318713
2020-03-31 16:03:00,2166.1886672672435,0.0012722213768328232
2020-03-31 16:04:00,2164.3828775101965,0.0012580619907633641
2020-03-31 16:05:00,2160.1923388022065,0.0012815459285993526
2020-03-31 16:06:00,2158.01906075619,0.0012788368883918369
2020-03-31 16:07:00,2158.2113205264077,0.001219684422449498
2020-03-31 16:08:00,2156.930526484103,0.0012713029824430034
2020-03-31 16:09:00,2154.724928106407,0.0013057247795640796
2020-03-31 16:10:00,2158.5634607850475,0.00134961693015557
2020-03-31 16:11:00,2156.8597395675615,0.0013759340937724211
2020-03-31 16:12:00,2159.448538329045,0.0014461977940001286
2020-03-31 16:13:00,2158.056278641647,0.0014935699264276771
2020-03-31 16:14:00,2156.0852214079496,0.0014586746862955485
2020-03-31 16:15:00,2157.7441250405377,0.001513547091102228
2020-03-31 16:16:00,2157.4358617358603,0.0014867826692288157
2020-03-31 16:17:00,2156.0154237976662,0.0015560111142989572
2020-03-31 16:18:00,2153.901363501554,0.0016197650909659518
2020-03-31 16:19:00,2153.719632551755,0.0016269225634059031
2020-03-31 16:20:00,2154.1087032017826,0.0015699695169483403
2020-03-31 16:21:00,2157.3098757863468,0.0016218980606705056
2020-03-31 16:22:00,2156.1408962159694,0.0015327238506654785
2020-03-31 16:23:00,2157.5498980343473,0.0015306123901539781
2020-03-31 16:24:00,2156.182143441547,0.0015710066946755452
2020-03-31 16:25:00,2155.425334174691,0.0015501583729147744
2020-03-31 16:26:00,2153.5756095093825,0.0014726330577504007
2020-03-31 16:27:00,2151.007479899794,0.001487411331815319
2020-03-31 16:28:00,2154.5517374211927,0.0014786100657880623
2020-03-31 16:29:00,2154.926915613314,0.001553170918074804
2020-03-31 16:30:00,2153.5648196072543,0.001587021062721959
2020-03-31 16:31:00,2160.2746396571606,0.0015523995590773934
2020-03-31 16:32:00,2153.8922268471515,0.0015615966774316244
2020-03-31 16:33:00,2155.0162942509833,0.0015473666790269162
2020-03-31 16:34:00,2161.2317560607225,0.0016071996940901624
2020-03-31 16:35:00,2159.379954229075,0.0016542721767508328
2020-03-31 16:36:00,2159.528951421468,0.0016080803737800436
2020-03-31 16:37:00,2160.4220128392894,0.0016212845230455704
2020-03-31 16:38:00,2159.7853020451444,0.0015982587281275352
2020-03-31 16:39:00,2161.131055569689,0.0015847399633350425
2020-03-31 16:40:00,2159.833034189629,0.001458015047525874
2020-03-31 16:41:00,2163.343461640656,0.001480553253224826
2020-03-31 16:42:00,2160.2671226693974,0.0014924145989898515
2020-03-31 16:43:00,2164.773049977189,0.0015163289407681725
2020-03-31 16:44:00,2164.352598625676,0.0016031434840892676
2020-03-31 16:45:00,2160.5412404577896,0.0016558292792637323
2020-03-31 16:46:00,2155.944539084733,0.0016692927211537079
2020-03-31 16:47:00,2151.615596240126,0.0016729268470722302
2020-03-31 16:48:00,2160.307009155857,0.0017138869475323997
2020-03-31 16:49:00,2166.3841766980913,0.001705688354536535
2020-03-31 16:50:00,2172.090371886019,0.0016849142684461696
2020-03-31 16:51:00,2175.1704886501157,0.0016699186762343622
2020-03-31 16:52:00,2176.341203466333,0.001589525351775326
2020-03-31 16:53:00,2176.082417129389,0.0016060206164899098
2020-03-31 16:54:00,2174.787275880078,0.0016304154988013198
2020-03-31 16:55:00,2174.42900265417,0.001670544790075349
2020-03-31 16:56:00,2173.281626324571,0.0015845408965944087
2020-03-31 16:57:00,2174.346448813404,0.001566241156323622
2020-03-31 16:58:00,2175.36348649666,0.001563769601508868
2020-03-31 16:59:00,2174.1589233881937,0.0016461811982937766
2020-03-31 17:00:00,2171.576861564995,0.001613886515834536
2020-03-31 17:01:00,2171.7001022459253,0.0016405133209508819
2020-03-31 17:02:00,2172.6130036161344,0.0016317726899027004
2020-03-31 17:03:00,2169.4906312648936,0.0016548804158159952
2020-03-31 17:04:00,2174.599669707362,0.0016424265859586082
2020-03-31 17:05:00,2178.6756914725197,0.0016869456409011178
2020-03-31 17:06:00,2181.1082825650683,0.0016546727697940643
2020-03-31 17:07:00,2176.8087113562233,0.0016790572436478281
2020-03-31 17:08:00,2180.9064646907927,0.0016984857934851801
2020-03-31 17:09:00,2183.5160494601696,0.0016951253826345733
2020-03-31 17:10:00,2185.112139571196,0.0016802763641024336
2020-03-31 17:11:00,2187.7809427477746,0.0016681673063618132
2020-03-31 17:12:00,2187.810449968974,0.0016230037396910175
2020-03-31 17:13:00,2184.4548051636566,0.001593938392900672
2020-03-31 17:14:00,2183.325536959685,0.0015701358967242912
2020-03-31 17:15:00,2185.002096047071,0.0015596716034213295
2020-03-31 17:16:00,2183.0352564417517,0.001529454255404464
2020-03-31 17:17:00,2180.761814062692,0.0015785090095761921
2020-03-31 17:18:00,2184.706267666562,0.001599334715763466
2020-03-31 17:19:00,2183.707415455721,0.0015973289993628332
2020-03-31 17:20:00,2183.250365295619,0.0015359384325763547
2020-03-31 17:21:00,2187.566121435199,0.0015475945162846734
2020-03-31 17:22:00,2187.419179110366,0.0014946938700944642
2020-03-31 17:23:00,2186.2885118131458,0.0014777791153288043
2020-03-31 17:24:00,2191.643084420168,0.0015333847080564237
2020-03-31 17:25:00,2193.215937318387,0.0015016167615726631
2020-03-31 17:26:00,2191.697811582457,0.0014625912409029047
2020-03-31 17:27:00,2189.303612859719,0.0015489028224889448
2020-03-31 17:28:00,2186.0850389811812,0.0015691313452055207
2020-03-31 17:29:00,2179.808951341385,0.0015640780452883124
2020-03-31 17:30:00,2180.707680642475,0.0015388097002849218
2020-03-31 17:31:00,2183.56096520714,0.001566303278735637
2020-03-31 17:32:00,2183.0651561205777,0.0015041044480366582
2020-03-31 17:33:00,2184.231140171099,0.0014277515031016622
2020-03-31 17:34:00,2189.087836356128,0.0014593113060698748
2020-03-31 17:35:00,2186.264642505771,0.0015333892628924004
2020-03-31 17:36:00,2189.4340379899763,0.0014965610931682246
2020-03-31 17:37:00,2190.8015025917543,0.0015526339403868182
2020-03-31 17:38:00,2193.6012294325337,0.0015769095793147355
2020-03-31 17:39:00,2189.0587910450413,0.001599067665121123
2020-03-31 17:40:00,2193.2186252544275,0.0015607281610796535
2020-03-31 17:41:00,2194.229730813131,0.0015417481001748798
2020-03-31 17:42:00,2195.1961362633624,0.0015157653058572613
2020-03-31 17:43:00,2202.1016417976484,0.0015206045496334948
2020-03-31 17:44:00,2197.3951132670045,0.0015438715471740192
2020-03-31 17:45:00,2201.3345784642097,0.0015160835590852253
2020-03-31 17:46:00,2198.953287062183,0.0015251932765555684
2020-03-31 17:47:00,2199.2049053949604,0.0014940446649204236
2020-03-31 17:48:00,2198.76380715653,0.0015022143884112734
2020-03-31 17:49:00,2203.8770529850394,0.0015496273242871258
2020-03-31 17:50:00,2211.1258992655876,0.0016127724072851754
2020-03-31 17:51:00,2208.7660346812077,0.0016985030357196617
2020-03-31 17:52:00,2206.7927548586363,0.00167557530746936
2020-03-31 17:53:00,2209.436267613452,0.0016244804370228775
2020-03-31 17:54:00,2210.534449971136,0.001649838718298785
2020-03-31 17:55:00,2210.911398585665,0.0016161770117335866
2020-03-31 17:56:00,2214.8672949928555,0.00168366000967557
2020-03-31 17:57:00,2212.104378686743,0.0017361962314205142
2020-03-31 17:58:00,2217.0048597055597,0.0018061774984308397
2020-03-31 17:59:00,2209.7454881768044,0.0017975452750419007
2020-03-31 18:00:00,2210.046301001472,0.001805154238227924
2020-03-31 18:01:00,2206.531256923434,0.0017761386944970944
2020-03-31 18:02:00,2199.2183783310243,0.0017806255685574443
2020-03-31 18:03:00,2201.4240249982954,0.0017340253322986115
2020-03-31 18:04:00,2205.4614590876713,0.001685955538133311
2020-03-31 18:05:00,2208.2561951881576,0.0016995089359444359
2020-03-31 18:06:00,2212.3926170707527,0.0016816985167773467
2020-03-31 18:07:00,2212.9024977634017,0.0017061280291905032
2020-03-31 18:08:00,2212.6284831250987,0.001694621298820332
2020-03-31 18:09:00,2210.5163924403737,0.0017324510913076367
2020-03-31 18:10:00,2208.7706156004615,0.0016429173506508485
2020-03-31 18:11:00,2210.1597336311083,0.0016577247658413393
2020-03-31 18:12:00,2209.977890949726,0.0017101405378102303
2020-03-31 18:13:00,2209.435600531881,0.001737565208822627
2020-03-31 18:14:00,2203.602508763877,0.0017312298953435614
2020-03-31 18:15:00,2203.5068784755777,0.0016808574121950101
2020-03-31 18:16:00,2203.2559098338083,0.0016760035828505416
2020-03-31 18:17:00,2198.2863759185725,0.0016722754235622994
2020-03-31 18:18:00,2194.444567198542,0.001722375037201602
2020-03-31 18:19:00,2194.702011229608,0.001741833903861378
2020-03-31 18:20:00,2196.2747217445694,0.0016988862171016608
2020-03-31 18:21:00,2199.782739741041,0.0017181505723715652
2020-03-31 18:22:00,2194.3767629151926,0.001768390152715412
2020-03-31 18:23:00,2195.3384581075084,0.001779676849935552
2020-03-31 18:24:00,2199.4988084053243,0.0017687099404971643
2020-03-31 18:25:00,2199.7199012488218,0.0017356472925168437
2020-03-31 18:26:00,2198.427940954119,0.0018115849901801533
2020-03-31 18:27:00,2199.7556712525375,0.0017396088164080203
2020-03-31 18:28:00,2198.083456077844,0.001717012407920629
2020-03-31 18:29:00,2198.8820183132875,0.0017353991340916513
2020-03-31 18:30:00,2192.564281915889,0.0017322151867314767
2020-03-31 18:31:00,2193.027157389401,0.0017331577788408153
2020-03-31 18:32:00,2201.237715475733,0.001700409639123709
2020-03-31 18:33:00,2202.3873088155065,0.0017322654989702867
2020-03-31 18:34:00,2200.7838515362128,0.00174305714979414
2020-03-31 18:35:00,2202.0717643536846,0.001723935200620877
2020-03-31 18:36:00,2204.7810407362463,0.0016837005080304107
2020-03-31 18:37:00,2195.405903799038,0.0017112624029850675
2020-03-31 18:38:00,2192.0271104542553,0.0016760978167530698
2020-03-31 18:39:00,2193.7577585278946,0.0016516802093434948
2020-03-31 18:40:00,2194.1105481131954,0.0016509428289656792
2020-03-31 18:41:00,2195.528537936276,0.001649188054247771
2020-03-31 18:42:00,2202.347187581304,0.0016263326585869795
2020-03-31 18:43:00,2205.5558648230185,0.0016209545263562765
2020-03-31 18:44:00,2202.8356846800352,0.0016630989638001233
2020-03-31 18:45:00,2208.253232631991,0.001731148720793712
2020-03-31 18:46:00,2203.426794604013,0.001806129838561413
2020-03-31 18:47:00,2204.9976843335376,0.001803693207127952
2020-03-31 18:48:00,2198.420998907196,0.0018330373845621218
2020-03-31 18:49:00,2196.357282502444,0.0018280370624031415
2020-03-31 18:50:00,2190.9944823871556,0.0018657333771551477
2020-03-31 18:51:00,2192.1220462875253,0.001892034358719161
2020-03-31 18:52:00,2191.6904915045407,0.0018989368749054737
2020-03-31 18:53:00,2190.6700346036364,0.0018912580878527986
2020-03-31 18:54:00,2192.5084339654845,0.0018985167471780866
2020-03-31 18:55:00,2197.6013658373095,0.0018336637737426372
2020-03-31 18:56:00,2196.2169413113793,0.00190529241921214
2020-03-31 18:57:00,2199.8229930512266,0.0018185008157350104
2020-03-31 18:58:00,2200.2156513116206,0.001777715522906722
2020-03-31 18:59:00,2204.547000683642,0.0017530707128262059
2020-03-31 19:00:00,2208.905362663576,0.0017289328117443064
2020-03-31 19:01:00,2203.802060043191,0.001756233396655518
2020-03-31 19:02:00,2202.39418140719,0.0017165130661053597
2020-03-31 19:03:00,2200.809836038163,0.0016921224347207664
2020-03-31 19:04:00,2201.1039773947914,0.0017546812598209728
2020-03-31 19:05:00,2203.5266888207907,0.0016891775643511858
2020-03-31 19:06:00,2204.819046754456,0.0017482029104126902
2020-03-31 19:07:00,2203.393280282435,0.001728970392981549
2020-03-31 19:08:00,2212.383884255406,0.001675536077383133
2020-03-31 19:09:00,2212.1506610845017,0.0017093379481272172
2020-03-31 19:10:00,2210.6263487731176,0.001704569402462506
2020-03-31 19:11:00,2208.526663738337,0.001649164028513441
2020-03-31 19:12:00,2210.3727354800308,0.0016644447077214914
2020-03-31 19:13:00,2208.872854213007,0.0016680804702977863
2020-03-31 19:14:00,2210.191602801252,0.0016404704396283973
2020-03-31 19:15:00,2207.703674286544,0.0016464463566422962
2020-03-31 19:16:00,2208.6089321142167,0.001688284873632461
2020-03-31 19:17:00,2199.9322788965274,0.0017355221328947774
2020-03-31 19:18:00,2197.6117525869277,0.0017015131573912751
2020-03-31 19:19:00,2200.072966574354,0.0016983605670280065
2020-03-31 19:20:00,2193.7817066048865,0.001685547546379323
2020-03-31 19:21:00,2190.5846117490964,0.0016160181288874245
2020-03-31 19:22:00,2185.454515075908,0.001605054524736798
2020-03-31 19:23:00,2184.339354393276,0.0014785617270654376
2020-03-31 19:24:00,2179.8213704524333,0.0014538763047913167
2020-03-31 19:25:00,2175.520642789459,0.0013663665193355057
2020-03-31 19:26:00,2175.3463914350054,0.0013245337053324913
2020-03-31 19:27:00,2176.2916158479306,0.0013550448671628918
2020-03-31 19:28:00,2172.8230696808632,0.0013487647607963698
2020-03-31 19:29:00,2175.9706392722437,0.0013518505315410652
2020-03-31 19:30:00,2172.5655562929055,0.0013843511463777886
2020-03-31 19:31:00,2176.769951691294,0.0013025823908828782
2020-03-31 19:32:00,2175.4624273640193,0.0012712883267567824
2020-03-31 19:33:00,2174.799846175355,0.0012982481996091503
2020-03-31 19:34:00,2175.111741664199,0.0013492778148704672
2020-03-31 19:35:00,2179.597050345933,0.0013340372992635835
2020-03-31 19:36:00,2179.535231584605,0.0013101633191317762
2020-03-31 19:37:00,2179.7413510768365,0.0013023752727393412
2020-03-31 19:38:00,2179.025247346906,0.00125435294849146
2020-03-31 19:39:00,2176.3365446216603,0.0012662069709840045
2020-03-31 19:40:00,2176.8172577304003,0.0012101967381840364
2020-03-31 19:41:00,2177.536988000416,0.0011590308222071007
2020-03-31 19:42:00,2179.126187457555,0.0011449350093661013
2020-03-31 19:43:00,2182.585163060693,0.0011156130364342268
2020-03-31 19:44:00,2181.809730236757,0.0010887774221599975
2020-03-31 19:45:00,2178.7327016736454,0.0010981483454043585
2020-03-31 19:46:00,2180.9615552941523,0.0010984045901633209
2020-03-31 19:47:00,2180.709035484434,0.0010621641566724706
2020-03-31 19:48:00,2177.169763003329,0.0011048376784682495
2020-03-31 19:49:00,2176.3332482281885,0.0010623438832387236
2020-03-31 19:50:00,2174.8919812274758,0.0010681938214485887
2020-03-31 19:51:00,2172.420869256545,0.001098181359165912
2020-03-31 19:52:00,2171.122898087644,0.0011258653317067122
2020-03-31 19:53:00,2173.4090008773237,0.0010881432877374825
2020-03-31 19:54:00,2170.276398294178,0.001123115743396878
2020-03-31 19:55:00,2169.912184166338,0.001099455105367027
2020-03-31 19:56:00,2170.280586405662,0.0011487110807441292
2020-03-31 19:57:00,2168.6450359171195,0.001121558836252723
2020-03-31 19:58:00,2168.953796260393,0.001117820971556803
2020-03-31 19:59:00,2169.6771083282583,0.001065265893022338
2020-04-01 13:30:00,2161.479704599585,0.0010296548227737362
2020-04-01 13:31:00,2164.3459640319406,0.001071848837824082
2020-04-01 13:32:00,2163.319800280138,0.0011343682271711905
2020-04-01 13:33:00,2165.4936052013145,0.0010416396469257684
2020-04-01 13:34:00,2165.08691993537,0.0010289228478242269
2020-04-01 13:35:00,2161.7650538842868,0.0010115898099187775
2020-04-01 13:36:00,2160.9166635633937,0.0010580767473926
2020-04-01 13:37:00,2161.4782541378463,0.001072058025306314
2020-04-01 13:38:00,2160.4731329088922,0.0009652635054552871
2020-04-01 13:39:00,2161.7126107526406,0.0009584837035984909
2020-04-01 13:40:00,2163.3456050129857,0.0009615562334101818
2020-04-01 13:41:00,2159.1642559494994,0.0009009369899033687
2020-04-01 13:42:00,2156.425306406638,0.0009456997664727124
2020-04-01 13:43:00,2156.673368363398,0.0008787774992703153
2020-04-01 13:44:00,2156.9060170117937,0.0008429786218598132
2020-04-01 13:45:00,2158.333791828953,0.0007984901492371004
2020-04-01 13:46:00,2160.211316417346,0.0007996910060541084
2020-04-01 13:47:00,2157.909970034983,0.0007718258361407227
2020-04-01 13:48:00,2157.468446694865,0.0007987220269973705
2020-04-01 13:49:00,2158.8271442993914,0.0007971925625248742
2020-04-01 13:50:00,2157.6333492570875,0.0007374888958316873
2020-04-01 13:51:00,2155.285065631239,0.0007376868536210184
2020-04-01 13:52:00,2157.2790268154286,0.0007675077566386703
2020-04-01 13:53:00,2156.617546919967,0.0008156757448543002
2020-04-01 13:54:00,2152.7172550791147,0.0008422170022569052
2020-04-01 13:55:00,2151.672874996539,0.0008522465971374406
2020-04-01 13:56:00,2151.817075682278,0.0008888955346691567
2020-04-01 13:57:00,2152.8093440437688,0.0008917352141519301
2020-04-01 13:58:00,2152.980380006302,0.0009124808921959052
2020-04-01 13:59:00,2151.678114126185,0.0009718387711890252
2020-04-01 14:00:00,2156.7918011041197,0.0009882918355121535
2020-04-01 14:01:00,2156.5868037708183,0.0010385075179842696
2020-04-01 14:02:00,2154.4909917301093,0.0010522671490277706
2020-04-01 14:03:00,2154.979466774063,0.0010452231306109546
2020-04-01 14:04:00,2155.512527349943,0.0010669837440090164
2020-04-01 14:05:00,2158.577046965466,0.0010636271620094895
2020-04-01 14:06:00,2159.2202884948597,0.001042059636293083
2020-04-01 14:07:00,2157.8492277219407,0.0010486746712355837
2020-04-01 14:08:00,2156.688107760549,0.001072139955915808
2020-04-01 14:09:00,2156.3113066713086,0.001114783437292631
2020-04-01 14:10:00,2156.2657309429487,0.0011219738496340604
2020-04-01 14:11:00,2155.9569646535233,0.001067219906655147
2020-04-01 14:12:00,2155.764208921513,0.0010115150875678036
2020-04-01 14:13:00,2155.245717343,0.0009952441997004924
2020-04-01 14:14:00,2154.4057598572717,0.00098661397016214
2020-04-01 14:15:00,2157.028779403319,0.000969812541421763
2020-04-01 14:16:00,2160.1612496926905,0.0009929675535421138
2020-04-01 14:17:00,2158.3223330643746,0.0009941648594557098
2020-04-01 14:18:00,2159.2043400059974,0.0009116029373646091
2020-04-01 14:19:00,2161.074336314716,0.0008946392469312389
2020-04-01 14:20:00,2160.6070275969446,0.0008824815135754712
2020-04-01 14:21:00,2158.5412654882152,0.0009424115240829115
2020-04-01 14:22:00,2159.5067682287377,0.0008996055266150803
2020-04-01 14:23:00,2160.0587815841855,0.0008675353093055846
2020-04-01 14:24:00,2158.855061816258,0.0008744179209736793
2020-04-01 14:25:00,2157.2135176944817,0.0009150850834197559
2020-04-01 14:26:00,2158.449931691158,0.000893222021012075
2020-04-01 14:27:00,2158.066302026374,0.0008419195636938257
2020-04-01 14:28:00,2157.9244142409952,0.0008007361711131081
2020-04-01 14:29:00,2159.3460277600107,0.0008075450471226168
2020-04-01 14:30:00,2156.842695759935,0.0008135010923520059
2020-04-01 14:31:00,2158.398989665288,0.0007586228286845127
2020-04-01 14:32:00,2156.5056656712586,0.0007984234352682569
2020-04-01 14:33:00,2158.341717501622,0.000757497500397802
2020-04-01 14:34:00,2157.9462150780278,0.0006969961879115261
2020-04-01 14:35:00,2160.4550798966266,0.0007370674943004942
2020-04-01 14:36:00,2159.715011485916,0.0007162298807581061
2020-04-01 14:37:00,2161.073331792121,0.0006806934652740363
2020-04-01 14:38:00,2161.2576856857354,0.0007070389940841922
2020-04-01 14:39:00,2160.7206815398904,0.0006440282404054415
2020-04-01 14:40:00,2159.5775987147213,0.0006361279357023891
2020-04-01 14:41:00,2159.200133402096,0.0006539372223599452
2020-04-01 14:42:00,2161.1386822834584,0.0006683971416802136
2020-04-01 14:43:00,2163.058384386638,0.0006684957138247273
2020-04-01 14:44:00,2164.0144744714426,0.0006806589691642813
2020-04-01 14:45:00,2163.4566735125536,0.0006391718626249054
2020-04-01 14:46:00,2162.132744337826,0.0005923962506599481
2020-04-01 14:47:00,2162.47897090641,0.0006291136032273786
2020-04-01 14:48:00,2160.9944990885247,0.0005726907841249923
2020-04-01 14:49:00,2162.0154458906877,0.0006688045181442041
2020-04-01 14:50:00,2161.258146033147,0.0006993670449323812
2020-04-01 14:51:00,2160.676835523727,0.0006608683476332454
2020-04-01 14:52:00,2158.692379043213,0.0006714232062598077
2020-04-01 14:53:00,2156.4714887164255,0.0006693530117779582
2020-04-01 14:54:00,2157.0621021003003,0.0006524567841330036
2020-04-01 14:55:00,2158.9236091610496,0.0007157723403717298
2020-04-01 14:56:00,2161.527024151391,0.0007646344069201751
2020-04-01 14:57:00,2160.7915032622336,0.0007666143743699805
2020-04-01 14:58:00,2163.472112181442,0.0007854156728838614
2020-04-01 14:59:00,2164.824223445954,0.0007782971637680938
2020-04-01 15:00:00,2164.352841736024,0.0008166938862935639
2020-04-01 15:01:00,2163.968710634427,0.0008146468198126883
2020-04-01 15:02:00,2164.824111318368,0.0008716414584929209
2020-04-01 15:03:00,2164.851279315142,0.0007714660299278985
2020-04-01 15:04:00,2163.249596036829,0.0007103940937216145
2020-04-01 15:05:00,2164.838945092392,0.0007178308566120536
2020-04-01 15:06:00,2165.0645416323505,0.0007029566679990472
2020-04-01 15:07:00,2164.3599819002975,0.0007353078427573794
2020-04-01 15:08:00,2164.131119614674,0.0007455573078053262
2020-04-01 15:09:00,2164.3102669071664,0.0007371030416648711
2020-04-01 15:10:00,2166.2969929127694,0.00073128775552793
2020-04-01 15:11:00,2165.5856451429863,0.0006609776773077202
2020-04-01 15:12:00,2166.036975501275,0.0006057688920633323
2020-04-01 15:13:00,2166.4749029378536,0.0006409360864710461
2020-04-01 15:14:00,2166.433208834724,0.0005966018794613185
2020-04-01 15:15:00,2167.986993654147,0.0006158932668632783
2020-04-01 15:16:00,2166.9046288725017,0.0005669064942531472
2020-04-01 15:17:00,2166.1122009474934,0.0006151762597550209
2020-04-01 15:18:00,2166.45830256047,0.0006375994205062524
2020-04-01 15:19:00,2168.0669094267973,0.0006859924344732476
2020-04-01 15:20:00,2169.2402197201172,0.0006514139153338389
2020-04-01 15:21:00,2166.740941649546,0.0007135154527294953
2020-04-01 15:22:00,2167.494043442136,0.0007113002312475707
2020-04-01 15:23:00,2165.295168906083,0.0007157661514634928
2020-04-01 15:24:00,2163.5236116472956,0.0007943688749920808
2020-04-01 15:25:00,2164.426180895654,0.000774603270425752
2020-04-01 15:26:00,2163.6851457593566,0.0008042733887139017
2020-04-01 15:27:00,2165.1593573654227,0.0008270096764613263
2020-04-01 15:28:00,2163.1704664264157,0.0008300573587584663
2020-04-01 15:29:00,2166.335585163857,0.0008104881368999668
2020-04-01 15:30:00,2168.4523155905813,0.0008375226308948139
2020-04-01 15:31:00,2169.556142446661,0.0007947746136620182
2020-04-01 15:32:00,2169.9342210703576,0.0008443608113676697
2020-04-01 15:33:00,2171.2485679964175,0.0008604576003103608
2020-04-01 15:34:00,2173.937777234831,0.0008659260220092336
2020-04-01 15:35:00,2176.991670394689,0.0009080004137950958
2020-04-01 15:36:00,2174.2071536631406,0.0009503754311957849
2020-04-01 15:37:00,2171.7130892658633,0.000987320578874383
2020-04-01 15:38:00,2189.042943049806,0.0010097091699647434
2020-04-01 15:39:00,2187.5666253920913,0.001000884328826886
2020-04-01 15:40:00,2190.541259505397,0.001025144164307023
2020-04-01 15:41:00,2188.3499668683335,0.0009358092114299507
2020-04-01 15:42:00,2186.8170420614474,0.000949979869748953
2020-04-01 15:43:00,2186.647297787727,0.0009425749970395808
2020-04-01 15:44:00,2187.2882407941297,0.0008439030195043953
2020-04-01 15:45:00,2193.0432635971356,0.0008491524773621238
2020-04-01 15:46:00,2197.7792366108756,0.0008632426823761188
2020-04-01 15:47:00,2200.3858017669645,0.0008853022412756545
2020-04-01 15:48:00,2200.7786934130927,0.0008899410786512754
2020-04-01 15:49:00,2202.0470009276382,0.0009007237821411628
2020-04-01 15:50:00,2200.919664168576,0.0008174748493012794
2020-04-01 15:51:00,2203.626236191442,0.0008538185051996937
2020-04-01 15:52:00,2202.843266111673,0.000796707686787133
2020-04-01 15:53:00,2206.037956607806,0.0007686916982134453
2020-04-01 15:54:00,2204.686276409088,0.0007877356993787172
2020-04-01 15:55:00,2205.9592764469703,0.0007494370760023578
2020-04-01 15:56:00,2204.9183892325677,0.0007356863035192766
2020-04-01 15:57:00,2204.392497199833,0.0007922071516322034
2020-04-01 15:58:00,2204.19167156881,0.0007917868228105574
2020-04-01 15:59:00,2205.4233540148684,0.0007823794329864195
2020-04-01 16:00:00,2201.8090487705635,0.0007464478489523425
2020-04-01 16:01:00,2199.9800927645947,0.0007313468901038207
2020-04-01 16:02:00,2199.4466112371183,0.0007206583649963788
2020-04-01 16:03:00,2198.622091120463,0.0006703220011619037
2020-04-01 16:04:00,2199.23767059258,0.000709994360580742
2020-04-01 16:05:00,2198.4233803881743,0.0007209757837276622
2020-04-01 16:06:00,2201.5470897480673,0.0006647941798002303
2020-04-01 16:07:00,2198.7627632194153,0.0006202528994776375
2020-04-01 16:08:00,2198.094530236406,0.000646922185399434
2020-04-01 16:09:00,2197.0253404374666,0.0006484342421043264
2020-04-01 16:10:00,2195.5656719988124,0.0006970678219293986
2020-04-01 16:11:00,2194.1937470744874,0.0006759877750160205
2020-04-01 16:12:00,2193.9761358298592,0.0006217997264895978
2020-04-01 16:13:00,2194.2644874470175,0.0006193256137238909
2020-04-01 16:14:00,2194.9083715153774,0.0005836442064333406
2020-04-01 16:15:00,2196.8467731757382,0.0005403508725765628
2020-04-01 16:16:00,2196.3315052317457,0.0005322595675306472
2020-04-01 16:17:00,2197.0394740022325,0.0005136935818956449
2020-04-01 16:18:00,2195.821564368138,0.0005248040940075958
2020-04-01 16:19:00,2195.780890955242,0.0005271824891542078
2020-04-01 16:20:00,2196.460708673936,0.00048227111644504067
2020-04-01 16:21:00,2195.8051158309217,0.0004907243580488174
2020-04-01 16:22:00,2196.5598223185466,0.0004340690491902928
2020-04-01 16:23:00,2196.9830209147003,0.0003924022971322568
2020-04-01 16:24:00,2198.262125921162,0.0004638152420299473
2020-04-01 16:25:00,2198.5589913958183,0.0004728383297850802
2020-04-01 16:26:00,2200.311001804015,0.0005069642987493609
2020-04-01 16:27:00,2200.3062784466265,0.0004656694799481223
2020-04-01 16:28:00,2199.293478505389,0.00041188696497749654
2020-04-01 16:29:00,2198.5808400198603,0.00041206016499643883
2020-04-01 16:30:00,2197.366362005645,0.000376127015778555
2020-04-01 16:31:00,2198.333620110916,0.0004106425857716947
2020-04-01 16:32:00,2198.5488005644397,0.0003768126946636066
2020-04-01 16:33:00,2199.1858378083716,0.00029773543750145616
2020-04-01 16:34:00,2198.4082909233225,0.00024204163509853677
2020-04-01 16:35:00,2198.1841096622566,0.00026123657195454485
2020-04-01 16:36:00,2198.3330485482256,0.0002858772952749709
2020-04-01 16:37:00,2197.915965607447,0.00029706238834915856
2020-04-01 16:38:00,2198.0480921223466,0.000292486703233154
2020-04-01 16:39:00,2197.129757088238,0.00027305867298382905
2020-04-01 16:40:00,2197.8029779432027,0.00023649663691972672
2020-04-01 16:41:00,2197.897199573519,0.000255919345959502
2020-04-01 16:42:00,2197.443316014855,0.00034474229429554983
2020-04-01 16:43:00,2196.5711429568305,0.0003078293920883484
2020-04-01 16:44:00,2196.3273648561094,0.00035789816655080895
2020-04-01 16:45:00,2197.302522552705,0.00038088618351240865
2020-04-01 16:46:00,2196.72256011468,0.00038717861396774623
2020-04-01 16:47:00,2196.795964232217,0.0003995605131186497
2020-04-01 16:48:00,2197.4552161645993,0.0003891446413237832
2020-04-01 16:49:00,2196.1907879302876,0.0003762766157025766
2020-04-01 16:50:00,2196.2402769775163,0.00035842899851371913
2020-04-01 16:51:00,2196.5633284939263,0.0003308082607750486
2020-04-01 16:52:00,2197.1636211764694,0.0002688909396285403
2020-04-01 16:53:00,2196.4172424390717,0.000406734045459081
2020-04-01 16:54:00,2196.322860155432,0.0004238522805344736
2020-04-01 16:55:00,2195.5052736116695,0.0003700197968214735
2020-04-01 16:56:00,2195.210599583746,0.0003882730537268507
2020-04-01 16:57:00,2195.271999982871,0.00037809121248414047
2020-04-01 16:58:00,2194.9370857021904,0.0004484241918248089
2020-04-01 16:59:00,2195.065824363732,0.00047013621068285377
2020-04-01 17:00:00,2195.616897357931,0.0004922606589511941
2020-04-01 17:01:00,2194.7541358896583,0.0004613317706932833
2020-04-01 17:02:00,2194.517045157414,0.00046249239009597966
2020-04-01 17:03:00,2194.4576865678737,0.00043044653556896365
2020-04-01 17:04:00,2194.0412717293984,0.0004069651052274621
2020-04-01 17:05:00,2194.079141144128,0.000394967035798331
2020-04-01 17:06:00,2192.3441290564065,0.0003187686570658921
2020-04-01 17:07:00,2192.7823342512997,0.00026935057164244433
2020-04-01 17:08:00,2192.864913301852,0.00025019438745910747
2020-04-01 17:09:00,2193.703918776665,0.00026159187137468035
2020-04-01 17:10:00,2192.711939597236,0.0003538228827958227
2020-04-01 17:11:00,2191.456135180171,0.0003067083981133436
2020-04-01 17:12:00,2191.4178196356943,0.00033102165777086645
2020-04-01 17:13:00,2190.0605533449534,0.00039558088330387067
2020-04-01 17:14:00,2190.779946846641,0.00039967927138273183
2020-04-01 17:15:00,2189.4902007724136,0.00048672634775631467
2020-04-01 17:16:00,2189.700995679819,0.00046619645960449774
2020-04-01 17:17:00,2191.0683823452073,0.0004663878259663566
2020-04-01 17:18:00,2189.989182939375,0.0004568791148060714
2020-04-01 17:19:00,2189.971075440489,0.0004320783014520674
2020-04-01 17:20:00,2189.4936745429727,0.00038462535499477125
2020-04-01 17:21:00,2190.662973203968,0.00046624089381074935
2020-04-01 17:22:00,2191.489339237721,0.000371942454208419
2020-04-01 17:23:00,2191.280232948489,0.0004280312724212798
2020-04-01 17:24:00,2193.5001516975112,0.00044379607263523094
2020-04-01 17:25:00,2195.4029458712434,0.000479711018324996
2020-04-01 17:26:00,2195.718525584179,0.0005098071560984985
2020-04-01 17:27:00,2198.243943463428,0.0005066872929473059
2020-04-01 17:28:00,2198.2989500702,0.000544190272946367
2020-04-01 17:29:00,2198.9350968124913,0.0005424135205415857
2020-04-01 17:30:00,2201.263442030223,0.0005667817553638742
2020-04-01 17:31:00,2199.6663690888786,0.0005836835186401397
2020-04-01 17:32:00,2198.0782404519496,0.0006251840118381226
2020-04-01 17:33:00,2194.695942387508,0.000624274487109729
2020-04-01 17:34:00,2195.2644371140277,0.000551618181939993
2020-04-01 17:35:00,2191.2521095330276,0.0005346368277714355
2020-04-01 17:36:00,2189.396350718501,0.0005492581768648375
2020-04-01 17:37:00,2191.5398754475905,0.0005919577036035008
2020-04-01 17:38:00,2191.5246217098143,0.0006007254001231945
2020-04-01 17:39:00,2192.997025587416,0.0005539864864089196
2020-04-01 17:40:00,2190.9042314365993,0.0005961825378324561
2020-04-01 17:41:00,2190.5047478487995,0.0005987385385128806
2020-04-01 17:42:00,2189.057403265784,0.0006500054432399065
2020-04-01 17:43:00,2190.648935348662,0.0005612967166450872
2020-04-01 17:44:00,2188.57204517742,0.000502387014739026
2020-04-01 17:45:00,2187.1235110603016,0.00046574733830021485
2020-04-01 17:46:00,2186.4719593809355,0.0004691535501819497
2020-04-01 17:47:00,2185.4257935597984,0.0004502952804537027
2020-04-01 17:48:00,2185.302346773956,0.0004268405250396335
2020-04-01 17:49:00,2186.1051728981975,0.00043885860662911996
2020-04-01 17:50:00,2187.769730169457,0.0004486697634127965
2020-04-01 17:51:00,2186.5658544213816,0.00044892770777067573
2020-04-01 17:52:00,2186.529507005842,0.0004291614458095895
2020-04-01 17:53:00,2187.3836372295964,0.0004672250620771951
2020-04-01 17:54:00,2186.8992629873987,0.00046114464171978113
2020-04-01 17:55:00,2186.742173689513,0.00045765251414525547
2020-04-01 17:56:00,2186.135775191077,0.00042553506923894037
2020-04-01 17:57:00,2184.84813836716,0.0004704422327279735
2020-04-01 17:58:00,2185.318568601416,0.000472168543173316
2020-04-01 17:59:00,2185.082786071837,0.0004988135258271777
2020-04-01 18:00:00,2188.280919189038,0.0005441928256566142
2020-04-01 18:01:00,2189.286990781491,0.0005103789506590434
2020-04-01 18:02:00,2188.846387299234,0.0006275636638361625
2020-04-01 18:03:00,2189.008201376574,0.0006781041084557909
2020-04-01 18:04:00,2191.2172090890845,0.000761772380282689
2020-04-01 18:05:00,2193.2936764989868,0.0007952782471739506
2020-04-01 18:06:00,2191.820011497799,0.0007984707020354914
2020-04-01 18:07:00,2179.2028380709294,0.000836117610406369
2020-04-01 18:08:00,2179.634340497379,0.0007733393515270261
2020-04-01 18:09:00,2179.086222894501,0.0007252927865346211
2020-04-01 18:10:00,2179.451556856125,0.0007396839526527049
2020-04-01 18:11:00,2178.245450904801,0.0007736004849022283
2020-04-01 18:12:00,2178.0080775181777,0.0007162676117441535
2020-04-01 18:13:00,2179.075586305431,0.0006430805299278688
2020-04-01 18:14:00,2180.315879785932,0.0006975030803849266
2020-04-01 18:15:00,2178.5026328889867,0.0007282758822295278
2020-04-01 18:16:00,2177.9781899456025,0.0006634975881912544
2020-04-01 18:17:00,2177.3186425544172,0.0006457447817852555
2020-04-01 18:18:00,2177.1867999908345,0.0006635126685401724
2020-04-01 18:19:00,2179.061898157426,0.0006200281094896573
2020-04-01 18:20:00,2178.3267776094835,0.0006404825202801635
2020-04-01 18:21:00,2175.93651693301,0.0006121106728439897
2020-04-01 18:22:00,2176.2623464769754,0.0006241374051737034
2020-04-01 18:23:00,2177.6605927009996,0.0006922479615719981
2020-04-01 18:24:00,2178.6538628774183,0.0007143664552081987
2020-04-01 18:25:00,2177.081916462706,0.000711412471714704
2020-04-01 18:26:00,2175.8891245662567,0.0007341977017453868
2020-04-01 18:27:00,2175.085984315613,0.000750241206263548
2020-04-01 18:28:00,2173.30559773407,0.000767238803404496
2020-04-01 18:29:00,2173.657107604696,0.000745593933347339
2020-04-01 18:30:00,2172.4904024946195,0.0007171522062224127
2020-04-01 18:31:00,2172.1001648033803,0.0007083578866029913
2020-04-01 18:32:00,2170.9068724034946,0.0006997337075573524
2020-04-01 18:33:00,2169.952244430004,0.000749562054274678
2020-04-01 18:34:00,2171.786422573064,0.000672366008571603
2020-04-01 18:35:00,2170.9747927810713,0.0007400844680345306
2020-04-01 18:36:00,2171.105197458525,0.0007471419163732649
2020-04-01 18:37:00,2170.476112918877,0.0007893288652737882
2020-04-01 18:38:00,2169.992399015609,0.0007644617369274866
2020-04-01 18:39:00,2170.292034602386,0.0007588028741241459
2020-04-01 18:40:00,2170.698386907985,0.0007625801272271328
2020-04-01 18:41:00,2171.9706810811754,0.0008152658554312931
2020-04-01 18:42:00,2169.80243043535,0.0008303729392655165
2020-04-01 18:43:00,2169.655274342941,0.0008519517174122325
2020-04-01 18:44:00,2170.5891285353996,0.0009142451936354841
2020-04-01 18:45:00,2172.0721015006907,0.0009427455460114089
2020-04-01 18:46:00,2173.147859326338,0.0009645922923486965
2020-04-01 18:47:00,2172.1073626620755,0.0009484437457423404
2020-04-01 18:48:00,2166.89710338391,0.000994398881431229
2020-04-01 18:49:00,2162.0133750127957,0.0010221228285675363
2020-04-01 18:50:00,2159.6525443672417,0.0010278835302777252
2020-04-01 18:51:00,2162.6673001116696,0.0010421177478766965
2020-04-01 18:52:00,2157.275218591459,0.000997807458402882
2020-04-01 18:53:00,2160.984491439314,0.0009957693869410173
2020-04-01 18:54:00,2158.2852249818284,0.0010214565332520053
2020-04-01 18:55:00,2157.7799646681456,0.0010161822536261902
2020-04-01 18:56:00,2157.474231132403,0.001035025021408274
2020-04-01 18:57:00,2155.7700805195973,0.0011201465108561966
2020-04-01 18:58:00,2157.532216051668,0.0010530660328217831
2020-04-01 18:59:00,2157.419466908459,0.0009987304030563953
2020-04-01 19:00:00,2156.319602737918,0.0009695027627457865
2020-04-01 19:01:00,2157.0371309528578,0.0008814212788823223
2020-04-01 19:02:00,2154.632648410541,0.0009231126021253857
2020-04-01 19:03:00,2151.2333475096907,0.0009210095429667171
2020-04-01 19:04:00,2153.158435081433,0.00089311424822877
2020-04-01 19:05:00,2153.3125066827806,0.0008447615975632415
2020-04-01 19:06:00,2157.1112201030937,0.0008671165322706535
2020-04-01 19:07:00,2158.676313024489,0.0008705934794889683
2020-04-01 19:08:00,2160.3888507953466,0.0009062676766123024
2020-04-01 19:09:00,2162.3662594269235,0.0008460326064498639
2020-04-01 19:10:00,2161.3219921905247,0.0008813009687584963
2020-04-01 19:11:00,2160.275152257294,0.0008686274375147065
2020-04-01 19:12:00,2159.4968348035345,0.0009236244687593254
2020-04-01 19:13:00,2160.399718838007,0.0008684262035825351
2020-04-01 19:14:00,2160.2669076501443,0.0007782944321077007
2020-04-01 19:15:00,2163.396668976297,0.0007785395293998438
2020-04-01 19:16:00,2162.992563267735,0.0007550154819543628
2020-04-01 19:17:00,2164.9227533723547,0.0007431180508085798
2020-04-01 19:18:00,2164.187109017024,0.0007450948020198496
2020-04-01 19:19:00,2162.039216507404,0.0007760466627251631
2020-04-01 19:20:00,2162.4427211740385,0.0008097862550301695
2020-04-01 19:21:00,2163.5729266174485,0.0008403934871281264
2020-04-01 19:22:00,2165.682616139502,0.0008356364729786635
2020-04-01 19:23:00,2166.010819064864,0.0008184547229041048
2020-04-01 19:24:00,2163.2976166459125,0.0007716322084275948
2020-04-01 19:25:00,2162.177817739204,0.0008427210767844712
2020-04-01 19:26:00,2161.5187728881237,0.0008805785119668808
2020-04-01 19:27:00,2161.5350960362052,0.0008343295869705963
2020-04-01 19:28:00,2161.870798800782,0.0008158632598147772
2020-04-01 19:29:00,2164.3869116417195,0.0007939475743017303
2020-04-01 19:30:00,2164.1228107175043,0.0007915716580565163
2020-04-01 19:31:00,2161.8528893604894,0.0007519244573728573
2020-04-01 19:32:00,2159.4153926965632,0.0007541823480388297
2020-04-01 19:33:00,2161.6617364775543,0.0007740919709922589
2020-04-01 19:34:00,2161.606574232935,0.0008358287068992397
2020-04-01 19:35:00,2161.994145680731,0.0008584013631733509
2020-04-01 19:36:00,2159.487151287423,0.0009028039605103496
2020-04-01 19:37:00,2157.961333999478,0.0008972358577611055
2020-04-01 19:38:00,2158.8844931486574,0.0008569703851643859
2020-04-01 19:39:00,2157.5545256162736,0.0007236249434830473
2020-04-01 19:40:00,2156.7296751968015,0.0007064843411565639
2020-04-01 19:41:00,2156.3508120761126,0.0006658053966137248
2020-04-01 19:42:00,2154.9214796869474,0.0006604079819282563
2020-04-01 19:43:00,2153.28389091027,0.0006056488424904676
2020-04-01 19:44:00,2151.2945513471104,0.0006483062253471971
2020-04-01 19:45:00,2154.2351023030437,0.0006276445726556438
2020-04-01 19:46:00,2154.286821734347,0.0005807162183144673
2020-04-01 19:47:00,2153.9321888323816,0.0006215561855501991
2020-04-01 19:48:00,2151.263940502393,0.0006765174255376458
2020-04-01 19:49:00,2152.0948246101625,0.0006803827503091784
2020-04-01 19:50:00,2144.6051254514937,0.0006299466604381147
2020-04-01 19:51:00,2144.140834417452,0.000587933205803829
2020-04-01 19:52:00,2145.1163103685103,0.0005609292122557112
2020-04-01 19:53:00,2144.6246557899162,0.0005701406353813108
2020-04-01 19:54:00,2145.388467283529,0.0005562966517131177
2020-04-01 19:55:00,2146.4327400516263,0.0005883468938239925
2020-04-01 19:56:00,2148.0019208302997,0.0005070497727384079
2020-04-01 19:57:00,2148.8866397291144,0.0004818982008943397
2020-04-01 19:58:00,2147.720816974825,0.00044377846563416873
2020-04-01 19:59:00,2147.7619668956395,0.00048533630901129014
2020-04-02 13:30:00,2170.836285903488,0.0004787176522096689
2020-04-02 13:31:00,2169.6454653949436,0.00040835883869361607
2020-04-02 13:32:00,2170.2574623268474,0.0004198501160730589
2020-04-02 13:33:00,2170.2880896667584,0.00038831781345423973
2020-04-02 13:34:00,2170.2033747414694,0.00035893534386947543
2020-04-02 13:35:00,2169.62800310302,0.0003881207993297863
2020-04-02 13:36:00,2168.805332353723,0.00037411645107758996
2020-04-02 13:37:00,2168.6827763024858,0.0003804736577494375
2020-04-02 13:38:00,2168.803102680824,0.0004357918642774204
2020-04-02 13:39:00,2168.924197737442,0.00043945733691837236
2020-04-02 13:40:00,2167.5479409065333,0.00045644635435219185
2020-04-02 13:41:00,2168.0128137608513,0.00046138951100185453
2020-04-02 13:42:00,2168.139564517941,0.0005310714842214281
2020-04-02 13:43:00,2168.808120214551,0.0005433779524333993
2020-04-02 13:44:00,2168.5935458479357,0.0005745553480448646
2020-04-02 13:45:00,2168.001784741947,0.0005781811528549596
2020-04-02 13:46:00,2168.4701317753115,0.000621085013300102
2020-04-02 13:47:00,2171.1551230007512,0.0006930773413082325
2020-04-02 13:48:00,2169.997587970397,0.0007065342097360534
2020-04-02 13:49:00,2169.241886864004,0.0007347178306463633
2020-04-02 13:50:00,2169.708656781197,0.0007659807233761383
2020-04-02 13:51:00,2170.4816426194798,0.0007710643851278732
2020-04-02 13:52:00,2172.939136457632,0.0007015406180558997
2020-04-02 13:53:00,2172.585676938732,0.0006522959059300676
2020-04-02 13:54:00,2171.473024648519,0.0006358061823964801
2020-04-02 13:55:00,2172.5869687685963,0.0006151537277857238
2020-04-02 13:56:00,2174.194839861539,0.0006375431026147467
2020-04-02 13:57:00,2171.3527778269245,0.000722585142894494
2020-04-02 13:58:00,2172.484034233837,0.0007799592253649681
2020-04-02 13:59:00,2170.640649050863,0.00078834552320613
2020-04-02 14:00:00,2172.803594376014,0.0007714802366105786
2020-04-02 14:01:00,2171.2057223808847,0.0006836349095741792
2020-04-02 14:02:00,2169.2933020903047,0.0006861105248070803
2020-04-02 14:03:00,2168.2488952398817,0.0007020732429965261
2020-04-02 14:04:00,2169.3659322789363,0.0007215296191803393
2020-04-02 14:05:00,2167.1380299149296,0.0007035812095595122
2020-04-02 14:06:00,2169.349207810327,0.0006904826273051012
2020-04-02 14:07:00,2170.0634865584598,0.0007270838251712065
2020-04-02 14:08:00,2171.240248810759,0.0006812523221760924
2020-04-02 14:09:00,2169.4925081319807,0.0006609866932427006
2020-04-02 14:10:00,2168.2228264999203,0.0006502591701557003
2020-04-02 14:11:00,2166.177409193705,0.0007152988775461686
2020-04-02 14:12:00,2168.100536630277,0.0007340421032304143
2020-04-02 14:13:00,2171.0195499922415,0.0007169295661935191
2020-04-02 14:14:00,2172.947805710644,0.0007935123771301528
2020-04-02 14:15:00,2172.9342258352344,0.0007937679672052042
2020-04-02 14:16:00,2172.739674749481,0.0008494338487561293
2020-04-02 14:17:00,2173.8586570065777,0.0009125798502430104
2020-04-02 14:18:00,2173.255656648018,0.0008873220997799113
2020-04-02 14:19:00,2173.4883459970933,0.0008944811091110984
2020-04-02 14:20:00,2171.5537366948697,0.0009492676893997216
2020-04-02 14:21:00,2174.4965401772624,0.0008880981074677064
2020-04-02 14:22:00,2171.113277836082,0.0008471597007610901
2020-04-02 14:23:00,2169.6355853569917,0.0009098354535111647
2020-04-02 14:24:00,2172.810024703816,0.0009599701128915062
2020-04-02 14:25:00,2178.3830655868187,0.0009399669694795123
2020-04-02 14:26:00,2178.4383342292654,0.0009100462423903746
2020-04-02 14:27:00,2181.972767981549,0.0008741511685132037
2020-04-02 14:28:00,2180.4653270431068,0.0009122193451486617
2020-04-02 14:29:00,2186.147620439117,0.0009754940276175846
2020-04-02 14:30:00,2180.8402258054784,0.000991951634644468
2020-04-02 14:31:00,2176.7518129267446,0.001020166871144049
2020-04-02 14:32:00,2171.8464496892184,0.0009934542733182976
2020-04-02 14:33:00,2171.33867240678,0.0009674309307901303
2020-04-02 14:34:00,2171.9045980819546,0.0009477542680389245
2020-04-02 14:35:00,2169.2369364281526,0.0009700982826483343
2020-04-02 14:36:00,2169.485753422699,0.0010037566824547032
2020-04-02 14:37:00,2167.684668516259,0.0009911709495388317
2020-04-02 14:38:00,2165.513142304149,0.0009152712789265072
2020-04-02 14:39:00,2162.6934395999974,0.0008052468507805768
2020-04-02 14:40:00,2164.3081174765944,0.0008061892833148033
2020-04-02 14:41:00,2164.0355434203807,0.0008477481212287864
2020-04-02 14:42:00,2164.660325147406,0.0008423675876904538
2020-04-02 14:43:00,2165.3126631857062,0.0008313251102529614
2020-04-02 14:44:00,2165.7812504472745,0.0008355515282588433
2020-04-02 14:45:00,2164.1940198752204,0.0008249611730405668
2020-04-02 14:46:00,2162.556912952459,0.0008453351505144055
2020-04-02 14:47:00,2161.687698987805,0.0008413204937044802
2020-04-02 14:48:00,2158.9152610277197,0.0008146946075169797
2020-04-02 14:49:00,2156.3505921359897,0.0008294520643971252
2020-04-02 14:50:00,2154.653765252933,0.0008096283287738942
2020-04-02 14:51:00,2154.334301330921,0.0008542294522268276
2020-04-02 14:52:00,2153.7808372153145,0.0008067153397429242
2020-04-02 14:53:00,2151.723915571687,0.0008879691636347463
2020-04-02 14:54:00,2150.2768976954258,0.0009189880817174328
2020-04-02 14:55:00,2151.419759217875,0.0009733681719761098
2020-04-02 14:56:00,2151.0021699684403,0.0009288745429653911
2020-04-02 14:57:00,2151.793883081371,0.0009403028360969949
2020-04-02 14:58:00,2150.8650242121457,0.0009603142515293076
2020-04-02 14:59:00,2155.7613194929377,0.0009301229247377214
2020-04-02 15:00:00,2154.60785860771,0.000969954815518862
2020-04-02 15:01:00,2153.3160393876337,0.0009927659598373284
2020-04-02 15:02:00,2150.7475132568575,0.001051826108235951
2020-04-02 15:03:00,2152.786566237759,0.0011249587513481195
2020-04-02 15:04:00,2152.7839150572768,0.0011493488830079646
2020-04-02 15:05:00,2153.2676755170232,0.0011363673401242312
2020-04-02 15:06:00,2155.8192782666893,0.001173624740995284
2020-04-02 15:07:00,2156.279913235568,0.0011357917694300305
2020-04-02 15:08:00,2156.248508466004,0.0010964727973649647
2020-04-02 15:09:00,2149.8430977893595,0.0010790631244684688
2020-04-02 15:10:00,2150.888391429398,0.0010447387007441477
2020-04-02 15:11:00,2147.820485035597,0.0011260285741198175
2020-04-02 15:12:00,2148.5162223807765,0.0011334436250920333
2020-04-02 15:13:00,2151.7867660173374,0.0011461808652684302
2020-04-02 15:14:00,2149.028508959478,0.0011404335718901615
2020-04-02 15:15:00,2149.4151082802314,0.0011995973718501897
2020-04-02 15:16:00,2148.376971174953,0.0011416675793951387
2020-04-02 15:17:00,2146.1623972258258,0.0011451636312587768
2020-04-02 15:18:00,2143.293230260595,0.0011666575918850017
2020-04-02 15:19:00,2141.819066524111,0.0011644372782462907
2020-04-02 15:20:00,2138.863053949672,0.0011819535303939828
2020-04-02 15:21:00,2140.3561218853806,0.0011886808750261918
2020-04-02 15:22:00,2144.700589194194,0.001169676351605308
2020-04-02 15:23:00,2142.9981380300264,0.0012035742009880574
2020-04-02 15:24:00,2144.3454411580724,0.0012489764480068297
2020-04-02 15:25:00,2145.571754226258,0.0012968419479523858
2020-04-02 15:26:00,2138.357420773786,0.00130564945343398
2020-04-02 15:27:00,2137.4975119604437,0.0012558304963262766
2020-04-02 15:28:00,2141.5386751334213,0.0012705429112573037
2020-04-02 15:29:00,2143.621724390484,0.0013239772386909308
2020-04-02 15:30:00,2141.128229347591,0.001289309923895263
2020-04-02 15:31:00,2142.318941693723,0.001368753094095679
2020-04-02 15:32:00,2139.1248354496724,0.0013735300062807801
2020-04-02 15:33:00,2137.1140704913346,0.001426767887091166
2020-04-02 15:34:00,2140.2001781261697,0.0014491058767957972
2020-04-02 15:35:00,2138.252665826618,0.001475843881705569
2020-04-02 15:36:00,2144.492193335692,0.0014179470600079566
2020-04-02 15:37:00,2142.1920535283903,0.0014015022115233787
2020-04-02 15:38:00,2142.7432240383255,0.001416024850072023
2020-04-02 15:39:00,2142.8788688379136,0.0014534990666650574
2020-04-02 15:40:00,2142.3347621337643,0.0014599019805307993
2020-04-02 15:41:00,2141.974226235416,0.0014382423128105311
2020-04-02 15:42:00,2139.5884269359963,0.0013788686120692693
2020-04-02 15:43:00,2141.7234096803263,0.0013572220390640761
2020-04-02 15:44:00,2139.810778587607,0.0013528667330340496
2020-04-02 15:45:00,2135.1898155896124,0.0013602111677347068
2020-04-02 15:46:00,2136.7291802563163,0.0012833417661135859
2020-04-02 15:47:00,2133.9560180230887,0.0013014469446407
2020-04-02 15:48:00,2132.452594521773,0.0012907269937768354
2020-04-02 15:49:00,2135.046062697478,0.001272101935538198
2020-04-02 15:50:00,2133.840482095354,0.0012506247226036949
2020-04-02 15:51:00,2136.2382637261308,0.0012652888030219762
2020-04-02 15:52:00,2136.0303788866727,0.001264576018823712
2020-04-02 15:53:00,2135.0493136150326,0.0013088420048734451
2020-04-02 15:54:00,2136.0479626406377,0.001349969179943262
2020-04-02 15:55:00,2133.530160240382,0.0013822863502743544
2020-04-02 15:56:00,2132.885393960846,0.001376307844318683
2020-04-02 15:57:00,2134.537925343928,0.0014237625532442177
2020-04-02 15:58:00,2135.5731162676816,0.001327258449508885
2020-04-02 15:59:00,2134.325379221462,0.001253762559370023
2020-04-02 16:00:00,2135.3356810786795,0.0012495718896283117
2020-04-02 16:01:00,2132.050998027474,0.001304909957949824
2020-04-02 16:02:00,2128.1834101729723,0.0013382908507665343
2020-04-02 16:03:00,2130.7447731695725,0.0012771451494950701
2020-04-02 16:04:00,2132.6428051882262,0.001265724954512783
2020-04-02 16:05:00,2133.398258067426,0.0012308713529987345
2020-04-02 16:06:00,2134.155681916832,0.0013109345732780226
2020-04-02 16:07:00,2134.861057838597,0.0013322180057127782
2020-04-02 16:08:00,2136.7374664622694,0.001338129286331838
2020-04-02 16:09:00,2134.714835511353,0.0013297146313538029
2020-04-02 16:10:00,2134.2495968610947,0.001327474943156458
2020-04-02 16:11:00,2133.277979358679,0.0012728723311709515
2020-04-02 16:12:00,2131.4097112530103,0.0012672232195706846
2020-04-02 16:13:00,2129.902110981611,0.001259194968386398
2020-04-02 16:14:00,2129.485963492421,0.001241047217762536
2020-04-02 16:15:00,2132.8114727571106,0.0011891557857741143
2020-04-02 16:16:00,2129.4482240627603,0.0012083086538964313
2020-04-02 16:17:00,2126.4088916116384,0.0011757470655992923
2020-04-02 16:18:00,2119.315536941891,0.0011054207872805432
2020-04-02 16:19:00,2117.3840403791296,0.0010364652538477962
2020-04-02 16:20:00,2116.8455236079935,0.0010372391650309005
2020-04-02 16:21:00,2115.719254814885,0.001097021440215904
2020-04-02 16:22:00,2109.394268724397,0.0010885735150367613
2020-04-02 16:23:00,2110.561925487218,0.0010395362072230093
2020-04-02 16:24:00,2110.9097906272677,0.0010218793892161069
2020-04-02 16:25:00,2112.406511628617,0.0010748007142908195
2020-04-02 16:26:00,2108.2679618047287,0.0011075884996269568
2020-04-02 16:27:00,2107.4071272545552,0.0011428694623657535
2020-04-02 16:28:00,2110.5726542256125,0.0011199703748691586
2020-04-02 16:29:00,2107.803055736597,0.0011285356110174649
2020-04-02 16:30:00,2105.6406296056957,0.0011382950541888631
2020-04-02 16:31:00,2105.538343784287,0.00112896000614049
2020-04-02 16:32:00,2103.83513111128,0.0011600497532861269
2020-04-02 16:33:00,2104.21328220672,0.001073691016333491
2020-04-02 16:34:00,2103.4662304240437,0.0009984076577697224
2020-04-02 16:35:00,2098.5202388237267,0.001074910570345807
2020-04-02 16:36:00,2097.4733085938337,0.0010883791191655565
2020-04-02 16:37:00,2093.010321452868,0.0011310935367521706
2020-04-02 16:38:00,2093.3597012346663,0.001125447639538214
2020-04-02 16:39:00,2087.3059589775676,0.00112810580444155
2020-04-02 16:40:00,2083.4357960995867,0.0011833055608031948
2020-04-02 16:41:00,2088.626402976776,0.0011895182221432453
2020-04-02 16:42:00,2087.416322143831,0.0011698374287962211
2020-04-02 16:43:00,2088.1655683164795,0.0012357015517312725
2020-04-02 16:44:00,2088.708369253211,0.0012809297379217982
2020-04-02 16:45:00,2090.499664388503,0.0012051733853970597
2020-04-02 16:46:00,2094.2592437409826,0.0013231215334892931
2020-04-02 16:47:00,2095.379155820911,0.0013353509448494104
2020-04-02 16:48:00,2095.1240285709637,0.0013307679466858396
2020-04-02 16:49:00,2098.4430876214174,0.0013322882869517792
2020-04-02 16:50:00,2098.2467329073447,0.0013652407579610045
2020-04-02 16:51:00,2102.149271245966,0.0013760309198151547
2020-04-02 16:52:00,2101.961145507456,0.0014448940446802133
2020-04-02 16:53:00,2103.07778222767,0.0014779214989237874
2020-04-02 16:54:00,2100.962337232981,0.0014083646327536108
2020-04-02 16:55:00,2102.647559502097,0.0014243529496075205
2020-04-02 16:56:00,2103.8685925444165,0.0014411219950597528
2020-04-02 16:57:00,2104.469161374791,0.001388399297859661
2020-04-02 16:58:00,2108.28177350966,0.0013389037130088477
2020-04-02 16:59:00,2111.949050018418,0.0013787080243291565
2020-04-02 17:00:00,2114.094121675135,0.0014146150703571916
2020-04-02 17:01:00,2120.0992124626932,0.0014297765437423636
2020-04-02 17:02:00,2122.8309322407817,0.0014258694470789303
2020-04-02 17:03:00,2124.1647737169524,0.001392151609868537
2020-04-02 17:04:00,2127.0836854524623,0.0013610868758158954
2020-04-02 17:05:00,2121.7278748928834,0.00132586520582361
2020-04-02 17:06:00,2124.460602820324,0.0013400573756385344
2020-04-02 17:07:00,2123.4475061851485,0.0013533713006410786
2020-04-02 17:08:00,2121.2060157568635,0.0013313341802085655
2020-04-02 17:09:00,2114.2682724298948,0.001387785070972424
2020-04-02 17:10:00,2119.5142525048327,0.0014216242417892197
2020-04-02 17:11:00,2115.0130472604233,0.001379563491041477
2020-04-02 17:12:00,2113.4248035613923,0.001399748581023693
2020-04-02 17:13:00,2117.550565921705,0.0013960195047973535
2020-04-02 17:14:00,2115.216995059245,0.0014010816376664908
2020-04-02 17:15:00,2106.9937681166157,0.001496107097577986
2020-04-02 17:16:00,2110.0556133937366,0.001535256288510938
2020-04-02 17:17:00,2106.5944641744736,0.0015120129166968257
2020-04-02 17:18:00,2108.0936442898815,0.0014801255007638424
2020-04-02 17:19:00,2111.3363672236724,0.0015399712246078553
2020-04-02 17:20:00,2109.3771138269353,0.0015250654605829552
2020-04-02 17:21:00,2111.9153096660125,0.0015044041094255218
2020-04-02 17:22:00,2113.8549804233967,0.0014970859385474047
2020-04-02 17:23:00,2121.9108114775177,0.0015327263676325584
2020-04-02 17:24:00,2126.948393504258,0.001514275140401223
2020-04-02 17:25:00,2127.376956692205,0.0015177321809510841
2020-04-02 17:26:00,2131.5064787714077,0.0014829722413808543
2020-04-02 17:27:00,2135.100178570008,0.0015136380911801785
2020-04-02 17:28:00,2138.6592575158807,0.0015070707831826545
2020-04-02 17:29:00,2140.5857925421287,0.0013956389326986363
2020-04-02 17:30:00,2144.6327596499805,0.001411273683311263
2020-04-02 17:31:00,2150.522900218216,0.0014537142545992786
2020-04-02 17:32:00,2156.560772142027,0.0014920616106318023
2020-04-02 17:33:00,2152.578432052291,0.0014879440508225063
2020-04-02 17:34:00,2147.3456127292684,0.001467931126469326
2020-04-02 17:35:00,2153.9238250067333,0.0014688155835662325
2020-04-02 17:36:00,2154.1746368991107,0.0015820343226548217
2020-04-02 17:37:00,2146.459385228022,0.0015448171984328999
2020-04-02 17:38:00,2148.101796907126,0.0015499841784448098
2020-04-02 17:39:00,2157.3489377458404,0.0015185986997223266
2020-04-02 17:40:00,2161.8122805357016,0.0015515658377902536
2020-04-02 17:41:00,2166.3884184773465,0.0015062281215242586
2020-04-02 17:42:00,2166.932921128793,0.00152303037493596
2020-04-02 17:43:00,2165.4352340566006,0.0015442402091449953
2020-04-02 17:44:00,2162.261886163512,0.0015506153866900623
2020-04-02 17:45:00,2154.956025336331,0.0015136338530183273
2020-04-02 17:46:00,2154.184932137332,0.0015260970519875322
2020-04-02 17:47:00,2155.098358928442,0.001496112242532223
2020-04-02 17:48:00,2153.274925991744,0.0014907880058169028
2020-04-02 17:49:00,2153.075217036383,0.001467707497344193
2020-04-02 17:50:00,2150.59211767937,0.0014622975137638012
2020-04-02 17:51:00,2158.987266343483,0.001445986124900947
2020-04-02 17:52:00,2160.5283558903575,0.0014384599717099068
2020-04-02 17:53:00,2163.771006744606,0.0014186488130381448
2020-04-02 17:54:00,2167.192433037992,0.0014270206868561537
2020-04-02 17:55:00,2167.291199920377,0.0014371821606522337
2020-04-02 17:56:00,2168.045917524075,0.0014241582010724072
2020-04-02 17:57:00,2169.882510707503,0.0013985325203079658
2020-04-02 17:58:00,2172.040236981321,0.0013771887122515569
2020-04-02 17:59:00,2171.899839827712,0.0014010677004099247
2020-04-02 18:00:00,2171.8870335228426,0.0013912562606495011
2020-04-02 18:01:00,2174.1923288497587,0.0014356469146531204
2020-04-02 18:02:00,2173.293322716451,0.0014397371281657473
2020-04-02 18:03:00,2172.7647884048965,0.0014167685294688022
2020-04-02 18:04:00,2174.392328209243,0.0014320859870305806
2020-04-02 18:05:00,2173.307937649514,0.0014747273037326683
2020-04-02 18:06:00,2167.5585952524775,0.001526577332728655
2020-04-02 18:07:00,2168.2650113884924,0.0015841602525733048
2020-04-02 18:08:00,2167.839565488323,0.0016122665399664275
2020-04-02 18:09:00,2163.956503618641,0.0016405928549516624
2020-04-02 18:10:00,2167.866745605337,0.001646292789876051
2020-04-02 18:11:00,2171.4506284979916,0.0017189388715252375
2020-04-02 18:12:00,2174.855288555199,0.001741214299439465
2020-04-02 18:13:00,2174.57737490338,0.00168485590321743
2020-04-02 18:14:00,2181.736416152042,0.0017086368307184005
2020-04-02 18:15:00,2180.532394296445,0.001726108373535417
2020-04-02 18:16:00,2180.6601738150384,0.0016807087040157204
2020-04-02 18:17:00,2184.6602774995185,0.0017265719664758703
2020-04-02 18:18:00,2182.0559798504637,0.001697477125355813
2020-04-02 18:19:00,2172.320233418396,0.0017922447346514386
2020-04-02 18:20:00,2175.5761308968667,0.001826617381208754
2020-04-02 18:21:00,2180.0955858699003,0.0018390030670300207
2020-04-02 18:22:00,2180.0216819651273,0.001828852465038898
2020-04-02 18:23:00,2177.971777558752,0.0018150345102228417
2020-04-02 18:24:00,2177.8639123167764,0.0018609202789432167
2020-04-02 18:25:00,2181.40170308684,0.00191731129322346
2020-04-02 18:26:00,2191.84739025557,0.001927635762104783
2020-04-02 18:27:00,2184.0444210764795,0.0019115852491809278
2020-04-02 18:28:00,2190.2999267806968,0.0018282891567374883
2020-04-02 18:29:00,2190.60841107981,0.0018654533517504662
2020-04-02 18:30:00,2198.2990819905976,0.001858800095936852
2020-04-02 18:31:00,2200.0225304175,0.0018319091340789526
2020-04-02 18:32:00,2200.7470005515697,0.0018239203545219033
2020-04-02 18:33:00,2198.807108383499,0.0017955366401973091
2020-04-02 18:34:00,2197.1326350182344,0.001831598168765229
2020-04-02 18:35:00,2192.410086631275,0.0018294838572250715
2020-04-02 18:36:00,2188.692140826963,0.0018369550364834967
2020-04-02 18:37:00,2184.6501015417043,0.001772985872443949
2020-04-02 18:38:00,2179.2709127541466,0.001777678342259407
2020-04-02 18:39:00,2185.6911773527017,0.0017710649688660646
2020-04-02 18:40:00,2179.3739472606217,0.0018114216000598433
2020-04-02 18:41:00,2179.216496742417,0.001847022994689575
2020-04-02 18:42:00,2181.1317501173926,0.0017976256638681598
2020-04-02 18:43:00,2180.784503135156,0.0017885650908186122
2020-04-02 18:44:00,2179.7340412116596,0.0017495320198415596
2020-04-02 18:45:00,2184.421943736792,0.0017555283241032548
2020-04-02 18:46:00,2183.8266535874695,0.0017714023737731403
2020-04-02 18:47:00,2177.4271844035693,0.00177087188089004
2020-04-02 18:48:00,2183.2239431225184,0.0018086096383092378
2020-04-02 18:49:00,2186.585628631688,0.001831213513806957
2020-04-02 18:50:00,2183.925050183116,0.0018433784899650855
2020-04-02 18:51:00,2182.5681680923126,0.0018464505546903218
2020-04-02 18:52:00,2182.758423020319,0.0017672041338340854
2020-04-02 18:53:00,2182.772457411657,0.0017955552823152505
2020-04-02 18:54:00,2171.4023256672335,0.0017310314118715174
2020-04-02 18:55:00,2169.101016331935,0.0017416968755482585
2020-04-02 18:56:00,2168.738059027793,0.0017932966969573115
2020-04-02 18:57:00,2167.9560926322506,0.0018382138276331174
2020-04-02 18:58:00,2163.1274265899506,0.0018236848908581734
2020-04-02 18:59:00,2159.141518901098,0.001864861361009326
2020-04-02 19:00:00,2154.1780751129254,0.0018828198065878492
2020-04-02 19:01:00,2153.8560954337945,0.0018997758396320978
2020-04-02 19:02:00,2147.7872494359867,0.0019077428743028359
2020-04-02 19:03:00,2144.0230131011253,0.0018732754342985064
2020-04-02 19:04:00,2153.4121617788073,0.0019350071110215495
2020-04-02 19:05:00,2150.62539039837,0.0019232297081740073
2020-04-02 19:06:00,2151.5406198457563,0.001873219405608242
2020-04-02 19:07:00,2155.72687584311,0.001899747977253162
2020-04-02 19:08:00,2153.740589130896,0.001811530682269404
2020-04-02 19:09:00,2150.142209023818,0.001783601208100425
2020-04-02 19:10:00,2153.0738679879296,0.0017340539406531638
2020-04-02 19:11:00,2150.3556757464753,0.0018021261742061788
2020-04-02 19:12:00,2148.639819217298,0.0018209232318558174
2020-04-02 19:13:00,2148.1318301283677,0.0017997237121208235
2020-04-02 19:14:00,2151.535847648608,0.0018163602786220815
2020-04-02 19:15:00,2154.132730744419,0.001756930777264392
2020-04-02 19:16:00,2157.3854171722087,0.001782142655333153
2020-04-02 19:17:00,2160.739049048898,0.001723515480771311
2020-04-02 19:18:00,2162.6354961079073,0.0017098360484113409
2020-04-02 19:19:00,2160.6609593117523,0.001689178797156952
2020-04-02 19:20:00,2161.5437383090843,0.0017073179997030533
2020-04-02 19:21:00,2149.805945344358,0.0016642755539700315
2020-04-02 19:22:00,2146.2341593378546,0.0016633677288398453
2020-04-02 19:23:00,2151.503497529367,0.0016632472610852772
2020-04-02 19:24:00,2153.4981874631085,0.0017061050389387082
2020-04-02 19:25:00,2152.2990789682603,0.001678916865299262
2020-04-02 19:26:00,2161.5656760222682,0.0017219704345079873
2020-04-02 19:27:00,2162.967743049048,0.0017230654375545477
2020-04-02 19:28:00,2163.2203684847727,0.001737099661605328
2020-04-02 19:29:00,2158.311267165498,0.0017455121581914966
2020-04-02 19:30:00,2156.519915205561,0.0017522862541643144
2020-04-02 19:31:00,2154.0626524293557,0.0017063116927298813
2020-04-02 19:32:00,2156.0054640502844,0.0017655749857217672
2020-04-02 19:33:00,2153.0086233651946,0.0017970560029168675
2020-04-02 19:34:00,2150.4983860132043,0.0017780465785698354
2020-04-02 19:35:00,2146.583023703474,0.0016653021183162648
2020-04-02 19:36:00,2147.3527998451073,0.001674773228318354
2020-04-02 19:37:00,2150.6416502776624,0.0017361158624137822
2020-04-02 19:38:00,2153.847495371572,0.0017132400545341153
2020-04-02 19:39:00,2155.168355413566,0.0017435417791811733
2020-04-02 19:40:00,2150.595999831746,0.0017311547131061155
2020-04-02 19:41:00,2156.800045374328,0.0016819802124695463
2020-04-02 19:42:00,2155.3211073,0.0016831898942719604
2020-04-02 19:43:00,2147.319557787167,0.0017214250906141468
2020-04-02 19:44:00,2142.1148922149523,0.001745144967658051
2020-04-02 19:45:00,2147.9355244038384,0.0017981359140264246
2020-04-02 19:46:00,2142.599445371321,0.0017978725811732977
2020-04-02 19:47:00,2138.0536366002625,0.001766591732355676
2020-04-02 19:48:00,2139.998010277397,0.0018026665587127335
2020-04-02 19:49:00,2145.5998770713486,0.0018707690933911668
2020-04-02 19:50:00,2146.3205515350614,0.0018246102434493396
2020-04-02 19:51:00,2154.9244290377337,0.0018698487851188028
2020-04-02 19:52:00,2154.026397994863,0.0018254899439017712
2020-04-02 19:53:00,2160.966490302552,0.0018042696907400952
2020-04-02 19:54:00,2162.039959935088,0.0018234825493271887
2020-04-02 19:55:00,2162.7044311201184,0.0018647258650516915
2020-04-02 19:56:00,2154.3323148705604,0.0018315962305235577
2020-04-02 19:57:00,2157.4406124033344,0.0018781485269619418
2020-04-02 19:58:00,2151.604052717889,0.0018477753165810342
2020-04-02 19:59:00,2151.060322160609,0.0019130512250884956
2020-04-03 13:30:00,2016.6497113802202,0.0019024170610019726
2020-04-03 13:31:00,2027.8589203472272,0.0019145188862100884
2020-04-03 13:32:00,2027.6498722377403,0.0019453650642075587
2020-04-03 13:33:00,2026.6400656108594,0.0019367188953148225
2020-04-03 13:34:00,2026.3870141795308,0.0018914374392991718
2020-04-03 13:35:00,2026.4005387211284,0.0018322990923856349
2020-04-03 13:36:00,2024.24891327956,0.0018622434635003698
2020-04-03 13:37:00,2017.088596962419,0.001839822745024553
2020-04-03 13:38:00,2016.9576689976257,0.0018268275738876222
2020-04-03 13:39:00,2019.7143803647164,0.0017893702479515044
2020-04-03 13:40:00,2017.4368363534697,0.0017401500684613696
2020-04-03 13:41:00,2022.3529332961568,0.001737357191311221
2020-04-03 13:42:00,2020.1315178810664,0.0017566199521865217
2020-04-03 13:43:00,2014.9472246084802,0.0017289022668134006
2020-04-03 13:44:00,2015.5713137441592,0.001724295294878418
2020-04-03 13:45:00,2017.5914111817383,0.0016952234356243932
2020-04-03 13:46:00,2017.073272408579,0.0017758673422422775
2020-04-03 13:47:00,2011.1686965568358,0.0017641358801002336
2020-04-03 13:48:00,2010.67314258168,0.0017687599391473716
2020-04-03 13:49:00,2007.9374242839262,0.0017513346060675622
2020-04-03 13:50:00,2016.168737025398,0.0017659439992556928
2020-04-03 13:51:00,2013.7964020879958,0.0017025836073218195
2020-04-03 13:52:00,2017.607217077084,0.0017073642183068147
2020-04-03 13:53:00,2020.0845680239188,0.0016916925007910795
2020-04-03 13:54:00,2023.7377948556364,0.0015951627519744701
2020-04-03 13:55:00,2030.2455937082568,0.0016170894121308684
2020-04-03 13:56:00,2025.2440795328234,0.0016392490642933512
2020-04-03 13:57:00,2019.8503479860515,0.0015556155920443248
2020-04-03 13:58:00,2013.1941670449332,0.0015421270876726444
2020-04-03 13:59:00,2010.8869364600193,0.0015985015549085805
2020-04-03 14:00:00,2013.499522169195,0.0015665200255834055
2020-04-03 14:01:00,2011.8704241347452,0.0015703968622676212
2020-04-03 14:02:00,2013.8441928914688,0.0015736587504720798
2020-04-03 14:03:00,2019.6993377742601,0.001574889218605787
2020-04-03 14:04:00,2017.0907479530113,0.0015297130403609473
2020-04-03 14:05:00,2018.3779397192095,0.001517754329777977
2020-04-03 14:06:00,2021.7156374903377,0.0014880422414802366
2020-04-03 14:07:00,2021.7456137974007,0.0015370351831387786
2020-04-03 14:08:00,2025.3786782838233,0.0014902292962218008
2020-04-03 14:09:00,2025.675698262341,0.0015137926876161608
2020-04-03 14:10:00,2024.6158979499617,0.0014620018301435425
2020-04-03 14:11:00,2024.8266563230552,0.0014506001108862277
2020-04-03 14:12:00,2023.9401548996568,0.0014025824326795785
2020-04-03 14:13:00,2024.0402975795193,0.0013367042301430487
2020-04-03 14:14:00,2025.462938877918,0.0012843859988367903
2020-04-03 14:15:00,2018.5404813805808,0.0012965329559638833
2020-04-03 14:16:00,2017.9061687110855,0.0012685172959578514
2020-04-03 14:17:00,2018.1008956135338,0.001242230953033121
2020-04-03 14:18:00,2019.2865880476095,0.001258843608551625
2020-04-03 14:19:00,2023.4850765117492,0.0012213297913071237
2020-04-03 14:20:00,2026.710294924281,0.0012327136809299694
2020-04-03 14:21:00,2032.5442713427635,0.0011533596036492403
2020-04-03 14:22:00,2037.1015237514098,0.0011603397259309007
2020-04-03 14:23:00,2039.3997463503738,0.001098804979027917
2020-04-03 14:24:00,2038.5178227728236,0.000991469863757123
2020-04-03 14:25:00,2039.8501909923252,0.0009518812376252257
2020-04-03 14:26:00,2041.0377918165386,0.0009531712243520164
2020-04-03 14:27:00,2040.6645239019902,0.0010525516551119387
2020-04-03 14:28:00,2040.5025672381137,0.0010295313242560124
2020-04-03 14:29:00,2040.0795623189533,0.0010111365811140422
2020-04-03 14:30:00,2042.5836901084992,0.0010128220989163864
2020-04-03 14:31:00,2045.1014364347886,0.0009765443056571599
2020-04-03 14:32:00,2046.0111205488356,0.0009404741287519698
2020-04-03 14:33:00,2043.0379571459844,0.0009725418487190302
2020-04-03 14:34:00,2046.2053181344065,0.0010133634130724736
2020-04-03 14:35:00,2042.8761486345732,0.0009633595279145767
2020-04-03 14:36:00,2042.1284170808265,0.0009126053905496581
2020-04-03 14:37:00,2039.7763442422406,0.0009132598375752497
2020-04-03 14:38:00,2040.8799553062058,0.0009107338579855984
2020-04-03 14:39:00,2039.2102511041278,0.0009296863691745441
2020-04-03 14:40:00,2038.2318229812722,0.0009819473051112194
2020-04-03 14:41:00,2036.06832419614,0.0010121588113719323
2020-04-03 14:42:00,2035.811382148284,0.001003066957992183
2020-04-03 14:43:00,2035.2109593671637,0.0009899590658301875
2020-04-03 14:44:00,2036.925136474102,0.0009647443650170531
2020-04-03 14:45:00,2036.3836725681795,0.0010011171122913083
2020-04-03 14:46:00,2035.6651301810616,0.0009968562748363535
2020-04-03 14:47:00,2037.2064935608012,0.0010029012648586065
2020-04-03 14:48:00,2039.5699242967185,0.0009998791209089692
2020-04-03 14:49:00,2040.945881615113,0.000980688121141437
2020-04-03 14:50:00,2042.0044591671124,0.000943791430403283
2020-04-03 14:51:00,2040.504555518262,0.0008991599183205484
2020-04-03 14:52:00,2044.559649193272,0.0009018404976894652
2020-04-03 14:53:00,2045.903011432197,0.000853345095758945
2020-04-03 14:54:00,2047.21187949356,0.0007773322832244198
2020-04-03 14:55:00,2046.2506340102868,0.0007186299358809062
2020-04-03 14:56:00,2044.5360944680233,0.0006913413443592558
2020-04-03 14:57:00,2044.3662972383054,0.0006431537269571529
2020-04-03 14:58:00,2046.4556047899937,0.0006297662095613224
2020-04-03 14:59:00,2045.360423578609,0.000633642284390911
2020-04-03 15:00:00,2043.0924491206797,0.0006402792894711987
2020-04-03 15:01:00,2042.7395181620236,0.000613767390147593
2020-04-03 15:02:00,2043.209177227803,0.0006534280392570735
2020-04-03 15:03:00,2044.3626436731843,0.000663181524833887
2020-04-03 15:04:00,2043.693934225786,0.0007071186770998516
2020-04-03 15:05:00,2044.2935057996265,0.0007158451069294537
2020-04-03 15:06:00,2044.7831291646169,0.0007147249389383312
2020-04-03 15:07:00,2044.3820766898473,0.000737480753849194
2020-04-03 15:08:00,2044.5871690968238,0.0006782517485959839
2020-04-03 15:09:00,2046.6339684457505,0.0006573863952694402
2020-04-03 15:10:00,2047.4441935428524,0.0006397474520170347
2020-04-03 15:11:00,2046.65755857329,0.0006591430268576734
2020-04-03 15:12:00,2045.410397577478,0.000652431691245937
2020-04-03 15:13:00,2045.0715290247,0.0007177297528248785
2020-04-03 15:14:00,2043.9646734357198,0.0007240464438095415
2020-04-03 15:15:00,2043.0462695075319,0.0007644963420457022
2020-04-03 15:16:00,2044.1455679223932,0.00077056575650262
2020-04-03 15:17:00,2042.707516395683,0.0007937544157091809
2020-04-03 15:18:00,2042.334275623269,0.0007599517831999966
2020-04-03 15:19:00,2043.5632942263937,0.0007265968273204807
2020-04-03 15:20:00,2042.6657440624117,0.0007795955085363303
2020-04-03 15:21:00,2044.3316499439693,0.0007626597313344115
2020-04-03 15:22:00,2046.518729779851,0.000806114221352256
2020-04-03 15:23:00,2049.717986275239,0.0008274954180788015
2020-04-03 15:24:00,2048.3439319186105,0.0007625522683484873
2020-04-03 15:25:00,2049.244729579178,0.0007541266945934154
2020-04-03 15:26:00,2049.771336181133,0.0007467065422815548
2020-04-03 15:27:00,2049.4287337469013,0.0007161872716745741
2020-04-03 15:28:00,2048.5091501674697,0.0006905890972918048
2020-04-03 15:29:00,2049.9150926472867,0.0006918678422295582
2020-04-03 15:30:00,2050.801382689392,0.0005995095603070444
2020-04-03 15:31:00,2050.355230788061,0.0006104051545731551
2020-04-03 15:32:00,2050.1738194967015,0.0005514527936481385
2020-04-03 15:33:00,2052.109512260173,0.0006240217926571916
2020-04-03 15:34:00,2049.860635166878,0.0006823697474100764
2020-04-03 15:35:00,2048.4003098624116,0.0007448368641214089
2020-04-03 15:36:00,2047.1164066507683,0.0007640152904324563
2020-04-03 15:37:00,2046.098466985669,0.0008282126889035346
2020-04-03 15:38:00,2045.8212044942768,0.0007664256821175613
2020-04-03 15:39:00,2046.116816383328,0.0008238547328805494
2020-04-03 15:40:00,2047.4325943659603,0.0008079321619766658
2020-04-03 15:41:00,2048.824691567038,0.0007512801882399813
2020-04-03 15:42:00,2047.8803474476488,0.0006914862162220777
2020-04-03 15:43:00,2049.7935111699417,0.0006750550981112219
2020-04-03 15:44:00,2047.4545302489332,0.0005883019819506833
2020-04-03 15:45:00,2048.9273451530753,0.0005436574271307205
2020-04-03 15:46:00,2049.8831501251166,0.0004942658366993615
2020-04-03 15:47:00,2048.9006312400593,0.00044537636631524966
2020-04-03 15:48:00,2049.175614725731,0.0005256253885385579
2020-04-03 15:49:00,2050.162782967277,0.0005940323258375639
2020-04-03 15:50:00,2049.5932208862064,0.0005953076957364427
2020-04-03 15:51:00,2049.375890904638,0.0005695104062347433
2020-04-03 15:52:00,2050.3785237722554,0.0005975513307643437
2020-04-03 15:53:00,2061.3680450342117,0.0005706033192962889
2020-04-03 15:54:00,2060.422122104057,0.0006180327872762677
2020-04-03 15:55:00,2059.2697369851567,0.0006115966912112316
2020-04-03 15:56:00,2062.4450798430403,0.0006992767094654875
2020-04-03 15:57:00,2060.0435361440123,0.0006794209691814031
2020-04-03 15:58:00,2059.2725047745903,0.0006451736842629588
2020-04-03 15:59:00,2062.3252759183524,0.0006892787349792312
2020-04-03 16:00:00,2062.641287781651,0.0006723283881530308
2020-04-03 16:01:00,2060.822651254825,0.000668597334436267
2020-04-03 16:02:00,2060.819652839464,0.0006055801964209213
2020-04-03 16:03:00,2061.1486100336647,0.0005960502370967524
2020-04-03 16:04:00,2058.4670882734536,0.000636963844136358
2020-04-03 16:05:00,2056.3622424270006,0.0006929704775549862
2020-04-03 16:06:00,2057.5152071627067,0.0007581207060364119
2020-04-03 16:07:00,2056.288762405143,0.0007996883718281685
2020-04-03 16:08:00,2058.0451884810923,0.000860825876774271
2020-04-03 16:09:00,2055.0168553359435,0.0008777468741727124
2020-04-03 16:10:00,2052.0579661480047,0.0009244744668605565
2020-04-03 16:11:00,2049.3171486650226,0.000905333978150407
2020-04-03 16:12:00,2049.774229154376,0.0009045530973085264
2020-04-03 16:13:00,2049.917904201382,0.0009281026885312185
2020-04-03 16:14:00,2049.2079884297664,0.0009363123841431048
2020-04-03 16:15:00,2049.812794672132,0.0008768019203640429
2020-04-03 16:16:00,2050.1422685814828,0.0008953403123223581
2020-04-03 16:17:00,2049.878773083947,0.0008582720926438136
2020-04-03 16:18:00,2048.7365925002096,0.0009398834186724556
2020-04-03 16:19:00,2051.5508637578923,0.0009562450108816271
2020-04-03 16:20:00,2052.4658333450166,0.000990167339820963
2020-04-03 16:21:00,2052.7145196547135,0.001010614001400342
2020-04-03 16:22:00,2053.943572244264,0.00099242116273417
2020-04-03 16:23:00,2053.619174723147,0.0010433072633401171
2020-04-03 16:24:00,2056.2242547007086,0.0010217544463135165
2020-04-03 16:25:00,2061.3839007626316,0.0009843498327654382
2020-04-03 16:26:00,2062.5577334501054,0.0009944148681880947
2020-04-03 16:27:00,2058.9643958139955,0.0009756802626673506
2020-04-03 16:28:00,2060.3908295491306,0.0009496481898607458
2020-04-03 16:29:00,2061.6313372991485,0.0010288787231009563
2020-04-03 16:30:00,2058.1199438428057,0.001017366678124189
2020-04-03 16:31:00,2061.2687973145225,0.0009969995352786649
2020-04-03 16:32:00,2062.08068111528,0.0009972888047095967
2020-04-03 16:33:00,2075.7621863243426,0.0009610366976110743
2020-04-03 16:34:00,2076.8847066168664,0.001014762905759407
2020-04-03 16:35:00,2078.4147972346686,0.0009963964987790947
2020-04-03 16:36:00,2077.2811280631768,0.0010248219983693715
2020-04-03 16:37:00,2080.244893054173,0.0010562307011682407
2020-04-03 16:38:00,2077.6825468494303,0.0010447350311886382
2020-04-03 16:39:00,2080.5531644120033,0.0010587488055140506
2020-04-03 16:40:00,2078.3794654455496,0.0010518257459510903
2020-04-03 16:41:00,2080.0217322696644,0.0010184121981970913
2020-04-03 16:42:00,2081.797629379405,0.0009924242346529507
2020-04-03 16:43:00,2079.752032966605,0.0010211043641373849
2020-04-03 16:44:00,2079.339533743255,0.0009387167575682123
2020-04-03 16:45:00,2080.3675410439378,0.0009048740598172005
2020-04-03 16:46:00,2079.8355206251376,0.000890077322808016
2020-04-03 16:47:00,2083.6320655728396,0.0009186994433732156
2020-04-03 16:48:00,2084.417326898761,0.0009157616911053459
2020-04-03 16:49:00,2082.568322426014,0.0009516621897562213
2020-04-03 16:50:00,2084.415060611898,0.0009182281861836979
2020-04-03 16:51:00,2087.139486177875,0.0008703673111277137
2020-04-03 16:52:00,2083.5156865257245,0.0009389390481046551
2020-04-03 16:53:00,2082.370652080938,0.0009198807992341583
2020-04-03 16:54:00,2082.102064275967,0.0008845587758102584
2020-04-03 16:55:00,2079.9750610475307,0.0008403891384177037
2020-04-03 16:56:00,2079.4730865571196,0.0008768104854443204
2020-04-03 16:57:00,2078.624529597567,0.0009303824002316339
2020-04-03 16:58:00,2080.6940528474006,0.0009017847786473234
2020-04-03 16:59:00,2080.526764386045,0.0009321421396738275
2020-04-03 17:00:00,2080.3088510818943,0.0009233670335807168
2020-04-03 17:01:00,2081.3125393964274,0.0008840789034025935
2020-04-03 17:02:00,2081.4690935654007,0.0008698561967771437
2020-04-03 17:03:00,2081.7749533389856,0.0008956608936894583
2020-04-03 17:04:00,2082.681705514011,0.0008543976507275499
2020-04-03 17:05:00,2083.9801804383933,0.0008467448782375162
2020-04-03 17:06:00,2082.1646135427495,0.0008244548182678767
2020-04-03 17:07:00,2081.916910327722,0.000848452164096295
2020-04-03 17:08:00,2083.919647440911,0.0008705472532634943
2020-04-03 17:09:00,2083.696443091305,0.0008525358001688755
2020-04-03 17:10:00,2087.3023187840126,0.0008313671568729262
2020-04-03 17:11:00,2087.7961730854418,0.0007662029629745636
2020-04-03 17:12:00,2087.9522375785486,0.0007463437103478976
2020-04-03 17:13:00,2087.8003191664525,0.0006652430742366255
2020-04-03 17:14:00,2089.2484968443955,0.0006086208668601009
2020-04-03 17:15:00,2089.4995715637456,0.0005906549027025226
2020-04-03 17:16:00,2088.3522990053184,0.0005724498646537923
2020-04-03 17:17:00,2087.8048202361415,0.0005271973546659447
2020-04-03 17:18:00,2088.0762507470995,0.0005248406137019859
2020-04-03 17:19:00,2086.895915706951,0.0004814635764295219
2020-04-03 17:20:00,2087.232042938521,0.00046392724858156716
2020-04-03 17:21:00,2087.6672264838567,0.000374639608042254
2020-04-03 17:22:00,2087.0075003582983,0.00031704371070173475
2020-04-03 17:23:00,2085.4186323091035,0.00032768610382341405
2020-04-03 17:24:00,2085.760779400317,0.00037954089136083295
2020-04-03 17:25:00,2086.397732606229,0.00039696149080590946
2020-04-03 17:26:00,2086.0729823927745,0.00029852858563648516
2020-04-03 17:27:00,2085.4707896723444,0.0002787744524309324
2020-04-03 17:28:00,2085.354570825995,0.00029567809748782923
2020-04-03 17:29:00,2086.2637739916954,0.0002832745201566493
2020-04-03 17:30:00,2085.407154687828,0.0002948352517956514
2020-04-03 17:31:00,2085.5465024814757,0.0002238011637022664
2020-04-03 17:32:00,2086.049265887821,0.0002680036201301054
2020-04-03 17:33:00,2085.898213775011,0.00018733208048716594
2020-04-03 17:34:00,2085.201631795607,0.00020700313208973277
2020-04-03 17:35:00,2085.287055346547,0.0002312673316236364
2020-04-03 17:36:00,2085.963160907053,0.0002650609299351354
2020-04-03 17:37:00,2086.0279572512095,0.00018061843677191774
2020-04-03 17:38:00,2086.209705613824,0.00020499508080468133
2020-04-03 17:39:00,2086.043328287059,0.0001964405371214097
2020-04-03 17:40:00,2086.6416810815026,0.0001947074414396214
2020-04-03 17:41:00,2086.954238082318,0.0002497945165012604
2020-04-03 17:42:00,2086.2261732746992,0.000224071154395252
2020-04-03 17:43:00,2085.5427774173672,0.000220999796665057
2020-04-03 17:44:00,2086.170955787234,0.0002261741647207602
2020-04-03 17:45:00,2085.7146427651255,0.00017850218009779402
2020-04-03 17:46:00,2085.8186857445007,0.00020399707125311908
2020-04-03 17:47:00,2085.2156214147412,0.0001785880980624166
2020-04-03 17:48:00,2085.1290257474498,0.00011009197408941506
2020-04-03 17:49:00,2084.839281723923,0.00012408440973553047
2020-04-03 17:50:00,2084.7438890033263,8.820347518857853e-05
2020-04-03 17:51:00,2084.5695562993365,5.2593496069779285e-05
2020-04-03 17:52:00,2084.7251359826023,7.30304881115943e-05
2020-04-03 17:53:00,2085.0775950513103,0.00011080798263449401
2020-04-03 17:54:00,2084.9560433587903,9.36049735404794e-05
2020-04-03 17:55:00,2085.12020126613,0.00011599755707166245
2020-04-03 17:56:00,2084.8336688719646,0.00016215501635703016
2020-04-03 17:57:00,2085.042704754067,0.0001772691375011949
2020-04-03 17:58:00,2084.888192577648,0.0001737802817537161
2020-04-03 17:59:00,2085.399151291798,0.0001923498462226766
2020-04-03 18:00:00,2085.1961014353437,0.00016985572023163738
2020-04-03 18:01:00,2084.997284893249,0.00010862872902617781
2020-04-03 18:02:00,2085.216969159235,0.0001451368781152163
2020-04-03 18:03:00,2085.3715254162403,0.00011626022951308175
2020-04-03 18:04:00,2085.0796898261992,0.000132401060677628
2020-04-03 18:05:00,2084.725924690926,0.00022927371972595158
2020-04-03 18:06:00,2084.363864448911,0.00022711050055123684
2020-04-03 18:07:00,2084.579417703338,0.00028265299978945613
2020-04-03 18:08:00,2084.5020216601765,0.00028802996009374553
2020-04-03 18:09:00,2084.0884460269417,0.0002856636233393973
2020-04-03 18:10:00,2083.7316045513553,0.0002752898211171421
2020-04-03 18:11:00,2083.4755179334684,0.00016940459832554095
2020-04-03 18:12:00,2083.4705361362453,0.00014479230346044577
2020-04-03 18:13:00,2083.834421383156,0.00019850837600054054
2020-04-03 18:14:00,2083.407352113066,0.00024149698929123667
2020-04-03 18:15:00,2083.8721064510387,0.00030631917081264766
2020-04-03 18:16:00,2082.8077603678594,0.0002715593216952757
2020-04-03 18:17:00,2082.6923889010536,0.0002602965632911915
2020-04-03 18:18:00,2082.434047767063,0.00024032037551046872
2020-04-03 18:19:00,2082.0810553822544,0.00026595832243377505
2020-04-03 18:20:00,2082.2808360873732,0.00020526540533027314
2020-04-03 18:21:00,2082.696637801543,0.00018496673052281474
2020-04-03 18:22:00,2082.4674292857053,0.000283033185954293
2020-04-03 18:23:00,2082.857702771048,0.00031950842950329613
2020-04-03 18:24:00,2083.4365235198406,0.0003436211457462214
2020-04-03 18:25:00,2082.306483816441,0.00037307361068283966
2020-04-03 18:26:00,2082.333319920752,0.00034660733453880396
2020-04-03 18:27:00,2082.1185030152487,0.00035288749736546443
2020-04-03 18:28:00,2082.0300569464334,0.0003718374885680337
2020-04-03 18:29:00,2083.015403444383,0.0004240334721490295
2020-04-03 18:30:00,2083.5346468533594,0.0004382769306177718
2020-04-03 18:31:00,2082.8568613130733,0.00041102303359560823
2020-04-03 18:32:00,2083.2401820926416,0.00033907028783243526
2020-04-03 18:33:00,2083.6844504753753,0.0003977344405107944
2020-04-03 18:34:00,2085.8022721134244,0.0004904052765789796
2020-04-03 18:35:00,2087.1223571710057,0.0004862682825836185
2020-04-03 18:36:00,2084.6097241966754,0.0005171716834314133
2020-04-03 18:37:00,2084.941661468359,0.0005051104110708636
2020-04-03 18:38:00,2084.0564953425373,0.0005701049781789284
2020-04-03 18:39:00,2083.562712145612,0.0005390343519457109
2020-04-03 18:40:00,2084.094975569409,0.0005290195213921711
2020-04-03 18:41:00,2085.40559378985,0.000469097867542332
2020-04-03 18:42:00,2086.8186070833135,0.00046560889480063035
2020-04-03 18:43:00,2088.11393131772,0.0004673618721456955
2020-04-03 18:44:00,2086.1137094181067,0.0005048089828705565
2020-04-03 18:45:00,2087.614595077418,0.000579259043997242
2020-04-03 18:46:00,2086.376612261623,0.0005227967566462858
2020-04-03 18:47:00,2086.6247965760203,0.000511905193235965
2020-04-03 18:48:00,2085.4426305558095,0.00046738313373681994
2020-04-03 18:49:00,2085.511180202968,0.0004779130477872936
2020-04-03 18:50:00,2086.0482166143015,0.0004357514479764817
2020-04-03 18:51:00,2085.443158757661,0.000502334770097739
2020-04-03 18:52:00,2084.96513229723,0.00045690445692022914
2020-04-03 18:53:00,2083.28947785129,0.0004942780049741653
2020-04-03 18:54:00,2083.3474725306914,0.00047806462475864206
2020-04-03 18:55:00,2081.9632610906638,0.0005048685336206922
2020-04-03 18:56:00,2082.8629460403304,0.00057355038317184
2020-04-03 18:57:00,2082.2504566527405,0.0004303463573069361
2020-04-03 18:58:00,2082.8527030623286,0.0004481783992208334
2020-04-03 18:59:00,2082.080102193572,0.00048634620032562926
2020-04-03 19:00:00,2082.5992759680685,0.00045306697379221485
2020-04-03 19:01:00,2082.8435360485537,0.0004645508428547072
2020-04-03 19:02:00,2083.1142448718165,0.00044195874788087474
2020-04-03 19:03:00,2082.6279130543585,0.0004520010240658413
2020-04-03 19:04:00,2082.590287827219,0.00042291356484622954
2020-04-03 19:05:00,2082.7613550824744,0.00041938003733397886
2020-04-03 19:06:00,2080.9390924640993,0.00043639966338523376
2020-04-03 19:07:00,2079.989283118312,0.0004493401098198425
2020-04-03 19:08:00,2081.205117136771,0.00042940688594514696
2020-04-03 19:09:00,2080.477702923388,0.0004429389485881068
2020-04-03 19:10:00,2081.553562430002,0.0004952775294899816
2020-04-03 19:11:00,2082.3521031565256,0.0005678390506897333
2020-04-03 19:12:00,2080.4243721527573,0.0006142118719375812
2020-04-03 19:13:00,2081.0027696860693,0.0006579508030671975
2020-04-03 19:14:00,2078.445091200804,0.0005991924237821954
2020-04-03 19:15:00,2075.231463424088,0.0006165930347390845
2020-04-03 19:16:00,2074.547887662504,0.0006228697571834398
2020-04-03 19:17:00,2075.1700426578323,0.0005817977121725035
2020-04-03 19:18:00,2072.89409106505,0.000559325656194082
2020-04-03 19:19:00,2073.205377969861,0.0005261256415833461
2020-04-03 19:20:00,2076.9075107970507,0.0005097794749580181
2020-04-03 19:21:00,2078.6754608754286,0.0005371113580658904
2020-04-03 19:22:00,2077.9341137148836,0.0005186689386529088
2020-04-03 19:23:00,2078.7453464242217,0.0005132620837218064
2020-04-03 19:24:00,2078.468715160632,0.0004646943268883231
2020-04-03 19:25:00,2077.3327770180945,0.0004226671414949481
2020-04-03 19:26:00,2078.252102315396,0.00032877567854759263
2020-04-03 19:27:00,2077.496615780096,0.0003036243236629935
2020-04-03 19:28:00,2078.4636681703705,0.0003518126886757282
2020-04-03 19:29:00,2078.0584622328447,0.0003262540180098806
2020-04-03 19:30:00,2077.7331094301408,0.0003079523029759406
2020-04-03 19:31:00,2078.1041706131364,0.0003642449975823624
2020-04-03 19:32:00,2078.0699843130883,0.0003522609464400896
2020-04-03 19:33:00,2078.0943581081387,0.00029290177796674797
2020-04-03 19:34:00,2078.033342822572,0.0002881305973014871
2020-04-03 19:35:00,2077.48939554027,0.0002620353339400585
2020-04-03 19:36:00,2078.8381228618455,0.00026737036619645896
2020-04-03 19:37:00,2078.861939937686,0.00026129081210988906
2020-04-03 19:38:00,2078.7070008684823,0.00023900477358843175
2020-04-03 19:39:00,2079.1066160976125,0.00020837110523953996
2020-04-03 19:40:00,2078.9807180547086,0.00024890374670075014
2020-04-03 19:41:00,2078.2295012094096,0.00029610479495901484
2020-04-03 19:42:00,2078.086779288834,0.00024392160292633069
2020-04-03 19:43:00,2077.6447454779027,0.00024271543885336788
2020-04-03 19:44:00,2076.8937607947382,0.00028767295866116883
2020-04-03 19:45:00,2076.7700960901943,0.0003142290856218578
2020-04-03 19:46:00,2076.9856377913206,0.0003191126134114872
2020-04-03 19:47:00,2077.494650704689,0.00031287933613275884
2020-04-03 19:48:00,2077.202808656024,0.00029132174872136094
2020-04-03 19:49:00,2076.643150783863,0.00030434037769740976
2020-04-03 19:50:00,2076.4360746866364,0.0002918265206026421
2020-04-03 19:51:00,2074.8664115599436,0.0003303000429921042
2020-04-03 19:52:00,2075.302399384044,0.000365262007779798
2020-04-03 19:53:00,2075.6170777937928,0.00042124047553161975
2020-04-03 19:54:00,2075.5491414836083,0.0004301037835110095
2020-04-03 19:55:00,2076.2686224682684,0.00040307369020211323
2020-04-03 19:56:00,2076.1951085868754,0.0004057024368443894
2020-04-03 19:57:00,2076.0223620227307,0.0003634040947395269
2020-04-03 19:58:00,2075.7664945779607,0.00040137457746699916
2020-04-03 19:59:00,2074.308073911167,0.00038803823163338245
2020-04-06 13:30:00,2022.876687192658,0.00035602155579244986
2020-04-06 13:31:00,2022.8937219786562,0.00035880614200392693
2020-04-06 13:32:00,2022.1602294714612,0.0003404761763585525
2020-04-06 13:33:00,2021.9084600741774,0.000397153894980692
2020-04-06 13:34:00,2022.257659488777,0.00036143936808882376
2020-04-06 13:35:00,2023.5454137665172,0.0003854480195705824
2020-04-06 13:36:00,2022.4830166142995,0.0004052021945853891
2020-04-06 13:37:00,2020.8774893577654,0.00042769842578871387
2020-04-06 13:38:00,2021.2775478279523,0.0004776161158714263
2020-04-06 13:39:00,2020.0254769001747,0.0003859467912385176
2020-04-06 13:40:00,2024.6162282082653,0.0004143415643099505
2020-04-06 13:41:00,2025.1614984056803,0.0003842777135937901
2020-04-06 13:42:00,2025.8201762594758,0.0003493565804620379
2020-04-06 13:43:00,2025.6948022615795,0.00036115084070362236
2020-04-06 13:44:00,2025.9827857942055,0.00030426551991103747
2020-04-06 13:45:00,2027.0007630724238,0.0003363651203198835
2020-04-06 13:46:00,2026.426048533597,0.0002747219028252447
2020-04-06 13:47:00,2026.4268368083865,0.0003251499647283347
2020-04-06 13:48:00,2025.4657023404761,0.00040258041008059826
2020-04-06 13:49:00,2026.7695402526454,0.0004011000019495642
2020-04-06 13:50:00,2025.4839899343717,0.0003821436464240529
2020-04-06 13:51:00,2026.6001956586354,0.0003788099996982642
2020-04-06 13:52:00,2026.6451730781928,0.00036362261334978684
2020-04-06 13:53:00,2026.0187791322055,0.0003710264763930209
2020-04-06 13:54:00,2025.180065150715,0.00037439402608009713
2020-04-06 13:55:00,2024.6644840437004,0.000386121446939306
2020-04-06 13:56:00,2025.0261367307337,0.00037843840752909504
2020-04-06 13:57:00,2024.9113145542615,0.00039475386521544814
2020-04-06 13:58:00,2025.681323478955,0.0003737973646359665
2020-04-06 13:59:00,2024.2898765207567,0.0003700310483005311
2020-04-06 14:00:00,2024.47660580698,0.00040638969552571504
2020-04-06 14:01:00,2024.2824124476276,0.0003677618796592868
2020-04-06 14:02:00,2023.1468613111526,0.0003623309733563328
2020-04-06 14:03:00,2022.5305267633144,0.0003760580282861406
2020-04-06 14:04:00,2023.1183971696898,0.0003845318462711701
2020-04-06 14:05:00,2024.083217022772,0.00048210902637462535
2020-04-06 14:06:00,2023.98527144398,0.0004505124257291357
2020-04-06 14:07:00,2024.5368276954168,0.000457780381495215
2020-04-06 14:08:00,2025.0938604925166,0.00047049264874692476
2020-04-06 14:09:00,2025.2277710756016,0.0004088593632476383
2020-04-06 14:10:00,2024.8288554428716,0.0004340522081775573
2020-04-06 14:11:00,2024.816817602886,0.000400156236653375
2020-04-06 14:12:00,2024.2928068867652,0.0003780530198562666
2020-04-06 14:13:00,2025.3943985184337,0.0004132130490551465
2020-04-06 14:14:00,2024.6356278392025,0.00043229128591331533
2020-04-06 14:15:00,2025.4743467648868,0.00038502042913917105
2020-04-06 14:16:00,2025.7080161248514,0.00038049757246774377
2020-04-06 14:17:00,2025.7042196445286,0.00034327599790333915
2020-04-06 14:18:00,2024.5343947211968,0.00035239432921726116
2020-04-06 14:19:00,2023.8454885789797,0.0003219295252798466
2020-04-06 14:20:00,2024.272814006392,0.00024840966723785053
2020-04-06 14:21:00,2023.7167292577985,0.0002837546253385282
2020-04-06 14:22:00,2023.5705129500777,0.0002877369318353387
2020-04-06 14:23:00,2023.8947859854736,0.0002811070354591677
2020-04-06 14:24:00,2024.2588763773344,0.00022102559595481557
2020-04-06 14:25:00,2024.5441740088422,0.0002833521802340097
2020-04-06 14:26:00,2024.5567020052758,0.00024581912164587066
2020-04-06 14:27:00,2024.4173649880338,0.0002425497429437519
2020-04-06 14:28:00,2025.308061665053,0.00021491578486142762
2020-04-06 14:29:00,2025.5832915132532,0.00021313681595143432
2020-04-06 14:30:00,2025.6242015297728,9.92507443143015e-05
2020-04-06 14:31:00,2025.6256777115161,5.299897952675964e-05
2020-04-06 14:32:00,2025.6747427210166,8.044855291889425e-05
2020-04-06 14:33:00,2025.5297494956362,0.00014634922430802787
2020-04-06 14:34:00,2025.662497143584,5.170546200873035e-05
2020-04-06 14:35:00,2025.6192908063974,1e-10
2020-04-06 14:36:00,2025.5760850437655,1e-10
2020-04-06 14:37:00,2025.5328806649757,1e-10
2020-04-06 14:38:00,2025.489676989816,1e-10
2020-04-06 14:39:00,2025.446474207087,1e-10
2020-04-06 14:40:00,2025.4032723111545,1e-10
2020-04-06 14:41:00,2025.3600711988552,1e-10
2020-04-06 14:42:00,2025.3168713897828,1e-10
2020-04-06 14:43:00,2025.2736722004067,1e-10
2020-04-06 14:44:00,2025.230474080041,1e-10
2020-04-06 14:45:00,2025.1872766884157,1e-10
2020-04-06 14:46:00,2025.1440801162032,1e-10
2020-04-06 14:47:00,2025.1008844270982,1e-10
2020-04-06 14:48:00,2025.0576905530763,1e-10
2020-04-06 14:49:00,2025.0144970596937,1e-10
2020-04-06 14:50:00,2024.9911275717654,7.4504508129973025e-06
2020-04-06 14:51:00,2024.9479351433115,1e-10
2020-04-06 14:52:00,2024.9047433122944,1e-10
2020-04-06 14:53:00,2024.8615531947607,1e-10
2020-04-06 14:54:00,2024.8183640527568,1e-10
2020-04-06 14:55:00,2024.775175449168,1e-10
2020-04-06 14:56:00,2024.7319880556313,1e-10
2020-04-06 14:57:00,2024.6888014908197,1e-10
2020-04-06 14:58:00,2024.6456157521397,1e-10
2020-04-06 14:59:00,2024.6024309181157,1e-10
2020-04-06 15:00:00,2024.5689170561147,2.3643380986512185e-05
2020-04-06 15:01:00,2024.446582967299,8.264703637491535e-05
2020-04-06 15:02:00,2024.3719872395961,7.753142896147882e-05
2020-04-06 15:03:00,2024.1564878254972,0.00011669496995033802
2020-04-06 15:04:00,2024.0869255659775,6.646348567099851e-05
2020-04-06 15:05:00,2023.9796609167388,2.51868910598725e-05
2020-04-06 15:06:00,2023.9456228691483,5.113802710730181e-06
2020-04-06 15:07:00,2023.9024528752614,1e-10
2020-04-06 15:08:00,2023.8900660550855,2.242047344197933e-05
2020-04-06 15:09:00,2023.846897483783,1e-10
2020-04-06 15:10:00,2023.8037296634116,1e-10
2020-04-06 15:11:00,2023.7500691571672,5.35883195885438e-06
2020-04-06 15:12:00,2023.706903423355,1e-10
2020-04-06 15:13:00,2023.6637386569275,1e-10
2020-04-06 15:14:00,2023.6205747711854,1e-10
2020-04-06 15:15:00,2023.5774119578132,1e-10
2020-04-06 15:16:00,2023.5342499877195,1e-10
2020-04-06 15:17:00,2023.491088932659,1e-10
2020-04-06 15:18:00,2023.4479285177738,1e-10
2020-04-06 15:19:00,2023.3631236500025,1.8291642952960503e-05
2020-04-06 15:20:00,2023.0504505848864,6.149744089618666e-05
2020-04-06 15:21:00,2034.38627226911,0.00013166371251612189
2020-04-06 15:22:00,2034.3621375737025,0.0001333696184399341
2020-04-06 15:23:00,2034.2271346685422,0.00011002291367910516
2020-04-06 15:24:00,2034.5139678291976,0.00014415393555975703
2020-04-06 15:25:00,2034.6786441962568,0.00012746688114290513
2020-04-06 15:26:00,2034.452877123741,0.00014555121889608401
2020-04-06 15:27:00,2034.172731135317,0.00016890345077974673
2020-04-06 15:28:00,2044.43564644561,0.00015565171930650526
2020-04-06 15:29:00,2044.0215041326348,0.00023113693465970988
2020-04-06 15:30:00,2043.679039811721,0.00026751391889401045
2020-04-06 15:31:00,2043.3644310402667,0.000163280564284645
2020-04-06 15:32:00,2044.1105250534702,0.00020889455679238314
2020-04-06 15:33:00,2043.9594384724605,0.0002456651893487772
2020-04-06 15:34:00,2044.639522961677,0.0002577290355541943
2020-04-06 15:35:00,2044.7322084276532,0.00030967251169412597
2020-04-06 15:36:00,2044.988121840116,0.0002885692396258466
2020-04-06 15:37:00,2044.1027922448006,0.00029267462277601363
2020-04-06 15:38:00,2043.504917099675,0.0002889940372005891
2020-04-06 15:39:00,2043.5793490906763,0.0002890205771338278
2020-04-06 15:40:00,2042.9316113231198,0.0002822989866398404
2020-04-06 15:41:00,2043.186188731806,0.00031424949745084577
2020-04-06 15:42:00,2042.2808995453881,0.00041941705868510143
2020-04-06 15:43:00,2041.4877958248169,0.0003463813782611142
2020-04-06 15:44:00,2041.651939862375,0.00026410015274648985
2020-04-06 15:45:00,2040.8296834187465,0.00030416848995275616
2020-04-06 15:46:00,2041.245974305866,0.0003569341728733882
2020-04-06 15:47:00,2043.3909043192662,0.00035570104459780254
2020-04-06 15:48:00,2044.0890948316853,0.0003774964363390527
2020-04-06 15:49:00,2044.7672607304034,0.00037221698670055034
2020-04-06 15:50:00,2045.5017340256813,0.00039976621543407116
2020-04-06 15:51:00,2045.4051818734245,0.00037132022636714824
2020-04-06 15:52:00,2045.281649783854,0.00039991523019105056
2020-04-06 15:53:00,2044.2563269435288,0.00039924522576573993
2020-04-06 15:54:00,2045.2567576961253,0.0004800482129864671
2020-04-06 15:55:00,2044.6461466411474,0.0004868476326880745
2020-04-06 15:56:00,2045.6695901944256,0.00043615828319923963
2020-04-06 15:57:00,2044.4796675947885,0.0004922920803283426
2020-04-06 15:58:00,2043.7066412715735,0.0005252879229263754
2020-04-06 15:59:00,2043.6920277545382,0.000502086499150592
2020-04-06 16:00:00,2044.589629615798,0.0004976811454628613
2020-04-06 16:01:00,2045.7288788856943,0.0004921267255553843
2020-04-06 16:02:00,2044.675116720424,0.000463743283638229
2020-04-06 16:03:00,2045.6561293646437,0.0004541790354576056
2020-04-06 16:04:00,2046.582840332488,0.00038976141391477813
2020-04-06 16:05:00,2047.622114267655,0.00040615799905821304
2020-04-06 16:06:00,2047.4747486049293,0.00038262731133398715
2020-04-06 16:07:00,2047.442023300888,0.00043393306791928116
2020-04-06 16:08:00,2046.8297746857463,0.00038946918162951143
2020-04-06 16:09:00,2046.1802541110408,0.0003540785411190737
2020-04-06 16:10:00,2045.4130902082898,0.0003786897216907231
2020-04-06 16:11:00,2046.5225870466788,0.0004032484127497468
2020-04-06 16:12:00,2047.6223780283765,0.0004514663157169309
2020-04-06 16:13:00,2048.316435512207,0.0004751436856674965
2020-04-06 16:14:00,2046.8052346699612,0.0005026925124864162
2020-04-06 16:15:00,2046.6365087206063,0.00045109476177822457
2020-04-06 16:16:00,2047.157546883434,0.00042431015393832607
2020-04-06 16:17:00,2048.959023404445,0.0004737750438677779
2020-04-06 16:18:00,2048.021643759065,0.0004023080937688198
2020-04-06 16:19:00,2049.175745331269,0.00032345404099562544
2020-04-06 16:20:00,2050.041792127388,0.0003373602857605925
2020-04-06 16:21:00,2049.7630569445964,0.00033120515672386755
2020-04-06 16:22:00,2049.6836718685945,0.0003499052747172719
2020-04-06 16:23:00,2050.460041662338,0.00035823862159508674
2020-04-06 16:24:00,2049.7610886771595,0.000254295000672762
2020-04-06 16:25:00,2049.5342578984264,0.00020923629379476436
2020-04-06 16:26:00,2048.7596916888147,0.00020040740067450523
2020-04-06 16:27:00,2048.970495742707,0.00017602964957189445
2020-04-06 16:28:00,2049.2421930884743,0.00012961110436891465
2020-04-06 16:29:00,2049.0579260763325,0.00017109218544524436
2020-04-06 16:30:00,2049.059061681105,0.00021457494431044194
2020-04-06 16:31:00,2048.7362977779694,0.00016529515811493275
2020-04-06 16:32:00,2048.528151388616,0.00022931040665543357
2020-04-06 16:33:00,2048.5433142787365,0.00028074366340274855
2020-04-06 16:34:00,2048.7904534585286,0.00022276014574116985
2020-04-06 16:35:00,2048.748031573687,0.00017945677407561175
2020-04-06 16:36:00,2048.742501972381,0.00015715581315495602
2020-04-06 16:37:00,2048.611359328136,0.00017338734595469856
2020-04-06 16:38:00,2048.7338169331306,0.00021088517857196764
2020-04-06 16:39:00,2048.5943972950686,0.00027267524612294624
2020-04-06 16:40:00,2049.0535599779028,0.0003439278411788197
2020-04-06 16:41:00,2049.205739918091,0.0003718786335535697
2020-04-06 16:42:00,2049.598911158562,0.00037087255742608224
2020-04-06 16:43:00,2049.7226386659936,0.0004441234909438256
2020-04-06 16:44:00,2049.1460959246488,0.0004528509592055817
2020-04-06 16:45:00,2048.7605519863578,0.00046984647367554166
2020-04-06 16:46:00,2047.6465295774517,0.00042191902547488775
2020-04-06 16:47:00,2047.7217555466098,0.00043793787404173786
2020-04-06 16:48:00,2048.109126552245,0.00038226988614083527
2020-04-06 16:49:00,2048.7410387681243,0.0003814277538519549
2020-04-06 16:50:00,2048.8937240577284,0.00030159855622893865
2020-04-06 16:51:00,2049.445027251912,0.0002686817628488906
2020-04-06 16:52:00,2048.8412091533346,0.0003231457253744087
2020-04-06 16:53:00,2048.3454222102255,0.00034299543666198084
2020-04-06 16:54:00,2049.112462894701,0.0003892306981123861
2020-04-06 16:55:00,2049.1044443226347,0.0003842575927092364
2020-04-06 16:56:00,2049.265615052522,0.00035812525385028464
2020-04-06 16:57:00,2049.0985993443937,0.000356087108598327
2020-04-06 16:58:00,2049.640444610449,0.0003287999676932201
2020-04-06 16:59:00,2049.873120811039,0.0003946620624658374
2020-04-06 17:00:00,2050.359302912913,0.0004104789655580285
2020-04-06 17:01:00,2049.260834850456,0.00044699213297555435
2020-04-06 17:02:00,2049.0234978122553,0.0004417079955160508
2020-04-06 17:03:00,2048.314568607997,0.0005416022350726113
2020-04-06 17:04:00,2048.4904463563266,0.0004544365600580905
2020-04-06 17:05:00,2049.356090837783,0.000423897458935188
2020-04-06 17:06:00,2049.335766461398,0.00039031591229883133
2020-04-06 17:07:00,2050.5644936641233,0.0005025959929393342
2020-04-06 17:08:00,2049.2937957192,0.0005718502469197658
2020-04-06 17:09:00,2051.276989025417,0.0005376304790647221
2020-04-06 17:10:00,2051.3591924762477,0.0005964791397315024
2020-04-06 17:11:00,2052.012877064186,0.0006472770778416787
2020-04-06 17:12:00,2052.9531199002354,0.0006649011265057376
2020-04-06 17:13:00,2051.214413590972,0.0006707548448894142
2020-04-06 17:14:00,2050.100848066563,0.0006889619123017486
2020-04-06 17:15:00,2048.327623007668,0.0006522183098217897
2020-04-06 17:16:00,2049.81633108662,0.0006544343093235692
2020-04-06 17:17:00,2049.806380040929,0.0006332757232171627
2020-04-06 17:18:00,2047.513797405525,0.0006157381503547651
2020-04-06 17:19:00,2048.829066792936,0.0005540337765059804
2020-04-06 17:20:00,2049.325344748767,0.0005963982438273624
2020-04-06 17:21:00,2047.1177476180787,0.0005885964201519234
2020-04-06 17:22:00,2047.03936623236,0.0005769331007442547
2020-04-06 17:23:00,2048.2616880538094,0.0005522455945936786
2020-04-06 17:24:00,2048.9498284378496,0.0005332528278719364
2020-04-06 17:25:00,2048.284069742542,0.0005467725575851417
2020-04-06 17:26:00,2048.621790899129,0.000538863635263992
2020-04-06 17:27:00,2048.339906177258,0.0005807128300857503
2020-04-06 17:28:00,2047.9007374858054,0.000572734894395567
2020-04-06 17:29:00,2046.8746100090689,0.0005049070184379788
2020-04-06 17:30:00,2047.8824199974404,0.0005333501906099246
2020-04-06 17:31:00,2047.8792869934987,0.0005410180098325848
2020-04-06 17:32:00,2045.9364046678932,0.0005877784714666862
2020-04-06 17:33:00,2046.6779331591972,0.0005648129314425092
2020-04-06 17:34:00,2043.593835566362,0.0006112497937617222
2020-04-06 17:35:00,2042.5840562725118,0.0005331068200510512
2020-04-06 17:36:00,2043.7033849944248,0.0005587901217796139
2020-04-06 17:37:00,2044.78108764922,0.0005249835007384274
2020-04-06 17:38:00,2045.873115868603,0.0004836690393924196
2020-04-06 17:39:00,2044.7293015154767,0.0004900977968976772
2020-04-06 17:40:00,2046.123525890799,0.0004911410474171954
2020-04-06 17:41:00,2044.6913192682916,0.00044757062431936297
2020-04-06 17:42:00,2045.716454729613,0.00048178231070529487
2020-04-06 17:43:00,2045.1252660480748,0.00047443640964017596
2020-04-06 17:44:00,2045.5500882398683,0.00040689800105199296
2020-04-06 17:45:00,2046.4393140056573,0.00046439486340280045
2020-04-06 17:46:00,2043.8972316554803,0.00042481246268720284
2020-04-06 17:47:00,2042.682760263832,0.00036562638422215444
2020-04-06 17:48:00,2043.2409347517842,0.00034295569823013786
2020-04-06 17:49:00,2043.3820596472676,0.00038187365690264027
2020-04-06 17:50:00,2044.4122050908425,0.00039176870029187366
2020-04-06 17:51:00,2045.1344894625909,0.0004872928055731342
2020-04-06 17:52:00,2045.8952849955615,0.0005598915795624112
2020-04-06 17:53:00,2047.787675679182,0.00058323900541355
2020-04-06 17:54:00,2048.0658544408434,0.0006478050749507075
2020-04-06 17:55:00,2047.081061214222,0.0006873066543034372
2020-04-06 17:56:00,2047.288879175625,0.0007702323073592066
2020-04-06 17:57:00,2047.9683992793507,0.0007647796271140705
2020-04-06 17:58:00,2046.8065597321943,0.0007732780591234179
2020-04-06 17:59:00,2042.5609367591128,0.0008167069405129886
2020-04-06 18:00:00,2045.462054412252,0.0007558571183871729
2020-04-06 18:01:00,2046.4945797112475,0.0007426527233051068
2020-04-06 18:02:00,2046.047245701065,0.0007917618229025567
2020-04-06 18:03:00,2045.8281861899213,0.000753107011818711
2020-04-06 18:04:00,2045.4133614867778,0.0007270736837475984
2020-04-06 18:05:00,2044.1126443111912,0.0007645829178015435
2020-04-06 18:06:00,2042.6548624515608,0.0007348558416918115
2020-04-06 18:07:00,2042.8552269897766,0.0007167506132606287
2020-04-06 18:08:00,2044.27773467305,0.0007351775355523328
2020-04-06 18:09:00,2044.679270995122,0.0007697791113483966
2020-04-06 18:10:00,2043.5286436910203,0.0007479805399296259
2020-04-06 18:11:00,2042.8451393051455,0.000740738199893186
2020-04-06 18:12:00,2042.585829979733,0.0006984224167315819
2020-04-06 18:13:00,2042.204457403347,0.000660330762807742
2020-04-06 18:14:00,2039.3544573124643,0.0006206906545651795
2020-04-06 18:15:00,2040.6019157452547,0.0007204103172398036
2020-04-06 18:16:00,2040.254641229006,0.0006985328510067604
2020-04-06 18:17:00,2040.6482685669564,0.0006789189502179056
2020-04-06 18:18:00,2039.6017663097869,0.0006449025901347403
2020-04-06 18:19:00,2040.4505135102459,0.000699270960604849
2020-04-06 18:20:00,2039.2106945720013,0.0006859235863754695
2020-04-06 18:21:00,2040.1705356011312,0.0006750513772865185
2020-04-06 18:22:00,2040.0073903752348,0.0006310545288859701
2020-04-06 18:23:00,2039.0907756035822,0.0005901235909578057
2020-04-06 18:24:00,2039.577303739713,0.0005902816158833932
2020-04-06 18:25:00,2038.3607502968862,0.000617582190677174
2020-04-06 18:26:00,2038.2767477444884,0.0006468131075499643
2020-04-06 18:27:00,2036.1351901025432,0.0006542274012681866
2020-04-06 18:28:00,2034.5308210182673,0.0006365569376744254
2020-04-06 18:29:00,2035.3904559740229,0.0006413940145133486
2020-04-06 18:30:00,2036.4021183718025,0.0006455659868294574
2020-04-06 18:31:00,2036.9965486819592,0.0006336066013871531
2020-04-06 18:32:00,2036.02043936863,0.0006076212269586967
2020-04-06 18:33:00,2035.3062554411915,0.0006565625212612046
2020-04-06 18:34:00,2034.9256868589046,0.000699379618255329
2020-04-06 18:35:00,2037.1225370494208,0.0006739376029904574
2020-04-06 18:36:00,2036.5792207381214,0.0006366301777504402
2020-04-06 18:37:00,2037.1449156554554,0.0006602020060074962
2020-04-06 18:38:00,2036.753904279579,0.00068120362650471
2020-04-06 18:39:00,2038.240099972554,0.0006735167445168474
2020-04-06 18:40:00,2039.2755466789358,0.0006684152980612159
2020-04-06 18:41:00,2039.2253394667268,0.0006872227018288807
2020-04-06 18:42:00,2035.6832994885447,0.0007337731324013697
2020-04-06 18:43:00,2033.5598099364056,0.0007430797890450204
2020-04-06 18:44:00,2037.0938161678848,0.0008290202263878314
2020-04-06 18:45:00,2035.768339946705,0.0008336857279695497
2020-04-06 18:46:00,2039.4937781883857,0.0008607639750444323
2020-04-06 18:47:00,2036.4273510909384,0.0008525814652118052
2020-04-06 18:48:00,2039.439554842374,0.0008685996468199916
2020-04-06 18:49:00,2037.591840333324,0.0008537242644184234
2020-04-06 18:50:00,2040.301912441353,0.0008162592270373229
2020-04-06 18:51:00,2042.2008266587827,0.0008141466918195811
2020-04-06 18:52:00,2042.447891501859,0.0008200830822030738
2020-04-06 18:53:00,2043.370467563647,0.0008147600003146422
2020-04-06 18:54:00,2046.489097486041,0.000816806658683802
2020-04-06 18:55:00,2045.8722583623262,0.0007953312846825184
2020-04-06 18:56:00,2047.6123505558066,0.0007923547257567904
2020-04-06 18:57:00,2047.9928939790598,0.0007893021363055848
2020-04-06 18:58:00,2048.2530235597515,0.0008378794474924244
2020-04-06 18:59:00,2048.889472659902,0.0009080298305778087
2020-04-06 19:00:00,2049.0376450964513,0.0008729970202004635
2020-04-06 19:01:00,2050.046183663365,0.0008361015366931538
2020-04-06 19:02:00,2053.44051002956,0.0008641238227061888
2020-04-06 19:03:00,2053.1693454667366,0.0008749087601546323
2020-04-06 19:04:00,2050.663413248869,0.0009089817412658482
2020-04-06 19:05:00,2052.797299577908,0.000958640419835559
2020-04-06 19:06:00,2055.9297838455936,0.0009719814616328705
2020-04-06 19:07:00,2054.872916599168,0.0009435228429093469
2020-04-06 19:08:00,2058.402519069413,0.0010004446997128526
2020-04-06 19:09:00,2056.5278568036574,0.0009339648510700412
2020-04-06 19:10:00,2056.5181220081904,0.0010090963694416063
2020-04-06 19:11:00,2056.9125501518797,0.0010004977141312224
2020-04-06 19:12:00,2050.4233309223528,0.0009989616413741116
2020-04-06 19:13:00,2048.6132439353814,0.0009859151961518389
2020-04-06 19:14:00,2046.3765206835205,0.000937935740006515
2020-04-06 19:15:00,2047.763190696696,0.00096831998546236
2020-04-06 19:16:00,2047.9788191345588,0.0010625224148806795
2020-04-06 19:17:00,2049.410253668177,0.001063009565603928
2020-04-06 19:18:00,2049.4601742971095,0.0010340166655585336
2020-04-06 19:19:00,2049.5924560824033,0.001088140644824384
2020-04-06 19:20:00,2051.232153605671,0.0011078324594391107
2020-04-06 19:21:00,2051.6293686436784,0.0011460487333267936
2020-04-06 19:22:00,2049.388109156055,0.0011752404880242065
2020-04-06 19:23:00,2051.110806747139,0.0011760509244370433
2020-04-06 19:24:00,2055.398288119149,0.0012067485674784341
2020-04-06 19:25:00,2058.3509122893956,0.0011638814760176878
2020-04-06 19:26:00,2063.886973889956,0.0011225138651865512
2020-04-06 19:27:00,2060.5446050586434,0.0011312879724360435
2020-04-06 19:28:00,2056.749135066077,0.0011842926843092024
2020-04-06 19:29:00,2056.076491578304,0.0012434157786652598
2020-04-06 19:30:00,2056.7282202676656,0.0011868330596390723
2020-04-06 19:31:00,2057.60904496103,0.0011804846432274115
2020-04-06 19:32:00,2058.499044238351,0.0011935362925031437
2020-04-06 19:33:00,2054.187871841935,0.0012761547556850417
2020-04-06 19:34:00,2050.6028877194276,0.0012876030620014743
2020-04-06 19:35:00,2055.845512412339,0.0012443027116597037
2020-04-06 19:36:00,2058.9574944175506,0.0012517832865983644
2020-04-06 19:37:00,2056.7470693306313,0.0013014630462418503
2020-04-06 19:38:00,2060.246180876535,0.0013176649914384368
2020-04-06 19:39:00,2058.6544823583495,0.001304016032370288
2020-04-06 19:40:00,2058.1532791527698,0.0012609100525835585
2020-04-06 19:41:00,2058.4019101960807,0.001294411433365916
2020-04-06 19:42:00,2054.2349913859225,0.0012561568431102414
2020-04-06 19:43:00,2052.679334245668,0.001247781421043551
2020-04-06 19:44:00,2055.3094920762155,0.0012140679948771877
2020-04-06 19:45:00,2054.1014175181126,0.0011487575964364092
2020-04-06 19:46:00,2057.4018502085896,0.0011424981561303535
2020-04-06 19:47:00,2057.746993332385,0.0011077523048685248
2020-04-06 19:48:00,2056.198585937887,0.0010640218064761594
2020-04-06 19:49:00,2057.8496600557023,0.001073933997830628
2020-04-06 19:50:00,2056.656275535796,0.0011011913875942903
2020-04-06 19:51:00,2057.4877632467096,0.0010478558076422646
2020-04-06 19:52:00,2060.6501366275074,0.0010695270317674951
2020-04-06 19:53:00,2060.909739970607,0.0010758804976300303
2020-04-06 19:54:00,2063.4002774605124,0.0011453565014192962
2020-04-06 19:55:00,2063.455514522973,0.0011342414057511003
2020-04-06 19:56:00,2065.2433618742075,0.0011035148091418055
2020-04-06 19:57:00,2067.767879344011,0.001077822594775894
2020-04-06 19:58:00,2066.2660882633472,0.001139052526608162
2020-04-06 19:59:00,2065.787120298539,0.0011379533285637271
2020-04-07 13:30:00,2076.9414783995026,0.0010847210044133415
2020-04-07 13:31:00,2077.0316327027517,0.0010912997182162603
2020-04-07 13:32:00,2077.0594150571405,0.0011040757691200037
2020-04-07 13:33:00,2075.2434110948416,0.0010572621529889139
2020-04-07 13:34:00,2072.0547744118385,0.0010734093598634897
2020-04-07 13:35:00,2073.098206770986,0.001018102375213901
2020-04-07 13:36:00,2072.6231938654546,0.0010652281232298917
2020-04-07 13:37:00,2071.3095948159707,0.0010485726608389884
2020-04-07 13:38:00,2066.5304499426575,0.0010713132652110976
2020-04-07 13:39:00,2067.8437181220406,0.001042685159877688
2020-04-07 13:40:00,2065.0240921981926,0.0010759342875474543
2020-04-07 13:41:00,2065.66120874149,0.0010605299281498538
2020-04-07 13:42:00,2066.255449493643,0.0010352566165065943
2020-04-07 13:43:00,2070.7327632052898,0.0010271978253688925
2020-04-07 13:44:00,2071.191513400627,0.0010451119104165666
2020-04-07 13:45:00,2070.3815093561143,0.0010161775751754186
2020-04-07 13:46:00,2072.0184551551965,0.00092425206682096
2020-04-07 13:47:00,2070.7684302402304,0.0008899437210903418
2020-04-07 13:48:00,2069.6209664617795,0.0008665226555400243
2020-04-07 13:49:00,2068.7454820969665,0.0008150269162070761
2020-04-07 13:50:00,2068.2045117574303,0.0008414811230628838
2020-04-07 13:51:00,2063.8303418152814,0.0008378580097535959
2020-04-07 13:52:00,2062.6636872774066,0.0007764050639493135
2020-04-07 13:53:00,2065.109185898641,0.0008200037194350078
2020-04-07 13:54:00,2064.5876938517326,0.0008158697539568283
2020-04-07 13:55:00,2064.538313660081,0.0008242372905288408
2020-04-07 13:56:00,2062.8731185998445,0.0008348127739105776
2020-04-07 13:57:00,2063.0940978930325,0.0008255367160166005
2020-04-07 13:58:00,2059.543580937672,0.0008235124233312281
2020-04-07 13:59:00,2061.6664748138,0.0007815242731864032
2020-04-07 14:00:00,2062.2708659509312,0.0007970407795193473
2020-04-07 14:01:00,2064.7144786869308,0.0007456287299646182
2020-04-07 14:02:00,2065.7474139231,0.0007988173007640433
2020-04-07 14:03:00,2067.6338319454526,0.0008212825094443777
2020-04-07 14:04:00,2068.212888382282,0.0008192747383308577
2020-04-07 14:05:00,2068.6037952786737,0.000795186333945763
2020-04-07 14:06:00,2066.501096362507,0.0007615170497044009
2020-04-07 14:07:00,2066.9035231801313,0.000753880291986392
2020-04-07 14:08:00,2071.767397107118,0.000763804817963984
2020-04-07 14:09:00,2073.6525210226982,0.0007067264260594837
2020-04-07 14:10:00,2074.436986852158,0.0007011191547404756
2020-04-07 14:11:00,2073.978768569906,0.0006319929067877819
2020-04-07 14:12:00,2074.7458051597364,0.0005355881193663802
2020-04-07 14:13:00,2073.2609464932925,0.0005190178827945535
2020-04-07 14:14:00,2073.502837086284,0.0005353651570613422
2020-04-07 14:15:00,2074.3361091487022,0.0004548429119416711
2020-04-07 14:16:00,2074.8512092374267,0.0004720253823080258
2020-04-07 14:17:00,2074.143673679926,0.00044423047127386997
2020-04-07 14:18:00,2073.302617708184,0.00043509347196037714
2020-04-07 14:19:00,2072.7300141782816,0.00042477117809289666
2020-04-07 14:20:00,2073.5019279733124,0.00043383285666889244
2020-04-07 14:21:00,2073.9718167403134,0.00041869322641588423
2020-04-07 14:22:00,2073.4292606595336,0.0003372576200450376
2020-04-07 14:23:00,2072.534999525481,0.00040182117812193556
2020-04-07 14:24:00,2072.748239165196,0.0004804628818603075
2020-04-07 14:25:00,2074.642237418053,0.0005049286063998744
2020-04-07 14:26:00,2074.144006704481,0.0004908316220785785
2020-04-07 14:27:00,2075.2334713416412,0.0005306545264001729
2020-04-07 14:28:00,2074.486325221208,0.0005717056571209366
2020-04-07 14:29:00,2074.4210382617725,0.0005821654413912732
2020-04-07 14:30:00,2075.9709375323428,0.0005339943592732484
2020-04-07 14:31:00,2077.2964507365705,0.0005407507765513144
2020-04-07 14:32:00,2077.7449945303033,0.0004966653606132688
2020-04-07 14:33:00,2079.378967415183,0.0005029861492921504
2020-04-07 14:34:00,2077.6532255290813,0.0005132233807220919
2020-04-07 14:35:00,2080.0259473259507,0.0005423756509692374
2020-04-07 14:36:00,2081.6503414381277,0.0004857231553769293
2020-04-07 14:37:00,2082.104145745012,0.0004596538579268989
2020-04-07 14:38:00,2083.106396853596,0.0003716814164345456
2020-04-07 14:39:00,2084.5267439009326,0.0004212438483680201
2020-04-07 14:40:00,2083.9913049306433,0.0004517457671281796
2020-04-07 14:41:00,2084.636757195919,0.00047363009836239755
2020-04-07 14:42:00,2084.5755281507913,0.0004231205825503619
2020-04-07 14:43:00,2085.0126878750903,0.0004144675618222128
2020-04-07 14:44:00,2084.3461747168135,0.00042609704900054403
2020-04-07 14:45:00,2085.220493341355,0.00042090815884815664
2020-04-07 14:46:00,2084.435621249699,0.00045562356039995083
2020-04-07 14:47:00,2083.4131532071606,0.00045364315754724955
2020-04-07 14:48:00,2082.2536280733925,0.0005545169307239877
2020-04-07 14:49:00,2081.6428650906305,0.0005841174472350969
2020-04-07 14:50:00,2083.4155260206276,0.0005745838658567807
2020-04-07 14:51:00,2083.0217381796547,0.0006357146662893682
2020-04-07 14:52:00,2083.1134781114934,0.0005992551494156809
2020-04-07 14:53:00,2084.5121491956456,0.0006264431193120895
2020-04-07 14:54:00,2084.42626711004,0.0005967968909257647
2020-04-07 14:55:00,2085.1807376624824,0.0005767638687574047
2020-04-07 14:56:00,2084.288730875562,0.0006040742261535075
2020-04-07 14:57:00,2084.527530330662,0.0006599091854530591
2020-04-07 14:58:00,2085.7620766473124,0.0006941392044149485
2020-04-07 14:59:00,2086.010095261809,0.000653322097010924
2020-04-07 15:00:00,2088.67251647857,0.0006871533016724092
2020-04-07 15:01:00,2088.4875075928026,0.0006318802288234841
2020-04-07 15:02:00,2088.3169681413683,0.0006849995444347851
2020-04-07 15:03:00,2088.0666259016502,0.0006705700574756918
2020-04-07 15:04:00,2088.4194425528863,0.0006699692455094793
2020-04-07 15:05:00,2086.8992563807114,0.0006303786808412249
2020-04-07 15:06:00,2086.3814205108515,0.0006197847329493857
2020-04-07 15:07:00,2085.446590756557,0.0006447055941243733
2020-04-07 15:08:00,2086.3609067151897,0.0006722505230180437
2020-04-07 15:09:00,2086.688761864708,0.0007288460440207115
2020-04-07 15:10:00,2087.61559366396,0.0007759505505410892
2020-04-07 15:11:00,2088.299636745293,0.0008064428315501011
2020-04-07 15:12:00,2086.840296400557,0.0008164142324449739
2020-04-07 15:13:00,2085.347796126873,0.0007898424183703968
2020-04-07 15:14:00,2086.458645991426,0.0008032678562214848
2020-04-07 15:15:00,2086.3452539598643,0.0007088470917525749
2020-04-07 15:16:00,2086.9280743825584,0.0007504226164893685
2020-04-07 15:17:00,2084.7544075808496,0.0007948549561491169
2020-04-07 15:18:00,2084.7257498379995,0.0007941666638931602
2020-04-07 15:19:00,2087.5737435290844,0.0008042901516324346
2020-04-07 15:20:00,2085.2959131303687,0.0007589578592343824
2020-04-07 15:21:00,2087.9937385110966,0.0007524604288894715
2020-04-07 15:22:00,2089.9497454841257,0.0007307159923170752
2020-04-07 15:23:00,2089.6241497001106,0.0006992985152855214
2020-04-07 15:24:00,2088.893216618457,0.0006782997074895335
2020-04-07 15:25:00,2089.771083955154,0.0006598171819811974
2020-04-07 15:26:00,2093.3901557830127,0.0006306573455547231
2020-04-07 15:27:00,2093.8178210879105,0.0006349732155994073
2020-04-07 15:28:00,2091.8785212257485,0.0006649246393979248
2020-04-07 15:29:00,2091.1581128694716,0.0006990815549094015
2020-04-07 15:30:00,2089.297479233321,0.0007764095152058418
2020-04-07 15:31:00,2089.3642836885597,0.0007206131666501577
2020-04-07 15:32:00,2088.8062127780495,0.0007083150814688902
2020-04-07 15:33:00,2086.8596230247476,0.000784466886662345
2020-04-07 15:34:00,2085.8728019615473,0.0007749619447362884
2020-04-07 15:35:00,2086.7215331211473,0.0007491680261826623
2020-04-07 15:36:00,2088.4893158059667,0.0007713013956635015
2020-04-07 15:37:00,2089.966892582546,0.000772959786551071
2020-04-07 15:38:00,2089.4829015675623,0.0008035992878580396
2020-04-07 15:39:00,2088.58943374356,0.0007717703199913033
2020-04-07 15:40:00,2089.625748122354,0.0007264787803380775
2020-04-07 15:41:00,2088.945960118532,0.0007958990772957733
2020-04-07 15:42:00,2089.194255343242,0.0008214652413555669
2020-04-07 15:43:00,2089.6724538362046,0.0009073552262240684
2020-04-07 15:44:00,2087.2266179013573,0.0009288351163984291
2020-04-07 15:45:00,2088.762119473238,0.0009058514842594476
2020-04-07 15:46:00,2088.6333435312067,0.0009653339728135655
2020-04-07 15:47:00,2089.251251126308,0.0010179546394513811
2020-04-07 15:48:00,2087.5211814133772,0.001056510472357152
2020-04-07 15:49:00,2087.647133510127,0.0010446675796926274
2020-04-07 15:50:00,2088.982294230378,0.0010298234064229658
2020-04-07 15:51:00,2086.8653777977815,0.0010234970988357932
2020-04-07 15:52:00,2090.805389125709,0.001005198301121673
2020-04-07 15:53:00,2089.3492653721755,0.0010429509223314896
2020-04-07 15:54:00,2086.2381065008058,0.0011164677845120013
2020-04-07 15:55:00,2086.608695723499,0.001120322622634601
2020-04-07 15:56:00,2088.5317216134963,0.001162558533273701
2020-04-07 15:57:00,2088.9647639060927,0.0011551899363257446
2020-04-07 15:58:00,2092.596958946113,0.0011935845624916246
2020-04-07 15:59:00,2090.7903002014673,0.00119573866932018
2020-04-07 16:00:00,2091.4778875143256,0.00119882357222416
2020-04-07 16:01:00,2096.152526681974,0.0011780040662959018
2020-04-07 16:02:00,2101.008298370987,0.0011771642598513922
2020-04-07 16:03:00,2102.050597140962,0.0011411050255233923
2020-04-07 16:04:00,2105.177960179919,0.0011215967242103842
2020-04-07 16:05:00,2106.417898967704,0.0011596268424302618
2020-04-07 16:06:00,2107.8143934731143,0.0012080963848808126
2020-04-07 16:07:00,2106.4913822589056,0.001282546738083021
2020-04-07 16:08:00,2109.1325450825184,0.0013565294844573815
2020-04-07 16:09:00,2110.6053859552812,0.0014439137912724876
2020-04-07 16:10:00,2111.5126382537687,0.0014631800458902353
2020-04-07 16:11:00,2110.9626456773562,0.0014352167517270942
2020-04-07 16:12:00,2105.3935107098414,0.0013896152392526332
2020-04-07 16:13:00,2104.2394417215287,0.0013684817724771393
2020-04-07 16:14:00,2103.8951906271186,0.0013106730707878236
2020-04-07 16:15:00,2106.928163892741,0.0012701882548629393
2020-04-07 16:16:00,2114.368630914307,0.0012820127795123927
2020-04-07 16:17:00,2111.8277761515064,0.001319224495133847
2020-04-07 16:18:00,2110.4074765134437,0.0012919934634548218
2020-04-07 16:19:00,2107.637648947554,0.0013111211928673282
2020-04-07 16:20:00,2104.183026588175,0.0013175450667114517
2020-04-07 16:21:00,2101.9319783510196,0.0013275590339498692
2020-04-07 16:22:00,2100.8460143627026,0.0013065721492054514
2020-04-07 16:23:00,2104.3093800773736,0.0012591217883387803
2020-04-07 16:24:00,2100.0002854285513,0.0013101444438514329
2020-04-07 16:25:00,2103.926279283793,0.001347894745234505
2020-04-07 16:26:00,2100.39066060664,0.0013617011453013938
2020-04-07 16:27:00,2097.741839846536,0.0013690381118556696
2020-04-07 16:28:00,2094.5401612825067,0.0013930817709544273
2020-04-07 16:29:00,2097.1773167253054,0.0013459462775160223
2020-04-07 16:30:00,2096.918273113692,0.0013301624135479216
2020-04-07 16:31:00,2094.130560464989,0.0013219839000937336
2020-04-07 16:32:00,2093.131428928184,0.0012584259258385756
2020-04-07 16:33:00,2091.3903941308868,0.0012774980100625384
2020-04-07 16:34:00,2092.141406281542,0.0012808412105624566
2020-04-07 16:35:00,2096.2002319686553,0.001322697666506048
2020-04-07 16:36:00,2100.02981124881,0.0013435253718851285
2020-04-07 16:37:00,2097.499647884342,0.0013438337137729394
2020-04-07 16:38:00,2096.884141432005,0.0013439943792243369
2020-04-07 16:39:00,2096.2563194621334,0.001323772150180714
2020-04-07 16:40:00,2095.191731136827,0.0013266172314094563
2020-04-07 16:41:00,2091.6213538251136,0.001360630996876749
2020-04-07 16:42:00,2095.0705458352627,0.0013128816752750504
2020-04-07 16:43:00,2097.7685464832884,0.0013316500828969254
2020-04-07 16:44:00,2096.9938856096596,0.0013561221668388231
2020-04-07 16:45:00,2099.274003512816,0.0014232235879578807
2020-04-07 16:46:00,2094.6251958958533,0.001411856869544503
2020-04-07 16:47:00,2095.4837078301994,0.00139981828930516
2020-04-07 16:48:00,2097.434611775585,0.0014236393891560888
2020-04-07 16:49:00,2092.700578411656,0.0014202767732538143
2020-04-07 16:50:00,2090.620587640517,0.0013886328522461444
2020-04-07 16:51:00,2092.4484270678668,0.0014002181635198812
2020-04-07 16:52:00,2093.337516529715,0.0014108663510078666
2020-04-07 16:53:00,2094.447127045548,0.0013589400330674814
2020-04-07 16:54:00,2094.4771600157806,0.0013559466006327853
2020-04-07 16:55:00,2088.9915249115534,0.0013615921568091971
2020-04-07 16:56:00,2089.632244819096,0.0012711306388516854
2020-04-07 16:57:00,2083.8347805085496,0.0012671681239705718
2020-04-07 16:58:00,2087.158956356154,0.0012655304438061305
2020-04-07 16:59:00,2087.92686623692,0.0011935236936878217
2020-04-07 17:00:00,2087.8633994568563,0.0012139799366305893
2020-04-07 17:01:00,2089.894979838599,0.0011364534696205282
2020-04-07 17:02:00,2091.563881555188,0.001141630401408067
2020-04-07 17:03:00,2095.6968338218344,0.0011163179438535243
2020-04-07 17:04:00,2095.0425728706246,0.0010476503751774197
2020-04-07 17:05:00,2098.320782965064,0.001073065647822352
2020-04-07 17:06:00,2098.416129190369,0.0010314334863432686
2020-04-07 17:07:00,2098.285930517229,0.001082006310792011
2020-04-07 17:08:00,2092.2183521480806,0.0011031253920530419
2020-04-07 17:09:00,2089.4405459771033,0.0010657915241058884
2020-04-07 17:10:00,2087.473945063016,0.001051365117987816
2020-04-07 17:11:00,2091.941390009517,0.0010533053599816658
2020-04-07 17:12:00,2093.360485367024,0.0010532503870012081
2020-04-07 17:13:00,2090.641541884896,0.0010677976258423995
2020-04-07 17:14:00,2092.0148451429905,0.0010749403172952193
2020-04-07 17:15:00,2086.145851874112,0.0010832697560793365
2020-04-07 17:16:00,2084.4682718845625,0.0011246860176143236
2020-04-07 17:17:00,2085.122836338801,0.0011113808103092272
2020-04-07 17:18:00,2083.7869749947254,0.001129427318174179
2020-04-07 17:19:00,2082.775875815837,0.0011059430389171686
2020-04-07 17:20:00,2081.5918990583036,0.0011065605078901541
2020-04-07 17:21:00,2084.89777330182,0.0009788055545615047
2020-04-07 17:22:00,2084.177692901181,0.0010041436141454778
2020-04-07 17:23:00,2082.759168658201,0.001046782299611757
2020-04-07 17:24:00,2083.415900854103,0.0010805567010164522
2020-04-07 17:25:00,2086.459105181889,0.0011199071578682973
2020-04-07 17:26:00,2085.7565759089766,0.0010626752227044017
2020-04-07 17:27:00,2087.3149102549382,0.0011036955881853396
2020-04-07 17:28:00,2089.521342185137,0.0010968008638874167
2020-04-07 17:29:00,2091.7286928676754,0.001079775180828334
2020-04-07 17:30:00,2091.600547974439,0.0010974176775633635
2020-04-07 17:31:00,2092.3113951708838,0.0011287515399793957
2020-04-07 17:32:00,2094.242176071056,0.0011328397063780262
2020-04-07 17:33:00,2088.242580844114,0.001136264566121027
2020-04-07 17:34:00,2090.867212198081,0.001140042671407172
2020-04-07 17:35:00,2091.0346373598263,0.001155719100503697
2020-04-07 17:36:00,2085.3186368832903,0.001184448519292569
2020-04-07 17:37:00,2087.4213926514226,0.0013079188165049482
2020-04-07 17:38:00,2086.855937167327,0.0013163364234077104
2020-04-07 17:39:00,2085.193458669321,0.0013102558774811073
2020-04-07 17:40:00,2081.1110498325925,0.0012900309224359648
2020-04-07 17:41:00,2079.636316119877,0.0012448103832209524
2020-04-07 17:42:00,2079.370636955925,0.0012305012789742816
2020-04-07 17:43:00,2082.7740941357747,0.001232500091330272
2020-04-07 17:44:00,2083.429897780209,0.0012623766377377623
2020-04-07 17:45:00,2083.334961365143,0.0012439993065800623
2020-04-07 17:46:00,2086.7992464405106,0.0012740293876400684
2020-04-07 17:47:00,2085.739761804465,0.0012601266877001842
2020-04-07 17:48:00,2085.9782321748307,0.0012437797935448604
2020-04-07 17:49:00,2087.6376070541896,0.0012422970209143406
2020-04-07 17:50:00,2088.831169952932,0.0012134203669032643
2020-04-07 17:51:00,2088.4122157195434,0.0012131896941352768
2020-04-07 17:52:00,2086.177644044566,0.0012544562913591553
2020-04-07 17:53:00,2085.0089404617474,0.0012729806074252917
2020-04-07 17:54:00,2078.5425272369735,0.0012664467732278791
2020-04-07 17:55:00,2082.282669502943,0.0012227971482232103
2020-04-07 17:56:00,2084.3949987812794,0.0012253075495759873
2020-04-07 17:57:00,2084.565235933762,0.0011985314090694609
2020-04-07 17:58:00,2082.390830538587,0.0011742307642584316
2020-04-07 17:59:00,2082.97877285242,0.0011537249763874944
2020-04-07 18:00:00,2087.142671966835,0.0011559803316733516
2020-04-07 18:01:00,2089.9236186353996,0.0011663046325347474
2020-04-07 18:02:00,2086.9528711024864,0.001161746483457532
2020-04-07 18:03:00,2089.055001191424,0.001170443247504832
2020-04-07 18:04:00,2087.8733907070755,0.0011647194648674402
2020-04-07 18:05:00,2085.2552112166627,0.0011477679657831122
2020-04-07 18:06:00,2089.613363540181,0.0011429934859354762
2020-04-07 18:07:00,2084.2692417372436,0.001130399728221662
2020-04-07 18:08:00,2085.8043410836062,0.0011360749728453882
2020-04-07 18:09:00,2086.368505736341,0.0011772672068396737
2020-04-07 18:10:00,2085.1604243898723,0.0011343124720365066
2020-04-07 18:11:00,2081.2201229554594,0.0011043879206325343
2020-04-07 18:12:00,2083.2746029109335,0.0011515951140175955
2020-04-07 18:13:00,2085.397377050494,0.0011611574541962888
2020-04-07 18:14:00,2083.353802936952,0.001122950225862863
2020-04-07 18:15:00,2087.7454387513876,0.0011600759511053104
2020-04-07 18:16:00,2086.518426838473,0.0012467929451319153
2020-04-07 18:17:00,2092.336328159688,0.0012432622230585469
2020-04-07 18:18:00,2088.405884515885,0.001212542362371146
2020-04-07 18:19:00,2092.0729220960347,0.0011564298471422976
2020-04-07 18:20:00,2091.296920810495,0.0012414950945847398
2020-04-07 18:21:00,2089.633547765381,0.0013274006992870483
2020-04-07 18:22:00,2082.948321331691,0.0013403025036280863
2020-04-07 18:23:00,2086.3648301751573,0.0013679965280067395
2020-04-07 18:24:00,2080.8862695318326,0.001358426290201278
2020-04-07 18:25:00,2081.816426342156,0.0013827927459113942
2020-04-07 18:26:00,2080.4572909240082,0.0013507989963960957
2020-04-07 18:27:00,2079.488745644208,0.0012940265947569882
2020-04-07 18:28:00,2077.291443483406,0.0012581250565644663
2020-04-07 18:29:00,2078.3347466610257,0.0013112069228403257
2020-04-07 18:30:00,2079.0609904642474,0.001234585366396241
2020-04-07 18:31:00,2076.0935183383112,0.0011749556165624412
2020-04-07 18:32:00,2074.972464638146,0.001194497645153968
2020-04-07 18:33:00,2072.864300985205,0.0012752712116610924
2020-04-07 18:34:00,2068.1103801816575,0.0012776377796258134
2020-04-07 18:35:00,2067.544504392361,0.001231027677372657
2020-04-07 18:36:00,2068.2085182932437,0.0012817223434407614
2020-04-07 18:37:00,2068.6943274532377,0.00128142980823373
2020-04-07 18:38:00,2065.739889596938,0.001265542592634412
2020-04-07 18:39:00,2066.209764185398,0.0013126461294708641
2020-04-07 18:40:00,2069.475841707987,0.001333854861076718
2020-04-07 18:41:00,2064.154675556677,0.0013607848888497107
2020-04-07 18:42:00,2066.250473821798,0.0013948544661879566
2020-04-07 18:43:00,2065.182028984225,0.0014289149832495361
2020-04-07 18:44:00,2061.6424068023016,0.0014034582267980125
2020-04-07 18:45:00,2061.751455444677,0.0014100595828540475
2020-04-07 18:46:00,2064.115089013319,0.0014394086447277242
2020-04-07 18:47:00,2060.482220556181,0.0014500276488204362
2020-04-07 18:48:00,2060.5332010044217,0.0014915979980290857
2020-04-07 18:49:00,2063.0900238403888,0.001530698661345298
2020-04-07 18:50:00,2065.3338606047764,0.0015403363833629343
2020-04-07 18:51:00,2068.8442618193762,0.0015686399971791718
2020-04-07 18:52:00,2066.914713635375,0.0015762789582100397
2020-04-07 18:53:00,2066.990489244602,0.001605151252290739
2020-04-07 18:54:00,2059.8698729783623,0.001609590988040051
2020-04-07 18:55:00,2056.3380891116294,0.0015476827467851544
2020-04-07 18:56:00,2061.4984681144874,0.0015201957369553214
2020-04-07 18:57:00,2061.6234178215996,0.001509588311467958
2020-04-07 18:58:00,2064.8592235424694,0.0014901187376578989
2020-04-07 18:59:00,2064.2358118408265,0.001519901487233137
2020-04-07 19:00:00,2065.0319802684157,0.0015495198488350375
2020-04-07 19:01:00,2068.096096292605,0.001470814532969313
2020-04-07 19:02:00,2071.260227874487,0.0014563539910268592
2020-04-07 19:03:00,2065.8613878160913,0.0014824492351177374
2020-04-07 19:04:00,2064.3593349357143,0.0015264644523822779
2020-04-07 19:05:00,2069.7701181072225,0.0014776469456330777
2020-04-07 19:06:00,2068.027886385329,0.0015132561813263653
2020-04-07 19:07:00,2065.913418566457,0.0015101022589353943
2020-04-07 19:08:00,2063.0616791244333,0.0015445195559632026
2020-04-07 19:09:00,2064.907235282797,0.0015804081260102846
2020-04-07 19:10:00,2065.3743423217247,0.0015389380608240015
2020-04-07 19:11:00,2067.83615736387,0.0015664588848832283
2020-04-07 19:12:00,2070.9532850522223,0.0016018496758813817
2020-04-07 19:13:00,2073.1065122967952,0.0016578830914292244
2020-04-07 19:14:00,2078.1363390255315,0.001676325310763689
2020-04-07 19:15:00,2078.871965366455,0.0017160480094365175
2020-04-07 19:16:00,2080.601306378758,0.001687563829342166
2020-04-07 19:17:00,2079.2184820251973,0.001695789068112859
2020-04-07 19:18:00,2077.3709540276177,0.0016298004815925226
2020-04-07 19:19:00,2075.072894227896,0.0016535428927271036
2020-04-07 19:20:00,2079.677862726384,0.0016176137630323144
2020-04-07 19:21:00,2079.194337479841,0.0016854263779771963
2020-04-07 19:22:00,2080.2438793823926,0.0016075001134989546
2020-04-07 19:23:00,2082.8012132798085,0.001588056297832596
2020-04-07 19:24:00,2081.170543418832,0.0016083345529342625
2020-04-07 19:25:00,2076.9662541477505,0.0015912877163657803
2020-04-07 19:26:00,2073.1642660790494,0.001697269660597541
2020-04-07 19:27:00,2075.2024108968935,0.0017196106651071713
2020-04-07 19:28:00,2070.611147014736,0.0017275708611957316
2020-04-07 19:29:00,2070.0040910035227,0.0017187450156089204
2020-04-07 19:30:00,2065.9910725123154,0.001711651365166486
2020-04-07 19:31:00,2066.8538778014795,0.0017471790924063816
2020-04-07 19:32:00,2070.689718769304,0.0017404368339980882
2020-04-07 19:33:00,2074.6012453462204,0.0018060744812698345
2020-04-07 19:34:00,2067.9894896804694,0.001795086747421814
2020-04-07 19:35:00,2067.8884317138854,0.0017877703996733612
2020-04-07 19:36:00,2069.120276891547,0.0018205164053324919
2020-04-07 19:37:00,2069.687952731073,0.00183181526444787
2020-04-07 19:38:00,2074.7763267651267,0.001747772775128798
2020-04-07 19:39:00,2081.883808714993,0.0017355999248707128
2020-04-07 19:40:00,2082.393014485643,0.0017538504018835852
2020-04-07 19:41:00,2081.116754524507,0.0017549840669598906
2020-04-07 19:42:00,2078.890648911988,0.001707002317809259
2020-04-07 19:43:00,2078.0866947292316,0.001717263886303739
2020-04-07 19:44:00,2079.442832332853,0.0016730381086240617
2020-04-07 19:45:00,2076.921191739962,0.001657225445580295
2020-04-07 19:46:00,2075.7752054765056,0.0016834436831046744
2020-04-07 19:47:00,2079.254758916153,0.0016678918003869348
2020-04-07 19:48:00,2080.8859357943365,0.001653715989687076
2020-04-07 19:49:00,2075.448853741632,0.0016832850835169241
2020-04-07 19:50:00,2077.8460584540235,0.0016379472584892082
2020-04-07 19:51:00,2081.245552148216,0.0015967757352123376
2020-04-07 19:52:00,2083.8546656275316,0.0015617480761733894
2020-04-07 19:53:00,2080.0740102559553,0.0015839433372906758
2020-04-07 19:54:00,2081.8095528831423,0.0015789775162119019
2020-04-07 19:55:00,2086.6290087253146,0.0016049866885525506
2020-04-07 19:56:00,2087.088697189635,0.0016568569373049983
2020-04-07 19:57:00,2088.749822968532,0.0016565677664442649
2020-04-07 19:58:00,2091.2914369375667,0.0015935054312573508
2020-04-07 19:59:00,2087.617540335672,0.0016192579929398228
2020-04-08 13:30:00,2127.401530849805,0.0016459255336369418
2020-04-08 13:31:00,2130.4002416884523,0.0015995982034822482
2020-04-08 13:32:00,2133.9337085521834,0.0016210796791457725
2020-04-08 13:33:00,2133.2778847154254,0.001616927108102315
2020-04-08 13:34:00,2135.7446726837934,0.0015791664831973087
2020-04-08 13:35:00,2134.9592878447975,0.0015412377551736048
2020-04-08 13:36:00,2131.9374265812066,0.0015023217558513802
2020-04-08 13:37:00,2133.658121509309,0.0015631684333811474
2020-04-08 13:38:00,2132.022780693028,0.0015923617827027223
2020-04-08 13:39:00,2134.5901288298382,0.0015983142949768687
2020-04-08 13:40:00,2137.0453952967455,0.0015462867321425753
2020-04-08 13:41:00,2131.829851775916,0.001511699333228844
2020-04-08 13:42:00,2135.3569453187897,0.001526420045635143
2020-04-08 13:43:00,2132.5303448239106,0.0015529775686341108
2020-04-08 13:44:00,2134.5876985433083,0.0015715191001337693
2020-04-08 13:45:00,2134.557632661133,0.0015042760881981564
2020-04-08 13:46:00,2137.7725280203617,0.0014798240829751207
2020-04-08 13:47:00,2135.909326401621,0.0014336973778708367
2020-04-08 13:48:00,2134.1006491141084,0.0014488667120520844
2020-04-08 13:49:00,2139.9752948568353,0.001498741814272422
2020-04-08 13:50:00,2139.1030908606313,0.0015191973993972606
2020-04-08 13:51:00,2139.065159091237,0.0014135040485089261
2020-04-08 13:52:00,2144.9499204688973,0.001504743777069764
2020-04-08 13:53:00,2146.9732606790208,0.001474231768917599
2020-04-08 13:54:00,2146.5489913446504,0.0014613670599349733
2020-04-08 13:55:00,2143.1773219790357,0.0013996668262661167
2020-04-08 13:56:00,2144.3863096677187,0.0014205948082590388
2020-04-08 13:57:00,2146.3118557843045,0.0013700570188979256
2020-04-08 13:58:00,2147.4227142337454,0.001354519156591612
2020-04-08 13:59:00,2149.0550565387016,0.0013947346650130324
2020-04-08 14:00:00,2146.2491688203663,0.0013885367094077306
2020-04-08 14:01:00,2148.3278899668276,0.0014209413405950025
2020-04-08 14:02:00,2146.2103540077187,0.0015112949363899814
2020-04-08 14:03:00,2144.7028049617356,0.0015183068125883784
2020-04-08 14:04:00,2138.3496400974786,0.0014653666947933995
2020-04-08 14:05:00,2135.9488941145946,0.0014337487494977545
2020-04-08 14:06:00,2136.106121866313,0.001488453484232712
2020-04-08 14:07:00,2135.17179387205,0.001565430646434186
2020-04-08 14:08:00,2137.853721444605,0.0015778748736468785
2020-04-08 14:09:00,2135.1744601033915,0.0016181713730468775
2020-04-08 14:10:00,2138.878573740429,0.0015314164858264835
2020-04-08 14:11:00,2135.4409216613535,0.001514307897398401
2020-04-08 14:12:00,2136.359788746989,0.001458515697853107
2020-04-08 14:13:00,2138.1304256790813,0.0014807159075181616
2020-04-08 14:14:00,2137.732053451645,0.0014853407835456363
2020-04-08 14:15:00,2138.6044260575986,0.001585192994316099
2020-04-08 14:16:00,2146.0661626889805,0.0016834428726537226
2020-04-08 14:17:00,2144.289375049623,0.001724705866673744
2020-04-08 14:18:00,2143.1388298686566,0.0017522738594480034
2020-04-08 14:19:00,2142.8189684272506,0.0017703021491532827
2020-04-08 14:20:00,2144.310938111405,0.0017387492030577808
2020-04-08 14:21:00,2148.5851916133233,0.0017381800653335207
2020-04-08 14:22:00,2151.059945976239,0.0018087969908226486
2020-04-08 14:23:00,2155.1514646172513,0.0018074367286055233
2020-04-08 14:24:00,2159.3683204233616,0.0018154707638664773
2020-04-08 14:25:00,2162.3420895962176,0.001825095908507621
2020-04-08 14:26:00,2161.281083145574,0.0018155208255084209
2020-04-08 14:27:00,2165.031075471671,0.0017852519740698194
2020-04-08 14:28:00,2157.9903918111813,0.0018358147001695084
2020-04-08 14:29:00,2157.0870352581333,0.0019109366039101908
2020-04-08 14:30:00,2157.7330543027556,0.001879784420019342
2020-04-08 14:31:00,2158.8751309189242,0.0018962027615859042
2020-04-08 14:32:00,2157.9081981624704,0.0018219888364650533
2020-04-08 14:33:00,2154.295694653376,0.0017978901295551263
2020-04-08 14:34:00,2156.002789986177,0.0018001674526290077
2020-04-08 14:35:00,2153.913733256238,0.0017957646618249779
2020-04-08 14:36:00,2154.8156497919213,0.0016953976623723468
2020-04-08 14:37:00,2152.246301146633,0.0016705411273157886
2020-04-08 14:38:00,2154.963867636714,0.0016130557557374502
2020-04-08 14:39:00,2150.0431675002114,0.0016823688484468606
2020-04-08 14:40:00,2149.4215396019576,0.0016425729470322537
2020-04-08 14:41:00,2143.9173512971865,0.0017080273887684595
2020-04-08 14:42:00,2137.4819079145823,0.0017069927654380858
2020-04-08 14:43:00,2140.856746985168,0.0015922932129473542
2020-04-08 14:44:00,2139.828278968165,0.0016446647266142348
2020-04-08 14:45:00,2142.9597876601047,0.001677217240993963
2020-04-08 14:46:00,2141.5166367244183,0.0016431591946444695
2020-04-08 14:47:00,2137.5774250163263,0.0016061048546935595
2020-04-08 14:48:00,2141.3328772772697,0.0016096353128173873
2020-04-08 14:49:00,2139.278894527096,0.0017126818836274444
2020-04-08 14:50:00,2145.2430074349895,0.0017399466561356942
2020-04-08 14:51:00,2144.6140468997214,0.0017710254723420297
2020-04-08 14:52:00,2142.102398338404,0.0017544627227607142
2020-04-08 14:53:00,2143.2111829280634,0.0017390674557351807
2020-04-08 14:54:00,2151.6368288711446,0.0017774652055547726
2020-04-08 14:55:00,2151.1447396244366,0.0017995094394487807
2020-04-08 14:56:00,2148.7919327761,0.0017364884443682896
2020-04-08 14:57:00,2139.9351632668286,0.0017468211671297104
2020-04-08 14:58:00,2143.63404289714,0.0017252526178464338
2020-04-08 14:59:00,2145.652829469174,0.0017371159500131554
2020-04-08 15:00:00,2142.8675025808993,0.001745257589717159
2020-04-08 15:01:00,2150.6669918859416,0.0017379958674844734
2020-04-08 15:02:00,2152.0311823043758,0.0017787829347982894
2020-04-08 15:03:00,2157.62405997445,0.001787592211826041
2020-04-08 15:04:00,2152.4897877416925,0.0018342297395541136
2020-04-08 15:05:00,2157.3454654485117,0.0018278506340887964
2020-04-08 15:06:00,2160.352135280198,0.0018232314709568122
2020-04-08 15:07:00,2160.8221230229437,0.001763320303522811
2020-04-08 15:08:00,2158.0477020964186,0.001702668311842473
2020-04-08 15:09:00,2156.5621003828423,0.001713545198225542
2020-04-08 15:10:00,2159.4426917586397,0.0017036729087412134
2020-04-08 15:11:00,2166.1693986129817,0.0017069451910753145
2020-04-08 15:12:00,2164.2526696130058,0.0017416888208243923
2020-04-08 15:13:00,2163.7418235801397,0.0017844786466590524
2020-04-08 15:14:00,2158.3033033435017,0.0018132731968028906
2020-04-08 15:15:00,2153.9079981411305,0.0018476923448209706
2020-04-08 15:16:00,2156.067768772803,0.001857718719696472
2020-04-08 15:17:00,2156.066579519255,0.0017624087105400903
2020-04-08 15:18:00,2155.962202712223,0.0017691175682338382
2020-04-08 15:19:00,2159.832743332138,0.0017583692002449422
2020-04-08 15:20:00,2161.7791764060394,0.0018018033124384705
2020-04-08 15:21:00,2160.3790122658324,0.0017830793808046696
2020-04-08 15:22:00,2163.4727028798366,0.0018231303058993842
2020-04-08 15:23:00,2166.793846892692,0.0018071441898050674
2020-04-08 15:24:00,2172.672195543571,0.0018174925925279228
2020-04-08 15:25:00,2177.779638354899,0.001734950724307506
2020-04-08 15:26:00,2180.8604228471268,0.001673205259859817
2020-04-08 15:27:00,2178.2396344362173,0.0016387410051058988
2020-04-08 15:28:00,2170.9825488984366,0.0016695256875846126
2020-04-08 15:29:00,2167.926354253634,0.0016529033698257822
2020-04-08 15:30:00,2164.1391529002167,0.0016592064987565073
2020-04-08 15:31:00,2165.650256774039,0.001657905116509549
2020-04-08 15:32:00,2177.426841418564,0.001688315650630351
2020-04-08 15:33:00,2180.4784069234515,0.0017466225693107268
2020-04-08 15:34:00,2184.073083338519,0.001666584949207553
2020-04-08 15:35:00,2185.5301582442767,0.0017094937170876639
2020-04-08 15:36:00,2191.2639697390723,0.0017100472197761824
2020-04-08 15:37:00,2191.8054646381925,0.0017028487242656141
2020-04-08 15:38:00,2193.516991577651,0.001654451104238532
2020-04-08 15:39:00,2190.232996910617,0.0016477537995303038
2020-04-08 15:40:00,2195.57808607531,0.0016064047897866257
2020-04-08 15:41:00,2192.260674879839,0.0015831567073017949
2020-04-08 15:42:00,2195.4721842418503,0.0015996000573745138
2020-04-08 15:43:00,2202.3939771255864,0.0017132155646602482
2020-04-08 15:44:00,2204.8700120007416,0.0016397086313621118
2020-04-08 15:45:00,2201.507364454143,0.0016641922580903966
2020-04-08 15:46:00,2205.4703352045904,0.0016941580638415545
2020-04-08 15:47:00,2205.265490015983,0.0017155890181644578
2020-04-08 15:48:00,2204.319553807754,0.0017447065758442932
2020-04-08 15:49:00,2210.4070331773014,0.0017079676732419087
2020-04-08 15:50:00,2213.368685586177,0.001790064142255311
2020-04-08 15:51:00,2209.9883207928233,0.0018536789085442666
2020-04-08 15:52:00,2208.866632679232,0.0018291853991249702
2020-04-08 15:53:00,2208.286156362641,0.0018491780934607196
2020-04-08 15:54:00,2211.7692645203338,0.0018665409411746756
2020-04-08 15:55:00,2212.1174103602166,0.0019042584803028544
2020-04-08 15:56:00,2207.933033043133,0.0018305582685382512
2020-04-08 15:57:00,2200.5778037336495,0.0018272962958333873
2020-04-08 15:58:00,2200.572681405977,0.0018245956273667202
2020-04-08 15:59:00,2203.0662529276897,0.0018149661382128347
2020-04-08 16:00:00,2194.819110350846,0.0018443917783258522
2020-04-08 16:01:00,2194.3424899140855,0.0017806838758909695
2020-04-08 16:02:00,2193.9337800128947,0.0017602200290734043
2020-04-08 16:03:00,2198.5477145951754,0.0018087118974006047
2020-04-08 16:04:00,2200.6441270706673,0.0017552116118896746
2020-04-08 16:05:00,2204.012055887707,0.0018091177099039386
2020-04-08 16:06:00,2202.0626129344646,0.0018156758503220815
2020-04-08 16:07:00,2194.841043811557,0.0018520284870487242
2020-04-08 16:08:00,2189.3962394088526,0.0018659413691594982
2020-04-08 16:09:00,2190.002808301974,0.001906986280859348
2020-04-08 16:10:00,2189.4653759439316,0.0018738914732927294
2020-04-08 16:11:00,2185.4164756808427,0.001946388734889853
2020-04-08 16:12:00,2190.683047302957,0.001954805731423377
2020-04-08 16:13:00,2184.449162507957,0.001882497478054428
2020-04-08 16:14:00,2185.113202128078,0.0019258460458426445
2020-04-08 16:15:00,2186.90530444731,0.0018938937038293978
2020-04-08 16:16:00,2198.309676534432,0.0018903462565462552
2020-04-08 16:17:00,2200.4575424866352,0.0018491681069476263
2020-04-08 16:18:00,2194.593061415037,0.0018356866982836685
2020-04-08 16:19:00,2192.533729000489,0.0017809054332280267
2020-04-08 16:20:00,2193.9675227500816,0.001738145005069448
2020-04-08 16:21:00,2193.1644781611217,0.0017300248817948617
2020-04-08 16:22:00,2188.3736049153354,0.0016515927271661362
2020-04-08 16:23:00,2190.341841307757,0.0016436324195309739
2020-04-08 16:24:00,2191.7020565406065,0.0016108420574473747
2020-04-08 16:25:00,2196.681449067969,0.0015599791799757116
2020-04-08 16:26:00,2196.80288131584,0.0015078869173324428
2020-04-08 16:27:00,2197.2170723842396,0.0014214712493388275
2020-04-08 16:28:00,2192.665592895127,0.0014512746931146633
2020-04-08 16:29:00,2192.771401273405,0.0014596069717134493
2020-04-08 16:30:00,2187.020049926745,0.0014765273372786944
2020-04-08 16:31:00,2189.481519129378,0.0014985835997535664
2020-04-08 16:32:00,2188.2873737479363,0.0015088618476881601
2020-04-08 16:33:00,2192.8599582758075,0.0015062493223156265
2020-04-08 16:34:00,2191.9650685040624,0.0015324111139502386
2020-04-08 16:35:00,2190.4174091287896,0.0015197337278461253
2020-04-08 16:36:00,2199.909679253992,0.001650908679390418
2020-04-08 16:37:00,2197.1219111082232,0.0016166688858827512
2020-04-08 16:38:00,2194.8738621989437,0.0016218249925043795
2020-04-08 16:39:00,2198.85638875205,0.0015754896211154859
2020-04-08 16:40:00,2205.7674759483284,0.0016634458759197405
2020-04-08 16:41:00,2208.0122185684672,0.001647681919245718
2020-04-08 16:42:00,2204.916180859371,0.0016824905184087732
2020-04-08 16:43:00,2206.2855968152917,0.0016796095448360446
2020-04-08 16:44:00,2202.6082160909436,0.0017259741217250841
2020-04-08 16:45:00,2207.325684392502,0.001752491790303451
2020-04-08 16:46:00,2210.1148661076068,0.0017565375453045464
2020-04-08 16:47:00,2211.792745268386,0.0017372948401562604
2020-04-08 16:48:00,2209.8512047645063,0.0016923417864639692
2020-04-08 16:49:00,2203.323085570921,0.0016974182818105686
2020-04-08 16:50:00,2202.9726925807327,0.001648928982404337
2020-04-08 16:51:00,2205.3616648612956,0.0016401424211599969
2020-04-08 16:52:00,2202.4583831194673,0.0016522377076625436
2020-04-08 16:53:00,2202.314875820572,0.001666042877005781
2020-04-08 16:54:00,2198.365507528167,0.0016592140841817672
2020-04-08 16:55:00,2202.7858935101053,0.0016788224446101846
2020-04-08 16:56:00,2199.8593730155435,0.0016864061361866055
2020-04-08 16:57:00,2204.8843551293207,0.0016941798918970535
2020-04-08 16:58:00,2199.5232422372437,0.0017151456213394373
2020-04-08 16:59:00,2204.826058014652,0.001658196235709777
2020-04-08 17:00:00,2205.593795969478,0.0017305768586055317
2020-04-08 17:01:00,2199.310915228567,0.001759333868394119
2020-04-08 17:02:00,2204.9252103397494,0.0017627953936769829
2020-04-08 17:03:00,2205.2853758968845,0.0017957302648573875
2020-04-08 17:04:00,2208.479363916374,0.0018049108302543816
2020-04-08 17:05:00,2204.646987225777,0.001750430581387681
2020-04-08 17:06:00,2212.7799717886182,0.0017056989359926964
2020-04-08 17:07:00,2214.9072772457707,0.0016657115424380958
2020-04-08 17:08:00,2212.1405162237093,0.0016167620054176196
2020-04-08 17:09:00,2215.819552782176,0.0016022037369120634
2020-04-08 17:10:00,2220.305576431124,0.0016247380600819144
2020-04-08 17:11:00,2212.7035515712464,0.001656629095045033
2020-04-08 17:12:00,2218.0563554014957,0.001668642268340612
2020-04-08 17:13:00,2214.3966970747388,0.0016650357532666706
2020-04-08 17:14:00,2212.955792970463,0.0016581716437028774
2020-04-08 17:15:00,2207.0663938325833,0.0016763589677319505
2020-04-08 17:16:00,2208.8191286140036,0.0016408940108247798
2020-04-08 17:17:00,2210.2781143515554,0.0016664432251456188
2020-04-08 17:18:00,2214.9342773892786,0.00169949938787091
2020-04-08 17:19:00,2217.6440101652706,0.0017613737625735326
2020-04-08 17:20:00,2227.720941670078,0.0017986682989334422
2020-04-08 17:21:00,2229.9332612968196,0.0018557377030588853
2020-04-08 17:22:00,2230.670581295685,0.0019040335611586533
2020-04-08 17:23:00,2229.3607870515693,0.0019340727763252075
2020-04-08 17:24:00,2232.123221588897,0.0019242284435062793
2020-04-08 17:25:00,2230.6805404369998,0.0019348531340848505
2020-04-08 17:26:00,2230.055674600323,0.0019331981835395042
2020-04-08 17:27:00,2240.1955834832797,0.0019671565447796405
2020-04-08 17:28:00,2243.1458907143665,0.0019707002237604604
2020-04-08 17:29:00,2247.710692332714,0.001987088503536936
2020-04-08 17:30:00,2244.0419636787706,0.001937199894128026
2020-04-08 17:31:00,2249.024487337631,0.0019481213012434424
2020-04-08 17:32:00,2251.0420810049486,0.002030834572340808
2020-04-08 17:33:00,2250.857148758426,0.002045426976691367
2020-04-08 17:34:00,2254.024365871458,0.0020156920748736046
2020-04-08 17:35:00,2255.946115411441,0.002054071692585303
2020-04-08 17:36:00,2257.7839715751597,0.0020026456222637383
2020-04-08 17:37:00,2267.5807933564856,0.001942482397882842
2020-04-08 17:38:00,2270.9249826749956,0.0019014444967927848
2020-04-08 17:39:00,2265.732092568869,0.0019490234714118523
2020-04-08 17:40:00,2264.6053424242587,0.0018588352782817597
2020-04-08 17:41:00,2264.8871498583317,0.0018946504103951936
2020-04-08 17:42:00,2266.1289406662236,0.0018988276667287814
2020-04-08 17:43:00,2270.0309676569814,0.0019087065458692236
2020-04-08 17:44:00,2269.828648619798,0.001926251054152125
2020-04-08 17:45:00,2267.4727270091244,0.001948916512010198
2020-04-08 17:46:00,2265.722897026925,0.0020223923562724165
2020-04-08 17:47:00,2263.106120492809,0.0019813906336912357
2020-04-08 17:48:00,2256.5497098570877,0.0019496887246774782
2020-04-08 17:49:00,2250.6078327698333,0.0019229738284528746
2020-04-08 17:50:00,2247.705602527424,0.001959593268935854
2020-04-08 17:51:00,2244.0174285402654,0.0019469945729603817
2020-04-08 17:52:00,2243.180132934391,0.001926865295382248
2020-04-08 17:53:00,2253.15857391202,0.0018491706955948456
2020-04-08 17:54:00,2253.091722146398,0.0019250840848528158
2020-04-08 17:55:00,2251.708473916934,0.002024169532953602
2020-04-08 17:56:00,2263.260552830399,0.0019906399544557425
2020-04-08 17:57:00,2255.2799928798113,0.0019361944873643744
2020-04-08 17:58:00,2251.7006199063653,0.0018344234417776032
2020-04-08 17:59:00,2250.7243985814785,0.0019002655173241925
2020-04-08 18:00:00,2250.2266983217382,0.0019220596648140027
2020-04-08 18:01:00,2252.317802751743,0.0018916044935489503
2020-04-08 18:02:00,2246.40554700174,0.0018910647963597939
2020-04-08 18:03:00,2239.7836769162786,0.0018646617247060847
2020-04-08 18:04:00,2239.44087336884,0.0018571644907592515
2020-04-08 18:05:00,2235.5952946548528,0.0018820725359515243
2020-04-08 18:06:00,2236.6726065136913,0.0018481251514553077
2020-04-08 18:07:00,2236.6536939868997,0.0018494938038838317
2020-04-08 18:08:00,2245.307244339438,0.001863744757541745
2020-04-08 18:09:00,2256.443125421967,0.001842399868170446
2020-04-08 18:10:00,2266.005737528067,0.0018041746518708327
2020-04-08 18:11:00,2263.068281911053,0.0017658998457261202
2020-04-08 18:12:00,2263.4019439865847,0.0017515308088044024
2020-04-08 18:13:00,2264.334744566866,0.0017740682367653957
2020-04-08 18:14:00,2265.6388744279584,0.0018369223186466951
2020-04-08 18:15:00,2270.2805939992427,0.0017792776782895614
2020-04-08 18:16:00,2272.3457661908988,0.0017877868060818365
2020-04-08 18:17:00,2276.087125653056,0.0017528746407350375
2020-04-08 18:18:00,2275.424737501434,0.0017690226022490242
2020-04-08 18:19:00,2276.5006163237513,0.0017736774876438652
2020-04-08 18:20:00,2282.108440863266,0.0017157680209956884
2020-04-08 18:21:00,2278.0498927684434,0.0016689338392436874
2020-04-08 18:22:00,2285.848050398026,0.0016736480102898283
2020-04-08 18:23:00,2279.067460357798,0.0016568871137934062
2020-04-08 18:24:00,2286.4317252757455,0.0016272561759576802
2020-04-08 18:25:00,2294.7200712128692,0.0017497367086905095
2020-04-08 18:26:00,2297.4877722810043,0.0017726297869549007
2020-04-08 18:27:00,2300.079194857894,0.0017404188621552121
2020-04-08 18:28:00,2296.4692898090675,0.0017591534266825821
2020-04-08 18:29:00,2296.3461948241156,0.001768427828637479
2020-04-08 18:30:00,2299.039439931981,0.0018140324779471672
2020-04-08 18:31:00,2299.1986693735057,0.0018241789341381536
2020-04-08 18:32:00,2298.982515726409,0.0018254765583750638
2020-04-08 18:33:00,2301.9287917272154,0.0018566319831157837
2020-04-08 18:34:00,2299.4079680075242,0.001844588203561217
2020-04-08 18:35:00,2302.3420507410906,0.00183267662765929
2020-04-08 18:36:00,2302.9016397200066,0.0018499848282612231
2020-04-08 18:37:00,2302.413229190127,0.0018394670987365864
2020-04-08 18:38:00,2306.660117522675,0.0018936653446038406
2020-04-08 18:39:00,2309.4251621795324,0.0019488882236729892
2020-04-08 18:40:00,2307.602009528092,0.001969432323129597
2020-04-08 18:41:00,2308.9024766047532,0.002054818565184168
2020-04-08 18:42:00,2320.6357855986166,0.0020327588611554286
2020-04-08 18:43:00,2322.192959289829,0.002039917388585128
2020-04-08 18:44:00,2331.0142538361993,0.0020373388146786788
2020-04-08 18:45:00,2341.751320785944,0.0020139205265325873
2020-04-08 18:46:00,2353.5569184282,0.0019482212417841055
2020-04-08 18:47:00,2357.5582619731604,0.001998120053077524
2020-04-08 18:48:00,2349.2345607812895,0.0019038397611889494
2020-04-08 18:49:00,2349.5466506298753,0.0019024735869742732
2020-04-08 18:50:00,2349.758449410065,0.0018689947380570917
2020-04-08 18:51:00,2354.5802642920853,0.001785792595677742
2020-04-08 18:52:00,2358.5642880980954,0.001779782529858107
2020-04-08 18:53:00,2358.633114858527,0.0018088159897253757
2020-04-08 18:54:00,2358.896142483138,0.0017596106979983384
2020-04-08 18:55:00,2363.818447117065,0.0017046004582607673
2020-04-08 18:56:00,2367.039291008233,0.001691528223719233
2020-04-08 18:57:00,2368.6443035311304,0.0017038395097378363
2020-04-08 18:58:00,2370.648720022011,0.0017426131054846246
2020-04-08 18:59:00,2370.1041450588764,0.001735013150415231
2020-04-08 19:00:00,2371.5898800784594,0.0017534729779208683
2020-04-08 19:01:00,2376.4942130630798,0.0018073445724578125
2020-04-08 19:02:00,2386.1395570825057,0.0018647780114161413
2020-04-08 19:03:00,2384.6574570524026,0.0018389433449711127
2020-04-08 19:04:00,2388.392705137004,0.0017575060141957343
2020-04-08 19:05:00,2387.0165584988663,0.0017049070771826948
2020-04-08 19:06:00,2389.581959832613,0.0016976529436689208
2020-04-08 19:07:00,2387.8485451682177,0.001621705237625564
2020-04-08 19:08:00,2389.725096988696,0.0015690753567154496
2020-04-08 19:09:00,2392.5789370784287,0.0015688818313894844
2020-04-08 19:10:00,2391.5237296411437,0.0015529845151636666
2020-04-08 19:11:00,2391.685748151694,0.0015588183560942426
2020-04-08 19:12:00,2388.9114724801534,0.0015847392833522797
2020-04-08 19:13:00,2391.0635660708926,0.0015322412203972507
2020-04-08 19:14:00,2391.6757762153047,0.0015141799946972513
2020-04-08 19:15:00,2394.0877627853974,0.0015194144350062022
2020-04-08 19:16:00,2384.3294010339755,0.0015650491693588132
2020-04-08 19:17:00,2376.2931649656707,0.00156138918508271
2020-04-08 19:18:00,2380.4141759849645,0.001517325096153101
2020-04-08 19:19:00,2381.9954899428144,0.0016112126963108537
2020-04-08 19:20:00,2382.5273036991334,0.001554584700029716
2020-04-08 19:21:00,2387.7173291030167,0.0015852408642515812
2020-04-08 19:22:00,2387.8622617831074,0.0016375166072373245
2020-04-08 19:23:00,2390.557819755823,0.0016739087942745329
2020-04-08 19:24:00,2391.260391953938,0.0016943307619588688
2020-04-08 19:25:00,2391.399711057569,0.0016949952128890672
2020-04-08 19:26:00,2396.761606617893,0.0017288156448727226
2020-04-08 19:27:00,2393.4242556006643,0.001698622735714986
2020-04-08 19:28:00,2393.802834849847,0.0016573929293671155
2020-04-08 19:29:00,2393.5308712927913,0.0016746712749850362
2020-04-08 19:30:00,2396.603502382907,0.0016520577283755113
2020-04-08 19:31:00,2402.1828161634244,0.0016414641094058024
2020-04-08 19:32:00,2401.781497563831,0.0016288797340125636
2020-04-08 19:33:00,2403.7024627819374,0.0015501744841083193
2020-04-08 19:34:00,2404.297886144241,0.0015610205206450958
2020-04-08 19:35:00,2400.116417193915,0.0015663863655203543
2020-04-08 19:36:00,2394.8869383866795,0.0015839512271460258
2020-04-08 19:37:00,2400.6246118476406,0.0015179173357619657
2020-04-08 19:38:00,2398.2604179137393,0.0015403601997756799
2020-04-08 19:39:00,2395.8593041669906,0.0015115236400864217
2020-04-08 19:40:00,2400.115651957265,0.0015443438178262675
2020-04-08 19:41:00,2402.592168221312,0.0015242316033541048
2020-04-08 19:42:00,2406.377795181044,0.0015327604822599553
2020-04-08 19:43:00,2404.4902479602024,0.0014693058932168752
2020-04-08 19:44:00,2409.8595048985676,0.0015161640761505253
2020-04-08 19:45:00,2411.8658505354724,0.0015104944678835663
2020-04-08 19:46:00,2413.0934527122613,0.0015397837863542773
2020-04-08 19:47:00,2407.9026304130625,0.0015753683334144787
2020-04-08 19:48:00,2401.0146207962684,0.001557472474714822
2020-04-08 19:49:00,2405.3788707623808,0.0015462617475075267
2020-04-08 19:50:00,2401.3895784564875,0.0015520617756081595
2020-04-08 19:51:00,2404.268275768623,0.0015207330198453203
2020-04-08 19:52:00,2396.3178046129424,0.001562402768225231
2020-04-08 19:53:00,2398.8900303192586,0.0015993418200471918
2020-04-08 19:54:00,2400.848378445156,0.0016414223991000072
2020-04-08 19:55:00,2401.059319703368,0.0017069687254243043
2020-04-08 19:56:00,2399.2384823250623,0.0016626071320051214
2020-04-08 19:57:00,2396.3510967812513,0.0015838416926705805
2020-04-08 19:58:00,2396.317042267437,0.0015512972278245352
2020-04-08 19:59:00,2394.9665183363068,0.001568321457895703
2020-04-09 13:30:00,2273.849777307772,0.001579512153326464
2020-04-09 13:31:00,2279.851172131959,0.0016181399762394666
2020-04-09 13:32:00,2279.07380862503,0.00158639370867014
2020-04-09 13:33:00,2276.9367627269958,0.0015432420209030345
2020-04-09 13:34:00,2273.955948935712,0.0015676855974790613
2020-04-09 13:35:00,2274.063306668548,0.0015643131897632642
2020-04-09 13:36:00,2273.432424741961,0.0015755027452159867
2020-04-09 13:37:00,2267.1631967044236,0.0016238185934533923
2020-04-09 13:38:00,2260.4545969324836,0.0015656181961865656
2020-04-09 13:39:00,2261.5239142594,0.0015262744311995006
2020-04-09 13:40:00,2266.0444845034726,0.0014886232580514313
2020-04-09 13:41:00,2272.555142654595,0.001495067572752953
2020-04-09 13:42:00,2271.3676346275515,0.0015773453244583263
2020-04-09 13:43:00,2273.464501798501,0.0016150713238999475
2020-04-09 13:44:00,2269.675109393071,0.0015696615792030219
2020-04-09 13:45:00,2271.3525330175485,0.0015701403752271478
2020-04-09 13:46:00,2271.178868678948,0.001561541096334945
2020-04-09 13:47:00,2267.004847107209,0.0015996131523554093
2020-04-09 13:48:00,2261.7876546533034,0.0015583562400713314
2020-04-09 13:49:00,2261.0632068330347,0.0016071999158916834
2020-04-09 13:50:00,2254.072956258856,0.0016072999626780102
2020-04-09 13:51:00,2249.458577078486,0.0015737149550467575
2020-04-09 13:52:00,2251.5086603756295,0.0016173824894419344
2020-04-09 13:53:00,2257.4647271750105,0.0016337894222810344
2020-04-09 13:54:00,2259.0292683322887,0.0016545664874274986
2020-04-09 13:55:00,2261.779786397933,0.001645516275088709
2020-04-09 13:56:00,2260.5580056500908,0.0016868066332789617
2020-04-09 13:57:00,2265.7427920953332,0.001674450002658269
2020-04-09 13:58:00,2260.1408763320205,0.001661349093117495
2020-04-09 13:59:00,2261.3942582810473,0.0016746351718419767
2020-04-09 14:00:00,2260.17504299094,0.001644181545588611
2020-04-09 14:01:00,2262.0036742469088,0.0016317627791895511
2020-04-09 14:02:00,2256.3909037649423,0.0016142673254398183
2020-04-09 14:03:00,2249.256001748256,0.0015914160083039704
2020-04-09 14:04:00,2243.8029713108886,0.0015679680344638824
2020-04-09 14:05:00,2245.0130064287346,0.0015720504813388552
2020-04-09 14:06:00,2242.8005620377185,0.0015512471450151537
2020-04-09 14:07:00,2243.6871303420617,0.0015202281262872957
2020-04-09 14:08:00,2241.776507106782,0.0015005011656615648
2020-04-09 14:09:00,2238.5877333765957,0.001572903377851282
2020-04-09 14:10:00,2241.21587306324,0.0015412257288518927
2020-04-09 14:11:00,2241.0709554058512,0.0014859378990152525
2020-04-09 14:12:00,2236.1025932982807,0.0015593239983062697
2020-04-09 14:13:00,2239.2633662570406,0.0014812857715021522
2020-04-09 14:14:00,2237.4512947864014,0.0014516664587653333
2020-04-09 14:15:00,2234.1974227590836,0.0014271955019785755
2020-04-09 14:16:00,2232.814473037622,0.00138381110143682
2020-04-09 14:17:00,2231.154335538326,0.0014037493094495278
2020-04-09 14:18:00,2234.0054314130007,0.0014179921825437463
2020-04-09 14:19:00,2237.9702903460948,0.0014405029582399654
2020-04-09 14:20:00,2235.701666776189,0.0014400013381835252
2020-04-09 14:21:00,2234.9532612957414,0.0014082013124428543
2020-04-09 14:22:00,2239.77299681743,0.0013987291307750534
2020-04-09 14:23:00,2239.8463852853124,0.0014074353988342298
2020-04-09 14:24:00,2242.7104496095517,0.001376792832767008
2020-04-09 14:25:00,2245.5762366886024,0.001363840498681609
2020-04-09 14:26:00,2245.588250177447,0.0013854654275567825
2020-04-09 14:27:00,2242.125890747187,0.001388379008222747
2020-04-09 14:28:00,2241.1621432299194,0.00140105463713474
2020-04-09 14:29:00,2242.241517296466,0.0014389526389678023
2020-04-09 14:30:00,2243.7885408543825,0.001429885275252745
2020-04-09 14:31:00,2242.0187830103005,0.001430416792411013
2020-04-09 14:32:00,2243.6039016180293,0.0014495493509724235
2020-04-09 14:33:00,2242.290324565603,0.0014036444515311962
2020-04-09 14:34:00,2239.322693946372,0.0014370120092146918
2020-04-09 14:35:00,2242.101576711577,0.0014308823175140462
2020-04-09 14:36:00,2241.5937333578704,0.0014655517698284562
2020-04-09 14:37:00,2242.943011481351,0.0014987995772170089
2020-04-09 14:38:00,2237.314924742775,0.001529650404301669
2020-04-09 14:39:00,2234.970046682792,0.0015937171028604742
2020-04-09 14:40:00,2232.704032446275,0.001594557801852475
2020-04-09 14:41:00,2232.4162294116395,0.0015101154860196688
2020-04-09 14:42:00,2233.0016533043336,0.001508233540505899
2020-04-09 14:43:00,2231.2796094797013,0.0015348079455640888
2020-04-09 14:44:00,2228.7012829446626,0.0014762183913439378
2020-04-09 14:45:00,2225.01131147215,0.0014540998850148027
2020-04-09 14:46:00,2227.697155940075,0.001485946454327348
2020-04-09 14:47:00,2224.5621587205324,0.0015148482789954793
2020-04-09 14:48:00,2223.3909373825045,0.0014742494584809545
2020-04-09 14:49:00,2223.9639329722454,0.0014682926773354151
2020-04-09 14:50:00,2223.5891470776255,0.001471463585356448
2020-04-09 14:51:00,2219.3899664497244,0.0014762353614037327
2020-04-09 14:52:00,2214.7848954290735,0.0014871072703600248
2020-04-09 14:53:00,2217.433974622034,0.0014976009921837832
2020-04-09 14:54:00,2221.8422264605515,0.0015058637582678503
2020-04-09 14:55:00,2214.8839234354004,0.0015375887412060775
2020-04-09 14:56:00,2210.987271693152,0.0015207037851954364
2020-04-09 14:57:00,2211.4871441886066,0.0014686265998235127
2020-04-09 14:58:00,2215.1159864241135,0.001512267616880231
2020-04-09 14:59:00,2208.8163744466333,0.001541454241238806
2020-04-09 15:00:00,2209.1356115452177,0.001553982862935199
2020-04-09 15:01:00,2212.4695442220395,0.0015156431635139763
2020-04-09 15:02:00,2211.5117756773316,0.001495717039495513
2020-04-09 15:03:00,2210.2253905595126,0.0014564193935504102
2020-04-09 15:04:00,2212.872716400834,0.0014171947305633655
2020-04-09 15:05:00,2208.211583732846,0.0013996220210591621
2020-04-09 15:06:00,2210.185327987246,0.001436862743162505
2020-04-09 15:07:00,2206.7907004835906,0.0014925478861000522
2020-04-09 15:08:00,2206.142362828741,0.0015017037253644652
2020-04-09 15:09:00,2210.505423376026,0.001461760209674822
2020-04-09 15:10:00,2203.6364306169653,0.0014517199897883645
2020-04-09 15:11:00,2202.668431550744,0.0014172381660675453
2020-04-09 15:12:00,2200.367393046388,0.0013971183890391357
2020-04-09 15:13:00,2204.0397195153705,0.001411024380859037
2020-04-09 15:14:00,2202.0908882368076,0.0013805627296126564
2020-04-09 15:15:00,2195.418548295839,0.0013783192609075358
2020-04-09 15:16:00,2191.8019359605805,0.001335021148493883
2020-04-09 15:17:00,2187.495294756795,0.0012137581986388457
2020-04-09 15:18:00,2190.293618602979,0.001193664096780426
2020-04-09 15:19:00,2188.3982571864276,0.001195441225812084
2020-04-09 15:20:00,2183.2913171871432,0.001173482354385456
2020-04-09 15:21:00,2189.205617781217,0.0012311681549875338
2020-04-09 15:22:00,2191.0587104807473,0.0012260071825836393
2020-04-09 15:23:00,2185.5750413148303,0.0011965995670437488
2020-04-09 15:24:00,2185.182825030819,0.0012032658644318796
2020-04-09 15:25:00,2185.697167025428,0.0011800305330718105
2020-04-09 15:26:00,2185.8146515526973,0.0012027911128531335
2020-04-09 15:27:00,2182.867796189418,0.0011635415391439772
2020-04-09 15:28:00,2179.6083546458567,0.0011467140729631677
2020-04-09 15:29:00,2178.5244779601467,0.0011505874191162146
2020-04-09 15:30:00,2179.5126169650202,0.0011101564354424635
2020-04-09 15:31:00,2183.4522160908737,0.001091237833978997
2020-04-09 15:32:00,2183.9014182167894,0.0010891482314444234
2020-04-09 15:33:00,2183.157124652092,0.0010517278659638296
2020-04-09 15:34:00,2184.386025174851,0.0010768388479136736
2020-04-09 15:35:00,2186.100886352779,0.0010328923538468022
2020-04-09 15:36:00,2182.772111952628,0.001045410954847708
2020-04-09 15:37:00,2182.493426939045,0.001067868076555195
2020-04-09 15:38:00,2185.320496069511,0.0010707600763372523
2020-04-09 15:39:00,2183.2017142746286,0.00101847972785622
2020-04-09 15:40:00,2182.041278708243,0.0009951588068635366
2020-04-09 15:41:00,2183.465530213046,0.0009596368394374666
2020-04-09 15:42:00,2180.524407318643,0.000904704458892049
2020-04-09 15:43:00,2180.332848871985,0.0008740534248891936
2020-04-09 15:44:00,2181.3385827447787,0.00087773162921656
2020-04-09 15:45:00,2180.7989341600723,0.0009200945026544482
2020-04-09 15:46:00,2181.7358464845356,0.0009734633228518735
2020-04-09 15:47:00,2183.8296620425526,0.0010165988444991222
2020-04-09 15:48:00,2186.301205879211,0.001051175434113569
2020-04-09 15:49:00,2186.4236841232632,0.001014690529868905
2020-04-09 15:50:00,2183.2434948974305,0.001057904770219801
2020-04-09 15:51:00,2187.591250677867,0.0011215285249707833
2020-04-09 15:52:00,2188.30202007718,0.001095420392396867
2020-04-09 15:53:00,2188.9455952683616,0.0010706844183767798
2020-04-09 15:54:00,2191.447142522035,0.001055828101856701
2020-04-09 15:55:00,2190.418111867347,0.0010214207187430704
2020-04-09 15:56:00,2188.8642723907574,0.0011061736146929495
2020-04-09 15:57:00,2193.2780315970294,0.0011243247008264855
2020-04-09 15:58:00,2192.840675962842,0.001163392522701956
2020-04-09 15:59:00,2197.5600220145793,0.001170513644364026
2020-04-09 16:00:00,2197.1600164991314,0.0011945592321075914
2020-04-09 16:01:00,2195.956002126994,0.0012545731267199593
2020-04-09 16:02:00,2194.7021422674475,0.0011831909761330836
2020-04-09 16:03:00,2191.0668370331055,0.001153672996129699
2020-04-09 16:04:00,2188.7972092417886,0.001085021676475007
2020-04-09 16:05:00,2188.7611393875814,0.0010840629208213738
2020-04-09 16:06:00,2187.2554324923613,0.001073882627342771
2020-04-09 16:07:00,2187.6683514159035,0.0010847223948396165
2020-04-09 16:08:00,2190.5471651633256,0.0010637333280261788
2020-04-09 16:09:00,2187.1064188430514,0.0010806460384664095
2020-04-09 16:10:00,2182.236052219854,0.0011261982591862032
2020-04-09 16:11:00,2184.476944903437,0.0010800733388467813
2020-04-09 16:12:00,2184.37946027891,0.001109234757534402
2020-04-09 16:13:00,2183.886389303377,0.0011191784152708832
2020-04-09 16:14:00,2186.717248878209,0.001116154768656816
2020-04-09 16:15:00,2188.7199336195085,0.0011079534548609654
2020-04-09 16:16:00,2189.429457492025,0.0011121379007488674
2020-04-09 16:17:00,2192.5117167163557,0.0010778783771995832
2020-04-09 16:18:00,2187.639787155962,0.001062689432069676
2020-04-09 16:19:00,2191.233542839799,0.0011318129479972508
2020-04-09 16:20:00,2193.01758103572,0.0011250761047393435
2020-04-09 16:21:00,2187.6972826122624,0.001139292722723879
2020-04-09 16:22:00,2186.3680580978958,0.0011614500485172463
2020-04-09 16:23:00,2191.688184274645,0.0011034215599822956
2020-04-09 16:24:00,2194.3321740055308,0.0010520716130787582
2020-04-09 16:25:00,2194.5097957182306,0.0010571080775571143
2020-04-09 16:26:00,2192.0479323455666,0.0010561381541318666
2020-04-09 16:27:00,2195.2099410699875,0.001090243345533522
2020-04-09 16:28:00,2198.1142062428657,0.0010635444280381176
2020-04-09 16:29:00,2194.563736817445,0.0010340506395247276
2020-04-09 16:30:00,2197.876764732442,0.0010256704156370023
2020-04-09 16:31:00,2199.365089930983,0.000997939667556606
2020-04-09 16:32:00,2199.409618256905,0.0009695241647361756
2020-04-09 16:33:00,2201.7368247662926,0.0009255834751619595
2020-04-09 16:34:00,2201.782990131798,0.0009063743601275343
2020-04-09 16:35:00,2200.399846829388,0.0009020375193086134
2020-04-09 16:36:00,2198.6651528300185,0.0009247447685621136
2020-04-09 16:37:00,2194.8522296849787,0.0008943190091552809
2020-04-09 16:38:00,2196.617224449766,0.0008459979668720914
2020-04-09 16:39:00,2194.690050612058,0.0008255536135868116
2020-04-09 16:40:00,2194.1375674635956,0.0008230061266418498
2020-04-09 16:41:00,2191.9612416735563,0.0008343707124171095
2020-04-09 16:42:00,2190.7641305246325,0.0008217325987189466
2020-04-09 16:43:00,2192.492520680492,0.0009391236755844337
2020-04-09 16:44:00,2192.0005382549207,0.0009361896429803513
2020-04-09 16:45:00,2187.3921462736203,0.0010202878192417412
2020-04-09 16:46:00,2187.7206140455546,0.0010413333902281928
2020-04-09 16:47:00,2186.587265557562,0.0010921028254298468
2020-04-09 16:48:00,2185.9597660643212,0.0010835037653727183
2020-04-09 16:49:00,2182.1655441621465,0.0010727285386955931
2020-04-09 16:50:00,2186.5507110384942,0.001081172572538342
2020-04-09 16:51:00,2183.0432908127095,0.0011330845416143427
2020-04-09 16:52:00,2183.652152604409,0.001148913056651779
2020-04-09 16:53:00,2180.451826419186,0.0011477486316398343
2020-04-09 16:54:00,2180.4961302724014,0.0011746706094321107
2020-04-09 16:55:00,2183.3375904034565,0.0011970629769147054
2020-04-09 16:56:00,2185.4801190510457,0.0011192228493938153
2020-04-09 16:57:00,2185.4428859226,0.001147863713989189
2020-04-09 16:58:00,2189.158490373113,0.0011937770802611005
2020-04-09 16:59:00,2192.6086315552866,0.001202980290587481
2020-04-09 17:00:00,2193.54307851366,0.0011787614676455152
2020-04-09 17:01:00,2194.31812081684,0.001229151211144126
2020-04-09 17:02:00,2189.7001805756877,0.001157030291862917
2020-04-09 17:03:00,2194.5277697006154,0.0012152640838264314
2020-04-09 17:04:00,2194.5133986859364,0.0012185525497099253
2020-04-09 17:05:00,2196.0127510416987,0.0012509162098590433
2020-04-09 17:06:00,2194.2114075380455,0.0013154867133383314
2020-04-09 17:07:00,2194.9997734216304,0.0013449368326871399
2020-04-09 17:08:00,2195.7447996611986,0.00133925567559565
2020-04-09 17:09:00,2198.493164384773,0.0013063870735457543
2020-04-09 17:10:00,2196.744246305963,0.00130568242910267
2020-04-09 17:11:00,2194.737002169321,0.0013456858135064223
2020-04-09 17:12:00,2195.6343843551817,0.0013223163932420934
2020-04-09 17:13:00,2195.8971924805614,0.0012641117321325877
2020-04-09 17:14:00,2196.601360227509,0.0012944334316537021
2020-04-09 17:15:00,2199.069404131727,0.0012878517267171387
2020-04-09 17:16:00,2200.8403309861196,0.0013013820040425905
2020-04-09 17:17:00,2200.5044670476273,0.00130428509130176
2020-04-09 17:18:00,2198.906596783475,0.0012459569008999207
2020-04-09 17:19:00,2199.740207864102,0.0012972046446512017
2020-04-09 17:20:00,2202.6582727284417,0.0012546584451404773
2020-04-09 17:21:00,2201.697943409409,0.001262947334374851
2020-04-09 17:22:00,2200.875125619503,0.00122869542447414
2020-04-09 17:23:00,2202.399516789057,0.0012195740765780915
2020-04-09 17:24:00,2201.09734224599,0.0012368703288207796
2020-04-09 17:25:00,2203.842288560669,0.001190993205679665
2020-04-09 17:26:00,2205.7382303903632,0.0011530946472032247
2020-04-09 17:27:00,2205.544405776962,0.001145013660705133
2020-04-09 17:28:00,2205.0053222652473,0.0011130580664931303
2020-04-09 17:29:00,2203.907066783383,0.0011504430846406084
2020-04-09 17:30:00,2203.135804061809,0.0011152406997898398
2020-04-09 17:31:00,2206.8752332905206,0.001143505222990897
2020-04-09 17:32:00,2205.776261082632,0.001156162335237303
2020-04-09 17:33:00,2205.6521588643045,0.0011162428642300694
2020-04-09 17:34:00,2205.369961953005,0.0011056028521775085
2020-04-09 17:35:00,2200.4266976350737,0.0010575277453594469
2020-04-09 17:36:00,2203.1090067175273,0.0010699305764113058
2020-04-09 17:37:00,2206.02945299818,0.0011026948380709989
2020-04-09 17:38:00,2204.2913798811146,0.0010675851135047096
2020-04-09 17:39:00,2204.2377792038983,0.0010886262553699616
2020-04-09 17:40:00,2205.552031805688,0.0011036612089916958
2020-04-09 17:41:00,2210.1139203874645,0.0010976221337391523
2020-04-09 17:42:00,2209.084702747055,0.0011133189756411118
2020-04-09 17:43:00,2211.292243931063,0.0011122639837045823
2020-04-09 17:44:00,2214.1900124773642,0.0011082677431543061
2020-04-09 17:45:00,2214.174710629532,0.001080630361009778
2020-04-09 17:46:00,2215.272268835184,0.0010441978284744613
2020-04-09 17:47:00,2213.488756655281,0.0010592276245156886
2020-04-09 17:48:00,2215.8199597030425,0.0010341641263236594
2020-04-09 17:49:00,2214.4931939883727,0.0009996401972947016
2020-04-09 17:50:00,2215.7412607439173,0.0009642576377081039
2020-04-09 17:51:00,2213.9046159765585,0.0009877840484709551
2020-04-09 17:52:00,2213.6430010994854,0.0009773509570827862
2020-04-09 17:53:00,2218.6218887591194,0.0010059452011197951
2020-04-09 17:54:00,2218.275571170828,0.0010772655127326484
2020-04-09 17:55:00,2217.1607002642972,0.0010325822380723357
2020-04-09 17:56:00,2214.24443901574,0.0010453408301500427
2020-04-09 17:57:00,2216.0873641381027,0.0010151080534629554
2020-04-09 17:58:00,2219.520635101803,0.0009515979184537438
2020-04-09 17:59:00,2216.7479691798476,0.000997315692011961
2020-04-09 18:00:00,2213.273736146499,0.0009998132945665318
2020-04-09 18:01:00,2212.688204075556,0.0010185524701903453
2020-04-09 18:02:00,2212.4768149038523,0.0010263653344415326
2020-04-09 18:03:00,2214.279021785988,0.001071007383287149
2020-04-09 18:04:00,2212.7693174064702,0.0010196066453037412
2020-04-09 18:05:00,2211.5872236228674,0.0009996257086676097
2020-04-09 18:06:00,2210.067574608576,0.0010476650869035038
2020-04-09 18:07:00,2212.6850025437766,0.0010197797494689545
2020-04-09 18:08:00,2215.772980198877,0.0009954217793117625
2020-04-09 18:09:00,2217.121107342749,0.001024516228905973
2020-04-09 18:10:00,2216.3167512181094,0.0010565611772218268
2020-04-09 18:11:00,2219.406886091644,0.0009649022811521323
2020-04-09 18:12:00,2216.4127984042157,0.0009305176029283928
2020-04-09 18:13:00,2212.1351064563,0.0009576100123969502
2020-04-09 18:14:00,2214.5568646306847,0.0009759797366307318
2020-04-09 18:15:00,2213.0303034191943,0.0010490413434508464
2020-04-09 18:16:00,2215.134374563239,0.001025361552619628
2020-04-09 18:17:00,2212.9097223500007,0.0010056004022933733
2020-04-09 18:18:00,2216.1010480159225,0.0010324214502325166
2020-04-09 18:19:00,2218.9267734012014,0.0010884176121802951
2020-04-09 18:20:00,2219.729236513095,0.0011098305549828164
2020-04-09 18:21:00,2217.7710272868894,0.0010864893218051346
2020-04-09 18:22:00,2216.908623945567,0.0010861546336109148
2020-04-09 18:23:00,2220.0614415937785,0.0010867025778724133
2020-04-09 18:24:00,2221.88047018737,0.0011496301098172076
2020-04-09 18:25:00,2220.0836902509395,0.0012002882069610708
2020-04-09 18:26:00,2216.7121703610023,0.0012723482429382355
2020-04-09 18:27:00,2221.908592433246,0.0013036577600502922
2020-04-09 18:28:00,2223.2542306983614,0.0013080546617346917
2020-04-09 18:29:00,2225.4765489985075,0.001365326888378496
2020-04-09 18:30:00,2227.1474207601077,0.0013764934059107665
2020-04-09 18:31:00,2224.8561513029113,0.001399162619984653
2020-04-09 18:32:00,2222.860610031418,0.0014034989661173044
2020-04-09 18:33:00,2228.301208047519,0.0013839606349789505
2020-04-09 18:34:00,2223.8868416374125,0.001333101608423971
2020-04-09 18:35:00,2223.6597431162163,0.0013926531908745007
2020-04-09 18:36:00,2224.6950479528314,0.001418305632424274
2020-04-09 18:37:00,2222.7467249192496,0.0014124950564556424
2020-04-09 18:38:00,2228.0413840155925,0.0013440364588705707
2020-04-09 18:39:00,2224.6418617822765,0.0013499226449467442
2020-04-09 18:40:00,2225.5072695049557,0.0013283044794110564
2020-04-09 18:41:00,2226.9216805020133,0.0012498429658436827
2020-04-09 18:42:00,2229.6194411618876,0.0012430131931666865
2020-04-09 18:43:00,2232.129024153807,0.0012484978187548186
2020-04-09 18:44:00,2229.601500489842,0.0011941070031975638
2020-04-09 18:45:00,2231.814089312327,0.0012738641970056331
2020-04-09 18:46:00,2229.4826081011174,0.0013258379706568857
2020-04-09 18:47:00,2236.061707068364,0.0013383241740786448
2020-04-09 18:48:00,2234.240509997847,0.0013815908725205537
2020-04-09 18:49:00,2234.163298684678,0.0013362537922596805
2020-04-09 18:50:00,2228.249027235765,0.0013274229901839903
2020-04-09 18:51:00,2225.6484740874466,0.0013271239962278096
2020-04-09 18:52:00,2226.8934252723243,0.001294661611167873
2020-04-09 18:53:00,2225.6894808828647,0.0012784698912494492
2020-04-09 18:54:00,2225.706103014321,0.001280127461839708
2020-04-09 18:55:00,2220.797325019513,0.0012957614922662908
2020-04-09 18:56:00,2223.2539041595014,0.001273889590822024
2020-04-09 18:57:00,2218.489102150857,0.0012340613515303312
2020-04-09 18:58:00,2218.4580916443983,0.0012581208482555259
2020-04-09 18:59:00,2220.17149078425,0.0012226191998642075
2020-04-09 19:00:00,2219.6429216342613,0.0012799631433336098
2020-04-09 19:01:00,2224.386811750481,0.0012445698927031977
2020-04-09 19:02:00,2222.8054127756154,0.0012221843154236467
2020-04-09 19:03:00,2216.99960381192,0.0012301765881869348
2020-04-09 19:04:00,2214.9244536088668,0.0011925554957240361
2020-04-09 19:05:00,2215.8698988634214,0.0012351093965921292
2020-04-09 19:06:00,2218.877407875927,0.0012296099014415642
2020-04-09 19:07:00,2217.666045512444,0.0011701119150291526
2020-04-09 19:08:00,2216.478461717033,0.0011752570214835672
2020-04-09 19:09:00,2215.599231261484,0.00117768850801952
2020-04-09 19:10:00,2213.7300322046644,0.001237626969272811
2020-04-09 19:11:00,2211.928925906214,0.0012975026069029394
2020-04-09 19:12:00,2216.572313204513,0.0012108077190861055
2020-04-09 19:13:00,2213.40723874477,0.001168531146469232
2020-04-09 19:14:00,2213.8580373213986,0.001238516666380491
2020-04-09 19:15:00,2217.244566401628,0.001227149443160896
2020-04-09 19:16:00,2220.3891736394426,0.0012519480206108669
2020-04-09 19:17:00,2218.753727201219,0.0012323843767694336
2020-04-09 19:18:00,2222.741617249174,0.0011980174189095015
2020-04-09 19:19:00,2221.0167379519867,0.001195210407112933
2020-04-09 19:20:00,2221.8799488221493,0.001222245068589372
2020-04-09 19:21:00,2224.141845481922,0.0012655854025733692
2020-04-09 19:22:00,2227.4168944365856,0.001248627832893665
2020-04-09 19:23:00,2228.482293538894,0.001288019857298365
2020-04-09 19:24:00,2229.093354637162,0.0013628214377130637
2020-04-09 19:25:00,2229.093985450661,0.0014018030036236637
2020-04-09 19:26:00,2227.4606736831024,0.0014822004401381867
2020-04-09 19:27:00,2226.930317659441,0.0014859674517265565
2020-04-09 19:28:00,2228.5035058326002,0.001442401077271675
2020-04-09 19:29:00,2237.023995140282,0.0015056337100749966
2020-04-09 19:30:00,2233.724357629461,0.0015239476130027103
2020-04-09 19:31:00,2233.698400108059,0.001492394628428424
2020-04-09 19:32:00,2234.406708840772,0.001519665371203436
2020-04-09 19:33:00,2229.348774922076,0.0014460078108906582
2020-04-09 19:34:00,2230.812800631618,0.0014451633402655583
2020-04-09 19:35:00,2229.301322689732,0.0014499998155341283
2020-04-09 19:36:00,2231.197638090744,0.001413129327907322
2020-04-09 19:37:00,2228.577376862609,0.0014214560060528702
2020-04-09 19:38:00,2229.761457281769,0.0013580266871484486
2020-04-09 19:39:00,2232.562936665852,0.0013722788229393705
2020-04-09 19:40:00,2229.3125226593475,0.0013684284663936404
2020-04-09 19:41:00,2233.5222099887696,0.0013691059187973433
2020-04-09 19:42:00,2243.4077022348433,0.001452175413689026
2020-04-09 19:43:00,2243.2105907897076,0.0013863179820310266
2020-04-09 19:44:00,2244.326287826208,0.0013638914671679537
2020-04-09 19:45:00,2248.4129012550616,0.0013482212689475584
2020-04-09 19:46:00,2244.367561299804,0.0013390884568946113
2020-04-09 19:47:00,2244.236372164832,0.0013401719333521569
2020-04-09 19:48:00,2247.8882094606256,0.0013128411278970332
2020-04-09 19:49:00,2245.564286318727,0.0014011802112533873
2020-04-09 19:50:00,2247.9474026819694,0.0014169515261029466
2020-04-09 19:51:00,2242.440944527203,0.0014691673738128947
2020-04-09 19:52:00,2247.2574289985278,0.0014541698382683343
2020-04-09 19:53:00,2251.096480722875,0.0014175297505140394
2020-04-09 19:54:00,2252.7417977474674,0.0014190486057477098
2020-04-09 19:55:00,2254.5774007405435,0.0014264217874373883
2020-04-09 19:56:00,2255.987759213843,0.001535781719075058
2020-04-09 19:57:00,2255.8674392090925,0.001462248218639745
2020-04-09 19:58:00,2253.5690376311018,0.0014566117739398523
2020-04-09 19:59:00,2256.0864307231386,0.001474630488588284
2020-04-10 13:30:00,2339.111606594791,0.0014345374332243308
2020-04-10 13:31:00,2339.6250441920265,0.0013835256625266887
2020-04-10 13:32:00,2345.0864091031385,0.0014446944297444914
2020-04-10 13:33:00,2346.036701371773,0.0015057182745675944
2020-04-10 13:34:00,2346.8474736694893,0.0014741943704172564
2020-04-10 13:35:00,2343.9438788951043,0.0014286495522754907
2020-04-10 13:36:00,2339.1130432626746,0.001432784265949644
2020-04-10 13:37:00,2341.4791972236476,0.0014519544535167206
2020-04-10 13:38:00,2338.6546866804756,0.001500577976976088
2020-04-10 13:39:00,2335.9334951180513,0.0015610583525305258
2020-04-10 13:40:00,2338.5887340728336,0.0016470632307365612
2020-04-10 13:41:00,2343.4398246404176,0.0016823932075552951
2020-04-10 13:42:00,2338.03495224337,0.0016921592428044744
2020-04-10 13:43:00,2340.927392966649,0.0017177081719647919
2020-04-10 13:44:00,2336.115307097825,0.001728305575691831
2020-04-10 13:45:00,2341.4492334596584,0.0017630805882937332
2020-04-10 13:46:00,2341.1857264553346,0.0017138645703599607
2020-04-10 13:47:00,2338.16135099095,0.0016914485329535063
2020-04-10 13:48:00,2333.506973883448,0.0017135242449764071
2020-04-10 13:49:00,2332.2552929380618,0.0017774758652147394
2020-04-10 13:50:00,2327.669841159563,0.0017747183556164692
2020-04-10 13:51:00,2329.0735680781063,0.0017848345272697525
2020-04-10 13:52:00,2328.1571546963637,0.0018033620189128066
2020-04-10 13:53:00,2326.8641227609687,0.0017713341951399284
2020-04-10 13:54:00,2311.4038440828476,0.001842234446117474
2020-04-10 13:55:00,2319.9691946857533,0.0018523183729527832
2020-04-10 13:56:00,2315.32227817055,0.0018781478584563524
2020-04-10 13:57:00,2313.7771262429696,0.001855529688933164
2020-04-10 13:58:00,2320.8818781985547,0.0018885646309338053
2020-04-10 13:59:00,2327.933885735767,0.0019128042553015982
2020-04-10 14:00:00,2325.1784995366365,0.0019033387082956809
2020-04-10 14:01:00,2319.9277493466975,0.0019889033176912017
2020-04-10 14:02:00,2314.4053782173164,0.001984872890000304
2020-04-10 14:03:00,2312.2300111038176,0.001960461062108654
2020-04-10 14:04:00,2307.823678300769,0.002008067562654418
2020-04-10 14:05:00,2308.7289272894,0.0020241157443321145
2020-04-10 14:06:00,2314.8325492552317,0.0020628797851721483
2020-04-10 14:07:00,2323.6077094506695,0.002002286465771431
2020-04-10 14:08:00,2331.450973807134,0.0020470284897870354
2020-04-10 14:09:00,2324.5191642469003,0.0020589932643647127
2020-04-10 14:10:00,2327.6549685660434,0.002152338257333946
2020-04-10 14:11:00,2321.257747592967,0.0021012930357518556
2020-04-10 14:12:00,2320.4225338654314,0.002099190023401448
2020-04-10 14:13:00,2320.545392983759,0.0020579834546529687
2020-04-10 14:14:00,2314.7461099377183,0.0021010557475494586
2020-04-10 14:15:00,2319.9094853139527,0.0020542246622539833
2020-04-10 14:16:00,2309.4470196065545,0.001984830020602462
2020-04-10 14:17:00,2303.615395330009,0.001973924468247719
2020-04-10 14:18:00,2305.83812748078,0.0019179650907282283
2020-04-10 14:19:00,2310.260751012616,0.001950768675780285
2020-04-10 14:20:00,2307.359251414416,0.001990651117425132
2020-04-10 14:21:00,2301.3652868700497,0.0018998423703086842
2020-04-10 14:22:00,2298.895385673396,0.0018918175026992172
2020-04-10 14:23:00,2295.930303919083,0.0018434646460851502
2020-04-10 14:24:00,2300.982059359467,0.0018766147669522408
2020-04-10 14:25:00,2304.0227717692032,0.0019285914459537571
2020-04-10 14:26:00,2304.140730625739,0.001910387029071992
2020-04-10 14:27:00,2305.1892285878366,0.0019029758481767874
2020-04-10 14:28:00,2303.505849999517,0.0018975604938173303
2020-04-10 14:29:00,2312.6105801843146,0.0018815702299731173
2020-04-10 14:30:00,2308.4118563544853,0.0018899224757700614
2020-04-10 14:31:00,2306.3237622634915,0.0019056247412316458
2020-04-10 14:32:00,2297.675365773278,0.00192735371926708
2020-04-10 14:33:00,2304.0517734438586,0.00197075943648386
2020-04-10 14:34:00,2305.574221770049,0.0019799261123635103
2020-04-10 14:35:00,2303.775645722296,0.002007485649298102
2020-04-10 14:36:00,2300.6527518245134,0.002017370369017975
2020-04-10 14:37:00,2291.6491682177875,0.0020566000189401763
2020-04-10 14:38:00,2290.57259450129,0.0021154997058460503
2020-04-10 14:39:00,2292.1652413009583,0.0020946059877332743
2020-04-10 14:40:00,2292.0259958733136,0.002115525171472509
2020-04-10 14:41:00,2289.1126462857146,0.0020850853556809317
2020-04-10 14:42:00,2281.66631652493,0.002138914720322628
2020-04-10 14:43:00,2282.644276280223,0.0021261815008946712
2020-04-10 14:44:00,2276.772163330423,0.0020913917662885705
2020-04-10 14:45:00,2276.906431119101,0.0021162819579555333
2020-04-10 14:46:00,2276.62263445601,0.0021163652105886
2020-04-10 14:47:00,2280.936684502484,0.002119366330168725
2020-04-10 14:48:00,2284.1449236583126,0.0021409807397139097
2020-04-10 14:49:00,2280.660726418326,0.002150254764326415
2020-04-10 14:50:00,2275.596905990761,0.002075397824717613
2020-04-10 14:51:00,2282.6156469279476,0.002027880661971863
2020-04-10 14:52:00,2279.477320640986,0.0020616738731108345
2020-04-10 14:53:00,2275.5700625007316,0.0020297128302835085
2020-04-10 14:54:00,2276.7970067658866,0.0020206348222205506
2020-04-10 14:55:00,2275.229194774311,0.0019990378392664983
2020-04-10 14:56:00,2277.674766880209,0.002004797976497006
2020-04-10 14:57:00,2275.712166262684,0.0020075844664170237
2020-04-10 14:58:00,2272.259668953951,0.00201997544795987
2020-04-10 14:59:00,2267.7321936430294,0.0020131811293887013
2020-04-10 15:00:00,2267.7582676712204,0.0020369893504497416
2020-04-10 15:01:00,2268.9081081885047,0.0020780460124878515
2020-04-10 15:02:00,2269.427696579756,0.0021350143991057174
2020-04-10 15:03:00,2270.8181201172215,0.002194613481865992
2020-04-10 15:04:00,2275.036035975919,0.002238332971187559
2020-04-10 15:05:00,2276.390102773002,0.0022138612472915285
2020-04-10 15:06:00,2281.886339302186,0.002237356469040273
2020-04-10 15:07:00,2277.194596537914,0.002214850619763163
2020-04-10 15:08:00,2271.66750523168,0.0021888475754496496
2020-04-10 15:09:00,2263.583298295993,0.0021475709368842214
2020-04-10 15:10:00,2266.1058295206385,0.002152485158704645
2020-04-10 15:11:00,2262.351893694269,0.0021455037502378454
2020-04-10 15:12:00,2262.9888511365652,0.0021564633844423867
2020-04-10 15:13:00,2263.4282306257664,0.002134479558925921
2020-04-10 15:14:00,2262.2800693605855,0.002106972834438031
2020-04-10 15:15:00,2265.062244020623,0.00212192847398301
2020-04-10 15:16:00,2258.1983304652977,0.002078566116891044
2020-04-10 15:17:00,2264.040749565306,0.002100910247145336
2020-04-10 15:18:00,2255.600975458791,0.0020578594439844334
2020-04-10 15:19:00,2255.2314747810246,0.0020310746723174143
2020-04-10 15:20:00,2261.408878826375,0.0020201109431442015
2020-04-10 15:21:00,2257.658062474113,0.0020591022221093415
2020-04-10 15:22:00,2256.064199739818,0.002090099626915363
2020-04-10 15:23:00,2256.3924573373356,0.002060164657047916
2020-04-10 15:24:00,2251.849843065782,0.0020607081472046075
2020-04-10 15:25:00,2244.561087262971,0.001999923289799714
2020-04-10 15:26:00,2246.230215261624,0.00204052850876835
2020-04-10 15:27:00,2255.941205201684,0.0020295510340296074
2020-04-10 15:28:00,2256.5861910615004,0.002038711757454943
2020-04-10 15:29:00,2267.0146182670014,0.0021059980663925212
2020-04-10 15:30:00,2264.573147746104,0.002101885805666279
2020-04-10 15:31:00,2272.15839267583,0.002061673532965109
2020-04-10 15:32:00,2267.386235413051,0.0020911954183935443
2020-04-10 15:33:00,2263.22699996369,0.002057505520540089
2020-04-10 15:34:00,2267.273912656132,0.002061713915098031
2020-04-10 15:35:00,2272.539330104565,0.002114557361878826
2020-04-10 15:36:00,2277.406463691522,0.0020619408281632935
2020-04-10 15:37:00,2286.8424492744316,0.002056454112288896
2020-04-10 15:38:00,2293.209137891733,0.002089502183990491
2020-04-10 15:39:00,2288.1846398035414,0.0020647711188744363
2020-04-10 15:40:00,2289.235788237897,0.002016346832965352
2020-04-10 15:41:00,2293.520438350003,0.002027325904250744
2020-04-10 15:42:00,2292.374891955591,0.002042745398379956
2020-04-10 15:43:00,2293.354431508919,0.0019906418440741778
2020-04-10 15:44:00,2291.533424373533,0.0019567020981475177
2020-04-10 15:45:00,2290.106111017981,0.0019919523428882217
2020-04-10 15:46:00,2289.0011503906185,0.0020089027089198468
2020-04-10 15:47:00,2285.2282292466357,0.002096368493111281
2020-04-10 15:48:00,2284.3225167102273,0.0021081834770968013
2020-04-10 15:49:00,2285.4817361074192,0.0021311570369931107
2020-04-10 15:50:00,2291.5773354206203,0.0021955536158311762
2020-04-10 15:51:00,2285.525189462831,0.0022312661513948354
2020-04-10 15:52:00,2287.7949733738415,0.002210499211186141
2020-04-10 15:53:00,2292.643460283606,0.0022086605635235896
2020-04-10 15:54:00,2285.5547815426457,0.0021983875648039822
2020-04-10 15:55:00,2288.1859245332757,0.0022133131183948896
2020-04-10 15:56:00,2276.5963711815807,0.002208356384492214
2020-04-10 15:57:00,2274.6143405620255,0.0022013666552294395
2020-04-10 15:58:00,2266.9398422747854,0.0021515673290681244
2020-04-10 15:59:00,2258.6379184718207,0.0021738806406350415
2020-04-10 16:00:00,2253.0118724763747,0.0021475764427261726
2020-04-10 16:01:00,2248.4955302816493,0.0020994063222179956
2020-04-10 16:02:00,2250.7777664844593,0.002119414679714149
2020-04-10 16:03:00,2253.9562326348246,0.0021142802591251437
2020-04-10 16:04:00,2260.2379238245685,0.0021293643940532266
2020-04-10 16:05:00,2260.7436663562466,0.002150227836874027
2020-04-10 16:06:00,2255.6594965060494,0.0020825949812820596
2020-04-10 16:07:00,2252.679378590865,0.002097701482696781
2020-04-10 16:08:00,2252.8079047540773,0.0020832923356049016
2020-04-10 16:09:00,2255.6228235616595,0.0020677536549978215
2020-04-10 16:10:00,2253.7413504607684,0.0019484463382957843
2020-04-10 16:11:00,2251.701011011626,0.0019901439734522374
2020-04-10 16:12:00,2244.6394041235735,0.0019290478556956581
2020-04-10 16:13:00,2245.936531670303,0.001917735958892303
2020-04-10 16:14:00,2239.594532256505,0.0019484927840569106
2020-04-10 16:15:00,2239.237837370892,0.002023226721114012
2020-04-10 16:16:00,2233.4686447707136,0.0020046933784623167
2020-04-10 16:17:00,2223.9168165841174,0.0020371485029909387
2020-04-10 16:18:00,2229.6209564683327,0.00201677561210583
2020-04-10 16:19:00,2229.7201432804422,0.002051609503904821
2020-04-10 16:20:00,2225.0877910411523,0.002072201261322786
2020-04-10 16:21:00,2224.825560886239,0.0021010877392103893
2020-04-10 16:22:00,2227.86696086785,0.0021257100155476706
2020-04-10 16:23:00,2230.6116298580555,0.002128455305657591
2020-04-10 16:24:00,2229.0700603141067,0.002165037327534473
2020-04-10 16:25:00,2227.200692370388,0.0021946859741616433
2020-04-10 16:26:00,2228.862383808343,0.0021831466230831397
2020-04-10 16:27:00,2222.6055738202986,0.002207010518322225
2020-04-10 16:28:00,2226.5474480752528,0.002263734325931557
2020-04-10 16:29:00,2223.115866018887,0.002218731030698641
2020-04-10 16:30:00,2224.6584490054634,0.002179162829407197
2020-04-10 16:31:00,2229.880675327692,0.0021973912332445417
2020-04-10 16:32:00,2238.0448827084497,0.002154284685525919
2020-04-10 16:33:00,2232.4362766783834,0.0021296856129171893
2020-04-10 16:34:00,2227.402434424984,0.0021711412301243164
2020-04-10 16:35:00,2228.412292785961,0.002218191073522565
2020-04-10 16:36:00,2226.2903877488666,0.0022610230686625
2020-04-10 16:37:00,2223.9649436982077,0.0022396929865460672
2020-04-10 16:38:00,2216.414146416855,0.002264571204429284
2020-04-10 16:39:00,2213.064416847886,0.0022538602028908733
2020-04-10 16:40:00,2216.061466575496,0.0022706682628624046
2020-04-10 16:41:00,2218.410479205853,0.002191642013847632
2020-04-10 16:42:00,2213.370599961726,0.0022359934038118233
2020-04-10 16:43:00,2210.0264031979323,0.0022584722683577493
2020-04-10 16:44:00,2206.181694267765,0.0022691983636018817
2020-04-10 16:45:00,2203.2708431295387,0.0023186888306534164
2020-04-10 16:46:00,2204.2206459417557,0.002292362721828762
2020-04-10 16:47:00,2213.4180201133713,0.00230603729701319
2020-04-10 16:48:00,2216.41506750447,0.0022491479321094837
2020-04-10 16:49:00,2227.612568007176,0.0022227395396677593
2020-04-10 16:50:00,2224.8308235181275,0.0022043997194518676
2020-04-10 16:51:00,2221.4326081581553,0.0021809373418250903
2020-04-10 16:52:00,2217.277123233854,0.0022286533949791108
2020-04-10 16:53:00,2216.8988985917813,0.0022765605049549593
2020-04-10 16:54:00,2215.860282916807,0.002264939441132209
2020-04-10 16:55:00,2222.6877608576497,0.002273574737093456
2020-04-10 16:56:00,2234.9575556199775,0.002217654508692609
2020-04-10 16:57:00,2238.9625102998402,0.002178396143612855
2020-04-10 16:58:00,2233.695205420762,0.002199630918649117
2020-04-10 16:59:00,2230.533859045378,0.002257911987215055
2020-04-10 17:00:00,2222.2063770373657,0.0021938290637250365
2020-04-10 17:01:00,2217.206548100009,0.002207903322707204
2020-04-10 17:02:00,2216.236271731354,0.0022357183577947975
2020-04-10 17:03:00,2214.851717481851,0.0022861489869674227
2020-04-10 17:04:00,2216.658702821008,0.002247536672661076
2020-04-10 17:05:00,2220.0686588139724,0.0022588986339591804
2020-04-10 17:06:00,2229.1558108543863,0.0022364391264836974
2020-04-10 17:07:00,2231.919663504403,0.002254966889660792
2020-04-10 17:08:00,2223.87429554605,0.002210636240255656
2020-04-10 17:09:00,2222.632732935291,0.0022004776617677766
2020-04-10 17:10:00,2216.4927789444355,0.002211514931529764
2020-04-10 17:11:00,2212.994116499696,0.002174001806194435
2020-04-10 17:12:00,2215.5825082566535,0.0021228967395913764
2020-04-10 17:13:00,2215.592129476832,0.0021360509748620557
2020-04-10 17:14:00,2216.28244380951,0.0021648251275510526
2020-04-10 17:15:00,2216.205696760269,0.0020567175370347804
2020-04-10 17:16:00,2217.332965969659,0.002100995271109707
2020-04-10 17:17:00,2213.66206951014,0.002095217058646455
2020-04-10 17:18:00,2213.458652722903,0.0020461894491584586
2020-04-10 17:19:00,2210.1480601052963,0.002034180790918371
2020-04-10 17:20:00,2215.865677372025,0.0020201486234922724
2020-04-10 17:21:00,2216.4202851129717,0.00206249441936116
2020-04-10 17:22:00,2223.6928345205188,0.0020192380572487015
2020-04-10 17:23:00,2228.1676045564914,0.002032403243293412
2020-04-10 17:24:00,2221.680710968864,0.002060900397939071
2020-04-10 17:25:00,2218.3571308626915,0.001983968885149678
2020-04-10 17:26:00,2214.8645731726715,0.0019859539952104617
2020-04-10 17:27:00,2213.9611308481517,0.0019771843583517375
2020-04-10 17:28:00,2216.9173793968534,0.0020515136539195652
2020-04-10 17:29:00,2218.080168752234,0.0021314373404098365
2020-04-10 17:30:00,2228.277410477554,0.0021192274276180733
2020-04-10 17:31:00,2225.2743735485133,0.0021132110547547643
2020-04-10 17:32:00,2231.178661458273,0.002157998618649369
2020-04-10 17:33:00,2230.172911217915,0.0021808575726303516
2020-04-10 17:34:00,2231.580069640813,0.0021635343299729586
2020-04-10 17:35:00,2230.4309735554266,0.0021825983084732743
2020-04-10 17:36:00,2226.454011322603,0.0022059623227294748
2020-04-10 17:37:00,2230.487434936001,0.0021878342411170244
2020-04-10 17:38:00,2237.4595097208194,0.002138627833288043
2020-04-10 17:39:00,2238.630125175326,0.0021293193096326084
2020-04-10 17:40:00,2237.9263999960376,0.0020983982384001044
2020-04-10 17:41:00,2237.658510613892,0.0021104523907752217
2020-04-10 17:42:00,2239.3663563670025,0.002126980692339835
2020-04-10 17:43:00,2241.328653583509,0.0020807088012542957
2020-04-10 17:44:00,2243.267365615797,0.002103483850867558
2020-04-10 17:45:00,2243.906050121396,0.0021111342974343113
2020-04-10 17:46:00,2240.046886416502,0.002024258854971155
2020-04-10 17:47:00,2244.474445221069,0.002036536519320927
2020-04-10 17:48:00,2247.2176013642884,0.00200355976503564
2020-04-10 17:49:00,2252.073472270204,0.001971714883947364
2020-04-10 17:50:00,2255.6091636508645,0.001971349557011811
2020-04-10 17:51:00,2257.7908472216623,0.0019351189228344887
2020-04-10 17:52:00,2255.381577104766,0.0019210603118449583
2020-04-10 17:53:00,2255.4476965876584,0.0019352958412914409
2020-04-10 17:54:00,2261.7058337242797,0.0019173945440772978
2020-04-10 17:55:00,2264.078098353098,0.0019003560496790594
2020-04-10 17:56:00,2264.330614654436,0.0019348787262067624
2020-04-10 17:57:00,2260.2713304504946,0.0019257530797443148
2020-04-10 17:58:00,2267.357859479382,0.0019576102324439845
2020-04-10 17:59:00,2271.876775242472,0.001919984583659738
2020-04-10 18:00:00,2273.9379070945324,0.0018441543112381422
2020-04-10 18:01:00,2275.2037692242825,0.0018408250208860534
2020-04-10 18:02:00,2271.0332996332977,0.0018353572981255428
2020-04-10 18:03:00,2272.1362573928823,0.0017865951235758089
2020-04-10 18:04:00,2262.1249764002173,0.0018473450359897943
2020-04-10 18:05:00,2264.007173414371,0.0017898543284984626
2020-04-10 18:06:00,2264.6617323012456,0.0018598248133832
2020-04-10 18:07:00,2261.7677963513174,0.0018461602828163154
2020-04-10 18:08:00,2265.038067640512,0.0018062118146703137
2020-04-10 18:09:00,2267.029968274248,0.0018008375327588368
2020-04-10 18:10:00,2263.173157112198,0.0017872694564363047
2020-04-10 18:11:00,2260.9357795310407,0.001842448514486093
2020-04-10 18:12:00,2258.8965734329054,0.0018215134848648933
2020-04-10 18:13:00,2253.473377947965,0.001817512213963875
2020-04-10 18:14:00,2254.879057362796,0.001846299905621644
2020-04-10 18:15:00,2256.08387197643,0.0018195859853951683
2020-04-10 18:16:00,2258.807840724,0.0018438608642523573
2020-04-10 18:17:00,2258.6863276243785,0.0018458195323642836
2020-04-10 18:18:00,2259.6648399536134,0.0018091062825768556
2020-04-10 18:19:00,2265.741560317927,0.0019160243296255158
2020-04-10 18:20:00,2267.397132348589,0.0018493124747528487
2020-04-10 18:21:00,2275.6942356299774,0.001889887095764168
2020-04-10 18:22:00,2282.025676787493,0.0018938149437223788
2020-04-10 18:23:00,2281.3501147123143,0.0019149582862488985
2020-04-10 18:24:00,2283.2967625866054,0.0019046420510945524
2020-04-10 18:25:00,2281.354304332441,0.0018287657796632391
2020-04-10 18:26:00,2279.108421939328,0.0017950464652674305
2020-04-10 18:27:00,2276.329360145642,0.0018401564886718505
2020-04-10 18:28:00,2277.7430333387465,0.0018041953371797659
2020-04-10 18:29:00,2280.330697305533,0.0017916515854907215
2020-04-10 18:30:00,2280.2370421176656,0.001770057086943137
2020-04-10 18:31:00,2281.5715295480154,0.0018061947860834482
2020-04-10 18:32:00,2284.411921474482,0.0018384492057183226
2020-04-10 18:33:00,2283.955099534645,0.0018261335561799606
2020-04-10 18:34:00,2280.608516349643,0.0018379800291182065
2020-04-10 18:35:00,2279.4804620809,0.001804228072572132
2020-04-10 18:36:00,2280.661796102586,0.0018133212794078698
2020-04-10 18:37:00,2281.4590787010948,0.0018163332574356128
2020-04-10 18:38:00,2284.5287569800435,0.0017770464831987705
2020-04-10 18:39:00,2289.3905558086612,0.0017650275036767264
2020-04-10 18:40:00,2286.4269826948907,0.0018191159215031857
2020-04-10 18:41:00,2283.863389765004,0.001820868110559902
2020-04-10 18:42:00,2277.9016808606557,0.0018242441157567321
2020-04-10 18:43:00,2275.1325573394893,0.0018322780050995307
2020-04-10 18:44:00,2273.2051604556623,0.0018722160896838553
2020-04-10 18:45:00,2275.696649109129,0.0018340242124424973
2020-04-10 18:46:00,2280.7306805533394,0.00189930160346481
2020-04-10 18:47:00,2275.6662819460494,0.0018287115158445737
2020-04-10 18:48:00,2267.5794768941882,0.0017657685497547895
2020-04-10 18:49:00,2266.46506465737,0.0017050590260955546
2020-04-10 18:50:00,2262.5597610260984,0.001669201408242629
2020-04-10 18:51:00,2258.6703559443363,0.0016910543382960878
2020-04-10 18:52:00,2259.1310597794977,0.001745148041794026
2020-04-10 18:53:00,2261.9135046783817,0.0017053837081809928
2020-04-10 18:54:00,2264.0693855362565,0.0016900320420367612
2020-04-10 18:55:00,2270.3492873618334,0.001633985126456179
2020-04-10 18:56:00,2271.672085373017,0.0015788416001104812
2020-04-10 18:57:00,2272.728401016972,0.0014841179721621313
2020-04-10 18:58:00,2268.7168597293494,0.001435479564061915
2020-04-10 18:59:00,2268.916295659109,0.001411943529936406
2020-04-10 19:00:00,2271.794676274764,0.0014049309902609
2020-04-10 19:01:00,2269.8654348247587,0.0013845404234118805
2020-04-10 19:02:00,2270.1414084098024,0.0014155199035544603
2020-04-10 19:03:00,2273.40503687589,0.0014624340235975478
2020-04-10 19:04:00,2275.944976214087,0.0014102750876808282
2020-04-10 19:05:00,2279.7514263654457,0.0014551439217362786
2020-04-10 19:06:00,2283.483915382809,0.001412129540214215
2020-04-10 19:07:00,2283.7105146902027,0.001460732239080449
2020-04-10 19:08:00,2276.23857074685,0.0014844833257306985
2020-04-10 19:09:00,2277.4507512493756,0.001480199983276905
2020-04-10 19:10:00,2276.6864454411952,0.0014519684116119185
2020-04-10 19:11:00,2274.874647816556,0.001497685080180687
2020-04-10 19:12:00,2270.6294911509926,0.0014832385324035865
2020-04-10 19:13:00,2270.1476489594343,0.0014301465692373126
2020-04-10 19:14:00,2267.456493798325,0.0014109885588577775
2020-04-10 19:15:00,2269.6294393195994,0.001359875358323617
2020-04-10 19:16:00,2267.5815803907,0.001340294546279609
2020-04-10 19:17:00,2268.8388724385873,0.0013708254022579273
2020-04-10 19:18:00,2276.514925510092,0.001399482157547284
2020-04-10 19:19:00,2273.2619585084394,0.0014919805027110119
2020-04-10 19:20:00,2271.0140715391803,0.001375784607640125
2020-04-10 19:21:00,2269.544834496861,0.0014474543594475931
2020-04-10 19:22:00,2269.738362827539,0.0013592139459049956
2020-04-10 19:23:00,2267.2163304700916,0.0013021374721312528
2020-04-10 19:24:00,2269.166904684989,0.0012900176451538306
2020-04-10 19:25:00,2265.878068053022,0.001345470268979928
2020-04-10 19:26:00,2264.4851764303858,0.001353624584130622
2020-04-10 19:27:00,2261.242225761086,0.0013427201063838082
2020-04-10 19:28:00,2261.81873116673,0.001376156837388912
2020-04-10 19:29:00,2255.7302678843016,0.001423742836252287
2020-04-10 19:30:00,2261.398575158142,0.0014055272325192093
2020-04-10 19:31:00,2256.6222734988764,0.0014196708844127943
2020-04-10 19:32:00,2257.414478153161,0.0014253090788515785
2020-04-10 19:33:00,2261.1926788642045,0.0014185905689359317
2020-04-10 19:34:00,2260.59692004837,0.0014938430896729662
2020-04-10 19:35:00,2261.5060860022445,0.0015025501386524197
2020-04-10 19:36:00,2263.4481658901655,0.001415209568046992
2020-04-10 19:37:00,2265.364717808403,0.0013519559420325517
2020-04-10 19:38:00,2263.4211097940924,0.0013646041599101881
2020-04-10 19:39:00,2266.376319980543,0.001353608537914699
2020-04-10 19:40:00,2262.053696504418,0.0013637068311109217
2020-04-10 19:41:00,2258.126851496818,0.0014004523648632043
2020-04-10 19:42:00,2262.180424149889,0.0014168387199331185
2020-04-10 19:43:00,2260.9100890503896,0.001366665880690491
2020-04-10 19:44:00,2261.7790480494173,0.0013809490876659598
2020-04-10 19:45:00,2261.1044949284064,0.0013508731401494054
2020-04-10 19:46:00,2261.547366043191,0.0012679663316778145
2020-04-10 19:47:00,2262.566467243867,0.0012616870885494389
2020-04-10 19:48:00,2263.205059579248,0.0012732187955930485
2020-04-10 19:49:00,2269.472738302655,0.0012691674343791872
2020-04-10 19:50:00,2269.531946513535,0.0013076694447364103
2020-04-10 19:51:00,2265.234507466495,0.0012914887507677326
2020-04-10 19:52:00,2263.1926508083384,0.0012741672208970963
2020-04-10 19:53:00,2267.407356586234,0.0012686409391631792
2020-04-10 19:54:00,2271.809165996873,0.0012629626609657037
2020-04-10 19:55:00,2271.022983965311,0.0012330917848382551
2020-04-10 19:56:00,2269.0471802450966,0.0012777784319263023
2020-04-10 19:57:00,2276.26614044232,0.001241608845639368
2020-04-10 19:58:00,2279.431467623535,0.0012400395547691294
2020-04-10 19:59:00,2281.0036183953302,0.001212010496640489
2020-04-13 13:30:00,2296.7242530085255,0.0012074541391453864
2020-04-13 13:31:00,2298.2165214437805,0.0012178391908558332
2020-04-13 13:32:00,2296.2619314060717,0.0012384695802237014
2020-04-13 13:33:00,2297.4883502449256,0.0012530095386407546
2020-04-13 13:34:00,2301.297738471266,0.0013289487891287534
2020-04-13 13:35:00,2301.4138583355375,0.0013152850321083618
2020-04-13 13:36:00,2297.011610737468,0.0013180038623022566
2020-04-13 13:37:00,2297.4720245523,0.0012779931492049239
2020-04-13 13:38:00,2299.1481159307764,0.0012724421550502538
2020-04-13 13:39:00,2298.723155804084,0.0013046155558152789
2020-04-13 13:40:00,2296.0676325496966,0.0012750103587966858
2020-04-13 13:41:00,2291.8873337932637,0.001366699781943873
2020-04-13 13:42:00,2294.5797456070713,0.0013671932060072747
2020-04-13 13:43:00,2298.934010007592,0.0013821973361223476
2020-04-13 13:44:00,2300.725296555764,0.0013890831703218787
2020-04-13 13:45:00,2297.4155190053425,0.0013693794674668476
2020-04-13 13:46:00,2299.5909834797812,0.0013724521493531962
2020-04-13 13:47:00,2302.5662758273415,0.0014309675289525927
2020-04-13 13:48:00,2303.477136286715,0.001415986959403373
2020-04-13 13:49:00,2299.6668445142254,0.0014103649088549135
2020-04-13 13:50:00,2299.366574839969,0.0014051002626875085
2020-04-13 13:51:00,2303.2549445664226,0.001395409788434944
2020-04-13 13:52:00,2304.2245193678787,0.0014188795150805466
2020-04-13 13:53:00,2308.7701557386627,0.0014371026461755213
2020-04-13 13:54:00,2314.0280358570026,0.0014418723333224463
2020-04-13 13:55:00,2318.526821295918,0.0014127991321279281
2020-04-13 13:56:00,2320.9611788909397,0.0014006438302048528
2020-04-13 13:57:00,2317.533903909022,0.001378986578525076
2020-04-13 13:58:00,2316.1313015088735,0.0013653145027580243
2020-04-13 13:59:00,2311.329241478029,0.0014104284796651531
2020-04-13 14:00:00,2312.9127527375335,0.001400340221056278
2020-04-13 14:01:00,2306.7468177186965,0.0014212960834310902
2020-04-13 14:02:00,2301.0254366084473,0.0014044736890534008
2020-04-13 14:03:00,2302.709787303516,0.0014424023598416534
2020-04-13 14:04:00,2308.30978955133,0.0013939740344721676
2020-04-13 14:05:00,2311.202154662516,0.0013800470921873265
2020-04-13 14:06:00,2310.4974881377307,0.0014034385229483777
2020-04-13 14:07:00,2313.0366784767057,0.0014003826248626446
2020-04-13 14:08:00,2311.1460480407904,0.0014150008511884782
2020-04-13 14:09:00,2308.9303623208834,0.0013578285395165674
2020-04-13 14:10:00,2308.380839287017,0.001407544992963834
2020-04-13 14:11:00,2307.392978546734,0.0013509603596889913
2020-04-13 14:12:00,2310.802543862426,0.001338105582972353
2020-04-13 14:13:00,2310.9817070344025,0.0012474894220475185
2020-04-13 14:14:00,2307.759083127819,0.0012715059504436108
2020-04-13 14:15:00,2307.0870485872933,0.0013303119507037553
2020-04-13 14:16:00,2304.8240742700004,0.001308130885802798
2020-04-13 14:17:00,2302.443698074205,0.0012937740411942604
2020-04-13 14:18:00,2302.7048688790037,0.0013041255173832607
2020-04-13 14:19:00,2305.570946151316,0.0013097151479684473
2020-04-13 14:20:00,2304.5333578815353,0.0012723050635983057
2020-04-13 14:21:00,2306.372110689392,0.0013141170564740486
2020-04-13 14:22:00,2305.5234469285556,0.0013652843798196966
2020-04-13 14:23:00,2304.7680473930627,0.0014178648412215174
2020-04-13 14:24:00,2301.3127045866454,0.0013804484458358299
2020-04-13 14:25:00,2300.62004995576,0.0014408656920605549
2020-04-13 14:26:00,2298.8704004605274,0.001490087274087906
2020-04-13 14:27:00,2302.2996385505858,0.0014711032482976852
2020-04-13 14:28:00,2300.7707337079005,0.0013868704956133114
2020-04-13 14:29:00,2302.0253632614154,0.0014427906107992178
2020-04-13 14:30:00,2300.521192116268,0.0014050314117768925
2020-04-13 14:31:00,2299.873924731332,0.0013666604043526505
2020-04-13 14:32:00,2300.8199527405727,0.0013820771581604927
2020-04-13 14:33:00,2300.403179190434,0.0014123812323916859
2020-04-13 14:34:00,2302.605107203882,0.0014060147630853559
2020-04-13 14:35:00,2304.5125455252833,0.0014367156660131785
2020-04-13 14:36:00,2305.278336272006,0.0014137389546753387
2020-04-13 14:37:00,2304.985759628846,0.0013662299198021236
2020-04-13 14:38:00,2301.1048308931418,0.001458263073130687
2020-04-13 14:39:00,2302.432939663668,0.0014242157614926046
2020-04-13 14:40:00,2299.9846113104554,0.0013354754267173854
2020-04-13 14:41:00,2300.75216223628,0.001342419852128778
2020-04-13 14:42:00,2303.268760130245,0.001299439343647033
2020-04-13 14:43:00,2302.099948150216,0.0012945615384906673
2020-04-13 14:44:00,2296.903958830065,0.0012718508711537257
2020-04-13 14:45:00,2296.3619961430636,0.0012750659492946534
2020-04-13 14:46:00,2295.738357702064,0.0012619048829603662
2020-04-13 14:47:00,2294.91188481556,0.0012512059836861595
2020-04-13 14:48:00,2296.2655189264124,0.0011462498024844099
2020-04-13 14:49:00,2291.0146216461817,0.001133970209025428
2020-04-13 14:50:00,2285.9456886526477,0.0011895427970154409
2020-04-13 14:51:00,2284.4464384258163,0.0011919361328873229
2020-04-13 14:52:00,2281.6227904879765,0.001248615384117771
2020-04-13 14:53:00,2279.837105146358,0.001290708075600041
2020-04-13 14:54:00,2283.414455035081,0.0012788020809096443
2020-04-13 14:55:00,2287.6905175020825,0.0012960065804902706
2020-04-13 14:56:00,2283.1564405955583,0.0013130796567453649
2020-04-13 14:57:00,2283.403051741087,0.001279716706796576
2020-04-13 14:58:00,2286.015695644358,0.0012812187356101212
2020-04-13 14:59:00,2285.2393627855154,0.0013389998805830093
2020-04-13 15:00:00,2284.546456593703,0.0012543136325938716
2020-04-13 15:01:00,2281.7518676723575,0.0013102645361100914
2020-04-13 15:02:00,2282.3623335083175,0.001259023601237245
2020-04-13 15:03:00,2279.076875286675,0.0012292416285036927
2020-04-13 15:04:00,2278.9427909399333,0.0011776691304342234
2020-04-13 15:05:00,2281.3020017970302,0.001230741145650502
2020-04-13 15:06:00,2281.9624238362962,0.0013014036513043128
2020-04-13 15:07:00,2282.447238993872,0.001262165024186998
2020-04-13 15:08:00,2283.362389033103,0.0012921239103464057
2020-04-13 15:09:00,2283.3882783580693,0.0012560925011632256
2020-04-13 15:10:00,2282.8674866340903,0.001283054927040386
2020-04-13 15:11:00,2283.2992855387706,0.0013131842595621496
2020-04-13 15:12:00,2284.598281162245,0.0013188495686283254
2020-04-13 15:13:00,2285.7409598056947,0.0013625980927319628
2020-04-13 15:14:00,2289.685378759858,0.0013851246571481486
2020-04-13 15:15:00,2291.7415750480695,0.0013937057664514007
2020-04-13 15:16:00,2288.4772120546263,0.001357358803072915
2020-04-13 15:17:00,2286.868159107137,0.0013666651068057324
2020-04-13 15:18:00,2290.5236957262546,0.001344135775973639
2020-04-13 15:19:00,2291.699585520377,0.0013216343581615847
2020-04-13 15:20:00,2298.7489245217685,0.0013413626127647452
2020-04-13 15:21:00,2298.996284071875,0.0012801859732734058
2020-04-13 15:22:00,2301.3072478848653,0.001255457763024197
2020-04-13 15:23:00,2305.4410092911794,0.0013180381344081618
2020-04-13 15:24:00,2305.8894238251264,0.0013270801685218898
2020-04-13 15:25:00,2305.365167800125,0.0013199501121177936
2020-04-13 15:26:00,2307.6530410854034,0.0013143202600370968
2020-04-13 15:27:00,2307.4564925288996,0.0013276404638554236
2020-04-13 15:28:00,2307.5775675564046,0.001334465783203748
2020-04-13 15:29:00,2304.4402672783294,0.001336060614576842
2020-04-13 15:30:00,2305.229454388859,0.0012772626545883166
2020-04-13 15:31:00,2308.754986123727,0.0012955477326199523
2020-04-13 15:32:00,2310.9759207285374,0.0012424633440950763
2020-04-13 15:33:00,2309.4344676717274,0.0012541519779927725
2020-04-13 15:34:00,2310.8152929683056,0.0011867171156119433
2020-04-13 15:35:00,2314.063986569486,0.0012009754806393876
2020-04-13 15:36:00,2313.0416012915334,0.0011786173720437622
2020-04-13 15:37:00,2306.6379444361337,0.0012590684233572311
2020-04-13 15:38:00,2308.7125128369476,0.001284465307643927
2020-04-13 15:39:00,2308.1585942517445,0.0012404055936767343
2020-04-13 15:40:00,2304.9046837198334,0.0011804121279110358
2020-04-13 15:41:00,2301.7262448631063,0.0011411151568937689
2020-04-13 15:42:00,2300.554817541669,0.0012038319862278024
2020-04-13 15:43:00,2298.438500214551,0.0011579350534055572
2020-04-13 15:44:00,2294.9647445552796,0.0010836877462563337
2020-04-13 15:45:00,2294.1336011268263,0.001083657961963004
2020-04-13 15:46:00,2291.736764156189,0.0010494144464717947
2020-04-13 15:47:00,2291.024403465814,0.0010479207644210485
2020-04-13 15:48:00,2294.8994253894084,0.0010322322448219905
2020-04-13 15:49:00,2295.662442207458,0.001038035530262648
2020-04-13 15:50:00,2293.6430330263915,0.0010679512837239295
2020-04-13 15:51:00,2296.7373559556772,0.0011027228011821924
2020-04-13 15:52:00,2293.7866369243834,0.0010854261345507807
2020-04-13 15:53:00,2290.834814306133,0.0010677981355201906
2020-04-13 15:54:00,2294.086455505414,0.0011226791939434296
2020-04-13 15:55:00,2294.431060907917,0.001107597421068631
2020-04-13 15:56:00,2295.398118948056,0.0011082794901179506
2020-04-13 15:57:00,2298.47380892622,0.0011520897532345058
2020-04-13 15:58:00,2300.811386876118,0.001181649991979353
2020-04-13 15:59:00,2294.651505547756,0.0012183930350868357
2020-04-13 16:00:00,2294.1736520537843,0.0012043759451122109
2020-04-13 16:01:00,2291.2437286747318,0.0012570616155933732
2020-04-13 16:02:00,2291.054024992235,0.0012993160360585394
2020-04-13 16:03:00,2288.670002832249,0.001348630300199898
2020-04-13 16:04:00,2286.830919006429,0.0013632056686952272
2020-04-13 16:05:00,2288.2930071718206,0.0013436183249601408
2020-04-13 16:06:00,2286.1956991898346,0.0013669740714922793
2020-04-13 16:07:00,2281.9446767718036,0.0014311348985637322
2020-04-13 16:08:00,2289.436789874596,0.001415437000043204
2020-04-13 16:09:00,2296.160623692952,0.0014878327531006703
2020-04-13 16:10:00,2291.572326675731,0.001477007545876246
2020-04-13 16:11:00,2294.9323455315025,0.0014853763505354436
2020-04-13 16:12:00,2294.0861574254563,0.0015867474861621014
2020-04-13 16:13:00,2297.854691427295,0.0015776799060864927
2020-04-13 16:14:00,2304.6361343377916,0.0015695426749022052
2020-04-13 16:15:00,2296.7198426156865,0.001529605571620513
2020-04-13 16:16:00,2302.4624960576766,0.0014892273919651007
2020-04-13 16:17:00,2304.658150514246,0.0015401035043661887
2020-04-13 16:18:00,2297.7926740848893,0.0015550010144507768
2020-04-13 16:19:00,2299.833829833521,0.001546894723037125
2020-04-13 16:20:00,2297.231039689258,0.0015611495377227949
2020-04-13 16:21:00,2295.561301787085,0.0015028269440344843
2020-04-13 16:22:00,2295.4809172675195,0.0014993940876444514
2020-04-13 16:23:00,2298.118293298174,0.001506801473871874
2020-04-13 16:24:00,2298.373189513896,0.0015503270047207635
2020-04-13 16:25:00,2297.9727918385624,0.0016161234109198417
2020-04-13 16:26:00,2297.4981999899273,0.0016075909912013726
2020-04-13 16:27:00,2295.6063050939015,0.0015753552451645441
2020-04-13 16:28:00,2301.3677483362458,0.0016089490671976879
2020-04-13 16:29:00,2303.5317800355188,0.0015658480102933086
2020-04-13 16:30:00,2304.038162445952,0.0016035308209380002
2020-04-13 16:31:00,2299.935904102639,0.0015759149486493057
2020-04-13 16:32:00,2301.697661232504,0.0014739520264595645
2020-04-13 16:33:00,2303.4996473608207,0.001459783994219596
2020-04-13 16:34:00,2303.208411111493,0.0014467730514515032
2020-04-13 16:35:00,2301.8935662058334,0.0013896400185811784
2020-04-13 16:36:00,2302.8669303204233,0.0012975328106197637
2020-04-13 16:37:00,2300.8574707585585,0.001266105241987432
2020-04-13 16:38:00,2303.2571157300276,0.0012446139609762889
2020-04-13 16:39:00,2306.6437543627244,0.0011985870031139337
2020-04-13 16:40:00,2309.702412226206,0.0011909119313300203
2020-04-13 16:41:00,2313.8935250677537,0.0011405713897085093
2020-04-13 16:42:00,2310.506904243202,0.001185302635908259
2020-04-13 16:43:00,2305.0030629036924,0.0011854960664335207
2020-04-13 16:44:00,2303.04151215722,0.001235820829297908
2020-04-13 16:45:00,2304.1094775682063,0.0012549824417461644
2020-04-13 16:46:00,2301.3053737550795,0.0012727994008015114
2020-04-13 16:47:00,2297.937711022013,0.0013123041212777969
2020-04-13 16:48:00,2292.822558823934,0.0014028710067568093
2020-04-13 16:49:00,2293.2578297285368,0.0013637201011734317
2020-04-13 16:50:00,2289.187203752622,0.0013372751406192044
2020-04-13 16:51:00,2288.1690258444414,0.0013519438272634246
2020-04-13 16:52:00,2294.4174549562713,0.0013201375990380862
2020-04-13 16:53:00,2298.3145851920967,0.0013738154296130591
2020-04-13 16:54:00,2298.397358420153,0.0013362620338772983
2020-04-13 16:55:00,2296.3943965874114,0.0013719555633910706
2020-04-13 16:56:00,2297.1364143375745,0.0013940323828376593
2020-04-13 16:57:00,2295.101505462114,0.0014030567331914507
2020-04-13 16:58:00,2296.0619891998685,0.001346415771307398
2020-04-13 16:59:00,2302.2604271198966,0.00128971813036201
2020-04-13 17:00:00,2299.128814876982,0.0012614307552982955
2020-04-13 17:01:00,2301.6479087822945,0.0013052491066896594
2020-04-13 17:02:00,2307.2778403002744,0.0012780614871151386
2020-04-13 17:03:00,2309.6102060199855,0.001184023323637057
2020-04-13 17:04:00,2313.612726100376,0.0011664508376673568
2020-04-13 17:05:00,2313.999584584295,0.001119338395408608
2020-04-13 17:06:00,2314.121115403274,0.0011021075249734783
2020-04-13 17:07:00,2315.221293536869,0.0011149692992297668
2020-04-13 17:08:00,2312.284564562958,0.00112836763581845
2020-04-13 17:09:00,2310.5658285010863,0.001183496613411442
2020-04-13 17:10:00,2306.475083602626,0.0012283240306727118
2020-04-13 17:11:00,2305.0113929724535,0.001251023576187217
2020-04-13 17:12:00,2303.2885617230763,0.0011275185193783336
2020-04-13 17:13:00,2305.174900246535,0.0011718192152453564
2020-04-13 17:14:00,2303.611764235491,0.0011788563182622677
2020-04-13 17:15:00,2308.1907395125704,0.0011838322277155533
2020-04-13 17:16:00,2309.5854006028303,0.0011455187485213776
2020-04-13 17:17:00,2311.0843096400404,0.0011395671684065693
2020-04-13 17:18:00,2313.0109055975536,0.001155766064841672
2020-04-13 17:19:00,2311.2642814208375,0.0011395400679387999
2020-04-13 17:20:00,2307.567846231074,0.0010737037149074786
2020-04-13 17:21:00,2309.6817427218502,0.0009406510656012844
2020-04-13 17:22:00,2313.275832803364,0.0008956496450360632
2020-04-13 17:23:00,2313.5547492163337,0.0009211921534208892
2020-04-13 17:24:00,2315.3442668882362,0.0009433538664770918
2020-04-13 17:25:00,2318.3211281683843,0.000937697371144919
2020-04-13 17:26:00,2318.833415179497,0.0009740830192711021
2020-04-13 17:27:00,2315.4679594236313,0.0009722937300047142
2020-04-13 17:28:00,2312.9801662399977,0.000981428808525173
2020-04-13 17:29:00,2312.8475367588585,0.0010032473301261953
2020-04-13 17:30:00,2312.2459623628574,0.000968244754791538
2020-04-13 17:31:00,2313.993478910343,0.0009707930284799166
2020-04-13 17:32:00,2312.43536365805,0.0009945426587521509
2020-04-13 17:33:00,2312.811294483578,0.0010002587075599338
2020-04-13 17:34:00,2308.3681163719248,0.0010072583770099992
2020-04-13 17:35:00,2307.2490276057442,0.0010347132286914664
2020-04-13 17:36:00,2308.6501576966234,0.001037751844632814
2020-04-13 17:37:00,2307.4558464463244,0.0010151055243893827
2020-04-13 17:38:00,2310.7371004509123,0.0010593407312583603
2020-04-13 17:39:00,2310.914425174121,0.0010426495521818084
2020-04-13 17:40:00,2307.432408310726,0.0010400563251538437
2020-04-13 17:41:00,2307.3228265751795,0.0010445146307030409
2020-04-13 17:42:00,2307.6126278774805,0.0009956112190844808
2020-04-13 17:43:00,2306.613765027491,0.0009911086610584624
2020-04-13 17:44:00,2302.3423566347733,0.0009483459609334016
2020-04-13 17:45:00,2304.7417460896454,0.0009881115645647338
2020-04-13 17:46:00,2300.9853433731937,0.000998079405535173
2020-04-13 17:47:00,2303.7845027115586,0.0010073878474086949
2020-04-13 17:48:00,2303.465741813911,0.0010740439970810805
2020-04-13 17:49:00,2303.282434962539,0.0010284930043790905
2020-04-13 17:50:00,2304.1460390664515,0.0010336054261721663
2020-04-13 17:51:00,2301.75502807967,0.0010326395497935463
2020-04-13 17:52:00,2302.124357153241,0.001032601255166309
2020-04-13 17:53:00,2303.48490688135,0.0010002041859029653
2020-04-13 17:54:00,2303.3662129840527,0.001034734181379665
2020-04-13 17:55:00,2302.808393209159,0.000971807883924002
2020-04-13 17:56:00,2302.97291998565,0.0009871909737337746
2020-04-13 17:57:00,2302.131994949787,0.001036973158986748
2020-04-13 17:58:00,2298.0918318735585,0.0008986140460934581
2020-04-13 17:59:00,2297.9825004368818,0.0008582010084962476
2020-04-13 18:00:00,2298.5185412049464,0.0009310978016882341
2020-04-13 18:01:00,2299.907265148538,0.0008603439817840489
2020-04-13 18:02:00,2295.9636692349522,0.0009098052855238323
2020-04-13 18:03:00,2296.1757050015085,0.0009685781123419972
2020-04-13 18:04:00,2296.2625678016566,0.0009350362686798815
2020-04-13 18:05:00,2300.318088100112,0.0009122747351710271
2020-04-13 18:06:00,2302.273254409632,0.000984786737720672
2020-04-13 18:07:00,2305.223340430629,0.000960369321136465
2020-04-13 18:08:00,2305.858776843081,0.0009925818086092407
2020-04-13 18:09:00,2306.410812618613,0.0010969667738738493
2020-04-13 18:10:00,2306.4299100376006,0.0010911052450927133
2020-04-13 18:11:00,2309.69543903654,0.001047139314360969
2020-04-13 18:12:00,2309.4143598388196,0.0010642502656603018
2020-04-13 18:13:00,2310.133096161274,0.001000775950550429
2020-04-13 18:14:00,2309.885339393967,0.0010168436136683632
2020-04-13 18:15:00,2312.249877497759,0.0010080785651978936
2020-04-13 18:16:00,2309.869283572911,0.0009764901731705055
2020-04-13 18:17:00,2312.0283241290986,0.0010050772490245892
2020-04-13 18:18:00,2310.3116818627263,0.000959239432405367
2020-04-13 18:19:00,2310.9919325111614,0.000913197922877671
2020-04-13 18:20:00,2308.6130404294395,0.0009528026956081771
2020-04-13 18:21:00,2308.456934924753,0.0008867603484927064
2020-04-13 18:22:00,2309.765194638249,0.000922019147041118
2020-04-13 18:23:00,2311.422295940623,0.0010005853448055745
2020-04-13 18:24:00,2309.833468315489,0.0010269950688176178
2020-04-13 18:25:00,2308.7561593344344,0.0010665042335249264
2020-04-13 18:26:00,2310.599510823429,0.0010538789451211702
2020-04-13 18:27:00,2309.55116952006,0.0010282231767573687
2020-04-13 18:28:00,2312.971873476036,0.000966386219485496
2020-04-13 18:29:00,2314.8424993976573,0.0009195302187477514
2020-04-13 18:30:00,2314.952611222459,0.0009112117173418631
2020-04-13 18:31:00,2311.758745316346,0.0008991311350021435
2020-04-13 18:32:00,2313.940088158049,0.0008727130883091571
2020-04-13 18:33:00,2313.2087601576436,0.0008706436880666398
2020-04-13 18:34:00,2312.867646730736,0.0008707305130007351
2020-04-13 18:35:00,2314.231738655805,0.0008235066755056268
2020-04-13 18:36:00,2315.8160911697655,0.000776152224835186
2020-04-13 18:37:00,2316.5559588240985,0.0007584078984403677
2020-04-13 18:38:00,2316.4905043181193,0.0007685622136890891
2020-04-13 18:39:00,2316.252598053298,0.0007672746166185597
2020-04-13 18:40:00,2318.384480091534,0.0008718308494419394
2020-04-13 18:41:00,2316.196005669663,0.0008970795218326935
2020-04-13 18:42:00,2319.5026053604756,0.000941130937123181
2020-04-13 18:43:00,2320.095289897758,0.0009530151572440366
2020-04-13 18:44:00,2320.5025054867765,0.0009417572474469672
2020-04-13 18:45:00,2322.315893534207,0.0009545015307855487
2020-04-13 18:46:00,2322.676441017936,0.0009589420462588555
2020-04-13 18:47:00,2324.7110136921615,0.0010456039169494731
2020-04-13 18:48:00,2324.872952028102,0.0010657033942314121
2020-04-13 18:49:00,2325.006569265648,0.0010647782363623493
2020-04-13 18:50:00,2323.7641104238546,0.0010456446239043274
2020-04-13 18:51:00,2323.0665886725365,0.0010016243453798209
2020-04-13 18:52:00,2324.0774754565723,0.000990296422431329
2020-04-13 18:53:00,2329.962403132654,0.0010073600497149421
2020-04-13 18:54:00,2329.6421195274897,0.001084563496106721
2020-04-13 18:55:00,2328.6830935650473,0.0011116062591182158
2020-04-13 18:56:00,2329.7571731025096,0.0011101604375600223
2020-04-13 18:57:00,2328.378637761538,0.0011129076435444638
2020-04-13 18:58:00,2326.308637450322,0.0011034156346436382
2020-04-13 18:59:00,2328.1203562360415,0.001154913330446476
2020-04-13 19:00:00,2326.6909666751753,0.0011054192383038908
2020-04-13 19:01:00,2324.4745063081496,0.001149903261445634
2020-04-13 19:02:00,2327.1936843565654,0.0011259286134925578
2020-04-13 19:03:00,2327.4545072457577,0.0011405839531298248
2020-04-13 19:04:00,2328.937748495026,0.0011456457532484042
2020-04-13 19:05:00,2326.464625760097,0.0011286334856049154
2020-04-13 19:06:00,2328.734460557854,0.0011464856822503556
2020-04-13 19:07:00,2330.5529857186384,0.0011638305832889911
2020-04-13 19:08:00,2329.6543723055074,0.0010902580261289614
2020-04-13 19:09:00,2330.084219834923,0.0011012060770445318
2020-04-13 19:10:00,2330.5667223565592,0.001116672087537849
2020-04-13 19:11:00,2330.1599648381434,0.001124927165192646
2020-04-13 19:12:00,2328.8161277400254,0.0011238491090363218
2020-04-13 19:13:00,2333.134300175912,0.0011667952182825413
2020-04-13 19:14:00,2333.902377115048,0.00117875970020241
2020-04-13 19:15:00,2333.532307257342,0.0012047563466616156
2020-04-13 19:16:00,2333.4267926529433,0.0012134158260310131
2020-04-13 19:17:00,2335.9064313971644,0.001223825865214559
2020-04-13 19:18:00,2335.144929556089,0.0012194454268762173
2020-04-13 19:19:00,2339.5569455786567,0.0011733498771664937
2020-04-13 19:20:00,2344.795386552983,0.0011761697612851937
2020-04-13 19:21:00,2343.0356125593066,0.0011937446853908695
2020-04-13 19:22:00,2344.0248171615444,0.0012405978469346324
2020-04-13 19:23:00,2342.535391486378,0.0012234461446449195
2020-04-13 19:24:00,2344.430299813153,0.0011814667992200148
2020-04-13 19:25:00,2348.6004559392195,0.0012286114896845634
2020-04-13 19:26:00,2348.7468799048693,0.0012720921141986825
2020-04-13 19:27:00,2346.5867585042083,0.0013066905935495204
2020-04-13 19:28:00,2342.5798242510987,0.0013177552219477834
2020-04-13 19:29:00,2340.5486815242325,0.00132143612762569
2020-04-13 19:30:00,2341.5687688054345,0.0013600192882173095
2020-04-13 19:31:00,2342.124931016747,0.0013735679930955474
2020-04-13 19:32:00,2342.867394873504,0.0014093237963670668
2020-04-13 19:33:00,2345.800038672232,0.001397573753668161
2020-04-13 19:34:00,2349.430734993537,0.001414591454152439
2020-04-13 19:35:00,2345.929504678212,0.001376379562856662
2020-04-13 19:36:00,2346.072873161787,0.001446351957142145
2020-04-13 19:37:00,2347.39760894984,0.0014459197559445018
2020-04-13 19:38:00,2347.6400963512815,0.001537919706700423
2020-04-13 19:39:00,2350.2631976030443,0.0015535893225898248
2020-04-13 19:40:00,2345.6951206681256,0.0015649172368045986
2020-04-13 19:41:00,2346.679024364316,0.001599944903220587
2020-04-13 19:42:00,2343.168615868094,0.0016541833395351125
2020-04-13 19:43:00,2349.3735242287066,0.0016524180174594006
2020-04-13 19:44:00,2347.779710962922,0.0016543476863975768
2020-04-13 19:45:00,2355.1534796326173,0.0016414989550029015
2020-04-13 19:46:00,2358.0843943293303,0.0016372385551329958
2020-04-13 19:47:00,2358.6728300747936,0.0015946553715697983
2020-04-13 19:48:00,2361.7498896800216,0.0016110039384093662
2020-04-13 19:49:00,2365.7722147739823,0.0016555385193018403
2020-04-13 19:50:00,2361.600163254342,0.001679821178476531
2020-04-13 19:51:00,2368.173781535616,0.0016490689538844385
2020-04-13 19:52:00,2366.2275822251704,0.0016683739685910348
2020-04-13 19:53:00,2366.785737958057,0.0015847845233425036
2020-04-13 19:54:00,2371.746311597516,0.0016429639905064875
2020-04-13 19:55:00,2372.2186631555574,0.0016040536216095477
2020-04-13 19:56:00,2369.592155404027,0.0015777620418430177
2020-04-13 19:57:00,2372.3632009001126,0.0015815393328359117
2020-04-13 19:58:00,2366.4211014326943,0.001587825746592969
2020-04-13 19:59:00,2366.2158761591977,0.0016553581969023764
2020-04-14 13:30:00,2357.6833816049448,0.0015784190651188111
2020-04-14 13:31:00,2353.84897566016,0.0015622323244096172
2020-04-14 13:32:00,2357.1117631416155,0.0015118253737003433
2020-04-14 13:33:00,2359.1083088473956,0.0014959466349910115
2020-04-14 13:34:00,2356.63801238732,0.0015446272316423325
2020-04-14 13:35:00,2355.8316224004707,0.0015481362839216213
2020-04-14 13:36:00,2359.1772816337248,0.0014490443176215842
2020-04-14 13:37:00,2353.9672014926505,0.001418219864124298
2020-04-14 13:38:00,2352.089924442528,0.0014597281887921538
2020-04-14 13:39:00,2351.571900176366,0.0014070376157488485
2020-04-14 13:40:00,2347.9320881192775,0.0014453288962211247
2020-04-14 13:41:00,2353.712705694514,0.0014653330505398218
2020-04-14 13:42:00,2350.2468920334504,0.0014729953522469932
2020-04-14 13:43:00,2348.356224084635,0.001535053876943218
2020-04-14 13:44:00,2347.5362215103,0.0014864250484421416
2020-04-14 13:45:00,2344.5228352849604,0.0015216040302016077
2020-04-14 13:46:00,2347.9164478435596,0.0015414358313006007
2020-04-14 13:47:00,2347.9310349743077,0.0015864106553122993
2020-04-14 13:48:00,2347.0117490707644,0.0015378203212531238
2020-04-14 13:49:00,2350.2113915217255,0.001506582296861423
2020-04-14 13:50:00,2353.4822808470785,0.0015315079678111794
2020-04-14 13:51:00,2351.8541537439096,0.0014994913011908211
2020-04-14 13:52:00,2354.733140303106,0.001530545201433712
2020-04-14 13:53:00,2361.105140426065,0.0015373394502772723
2020-04-14 13:54:00,2356.961067174942,0.001578596116736717
2020-04-14 13:55:00,2361.011980019909,0.0015502767771398338
2020-04-14 13:56:00,2359.8206296335297,0.0015311462426437924
2020-04-14 13:57:00,2353.203027759442,0.0014692092518106042
2020-04-14 13:58:00,2351.183215669819,0.001502042104638237
2020-04-14 13:59:00,2353.7303223631848,0.001502734323386255
2020-04-14 14:00:00,2352.113780900759,0.0015783872553699117
2020-04-14 14:01:00,2355.9641856674866,0.0014673968419316296
2020-04-14 14:02:00,2358.073388158113,0.0014933796380352455
2020-04-14 14:03:00,2360.8541527218863,0.001553967220198422
2020-04-14 14:04:00,2353.8856649916565,0.0016031400676624506
2020-04-14 14:05:00,2357.651881286581,0.001603439969562202
2020-04-14 14:06:00,2362.7336038827675,0.0015725683465260796
2020-04-14 14:07:00,2359.323527470526,0.001525730116577565
2020-04-14 14:08:00,2361.7546221564307,0.0015304380233726075
2020-04-14 14:09:00,2362.397903229851,0.0015055313821639535
2020-04-14 14:10:00,2365.9298386431615,0.00149063887504796
2020-04-14 14:11:00,2370.914973145935,0.0014839878815586418
2020-04-14 14:12:00,2372.2070692997013,0.001509852551349585
2020-04-14 14:13:00,2371.937722639656,0.0015057522405534413
2020-04-14 14:14:00,2367.7601054756683,0.001529366467384707
2020-04-14 14:15:00,2363.6439885993464,0.0014828293354695386
2020-04-14 14:16:00,2368.4321338258674,0.0014498621455205443
2020-04-14 14:17:00,2369.290495128137,0.001509914672712305
2020-04-14 14:18:00,2373.9693174187214,0.0014798269990352914
2020-04-14 14:19:00,2372.644025001503,0.0014210550103804676
2020-04-14 14:20:00,2375.6897769578886,0.0013402396540564696
2020-04-14 14:21:00,2373.2331399535474,0.0013111213629878715
2020-04-14 14:22:00,2373.161804097353,0.0013191424704499669
2020-04-14 14:23:00,2367.767620258118,0.001278849423754389
2020-04-14 14:24:00,2365.63489443955,0.0012166412272731678
2020-04-14 14:25:00,2364.4665450430184,0.00126254003609076
2020-04-14 14:26:00,2368.753527534163,0.0012720067782477562
2020-04-14 14:27:00,2373.929976914839,0.0013043577378987598
2020-04-14 14:28:00,2376.28639535836,0.0012960330037270567
2020-04-14 14:29:00,2377.1449522204216,0.001297616016992338
2020-04-14 14:30:00,2378.3490493610752,0.0013014590705009738
2020-04-14 14:31:00,2386.0153912377173,0.0012625838740306314
2020-04-14 14:32:00,2389.17361871257,0.001276976164603845
2020-04-14 14:33:00,2390.846989993457,0.0013013001259493705
2020-04-14 14:34:00,2387.170674009548,0.0013500937940449066
2020-04-14 14:35:00,2387.807204229554,0.0013663481963281897
2020-04-14 14:36:00,2385.815457810335,0.0013230921880654906
2020-04-14 14:37:00,2379.882358195998,0.0012926569230647682
2020-04-14 14:38:00,2380.305217317875,0.0013074940427248488
2020-04-14 14:39:00,2385.0187174502125,0.001332589291512148
2020-04-14 14:40:00,2380.2251889198915,0.0013210612476564946
2020-04-14 14:41:00,2377.9711403527617,0.0012847924866292533
2020-04-14 14:42:00,2380.762068905174,0.0012168134902548536
2020-04-14 14:43:00,2380.7981262854973,0.0013128803996389957
2020-04-14 14:44:00,2381.7324275030624,0.0012975912577795055
2020-04-14 14:45:00,2384.923552408187,0.0012930066743844781
2020-04-14 14:46:00,2382.107750079378,0.0012356028679825206
2020-04-14 14:47:00,2387.6970925126566,0.0012411763747992028
2020-04-14 14:48:00,2388.5820130137813,0.0012254807113396273
2020-04-14 14:49:00,2390.973013062383,0.0011776865908374211
2020-04-14 14:50:00,2390.94225730814,0.0012386637696473462
2020-04-14 14:51:00,2393.7392309611046,0.0012290998216559045
2020-04-14 14:52:00,2390.83661722921,0.0012208528410182413
2020-04-14 14:53:00,2388.000601245829,0.0011960886419978903
2020-04-14 14:54:00,2385.30645181278,0.0012379163889508227
2020-04-14 14:55:00,2386.541148065785,0.0012846256214204194
2020-04-14 14:56:00,2384.341826957176,0.001289154465735326
2020-04-14 14:57:00,2384.473983555537,0.0013293392404497624
2020-04-14 14:58:00,2386.1104402131336,0.0012618510355600953
2020-04-14 14:59:00,2381.372207339478,0.001212977773912119
2020-04-14 15:00:00,2384.959989870503,0.0012083308878464278
2020-04-14 15:01:00,2383.909862637739,0.0012112748634426984
2020-04-14 15:02:00,2390.8460562695327,0.0011652443646540148
2020-04-14 15:03:00,2393.942868199611,0.0011913550341232195
2020-04-14 15:04:00,2392.1112537420604,0.0011570430425020357
2020-04-14 15:05:00,2397.0077257111093,0.0011351724979112457
2020-04-14 15:06:00,2395.6018646615494,0.0010799192378018576
2020-04-14 15:07:00,2393.1874581364123,0.0010767438130097173
2020-04-14 15:08:00,2394.1612511164385,0.001141531459112308
2020-04-14 15:09:00,2397.0214979492694,0.0011620930197859965
2020-04-14 15:10:00,2398.572717282529,0.0010974848506507785
2020-04-14 15:11:00,2397.770293746971,0.0011423496173642374
2020-04-14 15:12:00,2401.657465648303,0.0011092013047710007
2020-04-14 15:13:00,2396.263175393273,0.001099509631808892
2020-04-14 15:14:00,2394.052138276744,0.001076070665508621
2020-04-14 15:15:00,2394.4564335524533,0.0011050804908865112
2020-04-14 15:16:00,2394.7256774639786,0.0011650708867416942
2020-04-14 15:17:00,2394.549098150887,0.0011360368170668545
2020-04-14 15:18:00,2394.1548726452233,0.0011644609771282067
2020-04-14 15:19:00,2393.290691418773,0.0011525644787901954
2020-04-14 15:20:00,2391.6212546251963,0.0011006406663307223
2020-04-14 15:21:00,2389.551485292223,0.0010987564895426985
2020-04-14 15:22:00,2384.7823021742597,0.0011189098770817676
2020-04-14 15:23:00,2384.8330717721697,0.0010837764508034023
2020-04-14 15:24:00,2385.2384957756713,0.001077838527290106
2020-04-14 15:25:00,2390.716789664124,0.0011429514373745967
2020-04-14 15:26:00,2385.632479737593,0.0011768424089562601
2020-04-14 15:27:00,2384.7447402301773,0.0011593006399864341
2020-04-14 15:28:00,2378.034407489381,0.0011591174845837896
2020-04-14 15:29:00,2378.23891552055,0.0011561611215447516
2020-04-14 15:30:00,2379.877033213504,0.0012079141866362074
2020-04-14 15:31:00,2378.5366904823663,0.0012739056476470596
2020-04-14 15:32:00,2380.4098318640235,0.0012227688251567831
2020-04-14 15:33:00,2382.3352365754686,0.001165619789150417
2020-04-14 15:34:00,2383.409118642343,0.0011710117879817677
2020-04-14 15:35:00,2381.6287314837073,0.001176422924814236
2020-04-14 15:36:00,2381.5581191989336,0.0011116350194395165
2020-04-14 15:37:00,2384.2632420317195,0.0011273963946364022
2020-04-14 15:38:00,2383.020287681362,0.0010737162398013907
2020-04-14 15:39:00,2381.236543546276,0.0010921068692838058
2020-04-14 15:40:00,2381.409587546728,0.0010570821164043978
2020-04-14 15:41:00,2384.8020464172473,0.0011243247563234061
2020-04-14 15:42:00,2383.90285728661,0.0011311421594908744
2020-04-14 15:43:00,2389.130715430079,0.0012032779394497552
2020-04-14 15:44:00,2386.503727997325,0.0012082975849855835
2020-04-14 15:45:00,2384.91859102933,0.0012091958296963664
2020-04-14 15:46:00,2388.589388430169,0.0011798788921205425
2020-04-14 15:47:00,2382.2751708473575,0.0011973726023908563
2020-04-14 15:48:00,2383.852155025088,0.0012318137780732996
2020-04-14 15:49:00,2382.9388139994016,0.0012368205033039825
2020-04-14 15:50:00,2383.6980722207823,0.0012419837548440684
2020-04-14 15:51:00,2381.9302075542946,0.0012626658553721028
2020-04-14 15:52:00,2382.38205181062,0.0012661661673338941
2020-04-14 15:53:00,2386.5160428742724,0.0013182594863570226
2020-04-14 15:54:00,2385.9755111987233,0.0013173134657210614
2020-04-14 15:55:00,2379.1201386863727,0.0013866436037104119
2020-04-14 15:56:00,2375.819161187735,0.0013077851024569666
2020-04-14 15:57:00,2371.993444127159,0.0013224921297555353
2020-04-14 15:58:00,2366.967571027281,0.0013428147105104512
2020-04-14 15:59:00,2361.38738151504,0.0013615630273278961
2020-04-14 16:00:00,2360.431166058126,0.0013391227452428187
2020-04-14 16:01:00,2358.528435623508,0.001381458309701727
2020-04-14 16:02:00,2356.8348549625975,0.0013643868886920496
2020-04-14 16:03:00,2350.5185554955874,0.0013047385752080153
2020-04-14 16:04:00,2352.02761398642,0.001310013001637834
2020-04-14 16:05:00,2349.566013157219,0.0013455294913206112
2020-04-14 16:06:00,2347.703584512411,0.001352839970562072
2020-04-14 16:07:00,2353.2414486217417,0.0013944429935398338
2020-04-14 16:08:00,2353.606736230697,0.0014003531706556006
2020-04-14 16:09:00,2347.5413135494828,0.001406694461550402
2020-04-14 16:10:00,2348.339578791073,0.0013889615036150036
2020-04-14 16:11:00,2344.5518481643458,0.001334225163515807
2020-04-14 16:12:00,2338.7522168273413,0.0014006506352643917
2020-04-14 16:13:00,2342.260725132173,0.0013217353860162367
2020-04-14 16:14:00,2339.689195037625,0.001357066766205633
2020-04-14 16:15:00,2335.5076065613616,0.0013851553213016909
2020-04-14 16:16:00,2335.215212788605,0.0014448305231931162
2020-04-14 16:17:00,2335.5876638086593,0.001469287214814368
2020-04-14 16:18:00,2338.0995713614225,0.0015386404471937742
2020-04-14 16:19:00,2343.140440952224,0.001489847698034353
2020-04-14 16:20:00,2341.010135586345,0.0014993862084815212
2020-04-14 16:21:00,2346.319661712513,0.0015189606014424486
2020-04-14 16:22:00,2345.597348499548,0.0015140699365080283
2020-04-14 16:23:00,2338.4922862290996,0.0015526435290027952
2020-04-14 16:24:00,2336.8721388696918,0.0015844907992784972
2020-04-14 16:25:00,2327.1143562671728,0.0016344986492329067
2020-04-14 16:26:00,2323.745853120087,0.001618532875403461
2020-04-14 16:27:00,2324.4365659659525,0.0016033564921382815
2020-04-14 16:28:00,2323.2536812496623,0.001544747780931797
2020-04-14 16:29:00,2322.0975557676934,0.001564134135907639
2020-04-14 16:30:00,2323.5671562963716,0.001535321223410464
2020-04-14 16:31:00,2323.0975161590386,0.0015004686509998066
2020-04-14 16:32:00,2315.480098324543,0.0015526713407725769
2020-04-14 16:33:00,2318.4435447721285,0.0016028547285742193
2020-04-14 16:34:00,2318.212117264676,0.0016187861532069448
2020-04-14 16:35:00,2319.612486586553,0.0016340308158044779
2020-04-14 16:36:00,2323.1052910819735,0.0016311728626214946
2020-04-14 16:37:00,2320.559516926642,0.00158163718885331
2020-04-14 16:38:00,2317.0512704195357,0.0015714873084445786
2020-04-14 16:39:00,2312.269702150691,0.0015481454169236296
2020-04-14 16:40:00,2310.7142858205234,0.0015244832301783203
2020-04-14 16:41:00,2316.7976455823837,0.0015012431764136528
2020-04-14 16:42:00,2318.7991357326787,0.001476996366552414
2020-04-14 16:43:00,2319.1190949287316,0.0014865992870270236
2020-04-14 16:44:00,2316.8601824226084,0.0015061355455388645
2020-04-14 16:45:00,2312.7667249801634,0.0014815994084474969
2020-04-14 16:46:00,2314.808421702323,0.0015719749122090586
2020-04-14 16:47:00,2309.1760352134575,0.0015672278874808855
2020-04-14 16:48:00,2306.2531453516517,0.0014714086621710166
2020-04-14 16:49:00,2304.3248869381955,0.0015166202939015736
2020-04-14 16:50:00,2302.954131999726,0.0014466703784028272
2020-04-14 16:51:00,2303.0688619074904,0.001449864286653277
2020-04-14 16:52:00,2301.515611391872,0.0014252219158308837
2020-04-14 16:53:00,2296.2415329415135,0.0013578085605999842
2020-04-14 16:54:00,2296.290308657779,0.0013198229376112287
2020-04-14 16:55:00,2301.3955148751556,0.0013620656091743555
2020-04-14 16:56:00,2306.854558097231,0.0013731961346992233
2020-04-14 16:57:00,2306.317980867016,0.001297391621490781
2020-04-14 16:58:00,2303.9004982645392,0.0013109873902414416
2020-04-14 16:59:00,2309.839398405254,0.0013859239162056665
2020-04-14 17:00:00,2308.714013489776,0.001461830368074802
2020-04-14 17:01:00,2313.212373061205,0.0014958741373772612
2020-04-14 17:02:00,2315.209085973546,0.0014465704384243547
2020-04-14 17:03:00,2311.442302779587,0.0014132003887193025
2020-04-14 17:04:00,2310.2958811112503,0.0014436236191254696
2020-04-14 17:05:00,2311.274875922244,0.0014435595609472733
2020-04-14 17:06:00,2308.6998646943784,0.0014378196856000248
2020-04-14 17:07:00,2311.2029906626467,0.001528830598685675
2020-04-14 17:08:00,2315.7266720648154,0.001515310824430021
2020-04-14 17:09:00,2321.283958194229,0.001423577494206096
2020-04-14 17:10:00,2321.6120151867594,0.0014005855735295025
2020-04-14 17:11:00,2326.4826679655903,0.0014056489267974706
2020-04-14 17:12:00,2329.0816461149507,0.0013397524190864245
2020-04-14 17:13:00,2328.7985280545377,0.001340325924640587
2020-04-14 17:14:00,2325.6386067168473,0.0013471728585381657
2020-04-14 17:15:00,2326.376483136968,0.0013173204718225412
2020-04-14 17:16:00,2325.652624655182,0.001342472919237955
2020-04-14 17:17:00,2326.7679226319387,0.0013358562565340298
2020-04-14 17:18:00,2327.1022686303545,0.0013369426344579615
2020-04-14 17:19:00,2325.5141340237024,0.0013234134050391355
2020-04-14 17:20:00,2323.686495523034,0.001336165654942514
2020-04-14 17:21:00,2323.4291218026906,0.0013216288823603018
2020-04-14 17:22:00,2315.4925040487674,0.001312613259958503
2020-04-14 17:23:00,2314.1918598556817,0.0012686891766779495
2020-04-14 17:24:00,2313.4524381462197,0.0012032660172873926
2020-04-14 17:25:00,2309.8624872286805,0.001154453519345994
2020-04-14 17:26:00,2308.133868346215,0.0011793700936440074
2020-04-14 17:27:00,2307.9735150482384,0.0011239208067600013
2020-04-14 17:28:00,2311.7184289247252,0.0011552627777982893
2020-04-14 17:29:00,2312.651757784268,0.0011989123293698338
2020-04-14 17:30:00,2312.3113904210422,0.001178654518391144
2020-04-14 17:31:00,2312.865072045627,0.0011560666898325158
2020-04-14 17:32:00,2314.061870085248,0.0011762744849007445
2020-04-14 17:33:00,2318.2219011571683,0.0011897649234051165
2020-04-14 17:34:00,2319.5116635518725,0.0012024071002427258
2020-04-14 17:35:00,2319.9394798979,0.0011083701029447476
2020-04-14 17:36:00,2321.2680314419986,0.0010958624802846365
2020-04-14 17:37:00,2322.758435218619,0.0010803420814828057
2020-04-14 17:38:00,2328.719518798968,0.001106937456622278
2020-04-14 17:39:00,2325.4625922488794,0.0010613261069949576
2020-04-14 17:40:00,2323.8469773113857,0.0010448344319305366
2020-04-14 17:41:00,2325.922098899421,0.00105255180262559
2020-04-14 17:42:00,2325.4783617839184,0.0010535942463655607
2020-04-14 17:43:00,2325.980338026098,0.0010969342987907059
2020-04-14 17:44:00,2326.3186844720262,0.0011422959209597544
2020-04-14 17:45:00,2329.284816829338,0.001201813450439792
2020-04-14 17:46:00,2330.3535514573246,0.0012372530941343863
2020-04-14 17:47:00,2334.2867460419398,0.0011847245596242329
2020-04-14 17:48:00,2337.8218737936245,0.0011820070876640805
2020-04-14 17:49:00,2337.200690817652,0.0011339580467902282
2020-04-14 17:50:00,2338.969876544083,0.0011423625391968647
2020-04-14 17:51:00,2338.7891980473737,0.0011811851461401882
2020-04-14 17:52:00,2337.7538774483246,0.0011769330069230604
2020-04-14 17:53:00,2335.507062408333,0.001163113811394971
2020-04-14 17:54:00,2334.0610276295906,0.001157423618638062
2020-04-14 17:55:00,2333.483467085125,0.0011547682135786134
2020-04-14 17:56:00,2335.881400765043,0.0012102317189087901
2020-04-14 17:57:00,2333.415926089922,0.0011954003188659142
2020-04-14 17:58:00,2333.08712171417,0.0011581829136007313
2020-04-14 17:59:00,2337.13285429272,0.0011429865014161483
2020-04-14 18:00:00,2336.934247935139,0.0010983817417079377
2020-04-14 18:01:00,2337.966854373318,0.0010879908565029897
2020-04-14 18:02:00,2340.251406115412,0.001103300410040565
2020-04-14 18:03:00,2340.256309062511,0.0011305235499009824
2020-04-14 18:04:00,2338.052954356591,0.0011849341963446345
2020-04-14 18:05:00,2334.3690790673804,0.001202745234818446
2020-04-14 18:06:00,2334.624447772884,0.0012112494834314214
2020-04-14 18:07:00,2333.3817912664713,0.0012457475029620706
2020-04-14 18:08:00,2332.9455197089455,0.0013490583290293053
2020-04-14 18:09:00,2336.395078980549,0.0013099079742565037
2020-04-14 18:10:00,2331.1683048377536,0.0012835532719110971
2020-04-14 18:11:00,2331.8689232473757,0.001266863079394866
2020-04-14 18:12:00,2331.7423440091,0.0013167644493870896
2020-04-14 18:13:00,2333.2315799605053,0.0012667728172549662
2020-04-14 18:14:00,2333.7236030035806,0.0013237500335765064
2020-04-14 18:15:00,2333.8817703133195,0.001309664596119195
2020-04-14 18:16:00,2329.452418173409,0.0013102590285674891
2020-04-14 18:17:00,2325.4132521065453,0.0012621115407802001
2020-04-14 18:18:00,2325.816705137924,0.001219753244470912
2020-04-14 18:19:00,2323.869439900725,0.001210616872655304
2020-04-14 18:20:00,2324.941949486712,0.0012548102048683934
2020-04-14 18:21:00,2327.8238763782533,0.001247816274298132
2020-04-14 18:22:00,2328.6706830008893,0.0012903351505967416
2020-04-14 18:23:00,2332.083748764972,0.001294653653411916
2020-04-14 18:24:00,2333.6936406432715,0.0013338324433123778
2020-04-14 18:25:00,2332.7970933460524,0.001359501598184046
2020-04-14 18:26:00,2328.9430539567106,0.0014518354688734273
2020-04-14 18:27:00,2326.2970167240446,0.0014102878107342134
2020-04-14 18:28:00,2325.0280585743217,0.001394073202567865
2020-04-14 18:29:00,2325.303071093492,0.0013609128796839396
2020-04-14 18:30:00,2323.487179986759,0.0013784487326370587
2020-04-14 18:31:00,2318.707380638548,0.0013211478562563598
2020-04-14 18:32:00,2316.4244735219004,0.0013685879178714049
2020-04-14 18:33:00,2311.9132754281754,0.001312268993898818
2020-04-14 18:34:00,2304.6886095615873,0.001383307896169879
2020-04-14 18:35:00,2306.222176056571,0.0013878698566173815
2020-04-14 18:36:00,2304.4712068957247,0.001354565254450822
2020-04-14 18:37:00,2299.5537776432866,0.0013500039694090817
2020-04-14 18:38:00,2301.6692254014943,0.0013681357592536488
2020-04-14 18:39:00,2300.4400671184435,0.001383176070213007
2020-04-14 18:40:00,2300.929657979478,0.0014430227430335945
2020-04-14 18:41:00,2301.119295924498,0.0014823797148268568
2020-04-14 18:42:00,2294.528211638465,0.0014130487348961395
2020-04-14 18:43:00,2297.869624088951,0.0014309678617967802
2020-04-14 18:44:00,2297.3658748326993,0.0014528898657675477
2020-04-14 18:45:00,2300.558621539487,0.0014551506393020899
2020-04-14 18:46:00,2301.957004909777,0.0014461359008001106
2020-04-14 18:47:00,2294.085968396875,0.0014795535496527647
2020-04-14 18:48:00,2290.5589772692565,0.0014293806366670997
2020-04-14 18:49:00,2287.2362426774125,0.0014055569388899869
2020-04-14 18:50:00,2287.877420950479,0.0014152519460723918
2020-04-14 18:51:00,2287.6117059142903,0.0014020199253298262
2020-04-14 18:52:00,2294.1402102363727,0.0013942360932503964
2020-04-14 18:53:00,2295.662687045292,0.0014087744034714308
2020-04-14 18:54:00,2284.598360560876,0.0013971113072583877
2020-04-14 18:55:00,2283.6898214038233,0.0013652958038588069
2020-04-14 18:56:00,2281.151544563192,0.0014123631823252342
2020-04-14 18:57:00,2280.1340048519423,0.001360109495545268
2020-04-14 18:58:00,2273.7760399393333,0.0013881156763233251
2020-04-14 18:59:00,2274.1765369496056,0.0014082559536180781
2020-04-14 19:00:00,2269.0601621403257,0.001376706027805047
2020-04-14 19:01:00,2267.687518849692,0.001381717100865845
2020-04-14 19:02:00,2263.96707078338,0.00140747784816379
2020-04-14 19:03:00,2268.4474801308174,0.0014485539754396958
2020-04-14 19:04:00,2264.858426949233,0.001421581564999284
2020-04-14 19:05:00,2261.3910668840513,0.0014291018123828076
2020-04-14 19:06:00,2258.6854764655304,0.0014796609286257731
2020-04-14 19:07:00,2257.2376208045716,0.0014487281798103591
2020-04-14 19:08:00,2257.3907445357177,0.001451989423012645
2020-04-14 19:09:00,2258.5312973117766,0.0013809379373588184
2020-04-14 19:10:00,2260.4608579653686,0.0014318154062756279
2020-04-14 19:11:00,2263.3932699763404,0.0014060003709302367
2020-04-14 19:12:00,2264.820428017527,0.0013870343088215012
2020-04-14 19:13:00,2264.761411825033,0.0013882171212979127
2020-04-14 19:14:00,2263.5090963410876,0.0013860990437642169
2020-04-14 19:15:00,2267.254953559957,0.0013575247104266898
2020-04-14 19:16:00,2264.734945788713,0.0013597080783562608
2020-04-14 19:17:00,2268.2014718795617,0.001339112970511949
2020-04-14 19:18:00,2266.4913113143416,0.001414863705168547
2020-04-14 19:19:00,2263.1902701635972,0.0014742696329705192
2020-04-14 19:20:00,2268.149394682795,0.0015399033392382386
2020-04-14 19:21:00,2266.9433927124614,0.001559992640566973
2020-04-14 19:22:00,2265.081036426828,0.0015720444787254541
2020-04-14 19:23:00,2273.6991803951623,0.0015921773771647458
2020-04-14 19:24:00,2280.373817166946,0.0016074474873084808
2020-04-14 19:25:00,2278.746110291244,0.0016773319191929073
2020-04-14 19:26:00,2277.5142797830354,0.0016902728919245239
2020-04-14 19:27:00,2281.8274127222294,0.001671116038432841
2020-04-14 19:28:00,2280.2551354679176,0.0017136353217850574
2020-04-14 19:29:00,2282.3917819442822,0.0017286725928741717
2020-04-14 19:30:00,2287.9676046990053,0.0017362202251015985
2020-04-14 19:31:00,2290.7615682924,0.0017690041077766058
2020-04-14 19:32:00,2293.3169615349166,0.0018334509743693575
2020-04-14 19:33:00,2287.941763542326,0.0018292784318607116
2020-04-14 19:34:00,2295.966248871596,0.0018385759993141686
2020-04-14 19:35:00,2301.7278677498907,0.0018327207303166758
2020-04-14 19:36:00,2303.9817473226176,0.0018194131738105425
2020-04-14 19:37:00,2301.6739786936055,0.0018569225807909832
2020-04-14 19:38:00,2306.759252839023,0.001840633513393286
2020-04-14 19:39:00,2304.56522903179,0.0018394683551063464
2020-04-14 19:40:00,2304.4843587275777,0.0018583008612150058
2020-04-14 19:41:00,2302.5181410746586,0.0017664325776355352
2020-04-14 19:42:00,2300.8134947701387,0.0017530309656774888
2020-04-14 19:43:00,2302.245370063685,0.001788183081548117
2020-04-14 19:44:00,2309.1104582706926,0.0017808195579101704
2020-04-14 19:45:00,2301.049985417259,0.0017355453171693021
2020-04-14 19:46:00,2306.666192806552,0.0018104387776641463
2020-04-14 19:47:00,2308.0614927084716,0.0017462767283448607
2020-04-14 19:48:00,2307.126603648224,0.0017444277575965573
2020-04-14 19:49:00,2309.5559875421563,0.0017884195311505388
2020-04-14 19:50:00,2313.4520237959696,0.0018241575958257625
2020-04-14 19:51:00,2304.0386778305865,0.0017989691431370552
2020-04-14 19:52:00,2298.5669327456985,0.0018877592965872042
2020-04-14 19:53:00,2299.938476300873,0.0018898612072581348
2020-04-14 19:54:00,2290.6063466446535,0.0018587840631220118
2020-04-14 19:55:00,2288.871438743216,0.0018811815088093666
2020-04-14 19:56:00,2289.260588354063,0.0019029089377644564
2020-04-14 19:57:00,2284.8477028864068,0.001861349737559014
2020-04-14 19:58:00,2281.330513200261,0.001902714849615067
2020-04-14 19:59:00,2280.7722310208637,0.0019199033298205868
2020-04-15 13:30:00,2138.2564747381466,0.0019359686396663277
2020-04-15 13:31:00,2135.800818536804,0.0018501796216388766
2020-04-15 13:32:00,2138.7752979523766,0.0018522660828859223
2020-04-15 13:33:00,2140.5764112296038,0.0018416366509707528
2020-04-15 13:34:00,2141.8022324569047,0.0019382708664369196
2020-04-15 13:35:00,2141.0796706069004,0.0019492479640877839
2020-04-15 13:36:00,2135.8016471133196,0.00194068718411387
2020-04-15 13:37:00,2134.492995873064,0.0019099425438130345
2020-04-15 13:38:00,2135.365473884584,0.001939378908363419
2020-04-15 13:39:00,2117.4303573494362,0.0019195527933439098
2020-04-15 13:40:00,2113.1230896837747,0.0019981112906898245
2020-04-15 13:41:00,2123.240629317437,0.0020251010580492855
2020-04-15 13:42:00,2122.4629790571466,0.0020420518134307403
2020-04-15 13:43:00,2116.928412941426,0.0020258152856724022
2020-04-15 13:44:00,2117.9852694910464,0.0019611047219174733
2020-04-15 13:45:00,2117.5569055853207,0.00197675717474151
2020-04-15 13:46:00,2118.1193588233677,0.0020282838066561382
2020-04-15 13:47:00,2111.5439536797585,0.0020293718043936193
2020-04-15 13:48:00,2106.647869616154,0.0020559967680330088
2020-04-15 13:49:00,2106.391183209348,0.0020945188084563575
2020-04-15 13:50:00,2106.312716030277,0.002136180506506778
2020-04-15 13:51:00,2109.7176531295686,0.002109523069435483
2020-04-15 13:52:00,2108.461282201737,0.00208946808346605
2020-04-15 13:53:00,2113.8652795746875,0.0020836459509819805
2020-04-15 13:54:00,2119.3389694676703,0.0021197267039702325
2020-04-15 13:55:00,2125.0414656191174,0.00214404515603151
2020-04-15 13:56:00,2126.3322725391577,0.002092745815994396
2020-04-15 13:57:00,2123.988903848001,0.0020900053511103884
2020-04-15 13:58:00,2123.8942365770326,0.0020513399095468616
2020-04-15 13:59:00,2118.7816551135875,0.0020359101064658515
2020-04-15 14:00:00,2118.163799016339,0.0019741149997900783
2020-04-15 14:01:00,2122.1990553123733,0.001969723056686704
2020-04-15 14:02:00,2121.964256503003,0.001996663289125859
2020-04-15 14:03:00,2121.312664085636,0.0019811926239920096
2020-04-15 14:04:00,2123.7021233273704,0.0019677674829180645
2020-04-15 14:05:00,2115.354408002466,0.0019482188509718742
2020-04-15 14:06:00,2114.481962301583,0.0019433297168910029
2020-04-15 14:07:00,2112.108784623602,0.00198481650641966
2020-04-15 14:08:00,2110.185838857837,0.001998786797773549
2020-04-15 14:09:00,2113.3857745690416,0.0020085032056763544
2020-04-15 14:10:00,2111.8643319311286,0.001982813146772217
2020-04-15 14:11:00,2113.749496092127,0.002023593026972134
2020-04-15 14:12:00,2120.1418274451953,0.0020409183020676704
2020-04-15 14:13:00,2119.2537713779043,0.0020574377099912247
2020-04-15 14:14:00,2117.752574559469,0.0020005883906768413
2020-04-15 14:15:00,2115.9406130282214,0.002011698427034245
2020-04-15 14:16:00,2117.620789788437,0.002078723660985034
2020-04-15 14:17:00,2115.0402788202355,0.002089856921245771
2020-04-15 14:18:00,2121.767546643652,0.0020807438464097894
2020-04-15 14:19:00,2115.1329166743594,0.0020830315035069414
2020-04-15 14:20:00,2119.1902306335114,0.0020382281421191
2020-04-15 14:21:00,2121.5767639666747,0.0020733176284458378
2020-04-15 14:22:00,2121.210560913999,0.0020656969953882645
2020-04-15 14:23:00,2118.919593716614,0.0020396620083437365
2020-04-15 14:24:00,2107.5555236731157,0.002067076805636078
2020-04-15 14:25:00,2108.908263509938,0.002037644070141682
2020-04-15 14:26:00,2109.1784355765544,0.0020389198825986068
2020-04-15 14:27:00,2099.5753571013165,0.002033399926549091
2020-04-15 14:28:00,2098.3535840337568,0.0020806192408833806
2020-04-15 14:29:00,2101.1652592325704,0.002047217525158296
2020-04-15 14:30:00,2100.1317206300905,0.0019978973604423424
2020-04-15 14:31:00,2096.8915643367773,0.002035222989247254
2020-04-15 14:32:00,2093.9608442992107,0.0020329791969556986
2020-04-15 14:33:00,2092.3541432133798,0.001992646427692103
2020-04-15 14:34:00,2096.7546500830836,0.001973842720340956
2020-04-15 14:35:00,2073.611720759501,0.0019695630593747826
2020-04-15 14:36:00,2064.6878084091195,0.0019398321116355557
2020-04-15 14:37:00,2065.8914044846333,0.0019160159731260694
2020-04-15 14:38:00,2073.4309580731483,0.0018268811266321347
2020-04-15 14:39:00,2074.491478355417,0.0018642097571334795
2020-04-15 14:40:00,2075.245335146217,0.0018219958885722417
2020-04-15 14:41:00,2071.078010757424,0.0018088925375958085
2020-04-15 14:42:00,2074.9056742203543,0.001774552594519442
2020-04-15 14:43:00,2072.670171823304,0.0017816517626758897
2020-04-15 14:44:00,2077.774421847447,0.0018278300806061386
2020-04-15 14:45:00,2084.7371289873026,0.0018478429914342955
2020-04-15 14:46:00,2084.611796190309,0.0018734303447660225
2020-04-15 14:47:00,2083.305035004008,0.0018842623680490832
2020-04-15 14:48:00,2087.483233168372,0.0018810929105246854
2020-04-15 14:49:00,2084.7483965539054,0.0018781776377085483
2020-04-15 14:50:00,2087.292800187379,0.001885426807362648
2020-04-15 14:51:00,2095.124039550183,0.001873263174720847
2020-04-15 14:52:00,2102.163039217416,0.0018557769199428436
2020-04-15 14:53:00,2099.2574952370783,0.0018434410045782366
2020-04-15 14:54:00,2102.075288786882,0.0018757598351723016
2020-04-15 14:55:00,2103.0915692817084,0.0018886009990096478
2020-04-15 14:56:00,2099.98403568616,0.0019366377487799165
2020-04-15 14:57:00,2092.5457477608043,0.0019038446413064641
2020-04-15 14:58:00,2084.6694107288768,0.0019001495154054653
2020-04-15 14:59:00,2082.824177411404,0.0018765316790428602
2020-04-15 15:00:00,2082.0853033374638,0.0018688889669813123
2020-04-15 15:01:00,2077.0491179027517,0.001873664352795547
2020-04-15 15:02:00,2073.2845181571574,0.0018480137376609739
2020-04-15 15:03:00,2078.4691055740122,0.0018052099773441606
2020-04-15 15:04:00,2073.2929083251793,0.001805104574793364
2020-04-15 15:05:00,2067.158015692387,0.0018609917864205675
2020-04-15 15:06:00,2062.723145609772,0.0019122466082502646
2020-04-15 15:07:00,2061.4034506941157,0.001894633695115563
2020-04-15 15:08:00,2058.695531602684,0.0018556110540582037
2020-04-15 15:09:00,2061.555215145859,0.0018317469013235553
2020-04-15 15:10:00,2061.5253729875467,0.0018318670661567464
2020-04-15 15:11:00,2065.4181065053403,0.0018000532943177818
2020-04-15 15:12:00,2061.408442591665,0.0018451214792223095
2020-04-15 15:13:00,2062.5974037856704,0.0018532428963220103
2020-04-15 15:14:00,2061.7479392298414,0.001912172158649112
2020-04-15 15:15:00,2063.277056809899,0.0019328716990134774
2020-04-15 15:16:00,2063.408311504516,0.001980978963288259
2020-04-15 15:17:00,2063.8335963674976,0.0019510976152212404
2020-04-15 15:18:00,2063.1676020311133,0.0019503880817161796
2020-04-15 15:19:00,2071.67900456426,0.0018918136902892763
2020-04-15 15:20:00,2064.974934642452,0.001900753546179784
2020-04-15 15:21:00,2073.5544380323167,0.0018949512205288287
2020-04-15 15:22:00,2079.53874508101,0.0018428139766729923
2020-04-15 15:23:00,2085.3269725621576,0.0018202098871480598
2020-04-15 15:24:00,2085.4676727220126,0.0018590236237763485
2020-04-15 15:25:00,2086.1260882186893,0.0018872070564483472
2020-04-15 15:26:00,2080.3981392503288,0.0018657775041004845
2020-04-15 15:27:00,2075.3729993470633,0.0019010850427168616
2020-04-15 15:28:00,2078.9242040325366,0.001929705344988761
2020-04-15 15:29:00,2075.1406663935904,0.001828728770338458
2020-04-15 15:30:00,2072.4297226889666,0.0017959369346672702
2020-04-15 15:31:00,2071.763517580533,0.0018032953518351835
2020-04-15 15:32:00,2077.940639224877,0.0017834055525423542
2020-04-15 15:33:00,2079.158881791663,0.001728592712674103
2020-04-15 15:34:00,2076.3345631892334,0.001763969899791071
2020-04-15 15:35:00,2083.2978465049764,0.0017573646507768248
2020-04-15 15:36:00,2081.07747354074,0.0017484817965849571
2020-04-15 15:37:00,2080.642148449703,0.001717563623775497
2020-04-15 15:38:00,2076.7751826880954,0.0016032043614042399
2020-04-15 15:39:00,2075.4546275324947,0.0016223007179993303
2020-04-15 15:40:00,2084.4582658842796,0.001589516059609516
2020-04-15 15:41:00,2084.505919992897,0.00155541526280247
2020-04-15 15:42:00,2089.828654539533,0.0015693904804538385
2020-04-15 15:43:00,2095.949057016464,0.0015798823664294488
2020-04-15 15:44:00,2104.667426322046,0.0015898418618610346
2020-04-15 15:45:00,2099.666361484585,0.0015889392803696437
2020-04-15 15:46:00,2103.690152800629,0.001572696348260611
2020-04-15 15:47:00,2101.7404302901614,0.001497047067071293
2020-04-15 15:48:00,2102.5437920884597,0.0015524148719895032
2020-04-15 15:49:00,2099.841972622738,0.0015439204192354077
2020-04-15 15:50:00,2097.205001645492,0.0015116048404539045
2020-04-15 15:51:00,2097.740639676372,0.0015159052380969364
2020-04-15 15:52:00,2101.172287408448,0.001457534850325265
2020-04-15 15:53:00,2100.077253724282,0.0015075885463325992
2020-04-15 15:54:00,2098.9518526704064,0.0014677329343054497
2020-04-15 15:55:00,2100.1662285851658,0.0014655189790640573
2020-04-15 15:56:00,2099.599136957667,0.0014327080619172116
2020-04-15 15:57:00,2096.437543703513,0.00143952260499364
2020-04-15 15:58:00,2095.846467878884,0.0014887924462037533
2020-04-15 15:59:00,2095.800190661794,0.0015364750751188057
2020-04-15 16:00:00,2095.474317613501,0.0014914564097142492
2020-04-15 16:01:00,2097.079631784065,0.0014694743570958589
2020-04-15 16:02:00,2092.991675411234,0.0014809772961322464
2020-04-15 16:03:00,2093.4762031821106,0.0014287915489994676
2020-04-15 16:04:00,2089.9774473999855,0.0014205686622506893
2020-04-15 16:05:00,2090.694291468101,0.0014540305795631258
2020-04-15 16:06:00,2091.359878742872,0.0014686096320820467
2020-04-15 16:07:00,2088.4894480519915,0.0014520024329428571
2020-04-15 16:08:00,2092.7988609530125,0.0014517660963053627
2020-04-15 16:09:00,2095.8095346716063,0.0014788182525903141
2020-04-15 16:10:00,2097.135650520123,0.0014846672502623985
2020-04-15 16:11:00,2091.6406734543016,0.0014898159251496815
2020-04-15 16:12:00,2094.4819963934087,0.001515996742788841
2020-04-15 16:13:00,2095.3603739620457,0.0015623752061863442
2020-04-15 16:14:00,2102.2787150013,0.001515970733124183
2020-04-15 16:15:00,2102.7617763252906,0.0015219496641825537
2020-04-15 16:16:00,2103.3926622774816,0.0015496946804160602
2020-04-15 16:17:00,2102.6571130225093,0.0015542106031380832
2020-04-15 16:18:00,2102.522673127039,0.0015740444817834828
2020-04-15 16:19:00,2099.1682951129565,0.0015899351182016037
2020-04-15 16:20:00,2103.240166863153,0.001562122234735264
2020-04-15 16:21:00,2106.3215779395023,0.001619694422064428
2020-04-15 16:22:00,2106.8644722550257,0.0016603673437832263
2020-04-15 16:23:00,2104.264998060159,0.001688906981552119
2020-04-15 16:24:00,2101.3408648688364,0.0017387982924132739
2020-04-15 16:25:00,2098.4043019879737,0.0017229582134774368
2020-04-15 16:26:00,2101.39528052887,0.001764569951455763
2020-04-15 16:27:00,2101.509105721132,0.0018128503723632318
2020-04-15 16:28:00,2105.0900530649465,0.0018123030038327207
2020-04-15 16:29:00,2104.9225793933488,0.001778440188926797
2020-04-15 16:30:00,2102.100226281826,0.0018115876980100893
2020-04-15 16:31:00,2099.620580343463,0.0018073085982372376
2020-04-15 16:32:00,2103.265873840603,0.001718393985335096
2020-04-15 16:33:00,2101.4083760526455,0.0017180685649398567
2020-04-15 16:34:00,2099.7507061394786,0.001764468019768033
2020-04-15 16:35:00,2102.3183618825587,0.0018171065422792482
2020-04-15 16:36:00,2108.057919974682,0.001857288754136092
2020-04-15 16:37:00,2102.17715666732,0.0018130282135876944
2020-04-15 16:38:00,2101.775134477501,0.001839994662198536
2020-04-15 16:39:00,2098.1001441432145,0.0018678672230980264
2020-04-15 16:40:00,2104.7908929615714,0.0019101854498216
2020-04-15 16:41:00,2101.547584934909,0.0019129273885505407
2020-04-15 16:42:00,2105.1909917909147,0.0020067070723765617
2020-04-15 16:43:00,2104.2820243711635,0.0019512293151334843
2020-04-15 16:44:00,2109.2045424330813,0.0019522213061799272
2020-04-15 16:45:00,2110.937599728346,0.0019178818312921874
2020-04-15 16:46:00,2106.469380024323,0.0019989232570350244
2020-04-15 16:47:00,2100.4550341213608,0.0019821643033117982
2020-04-15 16:48:00,2099.4593595545402,0.0019483052548968204
2020-04-15 16:49:00,2096.3794847360296,0.0019516249982082482
2020-04-15 16:50:00,2096.08745252649,0.0020237080992768696
2020-04-15 16:51:00,2094.580536506503,0.0020248856007910325
2020-04-15 16:52:00,2098.1844504652395,0.0020137138449675867
2020-04-15 16:53:00,2096.438680086242,0.0020135156849666433
2020-04-15 16:54:00,2098.846395484911,0.002016883818645534
2020-04-15 16:55:00,2093.2360031469225,0.0020035695474882394
2020-04-15 16:56:00,2098.4318594306555,0.0020052773909774993
2020-04-15 16:57:00,2100.824196096541,0.00200201388217429
2020-04-15 16:58:00,2101.8697394432647,0.0019601783870728928
2020-04-15 16:59:00,2104.119343802343,0.00197429329111386
2020-04-15 17:00:00,2100.887650432171,0.002064242453041832
2020-04-15 17:01:00,2104.4986995457834,0.002053024610183777
2020-04-15 17:02:00,2105.86002076927,0.00203750608427431
2020-04-15 17:03:00,2106.1213264211183,0.0020721059041009923
2020-04-15 17:04:00,2101.8106093366287,0.0020125774440103894
2020-04-15 17:05:00,2098.578240312528,0.0020041844978209954
2020-04-15 17:06:00,2093.6000841168475,0.002026117925003403
2020-04-15 17:07:00,2090.2123584315223,0.001988881369939827
2020-04-15 17:08:00,2086.1436005637315,0.0019812019144575367
2020-04-15 17:09:00,2089.531853397914,0.0020942278830587534
2020-04-15 17:10:00,2093.106081811793,0.0020539584452966965
2020-04-15 17:11:00,2098.8558387643016,0.002037332423217559
2020-04-15 17:12:00,2097.01771826484,0.0020091691301470822
2020-04-15 17:13:00,2092.0186190732775,0.002071188506447812
2020-04-15 17:14:00,2093.899881468927,0.0020576281517910677
2020-04-15 17:15:00,2097.223199225485,0.0020722139714662805
2020-04-15 17:16:00,2098.3488897480515,0.002096884031471794
2020-04-15 17:17:00,2101.6208173872064,0.0020943602399236413
2020-04-15 17:18:00,2096.11075912276,0.001998580347696065
2020-04-15 17:19:00,2096.8839381095318,0.0020076355631540675
2020-04-15 17:20:00,2088.2386572650084,0.00201621789155912
2020-04-15 17:21:00,2095.4951648111382,0.002023943510001112
2020-04-15 17:22:00,2097.2875995526697,0.0020007097580268117
2020-04-15 17:23:00,2105.667712335438,0.0020006210121207685
2020-04-15 17:24:00,2102.266543808896,0.0020142002233902766
2020-04-15 17:25:00,2101.101784602256,0.0020887639669736383
2020-04-15 17:26:00,2099.655036116838,0.0020647758661797074
2020-04-15 17:27:00,2104.319373419337,0.0020763446912729164
2020-04-15 17:28:00,2105.6840148731694,0.0020445736288326527
2020-04-15 17:29:00,2103.7397640612994,0.002068685296534004
2020-04-15 17:30:00,2104.142369513742,0.002019844243668845
2020-04-15 17:31:00,2108.9939339129332,0.001953462974405675
2020-04-15 17:32:00,2116.4570292822978,0.0019147387575114932
2020-04-15 17:33:00,2118.0956806100958,0.001875787263954503
2020-04-15 17:34:00,2123.0444333400033,0.001806755952880654
2020-04-15 17:35:00,2120.2914528571396,0.0017657763244195038
2020-04-15 17:36:00,2118.2184980205748,0.0017780026566301807
2020-04-15 17:37:00,2119.486440737622,0.0018047323469678096
2020-04-15 17:38:00,2116.2455302972394,0.0017832084450598502
2020-04-15 17:39:00,2117.2360176741263,0.0017549302333222203
2020-04-15 17:40:00,2118.3820694232263,0.0017081475896311546
2020-04-15 17:41:00,2117.5356918770285,0.0017224832581865242
2020-04-15 17:42:00,2111.311029834325,0.001666355257738638
2020-04-15 17:43:00,2116.2483343395056,0.001615964450319775
2020-04-15 17:44:00,2118.135414916698,0.001638096103678097
2020-04-15 17:45:00,2117.874016140732,0.0016101600369059336
2020-04-15 17:46:00,2123.6948362139824,0.0015104209295733813
2020-04-15 17:47:00,2122.6777084272953,0.0014368708409724475
2020-04-15 17:48:00,2120.5511407447643,0.0015047368832855346
2020-04-15 17:49:00,2124.1298832241823,0.0015036519195501471
2020-04-15 17:50:00,2127.728092479585,0.001490655306611349
2020-04-15 17:51:00,2129.9636258203222,0.0014960008220340187
2020-04-15 17:52:00,2134.263084234863,0.0015867280959738226
2020-04-15 17:53:00,2136.428729798771,0.001640163481489635
2020-04-15 17:54:00,2134.071070980497,0.0016534633871799795
2020-04-15 17:55:00,2126.2912600291515,0.001628480505375588
2020-04-15 17:56:00,2128.766294947979,0.0016765075377894755
2020-04-15 17:57:00,2131.288536418618,0.0016972006264575307
2020-04-15 17:58:00,2124.7036299167653,0.0016776403314762332
2020-04-15 17:59:00,2125.2545510161062,0.0016369798823938533
2020-04-15 18:00:00,2125.823818969109,0.001617670888326384
2020-04-15 18:01:00,2123.70447360118,0.001559502545157979
2020-04-15 18:02:00,2123.038736621066,0.0015938691178151287
2020-04-15 18:03:00,2121.2114405586076,0.0015644355490428239
2020-04-15 18:04:00,2121.483067599363,0.0015485672708449813
2020-04-15 18:05:00,2123.416118703906,0.0015748352557176113
2020-04-15 18:06:00,2119.7230758685564,0.0015833631849503963
2020-04-15 18:07:00,2117.029551313313,0.0015677651621069666
2020-04-15 18:08:00,2122.2645671540363,0.0016254153207032262
2020-04-15 18:09:00,2121.1174637315266,0.001583950901609994
2020-04-15 18:10:00,2122.9998605748356,0.0015873870291551236
2020-04-15 18:11:00,2118.850804318109,0.001629929957838778
2020-04-15 18:12:00,2119.5232669173074,0.001598698142714534
2020-04-15 18:13:00,2118.492820984084,0.0015402466501261622
2020-04-15 18:14:00,2123.5333178117917,0.0015049416626771652
2020-04-15 18:15:00,2126.0296903653657,0.0014921753382526437
2020-04-15 18:16:00,2121.9297489112996,0.0014757445721658936
2020-04-15 18:17:00,2123.190643521948,0.0014795183830130455
2020-04-15 18:18:00,2124.400715321744,0.0014312662614665982
2020-04-15 18:19:00,2119.497773274437,0.0013804595472393607
2020-04-15 18:20:00,2116.3679506423173,0.0013760060417548976
2020-04-15 18:21:00,2119.9914489924067,0.001365820808665726
2020-04-15 18:22:00,2122.8120698477414,0.0013547111486077554
2020-04-15 18:23:00,2124.0367363197092,0.0013117567704186578
2020-04-15 18:24:00,2126.353069545236,0.0013684176513231023
2020-04-15 18:25:00,2122.8474852459212,0.0014034992617500473
2020-04-15 18:26:00,2121.280532218503,0.0013843754417671222
2020-04-15 18:27:00,2120.6695165491483,0.001329654414859137
2020-04-15 18:28:00,2118.817268728256,0.0013518050473745535
2020-04-15 18:29:00,2114.169279305271,0.0013927038717928318
2020-04-15 18:30:00,2111.523673147296,0.0013496781615924516
2020-04-15 18:31:00,2108.886799629227,0.0013811140635527476
2020-04-15 18:32:00,2105.8175691000147,0.0013480964735040667
2020-04-15 18:33:00,2108.4464027908775,0.0013243704621616762
2020-04-15 18:34:00,2106.336840147067,0.00131237972199513
2020-04-15 18:35:00,2107.1186994953778,0.0012406687017366693
2020-04-15 18:36:00,2106.2243645125654,0.0012558946946321767
2020-04-15 18:37:00,2109.579955177954,0.0012119129812608973
2020-04-15 18:38:00,2107.9247994601114,0.0012772689610740585
2020-04-15 18:39:00,2106.5394318814565,0.0013078942835801186
2020-04-15 18:40:00,2111.0388513634384,0.0013645542131743794
2020-04-15 18:41:00,2107.8593377315638,0.0013808343584511046
2020-04-15 18:42:00,2107.834365880615,0.001378552655740318
2020-04-15 18:43:00,2105.562614902081,0.0013224855318120512
2020-04-15 18:44:00,2102.959193754403,0.0012609922750368662
2020-04-15 18:45:00,2102.6737609656548,0.0012390205612343318
2020-04-15 18:46:00,2107.247196635871,0.0012584325569851246
2020-04-15 18:47:00,2105.545514037499,0.001197790843114883
2020-04-15 18:48:00,2105.0562756025747,0.0012293737346956545
2020-04-15 18:49:00,2100.978157509778,0.0012386635351290692
2020-04-15 18:50:00,2101.408558631603,0.0011886186918992974
2020-04-15 18:51:00,2101.651165656525,0.0012513964484108307
2020-04-15 18:52:00,2097.5749632228567,0.0012761865858831143
2020-04-15 18:53:00,2095.789839148847,0.0012388861127367666
2020-04-15 18:54:00,2099.31444144094,0.0012275033858589245
2020-04-15 18:55:00,2100.9146009236774,0.0011750226222231991
2020-04-15 18:56:00,2100.77237031534,0.0012485036441517577
2020-04-15 18:57:00,2100.9783966630807,0.0011968770483217783
2020-04-15 18:58:00,2100.5581885403276,0.0012600973410210803
2020-04-15 18:59:00,2103.9398361625686,0.0012189127006107868
2020-04-15 19:00:00,2104.916608569987,0.0012552755904902842
2020-04-15 19:01:00,2107.6339386413265,0.001294497823353741
2020-04-15 19:02:00,2110.6574752083643,0.001301083302182181
2020-04-15 19:03:00,2111.0088680414924,0.0013199641141180972
2020-04-15 19:04:00,2114.9400276227834,0.001358937306671359
2020-04-15 19:05:00,2107.527110255042,0.0013348358141309403
2020-04-15 19:06:00,2103.5230466492562,0.0013167151346429001
2020-04-15 19:07:00,2105.411139175368,0.0012882821276974457
2020-04-15 19:08:00,2105.9605958338834,0.0012443268926454869
2020-04-15 19:09:00,2108.2750336465865,0.0012756198994983967
2020-04-15 19:10:00,2109.737120666167,0.0012934107820082065
2020-04-15 19:11:00,2108.691159082541,0.00130268733471701
2020-04-15 19:12:00,2106.6593569756055,0.0013150490850565308
2020-04-15 19:13:00,2110.3695893234144,0.0012915582973275289
2020-04-15 19:14:00,2111.2257033495052,0.0013169278519353932
2020-04-15 19:15:00,2109.4622147933237,0.001365061068019734
2020-04-15 19:16:00,2104.5207048966813,0.001396254593219096
2020-04-15 19:17:00,2109.376510437537,0.0013039946648632876
2020-04-15 19:18:00,2106.6246352431613,0.0012668991161917196
2020-04-15 19:19:00,2107.8070743993126,0.0012658914876887018
2020-04-15 19:20:00,2104.7928025689553,0.0012599321749971145
2020-04-15 19:21:00,2104.4887629485543,0.0012492561574732114
2020-04-15 19:22:00,2109.2061353509,0.0012215368188140167
2020-04-15 19:23:00,2110.409333838968,0.0011450068347441632
2020-04-15 19:24:00,2113.688681410352,0.0011457006584976092
2020-04-15 19:25:00,2112.337135226884,0.0011654815727334658
2020-04-15 19:26:00,2115.1943740932015,0.001154927578491932
2020-04-15 19:27:00,2111.2741949039037,0.0011544520107001483
2020-04-15 19:28:00,2109.7860259706063,0.0010968880545632284
2020-04-15 19:29:00,2108.5744023865586,0.0010807314021091265
2020-04-15 19:30:00,2110.706256777068,0.0011080980707226238
2020-04-15 19:31:00,2107.088407940297,0.0011344041406734467
2020-04-15 19:32:00,2102.7696814613173,0.0010887173395126958
2020-04-15 19:33:00,2102.546230066867,0.0011113932262582337
2020-04-15 19:34:00,2102.98053073533,0.001097817529448022
2020-04-15 19:35:00,2101.3835911516244,0.0010405462954735953
2020-04-15 19:36:00,2101.2903851331403,0.001047448692273963
2020-04-15 19:37:00,2101.20226205016,0.0010622534092407695
2020-04-15 19:38:00,2102.5595609242896,0.0011175689710113876
2020-04-15 19:39:00,2104.590070380259,0.0011034224426279525
2020-04-15 19:40:00,2103.3814972346927,0.0011737204446455925
2020-04-15 19:41:00,2103.181326665873,0.0011695087941894372
2020-04-15 19:42:00,2104.4972913499646,0.0011812652709014331
2020-04-15 19:43:00,2098.950918813046,0.0012435956152634846
2020-04-15 19:44:00,2100.0233760422284,0.0012362751505181867
2020-04-15 19:45:00,2099.317212692952,0.0012828632014281
2020-04-15 19:46:00,2097.1126420453693,0.0012356762608635552
2020-04-15 19:47:00,2099.3269786014266,0.0011829574259645673
2020-04-15 19:48:00,2099.781010413163,0.0011709100191136638
2020-04-15 19:49:00,2102.2146573307064,0.0011117210822753265
2020-04-15 19:50:00,2100.814575144913,0.00112263583469684
2020-04-15 19:51:00,2097.366693539672,0.0011021454913950962
2020-04-15 19:52:00,2093.0887744796455,0.0011152799686982846
2020-04-15 19:53:00,2093.22523727581,0.0010744234757221667
2020-04-15 19:54:00,2096.878648493881,0.001036480597042825
2020-04-15 19:55:00,2096.733501557662,0.0010251393176896031
2020-04-15 19:56:00,2099.20114541404,0.0010364783068423033
2020-04-15 19:57:00,2101.6521788112,0.0009887677480571082
2020-04-15 19:58:00,2100.673551718036,0.0010212137996415823
2020-04-15 19:59:00,2101.7138409996073,0.001007227132960672
2020-04-16 13:30:00,2039.3975163948087,0.0009352065948783103
2020-04-16 13:31:00,2042.380349973849,0.0009192521618729019
2020-04-16 13:32:00,2046.7543272651162,0.0009407026900028148
2020-04-16 13:33:00,2049.4061602105294,0.0009505673996601872
2020-04-16 13:34:00,2047.7215622828965,0.0009992227966011014
2020-04-16 13:35:00,2047.870518781643,0.0009323927948425853
2020-04-16 13:36:00,2046.798774390201,0.0008829562585024647
2020-04-16 13:37:00,2045.736841165294,0.0009022166473021197
2020-04-16 13:38:00,2045.4846042944762,0.000895404622312952
2020-04-16 13:39:00,2045.4594802846536,0.0009613281246451928
2020-04-16 13:40:00,2046.4492361771486,0.0009185145002810075
2020-04-16 13:41:00,2045.987005235773,0.0009821105719457076
2020-04-16 13:42:00,2045.866383608305,0.0010225052209089603
2020-04-16 13:43:00,2044.3848895524156,0.0010028830854240571
2020-04-16 13:44:00,2043.6549050262074,0.0010219538805105576
2020-04-16 13:45:00,2043.3673450745264,0.0009835418916843252
2020-04-16 13:46:00,2040.9950318225226,0.0009999425219314644
2020-04-16 13:47:00,2040.3694727729878,0.0010135551368621962
2020-04-16 13:48:00,2042.4155648248277,0.0010744187612057774
2020-04-16 13:49:00,2039.4918241476296,0.0011069313926072566
2020-04-16 13:50:00,2040.1875564804618,0.0010524520105956946
2020-04-16 13:51:00,2044.5388615685424,0.0011197811305956487
2020-04-16 13:52:00,2047.3798092058917,0.0011412621332339843
2020-04-16 13:53:00,2048.5376709934308,0.0011125059577840903
2020-04-16 13:54:00,2049.7112558652466,0.001135906616126088
2020-04-16 13:55:00,2046.833170373619,0.0011477751907948027
2020-04-16 13:56:00,2040.1713695121418,0.0011531678732761372
2020-04-16 13:57:00,2038.0806381711254,0.0011731656394979397
2020-04-16 13:58:00,2038.6847821092724,0.0010813084385735724
2020-04-16 13:59:00,2041.6617673779579,0.0010515225975727023
2020-04-16 14:00:00,2045.8183932909756,0.0010792965661902123
2020-04-16 14:01:00,2046.970239760727,0.001010925256583576
2020-04-16 14:02:00,2045.8383900431672,0.0010235934066588313
2020-04-16 14:03:00,2045.8776811354383,0.0009598169737199966
2020-04-16 14:04:00,2045.2714361313042,0.0009216003049442743
2020-04-16 14:05:00,2042.525687272006,0.0008325104466727672
2020-04-16 14:06:00,2040.7636110630351,0.0008450461507467
2020-04-16 14:07:00,2041.234357459881,0.00082205794466282
2020-04-16 14:08:00,2044.416056931925,0.0007837752333873687
2020-04-16 14:09:00,2044.9964783549015,0.0007492229869659741
2020-04-16 14:10:00,2045.1723404354277,0.0007447296051859671
2020-04-16 14:11:00,2046.6470232056192,0.0008125094685884314
2020-04-16 14:12:00,2046.006728947285,0.0007639690448047002
2020-04-16 14:13:00,2047.7474546891779,0.0007714800523038975
2020-04-16 14:14:00,2046.9664742904433,0.0007772163712566838
2020-04-16 14:15:00,2046.0846323288786,0.0008100688775173015
2020-04-16 14:16:00,2045.053941546147,0.0008436693698335598
2020-04-16 14:17:00,2046.5124354797217,0.0008521689999430343
2020-04-16 14:18:00,2044.8989065696887,0.0008571306142314565
2020-04-16 14:19:00,2043.720418627018,0.0008583077980753615
2020-04-16 14:20:00,2044.4380784856683,0.0008113082141108022
2020-04-16 14:21:00,2044.2046761282636,0.0007972483930088771
2020-04-16 14:22:00,2045.0159517860804,0.0007672907245849017
2020-04-16 14:23:00,2043.7742912721862,0.0007562853275939708
2020-04-16 14:24:00,2041.2203785234776,0.0007600167258474851
2020-04-16 14:25:00,2039.7465583483354,0.0007441697466991002
2020-04-16 14:26:00,2038.1877332680901,0.0007302775358548691
2020-04-16 14:27:00,2037.8301690128667,0.0007354472175941861
2020-04-16 14:28:00,2037.4177800514874,0.0007052117081694049
2020-04-16 14:29:00,2034.5791334262522,0.0006743225447146667
2020-04-16 14:30:00,2035.8764254177947,0.0006956740157566695
2020-04-16 14:31:00,2034.2560691693761,0.0006579742426401281
2020-04-16 14:32:00,2034.2094342027274,0.000618854028464326
2020-04-16 14:33:00,2034.226469787076,0.000614648838219576
2020-04-16 14:34:00,2032.939452818534,0.0005827853296864853
2020-04-16 14:35:00,2033.5865354206896,0.0005767451302063173
2020-04-16 14:36:00,2036.3211831454234,0.0005603270499088091
2020-04-16 14:37:00,2037.1394764960603,0.0005541986708912922
2020-04-16 14:38:00,2036.3629940830165,0.0005599414976795937
2020-04-16 14:39:00,2037.162370752593,0.0004679314088381829
2020-04-16 14:40:00,2038.2656283275144,0.0005072296849440749
2020-04-16 14:41:00,2037.382760246581,0.00045630034167237543
2020-04-16 14:42:00,2036.2280152076887,0.00043963466662036915
2020-04-16 14:43:00,2035.823547991043,0.0004976894486142614
2020-04-16 14:44:00,2035.6666228953982,0.000532493958114222
2020-04-16 14:45:00,2034.3968047255858,0.0005211863967083356
2020-04-16 14:46:00,2033.454974896179,0.0005239154926015419
2020-04-16 14:47:00,2033.7991621053627,0.0005212292355884579
2020-04-16 14:48:00,2032.6478467327436,0.0004978396945488332
2020-04-16 14:49:00,2034.1790692934069,0.0005079461688831953
2020-04-16 14:50:00,2032.1755339306696,0.000561973336477888
2020-04-16 14:51:00,2032.964949080047,0.0005910211448616061
2020-04-16 14:52:00,2032.0538454708258,0.0006487132131334625
2020-04-16 14:53:00,2031.6762951082023,0.0006469165017938021
2020-04-16 14:54:00,2031.1328167865117,0.0006296797882381573
2020-04-16 14:55:00,2033.1143614796774,0.0006591706786411164
2020-04-16 14:56:00,2031.0392674659126,0.0006117922093686189
2020-04-16 14:57:00,2031.5462338423351,0.0006301353357505148
2020-04-16 14:58:00,2030.7726537869814,0.000672987715707468
2020-04-16 14:59:00,2030.3221542377232,0.0006616167010987041
2020-04-16 15:00:00,2031.8225795329224,0.0006738863786113047
2020-04-16 15:01:00,2030.4948301093127,0.0006867904819920494
2020-04-16 15:02:00,2030.2443499798244,0.0006977251616592719
2020-04-16 15:03:00,2030.758489602091,0.000761654720628364
2020-04-16 15:04:00,2030.7768692735358,0.0007917450392289365
2020-04-16 15:05:00,2030.7150427196257,0.0008095826969406862
2020-04-16 15:06:00,2029.8575084992,0.0008371016192886072
2020-04-16 15:07:00,2030.0861088204767,0.0008255193062518082
2020-04-16 15:08:00,2026.1469539351126,0.000825621512265906
2020-04-16 15:09:00,2025.406689541853,0.0008482945153682658
2020-04-16 15:10:00,2023.9761489623243,0.0008202030298842068
2020-04-16 15:11:00,2026.6023848604536,0.0008774997685868215
2020-04-16 15:12:00,2027.3792046430308,0.0009402692870631834
2020-04-16 15:13:00,2028.4153376896513,0.0009194065444406373
2020-04-16 15:14:00,2031.3917003523518,0.0009149642184176712
2020-04-16 15:15:00,2032.8173614535008,0.0009279897570910366
2020-04-16 15:16:00,2033.3566246321143,0.0008763013170769397
2020-04-16 15:17:00,2031.3594593973542,0.0008535741451201887
2020-04-16 15:18:00,2032.1568254564588,0.0009073878871042561
2020-04-16 15:19:00,2032.6241969838868,0.0008626102577207569
2020-04-16 15:20:00,2034.1388637631571,0.0008202111788443893
2020-04-16 15:21:00,2033.2530531397263,0.000770987319004555
2020-04-16 15:22:00,2031.1484649091515,0.0007389739728060412
2020-04-16 15:23:00,2028.9070280477317,0.0007577900390876309
2020-04-16 15:24:00,2028.5768578787,0.0006806493949622467
2020-04-16 15:25:00,2027.753679090952,0.0006805730974330708
2020-04-16 15:26:00,2026.5787253707035,0.0006930175948175997
2020-04-16 15:27:00,2026.1760683878517,0.0006517379884911744
2020-04-16 15:28:00,2025.7552550084426,0.0006075531352377299
2020-04-16 15:29:00,2026.8921799040972,0.00068705950678714
2020-04-16 15:30:00,2028.008782671508,0.0006597968836024046
2020-04-16 15:31:00,2028.0046215182856,0.0006156832585671318
2020-04-16 15:32:00,2028.7941045544742,0.000585712337171063
2020-04-16 15:33:00,2027.2832552054185,0.0006680314681428095
2020-04-16 15:34:00,2027.4753064852944,0.0006996148422077234
2020-04-16 15:35:00,2029.3392987693967,0.0006658018917777616
2020-04-16 15:36:00,2028.490884856498,0.0007388794536591486
2020-04-16 15:37:00,2029.085441401705,0.0007709503102489616
2020-04-16 15:38:00,2032.2667938354534,0.0007949132528347684
2020-04-16 15:39:00,2030.1652247181562,0.0008261301200935416
2020-04-16 15:40:00,2030.3335254860608,0.0007776612684890741
2020-04-16 15:41:00,2031.4867814819543,0.0007256079433935124
2020-04-16 15:42:00,2032.1260634802659,0.0007623055287207175
2020-04-16 15:43:00,2030.4652502203658,0.0008542170632370947
2020-04-16 15:44:00,2031.7891356299995,0.0009140824658179742
2020-04-16 15:45:00,2035.5934979351418,0.0009372519933651725
2020-04-16 15:46:00,2035.63215610076,0.0008659229974045705
2020-04-16 15:47:00,2033.8520748482697,0.0008660761513005512
2020-04-16 15:48:00,2035.8474097782162,0.0008916891560673552
2020-04-16 15:49:00,2036.4725090196398,0.0008857316946628699
2020-04-16 15:50:00,2036.750741395177,0.0008444493126743174
2020-04-16 15:51:00,2037.138437020574,0.0008711560640576836
2020-04-16 15:52:00,2035.757328241908,0.0008256475082428636
2020-04-16 15:53:00,2037.5277900452613,0.000868246045145446
2020-04-16 15:54:00,2034.060501098793,0.0008817483143196666
2020-04-16 15:55:00,2034.075476212217,0.0008320259663318357
2020-04-16 15:56:00,2036.0182302072162,0.0008284818294150789
2020-04-16 15:57:00,2039.29303632424,0.0007817843625869235
2020-04-16 15:58:00,2039.5554973039043,0.0008533924391594433
2020-04-16 15:59:00,2039.8900993932536,0.0007981271430649837
2020-04-16 16:00:00,2042.8385360057546,0.0008035555662157808
2020-04-16 16:01:00,2040.0063743537055,0.000784975568182377
2020-04-16 16:02:00,2039.0283226771496,0.0007388888787074665
2020-04-16 16:03:00,2041.1298679741753,0.000730225825399175
2020-04-16 16:04:00,2040.9814109271113,0.000747205645277184
2020-04-16 16:05:00,2041.3184503066188,0.00076535330262458
2020-04-16 16:06:00,2040.892300680001,0.0007541455068901955
2020-04-16 16:07:00,2041.8523072263145,0.0007966595355149235
2020-04-16 16:08:00,2040.8176182692873,0.0007973027534624929
2020-04-16 16:09:00,2040.6002029972617,0.0008690378936725647
2020-04-16 16:10:00,2039.2561156461215,0.0008879393649772175
2020-04-16 16:11:00,2040.220990295002,0.000888736094454745
2020-04-16 16:12:00,2042.0281982227084,0.000911118702331669
2020-04-16 16:13:00,2038.9706133370892,0.0008958849903298669
2020-04-16 16:14:00,2041.341591816775,0.0009239999858802448
2020-04-16 16:15:00,2043.8135750728877,0.0008787495255685714
2020-04-16 16:16:00,2041.7598773263667,0.0008871907007159355
2020-04-16 16:17:00,2042.927878425401,0.0009325895607271413
2020-04-16 16:18:00,2043.3639780886115,0.0009950675837761614
2020-04-16 16:19:00,2042.0155947321025,0.0010089548630753296
2020-04-16 16:20:00,2043.620194744261,0.001035784509615296
2020-04-16 16:21:00,2041.0329652893442,0.0010395718752473264
2020-04-16 16:22:00,2039.52314638597,0.0010857621667208052
2020-04-16 16:23:00,2040.538654651105,0.0010639789969381264
2020-04-16 16:24:00,2041.7710776749027,0.001015663536914083
2020-04-16 16:25:00,2039.9741967722232,0.0010303268507045763
2020-04-16 16:26:00,2036.380473297023,0.0010208470797115044
2020-04-16 16:27:00,2034.0543605905607,0.0009850465280593164
2020-04-16 16:28:00,2037.0346635566789,0.0009702977228885178
2020-04-16 16:29:00,2034.779135238001,0.0009151153023186335
2020-04-16 16:30:00,2035.1098420656758,0.0009612117364116206
2020-04-16 16:31:00,2037.2530690226956,0.0009489173931132113
2020-04-16 16:32:00,2038.3211721177217,0.0009658719290945837
2020-04-16 16:33:00,2037.8741043666798,0.0009863727913014203
2020-04-16 16:34:00,2038.0704699560215,0.001040199480434254
2020-04-16 16:35:00,2039.1920811314938,0.0010524650462769753
2020-04-16 16:36:00,2040.6745312547057,0.0009998774483469175
2020-04-16 16:37:00,2039.6276251964457,0.0009468796493087101
2020-04-16 16:38:00,2039.4996966199055,0.0009387748757093643
2020-04-16 16:39:00,2041.1198982416524,0.0010119928524843656
2020-04-16 16:40:00,2042.1480084940072,0.001036382952153211
2020-04-16 16:41:00,2042.8020294333305,0.0010066605548747502
2020-04-16 16:42:00,2043.1744442325235,0.0009873554233238305
2020-04-16 16:43:00,2042.8219182219677,0.001036399177020383
2020-04-16 16:44:00,2040.533360752186,0.0010665399505540754
2020-04-16 16:45:00,2043.5547032042748,0.0010979476393076237
2020-04-16 16:46:00,2043.4661232476408,0.0011808543086145097
2020-04-16 16:47:00,2048.138985653874,0.001135502822955561
2020-04-16 16:48:00,2047.418513422602,0.0011878140306808963
2020-04-16 16:49:00,2047.2157964890805,0.0011576695699652261
2020-04-16 16:50:00,2048.014342293132,0.0010716117086579883
2020-04-16 16:51:00,2045.2387273443637,0.0011706187625746328
2020-04-16 16:52:00,2044.2164678730487,0.0011669889988310121
2020-04-16 16:53:00,2041.8473224881334,0.0012323890896177778
2020-04-16 16:54:00,2041.963329599088,0.0012087766923966656
2020-04-16 16:55:00,2039.4068287000584,0.0012103567284650544
2020-04-16 16:56:00,2040.435220608296,0.0012114429181116456
2020-04-16 16:57:00,2040.590221411047,0.001214661434808824
2020-04-16 16:58:00,2037.912379762152,0.0012112521496866289
2020-04-16 16:59:00,2041.1944169735432,0.0012380775706344997
2020-04-16 17:00:00,2046.5712806414085,0.0012519267805041038
2020-04-16 17:01:00,2051.307745241604,0.001318285422526399
2020-04-16 17:02:00,2054.340544266629,0.0013507417022411595
2020-04-16 17:03:00,2056.4244470740564,0.0013976537238156405
2020-04-16 17:04:00,2057.0000321223943,0.0014105607993529531
2020-04-16 17:05:00,2051.956465450248,0.001395216318272981
2020-04-16 17:06:00,2050.840210883505,0.0014481191090174117
2020-04-16 17:07:00,2048.4977485496966,0.0014827095194721062
2020-04-16 17:08:00,2051.270166709462,0.0014661811980588814
2020-04-16 17:09:00,2048.6005570496045,0.0014114136603013722
2020-04-16 17:10:00,2052.6651633764686,0.0013841590712754606
2020-04-16 17:11:00,2053.6973926034893,0.0013288920946948656
2020-04-16 17:12:00,2054.4970364084893,0.0014133185537608555
2020-04-16 17:13:00,2058.1662513615756,0.0013776065404600669
2020-04-16 17:14:00,2053.8123020998537,0.0013490989965519093
2020-04-16 17:15:00,2051.408405503329,0.0013296355413676146
2020-04-16 17:16:00,2051.362076508687,0.0013280168797918607
2020-04-16 17:17:00,2049.4608139047086,0.001262783503828964
2020-04-16 17:18:00,2048.9153023583017,0.001253776072561395
2020-04-16 17:19:00,2045.4171013100388,0.0012856013167032814
2020-04-16 17:20:00,2049.196062513196,0.0012995959402838481
2020-04-16 17:21:00,2050.3338937842964,0.001274013511392484
2020-04-16 17:22:00,2048.4502125083036,0.0012330683742768783
2020-04-16 17:23:00,2050.939829789624,0.0012391199895319385
2020-04-16 17:24:00,2051.5402364528377,0.0012428240422814585
2020-04-16 17:25:00,2055.2289582175117,0.0012547528063411512
2020-04-16 17:26:00,2057.4913691922734,0.0013230134990306647
2020-04-16 17:27:00,2058.716006892193,0.0013033050339831217
2020-04-16 17:28:00,2055.496008323437,0.0013303776641613529
2020-04-16 17:29:00,2055.5189525645883,0.0013670994536399458
2020-04-16 17:30:00,2053.901537817754,0.0014163960645705953
2020-04-16 17:31:00,2052.3107165009114,0.0013888376041428373
2020-04-16 17:32:00,2048.1344065048665,0.0014133109046915052
2020-04-16 17:33:00,2051.680556926217,0.0013948997917605785
2020-04-16 17:34:00,2051.015759786464,0.0013305849717072172
2020-04-16 17:35:00,2051.929432013548,0.0012781719436496173
2020-04-16 17:36:00,2052.0198628793714,0.0013073818917636493
2020-04-16 17:37:00,2054.949092751669,0.0012773250761373002
2020-04-16 17:38:00,2051.411582445962,0.0013101729224535672
2020-04-16 17:39:00,2049.32784743608,0.0013101764726262141
2020-04-16 17:40:00,2049.23747779599,0.001257014361484061
2020-04-16 17:41:00,2052.621423554166,0.0012054938430182246
2020-04-16 17:42:00,2053.430966514056,0.0011740798659416797
2020-04-16 17:43:00,2054.5292223033807,0.0012072023785976087
2020-04-16 17:44:00,2054.254784147117,0.0011992101440997604
2020-04-16 17:45:00,2053.8110101120346,0.0011115603389599297
2020-04-16 17:46:00,2056.303526385174,0.001079303042555564
2020-04-16 17:47:00,2056.0506558118004,0.0011155560731288155
2020-04-16 17:48:00,2057.6788005846474,0.0010742771022029024
2020-04-16 17:49:00,2057.9614686787545,0.0011336399499025495
2020-04-16 17:50:00,2061.5611139362045,0.0012132326430126248
2020-04-16 17:51:00,2063.1396320939407,0.0011928171097815897
2020-04-16 17:52:00,2064.6043334960696,0.0011574617373533926
2020-04-16 17:53:00,2064.342662328665,0.0011364805821489077
2020-04-16 17:54:00,2063.803214870897,0.0010989571819007282
2020-04-16 17:55:00,2066.023282044362,0.00108339937705051
2020-04-16 17:56:00,2065.490763309273,0.0011081840280517485
2020-04-16 17:57:00,2062.8692808912288,0.0010962855011704797
2020-04-16 17:58:00,2065.1867167114474,0.0010526343603941065
2020-04-16 17:59:00,2064.606150641866,0.0010426018537866661
2020-04-16 18:00:00,2063.3099404398595,0.0010636309115863113
2020-04-16 18:01:00,2063.242984894436,0.0010174270999213587
2020-04-16 18:02:00,2065.9150033417523,0.0009745295850026645
2020-04-16 18:03:00,2065.076858618094,0.0009021373087716321
2020-04-16 18:04:00,2067.0639622786116,0.0009146287761736308
2020-04-16 18:05:00,2069.556634053008,0.0009000705231955592
2020-04-16 18:06:00,2067.0918523709797,0.0009029144334480194
2020-04-16 18:07:00,2068.0323519093968,0.0009259876074631729
2020-04-16 18:08:00,2068.7617489150853,0.0009612707000693705
2020-04-16 18:09:00,2070.51853237758,0.0009784422086915455
2020-04-16 18:10:00,2069.125308059344,0.0010062694990467368
2020-04-16 18:11:00,2071.407660936191,0.0009860064421513713
2020-04-16 18:12:00,2071.90147560737,0.0009946540756757116
2020-04-16 18:13:00,2070.3736545611937,0.0009941142734534163
2020-04-16 18:14:00,2070.4700108971256,0.0009811539488088824
2020-04-16 18:15:00,2072.017046280775,0.001079609704262862
2020-04-16 18:16:00,2067.004345084052,0.00106061073707898
2020-04-16 18:17:00,2068.8679367114205,0.001053851152221978
2020-04-16 18:18:00,2069.5023442710035,0.0010766047587694905
2020-04-16 18:19:00,2069.8016160132265,0.0010726143130934626
2020-04-16 18:20:00,2068.8455471046104,0.0009797941996070067
2020-04-16 18:21:00,2068.4394631390455,0.0009108337609090779
2020-04-16 18:22:00,2068.948657506925,0.0009099641458051228
2020-04-16 18:23:00,2069.207317632111,0.0008554470143661459
2020-04-16 18:24:00,2066.6016182921494,0.0008058629544147704
2020-04-16 18:25:00,2064.3901539175063,0.000818301524644216
2020-04-16 18:26:00,2064.810313478627,0.0008606761774179579
2020-04-16 18:27:00,2065.7040018044454,0.0009229001259294573
2020-04-16 18:28:00,2067.00736995669,0.0008716563141905448
2020-04-16 18:29:00,2069.0330950020407,0.0007885875284629639
2020-04-16 18:30:00,2072.128647890426,0.0008015721846206929
2020-04-16 18:31:00,2073.293769744535,0.0007507571723105465
2020-04-16 18:32:00,2072.43000967982,0.0007378367891844018
2020-04-16 18:33:00,2073.242894286302,0.0007438643785064441
2020-04-16 18:34:00,2073.769863082606,0.0007585401852560599
2020-04-16 18:35:00,2075.548051720728,0.0008160017847724288
2020-04-16 18:36:00,2077.3950974199333,0.0008438062924268385
2020-04-16 18:37:00,2073.345599009936,0.000877272681548417
2020-04-16 18:38:00,2074.968299733653,0.0008566199392804458
2020-04-16 18:39:00,2076.682078054262,0.0008135093659436674
2020-04-16 18:40:00,2077.2810406029016,0.0008448776495991323
2020-04-16 18:41:00,2077.6173498632775,0.0009111963280078813
2020-04-16 18:42:00,2073.4565355658315,0.0009539837834559785
2020-04-16 18:43:00,2073.325095060157,0.0009718041289897496
2020-04-16 18:44:00,2074.2036381402945,0.001051742121445127
2020-04-16 18:45:00,2073.386525940351,0.001050440622114025
2020-04-16 18:46:00,2072.309739921583,0.0009923223999019676
2020-04-16 18:47:00,2071.872653954343,0.0009652460906488229
2020-04-16 18:48:00,2069.786287956944,0.0008952082865483968
2020-04-16 18:49:00,2071.1907699581056,0.0008887160338208297
2020-04-16 18:50:00,2073.6702679131713,0.000895510866032981
2020-04-16 18:51:00,2072.066235185616,0.0008864642719711286
2020-04-16 18:52:00,2069.7339169024754,0.0009053058769227152
2020-04-16 18:53:00,2066.1792187404876,0.0008766292808094774
2020-04-16 18:54:00,2065.2554179843382,0.0008889427133649331
2020-04-16 18:55:00,2064.8961047869016,0.0008825805456124303
2020-04-16 18:56:00,2064.8630035900155,0.0008753409146549658
2020-04-16 18:57:00,2063.0274910128346,0.0009108696206398601
2020-04-16 18:58:00,2066.299544114208,0.0008938287168571041
2020-04-16 18:59:00,2069.599317510664,0.0009535789493652065
2020-04-16 19:00:00,2072.718740805213,0.0010394980858908962
2020-04-16 19:01:00,2072.81217379626,0.0010035667441474657
2020-04-16 19:02:00,2073.113415017852,0.00098153433622888
2020-04-16 19:03:00,2073.83028786026,0.000995052416801686
2020-04-16 19:04:00,2077.1001198748563,0.001012272342368949
2020-04-16 19:05:00,2080.328024394491,0.0009942974468020276
2020-04-16 19:06:00,2078.2755570461413,0.0010444402412393497
2020-04-16 19:07:00,2077.8795458282802,0.001044827289813779
2020-04-16 19:08:00,2080.923251717341,0.0010365210417977333
2020-04-16 19:09:00,2077.67567704319,0.0010520369064669973
2020-04-16 19:10:00,2076.201339057663,0.0010002203332615412
2020-04-16 19:11:00,2077.444222718757,0.0009226009332583914
2020-04-16 19:12:00,2076.4460593274043,0.0009223508095917961
2020-04-16 19:13:00,2077.9530013568824,0.0009402708854687805
2020-04-16 19:14:00,2084.555217559988,0.0009246576728014053
2020-04-16 19:15:00,2080.0340760099893,0.0008951823726022226
2020-04-16 19:16:00,2077.0028256037854,0.0008301628770883522
2020-04-16 19:17:00,2075.1975849866108,0.0008384431440956433
2020-04-16 19:18:00,2073.018272359281,0.0007959054825028699
2020-04-16 19:19:00,2072.5968023244714,0.0008100906089618246
2020-04-16 19:20:00,2072.6777345271375,0.0007912178496421806
2020-04-16 19:21:00,2072.355405722629,0.0007811910114199562
2020-04-16 19:22:00,2070.234348269924,0.0007689746695955124
2020-04-16 19:23:00,2070.2286796387907,0.000772345099118734
2020-04-16 19:24:00,2068.801135478244,0.0007958545059995752
2020-04-16 19:25:00,2070.2648350205436,0.0007710241199845374
2020-04-16 19:26:00,2071.1671217835788,0.000757552596676811
2020-04-16 19:27:00,2073.0917798327773,0.0007450584742636807
2020-04-16 19:28:00,2071.9377378542044,0.0007038639618432529
2020-04-16 19:29:00,2072.8092925563838,0.0007257686279703823
2020-04-16 19:30:00,2071.6446712412226,0.00071148726718964
2020-04-16 19:31:00,2071.202107879556,0.000756357557816517
2020-04-16 19:32:00,2071.0503066369383,0.0007393722204384143
2020-04-16 19:33:00,2071.3417479027635,0.0007388057997574253
2020-04-16 19:34:00,2071.7438553313978,0.0007092256238055358
2020-04-16 19:35:00,2071.6327294358234,0.0006940935176703915
2020-04-16 19:36:00,2071.4473800654714,0.0007462703528795244
2020-04-16 19:37:00,2070.7687750843297,0.0007242734457785811
2020-04-16 19:38:00,2070.538705989986,0.0007295556939920564
2020-04-16 19:39:00,2069.226454672999,0.0007353991378851648
2020-04-16 19:40:00,2071.003430165408,0.0007252124999588418
2020-04-16 19:41:00,2068.9412232152713,0.0007400918883658007
2020-04-16 19:42:00,2069.7275035306607,0.0007214995982266637
2020-04-16 19:43:00,2069.668577962553,0.0006827815472868882
2020-04-16 19:44:00,2070.2386666565862,0.0006383990756508935
2020-04-16 19:45:00,2070.848699388445,0.0006878666454260726
2020-04-16 19:46:00,2068.054127747383,0.0007629042022942139
2020-04-16 19:47:00,2067.919691487184,0.0007408673033339624
2020-04-16 19:48:00,2068.7788095197466,0.0007190684236341686
2020-04-16 19:49:00,2068.3402346531793,0.0007181746187910858
2020-04-16 19:50:00,2066.2785567969477,0.0007023878908642672
2020-04-16 19:51:00,2066.71188888259,0.0006672613736879344
2020-04-16 19:52:00,2064.9163102518437,0.0006832585080711367
2020-04-16 19:53:00,2065.1943943474093,0.0006580621445797653
2020-04-16 19:54:00,2064.6539251732383,0.0006860110883192217
2020-04-16 19:55:00,2064.087039142902,0.0006666285467743034
2020-04-16 19:56:00,2063.9991573837324,0.0007685990625544605
2020-04-16 19:57:00,2064.6374866075626,0.0007632361136638958
2020-04-16 19:58:00,2064.620143216045,0.0007151857775734764
2020-04-16 19:59:00,2063.604895748688,0.0007703386349966667
2020-04-17 13:30:00,2080.843982635188,0.0007980429036080175
2020-04-17 13:31:00,2081.2554785593316,0.0008363191906486254
2020-04-17 13:32:00,2080.839808094983,0.0008978056520338355
2020-04-17 13:33:00,2079.9818437224667,0.0009107059409139362
2020-04-17 13:34:00,2077.3232162872487,0.0008998716891296781
2020-04-17 13:35:00,2079.983924899277,0.0008568777345750486
2020-04-17 13:36:00,2080.9814794311937,0.0008601904913139354
2020-04-17 13:37:00,2080.1983519158234,0.0008024484457737738
2020-04-17 13:38:00,2079.102442049992,0.000805244121772261
2020-04-17 13:39:00,2079.169001113674,0.0007802757292855826
2020-04-17 13:40:00,2079.0402459051998,0.0007077199957975213
2020-04-17 13:41:00,2077.8918253522997,0.0006759506064414153
2020-04-17 13:42:00,2076.710357137683,0.0007050931875806349
2020-04-17 13:43:00,2075.8869393912632,0.0007708689856228523
2020-04-17 13:44:00,2075.5486225997406,0.0007691711535259576
2020-04-17 13:45:00,2072.880047605425,0.0007757277053838428
2020-04-17 13:46:00,2073.5332571278905,0.000795721148260255
2020-04-17 13:47:00,2073.9101832133615,0.0007778792055401712
2020-04-17 13:48:00,2075.339214239507,0.0007906009871475131
2020-04-17 13:49:00,2076.3647635778048,0.0008311451813574561
2020-04-17 13:50:00,2075.175165673981,0.0008638625845933831
2020-04-17 13:51:00,2076.329425349325,0.0008503730066234268
2020-04-17 13:52:00,2077.7202955072744,0.0007999398368558559
2020-04-17 13:53:00,2075.4380880957942,0.0007578625021710457
2020-04-17 13:54:00,2076.7013800446853,0.0007491686713805396
2020-04-17 13:55:00,2079.890717898395,0.0007891638424409843
2020-04-17 13:56:00,2078.14136355681,0.0008473600910606483
2020-04-17 13:57:00,2080.78256570532,0.0009170742815733921
2020-04-17 13:58:00,2079.294570765315,0.0008882794412411342
2020-04-17 13:59:00,2078.9502131233144,0.0008717350109391482
2020-04-17 14:00:00,2081.8846700436593,0.0008645738310246383
2020-04-17 14:01:00,2079.7405171136384,0.0008464536365412007
2020-04-17 14:02:00,2079.6938631984144,0.0008505382344709675
2020-04-17 14:03:00,2077.704350089283,0.0008505790045333594
2020-04-17 14:04:00,2079.4598950867635,0.000920589165931406
2020-04-17 14:05:00,2079.74215149389,0.0009259060431696879
2020-04-17 14:06:00,2080.849382046918,0.0009729583985667737
2020-04-17 14:07:00,2079.949124244396,0.0009603550928884673
2020-04-17 14:08:00,2078.710303730885,0.0009866159182034334
2020-04-17 14:09:00,2081.601755641662,0.001019352952535729
2020-04-17 14:10:00,2085.6795466966905,0.0010650478980122652
2020-04-17 14:11:00,2087.9364597267345,0.00109536926093357
2020-04-17 14:12:00,2087.208041653415,0.001122012761904277
2020-04-17 14:13:00,2088.703978171257,0.0011118481018299947
2020-04-17 14:14:00,2080.7583867939247,0.0011268176101821158
2020-04-17 14:15:00,2080.000031199477,0.0010548665173755625
2020-04-17 14:16:00,2077.4003503973495,0.0010843245672920786
2020-04-17 14:17:00,2074.8729913065126,0.00113058194697911
2020-04-17 14:18:00,2077.8555100773756,0.0011467702288890092
2020-04-17 14:19:00,2078.675529222449,0.0011771559727362319
2020-04-17 14:20:00,2081.14749573941,0.0012482165274333695
2020-04-17 14:21:00,2082.070448664911,0.0012503788022455217
2020-04-17 14:22:00,2084.0764894688864,0.0012320830787840766
2020-04-17 14:23:00,2086.296367410032,0.0011991770097139487
2020-04-17 14:24:00,2088.2008370349527,0.0012417575499116846
2020-04-17 14:25:00,2090.1847200149396,0.0012351554775105044
2020-04-17 14:26:00,2091.0357584340745,0.0012387006254148405
2020-04-17 14:27:00,2088.7966889369295,0.0012556842448405447
2020-04-17 14:28:00,2092.200504892934,0.0012367073386716106
2020-04-17 14:29:00,2094.078906319463,0.0012737556106518378
2020-04-17 14:30:00,2097.1908803498395,0.0012760473150600232
2020-04-17 14:31:00,2097.1236698623534,0.0012326083355600741
2020-04-17 14:32:00,2095.9209166992955,0.0012582477418274557
2020-04-17 14:33:00,2095.5044823336916,0.0011983341252352737
2020-04-17 14:34:00,2094.8826048528526,0.001176107161946285
2020-04-17 14:35:00,2096.3811694628034,0.0012059123538414147
2020-04-17 14:36:00,2096.1557228441534,0.0012421860350637277
2020-04-17 14:37:00,2094.1256016479033,0.0013546686243612286
2020-04-17 14:38:00,2092.9541945697306,0.0013573913035423973
2020-04-17 14:39:00,2091.0326168890415,0.0014147732197630923
2020-04-17 14:40:00,2091.6823335508084,0.00139869354471921
2020-04-17 14:41:00,2094.5823993227677,0.001356130386197417
2020-04-17 14:42:00,2093.2167506678834,0.001377060717167451
2020-04-17 14:43:00,2092.069333029413,0.0014271110424655383
2020-04-17 14:44:00,2091.9225508144336,0.0013546565481754936
2020-04-17 14:45:00,2092.722063121087,0.0013462387548088069
2020-04-17 14:46:00,2090.72419844079,0.0012790852287042959
2020-04-17 14:47:00,2089.4231713568047,0.0013299277761414936
2020-04-17 14:48:00,2085.9466812242376,0.0013515900409381942
2020-04-17 14:49:00,2086.4264765999,0.0013420538116260513
2020-04-17 14:50:00,2085.3061931031057,0.0012767106156122189
2020-04-17 14:51:00,2084.4663745547973,0.001256165878087705
2020-04-17 14:52:00,2086.265451034787,0.0012789949868279185
2020-04-17 14:53:00,2084.113903282366,0.0012999257063290878
2020-04-17 14:54:00,2084.7828350848204,0.0012543391976750262
2020-04-17 14:55:00,2081.3838548837425,0.0012384596015425067
2020-04-17 14:56:00,2083.699380219333,0.0012108429218797324
2020-04-17 14:57:00,2083.8280698360227,0.0012245120268495264
2020-04-17 14:58:00,2084.639251077055,0.0012057005923964406
2020-04-17 14:59:00,2082.7936212016543,0.001192983693761737
2020-04-17 15:00:00,2080.1689428711265,0.0011703252557581363
2020-04-17 15:01:00,2078.557014844683,0.001255450042861881
2020-04-17 15:02:00,2080.9265177048505,0.0012534457681549337
2020-04-17 15:03:00,2081.7637645121604,0.0012957000726904295
2020-04-17 15:04:00,2076.6919045568266,0.0012658656376039624
2020-04-17 15:05:00,2072.926636947274,0.0013003479619132202
2020-04-17 15:06:00,2072.2617494495576,0.0013368212651084302
2020-04-17 15:07:00,2073.45703934919,0.0012597646661970904
2020-04-17 15:08:00,2073.97967096654,0.0012975204584003695
2020-04-17 15:09:00,2071.9597288162945,0.0012772463745429868
2020-04-17 15:10:00,2077.613171123276,0.0013655443701276846
2020-04-17 15:11:00,2075.7898242277406,0.0013803331872495421
2020-04-17 15:12:00,2074.600447371298,0.0014140382793912684
2020-04-17 15:13:00,2072.413016848617,0.0013722240579737538
2020-04-17 15:14:00,2071.4000263922944,0.0013851796621536724
2020-04-17 15:15:00,2072.786429089024,0.0013768334638026248
2020-04-17 15:16:00,2073.626184761513,0.0013156449644478403
2020-04-17 15:17:00,2078.4421813793597,0.001262223540887856
2020-04-17 15:18:00,2077.2046583816605,0.0012700863696647722
2020-04-17 15:19:00,2075.2227352949267,0.0012858108636495307
2020-04-17 15:20:00,2075.257201391091,0.0012820669168527778
2020-04-17 15:21:00,2075.7236120143216,0.001280918511146649
2020-04-17 15:22:00,2077.86901966709,0.0012496455795917931
2020-04-17 15:23:00,2077.840061501182,0.0012779048467293733
2020-04-17 15:24:00,2081.460716021546,0.0013781777707270173
2020-04-17 15:25:00,2083.589358750231,0.0013906895772503797
2020-04-17 15:26:00,2083.468727700891,0.0013739501859091885
2020-04-17 15:27:00,2082.9376081973733,0.0014365445502198498
2020-04-17 15:28:00,2086.4056497777215,0.0014182250284728876
2020-04-17 15:29:00,2087.626801963121,0.0013539836805017639
2020-04-17 15:30:00,2084.328131245964,0.001392793959880145
2020-04-17 15:31:00,2085.3401956078274,0.0013895744888358043
2020-04-17 15:32:00,2088.5895742355992,0.001351918197171852
2020-04-17 15:33:00,2086.4422872869254,0.0013660028234945857
2020-04-17 15:34:00,2087.1764762702182,0.0013895433678323928
2020-04-17 15:35:00,2087.9033348868757,0.0013614655657203042
2020-04-17 15:36:00,2091.423426400286,0.0014201064716770906
2020-04-17 15:37:00,2089.7106183453893,0.0014079671389873563
2020-04-17 15:38:00,2091.6594976034858,0.0014268268968400106
2020-04-17 15:39:00,2097.3469107849774,0.00138394921218984
2020-04-17 15:40:00,2094.5138934319325,0.0013536321280066424
2020-04-17 15:41:00,2092.059924518762,0.0014081240751702849
2020-04-17 15:42:00,2086.360118300384,0.001434568683299436
2020-04-17 15:43:00,2085.9664290536643,0.001490029249092135
2020-04-17 15:44:00,2084.3644448240793,0.0014168976789943237
2020-04-17 15:45:00,2082.3064986534855,0.0014475265666736494
2020-04-17 15:46:00,2085.5641340357943,0.0014748014723304855
2020-04-17 15:47:00,2084.684051883786,0.0014460138894793208
2020-04-17 15:48:00,2088.2483887458557,0.0014130066263488225
2020-04-17 15:49:00,2090.8388268191925,0.0014126496790140294
2020-04-17 15:50:00,2086.8396468355113,0.0014347959359302489
2020-04-17 15:51:00,2085.240422723324,0.0015216845568764184
2020-04-17 15:52:00,2089.5843561362335,0.0015477869783137965
2020-04-17 15:53:00,2093.05612273379,0.00164288726545721
2020-04-17 15:54:00,2085.7819975057987,0.0016103229249798247
2020-04-17 15:55:00,2087.689577049985,0.001634894099919878
2020-04-17 15:56:00,2084.4070900872803,0.0016710012845519591
2020-04-17 15:57:00,2089.118130250388,0.0017097120622178261
2020-04-17 15:58:00,2088.2567398982646,0.0016131808630638013
2020-04-17 15:59:00,2094.095165848695,0.0015929042011858354
2020-04-17 16:00:00,2095.0541750159837,0.0016447347276722076
2020-04-17 16:01:00,2090.6636943061976,0.0016431076345641334
2020-04-17 16:02:00,2085.1292026671695,0.0016765536964585426
2020-04-17 16:03:00,2085.5187501587325,0.001685320269231809
2020-04-17 16:04:00,2094.2516894781493,0.0016457699797933617
2020-04-17 16:05:00,2097.8732960825478,0.0015718073479302121
2020-04-17 16:06:00,2098.6037091232674,0.0016163630724411963
2020-04-17 16:07:00,2097.152230828725,0.0016295694389710385
2020-04-17 16:08:00,2097.391765014127,0.0015763210570964809
2020-04-17 16:09:00,2093.6125569577302,0.001520827572943473
2020-04-17 16:10:00,2092.1963613632342,0.0014897431068984755
2020-04-17 16:11:00,2090.8935540774364,0.0015363896427469151
2020-04-17 16:12:00,2095.8185423138966,0.0015048053882061902
2020-04-17 16:13:00,2098.6647372780003,0.0015105142505660522
2020-04-17 16:14:00,2098.188872941128,0.0014487967425049226
2020-04-17 16:15:00,2099.703804160967,0.001495468255248227
2020-04-17 16:16:00,2094.523689682533,0.0015643058328913017
2020-04-17 16:17:00,2095.6503780854778,0.0015414596582065153
2020-04-17 16:18:00,2091.4742854343012,0.0016022043844040033
2020-04-17 16:19:00,2090.83094023601,0.0016373706625113266
2020-04-17 16:20:00,2091.9939493424704,0.0016204221374242816
2020-04-17 16:21:00,2094.0493807420207,0.0016389171351037701
2020-04-17 16:22:00,2096.483748714882,0.001593151622749526
2020-04-17 16:23:00,2094.593749883981,0.001544509882006451
2020-04-17 16:24:00,2097.097229497102,0.0015891848442306038
2020-04-17 16:25:00,2094.6588123193005,0.0016017146833220027
2020-04-17 16:26:00,2093.831494286912,0.0015422787170592022
2020-04-17 16:27:00,2098.861366278516,0.0015216626851207778
2020-04-17 16:28:00,2099.797363147542,0.0014940463632528503
2020-04-17 16:29:00,2100.767879332361,0.001479641381766753
2020-04-17 16:30:00,2104.28759032624,0.001550215897525615
2020-04-17 16:31:00,2106.115484392563,0.001565461025920792
2020-04-17 16:32:00,2108.051857766284,0.0015793890292665868
2020-04-17 16:33:00,2103.795072941939,0.0016381376039920046
2020-04-17 16:34:00,2103.565442569683,0.0016324319954232498
2020-04-17 16:35:00,2105.9931162330886,0.0016616172751053315
2020-04-17 16:36:00,2104.757829763603,0.0016121361042215445
2020-04-17 16:37:00,2103.0172087221977,0.0016650706650328643
2020-04-17 16:38:00,2100.5932140205573,0.001688694809084142
2020-04-17 16:39:00,2097.38352210348,0.0016874863157697148
2020-04-17 16:40:00,2101.184721833538,0.0016712361131712864
2020-04-17 16:41:00,2099.6227220267237,0.0016907868270414402
2020-04-17 16:42:00,2102.075534160939,0.0016365428062012316
2020-04-17 16:43:00,2100.139277841207,0.0016129410026902446
2020-04-17 16:44:00,2097.554480003712,0.0015958524266038267
2020-04-17 16:45:00,2097.430352264849,0.0015804833792560805
2020-04-17 16:46:00,2100.6319796706516,0.0016050546604673196
2020-04-17 16:47:00,2099.6879531637856,0.0016619869847431853
2020-04-17 16:48:00,2095.687899730159,0.0016686039471863051
2020-04-17 16:49:00,2093.841103763037,0.0016796429512731562
2020-04-17 16:50:00,2093.9072279278525,0.0016103425787128301
2020-04-17 16:51:00,2090.2375096843125,0.0016555955745810047
2020-04-17 16:52:00,2091.882315364896,0.0016451767245184757
2020-04-17 16:53:00,2095.5380624668364,0.0015923882446831823
2020-04-17 16:54:00,2096.0002490223624,0.0015835385019677955
2020-04-17 16:55:00,2096.0115886913227,0.0015419569599481367
2020-04-17 16:56:00,2101.7536843930184,0.001532973007737134
2020-04-17 16:57:00,2100.515062209664,0.0015767600060865039
2020-04-17 16:58:00,2098.568620348525,0.00154882741664245
2020-04-17 16:59:00,2097.966254867346,0.0014205717348990577
2020-04-17 17:00:00,2100.2011410726245,0.0014738267056937054
2020-04-17 17:01:00,2097.8911731759517,0.0015695556452723592
2020-04-17 17:02:00,2098.114926563731,0.0015951246782205883
2020-04-17 17:03:00,2095.2303026741347,0.0015572145334156059
2020-04-17 17:04:00,2099.3883287684503,0.0015378547001362332
2020-04-17 17:05:00,2097.9890660990827,0.0015120265912246624
2020-04-17 17:06:00,2096.4402855420435,0.0015615791246782183
2020-04-17 17:07:00,2094.038613568542,0.0015554771253172576
2020-04-17 17:08:00,2093.187689133309,0.001536092118765372
2020-04-17 17:09:00,2090.582287215487,0.0014676002371172637
2020-04-17 17:10:00,2092.4897955315314,0.0014804981711117376
2020-04-17 17:11:00,2097.95009329492,0.0014848543711380793
2020-04-17 17:12:00,2101.0762494509354,0.00152105173748383
2020-04-17 17:13:00,2099.3293772831944,0.0015656343047352336
2020-04-17 17:14:00,2102.058743570136,0.0015311000642675284
2020-04-17 17:15:00,2105.1508365238087,0.0015828454260058682
2020-04-17 17:16:00,2100.868205477013,0.001645531424943806
2020-04-17 17:17:00,2099.2489578772206,0.0016357435472522004
2020-04-17 17:18:00,2099.2065943247794,0.0015950134808692688
2020-04-17 17:19:00,2102.2585694094514,0.0015193110168585276
2020-04-17 17:20:00,2097.8629333589597,0.0015068590870630921
2020-04-17 17:21:00,2101.1353547582135,0.0015593575014475232
2020-04-17 17:22:00,2101.849803888421,0.0015043837676894899
2020-04-17 17:23:00,2100.440715852152,0.0015433671793940594
2020-04-17 17:24:00,2097.3886282839126,0.0016135665633076803
2020-04-17 17:25:00,2098.249238918429,0.001571789560131758
2020-04-17 17:26:00,2097.2790142067165,0.001551660077396789
2020-04-17 17:27:00,2099.8099995998477,0.0015571808256186735
2020-04-17 17:28:00,2104.440874489996,0.0015913099247727564
2020-04-17 17:29:00,2103.5399708451814,0.0016003347334485303
2020-04-17 17:30:00,2096.912265571869,0.0016236761253155055
2020-04-17 17:31:00,2099.6918155841026,0.001624298741588158
2020-04-17 17:32:00,2101.292996499186,0.0016470153237933426
2020-04-17 17:33:00,2102.489535839568,0.0016732214231717072
2020-04-17 17:34:00,2103.804718294022,0.001730583481004861
2020-04-17 17:35:00,2097.8894148998897,0.0016739553077377745
2020-04-17 17:36:00,2099.421258750006,0.0016507986537990151
2020-04-17 17:37:00,2098.623029662279,0.0016302681541467837
2020-04-17 17:38:00,2102.678672822832,0.001605081352365045
2020-04-17 17:39:00,2099.3604350596033,0.0016276326426240223
2020-04-17 17:40:00,2101.425365293944,0.0015860647384393907
2020-04-17 17:41:00,2103.691896387161,0.0015872252048466484
2020-04-17 17:42:00,2098.55416103786,0.0015798819689220784
2020-04-17 17:43:00,2090.9114316061773,0.001628988598735307
2020-04-17 17:44:00,2097.7783008663123,0.001643547570784862
2020-04-17 17:45:00,2100.3821582562814,0.0016201412490714385
2020-04-17 17:46:00,2098.4483516176324,0.0016159406373130718
2020-04-17 17:47:00,2100.4029036014417,0.0016613469607090617
2020-04-17 17:48:00,2105.4360567866147,0.0016066033890165606
2020-04-17 17:49:00,2102.96047349008,0.0016097918552830097
2020-04-17 17:50:00,2104.053814234806,0.001605660811217003
2020-04-17 17:51:00,2098.0958820840283,0.0015570056528982335
2020-04-17 17:52:00,2100.0604919231523,0.001680614250581508
2020-04-17 17:53:00,2108.462189109646,0.0016735477426015797
2020-04-17 17:54:00,2104.8916552610845,0.0016951126523280361
2020-04-17 17:55:00,2113.147189548574,0.0016755919712783374
2020-04-17 17:56:00,2112.4548667704053,0.0016605454823394145
2020-04-17 17:57:00,2108.8901300651514,0.0016774906162094917
2020-04-17 17:58:00,2107.3772228412977,0.0017172309069855105
2020-04-17 17:59:00,2109.106890443735,0.0017090607502097933
2020-04-17 18:00:00,2109.3204389698253,0.0017214564410755295
2020-04-17 18:01:00,2111.038194497306,0.001760555609804901
2020-04-17 18:02:00,2107.5400989070713,0.0017326220189456982
2020-04-17 18:03:00,2111.78393663142,0.001745925350813727
2020-04-17 18:04:00,2116.6877813963715,0.001772556655572906
2020-04-17 18:05:00,2117.5688089994496,0.001749877426933854
2020-04-17 18:06:00,2115.412930774395,0.0017380449543703891
2020-04-17 18:07:00,2118.048818024703,0.001746860051104205
2020-04-17 18:08:00,2114.102357815417,0.0017392243828369188
2020-04-17 18:09:00,2117.849039445392,0.0017248411903070002
2020-04-17 18:10:00,2120.7294080728866,0.00165205118882413
2020-04-17 18:11:00,2120.2740158825077,0.001647625078636534
2020-04-17 18:12:00,2123.6045516732993,0.0016549158662967252
2020-04-17 18:13:00,2123.8487082532,0.001584708370812821
2020-04-17 18:14:00,2122.6689433289266,0.0016604283490673825
2020-04-17 18:15:00,2124.9254885941036,0.0016635037202133273
2020-04-17 18:16:00,2124.1236791489723,0.0016720803585952128
2020-04-17 18:17:00,2117.556858768737,0.0017255139953816418
2020-04-17 18:18:00,2109.7779563196937,0.001774398749601842
2020-04-17 18:19:00,2118.9206874828824,0.001721518621220723
2020-04-17 18:20:00,2118.1850025929466,0.0017074065132173881
2020-04-17 18:21:00,2113.3773037399787,0.0016334603853282914
2020-04-17 18:22:00,2111.982067667956,0.0016225672260301233
2020-04-17 18:23:00,2109.0634246053014,0.0016356420115216657
2020-04-17 18:24:00,2116.849625309075,0.0016151661897160633
2020-04-17 18:25:00,2113.7521822268745,0.0016202241383509906
2020-04-17 18:26:00,2118.168228762763,0.0016050254754792445
2020-04-17 18:27:00,2113.9756681915824,0.001575808965074186
2020-04-17 18:28:00,2110.4919675004526,0.0015874380286849093
2020-04-17 18:29:00,2108.785946968129,0.0016216467618616946
2020-04-17 18:30:00,2105.659952178924,0.0016240235149432081
2020-04-17 18:31:00,2105.351841431721,0.0016380542074860617
2020-04-17 18:32:00,2101.662899682014,0.001559796378089462
2020-04-17 18:33:00,2103.5675737936544,0.0015647026006287603
2020-04-17 18:34:00,2103.283283026009,0.0015581126754469648
2020-04-17 18:35:00,2107.2016410774736,0.0015564106760557635
2020-04-17 18:36:00,2112.4201316883295,0.0016152053842194054
2020-04-17 18:37:00,2115.789600462087,0.0016294023326545038
2020-04-17 18:38:00,2111.4649810447836,0.0016459711008333382
2020-04-17 18:39:00,2110.671453973192,0.001680500579780867
2020-04-17 18:40:00,2114.7530094158383,0.0016999446365194254
2020-04-17 18:41:00,2110.828054505533,0.0017595615280126672
2020-04-17 18:42:00,2111.395684243907,0.0017174513032310807
2020-04-17 18:43:00,2109.2602004174337,0.0017363544446695712
2020-04-17 18:44:00,2111.64384476146,0.0017076835338079074
2020-04-17 18:45:00,2111.093796230277,0.0016272422809231709
2020-04-17 18:46:00,2111.6152743473754,0.001531176048439328
2020-04-17 18:47:00,2113.1454102500024,0.0015401828526314949
2020-04-17 18:48:00,2114.220464678548,0.0015218777550335193
2020-04-17 18:49:00,2116.0470265015547,0.0014945934232462857
2020-04-17 18:50:00,2112.40862293135,0.0015300746570478612
2020-04-17 18:51:00,2115.250173527866,0.0015178698748753788
2020-04-17 18:52:00,2119.1066029376934,0.0014180858429154036
2020-04-17 18:53:00,2124.267821185598,0.0014683800621992237
2020-04-17 18:54:00,2124.0338855776877,0.0015242903025788838
2020-04-17 18:55:00,2125.41878837776,0.0015837739250620531
2020-04-17 18:56:00,2130.8290471676505,0.0016625794522260313
2020-04-17 18:57:00,2122.0620154500093,0.0015868700062081414
2020-04-17 18:58:00,2120.8686085843296,0.0015943007579404035
2020-04-17 18:59:00,2123.129625920512,0.0015590478437213224
2020-04-17 19:00:00,2122.8967223094082,0.001610760452484397
2020-04-17 19:01:00,2122.4212665143546,0.001611931119778573
2020-04-17 19:02:00,2123.612698266888,0.0015959113952018795
2020-04-17 19:03:00,2120.5543376490045,0.0015257124400932143
2020-04-17 19:04:00,2119.7607450463524,0.0014791170891024449
2020-04-17 19:05:00,2121.402806934386,0.001501059341109305
2020-04-17 19:06:00,2124.2075198663106,0.0015498528803801104
2020-04-17 19:07:00,2119.6730765508933,0.0015604323843671645
2020-04-17 19:08:00,2120.0875030961747,0.0015313464759255286
2020-04-17 19:09:00,2120.250892701504,0.0015380501507418047
2020-04-17 19:10:00,2119.1567436131563,0.0014331434339951992
2020-04-17 19:11:00,2119.660643443678,0.00144612853111228
2020-04-17 19:12:00,2121.531843452938,0.0014532819817767446
2020-04-17 19:13:00,2121.316610569466,0.0014962984936825277
2020-04-17 19:14:00,2127.229231265262,0.0014638864217840983
2020-04-17 19:15:00,2126.5552748348705,0.0014652165163379193
2020-04-17 19:16:00,2129.230049755661,0.0014754302400705663
2020-04-17 19:17:00,2133.0569119234983,0.001525382303817651
2020-04-17 19:18:00,2137.4746362101673,0.0014454796629364542
2020-04-17 19:19:00,2136.5222275352903,0.0014865274126306715
2020-04-17 19:20:00,2143.94969280552,0.0014615767831481434
2020-04-17 19:21:00,2144.4565731198168,0.0015094720383113315
2020-04-17 19:22:00,2144.7195554530563,0.0015071299084107414
2020-04-17 19:23:00,2139.37713301333,0.0016043953493492045
2020-04-17 19:24:00,2141.058535671629,0.0016342454288706012
2020-04-17 19:25:00,2138.8378613826426,0.0016223930220171077
2020-04-17 19:26:00,2142.4202707299232,0.0015853835182262808
2020-04-17 19:27:00,2140.4645474520644,0.0016106042291115167
2020-04-17 19:28:00,2137.94722630631,0.0016389097799736807
2020-04-17 19:29:00,2135.569663217802,0.0015918285141216493
2020-04-17 19:30:00,2135.964376215735,0.0015621291076619677
2020-04-17 19:31:00,2131.5762904531025,0.001524470098411684
2020-04-17 19:32:00,2133.5889548682158,0.0015936449571709451
2020-04-17 19:33:00,2133.4630368603957,0.0015725706890392858
2020-04-17 19:34:00,2134.995424751943,0.0015919545766498687
2020-04-17 19:35:00,2132.323358977374,0.0016231512153152866
2020-04-17 19:36:00,2130.148383142269,0.0015534410726655923
2020-04-17 19:37:00,2127.968851771869,0.001586880342043453
2020-04-17 19:38:00,2129.225856969507,0.0015767540630121707
2020-04-17 19:39:00,2132.1351911740167,0.0015570718879051872
2020-04-17 19:40:00,2132.446926301063,0.0015331010087001856
2020-04-17 19:41:00,2133.9773997081134,0.001473269366242139
2020-04-17 19:42:00,2137.5803574832794,0.0014591510182345043
2020-04-17 19:43:00,2144.179516107582,0.0014733150257483464
2020-04-17 19:44:00,2142.9620379027792,0.0014617994592939962
2020-04-17 19:45:00,2138.438756178754,0.001461750251099505
2020-04-17 19:46:00,2137.984561271182,0.0014232437228901941
2020-04-17 19:47:00,2136.508647019306,0.0014069174648204208
2020-04-17 19:48:00,2134.3726771186425,0.0014295790681885126
2020-04-17 19:49:00,2133.2639580631035,0.0014147093889429693
2020-04-17 19:50:00,2137.8043929535247,0.0014321092466681666
2020-04-17 19:51:00,2134.8455766640645,0.0014481236674067513
2020-04-17 19:52:00,2131.9740656251483,0.0013938360248722163
2020-04-17 19:53:00,2129.4083421636487,0.0014418670604611095
2020-04-17 19:54:00,2128.8113075475085,0.0014223768425636414
2020-04-17 19:55:00,2128.92433574973,0.0014717229274698097
2020-04-17 19:56:00,2128.3366853627654,0.001466343372988953
2020-04-17 19:57:00,2126.9280841520763,0.0014615180959260585
2020-04-17 19:58:00,2122.1072634541893,0.0014714702065229694
2020-04-17 19:59:00,2124.4637737715207,0.0014667264576141766
2020-04-20 13:30:00,2139.1453674493364,0.0014408710913685382
2020-04-20 13:31:00,2134.731159960869,0.001437319530083902
2020-04-20 13:32:00,2130.722955804831,0.0014223799287206942
2020-04-20 13:33:00,2127.5122041727,0.001437665924634021
2020-04-20 13:34:00,2132.376953262273,0.0014560058303390469
2020-04-20 13:35:00,2131.9612593307565,0.0014823751125640251
2020-04-20 13:36:00,2131.6384885897423,0.0014702029234720585
2020-04-20 13:37:00,2135.644861025298,0.0015238391025359584
2020-04-20 13:38:00,2133.757336805198,0.0015381209137616742
2020-04-20 13:39:00,2131.190994461399,0.0014883659479375602
2020-04-20 13:40:00,2128.695144628442,0.0015869249042183386
2020-04-20 13:41:00,2135.1962956052043,0.0016171237222078441
2020-04-20 13:42:00,2140.7564279933913,0.0015739156698960173
2020-04-20 13:43:00,2143.727145871868,0.0015435999748634446
2020-04-20 13:44:00,2150.4069954839792,0.0014963740552488706
2020-04-20 13:45:00,2149.3964089157535,0.0015552434056980999
2020-04-20 13:46:00,2153.539893163892,0.0015734446698013745
2020-04-20 13:47:00,2161.4542987147934,0.0015744384169639628
2020-04-20 13:48:00,2164.4915483266086,0.0014722091586385848
2020-04-20 13:49:00,2167.820178563677,0.0014529535010599386
2020-04-20 13:50:00,2171.326507011888,0.0014353748582405903
2020-04-20 13:51:00,2170.473843275201,0.0014653247449495047
2020-04-20 13:52:00,2175.603435344154,0.0015394756863133263
2020-04-20 13:53:00,2172.352951421912,0.0015007747437617608
2020-04-20 13:54:00,2172.380860293412,0.0015276840470534506
2020-04-20 13:55:00,2177.765795904255,0.0015100605331034422
2020-04-20 13:56:00,2172.877431851351,0.00149842059086788
2020-04-20 13:57:00,2174.280807797559,0.0015542567224217994
2020-04-20 13:58:00,2175.424264090275,0.001554448896294629
2020-04-20 13:59:00,2171.7948324441277,0.0015642073052809788
2020-04-20 14:00:00,2174.0132080748144,0.0015332272819231056
2020-04-20 14:01:00,2168.7986805464943,0.001527979947357788
2020-04-20 14:02:00,2171.2761645154806,0.0015167534613533878
2020-04-20 14:03:00,2171.010173834499,0.0016305988185829831
2020-04-20 14:04:00,2166.677102815569,0.0016173096118555972
2020-04-20 14:05:00,2165.475047237141,0.0016342727691575532
2020-04-20 14:06:00,2163.4982213624667,0.0016218774900036861
2020-04-20 14:07:00,2165.9030019365237,0.0015447723271988542
2020-04-20 14:08:00,2170.5195590236485,0.0015698851658965721
2020-04-20 14:09:00,2165.68617292908,0.0016036198309368837
2020-04-20 14:10:00,2160.690044092389,0.0016251467614196947
2020-04-20 14:11:00,2163.1847526136353,0.0016577142158634161
2020-04-20 14:12:00,2162.07387925752,0.001655729193867795
2020-04-20 14:13:00,2162.648925699076,0.001778270663928871
2020-04-20 14:14:00,2157.447165381028,0.0018486775396868644
2020-04-20 14:15:00,2157.9385953916094,0.001784398807759011
2020-04-20 14:16:00,2157.439403808691,0.0017405749924013468
2020-04-20 14:17:00,2156.711199101754,0.0017752602612295832
2020-04-20 14:18:00,2154.9737694305795,0.0018146537376364715
2020-04-20 14:19:00,2156.0312779676724,0.0017889422081932191
2020-04-20 14:20:00,2155.5190206353873,0.0017107321224762422
2020-04-20 14:21:00,2153.0921015533345,0.0016773014819576766
2020-04-20 14:22:00,2155.1570779898066,0.0016454095928602685
2020-04-20 14:23:00,2155.173119606235,0.0016726504845631
2020-04-20 14:24:00,2152.57044784318,0.0016869447568245858
2020-04-20 14:25:00,2149.8607104588823,0.0016599980421867467
2020-04-20 14:26:00,2148.646473565797,0.0015880823683180655
2020-04-20 14:27:00,2150.7203806885204,0.001566830308590992
2020-04-20 14:28:00,2149.0807440960575,0.0015651737116630542
2020-04-20 14:29:00,2148.787596681563,0.0015005541876792613
2020-04-20 14:30:00,2150.9398746071465,0.0014891712347588387
2020-04-20 14:31:00,2155.4052555791136,0.001440976803790728
2020-04-20 14:32:00,2151.8532011472553,0.0015179637052495296
2020-04-20 14:33:00,2156.1665670160733,0.0014039091971581924
2020-04-20 14:34:00,2155.449007756355,0.0014276991077798804
2020-04-20 14:35:00,2159.231554259844,0.0014542783429033292
2020-04-20 14:36:00,2159.9349090400897,0.0014826505628772674
2020-04-20 14:37:00,2157.622915489104,0.001486973290979638
2020-04-20 14:38:00,2158.058795498037,0.001533268511796303
2020-04-20 14:39:00,2162.148633370086,0.0014610695673876412
2020-04-20 14:40:00,2160.640279294436,0.0015324629136106121
2020-04-20 14:41:00,2159.6836796694583,0.0015409375633577747
2020-04-20 14:42:00,2153.516233327824,0.0015292569599628287
2020-04-20 14:43:00,2154.9958123891383,0.0015611594031072708
2020-04-20 14:44:00,2156.9973110856554,0.0015378528851500825
2020-04-20 14:45:00,2156.254334918159,0.001612694026737204
2020-04-20 14:46:00,2157.257181814358,0.001648414805535591
2020-04-20 14:47:00,2153.979752066993,0.0016421768371848505
2020-04-20 14:48:00,2153.6879617505087,0.0016918321404122316
2020-04-20 14:49:00,2154.458649913332,0.0016406981496105521
2020-04-20 14:50:00,2161.4017072437323,0.001679409382500693
2020-04-20 14:51:00,2168.880822116953,0.001673164550191034
2020-04-20 14:52:00,2170.15158771952,0.0017130877523976386
2020-04-20 14:53:00,2168.627554963719,0.0016918837155857206
2020-04-20 14:54:00,2167.65014309667,0.0015495283541232172
2020-04-20 14:55:00,2169.95977334694,0.0015209264414110853
2020-04-20 14:56:00,2170.455904809636,0.0015299434583545784
2020-04-20 14:57:00,2172.0614749088336,0.0014497237076821854
2020-04-20 14:58:00,2168.944083701081,0.001437802888113191
2020-04-20 14:59:00,2169.215123346442,0.0013483657026513802
2020-04-20 15:00:00,2171.4351411035914,0.0013579393084107677
2020-04-20 15:01:00,2172.2087505245036,0.001368459321881482
2020-04-20 15:02:00,2170.8377481554667,0.0013174205019843002
2020-04-20 15:03:00,2167.4420251453585,0.0013201546406150075
2020-04-20 15:04:00,2164.337835012372,0.0013293595731545347
2020-04-20 15:05:00,2167.2147286172844,0.0012894287983480747
2020-04-20 15:06:00,2167.746007160494,0.0012795540783205669
2020-04-20 15:07:00,2168.56632707907,0.001286559713939956
2020-04-20 15:08:00,2169.809677090299,0.0012195938010646852
2020-04-20 15:09:00,2167.000998891608,0.0012122213109365236
2020-04-20 15:10:00,2165.4258871388515,0.0012533573245285508
2020-04-20 15:11:00,2160.9260574188042,0.001221472370416565
2020-04-20 15:12:00,2165.413609016159,0.0012377202218940028
2020-04-20 15:13:00,2163.2999342556905,0.001181608262772557
2020-04-20 15:14:00,2166.5273717177165,0.0012091762273225993
2020-04-20 15:15:00,2167.2710634525897,0.0012576216546913272
2020-04-20 15:16:00,2165.366649394438,0.0012775353038246597
2020-04-20 15:17:00,2165.0804671281,0.0012369250185704402
2020-04-20 15:18:00,2161.7909676323125,0.0012248647399324053
2020-04-20 15:19:00,2163.5493996012824,0.0011872427187129531
2020-04-20 15:20:00,2163.8616977200923,0.0012243068984654076
2020-04-20 15:21:00,2162.2940678253526,0.0012387249110804353
2020-04-20 15:22:00,2162.1263653606507,0.00120873610544926
2020-04-20 15:23:00,2163.462837256577,0.0012417634680287725
2020-04-20 15:24:00,2165.541354401675,0.0013107852414606048
2020-04-20 15:25:00,2163.021881994929,0.0012982555324112506
2020-04-20 15:26:00,2165.4620758230517,0.0012673443046528577
2020-04-20 15:27:00,2166.6601489354834,0.001241330901280182
2020-04-20 15:28:00,2166.699139663259,0.0012143083363899238
2020-04-20 15:29:00,2169.757971657984,0.001145775810167557
2020-04-20 15:30:00,2169.8178942371487,0.0012071729658724387
2020-04-20 15:31:00,2173.971167262052,0.0011984670421112578
2020-04-20 15:32:00,2173.945241048156,0.0012315779985011604
2020-04-20 15:33:00,2175.240422630827,0.0012294077151061868
2020-04-20 15:34:00,2175.961170655161,0.0012625152718558894
2020-04-20 15:35:00,2175.278017009029,0.0012845936529867835
2020-04-20 15:36:00,2177.48413963686,0.0013296378891168958
2020-04-20 15:37:00,2176.893778031796,0.0013069113164918059
2020-04-20 15:38:00,2181.6261197911185,0.0012804999706312785
2020-04-20 15:39:00,2177.175198852273,0.0012466151082032243
2020-04-20 15:40:00,2177.368202407387,0.001280843389907634
2020-04-20 15:41:00,2181.223605374793,0.0012022143905340624
2020-04-20 15:42:00,2180.4825467021997,0.0011925468156456724
2020-04-20 15:43:00,2179.284581248287,0.001097039732022728
2020-04-20 15:44:00,2179.502432091252,0.001113626283284202
2020-04-20 15:45:00,2179.277720846449,0.0011287119176004725
2020-04-20 15:46:00,2177.74019385927,0.0011790727138699228
2020-04-20 15:47:00,2176.1793104289272,0.0011970394843397925
2020-04-20 15:48:00,2174.180438015163,0.0011609699016351712
2020-04-20 15:49:00,2172.6259813052584,0.0011326046087052027
2020-04-20 15:50:00,2174.9101094792227,0.0011227955890952875
2020-04-20 15:51:00,2173.2567514554135,0.0011380530012545327
2020-04-20 15:52:00,2172.5059378353835,0.0011116941367919928
2020-04-20 15:53:00,2171.9541860714335,0.0010960147928482705
2020-04-20 15:54:00,2177.3878959353647,0.0011095095400073165
2020-04-20 15:55:00,2176.1068680034045,0.0011527348681876046
2020-04-20 15:56:00,2174.9063599107826,0.001124151510886241
2020-04-20 15:57:00,2173.348495434322,0.001072683450925877
2020-04-20 15:58:00,2175.3936011127694,0.0010939922148857513
2020-04-20 15:59:00,2175.5477040056694,0.0011310635136392415
2020-04-20 16:00:00,2174.01465738944,0.0011573761321292677
2020-04-20 16:01:00,2172.791816144639,0.0011662215089073837
2020-04-20 16:02:00,2175.623433895847,0.0011331224232678865
2020-04-20 16:03:00,2174.2976271104767,0.001163217459854892
2020-04-20 16:04:00,2175.6453587534143,0.0012209391298721236
2020-04-20 16:05:00,2176.4351951464496,0.0012063581307566313
2020-04-20 16:06:00,2180.32224057877,0.0011742745244907441
2020-04-20 16:07:00,2179.503009291146,0.0012002457572189201
2020-04-20 16:08:00,2175.2464215159057,0.0011996432042940951
2020-04-20 16:09:00,2188.876452578406,0.0012435441914412308
2020-04-20 16:10:00,2186.836744875205,0.0012748106954166484
2020-04-20 16:11:00,2183.572162841845,0.0012648775715541427
2020-04-20 16:12:00,2187.7418904845144,0.0013520284278759837
2020-04-20 16:13:00,2186.625824374688,0.0013543825649604978
2020-04-20 16:14:00,2184.6548837447162,0.0013706474991867822
2020-04-20 16:15:00,2188.366105876594,0.0014455935921930127
2020-04-20 16:16:00,2182.084369548026,0.0015252427544703699
2020-04-20 16:17:00,2184.4145249646235,0.0015648626064938397
2020-04-20 16:18:00,2180.193160436473,0.0015540106997281539
2020-04-20 16:19:00,2178.428360482218,0.0016078762540666068
2020-04-20 16:20:00,2174.0530850716464,0.0016469618305854825
2020-04-20 16:21:00,2176.5925209660036,0.0016033291385961397
2020-04-20 16:22:00,2177.395713720709,0.0015951850230668148
2020-04-20 16:23:00,2177.2750450458634,0.001548190994693397
2020-04-20 16:24:00,2180.4354929692086,0.0016234716727920291
2020-04-20 16:25:00,2184.968360750066,0.0016453089718531052
2020-04-20 16:26:00,2179.1636304043504,0.001682670383049304
2020-04-20 16:27:00,2183.4469311272037,0.0016508695531501267
2020-04-20 16:28:00,2181.2962104250264,0.0016679980010935402
2020-04-20 16:29:00,2180.6621323056547,0.0016808716093731438
2020-04-20 16:30:00,2181.5237787672017,0.0016688085128083456
2020-04-20 16:31:00,2183.6288848928634,0.001546637641392365
2020-04-20 16:32:00,2187.477127336197,0.001535168903098907
2020-04-20 16:33:00,2188.9268275903632,0.0015814191123599132
2020-04-20 16:34:00,2189.1634904999833,0.0015851702676263173
2020-04-20 16:35:00,2191.2156118762796,0.001518996984815455
2020-04-20 16:36:00,2192.061153768718,0.0014991703117212328
2020-04-20 16:37:00,2192.8000972715085,0.001427379423043675
2020-04-20 16:38:00,2196.2661712603526,0.0014466517367766082
2020-04-20 16:39:00,2199.915825943367,0.0014305811049142927
2020-04-20 16:40:00,2198.7289210036256,0.0015022219094597256
2020-04-20 16:41:00,2195.0855619570375,0.001533800130433261
2020-04-20 16:42:00,2192.022395996543,0.0015568864563863262
2020-04-20 16:43:00,2185.181096854299,0.001589137801775979
2020-04-20 16:44:00,2186.5730421146704,0.0015327458596092003
2020-04-20 16:45:00,2186.75409246151,0.0015641045150801916
2020-04-20 16:46:00,2186.1066429331654,0.0015199337529594402
2020-04-20 16:47:00,2183.3153428098653,0.0014747905086178964
2020-04-20 16:48:00,2184.6606129646143,0.0014147385597651926
2020-04-20 16:49:00,2184.697274878047,0.001432169689611612
2020-04-20 16:50:00,2192.6709253224094,0.001489796171920252
2020-04-20 16:51:00,2193.5912217915393,0.0015266231305322779
2020-04-20 16:52:00,2193.3859558202385,0.0015903314387347685
2020-04-20 16:53:00,2198.132744745622,0.001597096792220291
2020-04-20 16:54:00,2195.119948496411,0.0016327693063462548
2020-04-20 16:55:00,2191.7724279894646,0.0016324770348103367
2020-04-20 16:56:00,2191.1181722696256,0.001708034524598701
2020-04-20 16:57:00,2195.965395373796,0.0017322696457550619
2020-04-20 16:58:00,2202.2365283020754,0.0016897794739501296
2020-04-20 16:59:00,2202.96850894468,0.001672000300406119
2020-04-20 17:00:00,2197.0102627036676,0.001711455159726155
2020-04-20 17:01:00,2196.89038772538,0.0016732997234336286
2020-04-20 17:02:00,2198.1644105678397,0.0016078678532460387
2020-04-20 17:03:00,2199.0441988467614,0.0015791372474013767
2020-04-20 17:04:00,2201.122788639907,0.0015664504190439135
2020-04-20 17:05:00,2199.806688614205,0.0015976599621154116
2020-04-20 17:06:00,2192.439873202761,0.0015459815945712185
2020-04-20 17:07:00,2190.8299169966485,0.001556215264392159
2020-04-20 17:08:00,2187.1838863348676,0.0015496942491536755
2020-04-20 17:09:00,2186.7852769362944,0.0015252034196341813
2020-04-20 17:10:00,2188.201448736474,0.0014729377466172725
2020-04-20 17:11:00,2189.305155298017,0.0014869401907264962
2020-04-20 17:12:00,2191.9631437604553,0.0014969291767067486
2020-04-20 17:13:00,2193.371777623252,0.0015350434326226398
2020-04-20 17:14:00,2191.654241721454,0.001539281608741945
2020-04-20 17:15:00,2194.9470437671803,0.0015644433461106863
2020-04-20 17:16:00,2197.0436689967096,0.001587691280925091
2020-04-20 17:17:00,2203.1401532710333,0.0016198513907805965
2020-04-20 17:18:00,2202.3434854371762,0.001608290555729462
2020-04-20 17:19:00,2199.461046944465,0.0015762548872691347
2020-04-20 17:20:00,2194.3805229247646,0.0016110794688024494
2020-04-20 17:21:00,2192.7706305302527,0.0015738230769062698
2020-04-20 17:22:00,2192.000679331188,0.0015176381436546318
2020-04-20 17:23:00,2199.79780951511,0.001564318420332772
2020-04-20 17:24:00,2204.412104447227,0.0015466107362980387
2020-04-20 17:25:00,2201.545358007689,0.0015246717011251714
2020-04-20 17:26:00,2199.5000365490178,0.0015041499850419553
2020-04-20 17:27:00,2202.7994069313854,0.0014814892301772886
2020-04-20 17:28:00,2203.9740628987242,0.0014894518867984304
2020-04-20 17:29:00,2205.0320263525477,0.0014891591704912046
2020-04-20 17:30:00,2209.09756220047,0.0015219356885314156
2020-04-20 17:31:00,2207.754188533669,0.0014487642954265744
2020-04-20 17:32:00,2207.13788611683,0.0014299796305314498
2020-04-20 17:33:00,2210.7289257310267,0.001452372152569833
2020-04-20 17:34:00,2207.3004630788164,0.0015020191340237594
2020-04-20 17:35:00,2203.6897754756947,0.0014723856003762668
2020-04-20 17:36:00,2202.1815152617337,0.0015019908343279348
2020-04-20 17:37:00,2203.169165238718,0.0014445289719009497
2020-04-20 17:38:00,2201.9520606359415,0.0014424153164722233
2020-04-20 17:39:00,2199.875703854144,0.0014726731492529913
2020-04-20 17:40:00,2195.9199406780003,0.0014660555912294044
2020-04-20 17:41:00,2199.292052757701,0.0014343735207994917
2020-04-20 17:42:00,2202.5653391829933,0.0014226583698355691
2020-04-20 17:43:00,2204.518747536631,0.0014505279110009369
2020-04-20 17:44:00,2204.732247827146,0.0014323870157576244
2020-04-20 17:45:00,2208.355172996882,0.0013876847387875903
2020-04-20 17:46:00,2206.5365490332138,0.0013732761020177528
2020-04-20 17:47:00,2204.923547283213,0.0013854837302723498
2020-04-20 17:48:00,2207.157140735405,0.0013448333992505475
2020-04-20 17:49:00,2207.7225313684157,0.0013542719059932676
2020-04-20 17:50:00,2212.635894717961,0.0013485382371274458
2020-04-20 17:51:00,2212.364930196175,0.0014183108876331463
2020-04-20 17:52:00,2210.2013398999834,0.0014094290486020673
2020-04-20 17:53:00,2207.827531696916,0.0013471643094910234
2020-04-20 17:54:00,2208.781448822268,0.0013231838555281485
2020-04-20 17:55:00,2201.8067483678346,0.0012675153712335034
2020-04-20 17:56:00,2198.41247502748,0.001284102586766192
2020-04-20 17:57:00,2198.3998394685054,0.00131533314490048
2020-04-20 17:58:00,2198.5539175886247,0.0012864628515239693
2020-04-20 17:59:00,2198.796354620194,0.0012803005492308653
2020-04-20 18:00:00,2198.875381082284,0.0013424107686197577
2020-04-20 18:01:00,2197.207397536709,0.001383358155024733
2020-04-20 18:02:00,2195.388673554556,0.0013887721874779194
2020-04-20 18:03:00,2198.9668868417184,0.0013716019118426763
2020-04-20 18:04:00,2196.107718122827,0.0013489785603491532
2020-04-20 18:05:00,2197.5920268490395,0.0014002473729310425
2020-04-20 18:06:00,2199.009206406269,0.0014592458034923801
2020-04-20 18:07:00,2199.822597639445,0.0014351654060105637
2020-04-20 18:08:00,2195.597854272031,0.0014429710933442509
2020-04-20 18:09:00,2194.5076968740086,0.0014332505241785654
2020-04-20 18:10:00,2196.8626928600625,0.0014025421686538104
2020-04-20 18:11:00,2191.199418429235,0.001459478561433486
2020-04-20 18:12:00,2187.9121775408153,0.001467888360807899
2020-04-20 18:13:00,2194.446243845298,0.001545376008758491
2020-04-20 18:14:00,2191.353116338767,0.0015315959160225971
2020-04-20 18:15:00,2191.165211951785,0.0015214535273857673
2020-04-20 18:16:00,2194.223830210031,0.0015063712086007333
2020-04-20 18:17:00,2194.407839061237,0.0015330082599943967
2020-04-20 18:18:00,2199.588498455803,0.0014621413289711757
2020-04-20 18:19:00,2199.7176583768423,0.0014880201103257143
2020-04-20 18:20:00,2197.9394694456587,0.0014867884820140233
2020-04-20 18:21:00,2190.9859526485193,0.0015007786198425813
2020-04-20 18:22:00,2189.0046327465416,0.0014810249927681423
2020-04-20 18:23:00,2184.6885702770282,0.0014784093398182026
2020-04-20 18:24:00,2182.949346774519,0.0014703336225112343
2020-04-20 18:25:00,2184.8571460566895,0.0014116944203637304
2020-04-20 18:26:00,2187.4825995970414,0.0014373250244876495
2020-04-20 18:27:00,2191.791472694433,0.001368006348710696
2020-04-20 18:28:00,2188.287809420454,0.0013927031674739077
2020-04-20 18:29:00,2185.054178560129,0.001361576037637132
2020-04-20 18:30:00,2182.3610458754442,0.0013743850355984002
2020-04-20 18:31:00,2177.555464944655,0.0013690433513858713
2020-04-20 18:32:00,2178.96769883473,0.0014089548325100852
2020-04-20 18:33:00,2172.9502985010618,0.0013726270304397787
2020-04-20 18:34:00,2169.089241796454,0.0012885594437166902
2020-04-20 18:35:00,2168.9733904444374,0.0012700300818074546
2020-04-20 18:36:00,2171.1976958968803,0.001292637916796684
2020-04-20 18:37:00,2171.805753312907,0.0013544523306213343
2020-04-20 18:38:00,2172.6610833559535,0.0013003436269621409
2020-04-20 18:39:00,2172.787641962525,0.0013035420997416292
2020-04-20 18:40:00,2175.61841901295,0.0012793421686131054
2020-04-20 18:41:00,2174.502018212229,0.0012955137504470683
2020-04-20 18:42:00,2177.02501674192,0.0013068740766823549
2020-04-20 18:43:00,2175.366163624502,0.0012992390039700606
2020-04-20 18:44:00,2177.0401538847645,0.0012950200915946778
2020-04-20 18:45:00,2179.6902410751054,0.0013323469151129287
2020-04-20 18:46:00,2181.7531638878286,0.0013045902543531804
2020-04-20 18:47:00,2177.8067145291966,0.0013527848448666685
2020-04-20 18:48:00,2176.6049260697464,0.0013517399571152564
2020-04-20 18:49:00,2183.0233180960295,0.001399575035289452
2020-04-20 18:50:00,2180.990062314837,0.0014401883004664085
2020-04-20 18:51:00,2180.201166780454,0.0014282470988442211
2020-04-20 18:52:00,2184.793446380971,0.001422102322836392
2020-04-20 18:53:00,2180.4902792176076,0.0014772261875428273
2020-04-20 18:54:00,2177.2707881802958,0.001515537020234498
2020-04-20 18:55:00,2176.073979337856,0.0015362194899352962
2020-04-20 18:56:00,2178.1767264410023,0.001518979219586375
2020-04-20 18:57:00,2173.378074415788,0.0015078974308485738
2020-04-20 18:58:00,2173.8505133175645,0.001460135172910256
2020-04-20 18:59:00,2176.2921632101743,0.0014769631818002582
2020-04-20 19:00:00,2176.1223743457704,0.0014531308534428424
2020-04-20 19:01:00,2177.630237752581,0.0013908577619705048
2020-04-20 19:02:00,2178.7947976965443,0.0013942669793473555
2020-04-20 19:03:00,2173.5901354481903,0.0014133843126709204
2020-04-20 19:04:00,2181.273688826756,0.0014935175730347978
2020-04-20 19:05:00,2172.392844446994,0.0014984006847539855
2020-04-20 19:06:00,2170.3852404331915,0.0014851582086793885
2020-04-20 19:07:00,2168.6424787650594,0.0014641065469099507
2020-04-20 19:08:00,2169.358564614742,0.0015363256467565655
2020-04-20 19:09:00,2170.633748912339,0.001531032961064529
2020-04-20 19:10:00,2175.755541037615,0.0015549321642701936
2020-04-20 19:11:00,2180.3817508397015,0.001534839042992416
2020-04-20 19:12:00,2186.431750372851,0.0015085623742788783
2020-04-20 19:13:00,2191.1709198575195,0.0014731388873355162
2020-04-20 19:14:00,2192.435998548827,0.0014649739792165642
2020-04-20 19:15:00,2192.143301632498,0.0014818771300183183
2020-04-20 19:16:00,2186.9180111351766,0.0014398821812704981
2020-04-20 19:17:00,2187.000249894212,0.0014866584608417633
2020-04-20 19:18:00,2186.702703360019,0.0014521182487613363
2020-04-20 19:19:00,2185.854406205818,0.001387037450858993
2020-04-20 19:20:00,2186.572978209602,0.0014294880251300179
2020-04-20 19:21:00,2186.1769157081417,0.0014220707910469958
2020-04-20 19:22:00,2189.8426812132057,0.0014161024217598747
2020-04-20 19:23:00,2192.47602077729,0.0014093673720257081
2020-04-20 19:24:00,2190.5233274440075,0.001431896083944448
2020-04-20 19:25:00,2192.6087848145894,0.0014377841875155692
2020-04-20 19:26:00,2198.072937903372,0.0014873949882714583
2020-04-20 19:27:00,2192.4806605794734,0.0015392758065512677
2020-04-20 19:28:00,2193.483170339805,0.0014914170110098776
2020-04-20 19:29:00,2188.654868314226,0.0014492661254373101
2020-04-20 19:30:00,2188.3744443102664,0.0014050885270228016
2020-04-20 19:31:00,2191.974919052299,0.0014068716086127224
2020-04-20 19:32:00,2190.0739770868913,0.0014145658737375957
2020-04-20 19:33:00,2194.1168261232783,0.0013865073142446073
2020-04-20 19:34:00,2194.136020035137,0.0013465076101786785
2020-04-20 19:35:00,2196.685856440478,0.0014497155698644183
2020-04-20 19:36:00,2197.744547061035,0.0014333007427050498
2020-04-20 19:37:00,2202.218253966433,0.001506864911351216
2020-04-20 19:38:00,2204.3087694237834,0.001517168945768895
2020-04-20 19:39:00,2204.419728481666,0.001512091720084142
2020-04-20 19:40:00,2207.172607581716,0.0015035026794049783
2020-04-20 19:41:00,2205.8636193877724,0.0014889090762964228
2020-04-20 19:42:00,2212.056505332121,0.0014860205004942977
2020-04-20 19:43:00,2208.35091211973,0.001554251581676491
2020-04-20 19:44:00,2205.0641664036348,0.00153627383358454
2020-04-20 19:45:00,2208.9359077798226,0.0015016405765640767
2020-04-20 19:46:00,2206.203161856008,0.0014746509711924738
2020-04-20 19:47:00,2210.434306365882,0.0015524031267347852
2020-04-20 19:48:00,2215.5405016942696,0.0015757344045430664
2020-04-20 19:49:00,2216.134292872236,0.001633146291299706
2020-04-20 19:50:00,2211.0328149218035,0.0016130561055289316
2020-04-20 19:51:00,2212.3346839584174,0.0016015881323153942
2020-04-20 19:52:00,2213.6713253285498,0.001630103418027639
2020-04-20 19:53:00,2213.182897527794,0.0016700482993845364
2020-04-20 19:54:00,2213.174849497932,0.001674388547229333
2020-04-20 19:55:00,2206.21059307697,0.001697334691308075
2020-04-20 19:56:00,2201.119194874447,0.0017101575143131228
2020-04-20 19:57:00,2196.346530066621,0.0016504699678345034
2020-04-20 19:58:00,2194.479893447466,0.001674711084020143
2020-04-20 19:59:00,2193.634222464174,0.001699978162194722
2020-04-21 13:30:00,2215.1525754429013,0.001677916328628704
2020-04-21 13:31:00,2214.600929234225,0.001660946420245608
2020-04-21 13:32:00,2214.7586237073097,0.001636734560300291
2020-04-21 13:33:00,2212.418039348685,0.001621383951861579
2020-04-21 13:34:00,2206.9855788792256,0.0016001163425268985
2020-04-21 13:35:00,2208.7957417453026,0.0015862583266494324
2020-04-21 13:36:00,2203.4935820265696,0.001611902871745629
2020-04-21 13:37:00,2206.22073529184,0.00158572900885759
2020-04-21 13:38:00,2200.718531547793,0.0015633996461285038
2020-04-21 13:39:00,2202.3779564009224,0.0015708603199974525
2020-04-21 13:40:00,2204.9344425647178,0.0016157862627425718
2020-04-21 13:41:00,2205.2698277342756,0.0016042587057842055
2020-04-21 13:42:00,2205.960012143372,0.0015811663937934284
2020-04-21 13:43:00,2207.7182727478025,0.001610594884445088
2020-04-21 13:44:00,2207.022732800529,0.0015934971811947588
2020-04-21 13:45:00,2206.5120002356875,0.0016234916928325883
2020-04-21 13:46:00,2207.060794528097,0.0015934708333861798
2020-04-21 13:47:00,2206.243026167166,0.0016211543197224745
2020-04-21 13:48:00,2205.9500467118496,0.0016258592226483799
2020-04-21 13:49:00,2206.097835908719,0.00160104602520882
2020-04-21 13:50:00,2210.537538765466,0.001503987317526395
2020-04-21 13:51:00,2206.8993614174938,0.0014660069770951866
2020-04-21 13:52:00,2204.734820646602,0.0014920291953509771
2020-04-21 13:53:00,2205.496511109081,0.0014747148610290348
2020-04-21 13:54:00,2205.385327091016,0.0015152193410646793
2020-04-21 13:55:00,2203.636483735927,0.0014924113681574667
2020-04-21 13:56:00,2202.780594939277,0.0015323313191744957
2020-04-21 13:57:00,2204.57521792908,0.0015656545394098901
2020-04-21 13:58:00,2207.485782864505,0.0016183395694363304
2020-04-21 13:59:00,2215.6827180671153,0.0016137770415110635
2020-04-21 14:00:00,2210.3670523588,0.0016353692445038434
2020-04-21 14:01:00,2213.190466212423,0.0016510187602449163
2020-04-21 14:02:00,2213.4435569371935,0.0017172394530748241
2020-04-21 14:03:00,2212.7754798442766,0.0017363558160025574
2020-04-21 14:04:00,2210.998661897156,0.001755922104621526
2020-04-21 14:05:00,2213.419317776673,0.0017887903188676271
2020-04-21 14:06:00,2216.1924118961324,0.0017863970117020696
2020-04-21 14:07:00,2213.3267333768313,0.0017780972605830243
2020-04-21 14:08:00,2217.651494663166,0.0018090468781792157
2020-04-21 14:09:00,2218.6874592208246,0.0018387493954485485
2020-04-21 14:10:00,2218.1408806638415,0.0018632159581645378
2020-04-21 14:11:00,2216.6878815281016,0.0018386146630060577
2020-04-21 14:12:00,2218.796926484611,0.0018196846467852103
2020-04-21 14:13:00,2212.5024898886036,0.001761229920080184
2020-04-21 14:14:00,2216.559078159802,0.001698016126517405
2020-04-21 14:15:00,2213.9035640787897,0.001661394672398864
2020-04-21 14:16:00,2213.917536687712,0.0016676184038756899
2020-04-21 14:17:00,2208.1905875450866,0.0016970279717353064
2020-04-21 14:18:00,2218.7385372450854,0.0016338088259239783
2020-04-21 14:19:00,2212.722804803923,0.001583728132090201
2020-04-21 14:20:00,2210.7533222412862,0.0015437064192283623
2020-04-21 14:21:00,2211.570067420665,0.0015346736624767714
2020-04-21 14:22:00,2209.050412526912,0.0015050886305089737
2020-04-21 14:23:00,2211.569463213546,0.0014482264863529468
2020-04-21 14:24:00,2216.6775227265007,0.001476320668173842
2020-04-21 14:25:00,2222.1628751607914,0.0014862604088391436
2020-04-21 14:26:00,2216.648878100271,0.001518999173026636
2020-04-21 14:27:00,2210.856088439887,0.001490069487391876
2020-04-21 14:28:00,2208.870978541638,0.0015129911797063082
2020-04-21 14:29:00,2206.708575978631,0.0015484229838494728
2020-04-21 14:30:00,2205.18568704902,0.0016090427726046831
2020-04-21 14:31:00,2199.8560197991624,0.001625570383111141
2020-04-21 14:32:00,2198.2966391491855,0.0015850061617509958
2020-04-21 14:33:00,2202.038905115185,0.0015580268173562603
2020-04-21 14:34:00,2207.6380657417417,0.0015191098106165123
2020-04-21 14:35:00,2211.190346001881,0.0015183164676464398
2020-04-21 14:36:00,2211.94349088261,0.0014956106460951159
2020-04-21 14:37:00,2214.1107047067353,0.0014665897119031516
2020-04-21 14:38:00,2212.888805675528,0.0014851476691443728
2020-04-21 14:39:00,2213.2508505152327,0.0015034909351652067
2020-04-21 14:40:00,2208.753232076275,0.001425573192462152
2020-04-21 14:41:00,2209.0377002920036,0.0013989565161961952
2020-04-21 14:42:00,2205.6462129641814,0.001470710068492513
2020-04-21 14:43:00,2203.7645611953685,0.0014826505879425812
2020-04-21 14:44:00,2197.0921481891955,0.001453225028047331
2020-04-21 14:45:00,2202.695127313834,0.0014465963272601856
2020-04-21 14:46:00,2205.2265545304645,0.001430332076691153
2020-04-21 14:47:00,2207.4879374667066,0.001479094378905881
2020-04-21 14:48:00,2202.3774892406136,0.0015188944014679986
2020-04-21 14:49:00,2201.6668285703804,0.0014776933165826511
2020-04-21 14:50:00,2203.8358573658875,0.001481814108981841
2020-04-21 14:51:00,2199.740325942899,0.001502599132807424
2020-04-21 14:52:00,2200.456385120952,0.001502316916281055
2020-04-21 14:53:00,2200.0966935659735,0.0014750440781399095
2020-04-21 14:54:00,2197.0549171507164,0.00146914522008774
2020-04-21 14:55:00,2190.2280916641284,0.0014916117117950629
2020-04-21 14:56:00,2191.100016347641,0.0014755200782819952
2020-04-21 14:57:00,2185.8549390701146,0.0015105674193195463
2020-04-21 14:58:00,2188.784770100798,0.001471581582727161
2020-04-21 14:59:00,2189.5579203704156,0.00147874834335517
2020-04-21 15:00:00,2189.455115805805,0.001486318305116874
2020-04-21 15:01:00,2187.6071569498527,0.001476373702755002
2020-04-21 15:02:00,2189.155242481095,0.00145620559234419
2020-04-21 15:03:00,2185.440075049858,0.0014529767987140464
2020-04-21 15:04:00,2178.8041486275347,0.0014387351334074813
2020-04-21 15:05:00,2178.936043288339,0.0014468550795748228
2020-04-21 15:06:00,2177.857192881079,0.0014479283577508682
2020-04-21 15:07:00,2178.837641096863,0.0014515198589774658
2020-04-21 15:08:00,2173.517830516506,0.0014376137559704955
2020-04-21 15:09:00,2175.4265638846273,0.0014401534222531966
2020-04-21 15:10:00,2173.8157426679845,0.0014114665624729095
2020-04-21 15:11:00,2168.9953382629405,0.0014296211719170254
2020-04-21 15:12:00,2173.2898307877367,0.0014513351586067128
2020-04-21 15:13:00,2174.741119934625,0.0014497595434236588
2020-04-21 15:14:00,2174.345825611204,0.0014894243928524782
2020-04-21 15:15:00,2171.756171895928,0.001516129590299687
2020-04-21 15:16:00,2171.9768519860486,0.0015399844937996194
2020-04-21 15:17:00,2175.6651627823876,0.0015600426799923025
2020-04-21 15:18:00,2180.3429431492996,0.0015502702708848702
2020-04-21 15:19:00,2182.3205824074425,0.0016381309818027006
2020-04-21 15:20:00,2182.992906675755,0.0015251395177172987
2020-04-21 15:21:00,2184.6680905344974,0.0015167052589981148
2020-04-21 15:22:00,2181.452172828854,0.0015201777515330608
2020-04-21 15:23:00,2181.147062228645,0.001508651995798458
2020-04-21 15:24:00,2179.216720746861,0.0014856343517274534
2020-04-21 15:25:00,2177.2891223495076,0.001527161501584474
2020-04-21 15:26:00,2183.2849283074065,0.0016026780450636594
2020-04-21 15:27:00,2181.4797745963724,0.001552125987332125
2020-04-21 15:28:00,2183.0072137022203,0.0015000914794453175
2020-04-21 15:29:00,2184.330259907438,0.0015424008566308123
2020-04-21 15:30:00,2180.228864440465,0.0015845374930945639
2020-04-21 15:31:00,2180.722988341,0.001645594654234262
2020-04-21 15:32:00,2175.8135458854654,0.0016422925572709293
2020-04-21 15:33:00,2178.4971517578842,0.0016285702161693654
2020-04-21 15:34:00,2178.5950776935592,0.0016559922936232679
2020-04-21 15:35:00,2180.232467164317,0.0016247605395117782
2020-04-21 15:36:00,2179.030979386374,0.0016393669942410133
2020-04-21 15:37:00,2176.2276347363418,0.001625901344904436
2020-04-21 15:38:00,2173.3005256131637,0.0016826696298044047
2020-04-21 15:39:00,2169.4641691295487,0.001664698815123134
2020-04-21 15:40:00,2170.4431227869923,0.0016197860440619323
2020-04-21 15:41:00,2169.1467637171468,0.001632860127173106
2020-04-21 15:42:00,2174.3072647983972,0.0016577134970485053
2020-04-21 15:43:00,2176.2115567378946,0.0016309661411332136
2020-04-21 15:44:00,2173.471039125253,0.0016238547435367772
2020-04-21 15:45:00,2170.711421738663,0.0016820600164052621
2020-04-21 15:46:00,2163.072853859064,0.0016700841707164853
2020-04-21 15:47:00,2165.558293558,0.0015763975159927186
2020-04-21 15:48:00,2163.120979042111,0.0015363096544871706
2020-04-21 15:49:00,2158.3482730249634,0.0014827367557433706
2020-04-21 15:50:00,2156.900837878497,0.001516944359635548
2020-04-21 15:51:00,2160.4859334434586,0.001533198442836048
2020-04-21 15:52:00,2156.0943815932596,0.0015050088611113567
2020-04-21 15:53:00,2160.1348792590175,0.0014981415890554847
2020-04-21 15:54:00,2154.4735704120044,0.0014871752240148823
2020-04-21 15:55:00,2154.925745423352,0.0014507172373887062
2020-04-21 15:56:00,2155.1118008981693,0.0014446587904241132
2020-04-21 15:57:00,2157.365967002595,0.0014803800358293418
2020-04-21 15:58:00,2159.157444917895,0.0014806191942949634
2020-04-21 15:59:00,2164.5723289135144,0.0014771140523003345
2020-04-21 16:00:00,2162.3129157954354,0.0015431832096736665
2020-04-21 16:01:00,2163.158969955772,0.0015355251891206478
2020-04-21 16:02:00,2163.9689258065287,0.0014933344150487614
2020-04-21 16:03:00,2166.8598205039953,0.001516423581026032
2020-04-21 16:04:00,2164.2382007812344,0.0014504989853372427
2020-04-21 16:05:00,2160.200719606899,0.0015088426859948963
2020-04-21 16:06:00,2158.0756623272628,0.0015656659368170275
2020-04-21 16:07:00,2160.025160964604,0.0015730199515553902
2020-04-21 16:08:00,2160.4736479894395,0.0015875515154346214
2020-04-21 16:09:00,2163.1383390189812,0.001619328811687742
2020-04-21 16:10:00,2160.9623548362806,0.0015375135008005962
2020-04-21 16:11:00,2160.3776575074216,0.0015940676823747839
2020-04-21 16:12:00,2157.219665843559,0.0015342582956079803
2020-04-21 16:13:00,2151.472150742211,0.0015022780002776795
2020-04-21 16:14:00,2150.906130046522,0.001495938132232785
2020-04-21 16:15:00,2149.36321012575,0.0015031880091078268
2020-04-21 16:16:00,2150.3138409556254,0.001498305737333105
2020-04-21 16:17:00,2146.4477686474593,0.0014902991771385552
2020-04-21 16:18:00,2150.1504130920052,0.0014948163209062104
2020-04-21 16:19:00,2150.601081425259,0.001413772241637319
2020-04-21 16:20:00,2158.1760362588334,0.00143178260326134
2020-04-21 16:21:00,2157.9362650495823,0.0014158957281790636
2020-04-21 16:22:00,2154.5202498801023,0.00142348159713163
2020-04-21 16:23:00,2155.983560970731,0.0014301928914994013
2020-04-21 16:24:00,2154.066759119424,0.0014307451457099176
2020-04-21 16:25:00,2152.0973491290447,0.0013627049255170469
2020-04-21 16:26:00,2153.5905717837854,0.0013608152007335559
2020-04-21 16:27:00,2152.800576899085,0.001391749547943253
2020-04-21 16:28:00,2147.101558864639,0.0013374648701374849
2020-04-21 16:29:00,2141.125878478579,0.0013122409255416575
2020-04-21 16:30:00,2139.4828110665558,0.0013181126165608085
2020-04-21 16:31:00,2140.4119498801188,0.0013044003857131644
2020-04-21 16:32:00,2141.4792609930896,0.0013051621711832303
2020-04-21 16:33:00,2139.3093351527127,0.001328736151960676
2020-04-21 16:34:00,2134.2530150433677,0.0013806059709229736
2020-04-21 16:35:00,2136.5094870999114,0.0014150070765217458
2020-04-21 16:36:00,2137.536260259175,0.0014926272662375071
2020-04-21 16:37:00,2141.3366288008265,0.0015110837227923079
2020-04-21 16:38:00,2143.421700698026,0.0015081228035599505
2020-04-21 16:39:00,2141.5433592107424,0.0015067168845977524
2020-04-21 16:40:00,2139.1403583903075,0.0014593389817312012
2020-04-21 16:41:00,2137.3947924191452,0.0014716721765599054
2020-04-21 16:42:00,2135.1511475237976,0.0015027163789916795
2020-04-21 16:43:00,2136.437907467745,0.001488570506024281
2020-04-21 16:44:00,2135.953272861282,0.0015109567087256733
2020-04-21 16:45:00,2133.9168547909394,0.001478177352924159
2020-04-21 16:46:00,2130.4482506993827,0.001460855281391766
2020-04-21 16:47:00,2133.2000635768773,0.0015132844534008726
2020-04-21 16:48:00,2129.4193324619478,0.0014682924275148776
2020-04-21 16:49:00,2129.1084116016377,0.0014377909385139313
2020-04-21 16:50:00,2132.019871791044,0.0014683030020091017
2020-04-21 16:51:00,2129.1157865862037,0.0015581222575880025
2020-04-21 16:52:00,2123.798497668701,0.0015180806965058218
2020-04-21 16:53:00,2122.8490352916842,0.001572354304796102
2020-04-21 16:54:00,2126.2773782122736,0.0015190641713728743
2020-04-21 16:55:00,2127.481737139227,0.0015327401147038392
2020-04-21 16:56:00,2127.0331055561523,0.001562402589062828
2020-04-21 16:57:00,2123.045727290488,0.0016050947817420722
2020-04-21 16:58:00,2120.221431914766,0.0016125026029851226
2020-04-21 16:59:00,2123.789126287397,0.001584429153350513
2020-04-21 17:00:00,2125.213429015009,0.0015313133871627468
2020-04-21 17:01:00,2120.1968087777896,0.001482639936194705
2020-04-21 17:02:00,2126.300097726477,0.0015041929750950476
2020-04-21 17:03:00,2127.121895090689,0.0015002659233868132
2020-04-21 17:04:00,2131.0823250004432,0.0014887384096469484
2020-04-21 17:05:00,2133.395124247109,0.0015422682156928864
2020-04-21 17:06:00,2138.962104504458,0.0015253905275419866
2020-04-21 17:07:00,2134.542268958595,0.0014624888713602696
2020-04-21 17:08:00,2136.1319087260354,0.0014413245140649786
2020-04-21 17:09:00,2136.154252448962,0.0013777841400865146
2020-04-21 17:10:00,2135.4214215959046,0.0013492538402437373
2020-04-21 17:11:00,2140.4404031674662,0.0013681993940476206
2020-04-21 17:12:00,2142.249825048398,0.001420364330489563
2020-04-21 17:13:00,2141.306723740043,0.0014306507054694993
2020-04-21 17:14:00,2145.141820768092,0.0013837524258562255
2020-04-21 17:15:00,2143.5967137852244,0.001339994614575667
2020-04-21 17:16:00,2148.0808597158107,0.001384639410680164
2020-04-21 17:17:00,2147.7917032457553,0.0014006480591389767
2020-04-21 17:18:00,2151.2438635420294,0.0014350094987975238
2020-04-21 17:19:00,2150.1758631358452,0.0014640184459942783
2020-04-21 17:20:00,2148.683572098409,0.0014010029085956166
2020-04-21 17:21:00,2150.047835291076,0.0013939609095514434
2020-04-21 17:22:00,2153.506477340311,0.0014071186588803912
2020-04-21 17:23:00,2155.261162431638,0.001348676480079796
2020-04-21 17:24:00,2156.5101444280235,0.0013602018164424344
2020-04-21 17:25:00,2155.8935362929305,0.0014085022767238093
2020-04-21 17:26:00,2154.6300682877995,0.001395179018918221
2020-04-21 17:27:00,2156.2513024732257,0.001411362510561887
2020-04-21 17:28:00,2157.086852788348,0.001394888763139745
2020-04-21 17:29:00,2154.6641772424578,0.0013694581462938924
2020-04-21 17:30:00,2154.6651170075784,0.0013345037083821376
2020-04-21 17:31:00,2151.703579714342,0.0013283169164314784
2020-04-21 17:32:00,2153.832124165579,0.001347477115717463
2020-04-21 17:33:00,2155.3338884737204,0.001339025952650145
2020-04-21 17:34:00,2153.558881167216,0.0013122892354857343
2020-04-21 17:35:00,2151.397850916109,0.0013753624423950585
2020-04-21 17:36:00,2150.988110408131,0.001353066890702003
2020-04-21 17:37:00,2152.472737277979,0.0013075587583618001
2020-04-21 17:38:00,2152.4970789095973,0.0013585812848626215
2020-04-21 17:39:00,2156.5118603398632,0.0013222409826092677
2020-04-21 17:40:00,2164.266620045049,0.0012538285666218933
2020-04-21 17:41:00,2164.557047634128,0.0012710312838887998
2020-04-21 17:42:00,2162.8332523364825,0.0013540341690828157
2020-04-21 17:43:00,2165.8076866313704,0.0013877617966761761
2020-04-21 17:44:00,2166.344334006713,0.00139195151543647
2020-04-21 17:45:00,2164.300430956122,0.0014923086685059426
2020-04-21 17:46:00,2159.263491004459,0.001498191439897553
2020-04-21 17:47:00,2156.357738232821,0.001445012721218669
2020-04-21 17:48:00,2161.879760679191,0.0014165102916906056
2020-04-21 17:49:00,2166.5185128350854,0.0014084559304073905
2020-04-21 17:50:00,2164.011173190905,0.001357293914590531
2020-04-21 17:51:00,2162.626042253949,0.0013561009519527118
2020-04-21 17:52:00,2161.3232725010507,0.0013490332091990642
2020-04-21 17:53:00,2164.5522472754433,0.001271909302602267
2020-04-21 17:54:00,2163.6445511237885,0.0012628827241123147
2020-04-21 17:55:00,2165.279292775503,0.0012447009415072418
2020-04-21 17:56:00,2166.520203409422,0.0011929089473434302
2020-04-21 17:57:00,2167.644944706592,0.001209944121659626
2020-04-21 17:58:00,2168.492902913088,0.0011811030983709507
2020-04-21 17:59:00,2168.729126599172,0.0011726714482545595
2020-04-21 18:00:00,2168.075999052161,0.0012071131708575788
2020-04-21 18:01:00,2166.8590282505165,0.0011628430602425874
2020-04-21 18:02:00,2166.864352795686,0.0011934119961814341
2020-04-21 18:03:00,2162.568542511902,0.001149945751722569
2020-04-21 18:04:00,2160.0782220822084,0.0011107630301076807
2020-04-21 18:05:00,2160.6978323148423,0.0011259065827776225
2020-04-21 18:06:00,2162.5770791828254,0.0010207824919247763
2020-04-21 18:07:00,2166.0679821952954,0.0010080753027232304
2020-04-21 18:08:00,2168.669183507899,0.0010268404528646123
2020-04-21 18:09:00,2172.582413953005,0.0011136380560196643
2020-04-21 18:10:00,2173.468097906064,0.0011346776581104502
2020-04-21 18:11:00,2172.7071484037247,0.0011583713240106684
2020-04-21 18:12:00,2169.6237644058333,0.0012105289582448353
2020-04-21 18:13:00,2168.1161090904725,0.0012090253382358886
2020-04-21 18:14:00,2166.3728136404875,0.0012131646186016303
2020-04-21 18:15:00,2167.020250776983,0.0011766266726900621
2020-04-21 18:16:00,2168.878335385244,0.001167540119558009
2020-04-21 18:17:00,2166.6706716661824,0.0011269077920825368
2020-04-21 18:18:00,2166.3522166430316,0.0011126463281815383
2020-04-21 18:19:00,2165.8093476006493,0.001074605579514671
2020-04-21 18:20:00,2163.629898537371,0.0010913373870099887
2020-04-21 18:21:00,2165.66681119481,0.0010503482683881392
2020-04-21 18:22:00,2167.5163008231193,0.0010197220804260489
2020-04-21 18:23:00,2166.1242241719037,0.0009726520668780746
2020-04-21 18:24:00,2166.9291268836146,0.0009339344100474455
2020-04-21 18:25:00,2167.919955614032,0.00091437126198382
2020-04-21 18:26:00,2167.9218946150895,0.0008950857211044462
2020-04-21 18:27:00,2169.445667174269,0.000890276132033982
2020-04-21 18:28:00,2170.0855138117886,0.000928005248819172
2020-04-21 18:29:00,2170.167448326356,0.00093631229358744
2020-04-21 18:30:00,2170.015510362133,0.0009770940083278514
2020-04-21 18:31:00,2170.7856294887306,0.0010169174218648033
2020-04-21 18:32:00,2167.278519983508,0.0009526204936936647
2020-04-21 18:33:00,2166.882158740305,0.0010518427982384158
2020-04-21 18:34:00,2171.6694031582574,0.0010799688637003545
2020-04-21 18:35:00,2171.9072551157265,0.0009822287726729364
2020-04-21 18:36:00,2174.262161658208,0.0009787425084480776
2020-04-21 18:37:00,2171.8229697136712,0.0009755957286165564
2020-04-21 18:38:00,2170.763412703613,0.0009652164717576508
2020-04-21 18:39:00,2173.7082727363445,0.0010653305208743013
2020-04-21 18:40:00,2173.7490566250335,0.0010946433981148106
2020-04-21 18:41:00,2177.3814521239296,0.001120490148076395
2020-04-21 18:42:00,2182.64202695347,0.0010654079045920677
2020-04-21 18:43:00,2183.662204275527,0.0010221848955459056
2020-04-21 18:44:00,2183.721683076852,0.0010320629980489124
2020-04-21 18:45:00,2187.1499881122,0.001034123561593211
2020-04-21 18:46:00,2184.5488359727715,0.0010573589523389531
2020-04-21 18:47:00,2184.286617733768,0.0010387758813843408
2020-04-21 18:48:00,2181.483642028058,0.0010872574728347446
2020-04-21 18:49:00,2180.4669230051704,0.001077409243961131
2020-04-21 18:50:00,2181.695936064927,0.0010958044780879
2020-04-21 18:51:00,2184.735068067585,0.0010542176302898382
2020-04-21 18:52:00,2181.633855233537,0.0010465095364763977
2020-04-21 18:53:00,2180.838040389343,0.0010993750329478587
2020-04-21 18:54:00,2178.155794045949,0.0010741634374433812
2020-04-21 18:55:00,2177.5278695565453,0.001129439673379221
2020-04-21 18:56:00,2177.5156487720496,0.0011047360472845186
2020-04-21 18:57:00,2175.578551936406,0.001144313489347097
2020-04-21 18:58:00,2172.3859385823193,0.0011743700391150717
2020-04-21 18:59:00,2169.8894099216827,0.0011189787121478226
2020-04-21 19:00:00,2165.710444779399,0.0010905871311359804
2020-04-21 19:01:00,2161.6254741677844,0.0010932120823507153
2020-04-21 19:02:00,2159.734668426641,0.0010262040650974413
2020-04-21 19:03:00,2156.860176291985,0.0010644046942311937
2020-04-21 19:04:00,2155.90520707856,0.0010185994333672306
2020-04-21 19:05:00,2158.103298514828,0.0009879187973977968
2020-04-21 19:06:00,2158.403824579212,0.0010042170315684993
2020-04-21 19:07:00,2157.816227000571,0.001029225679157493
2020-04-21 19:08:00,2155.7848697911727,0.001007281900112282
2020-04-21 19:09:00,2159.6708378959443,0.0009510659390386666
2020-04-21 19:10:00,2155.677012923451,0.0008971188499831117
2020-04-21 19:11:00,2158.0896307869134,0.0009343112832531071
2020-04-21 19:12:00,2158.9268411619214,0.0009803223742610426
2020-04-21 19:13:00,2157.7826735994267,0.0009767924010368341
2020-04-21 19:14:00,2153.951407059335,0.0009695651018217379
2020-04-21 19:15:00,2151.4207464302162,0.000940174659980965
2020-04-21 19:16:00,2149.1311534392103,0.0009000247794168144
2020-04-21 19:17:00,2152.207309057492,0.0008791129451491619
2020-04-21 19:18:00,2152.850407630976,0.0008748515134552619
2020-04-21 19:19:00,2154.1224875965663,0.000834877311659935
2020-04-21 19:20:00,2150.413521451597,0.0008359204312192968
2020-04-21 19:21:00,2153.557154116695,0.0008434097537341443
2020-04-21 19:22:00,2150.0635366085185,0.0008585969971495651
2020-04-21 19:23:00,2152.0026253469982,0.0009137353886200775
2020-04-21 19:24:00,2149.667535358794,0.0008669195492683923
2020-04-21 19:25:00,2148.1465453351016,0.0008984332078358196
2020-04-21 19:26:00,2145.590638901844,0.0009033433480404289
2020-04-21 19:27:00,2148.176991279663,0.0009114850001904804
2020-04-21 19:28:00,2151.0328509365963,0.0009056189523571045
2020-04-21 19:29:00,2155.176618491915,0.0008910393354342786
2020-04-21 19:30:00,2163.0126591038156,0.0009011492181858157
2020-04-21 19:31:00,2164.2507118361445,0.0008839728805201508
2020-04-21 19:32:00,2161.2375725424354,0.0009407837341992827
2020-04-21 19:33:00,2164.8449453231065,0.001007962272560345
2020-04-21 19:34:00,2164.80126295227,0.0010039717689014206
2020-04-21 19:35:00,2168.697479503303,0.00100430579031009
2020-04-21 19:36:00,2168.0397262903184,0.0010500118921700423
2020-04-21 19:37:00,2166.4427284314706,0.0011409696658505153
2020-04-21 19:38:00,2166.176168921123,0.0011022560158772952
2020-04-21 19:39:00,2168.791963536876,0.0010239045578967936
2020-04-21 19:40:00,2166.126246899297,0.0009607572887494924
2020-04-21 19:41:00,2166.681828986276,0.0009467200431268452
2020-04-21 19:42:00,2167.917960246447,0.0009417524031234757
2020-04-21 19:43:00,2165.6566065083052,0.0009067104716082021
2020-04-21 19:44:00,2166.0694004204543,0.0009220229810891193
2020-04-21 19:45:00,2164.2592913465464,0.000933557082445858
2020-04-21 19:46:00,2161.4931783519737,0.0008763995052696831
2020-04-21 19:47:00,2158.5801624357246,0.0008833976594676031
2020-04-21 19:48:00,2158.597538958994,0.0008733932446492073
2020-04-21 19:49:00,2156.4031647238717,0.0008623571532255128
2020-04-21 19:50:00,2153.6732059114065,0.0008034194165320648
2020-04-21 19:51:00,2152.089337593297,0.0007768468293787733
2020-04-21 19:52:00,2150.997017098875,0.0008025190914719264
2020-04-21 19:53:00,2152.3005007946745,0.0008215379670744839
2020-04-21 19:54:00,2152.655692794895,0.0007902604432425313
2020-04-21 19:55:00,2154.2919446694245,0.0008390886663880263
2020-04-21 19:56:00,2154.4411508694,0.0008183942000246652
2020-04-21 19:57:00,2153.347102203958,0.0007996329005058488
2020-04-21 19:58:00,2153.4247868418956,0.0007817915009106135
2020-04-21 19:59:00,2152.596688208909,0.0007640999646011996
