ts,V_smooth,sigma_t
2020-02-24 13:30:00,3387.375000000002,0.0005097744404115578
2020-02-24 13:31:00,3387.040581797089,0.0005262342048211998
2020-02-24 13:32:00,3386.5081288733636,0.0005488538615402895
2020-02-24 13:33:00,3386.873718237623,0.0005478256938633209
2020-02-24 13:34:00,3387.889283736304,0.0005228132446860753
2020-02-24 13:35:00,3387.242746219087,0.0004967786863819753
2020-02-24 13:36:00,3383.1550449859637,0.000535297265054972
2020-02-24 13:37:00,3382.9427150495762,0.0005264678669369942
2020-02-24 13:38:00,3382.605344789657,0.0005304975119029209
2020-02-24 13:39:00,3382.966677132744,0.0005254709132312252
2020-02-24 13:40:00,3384.364576126841,0.00054496794487871
2020-02-24 13:41:00,3386.4844982003247,0.0005484114711993755
2020-02-24 13:42:00,3387.3263477100168,0.0005346135028821333
2020-02-24 13:43:00,3390.867289532176,0.0005186328011151753
2020-02-24 13:44:00,3389.351038094155,0.0004985015773236077
2020-02-24 13:45:00,3389.4222106691204,0.00045909120254563257
2020-02-24 13:46:00,3389.7466065564204,0.0004546587140791712
2020-02-24 13:47:00,3389.064147365622,0.0004641797054278227
2020-02-24 13:48:00,3389.0878484023765,0.000465213803220495
2020-02-24 13:49:00,3387.9226160979642,0.00046643116236130626
2020-02-24 13:50:00,3386.269957616011,0.0005176316082425457
2020-02-24 13:51:00,3389.174653238308,0.0005301387980110556
2020-02-24 13:52:00,3385.6921772646942,0.0005224180582225173
2020-02-24 13:53:00,3387.7711206175213,0.0005623781945395448
2020-02-24 13:54:00,3389.2964679458323,0.0006094033952945143
2020-02-24 13:55:00,3388.6048621832165,0.0005884295633420155
2020-02-24 13:56:00,3389.264250512236,0.0005561039850645663
2020-02-24 13:57:00,3387.0245390402183,0.0005602330551732854
2020-02-24 13:58:00,3384.311074994881,0.0006104756027724901
2020-02-24 13:59:00,3386.035851174558,0.0005764676475737016
2020-02-24 14:00:00,3388.531871266715,0.0006120229927131386
2020-02-24 14:01:00,3389.399102875303,0.0006051273702111483
2020-02-24 14:02:00,3389.193427629357,0.0006258747446144778
2020-02-24 14:03:00,3392.0343262763863,0.0006101032568016519
2020-02-24 14:04:00,3394.0709643307473,0.0006230277584288712
2020-02-24 14:05:00,3397.563525546062,0.0006585119945596054
2020-02-24 14:06:00,3396.55133121651,0.000668098070450748
2020-02-24 14:07:00,3399.3794204086994,0.0006855712697803968
2020-02-24 14:08:00,3399.890194123359,0.0006856828088002011
2020-02-24 14:09:00,3400.81043626358,0.0006757828612845363
2020-02-24 14:10:00,3398.33052698508,0.0006738523453140218
2020-02-24 14:11:00,3399.2908040693283,0.0006308806459517779
2020-02-24 14:12:00,3398.785625023073,0.0006547445430613383
2020-02-24 14:13:00,3400.099532161015,0.0006679473294310813
2020-02-24 14:14:00,3401.889294704869,0.0006427651949827037
2020-02-24 14:15:00,3399.899136118238,0.0007267789846466264
2020-02-24 14:16:00,3400.619264084908,0.0007340183132736683
2020-02-24 14:17:00,3395.289051463155,0.0007203056823013587
2020-02-24 14:18:00,3393.844809297182,0.0006858965254292965
2020-02-24 14:19:00,3393.393895635837,0.0006740017515110158
2020-02-24 14:20:00,3396.7896790196996,0.0007070552920017362
2020-02-24 14:21:00,3396.043793985683,0.0007649883772746886
2020-02-24 14:22:00,3391.8043412824873,0.000797915248991683
2020-02-24 14:23:00,3387.781697705793,0.0007972519757341661
2020-02-24 14:24:00,3384.6087166674583,0.000806276179742289
2020-02-24 14:25:00,3390.828922717573,0.0008535667266109544
2020-02-24 14:26:00,3389.399313502534,0.0008427559782861316
2020-02-24 14:27:00,3386.7904493167075,0.0008106708377719428
2020-02-24 14:28:00,3383.7095665786687,0.0007495664031651337
2020-02-24 14:29:00,3381.1540409436757,0.0007624491062422279
2020-02-24 14:30:00,3379.2526836485226,0.0007480689559582364
2020-02-24 14:31:00,3375.934930268308,0.0007076123292181946
2020-02-24 14:32:00,3373.758498733559,0.0007185199821707124
2020-02-24 14:33:00,3375.013168488373,0.0007358509276546819
2020-02-24 14:34:00,3377.3827155598574,0.0007106938871736073
2020-02-24 14:35:00,3374.9225503755297,0.0006711367446838918
2020-02-24 14:36:00,3376.851399424519,0.0006206367272317888
2020-02-24 14:37:00,3376.346890102668,0.0006785338827591147
2020-02-24 14:38:00,3377.0455020036375,0.0006826974038431476
2020-02-24 14:39:00,3379.4841321211825,0.0006512830784670234
2020-02-24 14:40:00,3377.113582442611,0.0006758862074357447
2020-02-24 14:41:00,3381.3197508943886,0.0006719762675268016
2020-02-24 14:42:00,3384.985937538845,0.0006937977094068306
2020-02-24 14:43:00,3385.0439882554133,0.0007425698377107257
2020-02-24 14:44:00,3387.948803249438,0.0007588071911812323
2020-02-24 14:45:00,3387.7545631204816,0.000769387824288749
2020-02-24 14:46:00,3383.6627938076717,0.000732669876381599
2020-02-24 14:47:00,3382.8823987069927,0.0007427821904792793
2020-02-24 14:48:00,3381.5973654158097,0.0007526064732344078
2020-02-24 14:49:00,3382.1615466711382,0.0007292671272498877
2020-02-24 14:50:00,3382.2242869662705,0.0007087019833284296
2020-02-24 14:51:00,3382.6730643394217,0.0007083400673128522
2020-02-24 14:52:00,3386.447327900575,0.000691323728096194
2020-02-24 14:53:00,3390.8682968343965,0.0007101694406789241
2020-02-24 14:54:00,3390.048565181675,0.0006843659100736457
2020-02-24 14:55:00,3391.5007926670814,0.0006816116073118381
2020-02-24 14:56:00,3389.0623120121522,0.0006775887962294965
2020-02-24 14:57:00,3386.4074007941804,0.0006449246843211011
2020-02-24 14:58:00,3386.080733185439,0.0006601786738024103
2020-02-24 14:59:00,3389.4212808207535,0.0006434819172835407
2020-02-24 15:00:00,3385.0204798641353,0.0006601904069737422
2020-02-24 15:01:00,3386.275018798661,0.0006207176913141262
2020-02-24 15:02:00,3384.5810816418057,0.0006897886042457967
2020-02-24 15:03:00,3385.7171791629853,0.0006449037879686036
2020-02-24 15:04:00,3383.1513307794,0.000616237798249789
2020-02-24 15:05:00,3383.3083885812116,0.0005718288450959046
2020-02-24 15:06:00,3384.735782710501,0.0005745585291141011
2020-02-24 15:07:00,3384.6180095332916,0.000552220011517236
2020-02-24 15:08:00,3383.490772395213,0.0005164208350211483
2020-02-24 15:09:00,3383.429769074701,0.00048803945414314974
2020-02-24 15:10:00,3384.0268666337156,0.0004460693915348112
2020-02-24 15:11:00,3383.5586050569314,0.00043269856394470124
2020-02-24 15:12:00,3384.671785172515,0.00043946052306995077
2020-02-24 15:13:00,3385.0242167833258,0.0004493606314450232
2020-02-24 15:14:00,3386.763436203085,0.00041607013195658384
2020-02-24 15:15:00,3386.466343706221,0.0003952613180487074
2020-02-24 15:16:00,3386.8660079408605,0.0003856690528592031
2020-02-24 15:17:00,3386.1364504534235,0.0003691470314538638
2020-02-24 15:18:00,3384.7687432181374,0.0003588193726309872
2020-02-24 15:19:00,3384.903285998092,0.000362346694876205
2020-02-24 15:20:00,3385.4414484356284,0.00036365987707523076
2020-02-24 15:21:00,3386.734186818334,0.0003489316557555928
2020-02-24 15:22:00,3386.858353681116,0.0003467008262828366
2020-02-24 15:23:00,3385.9561202877962,0.0003564633775222129
2020-02-24 15:24:00,3386.028116514727,0.00034937494199716756
2020-02-24 15:25:00,3386.196448595522,0.000353953140253223
2020-02-24 15:26:00,3386.4823377454927,0.00033963257958274516
2020-02-24 15:27:00,3386.215560280838,0.000348380114279572
2020-02-24 15:28:00,3385.1310082442524,0.0003502176232427614
2020-02-24 15:29:00,3384.6935570184355,0.0003630293339510207
2020-02-24 15:30:00,3386.3049541709734,0.00035616748180148874
2020-02-24 15:31:00,3385.090195360435,0.0003643133696791773
2020-02-24 15:32:00,3385.4042968708495,0.00037422205648636036
2020-02-24 15:33:00,3386.317279797885,0.00037119816822415124
2020-02-24 15:34:00,3387.04435939458,0.00037622143351911393
2020-02-24 15:35:00,3387.654798842152,0.0003704869483183433
2020-02-24 15:36:00,3389.153213889383,0.00039373123692518545
2020-02-24 15:37:00,3391.2108526206425,0.00037538300836243246
2020-02-24 15:38:00,3391.205533795189,0.0003948225914720738
2020-02-24 15:39:00,3392.2489075015474,0.0003603615353519069
2020-02-24 15:40:00,3395.485205831179,0.0003454744815766376
2020-02-24 15:41:00,3396.897865057991,0.00034055243730847864
2020-02-24 15:42:00,3397.2111848886584,0.0003549974849606042
2020-02-24 15:43:00,3398.449341633258,0.00033982920192065076
2020-02-24 15:44:00,3398.081635241695,0.00031803535397540057
2020-02-24 15:45:00,3398.296301505686,0.0003056670635455451
2020-02-24 15:46:00,3399.876434617903,0.0003116019326963734
2020-02-24 15:47:00,3399.721017524344,0.0002968250411905306
2020-02-24 15:48:00,3401.7249727857543,0.0002981179684139714
2020-02-24 15:49:00,3399.67887392704,0.0003197327354156162
2020-02-24 15:50:00,3400.344194255633,0.0003295562694879764
2020-02-24 15:51:00,3400.276861666757,0.00034804545347907445
2020-02-24 15:52:00,3399.9076871748453,0.0003614744005364859
2020-02-24 15:53:00,3400.309112278077,0.00038126019764513476
2020-02-24 15:54:00,3397.2598923070937,0.0003716062434211828
2020-02-24 15:55:00,3398.140274500999,0.0003654157697248244
2020-02-24 15:56:00,3397.724612468665,0.0003637639250071176
2020-02-24 15:57:00,3397.537008604158,0.000398264184058188
2020-02-24 15:58:00,3395.141679165287,0.0003977471745525594
2020-02-24 15:59:00,3393.133810357438,0.00040181343430653827
2020-02-24 16:00:00,3396.000783854589,0.0003776652961364325
2020-02-24 16:01:00,3394.460878820001,0.0003767564325330603
2020-02-24 16:02:00,3394.195096479115,0.00034907243487992593
2020-02-24 16:03:00,3392.8926803538966,0.00036043282413763416
2020-02-24 16:04:00,3392.400025427876,0.0003581749254310113
2020-02-24 16:05:00,3391.4158168727263,0.0003734599816452753
2020-02-24 16:06:00,3388.3308664230135,0.00035727363599312884
2020-02-24 16:07:00,3386.54624772375,0.00037545543333756073
2020-02-24 16:08:00,3388.036748143109,0.0003947438522862713
2020-02-24 16:09:00,3386.8363621606104,0.00036817935791945796
2020-02-24 16:10:00,3385.9011582712665,0.0004035767734010291
2020-02-24 16:11:00,3385.9521926651437,0.000405271759974286
2020-02-24 16:12:00,3385.8336566020703,0.0003897858989957476
2020-02-24 16:13:00,3384.526727274798,0.0003776310037845826
2020-02-24 16:14:00,3383.987224439591,0.0003534481857331851
2020-02-24 16:15:00,3383.257700154014,0.00032833120847159026
2020-02-24 16:16:00,3382.323836490051,0.0003244928329563598
2020-02-24 16:17:00,3383.13080351805,0.00029980310868413853
2020-02-24 16:18:00,3385.0908436166574,0.00031697806852063593
2020-02-24 16:19:00,3385.9560312404465,0.00032275250293601525
2020-02-24 16:20:00,3384.7579637544673,0.0003240354496129262
2020-02-24 16:21:00,3383.892296106862,0.00030823100873460685
2020-02-24 16:22:00,3383.4280473369226,0.0003218177991536507
2020-02-24 16:23:00,3383.286091225713,0.0003076900130397681
2020-02-24 16:24:00,3385.234110034634,0.00031723181519133274
2020-02-24 16:25:00,3384.7225575251277,0.0002927199821881894
2020-02-24 16:26:00,3383.383100117748,0.0003035571286255751
2020-02-24 16:27:00,3384.0716420752483,0.0002942003880797568
2020-02-24 16:28:00,3386.2463274622482,0.0002817384054926061
2020-02-24 16:29:00,3385.1322782074762,0.0002743056534736632
2020-02-24 16:30:00,3385.9058639239342,0.0002905768129504436
2020-02-24 16:31:00,3384.5087778784377,0.00027956015978853845
2020-02-24 16:32:00,3385.4464145039433,0.0002656068806628256
2020-02-24 16:33:00,3384.657425825182,0.00026270309573528513
2020-02-24 16:34:00,3384.9844991422406,0.00027157575762819475
2020-02-24 16:35:00,3384.9547394222486,0.0002713938663503008
2020-02-24 16:36:00,3386.359982235789,0.0002801006612075329
2020-02-24 16:37:00,3387.0562272388784,0.00026792888918907053
2020-02-24 16:38:00,3387.4867273769833,0.000279944669604256
2020-02-24 16:39:00,3387.9271614055097,0.00027426887282328585
2020-02-24 16:40:00,3387.697857442583,0.0002835555184460334
2020-02-24 16:41:00,3388.5578070937645,0.0002941542471022233
2020-02-24 16:42:00,3387.7311861237354,0.000289388822918796
2020-02-24 16:43:00,3388.2378553426624,0.0002759991367314178
2020-02-24 16:44:00,3387.8953011194753,0.0002783864230108054
2020-02-24 16:45:00,3387.121088202642,0.00027935307616681193
2020-02-24 16:46:00,3386.4932562776935,0.00026993263502637915
2020-02-24 16:47:00,3387.543961791569,0.0002735588333047403
2020-02-24 16:48:00,3388.469032661434,0.00028757971071938015
2020-02-24 16:49:00,3389.595696439552,0.0003091378953828989
2020-02-24 16:50:00,3389.3508535396786,0.00031201667768451856
2020-02-24 16:51:00,3389.3389323731553,0.0003089014021537291
2020-02-24 16:52:00,3391.2551925053863,0.00030098537180319775
2020-02-24 16:53:00,3391.2518662557704,0.000309330518274619
2020-02-24 16:54:00,3391.7830070378222,0.00029833731909795794
2020-02-24 16:55:00,3391.449890007629,0.0003015944099618082
2020-02-24 16:56:00,3392.3929990787474,0.0002859898342087754
2020-02-24 16:57:00,3389.5249467901967,0.00027823012768680083
2020-02-24 16:58:00,3389.9366132786704,0.00028158671978154785
2020-02-24 16:59:00,3391.151022668033,0.000280652499639763
2020-02-24 17:00:00,3389.4399389150512,0.0002916805406594706
2020-02-24 17:01:00,3389.4787481670064,0.0002889711348861864
2020-02-24 17:02:00,3390.0426340118834,0.00027770776234489785
2020-02-24 17:03:00,3392.5888215796517,0.00027523731688985215
2020-02-24 17:04:00,3391.984992861619,0.00028151415116914823
2020-02-24 17:05:00,3392.104127736059,0.00029862209911610965
2020-02-24 17:06:00,3390.0102777265997,0.00030072437842858316
2020-02-24 17:07:00,3389.442584654247,0.0002812286641014061
2020-02-24 17:08:00,3389.949491672176,0.00027326818749879515
2020-02-24 17:09:00,3387.9107843930387,0.000288818203201012
2020-02-24 17:10:00,3387.462781278265,0.0002864050108490367
2020-02-24 17:11:00,3386.9383186595924,0.0002762002877474973
2020-02-24 17:12:00,3386.418020047397,0.0002620347452833134
2020-02-24 17:13:00,3386.000460721283,0.00025258712656729665
2020-02-24 17:14:00,3388.1221339407343,0.00024467342454568067
2020-02-24 17:15:00,3386.9915504409837,0.00023647866703741145
2020-02-24 17:16:00,3388.234153697404,0.00024029655825992665
2020-02-24 17:17:00,3388.5995409360057,0.0002455833227852711
2020-02-24 17:18:00,3387.509358642033,0.00023888395640286504
2020-02-24 17:19:00,3387.773301261061,0.00023483410653192953
2020-02-24 17:20:00,3387.5302895742084,0.0002281976915369569
2020-02-24 17:21:00,3386.857238579696,0.00021894993373153786
2020-02-24 17:22:00,3385.838333162419,0.00021397095909081885
2020-02-24 17:23:00,3385.512151092863,0.00020779094275955417
2020-02-24 17:24:00,3385.3996232981062,0.00021244565276126105
2020-02-24 17:25:00,3385.935701590619,0.00021099377883201654
2020-02-24 17:26:00,3385.245227520952,0.00021842535428625586
2020-02-24 17:27:00,3385.8368539990447,0.00023779310990612107
2020-02-24 17:28:00,3385.4720373006976,0.00025719748469716914
2020-02-24 17:29:00,3385.7479305447864,0.000246325480217117
2020-02-24 17:30:00,3385.0807330408607,0.00023131981888547355
2020-02-24 17:31:00,3384.5880832551875,0.00022572804296034287
2020-02-24 17:32:00,3384.6394988228544,0.00022408390509958217
2020-02-24 17:33:00,3384.084452578489,0.00021390212949150882
2020-02-24 17:34:00,3383.9873300567733,0.0002074155644088808
2020-02-24 17:35:00,3383.4906788013905,0.00019188608753440065
2020-02-24 17:36:00,3383.494890713693,0.00018465503024197447
2020-02-24 17:37:00,3382.583514324902,0.00019399293262838767
2020-02-24 17:38:00,3381.542692232948,0.00018114925165790512
2020-02-24 17:39:00,3381.694688102407,0.00016437807963392344
2020-02-24 17:40:00,3382.1166703142208,0.0001649495019853495
2020-02-24 17:41:00,3382.306024846762,0.00016672959779136267
2020-02-24 17:42:00,3383.0747086473734,0.00015714360573952912
2020-02-24 17:43:00,3382.6209211553964,0.0001654757232482716
2020-02-24 17:44:00,3382.580066135227,0.00017768703034947843
2020-02-24 17:45:00,3383.1414326777344,0.0001893247126739533
2020-02-24 17:46:00,3383.1015237859892,0.00019508689089702086
2020-02-24 17:47:00,3381.93620731906,0.00020084962600939917
2020-02-24 17:48:00,3380.7326189643622,0.00019255361819113615
2020-02-24 17:49:00,3381.2177330520653,0.00019314828645756364
2020-02-24 17:50:00,3381.1677355353518,0.0001871266903034673
2020-02-24 17:51:00,3381.620329995436,0.000175114115926876
2020-02-24 17:52:00,3382.5914791021955,0.0001739851390235799
2020-02-24 17:53:00,3382.705873794012,0.00017809588859759844
2020-02-24 17:54:00,3383.3203707688335,0.00017643530901424926
2020-02-24 17:55:00,3383.7896463018774,0.00019348421109595737
2020-02-24 17:56:00,3384.4680863553485,0.00020481884174747885
2020-02-24 17:57:00,3382.965927644577,0.00021639623134047663
2020-02-24 17:58:00,3382.8739913486606,0.00023445252139967553
2020-02-24 17:59:00,3382.7418728970288,0.00023296513374153915
2020-02-24 18:00:00,3381.4094295805216,0.00022565476418198385
2020-02-24 18:01:00,3382.414048658871,0.00021431313068343057
2020-02-24 18:02:00,3381.8811867976524,0.00019811828092819553
2020-02-24 18:03:00,3382.3131389760315,0.00020033720692108292
2020-02-24 18:04:00,3381.211569412051,0.00019157802467169107
2020-02-24 18:05:00,3381.177108340543,0.0002048321704262835
2020-02-24 18:06:00,3381.509364136341,0.00019954440987425838
2020-02-24 18:07:00,3380.955168381075,0.00021098206240322437
2020-02-24 18:08:00,3379.15125171382,0.00021472749316529333
2020-02-24 18:09:00,3378.6905567477324,0.00020097460009363993
2020-02-24 18:10:00,3377.9008574352874,0.00020384045627351328
2020-02-24 18:11:00,3377.630224087345,0.00021123619420431648
2020-02-24 18:12:00,3377.859460549935,0.00023073264969516565
2020-02-24 18:13:00,3379.1967875637015,0.00024173460008606958
2020-02-24 18:14:00,3379.60233686436,0.00023079852736353017
2020-02-24 18:15:00,3379.52872032131,0.00021735415302223074
2020-02-24 18:16:00,3379.7343664858668,0.0002210730752545605
2020-02-24 18:17:00,3379.209439100247,0.00020907484140084454
2020-02-24 18:18:00,3378.884073747916,0.00020559957381324876
2020-02-24 18:19:00,3378.307946648292,0.00021257024210801482
2020-02-24 18:20:00,3377.8729982670907,0.00023252709892295084
2020-02-24 18:21:00,3379.050039455111,0.0002482553832920552
2020-02-24 18:22:00,3378.8631191000486,0.0002605338148380913
2020-02-24 18:23:00,3380.268782190982,0.0002538057907424946
2020-02-24 18:24:00,3379.689847721663,0.0002542810699292166
2020-02-24 18:25:00,3379.7883607350586,0.00023405166505614374
2020-02-24 18:26:00,3378.1098945546655,0.00024321083030115503
2020-02-24 18:27:00,3377.6930416062614,0.00024072144780043882
2020-02-24 18:28:00,3378.2088688946856,0.00026371274854802477
2020-02-24 18:29:00,3378.098347541012,0.00023476672462837165
2020-02-24 18:30:00,3376.5992881578322,0.0002532211105052228
2020-02-24 18:31:00,3376.2392083966815,0.00025348437791311405
2020-02-24 18:32:00,3378.319017578622,0.00024447413418315374
2020-02-24 18:33:00,3377.561177877902,0.00025400025342222634
2020-02-24 18:34:00,3378.4618731941923,0.000246091106538167
2020-02-24 18:35:00,3378.7506590253633,0.0002380077877072847
2020-02-24 18:36:00,3377.766623762505,0.00023474935831932134
2020-02-24 18:37:00,3376.835656898401,0.00022844987613679713
2020-02-24 18:38:00,3376.058344135175,0.00021865403856093093
2020-02-24 18:39:00,3376.3370526713466,0.00020125815353445455
2020-02-24 18:40:00,3376.8533267282746,0.00020541174701350898
2020-02-24 18:41:00,3377.230208609291,0.0002130724188965202
2020-02-24 18:42:00,3377.0267753125204,0.00021022007275450753
2020-02-24 18:43:00,3377.778904538268,0.00019999632318740406
2020-02-24 18:44:00,3377.2551544645203,0.00020079986333166854
2020-02-24 18:45:00,3377.374901583696,0.00020342778186343606
2020-02-24 18:46:00,3376.778276073026,0.00019727455050963158
2020-02-24 18:47:00,3377.0669252226608,0.00020239192785753812
2020-02-24 18:48:00,3376.1690068789676,0.00021168695711762636
2020-02-24 18:49:00,3376.593550784134,0.00020697998447377977
2020-02-24 18:50:00,3377.3247330791833,0.00019233110279715565
2020-02-24 18:51:00,3377.229663088369,0.000186340992697517
2020-02-24 18:52:00,3377.0514358924606,0.00018128876874435636
2020-02-24 18:53:00,3376.524083928985,0.00017830932900487112
2020-02-24 18:54:00,3376.693423386512,0.00015906115365789224
2020-02-24 18:55:00,3377.5625299598523,0.0001712736542721484
2020-02-24 18:56:00,3378.349089686927,0.00017970036492530214
2020-02-24 18:57:00,3378.7398621227762,0.00017323423407109367
2020-02-24 18:58:00,3377.3558090794204,0.00017897602028891794
2020-02-24 18:59:00,3377.2346555178115,0.0001618888319019431
2020-02-24 19:00:00,3376.8464081781226,0.0001452406954928541
2020-02-24 19:01:00,3377.241580416619,0.00014997810111527457
2020-02-24 19:02:00,3377.1157467044354,0.00014862178983064139
2020-02-24 19:03:00,3377.9285624732433,0.0001450127518621319
2020-02-24 19:04:00,3376.2554602695204,0.000154747506028643
2020-02-24 19:05:00,3377.490639978589,0.00015493870699990485
2020-02-24 19:06:00,3378.6271711659565,0.0001609808394604917
2020-02-24 19:07:00,3379.1680698488412,0.00016913402030366075
2020-02-24 19:08:00,3379.0689476216,0.00018160929821148684
2020-02-24 19:09:00,3379.40172326584,0.00019419035676752178
2020-02-24 19:10:00,3379.5818918371842,0.00019331570791669914
2020-02-24 19:11:00,3379.680309792035,0.00019531874749472472
2020-02-24 19:12:00,3380.5104857453084,0.0001990888992108728
2020-02-24 19:13:00,3379.6715774537997,0.00020361032952746698
2020-02-24 19:14:00,3379.609465694419,0.0002152873475805284
2020-02-24 19:15:00,3379.2532461057613,0.00020453217222805425
2020-02-24 19:16:00,3377.4892280023755,0.0002103833138364459
2020-02-24 19:17:00,3377.664205947347,0.00019947010799197085
2020-02-24 19:18:00,3377.459943567709,0.00019974686191565012
2020-02-24 19:19:00,3376.810219185865,0.00019250178052141435
2020-02-24 19:20:00,3376.697022078879,0.00018893650957920802
2020-02-24 19:21:00,3378.1977850110175,0.00018426952072599895
2020-02-24 19:22:00,3377.05081633621,0.00018565479489145615
2020-02-24 19:23:00,3378.0380163094337,0.00018125729391346636
2020-02-24 19:24:00,3378.0166877324423,0.00018286881157652567
2020-02-24 19:25:00,3378.266374165582,0.00019287901934710074
2020-02-24 19:26:00,3378.136479290849,0.00019594860520646794
2020-02-24 19:27:00,3377.3178986275407,0.00019939288927544964
2020-02-24 19:28:00,3376.5443140088532,0.0002040599179795615
2020-02-24 19:29:00,3376.871824902613,0.00022089787568181803
2020-02-24 19:30:00,3375.7558033760038,0.00021258229200976221
2020-02-24 19:31:00,3376.6733660595196,0.00020698974081000295
2020-02-24 19:32:00,3374.8210023747183,0.00020422029107289302
2020-02-24 19:33:00,3374.7406126992287,0.00019302579141730839
2020-02-24 19:34:00,3374.685623696573,0.0001940564767829166
2020-02-24 19:35:00,3373.7753000652756,0.00019244572316487476
2020-02-24 19:36:00,3374.0455421337774,0.00019310199194814935
2020-02-24 19:37:00,3374.313169861585,0.00019653756614557686
2020-02-24 19:38:00,3374.8291862788474,0.0001976679501313244
2020-02-24 19:39:00,3374.440880882895,0.0001941157077461872
2020-02-24 19:40:00,3373.9479091810363,0.00019456883662455525
2020-02-24 19:41:00,3375.387047825068,0.00018732868250414639
2020-02-24 19:42:00,3375.091477599699,0.00018312255873819989
2020-02-24 19:43:00,3374.92992126933,0.00018267377984156074
2020-02-24 19:44:00,3374.668477853252,0.00018725954903274066
2020-02-24 19:45:00,3374.0371107648475,0.00018556036762447912
2020-02-24 19:46:00,3373.8563316445166,0.00018708307104848873
2020-02-24 19:47:00,3373.8076339075437,0.00017171257408298045
2020-02-24 19:48:00,3373.749651127478,0.00017074610726221953
2020-02-24 19:49:00,3372.917663906467,0.00017682783768202228
2020-02-24 19:50:00,3372.8897884487474,0.00017894443097610658
2020-02-24 19:51:00,3373.0745416095524,0.000168998640653242
2020-02-24 19:52:00,3373.251845597794,0.00016118232880145772
2020-02-24 19:53:00,3373.6502289907544,0.00016132214418283417
2020-02-24 19:54:00,3373.141204392187,0.00016939158245099525
2020-02-24 19:55:00,3372.208341548332,0.00017353564036254353
2020-02-24 19:56:00,3372.7035083416436,0.00017522318288091661
2020-02-24 19:57:00,3372.1628705824633,0.00016413458346027022
2020-02-24 19:58:00,3371.691926018414,0.00016385652219368124
2020-02-24 19:59:00,3372.738243754969,0.00016024482279985422
2020-02-25 13:30:00,3312.836016456788,0.00015469784142495367
2020-02-25 13:31:00,3313.0788972909504,0.0001544749349639451
2020-02-25 13:32:00,3312.663614840194,0.00015689501436333997
2020-02-25 13:33:00,3312.061060799787,0.00015463803126566247
2020-02-25 13:34:00,3311.7723576578655,0.00015812764242251732
2020-02-25 13:35:00,3311.54290425306,0.00015555178359387599
2020-02-25 13:36:00,3311.7450487399733,0.00015269285514102292
2020-02-25 13:37:00,3312.0994779162047,0.0001572504768124982
2020-02-25 13:38:00,3312.65774222001,0.00015252342036690202
2020-02-25 13:39:00,3312.7499941695532,0.00015906812738955003
2020-02-25 13:40:00,3312.6608862714747,0.00015905379285638922
2020-02-25 13:41:00,3312.68208336023,0.00015719265089652638
2020-02-25 13:42:00,3312.05319249014,0.00014697779283966427
2020-02-25 13:43:00,3312.0883363710727,0.00014856319374358633
2020-02-25 13:44:00,3311.420200639283,0.00015048904266386874
2020-02-25 13:45:00,3311.57837811493,0.00015398541260975784
2020-02-25 13:46:00,3311.457516511916,0.0001529188793157626
2020-02-25 13:47:00,3311.1661081878283,0.0001582047584699173
2020-02-25 13:48:00,3311.4925487006076,0.00015824647348088722
2020-02-25 13:49:00,3310.6920011578413,0.00015877522345022588
2020-02-25 13:50:00,3310.6384574062813,0.00015374907797226895
2020-02-25 13:51:00,3310.9597527768424,0.00015605186907363417
2020-02-25 13:52:00,3310.735483369326,0.00015412790555001274
2020-02-25 13:53:00,3310.2163072430794,0.0001662215847891722
2020-02-25 13:54:00,3310.556208495776,0.000166405997780496
2020-02-25 13:55:00,3309.9738693856443,0.0001645282380453698
2020-02-25 13:56:00,3309.3940828787686,0.00015519318047444336
2020-02-25 13:57:00,3309.1289022237606,0.00015006052604382185
2020-02-25 13:58:00,3308.525839366529,0.00014656781996580734
2020-02-25 13:59:00,3308.29538268748,0.00015429621185347858
2020-02-25 14:00:00,3308.369187222442,0.00016479025155569427
2020-02-25 14:01:00,3308.1490625266697,0.00016691384476223944
2020-02-25 14:02:00,3308.1061600211183,0.0001606390563606891
2020-02-25 14:03:00,3307.200588456329,0.00015240823753680423
2020-02-25 14:04:00,3306.4801676811194,0.0001561228591681353
2020-02-25 14:05:00,3306.5042590285834,0.00015602501806143563
2020-02-25 14:06:00,3305.444205707653,0.00015690388700908702
2020-02-25 14:07:00,3304.9389244750523,0.00016334206690230246
2020-02-25 14:08:00,3303.6251603554383,0.00016009230168339698
2020-02-25 14:09:00,3303.1965801590222,0.00017053683040461055
2020-02-25 14:10:00,3302.887318890092,0.00016671076471806067
2020-02-25 14:11:00,3302.2045769332535,0.00017402873100003807
2020-02-25 14:12:00,3302.859188058542,0.00018391796563908835
2020-02-25 14:13:00,3302.226326986941,0.00019074976444638072
2020-02-25 14:14:00,3302.5869100796854,0.00019382828361760176
2020-02-25 14:15:00,3301.584790459198,0.0001992973406166667
2020-02-25 14:16:00,3300.4541733857404,0.00019192263037895435
2020-02-25 14:17:00,3301.2054940231633,0.00019241671689040007
2020-02-25 14:18:00,3301.066400911341,0.00018765876735047282
2020-02-25 14:19:00,3301.014408555187,0.0001888820240296551
2020-02-25 14:20:00,3300.7978230338636,0.00018295079820831683
2020-02-25 14:21:00,3299.986293491417,0.0001683104844459543
2020-02-25 14:22:00,3300.503315365309,0.00017197304947263572
2020-02-25 14:23:00,3300.7575960249283,0.00017203395680147142
2020-02-25 14:24:00,3300.102886772815,0.0001777399234333216
2020-02-25 14:25:00,3300.535121399259,0.00018099481178547318
2020-02-25 14:26:00,3300.654968424317,0.00017550403352861442
2020-02-25 14:27:00,3299.7369577256923,0.0001777038622319107
2020-02-25 14:28:00,3299.67142585975,0.0001578017966253369
2020-02-25 14:29:00,3300.164900303125,0.0001521621933309688
2020-02-25 14:30:00,3299.8954226710234,0.00015472922238624214
2020-02-25 14:31:00,3300.205265035551,0.00014312455922585088
2020-02-25 14:32:00,3299.1887901009636,0.00015147259170163302
2020-02-25 14:33:00,3299.8036660747366,0.00015267784362139148
2020-02-25 14:34:00,3299.4953092690153,0.00014431739691071074
2020-02-25 14:35:00,3299.979623934612,0.00014984093685511675
2020-02-25 14:36:00,3300.412080944136,0.00015286576236987545
2020-02-25 14:37:00,3299.4207926424847,0.00015721449019305117
2020-02-25 14:38:00,3300.004535107408,0.00016212158256162065
2020-02-25 14:39:00,3299.9398015349816,0.0001688657020117944
2020-02-25 14:40:00,3300.2704266055007,0.0001781541405921841
2020-02-25 14:41:00,3301.1524621259287,0.00017936375922458276
2020-02-25 14:42:00,3300.9854742449165,0.0001815377095867982
2020-02-25 14:43:00,3300.8867698538156,0.00017183549472852725
2020-02-25 14:44:00,3300.9552820489407,0.00018333960799517634
2020-02-25 14:45:00,3301.8358204376414,0.00017704686029544953
2020-02-25 14:46:00,3302.258277051291,0.00018114010619117572
2020-02-25 14:47:00,3303.1579159286316,0.0001805714870381106
2020-02-25 14:48:00,3303.154192125142,0.0001801404852582379
2020-02-25 14:49:00,3301.6160280930976,0.00018819287720417305
2020-02-25 14:50:00,3302.375725729214,0.00019201864698088878
2020-02-25 14:51:00,3302.2905606313457,0.00019541947387042113
2020-02-25 14:52:00,3302.341064243308,0.00019089101722136423
2020-02-25 14:53:00,3301.080544883633,0.00019576064739428055
2020-02-25 14:54:00,3300.9289279176214,0.00019952970211565058
2020-02-25 14:55:00,3301.8935367668187,0.00020387479582058838
2020-02-25 14:56:00,3301.8931566421206,0.00018597915698691548
2020-02-25 14:57:00,3301.2445614348535,0.00018020172641812854
2020-02-25 14:58:00,3301.699155533105,0.00017335823022937655
2020-02-25 14:59:00,3301.674803783197,0.0001684888710536671
2020-02-25 15:00:00,3301.1373329190124,0.00016057625144146745
2020-02-25 15:01:00,3301.191475152671,0.00016765311344974285
2020-02-25 15:02:00,3301.449485710637,0.00016710063111186147
2020-02-25 15:03:00,3301.93798689695,0.0001726574499399429
2020-02-25 15:04:00,3301.3004733468615,0.0001660923888435013
2020-02-25 15:05:00,3300.6110770463283,0.0001637352728905428
2020-02-25 15:06:00,3300.0535506759584,0.00014922024982449137
2020-02-25 15:07:00,3300.419697294721,0.00015023083062092334
2020-02-25 15:08:00,3300.435097914217,0.0001312807181592075
2020-02-25 15:09:00,3299.6890413873325,0.00013458828560834193
2020-02-25 15:10:00,3300.580171639163,0.00013594523405888366
2020-02-25 15:11:00,3300.9129913951056,0.00013411139055039597
2020-02-25 15:12:00,3301.053954784126,0.0001360089416799626
2020-02-25 15:13:00,3300.4492055656847,0.00014530644666476328
2020-02-25 15:14:00,3300.804487552306,0.00014768043584875097
2020-02-25 15:15:00,3301.047329411772,0.00014840894451466328
2020-02-25 15:16:00,3300.6373550468575,0.00015408076286028117
2020-02-25 15:17:00,3300.179431874657,0.00014477419630601316
2020-02-25 15:18:00,3301.0536654238754,0.00015193134809850174
2020-02-25 15:19:00,3300.5698051076615,0.00014626996202819
2020-02-25 15:20:00,3300.499657636475,0.0001554285288067579
2020-02-25 15:21:00,3300.289466390874,0.00015236059419882807
2020-02-25 15:22:00,3300.4277672964167,0.00015443400277691488
2020-02-25 15:23:00,3300.011503004837,0.00017424370097004924
2020-02-25 15:24:00,3299.5570688185026,0.00017505152442952258
2020-02-25 15:25:00,3300.067695108855,0.0001862703622053852
2020-02-25 15:26:00,3299.2141636055962,0.00020994625829020227
2020-02-25 15:27:00,3298.794608116037,0.00020407909895873224
2020-02-25 15:28:00,3299.386335819104,0.00020719276700654834
2020-02-25 15:29:00,3298.549475029847,0.00020949424486750142
2020-02-25 15:30:00,3298.0417940594252,0.00019614035548334193
2020-02-25 15:31:00,3298.8633024303263,0.000193901804721296
2020-02-25 15:32:00,3297.264485853538,0.000192044719378241
2020-02-25 15:33:00,3297.6200846411234,0.00018644936152344274
2020-02-25 15:34:00,3298.762831482717,0.0001868393840145036
2020-02-25 15:35:00,3298.639428923803,0.00019312683296341253
2020-02-25 15:36:00,3298.524607503233,0.00018992053984911292
2020-02-25 15:37:00,3298.0258123911167,0.0002033639389577728
2020-02-25 15:38:00,3296.981961087025,0.0002214457974470331
2020-02-25 15:39:00,3296.744503385873,0.00021740563008748964
2020-02-25 15:40:00,3297.3870325500734,0.00021508114610880943
2020-02-25 15:41:00,3297.7104496992442,0.00018581976489734963
2020-02-25 15:42:00,3296.942356608583,0.00018644984859327246
2020-02-25 15:43:00,3296.116753500429,0.00018741679802906173
2020-02-25 15:44:00,3296.088911549693,0.0001815607201367127
2020-02-25 15:45:00,3295.232393044587,0.00018434435531895823
2020-02-25 15:46:00,3295.5203819881735,0.00018449376881851976
2020-02-25 15:47:00,3296.0515494595998,0.00018756532952618853
2020-02-25 15:48:00,3295.9043177924605,0.0001958526259329081
2020-02-25 15:49:00,3295.583095051822,0.000195536090888751
2020-02-25 15:50:00,3296.2760799201,0.00019574253558957104
2020-02-25 15:51:00,3296.392030263439,0.00018742951512279148
2020-02-25 15:52:00,3297.3280288173855,0.00019287276034760432
2020-02-25 15:53:00,3297.1357152653322,0.00019902470946332713
2020-02-25 15:54:00,3295.9666637525816,0.0002017663446047683
2020-02-25 15:55:00,3295.8049650910425,0.00020887435043521666
2020-02-25 15:56:00,3296.269900266602,0.00020575685245285228
2020-02-25 15:57:00,3296.5738813763805,0.00022781935792076592
2020-02-25 15:58:00,3297.195814285348,0.0002339522411650208
2020-02-25 15:59:00,3298.040793588296,0.00023742034535431834
2020-02-25 16:00:00,3297.7601583821256,0.00023535216441187559
2020-02-25 16:01:00,3296.683627532194,0.00023938876973560186
2020-02-25 16:02:00,3296.4246526950596,0.0002573479854824068
2020-02-25 16:03:00,3296.580672947872,0.00024953931049700057
2020-02-25 16:04:00,3297.5002870219746,0.0002319860196036607
2020-02-25 16:05:00,3296.480870383761,0.00025758541683929985
2020-02-25 16:06:00,3296.3678935680696,0.0002471753590143445
2020-02-25 16:07:00,3296.0918902530534,0.00023477443732689555
2020-02-25 16:08:00,3295.547466600878,0.00023618979573605215
2020-02-25 16:09:00,3295.350945347085,0.00023445904452567317
2020-02-25 16:10:00,3295.1011244117203,0.0002215996986138955
2020-02-25 16:11:00,3294.8343272175052,0.00022256787552880862
2020-02-25 16:12:00,3295.1687277918923,0.0002271338741217746
2020-02-25 16:13:00,3295.615570637782,0.00023757343541035844
2020-02-25 16:14:00,3295.67817355197,0.00025138617453758364
2020-02-25 16:15:00,3295.186262428858,0.00024293326563581226
2020-02-25 16:16:00,3295.307073233827,0.0002447185244231236
2020-02-25 16:17:00,3295.3538441522437,0.00023930399154529003
2020-02-25 16:18:00,3295.3662137702445,0.00025122849819382044
2020-02-25 16:19:00,3295.18877187777,0.0002677161022918846
2020-02-25 16:20:00,3296.633597533752,0.00026311625943777213
2020-02-25 16:21:00,3296.7693825708557,0.00026707780081839034
2020-02-25 16:22:00,3296.4205217694694,0.0002885837887782882
2020-02-25 16:23:00,3296.378009079598,0.0002828295050970094
2020-02-25 16:24:00,3295.976218129501,0.00030138122434180314
2020-02-25 16:25:00,3295.5443191733584,0.000293634690186122
2020-02-25 16:26:00,3295.8854308152827,0.0002848968948603386
2020-02-25 16:27:00,3294.991914138126,0.00030353809987005326
2020-02-25 16:28:00,3294.8282002094443,0.00030425514028021135
2020-02-25 16:29:00,3294.4597141934546,0.00029129496980720117
2020-02-25 16:30:00,3293.718503510385,0.000290455861985508
2020-02-25 16:31:00,3294.373981428901,0.0002885789136725348
2020-02-25 16:32:00,3293.234451262149,0.0003060131089424075
2020-02-25 16:33:00,3293.9974134574536,0.0003033286890012875
2020-02-25 16:34:00,3293.115374962738,0.00031325169066640565
2020-02-25 16:35:00,3294.965177020659,0.0003399007760499404
2020-02-25 16:36:00,3293.305449405132,0.0003482057985537666
2020-02-25 16:37:00,3293.540342014143,0.0003428240552510333
2020-02-25 16:38:00,3293.7695059738603,0.000331013325276086
2020-02-25 16:39:00,3296.112645646389,0.0003503222802445004
2020-02-25 16:40:00,3295.632312416951,0.0003756718605142585
2020-02-25 16:41:00,3297.6541675657845,0.00037554813854236607
2020-02-25 16:42:00,3298.4789438485736,0.0003707069294396266
2020-02-25 16:43:00,3299.719970349398,0.00037872391902867854
2020-02-25 16:44:00,3299.641498426064,0.00037250475978506067
2020-02-25 16:45:00,3298.452296374673,0.00036995134377261864
2020-02-25 16:46:00,3297.486218557406,0.0003938747220432556
2020-02-25 16:47:00,3297.942181824378,0.0003958082440708947
2020-02-25 16:48:00,3297.4637689223764,0.0004049110126245731
2020-02-25 16:49:00,3298.7013377834132,0.0003987276521545029
2020-02-25 16:50:00,3300.61836537619,0.00039539975255368224
2020-02-25 16:51:00,3300.4869933288865,0.00039265897541531844
2020-02-25 16:52:00,3296.7126712333074,0.00037546173127123075
2020-02-25 16:53:00,3295.643837228729,0.0003900636182762188
2020-02-25 16:54:00,3293.341192654637,0.00039916090086115945
2020-02-25 16:55:00,3293.807724546879,0.0004075970492548932
2020-02-25 16:56:00,3294.194839867793,0.00039756961674342696
2020-02-25 16:57:00,3295.7460321236604,0.0004170399582504002
2020-02-25 16:58:00,3295.7282005514166,0.0004478862965032854
2020-02-25 16:59:00,3294.678588729702,0.00043338904940017813
2020-02-25 17:00:00,3294.621101144674,0.0004170746531105275
2020-02-25 17:01:00,3292.9220539091116,0.0004505934110022033
2020-02-25 17:02:00,3293.3153104040894,0.0004366352294316849
2020-02-25 17:03:00,3293.756136200443,0.000438643988810898
2020-02-25 17:04:00,3294.3009836892356,0.0004568396244128007
2020-02-25 17:05:00,3294.9215881061305,0.00042974844448563214
2020-02-25 17:06:00,3295.6742694061727,0.00045173050437557994
2020-02-25 17:07:00,3294.7119582900514,0.0004579669174797395
2020-02-25 17:08:00,3296.6931555902424,0.00048109237728429427
2020-02-25 17:09:00,3296.733144209275,0.0005015377832023278
2020-02-25 17:10:00,3297.8224456714534,0.0004580352483783969
2020-02-25 17:11:00,3297.450326132659,0.00047832568625925123
2020-02-25 17:12:00,3297.379524327646,0.0005134788874204117
2020-02-25 17:13:00,3298.5691397827295,0.0004697309962808445
2020-02-25 17:14:00,3298.01586936868,0.0004758219345832088
2020-02-25 17:15:00,3298.1485036338618,0.0004933469248568277
2020-02-25 17:16:00,3297.7747525260297,0.0004979353918779059
2020-02-25 17:17:00,3294.7901437211203,0.000515178579408063
2020-02-25 17:18:00,3295.3164142183473,0.0005004575955615167
2020-02-25 17:19:00,3296.635733085889,0.00048374747758584785
2020-02-25 17:20:00,3294.4345719047647,0.00048065507386207447
2020-02-25 17:21:00,3294.882945488282,0.0004342208516739623
2020-02-25 17:22:00,3292.5370883853857,0.00043114796169743756
2020-02-25 17:23:00,3291.7954666731935,0.0004335670170784263
2020-02-25 17:24:00,3294.6296596316506,0.0004215147708162647
2020-02-25 17:25:00,3294.885042507778,0.0004187809986015234
2020-02-25 17:26:00,3295.395093732464,0.0003917392551687569
2020-02-25 17:27:00,3294.1178813875617,0.0004013831415504483
2020-02-25 17:28:00,3292.425930543039,0.00040474621264258636
2020-02-25 17:29:00,3293.104741346267,0.0004088162141246092
2020-02-25 17:30:00,3292.7882756016375,0.0003765368003697843
2020-02-25 17:31:00,3292.814032121389,0.00038747708126500997
2020-02-25 17:32:00,3293.3705632864257,0.00039582875520433855
2020-02-25 17:33:00,3292.878060723651,0.0003863567894986214
2020-02-25 17:34:00,3293.6948561747595,0.0003774114465277891
2020-02-25 17:35:00,3293.841336710909,0.0004007774435112537
2020-02-25 17:36:00,3295.4404241959787,0.0003900398928668594
2020-02-25 17:37:00,3295.9157662194666,0.00035935543728932623
2020-02-25 17:38:00,3295.453794899249,0.0003712695065389086
2020-02-25 17:39:00,3296.381220138997,0.00037000981239187754
2020-02-25 17:40:00,3296.6233216402225,0.00037680288999496377
2020-02-25 17:41:00,3296.599597578224,0.0003986496816500372
2020-02-25 17:42:00,3293.002365792785,0.0003718630499976951
2020-02-25 17:43:00,3295.2574578562285,0.0003874110622877514
2020-02-25 17:44:00,3294.3332823093547,0.00040995889371953613
2020-02-25 17:45:00,3293.174498097066,0.0004095548945276849
2020-02-25 17:46:00,3293.5980338993254,0.00039339912056118447
2020-02-25 17:47:00,3294.005341945267,0.00038701755675397677
2020-02-25 17:48:00,3294.9211489012464,0.00038799567200705317
2020-02-25 17:49:00,3293.398008222003,0.0004244607537306048
2020-02-25 17:50:00,3294.7839032000984,0.0004278148410576585
2020-02-25 17:51:00,3294.568915319906,0.00041369121840707904
2020-02-25 17:52:00,3296.94329052561,0.00043867787801467193
2020-02-25 17:53:00,3300.500096792254,0.00043299278073705334
2020-02-25 17:54:00,3300.121059086505,0.00045170422390631123
2020-02-25 17:55:00,3300.739142495316,0.0004550961357123919
2020-02-25 17:56:00,3301.730754372558,0.0004486039615378771
2020-02-25 17:57:00,3301.273194008839,0.0004666224974131305
2020-02-25 17:58:00,3302.74841672937,0.000503868064204611
2020-02-25 17:59:00,3302.874259375483,0.0004954646218152737
2020-02-25 18:00:00,3303.52326188423,0.0004789064789228131
2020-02-25 18:01:00,3303.646295463016,0.00047299098971073016
2020-02-25 18:02:00,3300.7682127016633,0.0004833630662508285
2020-02-25 18:03:00,3301.73796541787,0.00046036133847219526
2020-02-25 18:04:00,3301.6121888032685,0.0004868259341635963
2020-02-25 18:05:00,3299.728166338511,0.00048029222304121554
2020-02-25 18:06:00,3301.3214819063583,0.000474808601051901
2020-02-25 18:07:00,3300.4520891623256,0.00043205012526801966
2020-02-25 18:08:00,3300.3014060901423,0.00042733454405384974
2020-02-25 18:09:00,3299.1339790280313,0.00037735047183006225
2020-02-25 18:10:00,3300.048724983334,0.00037650165442383793
2020-02-25 18:11:00,3301.561329695121,0.0003898298997294979
2020-02-25 18:12:00,3305.0579274360525,0.00039185855557101517
2020-02-25 18:13:00,3303.4150533260176,0.0003920132782646515
2020-02-25 18:14:00,3301.4388883188935,0.00038151827403606306
2020-02-25 18:15:00,3299.8151858229685,0.00039695289190084474
2020-02-25 18:16:00,3298.9541562845316,0.00037894387580207243
2020-02-25 18:17:00,3297.6921551758487,0.00036863039279931174
2020-02-25 18:18:00,3298.2132012312704,0.00034613900996067554
2020-02-25 18:19:00,3300.3157377108955,0.0003308926625148567
2020-02-25 18:20:00,3299.1509702560675,0.0003582578819000715
2020-02-25 18:21:00,3299.449848637519,0.00035963074678509746
2020-02-25 18:22:00,3300.604662924682,0.0003281060478010784
2020-02-25 18:23:00,3301.9761793210832,0.00031223819456969163
2020-02-25 18:24:00,3301.604058555068,0.00028893410154552467
2020-02-25 18:25:00,3303.1072860493923,0.00028306318677151396
2020-02-25 18:26:00,3303.227165616584,0.0002882973344401145
2020-02-25 18:27:00,3303.43348073902,0.0002864395395557276
2020-02-25 18:28:00,3304.3127551153366,0.00030007270229421223
2020-02-25 18:29:00,3303.913462368474,0.00030364845470138885
2020-02-25 18:30:00,3304.609712488544,0.00032347942506333994
2020-02-25 18:31:00,3304.8267650218922,0.0003314453833000291
2020-02-25 18:32:00,3305.062578073926,0.00033127032586651204
2020-02-25 18:33:00,3303.669440843969,0.00033988686200858324
2020-02-25 18:34:00,3304.7715832478507,0.00034899708192215854
2020-02-25 18:35:00,3304.266173024643,0.00035776368087094934
2020-02-25 18:36:00,3304.9247107085052,0.00035978830087718806
2020-02-25 18:37:00,3306.0792338928263,0.0003477560595777153
2020-02-25 18:38:00,3307.728499913573,0.0003628841632959132
2020-02-25 18:39:00,3305.843508147772,0.0003686885516337057
2020-02-25 18:40:00,3306.225684075114,0.00035550544068191283
2020-02-25 18:41:00,3305.181886461128,0.00037589137209846125
2020-02-25 18:42:00,3305.608470358533,0.00038525714608135146
2020-02-25 18:43:00,3305.6946526988495,0.00041475020026602737
2020-02-25 18:44:00,3305.6314042008594,0.00040455438040018667
2020-02-25 18:45:00,3304.362489190489,0.00039959875062273615
2020-02-25 18:46:00,3302.9042493226225,0.00038522879014801493
2020-02-25 18:47:00,3303.407393080553,0.0003921412902218876
2020-02-25 18:48:00,3304.555169115058,0.0003871628168751546
2020-02-25 18:49:00,3304.619587622212,0.0003887099052766224
2020-02-25 18:50:00,3302.901448860262,0.0003605285786413013
2020-02-25 18:51:00,3302.200188266628,0.0003752110173523285
2020-02-25 18:52:00,3304.1059717321064,0.00038334749499551515
2020-02-25 18:53:00,3304.0356253645277,0.0003955442118497333
2020-02-25 18:54:00,3302.956577565108,0.00040777627689977903
2020-02-25 18:55:00,3302.4959422057937,0.00041854542216528747
2020-02-25 18:56:00,3302.21188700481,0.0004292217949785975
2020-02-25 18:57:00,3301.068752851208,0.00043661426401275674
2020-02-25 18:58:00,3300.969492462827,0.0004687754471584298
2020-02-25 18:59:00,3299.8050317690168,0.0004816745667548309
2020-02-25 19:00:00,3298.0654928151553,0.0004897393355868208
2020-02-25 19:01:00,3301.6655247719314,0.0004891994799072276
2020-02-25 19:02:00,3300.5367096359405,0.0004906475246358113
2020-02-25 19:03:00,3300.1707980550495,0.0004898796303468747
2020-02-25 19:04:00,3298.663615743039,0.0004793502962793832
2020-02-25 19:05:00,3299.7715076979603,0.0004758412438618883
2020-02-25 19:06:00,3300.44426326065,0.0004973835970217089
2020-02-25 19:07:00,3300.3911483954885,0.000492880193527349
2020-02-25 19:08:00,3298.766922025582,0.0005174004113832123
2020-02-25 19:09:00,3295.1253671785203,0.0005257232654416211
2020-02-25 19:10:00,3291.406400017894,0.0005183739493652975
2020-02-25 19:11:00,3292.5344761514343,0.00048467328660136197
2020-02-25 19:12:00,3294.16455402402,0.0005015742646537713
2020-02-25 19:13:00,3296.0194078281515,0.0005360659576974712
2020-02-25 19:14:00,3296.1419304165547,0.000558133100326657
2020-02-25 19:15:00,3296.2401759084833,0.000526792543395008
2020-02-25 19:16:00,3296.856700726851,0.0005463957337900574
2020-02-25 19:17:00,3296.0096454650748,0.0005631256390032372
2020-02-25 19:18:00,3295.5899996132302,0.0005742796043407705
2020-02-25 19:19:00,3296.382255070226,0.0005748872128432693
2020-02-25 19:20:00,3293.9880483868455,0.0005904737256670792
2020-02-25 19:21:00,3293.554985259956,0.0005928150715178522
2020-02-25 19:22:00,3293.347756876547,0.000586306541837641
2020-02-25 19:23:00,3295.259801824396,0.0006117749127730618
2020-02-25 19:24:00,3298.106193620572,0.0005632833108101393
2020-02-25 19:25:00,3298.404084174532,0.0005686738118939875
2020-02-25 19:26:00,3297.8811533108424,0.0005286743247707076
2020-02-25 19:27:00,3298.989672017205,0.0005217113137423607
2020-02-25 19:28:00,3298.281024258958,0.0005006143409152393
2020-02-25 19:29:00,3300.36150102905,0.0005229254829438099
2020-02-25 19:30:00,3300.362651578596,0.0005340932291099034
2020-02-25 19:31:00,3301.783290701052,0.0005219440581635811
2020-02-25 19:32:00,3302.188674826798,0.0005575476689748177
2020-02-25 19:33:00,3300.4680755582367,0.0005725864372574172
2020-02-25 19:34:00,3298.87896824068,0.0005330249017530838
2020-02-25 19:35:00,3297.9859423402286,0.0005469422022612491
2020-02-25 19:36:00,3296.905147416432,0.0005427901778033696
2020-02-25 19:37:00,3298.5253834694986,0.0005253037535083325
2020-02-25 19:38:00,3298.9037955541453,0.0005412623761120595
2020-02-25 19:39:00,3300.6981458312866,0.0005523794023468233
2020-02-25 19:40:00,3300.2869439895358,0.0005228731091495311
2020-02-25 19:41:00,3298.269388081063,0.000510672584255471
2020-02-25 19:42:00,3299.5817620083167,0.0005182624297869302
2020-02-25 19:43:00,3299.2972607846996,0.0005164131766625925
2020-02-25 19:44:00,3299.6173191366843,0.0004885663116000044
2020-02-25 19:45:00,3297.072691125797,0.00044037908236745337
2020-02-25 19:46:00,3297.2935587722036,0.00043392605887621787
2020-02-25 19:47:00,3299.364164486773,0.000403712794904307
2020-02-25 19:48:00,3298.6114984195647,0.00042963867295678327
2020-02-25 19:49:00,3299.6511194350046,0.00042757965622261475
2020-02-25 19:50:00,3300.0604822082532,0.00043552298899900594
2020-02-25 19:51:00,3302.6467765430684,0.000409614772086503
2020-02-25 19:52:00,3299.638073268266,0.0004236633257156932
2020-02-25 19:53:00,3301.4751866837837,0.00047003942381359517
2020-02-25 19:54:00,3301.3575196901643,0.0004711082495501574
2020-02-25 19:55:00,3297.198174845864,0.0004566099654934372
2020-02-25 19:56:00,3295.80556489507,0.0004088063320088749
2020-02-25 19:57:00,3294.052162115338,0.0003992481817273038
2020-02-25 19:58:00,3294.5580270561854,0.0004063606701771474
2020-02-25 19:59:00,3295.9011847228417,0.0004214512058839156
2020-02-26 13:30:00,3340.529078104196,0.0004276365707591861
2020-02-26 13:31:00,3340.831211154005,0.0004206095575990652
2020-02-26 13:32:00,3340.21769677924,0.0004028345123197598
2020-02-26 13:33:00,3341.6316756991637,0.0003937675273557375
2020-02-26 13:34:00,3339.680686367822,0.0004248871795554841
2020-02-26 13:35:00,3341.2023348164694,0.00046348325850666165
2020-02-26 13:36:00,3342.20563051055,0.00045030019575290753
2020-02-26 13:37:00,3342.957619206147,0.00046126584222292544
2020-02-26 13:38:00,3342.014107807004,0.0004236389055572371
2020-02-26 13:39:00,3344.242294207342,0.0004271724018214551
2020-02-26 13:40:00,3344.5252627429063,0.00039966150145276814
2020-02-26 13:41:00,3346.1447672246845,0.0003989210683950996
2020-02-26 13:42:00,3345.3302856115342,0.0004375433301331807
2020-02-26 13:43:00,3346.522134852857,0.00041984535660627637
2020-02-26 13:44:00,3347.0366188267762,0.0004362777296566742
2020-02-26 13:45:00,3345.8173278749623,0.00044917102559168887
2020-02-26 13:46:00,3344.4756269775357,0.0004655477034064805
2020-02-26 13:47:00,3344.3148192350304,0.0004616683769941805
2020-02-26 13:48:00,3344.6754129238416,0.0004840377800392137
2020-02-26 13:49:00,3343.5899284153243,0.0005077797410885187
2020-02-26 13:50:00,3347.46753202476,0.0005386210174923789
2020-02-26 13:51:00,3348.0698747248935,0.0005404979690856879
2020-02-26 13:52:00,3348.9908111916116,0.0005374979193767725
2020-02-26 13:53:00,3347.1342609863527,0.0005908449859291984
2020-02-26 13:54:00,3344.9033854805757,0.0005817295542374296
2020-02-26 13:55:00,3342.369645520468,0.0005843813319184899
2020-02-26 13:56:00,3342.6699108172934,0.0005992345018969158
2020-02-26 13:57:00,3341.5790659909244,0.0006203478714009528
2020-02-26 13:58:00,3342.787279582469,0.0006062036584226839
2020-02-26 13:59:00,3347.1172599128395,0.0006281238544839119
2020-02-26 14:00:00,3351.1015662974523,0.0006279845332720265
2020-02-26 14:01:00,3350.2995008363314,0.0006846801284710617
2020-02-26 14:02:00,3351.2881573777768,0.0006631262282496763
2020-02-26 14:03:00,3350.390223760974,0.0006380525671541535
2020-02-26 14:04:00,3350.56588286642,0.0006740773319284189
2020-02-26 14:05:00,3350.0327702318195,0.0006453749863462083
2020-02-26 14:06:00,3349.401706012969,0.0006031381979636195
2020-02-26 14:07:00,3350.971488283571,0.0006134644048256046
2020-02-26 14:08:00,3351.9390946228764,0.0005564666647263202
2020-02-26 14:09:00,3351.975583660007,0.0005506545421881016
2020-02-26 14:10:00,3349.6750986856655,0.0005387565680282786
2020-02-26 14:11:00,3347.6210319216834,0.0005651927304989109
2020-02-26 14:12:00,3347.995449781832,0.0005527362171366945
2020-02-26 14:13:00,3350.174541636525,0.0005626615325459735
2020-02-26 14:14:00,3347.7851874853804,0.0005367937675881218
2020-02-26 14:15:00,3347.464058120997,0.0005303119407521976
2020-02-26 14:16:00,3347.718200493043,0.0005531200447345037
2020-02-26 14:17:00,3346.810173135461,0.000537906739496487
2020-02-26 14:18:00,3348.29060112683,0.0005775245262803661
2020-02-26 14:19:00,3350.531220883745,0.0005814270598521491
2020-02-26 14:20:00,3349.90916975624,0.0006319925331070377
2020-02-26 14:21:00,3347.543962489069,0.000601676382420665
2020-02-26 14:22:00,3345.2425356312983,0.0006094525083108973
2020-02-26 14:23:00,3344.0495500644374,0.00058729867206415
2020-02-26 14:24:00,3343.672277888755,0.0006295033535396978
2020-02-26 14:25:00,3343.0352614551352,0.0006268124792917382
2020-02-26 14:26:00,3341.7974906494733,0.0006237516071715376
2020-02-26 14:27:00,3344.2626401399416,0.0006368263609086743
2020-02-26 14:28:00,3343.0148923520233,0.0006319481400194314
2020-02-26 14:29:00,3344.9824314680623,0.0006669781727949808
2020-02-26 14:30:00,3344.0666263240187,0.0006672632487219329
2020-02-26 14:31:00,3344.0091396296707,0.000665793404570978
2020-02-26 14:32:00,3343.067536286616,0.000716245481678203
2020-02-26 14:33:00,3343.43200687834,0.000707300806919716
2020-02-26 14:34:00,3343.030641573582,0.0007141917334822809
2020-02-26 14:35:00,3345.4531584733845,0.0006896983318239372
2020-02-26 14:36:00,3345.008330159462,0.0007183918364828705
2020-02-26 14:37:00,3343.08363103748,0.0007295010765827025
2020-02-26 14:38:00,3345.128206291168,0.0007531227743037531
2020-02-26 14:39:00,3346.3947234498974,0.0007554477542541702
2020-02-26 14:40:00,3343.307834306351,0.0007318362322291295
2020-02-26 14:41:00,3345.417520595347,0.000737850211440389
2020-02-26 14:42:00,3343.440682373116,0.0007941505230336463
2020-02-26 14:43:00,3342.6053438430013,0.0008104943892737421
2020-02-26 14:44:00,3343.4636159645647,0.000748612404333873
2020-02-26 14:45:00,3344.7749905778373,0.0007115373963010277
2020-02-26 14:46:00,3342.4657959420642,0.0007135026870974348
2020-02-26 14:47:00,3342.7516235731186,0.000678138314548239
2020-02-26 14:48:00,3341.729077437349,0.0006273490357366375
2020-02-26 14:49:00,3343.381528096927,0.0006541881736841543
2020-02-26 14:50:00,3342.918236998487,0.0006353101231759918
2020-02-26 14:51:00,3343.7414370024067,0.0006443761047416507
2020-02-26 14:52:00,3348.86419936547,0.0006987470513756246
2020-02-26 14:53:00,3349.4373508937824,0.0006843310016145333
2020-02-26 14:54:00,3351.6495406126182,0.0006936594252160218
2020-02-26 14:55:00,3352.318903886049,0.0007592112253997547
2020-02-26 14:56:00,3349.755929983759,0.0007849197539090714
2020-02-26 14:57:00,3351.300358099429,0.0008268878118760662
2020-02-26 14:58:00,3353.878746062192,0.0008099928619988444
2020-02-26 14:59:00,3357.7432820287504,0.0008615059405743794
2020-02-26 15:00:00,3359.1296713254274,0.000838809972011642
2020-02-26 15:01:00,3358.2303340170315,0.0008350207659831724
2020-02-26 15:02:00,3357.3928388568816,0.0008099786371573185
2020-02-26 15:03:00,3356.4216092370652,0.0008090049184836099
2020-02-26 15:04:00,3357.109508910478,0.0008205401378552729
2020-02-26 15:05:00,3357.377441268182,0.0008198357849770444
2020-02-26 15:06:00,3356.5974255218075,0.0008680628849386075
2020-02-26 15:07:00,3352.298418737849,0.0008571641248734231
2020-02-26 15:08:00,3353.838855299099,0.0008735170741456003
2020-02-26 15:09:00,3353.2913462300658,0.000849749281792381
2020-02-26 15:10:00,3351.495399844028,0.0008760861074665783
2020-02-26 15:11:00,3346.0094634831735,0.0009241858682105455
2020-02-26 15:12:00,3342.0197173059946,0.0008269026294744662
2020-02-26 15:13:00,3342.070767225546,0.0007979255010677284
2020-02-26 15:14:00,3338.010527563823,0.0007932330750521504
2020-02-26 15:15:00,3342.3341330682365,0.0008546291498437925
2020-02-26 15:16:00,3344.1143073109424,0.0009051064114715936
2020-02-26 15:17:00,3338.1642996497935,0.0009075850256758658
2020-02-26 15:18:00,3335.3551051451973,0.00093467985771236
2020-02-26 15:19:00,3334.9215692765547,0.0008849463649990984
2020-02-26 15:20:00,3335.028486288706,0.000903676508525975
2020-02-26 15:21:00,3336.1372546776124,0.0009327005093908016
2020-02-26 15:22:00,3336.4190922715634,0.00095653230587266
2020-02-26 15:23:00,3335.957122978985,0.000980688141549873
2020-02-26 15:24:00,3337.3951499824675,0.0010199746135608819
2020-02-26 15:25:00,3337.0280896748477,0.000994286186578007
2020-02-26 15:26:00,3332.759991092232,0.0010147413243100287
2020-02-26 15:27:00,3332.1186302764063,0.0009921007771494649
2020-02-26 15:28:00,3336.6878143863964,0.0009973038783178385
2020-02-26 15:29:00,3331.8735373499812,0.0009768909431062773
2020-02-26 15:30:00,3332.1067326295665,0.0009887901679971952
2020-02-26 15:31:00,3328.665864223914,0.000982835375870003
2020-02-26 15:32:00,3330.761022102237,0.0009533817500466149
2020-02-26 15:33:00,3328.712848471716,0.0009482466549723432
2020-02-26 15:34:00,3325.1705389386934,0.0010303180980309548
2020-02-26 15:35:00,3323.0865206680814,0.0010033053107177288
2020-02-26 15:36:00,3328.7421362234363,0.001002100892668811
2020-02-26 15:37:00,3322.6304616381462,0.0009375237373124841
2020-02-26 15:38:00,3317.8583623331665,0.0009222248909232392
2020-02-26 15:39:00,3316.525667286981,0.0009639972916389659
2020-02-26 15:40:00,3319.6837174473576,0.0009909230382432793
2020-02-26 15:41:00,3320.7166383245863,0.0009241610604640543
2020-02-26 15:42:00,3316.4149072692976,0.001040345063701873
2020-02-26 15:43:00,3316.080949120574,0.0010802525166517293
2020-02-26 15:44:00,3312.861998021468,0.0010668235173164691
2020-02-26 15:45:00,3315.973731992129,0.001036751743809338
2020-02-26 15:46:00,3314.516232920788,0.001010557577654323
2020-02-26 15:47:00,3314.015350328742,0.0009563441763826004
2020-02-26 15:48:00,3315.2790915357796,0.000936036840562126
2020-02-26 15:49:00,3311.816053280991,0.0009320290797466082
2020-02-26 15:50:00,3318.24867206759,0.0009289720534385426
2020-02-26 15:51:00,3322.3865655599793,0.0009578237667138075
2020-02-26 15:52:00,3321.1509559094193,0.0009488402881863755
2020-02-26 15:53:00,3316.1062926404306,0.0009690560558517102
2020-02-26 15:54:00,3314.755573299132,0.0010052604543820322
2020-02-26 15:55:00,3315.324843700531,0.0010812411361714235
2020-02-26 15:56:00,3315.402068910395,0.0010799489152438148
2020-02-26 15:57:00,3314.0228220229083,0.001060701889414593
2020-02-26 15:58:00,3311.212654091778,0.0010290588816692517
2020-02-26 15:59:00,3309.495754354517,0.0009692422498432385
2020-02-26 16:00:00,3309.5010809817613,0.0010278993649861126
2020-02-26 16:01:00,3305.930640460151,0.0010546799047632652
2020-02-26 16:02:00,3308.8594915950134,0.0011545412473626996
2020-02-26 16:03:00,3305.980820445657,0.0011550751154838907
2020-02-26 16:04:00,3305.438034601615,0.0010874687421860423
2020-02-26 16:05:00,3305.374337574396,0.0011341353795853953
2020-02-26 16:06:00,3304.1351587062186,0.0011231690042025166
2020-02-26 16:07:00,3303.5291873791894,0.0010925710735633612
2020-02-26 16:08:00,3301.137339824949,0.001081456027871376
2020-02-26 16:09:00,3304.8509324772353,0.0010342254014160685
2020-02-26 16:10:00,3304.977232306045,0.0009676629948140282
2020-02-26 16:11:00,3303.3445096542328,0.0009763539398731203
2020-02-26 16:12:00,3304.761073520671,0.00103217250263256
2020-02-26 16:13:00,3298.0432338623873,0.0010066985659450678
2020-02-26 16:14:00,3303.5146054098204,0.0010474470047995912
2020-02-26 16:15:00,3299.0986050101606,0.0011068196512740982
2020-02-26 16:16:00,3298.687924198444,0.0011174362301322638
2020-02-26 16:17:00,3303.9617007005236,0.0011797732416663777
2020-02-26 16:18:00,3301.1064281555314,0.0011600242087460803
2020-02-26 16:19:00,3310.77676893807,0.0012995512952586068
2020-02-26 16:20:00,3311.0576032755052,0.00133021723887941
2020-02-26 16:21:00,3318.183754742166,0.0014158645400131023
2020-02-26 16:22:00,3313.7562147700555,0.001361281592054211
2020-02-26 16:23:00,3316.5109753934453,0.0013872865025032746
2020-02-26 16:24:00,3317.3670192577597,0.0013286897048882132
2020-02-26 16:25:00,3318.8662107607506,0.0012741057824301304
2020-02-26 16:26:00,3317.808093532351,0.0012233605894982394
2020-02-26 16:27:00,3318.989197612777,0.0012624870018802263
2020-02-26 16:28:00,3318.7206756765,0.0012564714454473306
2020-02-26 16:29:00,3330.482712574034,0.0012551470978977883
2020-02-26 16:30:00,3329.9388048783458,0.001287299494236847
2020-02-26 16:31:00,3328.3005463477193,0.0013630080253817464
2020-02-26 16:32:00,3321.105688542402,0.001377970369878216
2020-02-26 16:33:00,3310.625973095914,0.0014287575569098929
2020-02-26 16:34:00,3315.5158712771554,0.0014151045546140118
2020-02-26 16:35:00,3314.917687712825,0.0013906361829717061
2020-02-26 16:36:00,3317.632128732221,0.0014820953739575278
2020-02-26 16:37:00,3317.975048123986,0.0015938365188102272
2020-02-26 16:38:00,3320.62210306099,0.0016004480009962651
2020-02-26 16:39:00,3310.806814113053,0.001660017121428089
2020-02-26 16:40:00,3311.3009643141986,0.0015780904642905874
2020-02-26 16:41:00,3308.2984975185227,0.0016478504155951089
2020-02-26 16:42:00,3295.719780467552,0.0016296394086426182
2020-02-26 16:43:00,3307.004533375841,0.0016897842216056522
2020-02-26 16:44:00,3313.462829546028,0.001629735570971162
2020-02-26 16:45:00,3319.7601714981574,0.0016140494163069418
2020-02-26 16:46:00,3316.127299016388,0.0016846358673198423
2020-02-26 16:47:00,3313.5201418887937,0.0017703791861606042
2020-02-26 16:48:00,3312.0407152045104,0.0018028658470965555
2020-02-26 16:49:00,3315.049428412618,0.0016891644196684662
2020-02-26 16:50:00,3308.4409484277257,0.0015628959048518767
2020-02-26 16:51:00,3311.680476729433,0.0016806496991575558
2020-02-26 16:52:00,3304.266828974911,0.0018294454067125758
2020-02-26 16:53:00,3294.6100211757835,0.0020996513624639466
2020-02-26 16:54:00,3294.828228834062,0.0020741752568969435
2020-02-26 16:55:00,3292.7317530848145,0.002186394190309358
2020-02-26 16:56:00,3298.4900037818693,0.00226093948859679
2020-02-26 16:57:00,3286.5690859777133,0.0023285397045736873
2020-02-26 16:58:00,3279.7658178065917,0.0023300606417662323
2020-02-26 16:59:00,3281.584000986952,0.0021077499131703717
2020-02-26 17:00:00,3278.438095595875,0.0020957230484716922
2020-02-26 17:01:00,3270.798440309153,0.0021563249056454938
2020-02-26 17:02:00,3265.500486094187,0.0022561017434726675
2020-02-26 17:03:00,3269.932963385519,0.0023366782391820023
2020-02-26 17:04:00,3272.5527889879468,0.0025399177464493954
2020-02-26 17:05:00,3288.402768194252,0.0024533019927129966
2020-02-26 17:06:00,3276.2727719828454,0.002326940388279787
2020-02-26 17:07:00,3276.2199504882037,0.0021326753206564976
2020-02-26 17:08:00,3272.789502665001,0.002072221882425884
2020-02-26 17:09:00,3277.590005520962,0.002086080270798794
2020-02-26 17:10:00,3267.215321958392,0.002055793557080908
2020-02-26 17:11:00,3264.7254735669744,0.0020889096126267648
2020-02-26 17:12:00,3271.810441078573,0.0021780486833662
2020-02-26 17:13:00,3265.9332533435136,0.002287914454691732
2020-02-26 17:14:00,3271.736519119723,0.002180575857886109
2020-02-26 17:15:00,3281.953369428473,0.0021925563757722007
2020-02-26 17:16:00,3277.864229086341,0.0023419755081316856
2020-02-26 17:17:00,3264.6004471734077,0.0021937378170853446
2020-02-26 17:18:00,3287.150448469914,0.0021970743761211887
2020-02-26 17:19:00,3278.946517056794,0.0023269528000168125
2020-02-26 17:20:00,3279.596381212321,0.0021637666114053475
2020-02-26 17:21:00,3272.5681883643315,0.002221705995432389
2020-02-26 17:22:00,3259.243715443748,0.002223558545699437
2020-02-26 17:23:00,3259.366298011369,0.002423026745596889
2020-02-26 17:24:00,3248.997986240276,0.0024145212538079176
2020-02-26 17:25:00,3264.7849002239495,0.0025156880252134224
2020-02-26 17:26:00,3262.660692101774,0.002557643815178539
2020-02-26 17:27:00,3265.1529252104765,0.0024428102354771973
2020-02-26 17:28:00,3260.425103727499,0.0024230005842495175
2020-02-26 17:29:00,3258.0652922309805,0.0024362275667427027
2020-02-26 17:30:00,3264.971574853803,0.0022957939937038627
2020-02-26 17:31:00,3272.129880341708,0.0022899442237482056
2020-02-26 17:32:00,3267.0344760224443,0.002259398431109062
2020-02-26 17:33:00,3287.5942263025972,0.002283907953202187
2020-02-26 17:34:00,3271.8251331262427,0.0022538632434433354
2020-02-26 17:35:00,3284.0067606888074,0.0022297385031471066
2020-02-26 17:36:00,3289.759606555896,0.002297777102718121
2020-02-26 17:37:00,3307.819398011671,0.0021712776324202287
2020-02-26 17:38:00,3316.5798572910044,0.0023676737677575136
2020-02-26 17:39:00,3323.119695054552,0.0024343778542018197
2020-02-26 17:40:00,3333.8914410945167,0.002407575526528445
2020-02-26 17:41:00,3335.2017188430736,0.002386717656426704
2020-02-26 17:42:00,3343.233305429969,0.002236213973412497
2020-02-26 17:43:00,3345.461364901835,0.0023085729913297336
2020-02-26 17:44:00,3343.7249098158777,0.0022830467090417987
2020-02-26 17:45:00,3356.5560988417255,0.0022973561098216973
2020-02-26 17:46:00,3353.5740386874704,0.0022019723528799153
2020-02-26 17:47:00,3361.8925706594127,0.002209282884907876
2020-02-26 17:48:00,3360.241519739926,0.0022458392643075224
2020-02-26 17:49:00,3370.5020436820305,0.0022580547339808485
2020-02-26 17:50:00,3362.7127376073067,0.002370816380056249
2020-02-26 17:51:00,3363.24477101461,0.002135227652233235
2020-02-26 17:52:00,3370.527866178012,0.002213114480179924
2020-02-26 17:53:00,3365.2930952694915,0.002138800553989702
2020-02-26 17:54:00,3374.698557970431,0.0022744618763322153
2020-02-26 17:55:00,3373.4243429948515,0.002327614699253922
2020-02-26 17:56:00,3369.648614316601,0.0022455604278764493
2020-02-26 17:57:00,3386.6506225374396,0.00219641576232905
2020-02-26 17:58:00,3383.775570494641,0.002014388986316421
2020-02-26 17:59:00,3394.2813455053897,0.002064503203989675
2020-02-26 18:00:00,3390.5169939846965,0.002084981678519543
2020-02-26 18:01:00,3387.6514244140217,0.002093446597912954
2020-02-26 18:02:00,3377.839813874113,0.002207298707838014
2020-02-26 18:03:00,3372.173831541137,0.0022188631627044386
2020-02-26 18:04:00,3375.0209129648188,0.002275350389909332
2020-02-26 18:05:00,3385.655191857236,0.0020461386688317355
2020-02-26 18:06:00,3385.0942950855406,0.002001068919217282
2020-02-26 18:07:00,3380.968149993794,0.001988360292624529
2020-02-26 18:08:00,3389.480434643283,0.001929050549040139
2020-02-26 18:09:00,3390.8154167475727,0.0018814563073739285
2020-02-26 18:10:00,3392.2319685326925,0.0018725508332035695
2020-02-26 18:11:00,3399.0399546278063,0.0018519730565530923
2020-02-26 18:12:00,3406.528623170748,0.001979522712974383
2020-02-26 18:13:00,3410.5644276446124,0.001954702298262648
2020-02-26 18:14:00,3406.2046615105664,0.0020464567196509555
2020-02-26 18:15:00,3407.367126549894,0.0018591755968444797
2020-02-26 18:16:00,3416.4764824731305,0.001929855082584853
2020-02-26 18:17:00,3418.7013565166294,0.0018578215588110783
2020-02-26 18:18:00,3415.403150169917,0.0018474485937320334
2020-02-26 18:19:00,3409.7395035691798,0.0018808282639845865
2020-02-26 18:20:00,3407.584759980883,0.0017780276237615738
2020-02-26 18:21:00,3405.0946590205285,0.0017556185165404795
2020-02-26 18:22:00,3403.952302387925,0.001722063808234507
2020-02-26 18:23:00,3404.531922613658,0.001661834779813654
2020-02-26 18:24:00,3399.6634442262816,0.0015899965650143294
2020-02-26 18:25:00,3396.0652724030965,0.0016693080639487282
2020-02-26 18:26:00,3393.9766913241715,0.0016697885836118949
2020-02-26 18:27:00,3398.4648413888362,0.0015989578555246505
2020-02-26 18:28:00,3398.963243699266,0.001624505019327811
2020-02-26 18:29:00,3389.000996433632,0.001599553531149404
2020-02-26 18:30:00,3392.5183035487594,0.0015251747890224214
2020-02-26 18:31:00,3385.5223000513147,0.001509142481577564
2020-02-26 18:32:00,3384.3863945048815,0.0015766412212074848
2020-02-26 18:33:00,3381.2761619850944,0.0015977196245651273
2020-02-26 18:34:00,3379.150413476967,0.0016798103256630734
2020-02-26 18:35:00,3387.3355386529593,0.0017699099053752583
2020-02-26 18:36:00,3387.4547815293013,0.0018607659491506202
2020-02-26 18:37:00,3395.346362557144,0.001798020925062069
2020-02-26 18:38:00,3393.79401211311,0.001875634029245071
2020-02-26 18:39:00,3402.7853766133985,0.0018637120352818337
2020-02-26 18:40:00,3417.6366718577247,0.001842558597896579
2020-02-26 18:41:00,3415.8350941208487,0.001771800666164873
2020-02-26 18:42:00,3406.4685355762394,0.0017243656922896961
2020-02-26 18:43:00,3398.367626637918,0.0017662714096864179
2020-02-26 18:44:00,3399.4717288275233,0.0016621831132590452
2020-02-26 18:45:00,3396.7814062915413,0.0016789211187699785
2020-02-26 18:46:00,3396.8112802427645,0.0017467122478610245
2020-02-26 18:47:00,3403.9068558427193,0.0017446134158383233
2020-02-26 18:48:00,3407.3513522754333,0.0017839337572505766
2020-02-26 18:49:00,3416.2020976383105,0.0017748818836991326
2020-02-26 18:50:00,3405.5477647097823,0.001876714361925956
2020-02-26 18:51:00,3402.903232252449,0.001965973365292435
2020-02-26 18:52:00,3407.949140598598,0.0020062189308252187
2020-02-26 18:53:00,3412.9186437551552,0.001902049539444472
2020-02-26 18:54:00,3416.1192702691933,0.0018487533388577247
2020-02-26 18:55:00,3414.9256757468547,0.0018732305710182707
2020-02-26 18:56:00,3414.655956607245,0.0017555616528419742
2020-02-26 18:57:00,3419.969368246634,0.0017136605819057546
2020-02-26 18:58:00,3429.4432906614197,0.0018153406644595474
2020-02-26 18:59:00,3439.943410698003,0.0018171460207741176
2020-02-26 19:00:00,3430.0699306235924,0.0018122625395760644
2020-02-26 19:01:00,3431.6682691932056,0.0018219373062026466
2020-02-26 19:02:00,3429.986911837674,0.0017930113987005742
2020-02-26 19:03:00,3431.0972369760293,0.001751470473927911
2020-02-26 19:04:00,3434.290946101613,0.001760705110543042
2020-02-26 19:05:00,3437.4188787992034,0.0017619104274204812
2020-02-26 19:06:00,3439.723987908494,0.0016333282016496803
2020-02-26 19:07:00,3445.7101287944156,0.001614866290558328
2020-02-26 19:08:00,3444.4542349288395,0.0017416446712478295
2020-02-26 19:09:00,3447.9385634970254,0.0016918408734179215
2020-02-26 19:10:00,3448.418647788266,0.001820130105211554
2020-02-26 19:11:00,3440.2981354361045,0.0018394541186508196
2020-02-26 19:12:00,3439.535469969554,0.0018353375971759949
2020-02-26 19:13:00,3434.896409505799,0.0019173452374037496
2020-02-26 19:14:00,3430.561462914573,0.0019054206519108407
2020-02-26 19:15:00,3437.1048354783147,0.0019468027294223204
2020-02-26 19:16:00,3444.366509526592,0.0019727657211622116
2020-02-26 19:17:00,3437.262129815755,0.002084393480380243
2020-02-26 19:18:00,3442.4370066731217,0.001896929963887422
2020-02-26 19:19:00,3439.5794954082066,0.0017218982615081607
2020-02-26 19:20:00,3439.2586960419535,0.0017653415670338536
2020-02-26 19:21:00,3430.4576547971546,0.0017143563388979557
2020-02-26 19:22:00,3425.261523192125,0.0016799587750685996
2020-02-26 19:23:00,3422.149587377693,0.0016602568603254677
2020-02-26 19:24:00,3422.460399085967,0.0017534816800929913
2020-02-26 19:25:00,3421.3269972190797,0.0018032508408540168
2020-02-26 19:26:00,3414.7112943010247,0.0018179310176513
2020-02-26 19:27:00,3415.8289476900227,0.001825973295075029
2020-02-26 19:28:00,3406.755633712527,0.0018512486479146425
2020-02-26 19:29:00,3412.5649376506844,0.001861520695647356
2020-02-26 19:30:00,3409.3556259585757,0.00198168371642229
2020-02-26 19:31:00,3416.644459600501,0.0020588724721330473
2020-02-26 19:32:00,3414.965171514372,0.002057595034594309
2020-02-26 19:33:00,3405.9782068870004,0.002027385564045262
2020-02-26 19:34:00,3405.734673862729,0.0019218310626703994
2020-02-26 19:35:00,3406.2150118735617,0.0018081660780704875
2020-02-26 19:36:00,3404.4329035883,0.0019340238663861334
2020-02-26 19:37:00,3404.2715874461555,0.002018805888184487
2020-02-26 19:38:00,3394.0801852908753,0.002136202992014101
2020-02-26 19:39:00,3395.579416321017,0.00204887322737545
2020-02-26 19:40:00,3401.8850944515507,0.0022295469233079668
2020-02-26 19:41:00,3414.9690928842624,0.002418738131713109
2020-02-26 19:42:00,3423.1446280257383,0.002540226382149298
2020-02-26 19:43:00,3423.6592318571043,0.002445171900968384
2020-02-26 19:44:00,3430.7753164300734,0.002394237148815448
2020-02-26 19:45:00,3423.829356276113,0.0023123954450864122
2020-02-26 19:46:00,3431.7761189234975,0.002072904686905722
2020-02-26 19:47:00,3431.940551288537,0.002197904058053014
2020-02-26 19:48:00,3433.5397293288365,0.0021894383616594118
2020-02-26 19:49:00,3426.8843152204745,0.002228923947153776
2020-02-26 19:50:00,3422.962638881995,0.0022559216033621625
2020-02-26 19:51:00,3424.3331613829673,0.0022429534197653356
2020-02-26 19:52:00,3440.8976382901005,0.0024160152974899702
2020-02-26 19:53:00,3451.6294527517293,0.0024818469789691746
2020-02-26 19:54:00,3449.0833398341015,0.0024443057691451333
2020-02-26 19:55:00,3457.0098341272264,0.002722343743965434
2020-02-26 19:56:00,3457.5485000031545,0.0025539909813259917
2020-02-26 19:57:00,3468.2301042423082,0.002554684762115445
2020-02-26 19:58:00,3476.4753280733303,0.0026214693412491188
2020-02-26 19:59:00,3472.012936646843,0.002545653336926241
2020-02-27 13:30:00,3506.0714862228774,0.002560035862759073
2020-02-27 13:31:00,3486.5306225640666,0.00282069279170717
2020-02-27 13:32:00,3468.7240202308058,0.0029000810602862284
2020-02-27 13:33:00,3471.5760511951553,0.0030332819240891664
2020-02-27 13:34:00,3465.6699346575306,0.0030443028631843313
2020-02-27 13:35:00,3459.935219250168,0.003048589589093319
2020-02-27 13:36:00,3461.8049906704614,0.0031569242137058527
2020-02-27 13:37:00,3463.7244604268453,0.003079592318993271
2020-02-27 13:38:00,3464.611713396992,0.0035200346792542436
2020-02-27 13:39:00,3470.2236088565223,0.0036570103266073137
2020-02-27 13:40:00,3472.909371330081,0.0033218722602513144
2020-02-27 13:41:00,3480.629995833529,0.003283323005813094
2020-02-27 13:42:00,3479.1149344895457,0.003342936364090116
2020-02-27 13:43:00,3472.3120704709995,0.00357406268748986
2020-02-27 13:44:00,3485.526997436266,0.003564543674165671
2020-02-27 13:45:00,3485.518808726786,0.0036246419669953888
2020-02-27 13:46:00,3472.9919857090304,0.003669818993604925
2020-02-27 13:47:00,3467.7639380886653,0.003639337349059166
2020-02-27 13:48:00,3482.8274372367723,0.003452082295734332
2020-02-27 13:49:00,3487.003116112195,0.0036369109831251513
2020-02-27 13:50:00,3474.223729013102,0.0037011566988348413
2020-02-27 13:51:00,3464.793538682689,0.0035396918878012476
2020-02-27 13:52:00,3445.419097531712,0.003400326065699561
2020-02-27 13:53:00,3446.0664586875178,0.003345288735154844
2020-02-27 13:54:00,3432.260115297896,0.003379706448644892
2020-02-27 13:55:00,3448.859948417122,0.0034548175132546625
2020-02-27 13:56:00,3455.7703977401084,0.003566620041098449
2020-02-27 13:57:00,3454.248663814022,0.003480117366888446
2020-02-27 13:58:00,3474.940733292689,0.0033967984603752695
2020-02-27 13:59:00,3481.474036465313,0.003471882011671411
2020-02-27 14:00:00,3469.5525832539324,0.003539839783866011
2020-02-27 14:01:00,3461.2936617249043,0.003488568587622639
2020-02-27 14:02:00,3468.383694364725,0.0033363194325622346
2020-02-27 14:03:00,3452.3119764940466,0.0032317677724015468
2020-02-27 14:04:00,3451.766296505859,0.003291578022291211
2020-02-27 14:05:00,3460.096530872863,0.0033534297441157705
2020-02-27 14:06:00,3454.5306301778783,0.003232975490110117
2020-02-27 14:07:00,3444.636651766871,0.003022812434317148
2020-02-27 14:08:00,3429.431574998467,0.0030810481432213435
2020-02-27 14:09:00,3453.144745651731,0.0029275236713933693
2020-02-27 14:10:00,3468.083273271388,0.0030253113983123507
2020-02-27 14:11:00,3456.6995062823316,0.003023856030201275
2020-02-27 14:12:00,3454.4921024727055,0.002895484433142888
2020-02-27 14:13:00,3441.954796304238,0.00277741328771867
2020-02-27 14:14:00,3450.3582748059644,0.002894738894905326
2020-02-27 14:15:00,3439.5841454743068,0.002865798743734067
2020-02-27 14:16:00,3442.441567083796,0.0028806382446253595
2020-02-27 14:17:00,3444.814949514455,0.0029514357439798496
2020-02-27 14:18:00,3425.8956899924024,0.0028299961964048563
2020-02-27 14:19:00,3414.860621298818,0.00278414260201215
2020-02-27 14:20:00,3401.8729970641166,0.002647159583143035
2020-02-27 14:21:00,3406.3769164514047,0.0027344912738236074
2020-02-27 14:22:00,3418.9163487710953,0.0028160071298641903
2020-02-27 14:23:00,3413.663781865579,0.0026822643513810564
2020-02-27 14:24:00,3407.856421815862,0.0029124789866446926
2020-02-27 14:25:00,3404.2959145075047,0.0029876849513823162
2020-02-27 14:26:00,3398.5277537091565,0.0026975967885896224
2020-02-27 14:27:00,3399.7090073353843,0.002687419939952495
2020-02-27 14:28:00,3392.3445677199497,0.0027577786753592358
2020-02-27 14:29:00,3403.277141207924,0.0026362666963252726
2020-02-27 14:30:00,3415.91104834628,0.0024939258961876446
2020-02-27 14:31:00,3426.0168003699396,0.0025158251315015928
2020-02-27 14:32:00,3423.981838350098,0.0025419073646621767
2020-02-27 14:33:00,3433.668228316689,0.0026992409027388623
2020-02-27 14:34:00,3429.8752037994313,0.002764797639443078
2020-02-27 14:35:00,3433.184596447498,0.002718038699053922
2020-02-27 14:36:00,3443.874844270353,0.002782778889296068
2020-02-27 14:37:00,3452.8221601886935,0.0027828651381173203
2020-02-27 14:38:00,3432.0719974447966,0.00286583588836502
2020-02-27 14:39:00,3434.7867847523357,0.002709180335689001
2020-02-27 14:40:00,3426.726570264098,0.002746971284485735
2020-02-27 14:41:00,3430.4513100911818,0.0026498501090813165
2020-02-27 14:42:00,3433.914089182113,0.002775811893774906
2020-02-27 14:43:00,3414.791357296299,0.002856474206785798
2020-02-27 14:44:00,3406.969975567749,0.0028163102533237737
2020-02-27 14:45:00,3411.385981330608,0.0027200060394522974
2020-02-27 14:46:00,3404.4703678284745,0.002764991924228029
2020-02-27 14:47:00,3406.5597099517186,0.002533324922289511
2020-02-27 14:48:00,3412.3428150855957,0.0024423886621858615
2020-02-27 14:49:00,3404.02645231678,0.002584653021770707
2020-02-27 14:50:00,3424.201115742873,0.002540458920079113
2020-02-27 14:51:00,3414.914539252373,0.0024936353624365856
2020-02-27 14:52:00,3410.0887666582007,0.0024649226125646744
2020-02-27 14:53:00,3412.7845937197767,0.002354302777624728
2020-02-27 14:54:00,3401.5441172338906,0.002263466108248272
2020-02-27 14:55:00,3399.6177439962544,0.002403180659081361
2020-02-27 14:56:00,3401.1020139634093,0.002412001117015266
2020-02-27 14:57:00,3396.6515429534893,0.0023402772455463493
2020-02-27 14:58:00,3386.0409348903363,0.002307670382021978
2020-02-27 14:59:00,3379.1971916025086,0.0024225699128828052
2020-02-27 15:00:00,3388.18264926558,0.002381546916855413
2020-02-27 15:01:00,3390.3474758523125,0.002451431333730119
2020-02-27 15:02:00,3390.751406274509,0.00236358654873593
2020-02-27 15:03:00,3397.39257047063,0.002270895971897774
2020-02-27 15:04:00,3391.6444391661785,0.0022006680096413552
2020-02-27 15:05:00,3386.776948510997,0.0021002784357222757
2020-02-27 15:06:00,3379.0367385205723,0.0021666170706733734
2020-02-27 15:07:00,3376.3358194590623,0.0023521700391439353
2020-02-27 15:08:00,3388.997793743411,0.002452022485297303
2020-02-27 15:09:00,3408.611750176933,0.002495358921488921
2020-02-27 15:10:00,3389.919783102523,0.0023656154025627502
2020-02-27 15:11:00,3401.4868118108266,0.0023000176581600843
2020-02-27 15:12:00,3397.436257189412,0.00242060961135934
2020-02-27 15:13:00,3397.6169382235125,0.0024705700129805715
2020-02-27 15:14:00,3403.329912087974,0.0024694583977443387
2020-02-27 15:15:00,3408.9667878810587,0.0024531558882288714
2020-02-27 15:16:00,3423.792790804439,0.002312400285402037
2020-02-27 15:17:00,3417.326698305407,0.002528468359452391
2020-02-27 15:18:00,3420.0197824977076,0.0025571007954673783
2020-02-27 15:19:00,3433.765707393292,0.0026204139584779856
2020-02-27 15:20:00,3429.448665845751,0.002585913614578911
2020-02-27 15:21:00,3423.973381522715,0.002545096364934672
2020-02-27 15:22:00,3426.6646279094357,0.0024905417486653244
2020-02-27 15:23:00,3411.9037704389407,0.0026166119781075962
2020-02-27 15:24:00,3412.729404403292,0.0024586153444263116
2020-02-27 15:25:00,3424.1358124936396,0.002405432827617876
2020-02-27 15:26:00,3421.0990473368915,0.002438925761784311
2020-02-27 15:27:00,3423.062536366462,0.0023894835922023054
2020-02-27 15:28:00,3408.476614716716,0.0022577486036773446
2020-02-27 15:29:00,3405.8562110570215,0.0021700134455389076
2020-02-27 15:30:00,3408.7793759949705,0.0021658149743000866
2020-02-27 15:31:00,3412.3910206242026,0.002069893480604906
2020-02-27 15:32:00,3414.6736018405054,0.0019240571512832508
2020-02-27 15:33:00,3423.7307409839595,0.001984398457595953
2020-02-27 15:34:00,3424.8775401969124,0.0018606189438388836
2020-02-27 15:35:00,3432.5688799784316,0.0019456043251684686
2020-02-27 15:36:00,3430.9006750699937,0.0019560425081393234
2020-02-27 15:37:00,3436.6013862174777,0.0018773242317173227
2020-02-27 15:38:00,3437.736519772362,0.001994162157724604
2020-02-27 15:39:00,3440.6427823993135,0.0018976670436042088
2020-02-27 15:40:00,3449.2982604574304,0.0020280457912647274
2020-02-27 15:41:00,3439.3260510279065,0.0019598671679244804
2020-02-27 15:42:00,3446.0456594028915,0.0019124527311653345
2020-02-27 15:43:00,3449.4624548760617,0.0020046117737193424
2020-02-27 15:44:00,3456.921489851712,0.002078988066881679
2020-02-27 15:45:00,3467.0236249334466,0.0019817263030150628
2020-02-27 15:46:00,3460.5173188488006,0.0020783677580549433
2020-02-27 15:47:00,3452.1910911970854,0.0019502418647729502
2020-02-27 15:48:00,3452.3659878807757,0.001800749387019094
2020-02-27 15:49:00,3468.8064541953395,0.0018589110402681271
2020-02-27 15:50:00,3464.1233677749883,0.0020362015723204884
2020-02-27 15:51:00,3464.246106241392,0.0020635571094518384
2020-02-27 15:52:00,3467.421022399465,0.002092502865502665
2020-02-27 15:53:00,3454.3876557183708,0.0019902099058346626
2020-02-27 15:54:00,3459.234040862067,0.001957373958174534
2020-02-27 15:55:00,3457.815326602625,0.0019469772771735015
2020-02-27 15:56:00,3453.032732324225,0.001956645727752072
2020-02-27 15:57:00,3457.720544249936,0.002018674226681832
2020-02-27 15:58:00,3447.6137703297854,0.001877380883014177
2020-02-27 15:59:00,3449.210752126316,0.0018543955519876054
2020-02-27 16:00:00,3446.636396609469,0.0018293601212534566
2020-02-27 16:01:00,3449.1647902153054,0.0018039997794565266
2020-02-27 16:02:00,3452.2330196741746,0.0017896126356637108
2020-02-27 16:03:00,3456.1129868602775,0.001857221713689911
2020-02-27 16:04:00,3466.3695811894404,0.0017293000983188123
2020-02-27 16:05:00,3457.314591377378,0.0018615917193329863
2020-02-27 16:06:00,3459.0747575489195,0.001863383027761221
2020-02-27 16:07:00,3465.086590441241,0.0017990742529556015
2020-02-27 16:08:00,3459.5945590157544,0.0017539137623075584
2020-02-27 16:09:00,3467.0546783611735,0.0018187151248661544
2020-02-27 16:10:00,3473.8436467952984,0.0017018191734736274
2020-02-27 16:11:00,3476.3185386303026,0.0014788726671996905
2020-02-27 16:12:00,3468.723768152923,0.0014334724223468412
2020-02-27 16:13:00,3471.096224878628,0.0014423384508566444
2020-02-27 16:14:00,3473.1064236396624,0.001347592825032993
2020-02-27 16:15:00,3475.4664994504715,0.0013779476948227233
2020-02-27 16:16:00,3472.4255053986626,0.0012693176043220354
2020-02-27 16:17:00,3466.5759313906674,0.001239118605856315
2020-02-27 16:18:00,3465.4142710799047,0.001235129990422664
2020-02-27 16:19:00,3469.475422633997,0.0012647006779429265
2020-02-27 16:20:00,3464.077010068855,0.0013119374960307338
2020-02-27 16:21:00,3454.9321201937355,0.0013156188537792146
2020-02-27 16:22:00,3458.452413734277,0.0013196512756023116
2020-02-27 16:23:00,3451.2512054691892,0.0013158261612860541
2020-02-27 16:24:00,3447.2969281940887,0.0013203360007769203
2020-02-27 16:25:00,3444.6238678924296,0.0013484471459894619
2020-02-27 16:26:00,3443.816606622366,0.001356963342056864
2020-02-27 16:27:00,3443.8420025305013,0.0014461769047497042
2020-02-27 16:28:00,3442.2642411497613,0.0014809679787227935
2020-02-27 16:29:00,3443.2382559834496,0.0015567698812807183
2020-02-27 16:30:00,3432.231491891932,0.0016282787879526165
2020-02-27 16:31:00,3434.0908485286554,0.0016057178819751682
2020-02-27 16:32:00,3439.708049588139,0.0016263877720432394
2020-02-27 16:33:00,3445.3280317520885,0.0015595516268758183
2020-02-27 16:34:00,3457.9441092155935,0.0015361959221501871
2020-02-27 16:35:00,3459.94464672964,0.001536066185841406
2020-02-27 16:36:00,3454.744387110798,0.001699508260596308
2020-02-27 16:37:00,3441.5327699164986,0.0018466536231231386
2020-02-27 16:38:00,3445.4525978754173,0.0018898088929872009
2020-02-27 16:39:00,3440.5971263999745,0.0018036976979831471
2020-02-27 16:40:00,3434.7712734525535,0.0016793349190047677
2020-02-27 16:41:00,3434.637439780471,0.0016557612553634027
2020-02-27 16:42:00,3432.722393863203,0.001623461185638488
2020-02-27 16:43:00,3432.5974447277026,0.001618041656803028
2020-02-27 16:44:00,3438.391049255142,0.0016293741593631506
2020-02-27 16:45:00,3435.8830691863477,0.001551121885166696
2020-02-27 16:46:00,3445.9254418319024,0.0015591287505682231
2020-02-27 16:47:00,3447.9547579483187,0.0016307711819252995
2020-02-27 16:48:00,3445.7044792464553,0.0015327471108955585
2020-02-27 16:49:00,3443.5927740381544,0.0014387389707397039
2020-02-27 16:50:00,3442.3246020211727,0.0013371619547973617
2020-02-27 16:51:00,3447.137097325619,0.0013999129016217288
2020-02-27 16:52:00,3446.5720109365857,0.0013818054582408208
2020-02-27 16:53:00,3449.7212676237923,0.001428782691064386
2020-02-27 16:54:00,3452.1707201834533,0.0013780306132188393
2020-02-27 16:55:00,3450.175614438198,0.001321511838536538
2020-02-27 16:56:00,3443.1628225489335,0.0013402741722115992
2020-02-27 16:57:00,3443.1686331531614,0.0014048068329032349
2020-02-27 16:58:00,3445.29781837951,0.0014278026909920844
2020-02-27 16:59:00,3450.84811380881,0.0013587279809758324
2020-02-27 17:00:00,3458.8656524352805,0.001337452673795999
2020-02-27 17:01:00,3458.324051265351,0.001299997696916003
2020-02-27 17:02:00,3461.692531252135,0.0013275306543618064
2020-02-27 17:03:00,3461.2570611507945,0.0013110556104215284
2020-02-27 17:04:00,3464.5027427569057,0.001372238409768044
2020-02-27 17:05:00,3462.6244705177905,0.0014733689320279076
2020-02-27 17:06:00,3460.4057415761727,0.0015335218162489798
2020-02-27 17:07:00,3463.679759463077,0.0015577831218455864
2020-02-27 17:08:00,3469.1512989107587,0.0015247105266930384
2020-02-27 17:09:00,3480.957798216155,0.001745871323904337
2020-02-27 17:10:00,3473.7852791176692,0.0018221886864790925
2020-02-27 17:11:00,3476.6441779098664,0.001968240665286067
2020-02-27 17:12:00,3480.1433741025817,0.0018894958062615442
2020-02-27 17:13:00,3475.7861234606967,0.0018451664065279511
2020-02-27 17:14:00,3480.208994741674,0.001770727073986942
2020-02-27 17:15:00,3480.4680927972317,0.0017294606651311333
2020-02-27 17:16:00,3478.012845490318,0.00174592644378707
2020-02-27 17:17:00,3484.5421612943924,0.0017367457685060607
2020-02-27 17:18:00,3487.3883313221386,0.0017938345708849014
2020-02-27 17:19:00,3507.0433845516636,0.0018621423180915856
2020-02-27 17:20:00,3507.6963167572503,0.0018288575852774586
2020-02-27 17:21:00,3505.1915503660225,0.0018717046873216983
2020-02-27 17:22:00,3513.3857060617274,0.0017758183501586106
2020-02-27 17:23:00,3523.6937299538145,0.0019169792556146875
2020-02-27 17:24:00,3527.9708179456243,0.0019268948928978802
2020-02-27 17:25:00,3523.894370826933,0.0019551337015576015
2020-02-27 17:26:00,3527.627252952806,0.0019777094594695477
2020-02-27 17:27:00,3539.804241004497,0.0020197703910428454
2020-02-27 17:28:00,3546.3737451020397,0.0020818867220126587
2020-02-27 17:29:00,3546.588522899518,0.0019935748703961364
2020-02-27 17:30:00,3556.51566401598,0.0020675794940642027
2020-02-27 17:31:00,3552.8710343367,0.002136991320108742
2020-02-27 17:32:00,3552.5776090602553,0.0021143061421877033
2020-02-27 17:33:00,3537.3961494298087,0.001967077327480784
2020-02-27 17:34:00,3525.332297303955,0.0019049247129608248
2020-02-27 17:35:00,3525.79910129846,0.002024055165531225
2020-02-27 17:36:00,3526.0714735285937,0.0020606725822929013
2020-02-27 17:37:00,3524.002132487585,0.0020223123970472853
2020-02-27 17:38:00,3525.816927597927,0.001953785800137026
2020-02-27 17:39:00,3530.180718088446,0.0019716353291008982
2020-02-27 17:40:00,3528.325926336753,0.0019543745808390145
2020-02-27 17:41:00,3532.0382412679805,0.0018929152785663273
2020-02-27 17:42:00,3536.9390312709193,0.001855017236612099
2020-02-27 17:43:00,3540.9283753505288,0.0018855468346627468
2020-02-27 17:44:00,3526.4410435222894,0.00184890917608827
2020-02-27 17:45:00,3515.843948724854,0.0018053985272552672
2020-02-27 17:46:00,3527.985159283647,0.0018289360527290997
2020-02-27 17:47:00,3522.646779349791,0.001786427928814405
2020-02-27 17:48:00,3515.5971072364155,0.0018845640894945847
2020-02-27 17:49:00,3510.8273864693538,0.0018315389336208306
2020-02-27 17:50:00,3519.3966656651164,0.001809167809978837
2020-02-27 17:51:00,3524.9006265978646,0.0018363336920228146
2020-02-27 17:52:00,3524.791775190824,0.001668922021427883
2020-02-27 17:53:00,3518.4194316817293,0.0016120272583926931
2020-02-27 17:54:00,3524.9974854655125,0.001538877290561912
2020-02-27 17:55:00,3525.4347704510055,0.0015156789066818688
2020-02-27 17:56:00,3536.9456725229693,0.0015671050063589158
2020-02-27 17:57:00,3543.6070905231695,0.001612505376910144
2020-02-27 17:58:00,3531.6082270795605,0.001644481335341669
2020-02-27 17:59:00,3534.94917068002,0.0016856979548332764
2020-02-27 18:00:00,3532.9760777896176,0.0017161732166684326
2020-02-27 18:01:00,3534.5898989533734,0.0016180085882099616
2020-02-27 18:02:00,3532.5652620702544,0.0016944942008096976
2020-02-27 18:03:00,3538.4460244840247,0.001656124702530645
2020-02-27 18:04:00,3537.781112096396,0.0015283093417099202
2020-02-27 18:05:00,3547.378912962992,0.0015148963573850334
2020-02-27 18:06:00,3546.346808563078,0.0015296114184156521
2020-02-27 18:07:00,3539.1156934732912,0.0015044393119888959
2020-02-27 18:08:00,3550.7963353033892,0.0014420390394298001
2020-02-27 18:09:00,3551.8704468418982,0.0013808417935588034
2020-02-27 18:10:00,3550.81816074512,0.0013206495963430029
2020-02-27 18:11:00,3552.461222152362,0.0011969508821686084
2020-02-27 18:12:00,3557.850336084463,0.0011783220104682169
2020-02-27 18:13:00,3557.6186216665274,0.0012169277537811022
2020-02-27 18:14:00,3550.2478684020566,0.0012457178387571355
2020-02-27 18:15:00,3548.587679634163,0.001175004830854216
2020-02-27 18:16:00,3543.1794830159884,0.0011608784999304243
2020-02-27 18:17:00,3541.7596301864214,0.0011818079743189426
2020-02-27 18:18:00,3543.3593723168865,0.0012692022280048302
2020-02-27 18:19:00,3546.753935674808,0.001185028815666033
2020-02-27 18:20:00,3545.1328148314906,0.0011559675617587833
2020-02-27 18:21:00,3536.4154228357665,0.0011661066648125547
2020-02-27 18:22:00,3534.7377987677087,0.0012047101388654852
2020-02-27 18:23:00,3543.117684791218,0.0011182181942079276
2020-02-27 18:24:00,3536.719876638059,0.0011918943132500641
2020-02-27 18:25:00,3537.7459011520327,0.001247206228735528
2020-02-27 18:26:00,3534.520940874269,0.0012532731130150208
2020-02-27 18:27:00,3534.8699570578956,0.0012803447360257099
2020-02-27 18:28:00,3540.267697993997,0.0012541505606519824
2020-02-27 18:29:00,3538.4566546524347,0.0012838956118145209
2020-02-27 18:30:00,3538.6258395475993,0.0012498140430438167
2020-02-27 18:31:00,3538.223682393959,0.0011733926365123163
2020-02-27 18:32:00,3540.685655105488,0.001152294954861696
2020-02-27 18:33:00,3543.5392976411454,0.0011447326578392812
2020-02-27 18:34:00,3538.214714905855,0.001117064984080758
2020-02-27 18:35:00,3534.9878840525116,0.0011415287431067729
2020-02-27 18:36:00,3535.1900993974496,0.0011554883422078583
2020-02-27 18:37:00,3538.8290578582473,0.0011175177957657228
2020-02-27 18:38:00,3535.1476190343365,0.0010301647366728723
2020-02-27 18:39:00,3538.0482370652126,0.0010317351717629962
2020-02-27 18:40:00,3538.9864706066123,0.001092935875372502
2020-02-27 18:41:00,3546.8355596229526,0.0011162659222646264
2020-02-27 18:42:00,3542.1523356867397,0.0011838651084726027
2020-02-27 18:43:00,3542.0477454882757,0.0012456011990681964
2020-02-27 18:44:00,3546.684701237095,0.0012508421898302247
2020-02-27 18:45:00,3541.3774173424404,0.001304575906527031
2020-02-27 18:46:00,3537.6223865918782,0.0012957285811198186
2020-02-27 18:47:00,3535.830186703682,0.001278411134774783
2020-02-27 18:48:00,3533.6382308785464,0.0012614790572735408
2020-02-27 18:49:00,3530.169424087459,0.0012988268731573482
2020-02-27 18:50:00,3533.4987244308945,0.001301564000648636
2020-02-27 18:51:00,3541.167962621384,0.0012650668845417623
2020-02-27 18:52:00,3540.8764085656785,0.0012391459027252028
2020-02-27 18:53:00,3547.7905102385953,0.0013217593096835057
2020-02-27 18:54:00,3548.0679599918176,0.0013729445849593029
2020-02-27 18:55:00,3542.7892629222624,0.001361974451714918
2020-02-27 18:56:00,3536.472132824818,0.0012626954409562983
2020-02-27 18:57:00,3536.8576721154045,0.001291807289026296
2020-02-27 18:58:00,3537.2879102540683,0.0013838285444057157
2020-02-27 18:59:00,3538.2715325950567,0.001395761985755756
2020-02-27 19:00:00,3542.137617509717,0.0014158230763700354
2020-02-27 19:01:00,3550.852512233504,0.0014302174310394974
2020-02-27 19:02:00,3556.0219124594246,0.001420445610308867
2020-02-27 19:03:00,3555.562560404403,0.0014002171693052537
2020-02-27 19:04:00,3554.810608898317,0.0013890624995498773
2020-02-27 19:05:00,3554.990648180921,0.0013478322684852035
2020-02-27 19:06:00,3547.2080539777685,0.0013357141040061745
2020-02-27 19:07:00,3548.94671171956,0.0012004733299888642
2020-02-27 19:08:00,3548.836915190543,0.0011250706885749548
2020-02-27 19:09:00,3545.3586738156328,0.0011502005447329479
2020-02-27 19:10:00,3542.668532736106,0.0010855657979879398
2020-02-27 19:11:00,3542.465055755136,0.0010896387523806092
2020-02-27 19:12:00,3540.4203768181014,0.0011131624580914164
2020-02-27 19:13:00,3541.930486249927,0.0011293578922759809
2020-02-27 19:14:00,3542.8306484341865,0.001120189617958255
2020-02-27 19:15:00,3530.798937488074,0.0011368767878667239
2020-02-27 19:16:00,3528.580223107311,0.001124941274567818
2020-02-27 19:17:00,3528.546216549621,0.0010979819542175464
2020-02-27 19:18:00,3526.2646540016613,0.0011401198787322087
2020-02-27 19:19:00,3519.014863423174,0.0011220342398379508
2020-02-27 19:20:00,3517.2728478928248,0.001136085111222225
2020-02-27 19:21:00,3522.8809390042984,0.0011805019920988814
2020-02-27 19:22:00,3530.2221522528594,0.0012701492664869288
2020-02-27 19:23:00,3526.1500689164104,0.001324886241633009
2020-02-27 19:24:00,3524.0194010749724,0.0013678851407246293
2020-02-27 19:25:00,3520.524148719175,0.001403164544061654
2020-02-27 19:26:00,3521.2515554564316,0.0013961345704673123
2020-02-27 19:27:00,3524.9017432891255,0.001370775409571329
2020-02-27 19:28:00,3522.9985174422663,0.0013692865179972245
2020-02-27 19:29:00,3523.3449266796906,0.0012882456140700723
2020-02-27 19:30:00,3517.3897739923764,0.0013143892289674223
2020-02-27 19:31:00,3521.011052361935,0.0014025497298533831
2020-02-27 19:32:00,3518.7488560065945,0.0013458006256571084
2020-02-27 19:33:00,3525.8480602624722,0.0015005853403899545
2020-02-27 19:34:00,3531.443418277731,0.0015793930730869773
2020-02-27 19:35:00,3529.6142605162936,0.001557305259979274
2020-02-27 19:36:00,3517.580546248748,0.0015222541621977845
2020-02-27 19:37:00,3522.3260359798182,0.001420164479692827
2020-02-27 19:38:00,3521.589841967622,0.0015237743994992769
2020-02-27 19:39:00,3520.1552524450867,0.001528672782460087
2020-02-27 19:40:00,3512.1328236345444,0.0016341124828717574
2020-02-27 19:41:00,3513.6590038021573,0.0016594660854558512
2020-02-27 19:42:00,3521.875354759102,0.0016925403205408874
2020-02-27 19:43:00,3515.483566928695,0.0017566054220497572
2020-02-27 19:44:00,3503.6251151910765,0.0018416931994803486
2020-02-27 19:45:00,3499.7721937755614,0.0018343271702942134
2020-02-27 19:46:00,3498.0805018871656,0.0019305236888481785
2020-02-27 19:47:00,3495.186826197498,0.0019347864322872242
2020-02-27 19:48:00,3505.38855359782,0.0018630020862520121
2020-02-27 19:49:00,3501.0403816061166,0.002077088429513165
2020-02-27 19:50:00,3499.4308007897775,0.0020390614055395854
2020-02-27 19:51:00,3503.4357338826317,0.002133437062233677
2020-02-27 19:52:00,3501.5264289253137,0.002215664795467184
2020-02-27 19:53:00,3495.9182046173687,0.002245505091541346
2020-02-27 19:54:00,3487.23667552574,0.002137311545758136
2020-02-27 19:55:00,3485.910327403014,0.0021230178088347844
2020-02-27 19:56:00,3491.0327827249293,0.001987674860675856
2020-02-27 19:57:00,3493.796843983214,0.0020122271331888646
2020-02-27 19:58:00,3499.6411972053024,0.00212108269360739
2020-02-27 19:59:00,3495.522842068073,0.0021993510160496625
2020-02-28 13:30:00,3529.81201096895,0.0022183350733849805
2020-02-28 13:31:00,3535.0085957391543,0.0023894349414632257
2020-02-28 13:32:00,3537.993338076234,0.0023892298108608157
2020-02-28 13:33:00,3559.029170250758,0.002516252340922867
2020-02-28 13:34:00,3545.65502819542,0.002533554278167262
2020-02-28 13:35:00,3535.7374573218835,0.0025804227875052743
2020-02-28 13:36:00,3526.662149224363,0.0025775548580006394
2020-02-28 13:37:00,3524.6689800519976,0.0024120085435057454
2020-02-28 13:38:00,3499.7371396469193,0.0023509297373107982
2020-02-28 13:39:00,3501.006783173069,0.0023915973152730365
2020-02-28 13:40:00,3493.0121881241753,0.0022862392802014803
2020-02-28 13:41:00,3499.9590721822715,0.0020932288580761183
2020-02-28 13:42:00,3501.2141553457186,0.0020581129235021337
2020-02-28 13:43:00,3504.540454796342,0.001989221056475506
2020-02-28 13:44:00,3489.1641255518784,0.0020057682717269892
2020-02-28 13:45:00,3485.6009717879438,0.002017118336879435
2020-02-28 13:46:00,3494.2988647679613,0.002074513975794994
2020-02-28 13:47:00,3490.088241347829,0.001972149886338187
2020-02-28 13:48:00,3499.4690565706214,0.0020899335735456294
2020-02-28 13:49:00,3497.6783975671683,0.002014724688743498
2020-02-28 13:50:00,3493.483701744134,0.002059646445181803
2020-02-28 13:51:00,3491.3105523489025,0.002061669284142354
2020-02-28 13:52:00,3490.689804939836,0.0021954255238047413
2020-02-28 13:53:00,3491.950491263572,0.002072687622918785
2020-02-28 13:54:00,3477.922951024507,0.0020585049527970744
2020-02-28 13:55:00,3497.9117316130196,0.0019458758241225396
2020-02-28 13:56:00,3507.1983244019743,0.001847483636310898
2020-02-28 13:57:00,3514.138926267659,0.0017951150903603144
2020-02-28 13:58:00,3517.7772986395053,0.0018390441899915184
2020-02-28 13:59:00,3525.0961008309473,0.001769724428215989
2020-02-28 14:00:00,3520.1810804845877,0.0018336011720040842
2020-02-28 14:01:00,3512.544573196246,0.001836727093859526
2020-02-28 14:02:00,3518.4423125615454,0.0019230228176358572
2020-02-28 14:03:00,3528.77398079159,0.0019209433206063488
2020-02-28 14:04:00,3517.765638583909,0.0018586126668719938
2020-02-28 14:05:00,3511.9454384681494,0.0019251792183472669
2020-02-28 14:06:00,3510.468811773401,0.002000304797369882
2020-02-28 14:07:00,3518.9473963820533,0.0018864375612718187
2020-02-28 14:08:00,3514.701397477842,0.0017493201235928772
2020-02-28 14:09:00,3525.361165463611,0.0017639367999645866
2020-02-28 14:10:00,3513.4452554263116,0.0017590975119719284
2020-02-28 14:11:00,3512.9999595451454,0.0016746814211148287
2020-02-28 14:12:00,3514.5366796823755,0.001670559509499052
2020-02-28 14:13:00,3520.6852533639676,0.0016978344491012395
2020-02-28 14:14:00,3523.892380566675,0.0017420927930401095
2020-02-28 14:15:00,3529.6588140164818,0.0017593005739884558
2020-02-28 14:16:00,3529.6411517452257,0.0018492215585607108
2020-02-28 14:17:00,3526.8724676372412,0.001730248429770985
2020-02-28 14:18:00,3532.455554068016,0.0016788233130369799
2020-02-28 14:19:00,3532.996694868919,0.0016796150691030674
2020-02-28 14:20:00,3541.5474274151657,0.0015935296792063147
2020-02-28 14:21:00,3531.8684081654997,0.0016833158672157455
2020-02-28 14:22:00,3531.847476434245,0.0017801192950690162
2020-02-28 14:23:00,3547.2097245321243,0.0017757507724250352
2020-02-28 14:24:00,3542.9464315918262,0.0018105836882841362
2020-02-28 14:25:00,3545.769168699159,0.0016873058685048673
2020-02-28 14:26:00,3553.6395726235355,0.001621197049300253
2020-02-28 14:27:00,3554.7737165474528,0.0015769336817671958
2020-02-28 14:28:00,3549.738019690784,0.001715426302826568
2020-02-28 14:29:00,3542.6828361414214,0.0016793121277122963
2020-02-28 14:30:00,3536.8270934876955,0.0016241199305682052
2020-02-28 14:31:00,3543.704767517065,0.001693458001747751
2020-02-28 14:32:00,3541.1256240364783,0.0016097443625953153
2020-02-28 14:33:00,3539.5431215469584,0.0015805300428604046
2020-02-28 14:34:00,3538.0157113647015,0.0017267564252161662
2020-02-28 14:35:00,3539.850214551369,0.0017551448285164127
2020-02-28 14:36:00,3549.3003562845365,0.0017597204650290938
2020-02-28 14:37:00,3562.075384416975,0.0018113090927783016
2020-02-28 14:38:00,3572.974236009205,0.001824536683952907
2020-02-28 14:39:00,3577.5536128942695,0.0018750750295582971
2020-02-28 14:40:00,3579.9013604453885,0.0018823674629198628
2020-02-28 14:41:00,3581.818214622872,0.0018399516202259993
2020-02-28 14:42:00,3578.8611964402285,0.0017764103567732188
2020-02-28 14:43:00,3572.8569021075427,0.0018764700287518883
2020-02-28 14:44:00,3563.79070361705,0.001830469157587164
2020-02-28 14:45:00,3577.2050031185995,0.001725006112633306
2020-02-28 14:46:00,3581.0150049643935,0.001828474659054474
2020-02-28 14:47:00,3583.752141973564,0.0018722049452884915
2020-02-28 14:48:00,3583.7967537296386,0.001808804651271949
2020-02-28 14:49:00,3580.07214394478,0.001772636171747541
2020-02-28 14:50:00,3572.5730972817228,0.0017787264434917848
2020-02-28 14:51:00,3575.477735756511,0.0017452678264946832
2020-02-28 14:52:00,3585.7544797234104,0.0018215799829371133
2020-02-28 14:53:00,3570.0132626949353,0.0019736892048034527
2020-02-28 14:54:00,3565.871873793292,0.0020724342280467774
2020-02-28 14:55:00,3573.375482549192,0.0021434423783892953
2020-02-28 14:56:00,3579.0130820712247,0.002027547514253669
2020-02-28 14:57:00,3579.5785163891405,0.0020789428815185837
2020-02-28 14:58:00,3578.5558034775877,0.0020641963357191893
2020-02-28 14:59:00,3574.8502698560387,0.002152158093412182
2020-02-28 15:00:00,3560.5826383307976,0.002370649260662401
2020-02-28 15:01:00,3569.907997186414,0.002371245390857086
2020-02-28 15:02:00,3576.5953387806867,0.0025051527585646847
2020-02-28 15:03:00,3574.1084663236848,0.0026751448722893588
2020-02-28 15:04:00,3587.617664352371,0.0024977170416890385
2020-02-28 15:05:00,3575.985162345799,0.002411261511267142
2020-02-28 15:06:00,3578.96677497137,0.0023611398828327535
2020-02-28 15:07:00,3574.5491642777615,0.002276197600502161
2020-02-28 15:08:00,3575.6705451820285,0.0021305951768316725
2020-02-28 15:09:00,3571.0503530743176,0.0020055845993325796
2020-02-28 15:10:00,3570.849900640319,0.002132723057936153
2020-02-28 15:11:00,3585.2588104929705,0.0020801974461722742
2020-02-28 15:12:00,3584.3703125675124,0.002033328821525591
2020-02-28 15:13:00,3576.9913167271866,0.0023282624183661445
2020-02-28 15:14:00,3577.9016284513646,0.002283892440347877
2020-02-28 15:15:00,3584.317618244492,0.0022590307260002902
2020-02-28 15:16:00,3578.750384587672,0.002217618946301299
2020-02-28 15:17:00,3584.8439504740304,0.0022672945731984718
2020-02-28 15:18:00,3576.2377074363403,0.002165402653873229
2020-02-28 15:19:00,3583.6316092820075,0.00219097374888599
2020-02-28 15:20:00,3587.942965955565,0.002142671272232549
2020-02-28 15:21:00,3602.1664001012255,0.0021798629118807704
2020-02-28 15:22:00,3607.1074924493337,0.0022428979016014122
2020-02-28 15:23:00,3603.919788279045,0.0022122748509451604
2020-02-28 15:24:00,3601.0874410710117,0.0022544316752211415
2020-02-28 15:25:00,3600.231333077261,0.0023071047860192466
2020-02-28 15:26:00,3596.2526697930602,0.002417886599081816
2020-02-28 15:27:00,3609.7770276338465,0.002337457116338542
2020-02-28 15:28:00,3607.54714943479,0.0023045973119717776
2020-02-28 15:29:00,3606.424842919019,0.0022628393179050296
2020-02-28 15:30:00,3581.774933557349,0.0022979439851061605
2020-02-28 15:31:00,3581.3386870463128,0.0023759263746955346
2020-02-28 15:32:00,3580.57249280011,0.0022197450709454734
2020-02-28 15:33:00,3580.1012818479344,0.0021987455258829767
2020-02-28 15:34:00,3592.1194887993283,0.0021349318388223194
2020-02-28 15:35:00,3587.818073392716,0.0021411505321946435
2020-02-28 15:36:00,3601.1394718412866,0.0020999180087677154
2020-02-28 15:37:00,3620.3160465076676,0.002074113243024416
2020-02-28 15:38:00,3611.4369323171595,0.0019794438359289437
2020-02-28 15:39:00,3613.071068396221,0.0019804230462465958
2020-02-28 15:40:00,3621.528537260485,0.0020541011317237933
2020-02-28 15:41:00,3618.016474087633,0.0020033202789025866
2020-02-28 15:42:00,3627.7766028598785,0.0020852099431418495
2020-02-28 15:43:00,3625.1709342656422,0.0020067227625462755
2020-02-28 15:44:00,3629.124395424099,0.0021030209615252554
2020-02-28 15:45:00,3632.907911667593,0.0020222153050651753
2020-02-28 15:46:00,3643.0689349429176,0.0020364790020338938
2020-02-28 15:47:00,3641.8946451460756,0.0019373399475978161
2020-02-28 15:48:00,3628.574410042678,0.0019247051476261932
2020-02-28 15:49:00,3631.449923013078,0.001844722897636321
2020-02-28 15:50:00,3634.121277273667,0.001983206026983245
2020-02-28 15:51:00,3635.2661760266324,0.002036981276969207
2020-02-28 15:52:00,3638.860979812901,0.0020437981028825834
2020-02-28 15:53:00,3626.342151474062,0.0021757018930607898
2020-02-28 15:54:00,3633.405830102729,0.0022024210336820094
2020-02-28 15:55:00,3625.613294855554,0.0021862863973540914
2020-02-28 15:56:00,3631.206252895964,0.002321340189091984
2020-02-28 15:57:00,3614.4870149382527,0.002415570916098469
2020-02-28 15:58:00,3591.7134339235854,0.002587626887529606
2020-02-28 15:59:00,3604.8831026877533,0.002752946095280719
2020-02-28 16:00:00,3597.721016380651,0.0026383236125556214
2020-02-28 16:01:00,3598.722686985302,0.0025792166402049915
2020-02-28 16:02:00,3600.215639797919,0.0024803938567214017
2020-02-28 16:03:00,3608.904264597891,0.002461168444007884
2020-02-28 16:04:00,3608.6365360099066,0.002540710968337293
2020-02-28 16:05:00,3603.4395390050963,0.00245469103670317
2020-02-28 16:06:00,3595.2119653143122,0.002633640137272325
2020-02-28 16:07:00,3589.989026876431,0.002542301381519782
2020-02-28 16:08:00,3580.914856306958,0.002406320137504854
2020-02-28 16:09:00,3594.337138265729,0.002361034736280064
2020-02-28 16:10:00,3588.9600572836985,0.0024818684144849532
2020-02-28 16:11:00,3574.991658691009,0.0024058341566447978
2020-02-28 16:12:00,3562.338869993205,0.0023646078662041088
2020-02-28 16:13:00,3575.314306845144,0.0023957882302019485
2020-02-28 16:14:00,3560.510512757119,0.0024855522785522614
2020-02-28 16:15:00,3558.8552178030786,0.002499452655422781
2020-02-28 16:16:00,3569.5262979561116,0.002576052223986303
2020-02-28 16:17:00,3564.7199437661143,0.0024994444083807628
2020-02-28 16:18:00,3559.7903874271647,0.0025594127278200027
2020-02-28 16:19:00,3543.7961584771133,0.00244053276313095
2020-02-28 16:20:00,3519.133371209035,0.002346593599086525
2020-02-28 16:21:00,3521.684630583373,0.0021900034116188838
2020-02-28 16:22:00,3522.357324282356,0.002192916471628183
2020-02-28 16:23:00,3511.4107460121068,0.0021217370006470096
2020-02-28 16:24:00,3503.4440961574214,0.002204132626862057
2020-02-28 16:25:00,3499.7029289930574,0.002105172060385067
2020-02-28 16:26:00,3507.4946483409385,0.002173163280202885
2020-02-28 16:27:00,3512.839893720056,0.0022132701220245036
2020-02-28 16:28:00,3512.9826755544823,0.0022616870811853975
2020-02-28 16:29:00,3522.829834653183,0.0023119351182283665
2020-02-28 16:30:00,3514.682375141356,0.002341683483262899
2020-02-28 16:31:00,3507.951626092448,0.002144562128809677
2020-02-28 16:32:00,3497.9896736227097,0.00212606558281705
2020-02-28 16:33:00,3492.298755631232,0.002195441672063156
2020-02-28 16:34:00,3500.7655555894266,0.002351627985949998
2020-02-28 16:35:00,3501.9203518949616,0.0023349072556423664
2020-02-28 16:36:00,3498.1135509598403,0.00244017493957386
2020-02-28 16:37:00,3507.049457447681,0.002415847790019436
2020-02-28 16:38:00,3508.4375408266947,0.002452526185107306
2020-02-28 16:39:00,3514.697223419628,0.0023976350512026337
2020-02-28 16:40:00,3521.8917824306645,0.0023636417249569123
2020-02-28 16:41:00,3530.766761297244,0.0022731953877462734
2020-02-28 16:42:00,3541.453388088856,0.0021881616775977207
2020-02-28 16:43:00,3529.608850001203,0.002226261284465397
2020-02-28 16:44:00,3530.1240825776467,0.00235827811941234
2020-02-28 16:45:00,3536.9028409335965,0.002573623644481737
2020-02-28 16:46:00,3533.6748216143133,0.0024657392320587106
2020-02-28 16:47:00,3528.0674619302467,0.002425606757731432
2020-02-28 16:48:00,3523.865561585459,0.0023665019967276713
2020-02-28 16:49:00,3526.8964561627095,0.002498833898048348
2020-02-28 16:50:00,3530.5216687181546,0.002281226256246819
2020-02-28 16:51:00,3524.078780271569,0.0022141974782949
2020-02-28 16:52:00,3511.9503295484533,0.002090186067554763
2020-02-28 16:53:00,3505.794899662956,0.0022088432896713063
2020-02-28 16:54:00,3512.674602775808,0.002206129967081819
2020-02-28 16:55:00,3509.4466936672543,0.0022077800404612636
2020-02-28 16:56:00,3511.1936732274753,0.0022923297933839445
2020-02-28 16:57:00,3504.740621368213,0.0022885545614365053
2020-02-28 16:58:00,3497.2926659241602,0.002255175619419535
2020-02-28 16:59:00,3490.2188083872597,0.0023223604228512556
2020-02-28 17:00:00,3484.880947257021,0.0022388577045874833
2020-02-28 17:01:00,3483.8782815250297,0.002304457146524611
2020-02-28 17:02:00,3489.1660149559007,0.002454230611248066
2020-02-28 17:03:00,3489.81395753922,0.002521886481157171
2020-02-28 17:04:00,3501.693825008327,0.0024955667574956585
2020-02-28 17:05:00,3508.2010893445045,0.0025611228028853362
2020-02-28 17:06:00,3505.3810369900148,0.0023453486829310985
2020-02-28 17:07:00,3510.556016415699,0.0022941098265903356
2020-02-28 17:08:00,3524.223552075173,0.002098817799274201
2020-02-28 17:09:00,3531.266738216348,0.0022484131786349227
2020-02-28 17:10:00,3518.0656665799934,0.0022448955318953314
2020-02-28 17:11:00,3520.677719243771,0.0022707178622634406
2020-02-28 17:12:00,3509.7424801092516,0.0023823914573702486
2020-02-28 17:13:00,3519.2586027852476,0.0023103218948595378
2020-02-28 17:14:00,3507.120044830249,0.0023953695844705592
2020-02-28 17:15:00,3512.266561996494,0.0023626251309436766
2020-02-28 17:16:00,3512.6002736629603,0.002291934927290986
2020-02-28 17:17:00,3505.7870927898025,0.0021671991938137943
2020-02-28 17:18:00,3507.9862477194006,0.0023608563588614455
2020-02-28 17:19:00,3509.792260496404,0.002442161720265724
2020-02-28 17:20:00,3513.87612306909,0.0024969041814954618
2020-02-28 17:21:00,3501.661799758761,0.002584747926498645
2020-02-28 17:22:00,3487.851971217964,0.002645314109108768
2020-02-28 17:23:00,3490.652084641682,0.0026104490215570833
2020-02-28 17:24:00,3483.0393110401583,0.002591351609828077
2020-02-28 17:25:00,3460.7992319736445,0.0025075339212490095
2020-02-28 17:26:00,3456.2687276047027,0.0024821014935826552
2020-02-28 17:27:00,3458.588574123752,0.0023402952663809013
2020-02-28 17:28:00,3464.160842658211,0.002279708519629218
2020-02-28 17:29:00,3464.5317870192443,0.0022896942794568944
2020-02-28 17:30:00,3459.3132632318743,0.002370102303140004
2020-02-28 17:31:00,3475.8657301178614,0.0024320240403897598
2020-02-28 17:32:00,3458.0275093388955,0.002433549325643456
2020-02-28 17:33:00,3445.9499532271134,0.0023969751819600082
2020-02-28 17:34:00,3435.447690488448,0.002408027717865666
2020-02-28 17:35:00,3444.3939093161257,0.0023291810108664957
2020-02-28 17:36:00,3458.180551952582,0.00251248303514068
2020-02-28 17:37:00,3454.071219102409,0.00267602459682342
2020-02-28 17:38:00,3450.604205981933,0.0025689740847165622
2020-02-28 17:39:00,3448.6820399969793,0.00262707217222413
2020-02-28 17:40:00,3468.29948170426,0.0025402782106539504
2020-02-28 17:41:00,3464.5333850556267,0.0025579041622873634
2020-02-28 17:42:00,3463.287005519049,0.0024564691374737704
2020-02-28 17:43:00,3452.977578595088,0.0024964792806257377
2020-02-28 17:44:00,3451.211506126826,0.0024497574262268883
2020-02-28 17:45:00,3459.3937543505144,0.002490832262062074
2020-02-28 17:46:00,3451.5966736343976,0.0022836009968830976
2020-02-28 17:47:00,3440.826107778311,0.0022116911605662612
2020-02-28 17:48:00,3448.4192321349497,0.0023164820646618535
2020-02-28 17:49:00,3448.5122172349147,0.0023192746366537693
2020-02-28 17:50:00,3448.1380361970564,0.002376478672961542
2020-02-28 17:51:00,3454.4982949844725,0.0023747068611613383
2020-02-28 17:52:00,3449.442146364954,0.0023413600722872754
2020-02-28 17:53:00,3457.7476979607904,0.0024385502769192443
2020-02-28 17:54:00,3466.5070308354375,0.0023921450896893957
2020-02-28 17:55:00,3462.0839230804295,0.0023029871301472366
2020-02-28 17:56:00,3469.9109312116807,0.0024164458596782202
2020-02-28 17:57:00,3477.020649021752,0.0024626383282519365
2020-02-28 17:58:00,3470.862093196275,0.0023663374258737764
2020-02-28 17:59:00,3478.301802507587,0.0025416671876051394
2020-02-28 18:00:00,3475.4273303760533,0.0028258091096361646
2020-02-28 18:01:00,3468.003883763412,0.002864612468788862
2020-02-28 18:02:00,3455.3880050922967,0.0027243078754897385
2020-02-28 18:03:00,3456.2991614590524,0.0026599040403174003
2020-02-28 18:04:00,3461.183339425771,0.002614007672177067
2020-02-28 18:05:00,3449.46700047301,0.002542763239410866
2020-02-28 18:06:00,3456.6047689780103,0.0028172092487862856
2020-02-28 18:07:00,3439.520559219083,0.0030404048517455855
2020-02-28 18:08:00,3446.1398616726615,0.003142624910490033
2020-02-28 18:09:00,3434.183894532829,0.003266289683117331
2020-02-28 18:10:00,3422.085648403035,0.003110336288559939
2020-02-28 18:11:00,3423.592568375057,0.0030763277331791604
2020-02-28 18:12:00,3421.316519363552,0.0033296789745671297
2020-02-28 18:13:00,3408.4238634346566,0.00312181825746705
2020-02-28 18:14:00,3406.772928857901,0.0030991852798569063
2020-02-28 18:15:00,3419.00797884431,0.0028657861616324456
2020-02-28 18:16:00,3417.995811337466,0.002950548638419844
2020-02-28 18:17:00,3410.9880805143553,0.0027624001310177387
2020-02-28 18:18:00,3403.787638163412,0.0027147879450976574
2020-02-28 18:19:00,3419.7718979611477,0.002920796364065955
2020-02-28 18:20:00,3424.3982265093377,0.002989549665543576
2020-02-28 18:21:00,3412.355655484018,0.0029967457433303845
2020-02-28 18:22:00,3411.692361274966,0.0030337486434712717
2020-02-28 18:23:00,3404.4185195935797,0.0029286054573914575
2020-02-28 18:24:00,3403.080021198639,0.003211541096181581
2020-02-28 18:25:00,3424.0145923932705,0.003132945705780709
2020-02-28 18:26:00,3422.8258407580497,0.0031976618478526146
2020-02-28 18:27:00,3431.151777211097,0.003257161319728171
2020-02-28 18:28:00,3403.4868609537602,0.0031827240588255747
2020-02-28 18:29:00,3388.414941395822,0.003054499734001313
2020-02-28 18:30:00,3372.1766908810073,0.002962918466699821
2020-02-28 18:31:00,3370.3495236169992,0.0029033563362603773
2020-02-28 18:32:00,3373.228584056262,0.002746993203866444
2020-02-28 18:33:00,3365.1462703346983,0.002945852407311813
2020-02-28 18:34:00,3371.7126099687894,0.0029252879244426972
2020-02-28 18:35:00,3376.351106788186,0.002997380968597192
2020-02-28 18:36:00,3371.2460146572826,0.003076544060077706
2020-02-28 18:37:00,3364.813476633227,0.00301875332211198
2020-02-28 18:38:00,3354.230766119532,0.0030752456187706457
2020-02-28 18:39:00,3359.5524609470126,0.0029988074721082176
2020-02-28 18:40:00,3370.732530224023,0.003012729024361986
2020-02-28 18:41:00,3347.2319689300166,0.0031682068938552227
2020-02-28 18:42:00,3348.1838625182604,0.0036182539767421885
2020-02-28 18:43:00,3348.1366352074992,0.0037556026286002854
2020-02-28 18:44:00,3354.0821626467796,0.003800938008424054
2020-02-28 18:45:00,3361.6519447726328,0.004151944277907055
2020-02-28 18:46:00,3368.473730135442,0.004209656755794156
2020-02-28 18:47:00,3404.9517784162745,0.00424768142153157
2020-02-28 18:48:00,3382.179872198012,0.004214910010895583
2020-02-28 18:49:00,3401.524721056703,0.0044205609125246
2020-02-28 18:50:00,3406.2639973652053,0.004657790436357151
2020-02-28 18:51:00,3408.111458204895,0.004631398170747326
2020-02-28 18:52:00,3404.125820888798,0.004582437175660529
2020-02-28 18:53:00,3428.9930501520334,0.004405590483891723
2020-02-28 18:54:00,3434.858541339021,0.004264399877179109
2020-02-28 18:55:00,3418.0186327163915,0.004438705584083879
2020-02-28 18:56:00,3455.1305028142333,0.0043804736549903234
2020-02-28 18:57:00,3468.4278776685223,0.004100401726643911
2020-02-28 18:58:00,3457.0473506857074,0.00426675288177563
2020-02-28 18:59:00,3474.044055985768,0.0041459908520577165
2020-02-28 19:00:00,3461.8947006941066,0.004107156090267676
2020-02-28 19:01:00,3469.07665027753,0.0040863051945497445
2020-02-28 19:02:00,3471.70689478471,0.00392481146990284
2020-02-28 19:03:00,3482.848312530941,0.003847796836437233
2020-02-28 19:04:00,3480.4395720697994,0.0035608569339654005
2020-02-28 19:05:00,3491.0773396195377,0.0035399257269849976
2020-02-28 19:06:00,3518.369403680853,0.003516608165651884
2020-02-28 19:07:00,3506.291884404675,0.003498045643678617
2020-02-28 19:08:00,3473.7977727749676,0.0033154095495858764
2020-02-28 19:09:00,3457.5591576715588,0.003497123776414465
2020-02-28 19:10:00,3472.5013397880166,0.0034712328365002457
2020-02-28 19:11:00,3506.533099291464,0.0033717467528458053
2020-02-28 19:12:00,3516.8907104238397,0.003114505228881485
2020-02-28 19:13:00,3514.0014295532296,0.0033733540250236523
2020-02-28 19:14:00,3503.1887020570825,0.0032211998296885007
2020-02-28 19:15:00,3495.620618842953,0.003002019341722679
2020-02-28 19:16:00,3486.5898830625933,0.003088293495880499
2020-02-28 19:17:00,3492.795772891155,0.0032281593916400324
2020-02-28 19:18:00,3487.7109886341213,0.0035048503539863536
2020-02-28 19:19:00,3508.485561566847,0.0032940755417410397
2020-02-28 19:20:00,3500.8796584958914,0.003237600171963243
2020-02-28 19:21:00,3496.3949563748956,0.003084025367901536
2020-02-28 19:22:00,3493.037294740682,0.0030653849989425875
2020-02-28 19:23:00,3505.7025070759405,0.0032805503752239744
2020-02-28 19:24:00,3521.069892069947,0.0031738340904349737
2020-02-28 19:25:00,3517.3327148876233,0.0031225154034749867
2020-02-28 19:26:00,3522.9945414728954,0.002944526351929453
2020-02-28 19:27:00,3525.861495988054,0.003049679356476269
2020-02-28 19:28:00,3510.436328027517,0.0031340341229234695
2020-02-28 19:29:00,3511.872494333349,0.002934800104719866
2020-02-28 19:30:00,3524.592150780301,0.0027722260443012086
2020-02-28 19:31:00,3518.258684355802,0.0027966779456607
2020-02-28 19:32:00,3518.6049307332555,0.002844843341469129
2020-02-28 19:33:00,3512.414570466243,0.00258181701691074
2020-02-28 19:34:00,3509.2917374212625,0.0027633612231606516
2020-02-28 19:35:00,3509.9246570475334,0.002658150682761127
2020-02-28 19:36:00,3523.8322268448205,0.002667621632696386
2020-02-28 19:37:00,3519.916682458133,0.0026848149614878422
2020-02-28 19:38:00,3524.264015045739,0.0024968396325165516
2020-02-28 19:39:00,3506.5474964286373,0.0024050950343414697
2020-02-28 19:40:00,3509.5305383559275,0.0023030504024596984
2020-02-28 19:41:00,3517.333519974263,0.0023043517279755215
2020-02-28 19:42:00,3504.9270077264778,0.0021871627515457123
2020-02-28 19:43:00,3511.1635601158523,0.0021015252756286396
2020-02-28 19:44:00,3507.1495527157094,0.0019226274237210774
2020-02-28 19:45:00,3509.4467269113147,0.0019425533697035567
2020-02-28 19:46:00,3499.2504661714725,0.001943202103697149
2020-02-28 19:47:00,3497.6136035615164,0.002010021750579017
2020-02-28 19:48:00,3500.3992839902053,0.0020498380829128654
2020-02-28 19:49:00,3504.8904474631113,0.00216027913240358
2020-02-28 19:50:00,3500.915008826558,0.0021472842363966065
2020-02-28 19:51:00,3495.102745243838,0.002039000634531062
2020-02-28 19:52:00,3495.4555884697925,0.0019837816634979077
2020-02-28 19:53:00,3505.5438310530126,0.0019047605750694048
2020-02-28 19:54:00,3518.495581369745,0.0019866837487090435
2020-02-28 19:55:00,3513.6964063931964,0.001860340900864842
2020-02-28 19:56:00,3527.71436559508,0.0018059023958317101
2020-02-28 19:57:00,3522.9032627489087,0.0018332562700328066
2020-02-28 19:58:00,3527.187073784679,0.0018832038292784547
2020-02-28 19:59:00,3530.6823629914225,0.0018425116451583185
2020-03-02 13:30:00,3508.1650566328244,0.0017647192522732666
2020-03-02 13:31:00,3505.9900218098387,0.001924594721456025
2020-03-02 13:32:00,3513.5031642743406,0.0018904328178363833
2020-03-02 13:33:00,3509.168654460483,0.0018349531425389675
2020-03-02 13:34:00,3509.9300126578846,0.001991004668939577
2020-03-02 13:35:00,3519.593148131022,0.0019021963942366786
2020-03-02 13:36:00,3517.1556556984783,0.002106526931633283
2020-03-02 13:37:00,3504.597058147996,0.002165234389778177
2020-03-02 13:38:00,3502.2887992959513,0.002279070435809364
2020-03-02 13:39:00,3484.1963231798395,0.0023436238770512723
2020-03-02 13:40:00,3470.203107443614,0.0022548007817773837
2020-03-02 13:41:00,3460.1874706825665,0.002337733060441185
2020-03-02 13:42:00,3470.380728496639,0.0023268439414361615
2020-03-02 13:43:00,3477.160525779603,0.0024296461385986995
2020-03-02 13:44:00,3479.8935531269835,0.0023969368893020054
2020-03-02 13:45:00,3471.9961998526733,0.0021729355920162238
2020-03-02 13:46:00,3473.7572932773114,0.002246082496486156
2020-03-02 13:47:00,3472.85010760071,0.0021969302508821225
2020-03-02 13:48:00,3465.388158610961,0.0021810023579122836
2020-03-02 13:49:00,3458.30945339874,0.0023959878308978015
2020-03-02 13:50:00,3451.923260958274,0.0024731669641993984
2020-03-02 13:51:00,3444.430371554843,0.0026370941934525114
2020-03-02 13:52:00,3454.765362664495,0.0026907271185545724
2020-03-02 13:53:00,3449.0640220276905,0.002520884656251455
2020-03-02 13:54:00,3454.038488854713,0.0025429445160347662
2020-03-02 13:55:00,3464.3862774962536,0.002414922538711675
2020-03-02 13:56:00,3451.8391779319777,0.0025582109723828665
2020-03-02 13:57:00,3455.8842225245153,0.002447328946286471
2020-03-02 13:58:00,3455.718045320603,0.0024050543305179626
2020-03-02 13:59:00,3441.9946447543884,0.002344755350626037
2020-03-02 14:00:00,3440.1111481570815,0.002428684140272531
2020-03-02 14:01:00,3441.349547224197,0.002669905196392057
2020-03-02 14:02:00,3445.693834193365,0.002689869122194527
2020-03-02 14:03:00,3457.656335274609,0.002687256286628895
2020-03-02 14:04:00,3455.6770906668144,0.002728551241782138
2020-03-02 14:05:00,3451.6101474621287,0.0027206974112521493
2020-03-02 14:06:00,3457.114872660063,0.002603516582691044
2020-03-02 14:07:00,3450.904718879159,0.002765688343931304
2020-03-02 14:08:00,3441.1244495894143,0.0028766616218941577
2020-03-02 14:09:00,3409.532950137609,0.0028359037514029766
2020-03-02 14:10:00,3401.787433386302,0.0029069300339661175
2020-03-02 14:11:00,3406.723829377003,0.0028951455348280954
2020-03-02 14:12:00,3389.448707475108,0.002975020062127635
2020-03-02 14:13:00,3381.58794509116,0.003114219284279464
2020-03-02 14:14:00,3399.3485760511307,0.0029431102471127336
2020-03-02 14:15:00,3388.4902926617087,0.003082760396423171
2020-03-02 14:16:00,3392.7144405531326,0.0030837328926339356
2020-03-02 14:17:00,3393.8659345284595,0.003149410202398925
2020-03-02 14:18:00,3400.121367220545,0.0034776424957845523
2020-03-02 14:19:00,3399.9234207200093,0.003322339312665749
2020-03-02 14:20:00,3406.1763918474076,0.0033097492016358706
2020-03-02 14:21:00,3406.732680749617,0.0034430986747340923
2020-03-02 14:22:00,3388.524222520505,0.0035016253452149486
2020-03-02 14:23:00,3395.0619054756107,0.0033752745368682575
2020-03-02 14:24:00,3395.175984070944,0.003299315001239665
2020-03-02 14:25:00,3394.621646048932,0.0031995956685578874
2020-03-02 14:26:00,3384.1897766600905,0.002988729278507075
2020-03-02 14:27:00,3382.8800147457728,0.002884950199144287
2020-03-02 14:28:00,3385.6860700622633,0.002911384256559634
2020-03-02 14:29:00,3382.2979773856355,0.00298459237258047
2020-03-02 14:30:00,3383.0170920426976,0.0028953602281343947
2020-03-02 14:31:00,3383.767167828683,0.0028392803560863033
2020-03-02 14:32:00,3381.5533965485556,0.0030477381473318845
2020-03-02 14:33:00,3378.783131023831,0.00292359485612295
2020-03-02 14:34:00,3362.8026963179636,0.002950528365711876
2020-03-02 14:35:00,3374.2847805404376,0.0028373359374098297
2020-03-02 14:36:00,3372.511498650896,0.0029351152123668015
2020-03-02 14:37:00,3383.5028863208254,0.0027387005952738
2020-03-02 14:38:00,3384.299078711461,0.0029736499607038087
2020-03-02 14:39:00,3374.425590090782,0.003086297841876475
2020-03-02 14:40:00,3386.973738714352,0.0029069785876440235
2020-03-02 14:41:00,3376.5132597931533,0.0028785580347059168
2020-03-02 14:42:00,3369.2327771406062,0.0029354936241042674
2020-03-02 14:43:00,3384.412991500354,0.0029292314861727965
2020-03-02 14:44:00,3391.0667589135955,0.002782710859518235
2020-03-02 14:45:00,3403.6601687277093,0.002859845092041612
2020-03-02 14:46:00,3412.1964995355966,0.0030805715297256477
2020-03-02 14:47:00,3405.5021240531587,0.002841653554642984
2020-03-02 14:48:00,3402.9698169776016,0.0028545521258710525
2020-03-02 14:49:00,3400.6524830115736,0.0028336471213975863
2020-03-02 14:50:00,3400.468521403411,0.002994076555737897
2020-03-02 14:51:00,3396.7444652287136,0.0030711113540009697
2020-03-02 14:52:00,3397.79867808664,0.0029769939948116847
2020-03-02 14:53:00,3393.634229886699,0.0030344611115381633
2020-03-02 14:54:00,3384.0641986421865,0.002958849362730198
2020-03-02 14:55:00,3359.3920427561425,0.0029272256626074497
2020-03-02 14:56:00,3339.8277953060424,0.002949682026545443
2020-03-02 14:57:00,3355.564495607069,0.0029645898141935183
2020-03-02 14:58:00,3350.674794022377,0.003305500707134336
2020-03-02 14:59:00,3337.5003072214035,0.003341862297295547
2020-03-02 15:00:00,3333.0933734359087,0.0030853807920517297
2020-03-02 15:01:00,3329.2290896471372,0.0032475985446737614
2020-03-02 15:02:00,3340.1449747215543,0.003128832406575648
2020-03-02 15:03:00,3347.093001765576,0.003133255075316192
2020-03-02 15:04:00,3346.826690330949,0.003140399213747169
2020-03-02 15:05:00,3368.2914010041154,0.003287194598527735
2020-03-02 15:06:00,3354.84723873651,0.0034370469818128867
2020-03-02 15:07:00,3354.3080074436148,0.003701569082224649
2020-03-02 15:08:00,3361.6925379310114,0.0037856937774613337
2020-03-02 15:09:00,3346.776908803918,0.003747763167097722
2020-03-02 15:10:00,3331.6825584538974,0.003724084223083496
2020-03-02 15:11:00,3328.78777589025,0.0035940228277981366
2020-03-02 15:12:00,3332.508169149856,0.0034393831379168818
2020-03-02 15:13:00,3343.2486506835066,0.0035020880156186145
2020-03-02 15:14:00,3353.7845557352557,0.003440100296133379
2020-03-02 15:15:00,3367.4034731944457,0.0032964014098274563
2020-03-02 15:16:00,3364.217382703731,0.003477318313325911
2020-03-02 15:17:00,3363.0806686402416,0.0034808949850904467
2020-03-02 15:18:00,3361.525932220654,0.0036006608328883185
2020-03-02 15:19:00,3369.747110593886,0.003622665110988593
2020-03-02 15:20:00,3378.1073701217488,0.0038648072899462402
2020-03-02 15:21:00,3357.7499624623943,0.003873131450852437
2020-03-02 15:22:00,3364.3305628500757,0.003811331028520779
2020-03-02 15:23:00,3367.621037016548,0.0038318197886188727
2020-03-02 15:24:00,3369.326877418202,0.003607750197448077
2020-03-02 15:25:00,3362.0949875293654,0.0034615865392937065
2020-03-02 15:26:00,3369.8046595876644,0.003609918637204066
2020-03-02 15:27:00,3376.169331855581,0.0038904425754062036
2020-03-02 15:28:00,3375.6422124631968,0.003953025456861029
2020-03-02 15:29:00,3358.913703149027,0.004054575163781689
2020-03-02 15:30:00,3347.056205542643,0.004165922781947428
2020-03-02 15:31:00,3332.6190608663733,0.004211788294684789
2020-03-02 15:32:00,3347.0023874486315,0.004122959737666136
2020-03-02 15:33:00,3354.6306709601804,0.004136568393409877
2020-03-02 15:34:00,3353.5603786715974,0.004103515976122778
2020-03-02 15:35:00,3330.138300242727,0.003986747069227427
2020-03-02 15:36:00,3355.130959413323,0.004082378395046158
2020-03-02 15:37:00,3347.6451543915655,0.00413863281875724
2020-03-02 15:38:00,3354.7595944080585,0.004339488003200614
2020-03-02 15:39:00,3349.1112675289396,0.004304052528334678
2020-03-02 15:40:00,3338.4945550382154,0.004220138412747354
2020-03-02 15:41:00,3338.4941199997443,0.004232962047322477
2020-03-02 15:42:00,3353.6941970410926,0.004256252591030156
2020-03-02 15:43:00,3344.798720934248,0.00422492989111397
2020-03-02 15:44:00,3360.728115347066,0.0044842989738970605
2020-03-02 15:45:00,3369.4316045496184,0.004255158523814606
2020-03-02 15:46:00,3364.898055366517,0.004223923468115052
2020-03-02 15:47:00,3349.378747031578,0.004417910299540651
2020-03-02 15:48:00,3348.3777782929596,0.004236669808212995
2020-03-02 15:49:00,3335.509051801184,0.00407779149268289
2020-03-02 15:50:00,3336.792768650583,0.004408054615930114
2020-03-02 15:51:00,3344.094367435112,0.00458229403587867
2020-03-02 15:52:00,3365.1340766939393,0.004528415381966657
2020-03-02 15:53:00,3362.7833435543153,0.00463187318786651
2020-03-02 15:54:00,3363.6089683568057,0.0043753029631968645
2020-03-02 15:55:00,3363.7124135062563,0.0044177462808309325
2020-03-02 15:56:00,3351.2438084823993,0.004538846089883966
2020-03-02 15:57:00,3347.216293765825,0.0046848552335649295
2020-03-02 15:58:00,3350.7768334801235,0.00528832190399523
2020-03-02 15:59:00,3371.3464805604863,0.005523224025049011
2020-03-02 16:00:00,3361.7901468445416,0.00499011327430885
2020-03-02 16:01:00,3371.390694947725,0.005047370677945189
2020-03-02 16:02:00,3328.5100070524722,0.004962429327030875
2020-03-02 16:03:00,3329.6540426696897,0.004930078536408742
2020-03-02 16:04:00,3333.4547631016176,0.004717546594382406
2020-03-02 16:05:00,3344.4199619299025,0.004240874542232358
2020-03-02 16:06:00,3360.4431811290046,0.004179853511548142
2020-03-02 16:07:00,3365.7798782783993,0.0038101675288422757
2020-03-02 16:08:00,3367.3717669396065,0.004024258918058879
2020-03-02 16:09:00,3366.0776439634988,0.003885884767229418
2020-03-02 16:10:00,3359.465553443712,0.003893289992652046
2020-03-02 16:11:00,3358.5989282885457,0.00373930965440762
2020-03-02 16:12:00,3373.90349515783,0.0038260161702073953
2020-03-02 16:13:00,3394.018481425193,0.004090239373650822
2020-03-02 16:14:00,3388.422744175716,0.004056389464399534
2020-03-02 16:15:00,3370.939674873426,0.0042314942385231905
2020-03-02 16:16:00,3378.723397759402,0.004042616286372641
2020-03-02 16:17:00,3356.1746409735783,0.004056730054379629
2020-03-02 16:18:00,3342.093411044797,0.003887838769488457
2020-03-02 16:19:00,3332.62051289592,0.003850109317135766
2020-03-02 16:20:00,3363.142112696603,0.0037826818708987507
2020-03-02 16:21:00,3354.9901020867933,0.0037269954490443207
2020-03-02 16:22:00,3365.6521954024574,0.003984362720268295
2020-03-02 16:23:00,3363.668352219569,0.0038936478473841885
2020-03-02 16:24:00,3362.28854596962,0.0042029987208203855
2020-03-02 16:25:00,3358.5618228037665,0.004633276486876203
2020-03-02 16:26:00,3352.4841282524835,0.004537326958443739
2020-03-02 16:27:00,3350.5315235670246,0.004456945734379516
2020-03-02 16:28:00,3364.2431506928287,0.004467608249973419
2020-03-02 16:29:00,3387.418469900832,0.004602148663340402
2020-03-02 16:30:00,3382.311771176602,0.004461699031004696
2020-03-02 16:31:00,3410.3390240807908,0.004441946498358121
2020-03-02 16:32:00,3399.11516056313,0.004497670736866713
2020-03-02 16:33:00,3377.7190473626647,0.004331005683384609
2020-03-02 16:34:00,3365.3768945778816,0.004174280905372071
2020-03-02 16:35:00,3363.999798194294,0.003865403473003953
2020-03-02 16:36:00,3355.9077774353896,0.0037791466644079975
2020-03-02 16:37:00,3364.789134520268,0.0038191003396720654
2020-03-02 16:38:00,3365.079932546807,0.0039148536998791
2020-03-02 16:39:00,3342.102516827368,0.003949582889428345
2020-03-02 16:40:00,3341.887672579906,0.0038283254398749334
2020-03-02 16:41:00,3356.7421053361754,0.003909608178190824
2020-03-02 16:42:00,3362.3144880653654,0.003764423105875562
2020-03-02 16:43:00,3383.819435531144,0.003977970927011732
2020-03-02 16:44:00,3372.1150758377958,0.0039806078037953295
2020-03-02 16:45:00,3391.616945033079,0.003948651919565164
2020-03-02 16:46:00,3396.4165567971277,0.00384126466801139
2020-03-02 16:47:00,3395.568508484187,0.0035934077072545915
2020-03-02 16:48:00,3385.3587646058245,0.003670842646504985
2020-03-02 16:49:00,3390.294628630835,0.00367383032480166
2020-03-02 16:50:00,3380.276281909277,0.003560831730310694
2020-03-02 16:51:00,3396.3750996006047,0.00366596104620191
2020-03-02 16:52:00,3431.40280947608,0.0036989111127026
2020-03-02 16:53:00,3446.1098524883632,0.0037069549599182787
2020-03-02 16:54:00,3446.0047116822916,0.003621155388540661
2020-03-02 16:55:00,3466.5186094439346,0.003677809454597932
2020-03-02 16:56:00,3446.6367533869493,0.0036705942012638143
2020-03-02 16:57:00,3454.455164180173,0.0036469172224950926
2020-03-02 16:58:00,3452.5353885987715,0.003794941017648363
2020-03-02 16:59:00,3440.543932967689,0.003980804363668922
2020-03-02 17:00:00,3439.734477914265,0.0038577936566790024
2020-03-02 17:01:00,3449.4736975980654,0.003771920013756201
2020-03-02 17:02:00,3467.5199641221093,0.003576476036240367
2020-03-02 17:03:00,3447.437745424121,0.0035076273521108146
2020-03-02 17:04:00,3462.81430999549,0.003338248260490869
2020-03-02 17:05:00,3453.1472250615,0.0031963658600721824
2020-03-02 17:06:00,3441.7192330364296,0.0031327410396268245
2020-03-02 17:07:00,3424.9445227465035,0.0031333255378142417
2020-03-02 17:08:00,3436.2045954531427,0.002941414426636604
2020-03-02 17:09:00,3447.722401704973,0.0031340992181396144
2020-03-02 17:10:00,3429.2778665041938,0.003112491836889946
2020-03-02 17:11:00,3449.3233844115216,0.0030593304647140527
2020-03-02 17:12:00,3443.8959861884987,0.003131162316271765
2020-03-02 17:13:00,3430.637921620248,0.0029506124910803158
2020-03-02 17:14:00,3411.45078325329,0.002934256423122514
2020-03-02 17:15:00,3410.3042776510815,0.0028679316286714445
2020-03-02 17:16:00,3410.793234033903,0.002978733958254461
2020-03-02 17:17:00,3410.61116455516,0.003115505022380461
2020-03-02 17:18:00,3415.566399298871,0.0032987092863045087
2020-03-02 17:19:00,3416.090173414616,0.0032672864991789524
2020-03-02 17:20:00,3420.461890369843,0.003214256159251256
2020-03-02 17:21:00,3412.7700055112177,0.002968245243285006
2020-03-02 17:22:00,3409.0665131304277,0.002665553024897392
2020-03-02 17:23:00,3428.626208449882,0.0025176733725778377
2020-03-02 17:24:00,3447.1898773991693,0.0023313325543541726
2020-03-02 17:25:00,3444.987614679138,0.0023263041281766463
2020-03-02 17:26:00,3450.3078700889805,0.0023664783445379186
2020-03-02 17:27:00,3449.098244798631,0.0023280323423163626
2020-03-02 17:28:00,3450.7103995615244,0.0024057725370103954
2020-03-02 17:29:00,3458.3108259224337,0.002294149327837021
2020-03-02 17:30:00,3470.6015393370117,0.002074109598031944
2020-03-02 17:31:00,3479.652168203542,0.0019503581702075446
2020-03-02 17:32:00,3485.446634511587,0.0018975466019670382
2020-03-02 17:33:00,3478.423104047261,0.0018353114540466393
2020-03-02 17:34:00,3486.3164352937497,0.0018285979560801588
2020-03-02 17:35:00,3482.17867504173,0.0017782853728078567
2020-03-02 17:36:00,3482.3977237600216,0.0017770273510053323
2020-03-02 17:37:00,3477.26643293946,0.001730561103681313
2020-03-02 17:38:00,3474.448154223567,0.0018140714502488712
2020-03-02 17:39:00,3476.0902808045307,0.001797275661120836
2020-03-02 17:40:00,3481.843171266261,0.0017474697582898996
2020-03-02 17:41:00,3477.5855006085867,0.0016894425667943992
2020-03-02 17:42:00,3479.3904303688237,0.0016657472787103775
2020-03-02 17:43:00,3475.269536928378,0.0015598924175702225
2020-03-02 17:44:00,3474.9402460330366,0.0015056548877443814
2020-03-02 17:45:00,3477.5294738847997,0.0014764894581621357
2020-03-02 17:46:00,3478.1717481648107,0.0016096670485483034
2020-03-02 17:47:00,3482.31687628154,0.0016620556676908169
2020-03-02 17:48:00,3476.345542081336,0.0016704459628450704
2020-03-02 17:49:00,3480.4229576839116,0.001657532573493939
2020-03-02 17:50:00,3480.447444963815,0.0016916796673370428
2020-03-02 17:51:00,3475.87861951933,0.001630772972687404
2020-03-02 17:52:00,3484.3307922553295,0.0014808794909844962
2020-03-02 17:53:00,3491.87277125575,0.0013650473073818566
2020-03-02 17:54:00,3493.7750441061944,0.001400132615100068
2020-03-02 17:55:00,3496.11036889187,0.001474833172665649
2020-03-02 17:56:00,3487.9079021510934,0.0015211923638268697
2020-03-02 17:57:00,3489.071230792335,0.001483876509342175
2020-03-02 17:58:00,3486.0642561873497,0.001395631359597851
2020-03-02 17:59:00,3488.2167419905204,0.0013459758764034224
2020-03-02 18:00:00,3492.7605493990154,0.0013279135571814288
2020-03-02 18:01:00,3491.993665896992,0.0013911122903175685
2020-03-02 18:02:00,3496.949945183811,0.0013671323532116477
2020-03-02 18:03:00,3490.437351637834,0.0012802853757373184
2020-03-02 18:04:00,3484.253562260693,0.0012574590667046792
2020-03-02 18:05:00,3479.4510514591507,0.0013239280096988182
2020-03-02 18:06:00,3476.0858155623073,0.0013175015281638607
2020-03-02 18:07:00,3480.449210568912,0.0012524287784345693
2020-03-02 18:08:00,3478.2791051539925,0.001197570721070475
2020-03-02 18:09:00,3481.473767104171,0.0012125399906756415
2020-03-02 18:10:00,3480.6876733676672,0.001182644213189527
2020-03-02 18:11:00,3479.303840914101,0.0010746169885724696
2020-03-02 18:12:00,3475.3918303263276,0.001108932485189923
2020-03-02 18:13:00,3481.4331650460667,0.0010583113803259692
2020-03-02 18:14:00,3480.0235727876106,0.0010816337463002655
2020-03-02 18:15:00,3478.60200533139,0.0010945066552039732
2020-03-02 18:16:00,3476.40472339604,0.0010425409877278806
2020-03-02 18:17:00,3470.9405781457285,0.0010678313485028873
2020-03-02 18:18:00,3467.0391912645027,0.0010099998316685783
2020-03-02 18:19:00,3471.9788744790385,0.0009821724040912092
2020-03-02 18:20:00,3472.3145549330793,0.0009978341851346582
2020-03-02 18:21:00,3473.26100079865,0.0010051780062045308
2020-03-02 18:22:00,3477.2536950437625,0.001101661830839744
2020-03-02 18:23:00,3473.576344832021,0.0010463757582275849
2020-03-02 18:24:00,3476.4860101165223,0.0010447600006614156
2020-03-02 18:25:00,3478.5190065640777,0.0010754060825302377
2020-03-02 18:26:00,3478.1911892977614,0.0010402484418601523
2020-03-02 18:27:00,3482.034241185033,0.0010396147789475964
2020-03-02 18:28:00,3477.6808130378217,0.0010171258167186237
2020-03-02 18:29:00,3473.5285337092682,0.0010454108699811603
2020-03-02 18:30:00,3479.6063979348437,0.0010537027546082443
2020-03-02 18:31:00,3485.1177747541956,0.0010951562459427134
2020-03-02 18:32:00,3487.2876793304395,0.0010773093114211621
2020-03-02 18:33:00,3487.5796546989422,0.0010737835681172265
2020-03-02 18:34:00,3484.0643669509855,0.0010914352232600686
2020-03-02 18:35:00,3478.401367869283,0.001134914312226085
2020-03-02 18:36:00,3482.740329872533,0.0010584952477509812
2020-03-02 18:37:00,3483.927149096836,0.001086856848145656
2020-03-02 18:38:00,3486.6374556719693,0.0011779205342516367
2020-03-02 18:39:00,3492.6835971476316,0.0012020698998179136
2020-03-02 18:40:00,3495.379874974916,0.0012130427789075388
2020-03-02 18:41:00,3498.6216314998696,0.001240001120939762
2020-03-02 18:42:00,3498.0645183806832,0.0012165338439694704
2020-03-02 18:43:00,3504.5223711544736,0.0012307750717506654
2020-03-02 18:44:00,3499.074947118994,0.001184502877565394
2020-03-02 18:45:00,3502.6285678242066,0.0012257180784504555
2020-03-02 18:46:00,3503.602363556656,0.001181772691970583
2020-03-02 18:47:00,3505.602432744986,0.0011598445889701003
2020-03-02 18:48:00,3506.7398668462647,0.0011643095342660605
2020-03-02 18:49:00,3504.0160333800895,0.0011166347036037807
2020-03-02 18:50:00,3504.6340093948197,0.0010507231858046231
2020-03-02 18:51:00,3506.1642748556274,0.0010216270076914473
2020-03-02 18:52:00,3504.421221407573,0.0010459415990136751
2020-03-02 18:53:00,3507.659220701685,0.0010748710955637
2020-03-02 18:54:00,3500.9390948696405,0.0010463317674208616
2020-03-02 18:55:00,3512.3964277411624,0.001072898318352331
2020-03-02 18:56:00,3513.9454422368935,0.0010281466899116183
2020-03-02 18:57:00,3517.1875584735835,0.001049270827558171
2020-03-02 18:58:00,3516.5074798344904,0.0011191354817810149
2020-03-02 18:59:00,3515.708090654787,0.0011017111187704603
2020-03-02 19:00:00,3510.045266083002,0.0010410356373430527
2020-03-02 19:01:00,3517.63232649244,0.0010178466909200865
2020-03-02 19:02:00,3511.3827018314573,0.0010339916455308754
2020-03-02 19:03:00,3512.6763785506673,0.001039798833017497
2020-03-02 19:04:00,3513.3720503565405,0.0009839385953277094
2020-03-02 19:05:00,3510.3651788268726,0.000907852132201849
2020-03-02 19:06:00,3514.8443860946213,0.0009250003983678775
2020-03-02 19:07:00,3517.75328706416,0.0009555769945105988
2020-03-02 19:08:00,3517.8951400394953,0.0010156870931311876
2020-03-02 19:09:00,3519.3839248464556,0.001032403308863334
2020-03-02 19:10:00,3518.4633746412937,0.0010548725353445511
2020-03-02 19:11:00,3521.065791564115,0.0010637285353803363
2020-03-02 19:12:00,3529.316151893134,0.0010990224568159072
2020-03-02 19:13:00,3530.6166006736985,0.0010783211368109735
2020-03-02 19:14:00,3531.5772798578478,0.0010707087626931414
2020-03-02 19:15:00,3530.2034667661583,0.0011611521914541235
2020-03-02 19:16:00,3528.3700911929445,0.0011315612333509927
2020-03-02 19:17:00,3525.0391150850955,0.001126908140929351
2020-03-02 19:18:00,3521.0375189403035,0.0010726192077331242
2020-03-02 19:19:00,3522.2825213337987,0.001100799300541924
2020-03-02 19:20:00,3518.143696172485,0.0011392623079077965
2020-03-02 19:21:00,3521.220465858173,0.0011604513458331478
2020-03-02 19:22:00,3516.1409960394867,0.0011869240793505635
2020-03-02 19:23:00,3514.7076539482573,0.0012804188360697303
2020-03-02 19:24:00,3513.551712527314,0.0013270253365027678
2020-03-02 19:25:00,3516.5227087322983,0.0012903268948828155
2020-03-02 19:26:00,3515.9542553427973,0.0012859466674906262
2020-03-02 19:27:00,3517.416873116903,0.0012921463351508726
2020-03-02 19:28:00,3514.787519926244,0.001281391664725054
2020-03-02 19:29:00,3516.3778958287226,0.0012793313987626044
2020-03-02 19:30:00,3514.116593422049,0.001257016621771962
2020-03-02 19:31:00,3517.9230955876155,0.0012655819390774846
2020-03-02 19:32:00,3517.806885551805,0.0011830571236728631
2020-03-02 19:33:00,3519.3900003205285,0.0011854051797052481
2020-03-02 19:34:00,3522.0026053336765,0.0012897920992747912
2020-03-02 19:35:00,3523.5625615186573,0.001284391047897784
2020-03-02 19:36:00,3518.8525133322514,0.0013254676065293722
2020-03-02 19:37:00,3525.8590703539485,0.0013132863511201673
2020-03-02 19:38:00,3527.577264651486,0.001208337767662006
2020-03-02 19:39:00,3519.9663450683465,0.0011641935028390668
2020-03-02 19:40:00,3521.7003690710026,0.0011080221000621072
2020-03-02 19:41:00,3515.535757309108,0.0010667948819130814
2020-03-02 19:42:00,3512.3382288418347,0.0010490012209338228
2020-03-02 19:43:00,3506.875923651517,0.0010890716978553237
2020-03-02 19:44:00,3506.2046953528375,0.0010718599610576064
2020-03-02 19:45:00,3505.971363016697,0.0010633868267063025
2020-03-02 19:46:00,3496.39832062405,0.0011166359627753164
2020-03-02 19:47:00,3495.2854822470617,0.0011706084749106718
2020-03-02 19:48:00,3497.642703903396,0.0011856680786888152
2020-03-02 19:49:00,3502.1809249180706,0.0011706712101345659
2020-03-02 19:50:00,3505.473821155135,0.0010745339252454266
2020-03-02 19:51:00,3505.657427422678,0.0009766902134304193
2020-03-02 19:52:00,3505.3880945722717,0.0009838924528188058
2020-03-02 19:53:00,3505.416217933393,0.000992881315732191
2020-03-02 19:54:00,3504.1255130994396,0.0009380641957727019
2020-03-02 19:55:00,3505.6233890966164,0.0010052783978498681
2020-03-02 19:56:00,3504.2231032937334,0.000981281842590791
2020-03-02 19:57:00,3502.0553716584045,0.0008981313614901045
2020-03-02 19:58:00,3505.5961007584547,0.0008989689105510516
2020-03-02 19:59:00,3511.564162082466,0.0008968419914295272
2020-03-03 13:30:00,3454.0000198284033,0.0009395992357083116
2020-03-03 13:31:00,3454.0239582403447,0.0009731256484155381
2020-03-03 13:32:00,3457.348510610044,0.0009729161300198696
2020-03-03 13:33:00,3456.5778301909845,0.0009917580091900146
2020-03-03 13:34:00,3461.0026296373994,0.0010298831655992256
2020-03-03 13:35:00,3457.072648773411,0.0009709824163476354
2020-03-03 13:36:00,3456.0520205804646,0.0009790552418561204
2020-03-03 13:37:00,3459.5457659213903,0.0010039161131186144
2020-03-03 13:38:00,3456.6143117505194,0.0010498961759292439
2020-03-03 13:39:00,3459.4547466399363,0.0010286072914901779
2020-03-03 13:40:00,3466.706823001994,0.0010564287294131116
2020-03-03 13:41:00,3462.02338232554,0.0010560639298374773
2020-03-03 13:42:00,3458.990927380675,0.0010326307322921842
2020-03-03 13:43:00,3451.2994093433736,0.0009568932483113473
2020-03-03 13:44:00,3454.3330459260687,0.000893999457825541
2020-03-03 13:45:00,3459.9119825875364,0.0008212518990490224
2020-03-03 13:46:00,3458.318444395484,0.0008839110528187183
2020-03-03 13:47:00,3458.689715891693,0.0008339427755352721
2020-03-03 13:48:00,3460.9230507992943,0.0007753763572733226
2020-03-03 13:49:00,3455.8871828633905,0.0007689893879250112
2020-03-03 13:50:00,3455.005839260293,0.00077945040188736
2020-03-03 13:51:00,3453.9999000757634,0.0007195145811950232
2020-03-03 13:52:00,3456.8737356115935,0.0006966169399864479
2020-03-03 13:53:00,3456.277503288698,0.0007301156618712694
2020-03-03 13:54:00,3456.714866691928,0.00073658515610363
2020-03-03 13:55:00,3457.6990866241035,0.0007301182068375114
2020-03-03 13:56:00,3461.0448941995296,0.0007419178715241809
2020-03-03 13:57:00,3459.4086012485186,0.0007118347494493484
2020-03-03 13:58:00,3458.3202800032414,0.0006711124435110587
2020-03-03 13:59:00,3454.6343198958107,0.0007203990640241728
2020-03-03 14:00:00,3448.1796155129377,0.0006974588604894929
2020-03-03 14:01:00,3449.306597594235,0.0006800715286132042
2020-03-03 14:02:00,3449.753560067491,0.0006705237903409405
2020-03-03 14:03:00,3450.760232597003,0.0006601320856722292
2020-03-03 14:04:00,3449.1450818774383,0.000598178921550223
2020-03-03 14:05:00,3449.9820444921947,0.0005645081857946028
2020-03-03 14:06:00,3451.0243189834846,0.0005554749119163238
2020-03-03 14:07:00,3453.9104468420587,0.0005702566932828742
2020-03-03 14:08:00,3454.846384835706,0.0005797160425580984
2020-03-03 14:09:00,3455.982874204279,0.0005656087001749696
2020-03-03 14:10:00,3453.1727063027856,0.000603829796886575
2020-03-03 14:11:00,3455.6481693570668,0.0005981442986209399
2020-03-03 14:12:00,3452.0899148633744,0.0006014863522742959
2020-03-03 14:13:00,3452.905170498658,0.0006213897421401172
2020-03-03 14:14:00,3451.586377404313,0.0006261350924765231
2020-03-03 14:15:00,3450.362441377019,0.0006572521178921413
2020-03-03 14:16:00,3450.4111570883915,0.0006830343649207262
2020-03-03 14:17:00,3450.9872791654516,0.0006824225568933868
2020-03-03 14:18:00,3447.289941972921,0.0006333285189399965
2020-03-03 14:19:00,3447.860019429665,0.0006396729237233958
2020-03-03 14:20:00,3449.160525335564,0.0006257779221952221
2020-03-03 14:21:00,3447.8372444170777,0.0006303881290731224
2020-03-03 14:22:00,3446.203320472601,0.0005695774125911006
2020-03-03 14:23:00,3447.9637293903947,0.0006310923111148253
2020-03-03 14:24:00,3444.6270592550118,0.0006411905143630034
2020-03-03 14:25:00,3442.3366184277575,0.0007049971487013158
2020-03-03 14:26:00,3444.102818895126,0.0007063415174771244
2020-03-03 14:27:00,3444.936004620619,0.0007235821571723982
2020-03-03 14:28:00,3445.660480402656,0.0007001665891676645
2020-03-03 14:29:00,3447.530188609369,0.0007481108721210095
2020-03-03 14:30:00,3450.4521145775407,0.0007451464453756879
2020-03-03 14:31:00,3447.9989097330526,0.0008025044603795979
2020-03-03 14:32:00,3451.177634557757,0.0007827901719738202
2020-03-03 14:33:00,3451.3797010260864,0.0007269197500191053
2020-03-03 14:34:00,3452.1760513351796,0.0007262481740454328
2020-03-03 14:35:00,3452.27108442666,0.0006729771767167733
2020-03-03 14:36:00,3450.143728293792,0.0007049183485868615
2020-03-03 14:37:00,3450.5218846441726,0.0007116596916198815
2020-03-03 14:38:00,3451.5723149956957,0.0006513362089885978
2020-03-03 14:39:00,3449.8703002194497,0.0006677600449315758
2020-03-03 14:40:00,3447.9833231148523,0.000720252691133584
2020-03-03 14:41:00,3451.0466366090536,0.0006806154103610642
2020-03-03 14:42:00,3452.523550553579,0.0006448891207731202
2020-03-03 14:43:00,3452.4207594255254,0.0006386519768539856
2020-03-03 14:44:00,3453.329029197123,0.0006159724665326938
2020-03-03 14:45:00,3454.847969067532,0.0006099234233731182
2020-03-03 14:46:00,3454.4043498476353,0.0006026038455329132
2020-03-03 14:47:00,3453.173487082187,0.0005877391694448002
2020-03-03 14:48:00,3451.7385717139014,0.0005819531269781983
2020-03-03 14:49:00,3453.1590324924146,0.0005826992532352905
2020-03-03 14:50:00,3451.10243412611,0.0005939099776357782
2020-03-03 14:51:00,3451.4616517450645,0.0005937456347643241
2020-03-03 14:52:00,3446.0706361043945,0.0005787686375422936
2020-03-03 14:53:00,3447.1673348603467,0.0005588860006381046
2020-03-03 14:54:00,3444.8516445827495,0.0005402161717900142
2020-03-03 14:55:00,3443.0544915449336,0.0005697239113274655
2020-03-03 14:56:00,3440.9023050225733,0.0005912443130167852
2020-03-03 14:57:00,3439.6239697111955,0.0006336995978117664
2020-03-03 14:58:00,3440.9155982034144,0.0006141130144372478
2020-03-03 14:59:00,3438.7544101830254,0.000606077661953072
2020-03-03 15:00:00,3438.1747766380877,0.0006226896896420062
2020-03-03 15:01:00,3436.2300196198003,0.0006180851442660415
2020-03-03 15:02:00,3435.5411547344984,0.000628078239357864
2020-03-03 15:03:00,3433.979641879883,0.00062018894891595
2020-03-03 15:04:00,3432.6756891983773,0.0005987986480650717
2020-03-03 15:05:00,3431.9985693346216,0.0006258626005854527
2020-03-03 15:06:00,3431.919543690831,0.0006668921413024188
2020-03-03 15:07:00,3433.000538222885,0.0006688016909479563
2020-03-03 15:08:00,3431.2799100938614,0.0006658486382758439
2020-03-03 15:09:00,3432.6088655602016,0.0006817204114219195
2020-03-03 15:10:00,3431.2901938006944,0.0006427360559062354
2020-03-03 15:11:00,3432.6686695733024,0.0006224875162258158
2020-03-03 15:12:00,3430.021670409865,0.0005933844661848857
2020-03-03 15:13:00,3430.100178221154,0.0005750682536418558
2020-03-03 15:14:00,3425.849246686792,0.000589583032666123
2020-03-03 15:15:00,3422.832365436985,0.0006007955775248369
2020-03-03 15:16:00,3423.9475774363755,0.0005769308820177273
2020-03-03 15:17:00,3427.9452298515116,0.0005877213575722891
2020-03-03 15:18:00,3427.365801807831,0.0005635238880017109
2020-03-03 15:19:00,3425.7293813356546,0.0005549995072681791
2020-03-03 15:20:00,3422.006655810755,0.0005189056791584603
2020-03-03 15:21:00,3420.210065674242,0.0005129349743835682
2020-03-03 15:22:00,3419.7241779288624,0.0004918383839526924
2020-03-03 15:23:00,3418.623363403583,0.0005037118745834794
2020-03-03 15:24:00,3414.8993089953174,0.0005057815784837195
2020-03-03 15:25:00,3414.996664151475,0.0005086975031548109
2020-03-03 15:26:00,3411.546064440718,0.0005242269150932871
2020-03-03 15:27:00,3409.343652205367,0.0005321820341981314
2020-03-03 15:28:00,3407.3265854802903,0.000522485063209754
2020-03-03 15:29:00,3405.542730607814,0.0005031914055636676
2020-03-03 15:30:00,3404.979157352967,0.0004933826182707098
2020-03-03 15:31:00,3403.8629997201665,0.0004639792774176353
2020-03-03 15:32:00,3403.4011791262383,0.000421054227641677
2020-03-03 15:33:00,3403.2936699610277,0.0004376016053514454
2020-03-03 15:34:00,3401.12300179032,0.00042517530213880483
2020-03-03 15:35:00,3400.7962194943875,0.00045531196310022014
2020-03-03 15:36:00,3401.5488630435834,0.00044326027422342046
2020-03-03 15:37:00,3397.8570189243974,0.00046250719537076473
2020-03-03 15:38:00,3401.0492662179267,0.0004660130886994805
2020-03-03 15:39:00,3402.004968420614,0.0004719390189993551
2020-03-03 15:40:00,3400.683196158677,0.000488515022696538
2020-03-03 15:41:00,3402.318403400966,0.0004667101951730908
2020-03-03 15:42:00,3403.92623328291,0.00046563577828298417
2020-03-03 15:43:00,3402.2380030147942,0.0005037735278232863
2020-03-03 15:44:00,3403.1980315142064,0.0005570027196282767
2020-03-03 15:45:00,3403.6445292233107,0.000561818124831452
2020-03-03 15:46:00,3400.8135004176115,0.0005753530426353911
2020-03-03 15:47:00,3399.1791421375324,0.0006214562629442573
2020-03-03 15:48:00,3402.6846051772663,0.0006226384429942075
2020-03-03 15:49:00,3400.7795064107795,0.0006469358324108836
2020-03-03 15:50:00,3401.026194483198,0.0006708559098023397
2020-03-03 15:51:00,3403.792260240679,0.0006420412526655832
2020-03-03 15:52:00,3404.6686236578867,0.0006776346001737583
2020-03-03 15:53:00,3405.66350459768,0.0006885941623919862
2020-03-03 15:54:00,3405.95943321581,0.0006642330998368193
2020-03-03 15:55:00,3405.409857899413,0.0007011815986178218
2020-03-03 15:56:00,3403.924898066999,0.0006716958428201863
2020-03-03 15:57:00,3405.1461097544866,0.0006618919096182982
2020-03-03 15:58:00,3408.139649685294,0.000692144424607792
2020-03-03 15:59:00,3411.8405861080046,0.0007463345719077303
2020-03-03 16:00:00,3408.7908804986128,0.0007374993079903384
2020-03-03 16:01:00,3414.305795998483,0.0007610250380003291
2020-03-03 16:02:00,3414.7349372158196,0.0007878196174640756
2020-03-03 16:03:00,3413.1581252011833,0.0008081300220357699
2020-03-03 16:04:00,3414.171223921405,0.0008177270945558014
2020-03-03 16:05:00,3413.658071576753,0.0008487169805711499
2020-03-03 16:06:00,3413.8425632281,0.0008823695712549921
2020-03-03 16:07:00,3417.488995865611,0.0008570578386144112
2020-03-03 16:08:00,3409.709031455878,0.0008137026016643063
2020-03-03 16:09:00,3411.621755260959,0.0008482860979986845
2020-03-03 16:10:00,3409.330884244805,0.0008878538546013027
2020-03-03 16:11:00,3408.0756197482815,0.0008803413179576013
2020-03-03 16:12:00,3402.1893155839134,0.0008582554184269964
2020-03-03 16:13:00,3397.7174264426067,0.0007830534016359478
2020-03-03 16:14:00,3402.8500933219198,0.0007862040005759891
2020-03-03 16:15:00,3401.6996205936834,0.0007727332890504097
2020-03-03 16:16:00,3401.888019262432,0.0008220347734765292
2020-03-03 16:17:00,3408.041735815576,0.0007907940318923848
2020-03-03 16:18:00,3404.0004828905517,0.0008323866037615255
2020-03-03 16:19:00,3399.8849666699825,0.000919893272137792
2020-03-03 16:20:00,3400.59518059615,0.000917963967000351
2020-03-03 16:21:00,3396.6664012775586,0.0009896889036197173
2020-03-03 16:22:00,3394.3690464826996,0.0009367631169930248
2020-03-03 16:23:00,3393.54123361111,0.000980956703147483
2020-03-03 16:24:00,3393.77454353345,0.0009562109774235889
2020-03-03 16:25:00,3396.3675530679366,0.0009372803969562569
2020-03-03 16:26:00,3395.1594666626484,0.0008283889680483241
2020-03-03 16:27:00,3389.5466519420575,0.000861037825499655
2020-03-03 16:28:00,3388.410219765096,0.0008814442927424571
2020-03-03 16:29:00,3394.314556746494,0.0009348718842291386
2020-03-03 16:30:00,3393.0712911624823,0.0009739738350927013
2020-03-03 16:31:00,3392.795799787491,0.0009710987558723909
2020-03-03 16:32:00,3399.1419028149367,0.000990736512181796
2020-03-03 16:33:00,3398.793094651548,0.0009564715796688111
2020-03-03 16:34:00,3402.669953144706,0.0009293936023672639
2020-03-03 16:35:00,3401.8064253605794,0.0009567096188648347
2020-03-03 16:36:00,3405.396765752749,0.0009370700548294642
2020-03-03 16:37:00,3404.922772369163,0.0008867399368665984
2020-03-03 16:38:00,3409.029530295727,0.000852568091114153
2020-03-03 16:39:00,3408.0605013619834,0.0008590269761444328
2020-03-03 16:40:00,3414.4442327039856,0.0008827745601515274
2020-03-03 16:41:00,3415.6517918180325,0.0009156915615268088
2020-03-03 16:42:00,3414.461075472639,0.000945818202546972
2020-03-03 16:43:00,3413.9841164279806,0.0009412464733641014
2020-03-03 16:44:00,3418.9403785617706,0.0009369397694202649
2020-03-03 16:45:00,3428.0673655372348,0.0008990405836607481
2020-03-03 16:46:00,3426.625767383611,0.0009711994519930493
2020-03-03 16:47:00,3423.7067965780143,0.0009985888249949603
2020-03-03 16:48:00,3421.4150177238157,0.000947047806009271
2020-03-03 16:49:00,3422.951128086214,0.0009065382140044986
2020-03-03 16:50:00,3426.38352249406,0.0008916426571657031
2020-03-03 16:51:00,3429.778050143538,0.0008295714538452473
2020-03-03 16:52:00,3429.2911530328856,0.0008493341721257568
2020-03-03 16:53:00,3428.2375052915104,0.0008806830896864357
2020-03-03 16:54:00,3428.9114944766375,0.0008820447977515735
2020-03-03 16:55:00,3426.236318685835,0.0009321554768585001
2020-03-03 16:56:00,3425.058800429024,0.000926298150687279
2020-03-03 16:57:00,3422.7430483894,0.0009349093089734333
2020-03-03 16:58:00,3423.0137307236564,0.0009072559432394734
2020-03-03 16:59:00,3425.6083537163113,0.0008930950525178525
2020-03-03 17:00:00,3425.5674232014353,0.0008895329150147879
2020-03-03 17:01:00,3428.5710585233414,0.0009049033177613791
2020-03-03 17:02:00,3430.183907912579,0.0008435509136174958
2020-03-03 17:03:00,3426.1406607711297,0.0008057100635577834
2020-03-03 17:04:00,3417.838715523239,0.0007928929081777411
2020-03-03 17:05:00,3415.512490986491,0.0007324669208402054
2020-03-03 17:06:00,3412.9853696657606,0.0007206190714449942
2020-03-03 17:07:00,3414.236485193295,0.0007291770009735963
2020-03-03 17:08:00,3418.0310116438645,0.0007217633311798885
2020-03-03 17:09:00,3414.8354297601722,0.0007561206693736201
2020-03-03 17:10:00,3413.500896940413,0.000750876351002976
2020-03-03 17:11:00,3416.1901200380717,0.0007431469084948687
2020-03-03 17:12:00,3412.610346551864,0.0007440135855653959
2020-03-03 17:13:00,3413.140385463145,0.0007526423861139747
2020-03-03 17:14:00,3413.8198989733232,0.0007539593150806099
2020-03-03 17:15:00,3416.455281480145,0.0007397735605959069
2020-03-03 17:16:00,3414.517137450591,0.0007032919978238385
2020-03-03 17:17:00,3412.2536166382733,0.0006802113825745284
2020-03-03 17:18:00,3419.5703990097436,0.0007087099019206091
2020-03-03 17:19:00,3421.076896716075,0.0007399908557318148
2020-03-03 17:20:00,3419.0915411785495,0.000737163376858167
2020-03-03 17:21:00,3422.3831607149,0.0007578223612748866
2020-03-03 17:22:00,3425.6508922748903,0.0007414305742554414
2020-03-03 17:23:00,3428.7771322068998,0.0007426533994031242
2020-03-03 17:24:00,3430.657410334776,0.0007678865206385648
2020-03-03 17:25:00,3433.2420695861433,0.0007347078741214115
2020-03-03 17:26:00,3433.0403042448515,0.000768715842158236
2020-03-03 17:27:00,3431.642697204168,0.0007606721457976229
2020-03-03 17:28:00,3434.127648943686,0.0007821503704933577
2020-03-03 17:29:00,3432.395327914954,0.0008796921059568387
2020-03-03 17:30:00,3436.5593548347515,0.0008622952069682313
2020-03-03 17:31:00,3436.070076864564,0.001000493972731179
2020-03-03 17:32:00,3434.344923071983,0.0009376859588988163
2020-03-03 17:33:00,3432.287825789758,0.000945447719801146
2020-03-03 17:34:00,3436.5960023163975,0.0008999050207360666
2020-03-03 17:35:00,3436.8969598180724,0.0009134327843139365
2020-03-03 17:36:00,3427.851549693581,0.0009460704837840806
2020-03-03 17:37:00,3428.1475262710105,0.0009175829249636442
2020-03-03 17:38:00,3426.741062631955,0.0009066571283343481
2020-03-03 17:39:00,3426.158399393485,0.0009273867696018062
2020-03-03 17:40:00,3423.606220073047,0.0009067400197305071
2020-03-03 17:41:00,3420.6696696567546,0.0008407939405617965
2020-03-03 17:42:00,3419.514915094929,0.0008171546665006696
2020-03-03 17:43:00,3419.9073003637463,0.0007926463531564128
2020-03-03 17:44:00,3420.8248822023984,0.0007825881591092234
2020-03-03 17:45:00,3417.9649648373093,0.0007470301601150493
2020-03-03 17:46:00,3420.6132950204565,0.0007295427496228416
2020-03-03 17:47:00,3416.408468018579,0.0007314442164569098
2020-03-03 17:48:00,3411.3095817464714,0.0006923745298502447
2020-03-03 17:49:00,3410.0731550268792,0.0007199360181450032
2020-03-03 17:50:00,3409.582435183011,0.0007583542956079701
2020-03-03 17:51:00,3409.5891365866996,0.0007871475856840283
2020-03-03 17:52:00,3413.4236195634553,0.0007791357148374663
2020-03-03 17:53:00,3414.4192137703244,0.0007703582752996598
2020-03-03 17:54:00,3409.3279210608384,0.0007760696920080003
2020-03-03 17:55:00,3408.4498205641626,0.0007520603643381225
2020-03-03 17:56:00,3408.3264926992965,0.0008100194097745007
2020-03-03 17:57:00,3408.109113333578,0.0007530524593734642
2020-03-03 17:58:00,3412.6935040324515,0.0007204312660959142
2020-03-03 17:59:00,3418.984310685424,0.0007549059489139586
2020-03-03 18:00:00,3425.0956683633976,0.0007700980338117169
2020-03-03 18:01:00,3424.8157798845123,0.0007273581088206037
2020-03-03 18:02:00,3423.282200308006,0.0006936484191833327
2020-03-03 18:03:00,3424.786526962234,0.0006278566551019375
2020-03-03 18:04:00,3424.8143482502455,0.0006101993531559289
2020-03-03 18:05:00,3421.0018156717338,0.000623363935465681
2020-03-03 18:06:00,3418.3380148643137,0.0006532617461714901
2020-03-03 18:07:00,3416.9218596305805,0.0006807050716968703
2020-03-03 18:08:00,3415.9079149835025,0.0006827407047565475
2020-03-03 18:09:00,3415.8156764696178,0.0006592962204860497
2020-03-03 18:10:00,3414.696545654264,0.0006728134530729099
2020-03-03 18:11:00,3413.2400056841047,0.0006774520103018968
2020-03-03 18:12:00,3412.1741175384022,0.0006567659570242975
2020-03-03 18:13:00,3410.7646501361296,0.0006532603805990228
2020-03-03 18:14:00,3415.0304842581413,0.0006433297540563244
2020-03-03 18:15:00,3419.9295365882344,0.0006511857937024577
2020-03-03 18:16:00,3418.1188737042758,0.0006676472076429394
2020-03-03 18:17:00,3419.0293025537226,0.0006236261741144835
2020-03-03 18:18:00,3418.8485990275194,0.0006162824482423481
2020-03-03 18:19:00,3416.2416713947846,0.000640519366049411
2020-03-03 18:20:00,3417.487176604788,0.0006505449947936121
2020-03-03 18:21:00,3416.2265686947553,0.0006352566323964962
2020-03-03 18:22:00,3414.4691957197424,0.0006127450034122245
2020-03-03 18:23:00,3413.8426116825167,0.000574531685367382
2020-03-03 18:24:00,3413.519607213478,0.0005995481374282675
2020-03-03 18:25:00,3410.025925304687,0.0006178577119769808
2020-03-03 18:26:00,3409.0661447745156,0.0006132429005785561
2020-03-03 18:27:00,3409.470568532109,0.0006238017558683739
2020-03-03 18:28:00,3406.6474621839798,0.000673650321606887
2020-03-03 18:29:00,3406.870104750043,0.0006436252411566164
2020-03-03 18:30:00,3405.1887540407165,0.0006643694374355499
2020-03-03 18:31:00,3406.3345173510015,0.0006396541048737349
2020-03-03 18:32:00,3402.807431172479,0.0006328705838687439
2020-03-03 18:33:00,3403.212717768602,0.0006186843003846528
2020-03-03 18:34:00,3405.0391753894605,0.0006385147297287793
2020-03-03 18:35:00,3408.908382082493,0.0006849650211646425
2020-03-03 18:36:00,3408.5253556367393,0.0006537741483916028
2020-03-03 18:37:00,3410.414029789744,0.0006286195159613104
2020-03-03 18:38:00,3411.9292543235547,0.0006110296218468604
2020-03-03 18:39:00,3409.941825698854,0.0006027952368100235
2020-03-03 18:40:00,3412.6152503347676,0.0006261299707354111
2020-03-03 18:41:00,3412.212515646071,0.0006374191557030109
2020-03-03 18:42:00,3412.811377013288,0.000632594903524902
2020-03-03 18:43:00,3413.600003096458,0.0005889451058764758
2020-03-03 18:44:00,3413.3724757141686,0.0005360175712355213
2020-03-03 18:45:00,3417.8070340177883,0.0005686547995876947
2020-03-03 18:46:00,3419.9827500253173,0.0005730525253337853
2020-03-03 18:47:00,3422.092976224352,0.0005626684339056274
2020-03-03 18:48:00,3421.4445866922883,0.000543790436158067
2020-03-03 18:49:00,3422.660735731555,0.0005680956823932187
2020-03-03 18:50:00,3424.162683962115,0.00056602021328495
2020-03-03 18:51:00,3423.3926104814764,0.0005459435702044443
2020-03-03 18:52:00,3421.291364706459,0.0005340558608362534
2020-03-03 18:53:00,3425.551404941332,0.0005350590631112473
2020-03-03 18:54:00,3423.813343077315,0.0005153839888868798
2020-03-03 18:55:00,3425.456832235389,0.0004945055392271908
2020-03-03 18:56:00,3425.212571541049,0.0004910562144559216
2020-03-03 18:57:00,3423.6248385022814,0.0005097792389581998
2020-03-03 18:58:00,3422.7012332956606,0.00047957324732235374
2020-03-03 18:59:00,3422.4611615130802,0.0004868613714756132
2020-03-03 19:00:00,3420.7177611062084,0.0004780589146438307
2020-03-03 19:01:00,3418.43805107413,0.0004674410848538041
2020-03-03 19:02:00,3417.8551608891044,0.00046926021282933547
2020-03-03 19:03:00,3415.655361658815,0.0004886664446079063
2020-03-03 19:04:00,3413.8582490391914,0.0005160844237449974
2020-03-03 19:05:00,3408.2380737742997,0.0005524061171009063
2020-03-03 19:06:00,3406.0586313061567,0.0005376392125247735
2020-03-03 19:07:00,3406.544737042653,0.0005511327236350638
2020-03-03 19:08:00,3409.003450814242,0.0005572972881946265
2020-03-03 19:09:00,3406.225999978862,0.0005571234266950126
2020-03-03 19:10:00,3405.539001237742,0.0005574270656681968
2020-03-03 19:11:00,3407.480655961404,0.0006043416709984219
2020-03-03 19:12:00,3406.054672586152,0.0005930160732888445
2020-03-03 19:13:00,3406.6279575138074,0.0005609383396486623
2020-03-03 19:14:00,3408.318076998694,0.0005538759776087447
2020-03-03 19:15:00,3407.2320178510895,0.0005572377119654271
2020-03-03 19:16:00,3409.3065418196975,0.0005376634758911052
2020-03-03 19:17:00,3410.7161582649096,0.0005015311203881678
2020-03-03 19:18:00,3411.040204675468,0.0005017399444111743
2020-03-03 19:19:00,3409.9431752061005,0.0005067691792419606
2020-03-03 19:20:00,3411.3216249019692,0.0005216810289933761
2020-03-03 19:21:00,3410.4421272127934,0.0005257531757140849
2020-03-03 19:22:00,3409.050507142465,0.0005293767936653078
2020-03-03 19:23:00,3412.9264568528406,0.0005426662694397209
2020-03-03 19:24:00,3414.647713140434,0.0005306771721014105
2020-03-03 19:25:00,3415.8168834302,0.000534940610464676
2020-03-03 19:26:00,3419.0976531208835,0.0005358263691916515
2020-03-03 19:27:00,3420.714951504282,0.0005365322059243097
2020-03-03 19:28:00,3421.885823056749,0.0005411057897578204
2020-03-03 19:29:00,3424.7069316470033,0.0005713512507053997
2020-03-03 19:30:00,3424.8160814192997,0.0005044171454773685
2020-03-03 19:31:00,3428.543193393985,0.0004890677081068237
2020-03-03 19:32:00,3427.9415797878564,0.0004792885862031196
2020-03-03 19:33:00,3428.1509483876703,0.0004825531641944565
2020-03-03 19:34:00,3424.2159501451174,0.0004723546597275834
2020-03-03 19:35:00,3423.276433786192,0.0004818166808698352
2020-03-03 19:36:00,3424.21429411509,0.00051146315900069
2020-03-03 19:37:00,3423.92340412247,0.0005517300614258951
2020-03-03 19:38:00,3423.25655012908,0.0005752212525237534
2020-03-03 19:39:00,3420.795568637926,0.0006011146574298702
2020-03-03 19:40:00,3424.100623240535,0.0005873717562325905
2020-03-03 19:41:00,3425.75378224731,0.0005758902915066887
2020-03-03 19:42:00,3425.3302307130994,0.0005795519712947966
2020-03-03 19:43:00,3424.376913219562,0.0005597665330386541
2020-03-03 19:44:00,3423.5311497501116,0.0005894215729970595
2020-03-03 19:45:00,3425.065460627123,0.0006235185773254859
2020-03-03 19:46:00,3425.3639719929965,0.0006371216891117163
2020-03-03 19:47:00,3422.2252721018654,0.0006567352969166323
2020-03-03 19:48:00,3419.9788526342104,0.0006395235326239615
2020-03-03 19:49:00,3418.6267055050903,0.0006915276383650634
2020-03-03 19:50:00,3418.4906707267223,0.0007148737833887384
2020-03-03 19:51:00,3415.8257778807447,0.0006864777642958439
2020-03-03 19:52:00,3417.522022321948,0.0006619110284584289
2020-03-03 19:53:00,3417.3699167742197,0.0006214023159044044
2020-03-03 19:54:00,3415.404007888579,0.000616168882289992
2020-03-03 19:55:00,3416.7527018834107,0.000585670599664862
2020-03-03 19:56:00,3417.254778674617,0.0005803293399790993
2020-03-03 19:57:00,3415.9111226213604,0.0005887309625627305
2020-03-03 19:58:00,3417.177683661054,0.0006035871863008349
2020-03-03 19:59:00,3419.284681975191,0.0006069401857367206
2020-03-04 13:30:00,3406.954856863989,0.0006406505217896455
2020-03-04 13:31:00,3408.409350349214,0.0006404020786902684
2020-03-04 13:32:00,3406.0987381375994,0.0006571219027994193
2020-03-04 13:33:00,3405.757379664458,0.0006391876650292279
2020-03-04 13:34:00,3403.327754106107,0.0006609746059901901
2020-03-04 13:35:00,3401.29699830101,0.0006472103744426357
2020-03-04 13:36:00,3397.1960727850583,0.0006457159422244742
2020-03-04 13:37:00,3397.6897315497763,0.0006484227351335727
2020-03-04 13:38:00,3395.394379715683,0.0006562480299349791
2020-03-04 13:39:00,3394.9662954609144,0.0006018457365916885
2020-03-04 13:40:00,3394.449698971199,0.0005856881469191509
2020-03-04 13:41:00,3394.59208204563,0.0005794596722874422
2020-03-04 13:42:00,3394.211996535166,0.0005562463596838275
2020-03-04 13:43:00,3396.067250342193,0.0005397312070046401
2020-03-04 13:44:00,3397.6180311378234,0.0005624820495530162
2020-03-04 13:45:00,3398.5453742138625,0.0005998353680554439
2020-03-04 13:46:00,3399.291115813597,0.000569888600659303
2020-03-04 13:47:00,3400.2132542023155,0.000519193524388137
2020-03-04 13:48:00,3397.5748139726024,0.0005087211268118968
2020-03-04 13:49:00,3399.924392599792,0.00048098973843239805
2020-03-04 13:50:00,3397.5586108022344,0.0004907045151626795
2020-03-04 13:51:00,3398.706688089464,0.0004911560872460745
2020-03-04 13:52:00,3396.7695517483858,0.00048077313457553446
2020-03-04 13:53:00,3394.2554484678785,0.0004437427114917566
2020-03-04 13:54:00,3393.5592505837367,0.0004226278482948285
2020-03-04 13:55:00,3391.0485225930524,0.00039889806595484045
2020-03-04 13:56:00,3391.0424516253074,0.0004239410929320967
2020-03-04 13:57:00,3388.4705340223363,0.00040567884232334684
2020-03-04 13:58:00,3387.610782411504,0.0003884608982016592
2020-03-04 13:59:00,3387.6178937031104,0.0003892466036847398
2020-03-04 14:00:00,3388.722476251045,0.0003796288174387509
2020-03-04 14:01:00,3388.052572481878,0.0003654931616945095
2020-03-04 14:02:00,3386.743789598588,0.000370523523798225
2020-03-04 14:03:00,3387.4638372619806,0.0003760336338690376
2020-03-04 14:04:00,3388.0836753148337,0.0004067757015903729
2020-03-04 14:05:00,3387.3112683781414,0.00036008794623035035
2020-03-04 14:06:00,3386.004608527606,0.00034707478148419333
2020-03-04 14:07:00,3385.331919882065,0.00033348122617436824
2020-03-04 14:08:00,3384.04706307262,0.00032051552238916594
2020-03-04 14:09:00,3381.978047593152,0.0003287466228783165
2020-03-04 14:10:00,3383.0590380909653,0.00030448732267760636
2020-03-04 14:11:00,3382.62335040533,0.0003196399504861242
2020-03-04 14:12:00,3382.4394132551156,0.00032665463498514287
2020-03-04 14:13:00,3382.4345524430237,0.0003341244348414178
2020-03-04 14:14:00,3384.0706903514624,0.0003043100788420042
2020-03-04 14:15:00,3382.9869831360384,0.00031046346087721196
2020-03-04 14:16:00,3383.504905562833,0.00030852177810594396
2020-03-04 14:17:00,3384.55490170057,0.00030523799847010296
2020-03-04 14:18:00,3385.0275333070263,0.0003172894365032014
2020-03-04 14:19:00,3385.585298765175,0.00032531338958110125
2020-03-04 14:20:00,3383.6815756029596,0.0003201140064369354
2020-03-04 14:21:00,3383.6532758552544,0.0003290941711049147
2020-03-04 14:22:00,3382.173806765914,0.0003146270405408265
2020-03-04 14:23:00,3382.403524424728,0.000332788216158354
2020-03-04 14:24:00,3380.5946141338354,0.00030868766863321665
2020-03-04 14:25:00,3380.1685922415018,0.00032862370525325976
2020-03-04 14:26:00,3382.8589482670795,0.00031954860519902464
2020-03-04 14:27:00,3384.042013231833,0.00032614783368630694
2020-03-04 14:28:00,3381.362482905057,0.0003454940590928012
2020-03-04 14:29:00,3380.234124344944,0.0003603415778542105
2020-03-04 14:30:00,3378.8954738383413,0.00034636410503910344
2020-03-04 14:31:00,3379.152980507628,0.00035423584014659986
2020-03-04 14:32:00,3377.2763936634838,0.00035820109261427405
2020-03-04 14:33:00,3378.340504280203,0.00035209102585572654
2020-03-04 14:34:00,3377.458919179055,0.00038723227020614207
2020-03-04 14:35:00,3378.35445027326,0.0003679902808974201
2020-03-04 14:36:00,3378.9685560984544,0.0003662441583889928
2020-03-04 14:37:00,3379.9474270799406,0.0003633014011197723
2020-03-04 14:38:00,3380.218832611022,0.0003465372374175898
2020-03-04 14:39:00,3379.76925613507,0.000370420350583944
2020-03-04 14:40:00,3380.33455299001,0.00037387191236540833
2020-03-04 14:41:00,3382.401377813847,0.00038920870794802685
2020-03-04 14:42:00,3381.7368787651744,0.0003895356755634693
2020-03-04 14:43:00,3382.641727672564,0.00037327138517971484
2020-03-04 14:44:00,3382.984051710104,0.00038856477761593095
2020-03-04 14:45:00,3383.797838990394,0.0004188185749587069
2020-03-04 14:46:00,3384.2945160859263,0.0003969498560432002
2020-03-04 14:47:00,3384.864214542546,0.0003998054017715002
2020-03-04 14:48:00,3385.5386919754733,0.0003898339374737969
2020-03-04 14:49:00,3384.968005108478,0.0003567569324370875
2020-03-04 14:50:00,3384.9296511962652,0.0003671575455475584
2020-03-04 14:51:00,3383.0000827843073,0.0003987029664483164
2020-03-04 14:52:00,3380.9107811299605,0.0004105924052248494
2020-03-04 14:53:00,3379.008407404183,0.00043180504051227263
2020-03-04 14:54:00,3380.2001840703347,0.000443089952366946
2020-03-04 14:55:00,3381.348895662293,0.00041571426344850327
2020-03-04 14:56:00,3383.6885322674375,0.0004390196200407549
2020-03-04 14:57:00,3381.603998620144,0.00044622114645985017
2020-03-04 14:58:00,3384.409893811688,0.0004668112046575772
2020-03-04 14:59:00,3384.4169991007266,0.00048013544287040075
2020-03-04 15:00:00,3384.6380957912647,0.0004268567276295497
2020-03-04 15:01:00,3385.0113442614966,0.0004405762909692029
2020-03-04 15:02:00,3384.5787914082907,0.0004378987893305582
2020-03-04 15:03:00,3384.7762072987734,0.0004661801842581988
2020-03-04 15:04:00,3386.2967477283996,0.0004575972790982046
2020-03-04 15:05:00,3386.636360858722,0.00046620909036135483
2020-03-04 15:06:00,3385.038716718089,0.0004701156509380151
2020-03-04 15:07:00,3387.296953222207,0.00047482960591269346
2020-03-04 15:08:00,3385.5677189053877,0.00046515920164425363
2020-03-04 15:09:00,3388.418587064853,0.0004595600045792854
2020-03-04 15:10:00,3387.58909905484,0.0004762977320199594
2020-03-04 15:11:00,3389.6446284785543,0.00045527659832491425
2020-03-04 15:12:00,3390.7170224504007,0.00046581934061779197
2020-03-04 15:13:00,3389.292324348354,0.00045461243162011206
2020-03-04 15:14:00,3390.3120373598763,0.0004802687666436138
2020-03-04 15:15:00,3390.7943312093876,0.00048231112180169343
2020-03-04 15:16:00,3388.079743694872,0.0005089523853259282
2020-03-04 15:17:00,3385.9874397032886,0.0004983248391104171
2020-03-04 15:18:00,3385.225676359018,0.0005129799705749483
2020-03-04 15:19:00,3385.73593510943,0.0005517285155290069
2020-03-04 15:20:00,3381.460603596813,0.0006048861357145897
2020-03-04 15:21:00,3384.4168953241115,0.0006026642786267374
2020-03-04 15:22:00,3385.1223641390816,0.0005936963258594568
2020-03-04 15:23:00,3387.2842263036364,0.0005800825973032427
2020-03-04 15:24:00,3388.8255123483605,0.00059177249840565
2020-03-04 15:25:00,3392.0693036307207,0.0005713831472726628
2020-03-04 15:26:00,3391.5947273545116,0.0005763834747086023
2020-03-04 15:27:00,3393.484785468054,0.0006075864932689421
2020-03-04 15:28:00,3394.2531077706526,0.0005140341109175302
2020-03-04 15:29:00,3392.0188649848774,0.0005453980008187304
2020-03-04 15:30:00,3393.424435848539,0.0005904024525236045
2020-03-04 15:31:00,3389.6053383313824,0.0005852955826097262
2020-03-04 15:32:00,3388.8249574744896,0.0005784193191465594
2020-03-04 15:33:00,3392.560156893923,0.0006289679467931797
2020-03-04 15:34:00,3392.616149424874,0.0006565646668020363
2020-03-04 15:35:00,3392.853412089384,0.0006183979558254653
2020-03-04 15:36:00,3393.0507635508634,0.0006500156072743918
2020-03-04 15:37:00,3393.2206680669246,0.0006782676039026793
2020-03-04 15:38:00,3393.3795963521693,0.0006473575048033544
2020-03-04 15:39:00,3394.3777640077265,0.0006570386659031744
2020-03-04 15:40:00,3391.2422316959987,0.0006871346964009753
2020-03-04 15:41:00,3388.9353735574155,0.0007391604063379744
2020-03-04 15:42:00,3388.669800019445,0.0007459626133593634
2020-03-04 15:43:00,3387.6147052819724,0.0007550304412711793
2020-03-04 15:44:00,3388.2932610863545,0.0007915314090190173
2020-03-04 15:45:00,3383.8785426687364,0.0008650832808948124
2020-03-04 15:46:00,3383.578706978166,0.0009046223205022171
2020-03-04 15:47:00,3381.8915631193713,0.0008739807626594617
2020-03-04 15:48:00,3378.672524503837,0.0008951843818446967
2020-03-04 15:49:00,3379.365310284252,0.0009526517971492504
2020-03-04 15:50:00,3380.86450273942,0.0009442274083810205
2020-03-04 15:51:00,3375.600459078788,0.0009768659913159236
2020-03-04 15:52:00,3370.875988304179,0.0010292070954565013
2020-03-04 15:53:00,3371.1149194091663,0.0009321773934699218
2020-03-04 15:54:00,3370.016762974182,0.0009278022935390596
2020-03-04 15:55:00,3371.091748778043,0.0009487551609067719
2020-03-04 15:56:00,3366.7737374359663,0.000969044220787072
2020-03-04 15:57:00,3367.9160396551333,0.0009335203682160543
2020-03-04 15:58:00,3369.643392267363,0.0008953546413179229
2020-03-04 15:59:00,3373.277589756707,0.0008112759735864823
2020-03-04 16:00:00,3374.092296774124,0.0008607559915957833
2020-03-04 16:01:00,3375.8882459717365,0.000896065574420591
2020-03-04 16:02:00,3374.242559018532,0.0009446599091933582
2020-03-04 16:03:00,3378.4530424423615,0.0009488900547731045
2020-03-04 16:04:00,3380.1801373724415,0.0009823984773436316
2020-03-04 16:05:00,3371.8791121928325,0.0010158654150603055
2020-03-04 16:06:00,3371.2599438258444,0.0010128158066101997
2020-03-04 16:07:00,3372.0858164240267,0.0009466899623105169
2020-03-04 16:08:00,3372.6914300796398,0.0009379634776497836
2020-03-04 16:09:00,3375.5547388598725,0.0009446092511899061
2020-03-04 16:10:00,3374.8558538097213,0.0009763067064558213
2020-03-04 16:11:00,3371.828366473452,0.0009611142285878054
2020-03-04 16:12:00,3372.746867301767,0.0009529506749135974
2020-03-04 16:13:00,3372.4619270793128,0.0009395555900491322
2020-03-04 16:14:00,3373.172853937905,0.0009405220092155938
2020-03-04 16:15:00,3374.363101690983,0.0009134069719953766
2020-03-04 16:16:00,3376.339886661698,0.00098439534984924
2020-03-04 16:17:00,3377.2080804136162,0.0010080631883357914
2020-03-04 16:18:00,3372.693346774011,0.0010300770006355933
2020-03-04 16:19:00,3379.5054177730035,0.0010163648834145287
2020-03-04 16:20:00,3375.3431257069406,0.0009783487336926999
2020-03-04 16:21:00,3375.669044181596,0.0009856811029944886
2020-03-04 16:22:00,3371.5417397199217,0.0009890571584012008
2020-03-04 16:23:00,3375.363478466417,0.0009665833901366957
2020-03-04 16:24:00,3375.7503099394185,0.0010424256893372585
2020-03-04 16:25:00,3375.596031499121,0.0009687927845734726
2020-03-04 16:26:00,3375.2092721745285,0.0010260935591905095
2020-03-04 16:27:00,3374.8817009089157,0.0010048855879202202
2020-03-04 16:28:00,3372.4467490281254,0.001012507104950154
2020-03-04 16:29:00,3365.7533033608684,0.001011473124118774
2020-03-04 16:30:00,3371.057797377874,0.0009942137823214707
2020-03-04 16:31:00,3371.8064749314763,0.0009795034819215147
2020-03-04 16:32:00,3374.762594739645,0.0009118313179977884
2020-03-04 16:33:00,3372.2781524156317,0.0009033745657779772
2020-03-04 16:34:00,3370.3955364934072,0.0009301412509924024
2020-03-04 16:35:00,3371.686050983176,0.0008941829670918254
2020-03-04 16:36:00,3372.7693272514416,0.0009218700164665207
2020-03-04 16:37:00,3375.6181866863058,0.0009476392452199232
2020-03-04 16:38:00,3382.305797996708,0.0009818666505277231
2020-03-04 16:39:00,3382.9707087883216,0.0009806531346428385
2020-03-04 16:40:00,3381.6798017231745,0.0009412290221389684
2020-03-04 16:41:00,3388.6392460406155,0.0009615443812011701
2020-03-04 16:42:00,3378.487799493428,0.0009300698639579703
2020-03-04 16:43:00,3376.8973680456165,0.0010043862412543682
2020-03-04 16:44:00,3374.218930275142,0.0010533847835509733
2020-03-04 16:45:00,3370.1561883997706,0.0011155928535221862
2020-03-04 16:46:00,3368.625248367416,0.001094770184121111
2020-03-04 16:47:00,3358.7386398615513,0.0012066870027602895
2020-03-04 16:48:00,3362.972139957757,0.0011517997040617735
2020-03-04 16:49:00,3362.1918462002245,0.0011600018529288084
2020-03-04 16:50:00,3356.150089217345,0.0011860141064089517
2020-03-04 16:51:00,3357.5039910729756,0.0011645489447964178
2020-03-04 16:52:00,3359.13422296408,0.0012519544915541082
2020-03-04 16:53:00,3360.15816333091,0.0012541796838164943
2020-03-04 16:54:00,3365.4868129618594,0.001227462342389226
2020-03-04 16:55:00,3358.9107655045377,0.0012063492773343742
2020-03-04 16:56:00,3353.261955342313,0.0013484630130442107
2020-03-04 16:57:00,3358.246081048243,0.0013704547823539157
2020-03-04 16:58:00,3348.468392191036,0.0013615558849196536
2020-03-04 16:59:00,3347.9447151411387,0.001515023995165585
2020-03-04 17:00:00,3332.665173568693,0.0015259440862218673
2020-03-04 17:01:00,3339.4172368811855,0.0014758855376479328
2020-03-04 17:02:00,3341.2768599088636,0.001492293906376535
2020-03-04 17:03:00,3344.6748752434637,0.001616329651190551
2020-03-04 17:04:00,3344.062192305516,0.001551838461868068
2020-03-04 17:05:00,3340.344515349349,0.0016686837978314524
2020-03-04 17:06:00,3341.4598450148223,0.0015363492442303807
2020-03-04 17:07:00,3339.8110768984457,0.0015489179321697827
2020-03-04 17:08:00,3339.3469921267097,0.00153084846854641
2020-03-04 17:09:00,3338.4601046796197,0.001596685441949717
2020-03-04 17:10:00,3326.6013643078572,0.0016196130974962164
2020-03-04 17:11:00,3332.4586260669876,0.0016119748402740424
2020-03-04 17:12:00,3336.8899834360855,0.001483050011497027
2020-03-04 17:13:00,3345.906288589778,0.0014505160897108115
2020-03-04 17:14:00,3345.3621947131455,0.0013614980797618794
2020-03-04 17:15:00,3340.0161657067742,0.0013250047266942053
2020-03-04 17:16:00,3345.193456675414,0.00135174536935805
2020-03-04 17:17:00,3354.740703006158,0.001270599496697831
2020-03-04 17:18:00,3352.905807886018,0.0013181006274115008
2020-03-04 17:19:00,3354.8246310942877,0.0012944181063824077
2020-03-04 17:20:00,3359.060078573938,0.0012827076073184845
2020-03-04 17:21:00,3359.939539819659,0.0012631211661675403
2020-03-04 17:22:00,3362.9317382854333,0.0012310979802847679
2020-03-04 17:23:00,3358.2047609430183,0.001203479978565942
2020-03-04 17:24:00,3361.4923067568143,0.0012197381271902383
2020-03-04 17:25:00,3364.742156550175,0.0013286729938989646
2020-03-04 17:26:00,3370.036775690979,0.0013322908079639027
2020-03-04 17:27:00,3369.1164652747325,0.001297118895478773
2020-03-04 17:28:00,3368.0342588972962,0.001223998771329292
2020-03-04 17:29:00,3372.666812983867,0.0011987000078159742
2020-03-04 17:30:00,3370.2035521754747,0.0013324344149995167
2020-03-04 17:31:00,3380.041070268669,0.001363127764135237
2020-03-04 17:32:00,3374.036782827638,0.0013376208835682484
2020-03-04 17:33:00,3371.653552925307,0.0012652412405770952
2020-03-04 17:34:00,3377.83913137416,0.0013104654150148116
2020-03-04 17:35:00,3374.763209142879,0.0012652336243339768
2020-03-04 17:36:00,3374.94337055756,0.0013226197711998576
2020-03-04 17:37:00,3378.2673500235906,0.0012884006825044218
2020-03-04 17:38:00,3381.617831424968,0.001253728212723562
2020-03-04 17:39:00,3382.95384841526,0.00127475822529547
2020-03-04 17:40:00,3383.4663008040143,0.0013146131250039706
2020-03-04 17:41:00,3386.086517420989,0.0012443338400053173
2020-03-04 17:42:00,3388.4135675795355,0.0012365873940629714
2020-03-04 17:43:00,3393.6109127661803,0.0012258922425084204
2020-03-04 17:44:00,3388.4605369042392,0.0012003359526190274
2020-03-04 17:45:00,3384.425894561994,0.0012126560102555647
2020-03-04 17:46:00,3384.08850847009,0.0012091494175461323
2020-03-04 17:47:00,3386.339092643802,0.001132881394571296
2020-03-04 17:48:00,3388.8184145641803,0.0011164398392833723
2020-03-04 17:49:00,3394.3163858775556,0.0011599554494418202
2020-03-04 17:50:00,3389.8483972106624,0.001254811335476506
2020-03-04 17:51:00,3391.830147187637,0.0012588419006805448
2020-03-04 17:52:00,3395.877118914213,0.0012997905398047518
2020-03-04 17:53:00,3392.575366807769,0.0013500655819237374
2020-03-04 17:54:00,3393.168130197523,0.0013568543995238814
2020-03-04 17:55:00,3390.3003130767083,0.001446482205238881
2020-03-04 17:56:00,3393.9969204674703,0.001445230961790602
2020-03-04 17:57:00,3388.0807241790844,0.0015081533538563435
2020-03-04 17:58:00,3390.0658057790793,0.0014615783623196253
2020-03-04 17:59:00,3395.0359746730646,0.001469575809677834
2020-03-04 18:00:00,3398.0530319259633,0.0014744294105002082
2020-03-04 18:01:00,3397.755513586891,0.0014894319864100477
2020-03-04 18:02:00,3403.6060561361205,0.0014163969468753764
2020-03-04 18:03:00,3414.1827100902656,0.001571374386069256
2020-03-04 18:04:00,3422.04748473857,0.001523795983753066
2020-03-04 18:05:00,3421.199287406551,0.0014957743000277304
2020-03-04 18:06:00,3429.061065672516,0.0014293287321750024
2020-03-04 18:07:00,3438.5345365545704,0.0013324650834373904
2020-03-04 18:08:00,3442.285144185542,0.0013608507010882513
2020-03-04 18:09:00,3440.0838762443304,0.0014273163021261469
2020-03-04 18:10:00,3438.0579679612847,0.0014691342493984977
2020-03-04 18:11:00,3443.1995116021526,0.0014639493683081056
2020-03-04 18:12:00,3442.449877758632,0.0015830180300179734
2020-03-04 18:13:00,3439.6945240240057,0.0016283201447678981
2020-03-04 18:14:00,3442.3939052825085,0.0016227037880550232
2020-03-04 18:15:00,3443.611577821293,0.0015870889289546469
2020-03-04 18:16:00,3441.9319872884803,0.0016808615298436102
2020-03-04 18:17:00,3441.0762780901027,0.0016471799218935265
2020-03-04 18:18:00,3439.9914376971046,0.0017319961545233923
2020-03-04 18:19:00,3445.705432102735,0.0018414953162657875
2020-03-04 18:20:00,3442.041248601587,0.0017546288135381646
2020-03-04 18:21:00,3434.8623346874656,0.0018659435377256833
2020-03-04 18:22:00,3440.941241408798,0.0020618219504111458
2020-03-04 18:23:00,3432.530933637452,0.0021899085871871725
2020-03-04 18:24:00,3432.7883848183683,0.0021718030272302674
2020-03-04 18:25:00,3435.1368838553253,0.0021320785150549092
2020-03-04 18:26:00,3449.0193834764964,0.002290550958327418
2020-03-04 18:27:00,3438.523091594575,0.0023388469381467815
2020-03-04 18:28:00,3426.8159185244517,0.0022390647120842013
2020-03-04 18:29:00,3420.7326064401886,0.002231368949286763
2020-03-04 18:30:00,3418.2100709778074,0.0024201646379393435
2020-03-04 18:31:00,3429.376281268004,0.00250500689734799
2020-03-04 18:32:00,3434.3936722254534,0.0025210126541953676
2020-03-04 18:33:00,3447.3022763909635,0.0024217258376048488
2020-03-04 18:34:00,3449.0944223780984,0.002406998009222907
2020-03-04 18:35:00,3452.7270547524367,0.0024118849794821967
2020-03-04 18:36:00,3444.326882534819,0.0024690846525836133
2020-03-04 18:37:00,3443.503286822832,0.002475234392051569
2020-03-04 18:38:00,3441.6609469566956,0.0023043178183143483
2020-03-04 18:39:00,3456.2695771127537,0.002302369852516761
2020-03-04 18:40:00,3455.227304593234,0.002318977538066892
2020-03-04 18:41:00,3466.060835627734,0.0022309069609448254
2020-03-04 18:42:00,3466.6613448737303,0.0022832425243248192
2020-03-04 18:43:00,3469.1056098928298,0.00227920792276246
2020-03-04 18:44:00,3462.8364021396533,0.0021877040554148606
2020-03-04 18:45:00,3477.2806052637525,0.002254865087592667
2020-03-04 18:46:00,3490.984113881254,0.002099607124657818
2020-03-04 18:47:00,3500.7993304691645,0.0020720569384412757
2020-03-04 18:48:00,3502.3767771174957,0.0019342738440210677
2020-03-04 18:49:00,3501.261418893241,0.0018673169757062716
2020-03-04 18:50:00,3495.1280021013886,0.0019825075813984364
2020-03-04 18:51:00,3496.758982760968,0.002037671353164382
2020-03-04 18:52:00,3498.8031242696106,0.002062912670947327
2020-03-04 18:53:00,3493.1738679328832,0.0020653619858448887
2020-03-04 18:54:00,3488.470102052302,0.0021736006203249172
2020-03-04 18:55:00,3503.3192220812875,0.0021545231520555116
2020-03-04 18:56:00,3518.089874737122,0.002130628734161151
2020-03-04 18:57:00,3523.1766087236215,0.0021670428319949943
2020-03-04 18:58:00,3522.597953312036,0.002138766616664461
2020-03-04 18:59:00,3519.514131270177,0.0020691442191919855
2020-03-04 19:00:00,3525.0337576371257,0.0019410207746691345
2020-03-04 19:01:00,3527.1206574744892,0.001981426591981819
2020-03-04 19:02:00,3532.024392284738,0.0020799820801698896
2020-03-04 19:03:00,3541.43659137022,0.002086516276978771
2020-03-04 19:04:00,3538.671160182605,0.0019241139931646728
2020-03-04 19:05:00,3536.773596214385,0.001965368872514583
2020-03-04 19:06:00,3530.516208525113,0.0019081590022228159
2020-03-04 19:07:00,3530.036528419871,0.0017726355622710024
2020-03-04 19:08:00,3534.274142673494,0.001753080804003796
2020-03-04 19:09:00,3543.528894962559,0.0016968292311937603
2020-03-04 19:10:00,3545.214729764719,0.0016861327140165487
2020-03-04 19:11:00,3545.821573011809,0.0016906713671978463
2020-03-04 19:12:00,3550.8648140124656,0.0018506241143680516
2020-03-04 19:13:00,3558.520486137316,0.0017175106056588113
2020-03-04 19:14:00,3555.192615564211,0.0017429813703252295
2020-03-04 19:15:00,3559.727607641131,0.001820793876978456
2020-03-04 19:16:00,3557.280590861271,0.0017870693534939607
2020-03-04 19:17:00,3559.9556638967906,0.0018667297123368082
2020-03-04 19:18:00,3554.590712324844,0.0018930936618488255
2020-03-04 19:19:00,3562.252176115027,0.0018165893591728331
2020-03-04 19:20:00,3561.498691624589,0.001856692909787184
2020-03-04 19:21:00,3565.9977219790003,0.0017841247040976665
2020-03-04 19:22:00,3567.164506928085,0.0018300985558035176
2020-03-04 19:23:00,3571.9178449706305,0.0016461883771395252
2020-03-04 19:24:00,3579.614292448336,0.0015940278146737337
2020-03-04 19:25:00,3576.7272666029826,0.0015016869654841966
2020-03-04 19:26:00,3583.695402680242,0.0015170228162255624
2020-03-04 19:27:00,3579.7107617168417,0.0014868784020461367
2020-03-04 19:28:00,3580.9156817934813,0.001386213331768293
2020-03-04 19:29:00,3585.7988634251883,0.0012966366532118525
2020-03-04 19:30:00,3583.6881252053554,0.0013436468734122314
2020-03-04 19:31:00,3585.591566050847,0.0013728796165947469
2020-03-04 19:32:00,3580.119736679976,0.0013835192399134055
2020-03-04 19:33:00,3584.1494290187434,0.0013713699670630532
2020-03-04 19:34:00,3578.9928473674395,0.0013487714483070184
2020-03-04 19:35:00,3576.537951284211,0.0013486762438203752
2020-03-04 19:36:00,3580.0006676313487,0.001457536636454932
2020-03-04 19:37:00,3582.7784918554885,0.0014350475923858726
2020-03-04 19:38:00,3590.6225064695727,0.0015202003931502996
2020-03-04 19:39:00,3577.7795916901828,0.0014978710106977444
2020-03-04 19:40:00,3576.8706319476664,0.0014450999221388436
2020-03-04 19:41:00,3579.3366108216774,0.0015064031280625733
2020-03-04 19:42:00,3591.244637635535,0.0014410192703427616
2020-03-04 19:43:00,3594.9529407487757,0.0014035449807296137
2020-03-04 19:44:00,3597.5244042670784,0.0014457501358978954
2020-03-04 19:45:00,3597.6079410692196,0.0013305540501244051
2020-03-04 19:46:00,3607.5915472833494,0.0012428254422981616
2020-03-04 19:47:00,3601.801602552423,0.001293585109486676
2020-03-04 19:48:00,3605.3537383867674,0.001269123102258293
2020-03-04 19:49:00,3604.390570262632,0.001284627895323107
2020-03-04 19:50:00,3604.0506193895126,0.0012089915640679755
2020-03-04 19:51:00,3606.1903163363236,0.0011096285991570717
2020-03-04 19:52:00,3612.278451794551,0.0010971757971961881
2020-03-04 19:53:00,3607.402698901101,0.0010258133044604302
2020-03-04 19:54:00,3610.3603763883298,0.0009667630756844269
2020-03-04 19:55:00,3608.5755813291107,0.0009257017605103726
2020-03-04 19:56:00,3605.189847869328,0.0008676431334886328
2020-03-04 19:57:00,3605.339672961389,0.0008577260810938473
2020-03-04 19:58:00,3606.7184108805177,0.000835187375404617
2020-03-04 19:59:00,3608.5243588230874,0.0008210201457984863
2020-03-05 13:30:00,3602.406094718108,0.0009478438683613151
2020-03-05 13:31:00,3604.2204534861116,0.0008807413825662579
2020-03-05 13:32:00,3600.1446255096967,0.000807766275563623
2020-03-05 13:33:00,3605.130877802207,0.0008108508860433255
2020-03-05 13:34:00,3607.4186812842645,0.0007906365041532585
2020-03-05 13:35:00,3607.1201035735835,0.0008290088508346032
2020-03-05 13:36:00,3604.867964153037,0.0008643111646377479
2020-03-05 13:37:00,3603.2651979646794,0.0008558005082849785
2020-03-05 13:38:00,3601.9870776078287,0.0008479067879745869
2020-03-05 13:39:00,3601.739385693552,0.0008051313295380062
2020-03-05 13:40:00,3598.4887994780365,0.0007971670359933889
2020-03-05 13:41:00,3596.520496842389,0.0008360050001623918
2020-03-05 13:42:00,3591.496606970547,0.0008252723249912539
2020-03-05 13:43:00,3594.9003262713813,0.0008446899105049943
2020-03-05 13:44:00,3596.744732106758,0.0008848993476759155
2020-03-05 13:45:00,3602.798749156056,0.0008840727378590848
2020-03-05 13:46:00,3606.8593307289098,0.000873680576993538
2020-03-05 13:47:00,3607.242605527729,0.0009984475616135865
2020-03-05 13:48:00,3609.0682063178165,0.0010467594990816946
2020-03-05 13:49:00,3611.926158020106,0.0010449675128054244
2020-03-05 13:50:00,3612.262939997193,0.0010953040694148093
2020-03-05 13:51:00,3612.752516538507,0.0010579502949357015
2020-03-05 13:52:00,3610.2398778224065,0.0010829375126726916
2020-03-05 13:53:00,3607.2281664409666,0.0009986840563913919
2020-03-05 13:54:00,3604.8266016231464,0.000945765184071929
2020-03-05 13:55:00,3605.6626287386416,0.0009265320628973672
2020-03-05 13:56:00,3605.630195592494,0.0008745363899611641
2020-03-05 13:57:00,3605.5887276973735,0.0008395200249747582
2020-03-05 13:58:00,3603.8181380401597,0.0008481910336828601
2020-03-05 13:59:00,3603.5283238304496,0.0008735638416242142
2020-03-05 14:00:00,3604.2010643127205,0.0008944057547148109
2020-03-05 14:01:00,3601.1969578296807,0.0009254547103841325
2020-03-05 14:02:00,3600.3745023636916,0.000888613441028931
2020-03-05 14:03:00,3596.15538259551,0.0008702719996007596
2020-03-05 14:04:00,3586.2422019234523,0.0008930441985710896
2020-03-05 14:05:00,3589.4040085091888,0.0009034114553052034
2020-03-05 14:06:00,3586.2880479962555,0.0009709331059902535
2020-03-05 14:07:00,3588.230687379526,0.0009705406330843088
2020-03-05 14:08:00,3591.259949360276,0.0008767438260361244
2020-03-05 14:09:00,3590.388048653408,0.0008181015952345054
2020-03-05 14:10:00,3589.8867390646737,0.0008012730716341484
2020-03-05 14:11:00,3585.388492884827,0.0008099313587058298
2020-03-05 14:12:00,3588.9715881538987,0.0007801106582637734
2020-03-05 14:13:00,3588.388780316322,0.0007287332371830427
2020-03-05 14:14:00,3588.4193415924783,0.0006960152677605944
2020-03-05 14:15:00,3591.3786445200776,0.0007170731115945573
2020-03-05 14:16:00,3592.920923824892,0.0007100601325165137
2020-03-05 14:17:00,3594.995362576893,0.0006882416056678221
2020-03-05 14:18:00,3592.830454290096,0.0006701499738961732
2020-03-05 14:19:00,3594.8166606561776,0.0007358506310349735
2020-03-05 14:20:00,3593.54689163639,0.0007817870396645492
2020-03-05 14:21:00,3591.5934775122887,0.0007977423637926793
2020-03-05 14:22:00,3589.4008458231087,0.0007670329219938157
2020-03-05 14:23:00,3591.509337022904,0.0007649158234658652
2020-03-05 14:24:00,3588.543466272549,0.0007437899156279753
2020-03-05 14:25:00,3587.331346213112,0.0007359106807587596
2020-03-05 14:26:00,3589.292912207955,0.0007649404651346888
2020-03-05 14:27:00,3586.915828187455,0.0007808086097248964
2020-03-05 14:28:00,3592.2340704730377,0.0008125559433502447
2020-03-05 14:29:00,3589.450062865474,0.0008136214735163296
2020-03-05 14:30:00,3587.8646383018477,0.0007699805236585692
2020-03-05 14:31:00,3584.1665750182005,0.0007650039045921372
2020-03-05 14:32:00,3589.7188786482116,0.000793014180435136
2020-03-05 14:33:00,3596.908670062136,0.000805011260928532
2020-03-05 14:34:00,3597.0218091644665,0.0008173347521540048
2020-03-05 14:35:00,3597.94518284718,0.0008336886342692364
2020-03-05 14:36:00,3598.5494843931992,0.0008292008933019816
2020-03-05 14:37:00,3600.306989193257,0.0007876726106102065
2020-03-05 14:38:00,3598.1588805309952,0.0007611082452127961
2020-03-05 14:39:00,3598.364669621897,0.0007536995804459964
2020-03-05 14:40:00,3597.6673819797425,0.0007601210653804424
2020-03-05 14:41:00,3599.616807992132,0.0007215393687619689
2020-03-05 14:42:00,3601.279838295933,0.0007266276959304892
2020-03-05 14:43:00,3598.2614244694464,0.0007445087517159256
2020-03-05 14:44:00,3601.4366758054807,0.0007168175177425253
2020-03-05 14:45:00,3603.4699113854176,0.0007597382579776138
2020-03-05 14:46:00,3602.6806566319347,0.0008032776765581313
2020-03-05 14:47:00,3605.5880033891353,0.0007614143681060258
2020-03-05 14:48:00,3603.78553259922,0.0008104935672344225
2020-03-05 14:49:00,3603.885447607375,0.0008234705376212918
2020-03-05 14:50:00,3598.4313988943195,0.0008156894494391174
2020-03-05 14:51:00,3601.432448455604,0.0008420189636516491
2020-03-05 14:52:00,3607.6099319779164,0.0008295564749739245
2020-03-05 14:53:00,3607.2606003146875,0.000830446916106819
2020-03-05 14:54:00,3611.300632242763,0.0008500623083385781
2020-03-05 14:55:00,3614.618722061885,0.0008364549205126824
2020-03-05 14:56:00,3615.9530205399433,0.0008040737685956077
2020-03-05 14:57:00,3620.724799962421,0.0007709834771963754
2020-03-05 14:58:00,3616.728371911326,0.0008307206328077353
2020-03-05 14:59:00,3616.1157413661067,0.0008549037049006345
2020-03-05 15:00:00,3616.9581955724,0.0008411756505526151
2020-03-05 15:01:00,3619.273813647089,0.000769831312058172
2020-03-05 15:02:00,3618.5289103858995,0.0007660270151538397
2020-03-05 15:03:00,3617.412949849979,0.0006988029995905351
2020-03-05 15:04:00,3620.1121775542383,0.0006885140088513042
2020-03-05 15:05:00,3620.693556713855,0.0006439662136132087
2020-03-05 15:06:00,3621.857027690062,0.0006971411862818519
2020-03-05 15:07:00,3621.7845728732354,0.0006745330621118887
2020-03-05 15:08:00,3619.5152885258008,0.000739338404864715
2020-03-05 15:09:00,3620.685288505365,0.0007066672732620659
2020-03-05 15:10:00,3624.072948379969,0.0007006289285160761
2020-03-05 15:11:00,3623.0723199248123,0.0006741965464800893
2020-03-05 15:12:00,3624.7956760721486,0.0006700363453008715
2020-03-05 15:13:00,3623.647772549275,0.0007018688560249285
2020-03-05 15:14:00,3621.3884995636827,0.0006888609078567507
2020-03-05 15:15:00,3618.558878495064,0.0007490597564390288
2020-03-05 15:16:00,3616.339669787192,0.0006944485539630487
2020-03-05 15:17:00,3617.382116820184,0.0006711860614300923
2020-03-05 15:18:00,3616.4890345581184,0.0006413069551556025
2020-03-05 15:19:00,3614.450705547413,0.0006185876374311134
2020-03-05 15:20:00,3612.252137053658,0.0005506522520083274
2020-03-05 15:21:00,3613.5002797116317,0.0005393516027821628
2020-03-05 15:22:00,3613.155226393075,0.00048059461234102054
2020-03-05 15:23:00,3612.037121157103,0.0004900153261722057
2020-03-05 15:24:00,3614.4340633880406,0.00044480461167415553
2020-03-05 15:25:00,3615.3687268394674,0.00045836710979440756
2020-03-05 15:26:00,3614.484311740684,0.0004338511903634286
2020-03-05 15:27:00,3614.761703316898,0.00041590491828153
2020-03-05 15:28:00,3614.704574659625,0.0004258079309856792
2020-03-05 15:29:00,3614.1555770134532,0.0004402192487107899
2020-03-05 15:30:00,3615.454195349779,0.0004459508561960097
2020-03-05 15:31:00,3615.7363932687417,0.00046960272972006417
2020-03-05 15:32:00,3612.655947232348,0.00044773808980213024
2020-03-05 15:33:00,3611.935861301923,0.0004372185713799337
2020-03-05 15:34:00,3611.8764390286537,0.00045430892932730386
2020-03-05 15:35:00,3612.2668410016954,0.0004688530090898179
2020-03-05 15:36:00,3611.889919427913,0.00045620541398451637
2020-03-05 15:37:00,3612.0103292882923,0.0004879637065877287
2020-03-05 15:38:00,3611.682625574505,0.00047547434023522767
2020-03-05 15:39:00,3612.7074032500336,0.0004860362238488137
2020-03-05 15:40:00,3609.892967543319,0.0004912067517440668
2020-03-05 15:41:00,3609.83616283103,0.0005027357364411476
2020-03-05 15:42:00,3610.5921678787017,0.0005094307543293737
2020-03-05 15:43:00,3609.5717122358087,0.0004929212376747633
2020-03-05 15:44:00,3608.532458224852,0.0004893687771849282
2020-03-05 15:45:00,3609.08511936193,0.000536083383434564
2020-03-05 15:46:00,3614.8477262215006,0.0005549270447923935
2020-03-05 15:47:00,3613.7306269205874,0.0005343273543522137
2020-03-05 15:48:00,3611.968732849552,0.0005384397483526209
2020-03-05 15:49:00,3609.8544469949943,0.0005391899084616752
2020-03-05 15:50:00,3608.3522229270225,0.0005469072031471659
2020-03-05 15:51:00,3610.835853332147,0.0005494659768265573
2020-03-05 15:52:00,3613.901645190085,0.0005354720505556482
2020-03-05 15:53:00,3611.0235547114003,0.0005252872899687438
2020-03-05 15:54:00,3614.2701781110795,0.0005700884097137877
2020-03-05 15:55:00,3612.4260178174623,0.0005588784547458417
2020-03-05 15:56:00,3611.6735365280883,0.0005110246220855612
2020-03-05 15:57:00,3611.1967201841603,0.0005030971497239371
2020-03-05 15:58:00,3609.033821167813,0.0005358190356245562
2020-03-05 15:59:00,3610.74976056764,0.0005173195635556976
2020-03-05 16:00:00,3610.8982739730827,0.0005204685782652186
2020-03-05 16:01:00,3610.186795301787,0.0005412368848328505
2020-03-05 16:02:00,3609.6806083768597,0.0005215844501146281
2020-03-05 16:03:00,3610.8235169730897,0.0005144444107024118
2020-03-05 16:04:00,3608.9833945083133,0.0004929366965290965
2020-03-05 16:05:00,3609.6660795768844,0.0004660761380334739
2020-03-05 16:06:00,3609.807852373641,0.00043406596765497077
2020-03-05 16:07:00,3611.038334025545,0.00045302795627196824
2020-03-05 16:08:00,3611.5430368734287,0.00044514786679411463
2020-03-05 16:09:00,3611.6768915638545,0.0004541095978231458
2020-03-05 16:10:00,3612.464221482811,0.0004602309129753199
2020-03-05 16:11:00,3612.0632107909673,0.00048380950762781877
2020-03-05 16:12:00,3614.191641200991,0.00046975744271512103
2020-03-05 16:13:00,3612.013046722853,0.00044982246776737334
2020-03-05 16:14:00,3613.053079372306,0.00047424405443247623
2020-03-05 16:15:00,3612.6810639344385,0.0004824072086479953
2020-03-05 16:16:00,3612.1106906332157,0.0005149518980592032
2020-03-05 16:17:00,3611.0942664815598,0.0004925188248842487
2020-03-05 16:18:00,3606.7796070499544,0.000538765950677326
2020-03-05 16:19:00,3605.068044234143,0.0005857900452337561
2020-03-05 16:20:00,3601.7264097311718,0.0005998844866952371
2020-03-05 16:21:00,3602.1932319130747,0.0006151776321828328
2020-03-05 16:22:00,3602.9236499000795,0.0005995294568954652
2020-03-05 16:23:00,3605.1256496464252,0.000675682832300488
2020-03-05 16:24:00,3606.73096307357,0.000667350705456925
2020-03-05 16:25:00,3604.635169814285,0.0006578866650101912
2020-03-05 16:26:00,3605.7241596317695,0.00064372227705347
2020-03-05 16:27:00,3610.7351877490746,0.0006133800727723509
2020-03-05 16:28:00,3611.087314487554,0.0006313885746371277
2020-03-05 16:29:00,3609.688903421695,0.0006040579640786276
2020-03-05 16:30:00,3609.4951570872922,0.0006070572650662592
2020-03-05 16:31:00,3609.3462884210044,0.0006106662561257858
2020-03-05 16:32:00,3608.189565483574,0.0005637749671098425
2020-03-05 16:33:00,3607.800856008804,0.000602175079510425
2020-03-05 16:34:00,3606.2391625805712,0.0005976960796147552
2020-03-05 16:35:00,3606.7896942382836,0.0005653534059223746
2020-03-05 16:36:00,3611.247547208234,0.0005667480117510156
2020-03-05 16:37:00,3614.821889219527,0.0005934273493252864
2020-03-05 16:38:00,3615.4687728908675,0.0006108659135365145
2020-03-05 16:39:00,3617.3777976111032,0.000652790624667287
2020-03-05 16:40:00,3619.7574290996545,0.0006462695871743711
2020-03-05 16:41:00,3621.0921702796973,0.0006585928901106199
2020-03-05 16:42:00,3619.91632333642,0.0006330511066717214
2020-03-05 16:43:00,3617.509944639819,0.0005914458617065438
2020-03-05 16:44:00,3616.4890058242354,0.0005718843295927298
2020-03-05 16:45:00,3614.8976443758884,0.000562622008767025
2020-03-05 16:46:00,3611.8996042860413,0.0005426091293846821
2020-03-05 16:47:00,3615.6665405168515,0.0005095745131302462
2020-03-05 16:48:00,3616.420004832779,0.0004818978751211279
2020-03-05 16:49:00,3616.7602551948776,0.00047064704646863827
2020-03-05 16:50:00,3618.327690855216,0.0004960179100523072
2020-03-05 16:51:00,3617.6923134622552,0.0005086855493932986
2020-03-05 16:52:00,3618.2563253508,0.000516097610222806
2020-03-05 16:53:00,3618.339367338089,0.0005197364434569095
2020-03-05 16:54:00,3618.0910082578384,0.0005035909513592206
2020-03-05 16:55:00,3617.077281943926,0.0004662306933154994
2020-03-05 16:56:00,3620.278239492778,0.00045444032767661264
2020-03-05 16:57:00,3621.5934872062303,0.00044084324349145606
2020-03-05 16:58:00,3621.4586883625116,0.0004409597144348055
2020-03-05 16:59:00,3622.128832235786,0.00043208708109685297
2020-03-05 17:00:00,3621.4965347083335,0.000411453249268826
2020-03-05 17:01:00,3619.199910207499,0.00040543902057294494
2020-03-05 17:02:00,3619.195228462344,0.0003951585875295922
2020-03-05 17:03:00,3617.2674367617124,0.0003935954256579003
2020-03-05 17:04:00,3618.425718539898,0.00036756103779929194
2020-03-05 17:05:00,3619.5280049540825,0.00036054463793306425
2020-03-05 17:06:00,3621.331133370755,0.0003324127712665874
2020-03-05 17:07:00,3619.521669281211,0.00031818504249883097
2020-03-05 17:08:00,3619.025443208611,0.0003069611388305283
2020-03-05 17:09:00,3619.5168196430386,0.0003060116095854129
2020-03-05 17:10:00,3619.745917274259,0.0003028689924629469
2020-03-05 17:11:00,3620.828763708324,0.0003043599379456448
2020-03-05 17:12:00,3621.4174707449174,0.000302857987746975
2020-03-05 17:13:00,3621.3401436062813,0.0003064806046445597
2020-03-05 17:14:00,3620.268925345762,0.00032123443419022527
2020-03-05 17:15:00,3620.235750403531,0.00034326604071048463
2020-03-05 17:16:00,3619.00512841428,0.0003335154522585564
2020-03-05 17:17:00,3619.4493032833047,0.00034788676916785104
2020-03-05 17:18:00,3618.8031395332814,0.0003602252239905299
2020-03-05 17:19:00,3621.0775596846734,0.00035317723734273394
2020-03-05 17:20:00,3621.3965434985084,0.00036584137321155237
2020-03-05 17:21:00,3621.2805093025845,0.00037138660797777687
2020-03-05 17:22:00,3621.6555698480815,0.000386556448940854
2020-03-05 17:23:00,3621.096041687002,0.000373176895073046
2020-03-05 17:24:00,3620.466309395885,0.00039313789716411557
2020-03-05 17:25:00,3621.2302673554236,0.0003760527456509584
2020-03-05 17:26:00,3621.3199309224947,0.00037485989406857987
2020-03-05 17:27:00,3619.8480419711113,0.0004041466690410433
2020-03-05 17:28:00,3621.579538759962,0.00040041552692839474
2020-03-05 17:29:00,3623.190197157249,0.0004010364363539209
2020-03-05 17:30:00,3622.3678772563617,0.00040949421469977526
2020-03-05 17:31:00,3620.5959180755494,0.0004481578878100027
2020-03-05 17:32:00,3621.2254834618243,0.00044573141065861783
2020-03-05 17:33:00,3619.4409273365327,0.000501503607354991
2020-03-05 17:34:00,3616.920369713831,0.000522355499442371
2020-03-05 17:35:00,3616.9264255078842,0.000545879119200141
2020-03-05 17:36:00,3616.68248926664,0.000562492535324838
2020-03-05 17:37:00,3618.593354487208,0.0005637688158426232
2020-03-05 17:38:00,3618.176065485214,0.0005880613866050459
2020-03-05 17:39:00,3620.239629298595,0.0006512082553648264
2020-03-05 17:40:00,3622.1607680760335,0.000659788625139746
2020-03-05 17:41:00,3617.1499310404124,0.0006276586166660564
2020-03-05 17:42:00,3617.615756273581,0.0006183699317183136
2020-03-05 17:43:00,3619.9201656334694,0.0006199444226383928
2020-03-05 17:44:00,3621.4280590210687,0.0006190229162433065
2020-03-05 17:45:00,3625.273862458745,0.0005869448489902008
2020-03-05 17:46:00,3625.503576498414,0.0006060530791969506
2020-03-05 17:47:00,3626.2964052474795,0.0006050423617254784
2020-03-05 17:48:00,3624.1205873159274,0.0005754847556528793
2020-03-05 17:49:00,3624.4017052388317,0.0005911037063179239
2020-03-05 17:50:00,3624.9852056107093,0.0005691195518626118
2020-03-05 17:51:00,3624.6004412142997,0.0005746583010746749
2020-03-05 17:52:00,3627.710644557015,0.0006158020394969764
2020-03-05 17:53:00,3630.700296101174,0.0006186070408560685
2020-03-05 17:54:00,3633.1663603019642,0.0005973993680222034
2020-03-05 17:55:00,3635.196729899226,0.0005770920670623003
2020-03-05 17:56:00,3638.687641400691,0.0006043900040639265
2020-03-05 17:57:00,3641.8057522708673,0.0006940523844270775
2020-03-05 17:58:00,3637.3249183426688,0.0006492457574904414
2020-03-05 17:59:00,3638.5209748521893,0.0006186260433034516
2020-03-05 18:00:00,3639.10701657798,0.0006286216927347221
2020-03-05 18:01:00,3638.917878632346,0.0006910082751689909
2020-03-05 18:02:00,3639.919160102238,0.0007376446531198437
2020-03-05 18:03:00,3637.5656396669815,0.0006837240742726964
2020-03-05 18:04:00,3634.4155384420824,0.0007159929115184182
2020-03-05 18:05:00,3637.3560740619873,0.0007693964580179289
2020-03-05 18:06:00,3639.5049375716167,0.0007222557668838559
2020-03-05 18:07:00,3642.3701353160814,0.0006993763392529878
2020-03-05 18:08:00,3646.778345424471,0.0007462887556748293
2020-03-05 18:09:00,3647.4961746414306,0.0007673578882885208
2020-03-05 18:10:00,3649.9291361312476,0.0008306533670313705
2020-03-05 18:11:00,3646.139718894712,0.0008748254657958587
2020-03-05 18:12:00,3649.2230721450373,0.000851197606086507
2020-03-05 18:13:00,3643.874540963883,0.0008433786900838506
2020-03-05 18:14:00,3643.2920387449567,0.0007742984029321657
2020-03-05 18:15:00,3645.1574592215284,0.0007512385281921307
2020-03-05 18:16:00,3643.4497342593745,0.0008189927503555773
2020-03-05 18:17:00,3642.4379034869626,0.0007789153883066598
2020-03-05 18:18:00,3647.1655903016303,0.0007961499196015699
2020-03-05 18:19:00,3646.0212641052285,0.0008432932302325584
2020-03-05 18:20:00,3646.3577421192786,0.0009234207092160235
2020-03-05 18:21:00,3643.3735810858193,0.0009052387506465608
2020-03-05 18:22:00,3640.136114442631,0.0009152655244345788
2020-03-05 18:23:00,3635.943750404649,0.000982541369765986
2020-03-05 18:24:00,3632.9084084329866,0.0009739087232564963
2020-03-05 18:25:00,3638.208637675026,0.0010281666859728185
2020-03-05 18:26:00,3631.6157249331786,0.0010187593785204979
2020-03-05 18:27:00,3628.017638116901,0.0010067318623423265
2020-03-05 18:28:00,3622.321059013675,0.0010724678335244768
2020-03-05 18:29:00,3626.294428435114,0.00106038974308287
2020-03-05 18:30:00,3624.7773936068106,0.0010437206422877728
2020-03-05 18:31:00,3616.750537027486,0.0009944468379156808
2020-03-05 18:32:00,3619.478343318646,0.0009738402571543835
2020-03-05 18:33:00,3623.6435791965437,0.000977787989416477
2020-03-05 18:34:00,3618.163694178029,0.0008966443508403423
2020-03-05 18:35:00,3618.3820870640693,0.0009449451037945654
2020-03-05 18:36:00,3621.786063997611,0.000941497663073067
2020-03-05 18:37:00,3623.2032836004905,0.0008840082991906085
2020-03-05 18:38:00,3625.8926367287204,0.0008324197719964465
2020-03-05 18:39:00,3622.2748223548965,0.0008294511929175066
2020-03-05 18:40:00,3623.1391526825746,0.0007464238885073298
2020-03-05 18:41:00,3627.5213777773833,0.0007869490440794192
2020-03-05 18:42:00,3623.586696238952,0.0008144694682220034
2020-03-05 18:43:00,3625.471282152759,0.0008336256937745544
2020-03-05 18:44:00,3630.3481329951155,0.0008796172705873755
2020-03-05 18:45:00,3637.864891355167,0.0008972361634958036
2020-03-05 18:46:00,3637.848067257363,0.0008591805000809198
2020-03-05 18:47:00,3641.2352834229278,0.0008898752944298714
2020-03-05 18:48:00,3637.883451638361,0.0008858841873473257
2020-03-05 18:49:00,3632.865572999359,0.0008620966256961129
2020-03-05 18:50:00,3636.3456093602963,0.0009408206131549667
2020-03-05 18:51:00,3628.770204209836,0.0010669416601135297
2020-03-05 18:52:00,3626.449673710156,0.0010983720442178835
2020-03-05 18:53:00,3620.3349297859922,0.0011337784785944846
2020-03-05 18:54:00,3616.083032774454,0.0012260776976269305
2020-03-05 18:55:00,3618.792140696781,0.0011945211165114845
2020-03-05 18:56:00,3618.739397569064,0.0012063566836558104
2020-03-05 18:57:00,3611.2745254507463,0.0012227172014271281
2020-03-05 18:58:00,3614.046617316808,0.0012181604462147093
2020-03-05 18:59:00,3615.1463394945695,0.001208214687823769
2020-03-05 19:00:00,3623.145897033611,0.0012681474182877296
2020-03-05 19:01:00,3619.239372955997,0.0012612265250319357
2020-03-05 19:02:00,3629.5071473117414,0.0013502160887060714
2020-03-05 19:03:00,3630.513020598547,0.00131835919457458
2020-03-05 19:04:00,3625.6768169418865,0.0013263420600573381
2020-03-05 19:05:00,3628.106412739612,0.001353658262033177
2020-03-05 19:06:00,3621.224070903056,0.0014102929759630559
2020-03-05 19:07:00,3628.401454238381,0.0014935151541160317
2020-03-05 19:08:00,3617.9518256288975,0.0015375354456932985
2020-03-05 19:09:00,3623.141677967528,0.0013781139717424808
2020-03-05 19:10:00,3627.520839191634,0.0013507985192542753
2020-03-05 19:11:00,3627.163359655281,0.0014434819100051306
2020-03-05 19:12:00,3629.096311139343,0.0014600148562647394
2020-03-05 19:13:00,3635.616242128438,0.0013359387739968792
2020-03-05 19:14:00,3639.825247390369,0.0013377419322887622
2020-03-05 19:15:00,3636.710653302866,0.0013211372092408996
2020-03-05 19:16:00,3639.96068131938,0.0013362213962485753
2020-03-05 19:17:00,3641.634580988313,0.0012861566042878393
2020-03-05 19:18:00,3645.8638140135417,0.0012259468140243584
2020-03-05 19:19:00,3639.9632298764463,0.0011935552435698945
2020-03-05 19:20:00,3639.773454062996,0.001135533468102701
2020-03-05 19:21:00,3636.9838976506007,0.001157712435047802
2020-03-05 19:22:00,3635.172702414043,0.0011086435367386723
2020-03-05 19:23:00,3635.2962984875658,0.0011495009023262664
2020-03-05 19:24:00,3638.1550991958447,0.0011503771705623249
2020-03-05 19:25:00,3641.096998785128,0.0011540406190578948
2020-03-05 19:26:00,3642.1717190382547,0.0011193381011925531
2020-03-05 19:27:00,3640.1973983345647,0.0011530852720594538
2020-03-05 19:28:00,3637.7262839697464,0.0010850054264167463
2020-03-05 19:29:00,3636.4554520583274,0.0010791947248814876
2020-03-05 19:30:00,3635.273192542802,0.0011224930977372764
2020-03-05 19:31:00,3633.146858990159,0.0010508290473739117
2020-03-05 19:32:00,3638.2600921940834,0.0010879158486427041
2020-03-05 19:33:00,3643.3265177346293,0.001076116245404599
2020-03-05 19:34:00,3644.881587472429,0.0010290897846261216
2020-03-05 19:35:00,3645.604019641891,0.001071099210703344
2020-03-05 19:36:00,3641.8115649048964,0.001013145268774868
2020-03-05 19:37:00,3647.0415744806046,0.001047833569184544
2020-03-05 19:38:00,3647.768413001239,0.001049371435395643
2020-03-05 19:39:00,3648.6742814986005,0.0010016163350687476
2020-03-05 19:40:00,3647.629914647856,0.0010057270273292804
2020-03-05 19:41:00,3652.9010050294305,0.0010172617672759069
2020-03-05 19:42:00,3650.268693239928,0.0009778198687302865
2020-03-05 19:43:00,3648.202652378622,0.0009596620411151865
2020-03-05 19:44:00,3650.6485550455654,0.0009232821844842988
2020-03-05 19:45:00,3647.5875451679876,0.0009016403092725739
2020-03-05 19:46:00,3647.6976377661094,0.0008493030961716041
2020-03-05 19:47:00,3643.8848410218934,0.000871367161688724
2020-03-05 19:48:00,3647.6357397741313,0.0008791482678778446
2020-03-05 19:49:00,3647.6627081085544,0.0008639061674911773
2020-03-05 19:50:00,3646.6037172272004,0.0008788313900946292
2020-03-05 19:51:00,3644.031585618147,0.0008461366302230278
2020-03-05 19:52:00,3646.6897107173468,0.0008393437306137216
2020-03-05 19:53:00,3642.4741972013994,0.0008599912763657729
2020-03-05 19:54:00,3640.7689662625176,0.0008879596388039036
2020-03-05 19:55:00,3643.3661509978406,0.0008692933654059249
2020-03-05 19:56:00,3647.656268876785,0.0008275426813328206
2020-03-05 19:57:00,3645.9778334107946,0.0008618412224924981
2020-03-05 19:58:00,3646.997797207265,0.000872898308007947
2020-03-05 19:59:00,3649.4807743247165,0.0008872756446897873
2020-03-06 13:30:00,3689.9562753124233,0.0009061754373039053
2020-03-06 13:31:00,3690.4224059428416,0.0008237481807182175
2020-03-06 13:32:00,3688.3379951456327,0.0007806076359035103
2020-03-06 13:33:00,3689.8889421308795,0.0007740935745595485
2020-03-06 13:34:00,3687.3557703984097,0.0008348202085833591
2020-03-06 13:35:00,3685.3999865005967,0.0008347416009554474
2020-03-06 13:36:00,3684.3530447589983,0.0008286422832569039
2020-03-06 13:37:00,3682.254174521093,0.000876623013825612
2020-03-06 13:38:00,3681.315382779051,0.0009055657842089368
2020-03-06 13:39:00,3680.922822812234,0.0009039809255795807
2020-03-06 13:40:00,3677.6882690264533,0.0009214217986472002
2020-03-06 13:41:00,3679.778361134855,0.000895047801714684
2020-03-06 13:42:00,3682.2374306445863,0.000811637645957397
2020-03-06 13:43:00,3677.8714512514543,0.0007949075910400517
2020-03-06 13:44:00,3673.858834984018,0.0007736026525807177
2020-03-06 13:45:00,3679.330917818989,0.0008392346151741204
2020-03-06 13:46:00,3679.5061801101615,0.0008931879524739335
2020-03-06 13:47:00,3677.8833981954135,0.0008908791534796179
2020-03-06 13:48:00,3676.0984369367707,0.0009735544417396985
2020-03-06 13:49:00,3672.096713845988,0.0009560193140830671
2020-03-06 13:50:00,3669.933399928891,0.0008872679158103714
2020-03-06 13:51:00,3671.71212329954,0.0009172168641448385
2020-03-06 13:52:00,3671.54252319326,0.000945204313339639
2020-03-06 13:53:00,3670.839451400399,0.0009199425461051303
2020-03-06 13:54:00,3672.2290606882866,0.0008649274097274026
2020-03-06 13:55:00,3669.601453021502,0.000872717915531735
2020-03-06 13:56:00,3670.1898174877347,0.0008341258424319953
2020-03-06 13:57:00,3672.5111526977867,0.0008736084952533472
2020-03-06 13:58:00,3671.3586559327346,0.0009042176961846447
2020-03-06 13:59:00,3671.375417545269,0.000927245314477284
2020-03-06 14:00:00,3671.5488896057527,0.0008814726817713447
2020-03-06 14:01:00,3670.9355771438895,0.000942063523727445
2020-03-06 14:02:00,3665.2872403540723,0.00094363949156248
2020-03-06 14:03:00,3667.4044488342747,0.0009407342709735059
2020-03-06 14:04:00,3662.7556238592597,0.0009555520416297618
2020-03-06 14:05:00,3664.6771540084583,0.0009559085591371415
2020-03-06 14:06:00,3661.9707691515796,0.0008869201348848906
2020-03-06 14:07:00,3659.358956072017,0.0008754916268312238
2020-03-06 14:08:00,3662.3776019901607,0.0008142374159982752
2020-03-06 14:09:00,3661.9214716151223,0.0008039465337930915
2020-03-06 14:10:00,3660.0860881888825,0.0007601593386304663
2020-03-06 14:11:00,3666.318424422937,0.0007521226693659707
2020-03-06 14:12:00,3665.786010470838,0.00079665869528911
2020-03-06 14:13:00,3666.625785113895,0.0008472812253332751
2020-03-06 14:14:00,3666.335182445412,0.000933314657725935
2020-03-06 14:15:00,3655.7082204583494,0.0010188908333556828
2020-03-06 14:16:00,3650.9259568257353,0.0009273171999710648
2020-03-06 14:17:00,3653.39290194498,0.0009111417932907548
2020-03-06 14:18:00,3655.280644825777,0.000945075055402066
2020-03-06 14:19:00,3651.4564199281917,0.000953717072781286
2020-03-06 14:20:00,3646.03462987119,0.0009602825994317786
2020-03-06 14:21:00,3649.852439380615,0.0009291429243211895
2020-03-06 14:22:00,3649.8522029134356,0.0009050724509180566
2020-03-06 14:23:00,3653.8805701697934,0.0008800913881981551
2020-03-06 14:24:00,3655.108020081689,0.0009076728429727753
2020-03-06 14:25:00,3652.67707604878,0.0009341104907774786
2020-03-06 14:26:00,3650.594253811537,0.0008692189515603911
2020-03-06 14:27:00,3651.310152352717,0.0008680427942610062
2020-03-06 14:28:00,3649.6282528978013,0.0008624594649536573
2020-03-06 14:29:00,3643.4421020820123,0.000864337007553119
2020-03-06 14:30:00,3647.149831132917,0.0009373133382181437
2020-03-06 14:31:00,3650.889418863662,0.001022446455180559
2020-03-06 14:32:00,3654.8257833520393,0.0010410536213908944
2020-03-06 14:33:00,3658.668374214408,0.0010181767095904584
2020-03-06 14:34:00,3657.1539200425846,0.0009763225491481503
2020-03-06 14:35:00,3657.5064977270717,0.0010482097726094211
2020-03-06 14:36:00,3659.180558405722,0.001084221371647382
2020-03-06 14:37:00,3661.53090455934,0.0011475001887806882
2020-03-06 14:38:00,3660.4371652693367,0.0011397294191545346
2020-03-06 14:39:00,3657.9506989392494,0.0011586739989957492
2020-03-06 14:40:00,3657.7791099013857,0.0011753123164859691
2020-03-06 14:41:00,3660.5421065147257,0.0010747183246112052
2020-03-06 14:42:00,3658.5102407323247,0.0010346393024120548
2020-03-06 14:43:00,3659.9933571815063,0.0010607677630694904
2020-03-06 14:44:00,3663.092153663934,0.0011311865781404458
2020-03-06 14:45:00,3663.9548912407618,0.0010941896310163038
2020-03-06 14:46:00,3662.6566868107134,0.00104046856120834
2020-03-06 14:47:00,3669.9043996068854,0.001067448967730891
2020-03-06 14:48:00,3670.1576090531967,0.0010020674673753781
2020-03-06 14:49:00,3671.517129701883,0.0009799398345262805
2020-03-06 14:50:00,3670.8882163434337,0.0009512468744955027
2020-03-06 14:51:00,3670.787652650575,0.0009193514444078204
2020-03-06 14:52:00,3669.1939888043853,0.0009915133550798085
2020-03-06 14:53:00,3670.7865719246265,0.0010436373486226082
2020-03-06 14:54:00,3665.0250388081904,0.0010121585239875096
2020-03-06 14:55:00,3675.3478511243356,0.0011216940155993694
2020-03-06 14:56:00,3671.002284975759,0.0011404616845353101
2020-03-06 14:57:00,3673.6415179659243,0.0011032559222712477
2020-03-06 14:58:00,3678.24069290591,0.0011078576838957266
2020-03-06 14:59:00,3676.829514904145,0.0011307087176979512
2020-03-06 15:00:00,3677.982505065695,0.0011873930522961268
2020-03-06 15:01:00,3684.504254797902,0.001179569765050829
2020-03-06 15:02:00,3684.9731003289035,0.0011118753333298956
2020-03-06 15:03:00,3684.4032900238367,0.001157672123158766
2020-03-06 15:04:00,3686.3621290846236,0.001021429985681032
2020-03-06 15:05:00,3687.7165857215227,0.001016121792407394
2020-03-06 15:06:00,3687.622930953814,0.0010873954299263173
2020-03-06 15:07:00,3686.6637287385433,0.0010383227732542093
2020-03-06 15:08:00,3682.265225866305,0.0009940060751443486
2020-03-06 15:09:00,3677.7614391714606,0.001014560040585441
2020-03-06 15:10:00,3678.192689479641,0.0010668392314195187
2020-03-06 15:11:00,3674.6388265161067,0.001101547536105395
2020-03-06 15:12:00,3672.920184400079,0.0010391003260590136
2020-03-06 15:13:00,3679.3628852902757,0.0009779031879137451
2020-03-06 15:14:00,3685.4389190874476,0.00099757121898635
2020-03-06 15:15:00,3683.369736165572,0.001059099875138389
2020-03-06 15:16:00,3682.2013316879957,0.0010658323534990357
2020-03-06 15:17:00,3681.9691572453553,0.0010724084764778335
2020-03-06 15:18:00,3684.2442623389593,0.0010431400970494107
2020-03-06 15:19:00,3682.845077532748,0.0010450571883025988
2020-03-06 15:20:00,3684.5794234052637,0.0010501807404466156
2020-03-06 15:21:00,3678.345369952279,0.0010451800605695855
2020-03-06 15:22:00,3681.248541238829,0.0010442470314549822
2020-03-06 15:23:00,3679.524191258353,0.0010303295096851038
2020-03-06 15:24:00,3682.0102781484406,0.0010428885652669442
2020-03-06 15:25:00,3688.080152167436,0.001005208885684994
2020-03-06 15:26:00,3688.698605575503,0.0010687702537478879
2020-03-06 15:27:00,3687.115455501082,0.0010390576646036771
2020-03-06 15:28:00,3688.6047288361533,0.0010683572758420636
2020-03-06 15:29:00,3689.875701953336,0.001002274956472321
2020-03-06 15:30:00,3688.5850621231502,0.0010139471417720423
2020-03-06 15:31:00,3691.4881702770886,0.0009799292706035327
2020-03-06 15:32:00,3684.785177546177,0.0009578348483423368
2020-03-06 15:33:00,3680.0717270688074,0.0009768052476435303
2020-03-06 15:34:00,3675.5549144633974,0.001006047522719723
2020-03-06 15:35:00,3669.1183865779717,0.0010020675763325474
2020-03-06 15:36:00,3662.042220899789,0.0010605059784656653
2020-03-06 15:37:00,3665.713760031275,0.0010746329270289025
2020-03-06 15:38:00,3658.3797468704756,0.0011198659620791226
2020-03-06 15:39:00,3661.9548470190475,0.0012491101102868783
2020-03-06 15:40:00,3655.0345149203267,0.001247831381392356
2020-03-06 15:41:00,3659.471127947955,0.001346297474048383
2020-03-06 15:42:00,3656.977558239084,0.001373020468235693
2020-03-06 15:43:00,3661.055849050269,0.001368597324442326
2020-03-06 15:44:00,3654.4205568724155,0.0013648666248630556
2020-03-06 15:45:00,3650.3065823673733,0.0013971918726180255
2020-03-06 15:46:00,3646.5570317778006,0.0012785377027481719
2020-03-06 15:47:00,3653.8749902337995,0.0011373206364771568
2020-03-06 15:48:00,3661.1335880843535,0.0010795882505852286
2020-03-06 15:49:00,3665.3446464782287,0.001056212771861804
2020-03-06 15:50:00,3659.857637862112,0.0010310123024561085
2020-03-06 15:51:00,3659.5733463316515,0.0010464273219843831
2020-03-06 15:52:00,3659.159727670541,0.0010887911158297956
2020-03-06 15:53:00,3656.4029086087503,0.0011100314081891106
2020-03-06 15:54:00,3655.1826972988238,0.0012372911973149907
2020-03-06 15:55:00,3653.465982423557,0.0011699116800172609
2020-03-06 15:56:00,3656.926487907111,0.0011859185362200586
2020-03-06 15:57:00,3649.1911639420177,0.0011493461858388693
2020-03-06 15:58:00,3647.8372011407473,0.001182366652620968
2020-03-06 15:59:00,3647.342584014812,0.0011824381266806782
2020-03-06 16:00:00,3659.7514505805134,0.0012280450584867054
2020-03-06 16:01:00,3661.1188414447156,0.0011828530262359604
2020-03-06 16:02:00,3670.0029646640633,0.0011077898283791408
2020-03-06 16:03:00,3665.1236150813997,0.0011081596961988428
2020-03-06 16:04:00,3676.768716836219,0.0010798624146982948
2020-03-06 16:05:00,3679.0140291764037,0.0011417610378662904
2020-03-06 16:06:00,3679.4863893091933,0.001155040388061002
2020-03-06 16:07:00,3671.041135022316,0.0011805815592163468
2020-03-06 16:08:00,3665.3317579000704,0.001064705111587645
2020-03-06 16:09:00,3662.696550483109,0.001041638624313956
2020-03-06 16:10:00,3662.7358759386657,0.0010193171310982204
2020-03-06 16:11:00,3663.1595188922665,0.0009985011844628217
2020-03-06 16:12:00,3662.9160448748225,0.001078100652699231
2020-03-06 16:13:00,3660.555811282125,0.0010683586126054186
2020-03-06 16:14:00,3667.7636400327774,0.0010812192573742693
2020-03-06 16:15:00,3667.325231328098,0.0010203096200751115
2020-03-06 16:16:00,3660.8874700515335,0.001020698690538119
2020-03-06 16:17:00,3662.4553759880578,0.0009746781392726439
2020-03-06 16:18:00,3657.3173179391306,0.000934837316795331
2020-03-06 16:19:00,3656.6142947399485,0.000912863320854138
2020-03-06 16:20:00,3656.863621535151,0.0009102890297874894
2020-03-06 16:21:00,3651.1485976496538,0.000908732865338797
2020-03-06 16:22:00,3656.522205714589,0.0008801035946757714
2020-03-06 16:23:00,3667.8674244214617,0.000903345795039655
2020-03-06 16:24:00,3669.305197632078,0.0009144121975969173
2020-03-06 16:25:00,3668.679855175569,0.0008361505557521211
2020-03-06 16:26:00,3665.585989168045,0.0009005625265204537
2020-03-06 16:27:00,3670.8978303493946,0.0009584786925033462
2020-03-06 16:28:00,3672.4645887827,0.0009144516269088124
2020-03-06 16:29:00,3672.8385890710338,0.0009202124466136151
2020-03-06 16:30:00,3678.6474825723476,0.0009286934256077108
2020-03-06 16:31:00,3682.899598820162,0.000919167179125447
2020-03-06 16:32:00,3678.200425916099,0.0009640453988054973
2020-03-06 16:33:00,3673.6131197473314,0.0008386649582546484
2020-03-06 16:34:00,3671.678348488507,0.0008175603085408297
2020-03-06 16:35:00,3675.0083707463295,0.0008466670034904467
2020-03-06 16:36:00,3668.787489588693,0.0008776607920080948
2020-03-06 16:37:00,3670.4405847807816,0.000845155689376485
2020-03-06 16:38:00,3673.808785849671,0.00082753397396897
2020-03-06 16:39:00,3673.6607998770764,0.0008183194288107004
2020-03-06 16:40:00,3671.4778858245822,0.0007557275919703491
2020-03-06 16:41:00,3673.6152388775918,0.000734894026306381
2020-03-06 16:42:00,3672.0432881302804,0.0007037801048397827
2020-03-06 16:43:00,3674.5162285823053,0.000707738244674807
2020-03-06 16:44:00,3676.0472481742668,0.0007206987669635316
2020-03-06 16:45:00,3677.0687980764287,0.0007128787389591271
2020-03-06 16:46:00,3683.5826238941313,0.0006765058445893733
2020-03-06 16:47:00,3678.264318871465,0.0007091482769275493
2020-03-06 16:48:00,3679.553862298166,0.0007226675445769972
2020-03-06 16:49:00,3679.090853490157,0.0007426327006739286
2020-03-06 16:50:00,3671.5384069771194,0.0007458499473015179
2020-03-06 16:51:00,3672.3367320595507,0.0007529130235632816
2020-03-06 16:52:00,3670.5580075684798,0.0008339351596145313
2020-03-06 16:53:00,3672.5339847533905,0.0008868008400809224
2020-03-06 16:54:00,3668.1435866778597,0.0009234382421952578
2020-03-06 16:55:00,3664.113461460459,0.0009287566388292141
2020-03-06 16:56:00,3668.03051538162,0.0009062422795461867
2020-03-06 16:57:00,3670.3536155001043,0.0009988836618153685
2020-03-06 16:58:00,3667.478654012919,0.0009845877719120532
2020-03-06 16:59:00,3671.78978535328,0.0009959654292743688
2020-03-06 17:00:00,3670.140334220719,0.0009218453211425152
2020-03-06 17:01:00,3663.3026668693033,0.0008915940280495839
2020-03-06 17:02:00,3662.1820590320444,0.0008371558622352254
2020-03-06 17:03:00,3664.9559967461582,0.0008756268928801102
2020-03-06 17:04:00,3667.123582836737,0.000886969679042965
2020-03-06 17:05:00,3665.200613753193,0.0008739005737935261
2020-03-06 17:06:00,3666.768750017535,0.0008528415274691347
2020-03-06 17:07:00,3669.976364595099,0.0008833997583585645
2020-03-06 17:08:00,3669.007381048036,0.0008793504239357986
2020-03-06 17:09:00,3666.538892530375,0.0008684947477365092
2020-03-06 17:10:00,3664.9611962801905,0.0008737338528092066
2020-03-06 17:11:00,3670.0154093826723,0.0008806761433596117
2020-03-06 17:12:00,3673.5874666132263,0.0009360077560181671
2020-03-06 17:13:00,3676.6544504114963,0.0009346228287414691
2020-03-06 17:14:00,3680.28318179028,0.0009866192824509801
2020-03-06 17:15:00,3680.5226817069865,0.0010424875759792254
2020-03-06 17:16:00,3671.6292825347014,0.0009935328685835051
2020-03-06 17:17:00,3665.7163710454743,0.000993080058444815
2020-03-06 17:18:00,3658.8870729294736,0.000966161658020693
2020-03-06 17:19:00,3659.157029047104,0.0009824844188209441
2020-03-06 17:20:00,3663.774127875951,0.0010145851739479057
2020-03-06 17:21:00,3658.2916446271383,0.0010360044458856965
2020-03-06 17:22:00,3658.121609685292,0.0011282104696684063
2020-03-06 17:23:00,3653.904826039082,0.001154490043871872
2020-03-06 17:24:00,3653.79371349611,0.0011607757719323847
2020-03-06 17:25:00,3662.376673908222,0.0011678217318616064
2020-03-06 17:26:00,3663.86279396623,0.00112969921375947
2020-03-06 17:27:00,3663.407173005905,0.001193043906282813
2020-03-06 17:28:00,3663.9108397845307,0.0012739412455217184
2020-03-06 17:29:00,3662.014303228037,0.0012938578202912644
2020-03-06 17:30:00,3660.7008423330917,0.0012861816915290059
2020-03-06 17:31:00,3652.690295632002,0.0013917711087319518
2020-03-06 17:32:00,3641.0267635518744,0.0013891323663209729
2020-03-06 17:33:00,3642.1102443890722,0.0013722877951903004
2020-03-06 17:34:00,3640.7289312501625,0.0014119333383090344
2020-03-06 17:35:00,3639.903148432812,0.001503414339819321
2020-03-06 17:36:00,3633.3719659988437,0.0015386195180642156
2020-03-06 17:37:00,3633.2430974747863,0.0016071351858874747
2020-03-06 17:38:00,3634.5306109157523,0.0015673296000449164
2020-03-06 17:39:00,3633.498751966358,0.0015228735347828299
2020-03-06 17:40:00,3640.6575177457216,0.0016126631949554128
2020-03-06 17:41:00,3635.2072917388746,0.001542096374440612
2020-03-06 17:42:00,3634.2346046413068,0.0015741419257039853
2020-03-06 17:43:00,3632.607527882965,0.0015776782286457932
2020-03-06 17:44:00,3631.1307397210117,0.00156901235436374
2020-03-06 17:45:00,3631.7102713699633,0.001522964369995802
2020-03-06 17:46:00,3629.565589730659,0.0014964180305590683
2020-03-06 17:47:00,3630.1418167086563,0.0014464526570231774
2020-03-06 17:48:00,3632.294817431769,0.00148462058887707
2020-03-06 17:49:00,3634.56399012414,0.0014856484187481197
2020-03-06 17:50:00,3628.0413677614215,0.0014894226945688794
2020-03-06 17:51:00,3635.215812881999,0.001542530257906355
2020-03-06 17:52:00,3632.7637618796703,0.0015918228757518112
2020-03-06 17:53:00,3632.0205762936616,0.001578709166999755
2020-03-06 17:54:00,3634.631862484227,0.0015976775930240284
2020-03-06 17:55:00,3635.5880733923,0.0014978009697291857
2020-03-06 17:56:00,3640.3730682374644,0.0014446731978782438
2020-03-06 17:57:00,3639.2602915333423,0.0014883176566979472
2020-03-06 17:58:00,3641.7399751553276,0.0014779848534017886
2020-03-06 17:59:00,3647.0305822920163,0.001417794130944186
2020-03-06 18:00:00,3646.8103891181922,0.00137900769365552
2020-03-06 18:01:00,3651.3791670973933,0.0014601154457186513
2020-03-06 18:02:00,3647.1096202335743,0.0015051861437471177
2020-03-06 18:03:00,3652.560585178272,0.0013734263337480505
2020-03-06 18:04:00,3652.3953526894197,0.0013111233614100462
2020-03-06 18:05:00,3656.769653327948,0.0012934122135130777
2020-03-06 18:06:00,3660.6182646936286,0.0013271211724154497
2020-03-06 18:07:00,3661.692864999443,0.0013061044390338206
2020-03-06 18:08:00,3656.7453393436904,0.0013030105093558278
2020-03-06 18:09:00,3651.0158410851077,0.0012279403270212654
2020-03-06 18:10:00,3654.0064903559482,0.0012925759587242942
2020-03-06 18:11:00,3654.25850866726,0.0012523599668692275
2020-03-06 18:12:00,3650.9508915890533,0.0011552111804159406
2020-03-06 18:13:00,3651.0833462499772,0.0011591507267776024
2020-03-06 18:14:00,3648.3064014140577,0.0011844818993664
2020-03-06 18:15:00,3653.902997009932,0.0011283546050275932
2020-03-06 18:16:00,3653.1796645119043,0.0011509929716952219
2020-03-06 18:17:00,3653.0631597527345,0.0010956638042846024
2020-03-06 18:18:00,3654.321360850378,0.001158794740506549
2020-03-06 18:19:00,3648.5672880855604,0.001072863481659842
2020-03-06 18:20:00,3652.210667077335,0.0010422904576217358
2020-03-06 18:21:00,3649.742069302444,0.0010330436784996631
2020-03-06 18:22:00,3650.4037496168858,0.000992395777116644
2020-03-06 18:23:00,3650.093119259996,0.0010280048733088533
2020-03-06 18:24:00,3653.924411707233,0.0010327716450886433
2020-03-06 18:25:00,3651.7975295464453,0.00097082352353044
2020-03-06 18:26:00,3652.2433961023717,0.0009546101565697728
2020-03-06 18:27:00,3658.284016747025,0.0009196962365375498
2020-03-06 18:28:00,3654.8490018576135,0.0009255190796487258
2020-03-06 18:29:00,3650.988646300202,0.000933467607118818
2020-03-06 18:30:00,3652.650222950044,0.0009407787900522145
2020-03-06 18:31:00,3644.6906356880145,0.0009488970331216584
2020-03-06 18:32:00,3645.07178932888,0.0009935249708555463
2020-03-06 18:33:00,3643.1170939955678,0.0009725515999841844
2020-03-06 18:34:00,3647.084257330025,0.0009975483032141237
2020-03-06 18:35:00,3652.750917435052,0.0010127901075352665
2020-03-06 18:36:00,3656.196530067066,0.0009155631777072674
2020-03-06 18:37:00,3656.0055625742416,0.0008848019450661427
2020-03-06 18:38:00,3652.8733417042527,0.000873256390336854
2020-03-06 18:39:00,3652.2073443808154,0.0009229135850819171
2020-03-06 18:40:00,3650.8932659148577,0.0009848364398106122
2020-03-06 18:41:00,3658.904381875394,0.0010259500528277817
2020-03-06 18:42:00,3659.277860122186,0.0010060685590863117
2020-03-06 18:43:00,3658.179425925162,0.0009868573321319735
2020-03-06 18:44:00,3655.478290557081,0.0009585148496015522
2020-03-06 18:45:00,3664.2231669050225,0.0009366797893714745
2020-03-06 18:46:00,3664.2396999427206,0.0009344877690362024
2020-03-06 18:47:00,3668.416468314085,0.0008798896720788085
2020-03-06 18:48:00,3671.003527412811,0.0008862385966771497
2020-03-06 18:49:00,3668.4333963784197,0.0008737339301405572
2020-03-06 18:50:00,3668.831383727466,0.0008970979375115791
2020-03-06 18:51:00,3667.466801670035,0.0008892868894824573
2020-03-06 18:52:00,3669.112240358565,0.000925359971771898
2020-03-06 18:53:00,3668.9288235357008,0.0008981908710366661
2020-03-06 18:54:00,3671.6458395835903,0.0008921304879860185
2020-03-06 18:55:00,3671.567701816996,0.0008929945771614648
2020-03-06 18:56:00,3670.113815062078,0.0009356704612683125
2020-03-06 18:57:00,3670.1418532092703,0.000887452201393331
2020-03-06 18:58:00,3670.801220128267,0.0008339979616087947
2020-03-06 18:59:00,3669.429145511682,0.0008686350414471634
2020-03-06 19:00:00,3667.8735892691884,0.0008381608652778403
2020-03-06 19:01:00,3666.1428971447353,0.0007901538914274661
2020-03-06 19:02:00,3668.806500613616,0.0007510588828008129
2020-03-06 19:03:00,3669.5595211067043,0.0007019950881687745
2020-03-06 19:04:00,3669.9234271478185,0.0007001492513231904
2020-03-06 19:05:00,3673.1458375081615,0.0006838322082673122
2020-03-06 19:06:00,3677.1673981077556,0.0006558683680002614
2020-03-06 19:07:00,3676.333416724913,0.0006899892705910185
2020-03-06 19:08:00,3679.7389463042723,0.0006892869820390754
2020-03-06 19:09:00,3677.6853690302482,0.0006598566669482773
2020-03-06 19:10:00,3680.867563347228,0.0007264627174654286
2020-03-06 19:11:00,3685.0056184816735,0.0007333332999222836
2020-03-06 19:12:00,3684.661653659835,0.0006705961825795035
2020-03-06 19:13:00,3681.6793780408807,0.0006833319813812519
2020-03-06 19:14:00,3679.523969303638,0.000700102076173354
2020-03-06 19:15:00,3679.512742633381,0.000727322219174471
2020-03-06 19:16:00,3677.5375547932554,0.0006804027325952184
2020-03-06 19:17:00,3678.2568089303923,0.0006878213689080125
2020-03-06 19:18:00,3679.3756740649255,0.0007599191191194915
2020-03-06 19:19:00,3676.692105714328,0.0007627723618345385
2020-03-06 19:20:00,3675.678500048129,0.000738165320487158
2020-03-06 19:21:00,3671.7385810204805,0.0007388646977715611
2020-03-06 19:22:00,3668.3616756398465,0.0006575699098614414
2020-03-06 19:23:00,3670.9736326805682,0.0006152268385682024
2020-03-06 19:24:00,3673.883673796335,0.0006364434733870381
2020-03-06 19:25:00,3674.7665216078385,0.000615844357382052
2020-03-06 19:26:00,3673.042629492717,0.0005924354789287892
2020-03-06 19:27:00,3671.2127440455024,0.0005920538989960053
2020-03-06 19:28:00,3671.1608214930407,0.0005832141044661046
2020-03-06 19:29:00,3671.8412933646005,0.0005778509747777224
2020-03-06 19:30:00,3674.6060803851956,0.0005733727900458618
2020-03-06 19:31:00,3673.141832399688,0.0005953367644850423
2020-03-06 19:32:00,3672.179645345801,0.0006244205046853983
2020-03-06 19:33:00,3674.546802614674,0.0006379531093599942
2020-03-06 19:34:00,3671.948303166163,0.0006595301224212878
2020-03-06 19:35:00,3670.081165095488,0.0006805304679955822
2020-03-06 19:36:00,3669.3977473967307,0.0006729940949872725
2020-03-06 19:37:00,3665.757272992257,0.0006972342725704605
2020-03-06 19:38:00,3664.7329092271825,0.0007507376218310151
2020-03-06 19:39:00,3660.9247633115006,0.0007015097946741179
2020-03-06 19:40:00,3661.660521282217,0.0006936577977163881
2020-03-06 19:41:00,3666.544750723934,0.0006815838206487955
2020-03-06 19:42:00,3663.9389902938265,0.0006787484914334381
2020-03-06 19:43:00,3663.0037980314996,0.0006332175336744604
2020-03-06 19:44:00,3664.8942532097267,0.0006272428319061565
2020-03-06 19:45:00,3663.9674899786514,0.000640007763784589
2020-03-06 19:46:00,3668.8477580093354,0.0006871761137140695
2020-03-06 19:47:00,3669.249332579243,0.0007041227717581607
2020-03-06 19:48:00,3676.181204138902,0.0006465222477590655
2020-03-06 19:49:00,3677.6506025133613,0.0006479117171910109
2020-03-06 19:50:00,3683.2062185559207,0.0006125490024357098
2020-03-06 19:51:00,3685.712276362203,0.0006454664391069485
2020-03-06 19:52:00,3686.460600725574,0.000634839039238955
2020-03-06 19:53:00,3685.093643758612,0.0006248750473372621
2020-03-06 19:54:00,3689.1624534813755,0.000620036865071994
2020-03-06 19:55:00,3687.1536505504637,0.000645176825154705
2020-03-06 19:56:00,3686.1526961137383,0.000606032670400703
2020-03-06 19:57:00,3687.974975972321,0.0006366490222881056
2020-03-06 19:58:00,3686.7119376790533,0.000601842591336019
2020-03-06 19:59:00,3688.52660142501,0.0005724596537421158
2020-03-09 13:30:00,3538.2562339675173,0.0005842727533218412
2020-03-09 13:31:00,3538.81682202933,0.0005261057319942827
2020-03-09 13:32:00,3540.4872702580283,0.0005456033916922782
2020-03-09 13:33:00,3539.196721112399,0.0005582146555203011
2020-03-09 13:34:00,3539.9987231440014,0.0005575672384581979
2020-03-09 13:35:00,3535.4571431523946,0.00056288565704774
2020-03-09 13:36:00,3533.6991576245737,0.0005898640975818916
2020-03-09 13:37:00,3534.1478989300685,0.0005833949637018747
2020-03-09 13:38:00,3534.811110343817,0.0005773976960021175
2020-03-09 13:39:00,3536.0062426626723,0.000532111681652585
2020-03-09 13:40:00,3535.1006190720987,0.0005252935081731829
2020-03-09 13:41:00,3536.013180729294,0.0005402625361956327
2020-03-09 13:42:00,3538.6387942250317,0.000565254323048941
2020-03-09 13:43:00,3537.0792322997954,0.0005772028596917333
2020-03-09 13:44:00,3534.492056647593,0.0006251284757668776
2020-03-09 13:45:00,3535.995228644587,0.000617281602420681
2020-03-09 13:46:00,3538.4601945496415,0.0006181081711985648
2020-03-09 13:47:00,3536.3301229727244,0.0005953708370620345
2020-03-09 13:48:00,3537.3994168432073,0.0005843775345220642
2020-03-09 13:49:00,3535.6460131545696,0.0006165817202809361
2020-03-09 13:50:00,3534.7268002026526,0.0006137765983070383
2020-03-09 13:51:00,3535.6984177969043,0.0005968799720172802
2020-03-09 13:52:00,3536.2614116764853,0.0006141083114029236
2020-03-09 13:53:00,3536.5620162158557,0.0006294766413407155
2020-03-09 13:54:00,3540.0240409280445,0.0006226345959985379
2020-03-09 13:55:00,3540.6654668143233,0.0006346620608644004
2020-03-09 13:56:00,3545.6181124939812,0.0006751516616341403
2020-03-09 13:57:00,3546.989433114608,0.0006619859761127981
2020-03-09 13:58:00,3544.7197661428927,0.0006809950676523852
2020-03-09 13:59:00,3544.980115226121,0.0007549932763345464
2020-03-09 14:00:00,3549.881787038402,0.0007113040369984716
2020-03-09 14:01:00,3548.592740292772,0.0007330459330919003
2020-03-09 14:02:00,3551.2423988771943,0.0006903301325333089
2020-03-09 14:03:00,3552.275237562812,0.0007225868892905149
2020-03-09 14:04:00,3553.216056626622,0.0007371029296063535
2020-03-09 14:05:00,3551.577283373781,0.000779714994205139
2020-03-09 14:06:00,3554.4680394128204,0.000765743985194564
2020-03-09 14:07:00,3556.610058496455,0.0007535317908833942
2020-03-09 14:08:00,3557.5892617581258,0.0007688370635445482
2020-03-09 14:09:00,3557.1506093453618,0.0007484552812124724
2020-03-09 14:10:00,3560.424547966427,0.0007569793427313622
2020-03-09 14:11:00,3555.723885775454,0.0007272983868950358
2020-03-09 14:12:00,3551.9750291445794,0.0007395689192448126
2020-03-09 14:13:00,3552.009503573858,0.0007064303593165011
2020-03-09 14:14:00,3549.7955273708003,0.0006969908829949323
2020-03-09 14:15:00,3550.603625896883,0.0006876122628628091
2020-03-09 14:16:00,3554.0454348449434,0.0006972504302707959
2020-03-09 14:17:00,3551.1483712850277,0.0007159880655930246
2020-03-09 14:18:00,3555.1557204768837,0.0007492041171663331
2020-03-09 14:19:00,3554.318428153744,0.0007843775800922172
2020-03-09 14:20:00,3553.570374200157,0.0007728219529292826
2020-03-09 14:21:00,3553.5559496613764,0.000790107268207453
2020-03-09 14:22:00,3552.013258478541,0.0007799496826329477
2020-03-09 14:23:00,3550.813717492388,0.0007699036897273746
2020-03-09 14:24:00,3546.291054161289,0.0007560198216337418
2020-03-09 14:25:00,3545.502700198663,0.0007546913005276648
2020-03-09 14:26:00,3539.4411160362256,0.0007816989651820753
2020-03-09 14:27:00,3536.5232720011973,0.0007933448546815353
2020-03-09 14:28:00,3539.1343995156703,0.0008099839987281877
2020-03-09 14:29:00,3536.467383211871,0.0008480255266989271
2020-03-09 14:30:00,3537.3353389777567,0.0008616795545004553
2020-03-09 14:31:00,3530.1159924911994,0.0008113008651662652
2020-03-09 14:32:00,3538.8729021875674,0.0008264451731377067
2020-03-09 14:33:00,3535.6853485601637,0.000816503645208669
2020-03-09 14:34:00,3536.6883170516667,0.0008209417240360434
2020-03-09 14:35:00,3538.0740712354504,0.0008636487863531662
2020-03-09 14:36:00,3543.874409562359,0.0008696536738515903
2020-03-09 14:37:00,3542.6567566979074,0.0008533885885071568
2020-03-09 14:38:00,3542.9392612523748,0.0008917225414739227
2020-03-09 14:39:00,3540.719295163506,0.0008932646478867468
2020-03-09 14:40:00,3542.6684155740936,0.0009138134876245645
2020-03-09 14:41:00,3545.237826015899,0.0009099265604030729
2020-03-09 14:42:00,3547.5416996603653,0.0008850006460658845
2020-03-09 14:43:00,3542.844137812944,0.0008187871286923212
2020-03-09 14:44:00,3544.079128577819,0.0008077685571707113
2020-03-09 14:45:00,3542.3403443776797,0.0008407335168013723
2020-03-09 14:46:00,3542.7497307895837,0.0008649068623673414
2020-03-09 14:47:00,3545.2016196520317,0.0009213760371884344
2020-03-09 14:48:00,3545.266249186103,0.0008741280867277636
2020-03-09 14:49:00,3545.6285746156236,0.0008609063620820016
2020-03-09 14:50:00,3546.8437516991276,0.0008459750686266392
2020-03-09 14:51:00,3548.113773432989,0.0008337863148100555
2020-03-09 14:52:00,3544.5495611330107,0.0007996701966769537
2020-03-09 14:53:00,3542.7156403121917,0.0007914809445334869
2020-03-09 14:54:00,3543.741277899528,0.0007988631402584553
2020-03-09 14:55:00,3546.2663077754764,0.0008271741359556316
2020-03-09 14:56:00,3544.935187415284,0.0007734525223829902
2020-03-09 14:57:00,3545.6017230705356,0.0008115828170379404
2020-03-09 14:58:00,3548.7872482146936,0.0007979249255940484
2020-03-09 14:59:00,3546.109597968541,0.0008272980492771411
2020-03-09 15:00:00,3546.1486143171646,0.000830866573137572
2020-03-09 15:01:00,3546.8997547374697,0.0008268413604210574
2020-03-09 15:02:00,3548.6202015351164,0.0008296713198323639
2020-03-09 15:03:00,3553.2361309729813,0.0008737691570442502
2020-03-09 15:04:00,3556.618850169384,0.0008822528348472635
2020-03-09 15:05:00,3563.471760042562,0.0008631405784134937
2020-03-09 15:06:00,3558.964483140783,0.000859004199554584
2020-03-09 15:07:00,3555.1401696214452,0.0007477948159944973
2020-03-09 15:08:00,3553.6146004133047,0.0007258299708542867
2020-03-09 15:09:00,3556.2625274422935,0.000718242712054331
2020-03-09 15:10:00,3563.128789136358,0.0007426299057881573
2020-03-09 15:11:00,3559.1344940410095,0.000752153494459118
2020-03-09 15:12:00,3555.484314790168,0.0007878704516446024
2020-03-09 15:13:00,3552.7915089294215,0.0007027760326364004
2020-03-09 15:14:00,3551.7389535346724,0.0007049551873051578
2020-03-09 15:15:00,3554.470853138252,0.00071947009142257
2020-03-09 15:16:00,3553.4737700354076,0.0007700683679559774
2020-03-09 15:17:00,3557.1399738905457,0.0007581505648979089
2020-03-09 15:18:00,3556.509490622232,0.0007366962062376726
2020-03-09 15:19:00,3556.665679331816,0.0007446860811416817
2020-03-09 15:20:00,3555.831282121917,0.0007764835289044204
2020-03-09 15:21:00,3555.3653471328967,0.0007651842441938496
2020-03-09 15:22:00,3554.6785184739374,0.000776180578430268
2020-03-09 15:23:00,3557.029859229675,0.0007919012267159375
2020-03-09 15:24:00,3556.630855619831,0.00080166806367844
2020-03-09 15:25:00,3554.3156762531976,0.0007840850288359159
2020-03-09 15:26:00,3558.242817683717,0.0008205723401026115
2020-03-09 15:27:00,3556.1320927128154,0.0008485849109805014
2020-03-09 15:28:00,3556.9781089805133,0.0008823569173541576
2020-03-09 15:29:00,3559.7930344558013,0.0008021829598622417
2020-03-09 15:30:00,3558.9576957335403,0.0008435244734259144
2020-03-09 15:31:00,3558.9788299624415,0.0007998737254190395
2020-03-09 15:32:00,3558.245597185624,0.0008281373444494861
2020-03-09 15:33:00,3556.7536045099237,0.0008230488233161627
2020-03-09 15:34:00,3554.3035581877107,0.000787172313122654
2020-03-09 15:35:00,3559.023802377435,0.0008129360113207978
2020-03-09 15:36:00,3559.61838757273,0.0007969278916750305
2020-03-09 15:37:00,3553.8213579386297,0.0008100153114527435
2020-03-09 15:38:00,3559.1791728929707,0.0007791873578130142
2020-03-09 15:39:00,3554.180627649292,0.0007534451758180762
2020-03-09 15:40:00,3555.4520312791974,0.0008008211993789401
2020-03-09 15:41:00,3557.7503133053265,0.0008003810175679729
2020-03-09 15:42:00,3558.351471698731,0.0008080596870525616
2020-03-09 15:43:00,3563.0818065334947,0.0007980012827769459
2020-03-09 15:44:00,3563.4369186011995,0.0007960662440390173
2020-03-09 15:45:00,3560.7520480241524,0.000796925805834558
2020-03-09 15:46:00,3559.609627592879,0.0007742676228476113
2020-03-09 15:47:00,3559.5836663875534,0.000755174031449233
2020-03-09 15:48:00,3561.027935407726,0.0007518770103497576
2020-03-09 15:49:00,3562.9127954711184,0.0007331433480345164
2020-03-09 15:50:00,3563.0357203818585,0.0006208822940149233
2020-03-09 15:51:00,3560.1761340244957,0.0006179935174620027
2020-03-09 15:52:00,3563.5518672756984,0.0005770042133927106
2020-03-09 15:53:00,3563.108437464266,0.0005375496795214167
2020-03-09 15:54:00,3562.032359670921,0.0005307355062506711
2020-03-09 15:55:00,3555.8892322385605,0.0005795470226155163
2020-03-09 15:56:00,3556.471597178287,0.0005339012813663168
2020-03-09 15:57:00,3559.8592236393984,0.0005291214848662393
2020-03-09 15:58:00,3559.85304508593,0.0005818151715237256
2020-03-09 15:59:00,3560.0739271408384,0.0006259357679022599
2020-03-09 16:00:00,3559.260449138169,0.0006481380767547062
2020-03-09 16:01:00,3562.051766598414,0.0006771186610842442
2020-03-09 16:02:00,3562.7085347886673,0.0007037285931954631
2020-03-09 16:03:00,3563.392562165061,0.0006581681543578233
2020-03-09 16:04:00,3562.810936762903,0.000618629285875219
2020-03-09 16:05:00,3564.299324643768,0.0006107920751653842
2020-03-09 16:06:00,3567.382879681856,0.0005924798068415711
2020-03-09 16:07:00,3567.240201597108,0.0006009887318062247
2020-03-09 16:08:00,3566.4088577619154,0.0006159397574163885
2020-03-09 16:09:00,3567.7166280883785,0.0005946099832704104
2020-03-09 16:10:00,3562.343060872654,0.0005451858688920108
2020-03-09 16:11:00,3564.0551340535344,0.0005420557062277707
2020-03-09 16:12:00,3563.7467953865603,0.000533414452309998
2020-03-09 16:13:00,3567.9546678358356,0.0005118386643568902
2020-03-09 16:14:00,3565.9823498614605,0.0005094635529075995
2020-03-09 16:15:00,3566.82088890174,0.0004925981938431452
2020-03-09 16:16:00,3566.779666157241,0.0005215177565742385
2020-03-09 16:17:00,3563.3661766547652,0.0005451451718485662
2020-03-09 16:18:00,3564.243417300347,0.0005161342064205619
2020-03-09 16:19:00,3563.4468070557946,0.0004767438413254297
2020-03-09 16:20:00,3564.410623137571,0.0005048805602676036
2020-03-09 16:21:00,3565.2567506294163,0.0005143811774366487
2020-03-09 16:22:00,3564.0256147271625,0.0005177926169779614
2020-03-09 16:23:00,3563.538079611848,0.0005234620096673771
2020-03-09 16:24:00,3566.788404006943,0.0005328722157827799
2020-03-09 16:25:00,3564.8544746737443,0.0005361257065689035
2020-03-09 16:26:00,3567.882659306984,0.0005502496350234422
2020-03-09 16:27:00,3567.963789593367,0.0005401772502153524
2020-03-09 16:28:00,3568.8563709092864,0.0005291853247451318
2020-03-09 16:29:00,3572.086875298835,0.0005294374225881316
2020-03-09 16:30:00,3573.5160494247907,0.0005396388378265094
2020-03-09 16:31:00,3575.919399772755,0.0005371212218823118
2020-03-09 16:32:00,3575.838715286693,0.0005512290417534488
2020-03-09 16:33:00,3573.9305177875085,0.0005461000471221507
2020-03-09 16:34:00,3581.606053870464,0.0006178417164603158
2020-03-09 16:35:00,3583.422015874753,0.000616093031488728
2020-03-09 16:36:00,3585.119087798572,0.0006087496436314336
2020-03-09 16:37:00,3587.119452084596,0.0005591009426663473
2020-03-09 16:38:00,3587.0125196997387,0.0005336729128999325
2020-03-09 16:39:00,3587.3691223647224,0.0005747551199395859
2020-03-09 16:40:00,3588.744478244446,0.0005507654611361761
2020-03-09 16:41:00,3588.1243115420807,0.0005377781097412531
2020-03-09 16:42:00,3585.7527000780615,0.0005326668027119236
2020-03-09 16:43:00,3588.3231637519593,0.0005225490845772666
2020-03-09 16:44:00,3591.7398405989957,0.0005417621437442136
2020-03-09 16:45:00,3592.812811480795,0.0005302999737217793
2020-03-09 16:46:00,3589.4773058092796,0.0005012597458251455
2020-03-09 16:47:00,3590.556898274422,0.0005146165569036308
2020-03-09 16:48:00,3588.675790186569,0.0005043000284247421
2020-03-09 16:49:00,3588.4453482194626,0.0005341112124427289
2020-03-09 16:50:00,3590.096446000408,0.0005369244139253936
2020-03-09 16:51:00,3587.538834361815,0.0005293126883206097
2020-03-09 16:52:00,3588.263003980327,0.0005249875219450827
2020-03-09 16:53:00,3587.25343845953,0.0005231680696396241
2020-03-09 16:54:00,3583.9432370735553,0.0004974553963903661
2020-03-09 16:55:00,3585.109079608979,0.0004688162614973209
2020-03-09 16:56:00,3582.081520158229,0.0005319119135973615
2020-03-09 16:57:00,3582.9812663309904,0.0005417863313754354
2020-03-09 16:58:00,3580.709273171,0.0005191401719810019
2020-03-09 16:59:00,3582.2075308389794,0.0005422253076716059
2020-03-09 17:00:00,3583.8617790345365,0.0005778692203076953
2020-03-09 17:01:00,3584.0102508881273,0.0005683455129335234
2020-03-09 17:02:00,3582.9126967536326,0.0005403731814902263
2020-03-09 17:03:00,3578.3807528339294,0.0005404202724758391
2020-03-09 17:04:00,3577.089256649812,0.0005416930309682764
2020-03-09 17:05:00,3574.5680789277294,0.0005385200123432667
2020-03-09 17:06:00,3572.5500638417143,0.0005621296381593802
2020-03-09 17:07:00,3572.9539894806326,0.0005317982072362166
2020-03-09 17:08:00,3574.8543473913223,0.0005253949443428695
2020-03-09 17:09:00,3574.0214409592586,0.0005196463675080253
2020-03-09 17:10:00,3570.8127792304813,0.0005373662825116102
2020-03-09 17:11:00,3568.0445725998275,0.0005323949798140624
2020-03-09 17:12:00,3565.995601488444,0.0005170136657979316
2020-03-09 17:13:00,3562.7255208923525,0.00053203058741165
2020-03-09 17:14:00,3559.6999873772756,0.0005420518366148147
2020-03-09 17:15:00,3560.1924633107856,0.0005173749943044505
2020-03-09 17:16:00,3561.7083444981486,0.0004897106257104928
2020-03-09 17:17:00,3563.821929203179,0.0005084848784132607
2020-03-09 17:18:00,3562.3782246747787,0.00047784193051727967
2020-03-09 17:19:00,3562.159411364287,0.00046623064627539533
2020-03-09 17:20:00,3561.465990782275,0.0004633537989441641
2020-03-09 17:21:00,3562.7220129219836,0.0004753787619194604
2020-03-09 17:22:00,3567.5286326667924,0.0004484599920722667
2020-03-09 17:23:00,3567.4696116032264,0.0004346684143477887
2020-03-09 17:24:00,3567.081970194287,0.00039132920771949584
2020-03-09 17:25:00,3567.3428367075207,0.00040343710843093045
2020-03-09 17:26:00,3566.2168863230627,0.00039724947385279296
2020-03-09 17:27:00,3566.075049192664,0.0003777204206814136
2020-03-09 17:28:00,3565.686212937687,0.00036668631679659234
2020-03-09 17:29:00,3562.7367252228705,0.00036697155001752605
2020-03-09 17:30:00,3562.1609738542084,0.0003687963366793894
2020-03-09 17:31:00,3561.598902413779,0.000376368500566047
2020-03-09 17:32:00,3560.943531839882,0.00036496896246850726
2020-03-09 17:33:00,3561.7329941824337,0.0003506699858984017
2020-03-09 17:34:00,3560.1524805870463,0.0003572377416697429
2020-03-09 17:35:00,3560.835653685518,0.00036587693705592646
2020-03-09 17:36:00,3560.849267192628,0.000343947069521104
2020-03-09 17:37:00,3559.5772722845277,0.00033440976619685615
2020-03-09 17:38:00,3560.3565358765527,0.00033082385908951546
2020-03-09 17:39:00,3560.991965363516,0.00034131842604955
2020-03-09 17:40:00,3560.451832693712,0.00036113096055379355
2020-03-09 17:41:00,3560.3318498007698,0.00036898441621727206
2020-03-09 17:42:00,3560.0903906444323,0.0003911672230475733
2020-03-09 17:43:00,3562.163751798914,0.00038227893597365795
2020-03-09 17:44:00,3561.405188644675,0.0003713207538224275
2020-03-09 17:45:00,3560.9071389979786,0.0003511196722923729
2020-03-09 17:46:00,3562.3742460188737,0.00032348276119277433
2020-03-09 17:47:00,3562.274692736395,0.00033080715137081906
2020-03-09 17:48:00,3562.6866019823956,0.0003276891718792537
2020-03-09 17:49:00,3560.75353802935,0.0003532480299035986
2020-03-09 17:50:00,3559.943131876531,0.00034904650161074376
2020-03-09 17:51:00,3560.6369936086403,0.0003448237184595676
2020-03-09 17:52:00,3561.9278989954487,0.0003743217614000469
2020-03-09 17:53:00,3559.619545207825,0.0003874803237432626
2020-03-09 17:54:00,3558.7069479836196,0.0003985175227905369
2020-03-09 17:55:00,3559.1423936336396,0.0003786017020866802
2020-03-09 17:56:00,3560.218276495738,0.00042052196003490453
2020-03-09 17:57:00,3561.5119252997415,0.0004594093480819541
2020-03-09 17:58:00,3562.521171049743,0.00045830309405866295
2020-03-09 17:59:00,3565.6617235309764,0.00045552145202648993
2020-03-09 18:00:00,3567.0295211149155,0.00045304046451109407
2020-03-09 18:01:00,3568.068127371101,0.00044983906477738674
2020-03-09 18:02:00,3566.890071944823,0.000429177021776003
2020-03-09 18:03:00,3567.5401049874818,0.0004357304827023807
2020-03-09 18:04:00,3568.1780384468957,0.0004292766802389761
2020-03-09 18:05:00,3567.32039405391,0.00045132442084517134
2020-03-09 18:06:00,3569.53344023773,0.00043422113158838666
2020-03-09 18:07:00,3570.9065418081373,0.0004298828001011072
2020-03-09 18:08:00,3572.5639101754778,0.000424540602912076
2020-03-09 18:09:00,3572.568677508661,0.0003726792732622592
2020-03-09 18:10:00,3571.184136020302,0.00039071741500419004
2020-03-09 18:11:00,3571.9832653634585,0.0003591947138478783
2020-03-09 18:12:00,3573.5296615490047,0.0003435405138168476
2020-03-09 18:13:00,3572.5906062605504,0.00034527055653184075
2020-03-09 18:14:00,3572.1405664809326,0.00033855458182255256
2020-03-09 18:15:00,3572.436753225157,0.00034055532606001805
2020-03-09 18:16:00,3571.612881200802,0.00032069373733989865
2020-03-09 18:17:00,3569.7120328119986,0.0003330574010991959
2020-03-09 18:18:00,3569.638581472776,0.00032762070780415436
2020-03-09 18:19:00,3567.666573069138,0.0003357821636039817
2020-03-09 18:20:00,3567.243548750733,0.0003355632016538418
2020-03-09 18:21:00,3567.4221001962446,0.0003229331028242698
2020-03-09 18:22:00,3566.9303485085807,0.0003189435777191585
2020-03-09 18:23:00,3567.9525735081243,0.0003236725961844534
2020-03-09 18:24:00,3567.072057575309,0.0003147962020995013
2020-03-09 18:25:00,3568.0363170110954,0.0003012404829390251
2020-03-09 18:26:00,3568.8277535351217,0.0003091630919280296
2020-03-09 18:27:00,3568.3729026655847,0.00028967556427218045
2020-03-09 18:28:00,3567.493656179249,0.0002831561695467714
2020-03-09 18:29:00,3565.074960138333,0.00026861570536174204
2020-03-09 18:30:00,3563.5658790130774,0.00028529582794536653
2020-03-09 18:31:00,3563.5646644637727,0.000272551449736316
2020-03-09 18:32:00,3562.6925902323233,0.0002776589333707689
2020-03-09 18:33:00,3564.0071675750432,0.0003040198002743621
2020-03-09 18:34:00,3564.7414071606454,0.00028345231731666644
2020-03-09 18:35:00,3564.32636037737,0.000305052053186787
2020-03-09 18:36:00,3564.511505605248,0.00030180049936234343
2020-03-09 18:37:00,3565.4209457419834,0.00028285538433514345
2020-03-09 18:38:00,3565.1672682366366,0.0002712141105760081
2020-03-09 18:39:00,3562.7388954131484,0.00027141365232831395
2020-03-09 18:40:00,3562.5048910213977,0.00028155224677421653
2020-03-09 18:41:00,3561.3528040501074,0.0002621041226288553
2020-03-09 18:42:00,3561.3884302456277,0.00025445362269932914
2020-03-09 18:43:00,3560.6557373107325,0.00024624812939767884
2020-03-09 18:44:00,3560.5451297014815,0.0002361385731304513
2020-03-09 18:45:00,3560.4720324835557,0.00023727413392076206
2020-03-09 18:46:00,3559.733363106474,0.0002433493071785734
2020-03-09 18:47:00,3561.3377228984796,0.0002404831063348307
2020-03-09 18:48:00,3561.6105093884253,0.0002327268060222353
2020-03-09 18:49:00,3560.3820615698933,0.00022724985689408152
2020-03-09 18:50:00,3560.4708694809074,0.00023631889574349515
2020-03-09 18:51:00,3560.571477324163,0.00023962585622587483
2020-03-09 18:52:00,3560.399550129373,0.00021520554869771449
2020-03-09 18:53:00,3560.200324906188,0.0002126047791475631
2020-03-09 18:54:00,3558.9873985797853,0.00023003693205543858
2020-03-09 18:55:00,3559.578374586592,0.0002277712012275555
2020-03-09 18:56:00,3559.0180366740533,0.00022273489404108328
2020-03-09 18:57:00,3559.62310727475,0.00022695839566970333
2020-03-09 18:58:00,3559.5266768109154,0.0002388050907152643
2020-03-09 18:59:00,3559.233694372881,0.00024475394211913374
2020-03-09 19:00:00,3560.688069592602,0.0002444603746004136
2020-03-09 19:01:00,3560.8637274346825,0.00023244354507215954
2020-03-09 19:02:00,3561.5858540297054,0.000227506041388959
2020-03-09 19:03:00,3560.908212779096,0.00022294428964952755
2020-03-09 19:04:00,3561.340565849322,0.0002187724097125214
2020-03-09 19:05:00,3562.08274325575,0.0002126897572234064
2020-03-09 19:06:00,3561.3411551042877,0.000199613111580292
2020-03-09 19:07:00,3561.0878143939062,0.00020805866782959157
2020-03-09 19:08:00,3561.5275222041296,0.00020797523065278024
2020-03-09 19:09:00,3561.3913305147985,0.00020559608757850112
2020-03-09 19:10:00,3561.469427140403,0.0002132527531058466
2020-03-09 19:11:00,3562.322624705218,0.00022388869939690963
2020-03-09 19:12:00,3562.1352375243823,0.00023430836524734002
2020-03-09 19:13:00,3562.7207784001234,0.00022332860218411083
2020-03-09 19:14:00,3563.3633508517933,0.000230440843311788
2020-03-09 19:15:00,3562.9022364474795,0.0002344191625146758
2020-03-09 19:16:00,3562.550320434367,0.00023717930953768356
2020-03-09 19:17:00,3563.5522844259744,0.00024145123525374593
2020-03-09 19:18:00,3562.7284735250532,0.00023287429007019873
2020-03-09 19:19:00,3562.727017613692,0.00023347255836003847
2020-03-09 19:20:00,3562.127642292484,0.00024229841345007464
2020-03-09 19:21:00,3562.481262914801,0.0002501027576213246
2020-03-09 19:22:00,3561.853258383852,0.00027288944384812433
2020-03-09 19:23:00,3561.211923539198,0.0002913229477689802
2020-03-09 19:24:00,3560.5322776469498,0.0002947320767058812
2020-03-09 19:25:00,3559.551799131345,0.00027218331938788084
2020-03-09 19:26:00,3560.5728720973843,0.0002651531558345886
2020-03-09 19:27:00,3561.3620584492205,0.0002671340245652896
2020-03-09 19:28:00,3562.444406868337,0.0002467553786379143
2020-03-09 19:29:00,3561.4097010315036,0.00023317810450618502
2020-03-09 19:30:00,3561.690499036899,0.00022997387730140705
2020-03-09 19:31:00,3560.6937391707943,0.00022358154499681643
2020-03-09 19:32:00,3561.1423080466257,0.0002089253146259078
2020-03-09 19:33:00,3561.468084297876,0.00019451589987595243
2020-03-09 19:34:00,3561.4381677648757,0.00020395418465159166
2020-03-09 19:35:00,3561.983313407505,0.00021385280091357236
2020-03-09 19:36:00,3561.8746499753947,0.00020779572227204936
2020-03-09 19:37:00,3561.380558369483,0.0001975014166587277
2020-03-09 19:38:00,3560.7691512445185,0.00018768544193524978
2020-03-09 19:39:00,3558.394752761325,0.00018447571674472512
2020-03-09 19:40:00,3559.3099912541147,0.00018102430390737743
2020-03-09 19:41:00,3558.95658063692,0.0001846613977672037
2020-03-09 19:42:00,3559.101700618645,0.0001931909441112545
2020-03-09 19:43:00,3559.037720791253,0.00018292800537154095
2020-03-09 19:44:00,3558.262304314793,0.00018155972258375114
2020-03-09 19:45:00,3557.4371025266037,0.00018986705668979444
2020-03-09 19:46:00,3557.868971948334,0.00018739704920495406
2020-03-09 19:47:00,3556.720481092924,0.00018363145641303892
2020-03-09 19:48:00,3555.891573223743,0.00018433567427361978
2020-03-09 19:49:00,3555.5573563074618,0.00018038077730851002
2020-03-09 19:50:00,3556.184307858241,0.00017637764563819435
2020-03-09 19:51:00,3555.9967746800958,0.00018405594462360595
2020-03-09 19:52:00,3555.6109494465773,0.00018489510353944823
2020-03-09 19:53:00,3557.5488163017553,0.0001911485194239198
2020-03-09 19:54:00,3557.3376763230617,0.00020783997496682272
2020-03-09 19:55:00,3557.372665771676,0.000205197029735737
2020-03-09 19:56:00,3558.3458134599296,0.00021066947721762384
2020-03-09 19:57:00,3558.8570030345973,0.00021639046617759707
2020-03-09 19:58:00,3558.9022228315002,0.00021729844212107466
2020-03-09 19:59:00,3558.9684874094123,0.00022234413883930404
2020-03-10 13:30:00,3689.9404132031077,0.00022723373756391714
2020-03-10 13:31:00,3689.5096989739372,0.00021657199865381024
2020-03-10 13:32:00,3690.0533520823215,0.00021914229166751598
2020-03-10 13:33:00,3689.4937012904825,0.00022296494970300903
2020-03-10 13:34:00,3690.271635085855,0.00023484535064439562
2020-03-10 13:35:00,3690.583525706106,0.00022302199981966175
2020-03-10 13:36:00,3691.0644259489122,0.00021622458623269864
2020-03-10 13:37:00,3691.0828991219632,0.000213784653980803
2020-03-10 13:38:00,3692.2041433938844,0.00019887651019942273
2020-03-10 13:39:00,3691.5235805329958,0.00020823065708838265
2020-03-10 13:40:00,3691.0894651413873,0.00020129026323360835
2020-03-10 13:41:00,3692.0116096466127,0.00021546450146295908
2020-03-10 13:42:00,3692.004158929886,0.00021981065019336207
2020-03-10 13:43:00,3692.1829967091053,0.0002163014569902119
2020-03-10 13:44:00,3691.000328701592,0.00021858575694756377
2020-03-10 13:45:00,3690.5910378982667,0.0002145706779985314
2020-03-10 13:46:00,3690.220691585809,0.0001998190137302101
2020-03-10 13:47:00,3689.6523986040274,0.00020342730861735598
2020-03-10 13:48:00,3689.437383355984,0.00020838497989687484
2020-03-10 13:49:00,3689.5277367561616,0.00020595970808623905
2020-03-10 13:50:00,3688.4381077405988,0.0002013571803491055
2020-03-10 13:51:00,3688.281411668872,0.00019445756090956165
2020-03-10 13:52:00,3687.272929582756,0.00019759378309158252
2020-03-10 13:53:00,3687.1382239058307,0.00021486759088244203
2020-03-10 13:54:00,3687.128168115635,0.00020729868410681288
2020-03-10 13:55:00,3688.0759058868994,0.00020924987741256668
2020-03-10 13:56:00,3687.9902783255347,0.00021145558535076614
2020-03-10 13:57:00,3688.5615116024337,0.00021727997357731037
2020-03-10 13:58:00,3687.627983145803,0.00023080362241726459
2020-03-10 13:59:00,3686.4342672048806,0.00023471246863852063
2020-03-10 14:00:00,3686.737039829041,0.0002356059341387172
2020-03-10 14:01:00,3688.830176331102,0.00022847922498761043
2020-03-10 14:02:00,3689.1146932831816,0.00022337106868053832
2020-03-10 14:03:00,3688.324938672925,0.00023593474459583918
2020-03-10 14:04:00,3689.7849788592644,0.00023548473374672578
2020-03-10 14:05:00,3689.0970818168403,0.00023448590613283764
2020-03-10 14:06:00,3689.539505902715,0.00023251842626613553
2020-03-10 14:07:00,3690.6567607915713,0.0002262887930753427
2020-03-10 14:08:00,3690.1807717890106,0.00022493868598873762
2020-03-10 14:09:00,3690.7720411585224,0.0002466860100557769
2020-03-10 14:10:00,3692.2489763855538,0.0002473922251378346
2020-03-10 14:11:00,3691.6808324615267,0.0002328024634586516
2020-03-10 14:12:00,3690.7971990401247,0.00021810321036144407
2020-03-10 14:13:00,3691.36643716432,0.00020934308579083477
2020-03-10 14:14:00,3690.079806270795,0.00020844437542538299
2020-03-10 14:15:00,3689.817966976262,0.0001913778966456444
2020-03-10 14:16:00,3689.6825077527783,0.00019316395867023596
2020-03-10 14:17:00,3691.737770282953,0.00019488163270055766
2020-03-10 14:18:00,3691.955354062968,0.00018403392373362887
2020-03-10 14:19:00,3691.9193927732044,0.00019430323908817816
2020-03-10 14:20:00,3692.3446152767806,0.00018834590082570328
2020-03-10 14:21:00,3692.822174648628,0.00019289785167842603
2020-03-10 14:22:00,3692.4012500406698,0.0001827743498026107
2020-03-10 14:23:00,3693.0943316123885,0.00019011451275405226
2020-03-10 14:24:00,3693.073776713214,0.00017785424803436436
2020-03-10 14:25:00,3692.990709968055,0.0001858447109780591
2020-03-10 14:26:00,3693.1899257847326,0.00017926162301029337
2020-03-10 14:27:00,3693.4294619615603,0.0001827203975217908
2020-03-10 14:28:00,3692.6834836544335,0.00018722640324367833
2020-03-10 14:29:00,3693.2811331599764,0.00018502000644663244
2020-03-10 14:30:00,3693.403048544095,0.0001825740620812311
2020-03-10 14:31:00,3693.003156293681,0.00018705166331562924
2020-03-10 14:32:00,3692.946326651897,0.00019103438030969815
2020-03-10 14:33:00,3692.0951895398757,0.0001883590587127242
2020-03-10 14:34:00,3691.64488821135,0.00018799675720283972
2020-03-10 14:35:00,3690.685102577231,0.00019315343456853374
2020-03-10 14:36:00,3690.3345786702316,0.00019205262075921355
2020-03-10 14:37:00,3690.608263560524,0.0002014148125404316
2020-03-10 14:38:00,3690.6222414995427,0.0002177742136100011
2020-03-10 14:39:00,3690.6436548135744,0.0002130169727876424
2020-03-10 14:40:00,3691.7073021546003,0.0001981387864793629
2020-03-10 14:41:00,3692.4386530152733,0.00018744564441074675
2020-03-10 14:42:00,3692.732157921798,0.00018691274520255476
2020-03-10 14:43:00,3692.779607895502,0.00018166692738157052
2020-03-10 14:44:00,3692.9804451504606,0.00016955008437786212
2020-03-10 14:45:00,3693.1981889281565,0.00017021855319579365
2020-03-10 14:46:00,3693.060665931436,0.00016149712462658667
2020-03-10 14:47:00,3692.0950975472792,0.0001663793720710919
2020-03-10 14:48:00,3692.105834107996,0.0001716392096972237
2020-03-10 14:49:00,3691.8166344621663,0.000173641423000898
2020-03-10 14:50:00,3692.246673003622,0.00017207967483558664
2020-03-10 14:51:00,3692.3162928232227,0.00017228361906725
2020-03-10 14:52:00,3692.2037558455,0.00017847294508373536
2020-03-10 14:53:00,3691.695214650892,0.00018683211917762022
2020-03-10 14:54:00,3691.3314633217306,0.0001978355138552713
2020-03-10 14:55:00,3690.2257721258916,0.00018965315232753258
2020-03-10 14:56:00,3689.1007891967915,0.0001891011263154945
2020-03-10 14:57:00,3688.862333635753,0.00018949712120199801
2020-03-10 14:58:00,3688.9971823314054,0.0001865854056975283
2020-03-10 14:59:00,3688.5785020806356,0.00017918858152928357
2020-03-10 15:00:00,3688.3608167934512,0.00019217853145256592
2020-03-10 15:01:00,3688.5442174932027,0.00019359244630310434
2020-03-10 15:02:00,3689.9730746655887,0.0001855830463469416
2020-03-10 15:03:00,3691.017573000017,0.00018052770912777282
2020-03-10 15:04:00,3691.3415977259506,0.0001694415115006155
2020-03-10 15:05:00,3690.796959641448,0.00016601079465137665
2020-03-10 15:06:00,3689.2016640025804,0.0001679144187574168
2020-03-10 15:07:00,3689.94916520095,0.00017241054136942226
2020-03-10 15:08:00,3689.2252272574297,0.0001654475396269848
2020-03-10 15:09:00,3690.11050843824,0.00017119810717292723
2020-03-10 15:10:00,3689.6868817442714,0.00017946964400224368
2020-03-10 15:11:00,3689.9168619930347,0.00017477617731020056
2020-03-10 15:12:00,3690.0965859729495,0.00018790986698054806
2020-03-10 15:13:00,3690.9192578682637,0.00018911139632062584
2020-03-10 15:14:00,3690.7750378250153,0.00019653599504617053
2020-03-10 15:15:00,3691.0671210716882,0.00021172348355282016
2020-03-10 15:16:00,3691.28970091413,0.00022374747768821055
2020-03-10 15:17:00,3690.1714373187397,0.00022458325192707294
2020-03-10 15:18:00,3691.2750597882573,0.00022012692295149893
2020-03-10 15:19:00,3691.934103155684,0.00022140622975279323
2020-03-10 15:20:00,3691.8123145642926,0.00021754903277574865
2020-03-10 15:21:00,3691.904132485275,0.00022713291630030815
2020-03-10 15:22:00,3691.4654882944574,0.00022372544217394552
2020-03-10 15:23:00,3692.7882376361713,0.00023524889000082908
2020-03-10 15:24:00,3692.127448649708,0.0002479316645024055
2020-03-10 15:25:00,3692.7886593179464,0.00022671601391805124
2020-03-10 15:26:00,3692.7259963943457,0.000209608888738592
2020-03-10 15:27:00,3693.0056546821647,0.0002061475231782538
2020-03-10 15:28:00,3692.784085656643,0.00021671432972111875
2020-03-10 15:29:00,3693.3651664831305,0.0002244800449475546
2020-03-10 15:30:00,3692.42852396204,0.00022148715028315173
2020-03-10 15:31:00,3691.4799592281743,0.0002156607646815764
2020-03-10 15:32:00,3690.257203361907,0.00020539173403235687
2020-03-10 15:33:00,3689.6355011740907,0.0002025627724516576
2020-03-10 15:34:00,3688.4925091049754,0.00018341867757000843
2020-03-10 15:35:00,3688.258397694872,0.0001880436038633826
2020-03-10 15:36:00,3688.2561081126737,0.00019684780171667522
2020-03-10 15:37:00,3688.7979960169396,0.00019026299767723481
2020-03-10 15:38:00,3689.1406690443023,0.00019211317701955016
2020-03-10 15:39:00,3690.221645734495,0.00017131205554599135
2020-03-10 15:40:00,3689.6406928362544,0.00018409892150675588
2020-03-10 15:41:00,3688.993186177852,0.0001834514033019711
2020-03-10 15:42:00,3688.8942067420917,0.00017902610285145326
2020-03-10 15:43:00,3688.1098605334264,0.00018222934262546265
2020-03-10 15:44:00,3687.5437841786147,0.00018874106401116516
2020-03-10 15:45:00,3687.9591032095504,0.00019642283836094064
2020-03-10 15:46:00,3686.6354459070362,0.00019969174269824684
2020-03-10 15:47:00,3685.904789688804,0.0001976487317503063
2020-03-10 15:48:00,3685.485441478198,0.00020726271018946016
2020-03-10 15:49:00,3686.3934715025184,0.00021535105463881568
2020-03-10 15:50:00,3685.6670964341397,0.0002146955466505176
2020-03-10 15:51:00,3685.81403097128,0.00021514544050439717
2020-03-10 15:52:00,3685.3535030163903,0.00021688319055412325
2020-03-10 15:53:00,3684.8098074866753,0.00022143835240284276
2020-03-10 15:54:00,3686.2062236044835,0.00022034249579215684
2020-03-10 15:55:00,3685.743012785969,0.0002021750270771536
2020-03-10 15:56:00,3686.6608014974936,0.00020523029554765293
2020-03-10 15:57:00,3686.6084356527813,0.00020195507850681048
2020-03-10 15:58:00,3686.998529213133,0.00021087581564486975
2020-03-10 15:59:00,3685.7434611498256,0.00020687388516410022
2020-03-10 16:00:00,3685.9816070047827,0.00021400603680389767
2020-03-10 16:01:00,3686.3451898479093,0.0002200998795300373
2020-03-10 16:02:00,3686.3156661842368,0.000213195854233181
2020-03-10 16:03:00,3687.0532292083067,0.0002177439530714214
2020-03-10 16:04:00,3686.079275512379,0.00021812695426777194
2020-03-10 16:05:00,3686.3406222864196,0.0002403811837057226
2020-03-10 16:06:00,3687.0775235298793,0.00023637243547408663
2020-03-10 16:07:00,3687.280376742795,0.00023189225512189844
2020-03-10 16:08:00,3687.472052338877,0.00022464192383070262
2020-03-10 16:09:00,3686.2680842221553,0.00020591202846485885
2020-03-10 16:10:00,3686.8094514602953,0.00019756336651448856
2020-03-10 16:11:00,3687.513506645994,0.00018847689108018696
2020-03-10 16:12:00,3687.729811087884,0.00016934974081674598
2020-03-10 16:13:00,3687.5490737693276,0.0001817087294353072
2020-03-10 16:14:00,3687.0251604717314,0.00019859499445568606
2020-03-10 16:15:00,3686.9175436666633,0.00019302894277470215
2020-03-10 16:16:00,3686.202857972611,0.0002030974731568453
2020-03-10 16:17:00,3686.349597766532,0.00022236467424050995
2020-03-10 16:18:00,3688.7720120633307,0.00022480900930410577
2020-03-10 16:19:00,3689.1993382344053,0.0002513920326472468
2020-03-10 16:20:00,3688.710140828631,0.00023700179891169716
2020-03-10 16:21:00,3688.400798004269,0.00023784125491878224
2020-03-10 16:22:00,3687.964388579926,0.00022176279213571368
2020-03-10 16:23:00,3687.9767833466417,0.00020207989413290435
2020-03-10 16:24:00,3686.880390712437,0.00020449971087342013
2020-03-10 16:25:00,3685.821402376327,0.00022176996627738937
2020-03-10 16:26:00,3686.222052966236,0.00021144399962683472
2020-03-10 16:27:00,3685.7927562515592,0.00021164844319423735
2020-03-10 16:28:00,3684.2255842795876,0.0002176904100094941
2020-03-10 16:29:00,3684.8934050913435,0.00022134001503769702
2020-03-10 16:30:00,3685.766214007163,0.00021773878334388342
2020-03-10 16:31:00,3686.070152329978,0.00021170616647214738
2020-03-10 16:32:00,3685.9349568373877,0.00021198879579936578
2020-03-10 16:33:00,3685.3321508938534,0.00021582947456406338
2020-03-10 16:34:00,3684.8280548935054,0.00021883407216862483
2020-03-10 16:35:00,3683.9227797586427,0.0002183299526655015
2020-03-10 16:36:00,3683.0053900109474,0.00021777792371513845
2020-03-10 16:37:00,3683.875012288272,0.00022140250073774653
2020-03-10 16:38:00,3684.4356950774313,0.0002132635900103305
2020-03-10 16:39:00,3684.0386498094117,0.00021197401727584525
2020-03-10 16:40:00,3683.7368060730782,0.00021340242176330358
2020-03-10 16:41:00,3683.870888524932,0.00021871933999866662
2020-03-10 16:42:00,3683.4267802112076,0.00022328887569074085
2020-03-10 16:43:00,3683.410857351771,0.0001996658425289719
2020-03-10 16:44:00,3684.0976917503094,0.00018967026453371377
2020-03-10 16:45:00,3684.377382745079,0.00019476454711370007
2020-03-10 16:46:00,3683.9246323898665,0.00018267621260816265
2020-03-10 16:47:00,3683.196973023055,0.0001734773365899496
2020-03-10 16:48:00,3683.078367163977,0.00015508343552493383
2020-03-10 16:49:00,3682.9742322785937,0.00014795100414935177
2020-03-10 16:50:00,3682.6273915652396,0.0001502534945231249
2020-03-10 16:51:00,3682.8085466252883,0.00015353944732805902
2020-03-10 16:52:00,3683.72633881803,0.00015108360354464475
2020-03-10 16:53:00,3684.269499391263,0.000144602581480001
2020-03-10 16:54:00,3684.8754620892055,0.00013891358217710603
2020-03-10 16:55:00,3685.062839097348,0.00013254876929359475
2020-03-10 16:56:00,3683.744279343467,0.00013069722324484873
2020-03-10 16:57:00,3682.8624561892184,0.00012871083377041993
2020-03-10 16:58:00,3683.461567764491,0.000139151962149149
2020-03-10 16:59:00,3683.4826716995335,0.00012845575679487403
2020-03-10 17:00:00,3683.382843958838,0.00012659703458231398
2020-03-10 17:01:00,3683.3631369272184,0.00011578465857229613
2020-03-10 17:02:00,3682.4887479247336,0.00011610097056011828
2020-03-10 17:03:00,3682.510557695975,0.00011476956526411675
2020-03-10 17:04:00,3682.1852392971423,0.0001146139974685858
2020-03-10 17:05:00,3682.802541589776,0.00010783613063211785
2020-03-10 17:06:00,3682.9293232220684,0.00010394035851041569
2020-03-10 17:07:00,3682.939062654839,0.00010127752671549189
2020-03-10 17:08:00,3682.80023349554,0.00010678198723554048
2020-03-10 17:09:00,3682.65358373698,0.00010588786338008193
2020-03-10 17:10:00,3682.618479323383,0.00011201281549744957
2020-03-10 17:11:00,3682.8343491830583,0.00010326450128636563
2020-03-10 17:12:00,3682.442488946678,0.00010233535366689098
2020-03-10 17:13:00,3682.1302632060556,9.860442749575389e-05
2020-03-10 17:14:00,3682.401536928065,0.00010352030557291613
2020-03-10 17:15:00,3682.3744428414225,9.357843227073776e-05
2020-03-10 17:16:00,3682.2052782151395,0.00010868721238389649
2020-03-10 17:17:00,3682.296824854501,0.00010037228353351377
2020-03-10 17:18:00,3681.6324479538043,9.441737604792334e-05
2020-03-10 17:19:00,3681.566363608211,8.882370645008752e-05
2020-03-10 17:20:00,3681.3704879130046,8.93511713955266e-05
2020-03-10 17:21:00,3680.7789465898045,8.361342522561398e-05
2020-03-10 17:22:00,3680.545162403858,8.485981025752638e-05
2020-03-10 17:23:00,3680.188063172831,8.338650671246843e-05
2020-03-10 17:24:00,3680.332795657696,8.450099994764135e-05
2020-03-10 17:25:00,3680.4151474751184,8.259746192640125e-05
2020-03-10 17:26:00,3680.328235223867,8.704236626826176e-05
2020-03-10 17:27:00,3679.676552953661,8.463112337105793e-05
2020-03-10 17:28:00,3679.1076736503023,8.168864397775243e-05
2020-03-10 17:29:00,3679.385157047841,8.226231570714259e-05
2020-03-10 17:30:00,3679.4262147888567,8.031837176060528e-05
2020-03-10 17:31:00,3678.4657952312205,8.733134140817111e-05
2020-03-10 17:32:00,3678.0159841738446,8.460241475549987e-05
2020-03-10 17:33:00,3677.351590604118,8.742368507276568e-05
2020-03-10 17:34:00,3676.9862021924496,9.569460410080205e-05
2020-03-10 17:35:00,3676.9952237905763,9.714134883597246e-05
2020-03-10 17:36:00,3676.953231558533,0.00010006715999390494
2020-03-10 17:37:00,3677.316361139042,0.00010173345617878178
2020-03-10 17:38:00,3677.710398390215,9.669053778870208e-05
2020-03-10 17:39:00,3677.4243878952,0.00010309366770615592
2020-03-10 17:40:00,3677.1162078541456,9.441223717976254e-05
2020-03-10 17:41:00,3676.6845490392907,9.185768129556799e-05
2020-03-10 17:42:00,3676.296349466067,9.336774650030626e-05
2020-03-10 17:43:00,3676.092491996499,8.897130456661859e-05
2020-03-10 17:44:00,3676.9393250987373,8.855766209808678e-05
2020-03-10 17:45:00,3676.736043665696,8.89541411058129e-05
2020-03-10 17:46:00,3676.678239505846,8.932408031706226e-05
2020-03-10 17:47:00,3676.580245970373,8.997443710867584e-05
2020-03-10 17:48:00,3676.7754111350296,8.263898907870086e-05
2020-03-10 17:49:00,3676.749199384675,8.640009316179636e-05
2020-03-10 17:50:00,3676.9261388560617,8.701284860559626e-05
2020-03-10 17:51:00,3677.283915581274,9.063326048494726e-05
2020-03-10 17:52:00,3677.0723840872615,9.144930829673737e-05
2020-03-10 17:53:00,3677.2512565654342,9.40990254594856e-05
2020-03-10 17:54:00,3676.659208362364,9.429065578963406e-05
2020-03-10 17:55:00,3676.6248068610766,9.582351949413596e-05
2020-03-10 17:56:00,3676.13358002472,9.357002448483732e-05
2020-03-10 17:57:00,3676.7452869890967,9.090196415065526e-05
2020-03-10 17:58:00,3676.518641768536,8.506484525023207e-05
2020-03-10 17:59:00,3675.917265696418,8.69892648781662e-05
2020-03-10 18:00:00,3675.5686047191525,8.983305408346465e-05
2020-03-10 18:01:00,3675.2279541202365,8.911880589960039e-05
2020-03-10 18:02:00,3675.898573872428,9.609424991379045e-05
2020-03-10 18:03:00,3675.5451461490156,9.884239373409668e-05
2020-03-10 18:04:00,3675.0888592975466,0.00010377478082912488
2020-03-10 18:05:00,3675.155707208106,0.00010350438748136132
2020-03-10 18:06:00,3675.130366862131,9.82966697871562e-05
2020-03-10 18:07:00,3675.5206384601474,9.795408593074402e-05
2020-03-10 18:08:00,3675.8049583502166,9.273761382265089e-05
2020-03-10 18:09:00,3675.932889378578,8.961860120484389e-05
2020-03-10 18:10:00,3675.8779007304665,8.365765282866015e-05
2020-03-10 18:11:00,3675.893300355237,8.44103692119335e-05
2020-03-10 18:12:00,3676.603578650159,8.4666952955802e-05
2020-03-10 18:13:00,3676.542934108901,8.225207763016281e-05
2020-03-10 18:14:00,3676.2986651179754,8.261349721821192e-05
2020-03-10 18:15:00,3676.2075081973794,8.263123368205744e-05
2020-03-10 18:16:00,3675.980145959495,7.691380779293343e-05
2020-03-10 18:17:00,3675.524713963365,7.696759769215781e-05
2020-03-10 18:18:00,3675.5378899018656,7.602645062638836e-05
2020-03-10 18:19:00,3675.6579300099743,7.608778846182298e-05
2020-03-10 18:20:00,3675.4892224065784,7.611298215677971e-05
2020-03-10 18:21:00,3675.2592451875316,7.919075377327792e-05
2020-03-10 18:22:00,3674.861105676921,7.903087220029997e-05
2020-03-10 18:23:00,3674.6021844389916,7.660971250668755e-05
2020-03-10 18:24:00,3674.5618072370553,7.512590966896706e-05
2020-03-10 18:25:00,3674.108150129573,7.367243394798808e-05
2020-03-10 18:26:00,3674.130452512035,7.216651571965714e-05
2020-03-10 18:27:00,3673.4915875469223,6.891302904775771e-05
2020-03-10 18:28:00,3673.2786245885577,7.66840658223948e-05
2020-03-10 18:29:00,3673.628957726407,7.610057089115086e-05
2020-03-10 18:30:00,3673.3770201745738,7.612695572965386e-05
2020-03-10 18:31:00,3673.029291393534,7.474454098644309e-05
2020-03-10 18:32:00,3672.5661345478184,7.253019784974635e-05
2020-03-10 18:33:00,3672.2743068225304,7.159937700409352e-05
2020-03-10 18:34:00,3671.893665417173,7.589053924004e-05
2020-03-10 18:35:00,3671.4056333014264,7.29735850925653e-05
2020-03-10 18:36:00,3671.2972954324296,6.635412752739259e-05
2020-03-10 18:37:00,3671.1437713070964,6.31175462581723e-05
2020-03-10 18:38:00,3671.2143158836125,6.564424853156874e-05
2020-03-10 18:39:00,3670.870940375376,6.800115652787686e-05
2020-03-10 18:40:00,3670.482588289607,7.00210540239927e-05
2020-03-10 18:41:00,3670.1867283996103,6.529212375597278e-05
2020-03-10 18:42:00,3670.1571401537863,6.16223337010212e-05
2020-03-10 18:43:00,3670.0245917606826,6.275180890058534e-05
2020-03-10 18:44:00,3669.913854337836,6.302731764450527e-05
2020-03-10 18:45:00,3670.0209184300265,6.388886628831728e-05
2020-03-10 18:46:00,3669.839308153402,6.590918786380803e-05
2020-03-10 18:47:00,3669.842022848855,6.301964422772649e-05
2020-03-10 18:48:00,3669.443568770746,6.149762840560034e-05
2020-03-10 18:49:00,3669.6085846926394,6.69830332344773e-05
2020-03-10 18:50:00,3669.190774913526,6.106232614557077e-05
2020-03-10 18:51:00,3668.8344793172423,6.486166886462014e-05
2020-03-10 18:52:00,3668.5710556662475,6.486865952743538e-05
2020-03-10 18:53:00,3668.450936363877,6.31854879075615e-05
2020-03-10 18:54:00,3668.6646651602878,6.392326248324704e-05
2020-03-10 18:55:00,3668.8916268775215,6.186109783935626e-05
2020-03-10 18:56:00,3668.885767382927,6.112082083927086e-05
2020-03-10 18:57:00,3669.1666262851572,5.932418901735232e-05
2020-03-10 18:58:00,3669.3824053272356,6.16610069600169e-05
2020-03-10 18:59:00,3669.0080010912648,6.187267900120234e-05
2020-03-10 19:00:00,3669.0891133628593,6.103800689056365e-05
2020-03-10 19:01:00,3669.533102445047,6.40769663367134e-05
2020-03-10 19:02:00,3669.4144084821332,6.129777418158579e-05
2020-03-10 19:03:00,3669.3840183819066,6.14458207141475e-05
2020-03-10 19:04:00,3669.169934937322,6.413521716613742e-05
2020-03-10 19:05:00,3669.0802840479087,6.504010151287925e-05
2020-03-10 19:06:00,3669.1925571135607,6.595414401335449e-05
2020-03-10 19:07:00,3668.789974549462,6.17149129074104e-05
2020-03-10 19:08:00,3668.4970539579776,6.20078181740739e-05
2020-03-10 19:09:00,3668.38335668615,6.367716780962344e-05
2020-03-10 19:10:00,3668.432833202626,6.151012220917348e-05
2020-03-10 19:11:00,3668.6694061964445,6.86701964185432e-05
2020-03-10 19:12:00,3668.778710041804,6.697421879653376e-05
2020-03-10 19:13:00,3668.8147793676258,7.060308318073097e-05
2020-03-10 19:14:00,3668.713073381877,7.501068004214911e-05
2020-03-10 19:15:00,3668.062664602749,7.688205901416323e-05
2020-03-10 19:16:00,3667.856000771449,7.869254726851834e-05
2020-03-10 19:17:00,3667.5064799079437,7.848169147626051e-05
2020-03-10 19:18:00,3667.0920511803547,7.441438158229302e-05
2020-03-10 19:19:00,3666.842804008796,7.333597062439127e-05
2020-03-10 19:20:00,3667.0989314930775,7.443183652286966e-05
2020-03-10 19:21:00,3666.7017847767447,7.688767405275423e-05
2020-03-10 19:22:00,3666.920975612652,7.746211987005286e-05
2020-03-10 19:23:00,3667.0284776968356,8.017610989864109e-05
2020-03-10 19:24:00,3667.029952590999,8.379276768977648e-05
2020-03-10 19:25:00,3667.2736278886146,8.608747616162785e-05
2020-03-10 19:26:00,3666.972055728148,8.791394448064578e-05
2020-03-10 19:27:00,3666.598956811567,8.778099332914516e-05
2020-03-10 19:28:00,3666.5516125187173,8.733459446681527e-05
2020-03-10 19:29:00,3666.2220645135485,9.1510189444312e-05
2020-03-10 19:30:00,3665.715505228609,9.103730935647199e-05
2020-03-10 19:31:00,3665.7671837377707,9.0389242727858e-05
2020-03-10 19:32:00,3665.6996433804384,9.57468353937107e-05
2020-03-10 19:33:00,3665.820424915785,9.470711850577824e-05
2020-03-10 19:34:00,3665.515086079425,0.00010259852721118748
2020-03-10 19:35:00,3664.720016188491,0.00010936716190867364
2020-03-10 19:36:00,3665.0529327109107,0.00010816773089535789
2020-03-10 19:37:00,3663.904552450534,0.00012376855914250564
2020-03-10 19:38:00,3663.7679026914057,0.00011542050541213558
2020-03-10 19:39:00,3663.9151296844816,0.00011482604437885193
2020-03-10 19:40:00,3663.4051210075413,0.00011557357825745795
2020-03-10 19:41:00,3663.1691371090105,0.0001200867553041751
2020-03-10 19:42:00,3663.201861752035,0.00012735729966224216
2020-03-10 19:43:00,3662.695283217413,0.00013044974351863353
2020-03-10 19:44:00,3663.033487438271,0.000134064661016622
2020-03-10 19:45:00,3662.6308821493208,0.00013088950520979078
2020-03-10 19:46:00,3661.9808739696564,0.00012862245886528006
2020-03-10 19:47:00,3660.6893834397806,0.0001297238824771099
2020-03-10 19:48:00,3660.4175776468824,0.00012510374929476073
2020-03-10 19:49:00,3661.316671772739,0.00012575127321849818
2020-03-10 19:50:00,3661.2737901972696,0.0001274367391610894
2020-03-10 19:51:00,3660.8754553636277,0.0001382030477042139
2020-03-10 19:52:00,3660.7829894534666,0.00014011254159424123
2020-03-10 19:53:00,3661.2083624331212,0.00014941699222883892
2020-03-10 19:54:00,3661.3380737143725,0.00014359262283493554
2020-03-10 19:55:00,3661.597082105687,0.00014387659733935536
2020-03-10 19:56:00,3661.375104844122,0.00013876706907695619
2020-03-10 19:57:00,3661.6955972635083,0.0001381095416158382
2020-03-10 19:58:00,3661.13772289632,0.00014673233831266925
2020-03-10 19:59:00,3660.1054438896626,0.0001539886814876759
2020-03-11 13:30:00,3709.600222609177,0.00015508665874384433
2020-03-11 13:31:00,3708.5354653127806,0.00016751083043106931
2020-03-11 13:32:00,3708.084603677522,0.00017524454991955387
2020-03-11 13:33:00,3707.773154472236,0.00016771170721246236
2020-03-11 13:34:00,3706.736627335098,0.00016699232828766878
2020-03-11 13:35:00,3706.051761999306,0.00017408031758858153
2020-03-11 13:36:00,3706.7736659183297,0.0001674266647264571
2020-03-11 13:37:00,3707.143488329525,0.00017040595729116568
2020-03-11 13:38:00,3708.379214349979,0.00017501632658297923
2020-03-11 13:39:00,3708.6824452430915,0.00017991529509826592
2020-03-11 13:40:00,3708.840098350639,0.0001687916898085169
2020-03-11 13:41:00,3708.530020483589,0.00017283250571135256
2020-03-11 13:42:00,3709.237411988331,0.00017141813407402714
2020-03-11 13:43:00,3709.730026590078,0.00016642832149283042
2020-03-11 13:44:00,3710.159811715457,0.00017300465956489257
2020-03-11 13:45:00,3710.0366288879477,0.00017944812544130957
2020-03-11 13:46:00,3710.3826346853284,0.00017638307743213935
2020-03-11 13:47:00,3710.7383118299413,0.00015868754552170625
2020-03-11 13:48:00,3710.8448553908133,0.00016031979611284212
2020-03-11 13:49:00,3710.3737180683133,0.00016977190234031717
2020-03-11 13:50:00,3710.2895679123194,0.00016895411250304014
2020-03-11 13:51:00,3710.4832468203244,0.0001632527246191224
2020-03-11 13:52:00,3709.4800711817543,0.00016380093730105242
2020-03-11 13:53:00,3708.5956259227396,0.00016870522351398128
2020-03-11 13:54:00,3709.015037127644,0.00017469806364244127
2020-03-11 13:55:00,3709.2090342791316,0.0001853739955866447
2020-03-11 13:56:00,3708.895956332539,0.0001972947887205299
2020-03-11 13:57:00,3709.391210806339,0.0001928676579106129
2020-03-11 13:58:00,3710.0089299675874,0.00019297022600749166
2020-03-11 13:59:00,3709.946909818172,0.00020371623229661673
2020-03-11 14:00:00,3709.791464859697,0.0002085496208871433
2020-03-11 14:01:00,3708.861967756935,0.00021029116861908512
2020-03-11 14:02:00,3708.960473912251,0.00022249838054089048
2020-03-11 14:03:00,3708.1070542898774,0.00021898417062955153
2020-03-11 14:04:00,3707.9784522388695,0.000225594109801431
2020-03-11 14:05:00,3707.4314846318966,0.00021530437498077818
2020-03-11 14:06:00,3707.923772562044,0.00020884150483140438
2020-03-11 14:07:00,3707.7110514520687,0.0002193380169398028
2020-03-11 14:08:00,3708.0260344501435,0.00022293924426920503
2020-03-11 14:09:00,3709.1316317520195,0.0002151869888601039
2020-03-11 14:10:00,3709.1651169197435,0.0002054775027366639
2020-03-11 14:11:00,3709.0063491998644,0.00018860698362389914
2020-03-11 14:12:00,3708.8809956548243,0.00019934170230104765
2020-03-11 14:13:00,3710.0904294396405,0.00020341327780900082
2020-03-11 14:14:00,3711.4069981962334,0.00020629403968245533
2020-03-11 14:15:00,3712.598071990739,0.00020682302985402523
2020-03-11 14:16:00,3712.866509855038,0.00022429464536969016
2020-03-11 14:17:00,3712.6183717429108,0.00020909639143396828
2020-03-11 14:18:00,3712.5151400471846,0.00020221763858006763
2020-03-11 14:19:00,3711.6032969043063,0.00021120301791938847
2020-03-11 14:20:00,3711.369273166487,0.00021519750274775476
2020-03-11 14:21:00,3710.905143392134,0.00022440799961549152
2020-03-11 14:22:00,3709.581910434425,0.00022448209869192054
2020-03-11 14:23:00,3709.661210591268,0.0002278766666241809
2020-03-11 14:24:00,3709.2543093848385,0.00024566917210195016
2020-03-11 14:25:00,3708.0372351297938,0.00024526705197044105
2020-03-11 14:26:00,3706.788832738546,0.0002523864280415046
2020-03-11 14:27:00,3707.4090413416593,0.0002578416465028031
2020-03-11 14:28:00,3705.7164899209756,0.00024684115261301254
2020-03-11 14:29:00,3702.8630961884937,0.00025393265748215044
2020-03-11 14:30:00,3701.630834875305,0.0002532943516880712
2020-03-11 14:31:00,3703.70917273712,0.0002522548906755353
2020-03-11 14:32:00,3702.825827752801,0.0002737077834910436
2020-03-11 14:33:00,3703.1180948861183,0.00027512684595637965
2020-03-11 14:34:00,3702.2086537591445,0.00028011561579484334
2020-03-11 14:35:00,3701.751253118505,0.0002954305163830391
2020-03-11 14:36:00,3701.712639988165,0.00029115589411084827
2020-03-11 14:37:00,3700.797345347311,0.0003124355369693944
2020-03-11 14:38:00,3700.5814047651575,0.0003344238211070847
2020-03-11 14:39:00,3698.340892508892,0.00031843140235952844
2020-03-11 14:40:00,3697.6490992343947,0.00032489639740453775
2020-03-11 14:41:00,3695.9988483007937,0.0003018215126606453
2020-03-11 14:42:00,3695.8234969279924,0.0003426818978822507
2020-03-11 14:43:00,3697.2426549677343,0.00034064841196728053
2020-03-11 14:44:00,3698.717364370063,0.0003442947945281099
2020-03-11 14:45:00,3699.196842180474,0.00034027397906319823
2020-03-11 14:46:00,3700.0903579275478,0.0003524246668185052
2020-03-11 14:47:00,3702.0215562731687,0.0003635518302391303
2020-03-11 14:48:00,3703.0342939225184,0.0003623190237893966
2020-03-11 14:49:00,3701.9094539928305,0.0003356969104882069
2020-03-11 14:50:00,3703.2895293471784,0.0003468123771818877
2020-03-11 14:51:00,3703.3940215271687,0.0003404423506923138
2020-03-11 14:52:00,3704.7026308136633,0.00034991523793859945
2020-03-11 14:53:00,3704.0417416698347,0.0003555969349588416
2020-03-11 14:54:00,3703.5787502277935,0.0003388095426935533
2020-03-11 14:55:00,3706.443984249267,0.00034311978841740354
2020-03-11 14:56:00,3707.815386584569,0.0003059061891071366
2020-03-11 14:57:00,3708.0027622310677,0.00029200146810234547
2020-03-11 14:58:00,3707.407645734553,0.0002811180761124323
2020-03-11 14:59:00,3707.5181068836223,0.0002729732518911988
2020-03-11 15:00:00,3709.751993482843,0.00027458659727414714
2020-03-11 15:01:00,3709.370001606901,0.00026619308198250354
2020-03-11 15:02:00,3707.9660089621607,0.0002611661110771799
2020-03-11 15:03:00,3708.1066115634635,0.0002614610618562185
2020-03-11 15:04:00,3707.6427663047543,0.0002496873795171047
2020-03-11 15:05:00,3706.143619062614,0.0002638707597358116
2020-03-11 15:06:00,3704.92379242601,0.000264686808071144
2020-03-11 15:07:00,3704.1482027066722,0.0002471928551123139
2020-03-11 15:08:00,3705.0805841987253,0.0002473977421164162
2020-03-11 15:09:00,3704.4977694041913,0.0002417036938814102
2020-03-11 15:10:00,3704.9170266287188,0.00022642839329623454
2020-03-11 15:11:00,3704.2595381045962,0.0002313002202118047
2020-03-11 15:12:00,3704.119406722158,0.0002470371148373942
2020-03-11 15:13:00,3702.2897295590265,0.00025490745432119277
2020-03-11 15:14:00,3702.9167234576553,0.00024232390322990405
2020-03-11 15:15:00,3701.912424203685,0.0002462111049769943
2020-03-11 15:16:00,3701.8198950122546,0.00025790313443740346
2020-03-11 15:17:00,3703.341033015228,0.0002593889641694987
2020-03-11 15:18:00,3701.710149070275,0.00026290539534783874
2020-03-11 15:19:00,3702.276608900252,0.0002633920089417548
2020-03-11 15:20:00,3703.123341976425,0.0002665725412366618
2020-03-11 15:21:00,3702.354099033331,0.0002550392951232862
2020-03-11 15:22:00,3703.0615667079715,0.00024457297535516884
2020-03-11 15:23:00,3702.50027836286,0.00022546274395803128
2020-03-11 15:24:00,3702.770078959743,0.00022857645214401583
2020-03-11 15:25:00,3701.855788458326,0.00023045276215693597
2020-03-11 15:26:00,3701.719393359833,0.0002331382094975339
2020-03-11 15:27:00,3702.357230598993,0.0002332043511701274
2020-03-11 15:28:00,3703.4234851403457,0.00023823479412496938
2020-03-11 15:29:00,3703.381414939322,0.0002460712696983352
2020-03-11 15:30:00,3702.31369366336,0.00024350273595844332
2020-03-11 15:31:00,3702.0417073709546,0.00021952790426557492
2020-03-11 15:32:00,3703.592053362856,0.0002091126879378104
2020-03-11 15:33:00,3704.2137883064574,0.00021311648532837282
2020-03-11 15:34:00,3704.006827730573,0.00020815247223812704
2020-03-11 15:35:00,3703.3746191134487,0.0002036448113421089
2020-03-11 15:36:00,3704.0998720406064,0.00021009758699187312
2020-03-11 15:37:00,3704.1425142396206,0.00022188244703671867
2020-03-11 15:38:00,3703.1500071081327,0.00024324812618914933
2020-03-11 15:39:00,3703.3430505203355,0.00023658065462632994
2020-03-11 15:40:00,3702.3640126806417,0.00023484223834172133
2020-03-11 15:41:00,3702.0388409986326,0.00023390957575701083
2020-03-11 15:42:00,3701.994004405703,0.00024228762161727943
2020-03-11 15:43:00,3701.3988207832545,0.0002483518230637066
2020-03-11 15:44:00,3702.270944744794,0.00024178451780263867
2020-03-11 15:45:00,3702.0978878958636,0.0002520284734624052
2020-03-11 15:46:00,3701.1429442542258,0.00025833097852475165
2020-03-11 15:47:00,3699.8006898730027,0.00025167865885562693
2020-03-11 15:48:00,3700.6997932472245,0.00025384951504077137
2020-03-11 15:49:00,3702.1774339082435,0.00023574970788188822
2020-03-11 15:50:00,3702.5401204646705,0.0002095725425413578
2020-03-11 15:51:00,3701.876890733302,0.00020256242548169148
2020-03-11 15:52:00,3701.4308451146394,0.00019006652090097038
2020-03-11 15:53:00,3701.750867414621,0.0001886917439654486
2020-03-11 15:54:00,3701.8251604432908,0.00018627837093741184
2020-03-11 15:55:00,3702.238776238658,0.00017104757963817
2020-03-11 15:56:00,3702.337984965951,0.00018630754948068185
2020-03-11 15:57:00,3703.26110567042,0.00019061404754126455
2020-03-11 15:58:00,3703.839020439016,0.0001771444859560832
2020-03-11 15:59:00,3704.3087481556313,0.00017445533238594213
2020-03-11 16:00:00,3703.376793717299,0.00016634397714169265
2020-03-11 16:01:00,3702.9634761734337,0.00017392733277227007
2020-03-11 16:02:00,3703.439016061735,0.00016118733748923052
2020-03-11 16:03:00,3702.6760559972427,0.00015517901257364186
2020-03-11 16:04:00,3702.164110450565,0.00015088297342545732
2020-03-11 16:05:00,3702.2678760900926,0.0001558864753363208
2020-03-11 16:06:00,3702.5512215120903,0.00015752841257560008
2020-03-11 16:07:00,3702.7080035557533,0.00016092895683469312
2020-03-11 16:08:00,3701.8100228086078,0.00016823932327200458
2020-03-11 16:09:00,3701.9301035946223,0.00016192927901420126
2020-03-11 16:10:00,3703.209207312072,0.00016010414826072734
2020-03-11 16:11:00,3703.0599089056777,0.0001633298474770321
2020-03-11 16:12:00,3703.237029201148,0.00016852068533840651
2020-03-11 16:13:00,3703.2581057275124,0.00017680877621276567
2020-03-11 16:14:00,3701.902957886448,0.0001648907866065984
2020-03-11 16:15:00,3702.497603071219,0.00018411022611914768
2020-03-11 16:16:00,3702.194912822217,0.00018136996437783813
2020-03-11 16:17:00,3702.373765003849,0.00017471873086824543
2020-03-11 16:18:00,3701.4740352338204,0.00017903672529938068
2020-03-11 16:19:00,3701.2067006061297,0.0001837708966672976
2020-03-11 16:20:00,3700.653596965266,0.00017034032934258876
2020-03-11 16:21:00,3701.620119424518,0.00017393328041665794
2020-03-11 16:22:00,3701.3560327936993,0.00018683411646657137
2020-03-11 16:23:00,3701.955264212215,0.00018868075363616974
2020-03-11 16:24:00,3702.4767550355295,0.00020147216745749813
2020-03-11 16:25:00,3703.4869461260355,0.00020653061235212546
2020-03-11 16:26:00,3702.9277508341406,0.00018749671700998507
2020-03-11 16:27:00,3703.6167486999016,0.00018315861562692498
2020-03-11 16:28:00,3704.7086766399,0.00018362767180689325
2020-03-11 16:29:00,3704.9834778906243,0.0001829906175914535
2020-03-11 16:30:00,3705.482977634363,0.00019734829760365534
2020-03-11 16:31:00,3704.63753422888,0.00020796300477073836
2020-03-11 16:32:00,3703.326964838549,0.00020739361459633812
2020-03-11 16:33:00,3702.8882356290437,0.00020557647968663025
2020-03-11 16:34:00,3701.0366893733617,0.0002028541415065918
2020-03-11 16:35:00,3699.8630726308975,0.00022255115033272135
2020-03-11 16:36:00,3698.8983401618857,0.00022555988773788856
2020-03-11 16:37:00,3699.241942523926,0.0002393669626842759
2020-03-11 16:38:00,3700.9338227068242,0.00023056724022709604
2020-03-11 16:39:00,3698.85874184575,0.0002485074487071779
2020-03-11 16:40:00,3699.3150684465845,0.00023971025349065514
2020-03-11 16:41:00,3698.4252824068053,0.0002292989156528191
2020-03-11 16:42:00,3696.698926087722,0.00024089016899254455
2020-03-11 16:43:00,3697.8342258360763,0.00025334486100433637
2020-03-11 16:44:00,3697.5039306496683,0.0002551110382005397
2020-03-11 16:45:00,3697.9699702825837,0.00026142236188647205
2020-03-11 16:46:00,3697.0228867443952,0.0002622902585585161
2020-03-11 16:47:00,3697.4076873997956,0.0002598496894131588
2020-03-11 16:48:00,3697.484402613186,0.0002452872117259283
2020-03-11 16:49:00,3698.1414486842873,0.00022653051172170536
2020-03-11 16:50:00,3699.212475114753,0.00021223359477132191
2020-03-11 16:51:00,3700.492903286449,0.00022122157871540046
2020-03-11 16:52:00,3700.3690957243266,0.00020319251982885722
2020-03-11 16:53:00,3702.1138638669618,0.0002060742217742132
2020-03-11 16:54:00,3702.271315136851,0.0002056289863543207
2020-03-11 16:55:00,3702.6267389723107,0.0001994736181462091
2020-03-11 16:56:00,3703.265289763388,0.00019327031151650335
2020-03-11 16:57:00,3704.945378606905,0.00019604534554939847
2020-03-11 16:58:00,3704.493950412712,0.000188323583873744
2020-03-11 16:59:00,3704.0105212898143,0.0001862627091434664
2020-03-11 17:00:00,3704.3310553713677,0.00017587737520606753
2020-03-11 17:01:00,3702.7906514370284,0.00017713393235975193
2020-03-11 17:02:00,3703.5101828039283,0.0001784225894118805
2020-03-11 17:03:00,3703.0649058729427,0.00017736168504453665
2020-03-11 17:04:00,3702.822091031786,0.00016579196429385604
2020-03-11 17:05:00,3701.449714774678,0.00016805084938433814
2020-03-11 17:06:00,3701.1551985478054,0.00017582970335496256
2020-03-11 17:07:00,3700.668319403922,0.0001761846116193616
2020-03-11 17:08:00,3701.4083643945546,0.00017823859624898977
2020-03-11 17:09:00,3701.302595923926,0.00018442029837901507
2020-03-11 17:10:00,3701.592058164562,0.000183996220804927
2020-03-11 17:11:00,3701.0215754934397,0.00019292854598763795
2020-03-11 17:12:00,3700.0812122551415,0.00020337133680170755
2020-03-11 17:13:00,3700.6413032622186,0.0002003732247298213
2020-03-11 17:14:00,3699.157448867509,0.00020684033274656548
2020-03-11 17:15:00,3699.7808344910322,0.00020575234098609918
2020-03-11 17:16:00,3699.1651064513394,0.00020287058914787397
2020-03-11 17:17:00,3699.1519754639316,0.00021372573442806776
2020-03-11 17:18:00,3700.1145568963393,0.00021018674356569698
2020-03-11 17:19:00,3700.156771462163,0.00020438628503266493
2020-03-11 17:20:00,3700.560864512861,0.00020009211718245213
2020-03-11 17:21:00,3699.524978733061,0.00020781125490796121
2020-03-11 17:22:00,3699.2395960163853,0.000215419785768119
2020-03-11 17:23:00,3697.891499443929,0.00020600437965816488
2020-03-11 17:24:00,3697.940097514923,0.00019393589902596734
2020-03-11 17:25:00,3697.514246724439,0.00018871289995430076
2020-03-11 17:26:00,3696.774529093197,0.00018967501476160748
2020-03-11 17:27:00,3696.900037727635,0.00019288701203173375
2020-03-11 17:28:00,3696.0349577157817,0.00021024515272708282
2020-03-11 17:29:00,3696.0384931004846,0.00020883430919085686
2020-03-11 17:30:00,3695.967914592825,0.00021890820481001462
2020-03-11 17:31:00,3696.1548147867143,0.00021091296476423834
2020-03-11 17:32:00,3696.9859786698553,0.00020973802014170954
2020-03-11 17:33:00,3697.3809591986214,0.00023533131227917013
2020-03-11 17:34:00,3696.41978069323,0.0002496700156216212
2020-03-11 17:35:00,3697.2550426111543,0.00025591800857145154
2020-03-11 17:36:00,3697.6051727626905,0.0002503638942389606
2020-03-11 17:37:00,3698.8451771368036,0.0002484999016200213
2020-03-11 17:38:00,3698.5526036584542,0.00023666915566007595
2020-03-11 17:39:00,3700.2295483897697,0.00023895449118734613
2020-03-11 17:40:00,3699.832186018061,0.0002424411940386223
2020-03-11 17:41:00,3699.4722624418864,0.00024277325494839475
2020-03-11 17:42:00,3699.560056126593,0.00024740457363685086
2020-03-11 17:43:00,3697.2266847902592,0.00025860880715478514
2020-03-11 17:44:00,3696.730662439725,0.0002619934970617631
2020-03-11 17:45:00,3695.5285405903624,0.000247943160228626
2020-03-11 17:46:00,3696.139288169247,0.0002742156388072225
2020-03-11 17:47:00,3695.94915570387,0.00025137553117026947
2020-03-11 17:48:00,3695.934179386618,0.0002596770284133096
2020-03-11 17:49:00,3695.775319223882,0.00024221952554146745
2020-03-11 17:50:00,3694.683674367431,0.0002479006412289316
2020-03-11 17:51:00,3696.5787990428994,0.00023923683045155736
2020-03-11 17:52:00,3695.3555585125973,0.0002434790826941913
2020-03-11 17:53:00,3695.4336192192677,0.00024191673585809048
2020-03-11 17:54:00,3695.4101177655975,0.00023809077332930187
2020-03-11 17:55:00,3693.983057827932,0.0002586185875418271
2020-03-11 17:56:00,3695.1673614537344,0.000267129535387844
2020-03-11 17:57:00,3694.0580419623216,0.0002822773470712001
2020-03-11 17:58:00,3693.954505031283,0.000281225944795586
2020-03-11 17:59:00,3694.1542549728733,0.0002825180674949512
2020-03-11 18:00:00,3694.7774700475184,0.0002927406688407546
2020-03-11 18:01:00,3694.407988629111,0.0002781702271605497
2020-03-11 18:02:00,3693.4485118428393,0.00026575629117378454
2020-03-11 18:03:00,3692.662269847504,0.0002689459921895559
2020-03-11 18:04:00,3692.752846256155,0.00024069442435380352
2020-03-11 18:05:00,3694.292117807714,0.00025456424049451095
2020-03-11 18:06:00,3693.575087224168,0.0002621187650681342
2020-03-11 18:07:00,3693.6803890038314,0.0002646748484339882
2020-03-11 18:08:00,3692.457505188496,0.0002827886078507987
2020-03-11 18:09:00,3691.6699812253255,0.00027656932270009614
2020-03-11 18:10:00,3691.857549491281,0.0002861920542095424
2020-03-11 18:11:00,3692.3440830694435,0.00028683965734513877
2020-03-11 18:12:00,3694.2059692049543,0.0002710972902683312
2020-03-11 18:13:00,3693.4434729776576,0.00027853421576205356
2020-03-11 18:14:00,3693.9042609347575,0.0002750384768236771
2020-03-11 18:15:00,3692.56418936303,0.0002636005957870591
2020-03-11 18:16:00,3693.368552938091,0.0002562945201568235
2020-03-11 18:17:00,3692.4400967011666,0.0002726780886304203
2020-03-11 18:18:00,3692.92749639805,0.0002605292254934155
2020-03-11 18:19:00,3694.428422165958,0.00026189052054647406
2020-03-11 18:20:00,3693.4331272753893,0.000264215898747375
2020-03-11 18:21:00,3695.2885252030383,0.0002721158109425482
2020-03-11 18:22:00,3694.3844153641885,0.00028981925378952696
2020-03-11 18:23:00,3696.152242188816,0.00028159316775947196
2020-03-11 18:24:00,3697.5791936758287,0.00027958313684426744
2020-03-11 18:25:00,3696.917276998498,0.0002844104035902242
2020-03-11 18:26:00,3695.9491005976874,0.0002778390741892112
2020-03-11 18:27:00,3694.6684321035573,0.00027163944053088977
2020-03-11 18:28:00,3695.63725039143,0.00026773987811734313
2020-03-11 18:29:00,3694.471178288173,0.0002816598412437459
2020-03-11 18:30:00,3696.0651935676046,0.0002784388206996579
2020-03-11 18:31:00,3697.3298654958635,0.0002869030066052154
2020-03-11 18:32:00,3698.1641337975484,0.0002738707595822164
2020-03-11 18:33:00,3698.1184801746695,0.0002813988211475088
2020-03-11 18:34:00,3698.5521862771334,0.0003025901766169395
2020-03-11 18:35:00,3697.5207107903498,0.0003094822375719988
2020-03-11 18:36:00,3697.449922323645,0.00030945912311822633
2020-03-11 18:37:00,3697.8880681453215,0.00029714633155294805
2020-03-11 18:38:00,3696.5846142624414,0.0003010680871666146
2020-03-11 18:39:00,3697.558193770827,0.0003055305368023936
2020-03-11 18:40:00,3698.5984205061877,0.00032083010313524424
2020-03-11 18:41:00,3699.5114639685535,0.0003194833164127258
2020-03-11 18:42:00,3699.327203474367,0.0003150674430180445
2020-03-11 18:43:00,3698.308617302312,0.0003280887626041979
2020-03-11 18:44:00,3698.3877178558773,0.00034019763412949445
2020-03-11 18:45:00,3697.9653136618854,0.0003463849737075736
2020-03-11 18:46:00,3696.8449628329413,0.0003305100485840315
2020-03-11 18:47:00,3698.162185325835,0.00033466312365395217
2020-03-11 18:48:00,3699.353135693428,0.00032859831657079566
2020-03-11 18:49:00,3699.1544998723007,0.00032567702537374517
2020-03-11 18:50:00,3699.6883243653724,0.0003361818334440624
2020-03-11 18:51:00,3699.668098935394,0.0003234944462865599
2020-03-11 18:52:00,3698.0631701321417,0.0003255381208648742
2020-03-11 18:53:00,3696.611848868942,0.0003233911412042381
2020-03-11 18:54:00,3696.897821082825,0.0003006681845744867
2020-03-11 18:55:00,3696.165009251913,0.00029491262969834104
2020-03-11 18:56:00,3695.6828716465347,0.00029652323797519275
2020-03-11 18:57:00,3695.606346295657,0.00030688234121142925
2020-03-11 18:58:00,3694.209581041172,0.0003009469738222114
2020-03-11 18:59:00,3693.4090939953026,0.0003001417455009324
2020-03-11 19:00:00,3693.0280302746164,0.0003098785580548495
2020-03-11 19:01:00,3692.2495234830885,0.0002901219015030131
2020-03-11 19:02:00,3692.090719491105,0.00028507290944851285
2020-03-11 19:03:00,3692.3862426965597,0.0002799720281108206
2020-03-11 19:04:00,3692.2749355333085,0.0002700706861206833
2020-03-11 19:05:00,3692.634401022928,0.00029803982773487
2020-03-11 19:06:00,3692.6755035971923,0.00029966916819582605
2020-03-11 19:07:00,3692.3557030034654,0.00032514719755649007
2020-03-11 19:08:00,3690.7913112857404,0.0003096621358619695
2020-03-11 19:09:00,3690.332872987793,0.0002974576513761031
2020-03-11 19:10:00,3689.220126225794,0.00029611213700632286
2020-03-11 19:11:00,3687.709015147246,0.00030093151698584123
2020-03-11 19:12:00,3686.9006612835924,0.0003148696651011958
2020-03-11 19:13:00,3687.766449735767,0.00031482644976182174
2020-03-11 19:14:00,3686.0220915474692,0.00032282534810410403
2020-03-11 19:15:00,3685.2192968730487,0.00032059615738145425
2020-03-11 19:16:00,3685.7667736592907,0.0003230638309385802
2020-03-11 19:17:00,3683.8887347221835,0.00032771217640856145
2020-03-11 19:18:00,3684.2062551746035,0.00032708572204942786
2020-03-11 19:19:00,3685.8995390842083,0.00035322116056732877
2020-03-11 19:20:00,3682.8424487764773,0.0003356279607782191
2020-03-11 19:21:00,3683.118612263925,0.00031647466619366075
2020-03-11 19:22:00,3683.8054019974898,0.0003253487581525752
2020-03-11 19:23:00,3683.1952509552248,0.0003419469203138659
2020-03-11 19:24:00,3684.9618802774626,0.0003458364121733685
2020-03-11 19:25:00,3683.694683607665,0.00034073604823140884
2020-03-11 19:26:00,3683.4534602588183,0.000326996180687114
2020-03-11 19:27:00,3686.507269779617,0.000340645570978155
2020-03-11 19:28:00,3686.519376330115,0.000324467576435555
2020-03-11 19:29:00,3687.3493225010284,0.00031248240205310706
2020-03-11 19:30:00,3688.146359961644,0.0002970069313377291
2020-03-11 19:31:00,3687.52100372588,0.00030781297389245775
2020-03-11 19:32:00,3687.016847168632,0.00030824465269511556
2020-03-11 19:33:00,3687.3044292961504,0.0003081962808464973
2020-03-11 19:34:00,3688.1651964752596,0.00030714386236249745
2020-03-11 19:35:00,3688.958638403712,0.0002893201995481687
2020-03-11 19:36:00,3688.4696863652807,0.000306553377831813
2020-03-11 19:37:00,3688.086662027477,0.0003257326045811455
2020-03-11 19:38:00,3688.251639721991,0.00031525428314950135
2020-03-11 19:39:00,3685.2195303836656,0.0003201257347815967
2020-03-11 19:40:00,3684.8625301607676,0.00033409922411173007
2020-03-11 19:41:00,3684.5923061129415,0.0003632567681219132
2020-03-11 19:42:00,3683.70111987068,0.00036801797602967873
2020-03-11 19:43:00,3682.5192683783916,0.0003306105776440114
2020-03-11 19:44:00,3683.7910281447434,0.00032961332492196957
2020-03-11 19:45:00,3682.6788072177446,0.0003311417789326127
2020-03-11 19:46:00,3682.5470018148703,0.0003333771884419848
2020-03-11 19:47:00,3684.132237036644,0.0003606055006466398
2020-03-11 19:48:00,3682.2484494680907,0.00033424242108858317
2020-03-11 19:49:00,3682.4978760479803,0.0003142540676634928
2020-03-11 19:50:00,3681.8018957476643,0.00029251136271697957
2020-03-11 19:51:00,3682.184468237157,0.0002710462697118807
2020-03-11 19:52:00,3680.691924337839,0.0002634561328844119
2020-03-11 19:53:00,3679.472312637756,0.0002676389396361315
2020-03-11 19:54:00,3678.772676269836,0.00027894341769924404
2020-03-11 19:55:00,3678.222711197713,0.0002673744825370058
2020-03-11 19:56:00,3676.509918420603,0.0002575488754529721
2020-03-11 19:57:00,3676.6244863797865,0.00027723019676859605
2020-03-11 19:58:00,3678.9496476999925,0.000291468065241776
2020-03-11 19:59:00,3679.575502313547,0.0003064452069310595
2020-03-12 13:30:00,3458.116399988262,0.0003216456531157854
2020-03-12 13:31:00,3455.2149572564304,0.0003318116826069393
2020-03-12 13:32:00,3454.215505727855,0.00030948353835210117
2020-03-12 13:33:00,3454.329840281422,0.0003006324634080809
2020-03-12 13:34:00,3452.2720592131645,0.00032116080863679454
2020-03-12 13:35:00,3451.5607167931857,0.0003245745849940784
2020-03-12 13:36:00,3451.4953230063293,0.00033431522783066787
2020-03-12 13:37:00,3450.5649675064506,0.0003313608243236067
2020-03-12 13:38:00,3450.2341284131116,0.0003413696813716862
2020-03-12 13:39:00,3449.2682572121885,0.00032252563276815937
2020-03-12 13:40:00,3448.5005832996803,0.00034520117434207675
2020-03-12 13:41:00,3448.4479721172183,0.0003705591835442853
2020-03-12 13:42:00,3450.517764766765,0.0003690560588573165
2020-03-12 13:43:00,3450.2599660137,0.00036915982054583623
2020-03-12 13:44:00,3451.774986524636,0.0003680572909787271
2020-03-12 13:45:00,3450.625308664181,0.00038810663633451523
2020-03-12 13:46:00,3447.188760926437,0.0004006657695868448
2020-03-12 13:47:00,3447.6713307128907,0.0003760901456136194
2020-03-12 13:48:00,3446.7386821753353,0.00036245875886506683
2020-03-12 13:49:00,3446.1605339766515,0.0003590414584760443
2020-03-12 13:50:00,3445.1239666582665,0.00034239487008174227
2020-03-12 13:51:00,3443.9340647559056,0.00033934588761168436
2020-03-12 13:52:00,3444.779458163185,0.0003543742414269168
2020-03-12 13:53:00,3445.0039986707857,0.0003855682532151059
2020-03-12 13:54:00,3445.8612262890933,0.0003739286799852247
2020-03-12 13:55:00,3447.0597060105756,0.00038884295950395294
2020-03-12 13:56:00,3446.367309177781,0.000421497069742774
2020-03-12 13:57:00,3446.823159388043,0.0004180892964499984
2020-03-12 13:58:00,3448.058302451163,0.00042661523644447536
2020-03-12 13:59:00,3444.8205515666955,0.00044882793943835404
2020-03-12 14:00:00,3441.9964343254237,0.00043345340298217724
2020-03-12 14:01:00,3440.50771329087,0.00040949664735710225
2020-03-12 14:02:00,3439.0226457564436,0.00039621829448507385
2020-03-12 14:03:00,3440.55503790199,0.0004031218958408093
2020-03-12 14:04:00,3442.1180230658756,0.000410330589926102
2020-03-12 14:05:00,3443.0740789980646,0.0004019308967836345
2020-03-12 14:06:00,3444.3939808785967,0.0004031551029712925
2020-03-12 14:07:00,3442.886518684409,0.00041383659493307963
2020-03-12 14:08:00,3444.3423670130737,0.0004238337154511245
2020-03-12 14:09:00,3444.89490836087,0.00042259930181807293
2020-03-12 14:10:00,3445.400974388549,0.0004009618934477368
2020-03-12 14:11:00,3445.952592517086,0.00041365082971565046
2020-03-12 14:12:00,3445.259729587529,0.0004147984583714644
2020-03-12 14:13:00,3447.2688608241333,0.00043093605854828887
2020-03-12 14:14:00,3448.1262279809657,0.00041301494033491146
2020-03-12 14:15:00,3447.2985371960513,0.0003911283530678157
2020-03-12 14:16:00,3444.811278702627,0.00038599309099422556
2020-03-12 14:17:00,3444.5035883597848,0.0003988739607543936
2020-03-12 14:18:00,3444.128925223471,0.0003976307529661694
2020-03-12 14:19:00,3443.340762617723,0.00037781385553755867
2020-03-12 14:20:00,3442.972928406107,0.0003528904490055049
2020-03-12 14:21:00,3443.381290502741,0.00037691086073282366
2020-03-12 14:22:00,3443.3009835176103,0.0003999933834829673
2020-03-12 14:23:00,3442.2653441956218,0.0004270887836654687
2020-03-12 14:24:00,3440.5902808798737,0.00045530266125348023
2020-03-12 14:25:00,3438.085371511878,0.00044825300143276175
2020-03-12 14:26:00,3438.3522234735965,0.00044450834939418555
2020-03-12 14:27:00,3437.7561574338365,0.0004438102577406553
2020-03-12 14:28:00,3438.2766768589995,0.0004660481539115828
2020-03-12 14:29:00,3438.3791589543157,0.0004578494104676086
2020-03-12 14:30:00,3437.15430273494,0.0004035412214574176
2020-03-12 14:31:00,3437.081081336986,0.00036891141274339624
2020-03-12 14:32:00,3436.7774630002996,0.0003577939028534864
2020-03-12 14:33:00,3438.689348404077,0.0003143902673104162
2020-03-12 14:34:00,3438.7481217834998,0.00032506794720023037
2020-03-12 14:35:00,3438.757413064269,0.0003224544958102779
2020-03-12 14:36:00,3438.974453345507,0.00032827773732875787
2020-03-12 14:37:00,3437.9947223216577,0.000311381150106175
2020-03-12 14:38:00,3438.7322104434834,0.00030547000243460185
2020-03-12 14:39:00,3438.3665364945673,0.00032207462287988167
2020-03-12 14:40:00,3437.3981457514897,0.0003121705460309144
2020-03-12 14:41:00,3438.2757789403386,0.00031859079591579583
2020-03-12 14:42:00,3438.0797011667296,0.0003257756458189092
2020-03-12 14:43:00,3436.487732092414,0.00033702152706379724
2020-03-12 14:44:00,3436.9747162171966,0.00033344517633474344
2020-03-12 14:45:00,3438.72066187919,0.0003438923121854437
2020-03-12 14:46:00,3438.2148521857853,0.0003409381523704112
2020-03-12 14:47:00,3436.782719000114,0.0003643433603118178
2020-03-12 14:48:00,3437.1175860848844,0.00036316746359637723
2020-03-12 14:49:00,3436.226119562531,0.0003681013956128086
2020-03-12 14:50:00,3436.1097273125492,0.00034064224988504635
2020-03-12 14:51:00,3433.3670463754875,0.00036179982726733563
2020-03-12 14:52:00,3435.661566522808,0.0003755220440799339
2020-03-12 14:53:00,3435.7990633274712,0.00038217064776853703
2020-03-12 14:54:00,3437.5589921948613,0.0003918597259917484
2020-03-12 14:55:00,3437.5554297000576,0.000393392664716188
2020-03-12 14:56:00,3437.567882087201,0.00039051714633975336
2020-03-12 14:57:00,3434.5494862977835,0.0003612593184808995
2020-03-12 14:58:00,3433.2189181139906,0.0003719411218465061
2020-03-12 14:59:00,3434.590305390745,0.00037848219783599317
2020-03-12 15:00:00,3432.86160220149,0.0003681339535171717
2020-03-12 15:01:00,3434.1506546002597,0.0003653415878851506
2020-03-12 15:02:00,3434.001589012737,0.0003900693461898664
2020-03-12 15:03:00,3435.6323086668513,0.00040561620907191665
2020-03-12 15:04:00,3430.8832233616336,0.00039625590226595166
2020-03-12 15:05:00,3430.563524020279,0.0004094812496987211
2020-03-12 15:06:00,3430.0588185776196,0.0004046010036523839
2020-03-12 15:07:00,3430.75976899739,0.0004218784237372131
2020-03-12 15:08:00,3430.416719717023,0.00043698552343146194
2020-03-12 15:09:00,3430.699591425872,0.00045980128264329524
2020-03-12 15:10:00,3430.0621939407633,0.00042258828308966336
2020-03-12 15:11:00,3431.253905234912,0.000404714180750955
2020-03-12 15:12:00,3431.634106106795,0.0004161626344803832
2020-03-12 15:13:00,3431.693584536245,0.0003810343610758301
2020-03-12 15:14:00,3432.9275875487715,0.000363370882113991
2020-03-12 15:15:00,3432.644855232052,0.00036214122496876043
2020-03-12 15:16:00,3432.219462923098,0.0003581846929817521
2020-03-12 15:17:00,3433.6414830560875,0.00035335191240652556
2020-03-12 15:18:00,3430.7709351999824,0.0003676225777660718
2020-03-12 15:19:00,3429.257720652793,0.0003836028287982997
2020-03-12 15:20:00,3430.6729349546417,0.0004007406675746257
2020-03-12 15:21:00,3430.599247719988,0.00037119733205888194
2020-03-12 15:22:00,3431.885450803545,0.0003694175291837593
2020-03-12 15:23:00,3431.938516853097,0.0003583968209916067
2020-03-12 15:24:00,3430.526374633317,0.000350317790387011
2020-03-12 15:25:00,3429.087234451377,0.00037783440416910147
2020-03-12 15:26:00,3427.6030119068173,0.0003784886220910572
2020-03-12 15:27:00,3427.9051719306694,0.00036221200944536685
2020-03-12 15:28:00,3426.520173654714,0.0003526557401309471
2020-03-12 15:29:00,3427.2841893845534,0.00035085244507469625
2020-03-12 15:30:00,3427.849476603347,0.0003590729296210185
2020-03-12 15:31:00,3427.58455473961,0.0003414764548554395
2020-03-12 15:32:00,3429.773254084516,0.0003462448777249975
2020-03-12 15:33:00,3428.6795126397783,0.00035625507264629836
2020-03-12 15:34:00,3427.093318642635,0.00036395897966876685
2020-03-12 15:35:00,3428.472889934515,0.00036018292124412945
2020-03-12 15:36:00,3428.9506845373144,0.0003632419460003922
2020-03-12 15:37:00,3427.492761421948,0.0003356840493597027
2020-03-12 15:38:00,3427.606576531247,0.00033369280244367245
2020-03-12 15:39:00,3427.7188760110425,0.0003384417685246007
2020-03-12 15:40:00,3427.620175937146,0.0003268531614735537
2020-03-12 15:41:00,3427.1490221365752,0.00031581873437998894
2020-03-12 15:42:00,3424.702427482172,0.000304963085058775
2020-03-12 15:43:00,3423.013758401073,0.0003146934264744884
2020-03-12 15:44:00,3421.7848433186623,0.0003079435651279975
2020-03-12 15:45:00,3423.483372395807,0.0003207076572908756
2020-03-12 15:46:00,3423.6141868174286,0.00035366065276441663
2020-03-12 15:47:00,3423.004630211736,0.00035790423352044266
2020-03-12 15:48:00,3423.1427480175325,0.00037630733761401377
2020-03-12 15:49:00,3423.2219163848317,0.000407157687738969
2020-03-12 15:50:00,3425.162639619246,0.00038480841211434714
2020-03-12 15:51:00,3427.0689083038988,0.00036565408247775545
2020-03-12 15:52:00,3425.0452489264003,0.0003478102361890321
2020-03-12 15:53:00,3425.9059087629043,0.00035176923072692225
2020-03-12 15:54:00,3427.9333704778164,0.00034917714900139276
2020-03-12 15:55:00,3426.530822272787,0.00036497147511756894
2020-03-12 15:56:00,3425.233640737427,0.0003806718102276089
2020-03-12 15:57:00,3424.7805851326084,0.00037884161572804194
2020-03-12 15:58:00,3424.3424042498928,0.00038916655133371976
2020-03-12 15:59:00,3423.897127880293,0.0004273497171435962
2020-03-12 16:00:00,3424.7184646468004,0.0004134525875609691
2020-03-12 16:01:00,3426.718711100162,0.0003881810973341482
2020-03-12 16:02:00,3426.932169748546,0.00036849839633584493
2020-03-12 16:03:00,3427.1770089249862,0.00038335533779646825
2020-03-12 16:04:00,3424.6033903227294,0.00036268707793902046
2020-03-12 16:05:00,3424.1216599367676,0.0003639736681198984
2020-03-12 16:06:00,3424.231059794447,0.0003567391839782145
2020-03-12 16:07:00,3424.0024311007037,0.0003484961893276884
2020-03-12 16:08:00,3423.5377980751105,0.0003559271170839944
2020-03-12 16:09:00,3423.0703296599377,0.0003316683043522519
2020-03-12 16:10:00,3423.0083206293098,0.00036074491105648446
2020-03-12 16:11:00,3423.2395344857537,0.00036898901674643173
2020-03-12 16:12:00,3421.101378972429,0.00037164489793901776
2020-03-12 16:13:00,3421.191887456275,0.00040425570321934805
2020-03-12 16:14:00,3420.6168223501863,0.00038266897936694856
2020-03-12 16:15:00,3421.411474423595,0.0003869680146951275
2020-03-12 16:16:00,3421.8757432444495,0.00037963334765365515
2020-03-12 16:17:00,3424.2055966594053,0.0003606361915459922
2020-03-12 16:18:00,3424.7038064486296,0.0003577770602743104
2020-03-12 16:19:00,3426.37538210165,0.0003940913767211571
2020-03-12 16:20:00,3425.416156853171,0.0003939378359985282
2020-03-12 16:21:00,3424.865078938197,0.00040660378586902904
2020-03-12 16:22:00,3426.469074204956,0.0003987803531171769
2020-03-12 16:23:00,3428.5253663373237,0.0004069013436890118
2020-03-12 16:24:00,3425.7315109591113,0.00040306679530246635
2020-03-12 16:25:00,3426.1617066500025,0.00041724902893516385
2020-03-12 16:26:00,3427.2436050914293,0.000409322597163528
2020-03-12 16:27:00,3425.8862489807193,0.00038532004538276447
2020-03-12 16:28:00,3425.3184665742697,0.00040232970796239394
2020-03-12 16:29:00,3423.648974609094,0.00038435047404321
2020-03-12 16:30:00,3425.07491945078,0.00039891119126110955
2020-03-12 16:31:00,3425.51838752285,0.00039010620823116336
2020-03-12 16:32:00,3424.2320684363563,0.0004077256193352576
2020-03-12 16:33:00,3424.6065523461707,0.0004266368442779155
2020-03-12 16:34:00,3422.663915077629,0.0004410602873656189
2020-03-12 16:35:00,3418.7715929494484,0.0004527594273370386
2020-03-12 16:36:00,3418.005751788238,0.0004302064931403078
2020-03-12 16:37:00,3420.9654257258617,0.0004508339877633064
2020-03-12 16:38:00,3421.306537287818,0.00040515715001407545
2020-03-12 16:39:00,3419.71282639103,0.0004294686685895442
2020-03-12 16:40:00,3420.1629762600046,0.00045291965851206555
2020-03-12 16:41:00,3420.647524919196,0.0004483152564862512
2020-03-12 16:42:00,3425.014925025957,0.0004287108627751221
2020-03-12 16:43:00,3423.034139609163,0.0004374707862964262
2020-03-12 16:44:00,3423.2232421471826,0.000438752277233594
2020-03-12 16:45:00,3423.2269846798677,0.0004638017267767119
2020-03-12 16:46:00,3421.1649198061837,0.00045729036762280845
2020-03-12 16:47:00,3422.2576852803872,0.0004759789459792437
2020-03-12 16:48:00,3423.089530558496,0.0004412608954192362
2020-03-12 16:49:00,3423.216438382101,0.0004350152642624136
2020-03-12 16:50:00,3421.954776762301,0.00043562845034568194
2020-03-12 16:51:00,3420.1399420372013,0.00043492271185919146
2020-03-12 16:52:00,3418.866746700964,0.0004470582884346501
2020-03-12 16:53:00,3416.4819662389104,0.0004495735125820496
2020-03-12 16:54:00,3416.8501539549793,0.0004313470966343514
2020-03-12 16:55:00,3415.2801266955435,0.00041735739960493484
2020-03-12 16:56:00,3412.6284141808333,0.0004381673849792259
2020-03-12 16:57:00,3410.768270072076,0.0004318527018382127
2020-03-12 16:58:00,3409.1218787265752,0.00041273215911608773
2020-03-12 16:59:00,3410.6864638199627,0.0004148726948400976
2020-03-12 17:00:00,3412.431836814518,0.000427085888293145
2020-03-12 17:01:00,3415.3497365811063,0.00044285779438410093
2020-03-12 17:02:00,3413.9328631540284,0.00046265632559064666
2020-03-12 17:03:00,3414.9415361249635,0.0004514281045548903
2020-03-12 17:04:00,3416.7860221244096,0.0004332599434193395
2020-03-12 17:05:00,3415.767652452147,0.00043137330066133603
2020-03-12 17:06:00,3415.809457005498,0.00041113589935926943
2020-03-12 17:07:00,3416.854844708763,0.00042001165390332187
2020-03-12 17:08:00,3417.515046197761,0.00043079549385538967
2020-03-12 17:09:00,3416.8304264385806,0.00040961070864977187
2020-03-12 17:10:00,3415.242009800906,0.00045501326712267396
2020-03-12 17:11:00,3414.929326290194,0.0004558029747119778
2020-03-12 17:12:00,3414.8076666585425,0.0004906898061031754
2020-03-12 17:13:00,3416.020366099223,0.0004678302004529741
2020-03-12 17:14:00,3412.797727489167,0.00047156070747480426
2020-03-12 17:15:00,3413.0547667361493,0.00048463308618429797
2020-03-12 17:16:00,3408.6044223745375,0.0005026506289746498
2020-03-12 17:17:00,3410.766152235307,0.0005192271652357766
2020-03-12 17:18:00,3414.996569888431,0.0005801448169906003
2020-03-12 17:19:00,3417.0281473263294,0.0005650155483446805
2020-03-12 17:20:00,3417.9272754933354,0.0005384414664447866
2020-03-12 17:21:00,3418.6060180602894,0.0005144701666461477
2020-03-12 17:22:00,3418.959090991628,0.000512222826364987
2020-03-12 17:23:00,3416.9834137707007,0.00050194938941386
2020-03-12 17:24:00,3415.6183236959773,0.0005192624676420497
2020-03-12 17:25:00,3414.5397321440596,0.000494650762515998
2020-03-12 17:26:00,3416.2297713216835,0.0004939967859441275
2020-03-12 17:27:00,3414.4965381615652,0.00048736537054990713
2020-03-12 17:28:00,3415.5964048523206,0.0004929880500293675
2020-03-12 17:29:00,3417.659751212648,0.0005019020052624123
2020-03-12 17:30:00,3424.5912432520404,0.00048676845815726213
2020-03-12 17:31:00,3420.9106498835217,0.000498293775071671
2020-03-12 17:32:00,3418.9996064685797,0.0005052728017550114
2020-03-12 17:33:00,3420.2520102393037,0.00048168264185799957
2020-03-12 17:34:00,3421.1871291864536,0.0004577300027091426
2020-03-12 17:35:00,3425.7201041135727,0.0004570099427508718
2020-03-12 17:36:00,3425.9424102765915,0.0004887553085978029
2020-03-12 17:37:00,3424.476664367118,0.0005070517417647057
2020-03-12 17:38:00,3422.795911913997,0.0005222401485684348
2020-03-12 17:39:00,3425.0892133538496,0.0005080551554306733
2020-03-12 17:40:00,3425.7049907608794,0.0004968147187726342
2020-03-12 17:41:00,3428.8149261990297,0.00048737145614266325
2020-03-12 17:42:00,3429.1460834695117,0.0004988387877712277
2020-03-12 17:43:00,3426.9069867192243,0.0004923832652988509
2020-03-12 17:44:00,3427.8989232327494,0.0004875888668385117
2020-03-12 17:45:00,3427.7822270086376,0.0004847527155994071
2020-03-12 17:46:00,3427.7756340249593,0.0004966413177064388
2020-03-12 17:47:00,3428.5941636246453,0.0004721017636131223
2020-03-12 17:48:00,3426.2139037012134,0.00046068080018730556
2020-03-12 17:49:00,3425.0906253203902,0.00045544580815155096
2020-03-12 17:50:00,3424.4098342444054,0.0004401432125034751
2020-03-12 17:51:00,3423.548714633221,0.00042532831948682875
2020-03-12 17:52:00,3423.88530185999,0.0004157664765038122
2020-03-12 17:53:00,3424.2882740586856,0.00041418664947719206
2020-03-12 17:54:00,3421.834828481832,0.00042268720359031603
2020-03-12 17:55:00,3422.6671772662853,0.0004316408811221757
2020-03-12 17:56:00,3423.724536864113,0.00040550642985661344
2020-03-12 17:57:00,3424.604672636119,0.0004098098067218515
2020-03-12 17:58:00,3423.463138201039,0.00037990020040727516
2020-03-12 17:59:00,3422.1307882632227,0.0004084765900846514
2020-03-12 18:00:00,3421.8924788799804,0.00039266693231523024
2020-03-12 18:01:00,3422.435774583356,0.00036070817534984836
2020-03-12 18:02:00,3423.9085047947306,0.00036815794441390903
2020-03-12 18:03:00,3422.0508531635924,0.00038640891968338005
2020-03-12 18:04:00,3422.516739975162,0.0004085253328869189
2020-03-12 18:05:00,3422.4955785606744,0.00038155418151302817
2020-03-12 18:06:00,3421.495306311778,0.0003924106487185937
2020-03-12 18:07:00,3422.497585941556,0.0003696152479802221
2020-03-12 18:08:00,3424.500671897645,0.0003757134690198312
2020-03-12 18:09:00,3425.0963717624813,0.00040222039540942656
2020-03-12 18:10:00,3425.668345236376,0.0003895026644427631
2020-03-12 18:11:00,3425.106494722721,0.0003794112875396261
2020-03-12 18:12:00,3424.4460329098283,0.00035952358010206154
2020-03-12 18:13:00,3427.4204736946294,0.0003419403730997929
2020-03-12 18:14:00,3427.4182169099768,0.00036341552171684113
2020-03-12 18:15:00,3425.6651505684895,0.00037220050052648814
2020-03-12 18:16:00,3425.020902527561,0.0003700211204500022
2020-03-12 18:17:00,3425.5580927706715,0.0003719452498207858
2020-03-12 18:18:00,3426.391097210062,0.00037556022628400205
2020-03-12 18:19:00,3426.4198099755176,0.0003848443573329924
2020-03-12 18:20:00,3425.580039316394,0.00040996175403784136
2020-03-12 18:21:00,3425.4378175786237,0.00041306817136783393
2020-03-12 18:22:00,3427.0427450723705,0.0004074460906200652
2020-03-12 18:23:00,3428.346173009761,0.0004158590530196642
2020-03-12 18:24:00,3430.165430429871,0.0004163999107379707
2020-03-12 18:25:00,3431.5397129597827,0.00041445095959010374
2020-03-12 18:26:00,3432.6847434712254,0.0004081189298313111
2020-03-12 18:27:00,3432.222556873404,0.0004142754479475925
2020-03-12 18:28:00,3432.048182896745,0.0003953443048623861
2020-03-12 18:29:00,3433.481806560902,0.0003784050032789967
2020-03-12 18:30:00,3432.646377095353,0.00036595548095477487
2020-03-12 18:31:00,3433.8261751607733,0.0003370033355531189
2020-03-12 18:32:00,3435.8215067535325,0.00033187868106777197
2020-03-12 18:33:00,3438.272196135919,0.00033278615097723067
2020-03-12 18:34:00,3438.985159625462,0.0003215106098108951
2020-03-12 18:35:00,3437.659762555434,0.0002902065174929129
2020-03-12 18:36:00,3438.4733840970293,0.0002901839843657459
2020-03-12 18:37:00,3436.136583644096,0.0003126747766306426
2020-03-12 18:38:00,3436.751959660966,0.00030338074357790597
2020-03-12 18:39:00,3435.676634685776,0.00029848929302521
2020-03-12 18:40:00,3437.3285861508884,0.00030601469087114243
2020-03-12 18:41:00,3437.1921806571154,0.0003257762892171442
2020-03-12 18:42:00,3438.2446940038185,0.00031547642639324816
2020-03-12 18:43:00,3439.278080184592,0.00031288414429581204
2020-03-12 18:44:00,3439.123764877627,0.0003122056173505083
2020-03-12 18:45:00,3438.7053894260043,0.0003023160355756387
2020-03-12 18:46:00,3439.317170318587,0.0003099868638684458
2020-03-12 18:47:00,3438.3402851756637,0.0003017829073665144
2020-03-12 18:48:00,3437.8089045676356,0.00029544438464505936
2020-03-12 18:49:00,3439.98404070174,0.00029884307562599535
2020-03-12 18:50:00,3439.142212111381,0.00031435379505559776
2020-03-12 18:51:00,3438.8553715712937,0.00031145916980148325
2020-03-12 18:52:00,3438.9858140384126,0.000310224441430493
2020-03-12 18:53:00,3439.447329251497,0.0003276564047508578
2020-03-12 18:54:00,3437.4668625864197,0.000335592109585622
2020-03-12 18:55:00,3436.916499481283,0.00035032931581615505
2020-03-12 18:56:00,3437.872688264783,0.00037118207850990806
2020-03-12 18:57:00,3437.2010428410736,0.0003898631198705562
2020-03-12 18:58:00,3438.985219434328,0.0003950854890967286
2020-03-12 18:59:00,3437.5879981204675,0.0003667488395588735
2020-03-12 19:00:00,3436.573870444022,0.00037637380723510574
2020-03-12 19:01:00,3439.6721134263453,0.00039090072419197105
2020-03-12 19:02:00,3438.812559140143,0.00038715288340256376
2020-03-12 19:03:00,3442.1473412769774,0.000379168006762204
2020-03-12 19:04:00,3440.1343730292174,0.0003920350175918717
2020-03-12 19:05:00,3437.5918078686996,0.0003816596838684929
2020-03-12 19:06:00,3436.7417502769995,0.00039162192695688477
2020-03-12 19:07:00,3435.0366117549665,0.0004092535611344887
2020-03-12 19:08:00,3431.8426867631374,0.00043594844179178097
2020-03-12 19:09:00,3429.2256255238435,0.0004581785183291454
2020-03-12 19:10:00,3426.745452578285,0.00046051132329733333
2020-03-12 19:11:00,3426.391646346602,0.00047303333563859573
2020-03-12 19:12:00,3427.173429132625,0.0004632973178454347
2020-03-12 19:13:00,3427.393932225898,0.0004742919148534485
2020-03-12 19:14:00,3429.41960854219,0.0004894533499184558
2020-03-12 19:15:00,3430.5474404061615,0.0004909493010102616
2020-03-12 19:16:00,3428.931489169157,0.000497973868955119
2020-03-12 19:17:00,3426.6145056130913,0.000468159297295826
2020-03-12 19:18:00,3427.0673317082214,0.00044403596677423013
2020-03-12 19:19:00,3427.945413374366,0.00044321260045665067
2020-03-12 19:20:00,3427.963099197304,0.00044096866462717374
2020-03-12 19:21:00,3427.750519869439,0.000460394141035982
2020-03-12 19:22:00,3429.9383700334383,0.00046450097122829897
2020-03-12 19:23:00,3429.984586732682,0.0004385411428346628
2020-03-12 19:24:00,3426.2201674564353,0.00044038161308916055
2020-03-12 19:25:00,3423.872021582687,0.0004637453940610258
2020-03-12 19:26:00,3423.891102281801,0.0004648204734301031
2020-03-12 19:27:00,3423.0785434743857,0.0004951737844293109
2020-03-12 19:28:00,3424.935278005486,0.0004604260522588695
2020-03-12 19:29:00,3424.336366137382,0.000471895361540334
2020-03-12 19:30:00,3425.556652735237,0.00046279999677347595
2020-03-12 19:31:00,3425.7364664490133,0.00046892409858533614
2020-03-12 19:32:00,3424.4093799135862,0.00045597369472885987
2020-03-12 19:33:00,3423.529631059602,0.00046135239072216865
2020-03-12 19:34:00,3420.1234525859663,0.0004544304067119924
2020-03-12 19:35:00,3420.7901434320465,0.0004487936802850611
2020-03-12 19:36:00,3421.9464856991585,0.00045768828761815
2020-03-12 19:37:00,3421.1256248784343,0.0004706009383145202
2020-03-12 19:38:00,3419.729703036771,0.0004331795050516214
2020-03-12 19:39:00,3417.8448756111884,0.0004465432588648004
2020-03-12 19:40:00,3417.565633098473,0.00042921441095148397
2020-03-12 19:41:00,3418.3972179806824,0.00042005155024399567
2020-03-12 19:42:00,3418.198975728164,0.0004355817404899821
2020-03-12 19:43:00,3420.2029611588114,0.00046283280755126814
2020-03-12 19:44:00,3420.8496132658215,0.0004614217852123011
2020-03-12 19:45:00,3419.0078817360954,0.00043743213363300247
2020-03-12 19:46:00,3419.2087747700048,0.00045750424186327194
2020-03-12 19:47:00,3418.567607813105,0.0004417535707247259
2020-03-12 19:48:00,3418.4662338457433,0.0004288354781681927
2020-03-12 19:49:00,3418.735164967431,0.00046230068941109035
2020-03-12 19:50:00,3418.838781474553,0.00047013183714505
2020-03-12 19:51:00,3418.8902577777917,0.00046213758479361766
2020-03-12 19:52:00,3418.4549277126835,0.0004566284287577544
2020-03-12 19:53:00,3418.9907746956424,0.0004459369107214088
2020-03-12 19:54:00,3420.218959314572,0.00043728811111043566
2020-03-12 19:55:00,3421.856380481755,0.00043164661410632015
2020-03-12 19:56:00,3424.342537895211,0.0004479820792611757
2020-03-12 19:57:00,3422.975301543125,0.0004364896335249076
2020-03-12 19:58:00,3424.020408487471,0.0004655182642235633
2020-03-12 19:59:00,3424.0364184055093,0.00046907422059954535
2020-03-13 13:30:00,3411.0998349868937,0.00046265708056973724
2020-03-13 13:31:00,3413.903687230705,0.0004936863232012251
2020-03-13 13:32:00,3412.3004377036473,0.0005071187699054286
2020-03-13 13:33:00,3409.4562910831937,0.0005193221803529476
2020-03-13 13:34:00,3408.308354699456,0.0005195953837162517
2020-03-13 13:35:00,3410.1423822839706,0.0005168027304826349
2020-03-13 13:36:00,3410.820392947089,0.0004918730494662106
2020-03-13 13:37:00,3408.3526139913147,0.0005058559126637391
2020-03-13 13:38:00,3410.285378031719,0.0004918679908036511
2020-03-13 13:39:00,3409.7738219161897,0.0004602949921413882
2020-03-13 13:40:00,3409.56319585639,0.0004781448188394155
2020-03-13 13:41:00,3406.6607685291447,0.00044697094332041466
2020-03-13 13:42:00,3408.7857669560176,0.0004675679195267426
2020-03-13 13:43:00,3407.264151989547,0.0004953777196050362
2020-03-13 13:44:00,3406.932776072701,0.0004928728586916283
2020-03-13 13:45:00,3409.261609052755,0.0004900495858339828
2020-03-13 13:46:00,3410.1267045265677,0.0004741798999180323
2020-03-13 13:47:00,3412.6335707093963,0.000469135853507215
2020-03-13 13:48:00,3414.573749154821,0.00047083274381381726
2020-03-13 13:49:00,3415.2152099004493,0.00048281665529971933
2020-03-13 13:50:00,3413.4598786194156,0.00047160338995197096
2020-03-13 13:51:00,3412.3191854682286,0.0004258442373251818
2020-03-13 13:52:00,3412.5314461951407,0.00042220994708655257
2020-03-13 13:53:00,3414.1618218134627,0.00038063880642188905
2020-03-13 13:54:00,3415.02434733249,0.0003805697379042829
2020-03-13 13:55:00,3414.391688793428,0.0003971663847405481
2020-03-13 13:56:00,3415.1561739518725,0.00042227887511809897
2020-03-13 13:57:00,3416.5297547250784,0.00039539897384048
2020-03-13 13:58:00,3416.4850959972678,0.0004038960982120421
2020-03-13 13:59:00,3414.9624941236634,0.0004240988895572271
2020-03-13 14:00:00,3417.103681913612,0.0004270499196123976
2020-03-13 14:01:00,3419.133833797868,0.00040058881277114125
2020-03-13 14:02:00,3419.758463885786,0.000413020955138891
2020-03-13 14:03:00,3419.8310506847233,0.00041205697462957675
2020-03-13 14:04:00,3420.194144754734,0.00039928263602379796
2020-03-13 14:05:00,3420.8620548619915,0.0003766841770771405
2020-03-13 14:06:00,3419.2650025549133,0.00037289401876070346
2020-03-13 14:07:00,3419.3102525141658,0.0003641749453767741
2020-03-13 14:08:00,3420.464874724774,0.000368541566344593
2020-03-13 14:09:00,3421.974990236667,0.0003711715532045158
2020-03-13 14:10:00,3422.662434720241,0.0003661294153137905
2020-03-13 14:11:00,3422.972939403438,0.00037049144946413917
2020-03-13 14:12:00,3423.210316228651,0.00040431613837937577
2020-03-13 14:13:00,3423.110233377833,0.0003807612299054954
2020-03-13 14:14:00,3424.8854562582114,0.0003689748465105323
2020-03-13 14:15:00,3424.827765204723,0.0003617584463867096
2020-03-13 14:16:00,3425.263290036291,0.00036500008576986764
2020-03-13 14:17:00,3425.133486901084,0.0003798762290496708
2020-03-13 14:18:00,3425.3869584407694,0.00035994894249010356
2020-03-13 14:19:00,3425.801904872161,0.00031449651932658005
2020-03-13 14:20:00,3424.9711293031464,0.00034776085071394007
2020-03-13 14:21:00,3425.8892594062363,0.0003098606151266778
2020-03-13 14:22:00,3425.1745997810463,0.0003233002785256702
2020-03-13 14:23:00,3425.4745677331302,0.00035222492079382015
2020-03-13 14:24:00,3426.9029707107397,0.0003883735488906331
2020-03-13 14:25:00,3425.7259221322083,0.0004055505584348696
2020-03-13 14:26:00,3426.653773655394,0.0003870040832651138
2020-03-13 14:27:00,3426.905926727722,0.0003772382655351769
2020-03-13 14:28:00,3427.7447125286344,0.0003674552137003565
2020-03-13 14:29:00,3430.0459397576856,0.0003538314158067006
2020-03-13 14:30:00,3430.4333908963067,0.00032638357360218845
2020-03-13 14:31:00,3430.693117320694,0.00032165359480516837
2020-03-13 14:32:00,3429.898268146547,0.0003241015240740663
2020-03-13 14:33:00,3430.23431431726,0.0003202126785536452
2020-03-13 14:34:00,3430.0825569043177,0.0003128797546759258
2020-03-13 14:35:00,3430.282734034107,0.00029475935925460823
2020-03-13 14:36:00,3429.6141400334122,0.000315796390765508
2020-03-13 14:37:00,3431.0439341870533,0.00034915015886178403
2020-03-13 14:38:00,3431.5045275762695,0.00035740445612339114
2020-03-13 14:39:00,3429.91998170872,0.0003647276972360815
2020-03-13 14:40:00,3429.7723408398824,0.00034367031581057346
2020-03-13 14:41:00,3428.584169709729,0.0003577966903021959
2020-03-13 14:42:00,3429.0281314436725,0.00034894488253414094
2020-03-13 14:43:00,3427.2567638241576,0.0003551199737853357
2020-03-13 14:44:00,3427.4173457830575,0.00034915644235628755
2020-03-13 14:45:00,3424.636607485636,0.00038088533767220137
2020-03-13 14:46:00,3424.0985817893848,0.0003967084048799061
2020-03-13 14:47:00,3422.934462202812,0.00042208785792778196
2020-03-13 14:48:00,3422.333102599655,0.0004177352592108194
2020-03-13 14:49:00,3422.5811236693485,0.0004354251294292239
2020-03-13 14:50:00,3422.3071104140413,0.00042540948996944806
2020-03-13 14:51:00,3420.9352657587874,0.00036512367335193147
2020-03-13 14:52:00,3420.1359724463255,0.0003620874756374327
2020-03-13 14:53:00,3420.219802439741,0.00035315700868323544
2020-03-13 14:54:00,3418.695203418214,0.00034766671477626834
2020-03-13 14:55:00,3417.734115739091,0.0003397226267653068
2020-03-13 14:56:00,3416.4124544501456,0.00032187060237654814
2020-03-13 14:57:00,3415.146765333541,0.0003355303354781974
2020-03-13 14:58:00,3415.1560524476695,0.00032885551757220885
2020-03-13 14:59:00,3415.2135174060836,0.0003225344312339057
2020-03-13 15:00:00,3415.5506836026348,0.0003391735641174082
2020-03-13 15:01:00,3416.8563819589435,0.00036841261796782625
2020-03-13 15:02:00,3418.415982752218,0.00038308799897963117
2020-03-13 15:03:00,3415.394956948392,0.00040851115695446735
2020-03-13 15:04:00,3416.3417223383813,0.0004043589680475283
2020-03-13 15:05:00,3418.9729931888787,0.0003865421469894955
2020-03-13 15:06:00,3420.190337020253,0.00038316269420837345
2020-03-13 15:07:00,3420.8440694762585,0.0004193902384025096
2020-03-13 15:08:00,3420.953492912492,0.00040462948840900794
2020-03-13 15:09:00,3421.663021210983,0.00038842754157589757
2020-03-13 15:10:00,3422.550995063242,0.0004149405504382029
2020-03-13 15:11:00,3420.8904739820864,0.0004112414496375439
2020-03-13 15:12:00,3419.764961461898,0.00042203310932260424
2020-03-13 15:13:00,3420.0235466903246,0.0004041832755714352
2020-03-13 15:14:00,3418.4445606395125,0.0004171935783408454
2020-03-13 15:15:00,3416.8820281579074,0.0003932979407746168
2020-03-13 15:16:00,3415.5218581836025,0.00040016926105901113
2020-03-13 15:17:00,3414.460361552435,0.00039625744231232436
2020-03-13 15:18:00,3414.33573017436,0.0003898435574710983
2020-03-13 15:19:00,3414.8621595751015,0.0003945284548949607
2020-03-13 15:20:00,3413.96885693898,0.00037489278064293277
2020-03-13 15:21:00,3415.9629033272663,0.00034768107280331163
2020-03-13 15:22:00,3415.111616409226,0.00036765909335051156
2020-03-13 15:23:00,3414.7435954174143,0.00037866942165715216
2020-03-13 15:24:00,3416.230233175452,0.00039226595727324785
2020-03-13 15:25:00,3416.2467675164867,0.0003771699096169032
2020-03-13 15:26:00,3418.0903617020567,0.00037854782520652515
2020-03-13 15:27:00,3419.975751206964,0.00039392284632862583
2020-03-13 15:28:00,3417.362032418332,0.00041488695532997707
2020-03-13 15:29:00,3416.757004575283,0.0004141805430763199
2020-03-13 15:30:00,3416.009087654933,0.0004064682853988786
2020-03-13 15:31:00,3415.634110369284,0.00037881973278518737
2020-03-13 15:32:00,3414.4806541582147,0.000377975062469288
2020-03-13 15:33:00,3414.3150705695266,0.0003829433135836705
2020-03-13 15:34:00,3414.361410344016,0.00037167400736449373
2020-03-13 15:35:00,3413.8563392167425,0.00035073355312014945
2020-03-13 15:36:00,3411.647711423849,0.0003575191718116272
2020-03-13 15:37:00,3409.2804603944805,0.00034120563595079015
2020-03-13 15:38:00,3410.3988916263384,0.0003424742246358565
2020-03-13 15:39:00,3412.7535303637605,0.0003544185713610608
2020-03-13 15:40:00,3413.7957683119075,0.0003424078073043048
2020-03-13 15:41:00,3414.4391095750316,0.0003341577304897242
2020-03-13 15:42:00,3414.2148499602517,0.00032632542067298227
2020-03-13 15:43:00,3412.877394901133,0.0003339136026650783
2020-03-13 15:44:00,3412.4915148153254,0.0003374284455025338
2020-03-13 15:45:00,3413.2593676849156,0.00033696477606273565
2020-03-13 15:46:00,3414.5243447980456,0.00032095145291136324
2020-03-13 15:47:00,3413.8389327773493,0.0003262367059959147
2020-03-13 15:48:00,3414.461700228515,0.0003190153260667248
2020-03-13 15:49:00,3413.8840422139915,0.0003088888122305647
2020-03-13 15:50:00,3411.8134302616695,0.00031583861619099936
2020-03-13 15:51:00,3412.500074263048,0.00030983536748829484
2020-03-13 15:52:00,3412.0269348042925,0.0003157897093654589
2020-03-13 15:53:00,3410.503767971818,0.00030409277441310027
2020-03-13 15:54:00,3410.8409876255564,0.00031248906463188675
2020-03-13 15:55:00,3412.1605575888634,0.00031585570346259365
2020-03-13 15:56:00,3412.180049220633,0.0003166424624782622
2020-03-13 15:57:00,3412.6089282208973,0.0003189891562480861
2020-03-13 15:58:00,3412.998338093548,0.000309430628637303
2020-03-13 15:59:00,3412.837347948865,0.00031025402016168465
2020-03-13 16:00:00,3413.957794906659,0.00030144184930209453
2020-03-13 16:01:00,3412.8216022281676,0.0003252740090680925
2020-03-13 16:02:00,3412.0335704922813,0.00033452343496339016
2020-03-13 16:03:00,3414.292483191907,0.0003409262499958967
2020-03-13 16:04:00,3412.7324422821207,0.00030701949063839104
2020-03-13 16:05:00,3412.0478175736334,0.0003143439345373084
2020-03-13 16:06:00,3412.5694435978776,0.00031033949616563
2020-03-13 16:07:00,3411.888697202144,0.0003000934131905725
2020-03-13 16:08:00,3411.868699071323,0.00028428329337294
2020-03-13 16:09:00,3409.3854215602814,0.00030213887035013905
2020-03-13 16:10:00,3410.331272774971,0.0002979582846728973
2020-03-13 16:11:00,3411.0911682146175,0.0003086561941616986
2020-03-13 16:12:00,3410.46930849093,0.00031217474552228374
2020-03-13 16:13:00,3410.569183342867,0.00030966149303850973
2020-03-13 16:14:00,3409.5392585197683,0.0002941775147031999
2020-03-13 16:15:00,3411.0063304248497,0.0002810433606823817
2020-03-13 16:16:00,3412.4560055203656,0.00029291435652152174
2020-03-13 16:17:00,3413.104328999338,0.0003078169087050822
2020-03-13 16:18:00,3414.002190606566,0.0003012420095036919
2020-03-13 16:19:00,3416.0010659349978,0.0002852308737846205
2020-03-13 16:20:00,3414.9274665138596,0.0002874977792825569
2020-03-13 16:21:00,3415.1545484483304,0.0003062176751211301
2020-03-13 16:22:00,3415.07669335697,0.00029997563249154385
2020-03-13 16:23:00,3413.571129356936,0.0002890693233151829
2020-03-13 16:24:00,3412.6034361241004,0.00030782303304497744
2020-03-13 16:25:00,3411.3895723830383,0.0002918668460291699
2020-03-13 16:26:00,3412.419124232278,0.00028987917901117925
2020-03-13 16:27:00,3411.5828764602534,0.00031320678577944624
2020-03-13 16:28:00,3411.4676350244595,0.00030168112590365956
2020-03-13 16:29:00,3411.3180606564442,0.0003010260994171542
2020-03-13 16:30:00,3409.503569486911,0.0003007159234744354
2020-03-13 16:31:00,3408.791693805012,0.0003085675274327411
2020-03-13 16:32:00,3408.539371097242,0.00032699419559271536
2020-03-13 16:33:00,3407.596752162547,0.0003111642830206807
2020-03-13 16:34:00,3407.0397343640548,0.00031356091769084454
2020-03-13 16:35:00,3408.179399315084,0.0003069002056359608
2020-03-13 16:36:00,3407.908545906487,0.00033111153755337533
2020-03-13 16:37:00,3408.8545076074715,0.00033271576883692845
2020-03-13 16:38:00,3408.5346888677764,0.00034933379070939066
2020-03-13 16:39:00,3409.0615020507303,0.0003593321857973681
2020-03-13 16:40:00,3406.7550321086183,0.00034153501925396297
2020-03-13 16:41:00,3407.1490414436366,0.0003529329656769797
2020-03-13 16:42:00,3406.958022243047,0.0003739914778942105
2020-03-13 16:43:00,3406.9895198297286,0.00040775501861829396
2020-03-13 16:44:00,3404.984878240325,0.00042119600786242744
2020-03-13 16:45:00,3403.332569488701,0.00042588866140716376
2020-03-13 16:46:00,3404.4930425728166,0.0004337981977995415
2020-03-13 16:47:00,3405.238914916974,0.00045173189071505
2020-03-13 16:48:00,3407.142990312508,0.0004692728606632582
2020-03-13 16:49:00,3407.6480229431286,0.000441349464353745
2020-03-13 16:50:00,3406.060129371061,0.0004458817840556941
2020-03-13 16:51:00,3405.4399587103962,0.0004645892308569839
2020-03-13 16:52:00,3403.141474053906,0.0004650774346710484
2020-03-13 16:53:00,3401.9283880175376,0.0004835283288670239
2020-03-13 16:54:00,3401.353415308157,0.00048347256946884527
2020-03-13 16:55:00,3402.1964665502237,0.00048782349618479667
2020-03-13 16:56:00,3404.501534184931,0.0005260899294246775
2020-03-13 16:57:00,3404.8134237924023,0.00048383840789163827
2020-03-13 16:58:00,3407.2641415691523,0.0004905075541033238
2020-03-13 16:59:00,3408.005860807588,0.00048291714651830104
2020-03-13 17:00:00,3409.0536897339516,0.00047962105547941377
2020-03-13 17:01:00,3410.7895065947564,0.0004736299987071014
2020-03-13 17:02:00,3412.489455544095,0.00047790568731024494
2020-03-13 17:03:00,3414.2610696111706,0.0005008406008837557
2020-03-13 17:04:00,3412.711571505931,0.0005072716738536745
2020-03-13 17:05:00,3415.444569319833,0.0005205278287357662
2020-03-13 17:06:00,3415.430487377022,0.00047904207666398077
2020-03-13 17:07:00,3413.733263621828,0.0004872650630422666
2020-03-13 17:08:00,3413.198942682395,0.0005491186896290876
2020-03-13 17:09:00,3412.453332809221,0.0005434296280362148
2020-03-13 17:10:00,3409.834532675357,0.0005270828350729636
2020-03-13 17:11:00,3411.332630727358,0.0005368177987623263
2020-03-13 17:12:00,3413.265979982834,0.0005288912742931009
2020-03-13 17:13:00,3410.0454812917546,0.0005385079110254806
2020-03-13 17:14:00,3409.5302599304628,0.0005344298658103824
2020-03-13 17:15:00,3410.5820349012465,0.0004984861013195312
2020-03-13 17:16:00,3411.3933149693257,0.0004920009395130453
2020-03-13 17:17:00,3411.4857251369826,0.0005337848538675044
2020-03-13 17:18:00,3408.2044347525025,0.0005057547494723466
2020-03-13 17:19:00,3408.2244684636144,0.00048696744594925695
2020-03-13 17:20:00,3409.3898143315027,0.0004812036070637733
2020-03-13 17:21:00,3408.5112104782647,0.00043762703268084696
2020-03-13 17:22:00,3408.2749385098195,0.0004412791617706866
2020-03-13 17:23:00,3410.8248678924692,0.00046532158053165154
2020-03-13 17:24:00,3411.3369675017398,0.000478828187201313
2020-03-13 17:25:00,3411.2143770141147,0.0004770179740079473
2020-03-13 17:26:00,3408.0130994539577,0.0004744393743887557
2020-03-13 17:27:00,3408.04423071104,0.00047945063065994145
2020-03-13 17:28:00,3408.3814497995386,0.0004587268484473154
2020-03-13 17:29:00,3408.731900570561,0.00047459866601193355
2020-03-13 17:30:00,3404.90290111883,0.00046546415729582764
2020-03-13 17:31:00,3404.729086749514,0.000466884230706235
2020-03-13 17:32:00,3404.757390950734,0.0004546353273090497
2020-03-13 17:33:00,3404.410750167817,0.00045699224619424785
2020-03-13 17:34:00,3403.6591617620093,0.00043716730788771204
2020-03-13 17:35:00,3404.946496931748,0.0004613931633044983
2020-03-13 17:36:00,3404.0496655109423,0.00048656913717126345
2020-03-13 17:37:00,3402.141322143385,0.0004753094808541554
2020-03-13 17:38:00,3402.4429528312867,0.00043646979961926537
2020-03-13 17:39:00,3402.5606677925407,0.0004337165168395501
2020-03-13 17:40:00,3400.6373096849547,0.0004336460524121146
2020-03-13 17:41:00,3401.358371839453,0.00038882237142430433
2020-03-13 17:42:00,3400.5854530130077,0.0003909983223853934
2020-03-13 17:43:00,3401.2076122767935,0.00036326692928612125
2020-03-13 17:44:00,3401.30264205433,0.0003593139499571045
2020-03-13 17:45:00,3400.0067884634936,0.0003401530027651241
2020-03-13 17:46:00,3401.166066697612,0.0003423334643600988
2020-03-13 17:47:00,3399.9075076375325,0.0003575371209183532
2020-03-13 17:48:00,3400.365604274975,0.0003957126121874278
2020-03-13 17:49:00,3400.506720582256,0.0003881380868210995
2020-03-13 17:50:00,3400.584806712254,0.00038031923327606763
2020-03-13 17:51:00,3400.284105248479,0.00038649089981215135
2020-03-13 17:52:00,3399.6496263226904,0.00036368339328917044
2020-03-13 17:53:00,3400.216275038182,0.0003709668548241338
2020-03-13 17:54:00,3401.667871971185,0.00038270115078949417
2020-03-13 17:55:00,3401.283825411742,0.00036716917227567927
2020-03-13 17:56:00,3399.2556424578015,0.0003854510450467835
2020-03-13 17:57:00,3399.609892629649,0.00037227616478864025
2020-03-13 17:58:00,3398.7703646208315,0.00034908564504979164
2020-03-13 17:59:00,3397.9649155064,0.00036687331615936625
2020-03-13 18:00:00,3396.3351978851106,0.0003644760023259973
2020-03-13 18:01:00,3395.607933226586,0.00036189502172836167
2020-03-13 18:02:00,3396.7033519786382,0.00033902409297125314
2020-03-13 18:03:00,3396.0242119554127,0.0003305791399824605
2020-03-13 18:04:00,3395.523021082651,0.0003361981767708482
2020-03-13 18:05:00,3395.36968663381,0.0003271954522216623
2020-03-13 18:06:00,3394.1597905796916,0.0003288259165258872
2020-03-13 18:07:00,3395.4342263903086,0.0003364374305774951
2020-03-13 18:08:00,3394.763575176856,0.00031557373573302543
2020-03-13 18:09:00,3394.1953404861383,0.00032486102777897353
2020-03-13 18:10:00,3392.3992905752343,0.0002910392771257171
2020-03-13 18:11:00,3391.8594471112992,0.00028605490481749463
2020-03-13 18:12:00,3389.506968231988,0.0002975288041363473
2020-03-13 18:13:00,3387.652169414804,0.00031191561366966647
2020-03-13 18:14:00,3388.8934795195532,0.00033398748896887136
2020-03-13 18:15:00,3388.0524590840005,0.00036244906577562164
2020-03-13 18:16:00,3388.030859472601,0.00040539094360269597
2020-03-13 18:17:00,3391.9729412141287,0.00040837855643758144
2020-03-13 18:18:00,3390.0485807290006,0.0004384877475335172
2020-03-13 18:19:00,3391.2712382404547,0.0004231167109276663
2020-03-13 18:20:00,3392.3307849326366,0.00041646006240440587
2020-03-13 18:21:00,3392.293332673548,0.0003726627333485847
2020-03-13 18:22:00,3395.0037801091307,0.0003487498715685064
2020-03-13 18:23:00,3394.457732899423,0.00037142115055287955
2020-03-13 18:24:00,3393.950425113703,0.00037023485214665206
2020-03-13 18:25:00,3393.8293704835423,0.0003864452990836935
2020-03-13 18:26:00,3393.1248425973063,0.0003674512684850546
2020-03-13 18:27:00,3395.1441230275254,0.00038114636203274933
2020-03-13 18:28:00,3394.633647508285,0.00038062771888709484
2020-03-13 18:29:00,3394.124156709801,0.00040082847713439183
2020-03-13 18:30:00,3393.5110901523453,0.0004030916089049414
2020-03-13 18:31:00,3396.8132431518866,0.0004029777498443982
2020-03-13 18:32:00,3396.1276088472646,0.00040098327986774014
2020-03-13 18:33:00,3397.9783619344253,0.00036204653730392237
2020-03-13 18:34:00,3397.6811311724073,0.000369005829958569
2020-03-13 18:35:00,3398.4397702143715,0.0003602543699562389
2020-03-13 18:36:00,3396.268992584488,0.00039664270153898793
2020-03-13 18:37:00,3393.748527180804,0.00039389337926631186
2020-03-13 18:38:00,3395.7708295065577,0.0004236541750722408
2020-03-13 18:39:00,3394.3515802802635,0.0004086265290371646
2020-03-13 18:40:00,3393.6785814464433,0.00041670972219749633
2020-03-13 18:41:00,3394.1599521058047,0.0004004764193892886
2020-03-13 18:42:00,3395.8164252055135,0.0003907529861225614
2020-03-13 18:43:00,3394.919750255306,0.00041702947179020897
2020-03-13 18:44:00,3397.1243410746815,0.00039579945109781693
2020-03-13 18:45:00,3397.0806268511087,0.000397411459273777
2020-03-13 18:46:00,3398.1465187283534,0.0003740132683243586
2020-03-13 18:47:00,3399.6589278283745,0.00036131980001199505
2020-03-13 18:48:00,3399.087946941394,0.00036545764598662126
2020-03-13 18:49:00,3398.6436718006094,0.00038846922874928396
2020-03-13 18:50:00,3399.93456806333,0.000374278523668794
2020-03-13 18:51:00,3398.0102215969778,0.00039810827485348073
2020-03-13 18:52:00,3397.3276441602598,0.00040033907379999627
2020-03-13 18:53:00,3398.689668886638,0.00039221560867761955
2020-03-13 18:54:00,3399.5117755189076,0.0003721509015300121
2020-03-13 18:55:00,3397.727163336637,0.000382735166620939
2020-03-13 18:56:00,3396.097961356876,0.00040556396419679115
2020-03-13 18:57:00,3396.34713782947,0.0003805559990253679
2020-03-13 18:58:00,3395.2354575594054,0.00039195869768204417
2020-03-13 18:59:00,3396.931667873511,0.00041038909753963874
2020-03-13 19:00:00,3396.5794871529083,0.0003985703954708424
2020-03-13 19:01:00,3395.9476626886667,0.0003759362483875865
2020-03-13 19:02:00,3395.5974693085327,0.000370695348476444
2020-03-13 19:03:00,3394.502002659231,0.00038914117269123785
2020-03-13 19:04:00,3395.33103221307,0.0003799520432921513
2020-03-13 19:05:00,3391.644830693679,0.000412002018132554
2020-03-13 19:06:00,3392.3632937538337,0.0004265165134754027
2020-03-13 19:07:00,3393.8407329201596,0.0004225450867649138
2020-03-13 19:08:00,3392.835432298264,0.0004550571173995347
2020-03-13 19:09:00,3394.54967612018,0.0004328964752362051
2020-03-13 19:10:00,3396.5252356957485,0.0004360425184333532
2020-03-13 19:11:00,3397.519140266227,0.00041035349186324693
2020-03-13 19:12:00,3399.3650633217667,0.00040659372920942566
2020-03-13 19:13:00,3397.5375745893293,0.00037664062813841696
2020-03-13 19:14:00,3398.003754853321,0.0003942483038208711
2020-03-13 19:15:00,3397.2632113227237,0.00042591275261361425
2020-03-13 19:16:00,3397.930517114099,0.0004353993864554492
2020-03-13 19:17:00,3396.641079555195,0.0004313048204842728
2020-03-13 19:18:00,3399.838788914727,0.0004367462545969092
2020-03-13 19:19:00,3400.221631048076,0.0004469900731795007
2020-03-13 19:20:00,3401.3109558170245,0.00046483459660558933
2020-03-13 19:21:00,3402.3027855023943,0.0005076158968116415
2020-03-13 19:22:00,3402.7501257661315,0.0005296536969509145
2020-03-13 19:23:00,3402.646185266076,0.0005134470049664472
2020-03-13 19:24:00,3403.7461334124473,0.0004959467184434943
2020-03-13 19:25:00,3401.379925659173,0.0005093567432646639
2020-03-13 19:26:00,3401.762199219621,0.0005082883851952184
2020-03-13 19:27:00,3404.653533725768,0.0005233058277240223
2020-03-13 19:28:00,3404.959819720717,0.0005206280498801499
2020-03-13 19:29:00,3404.7630202449955,0.0004899284104510474
2020-03-13 19:30:00,3405.6992077106593,0.0005212900423439985
2020-03-13 19:31:00,3407.2505435878893,0.000508844578610612
2020-03-13 19:32:00,3406.10461705428,0.000521069191811286
2020-03-13 19:33:00,3403.5422759979137,0.0005271918374797845
2020-03-13 19:34:00,3405.7375413367563,0.000503053770652346
2020-03-13 19:35:00,3403.8009954717236,0.0004967204434931251
2020-03-13 19:36:00,3403.546296131983,0.00048483515367270003
2020-03-13 19:37:00,3404.84081559889,0.00046156715620108854
2020-03-13 19:38:00,3401.7457783208674,0.00048004082078741963
2020-03-13 19:39:00,3399.9668346966,0.00046726856970010584
2020-03-13 19:40:00,3399.9194257371287,0.00048738547906240044
2020-03-13 19:41:00,3401.8687440681156,0.0004935671135067536
2020-03-13 19:42:00,3402.806540874268,0.00048488135268329315
2020-03-13 19:43:00,3403.680716488307,0.0004644860135582256
2020-03-13 19:44:00,3400.7555500866642,0.00045243291529712754
2020-03-13 19:45:00,3401.596653064061,0.00045364521291616736
2020-03-13 19:46:00,3398.214813252159,0.0004468912227291824
2020-03-13 19:47:00,3399.509002044133,0.0004649880240797194
2020-03-13 19:48:00,3399.998637486877,0.0004649886577117345
2020-03-13 19:49:00,3399.6176239708625,0.00046878146970594247
2020-03-13 19:50:00,3396.141800456172,0.00047846813392984374
2020-03-13 19:51:00,3397.2117840728174,0.0004980183806176801
2020-03-13 19:52:00,3395.617300570053,0.0005075422925899677
2020-03-13 19:53:00,3396.2024216504296,0.0005225742308887449
2020-03-13 19:54:00,3396.9472848050314,0.0005731853790425132
2020-03-13 19:55:00,3398.826661846316,0.0005795078820855768
2020-03-13 19:56:00,3396.8968658421295,0.0006075231904103687
2020-03-13 19:57:00,3395.451214301145,0.0006080467609520453
2020-03-13 19:58:00,3397.0246340196313,0.0006140330555044065
2020-03-13 19:59:00,3395.9593035615635,0.0006250699664820636
2020-03-16 13:30:00,3398.558804623184,0.0005912258110446966
2020-03-16 13:31:00,3399.3248489651965,0.0006151600122094049
2020-03-16 13:32:00,3403.0438275993997,0.0006137415339546137
2020-03-16 13:33:00,3400.8881321606323,0.0006355880396129222
2020-03-16 13:34:00,3396.8816385593123,0.0007245141359479169
2020-03-16 13:35:00,3395.1359122068748,0.0007064271765191239
2020-03-16 13:36:00,3391.742821945762,0.0006713189435928461
2020-03-16 13:37:00,3395.756626351513,0.00067855051658193
2020-03-16 13:38:00,3395.4285362505234,0.0006721088009400359
2020-03-16 13:39:00,3397.593183860862,0.0006952795076081495
2020-03-16 13:40:00,3400.783234490828,0.00068875388924348
2020-03-16 13:41:00,3404.093105626268,0.0007541302048095361
2020-03-16 13:42:00,3405.973698002722,0.0007861289601671819
2020-03-16 13:43:00,3406.3939727890734,0.0008007269333246778
2020-03-16 13:44:00,3405.3922035388296,0.0007406576675155032
2020-03-16 13:45:00,3405.835613799329,0.0007227104403105063
2020-03-16 13:46:00,3408.7134385811264,0.0007527385280775248
2020-03-16 13:47:00,3405.507109721834,0.0007668611406046251
2020-03-16 13:48:00,3412.5129838458633,0.0007771204239897556
2020-03-16 13:49:00,3411.615045848174,0.0008026932390428226
2020-03-16 13:50:00,3407.7974177664228,0.0008102570058631941
2020-03-16 13:51:00,3406.929048512589,0.0008277476527778589
2020-03-16 13:52:00,3408.3162739119753,0.0008834019920720222
2020-03-16 13:53:00,3411.3688148101205,0.0007954542389186883
2020-03-16 13:54:00,3413.862348883665,0.0007474781189234603
2020-03-16 13:55:00,3415.875854794968,0.0007668031881134899
2020-03-16 13:56:00,3414.601873727205,0.0007502590182024347
2020-03-16 13:57:00,3412.7093324549164,0.0007738186502879185
2020-03-16 13:58:00,3410.6535691347544,0.0008156585056426776
2020-03-16 13:59:00,3414.43050009234,0.0008283083452105359
2020-03-16 14:00:00,3414.356924714007,0.0008239642908808794
2020-03-16 14:01:00,3413.6098610934405,0.0008444037580824171
2020-03-16 14:02:00,3417.5834650130582,0.0008527174590184317
2020-03-16 14:03:00,3418.933475949654,0.0008764558035913704
2020-03-16 14:04:00,3420.5230457907037,0.0009359443531111453
2020-03-16 14:05:00,3421.3515090719898,0.000928117425371159
2020-03-16 14:06:00,3422.0089454954937,0.0009380360427925287
2020-03-16 14:07:00,3420.685913849826,0.0009179608056939389
2020-03-16 14:08:00,3416.9105696542597,0.0008443351363006919
2020-03-16 14:09:00,3420.59302179083,0.0008017678292113465
2020-03-16 14:10:00,3423.41376381765,0.0008091894015449059
2020-03-16 14:11:00,3423.4520803190803,0.0007772855667399905
2020-03-16 14:12:00,3425.711332432042,0.0008505384241449634
2020-03-16 14:13:00,3426.4930480385055,0.0008508800015937694
2020-03-16 14:14:00,3425.2860184056453,0.0008807074339670219
2020-03-16 14:15:00,3424.9945064715157,0.0008924207528051647
2020-03-16 14:16:00,3423.5792630935966,0.000915990321941166
2020-03-16 14:17:00,3425.9588540607438,0.0009472843402091802
2020-03-16 14:18:00,3423.418012693566,0.0008633575034188518
2020-03-16 14:19:00,3418.5674660311092,0.000815526354617348
2020-03-16 14:20:00,3419.561889823066,0.0008279967153583532
2020-03-16 14:21:00,3419.1944682773237,0.0008080887782213007
2020-03-16 14:22:00,3416.958132200417,0.0007708821755747621
2020-03-16 14:23:00,3414.97412943882,0.0007520602289377413
2020-03-16 14:24:00,3414.8806178429804,0.0007670454087713528
2020-03-16 14:25:00,3415.421580755802,0.000770262733656283
2020-03-16 14:26:00,3415.553153921269,0.0007742254128702811
2020-03-16 14:27:00,3416.134409301347,0.0007640715787484669
2020-03-16 14:28:00,3420.2099119306713,0.0007476844870510738
2020-03-16 14:29:00,3419.6192601207495,0.000766645293754795
2020-03-16 14:30:00,3416.7742746164645,0.000790984006215861
2020-03-16 14:31:00,3420.4257177981717,0.0007729862558890548
2020-03-16 14:32:00,3423.9575730995175,0.0008034982217849392
2020-03-16 14:33:00,3422.5306191306045,0.0008336208692537392
2020-03-16 14:34:00,3421.9865009997884,0.0008542293485107209
2020-03-16 14:35:00,3421.8886276617545,0.0008741828768975649
2020-03-16 14:36:00,3415.652761241,0.0008639087341919869
2020-03-16 14:37:00,3416.23112188349,0.0008763951150405078
2020-03-16 14:38:00,3418.6438759683765,0.0008582896680724008
2020-03-16 14:39:00,3417.98987811957,0.0008801321260783353
2020-03-16 14:40:00,3421.351013284925,0.000893222936738316
2020-03-16 14:41:00,3423.7290608948297,0.0009437734635811987
2020-03-16 14:42:00,3427.3293975624233,0.0008715305182788537
2020-03-16 14:43:00,3430.2033002484486,0.0008429053953524835
2020-03-16 14:44:00,3430.1357954158734,0.0008730670564881186
2020-03-16 14:45:00,3426.695184298279,0.0009059622955588382
2020-03-16 14:46:00,3426.4729394706164,0.0009693142673954259
2020-03-16 14:47:00,3424.2682132888062,0.0009780516459646483
2020-03-16 14:48:00,3423.6537964498602,0.0010862493434044983
2020-03-16 14:49:00,3422.5504909192446,0.0010400242355225761
2020-03-16 14:50:00,3422.4963428838437,0.0010150944795807107
2020-03-16 14:51:00,3431.3549289523908,0.0009349217403564208
2020-03-16 14:52:00,3428.4119847574343,0.0009283348786877369
2020-03-16 14:53:00,3432.315191209004,0.0008838303308862635
2020-03-16 14:54:00,3427.953209548652,0.0008939041449549818
2020-03-16 14:55:00,3430.2634772046736,0.000928264906598441
2020-03-16 14:56:00,3429.2323831388285,0.0009231519437402892
2020-03-16 14:57:00,3428.3747226828273,0.0009099778408524125
2020-03-16 14:58:00,3429.2711364484685,0.0009001516757647623
2020-03-16 14:59:00,3427.139296585308,0.0009599821274932226
2020-03-16 15:00:00,3433.6150417381677,0.000972521936466
2020-03-16 15:01:00,3436.8201121704756,0.0010264706122535016
2020-03-16 15:02:00,3432.6305707035663,0.0010129832447708141
2020-03-16 15:03:00,3434.1041202341935,0.0009637106985193062
2020-03-16 15:04:00,3433.8353102779633,0.0009718827299677068
2020-03-16 15:05:00,3442.034446915664,0.0009870554313569392
2020-03-16 15:06:00,3447.957400541675,0.0009890722304993602
2020-03-16 15:07:00,3451.535295727694,0.0009161598980502602
2020-03-16 15:08:00,3450.8323128209627,0.0008158996189509517
2020-03-16 15:09:00,3447.446235740284,0.0008078260602401919
2020-03-16 15:10:00,3447.9884444741347,0.0008145833146497953
2020-03-16 15:11:00,3448.497842939339,0.0008096394343549661
2020-03-16 15:12:00,3443.779714415026,0.0008069782138248293
2020-03-16 15:13:00,3445.6134628810214,0.000814552094834568
2020-03-16 15:14:00,3446.3377701990144,0.0008299837149633851
2020-03-16 15:15:00,3450.162093352812,0.0008329335501630819
2020-03-16 15:16:00,3445.586568672301,0.000915513055116353
2020-03-16 15:17:00,3448.0760872079836,0.0009521156596606835
2020-03-16 15:18:00,3448.2118113579772,0.0010099446758041627
2020-03-16 15:19:00,3444.9620679453983,0.0009906895942153732
2020-03-16 15:20:00,3440.815919078678,0.001019898010501186
2020-03-16 15:21:00,3435.724861840103,0.001093867126055737
2020-03-16 15:22:00,3431.3967889901373,0.0010955757835112256
2020-03-16 15:23:00,3433.3025866323983,0.0011265506846594097
2020-03-16 15:24:00,3432.459707143483,0.0011607035737797764
2020-03-16 15:25:00,3432.923508967951,0.0011754190900448195
2020-03-16 15:26:00,3434.91942181378,0.0011517734590583888
2020-03-16 15:27:00,3434.0638310294516,0.0011698710749216128
2020-03-16 15:28:00,3436.7165941571275,0.0011877270878585737
2020-03-16 15:29:00,3436.213192907703,0.0011734999720845515
2020-03-16 15:30:00,3435.548291749123,0.0011638398016757634
2020-03-16 15:31:00,3437.596539221125,0.001183612509174462
2020-03-16 15:32:00,3445.128065202503,0.0010443626874336242
2020-03-16 15:33:00,3443.0721029948477,0.001039307740041722
2020-03-16 15:34:00,3445.2706055864546,0.0010319463142963953
2020-03-16 15:35:00,3448.2301530754316,0.001026154279240157
2020-03-16 15:36:00,3451.7885284869853,0.0010420931074308485
2020-03-16 15:37:00,3448.838438820643,0.0010850812506524466
2020-03-16 15:38:00,3453.9984123804747,0.001077166562207623
2020-03-16 15:39:00,3445.846354222213,0.0011000729886782323
2020-03-16 15:40:00,3450.8107609446924,0.0010369121475327376
2020-03-16 15:41:00,3452.8153917140544,0.001028302836949666
2020-03-16 15:42:00,3452.057163234552,0.0011293076986325118
2020-03-16 15:43:00,3457.4077390911025,0.0011453129172412874
2020-03-16 15:44:00,3464.046814236843,0.0011164888320247936
2020-03-16 15:45:00,3463.851215629718,0.0010741554000934458
2020-03-16 15:46:00,3467.587653783432,0.0010115972064289012
2020-03-16 15:47:00,3474.8491927636132,0.0009703039661187966
2020-03-16 15:48:00,3470.064261829883,0.0009826562974779255
2020-03-16 15:49:00,3468.7163598334982,0.0010254177685992902
2020-03-16 15:50:00,3464.663984345091,0.0009907772451864282
2020-03-16 15:51:00,3468.223803729637,0.0009812533738299373
2020-03-16 15:52:00,3469.9115395116346,0.00100671887530273
2020-03-16 15:53:00,3476.010462912211,0.0010401353048288052
2020-03-16 15:54:00,3470.3008516781742,0.0010267974475630724
2020-03-16 15:55:00,3465.6662515523717,0.0009752534864571774
2020-03-16 15:56:00,3465.9219123558323,0.0009719716713347341
2020-03-16 15:57:00,3467.12663315112,0.0009546185780426641
2020-03-16 15:58:00,3468.7621302183557,0.0009237339476454285
2020-03-16 15:59:00,3466.714432569938,0.0009401674737688351
2020-03-16 16:00:00,3470.6162548962116,0.0009251759062588787
2020-03-16 16:01:00,3468.9734139796883,0.0009240874640435966
2020-03-16 16:02:00,3468.329074158565,0.0008894272221823623
2020-03-16 16:03:00,3467.616243031999,0.000844216720495044
2020-03-16 16:04:00,3470.301358005732,0.0007983376281814375
2020-03-16 16:05:00,3470.5504682854908,0.0007934930182586463
2020-03-16 16:06:00,3468.532673797762,0.0008052769632803771
2020-03-16 16:07:00,3467.371258090072,0.0007180429598595565
2020-03-16 16:08:00,3466.939980969958,0.0006940731712268819
2020-03-16 16:09:00,3469.6770776802837,0.0006613404189316129
2020-03-16 16:10:00,3472.0944413704183,0.0006672707417985159
2020-03-16 16:11:00,3469.923220735605,0.0006976595269614605
2020-03-16 16:12:00,3468.5556979243347,0.0006934217164484238
2020-03-16 16:13:00,3467.9698116265854,0.0006851955722008752
2020-03-16 16:14:00,3468.245396772947,0.0006371865120169807
2020-03-16 16:15:00,3467.2178365304417,0.0006279398071597258
2020-03-16 16:16:00,3466.439590265664,0.0006153743213762031
2020-03-16 16:17:00,3468.231739184551,0.0006400314214979649
2020-03-16 16:18:00,3470.5976270883853,0.0006488062873897035
2020-03-16 16:19:00,3466.4459251823164,0.0006573696777977438
2020-03-16 16:20:00,3462.9791245868714,0.0006187852174923204
2020-03-16 16:21:00,3459.5717750874996,0.0005542895800399225
2020-03-16 16:22:00,3458.640658711014,0.0006084952608216247
2020-03-16 16:23:00,3458.754617686515,0.0005659786513610332
2020-03-16 16:24:00,3462.0045638263773,0.0005764317869380346
2020-03-16 16:25:00,3463.3584318570274,0.0005968698145926453
2020-03-16 16:26:00,3461.8017323942654,0.0006168455291701597
2020-03-16 16:27:00,3464.8809869817424,0.0006136184698387791
2020-03-16 16:28:00,3465.438242175446,0.000630218873726787
2020-03-16 16:29:00,3468.672105173158,0.000589754800273604
2020-03-16 16:30:00,3469.902476637616,0.0005924803445150936
2020-03-16 16:31:00,3474.111570642266,0.0005677421259186389
2020-03-16 16:32:00,3475.465831677125,0.0006013392838567352
2020-03-16 16:33:00,3477.597882657471,0.0006525610469762901
2020-03-16 16:34:00,3478.2308370354067,0.0006562267556917948
2020-03-16 16:35:00,3476.370467591141,0.0006473597837164943
2020-03-16 16:36:00,3474.326316200685,0.0007014824683679535
2020-03-16 16:37:00,3472.499800761085,0.000756735175343118
2020-03-16 16:38:00,3473.1298094075505,0.0006782569127944934
2020-03-16 16:39:00,3470.9467712793517,0.0007178796739277044
2020-03-16 16:40:00,3472.197389244058,0.000707916227788764
2020-03-16 16:41:00,3474.391093899454,0.0007067078420719542
2020-03-16 16:42:00,3473.932751828723,0.0006901969017590651
2020-03-16 16:43:00,3474.0145496460177,0.0006634584126603561
2020-03-16 16:44:00,3473.9054241642893,0.0006591853276598427
2020-03-16 16:45:00,3474.7609956125357,0.0006101624791347523
2020-03-16 16:46:00,3473.842887979341,0.0006361094060195889
2020-03-16 16:47:00,3475.3697996669393,0.0006017908738896249
2020-03-16 16:48:00,3478.0044281228493,0.0006447584414038135
2020-03-16 16:49:00,3477.3023863244584,0.000632749613114119
2020-03-16 16:50:00,3482.2343156247725,0.000610176120100027
2020-03-16 16:51:00,3485.6925732612067,0.0006337950973641978
2020-03-16 16:52:00,3485.0680511867668,0.000666620180861683
2020-03-16 16:53:00,3490.0404921043455,0.0006941108982483754
2020-03-16 16:54:00,3487.108170991186,0.0007546619693848239
2020-03-16 16:55:00,3488.193121333576,0.0007837281792516272
2020-03-16 16:56:00,3490.123953628727,0.0007780060077061287
2020-03-16 16:57:00,3487.709493583768,0.000748010941125927
2020-03-16 16:58:00,3482.4242266770893,0.0007953629900667567
2020-03-16 16:59:00,3482.307090384737,0.0007813498919938841
2020-03-16 17:00:00,3482.0856510492545,0.0007727455941811116
2020-03-16 17:01:00,3483.262348454091,0.000749562646535866
2020-03-16 17:02:00,3483.992507324254,0.0007454196934569249
2020-03-16 17:03:00,3479.1431214846816,0.0007539063119172543
2020-03-16 17:04:00,3480.5583362459693,0.0007632087699613586
2020-03-16 17:05:00,3480.915585646728,0.0007475396891138067
2020-03-16 17:06:00,3483.0161752458303,0.0006786958760823438
2020-03-16 17:07:00,3479.8527733119454,0.0007000074009000095
2020-03-16 17:08:00,3479.9499688078326,0.0006630991008474062
2020-03-16 17:09:00,3480.460016217501,0.0006132325134232774
2020-03-16 17:10:00,3480.1437178849196,0.0005769894392062213
2020-03-16 17:11:00,3481.1557996299553,0.0005421590028323659
2020-03-16 17:12:00,3480.749447865945,0.0005068500487155893
2020-03-16 17:13:00,3481.112669917081,0.0005099857734383352
2020-03-16 17:14:00,3482.1635360959935,0.0005029146689905974
2020-03-16 17:15:00,3481.489779106083,0.00046689784937309917
2020-03-16 17:16:00,3482.4321240312133,0.00046829659070220567
2020-03-16 17:17:00,3483.409941618463,0.00048160432067331327
2020-03-16 17:18:00,3483.544974744445,0.0004522137461196678
2020-03-16 17:19:00,3481.28398628449,0.000456567937135136
2020-03-16 17:20:00,3481.8734263984547,0.0004874027061959035
2020-03-16 17:21:00,3482.699290369473,0.00048768427623907464
2020-03-16 17:22:00,3483.8839639991656,0.0004600316222205191
2020-03-16 17:23:00,3483.653712671113,0.00047791311518150746
2020-03-16 17:24:00,3482.4816158150325,0.0004557074306060672
2020-03-16 17:25:00,3481.100964774215,0.0004744792008809112
2020-03-16 17:26:00,3483.270877123548,0.00043997307613065394
2020-03-16 17:27:00,3484.805209427655,0.0004539865207224579
2020-03-16 17:28:00,3486.2692407692316,0.0004293911982108009
2020-03-16 17:29:00,3485.118463235409,0.0004466153972759651
2020-03-16 17:30:00,3483.238638474843,0.00046765455988600905
2020-03-16 17:31:00,3482.1058335729545,0.0004797556462253672
2020-03-16 17:32:00,3480.805305079934,0.0004688080107622512
2020-03-16 17:33:00,3479.9126445474762,0.0004690064644984125
2020-03-16 17:34:00,3481.6778916489125,0.0004625699445015983
2020-03-16 17:35:00,3482.0294283548583,0.0004639182267969288
2020-03-16 17:36:00,3478.7421073118603,0.0004873393996287235
2020-03-16 17:37:00,3480.2712176558575,0.0004891438080193599
2020-03-16 17:38:00,3480.8833671381635,0.0005072184381676761
2020-03-16 17:39:00,3480.1848937617756,0.000486817523067081
2020-03-16 17:40:00,3479.5271215177677,0.0004741959635123825
2020-03-16 17:41:00,3476.9504838732514,0.0004412123554488037
2020-03-16 17:42:00,3475.6833875197844,0.00043979491001356426
2020-03-16 17:43:00,3472.453723966962,0.00044141710034180436
2020-03-16 17:44:00,3474.8545011569163,0.0004263655780116791
2020-03-16 17:45:00,3473.9214400957326,0.00042317919369716777
2020-03-16 17:46:00,3473.722808975263,0.00042190337038807926
2020-03-16 17:47:00,3473.7453269056573,0.0003983120651669618
2020-03-16 17:48:00,3474.183621186824,0.0003747861632748764
2020-03-16 17:49:00,3473.7394764181254,0.00037173038544408146
2020-03-16 17:50:00,3470.6733069488146,0.0003942956740249593
2020-03-16 17:51:00,3470.6494299878755,0.00037549618166585186
2020-03-16 17:52:00,3469.936319801516,0.00035172852162228914
2020-03-16 17:53:00,3469.4465805010923,0.00035885974399091835
2020-03-16 17:54:00,3471.142138108712,0.0003768626961550278
2020-03-16 17:55:00,3472.726017912142,0.00042055592021762365
2020-03-16 17:56:00,3471.0552105816746,0.0004079598163480502
2020-03-16 17:57:00,3472.2374641981996,0.0004248079542977456
2020-03-16 17:58:00,3469.539536432033,0.0004399958760611886
2020-03-16 17:59:00,3467.045126391332,0.00041532607845884753
2020-03-16 18:00:00,3469.32269971951,0.00040487305803067807
2020-03-16 18:01:00,3470.2744884179783,0.00037233996139392396
2020-03-16 18:02:00,3469.1618505438073,0.00038576378686867613
2020-03-16 18:03:00,3469.654132633901,0.000394183491268888
2020-03-16 18:04:00,3470.74596598504,0.00040904468948946857
2020-03-16 18:05:00,3471.18177459793,0.000459180709475795
2020-03-16 18:06:00,3471.3271934210134,0.00044559310084997175
2020-03-16 18:07:00,3471.4518908284253,0.00044295168471038124
2020-03-16 18:08:00,3470.397980403399,0.0004730178769578775
2020-03-16 18:09:00,3468.31252889347,0.0004696811899752435
2020-03-16 18:10:00,3467.308992342127,0.00047029326407122934
2020-03-16 18:11:00,3467.588905660264,0.0005291455542829141
2020-03-16 18:12:00,3466.986461686121,0.0005181812005896416
2020-03-16 18:13:00,3466.769610678562,0.0005346800922050006
2020-03-16 18:14:00,3470.6100818720524,0.0005364444546014038
2020-03-16 18:15:00,3468.883908755209,0.000539976595900709
2020-03-16 18:16:00,3467.7607649866445,0.0005697390754018738
2020-03-16 18:17:00,3467.334863721465,0.0005456587442605083
2020-03-16 18:18:00,3465.924589001709,0.0005260782621492562
2020-03-16 18:19:00,3467.3247724204402,0.0005074976736116146
2020-03-16 18:20:00,3467.925872959359,0.0005148678597183341
2020-03-16 18:21:00,3466.7096403892087,0.0005165831293994934
2020-03-16 18:22:00,3467.666075310124,0.000510354969932578
2020-03-16 18:23:00,3469.1631057504496,0.000521654287409073
2020-03-16 18:24:00,3468.493725669263,0.0005236302079366892
2020-03-16 18:25:00,3468.95763127399,0.0005291468258415136
2020-03-16 18:26:00,3468.4614109092195,0.0005287810365449567
2020-03-16 18:27:00,3470.7065178631315,0.0005666991992219133
2020-03-16 18:28:00,3469.9052196542566,0.0005351886877822741
2020-03-16 18:29:00,3471.593960478593,0.0005586619206551515
2020-03-16 18:30:00,3472.454922149728,0.000571723848015551
2020-03-16 18:31:00,3470.268809810919,0.0005959019190113871
2020-03-16 18:32:00,3471.9391780693472,0.0006079589692441958
2020-03-16 18:33:00,3472.4864936543913,0.0005872424040642128
2020-03-16 18:34:00,3471.9635779593686,0.000590242036902242
2020-03-16 18:35:00,3475.9211878214724,0.0005841138177373226
2020-03-16 18:36:00,3478.242910204664,0.0005748961884970658
2020-03-16 18:37:00,3480.646951437818,0.000515817987096561
2020-03-16 18:38:00,3479.834020098874,0.0004976386365168375
2020-03-16 18:39:00,3477.7907119404845,0.0005064684799648669
2020-03-16 18:40:00,3474.9664912634667,0.0004812365815329478
2020-03-16 18:41:00,3476.7928754932714,0.0004806161656562182
2020-03-16 18:42:00,3478.3316855083267,0.0005139597293352879
2020-03-16 18:43:00,3479.1207964327073,0.00045900105872698644
2020-03-16 18:44:00,3477.711527111454,0.0004451512526986637
2020-03-16 18:45:00,3474.7299101095377,0.00045169052268810296
2020-03-16 18:46:00,3471.2737313015678,0.00046196116690318874
2020-03-16 18:47:00,3470.3072405172484,0.00044598893057119554
2020-03-16 18:48:00,3466.9636944061635,0.0004460960603692998
2020-03-16 18:49:00,3469.533194632526,0.00043799807442132304
2020-03-16 18:50:00,3468.252366966106,0.00043398490129536375
2020-03-16 18:51:00,3465.9628298790476,0.00041128833751895495
2020-03-16 18:52:00,3469.639909840277,0.0004080052594400976
2020-03-16 18:53:00,3470.3130531853385,0.00038620730953517333
2020-03-16 18:54:00,3468.5323418505477,0.00039488673828755555
2020-03-16 18:55:00,3470.183164184592,0.00043837749239468264
2020-03-16 18:56:00,3468.8407111539414,0.0004207079058696291
2020-03-16 18:57:00,3468.2344140115306,0.00041820718031495847
2020-03-16 18:58:00,3468.7217112127073,0.00040614947973344347
2020-03-16 18:59:00,3469.014911802169,0.0004199626354227748
2020-03-16 19:00:00,3469.2566989515417,0.0004073811672013174
2020-03-16 19:01:00,3469.2953540545113,0.0004067430133419565
2020-03-16 19:02:00,3468.4928689208186,0.00040486905242777667
2020-03-16 19:03:00,3468.498053460479,0.0004172392410505117
2020-03-16 19:04:00,3470.1114704081633,0.0004324190788849738
2020-03-16 19:05:00,3470.4550723060606,0.00041118704664294263
2020-03-16 19:06:00,3470.181291902937,0.0003971869195371196
2020-03-16 19:07:00,3472.9330708609514,0.0003736034869957745
2020-03-16 19:08:00,3472.425354882211,0.00040120841614918473
2020-03-16 19:09:00,3473.4752629419986,0.00042297467819788
2020-03-16 19:10:00,3474.574947283815,0.00040712771725954166
2020-03-16 19:11:00,3474.4295403785686,0.00039170853089929127
2020-03-16 19:12:00,3475.8829856475368,0.00039563445660968107
2020-03-16 19:13:00,3476.2421815188095,0.0003854093936249783
2020-03-16 19:14:00,3475.684751024176,0.0003855137076230891
2020-03-16 19:15:00,3474.2075348583962,0.00038127686341081414
2020-03-16 19:16:00,3474.1264915289967,0.0003785464150107441
2020-03-16 19:17:00,3474.0290249531513,0.0003798541045709078
2020-03-16 19:18:00,3475.2759410491876,0.0003912124343526786
2020-03-16 19:19:00,3475.8145780365203,0.0004056737556751936
2020-03-16 19:20:00,3473.7745934115305,0.0004049015664512058
2020-03-16 19:21:00,3473.6945469651255,0.000431646384100762
2020-03-16 19:22:00,3471.7099672321865,0.0004307572318958485
2020-03-16 19:23:00,3472.9789155572767,0.00043852076090130883
2020-03-16 19:24:00,3471.927859664138,0.0004680406946458257
2020-03-16 19:25:00,3469.9995013621606,0.0004599312933984002
2020-03-16 19:26:00,3467.6780799962175,0.0004470171534473912
2020-03-16 19:27:00,3467.9443673523797,0.00046473678111492913
2020-03-16 19:28:00,3470.976174522694,0.00046191536576463453
2020-03-16 19:29:00,3473.1676202228864,0.0005230727296256613
2020-03-16 19:30:00,3472.8071264891523,0.0005291560499394978
2020-03-16 19:31:00,3472.9413668784,0.0005307971915981155
2020-03-16 19:32:00,3474.8739932008466,0.0005151412295356221
2020-03-16 19:33:00,3475.6013071315238,0.0005571515465464996
2020-03-16 19:34:00,3475.771622050628,0.0005175722340351387
2020-03-16 19:35:00,3474.4206097028537,0.0005428510947796685
2020-03-16 19:36:00,3475.770603271147,0.0005614503739222288
2020-03-16 19:37:00,3476.2717514919104,0.0005866215303559967
2020-03-16 19:38:00,3475.8904253104506,0.0005656781214810022
2020-03-16 19:39:00,3474.930430899457,0.0005727306198084377
2020-03-16 19:40:00,3479.2275917781094,0.0005564304098958907
2020-03-16 19:41:00,3478.721198489578,0.0005266349855561851
2020-03-16 19:42:00,3474.025521392228,0.0004928275211786002
2020-03-16 19:43:00,3475.0528999362614,0.0004846575866884617
2020-03-16 19:44:00,3475.1484283561954,0.0004750647260540548
2020-03-16 19:45:00,3479.614677160543,0.0004739251469532755
2020-03-16 19:46:00,3482.142364024169,0.00047155253193504866
2020-03-16 19:47:00,3480.1034749260666,0.00047270496575271636
2020-03-16 19:48:00,3478.0556710029596,0.0004828584749274899
2020-03-16 19:49:00,3477.6225800275233,0.000498075319934289
2020-03-16 19:50:00,3473.0349374540865,0.000542823106968266
2020-03-16 19:51:00,3472.84003989236,0.000551309352712827
2020-03-16 19:52:00,3476.1630068304044,0.0005369154606267865
2020-03-16 19:53:00,3473.182208564483,0.0005318044972228095
2020-03-16 19:54:00,3474.231258390851,0.0005280262291896872
2020-03-16 19:55:00,3473.847213703587,0.0005150785070058477
2020-03-16 19:56:00,3473.235144299432,0.0005129548577613546
2020-03-16 19:57:00,3478.664057983967,0.0005105603390791102
2020-03-16 19:58:00,3479.46079413278,0.0004979905426221815
2020-03-16 19:59:00,3478.3478085668767,0.0004973455016704795
2020-03-17 13:30:00,3468.6843428918814,0.0004879669510398676
2020-03-17 13:31:00,3468.9379840049387,0.0004984808121020126
2020-03-17 13:32:00,3468.4584862991314,0.00048518056120459786
2020-03-17 13:33:00,3469.5931748023013,0.0004922432405909037
2020-03-17 13:34:00,3470.4100193159866,0.0005174573216966608
2020-03-17 13:35:00,3471.644590721472,0.0004910565576349508
2020-03-17 13:36:00,3470.626044091197,0.0004920835171030688
2020-03-17 13:37:00,3470.4329185659567,0.0004851787789066257
2020-03-17 13:38:00,3470.539440153996,0.0005060753757316294
2020-03-17 13:39:00,3471.8602897018172,0.0004731633615949669
2020-03-17 13:40:00,3472.1500489941122,0.0004639218343125416
2020-03-17 13:41:00,3471.221313146338,0.00047537202963164577
2020-03-17 13:42:00,3473.8013376765452,0.00047513517646576085
2020-03-17 13:43:00,3475.1451871009263,0.0004413934479906581
2020-03-17 13:44:00,3474.0903117581997,0.00045630024575389426
2020-03-17 13:45:00,3473.6745126068668,0.0004608238206174655
2020-03-17 13:46:00,3473.390320503338,0.000412083779369361
2020-03-17 13:47:00,3473.7554025637414,0.00045496266575078463
2020-03-17 13:48:00,3474.137402775806,0.000464283650328164
2020-03-17 13:49:00,3472.868464816619,0.0003960154316982932
2020-03-17 13:50:00,3474.479358921879,0.0004147207924208053
2020-03-17 13:51:00,3475.281933136887,0.00043680966877695853
2020-03-17 13:52:00,3474.0821067839756,0.00044964404071933667
2020-03-17 13:53:00,3472.514388987062,0.0004468375845732388
2020-03-17 13:54:00,3470.6994796193635,0.0004248754311372175
2020-03-17 13:55:00,3472.4364200361297,0.0004251821428436948
2020-03-17 13:56:00,3474.272432058081,0.0003756833794403665
2020-03-17 13:57:00,3476.108716815893,0.00037546754656503356
2020-03-17 13:58:00,3476.2171019384577,0.00038354219030577007
2020-03-17 13:59:00,3473.622687003859,0.0003651239353690139
2020-03-17 14:00:00,3472.9686621311066,0.00037049788091343217
2020-03-17 14:01:00,3473.559635177598,0.00034792677952158577
2020-03-17 14:02:00,3473.879107004683,0.0003432137186662683
2020-03-17 14:03:00,3473.982281768997,0.0003625289123264277
2020-03-17 14:04:00,3473.808817765713,0.0003335680438860612
2020-03-17 14:05:00,3472.5394096223104,0.000344132915360194
2020-03-17 14:06:00,3473.2924149596515,0.00033168251068120536
2020-03-17 14:07:00,3475.210430803464,0.0003361550395123655
2020-03-17 14:08:00,3475.9156979016807,0.0003118458244500628
2020-03-17 14:09:00,3477.287595054803,0.0003070146120105528
2020-03-17 14:10:00,3477.7007179548377,0.000318264603334479
2020-03-17 14:11:00,3477.978882499143,0.0003273443313699116
2020-03-17 14:12:00,3478.143111892757,0.0003293064144636351
2020-03-17 14:13:00,3477.508760139994,0.0003196748889513353
2020-03-17 14:14:00,3478.6757231606757,0.00032375451723569334
2020-03-17 14:15:00,3476.160358743437,0.000314730756271783
2020-03-17 14:16:00,3477.0015814938897,0.0003231314005617834
2020-03-17 14:17:00,3475.934365773176,0.00032965990048924485
2020-03-17 14:18:00,3475.5718967081407,0.00030523194539520645
2020-03-17 14:19:00,3475.6358355588486,0.00029233058250111764
2020-03-17 14:20:00,3476.4932711707197,0.00029374169680318056
2020-03-17 14:21:00,3476.1007514563094,0.00028714548939086447
2020-03-17 14:22:00,3476.335988782767,0.00028392271263766994
2020-03-17 14:23:00,3477.6860435762283,0.00026923981191591303
2020-03-17 14:24:00,3477.0059846951276,0.0002662574038579008
2020-03-17 14:25:00,3476.7561426803722,0.00025248995235672907
2020-03-17 14:26:00,3476.499566902106,0.0002520260917372819
2020-03-17 14:27:00,3478.04559484883,0.0002547789065178515
2020-03-17 14:28:00,3477.276793940742,0.0002370885435569731
2020-03-17 14:29:00,3477.4671484155206,0.00023618976580911993
2020-03-17 14:30:00,3476.7929125693877,0.000241200111050365
2020-03-17 14:31:00,3476.093699244816,0.00022566117960320925
2020-03-17 14:32:00,3474.6979879913156,0.00021396547038205925
2020-03-17 14:33:00,3473.7912520551827,0.00020530050134486946
2020-03-17 14:34:00,3474.0159779769683,0.00020812450548666063
2020-03-17 14:35:00,3473.480791950214,0.00021206828509112122
2020-03-17 14:36:00,3474.4033992601912,0.000205050643079976
2020-03-17 14:37:00,3474.7158561813612,0.00021489127670923984
2020-03-17 14:38:00,3474.3299228237106,0.00021462282343990617
2020-03-17 14:39:00,3475.038402286127,0.00021221947966301879
2020-03-17 14:40:00,3476.8263877750765,0.00021506601665363442
2020-03-17 14:41:00,3478.3811605637393,0.00021981109213754717
2020-03-17 14:42:00,3477.6364748347787,0.0002245685670962072
2020-03-17 14:43:00,3478.7706311599154,0.00021472688015081523
2020-03-17 14:44:00,3477.9407244885083,0.00023331113172714548
2020-03-17 14:45:00,3476.6413577880016,0.00023191249253831298
2020-03-17 14:46:00,3476.2724003583676,0.00023768533168283326
2020-03-17 14:47:00,3474.7521276446823,0.0002464924553575025
2020-03-17 14:48:00,3475.2256786784196,0.00026365690572002125
2020-03-17 14:49:00,3476.476832242784,0.00027417850313581483
2020-03-17 14:50:00,3477.1567331411798,0.000275844280563092
2020-03-17 14:51:00,3478.0632293343215,0.0002743184179000571
2020-03-17 14:52:00,3477.9045676958326,0.0002764930817050788
2020-03-17 14:53:00,3478.5100786224966,0.00027321815978809366
2020-03-17 14:54:00,3478.050636764397,0.0002611748376537099
2020-03-17 14:55:00,3478.1674698064185,0.0002735107809801292
2020-03-17 14:56:00,3478.5560160938526,0.00028452404201880725
2020-03-17 14:57:00,3477.976005633922,0.00028458866533975015
2020-03-17 14:58:00,3478.0065467131803,0.00028440540816302595
2020-03-17 14:59:00,3477.1406463426524,0.0002890807047954396
2020-03-17 15:00:00,3478.527818096597,0.00026951980676958074
2020-03-17 15:01:00,3478.143262091232,0.00026661927120470084
2020-03-17 15:02:00,3477.144638588116,0.00027112330210135176
2020-03-17 15:03:00,3477.184342785145,0.0002522015412637276
2020-03-17 15:04:00,3476.2184385637397,0.000249049569245625
2020-03-17 15:05:00,3475.462498196394,0.00023876543324899193
2020-03-17 15:06:00,3475.2279456671745,0.00023289063435293344
2020-03-17 15:07:00,3475.244762145979,0.000231813630236702
2020-03-17 15:08:00,3474.9337995254646,0.000227099681095711
2020-03-17 15:09:00,3474.3444850549668,0.0002463829365851865
2020-03-17 15:10:00,3474.52055619205,0.0002706671345484723
2020-03-17 15:11:00,3474.5957036647073,0.0002510005836326438
2020-03-17 15:12:00,3473.6428712197253,0.00025979699291950147
2020-03-17 15:13:00,3473.2872280869497,0.000270029666620221
2020-03-17 15:14:00,3472.7919225199234,0.00028801391254849477
2020-03-17 15:15:00,3472.9192476622,0.0002711829938680598
2020-03-17 15:16:00,3472.7162146927735,0.00028145915922036526
2020-03-17 15:17:00,3472.3037529594026,0.0002715273312590528
2020-03-17 15:18:00,3470.4417476204935,0.00028381052592693385
2020-03-17 15:19:00,3468.783727225492,0.0002896026945180177
2020-03-17 15:20:00,3469.8931158855803,0.00029045470399106764
2020-03-17 15:21:00,3470.7668533977494,0.00030003395693018023
2020-03-17 15:22:00,3471.5647820813065,0.0002849834255408068
2020-03-17 15:23:00,3470.2287640690624,0.00029122300822951333
2020-03-17 15:24:00,3471.5981164565446,0.00030470837501755547
2020-03-17 15:25:00,3471.38362929571,0.00030555403414043514
2020-03-17 15:26:00,3471.387740018901,0.0002797147287346014
2020-03-17 15:27:00,3469.9552958277754,0.0002701254157335945
2020-03-17 15:28:00,3469.686388198261,0.00027894220806802403
2020-03-17 15:29:00,3470.187998873354,0.00028632014650236006
2020-03-17 15:30:00,3468.921273341391,0.0002848524038201066
2020-03-17 15:31:00,3469.0612953510154,0.0002637131591261036
2020-03-17 15:32:00,3468.6213993812767,0.0002677857697869188
2020-03-17 15:33:00,3466.5215197644116,0.0002619775607057269
2020-03-17 15:34:00,3468.3001486358326,0.00024269611505267155
2020-03-17 15:35:00,3467.546294138565,0.0002118067019764958
2020-03-17 15:36:00,3466.0919133127018,0.0001971774963227111
2020-03-17 15:37:00,3465.728421549695,0.0001977806048406106
2020-03-17 15:38:00,3465.637473910322,0.00019665590773234817
2020-03-17 15:39:00,3465.7295147252416,0.00019526249565195687
2020-03-17 15:40:00,3466.3263502897985,0.00020346806922032053
2020-03-17 15:41:00,3466.444492028804,0.00020212378354307126
2020-03-17 15:42:00,3465.8272658046403,0.0002139234270458867
2020-03-17 15:43:00,3465.6577895009596,0.00020783589052870012
2020-03-17 15:44:00,3465.606040540002,0.00018913267187507246
2020-03-17 15:45:00,3465.997025232429,0.0001939533198181777
2020-03-17 15:46:00,3466.294614164588,0.00018468234823812587
2020-03-17 15:47:00,3465.1237233122815,0.00017644172259967357
2020-03-17 15:48:00,3464.708827294381,0.00017231480234390848
2020-03-17 15:49:00,3464.612888869108,0.00016975134081003497
2020-03-17 15:50:00,3464.651768563552,0.0001707750598598414
2020-03-17 15:51:00,3464.47399969151,0.000177470201362868
2020-03-17 15:52:00,3464.1429396800872,0.00018178816707248841
2020-03-17 15:53:00,3464.5235794880487,0.0002016258291400636
2020-03-17 15:54:00,3463.8276636413975,0.00021161733402716662
2020-03-17 15:55:00,3463.2598227364315,0.0001969515545568144
2020-03-17 15:56:00,3463.329477985182,0.00019485105858001072
2020-03-17 15:57:00,3462.228863888266,0.00017454698035075788
2020-03-17 15:58:00,3462.019837244471,0.00018159738556730595
2020-03-17 15:59:00,3461.431231109554,0.00017635449843853577
2020-03-17 16:00:00,3461.643034462619,0.0001724120491144938
2020-03-17 16:01:00,3462.306277964857,0.00018052993109518667
2020-03-17 16:02:00,3463.162855888346,0.00018610913638067835
2020-03-17 16:03:00,3463.1933894626522,0.00018753892473740441
2020-03-17 16:04:00,3463.448199010866,0.00018853682842499234
2020-03-17 16:05:00,3462.9253916914518,0.0001816631837250836
2020-03-17 16:06:00,3463.752041330503,0.00017490192233303936
2020-03-17 16:07:00,3463.7955919186284,0.00018448909641867892
2020-03-17 16:08:00,3464.8114293616472,0.00019319212548137617
2020-03-17 16:09:00,3463.2592889572866,0.00020037901971102368
2020-03-17 16:10:00,3464.25032370127,0.00020187794497032158
2020-03-17 16:11:00,3463.4868864900614,0.0001949416134177645
2020-03-17 16:12:00,3463.126024922083,0.00019885273579926647
2020-03-17 16:13:00,3462.636340678488,0.00019600343219987708
2020-03-17 16:14:00,3463.052057287641,0.0001996683505852498
2020-03-17 16:15:00,3463.3307746871324,0.00019961757472179633
2020-03-17 16:16:00,3463.5506862735238,0.00018887295788483753
2020-03-17 16:17:00,3463.853845179567,0.00019301587106174226
2020-03-17 16:18:00,3463.8202398911844,0.0002029633295253472
2020-03-17 16:19:00,3463.643574997388,0.0002069541465701818
2020-03-17 16:20:00,3463.247562473536,0.00021123015489568728
2020-03-17 16:21:00,3463.0701997283604,0.0002130998037830177
2020-03-17 16:22:00,3463.2064797330054,0.0002241915519108684
2020-03-17 16:23:00,3462.2492076195913,0.00022912263605204887
2020-03-17 16:24:00,3461.7031104665693,0.00022971946231339614
2020-03-17 16:25:00,3462.523970808424,0.00023695361274109095
2020-03-17 16:26:00,3462.292820210539,0.00022266405340907447
2020-03-17 16:27:00,3461.4388382910547,0.0002259067178766782
2020-03-17 16:28:00,3461.364392559055,0.0002308834783046359
2020-03-17 16:29:00,3461.3036863986063,0.00022418415633208383
2020-03-17 16:30:00,3462.113668408436,0.0002294009740158626
2020-03-17 16:31:00,3461.985992435734,0.0002204459288795293
2020-03-17 16:32:00,3461.7575972437044,0.00022912459870694086
2020-03-17 16:33:00,3462.2008463563707,0.0002283593810563576
2020-03-17 16:34:00,3463.765625695992,0.00023917512359757914
2020-03-17 16:35:00,3463.3220215563238,0.00025672194946399995
2020-03-17 16:36:00,3464.344669595306,0.00025687496323711
2020-03-17 16:37:00,3465.2646833738318,0.00024635276161529544
2020-03-17 16:38:00,3463.50759890831,0.00024966024661186224
2020-03-17 16:39:00,3463.990290275323,0.0002444001574931994
2020-03-17 16:40:00,3463.1682863560477,0.00025459492658352597
2020-03-17 16:41:00,3462.2979495464388,0.0002600581933921644
2020-03-17 16:42:00,3462.441785683432,0.0002521180071357734
2020-03-17 16:43:00,3462.6256221095737,0.0002522536571173004
2020-03-17 16:44:00,3462.3570856394745,0.0002359275816936719
2020-03-17 16:45:00,3461.1347218956626,0.0002412659829787806
2020-03-17 16:46:00,3460.544372129707,0.00023954328860484293
2020-03-17 16:47:00,3460.8473984684024,0.00024498463383338347
2020-03-17 16:48:00,3461.20123986267,0.0002577095067731886
2020-03-17 16:49:00,3461.738660187358,0.00023969053412143589
2020-03-17 16:50:00,3460.793166914512,0.0002486117962637108
2020-03-17 16:51:00,3460.9165778333477,0.0002502805304205173
2020-03-17 16:52:00,3459.2506731550434,0.0002547733781015431
2020-03-17 16:53:00,3458.8560207703504,0.00029179370299218334
2020-03-17 16:54:00,3457.686912435266,0.0003037504635761373
2020-03-17 16:55:00,3457.0207627970294,0.0003091331032792806
2020-03-17 16:56:00,3455.3051396593914,0.0003024383242226435
2020-03-17 16:57:00,3456.3991559455785,0.00030288198386659016
2020-03-17 16:58:00,3456.270978433774,0.0002749534167103538
2020-03-17 16:59:00,3455.5428935133223,0.0002911751858947591
2020-03-17 17:00:00,3456.9450780722677,0.00028817118200828127
2020-03-17 17:01:00,3456.4416695249142,0.0002913814481465521
2020-03-17 17:02:00,3455.8978914806075,0.00028953626795493793
2020-03-17 17:03:00,3456.628849595901,0.00030840682546232426
2020-03-17 17:04:00,3456.990899968343,0.0002987581471000853
2020-03-17 17:05:00,3457.661000432412,0.00030092812421653447
2020-03-17 17:06:00,3456.9018404707967,0.00030817814736874334
2020-03-17 17:07:00,3455.796143900341,0.0003323650794708777
2020-03-17 17:08:00,3455.8362753036095,0.0003264487431740812
2020-03-17 17:09:00,3454.865355515359,0.00033702168732958746
2020-03-17 17:10:00,3454.646162551302,0.00032582109787762236
2020-03-17 17:11:00,3451.5555683947778,0.000360083312701467
2020-03-17 17:12:00,3451.939893220421,0.00039281538676515834
2020-03-17 17:13:00,3454.5568300303885,0.0004026336637723145
2020-03-17 17:14:00,3454.8394236992694,0.0004347700634127694
2020-03-17 17:15:00,3456.113180058519,0.0004402051923906887
2020-03-17 17:16:00,3455.8650060058867,0.0004623141057052315
2020-03-17 17:17:00,3458.4087481591637,0.0004453474544841319
2020-03-17 17:18:00,3455.3769603852647,0.0004955848772466847
2020-03-17 17:19:00,3456.4156165111476,0.0004881986184178322
2020-03-17 17:20:00,3457.692288832858,0.0004525947937885602
2020-03-17 17:21:00,3455.2403250158504,0.00044437825810040226
2020-03-17 17:22:00,3454.280023325792,0.0004541384324928279
2020-03-17 17:23:00,3450.837550701292,0.0004515564264171748
2020-03-17 17:24:00,3449.950820990724,0.0004119631078574488
2020-03-17 17:25:00,3450.171639049395,0.0004030677530548311
2020-03-17 17:26:00,3452.82255392525,0.0003942107473698925
2020-03-17 17:27:00,3450.048382964471,0.0003917604494461356
2020-03-17 17:28:00,3447.861648659095,0.0004000713871543915
2020-03-17 17:29:00,3446.913134441837,0.00040089159312453864
2020-03-17 17:30:00,3444.8672890015323,0.00040560991725171
2020-03-17 17:31:00,3444.6557909193525,0.0003995154016289752
2020-03-17 17:32:00,3442.108966647392,0.00039019502617613735
2020-03-17 17:33:00,3441.0402973716814,0.0003962137889566606
2020-03-17 17:34:00,3438.554382112921,0.0004045592930935484
2020-03-17 17:35:00,3438.6544493915244,0.0003949542356908378
2020-03-17 17:36:00,3437.6431613318478,0.0003777199260985065
2020-03-17 17:37:00,3437.7571336455653,0.0003868522437647171
2020-03-17 17:38:00,3437.0033663863765,0.000381061878253065
2020-03-17 17:39:00,3437.970527887913,0.0003887544733389588
2020-03-17 17:40:00,3438.030423876293,0.00040133373662404553
2020-03-17 17:41:00,3439.230467121237,0.00040824180192024364
2020-03-17 17:42:00,3441.2603711323795,0.00042469594533666225
2020-03-17 17:43:00,3438.484811780063,0.000389486287113019
2020-03-17 17:44:00,3437.634850637862,0.0004003184934937607
2020-03-17 17:45:00,3439.614118790338,0.0004014352702142801
2020-03-17 17:46:00,3440.4383085002396,0.0003952205395210125
2020-03-17 17:47:00,3441.6111315814214,0.0004147216583019593
2020-03-17 17:48:00,3441.616192079319,0.00042001735206432936
2020-03-17 17:49:00,3442.1550632704484,0.00044164956724456524
2020-03-17 17:50:00,3444.828299484246,0.00045150375012504624
2020-03-17 17:51:00,3445.1392760882304,0.0004282431762198511
2020-03-17 17:52:00,3443.102298958232,0.00041122684224040784
2020-03-17 17:53:00,3444.089544212233,0.0004090444535267819
2020-03-17 17:54:00,3443.8419635889436,0.00038274911291094496
2020-03-17 17:55:00,3440.851107741887,0.0003930682710142595
2020-03-17 17:56:00,3441.7885611858787,0.00040296169075147535
2020-03-17 17:57:00,3441.38589738915,0.0004006438281470677
2020-03-17 17:58:00,3442.7628064116875,0.0003874978061391972
2020-03-17 17:59:00,3442.6558935528333,0.00041590658286039847
2020-03-17 18:00:00,3441.7493958186715,0.000408616490080761
2020-03-17 18:01:00,3439.25362098653,0.0003833040668674618
2020-03-17 18:02:00,3439.746177579477,0.00038614918133286156
2020-03-17 18:03:00,3439.8534614082255,0.0003832919543413257
2020-03-17 18:04:00,3437.924834421449,0.0003861275003136208
2020-03-17 18:05:00,3437.3510451439242,0.0003841801772404374
2020-03-17 18:06:00,3437.0266158649497,0.0004330837764280951
2020-03-17 18:07:00,3435.8191819234385,0.0004226830560739066
2020-03-17 18:08:00,3435.94072222998,0.00045086274256039214
2020-03-17 18:09:00,3435.441055189101,0.0004466896991809725
2020-03-17 18:10:00,3435.5650547055334,0.000451361574739156
2020-03-17 18:11:00,3435.8982255221977,0.0004417266485004548
2020-03-17 18:12:00,3434.649754492482,0.00041151492832674846
2020-03-17 18:13:00,3434.307215705183,0.00040173661216175215
2020-03-17 18:14:00,3434.337868031843,0.00040575708015161557
2020-03-17 18:15:00,3434.4455591516416,0.00040206568594539034
2020-03-17 18:16:00,3432.9232651379903,0.00042232750691204696
2020-03-17 18:17:00,3433.7850030976138,0.0004418687699472953
2020-03-17 18:18:00,3432.9124303132044,0.00045537935324344345
2020-03-17 18:19:00,3432.224024100378,0.00045571745001980534
2020-03-17 18:20:00,3432.3377281169664,0.0004261921446608351
2020-03-17 18:21:00,3433.815438697891,0.00043038032155947215
2020-03-17 18:22:00,3433.4497034341452,0.00041004520378062946
2020-03-17 18:23:00,3435.5792453162235,0.00040124852642400903
2020-03-17 18:24:00,3437.4505483707417,0.0004140020705469052
2020-03-17 18:25:00,3437.806900511652,0.0004163084819290617
2020-03-17 18:26:00,3435.0891052722955,0.0004166100633359425
2020-03-17 18:27:00,3434.171946969072,0.00039183028433970886
2020-03-17 18:28:00,3435.7560522611693,0.00040775157833177904
2020-03-17 18:29:00,3435.7917018299913,0.0004141523500945372
2020-03-17 18:30:00,3438.087998689053,0.00039084135305257465
2020-03-17 18:31:00,3439.4722735883424,0.00040112935373130945
2020-03-17 18:32:00,3437.7141457912007,0.0004289142808757216
2020-03-17 18:33:00,3438.6616109670563,0.00044359170199724166
2020-03-17 18:34:00,3441.0163043415414,0.0004434354238934202
2020-03-17 18:35:00,3439.4364448796864,0.0004636019379748685
2020-03-17 18:36:00,3440.056660769891,0.0004454883309439194
2020-03-17 18:37:00,3440.077083639857,0.0004267550436705716
2020-03-17 18:38:00,3438.9792224587472,0.0004736401630235983
2020-03-17 18:39:00,3441.2928433371526,0.00047958425247594875
2020-03-17 18:40:00,3438.6293997640983,0.0004894854085997941
2020-03-17 18:41:00,3440.5797605729776,0.0005088008659693198
2020-03-17 18:42:00,3438.307044976241,0.0004951472311857726
2020-03-17 18:43:00,3438.9522282445873,0.0004946341689398041
2020-03-17 18:44:00,3440.04198151131,0.00047709600228213974
2020-03-17 18:45:00,3439.1151758708215,0.0005217308322489232
2020-03-17 18:46:00,3438.8194770106193,0.0005040166221635164
2020-03-17 18:47:00,3438.3235337801557,0.00052798084909899
2020-03-17 18:48:00,3436.2224643706463,0.0005426054031385265
2020-03-17 18:49:00,3437.8502411766717,0.0005400373890941039
2020-03-17 18:50:00,3434.8191846956756,0.0005535385939561611
2020-03-17 18:51:00,3435.1569574570685,0.0005748576797925565
2020-03-17 18:52:00,3432.8881908596572,0.0005499716257208487
2020-03-17 18:53:00,3433.952567124841,0.0005156764216612289
2020-03-17 18:54:00,3432.6119871820524,0.0005157906650444601
2020-03-17 18:55:00,3432.1756197888694,0.0005383814138073123
2020-03-17 18:56:00,3431.7514255787287,0.0005610846430499309
2020-03-17 18:57:00,3432.0604598132913,0.0005837301483015584
2020-03-17 18:58:00,3430.2953760186215,0.0005952905730179615
2020-03-17 18:59:00,3431.231604887677,0.0005924363791655163
2020-03-17 19:00:00,3429.8974499970072,0.0005771551689573514
2020-03-17 19:01:00,3433.491398966799,0.0005923610303290175
2020-03-17 19:02:00,3435.149623837597,0.000574973114372259
2020-03-17 19:03:00,3434.276733152181,0.000549458425485857
2020-03-17 19:04:00,3433.0854680465322,0.0005394739109860417
2020-03-17 19:05:00,3432.734205975397,0.0005334592944113745
2020-03-17 19:06:00,3434.0560861364174,0.0005183498091910382
2020-03-17 19:07:00,3433.8673082271685,0.0005128525365000662
2020-03-17 19:08:00,3435.900285493657,0.0004845672767809073
2020-03-17 19:09:00,3436.233185551278,0.00046578496145265746
2020-03-17 19:10:00,3437.8296028418395,0.0004985039458238389
2020-03-17 19:11:00,3439.8966095868423,0.0004897137320327384
2020-03-17 19:12:00,3440.599765137434,0.00046760054017160426
2020-03-17 19:13:00,3442.1942217715327,0.0005014805068899334
2020-03-17 19:14:00,3441.4341708927427,0.000502098338620832
2020-03-17 19:15:00,3440.630794721113,0.0004972372407170276
2020-03-17 19:16:00,3441.614562881079,0.0005212816323809704
2020-03-17 19:17:00,3440.0626330659675,0.0005139507468937597
2020-03-17 19:18:00,3437.353854119044,0.0005506535104874597
2020-03-17 19:19:00,3436.817062435602,0.0005413606434325929
2020-03-17 19:20:00,3435.8049861340214,0.0005115340296519922
2020-03-17 19:21:00,3432.8545655416647,0.0004873385881892627
2020-03-17 19:22:00,3432.4530232516922,0.0004769115246978495
2020-03-17 19:23:00,3428.896228972066,0.0005375395619075
2020-03-17 19:24:00,3427.4966506313144,0.0005067704177070835
2020-03-17 19:25:00,3428.824574616108,0.00050554668628412
2020-03-17 19:26:00,3428.833474576159,0.0004937613051207851
2020-03-17 19:27:00,3431.969400347454,0.0005126653922269343
2020-03-17 19:28:00,3429.733017056321,0.000509157620393797
2020-03-17 19:29:00,3429.5029563696885,0.0005075280384990296
2020-03-17 19:30:00,3428.010216804452,0.000515837357666578
2020-03-17 19:31:00,3428.1798719652347,0.0005279358947759806
2020-03-17 19:32:00,3428.570564983958,0.0005460038621949577
2020-03-17 19:33:00,3427.1494037001685,0.0005498858888857451
2020-03-17 19:34:00,3427.2047393938333,0.0005232678970510826
2020-03-17 19:35:00,3427.6133415456156,0.0005516266499329446
2020-03-17 19:36:00,3430.6779172320585,0.0005383742753998413
2020-03-17 19:37:00,3430.6451602373368,0.0005200016434604328
2020-03-17 19:38:00,3431.5517224678583,0.000522300905630731
2020-03-17 19:39:00,3438.3696830230965,0.0005341710151649604
2020-03-17 19:40:00,3442.1850340439223,0.0005301798231044144
2020-03-17 19:41:00,3442.5212256592513,0.000514065749524139
2020-03-17 19:42:00,3442.9322392149156,0.0005217994699667102
2020-03-17 19:43:00,3441.8176266002215,0.0005606848777987373
2020-03-17 19:44:00,3439.990024008993,0.000508937288442407
2020-03-17 19:45:00,3442.496519367419,0.0005054754630616668
2020-03-17 19:46:00,3442.912192890508,0.000521538345515542
2020-03-17 19:47:00,3444.2873754281404,0.0004977471220276582
2020-03-17 19:48:00,3442.1488143030747,0.0004874644473397478
2020-03-17 19:49:00,3442.707838000643,0.00047818515452438846
2020-03-17 19:50:00,3445.0341682637168,0.000509005043278778
2020-03-17 19:51:00,3446.5595251745426,0.0005149511458357365
2020-03-17 19:52:00,3447.0561787585025,0.0005436718372194353
2020-03-17 19:53:00,3448.3400293580835,0.0005208416325288481
2020-03-17 19:54:00,3450.551746792919,0.0005306787979507759
2020-03-17 19:55:00,3451.0415607686327,0.0005125279340065594
2020-03-17 19:56:00,3452.813626523141,0.0005037195666892123
2020-03-17 19:57:00,3453.600156989217,0.00046313080656617753
2020-03-17 19:58:00,3451.431151370848,0.0004686192331752406
2020-03-17 19:59:00,3452.476164912064,0.00044729928856974255
2020-03-18 13:30:00,3499.526424482155,0.0004211167867638445
2020-03-18 13:31:00,3500.6738188179106,0.00038756975175027156
2020-03-18 13:32:00,3500.506298989254,0.0003667573526872469
2020-03-18 13:33:00,3499.1757092000894,0.0003663606411843141
2020-03-18 13:34:00,3498.392768391143,0.0003442716559667279
2020-03-18 13:35:00,3497.385861787195,0.0003353393558273283
2020-03-18 13:36:00,3499.5583822266053,0.00033399453738296647
2020-03-18 13:37:00,3499.127964775162,0.000340006286905821
2020-03-18 13:38:00,3498.620951223496,0.00034723346755649587
2020-03-18 13:39:00,3497.9592362285707,0.00037667883629593677
2020-03-18 13:40:00,3497.881341651761,0.0003732191803912517
2020-03-18 13:41:00,3499.214951598713,0.0003768302239360138
2020-03-18 13:42:00,3499.355255633913,0.0003765817070642717
2020-03-18 13:43:00,3496.0178873662035,0.00040407171858865206
2020-03-18 13:44:00,3495.259241987389,0.0003898509732595742
2020-03-18 13:45:00,3494.186817646448,0.00036944329781690217
2020-03-18 13:46:00,3493.970539058385,0.00037406751607457734
2020-03-18 13:47:00,3494.1639788160483,0.0003909591445793495
2020-03-18 13:48:00,3496.08377440443,0.00039466458629708226
2020-03-18 13:49:00,3496.4882982037343,0.0003819375135980253
2020-03-18 13:50:00,3497.4284374266476,0.0003628221855101605
2020-03-18 13:51:00,3498.8478530890325,0.00036701993569787737
2020-03-18 13:52:00,3500.591968931472,0.0003971407325375423
2020-03-18 13:53:00,3498.8389276464895,0.000413232133796732
2020-03-18 13:54:00,3500.679166863612,0.00042801568910434044
2020-03-18 13:55:00,3500.4343123859526,0.0004294687723583404
2020-03-18 13:56:00,3500.892333624674,0.00046583589015756344
2020-03-18 13:57:00,3502.6472313050663,0.0004659204913056981
2020-03-18 13:58:00,3500.282004169984,0.00045866770058756003
2020-03-18 13:59:00,3498.5622091714326,0.00045359051455457877
2020-03-18 14:00:00,3496.0025855750114,0.0004588132209758947
2020-03-18 14:01:00,3498.9910125587785,0.000458018380615939
2020-03-18 14:02:00,3500.741031885392,0.00045560593380900293
2020-03-18 14:03:00,3499.7550255682577,0.00044131637141207246
2020-03-18 14:04:00,3499.005587222091,0.00040272841923200153
2020-03-18 14:05:00,3496.071120690932,0.00040630161655617013
2020-03-18 14:06:00,3496.622672890601,0.00041268486450418565
2020-03-18 14:07:00,3496.813204477404,0.00044180292795446656
2020-03-18 14:08:00,3494.8518824452512,0.0004185949876711043
2020-03-18 14:09:00,3496.4596820861934,0.00042038405393327017
2020-03-18 14:10:00,3495.9755333440353,0.00042928817078999375
2020-03-18 14:11:00,3493.882484943571,0.00043444507847698803
2020-03-18 14:12:00,3491.321386042129,0.0004214350094208503
2020-03-18 14:13:00,3491.5266227028687,0.0004210481344501452
2020-03-18 14:14:00,3492.4199147768386,0.00041472896239090997
2020-03-18 14:15:00,3490.0168040068666,0.00043436036406945076
2020-03-18 14:16:00,3490.9695408294974,0.00044377656116677695
2020-03-18 14:17:00,3489.8726449972514,0.00042363027962284645
2020-03-18 14:18:00,3491.6081430305344,0.0004526388438596489
2020-03-18 14:19:00,3491.0941112796177,0.00043094209337883344
2020-03-18 14:20:00,3491.4555800183084,0.00041876500918099557
2020-03-18 14:21:00,3491.2982164710656,0.0004668418096523109
2020-03-18 14:22:00,3489.8026910801855,0.0004886444501935056
2020-03-18 14:23:00,3492.0936995248626,0.00045919376547143493
2020-03-18 14:24:00,3495.1605655855406,0.0004519316606825674
2020-03-18 14:25:00,3493.8929275266432,0.0004275940396276108
2020-03-18 14:26:00,3493.55230753928,0.0004088925615059586
2020-03-18 14:27:00,3492.9660447372676,0.00042425075473158787
2020-03-18 14:28:00,3495.3845600971617,0.00043974821052609526
2020-03-18 14:29:00,3494.256603746559,0.0004273221842281769
2020-03-18 14:30:00,3494.8891827843204,0.0004323247783601651
2020-03-18 14:31:00,3494.00863360569,0.0004287543537449236
2020-03-18 14:32:00,3493.8073054473252,0.0004237523935155181
2020-03-18 14:33:00,3493.8341357474364,0.0004382894072657002
2020-03-18 14:34:00,3494.481533937813,0.0004309441932482799
2020-03-18 14:35:00,3495.8679266269696,0.00045766572832664157
2020-03-18 14:36:00,3495.347825891257,0.00042043062338499864
2020-03-18 14:37:00,3493.024158445486,0.00038548218865380165
2020-03-18 14:38:00,3492.355325796708,0.00038371004484643494
2020-03-18 14:39:00,3489.6807630990224,0.00037715065341112336
2020-03-18 14:40:00,3489.7764810843414,0.00036376819352292765
2020-03-18 14:41:00,3489.4218764226653,0.00033347356027169724
2020-03-18 14:42:00,3488.7061264968256,0.0003445315543778691
2020-03-18 14:43:00,3489.081001830619,0.0003650330506979507
2020-03-18 14:44:00,3488.3982575293708,0.00035847121585347574
2020-03-18 14:45:00,3487.0806347675684,0.0003356046873769476
2020-03-18 14:46:00,3487.0756417982843,0.00032323017147166974
2020-03-18 14:47:00,3486.9241762192964,0.0003158336303199221
2020-03-18 14:48:00,3487.067201077631,0.00032683185073266517
2020-03-18 14:49:00,3486.854259635468,0.00031564662886656076
2020-03-18 14:50:00,3488.510324850903,0.00032558015319236153
2020-03-18 14:51:00,3489.479613821061,0.00033049756284753964
2020-03-18 14:52:00,3489.964144934438,0.0003401039857760643
2020-03-18 14:53:00,3492.8390048668825,0.0003437182129776121
2020-03-18 14:54:00,3491.4769813603307,0.0003577047670694574
2020-03-18 14:55:00,3491.1219903558244,0.0003600180387628244
2020-03-18 14:56:00,3490.475313802104,0.000348999693297859
2020-03-18 14:57:00,3489.943698147438,0.0003504441687305507
2020-03-18 14:58:00,3491.778295308627,0.0003420709233935913
2020-03-18 14:59:00,3492.590257900363,0.0003595685844925852
2020-03-18 15:00:00,3490.964243224218,0.0003714857527154688
2020-03-18 15:01:00,3492.254680377961,0.00037223483058455517
2020-03-18 15:02:00,3491.2148852803466,0.0003727912977209384
2020-03-18 15:03:00,3493.3418293730197,0.0003680055936022751
2020-03-18 15:04:00,3492.5923755052468,0.00039103316970814684
2020-03-18 15:05:00,3491.615600160337,0.00037891297897095304
2020-03-18 15:06:00,3491.2704361836013,0.000350153102253616
2020-03-18 15:07:00,3489.197982514791,0.00036218530617760633
2020-03-18 15:08:00,3489.4858679877434,0.00035968178837210424
2020-03-18 15:09:00,3490.9642593068147,0.00038090620463985815
2020-03-18 15:10:00,3492.6746917328082,0.0003950390397727228
2020-03-18 15:11:00,3491.5335524401166,0.0003969669569395456
2020-03-18 15:12:00,3489.188792772841,0.0004093829437708197
2020-03-18 15:13:00,3489.33144908608,0.0004136957583859519
2020-03-18 15:14:00,3489.765598495784,0.00043750909104370235
2020-03-18 15:15:00,3488.693277849056,0.00044237234022892306
2020-03-18 15:16:00,3487.7030521165198,0.0004509899766840073
2020-03-18 15:17:00,3486.8854823811953,0.00045530267443472485
2020-03-18 15:18:00,3487.96478675648,0.00045723516599323387
2020-03-18 15:19:00,3485.9662350627805,0.0004822527877286739
2020-03-18 15:20:00,3485.5942010368326,0.0004399157315638014
2020-03-18 15:21:00,3486.794762294322,0.00042405303534692404
2020-03-18 15:22:00,3487.119832992541,0.0004094322966378194
2020-03-18 15:23:00,3487.217063396912,0.00040601270388559513
2020-03-18 15:24:00,3488.0608459437653,0.0003875731945298615
2020-03-18 15:25:00,3486.3986089172463,0.00040087536701001664
2020-03-18 15:26:00,3486.320160989628,0.0003791340429095009
2020-03-18 15:27:00,3486.693430810292,0.00038827396451081205
2020-03-18 15:28:00,3488.2388787322225,0.00037080341264587977
2020-03-18 15:29:00,3488.5050016321343,0.00037572141289875184
2020-03-18 15:30:00,3487.982199857169,0.000377971932117014
2020-03-18 15:31:00,3488.143759926602,0.00037326893488226113
2020-03-18 15:32:00,3487.090468295858,0.0003710569935986263
2020-03-18 15:33:00,3487.744018175712,0.00034066778151469737
2020-03-18 15:34:00,3488.349282195938,0.00031446699772477466
2020-03-18 15:35:00,3487.7097500482896,0.0002962342575547672
2020-03-18 15:36:00,3489.5149664105033,0.000290327928137288
2020-03-18 15:37:00,3488.460905452778,0.00027347977823674553
2020-03-18 15:38:00,3487.5371512395623,0.0002543282229407577
2020-03-18 15:39:00,3486.703956811331,0.0002670567044561505
2020-03-18 15:40:00,3487.344811125336,0.00026947045692890905
2020-03-18 15:41:00,3486.9106531867646,0.00027035494152089195
2020-03-18 15:42:00,3485.9363723629576,0.00026823393774721814
2020-03-18 15:43:00,3487.5263865497764,0.0002768725705691675
2020-03-18 15:44:00,3487.810699665553,0.00028140855800755946
2020-03-18 15:45:00,3488.317194931756,0.00026568561690428285
2020-03-18 15:46:00,3487.1128319355826,0.0002654156593507598
2020-03-18 15:47:00,3487.837086454111,0.00026939765731436797
2020-03-18 15:48:00,3488.667543950154,0.00029498468937487715
2020-03-18 15:49:00,3490.0770362394414,0.00028711009967503855
2020-03-18 15:50:00,3490.329287735814,0.00030556747629527153
2020-03-18 15:51:00,3490.271435541408,0.00030324964155002167
2020-03-18 15:52:00,3491.135096636178,0.0003027605129511706
2020-03-18 15:53:00,3490.74787699829,0.0002946721229712132
2020-03-18 15:54:00,3489.245700959338,0.00030244281646089855
2020-03-18 15:55:00,3489.3382499210816,0.00029493778957931507
2020-03-18 15:56:00,3488.9553699996754,0.0003096502463967442
2020-03-18 15:57:00,3490.5599708259647,0.0002993991432007867
2020-03-18 15:58:00,3488.901057754253,0.0003230384629862219
2020-03-18 15:59:00,3488.308489640373,0.0003453963680158841
2020-03-18 16:00:00,3486.4310058354804,0.0003508586215940101
2020-03-18 16:01:00,3485.861087620253,0.0003517322538268886
2020-03-18 16:02:00,3485.1406940023694,0.0003749601089143665
2020-03-18 16:03:00,3484.038142968125,0.0003491566325478662
2020-03-18 16:04:00,3487.0789047148737,0.00035234822663040573
2020-03-18 16:05:00,3487.3710364904673,0.0003656248079130964
2020-03-18 16:06:00,3487.2708247680293,0.00035409824917649244
2020-03-18 16:07:00,3487.479356470476,0.0003544639791477009
2020-03-18 16:08:00,3489.9824048779833,0.00035994652445287315
2020-03-18 16:09:00,3489.4718000327803,0.00035706218139813686
2020-03-18 16:10:00,3489.55964447383,0.0003182350597672143
2020-03-18 16:11:00,3488.1193480005772,0.00032250133854588257
2020-03-18 16:12:00,3487.4639257622985,0.0003086240050637587
2020-03-18 16:13:00,3489.3735094116178,0.00030506785589775877
2020-03-18 16:14:00,3489.0769311472814,0.00031601073356606003
2020-03-18 16:15:00,3488.318722370277,0.0003342104505531475
2020-03-18 16:16:00,3489.631843728003,0.0003382444149397834
2020-03-18 16:17:00,3488.9262112331476,0.0003386068958482563
2020-03-18 16:18:00,3489.6143721797557,0.0003429243160966894
2020-03-18 16:19:00,3490.226163547361,0.0003293359116188836
2020-03-18 16:20:00,3490.11686619776,0.0003155661304677619
2020-03-18 16:21:00,3492.060874889977,0.00030738528384122084
2020-03-18 16:22:00,3493.132647692898,0.0003166856489878563
2020-03-18 16:23:00,3493.3022274389587,0.0003199057108903296
2020-03-18 16:24:00,3495.1175132570856,0.00032580841549029665
2020-03-18 16:25:00,3494.953503362454,0.00032529703313588537
2020-03-18 16:26:00,3495.903899063296,0.0003310928084316607
2020-03-18 16:27:00,3494.6583811953255,0.00032170150534501624
2020-03-18 16:28:00,3494.6599874547073,0.00029837753716217044
2020-03-18 16:29:00,3494.1316943616002,0.0003154574342144953
2020-03-18 16:30:00,3493.869158922786,0.00033866204344327653
2020-03-18 16:31:00,3492.6475539573908,0.00035718490229039515
2020-03-18 16:32:00,3491.851555254684,0.0003831937955685304
2020-03-18 16:33:00,3491.3722167576534,0.0003862600325184465
2020-03-18 16:34:00,3492.2042172972724,0.0004016976410842477
2020-03-18 16:35:00,3489.9736588801143,0.00040020319854906805
2020-03-18 16:36:00,3487.803767835711,0.0004106776161808016
2020-03-18 16:37:00,3487.5317658416716,0.0004054878658379619
2020-03-18 16:38:00,3483.152551487909,0.0004297505651952794
2020-03-18 16:39:00,3483.1937573612468,0.00044152666253609893
2020-03-18 16:40:00,3483.287190207455,0.000453146762661536
2020-03-18 16:41:00,3482.7155304025637,0.0004054214633746647
2020-03-18 16:42:00,3483.408868535262,0.00041495017261687476
2020-03-18 16:43:00,3484.1415091599893,0.00040658537173387
2020-03-18 16:44:00,3483.0152552608783,0.0004015466222008582
2020-03-18 16:45:00,3483.8254710335973,0.00041509638831881384
2020-03-18 16:46:00,3482.8616392667213,0.0004357276327007769
2020-03-18 16:47:00,3484.14603564163,0.00041902884618289177
2020-03-18 16:48:00,3482.9319956798013,0.00038930289567811166
2020-03-18 16:49:00,3481.6769722118265,0.00040225889210055343
2020-03-18 16:50:00,3480.418048962206,0.000380724516449274
2020-03-18 16:51:00,3481.080358124926,0.00037791470899313235
2020-03-18 16:52:00,3479.9303959673457,0.0003579220316474391
2020-03-18 16:53:00,3479.476355661853,0.00035695636944492367
2020-03-18 16:54:00,3480.996917504817,0.00036718788522615154
2020-03-18 16:55:00,3482.314638828344,0.0003446227805809767
2020-03-18 16:56:00,3482.002878149601,0.00034431548341399654
2020-03-18 16:57:00,3482.7256642771254,0.00033360788539738007
2020-03-18 16:58:00,3483.579572236386,0.00035207018689247064
2020-03-18 16:59:00,3483.9038555757743,0.0003700898128087383
2020-03-18 17:00:00,3482.4578024298103,0.0003896107543992108
2020-03-18 17:01:00,3481.87800564382,0.0004261256399896865
2020-03-18 17:02:00,3480.2746901131954,0.00043385970595076815
2020-03-18 17:03:00,3480.4754482665353,0.0004085785667127664
2020-03-18 17:04:00,3479.342379194269,0.00038745995050264246
2020-03-18 17:05:00,3477.6447514032234,0.00040366307680310084
2020-03-18 17:06:00,3478.4472197370146,0.0004090890758391394
2020-03-18 17:07:00,3478.99969139139,0.0004145303383277646
2020-03-18 17:08:00,3477.5038313097425,0.000450539660313361
2020-03-18 17:09:00,3476.1753707347984,0.00043109804325226715
2020-03-18 17:10:00,3477.171433420862,0.0004494282813791161
2020-03-18 17:11:00,3474.4360845626993,0.0004556335587451214
2020-03-18 17:12:00,3473.910522983016,0.0004338899424540069
2020-03-18 17:13:00,3471.5814217537495,0.0004745591320175068
2020-03-18 17:14:00,3471.3986494106925,0.00046822065414295203
2020-03-18 17:15:00,3469.4977148608405,0.0004971607533445884
2020-03-18 17:16:00,3468.3205872969497,0.0005014747293143123
2020-03-18 17:17:00,3465.646007638326,0.00046662058841362913
2020-03-18 17:18:00,3466.7031478316117,0.00044897962388570494
2020-03-18 17:19:00,3463.1572723147997,0.0004405668313714864
2020-03-18 17:20:00,3463.9481799350046,0.000434309640080191
2020-03-18 17:21:00,3465.9917455647974,0.00039217472688790497
2020-03-18 17:22:00,3465.111014796088,0.0003965425143157873
2020-03-18 17:23:00,3466.2946471505206,0.0003922434271201871
2020-03-18 17:24:00,3468.2450202751497,0.00034907211453275776
2020-03-18 17:25:00,3466.598199426401,0.0003677315811145566
2020-03-18 17:26:00,3465.4899067433125,0.00037039121851565227
2020-03-18 17:27:00,3465.233783369538,0.00038880728609972997
2020-03-18 17:28:00,3463.161517530608,0.00038245307873270427
2020-03-18 17:29:00,3462.458262425225,0.00037878571394853086
2020-03-18 17:30:00,3463.073627226999,0.0003670038828461904
2020-03-18 17:31:00,3464.771569874121,0.0003675491607599244
2020-03-18 17:32:00,3466.502427588881,0.0003386027217140327
2020-03-18 17:33:00,3466.4324529175224,0.0003388800867755621
2020-03-18 17:34:00,3465.001668789959,0.0003344852999634623
2020-03-18 17:35:00,3465.015184392796,0.0003423843947778694
2020-03-18 17:36:00,3465.0275440219452,0.0003756077843749797
2020-03-18 17:37:00,3465.4129746161507,0.0003664789718792305
2020-03-18 17:38:00,3465.3901752274187,0.0003458655661716361
2020-03-18 17:39:00,3461.1454215852605,0.00035129037306576516
2020-03-18 17:40:00,3462.0851672304,0.000345357234905384
2020-03-18 17:41:00,3463.128921811334,0.0003191611922553252
2020-03-18 17:42:00,3461.0319658837216,0.00032929151404434035
2020-03-18 17:43:00,3461.552219156437,0.00035251059229316324
2020-03-18 17:44:00,3459.9907787879483,0.000346229245707206
2020-03-18 17:45:00,3461.546407867511,0.0003644454888262877
2020-03-18 17:46:00,3461.5709494252287,0.0003600845521006778
2020-03-18 17:47:00,3462.246303334584,0.0003374307272924773
2020-03-18 17:48:00,3462.8760507396332,0.0003327667253835012
2020-03-18 17:49:00,3461.2759933790076,0.00034157082116033826
2020-03-18 17:50:00,3460.3631442776705,0.00032885982976794427
2020-03-18 17:51:00,3457.6694873294105,0.0003221439463910615
2020-03-18 17:52:00,3457.196976158069,0.00032965099034051946
2020-03-18 17:53:00,3455.5124220733146,0.00031105641786566583
2020-03-18 17:54:00,3455.549496055422,0.0002887531856415715
2020-03-18 17:55:00,3458.051925999841,0.0002904601971825793
2020-03-18 17:56:00,3458.4196763375935,0.0002901030930229867
2020-03-18 17:57:00,3457.472734931466,0.00029187135954066425
2020-03-18 17:58:00,3459.4095505569726,0.0002894621755249295
2020-03-18 17:59:00,3459.257927235464,0.0002962096348778667
2020-03-18 18:00:00,3459.8539579618196,0.0003114889820181559
2020-03-18 18:01:00,3458.741548493381,0.0003222792790960111
2020-03-18 18:02:00,3458.036946797541,0.00032082977318726515
2020-03-18 18:03:00,3458.55472840728,0.0003249337768584297
2020-03-18 18:04:00,3460.073439326262,0.00033750846097903113
2020-03-18 18:05:00,3458.7717873429633,0.00033143699301706734
2020-03-18 18:06:00,3457.8061200078696,0.0003363543120446882
2020-03-18 18:07:00,3459.3235247055854,0.00030840801554997107
2020-03-18 18:08:00,3461.1671366133346,0.0003082113794930673
2020-03-18 18:09:00,3462.8882134978408,0.00031748829102293713
2020-03-18 18:10:00,3463.3496243738714,0.0003272818072857219
2020-03-18 18:11:00,3464.2950620901383,0.0003169418001508278
2020-03-18 18:12:00,3463.910779276684,0.00031175339531283684
2020-03-18 18:13:00,3464.701002951953,0.00032493871170132655
2020-03-18 18:14:00,3464.6574813145685,0.00032654057048379085
2020-03-18 18:15:00,3464.774880136816,0.00032069546141675216
2020-03-18 18:16:00,3463.7437249065874,0.00032978525588623134
2020-03-18 18:17:00,3463.422382808779,0.00034700852576025087
2020-03-18 18:18:00,3462.870631978905,0.00035247830686307573
2020-03-18 18:19:00,3464.7507142333984,0.000336113233860309
2020-03-18 18:20:00,3465.9732547509557,0.00035046221317306986
2020-03-18 18:21:00,3465.705948049473,0.0003677048742614564
2020-03-18 18:22:00,3466.4627241544817,0.0003423805523142861
2020-03-18 18:23:00,3464.528132587993,0.0003415659538945759
2020-03-18 18:24:00,3464.6453418731057,0.000334397297280863
2020-03-18 18:25:00,3464.6945520071417,0.0003516313450424746
2020-03-18 18:26:00,3462.9556872694307,0.0003752806331374378
2020-03-18 18:27:00,3463.9182244792073,0.00036559236213152315
2020-03-18 18:28:00,3466.6027658955763,0.0003738559096081172
2020-03-18 18:29:00,3467.6061519472137,0.00037703301410049354
2020-03-18 18:30:00,3466.9925930375302,0.0003713258338606368
2020-03-18 18:31:00,3465.8373865379863,0.000386849736647551
2020-03-18 18:32:00,3464.8141076778707,0.00037572508298158844
2020-03-18 18:33:00,3465.4787883381173,0.0003639588833824622
2020-03-18 18:34:00,3465.234140098658,0.00035969968464223315
2020-03-18 18:35:00,3467.47729166778,0.00031941714442111033
2020-03-18 18:36:00,3470.2304284902343,0.00031984578139540744
2020-03-18 18:37:00,3468.8638318938088,0.0003518602580754528
2020-03-18 18:38:00,3469.322810162967,0.000336268621672164
2020-03-18 18:39:00,3468.5437923028053,0.00032203833852763043
2020-03-18 18:40:00,3468.1439896580437,0.00032689090376567876
2020-03-18 18:41:00,3467.9903716358785,0.0003155951641178965
2020-03-18 18:42:00,3468.6222035754145,0.0002921702938337318
2020-03-18 18:43:00,3468.2317052805083,0.00028481019875370206
2020-03-18 18:44:00,3469.1610377482084,0.0002740353358518067
2020-03-18 18:45:00,3470.4467226632955,0.00027945697136954006
2020-03-18 18:46:00,3470.806567549664,0.0002836931312346976
2020-03-18 18:47:00,3470.9964344040222,0.0002674037675350984
2020-03-18 18:48:00,3470.5961378911743,0.00028837000950731614
2020-03-18 18:49:00,3469.6727943059,0.00028078859717089636
2020-03-18 18:50:00,3470.7061180616206,0.00026803419419826993
2020-03-18 18:51:00,3470.3026999524536,0.00026974466947990384
2020-03-18 18:52:00,3469.565776651109,0.00025879469976995077
2020-03-18 18:53:00,3469.750282593468,0.00026263560628071513
2020-03-18 18:54:00,3470.05682342447,0.00026875953553874815
2020-03-18 18:55:00,3469.6186109854657,0.00027325622997072794
2020-03-18 18:56:00,3469.52653145123,0.0002777818389578917
2020-03-18 18:57:00,3469.4222978371563,0.0002772954500976061
2020-03-18 18:58:00,3469.2190220236703,0.00027684797570168843
2020-03-18 18:59:00,3469.95142856672,0.0002787367780609611
2020-03-18 19:00:00,3468.7044692842496,0.0002743422330771617
2020-03-18 19:01:00,3468.3956240856005,0.00028197798791763977
2020-03-18 19:02:00,3467.630064805508,0.00028448031000475807
2020-03-18 19:03:00,3468.68745144877,0.0002939325243604859
2020-03-18 19:04:00,3466.185036411324,0.0003064901767622001
2020-03-18 19:05:00,3467.0638371465766,0.00030231797509228846
2020-03-18 19:06:00,3465.653741470998,0.0003219906619079618
2020-03-18 19:07:00,3465.4371031787878,0.0003280023240260988
2020-03-18 19:08:00,3464.6952663762454,0.0003357377432518622
2020-03-18 19:09:00,3464.266964927079,0.0003479826641470868
2020-03-18 19:10:00,3462.0811837699607,0.0003634911268561833
2020-03-18 19:11:00,3461.916536754711,0.0003246118651034263
2020-03-18 19:12:00,3462.4853146113396,0.0003170790080771413
2020-03-18 19:13:00,3461.7640013866653,0.00032869177759043306
2020-03-18 19:14:00,3462.613961818038,0.0003152106867095627
2020-03-18 19:15:00,3461.1607985219503,0.0003062661391202533
2020-03-18 19:16:00,3460.0832727966713,0.00032458027741823854
2020-03-18 19:17:00,3459.66032575329,0.0003113431896128727
2020-03-18 19:18:00,3460.1759195348136,0.00030631781468650165
2020-03-18 19:19:00,3459.1135942225387,0.0003260107310650615
2020-03-18 19:20:00,3458.582604990133,0.0003044516222718323
2020-03-18 19:21:00,3458.1766176725855,0.00031791824191052404
2020-03-18 19:22:00,3458.551958173556,0.0003011109059577768
2020-03-18 19:23:00,3458.0213869387335,0.0002881348281957279
2020-03-18 19:24:00,3456.6140574115498,0.0003100170497982115
2020-03-18 19:25:00,3455.34135905414,0.0003269162661017293
2020-03-18 19:26:00,3456.8876570593816,0.00032568612324392846
2020-03-18 19:27:00,3457.089830615456,0.00031090247940921697
2020-03-18 19:28:00,3457.055796819864,0.0002919119641766987
2020-03-18 19:29:00,3457.2272293670108,0.0002910820873563826
2020-03-18 19:30:00,3456.457859581686,0.00029262037654231296
2020-03-18 19:31:00,3458.622824553712,0.0002907236631916004
2020-03-18 19:32:00,3458.2627929329806,0.000311752363948805
2020-03-18 19:33:00,3457.4090510739225,0.0002894973390630811
2020-03-18 19:34:00,3457.2751330551378,0.00029579529912206583
2020-03-18 19:35:00,3457.3041245044833,0.0002917128159515523
2020-03-18 19:36:00,3457.126253672019,0.0002948751212407578
2020-03-18 19:37:00,3456.1995549246244,0.00027780001385999613
2020-03-18 19:38:00,3455.1940894938816,0.0002666837833869278
2020-03-18 19:39:00,3454.7921582919544,0.0002857279679289395
2020-03-18 19:40:00,3454.0897893832303,0.00031026950382453326
2020-03-18 19:41:00,3454.652987869858,0.00030060313680359393
2020-03-18 19:42:00,3455.073746488274,0.0003192664546759112
2020-03-18 19:43:00,3456.651856241274,0.00030227061402914236
2020-03-18 19:44:00,3456.81406535562,0.0002756945568818811
2020-03-18 19:45:00,3456.0275386838357,0.00027256626377209517
2020-03-18 19:46:00,3454.9068371317107,0.00026086994826106196
2020-03-18 19:47:00,3454.8136899825763,0.00026879904975057666
2020-03-18 19:48:00,3454.746956870676,0.00025255936343773983
2020-03-18 19:49:00,3453.9761800616207,0.00024274254339025708
2020-03-18 19:50:00,3452.081756959826,0.00023250240887380704
2020-03-18 19:51:00,3452.672462282559,0.00022362977822514338
2020-03-18 19:52:00,3452.6317099891485,0.00021677127311806404
2020-03-18 19:53:00,3450.7281956995757,0.0002182324557714938
2020-03-18 19:54:00,3450.896877797671,0.0002264703208828787
2020-03-18 19:55:00,3451.2970104325823,0.00021035849164452122
2020-03-18 19:56:00,3451.480220523687,0.00022514622160751886
2020-03-18 19:57:00,3451.826882664006,0.00021865352443013552
2020-03-18 19:58:00,3451.1357111219327,0.00021219612083699625
2020-03-18 19:59:00,3452.0032284757594,0.00021031182796718846
2020-03-19 13:30:00,3444.053735471062,0.00022272752385627028
2020-03-19 13:31:00,3443.7775791781437,0.00022329719863774749
2020-03-19 13:32:00,3442.742905417156,0.00022424806860896174
2020-03-19 13:33:00,3441.2003869671985,0.00022461224481856306
2020-03-19 13:34:00,3442.2318621676545,0.00023683986825800594
2020-03-19 13:35:00,3442.277142088836,0.00024869442346102714
2020-03-19 13:36:00,3442.4852540807606,0.00023996341915331294
2020-03-19 13:37:00,3443.650061402111,0.00023131571411326695
2020-03-19 13:38:00,3444.0163189567925,0.00021520099362062458
2020-03-19 13:39:00,3443.695625481346,0.00021294303599587113
2020-03-19 13:40:00,3444.3065682227516,0.00022207925091960367
2020-03-19 13:41:00,3444.8461060491613,0.00021918411959003284
2020-03-19 13:42:00,3444.7746759035995,0.00021486617941761927
2020-03-19 13:43:00,3445.7368981405784,0.0002214417494346101
2020-03-19 13:44:00,3444.916157137401,0.00022979893859692517
2020-03-19 13:45:00,3444.299822476848,0.00022320671040386238
2020-03-19 13:46:00,3443.5309526095366,0.00021306188244196115
2020-03-19 13:47:00,3442.7105820423553,0.0002178826104005903
2020-03-19 13:48:00,3441.9015778524968,0.0002162239368122625
2020-03-19 13:49:00,3441.3543407133952,0.00020974172065533748
2020-03-19 13:50:00,3440.748417492836,0.00021103250597110876
2020-03-19 13:51:00,3441.0824298282973,0.0002025082428724969
2020-03-19 13:52:00,3441.298454811474,0.0001949337823148337
2020-03-19 13:53:00,3442.177012057658,0.00018920713133772687
2020-03-19 13:54:00,3442.8500212612876,0.000191121986540426
2020-03-19 13:55:00,3441.9129807812437,0.0001882367281549289
2020-03-19 13:56:00,3441.3483120071614,0.00020009559680960465
2020-03-19 13:57:00,3441.631700036489,0.00019286183643045995
2020-03-19 13:58:00,3442.020548884349,0.00020556036081848835
2020-03-19 13:59:00,3441.8034142548927,0.00021919491758852456
2020-03-19 14:00:00,3442.653287897395,0.00021869618455934716
2020-03-19 14:01:00,3441.3317112226828,0.000225316628440769
2020-03-19 14:02:00,3441.6068790155095,0.0002333327020701004
2020-03-19 14:03:00,3440.9587297277762,0.00024665655858156993
2020-03-19 14:04:00,3441.0027788004336,0.00024185386288582076
2020-03-19 14:05:00,3439.6416311645985,0.00024061025373389334
2020-03-19 14:06:00,3440.01316253305,0.0002499112574742591
2020-03-19 14:07:00,3438.792407458505,0.00024828368158244334
2020-03-19 14:08:00,3439.0005744053433,0.000238680025922488
2020-03-19 14:09:00,3438.476129801044,0.0002448218751398678
2020-03-19 14:10:00,3439.3157152810145,0.00023653528969044067
2020-03-19 14:11:00,3438.770725374992,0.0002322575424212653
2020-03-19 14:12:00,3438.040867569835,0.00022977515710609705
2020-03-19 14:13:00,3437.632502783897,0.0002284437599452883
2020-03-19 14:14:00,3436.9516415371286,0.00023983867302000561
2020-03-19 14:15:00,3438.1847143974305,0.00022558568127663853
2020-03-19 14:16:00,3437.1295851734067,0.00022684198802925127
2020-03-19 14:17:00,3436.636679341844,0.0002181045794261876
2020-03-19 14:18:00,3436.683504664196,0.0002121940415203978
2020-03-19 14:19:00,3436.1963243089103,0.00020737354442134913
2020-03-19 14:20:00,3436.149283184698,0.00020274840927228692
2020-03-19 14:21:00,3436.611753821159,0.00020442100221526986
2020-03-19 14:22:00,3435.892807822737,0.0002068667461355798
2020-03-19 14:23:00,3436.9104700896664,0.00020663275407491983
2020-03-19 14:24:00,3436.661722684954,0.00020589542101847726
2020-03-19 14:25:00,3436.6945030588754,0.00020894375738647578
2020-03-19 14:26:00,3437.795627320881,0.00019298480474263117
2020-03-19 14:27:00,3438.559672197128,0.00020394014887046365
2020-03-19 14:28:00,3438.151230044886,0.00021454836259214826
2020-03-19 14:29:00,3436.706141561282,0.00020702553025361758
2020-03-19 14:30:00,3437.0692564484716,0.00020711937520142854
2020-03-19 14:31:00,3437.0905190792114,0.00020901584010306695
2020-03-19 14:32:00,3438.0900885675405,0.00021358991740664734
2020-03-19 14:33:00,3438.5877733898665,0.00021451050821451556
2020-03-19 14:34:00,3438.360195109127,0.00020478825823170356
2020-03-19 14:35:00,3438.5414310523443,0.00019814396812855914
2020-03-19 14:36:00,3437.661796454775,0.00019421778236047185
2020-03-19 14:37:00,3437.9206400908542,0.0001922281094920834
2020-03-19 14:38:00,3438.155108383896,0.00020426091691025792
2020-03-19 14:39:00,3437.9501227694655,0.00020614367230231765
2020-03-19 14:40:00,3438.208931608719,0.00020277238975622641
2020-03-19 14:41:00,3437.6871808246137,0.00019717782571021476
2020-03-19 14:42:00,3438.642891721395,0.0002021264142644982
2020-03-19 14:43:00,3438.275508318267,0.000203530417539626
2020-03-19 14:44:00,3438.2350639165384,0.0002212053372535616
2020-03-19 14:45:00,3437.731819685328,0.00022191936858689137
2020-03-19 14:46:00,3438.1917726154134,0.00021320450935253775
2020-03-19 14:47:00,3438.439791742313,0.0002260607556654969
2020-03-19 14:48:00,3437.5375888090616,0.000218550581638656
2020-03-19 14:49:00,3436.496546289462,0.00021416536275530558
2020-03-19 14:50:00,3436.1959964318676,0.00021732015794735941
2020-03-19 14:51:00,3435.538477661555,0.00022299567411126307
2020-03-19 14:52:00,3434.9478199615987,0.00022174930781780494
2020-03-19 14:53:00,3434.6138043110677,0.00021677394021705983
2020-03-19 14:54:00,3435.18799989718,0.00022544609650219206
2020-03-19 14:55:00,3436.0754670586803,0.0002286606314940341
2020-03-19 14:56:00,3436.123810942631,0.0002277442698220339
2020-03-19 14:57:00,3435.0632383596962,0.00022796598609532093
2020-03-19 14:58:00,3434.9159013455037,0.00021819992554116048
2020-03-19 14:59:00,3435.1805559724758,0.0002087973644056892
2020-03-19 15:00:00,3436.4225810370635,0.00020333110005321244
2020-03-19 15:01:00,3436.2197727164053,0.00020983056664726648
2020-03-19 15:02:00,3436.892106056843,0.00021111687187719679
2020-03-19 15:03:00,3436.427049691298,0.00020765902869421948
2020-03-19 15:04:00,3435.5554214052595,0.00021899571079236086
2020-03-19 15:05:00,3434.607149000649,0.0002098618179198119
2020-03-19 15:06:00,3434.2930991790427,0.00020777490744079555
2020-03-19 15:07:00,3435.8909244777146,0.00020493919238795738
2020-03-19 15:08:00,3434.9976687003286,0.00021144120069761064
2020-03-19 15:09:00,3435.6283371161467,0.0002034361197006543
2020-03-19 15:10:00,3436.39742090848,0.0001916690043054736
2020-03-19 15:11:00,3435.631466528642,0.0001929030414297875
2020-03-19 15:12:00,3436.2844706815117,0.0001938356957736239
2020-03-19 15:13:00,3436.1546900185167,0.00018725832181379918
2020-03-19 15:14:00,3436.2533216613497,0.0001860534752878069
2020-03-19 15:15:00,3436.432621142604,0.00019810018596577608
2020-03-19 15:16:00,3436.205872562411,0.00020265330709822065
2020-03-19 15:17:00,3435.9600186242114,0.00019316117408156006
2020-03-19 15:18:00,3436.5975054159853,0.00018727238141508196
2020-03-19 15:19:00,3437.3700370136194,0.0001874579130545084
2020-03-19 15:20:00,3436.8138497076166,0.00020574396708627555
2020-03-19 15:21:00,3437.227521203735,0.00019594704138319017
2020-03-19 15:22:00,3436.97619127735,0.0002135586368709394
2020-03-19 15:23:00,3438.224894623127,0.00022918631365340366
2020-03-19 15:24:00,3436.9849500769374,0.00023115554431458093
2020-03-19 15:25:00,3436.593577184674,0.0002385948664992589
2020-03-19 15:26:00,3436.415621283765,0.00024644119534169835
2020-03-19 15:27:00,3435.8438121690288,0.00023431854376226017
2020-03-19 15:28:00,3436.2536023154807,0.00024166470685184116
2020-03-19 15:29:00,3436.006519268773,0.00022979306637728363
2020-03-19 15:30:00,3434.7560513572826,0.000221747457115703
2020-03-19 15:31:00,3433.9867408368327,0.00023830037734243016
2020-03-19 15:32:00,3433.737464646225,0.00023971262828628243
2020-03-19 15:33:00,3433.3849028541927,0.0002196281973443694
2020-03-19 15:34:00,3433.0770358151103,0.00021012361369794337
2020-03-19 15:35:00,3432.341297418279,0.0001858873157438155
2020-03-19 15:36:00,3432.3192496119746,0.00019602030407726042
2020-03-19 15:37:00,3432.752972678411,0.0001792248435634608
2020-03-19 15:38:00,3433.2246931908835,0.0001798522764825731
2020-03-19 15:39:00,3433.769574829912,0.000172885397175613
2020-03-19 15:40:00,3432.7454439803346,0.0001585019905857594
2020-03-19 15:41:00,3432.8818851601827,0.00016795727644116615
2020-03-19 15:42:00,3433.2171233330096,0.00017998556489578235
2020-03-19 15:43:00,3434.678571104773,0.00017882031325672248
2020-03-19 15:44:00,3434.1068095048786,0.00017762475946401845
2020-03-19 15:45:00,3434.729527754949,0.0001996521330944973
2020-03-19 15:46:00,3435.016581573383,0.0002130672698661513
2020-03-19 15:47:00,3434.416951357902,0.000206364379574604
2020-03-19 15:48:00,3434.156332013804,0.00020004083644134752
2020-03-19 15:49:00,3433.7527708005764,0.00020439903499577165
2020-03-19 15:50:00,3433.2405319999193,0.00021198438123551518
2020-03-19 15:51:00,3432.5457442022584,0.00020417962660989705
2020-03-19 15:52:00,3432.330700183552,0.000187971419966405
2020-03-19 15:53:00,3432.01222948325,0.0001814653722033359
2020-03-19 15:54:00,3432.21354626623,0.0001887197357485325
2020-03-19 15:55:00,3432.117460569343,0.00020003810549958429
2020-03-19 15:56:00,3432.373088150588,0.00021020535100715188
2020-03-19 15:57:00,3432.1246776613034,0.00022216299541570226
2020-03-19 15:58:00,3430.674789111983,0.00024393369132973
2020-03-19 15:59:00,3431.2991305655687,0.00024435456132055954
2020-03-19 16:00:00,3431.184147720337,0.00024246873008977146
2020-03-19 16:01:00,3430.4121485921505,0.00025093564812439485
2020-03-19 16:02:00,3430.016730007577,0.0002479626354041344
2020-03-19 16:03:00,3430.5578235532976,0.00023700237646070524
2020-03-19 16:04:00,3430.442202287733,0.00024857417297489807
2020-03-19 16:05:00,3430.3745361393617,0.00023238759267920077
2020-03-19 16:06:00,3430.4657775772816,0.00023151858933251107
2020-03-19 16:07:00,3430.7324988169457,0.00022113674417461286
2020-03-19 16:08:00,3430.3743888324407,0.00021739590265489584
2020-03-19 16:09:00,3430.7172906767473,0.0002211394554583242
2020-03-19 16:10:00,3430.5155319972064,0.00021116862489741487
2020-03-19 16:11:00,3431.151977632627,0.00022181161538451015
2020-03-19 16:12:00,3431.1473995866536,0.00022241724611016974
2020-03-19 16:13:00,3431.6607035618904,0.0002484777773807763
2020-03-19 16:14:00,3430.977627350848,0.0002458663928429514
2020-03-19 16:15:00,3430.646850617608,0.0002556027807476817
2020-03-19 16:16:00,3430.9741356642553,0.0002570979127880828
2020-03-19 16:17:00,3431.7177248216044,0.00024483083833889816
2020-03-19 16:18:00,3432.2538454294163,0.00022983150566230053
2020-03-19 16:19:00,3431.8239729138822,0.0002332882650827869
2020-03-19 16:20:00,3431.7211706588196,0.0002447523508560202
2020-03-19 16:21:00,3433.0932157734346,0.0002526659788990122
2020-03-19 16:22:00,3432.5851897299176,0.0002651882649027343
2020-03-19 16:23:00,3431.4291752632225,0.0002452145484038389
2020-03-19 16:24:00,3430.5082238814143,0.00024244410118584204
2020-03-19 16:25:00,3430.938933628318,0.00024221235329137102
2020-03-19 16:26:00,3430.6204511719448,0.00023403606554729637
2020-03-19 16:27:00,3430.433470403194,0.00023665594147538054
2020-03-19 16:28:00,3430.2508681330396,0.00024301330945614185
2020-03-19 16:29:00,3431.348772107623,0.00022763534422474358
2020-03-19 16:30:00,3430.878964836299,0.00023102856817332906
2020-03-19 16:31:00,3429.5003326457263,0.00022518108599067844
2020-03-19 16:32:00,3429.029201923211,0.00022796965717213346
2020-03-19 16:33:00,3427.506345173426,0.00021993801285600484
2020-03-19 16:34:00,3426.921275798171,0.00021386301799099415
2020-03-19 16:35:00,3426.55240350567,0.00020947488060191828
2020-03-19 16:36:00,3427.1813749462385,0.00021191905925894405
2020-03-19 16:37:00,3427.3230302556462,0.00022410995723728171
2020-03-19 16:38:00,3426.76606120436,0.00021188657370978606
2020-03-19 16:39:00,3425.9368198910347,0.000208785071978836
2020-03-19 16:40:00,3425.9114457444616,0.0002095877001776269
2020-03-19 16:41:00,3426.1571949776667,0.00021874747940396245
2020-03-19 16:42:00,3426.4697450126187,0.0002223307608129967
2020-03-19 16:43:00,3425.4729623044122,0.00021940622774343214
2020-03-19 16:44:00,3425.5162688640057,0.00022578393578354718
2020-03-19 16:45:00,3425.769028709377,0.00023336730441274954
2020-03-19 16:46:00,3423.743751664697,0.0002349386475150116
2020-03-19 16:47:00,3424.3179348197345,0.00022113243341164614
2020-03-19 16:48:00,3424.1807686095553,0.00021391003152385586
2020-03-19 16:49:00,3423.5138697376588,0.00023416153267485232
2020-03-19 16:50:00,3423.5268962405444,0.00023803039999069258
2020-03-19 16:51:00,3422.0394736850058,0.00024293450852338135
2020-03-19 16:52:00,3421.998990730029,0.0002498391015471085
2020-03-19 16:53:00,3420.055603285864,0.00025296084202316814
2020-03-19 16:54:00,3418.6159188340425,0.0002580659058006787
2020-03-19 16:55:00,3418.4311577021112,0.0002572495253910153
2020-03-19 16:56:00,3419.1151260947063,0.000246186211420142
2020-03-19 16:57:00,3418.815304425415,0.0002466839984889203
2020-03-19 16:58:00,3417.8321350939113,0.000248284044264161
2020-03-19 16:59:00,3416.9916487923033,0.0002316533373759998
2020-03-19 17:00:00,3417.0723824169554,0.0002221926012326302
2020-03-19 17:01:00,3417.591895045142,0.0002102767991794762
2020-03-19 17:02:00,3417.5152117982584,0.0002016522345827363
2020-03-19 17:03:00,3417.194468632884,0.00019340009132105915
2020-03-19 17:04:00,3418.607296795295,0.00019399984414819328
2020-03-19 17:05:00,3417.9781342343767,0.00018553041363573503
2020-03-19 17:06:00,3417.809401376242,0.0001838662201396021
2020-03-19 17:07:00,3416.536868807014,0.00018252554500592337
2020-03-19 17:08:00,3416.4201609709417,0.00019075599988449275
2020-03-19 17:09:00,3416.324274403769,0.00018532413729643743
2020-03-19 17:10:00,3415.7664965766967,0.0002159340901123933
2020-03-19 17:11:00,3415.5871778703977,0.0002303045450989273
2020-03-19 17:12:00,3415.684467396371,0.00023667824207846262
2020-03-19 17:13:00,3415.2431237498017,0.0002343048601275944
2020-03-19 17:14:00,3415.0218614708865,0.0002311299339278164
2020-03-19 17:15:00,3414.1323204193595,0.00023294591413626324
2020-03-19 17:16:00,3413.478314531672,0.00021647455937115812
2020-03-19 17:17:00,3413.2408855830045,0.00022247137370056135
2020-03-19 17:18:00,3411.8994223096165,0.0002203539620593824
2020-03-19 17:19:00,3412.9987412784017,0.0002078019480411578
2020-03-19 17:20:00,3412.7753841486538,0.00020606996355355004
2020-03-19 17:21:00,3413.050192767639,0.00020184959477103989
2020-03-19 17:22:00,3413.270273119105,0.0001830698405220754
2020-03-19 17:23:00,3412.6511596630003,0.00020226003215534325
2020-03-19 17:24:00,3413.37441049704,0.00020672433848282245
2020-03-19 17:25:00,3411.99909478217,0.0001975241801542714
2020-03-19 17:26:00,3410.691373119656,0.00018742974528263316
2020-03-19 17:27:00,3411.004431631946,0.00020014111735225908
2020-03-19 17:28:00,3411.1292534335457,0.00019152063889749145
2020-03-19 17:29:00,3410.5735269627894,0.00019583833524304943
2020-03-19 17:30:00,3411.697817063484,0.00020531875476715938
2020-03-19 17:31:00,3411.6039396327883,0.00021580346414113328
2020-03-19 17:32:00,3412.1434513527342,0.00020637151378195373
2020-03-19 17:33:00,3411.770447388744,0.00021494388649029086
2020-03-19 17:34:00,3412.06766139879,0.00021494544855262798
2020-03-19 17:35:00,3410.946258478556,0.0002175533454590429
2020-03-19 17:36:00,3411.1031069216333,0.00021792647508512352
2020-03-19 17:37:00,3411.9878156956865,0.00021741197884218375
2020-03-19 17:38:00,3412.8910767353077,0.00022495003986822295
2020-03-19 17:39:00,3414.4005034856573,0.00022920058373269146
2020-03-19 17:40:00,3414.6742176773264,0.00023445771468827805
2020-03-19 17:41:00,3415.9311889032942,0.00021856943642651748
2020-03-19 17:42:00,3415.9913262832833,0.0002174342523526125
2020-03-19 17:43:00,3416.0462735544347,0.00021508038029633856
2020-03-19 17:44:00,3415.513814458923,0.0002194208209499941
2020-03-19 17:45:00,3414.820998445471,0.00021332457913758688
2020-03-19 17:46:00,3414.974431509447,0.0002126240284260096
2020-03-19 17:47:00,3415.6464824220684,0.00020914117992134183
2020-03-19 17:48:00,3415.425152595862,0.0002125114507337671
2020-03-19 17:49:00,3415.2358739667243,0.0002149477676982144
2020-03-19 17:50:00,3415.0777924434146,0.00020727278617075652
2020-03-19 17:51:00,3413.67940416169,0.00020657423897129287
2020-03-19 17:52:00,3412.9844460004633,0.00020870025651348567
2020-03-19 17:53:00,3413.8224297197967,0.00022522033587420913
2020-03-19 17:54:00,3412.633944127118,0.0002216373470079699
2020-03-19 17:55:00,3412.9062509597125,0.00021300060698602622
2020-03-19 17:56:00,3413.5812455783166,0.00021194573373694748
2020-03-19 17:57:00,3412.909569117583,0.00020462681976033187
2020-03-19 17:58:00,3413.5235061831695,0.00021015003497322333
2020-03-19 17:59:00,3413.1672064228774,0.00022887788608402448
2020-03-19 18:00:00,3413.5446912004822,0.00024030649520862508
2020-03-19 18:01:00,3413.3340751187625,0.00023495566001047313
2020-03-19 18:02:00,3411.6853214023026,0.00022966221952541588
2020-03-19 18:03:00,3412.001791916674,0.00023530036712201803
2020-03-19 18:04:00,3410.0158421490987,0.00024522733318374767
2020-03-19 18:05:00,3409.769297220404,0.000239277722995301
2020-03-19 18:06:00,3409.137541233102,0.0002365195496851388
2020-03-19 18:07:00,3409.3757316355704,0.0002454379535383951
2020-03-19 18:08:00,3410.031863981834,0.0002459620679344595
2020-03-19 18:09:00,3409.3580105310707,0.00024364927357552242
2020-03-19 18:10:00,3409.958098512474,0.000251066897580464
2020-03-19 18:11:00,3409.3049925508635,0.0002741637319845654
2020-03-19 18:12:00,3409.6628812743506,0.0002694076151427856
2020-03-19 18:13:00,3410.017683419976,0.0002792850239600838
2020-03-19 18:14:00,3411.401031957078,0.0002963054701974038
2020-03-19 18:15:00,3411.681849112415,0.0002834726817491722
2020-03-19 18:16:00,3410.9604033869546,0.00026016727422361924
2020-03-19 18:17:00,3410.7273383101683,0.0002628803518989224
2020-03-19 18:18:00,3411.4451243614203,0.00025629575948040383
2020-03-19 18:19:00,3411.020218704685,0.0002501092779237026
2020-03-19 18:20:00,3412.0860922441493,0.0002357712556696791
2020-03-19 18:21:00,3411.973682882575,0.00022844898882356038
2020-03-19 18:22:00,3410.571497263526,0.00022755128424438076
2020-03-19 18:23:00,3410.9373636040095,0.00024722220949900746
2020-03-19 18:24:00,3410.194564861579,0.00023244967218187228
2020-03-19 18:25:00,3409.349630218731,0.00023205223507679785
2020-03-19 18:26:00,3410.296457069056,0.00022239937011340666
2020-03-19 18:27:00,3409.9436635015404,0.00022923008675318366
2020-03-19 18:28:00,3410.880691002579,0.00022205116705306994
2020-03-19 18:29:00,3410.572231628121,0.000224422689875277
2020-03-19 18:30:00,3410.965007109658,0.00021478461622513525
2020-03-19 18:31:00,3411.45755516963,0.00020213445856263751
2020-03-19 18:32:00,3411.6830141906803,0.00020319606810786215
2020-03-19 18:33:00,3412.279180170716,0.0001969644949653696
2020-03-19 18:34:00,3411.217621641263,0.00019713566020983857
2020-03-19 18:35:00,3410.107019219484,0.00019036599193131788
2020-03-19 18:36:00,3410.25731343536,0.00019085477500161886
2020-03-19 18:37:00,3410.7275061230966,0.00018734050623455572
2020-03-19 18:38:00,3410.8461590569755,0.00017600531328344952
2020-03-19 18:39:00,3411.441618676513,0.00017470766736869863
2020-03-19 18:40:00,3410.2084456230295,0.00016872887897805296
2020-03-19 18:41:00,3410.1273396998054,0.00016959308273810383
2020-03-19 18:42:00,3408.431353827285,0.0001819892941870948
2020-03-19 18:43:00,3409.0853727758354,0.00018368608800512987
2020-03-19 18:44:00,3409.582170093631,0.00019240085581907223
2020-03-19 18:45:00,3409.9974196183466,0.00019596439379971993
2020-03-19 18:46:00,3410.0226485122944,0.00021015369582815915
2020-03-19 18:47:00,3410.903459678518,0.00021956187966260392
2020-03-19 18:48:00,3409.959141443155,0.00021386333449623568
2020-03-19 18:49:00,3409.0886607702764,0.00021009218353940326
2020-03-19 18:50:00,3408.711086551263,0.0002128199536759281
2020-03-19 18:51:00,3409.0828847027615,0.00022107326414326937
2020-03-19 18:52:00,3406.8039327512865,0.00023211678953255661
2020-03-19 18:53:00,3406.3668985990867,0.00024642806710954457
2020-03-19 18:54:00,3405.215336157141,0.00024320331869687024
2020-03-19 18:55:00,3403.862044296516,0.00025316139042016355
2020-03-19 18:56:00,3405.790672339108,0.00026408573865572784
2020-03-19 18:57:00,3407.018546733241,0.00026737178435855383
2020-03-19 18:58:00,3406.407888406094,0.00027294261194360644
2020-03-19 18:59:00,3407.0536170452383,0.00027225366025191604
2020-03-19 19:00:00,3407.301694913676,0.00028861978164304174
2020-03-19 19:01:00,3407.1013591599963,0.0002784106031897059
2020-03-19 19:02:00,3406.467808890683,0.0002588953625556978
2020-03-19 19:03:00,3406.8676640541635,0.00024364360004727718
2020-03-19 19:04:00,3408.5798326698505,0.0002468582243962565
2020-03-19 19:05:00,3409.241750415927,0.00023514463430287545
2020-03-19 19:06:00,3408.9904254308826,0.00022366199172813532
2020-03-19 19:07:00,3408.937279441814,0.00023155340378587923
2020-03-19 19:08:00,3409.3933899987055,0.00024399892086285685
2020-03-19 19:09:00,3408.8743415407794,0.0002596391147407723
2020-03-19 19:10:00,3409.3236201999775,0.0002619746915974741
2020-03-19 19:11:00,3411.1057888588425,0.00025741633486826105
2020-03-19 19:12:00,3410.793689840855,0.00026454192903846804
2020-03-19 19:13:00,3412.1820066356586,0.00027139557107881424
2020-03-19 19:14:00,3411.591989122213,0.0002831279001158118
2020-03-19 19:15:00,3412.532505645632,0.0002824267105189727
2020-03-19 19:16:00,3411.9250917210634,0.000273812290922801
2020-03-19 19:17:00,3411.8574819013493,0.000268580705127055
2020-03-19 19:18:00,3412.58948543738,0.0002628720905428882
2020-03-19 19:19:00,3411.879841090786,0.0002529461926818063
2020-03-19 19:20:00,3411.0386263470937,0.00026304282520762804
2020-03-19 19:21:00,3413.3475895531383,0.00026211245165717173
2020-03-19 19:22:00,3413.175829920727,0.0002654205331713999
2020-03-19 19:23:00,3412.448815848961,0.00027922004684547043
2020-03-19 19:24:00,3412.2724925703546,0.000285981736895882
2020-03-19 19:25:00,3411.3477116536606,0.00027510237718476345
2020-03-19 19:26:00,3411.6612395653856,0.00028337513571305043
2020-03-19 19:27:00,3412.2519807819435,0.0002707031314497131
2020-03-19 19:28:00,3411.3548461306464,0.00026305376026892325
2020-03-19 19:29:00,3411.5426816114937,0.0002590208650755008
2020-03-19 19:30:00,3412.530619287374,0.0002641385139630867
2020-03-19 19:31:00,3413.3040114352843,0.0002845986894517704
2020-03-19 19:32:00,3413.0339352559763,0.00028363429356036975
2020-03-19 19:33:00,3411.6675817042383,0.0002815366207482918
2020-03-19 19:34:00,3410.9112509041174,0.0002701116176167787
2020-03-19 19:35:00,3411.375627823908,0.00028498816472836215
2020-03-19 19:36:00,3410.167154234517,0.0002763332638676244
2020-03-19 19:37:00,3410.1240147348526,0.0002673240813087812
2020-03-19 19:38:00,3408.889842838192,0.00028210007366871016
2020-03-19 19:39:00,3409.8420717394765,0.0003113908230335837
2020-03-19 19:40:00,3408.030718565181,0.0003107848753945033
2020-03-19 19:41:00,3409.1614255980007,0.00031476111969994184
2020-03-19 19:42:00,3408.736919444436,0.0003279447648774196
2020-03-19 19:43:00,3407.6246702680255,0.00033256045532537596
2020-03-19 19:44:00,3406.397604338926,0.0003313842202381689
2020-03-19 19:45:00,3407.1967152300435,0.0003199648409447937
2020-03-19 19:46:00,3405.83908222364,0.0003426598280876795
2020-03-19 19:47:00,3405.3152800278813,0.0003348542696711889
2020-03-19 19:48:00,3406.3852148164724,0.00034394812330965774
2020-03-19 19:49:00,3407.203569760378,0.00037172835479930657
2020-03-19 19:50:00,3405.821423444142,0.0003726040939308569
2020-03-19 19:51:00,3406.366876596538,0.00036865989892667666
2020-03-19 19:52:00,3406.324898404609,0.0003593502970162849
2020-03-19 19:53:00,3405.162042968513,0.0003539173725951443
2020-03-19 19:54:00,3406.4559621877784,0.0003413918109089051
2020-03-19 19:55:00,3407.463936464897,0.0003496080752906648
2020-03-19 19:56:00,3405.5940222977183,0.00034885975521792203
2020-03-19 19:57:00,3405.938989520935,0.00036959627952048735
2020-03-19 19:58:00,3405.1471759507676,0.00036074447050922807
2020-03-19 19:59:00,3402.9486813622143,0.0003591794628048256
2020-03-20 13:30:00,3596.386357001745,0.0003828165340601142
2020-03-20 13:31:00,3596.2693043690215,0.00038642843006886227
2020-03-20 13:32:00,3598.4633625002875,0.00037090851979782596
2020-03-20 13:33:00,3600.1855775457047,0.0003613206319679465
2020-03-20 13:34:00,3600.0965563988443,0.00037029581067776475
2020-03-20 13:35:00,3600.15232844655,0.00035457333980638687
2020-03-20 13:36:00,3601.1244205473595,0.0003534911150310043
2020-03-20 13:37:00,3599.80700034929,0.00039857397490532384
2020-03-20 13:38:00,3599.759186326746,0.00039587242380606394
2020-03-20 13:39:00,3599.647946312901,0.00038722380445147995
2020-03-20 13:40:00,3598.8087594774133,0.0004097315508336256
2020-03-20 13:41:00,3600.7296067165494,0.00044178696905324753
2020-03-20 13:42:00,3601.833462331048,0.0004688168260324433
2020-03-20 13:43:00,3601.081136209247,0.0004762329829744439
2020-03-20 13:44:00,3596.6285255553075,0.0005202522921097175
2020-03-20 13:45:00,3596.3453904034996,0.0005080806745876528
2020-03-20 13:46:00,3595.3527445721256,0.0005128411591253168
2020-03-20 13:47:00,3597.6471482879365,0.0005188208912335738
2020-03-20 13:48:00,3598.1194323127215,0.0005042879930778726
2020-03-20 13:49:00,3600.4661323766068,0.0005115771750101644
2020-03-20 13:50:00,3599.5718849809555,0.0004957731169949089
2020-03-20 13:51:00,3597.1516684127023,0.0005113934825312724
2020-03-20 13:52:00,3597.4502486709903,0.0005268085350962422
2020-03-20 13:53:00,3599.7654654385838,0.0005712690085639982
2020-03-20 13:54:00,3597.460508863829,0.0005618195332129809
2020-03-20 13:55:00,3597.1562471134903,0.0005714381590481951
2020-03-20 13:56:00,3597.6960927075556,0.000566298382378149
2020-03-20 13:57:00,3598.1670559728927,0.0005590446017108613
2020-03-20 13:58:00,3596.652237084528,0.0005603921906026444
2020-03-20 13:59:00,3598.0088272593757,0.0005771129532478418
2020-03-20 14:00:00,3598.213016969633,0.0005373170322567847
2020-03-20 14:01:00,3600.0168110415675,0.0005189520176426118
2020-03-20 14:02:00,3599.9146642627024,0.0004988516205245237
2020-03-20 14:03:00,3601.8926129968177,0.0004983243496311386
2020-03-20 14:04:00,3600.877372663772,0.00047575774900273786
2020-03-20 14:05:00,3600.8066348580655,0.0005460321550473603
2020-03-20 14:06:00,3603.580104588901,0.0005754962047483657
2020-03-20 14:07:00,3603.7861838961444,0.0005731010832092731
2020-03-20 14:08:00,3607.6377256798014,0.0005868804130028985
2020-03-20 14:09:00,3609.552375643111,0.0006264868215705679
2020-03-20 14:10:00,3607.8044431623216,0.0006281938984546501
2020-03-20 14:11:00,3607.6238005099376,0.0006410475318414348
2020-03-20 14:12:00,3609.570160359495,0.0006934890938767002
2020-03-20 14:13:00,3615.9012266582326,0.0007570392482878868
2020-03-20 14:14:00,3610.223478018273,0.0007487701276516059
2020-03-20 14:15:00,3609.6133319890546,0.000795371756737252
2020-03-20 14:16:00,3609.952030006632,0.0007648328310137579
2020-03-20 14:17:00,3613.754964556895,0.000762989811618825
2020-03-20 14:18:00,3614.44636674244,0.0007666297463843482
2020-03-20 14:19:00,3616.8571218956395,0.0007684789235056874
2020-03-20 14:20:00,3618.041642007149,0.0007810282940353213
2020-03-20 14:21:00,3615.4958056786186,0.0007919407830813634
2020-03-20 14:22:00,3616.003044418081,0.0008101091479029564
2020-03-20 14:23:00,3613.056782490487,0.0008902460478136852
2020-03-20 14:24:00,3621.615368141386,0.0008928897943727103
2020-03-20 14:25:00,3620.390059367418,0.0009295669436418767
2020-03-20 14:26:00,3616.197645568888,0.0009295480894848248
2020-03-20 14:27:00,3615.0455405864477,0.0009515384891415334
2020-03-20 14:28:00,3610.5960295725295,0.0009110622970559127
2020-03-20 14:29:00,3610.518374668147,0.0008192710911940234
2020-03-20 14:30:00,3610.344739043791,0.000828084145785197
2020-03-20 14:31:00,3607.215944403981,0.0008925245707459934
2020-03-20 14:32:00,3606.451088161226,0.00092156509452536
2020-03-20 14:33:00,3604.16726646211,0.0008935464849237467
2020-03-20 14:34:00,3601.059209135236,0.0009096858541140044
2020-03-20 14:35:00,3598.1188751608715,0.0008638685283374591
2020-03-20 14:36:00,3596.4852554848057,0.0008723029055034123
2020-03-20 14:37:00,3596.1739901836095,0.0008778993572151492
2020-03-20 14:38:00,3594.3686363735405,0.0008880177647009606
2020-03-20 14:39:00,3596.7583837499283,0.0009490305991558497
2020-03-20 14:40:00,3592.8944895216964,0.0009771485320025828
2020-03-20 14:41:00,3586.6526690042197,0.0009720888895892054
2020-03-20 14:42:00,3587.1263460133137,0.0009736113784477759
2020-03-20 14:43:00,3593.290628462881,0.0009797137347170952
2020-03-20 14:44:00,3596.8518724696555,0.0009628276574954053
2020-03-20 14:45:00,3593.5772212931956,0.0009610830217285602
2020-03-20 14:46:00,3588.8114148906084,0.0009182044405642642
2020-03-20 14:47:00,3587.256495031569,0.0009232790221954022
2020-03-20 14:48:00,3578.2162057883647,0.0010037591099232054
2020-03-20 14:49:00,3572.118842525686,0.0009780752225095313
2020-03-20 14:50:00,3573.8250096828383,0.0009292676493880121
2020-03-20 14:51:00,3576.9143419479715,0.000848352577808229
2020-03-20 14:52:00,3570.6729748441912,0.0008371790726816573
2020-03-20 14:53:00,3564.9182909316455,0.0008074728418940566
2020-03-20 14:54:00,3566.137808583376,0.0008443569924124401
2020-03-20 14:55:00,3570.2973688443803,0.000835743319260874
2020-03-20 14:56:00,3567.071570004461,0.0008209443940004954
2020-03-20 14:57:00,3569.88493640804,0.000862940481815242
2020-03-20 14:58:00,3569.568676083717,0.0008191627980924814
2020-03-20 14:59:00,3563.5955859972437,0.0008069145021801954
2020-03-20 15:00:00,3561.200520425212,0.0007691446859418082
2020-03-20 15:01:00,3561.8815025871304,0.0008320228227064292
2020-03-20 15:02:00,3563.11552864662,0.0008127347442543598
2020-03-20 15:03:00,3564.588473955608,0.0008254292993479607
2020-03-20 15:04:00,3568.739828436782,0.0008359091381502932
2020-03-20 15:05:00,3568.088206372923,0.0008052623443673564
2020-03-20 15:06:00,3566.897519888119,0.0007730411423519354
2020-03-20 15:07:00,3565.1207534515793,0.0007627898244007296
2020-03-20 15:08:00,3565.4895646486175,0.0008288095019585041
2020-03-20 15:09:00,3566.3304502561277,0.0008343982114406169
2020-03-20 15:10:00,3566.7498366419186,0.000841121437968662
2020-03-20 15:11:00,3567.3742770545687,0.0008462616311811583
2020-03-20 15:12:00,3563.003152284819,0.0008471782324028905
2020-03-20 15:13:00,3559.423564688406,0.0008644728503891352
2020-03-20 15:14:00,3550.30738292695,0.0008479157789716123
2020-03-20 15:15:00,3553.0709721522076,0.0008908732897967394
2020-03-20 15:16:00,3557.235231538031,0.0009710186846177379
2020-03-20 15:17:00,3551.1691921520514,0.0010050823771398914
2020-03-20 15:18:00,3549.1908146000223,0.0009546178800929044
2020-03-20 15:19:00,3547.599518905683,0.0009561463917124325
2020-03-20 15:20:00,3544.1912660210482,0.000985562388845428
2020-03-20 15:21:00,3543.5920059621412,0.0009819362890737735
2020-03-20 15:22:00,3546.606848575713,0.0010210385967927259
2020-03-20 15:23:00,3546.7673908409865,0.0010392349591021308
2020-03-20 15:24:00,3549.574501767651,0.0010661252532934166
2020-03-20 15:25:00,3550.582495757101,0.0010159487614586108
2020-03-20 15:26:00,3552.4558492166793,0.0010365266645061815
2020-03-20 15:27:00,3560.862419268064,0.001053027257922246
2020-03-20 15:28:00,3565.372784767821,0.0010869014999935667
2020-03-20 15:29:00,3561.2317119211875,0.0010677277847861303
2020-03-20 15:30:00,3559.3418493700815,0.0009956907247028273
2020-03-20 15:31:00,3559.9465093209315,0.0010464536193310432
2020-03-20 15:32:00,3562.7267847791386,0.0010991757133064779
2020-03-20 15:33:00,3562.1213768087378,0.0010890161479499487
2020-03-20 15:34:00,3561.031571439361,0.001031754491484275
2020-03-20 15:35:00,3557.7775614538414,0.0010204070972081667
2020-03-20 15:36:00,3557.9371563332993,0.0010094538350709443
2020-03-20 15:37:00,3556.393318475829,0.0010110435190602881
2020-03-20 15:38:00,3556.8429252461315,0.0009951221668775627
2020-03-20 15:39:00,3558.314971652473,0.0009118396358640852
2020-03-20 15:40:00,3556.0178105705677,0.0009060465624171312
2020-03-20 15:41:00,3555.621202057632,0.0008793762347269222
2020-03-20 15:42:00,3554.8710208925063,0.0009847249220888295
2020-03-20 15:43:00,3556.8907171785036,0.0009552751262089447
2020-03-20 15:44:00,3554.815931763698,0.0009109789615545679
2020-03-20 15:45:00,3558.9603113999096,0.000903280811800804
2020-03-20 15:46:00,3563.7616808575517,0.0007963786288753331
2020-03-20 15:47:00,3564.952271892601,0.0007888446886480109
2020-03-20 15:48:00,3562.280448670697,0.0007719533826425415
2020-03-20 15:49:00,3566.033168158632,0.000838833635427708
2020-03-20 15:50:00,3568.4384857485447,0.0008794530792871866
2020-03-20 15:51:00,3565.95216410749,0.0008340723877066465
2020-03-20 15:52:00,3562.842484894257,0.0007640191503616203
2020-03-20 15:53:00,3567.675125464327,0.0007523749137031271
2020-03-20 15:54:00,3563.5395023779615,0.0007336367637243323
2020-03-20 15:55:00,3564.401741425896,0.0007711713536733567
2020-03-20 15:56:00,3564.69046204317,0.0007472762021761113
2020-03-20 15:57:00,3562.4592285733456,0.0007315910776878276
2020-03-20 15:58:00,3566.1389494015903,0.0007129084594204113
2020-03-20 15:59:00,3568.580361122144,0.0007314120961992745
2020-03-20 16:00:00,3568.512903825349,0.0007240109886614963
2020-03-20 16:01:00,3570.449686228808,0.0007027400095619844
2020-03-20 16:02:00,3570.8124227512726,0.0006892198879166817
2020-03-20 16:03:00,3573.308306478737,0.0006596376927082257
2020-03-20 16:04:00,3570.3166208009343,0.0006140998647562062
2020-03-20 16:05:00,3571.7829385834557,0.0006331391420989069
2020-03-20 16:06:00,3569.855993879106,0.0006232924655972137
2020-03-20 16:07:00,3568.6253415769424,0.0006421604396047572
2020-03-20 16:08:00,3567.316427777699,0.0006564414620433509
2020-03-20 16:09:00,3566.6058044948495,0.0006571233191098862
2020-03-20 16:10:00,3568.2146535432785,0.0006711306240242004
2020-03-20 16:11:00,3568.802449993624,0.0006846166420182691
2020-03-20 16:12:00,3570.83003323534,0.0007205673647571987
2020-03-20 16:13:00,3573.975717293088,0.0007529389165738106
2020-03-20 16:14:00,3570.15848615165,0.0007623946550940247
2020-03-20 16:15:00,3569.5473535709557,0.0008285256923465892
2020-03-20 16:16:00,3572.7259418829135,0.0008575354280892431
2020-03-20 16:17:00,3572.4379614971713,0.0008584817712326484
2020-03-20 16:18:00,3572.8714166632444,0.0008298953362047783
2020-03-20 16:19:00,3573.7311496058182,0.0008596503993948196
2020-03-20 16:20:00,3572.3821810224094,0.0008614851591429716
2020-03-20 16:21:00,3569.7838880036666,0.0008404598858132168
2020-03-20 16:22:00,3571.7686179734965,0.0008353738302740082
2020-03-20 16:23:00,3570.7740615813004,0.0008120280258495548
2020-03-20 16:24:00,3570.9268009012685,0.0008210735515491948
2020-03-20 16:25:00,3567.0280558449745,0.0008341007354403984
2020-03-20 16:26:00,3566.3714409914683,0.0008240257356007469
2020-03-20 16:27:00,3564.1878132465813,0.0008305751553482775
2020-03-20 16:28:00,3558.2957732028644,0.0007979903999582327
2020-03-20 16:29:00,3559.409027248295,0.0008366796291586352
2020-03-20 16:30:00,3557.0303545866063,0.0008129539724158642
2020-03-20 16:31:00,3557.835285231819,0.0008269772136045597
2020-03-20 16:32:00,3558.49138470486,0.0008535362276798433
2020-03-20 16:33:00,3553.762034730861,0.0008138626634659023
2020-03-20 16:34:00,3553.7604162471075,0.0007895884860809341
2020-03-20 16:35:00,3555.956112896268,0.0007604966487549929
2020-03-20 16:36:00,3552.4185399114604,0.0008281670944924322
2020-03-20 16:37:00,3544.3092997050903,0.0008138993983230002
2020-03-20 16:38:00,3544.30977790003,0.000849583084801211
2020-03-20 16:39:00,3542.2177400703185,0.0008490562334596865
2020-03-20 16:40:00,3546.2334570213648,0.0008089149875204013
2020-03-20 16:41:00,3547.224057460576,0.0008358835776068202
2020-03-20 16:42:00,3552.929995150169,0.000812331858207258
2020-03-20 16:43:00,3550.019041522285,0.0008360294151891417
2020-03-20 16:44:00,3540.0579541539946,0.0008157067600017835
2020-03-20 16:45:00,3542.382566809402,0.000815283598580429
2020-03-20 16:46:00,3546.4693061427856,0.000868741601267915
2020-03-20 16:47:00,3541.1449857454795,0.0008649943137930508
2020-03-20 16:48:00,3541.884192868622,0.0008695910204072953
2020-03-20 16:49:00,3540.271375766517,0.0008301348876686027
2020-03-20 16:50:00,3542.23385021284,0.0007597952457086025
2020-03-20 16:51:00,3541.887317116519,0.0008262986513305832
2020-03-20 16:52:00,3539.292411043106,0.0008470263904635291
2020-03-20 16:53:00,3539.016543000469,0.0008780396745215989
2020-03-20 16:54:00,3537.3151293501173,0.0008609967765354625
2020-03-20 16:55:00,3539.0589819920365,0.0008923249140329578
2020-03-20 16:56:00,3534.2257302784687,0.000929499860619195
2020-03-20 16:57:00,3527.179835548496,0.0010074516148054148
2020-03-20 16:58:00,3526.2784808207284,0.0010351925860209673
2020-03-20 16:59:00,3519.7708263275586,0.0010024790569061455
2020-03-20 17:00:00,3523.2261892256806,0.0010053553681827095
2020-03-20 17:01:00,3528.946174605418,0.0010418810243344792
2020-03-20 17:02:00,3526.066778305673,0.0010384548560728056
2020-03-20 17:03:00,3518.6852363004036,0.0010926384951444527
2020-03-20 17:04:00,3521.367162452605,0.001146145871144141
2020-03-20 17:05:00,3517.271140520893,0.0011121366049306098
2020-03-20 17:06:00,3515.449739726967,0.0011001145629218033
2020-03-20 17:07:00,3505.200795245574,0.0011025287010164476
2020-03-20 17:08:00,3503.8886990161186,0.001146016198745422
2020-03-20 17:09:00,3501.936464094995,0.001214959456946369
2020-03-20 17:10:00,3502.634896649639,0.0011376314459629099
2020-03-20 17:11:00,3503.576240548842,0.001167320326109879
2020-03-20 17:12:00,3507.853515089931,0.0010750807940779325
2020-03-20 17:13:00,3513.7048310543673,0.0010761561509556414
2020-03-20 17:14:00,3514.422085672812,0.001084125775907969
2020-03-20 17:15:00,3517.477628138022,0.0010924400201457905
2020-03-20 17:16:00,3514.6161715168155,0.001145114110820893
2020-03-20 17:17:00,3513.1118770508147,0.0012587156810870497
2020-03-20 17:18:00,3509.5273230271528,0.0012181887323980034
2020-03-20 17:19:00,3504.464493918886,0.0012228785818292618
2020-03-20 17:20:00,3514.5018390074047,0.0012947905605026682
2020-03-20 17:21:00,3511.69178103254,0.0012413093437760717
2020-03-20 17:22:00,3513.5711583314355,0.0012762709886776804
2020-03-20 17:23:00,3510.793814867306,0.001328093429152939
2020-03-20 17:24:00,3507.247236460033,0.0013926087367089192
2020-03-20 17:25:00,3512.4577278838383,0.0013319671616642394
2020-03-20 17:26:00,3521.3571137769923,0.0013778134883304916
2020-03-20 17:27:00,3515.7386767078356,0.0013464327895115471
2020-03-20 17:28:00,3525.042853107249,0.0013056770160012787
2020-03-20 17:29:00,3526.1763392913867,0.001209256352477456
2020-03-20 17:30:00,3525.310845820387,0.0010735475264324278
2020-03-20 17:31:00,3524.396972098769,0.0010123307376979477
2020-03-20 17:32:00,3520.5752689080828,0.0009548381356414313
2020-03-20 17:33:00,3523.029947243199,0.0010406285243349258
2020-03-20 17:34:00,3512.4484423871513,0.0010334943942186753
2020-03-20 17:35:00,3514.6130732148654,0.0009796134662753515
2020-03-20 17:36:00,3512.982428150193,0.0009616777221148385
2020-03-20 17:37:00,3517.203498668657,0.0009504600483439958
2020-03-20 17:38:00,3516.965774167979,0.0009960008165801975
2020-03-20 17:39:00,3518.913850315213,0.0009721914995638186
2020-03-20 17:40:00,3521.537771110036,0.001034042965825102
2020-03-20 17:41:00,3520.343893406356,0.0010724109622653856
2020-03-20 17:42:00,3516.554059936338,0.0010955676512346096
2020-03-20 17:43:00,3518.4997185936027,0.0010670813914581887
2020-03-20 17:44:00,3518.2883207474492,0.0011262528132467134
2020-03-20 17:45:00,3516.2842568084575,0.0011018498855971798
2020-03-20 17:46:00,3520.3949491621925,0.0010532211582964955
2020-03-20 17:47:00,3523.195003818103,0.001027187539078168
2020-03-20 17:48:00,3528.294359615906,0.0010672055645664508
2020-03-20 17:49:00,3528.502883099322,0.0010307403575938578
2020-03-20 17:50:00,3530.1117458907393,0.0010008938921029565
2020-03-20 17:51:00,3525.1136817448164,0.0009594819013380586
2020-03-20 17:52:00,3527.0712805125327,0.0009261395575223743
2020-03-20 17:53:00,3532.1739174632285,0.000906912478184626
2020-03-20 17:54:00,3539.351731510791,0.0009167135164700223
2020-03-20 17:55:00,3537.7877881196964,0.0008963978270780076
2020-03-20 17:56:00,3536.618059933539,0.0008918894311441664
2020-03-20 17:57:00,3531.381805749243,0.0008849890650754247
2020-03-20 17:58:00,3533.75196543277,0.0008871080203801619
2020-03-20 17:59:00,3532.84992432187,0.0008697486591951411
2020-03-20 18:00:00,3530.5387403741533,0.0008606938074778158
2020-03-20 18:01:00,3528.8716581565272,0.0009016288281317601
2020-03-20 18:02:00,3527.8916761496066,0.0008824224738308413
2020-03-20 18:03:00,3529.9870516393676,0.0009054865659533732
2020-03-20 18:04:00,3528.78365847481,0.0009149095762186568
2020-03-20 18:05:00,3526.3758479472594,0.0009450918705233921
2020-03-20 18:06:00,3528.746313678769,0.0009616821624731148
2020-03-20 18:07:00,3521.9978798231045,0.0009526160358002092
2020-03-20 18:08:00,3526.4701187476503,0.0008929572117664586
2020-03-20 18:09:00,3526.219471578957,0.0008727942967162315
2020-03-20 18:10:00,3525.5178763469653,0.0008586149052417245
2020-03-20 18:11:00,3535.1675150608553,0.0008116498231667268
2020-03-20 18:12:00,3535.053896211873,0.0008255878023027423
2020-03-20 18:13:00,3537.0025911659577,0.000825559558872073
2020-03-20 18:14:00,3537.934187717448,0.0008122593319598333
2020-03-20 18:15:00,3528.7805441272576,0.0008277245080147503
2020-03-20 18:16:00,3534.394696364459,0.0008961946191649549
2020-03-20 18:17:00,3534.3543001811536,0.0008841375482921016
2020-03-20 18:18:00,3539.4982337899414,0.0009320599839671657
2020-03-20 18:19:00,3534.136400156291,0.000937621731242936
2020-03-20 18:20:00,3538.1643044455127,0.0009360788260292451
2020-03-20 18:21:00,3538.898410783533,0.0009309397735918233
2020-03-20 18:22:00,3537.500051004076,0.0009335202855973917
2020-03-20 18:23:00,3539.0611490157385,0.0009518551749758738
2020-03-20 18:24:00,3545.6988485350366,0.000912461789779824
2020-03-20 18:25:00,3543.5458295920043,0.0008986925652376038
2020-03-20 18:26:00,3546.8291911886754,0.0009419296694123235
2020-03-20 18:27:00,3550.8129255681306,0.000968240319299046
2020-03-20 18:28:00,3553.3108071405272,0.0009367855722311806
2020-03-20 18:29:00,3549.5977728813564,0.001032021326116925
2020-03-20 18:30:00,3552.2448576241973,0.001075715098847653
2020-03-20 18:31:00,3550.2304632978166,0.0010467117147972345
2020-03-20 18:32:00,3545.665009782226,0.0010500690117428444
2020-03-20 18:33:00,3540.6969188026,0.0009752953873093502
2020-03-20 18:34:00,3541.3917805380884,0.0009129486332093812
2020-03-20 18:35:00,3542.1722370036123,0.0008897120166195372
2020-03-20 18:36:00,3538.3456342657964,0.0008257350642101456
2020-03-20 18:37:00,3536.9478816087562,0.0008524211563437338
2020-03-20 18:38:00,3541.669621024106,0.000845754471096198
2020-03-20 18:39:00,3539.490967894867,0.0008629520236742608
2020-03-20 18:40:00,3536.7924830479906,0.0008352185484390877
2020-03-20 18:41:00,3535.48091421088,0.0008237325591750618
2020-03-20 18:42:00,3531.3826029944694,0.0007990311749015439
2020-03-20 18:43:00,3534.8917492838996,0.0008295004959085996
2020-03-20 18:44:00,3535.70474415982,0.0008169066557102111
2020-03-20 18:45:00,3537.0730760326155,0.0008380205806771302
2020-03-20 18:46:00,3541.6618100538285,0.0008597385751370152
2020-03-20 18:47:00,3538.007982548153,0.0008528922374828054
2020-03-20 18:48:00,3535.5397121934157,0.0008276925091155007
2020-03-20 18:49:00,3535.095104963145,0.0007950464987082324
2020-03-20 18:50:00,3534.647667448594,0.0008576093706734475
2020-03-20 18:51:00,3534.653383971859,0.000831219623633822
2020-03-20 18:52:00,3534.8899001818854,0.000792598866021258
2020-03-20 18:53:00,3532.593018710126,0.0007910410543485692
2020-03-20 18:54:00,3529.9930448968166,0.0007733456330012218
2020-03-20 18:55:00,3528.8888493105155,0.0007662429519956432
2020-03-20 18:56:00,3532.555763875637,0.0007693321083006887
2020-03-20 18:57:00,3536.0536844881767,0.0007729713003472208
2020-03-20 18:58:00,3542.540791430229,0.0007720085050440127
2020-03-20 18:59:00,3543.7988945459124,0.0007580730643819446
2020-03-20 19:00:00,3545.8803370674923,0.0007296781942693547
2020-03-20 19:01:00,3547.290555338769,0.0007352791075038303
2020-03-20 19:02:00,3552.0104831689796,0.0007207914352807208
2020-03-20 19:03:00,3553.4536252199405,0.0007924392624258312
2020-03-20 19:04:00,3553.573596519936,0.0007605281316589894
2020-03-20 19:05:00,3552.6038156268073,0.0007706023004096705
2020-03-20 19:06:00,3558.689277801687,0.0008034800879828532
2020-03-20 19:07:00,3558.8974199929244,0.0008444268238265594
2020-03-20 19:08:00,3556.971552633145,0.0008709369912736769
2020-03-20 19:09:00,3554.0525067789463,0.000903584834554239
2020-03-20 19:10:00,3556.9917574407177,0.0008743570960519862
2020-03-20 19:11:00,3560.7017268649074,0.0008814463997767202
2020-03-20 19:12:00,3563.9314151148856,0.0008518065091034208
2020-03-20 19:13:00,3564.609280185803,0.0008647445232583972
2020-03-20 19:14:00,3562.364326566901,0.0008438346999899532
2020-03-20 19:15:00,3561.6486316710384,0.0007830265370000737
2020-03-20 19:16:00,3558.9153233867837,0.0007849080528675343
2020-03-20 19:17:00,3557.5404395243104,0.0007853930911915746
2020-03-20 19:18:00,3558.0491598512313,0.0008230067904377174
2020-03-20 19:19:00,3559.8110448419143,0.0008184696491370835
2020-03-20 19:20:00,3557.882784464336,0.0008417565660138145
2020-03-20 19:21:00,3562.39061338894,0.000826955663351701
2020-03-20 19:22:00,3564.46515944387,0.0007988019859049373
2020-03-20 19:23:00,3564.6360900350296,0.0008991146880204989
2020-03-20 19:24:00,3562.560769846746,0.0008400307748077997
2020-03-20 19:25:00,3559.246403690641,0.0008740962808195194
2020-03-20 19:26:00,3558.017644724179,0.0009634739582804222
2020-03-20 19:27:00,3563.4028900823064,0.000993017106999415
2020-03-20 19:28:00,3561.89493300598,0.0009307420325682496
2020-03-20 19:29:00,3557.4789100018547,0.0008822655695225335
2020-03-20 19:30:00,3560.4446609337097,0.0008514466993576544
2020-03-20 19:31:00,3559.856895836727,0.0008689067653346505
2020-03-20 19:32:00,3560.9527029150377,0.0008853037779530638
2020-03-20 19:33:00,3559.370239214523,0.0009404965745523671
2020-03-20 19:34:00,3556.970874709064,0.0009172416376672592
2020-03-20 19:35:00,3557.546007970885,0.0009285910738136195
2020-03-20 19:36:00,3551.149807935764,0.0009505683189082901
2020-03-20 19:37:00,3550.2826941867434,0.0010075005507636388
2020-03-20 19:38:00,3551.7016026381075,0.0009981847421805207
2020-03-20 19:39:00,3553.512309757905,0.0010806888005574881
2020-03-20 19:40:00,3550.899072621144,0.0010909494337525882
2020-03-20 19:41:00,3551.297553928923,0.0011708948489267117
2020-03-20 19:42:00,3557.218725830144,0.0011536505883920367
2020-03-20 19:43:00,3551.549665521268,0.0011355825766121673
2020-03-20 19:44:00,3550.384987258703,0.0010884590990631118
2020-03-20 19:45:00,3549.276136757486,0.0010905330278858341
2020-03-20 19:46:00,3551.2859604841615,0.0010783581794153296
2020-03-20 19:47:00,3552.56266475977,0.0010780912326188421
2020-03-20 19:48:00,3545.6726775725106,0.0010706065507793895
2020-03-20 19:49:00,3539.818138047186,0.00102419424254531
2020-03-20 19:50:00,3536.596919770337,0.0010784675983471703
2020-03-20 19:51:00,3535.0453468476485,0.0010989672056950625
2020-03-20 19:52:00,3534.9194816459235,0.0011284784898275733
2020-03-20 19:53:00,3537.974000191035,0.0011987282119798777
2020-03-20 19:54:00,3539.0618337847513,0.001195552599140619
2020-03-20 19:55:00,3541.10940623006,0.0012194342975127303
2020-03-20 19:56:00,3538.4147612255865,0.0012517686498492745
2020-03-20 19:57:00,3538.4060931871754,0.0012717024209608447
2020-03-20 19:58:00,3540.4130210543144,0.0012787229352938024
2020-03-20 19:59:00,3533.243180147957,0.0013334558863073325
2020-03-23 13:30:00,3663.2684010057737,0.001322439209076655
2020-03-23 13:31:00,3656.9078781180824,0.0012782606789274354
2020-03-23 13:32:00,3649.4134941140073,0.0011196325259921604
2020-03-23 13:33:00,3647.6045862484557,0.0010952308885285947
2020-03-23 13:34:00,3645.041403146132,0.0010018680742728938
2020-03-23 13:35:00,3648.2149781737226,0.0009771912455060969
2020-03-23 13:36:00,3652.2624770746575,0.0009515021426072086
2020-03-23 13:37:00,3651.514971064293,0.0009781641053995612
2020-03-23 13:38:00,3652.7766434420814,0.0009342169352734715
2020-03-23 13:39:00,3649.361877966449,0.0009156719725962708
2020-03-23 13:40:00,3648.7711150726227,0.0009268903629007264
2020-03-23 13:41:00,3649.507383857218,0.0009289239524946078
2020-03-23 13:42:00,3650.294810215789,0.0010630484249506778
2020-03-23 13:43:00,3646.869151401216,0.0010840247928235274
2020-03-23 13:44:00,3648.9054960550693,0.0009775090474534616
2020-03-23 13:45:00,3652.384015819158,0.0008698400066080608
2020-03-23 13:46:00,3656.255050361421,0.0009424202864286265
2020-03-23 13:47:00,3663.0678772528813,0.0009392272672501282
2020-03-23 13:48:00,3660.581152993133,0.00094181874778323
2020-03-23 13:49:00,3665.471680910235,0.0008870511274828382
2020-03-23 13:50:00,3669.256048580489,0.0008656583380594533
2020-03-23 13:51:00,3671.831169656603,0.0008620197233074239
2020-03-23 13:52:00,3666.7657962280223,0.0008791382745618529
2020-03-23 13:53:00,3669.6816341086455,0.0008518181698023866
2020-03-23 13:54:00,3665.1815139740065,0.0008410689363026651
2020-03-23 13:55:00,3657.426255761337,0.000866064657443697
2020-03-23 13:56:00,3657.8847723932595,0.0008184589553846413
2020-03-23 13:57:00,3659.603589850234,0.0008744459738308736
2020-03-23 13:58:00,3659.2291826716028,0.0008820595877480006
2020-03-23 13:59:00,3659.4068798868734,0.0008576080896871614
2020-03-23 14:00:00,3658.548892986387,0.0008492888456614199
2020-03-23 14:01:00,3654.141949798715,0.0008228999130567667
2020-03-23 14:02:00,3652.038992728581,0.0008411571369048042
2020-03-23 14:03:00,3652.842250878045,0.0008452355660611285
2020-03-23 14:04:00,3658.223525812322,0.0009206321390504663
2020-03-23 14:05:00,3664.79399597241,0.0009211188611061296
2020-03-23 14:06:00,3668.837618645391,0.0009073189721762922
2020-03-23 14:07:00,3669.720022974154,0.0009150259003392749
2020-03-23 14:08:00,3674.8507745141073,0.0009205467906507528
2020-03-23 14:09:00,3672.209264128957,0.0009464843854319187
2020-03-23 14:10:00,3676.21733237952,0.0009340991618381643
2020-03-23 14:11:00,3677.43203413544,0.0009447877119467115
2020-03-23 14:12:00,3673.1766681288696,0.0008776342735788259
2020-03-23 14:13:00,3670.8424358426646,0.0008646455461910194
2020-03-23 14:14:00,3668.7205664526127,0.0009058105254622184
2020-03-23 14:15:00,3667.565652505793,0.0009301343141450665
2020-03-23 14:16:00,3664.0836433070053,0.0009766615210933863
2020-03-23 14:17:00,3672.6658000525367,0.0010527151886538144
2020-03-23 14:18:00,3675.5560562979326,0.001052576259251502
2020-03-23 14:19:00,3686.544039683558,0.001042652861582521
2020-03-23 14:20:00,3682.4144810439943,0.0010426017405155811
2020-03-23 14:21:00,3684.7926490376485,0.0010949170558904023
2020-03-23 14:22:00,3687.636327924658,0.0010605930630075379
2020-03-23 14:23:00,3684.1365238346657,0.0010379836804777778
2020-03-23 14:24:00,3679.141140814522,0.001056692405367216
2020-03-23 14:25:00,3688.288312479221,0.0010914132142594041
2020-03-23 14:26:00,3689.6988056673017,0.001060342820054225
2020-03-23 14:27:00,3692.989724318521,0.001068261253381908
2020-03-23 14:28:00,3699.3508162914345,0.0011417174759288473
2020-03-23 14:29:00,3701.0342266571706,0.0011471529299045293
2020-03-23 14:30:00,3705.7628537507767,0.0012309394343016564
2020-03-23 14:31:00,3709.533001197001,0.0012976475076962274
2020-03-23 14:32:00,3708.4480420784716,0.001287664560178503
2020-03-23 14:33:00,3710.1354700362313,0.0012592196240285734
2020-03-23 14:34:00,3707.5256673291406,0.001285181546546574
2020-03-23 14:35:00,3699.6379474097494,0.0013240846020889751
2020-03-23 14:36:00,3701.247017098512,0.0012961019043439875
2020-03-23 14:37:00,3698.2784564472777,0.00143651813507942
2020-03-23 14:38:00,3697.453147760091,0.0014185126540109292
2020-03-23 14:39:00,3695.2346162204444,0.0013638997334551718
2020-03-23 14:40:00,3698.4360064076795,0.0015022178400145988
2020-03-23 14:41:00,3698.93168311255,0.0015167745637688936
2020-03-23 14:42:00,3704.7798215852804,0.0014686969889616617
2020-03-23 14:43:00,3702.8124849187684,0.0015234424563669705
2020-03-23 14:44:00,3704.760463948071,0.0015959797915918662
2020-03-23 14:45:00,3711.1950010361747,0.0016597962428233195
2020-03-23 14:46:00,3696.5573484523907,0.0017205093877361995
2020-03-23 14:47:00,3708.529851660192,0.0016243628045588608
2020-03-23 14:48:00,3709.9663890104443,0.001577310978217706
2020-03-23 14:49:00,3699.5021426986154,0.0016202677920787109
2020-03-23 14:50:00,3695.4757898726343,0.0016923599129024499
2020-03-23 14:51:00,3696.408438148904,0.0016577519975732717
2020-03-23 14:52:00,3696.2312253088403,0.001714546844573679
2020-03-23 14:53:00,3693.84037040391,0.0016621856873985476
2020-03-23 14:54:00,3697.6823742707425,0.0015753694221615076
2020-03-23 14:55:00,3695.8687319182386,0.001607181245481833
2020-03-23 14:56:00,3701.886418106381,0.001598345847189956
2020-03-23 14:57:00,3699.2167689427506,0.0017723846908080973
2020-03-23 14:58:00,3693.5924483721356,0.0017740697015044462
2020-03-23 14:59:00,3676.764258339026,0.0018853244677323959
2020-03-23 15:00:00,3687.76507307711,0.0018106044238946808
2020-03-23 15:01:00,3665.9025992616466,0.0018917619490045787
2020-03-23 15:02:00,3661.4196300135936,0.0018879900790540027
2020-03-23 15:03:00,3659.497678455665,0.0019498632453545494
2020-03-23 15:04:00,3680.16633339086,0.001972282933565577
2020-03-23 15:05:00,3681.4559162566397,0.0019158059613357465
2020-03-23 15:06:00,3680.602336900686,0.0018051598965503738
2020-03-23 15:07:00,3681.255254358987,0.001854586393996567
2020-03-23 15:08:00,3684.606492317199,0.0018197295227127853
2020-03-23 15:09:00,3699.0133188372697,0.0017588643491215285
2020-03-23 15:10:00,3694.093828534458,0.0018290149326519994
2020-03-23 15:11:00,3697.603437993749,0.0018013736598278232
2020-03-23 15:12:00,3689.2215447355825,0.0017981491010442183
2020-03-23 15:13:00,3682.6136348940754,0.0018238807412272343
2020-03-23 15:14:00,3681.260913460086,0.0018372122566983123
2020-03-23 15:15:00,3674.658089600022,0.001832175454507482
2020-03-23 15:16:00,3672.225723156686,0.0018034760058000274
2020-03-23 15:17:00,3664.1337320343905,0.0017901601294406898
2020-03-23 15:18:00,3666.32581046184,0.0016147827885675773
2020-03-23 15:19:00,3665.9081234501878,0.0016239211846155262
2020-03-23 15:20:00,3668.712729921209,0.0016147439728483922
2020-03-23 15:21:00,3673.952889916143,0.0016265335168275995
2020-03-23 15:22:00,3662.448063988874,0.0015760549923880334
2020-03-23 15:23:00,3664.1512961460407,0.0015134974078396671
2020-03-23 15:24:00,3656.305008263891,0.001448363727147631
2020-03-23 15:25:00,3655.9646173822116,0.001505221845355897
2020-03-23 15:26:00,3657.023913534572,0.0015056539336066332
2020-03-23 15:27:00,3661.3923999811577,0.0014106963886121513
2020-03-23 15:28:00,3667.674761696721,0.0013966729829742767
2020-03-23 15:29:00,3675.0360695946097,0.0013942006433416538
2020-03-23 15:30:00,3675.745173447336,0.0014400325279353085
2020-03-23 15:31:00,3677.540837412819,0.0014871569536431904
2020-03-23 15:32:00,3671.695945148369,0.0014190926606701504
2020-03-23 15:33:00,3669.5329799324923,0.0013852193232629553
2020-03-23 15:34:00,3665.8048702448373,0.0013764498891543258
2020-03-23 15:35:00,3660.593413821018,0.0013773446262018568
2020-03-23 15:36:00,3676.428612406969,0.001419593247101529
2020-03-23 15:37:00,3685.1435022873125,0.0014017071843177614
2020-03-23 15:38:00,3681.7109879837108,0.001366036463897832
2020-03-23 15:39:00,3677.654094414419,0.001251868622602305
2020-03-23 15:40:00,3678.4727217794557,0.0012935895267734126
2020-03-23 15:41:00,3677.5703780372855,0.0013030492182190161
2020-03-23 15:42:00,3681.7893483548623,0.001374912048873472
2020-03-23 15:43:00,3677.7258965371493,0.0013685173951929453
2020-03-23 15:44:00,3682.1821737735336,0.0013589121126185533
2020-03-23 15:45:00,3677.949427696247,0.0012914488470753928
2020-03-23 15:46:00,3677.1633543002426,0.0013369864422467378
2020-03-23 15:47:00,3671.2025228734674,0.0013956414374065988
2020-03-23 15:48:00,3674.4202143266284,0.0014046108801632697
2020-03-23 15:49:00,3679.305801727128,0.0014261501725184988
2020-03-23 15:50:00,3678.0103103928595,0.0014148482544870942
2020-03-23 15:51:00,3673.4521129788563,0.001399094757189339
2020-03-23 15:52:00,3660.624006531315,0.0014228080785654224
2020-03-23 15:53:00,3658.024080720649,0.0014837181634141672
2020-03-23 15:54:00,3661.994302392815,0.0014645517285592792
2020-03-23 15:55:00,3654.6590126807514,0.0014130584950632905
2020-03-23 15:56:00,3647.1750485078483,0.001490135534795072
2020-03-23 15:57:00,3643.0713564615385,0.001519027239079011
2020-03-23 15:58:00,3640.977990565285,0.0014986060341560994
2020-03-23 15:59:00,3636.0427843510115,0.0014902626497076226
2020-03-23 16:00:00,3643.9928514401595,0.001508837713227967
2020-03-23 16:01:00,3645.0706917535244,0.0015471165976798603
2020-03-23 16:02:00,3649.4043960677986,0.0014907159653390777
2020-03-23 16:03:00,3638.084944721794,0.0014536551681432713
2020-03-23 16:04:00,3636.9958976944886,0.0014567465896721812
2020-03-23 16:05:00,3646.262794333641,0.0015552372812580684
2020-03-23 16:06:00,3631.0185619784156,0.0014180400051520437
2020-03-23 16:07:00,3630.127185412816,0.001396734074266831
2020-03-23 16:08:00,3631.5810820366223,0.0014021444166498747
2020-03-23 16:09:00,3634.366360776642,0.001489241180780212
2020-03-23 16:10:00,3630.4565750246684,0.0015397370434137886
2020-03-23 16:11:00,3628.2161610928647,0.0014586997382296301
2020-03-23 16:12:00,3622.2881308809324,0.0015570276758291356
2020-03-23 16:13:00,3616.7486967128903,0.001503029158653365
2020-03-23 16:14:00,3610.531469256843,0.0016070448266471242
2020-03-23 16:15:00,3608.881565370048,0.0015753371782874115
2020-03-23 16:16:00,3617.981920945024,0.0016616795967878287
2020-03-23 16:17:00,3613.9516503424857,0.0016558146638474122
2020-03-23 16:18:00,3607.860141624792,0.0015826557035378836
2020-03-23 16:19:00,3613.795349191264,0.0017263643218591764
2020-03-23 16:20:00,3616.4801230311054,0.001744676540220394
2020-03-23 16:21:00,3613.5160010780282,0.0015807873761535384
2020-03-23 16:22:00,3618.057547577011,0.0015511930820600827
2020-03-23 16:23:00,3612.5400010733933,0.0015992484999397792
2020-03-23 16:24:00,3608.0225886152853,0.0015051255673502943
2020-03-23 16:25:00,3604.3918360380367,0.0016140588253852571
2020-03-23 16:26:00,3611.6342388931953,0.001574815263491737
2020-03-23 16:27:00,3603.7782370663804,0.0015522957844171432
2020-03-23 16:28:00,3607.9750789606314,0.0016400216546458366
2020-03-23 16:29:00,3605.6133849050066,0.0015866024778935016
2020-03-23 16:30:00,3606.661686935065,0.0016378089810374402
2020-03-23 16:31:00,3597.3496097896223,0.0016445794621984659
2020-03-23 16:32:00,3597.27900514783,0.0016412760663291888
2020-03-23 16:33:00,3592.204065566956,0.0015883463320767112
2020-03-23 16:34:00,3592.620678793915,0.0016070169743366155
2020-03-23 16:35:00,3574.433836878277,0.0015058087340842847
2020-03-23 16:36:00,3572.0326125398637,0.0014691164255696825
2020-03-23 16:37:00,3567.2898351021367,0.0013917724774144124
2020-03-23 16:38:00,3562.000647043549,0.0014436876082809442
2020-03-23 16:39:00,3566.706033930124,0.0014697718896246545
2020-03-23 16:40:00,3577.261590174622,0.0015274783838179278
2020-03-23 16:41:00,3573.70306935461,0.0015294068328917958
2020-03-23 16:42:00,3567.819323808439,0.0015163238761492837
2020-03-23 16:43:00,3559.9069639817785,0.001607300122376735
2020-03-23 16:44:00,3555.672357718861,0.0016033631611954138
2020-03-23 16:45:00,3556.1674002508194,0.0016294577403419411
2020-03-23 16:46:00,3554.5247417625483,0.0016493721568676028
2020-03-23 16:47:00,3559.4413496128623,0.0016577621966485658
2020-03-23 16:48:00,3558.539947068242,0.0016921391960406957
2020-03-23 16:49:00,3567.4974878424846,0.0017041433012543428
2020-03-23 16:50:00,3565.116626906883,0.0015311739276265223
2020-03-23 16:51:00,3570.17930216858,0.0014667749432952018
2020-03-23 16:52:00,3572.98204470343,0.0015519379472146856
2020-03-23 16:53:00,3570.2945398126762,0.0014680883812538362
2020-03-23 16:54:00,3563.199765197729,0.001597853617575084
2020-03-23 16:55:00,3559.3415660966725,0.0016148605393762653
2020-03-23 16:56:00,3561.039165866966,0.001576613750391281
2020-03-23 16:57:00,3563.0974899017724,0.0015197362092148206
2020-03-23 16:58:00,3563.084699973899,0.0014497222587886002
2020-03-23 16:59:00,3566.963200591751,0.001421273436667916
2020-03-23 17:00:00,3569.7918404656903,0.0014165186038296394
2020-03-23 17:01:00,3566.6671887356147,0.0014200328746089236
2020-03-23 17:02:00,3570.652058709443,0.0015599187911946933
2020-03-23 17:03:00,3567.2374838908286,0.0015695765558380846
2020-03-23 17:04:00,3564.8885192063735,0.0017395873321602497
2020-03-23 17:05:00,3565.4422669830474,0.0017723575338300284
2020-03-23 17:06:00,3570.2883372460988,0.0017439180859206802
2020-03-23 17:07:00,3561.0819586280427,0.0018168717477871563
2020-03-23 17:08:00,3558.3234427677953,0.0018192079407302205
2020-03-23 17:09:00,3547.9527786212357,0.0019106008549484212
2020-03-23 17:10:00,3557.6723406404117,0.001965536347972539
2020-03-23 17:11:00,3555.5546353913414,0.0019856193963828216
2020-03-23 17:12:00,3553.258834297541,0.0019441189369995397
2020-03-23 17:13:00,3552.398781842708,0.001890985442009425
2020-03-23 17:14:00,3551.0978510589143,0.0019050518534559553
2020-03-23 17:15:00,3564.124893695242,0.0019560404698171895
2020-03-23 17:16:00,3570.9881018770407,0.002117173789512504
2020-03-23 17:17:00,3564.5848462170893,0.0022505249734241064
2020-03-23 17:18:00,3562.967513874185,0.0022185756239395315
2020-03-23 17:19:00,3565.860485390106,0.0022504071581465205
2020-03-23 17:20:00,3577.2781008532406,0.002140090083228793
2020-03-23 17:21:00,3579.872379883775,0.0019705811307639573
2020-03-23 17:22:00,3570.7361318187295,0.001884163057077382
2020-03-23 17:23:00,3578.4470408387187,0.002007902933085323
2020-03-23 17:24:00,3582.9906127624345,0.001970095605764703
2020-03-23 17:25:00,3587.0816263355637,0.0018793771235923388
2020-03-23 17:26:00,3585.432955690264,0.0018751220595000892
2020-03-23 17:27:00,3576.21176649512,0.0017969237014716427
2020-03-23 17:28:00,3568.0685904738975,0.0017403694799689102
2020-03-23 17:29:00,3560.371363148361,0.0017242526721956994
2020-03-23 17:30:00,3559.0472385027824,0.0017489771884426077
2020-03-23 17:31:00,3560.278667425632,0.0018066112565373908
2020-03-23 17:32:00,3571.5551740541205,0.0017828971989360118
2020-03-23 17:33:00,3575.837475748329,0.001756312382203575
2020-03-23 17:34:00,3576.8590565679956,0.001850711987381443
2020-03-23 17:35:00,3567.5766459708775,0.001901428129374486
2020-03-23 17:36:00,3561.4359306117044,0.001931468222165527
2020-03-23 17:37:00,3568.94318208109,0.0019493116360842244
2020-03-23 17:38:00,3565.25432017762,0.0018000142927337768
2020-03-23 17:39:00,3557.9652690860908,0.0018709667406896964
2020-03-23 17:40:00,3545.5712604208993,0.0017862169944329982
2020-03-23 17:41:00,3542.4908675200886,0.001779135018810164
2020-03-23 17:42:00,3542.185892890918,0.001769248891800384
2020-03-23 17:43:00,3555.6721077652196,0.0018197237974985714
2020-03-23 17:44:00,3551.8284515471996,0.0018412813466801524
2020-03-23 17:45:00,3558.658240639596,0.00171715081578003
2020-03-23 17:46:00,3549.9383004745164,0.0018666761321514344
2020-03-23 17:47:00,3556.7060472741564,0.0019332945289933698
2020-03-23 17:48:00,3546.7476934479414,0.0019153377377647987
2020-03-23 17:49:00,3546.8609505745235,0.0019242745194309404
2020-03-23 17:50:00,3548.413499242881,0.0018732206632983716
2020-03-23 17:51:00,3544.9602354358954,0.0020322076877539036
2020-03-23 17:52:00,3541.6882303784923,0.002047549526252033
2020-03-23 17:53:00,3535.515796238778,0.002279439295771817
2020-03-23 17:54:00,3527.2194638883,0.0023446296469774412
2020-03-23 17:55:00,3527.153541327742,0.0024383239715285634
2020-03-23 17:56:00,3514.5587614826095,0.0023828073532691516
2020-03-23 17:57:00,3519.149096414761,0.002433212376490054
2020-03-23 17:58:00,3510.3378262177134,0.0023983503751633384
2020-03-23 17:59:00,3513.3200498649076,0.0022946207879334635
2020-03-23 18:00:00,3511.844611764851,0.0023940787526202938
2020-03-23 18:01:00,3508.652751141534,0.0022853262046186765
2020-03-23 18:02:00,3510.381969031193,0.0024540582718546844
2020-03-23 18:03:00,3519.410466944564,0.002565252450923297
2020-03-23 18:04:00,3521.467381819787,0.0025642237789070058
2020-03-23 18:05:00,3522.5318084253286,0.0026544385299319983
2020-03-23 18:06:00,3521.846796450686,0.0026677662712411765
2020-03-23 18:07:00,3543.564163728361,0.0026624356273740103
2020-03-23 18:08:00,3530.5360916399554,0.002798143718380844
2020-03-23 18:09:00,3520.0175633092,0.0029614412691540168
2020-03-23 18:10:00,3520.453514340928,0.0029690916855251636
2020-03-23 18:11:00,3516.2331454874925,0.002995176705495058
2020-03-23 18:12:00,3512.680731053201,0.0028337126661048665
2020-03-23 18:13:00,3508.729363184119,0.002879791467186985
2020-03-23 18:14:00,3503.7760119548498,0.002754659402183386
2020-03-23 18:15:00,3495.3662157687895,0.002666938315410864
2020-03-23 18:16:00,3500.4537049822407,0.002667038405493536
2020-03-23 18:17:00,3508.24797185547,0.0026414540180726663
2020-03-23 18:18:00,3508.127516584282,0.0026649086112091633
2020-03-23 18:19:00,3501.6294211011236,0.0025926391681576587
2020-03-23 18:20:00,3503.6183713608098,0.00249848225592468
2020-03-23 18:21:00,3493.111806651191,0.002413751102308667
2020-03-23 18:22:00,3498.2122929451707,0.002231535819102095
2020-03-23 18:23:00,3500.285279281169,0.0023238726550958654
2020-03-23 18:24:00,3502.38099418251,0.0023082560138602097
2020-03-23 18:25:00,3502.059488985233,0.0022090553668542455
2020-03-23 18:26:00,3501.4705228742496,0.002134919933864759
2020-03-23 18:27:00,3507.5175650021847,0.0021089703631952264
2020-03-23 18:28:00,3502.2686814903313,0.0020282484775975833
2020-03-23 18:29:00,3509.173893274897,0.0021333268350752247
2020-03-23 18:30:00,3505.8027881262665,0.0021727131485517973
2020-03-23 18:31:00,3502.8776892310934,0.002198800222254292
2020-03-23 18:32:00,3505.9026420679547,0.0022691026120194796
2020-03-23 18:33:00,3506.1651253033715,0.002065798756727675
2020-03-23 18:34:00,3510.2656448486355,0.002013219550499797
2020-03-23 18:35:00,3507.7801132097125,0.0021337646940462777
2020-03-23 18:36:00,3501.7034675000214,0.0020972370295372525
2020-03-23 18:37:00,3496.4977217287847,0.002067176489147493
2020-03-23 18:38:00,3502.4774848194556,0.002008191834582783
2020-03-23 18:39:00,3499.9552574057298,0.002021675424383071
2020-03-23 18:40:00,3486.5534268845704,0.0020308946911440826
2020-03-23 18:41:00,3491.3119562843535,0.002186461072543453
2020-03-23 18:42:00,3491.165499440933,0.0021649331252566236
2020-03-23 18:43:00,3497.706837287572,0.0022181872696548674
2020-03-23 18:44:00,3493.4068495242536,0.002205244963590351
2020-03-23 18:45:00,3486.4632267285424,0.0023087280215006957
2020-03-23 18:46:00,3481.253151636716,0.0023055111121584185
2020-03-23 18:47:00,3476.8802432684033,0.002260005738391916
2020-03-23 18:48:00,3472.425991574941,0.002379136671847813
2020-03-23 18:49:00,3471.2278591216345,0.0022908687176780842
2020-03-23 18:50:00,3465.4258333307025,0.0024942732678249163
2020-03-23 18:51:00,3473.652640730951,0.002503492939090634
2020-03-23 18:52:00,3480.239003923155,0.002495250739453496
2020-03-23 18:53:00,3484.2991920957693,0.002584497035915186
2020-03-23 18:54:00,3479.6171565921263,0.002561046362319374
2020-03-23 18:55:00,3479.767916637319,0.002616607474409451
2020-03-23 18:56:00,3491.3220065313144,0.002598414715235488
2020-03-23 18:57:00,3486.8723929437747,0.0027309437973849792
2020-03-23 18:58:00,3485.849718543724,0.002813837450401921
2020-03-23 18:59:00,3484.142949932809,0.002715625980667821
2020-03-23 19:00:00,3483.252713035653,0.0027945106653299917
2020-03-23 19:01:00,3497.808972167923,0.002712251713905173
2020-03-23 19:02:00,3480.2956830931957,0.0027992751320245353
2020-03-23 19:03:00,3494.953380597031,0.0026758976707005433
2020-03-23 19:04:00,3491.0497114862433,0.0027878075344392067
2020-03-23 19:05:00,3485.0758048571392,0.0027066378013054517
2020-03-23 19:06:00,3485.9246032856504,0.00247526420405919
2020-03-23 19:07:00,3469.18791765726,0.002648386032304282
2020-03-23 19:08:00,3473.860274397377,0.002587119161774152
2020-03-23 19:09:00,3468.3849280370214,0.0026593140967737477
2020-03-23 19:10:00,3479.255454420004,0.002642484681978962
2020-03-23 19:11:00,3484.3092259171285,0.002547388237647129
2020-03-23 19:12:00,3481.237033019679,0.002657275168849366
2020-03-23 19:13:00,3491.353708578302,0.002520024105538133
2020-03-23 19:14:00,3473.8442571186365,0.0027145670543080045
2020-03-23 19:15:00,3486.456896416347,0.002713271849996232
2020-03-23 19:16:00,3489.63746701703,0.002966523130352499
2020-03-23 19:17:00,3489.3476615639274,0.002917464457342244
2020-03-23 19:18:00,3493.2144724411214,0.002868486059180134
2020-03-23 19:19:00,3494.7193252269553,0.002800389331764973
2020-03-23 19:20:00,3496.096772768859,0.0029036718983388742
2020-03-23 19:21:00,3474.6446353504766,0.0029017604464864
2020-03-23 19:22:00,3488.6194460439715,0.0028547810963599515
2020-03-23 19:23:00,3493.0467175045706,0.003018126166950667
2020-03-23 19:24:00,3491.359257016125,0.002940388201570276
2020-03-23 19:25:00,3483.1413427303273,0.0030947045997490783
2020-03-23 19:26:00,3480.8121950583413,0.0032561087368223503
2020-03-23 19:27:00,3475.242434658727,0.0031229235886472764
2020-03-23 19:28:00,3461.712795782564,0.003131382539176166
2020-03-23 19:29:00,3447.314059406779,0.003381153090908577
2020-03-23 19:30:00,3437.597114269447,0.003608034593204067
2020-03-23 19:31:00,3440.0418572799376,0.0034496146404366726
2020-03-23 19:32:00,3442.7205290929933,0.003327742069636428
2020-03-23 19:33:00,3452.8977099132876,0.0031010623343020144
2020-03-23 19:34:00,3447.1576312561783,0.002960786658957506
2020-03-23 19:35:00,3440.087681885782,0.0030087105193695686
2020-03-23 19:36:00,3442.27745810567,0.00259313907047071
2020-03-23 19:37:00,3447.2170153060897,0.002748402419958649
2020-03-23 19:38:00,3440.0019327035657,0.002701742997322999
2020-03-23 19:39:00,3434.162637591486,0.002512945865209749
2020-03-23 19:40:00,3451.992006880677,0.0024775167024724465
2020-03-23 19:41:00,3466.236350749933,0.0025773033581675503
2020-03-23 19:42:00,3482.159925696806,0.0025359107641885733
2020-03-23 19:43:00,3483.1908003075064,0.0026081455248002316
2020-03-23 19:44:00,3477.8451716447075,0.002556689138314242
2020-03-23 19:45:00,3484.385643642841,0.0025550127102506163
2020-03-23 19:46:00,3498.6376310374635,0.002669947713604716
2020-03-23 19:47:00,3481.3242219785025,0.0025591380813741746
2020-03-23 19:48:00,3480.9548243923964,0.0025027543554459147
2020-03-23 19:49:00,3494.5102311747796,0.0025199019120101846
2020-03-23 19:50:00,3501.275995150237,0.0025275427311491436
2020-03-23 19:51:00,3503.6723101403504,0.0023638466494743833
2020-03-23 19:52:00,3493.1235986604993,0.002364362149363427
2020-03-23 19:53:00,3510.5487457021723,0.002394647187151779
2020-03-23 19:54:00,3517.2433512999883,0.0025682548177288094
2020-03-23 19:55:00,3512.4278084232606,0.0024640091744862706
2020-03-23 19:56:00,3505.821322084372,0.0025031139098349734
2020-03-23 19:57:00,3509.7616616505948,0.002698105629006249
2020-03-23 19:58:00,3519.8629535712766,0.0026095477050971662
2020-03-23 19:59:00,3523.614699056078,0.0027981404119795865
2020-03-24 13:30:00,3619.7624657949596,0.0026141773045450308
2020-03-24 13:31:00,3622.37176722939,0.002686642799744512
2020-03-24 13:32:00,3618.767074663486,0.002887278167872753
2020-03-24 13:33:00,3609.476257200436,0.0030258685451086684
2020-03-24 13:34:00,3601.126295998434,0.002853736570699403
2020-03-24 13:35:00,3603.5298182122674,0.0030713921856714535
2020-03-24 13:36:00,3613.1953981615848,0.003023503245310111
2020-03-24 13:37:00,3610.1802436966505,0.0030668932413287935
2020-03-24 13:38:00,3610.1316786631455,0.003107447925288291
2020-03-24 13:39:00,3587.7865077384527,0.0033551810227625913
2020-03-24 13:40:00,3576.291865779742,0.0033114349115062275
2020-03-24 13:41:00,3575.9333589196576,0.003089724577044737
2020-03-24 13:42:00,3577.78109527093,0.0029909879171753045
2020-03-24 13:43:00,3587.2554873583163,0.0030260790427231957
2020-03-24 13:44:00,3580.190964907296,0.0031612368550370563
2020-03-24 13:45:00,3576.257621824254,0.003075452954228232
2020-03-24 13:46:00,3600.7835251861743,0.0029407793539472536
2020-03-24 13:47:00,3597.0211249182203,0.0030142619037343468
2020-03-24 13:48:00,3600.021386119161,0.002963603321760245
2020-03-24 13:49:00,3584.5504975224826,0.0032469747640353833
2020-03-24 13:50:00,3577.7217270939714,0.0032484370919155744
2020-03-24 13:51:00,3574.604321183148,0.0032762629125022403
2020-03-24 13:52:00,3563.3936119535315,0.0033472048308935453
2020-03-24 13:53:00,3563.296108935769,0.0033910646934944173
2020-03-24 13:54:00,3579.3188415358245,0.0035566515843558906
2020-03-24 13:55:00,3581.8965191482807,0.0035539969207218397
2020-03-24 13:56:00,3575.834527140695,0.00355317681466405
2020-03-24 13:57:00,3573.0534912990383,0.003526979261134567
2020-03-24 13:58:00,3577.0741200551656,0.003568241943347432
2020-03-24 13:59:00,3577.096115295178,0.003455324954240518
2020-03-24 14:00:00,3583.832308711765,0.0036743199840819757
2020-03-24 14:01:00,3557.974944410224,0.0038121119783308456
2020-03-24 14:02:00,3540.1779098330762,0.004128345675284877
2020-03-24 14:03:00,3551.6551213092825,0.004053522083510543
2020-03-24 14:04:00,3550.9911863520074,0.0039402374545638354
2020-03-24 14:05:00,3540.262033997612,0.004047688086167138
2020-03-24 14:06:00,3517.9221544720835,0.0038426452118606146
2020-03-24 14:07:00,3522.96079591556,0.003990513491816421
2020-03-24 14:08:00,3544.4378060394115,0.0040650690303366275
2020-03-24 14:09:00,3539.8739109542616,0.0042007806803797815
2020-03-24 14:10:00,3542.4752197447256,0.004106676676998166
2020-03-24 14:11:00,3563.9537826384826,0.00391168330948113
2020-03-24 14:12:00,3573.220979222798,0.003828164452109674
2020-03-24 14:13:00,3598.112089993436,0.003981428549737258
2020-03-24 14:14:00,3585.3144706520884,0.003936079857419958
2020-03-24 14:15:00,3587.3468328946956,0.0038928059870266688
2020-03-24 14:16:00,3579.3972906844847,0.0039035111075625827
2020-03-24 14:17:00,3573.840255341051,0.0038592903851921855
2020-03-24 14:18:00,3557.257875471645,0.0035703971958282723
2020-03-24 14:19:00,3565.214586422241,0.0035102324226477604
2020-03-24 14:20:00,3582.150140354636,0.0035842154648590466
2020-03-24 14:21:00,3587.4604904715343,0.0035135939751777747
2020-03-24 14:22:00,3594.110305775734,0.0035505494553032917
2020-03-24 14:23:00,3588.240453660546,0.003436801034781485
2020-03-24 14:24:00,3607.3324058759044,0.003414844123580808
2020-03-24 14:25:00,3604.7323020202316,0.0034454988878016334
2020-03-24 14:26:00,3590.2238828133814,0.0034296676090407566
2020-03-24 14:27:00,3558.9451541969574,0.00325036214789165
2020-03-24 14:28:00,3580.752210360047,0.003303834454950318
2020-03-24 14:29:00,3600.6447372181883,0.003647797931899745
2020-03-24 14:30:00,3607.33584642696,0.003768264713179341
2020-03-24 14:31:00,3612.5706852970184,0.0039911336131663545
2020-03-24 14:32:00,3589.559462350243,0.004142081630499582
2020-03-24 14:33:00,3584.2828101866266,0.004294342776655482
2020-03-24 14:34:00,3571.236534379436,0.004166233754060614
2020-03-24 14:35:00,3557.7977604024913,0.004481242379776183
2020-03-24 14:36:00,3547.5559938203887,0.004702089369847382
2020-03-24 14:37:00,3575.4815741327534,0.004638717620693049
2020-03-24 14:38:00,3578.3537031607643,0.0047569318193206225
2020-03-24 14:39:00,3572.8855136275342,0.004950788426828533
2020-03-24 14:40:00,3573.410741432026,0.005007393836820622
2020-03-24 14:41:00,3578.541102111123,0.004805505302651659
2020-03-24 14:42:00,3596.358364882103,0.004747137421469049
2020-03-24 14:43:00,3630.8250459488895,0.004941015602845771
2020-03-24 14:44:00,3606.763517062214,0.005008588251515308
2020-03-24 14:45:00,3657.598950689213,0.005324837758432316
2020-03-24 14:46:00,3643.9666624986007,0.005070857076435783
2020-03-24 14:47:00,3646.008704188813,0.00474678771006303
2020-03-24 14:48:00,3625.091513302914,0.004595592342958748
2020-03-24 14:49:00,3598.432276402074,0.0048950711191847384
2020-03-24 14:50:00,3608.8073098155105,0.005114890934442624
2020-03-24 14:51:00,3616.763606730981,0.005036873948347711
2020-03-24 14:52:00,3607.3255321635615,0.005169508245064431
2020-03-24 14:53:00,3599.402492490907,0.005056426042824396
2020-03-24 14:54:00,3601.470745809764,0.004725941874224585
2020-03-24 14:55:00,3605.1031336221677,0.00463741100193242
2020-03-24 14:56:00,3602.8827591948243,0.004463790348658505
2020-03-24 14:57:00,3570.2404382873074,0.004413263385021486
2020-03-24 14:58:00,3579.837701485684,0.004454821043757484
2020-03-24 14:59:00,3584.0311568566294,0.004438877536402777
2020-03-24 15:00:00,3596.6195959060437,0.004243696566096676
2020-03-24 15:01:00,3590.855613399947,0.0039008337519095696
2020-03-24 15:02:00,3579.8546444704207,0.0037360936145431674
2020-03-24 15:03:00,3579.7099702827604,0.004023641866740076
2020-03-24 15:04:00,3565.7378414991485,0.0038150227575583923
2020-03-24 15:05:00,3564.1562721041955,0.0040505052548094195
2020-03-24 15:06:00,3538.941623764592,0.004044993695715161
2020-03-24 15:07:00,3547.756276813181,0.003962431983851101
2020-03-24 15:08:00,3554.602797001676,0.003720363136080495
2020-03-24 15:09:00,3534.7147882261133,0.003560436755230353
2020-03-24 15:10:00,3538.1558488474034,0.0034976669784627743
2020-03-24 15:11:00,3538.8186899414854,0.00333342625701721
2020-03-24 15:12:00,3542.5373386513234,0.0036081302610980995
2020-03-24 15:13:00,3516.6593501618295,0.003425732993391542
2020-03-24 15:14:00,3532.392153760157,0.003419680376276168
2020-03-24 15:15:00,3543.366084267122,0.003610234388728647
2020-03-24 15:16:00,3578.148504201989,0.0036549041495572954
2020-03-24 15:17:00,3599.6487335062466,0.0037245254215060135
2020-03-24 15:18:00,3574.40945861071,0.0034923354929542534
2020-03-24 15:19:00,3597.973127315035,0.00374387739108177
2020-03-24 15:20:00,3577.4360360695973,0.0035783384144416007
2020-03-24 15:21:00,3586.3995888707236,0.003527185574945825
2020-03-24 15:22:00,3569.1393484697833,0.003690300143907185
2020-03-24 15:23:00,3566.351887328244,0.0038046608727842312
2020-03-24 15:24:00,3591.9837063378172,0.003650042788253703
2020-03-24 15:25:00,3604.133031293789,0.0038373016085547665
2020-03-24 15:26:00,3581.210845430557,0.0036982648548902017
2020-03-24 15:27:00,3597.031983996526,0.0038827031399830307
2020-03-24 15:28:00,3572.9059912013695,0.004033997946225512
2020-03-24 15:29:00,3586.0734677379564,0.004180436393104597
2020-03-24 15:30:00,3605.160924920803,0.004229627555132863
2020-03-24 15:31:00,3562.497436395608,0.004517155003374123
2020-03-24 15:32:00,3589.6908744458337,0.004649583430352298
2020-03-24 15:33:00,3566.611002801565,0.004854147607392705
2020-03-24 15:34:00,3567.4101960682506,0.004845933645335553
2020-03-24 15:35:00,3534.6117406346866,0.00494206025094312
2020-03-24 15:36:00,3545.1121620058157,0.004965054749869392
2020-03-24 15:37:00,3577.040858802322,0.004750256696897643
2020-03-24 15:38:00,3572.378388948622,0.00473847788413803
2020-03-24 15:39:00,3546.260567277034,0.004743404081646739
2020-03-24 15:40:00,3546.8696981962116,0.004497224396132219
2020-03-24 15:41:00,3553.4581405809936,0.004507269784735171
2020-03-24 15:42:00,3534.943906688429,0.0044349879671841995
2020-03-24 15:43:00,3542.2900936375618,0.004063846732034173
2020-03-24 15:44:00,3526.6303942597933,0.004082442300548685
2020-03-24 15:45:00,3521.1245180320448,0.004171197644266705
2020-03-24 15:46:00,3513.2691176978565,0.004234225516668711
2020-03-24 15:47:00,3534.4838614342825,0.004417851321897768
2020-03-24 15:48:00,3524.9234486332102,0.004511330772599891
2020-03-24 15:49:00,3501.2836472925683,0.0045596172487991134
2020-03-24 15:50:00,3515.7282474463823,0.004716163108496946
2020-03-24 15:51:00,3509.7830097881024,0.004554165637074187
2020-03-24 15:52:00,3498.2855566275703,0.0047067048279439095
2020-03-24 15:53:00,3474.114134730307,0.0046731671071682974
2020-03-24 15:54:00,3492.1464446696164,0.005306255607028342
2020-03-24 15:55:00,3485.232217786741,0.005448159589449636
2020-03-24 15:56:00,3506.532801720214,0.005116702451258499
2020-03-24 15:57:00,3490.0900341920183,0.005153280448507401
2020-03-24 15:58:00,3455.7786028228556,0.004913447908118103
2020-03-24 15:59:00,3453.217981884885,0.00471573150993496
2020-03-24 16:00:00,3454.0761687390786,0.004798821828211134
2020-03-24 16:01:00,3462.9779441220867,0.0050376112284346115
2020-03-24 16:02:00,3460.4164194861014,0.00488059990106626
2020-03-24 16:03:00,3462.889881852023,0.004929254348236936
2020-03-24 16:04:00,3462.306147440466,0.005098006224587829
2020-03-24 16:05:00,3455.8679987892942,0.00521186352059245
2020-03-24 16:06:00,3475.32568604483,0.005256366945677982
2020-03-24 16:07:00,3473.4096629090272,0.005422995394737615
2020-03-24 16:08:00,3487.3084657672875,0.005423628676299226
2020-03-24 16:09:00,3530.287680114979,0.005455951058866231
2020-03-24 16:10:00,3563.7745620630544,0.00518411443877266
2020-03-24 16:11:00,3605.990914943309,0.005336358010407602
2020-03-24 16:12:00,3600.883558226786,0.005183465785107038
2020-03-24 16:13:00,3598.8204083878863,0.004994996778636131
2020-03-24 16:14:00,3625.0562631695097,0.004636641456486734
2020-03-24 16:15:00,3607.7894025841338,0.004863568579967929
2020-03-24 16:16:00,3593.0223450344292,0.004779787523693116
2020-03-24 16:17:00,3605.415300579082,0.004832541640102982
2020-03-24 16:18:00,3601.6586925601077,0.005111921167954828
2020-03-24 16:19:00,3593.20308572398,0.005063147971230909
2020-03-24 16:20:00,3620.4568553276595,0.004895944204711375
2020-03-24 16:21:00,3594.999610074048,0.004891068197726139
2020-03-24 16:22:00,3621.7230178010673,0.005028180616000567
2020-03-24 16:23:00,3631.3631499426338,0.004846037941712024
2020-03-24 16:24:00,3615.7206008608623,0.005141706826017508
2020-03-24 16:25:00,3628.9890950148165,0.005278098918787381
2020-03-24 16:26:00,3656.653889536542,0.004756194018921423
2020-03-24 16:27:00,3658.7066604273164,0.004873156041877662
2020-03-24 16:28:00,3616.0932647656614,0.00484957899648698
2020-03-24 16:29:00,3621.5958217139364,0.004534050780594173
2020-03-24 16:30:00,3628.6792253760846,0.004354341434167559
2020-03-24 16:31:00,3643.596266048717,0.004552730771887838
2020-03-24 16:32:00,3626.843734948537,0.004540986810580449
2020-03-24 16:33:00,3619.783498295091,0.004211696139268765
2020-03-24 16:34:00,3634.319832075888,0.004421040843554312
2020-03-24 16:35:00,3666.867954704441,0.0044722992560264595
2020-03-24 16:36:00,3626.9082239310687,0.004659667126093105
2020-03-24 16:37:00,3641.7269848590477,0.004627511789846754
2020-03-24 16:38:00,3641.015485997,0.004390091041377012
2020-03-24 16:39:00,3655.3585079510863,0.004733020298327052
2020-03-24 16:40:00,3650.2724784337693,0.004636843286250978
2020-03-24 16:41:00,3629.8988278569736,0.004403119685574746
2020-03-24 16:42:00,3619.396826602016,0.0043809640549840765
2020-03-24 16:43:00,3597.5053201552,0.0044913190404538604
2020-03-24 16:44:00,3596.3186256055474,0.004252462760976934
2020-03-24 16:45:00,3594.9947984645487,0.004474294910442126
2020-03-24 16:46:00,3584.1281538406574,0.004341101372757495
2020-03-24 16:47:00,3567.8168361939097,0.0044771322031580164
2020-03-24 16:48:00,3590.3168223924445,0.00459714179994088
2020-03-24 16:49:00,3602.5676274462567,0.004652798938504343
2020-03-24 16:50:00,3590.9508445668084,0.004754557592890081
2020-03-24 16:51:00,3584.748132459205,0.0050377395628318075
2020-03-24 16:52:00,3595.967339815597,0.004990920392661157
2020-03-24 16:53:00,3612.536456860736,0.005202972496038616
2020-03-24 16:54:00,3599.155759798827,0.005059368860359359
2020-03-24 16:55:00,3595.527221446186,0.004746999497148798
2020-03-24 16:56:00,3604.0038275660268,0.004941310391094652
2020-03-24 16:57:00,3616.740060855639,0.004836479781211032
2020-03-24 16:58:00,3637.8440590335663,0.005274242441920057
2020-03-24 16:59:00,3650.494812207807,0.005636828265205287
2020-03-24 17:00:00,3670.123569629708,0.005558132824179376
2020-03-24 17:01:00,3663.6681249178087,0.005379207845112169
2020-03-24 17:02:00,3670.1234522915242,0.0052025904320945615
2020-03-24 17:03:00,3644.4715911565213,0.00573882984755288
2020-03-24 17:04:00,3630.5623164755475,0.005529511197758136
2020-03-24 17:05:00,3625.010294988368,0.005698062788443564
2020-03-24 17:06:00,3650.5698566010315,0.005317045853279696
2020-03-24 17:07:00,3632.820787804431,0.005222790221101766
2020-03-24 17:08:00,3669.8520418616613,0.005349595510454867
2020-03-24 17:09:00,3677.3687017299644,0.005350774058039283
2020-03-24 17:10:00,3639.432739511973,0.005181487111434264
2020-03-24 17:11:00,3636.4317085914327,0.005304582533133153
2020-03-24 17:12:00,3615.642187849505,0.005091825133562889
2020-03-24 17:13:00,3623.364930696849,0.005063160621168508
2020-03-24 17:14:00,3637.0872684251763,0.005002517251225168
2020-03-24 17:15:00,3626.536151644262,0.004772503736585846
2020-03-24 17:16:00,3602.9635289328157,0.004953120081771888
2020-03-24 17:17:00,3587.535694578683,0.005071662207768121
2020-03-24 17:18:00,3572.8407776238555,0.0048868499912491405
2020-03-24 17:19:00,3556.1921050611345,0.004844850425949732
2020-03-24 17:20:00,3555.7621840434576,0.004549936651510375
2020-03-24 17:21:00,3570.0922369922605,0.004298328446834379
2020-03-24 17:22:00,3567.9757125490055,0.004506463551756115
2020-03-24 17:23:00,3565.6765170794915,0.004519398935010075
2020-03-24 17:24:00,3572.295734518734,0.004490037923157442
2020-03-24 17:25:00,3565.387031635634,0.004450966836491169
2020-03-24 17:26:00,3572.4277290933037,0.004170357794050015
2020-03-24 17:27:00,3561.627811200517,0.004336872317163251
2020-03-24 17:28:00,3591.2006055079355,0.004796393247734968
2020-03-24 17:29:00,3589.509338545355,0.004597386588154821
2020-03-24 17:30:00,3578.1619947596037,0.004597294301654859
2020-03-24 17:31:00,3565.8039830676685,0.0046297150704294725
2020-03-24 17:32:00,3561.601527615175,0.004693529447736074
2020-03-24 17:33:00,3522.0352800624523,0.004882136513563823
2020-03-24 17:34:00,3497.274615839458,0.004670216761411585
2020-03-24 17:35:00,3528.172354547046,0.004781437406346401
2020-03-24 17:36:00,3499.3432868997943,0.004748058828690128
2020-03-24 17:37:00,3488.584106715615,0.0044713524485313775
2020-03-24 17:38:00,3493.5542817546757,0.004309806798318956
2020-03-24 17:39:00,3505.1245176521675,0.004718376600510821
2020-03-24 17:40:00,3538.654253022958,0.004865998570591018
2020-03-24 17:41:00,3511.0780942447336,0.005286765671779758
2020-03-24 17:42:00,3524.6483526103866,0.005310880006946238
2020-03-24 17:43:00,3528.777814758165,0.005229469618688981
2020-03-24 17:44:00,3506.559986305436,0.005251047853321935
2020-03-24 17:45:00,3495.793387016734,0.005069123222527344
2020-03-24 17:46:00,3473.317185785853,0.0049038140832456615
2020-03-24 17:47:00,3449.105715250149,0.005221019041299747
2020-03-24 17:48:00,3445.5270327787744,0.005078315221907386
2020-03-24 17:49:00,3422.2868473880562,0.004884212810024466
2020-03-24 17:50:00,3402.2047366920783,0.004712882434316986
2020-03-24 17:51:00,3402.0771062963227,0.004620000263089856
2020-03-24 17:52:00,3394.410490991018,0.004522970620581451
2020-03-24 17:53:00,3405.3237866576137,0.004044530089860644
2020-03-24 17:54:00,3436.158671714472,0.003820047702433703
2020-03-24 17:55:00,3438.466625555452,0.003823377095402193
2020-03-24 17:56:00,3441.661995583958,0.0039860132760146045
2020-03-24 17:57:00,3446.22017227788,0.004010483334953183
2020-03-24 17:58:00,3448.0677461346368,0.0039009078856775937
2020-03-24 17:59:00,3442.8907888079575,0.0037881321292819723
2020-03-24 18:00:00,3444.398614711217,0.00372991879602678
2020-03-24 18:01:00,3449.5379252461953,0.0036600648828514215
2020-03-24 18:02:00,3453.411854413558,0.0033851977639449667
2020-03-24 18:03:00,3450.6642876325236,0.0034621083519829135
2020-03-24 18:04:00,3460.7691680603316,0.0033824038515568957
2020-03-24 18:05:00,3462.055226810869,0.003410446100453375
2020-03-24 18:06:00,3444.9592562591783,0.0034744244381478854
2020-03-24 18:07:00,3448.1746334775185,0.0033274958342325964
2020-03-24 18:08:00,3445.7255131657917,0.003195827967945472
2020-03-24 18:09:00,3438.3966942368215,0.003082690078411254
2020-03-24 18:10:00,3433.263839774173,0.003110869547255158
2020-03-24 18:11:00,3431.475436727863,0.0030896545915854797
2020-03-24 18:12:00,3422.0339698438593,0.0028958647044152715
2020-03-24 18:13:00,3433.8079855037395,0.0028861302755864198
2020-03-24 18:14:00,3457.3601403099715,0.002944751431157732
2020-03-24 18:15:00,3460.9151069893946,0.0029966566852058715
2020-03-24 18:16:00,3439.3069683107897,0.0031253056303959625
2020-03-24 18:17:00,3437.0932170466185,0.0030438572620691186
2020-03-24 18:18:00,3446.0278269775636,0.002896394342819429
2020-03-24 18:19:00,3460.4512568558075,0.002953782137317084
2020-03-24 18:20:00,3468.371851906607,0.00296809002314109
2020-03-24 18:21:00,3447.803123203326,0.0029043498662440566
2020-03-24 18:22:00,3448.995340958666,0.0025558650375695382
2020-03-24 18:23:00,3447.5292215798463,0.0026308788503327006
2020-03-24 18:24:00,3431.1961408461375,0.0027460588168430077
2020-03-24 18:25:00,3420.9894333175657,0.002636023704823348
2020-03-24 18:26:00,3417.122032498821,0.0027361992359045467
2020-03-24 18:27:00,3413.832812105274,0.002621518798184096
2020-03-24 18:28:00,3394.2134779480084,0.0027225700726414563
2020-03-24 18:29:00,3394.3453414455034,0.0026346131878616378
2020-03-24 18:30:00,3376.912015816421,0.002724906993323988
2020-03-24 18:31:00,3376.592354671096,0.0025826831761107533
2020-03-24 18:32:00,3383.0978030460674,0.0027314302032029588
2020-03-24 18:33:00,3377.8810431593324,0.002848632840842787
2020-03-24 18:34:00,3365.8866050751126,0.002666388403858787
2020-03-24 18:35:00,3366.5279758232878,0.0027067829310361046
2020-03-24 18:36:00,3365.21269243434,0.002788833996357411
2020-03-24 18:37:00,3368.533465894704,0.0028739376113492724
2020-03-24 18:38:00,3384.2290418837506,0.0028436257524734687
2020-03-24 18:39:00,3378.7563650776947,0.0028599344909606074
2020-03-24 18:40:00,3369.232308693295,0.0029675133636008844
2020-03-24 18:41:00,3357.0500704388323,0.0028286315500000115
2020-03-24 18:42:00,3363.8835796536096,0.002676029136147156
2020-03-24 18:43:00,3360.0299165527413,0.0026967909842760805
2020-03-24 18:44:00,3358.0440280876915,0.0026790462106837274
2020-03-24 18:45:00,3344.696168402167,0.0025692950915260715
2020-03-24 18:46:00,3345.8221670531702,0.0025716747239214236
2020-03-24 18:47:00,3335.6302343396906,0.002532733493507246
2020-03-24 18:48:00,3351.586576719208,0.0026848064020710887
2020-03-24 18:49:00,3357.4689310905383,0.002591666727696038
2020-03-24 18:50:00,3352.740092384583,0.0025199296650408793
2020-03-24 18:51:00,3345.6355050881184,0.0024871792149911043
2020-03-24 18:52:00,3336.1390765686892,0.0025201709604073808
2020-03-24 18:53:00,3344.5572703809294,0.0025059918427634666
2020-03-24 18:54:00,3353.9790100792798,0.0026596520926775126
2020-03-24 18:55:00,3373.8609348182567,0.0024759525299927463
2020-03-24 18:56:00,3377.527048017071,0.002468532624081519
2020-03-24 18:57:00,3375.471466901523,0.002482599100398933
2020-03-24 18:58:00,3368.457598513776,0.00260987769715106
2020-03-24 18:59:00,3376.027374809332,0.002515572417685102
2020-03-24 19:00:00,3375.8036576274626,0.002469475825421554
2020-03-24 19:01:00,3384.8718118049264,0.002487825755495352
2020-03-24 19:02:00,3380.995949805183,0.002601736042730981
2020-03-24 19:03:00,3387.6744123266017,0.0025199209819281912
2020-03-24 19:04:00,3388.03256826374,0.0024610563617181746
2020-03-24 19:05:00,3370.9293399893263,0.002548150002656571
2020-03-24 19:06:00,3366.6415679833963,0.0028193277929402755
2020-03-24 19:07:00,3365.425626509764,0.002630970091464584
2020-03-24 19:08:00,3369.987434008541,0.0027973517653060226
2020-03-24 19:09:00,3383.1559937738916,0.0027993829583668486
2020-03-24 19:10:00,3372.4489254481537,0.00278609976093799
2020-03-24 19:11:00,3382.703076959407,0.002628433085208419
2020-03-24 19:12:00,3398.233215536918,0.0026304587448512775
2020-03-24 19:13:00,3392.217211925768,0.002802784380982187
2020-03-24 19:14:00,3387.133189400564,0.0027412185340618326
2020-03-24 19:15:00,3404.175919556992,0.0027601601535053545
2020-03-24 19:16:00,3385.633632479508,0.00274612052556916
2020-03-24 19:17:00,3390.3527917735855,0.0024901867098659617
2020-03-24 19:18:00,3385.130831831352,0.002534007807220886
2020-03-24 19:19:00,3396.638115781715,0.0025974799172266577
2020-03-24 19:20:00,3399.298429109606,0.0026615846184853075
2020-03-24 19:21:00,3391.932277149278,0.002879280471788707
2020-03-24 19:22:00,3384.4668678174266,0.002886829022259901
2020-03-24 19:23:00,3397.950673664467,0.002931550864454526
2020-03-24 19:24:00,3394.2624153536576,0.0028256375046703964
2020-03-24 19:25:00,3397.246027964553,0.0030481576635055935
2020-03-24 19:26:00,3389.68629816194,0.003186855667432988
2020-03-24 19:27:00,3398.021020749908,0.003174392859225379
2020-03-24 19:28:00,3379.379014741002,0.003646667719534862
2020-03-24 19:29:00,3368.453197351537,0.003966355331243087
2020-03-24 19:30:00,3361.7367283617414,0.004175185931728102
2020-03-24 19:31:00,3356.5490259091507,0.004177476586817599
2020-03-24 19:32:00,3376.918322711506,0.004525438730565223
2020-03-24 19:33:00,3361.101172742018,0.004414479814350958
2020-03-24 19:34:00,3364.3025190011463,0.0044430184136322855
2020-03-24 19:35:00,3366.9170946742115,0.004651895362824314
2020-03-24 19:36:00,3350.94365348549,0.0042476490164059895
2020-03-24 19:37:00,3336.8004248012107,0.004014395642365108
2020-03-24 19:38:00,3349.300420065789,0.004048569786234324
2020-03-24 19:39:00,3328.792151906108,0.0041936328052278185
2020-03-24 19:40:00,3326.198475249504,0.00415986718353177
2020-03-24 19:41:00,3336.093294239854,0.004186031281998574
2020-03-24 19:42:00,3331.9030530008677,0.004092882494081032
2020-03-24 19:43:00,3342.2073038346975,0.003942379436486348
2020-03-24 19:44:00,3315.1646519697033,0.004048463667524548
2020-03-24 19:45:00,3333.8369490328614,0.004128176899408164
2020-03-24 19:46:00,3307.5028339154187,0.004330361260379638
2020-03-24 19:47:00,3302.212402812179,0.004156016187345313
2020-03-24 19:48:00,3274.7640070995762,0.004017912083620387
2020-03-24 19:49:00,3280.9882213479946,0.003958918511672179
2020-03-24 19:50:00,3296.849503801173,0.003877761405630688
2020-03-24 19:51:00,3304.118257573882,0.003862876097117761
2020-03-24 19:52:00,3304.307520483114,0.00397488021240518
2020-03-24 19:53:00,3292.818119988552,0.004075722311971639
2020-03-24 19:54:00,3284.9760123841074,0.004114091793388969
2020-03-24 19:55:00,3273.385535724527,0.003965167354417219
2020-03-24 19:56:00,3264.616460646723,0.0039649758300156785
2020-03-24 19:57:00,3256.0067948296014,0.004119289438281572
2020-03-24 19:58:00,3249.6499473297913,0.004661218424962893
2020-03-24 19:59:00,3283.447937682504,0.004241009471785553
2020-03-25 13:30:00,3470.092696866608,0.004344110972582833
2020-03-25 13:31:00,3484.997210407565,0.004522057262477673
2020-03-25 13:32:00,3506.9963399895705,0.0041244798623596085
2020-03-25 13:33:00,3504.9239215153852,0.00410396176534213
2020-03-25 13:34:00,3476.078033127734,0.004165994478841407
2020-03-25 13:35:00,3480.977988051538,0.003915943385031166
2020-03-25 13:36:00,3476.9855227726557,0.004104240747779436
2020-03-25 13:37:00,3476.4244239347872,0.004176418177536191
2020-03-25 13:38:00,3467.692340489443,0.003956601733293367
2020-03-25 13:39:00,3454.5377604796595,0.003995675649257981
2020-03-25 13:40:00,3473.1389218878503,0.004129846867955536
2020-03-25 13:41:00,3493.002953019095,0.004222088226616047
2020-03-25 13:42:00,3494.907803721536,0.00416258110831354
2020-03-25 13:43:00,3501.6446057524863,0.004095696313576744
2020-03-25 13:44:00,3510.207358759273,0.004316861226894463
2020-03-25 13:45:00,3487.918901190404,0.004380788992397496
2020-03-25 13:46:00,3468.6608843650306,0.004040430913880729
2020-03-25 13:47:00,3488.564287246734,0.0038702512989851126
2020-03-25 13:48:00,3468.572613977307,0.004174683421405174
2020-03-25 13:49:00,3473.337645984548,0.004179434858539492
2020-03-25 13:50:00,3473.735728930246,0.0043753992891919155
2020-03-25 13:51:00,3474.502946567242,0.004853882004733511
2020-03-25 13:52:00,3467.4684751602363,0.004786395626855831
2020-03-25 13:53:00,3461.2045939744503,0.005100596101495112
2020-03-25 13:54:00,3454.897021899231,0.005562708887201511
2020-03-25 13:55:00,3465.6800834077094,0.005161133391142553
2020-03-25 13:56:00,3462.9683523870635,0.004822688373721509
2020-03-25 13:57:00,3471.6882820958444,0.004713401478435644
2020-03-25 13:58:00,3470.630238507529,0.004658886491418362
2020-03-25 13:59:00,3478.3085200146834,0.004448937765379354
2020-03-25 14:00:00,3468.9212146783634,0.004504656557074644
2020-03-25 14:01:00,3457.976994776761,0.004897709238680152
2020-03-25 14:02:00,3470.664595631954,0.004918303827438435
2020-03-25 14:03:00,3457.104166044079,0.004930728696027794
2020-03-25 14:04:00,3474.863529033926,0.0047074642572874845
2020-03-25 14:05:00,3490.3795268337108,0.004510247101790344
2020-03-25 14:06:00,3476.639157703784,0.004323943548093291
2020-03-25 14:07:00,3494.220316329173,0.004261700798006682
2020-03-25 14:08:00,3481.4781385418933,0.004429578039309246
2020-03-25 14:09:00,3469.727570703925,0.004421213269999692
2020-03-25 14:10:00,3460.0483024306905,0.004495487369330738
2020-03-25 14:11:00,3468.1462028544806,0.004368624546758085
2020-03-25 14:12:00,3467.971609483984,0.004512719925703114
2020-03-25 14:13:00,3475.885503025231,0.004408275998295202
2020-03-25 14:14:00,3468.87480695895,0.0044116943166915435
2020-03-25 14:15:00,3459.1029622029187,0.004430738149155028
2020-03-25 14:16:00,3454.2254736175514,0.0045983601563652915
2020-03-25 14:17:00,3463.747303466188,0.004633138684360277
2020-03-25 14:18:00,3458.552760947614,0.0046917763870231695
2020-03-25 14:19:00,3449.8343006247246,0.004794428794386586
2020-03-25 14:20:00,3447.4642937574727,0.0047218985022241386
2020-03-25 14:21:00,3465.286361191034,0.0049999859446651215
2020-03-25 14:22:00,3466.1273433060555,0.0048222692026262904
2020-03-25 14:23:00,3464.4913730735752,0.004729947134292427
2020-03-25 14:24:00,3472.8493168083605,0.0047450906830689525
2020-03-25 14:25:00,3459.9783908307004,0.004755328958319462
2020-03-25 14:26:00,3449.8172025106114,0.0044717200767582736
2020-03-25 14:27:00,3438.3722099613074,0.004142879051586713
2020-03-25 14:28:00,3447.302496011088,0.0042079017444029004
2020-03-25 14:29:00,3426.8511287545034,0.004375207054189878
2020-03-25 14:30:00,3457.774110527975,0.0042547053418663305
2020-03-25 14:31:00,3452.146126385403,0.004317729200418506
2020-03-25 14:32:00,3444.3904424147636,0.0041878945683975835
2020-03-25 14:33:00,3440.7928182488986,0.0036994347293327675
2020-03-25 14:34:00,3416.4587540279545,0.0035936406301183177
2020-03-25 14:35:00,3395.782896405404,0.0037283905174467003
2020-03-25 14:36:00,3378.960417033673,0.00391311108250804
2020-03-25 14:37:00,3373.751104397527,0.003839724653474637
2020-03-25 14:38:00,3389.088786427311,0.00388205794393072
2020-03-25 14:39:00,3386.602198304267,0.0037448917763965805
2020-03-25 14:40:00,3383.7784104281213,0.0035908943302788497
2020-03-25 14:41:00,3388.6300878202246,0.003526073162284922
2020-03-25 14:42:00,3400.261888635178,0.003390497548066856
2020-03-25 14:43:00,3408.523210613656,0.0034271392581596023
2020-03-25 14:44:00,3398.0230024697125,0.003656502890720251
2020-03-25 14:45:00,3408.957418638572,0.003539949188531511
2020-03-25 14:46:00,3401.4439718185627,0.003628960551809786
2020-03-25 14:47:00,3398.455104057606,0.003522466453858875
2020-03-25 14:48:00,3405.0037114674083,0.003316869432127965
2020-03-25 14:49:00,3405.062032298472,0.003166114348971187
2020-03-25 14:50:00,3406.815236444416,0.003175093867783925
2020-03-25 14:51:00,3403.5459834999656,0.0030522847462941148
2020-03-25 14:52:00,3400.8226184105956,0.002835051816679339
2020-03-25 14:53:00,3393.7512847678436,0.0027156469379226206
2020-03-25 14:54:00,3386.254323808764,0.0025738255632718945
2020-03-25 14:55:00,3388.44012348679,0.002478616782320083
2020-03-25 14:56:00,3399.049831671795,0.0025980476961503744
2020-03-25 14:57:00,3408.46653738365,0.0026623604631923576
2020-03-25 14:58:00,3413.6470392503825,0.0026329648635030427
2020-03-25 14:59:00,3397.986654020756,0.002609250564298098
2020-03-25 15:00:00,3399.120095168433,0.002757885726271238
2020-03-25 15:01:00,3417.301186724728,0.0027082773318089755
2020-03-25 15:02:00,3420.0015690607734,0.002686212143093178
2020-03-25 15:03:00,3407.013364418117,0.0026653797120382754
2020-03-25 15:04:00,3400.651985783911,0.0026147896855306997
2020-03-25 15:05:00,3396.9489712424647,0.002579056130574967
2020-03-25 15:06:00,3392.0602787113567,0.002665937696055296
2020-03-25 15:07:00,3376.1222976903287,0.0024458176000137755
2020-03-25 15:08:00,3367.210278829035,0.0023573274036840937
2020-03-25 15:09:00,3357.5556099629935,0.002257174481095849
2020-03-25 15:10:00,3362.417356001379,0.0023007263467872316
2020-03-25 15:11:00,3361.649334684007,0.002434000128809465
2020-03-25 15:12:00,3377.6831159635435,0.0024901102254233517
2020-03-25 15:13:00,3364.1001732058576,0.0025478990009836417
2020-03-25 15:14:00,3371.3624661357317,0.002670714914343709
2020-03-25 15:15:00,3364.058357965871,0.002633309933147653
2020-03-25 15:16:00,3369.505408464455,0.002785129317779698
2020-03-25 15:17:00,3374.4603466038393,0.0026413433393371534
2020-03-25 15:18:00,3377.7855506534625,0.0027317716001704797
2020-03-25 15:19:00,3373.521103388023,0.002767791952069591
2020-03-25 15:20:00,3370.799353833257,0.0025512965371508292
2020-03-25 15:21:00,3364.4134592500586,0.0024137536068410785
2020-03-25 15:22:00,3368.7323858657955,0.0026547375601082097
2020-03-25 15:23:00,3348.4584772363646,0.002681021323372879
2020-03-25 15:24:00,3345.049057391261,0.002737870950573286
2020-03-25 15:25:00,3327.897379795722,0.0028783592406477682
2020-03-25 15:26:00,3319.7629690294666,0.002735125965824168
2020-03-25 15:27:00,3323.188468743319,0.0026218173671866472
2020-03-25 15:28:00,3329.6146464342914,0.0025025846254099872
2020-03-25 15:29:00,3322.5397486660195,0.0024350560247001977
2020-03-25 15:30:00,3321.5261264528885,0.0023079834359545173
2020-03-25 15:31:00,3324.7352627128303,0.0022402148463106287
2020-03-25 15:32:00,3330.20379792349,0.00223014186447587
2020-03-25 15:33:00,3327.05014610702,0.0022172618093173418
2020-03-25 15:34:00,3326.230490366314,0.002210934427110184
2020-03-25 15:35:00,3322.3694010010245,0.002220326883452973
2020-03-25 15:36:00,3328.8569366964443,0.00219958164733509
2020-03-25 15:37:00,3316.9183486083803,0.00226124564819301
2020-03-25 15:38:00,3314.021448812332,0.0023473845516705904
2020-03-25 15:39:00,3316.8962238828076,0.0023039294277039635
2020-03-25 15:40:00,3319.2630774286463,0.00215766780106536
2020-03-25 15:41:00,3329.0866976419325,0.0021144694656252466
2020-03-25 15:42:00,3331.086624144343,0.001979627957368918
2020-03-25 15:43:00,3323.539204976744,0.0018601407105151898
2020-03-25 15:44:00,3334.2359128639473,0.001843846831671483
2020-03-25 15:45:00,3333.198592368965,0.0018367770085081533
2020-03-25 15:46:00,3323.5376784243967,0.001776415157182102
2020-03-25 15:47:00,3323.8214901386946,0.0016762443550510354
2020-03-25 15:48:00,3325.287446061905,0.0017400687360533689
2020-03-25 15:49:00,3323.2391718994336,0.0017540953374235724
2020-03-25 15:50:00,3320.4964688103305,0.0017773357018870917
2020-03-25 15:51:00,3310.184721782292,0.0018960122441960268
2020-03-25 15:52:00,3305.4421177016984,0.001809139198024813
2020-03-25 15:53:00,3282.314354712089,0.001830296817769154
2020-03-25 15:54:00,3274.2957785843923,0.0017598898065257457
2020-03-25 15:55:00,3276.574356900706,0.0017098871822815822
2020-03-25 15:56:00,3272.0768584156526,0.0016661965010436358
2020-03-25 15:57:00,3279.324807350002,0.0017044324449104829
2020-03-25 15:58:00,3287.459865708812,0.0016537535450586369
2020-03-25 15:59:00,3297.484078930432,0.001581473596215139
2020-03-25 16:00:00,3295.1361161266914,0.0015308255287603259
2020-03-25 16:01:00,3291.8975876338027,0.001477402091243029
2020-03-25 16:02:00,3300.283105715818,0.0014332150960981527
2020-03-25 16:03:00,3297.7615651987894,0.0015195248084481638
2020-03-25 16:04:00,3294.878676237631,0.0015303240465954345
2020-03-25 16:05:00,3288.37509816149,0.0014534068017304199
2020-03-25 16:06:00,3287.6926843400975,0.0014454660296257214
2020-03-25 16:07:00,3284.686748670697,0.001458232146123645
2020-03-25 16:08:00,3290.692963281709,0.0014571452455476564
2020-03-25 16:09:00,3293.1466120538585,0.0014053322600236636
2020-03-25 16:10:00,3290.2640566484697,0.0014937067646418126
2020-03-25 16:11:00,3286.116440899403,0.001456474769478519
2020-03-25 16:12:00,3288.829857235066,0.0014395129877836487
2020-03-25 16:13:00,3286.3593182976424,0.0012875353966132945
2020-03-25 16:14:00,3281.5484662444696,0.001291793736189629
2020-03-25 16:15:00,3280.7222952194265,0.0012255965012287634
2020-03-25 16:16:00,3281.4622211935757,0.0012242865762819282
2020-03-25 16:17:00,3282.881031923955,0.0012098824007453937
2020-03-25 16:18:00,3285.8151402269145,0.0011774988171601793
2020-03-25 16:19:00,3287.2412371634555,0.0011878906529264532
2020-03-25 16:20:00,3287.3405393223675,0.0012205718642929035
2020-03-25 16:21:00,3287.6521042181216,0.0011955244086489973
2020-03-25 16:22:00,3281.401908830664,0.0011002720922374972
2020-03-25 16:23:00,3275.14529048482,0.0011266030880835458
2020-03-25 16:24:00,3278.2983602997115,0.0010766756672079723
2020-03-25 16:25:00,3276.5951526692593,0.0009763387326972971
2020-03-25 16:26:00,3272.9631183068395,0.0009599866853042886
2020-03-25 16:27:00,3272.7888736182686,0.0009038423747694843
2020-03-25 16:28:00,3268.835330265232,0.0009119184066375814
2020-03-25 16:29:00,3271.658048306339,0.0009084123607516436
2020-03-25 16:30:00,3271.9392004623483,0.0009102082817599777
2020-03-25 16:31:00,3264.124284404993,0.0009392726955257631
2020-03-25 16:32:00,3268.4691035251044,0.0008768685692679361
2020-03-25 16:33:00,3266.3005197775983,0.0008786367440969956
2020-03-25 16:34:00,3262.179803861823,0.0008847234235106574
2020-03-25 16:35:00,3259.5591817364816,0.0009196155639876341
2020-03-25 16:36:00,3260.250397722531,0.0009096229157928672
2020-03-25 16:37:00,3261.5263297691226,0.0009420932640942448
2020-03-25 16:38:00,3260.9580406590694,0.0010253758061514256
2020-03-25 16:39:00,3261.124112198247,0.0009982413472814564
2020-03-25 16:40:00,3267.94892832535,0.0010056378556549653
2020-03-25 16:41:00,3268.112219351688,0.001021513397535604
2020-03-25 16:42:00,3262.2153797744536,0.0010447227877751553
2020-03-25 16:43:00,3260.5196101183965,0.0010460101071350454
2020-03-25 16:44:00,3259.696692653509,0.0010146580691435285
2020-03-25 16:45:00,3259.6652303624824,0.0009815143008286326
2020-03-25 16:46:00,3260.555964404711,0.0009937332098417964
2020-03-25 16:47:00,3258.0343008715245,0.000982939701019098
2020-03-25 16:48:00,3255.4054540332218,0.0009821269859741338
2020-03-25 16:49:00,3249.418455176315,0.0010095480776609721
2020-03-25 16:50:00,3250.189748429958,0.0010505551914929228
2020-03-25 16:51:00,3252.098897669853,0.001003383260479528
2020-03-25 16:52:00,3257.1630478371835,0.0010600114921531622
2020-03-25 16:53:00,3255.006078139889,0.0010070874873656158
2020-03-25 16:54:00,3252.3389174143313,0.0009969000041518809
2020-03-25 16:55:00,3250.7269963885324,0.0008873108745016972
2020-03-25 16:56:00,3250.984757332333,0.0008573397870555146
2020-03-25 16:57:00,3248.410503250711,0.0009724640511278417
2020-03-25 16:58:00,3250.3477439116878,0.0010336934848496552
2020-03-25 16:59:00,3248.639198195993,0.000977538837418734
2020-03-25 17:00:00,3250.5418409018357,0.0009919421672431187
2020-03-25 17:01:00,3254.852098936847,0.0010441307060646554
2020-03-25 17:02:00,3254.1376582645034,0.0011233661090419397
2020-03-25 17:03:00,3252.8390276798136,0.0011504860386207369
2020-03-25 17:04:00,3252.38647893167,0.0010641774494341459
2020-03-25 17:05:00,3251.8344004483442,0.0010047651512730211
2020-03-25 17:06:00,3253.3576271428224,0.0010535340774824186
2020-03-25 17:07:00,3258.852082834064,0.0009863913678987105
2020-03-25 17:08:00,3258.142120534936,0.000946577098259675
2020-03-25 17:09:00,3259.280890525978,0.0009282402954716222
2020-03-25 17:10:00,3262.2143361454346,0.0009415288495144916
2020-03-25 17:11:00,3264.024519357771,0.0009626466668848309
2020-03-25 17:12:00,3262.6428079144384,0.0009481498354344328
2020-03-25 17:13:00,3260.5075952481716,0.0009726816983622767
2020-03-25 17:14:00,3259.4197951064966,0.0009396281553688341
2020-03-25 17:15:00,3257.4575545735875,0.0009315388953168118
2020-03-25 17:16:00,3256.9534454889367,0.0008987365740289168
2020-03-25 17:17:00,3256.5254481014617,0.0009105735405723576
2020-03-25 17:18:00,3257.842438771044,0.0008626186336655365
2020-03-25 17:19:00,3255.825183096644,0.0008929705953745577
2020-03-25 17:20:00,3255.89799120997,0.0008351182996685049
2020-03-25 17:21:00,3256.4136977869694,0.0008349220802903736
2020-03-25 17:22:00,3256.2950034427136,0.0007768140719545598
2020-03-25 17:23:00,3251.4610115995783,0.0007734828369737458
2020-03-25 17:24:00,3250.784127839153,0.0007562718249467644
2020-03-25 17:25:00,3255.558665737662,0.000748014156716962
2020-03-25 17:26:00,3258.9057205755307,0.0007706788033996513
2020-03-25 17:27:00,3259.1240293657474,0.0007686907576609442
2020-03-25 17:28:00,3260.635337309984,0.0007129973935269342
2020-03-25 17:29:00,3264.6158209916957,0.0007386701697614954
2020-03-25 17:30:00,3268.368649456051,0.0007654807361941588
2020-03-25 17:31:00,3268.4789094673088,0.0007840883979522892
2020-03-25 17:32:00,3268.439548815002,0.0008545055011613092
2020-03-25 17:33:00,3273.1188225491833,0.0008569357561596305
2020-03-25 17:34:00,3269.4329085541367,0.000902704979960556
2020-03-25 17:35:00,3268.6771544067183,0.0008336681714184479
2020-03-25 17:36:00,3269.377307426755,0.0008373244816037669
2020-03-25 17:37:00,3272.9644662392952,0.0008911405924943922
2020-03-25 17:38:00,3278.8555159785396,0.000976429969857451
2020-03-25 17:39:00,3276.8036564233807,0.0010943649572485448
2020-03-25 17:40:00,3272.8365275670653,0.0010684561550832088
2020-03-25 17:41:00,3280.0413272245705,0.0010725080341923495
2020-03-25 17:42:00,3282.497063363241,0.0009908358377428916
2020-03-25 17:43:00,3278.4135269897765,0.0009729816861962136
2020-03-25 17:44:00,3284.165920157125,0.0009081343216464607
2020-03-25 17:45:00,3283.3547578120338,0.0009671842531996898
2020-03-25 17:46:00,3282.1255344692904,0.0010342276412312165
2020-03-25 17:47:00,3280.2450447959463,0.0009997661547969652
2020-03-25 17:48:00,3281.34288222338,0.000978979570108804
2020-03-25 17:49:00,3280.909628832755,0.0009911456947935345
2020-03-25 17:50:00,3281.637131175044,0.0009286071122960451
2020-03-25 17:51:00,3279.5042606245725,0.0008710822397455749
2020-03-25 17:52:00,3282.01543498935,0.0008889733740609355
2020-03-25 17:53:00,3282.2840102083023,0.0009981612045874084
2020-03-25 17:54:00,3283.1603254469637,0.000980772478567341
2020-03-25 17:55:00,3282.8322445698386,0.0009545606654733365
2020-03-25 17:56:00,3283.463078821272,0.0009830956111629146
2020-03-25 17:57:00,3281.4062608709064,0.0009591228031102865
2020-03-25 17:58:00,3285.762831858631,0.0009891733267698298
2020-03-25 17:59:00,3286.9571315270528,0.0009964338014047571
2020-03-25 18:00:00,3289.0954890017356,0.0009981588795467424
2020-03-25 18:01:00,3295.286542240337,0.0010041101951059907
2020-03-25 18:02:00,3292.9505169565346,0.0010058041702064179
2020-03-25 18:03:00,3288.484994427975,0.0010068959576249857
2020-03-25 18:04:00,3285.25707185063,0.0010077249035523922
2020-03-25 18:05:00,3283.319421210581,0.0010010449783872488
2020-03-25 18:06:00,3283.810238527151,0.0009840097646582318
2020-03-25 18:07:00,3282.0351892510134,0.0009458278685917689
2020-03-25 18:08:00,3281.605716897475,0.000931159794681772
2020-03-25 18:09:00,3278.581167916721,0.000948595974727167
2020-03-25 18:10:00,3280.8130636120713,0.0008768180582428318
2020-03-25 18:11:00,3285.6951272081383,0.0009048205351815465
2020-03-25 18:12:00,3287.350371088949,0.0008780395953344387
2020-03-25 18:13:00,3287.841742313488,0.0008519333649248499
2020-03-25 18:14:00,3285.5868073263846,0.0008148297605563733
2020-03-25 18:15:00,3288.860483487979,0.0008185438347886946
2020-03-25 18:16:00,3294.8424858574717,0.0008314444673372218
2020-03-25 18:17:00,3295.4590443868974,0.0007916006507555751
2020-03-25 18:18:00,3295.0684697881234,0.0008398350368128574
2020-03-25 18:19:00,3290.0518492099213,0.0008209868061852595
2020-03-25 18:20:00,3292.8778274796955,0.0008456101594165973
2020-03-25 18:21:00,3290.362089018078,0.0008950435144311572
2020-03-25 18:22:00,3287.621991297396,0.0009776762469201315
2020-03-25 18:23:00,3283.6221538478626,0.0010441776600030493
2020-03-25 18:24:00,3282.965569808797,0.0010758034784773222
2020-03-25 18:25:00,3282.2428923380003,0.0011195852905937114
2020-03-25 18:26:00,3276.7864822863617,0.0011257664041638778
2020-03-25 18:27:00,3275.5728069712795,0.0011835791462226004
2020-03-25 18:28:00,3277.0879515405995,0.0012319783911400619
2020-03-25 18:29:00,3279.763361344887,0.0012236202134080138
2020-03-25 18:30:00,3271.1372598631083,0.00121157921495112
2020-03-25 18:31:00,3272.0040640722755,0.0012233600986007172
2020-03-25 18:32:00,3272.49309995808,0.0011851089320872401
2020-03-25 18:33:00,3271.6345412373066,0.0012432118789874008
2020-03-25 18:34:00,3271.5216241053313,0.0012159457640141087
2020-03-25 18:35:00,3264.9126569516134,0.0012263570310464022
2020-03-25 18:36:00,3264.0467138436015,0.0011588922975704589
2020-03-25 18:37:00,3262.4722152305426,0.0011058212255030946
2020-03-25 18:38:00,3262.9885775427897,0.0010253933147483035
2020-03-25 18:39:00,3257.8479100451204,0.0010201348687293268
2020-03-25 18:40:00,3259.7289650118173,0.0011036980323436195
2020-03-25 18:41:00,3262.7040529992546,0.001050723875461111
2020-03-25 18:42:00,3262.2010024758415,0.0009580124563183963
2020-03-25 18:43:00,3261.560703245795,0.0009955807955446773
2020-03-25 18:44:00,3261.637522878395,0.001014103313673745
2020-03-25 18:45:00,3259.2481829539215,0.0010005053245690182
2020-03-25 18:46:00,3260.603993505458,0.0009564517184421272
2020-03-25 18:47:00,3261.6393643538763,0.0009126747420947061
2020-03-25 18:48:00,3266.6238186114692,0.0009544797473012357
2020-03-25 18:49:00,3267.4594300038916,0.0009924260554311185
2020-03-25 18:50:00,3263.5981076532817,0.0009512446880195162
2020-03-25 18:51:00,3271.744281288542,0.0008757344961999585
2020-03-25 18:52:00,3271.4700902518043,0.0008466259573740961
2020-03-25 18:53:00,3275.4563005585246,0.0008778237894157511
2020-03-25 18:54:00,3279.1893812803546,0.0008521424277119227
2020-03-25 18:55:00,3276.723484417151,0.000858571404788526
2020-03-25 18:56:00,3275.9741083705526,0.0009095505585754832
2020-03-25 18:57:00,3270.036051758422,0.0009866117744652596
2020-03-25 18:58:00,3267.487785703368,0.0009617535662397929
2020-03-25 18:59:00,3270.070274753294,0.0008789424173617473
2020-03-25 19:00:00,3268.41461763497,0.0008788935174454157
2020-03-25 19:01:00,3270.033799304698,0.0008072389978669224
2020-03-25 19:02:00,3266.599558773907,0.0008310709603178428
2020-03-25 19:03:00,3265.871117856785,0.0009061563473443597
2020-03-25 19:04:00,3262.293622171165,0.0009553119870813899
2020-03-25 19:05:00,3262.487956043473,0.0009664279169792434
2020-03-25 19:06:00,3261.719346744668,0.0009642514893314869
2020-03-25 19:07:00,3263.7407197747484,0.0009744815059864288
2020-03-25 19:08:00,3258.319098521407,0.0010002072426875445
2020-03-25 19:09:00,3254.0567368329575,0.0010193972539661678
2020-03-25 19:10:00,3248.835557774814,0.0009469026584677507
2020-03-25 19:11:00,3248.956759610478,0.000942635703150184
2020-03-25 19:12:00,3247.268145461221,0.0009481990703469511
2020-03-25 19:13:00,3247.454518411506,0.0009447776747977812
2020-03-25 19:14:00,3248.641152293263,0.0009436779097631889
2020-03-25 19:15:00,3249.782058408117,0.0009133437221610847
2020-03-25 19:16:00,3253.1835655391296,0.0009171216675257181
2020-03-25 19:17:00,3249.5325383661498,0.0009191727283875097
2020-03-25 19:18:00,3250.2804910251575,0.0009352632474629006
2020-03-25 19:19:00,3249.737901972459,0.0008881548131587089
2020-03-25 19:20:00,3254.4874797679768,0.0008550447250175235
2020-03-25 19:21:00,3252.684683521259,0.0008564722222786888
2020-03-25 19:22:00,3251.827413483073,0.0008775268961437675
2020-03-25 19:23:00,3256.0257564006597,0.0008785717530739663
2020-03-25 19:24:00,3262.367514580543,0.0008986215065117017
2020-03-25 19:25:00,3258.9519687939137,0.0009096165220235595
2020-03-25 19:26:00,3262.2471172058927,0.0008806153232101515
2020-03-25 19:27:00,3262.273360011191,0.0008182708918903043
2020-03-25 19:28:00,3260.711286573762,0.0008276241526911891
2020-03-25 19:29:00,3257.253893544896,0.0008262904194985642
2020-03-25 19:30:00,3254.740113413418,0.0008176570622766622
2020-03-25 19:31:00,3253.9625456130684,0.0008200702790090571
2020-03-25 19:32:00,3251.2583336307607,0.0008011055336208244
2020-03-25 19:33:00,3249.2914289957785,0.0007527326353921754
2020-03-25 19:34:00,3248.492591063074,0.0007714038360583512
2020-03-25 19:35:00,3250.208422927063,0.0007337942539546928
2020-03-25 19:36:00,3248.2185153543337,0.000777442083305846
2020-03-25 19:37:00,3248.922532503792,0.0007805904039569605
2020-03-25 19:38:00,3250.9895197270307,0.0008037602635240195
2020-03-25 19:39:00,3251.3937073141847,0.0007581110459117351
2020-03-25 19:40:00,3254.098372307639,0.0008103925216058959
2020-03-25 19:41:00,3249.473629601317,0.0008535489020435027
2020-03-25 19:42:00,3252.3793891521555,0.0008394268418973193
2020-03-25 19:43:00,3249.324073587481,0.0008558875447742796
2020-03-25 19:44:00,3248.870194907323,0.0008632766639663571
2020-03-25 19:45:00,3248.452473911104,0.0009365467678289143
2020-03-25 19:46:00,3252.39760201632,0.0009123237705615124
2020-03-25 19:47:00,3251.349508975821,0.0008768813611813253
2020-03-25 19:48:00,3249.122698240367,0.0008652047904502657
2020-03-25 19:49:00,3247.481387990035,0.0008096921687219831
2020-03-25 19:50:00,3245.271711846936,0.0008729603889777993
2020-03-25 19:51:00,3248.040474696493,0.0008859675927030082
2020-03-25 19:52:00,3250.020011793871,0.0008798043457810049
2020-03-25 19:53:00,3251.8670164671194,0.0008696998470947595
2020-03-25 19:54:00,3249.521519432982,0.0008771660727876243
2020-03-25 19:55:00,3250.1176561234593,0.0008566008535666708
2020-03-25 19:56:00,3247.6071184808043,0.0009388440196641711
2020-03-25 19:57:00,3243.0987452496584,0.0009126601353915317
2020-03-25 19:58:00,3241.9950328257028,0.0009767284834992873
2020-03-25 19:59:00,3239.3974632858185,0.00090865420556076
2020-03-26 13:30:00,3283.260272426289,0.0008940856951537526
2020-03-26 13:31:00,3281.4748109344223,0.0009543492261288849
2020-03-26 13:32:00,3283.9659369064634,0.0008876622001846261
2020-03-26 13:33:00,3284.273843001315,0.0008499489967247954
2020-03-26 13:34:00,3280.8420413067884,0.0008354167437875443
2020-03-26 13:35:00,3288.954475677446,0.0008560602363060115
2020-03-26 13:36:00,3291.96760436777,0.0008692302930803806
2020-03-26 13:37:00,3293.1799828783874,0.0009223766005307014
2020-03-26 13:38:00,3292.2980684263543,0.0008191420973822422
2020-03-26 13:39:00,3288.780132720486,0.0008315009413539063
2020-03-26 13:40:00,3286.9914935727184,0.0008078929283759051
2020-03-26 13:41:00,3287.465244748008,0.0007587085587102782
2020-03-26 13:42:00,3287.618584462902,0.0007533049222342851
2020-03-26 13:43:00,3288.5049408210516,0.0007297926399343666
2020-03-26 13:44:00,3289.9635993085067,0.0007005766343910449
2020-03-26 13:45:00,3291.1636661644175,0.0006731445407583753
2020-03-26 13:46:00,3293.0982332589,0.0006548896688323349
2020-03-26 13:47:00,3296.3701646573422,0.0006388612054104699
2020-03-26 13:48:00,3300.4584165424812,0.0006179266158338101
2020-03-26 13:49:00,3299.7567221083978,0.0006097607229621882
2020-03-26 13:50:00,3300.5941085373734,0.0006025091817513688
2020-03-26 13:51:00,3299.5695864328827,0.000606492372068912
2020-03-26 13:52:00,3298.8560948776435,0.0005766958401208533
2020-03-26 13:53:00,3298.6766432706213,0.0005923072290484192
2020-03-26 13:54:00,3298.179902710229,0.0005485931878755698
2020-03-26 13:55:00,3298.650638117575,0.0005479337831097228
2020-03-26 13:56:00,3299.1562807149567,0.0005717788420571352
2020-03-26 13:57:00,3298.77590927073,0.0005612867184605374
2020-03-26 13:58:00,3297.756811456113,0.0005456699669851881
2020-03-26 13:59:00,3298.6701721053714,0.0005376168334854837
2020-03-26 14:00:00,3299.9129889131773,0.0005459215749873047
2020-03-26 14:01:00,3301.1019352437916,0.0005543152006967337
2020-03-26 14:02:00,3300.9887883661054,0.0005224093932939959
2020-03-26 14:03:00,3299.343512628499,0.000495510297427043
2020-03-26 14:04:00,3300.5682288453786,0.0004693034661811809
2020-03-26 14:05:00,3302.0661451548726,0.0005040473768381413
2020-03-26 14:06:00,3302.815332240071,0.000534897866817818
2020-03-26 14:07:00,3299.781913575176,0.0005513771838082726
2020-03-26 14:08:00,3298.0497545282533,0.0004937866125313101
2020-03-26 14:09:00,3298.8119183746285,0.000469838416949567
2020-03-26 14:10:00,3295.0540714909694,0.00047668515015676584
2020-03-26 14:11:00,3296.0504374111542,0.00045779394461970273
2020-03-26 14:12:00,3296.437786112718,0.0004942333800789241
2020-03-26 14:13:00,3294.313198001214,0.0004975579422933207
2020-03-26 14:14:00,3294.9776246256197,0.000486884271307288
2020-03-26 14:15:00,3294.3271873584554,0.00046690437517249504
2020-03-26 14:16:00,3296.1894094376958,0.00047074953035888356
2020-03-26 14:17:00,3298.5162163586583,0.0005044393552363381
2020-03-26 14:18:00,3300.380085961752,0.0005304488712707842
2020-03-26 14:19:00,3300.016082568895,0.0005066924350426223
2020-03-26 14:20:00,3298.575953224129,0.0004953784694180925
2020-03-26 14:21:00,3301.7323726947902,0.0005247006197848563
2020-03-26 14:22:00,3301.542292208583,0.0005617089908050239
2020-03-26 14:23:00,3303.3269581940026,0.0005479472393800583
2020-03-26 14:24:00,3301.6206415074444,0.0005409282809243361
2020-03-26 14:25:00,3302.0502064566936,0.0005530534931702825
2020-03-26 14:26:00,3303.592968225935,0.0005677931862231482
2020-03-26 14:27:00,3303.606385884537,0.0006176854028075677
2020-03-26 14:28:00,3303.746598111998,0.0005918301544941037
2020-03-26 14:29:00,3303.054319136007,0.0005602052145629464
2020-03-26 14:30:00,3305.301560626752,0.0005388464609275697
2020-03-26 14:31:00,3307.767797982575,0.000544862602465142
2020-03-26 14:32:00,3308.6277047378544,0.0004990942050819739
2020-03-26 14:33:00,3310.287998817522,0.0005393280720096708
2020-03-26 14:34:00,3309.733984593167,0.0005495464439937455
2020-03-26 14:35:00,3307.863339544798,0.0005911075547596173
2020-03-26 14:36:00,3307.6565902146363,0.0005922290467275873
2020-03-26 14:37:00,3306.639632295432,0.0005655635716397813
2020-03-26 14:38:00,3307.8228305519515,0.0005665413119725452
2020-03-26 14:39:00,3307.1769946141926,0.0005550918050309449
2020-03-26 14:40:00,3307.015699227233,0.0005319485777048705
2020-03-26 14:41:00,3301.6324742583056,0.000556461245039374
2020-03-26 14:42:00,3303.3605752166686,0.0005672704372578016
2020-03-26 14:43:00,3304.7660391778245,0.0005946177948431981
2020-03-26 14:44:00,3305.5247938056223,0.0006038936983851685
2020-03-26 14:45:00,3307.1216507089343,0.0005911328856012865
2020-03-26 14:46:00,3307.1470733976785,0.0005944515388631085
2020-03-26 14:47:00,3309.512130402139,0.0005907688773237882
2020-03-26 14:48:00,3315.014059292702,0.0005613245376498803
2020-03-26 14:49:00,3315.0141971492676,0.0005846796315066098
2020-03-26 14:50:00,3315.4413338141535,0.0005571640885484391
2020-03-26 14:51:00,3313.601221308563,0.0005787418159186246
2020-03-26 14:52:00,3312.8357277952778,0.0005945772453230513
2020-03-26 14:53:00,3314.394537378091,0.0006347748492981996
2020-03-26 14:54:00,3314.9657360017454,0.0006542176491409444
2020-03-26 14:55:00,3317.6071843970335,0.000636493644269439
2020-03-26 14:56:00,3316.5512369704998,0.000563624506529728
2020-03-26 14:57:00,3318.7336490794446,0.0005526298008937671
2020-03-26 14:58:00,3320.2369842407365,0.0005047047998328796
2020-03-26 14:59:00,3321.6039788506223,0.0005030414641411458
2020-03-26 15:00:00,3321.8878539297816,0.0005001079994055549
2020-03-26 15:01:00,3322.068727403115,0.0004959545685409767
2020-03-26 15:02:00,3322.838016775965,0.0004290837959540501
2020-03-26 15:03:00,3324.146505767359,0.00043201588582394794
2020-03-26 15:04:00,3322.251779992728,0.0004530688343046566
2020-03-26 15:05:00,3320.7484386728192,0.0004442170598820145
2020-03-26 15:06:00,3318.4862577137214,0.00047764428015655567
2020-03-26 15:07:00,3317.9664784324314,0.0004810728828610358
2020-03-26 15:08:00,3317.4952242433533,0.0004951515348940044
2020-03-26 15:09:00,3318.004963341521,0.0005070171397775444
2020-03-26 15:10:00,3317.009819341658,0.0005089953801478015
2020-03-26 15:11:00,3316.4303101102346,0.0005149176173023059
2020-03-26 15:12:00,3318.0099534629553,0.0005406473046010346
2020-03-26 15:13:00,3315.1180048097667,0.0005282940053445514
2020-03-26 15:14:00,3316.942877661787,0.000521034446535859
2020-03-26 15:15:00,3316.7069861988884,0.0005662433491375239
2020-03-26 15:16:00,3316.5379405842014,0.0005388269101237544
2020-03-26 15:17:00,3316.0684648969545,0.0005669696615048774
2020-03-26 15:18:00,3316.048381748275,0.0005692472590924559
2020-03-26 15:19:00,3315.282998747402,0.0005628729479142247
2020-03-26 15:20:00,3317.2880624049417,0.0005283057918516379
2020-03-26 15:21:00,3313.754088413183,0.0005499537567696833
2020-03-26 15:22:00,3315.820016738194,0.0005051431190026362
2020-03-26 15:23:00,3313.4618168121156,0.0004938854632167497
2020-03-26 15:24:00,3311.171152545973,0.0004939580928728721
2020-03-26 15:25:00,3310.2185557623206,0.0004716612243867329
2020-03-26 15:26:00,3311.7896110604065,0.0004804910731347759
2020-03-26 15:27:00,3312.0498399580993,0.0005202300018289468
2020-03-26 15:28:00,3311.8580137442254,0.000513090983044306
2020-03-26 15:29:00,3311.5668088937273,0.0005149028334052227
2020-03-26 15:30:00,3309.8689888665435,0.0005829284082140298
2020-03-26 15:31:00,3309.3794365227227,0.0005923722610235435
2020-03-26 15:32:00,3306.2063986694047,0.0006075785360520095
2020-03-26 15:33:00,3304.7353178670965,0.0006061380912805631
2020-03-26 15:34:00,3304.707549707914,0.000582156851288113
2020-03-26 15:35:00,3308.3018990373994,0.0005418660202949678
2020-03-26 15:36:00,3310.921575821155,0.0005133731923306434
2020-03-26 15:37:00,3313.992358334814,0.0005109569229086716
2020-03-26 15:38:00,3313.4667630526214,0.0004857043449519984
2020-03-26 15:39:00,3314.326355936857,0.0004891729246046595
2020-03-26 15:40:00,3315.194507669822,0.0005139534858627815
2020-03-26 15:41:00,3314.1637206791343,0.00045866111147947693
2020-03-26 15:42:00,3314.447629040216,0.00045125679666414164
2020-03-26 15:43:00,3314.8164153166404,0.00043495408912126824
2020-03-26 15:44:00,3315.7736596143395,0.00044845232835891353
2020-03-26 15:45:00,3316.450663627708,0.00040565437252453176
2020-03-26 15:46:00,3316.2640992859865,0.0003775396039421645
2020-03-26 15:47:00,3315.902033081395,0.00037088086647386377
2020-03-26 15:48:00,3315.943626600365,0.0003865201558351957
2020-03-26 15:49:00,3316.2680180343978,0.0003580644532819535
2020-03-26 15:50:00,3314.9188387886775,0.0003464551984104179
2020-03-26 15:51:00,3314.9220711917405,0.0003678156814553727
2020-03-26 15:52:00,3314.9830693471895,0.0003491547206326854
2020-03-26 15:53:00,3317.631979714732,0.00034944704392535236
2020-03-26 15:54:00,3317.747454876024,0.0003599835145074123
2020-03-26 15:55:00,3317.5275199761545,0.00033749498120542955
2020-03-26 15:56:00,3316.3560192207924,0.000313437017903568
2020-03-26 15:57:00,3315.368954041704,0.00031561337235264895
2020-03-26 15:58:00,3316.740257109459,0.00032132229193469107
2020-03-26 15:59:00,3317.5083149761413,0.00033543330630456336
2020-03-26 16:00:00,3317.070432718125,0.0003620840234236482
2020-03-26 16:01:00,3317.148052383923,0.00037582430108218764
2020-03-26 16:02:00,3314.621290225134,0.0003760611699372603
2020-03-26 16:03:00,3316.825951393678,0.0003964405325533463
2020-03-26 16:04:00,3316.276185254249,0.0003964667867601475
2020-03-26 16:05:00,3316.2471917106805,0.0004030389115112761
2020-03-26 16:06:00,3317.2792991731526,0.000408063781060238
2020-03-26 16:07:00,3315.824482472414,0.0004218962262787006
2020-03-26 16:08:00,3313.8258330757276,0.00039109324444952455
2020-03-26 16:09:00,3312.521119595877,0.0003865123487871544
2020-03-26 16:10:00,3314.0744635638707,0.00038306551867547283
2020-03-26 16:11:00,3314.2515075407064,0.0003894484269210778
2020-03-26 16:12:00,3311.946738508856,0.00039464327944265356
2020-03-26 16:13:00,3312.80509598195,0.0003762043037559985
2020-03-26 16:14:00,3312.9627317043455,0.0003754158127544321
2020-03-26 16:15:00,3313.50210691753,0.00039262814354586384
2020-03-26 16:16:00,3313.880773801204,0.000380436861169486
2020-03-26 16:17:00,3314.9002230218834,0.00036072661430685155
2020-03-26 16:18:00,3314.666489488804,0.00033956929491321897
2020-03-26 16:19:00,3312.998795758123,0.000355614666033024
2020-03-26 16:20:00,3315.1692110565923,0.00036080517080247553
2020-03-26 16:21:00,3314.536301267612,0.00039655508600398967
2020-03-26 16:22:00,3314.060584776245,0.0003780348194013358
2020-03-26 16:23:00,3314.328203651113,0.0003660092644892674
2020-03-26 16:24:00,3313.350023198527,0.00037230847799540494
2020-03-26 16:25:00,3314.682427499521,0.0003392786167601717
2020-03-26 16:26:00,3313.5219498625925,0.00030798237579267556
2020-03-26 16:27:00,3315.7348109302084,0.00030514691294454956
2020-03-26 16:28:00,3316.479808290367,0.000291410933845936
2020-03-26 16:29:00,3315.920912472394,0.0002709537570770588
2020-03-26 16:30:00,3314.5378736076837,0.00027181966476093637
2020-03-26 16:31:00,3314.619191647876,0.0002945023685466238
2020-03-26 16:32:00,3314.4226511904735,0.00029367833907231413
2020-03-26 16:33:00,3314.5133334150864,0.0002972407155309247
2020-03-26 16:34:00,3315.0080695425268,0.00029120419269177447
2020-03-26 16:35:00,3313.610794174873,0.0002790968409236039
2020-03-26 16:36:00,3312.963555455977,0.00028168006208744464
2020-03-26 16:37:00,3311.272575098995,0.00027483214979422653
2020-03-26 16:38:00,3311.5969493992343,0.0002610382984362676
2020-03-26 16:39:00,3310.6182440343446,0.00026510739123270367
2020-03-26 16:40:00,3311.941512839747,0.00027640430194737715
2020-03-26 16:41:00,3311.122266928597,0.0002715415322925128
2020-03-26 16:42:00,3312.4104129808575,0.0002732165230817423
2020-03-26 16:43:00,3315.17146478772,0.0002832822615285011
2020-03-26 16:44:00,3315.2575469720737,0.0002555337447297392
2020-03-26 16:45:00,3315.6548320839584,0.00023216552927792623
2020-03-26 16:46:00,3315.7761063333924,0.00023404264331540692
2020-03-26 16:47:00,3315.813903767061,0.00023760885869541912
2020-03-26 16:48:00,3315.4154523469474,0.0002504553050633814
2020-03-26 16:49:00,3316.2324165793107,0.0002530630752256317
2020-03-26 16:50:00,3316.216376026781,0.00024572519930625365
2020-03-26 16:51:00,3317.025979093693,0.00026123485026682396
2020-03-26 16:52:00,3316.949350443852,0.0002680127318201491
2020-03-26 16:53:00,3316.2065711811056,0.000279715048370386
2020-03-26 16:54:00,3315.7054749165427,0.00027285530421227285
2020-03-26 16:55:00,3314.8488937631446,0.0002534230735245888
2020-03-26 16:56:00,3316.82924747463,0.00026416832972301995
2020-03-26 16:57:00,3316.509105517076,0.0002613033400381607
2020-03-26 16:58:00,3314.14462215346,0.0002754148942813271
2020-03-26 16:59:00,3314.704799015014,0.000283743039173762
2020-03-26 17:00:00,3315.404407966973,0.000286753111075126
2020-03-26 17:01:00,3316.677290453569,0.0002710500754856251
2020-03-26 17:02:00,3316.8801771963576,0.0002646386017978134
2020-03-26 17:03:00,3316.6073255059387,0.00025068824726680414
2020-03-26 17:04:00,3316.8101191713245,0.00023522610151359638
2020-03-26 17:05:00,3316.434189382225,0.0002269968400416356
2020-03-26 17:06:00,3315.907619464964,0.00021653869760097797
2020-03-26 17:07:00,3316.5001286080546,0.00023051557192015298
2020-03-26 17:08:00,3315.6496991259423,0.00022006461313922398
2020-03-26 17:09:00,3315.021838344844,0.00021501367742598557
2020-03-26 17:10:00,3315.9531107809858,0.0002025384846754729
2020-03-26 17:11:00,3316.2291972346757,0.00020517233897320177
2020-03-26 17:12:00,3315.8684821491674,0.0001992596889429622
2020-03-26 17:13:00,3316.5052797893995,0.00019178641622107437
2020-03-26 17:14:00,3317.4061070231946,0.00018874856972345106
2020-03-26 17:15:00,3316.8454895891623,0.00019689149914666978
2020-03-26 17:16:00,3317.4837945455793,0.0002032775486009366
2020-03-26 17:17:00,3317.11500109846,0.00019938824216812157
2020-03-26 17:18:00,3316.6296188146384,0.00019125590641997964
2020-03-26 17:19:00,3317.1085856253,0.00017724728317435637
2020-03-26 17:20:00,3316.788730907866,0.00018838611633514588
2020-03-26 17:21:00,3316.087693793286,0.00017326130323608746
2020-03-26 17:22:00,3315.980841487515,0.00018017367648822102
2020-03-26 17:23:00,3315.582798061912,0.00016246717703411145
2020-03-26 17:24:00,3316.3602636683586,0.00016213119942117435
2020-03-26 17:25:00,3315.8887153603764,0.0001657435446150114
2020-03-26 17:26:00,3314.9757629675073,0.0001758429055849165
2020-03-26 17:27:00,3315.639504877041,0.00017958682596023163
2020-03-26 17:28:00,3315.6564113224395,0.00017271717453809648
2020-03-26 17:29:00,3315.3555355374015,0.00016610915226723087
2020-03-26 17:30:00,3313.2999830864237,0.00017524480326397114
2020-03-26 17:31:00,3312.4867705689426,0.0001746813943493406
2020-03-26 17:32:00,3312.9540914881018,0.00017371278722692906
2020-03-26 17:33:00,3312.3152169448945,0.00017901344697388987
2020-03-26 17:34:00,3313.2696820018605,0.00018437949589957353
2020-03-26 17:35:00,3314.2864156748687,0.0001958868564885788
2020-03-26 17:36:00,3314.600196295537,0.00019617821024878087
2020-03-26 17:37:00,3314.620722014549,0.0001993742131311859
2020-03-26 17:38:00,3315.9061320749024,0.00018901283639438885
2020-03-26 17:39:00,3316.410919093181,0.00018744341745323087
2020-03-26 17:40:00,3316.2705373210147,0.00019064396086614769
2020-03-26 17:41:00,3316.1647680114556,0.00018643050556015636
2020-03-26 17:42:00,3316.364981920998,0.00018361093982182617
2020-03-26 17:43:00,3317.6179377787,0.0001800640679479073
2020-03-26 17:44:00,3317.821974152708,0.00018628644865568023
2020-03-26 17:45:00,3317.813491315103,0.0001795046119482768
2020-03-26 17:46:00,3317.88711569716,0.00018396712168854265
2020-03-26 17:47:00,3317.7106760488887,0.00019104860702556502
2020-03-26 17:48:00,3317.694628360644,0.0001928371193033763
2020-03-26 17:49:00,3318.103939185059,0.00018863207857671048
2020-03-26 17:50:00,3317.768871523006,0.00018532414345568798
2020-03-26 17:51:00,3317.7170872363927,0.00017348434693390528
2020-03-26 17:52:00,3317.7162580160198,0.0001673113740943262
2020-03-26 17:53:00,3318.1421608401674,0.00016798082022299434
2020-03-26 17:54:00,3317.3448760012184,0.0001867391863768465
2020-03-26 17:55:00,3316.54461459975,0.00017525254232216348
2020-03-26 17:56:00,3316.8178784812567,0.00017818566149788043
2020-03-26 17:57:00,3317.154527063061,0.00016243382445672085
2020-03-26 17:58:00,3317.0751954332814,0.00016146750236742743
2020-03-26 17:59:00,3316.001813226695,0.00016400759126879944
2020-03-26 18:00:00,3316.5004990321263,0.00015714778148465515
2020-03-26 18:01:00,3316.650836245197,0.00016594456402440727
2020-03-26 18:02:00,3316.952440710985,0.00016141253696426433
2020-03-26 18:03:00,3317.319196355272,0.0001723713877488872
2020-03-26 18:04:00,3317.2062112348804,0.0001728380476320275
2020-03-26 18:05:00,3316.342825479907,0.00017892105466836585
2020-03-26 18:06:00,3315.795753530267,0.0001894001387670725
2020-03-26 18:07:00,3315.392236836331,0.00019817368525377755
2020-03-26 18:08:00,3314.401334782903,0.00019643358311210486
2020-03-26 18:09:00,3314.5033413925826,0.0001862637077667372
2020-03-26 18:10:00,3314.8650893358904,0.0001886025704855444
2020-03-26 18:11:00,3315.2570676637283,0.00019701892713979655
2020-03-26 18:12:00,3315.4472440895406,0.00020617262947587343
2020-03-26 18:13:00,3316.6149641547363,0.0002061685268243998
2020-03-26 18:14:00,3316.3030144267473,0.00022326505721629466
2020-03-26 18:15:00,3315.098415117883,0.0002284625357738435
2020-03-26 18:16:00,3315.1881310861727,0.00021411648673268382
2020-03-26 18:17:00,3314.269485912991,0.00020057528517545975
2020-03-26 18:18:00,3314.18322449575,0.00020069311706371573
2020-03-26 18:19:00,3315.1698143587982,0.0001953033769382918
2020-03-26 18:20:00,3315.557294408087,0.00019263581189457994
2020-03-26 18:21:00,3314.8621129366634,0.0001883243463322401
2020-03-26 18:22:00,3315.3607834918466,0.0001976788280653213
2020-03-26 18:23:00,3315.4060437594067,0.00019973412856019178
2020-03-26 18:24:00,3315.4858884710784,0.00018914305380448372
2020-03-26 18:25:00,3316.0902634523954,0.00018759144806109734
2020-03-26 18:26:00,3317.6036143405204,0.0001790199675071182
2020-03-26 18:27:00,3318.1984603121286,0.00017605814263389394
2020-03-26 18:28:00,3318.505773902147,0.00017597372182816915
2020-03-26 18:29:00,3317.377994148885,0.00018147711135012965
2020-03-26 18:30:00,3317.5033308777743,0.0001652118440600967
2020-03-26 18:31:00,3316.4279799508176,0.0001489866705758238
2020-03-26 18:32:00,3317.0713851844903,0.00015396064106846537
2020-03-26 18:33:00,3316.7257657006144,0.00014962744740939956
2020-03-26 18:34:00,3316.5819982136536,0.00016287847355109713
2020-03-26 18:35:00,3316.118159204328,0.00015696558220730427
2020-03-26 18:36:00,3315.8659343293994,0.0001631111256102573
2020-03-26 18:37:00,3315.99037421695,0.00014391281920274996
2020-03-26 18:38:00,3316.3200272860545,0.0001454431036434121
2020-03-26 18:39:00,3315.5246007462733,0.0001536708808581385
2020-03-26 18:40:00,3315.048409953377,0.00014136914067636449
2020-03-26 18:41:00,3315.3121913816644,0.0001537601905711394
2020-03-26 18:42:00,3315.3870705214267,0.00015075573147616832
2020-03-26 18:43:00,3315.254550336512,0.00014856559069108518
2020-03-26 18:44:00,3315.307679338207,0.00014414107741169327
2020-03-26 18:45:00,3316.2141086188904,0.00014317459382034252
2020-03-26 18:46:00,3316.2776501041753,0.0001388066400886906
2020-03-26 18:47:00,3315.4682182485412,0.00013995663504373786
2020-03-26 18:48:00,3315.004362832078,0.00014930483351767565
2020-03-26 18:49:00,3315.357598391244,0.0001429663376031523
2020-03-26 18:50:00,3315.351490751299,0.00014115185898870447
2020-03-26 18:51:00,3315.7239454959267,0.0001372648899760239
2020-03-26 18:52:00,3315.4354128667387,0.00014075335428927885
2020-03-26 18:53:00,3315.0133239574407,0.0001434804305246738
2020-03-26 18:54:00,3314.7817889945154,0.00015001049501213275
2020-03-26 18:55:00,3314.796754897114,0.00015068618397616893
2020-03-26 18:56:00,3314.440300204749,0.000152917324598564
2020-03-26 18:57:00,3313.6476291225786,0.00015525413901553223
2020-03-26 18:58:00,3314.174146637787,0.0001620800671125064
2020-03-26 18:59:00,3315.0658524282935,0.00017128860654087573
2020-03-26 19:00:00,3315.4290705240724,0.00015435809314582433
2020-03-26 19:01:00,3314.498448213436,0.0001494759384113605
2020-03-26 19:02:00,3314.3330746054958,0.00015211700650489488
2020-03-26 19:03:00,3314.459903999141,0.00014999093347621483
2020-03-26 19:04:00,3313.789924005601,0.0001499170026267112
2020-03-26 19:05:00,3313.449534928943,0.00015828715844848064
2020-03-26 19:06:00,3313.5880203203646,0.0001539017976359762
2020-03-26 19:07:00,3314.0860048257223,0.00014790634014970905
2020-03-26 19:08:00,3313.9761402427957,0.0001536319917174412
2020-03-26 19:09:00,3314.5438439922177,0.0001495609252249306
2020-03-26 19:10:00,3314.6898141960373,0.00015368368050582644
2020-03-26 19:11:00,3314.7528193608364,0.00015471612230812134
2020-03-26 19:12:00,3314.821039724156,0.00015248091493488394
2020-03-26 19:13:00,3314.858781115856,0.0001582973747907295
2020-03-26 19:14:00,3314.3609189392023,0.00015065998592166108
2020-03-26 19:15:00,3313.745866498812,0.0001494658790154735
2020-03-26 19:16:00,3313.657921261982,0.0001626760804788353
2020-03-26 19:17:00,3313.4768830466464,0.0001541744440196686
2020-03-26 19:18:00,3313.25256898931,0.00015907842860060187
2020-03-26 19:19:00,3313.7051738900664,0.0001491389230859809
2020-03-26 19:20:00,3313.6593274615357,0.00014712783863813893
2020-03-26 19:21:00,3313.62201387633,0.00014602832199428552
2020-03-26 19:22:00,3313.5269437749844,0.00015128796138131655
2020-03-26 19:23:00,3313.289656515909,0.00014211825375609803
2020-03-26 19:24:00,3313.074741768115,0.00014148928610467775
2020-03-26 19:25:00,3313.132346499354,0.00015353477470119172
2020-03-26 19:26:00,3312.1266279268834,0.00015072033079245234
2020-03-26 19:27:00,3311.6174686035483,0.00015734331962774235
2020-03-26 19:28:00,3311.6425788976094,0.00015180178540274045
2020-03-26 19:29:00,3311.3586138596784,0.00014663735710404268
2020-03-26 19:30:00,3311.6710154863626,0.0001615533781247916
2020-03-26 19:31:00,3311.6633359207817,0.00015976760089829375
2020-03-26 19:32:00,3311.9973489258446,0.00016048955007781963
2020-03-26 19:33:00,3312.3598089118104,0.00016899326252796328
2020-03-26 19:34:00,3312.814890823498,0.00017148752837338948
2020-03-26 19:35:00,3313.720178290961,0.00015941939187271182
2020-03-26 19:36:00,3314.293429277223,0.00015189181061126816
2020-03-26 19:37:00,3313.8664201765887,0.0001659285622628658
2020-03-26 19:38:00,3314.2686325852605,0.0001685599638585613
2020-03-26 19:39:00,3314.7311672257565,0.00018903600223994378
2020-03-26 19:40:00,3314.5157920884026,0.00018366251769709268
2020-03-26 19:41:00,3313.921703549736,0.00019305082836085596
2020-03-26 19:42:00,3313.478350663804,0.0001827039293325878
2020-03-26 19:43:00,3313.9565367602554,0.00017299563271957392
2020-03-26 19:44:00,3314.9624126373674,0.000185216788808843
2020-03-26 19:45:00,3315.5279221069754,0.0001874966379526471
2020-03-26 19:46:00,3315.745220847055,0.0001925347644842762
2020-03-26 19:47:00,3314.9726954834823,0.00018744017806522135
2020-03-26 19:48:00,3314.971029690781,0.00019763478945703487
2020-03-26 19:49:00,3314.3387728595426,0.00019836358250254583
2020-03-26 19:50:00,3315.200436771446,0.00020821946766514467
2020-03-26 19:51:00,3315.726202422276,0.00021339631131141686
2020-03-26 19:52:00,3315.8863903874785,0.00020679672909371601
2020-03-26 19:53:00,3316.852595518802,0.0002187716673197982
2020-03-26 19:54:00,3317.475773076374,0.0002187917786462753
2020-03-26 19:55:00,3316.945341069932,0.00020595286569320874
2020-03-26 19:56:00,3318.1144052935197,0.0002180085851599787
2020-03-26 19:57:00,3319.155470589263,0.00021516430172765705
2020-03-26 19:58:00,3318.85634387294,0.000221212188455755
2020-03-26 19:59:00,3318.902420306284,0.00023447032994342335
2020-03-27 13:30:00,3379.0555329632107,0.0002185874461095527
2020-03-27 13:31:00,3379.250872262859,0.00022171197532086634
2020-03-27 13:32:00,3380.0613735922357,0.00022197935471870208
2020-03-27 13:33:00,3380.1033412827096,0.00024111941337599558
2020-03-27 13:34:00,3379.1534491130337,0.0002454384634824921
2020-03-27 13:35:00,3379.979765542292,0.00023862807154350816
2020-03-27 13:36:00,3379.214467629539,0.00023318593506339646
2020-03-27 13:37:00,3379.112177368365,0.00023446500340418522
2020-03-27 13:38:00,3378.588637568506,0.00023582107141824373
2020-03-27 13:39:00,3377.9813321265738,0.00023535622447675453
2020-03-27 13:40:00,3378.3996738106,0.00023245055222919598
2020-03-27 13:41:00,3378.578478890443,0.00024360135259157746
2020-03-27 13:42:00,3377.432997719792,0.0002606482590189053
2020-03-27 13:43:00,3376.0426313847934,0.0002686914358938429
2020-03-27 13:44:00,3374.759398714185,0.0002551202274929916
2020-03-27 13:45:00,3375.219070639011,0.00027476177028490796
2020-03-27 13:46:00,3374.819362326956,0.00026677739824609934
2020-03-27 13:47:00,3374.0811870963985,0.0002585331228829888
2020-03-27 13:48:00,3374.7061405070767,0.0002510134814284304
2020-03-27 13:49:00,3375.7271959607715,0.0002438299960065038
2020-03-27 13:50:00,3376.2264741332524,0.00022733143683030253
2020-03-27 13:51:00,3374.9482317977663,0.00024346308905799231
2020-03-27 13:52:00,3375.2529841648893,0.00023043426549460206
2020-03-27 13:53:00,3375.977932621103,0.0002246895795348533
2020-03-27 13:54:00,3376.7164602999856,0.00023394771539113305
2020-03-27 13:55:00,3378.4659638272406,0.0002551855953703786
2020-03-27 13:56:00,3379.7681061126696,0.00026675302208626386
2020-03-27 13:57:00,3380.2775528400743,0.0002622830355382049
2020-03-27 13:58:00,3380.1718030822444,0.0002520893884558038
2020-03-27 13:59:00,3379.718171128112,0.00025433878607662903
2020-03-27 14:00:00,3379.372555599846,0.00023439225110371932
2020-03-27 14:01:00,3380.271921309486,0.00024445403696455627
2020-03-27 14:02:00,3378.8859057471996,0.00024125671061098523
2020-03-27 14:03:00,3377.9101389108273,0.0002589440577597291
2020-03-27 14:04:00,3376.6986759847046,0.00027084581260074356
2020-03-27 14:05:00,3377.7369473467634,0.00028103006426342047
2020-03-27 14:06:00,3377.1611141535604,0.00030212921845414783
2020-03-27 14:07:00,3378.6924306253763,0.00028565911806135644
2020-03-27 14:08:00,3376.9531045036542,0.0002724007237705312
2020-03-27 14:09:00,3376.8844882773083,0.0002860864721681037
2020-03-27 14:10:00,3376.915841877075,0.00028088547291957495
2020-03-27 14:11:00,3376.630048763883,0.0002827115032755313
2020-03-27 14:12:00,3375.774809180245,0.00028205418519986646
2020-03-27 14:13:00,3376.101937272467,0.00030387362777938335
2020-03-27 14:14:00,3376.555947914384,0.00030019414255741714
2020-03-27 14:15:00,3377.141229877551,0.0003032780010285986
2020-03-27 14:16:00,3377.2850526007373,0.0003132180143472833
2020-03-27 14:17:00,3377.2125920095227,0.0002942889958576449
2020-03-27 14:18:00,3377.3487819878605,0.00028729870458683854
2020-03-27 14:19:00,3378.1795139862297,0.0002985771767930684
2020-03-27 14:20:00,3376.5410579249324,0.0003140626442259564
2020-03-27 14:21:00,3377.170772881677,0.00030709173098151854
2020-03-27 14:22:00,3376.2407855694196,0.00029100046500402256
2020-03-27 14:23:00,3376.2310499128425,0.0002935687382036216
2020-03-27 14:24:00,3378.3743340915826,0.00030102314419974213
2020-03-27 14:25:00,3377.3771916409364,0.0003063433439122877
2020-03-27 14:26:00,3377.933561336354,0.0003045114683461371
2020-03-27 14:27:00,3377.0419801602116,0.00030794380640751474
2020-03-27 14:28:00,3378.109846015294,0.0002842548091661125
2020-03-27 14:29:00,3378.28090078344,0.00028824162004273385
2020-03-27 14:30:00,3378.749317844498,0.000274274814970427
2020-03-27 14:31:00,3377.459468797712,0.0002790043211995507
2020-03-27 14:32:00,3376.8659692585165,0.0002740835919544619
2020-03-27 14:33:00,3377.3377637005838,0.0002731940749760536
2020-03-27 14:34:00,3376.059961456084,0.0002813897384237768
2020-03-27 14:35:00,3374.9681914988496,0.00028649347855412165
2020-03-27 14:36:00,3373.858779379568,0.00030097516856067023
2020-03-27 14:37:00,3372.456397752997,0.00031402084261163127
2020-03-27 14:38:00,3373.675630853396,0.0003006096529762791
2020-03-27 14:39:00,3372.7202165162275,0.00032617928950057483
2020-03-27 14:40:00,3372.7397726192394,0.0003346711112214269
2020-03-27 14:41:00,3371.1692692562533,0.0003317274861772239
2020-03-27 14:42:00,3371.6892545837286,0.0003516319400729495
2020-03-27 14:43:00,3371.0372134841855,0.0003521772801185335
2020-03-27 14:44:00,3372.325508565188,0.0003527756447779158
2020-03-27 14:45:00,3373.515023700209,0.0003419720595279122
2020-03-27 14:46:00,3374.2637939427973,0.0003491467507142726
2020-03-27 14:47:00,3374.8342751330083,0.0003279487054806945
2020-03-27 14:48:00,3374.0643870249514,0.000327085157613523
2020-03-27 14:49:00,3373.174159211341,0.00031151279737628675
2020-03-27 14:50:00,3371.9292542637822,0.00030588556407060006
2020-03-27 14:51:00,3369.9355856945413,0.00028797112036879196
2020-03-27 14:52:00,3369.956670671246,0.000297990114691083
2020-03-27 14:53:00,3370.2194039333367,0.0003085315188159722
2020-03-27 14:54:00,3369.901021364698,0.000308908514873261
2020-03-27 14:55:00,3370.0065416175826,0.0003153595836968813
2020-03-27 14:56:00,3369.6765202371816,0.00033086902802267643
2020-03-27 14:57:00,3368.784019812009,0.0003473136896026605
2020-03-27 14:58:00,3370.043416272237,0.00035131484012198823
2020-03-27 14:59:00,3369.8263755888097,0.00034495344127624016
2020-03-27 15:00:00,3369.948436378049,0.0003361933589611062
2020-03-27 15:01:00,3369.870138184775,0.00032626987437316905
2020-03-27 15:02:00,3368.3921351930867,0.00032363484101567583
2020-03-27 15:03:00,3368.757793106692,0.00031531440799487657
2020-03-27 15:04:00,3369.3426631513316,0.0002878459012570716
2020-03-27 15:05:00,3368.621512350004,0.0002810944683976442
2020-03-27 15:06:00,3370.5129921752996,0.000265221513056034
2020-03-27 15:07:00,3370.6314681545564,0.0002640469164598971
2020-03-27 15:08:00,3371.4983656549584,0.00025596159501221455
2020-03-27 15:09:00,3371.3802566682853,0.000259315318044858
2020-03-27 15:10:00,3371.1144977024787,0.0002476145780979868
2020-03-27 15:11:00,3371.736493747385,0.0002544241916331789
2020-03-27 15:12:00,3370.5269071450502,0.00023977391318894897
2020-03-27 15:13:00,3370.937011201134,0.0002484988226774329
2020-03-27 15:14:00,3371.2758583861,0.0002490726695353219
2020-03-27 15:15:00,3371.241864959292,0.00025563038586402467
2020-03-27 15:16:00,3372.2266108045096,0.0002532843176633326
2020-03-27 15:17:00,3372.479139830373,0.00025497795527032745
2020-03-27 15:18:00,3372.530927629817,0.0002556956628779335
2020-03-27 15:19:00,3372.7772881637225,0.0002449967386842437
2020-03-27 15:20:00,3372.9523318495576,0.0002469893666565653
2020-03-27 15:21:00,3372.4675490041964,0.00023256732717849026
2020-03-27 15:22:00,3372.0773165439355,0.0002283253623454299
2020-03-27 15:23:00,3371.064094472247,0.00022850063164575905
2020-03-27 15:24:00,3370.7271277042555,0.0002289685127567553
2020-03-27 15:25:00,3370.29936701521,0.00023881878811344437
2020-03-27 15:26:00,3370.8096492108643,0.00023870376272765742
2020-03-27 15:27:00,3370.8489992219365,0.00023683659566640203
2020-03-27 15:28:00,3372.3156875722993,0.0002511411432965931
2020-03-27 15:29:00,3372.5355430684276,0.0002537011979953082
2020-03-27 15:30:00,3371.8785807368427,0.00023831231506865638
2020-03-27 15:31:00,3370.9882723023557,0.0002198127619736839
2020-03-27 15:32:00,3371.4091299219804,0.00021362960608540922
2020-03-27 15:33:00,3369.922890298473,0.00020081081902538896
2020-03-27 15:34:00,3369.4088347856236,0.00018926958505780152
2020-03-27 15:35:00,3369.8477606039933,0.00020226818766119889
2020-03-27 15:36:00,3369.553720561717,0.00021056796170037593
2020-03-27 15:37:00,3369.0628358628437,0.00021431108475892608
2020-03-27 15:38:00,3367.8843660781076,0.00022838100894867909
2020-03-27 15:39:00,3368.118456985291,0.00023412221061093914
2020-03-27 15:40:00,3368.362934943389,0.00023686717137638117
2020-03-27 15:41:00,3368.8572604025735,0.00023151067985504505
2020-03-27 15:42:00,3368.4437410032574,0.0002254653802104629
2020-03-27 15:43:00,3369.0416282663623,0.00023054754414580716
2020-03-27 15:44:00,3367.9413105905887,0.00022091047428071884
2020-03-27 15:45:00,3367.1272509564715,0.0002205727127467024
2020-03-27 15:46:00,3366.7578354429756,0.00023742239217694616
2020-03-27 15:47:00,3366.6410507925298,0.00023920118724110018
2020-03-27 15:48:00,3367.0226714683763,0.00022611126781928726
2020-03-27 15:49:00,3367.2847594781297,0.00023320609061842245
2020-03-27 15:50:00,3368.365977795154,0.00023363028315995045
2020-03-27 15:51:00,3368.138298355084,0.00023494899545597084
2020-03-27 15:52:00,3368.074233684428,0.00023308614868709657
2020-03-27 15:53:00,3368.701528759625,0.0002314779876843472
2020-03-27 15:54:00,3368.1720830186277,0.000233675697508482
2020-03-27 15:55:00,3368.6392836905293,0.00022556860858476978
2020-03-27 15:56:00,3369.427717010975,0.00020991529869213778
2020-03-27 15:57:00,3369.34323003372,0.0002076318812629203
2020-03-27 15:58:00,3369.01722275431,0.00020680694623335786
2020-03-27 15:59:00,3369.3092245781177,0.0002110103331778023
2020-03-27 16:00:00,3368.9389181412494,0.0002051145313383091
2020-03-27 16:01:00,3370.4253214414366,0.0002094800620002391
2020-03-27 16:02:00,3370.2649880562303,0.00020785155075900914
2020-03-27 16:03:00,3370.3019768518116,0.00020136522848403368
2020-03-27 16:04:00,3369.9687781611833,0.00019625002080116678
2020-03-27 16:05:00,3370.774333801708,0.00020545909090761841
2020-03-27 16:06:00,3370.9858180735646,0.00019081371196726446
2020-03-27 16:07:00,3370.379218556717,0.00019385075365719684
2020-03-27 16:08:00,3369.175097600694,0.00020417906265048208
2020-03-27 16:09:00,3368.2473733320494,0.00018879914243550452
2020-03-27 16:10:00,3366.585188397365,0.0001854805693357045
2020-03-27 16:11:00,3367.307251485028,0.00018564602600594217
2020-03-27 16:12:00,3367.534356142317,0.00018879093832412954
2020-03-27 16:13:00,3367.3117757544983,0.00017891004742234966
2020-03-27 16:14:00,3366.5772029716954,0.0001727669624688869
2020-03-27 16:15:00,3366.5769209916866,0.00016476145298950542
2020-03-27 16:16:00,3366.653649975066,0.00016219854831691347
2020-03-27 16:17:00,3366.5532976833356,0.0001568259510562622
2020-03-27 16:18:00,3366.857568415826,0.00017066606492149587
2020-03-27 16:19:00,3367.021223218633,0.0001864640059940602
2020-03-27 16:20:00,3366.885941628112,0.00018499282806415236
2020-03-27 16:21:00,3367.2307007469362,0.00019955375958384297
2020-03-27 16:22:00,3367.777999856747,0.00018994290604345713
2020-03-27 16:23:00,3367.320280508461,0.00020230218990068078
2020-03-27 16:24:00,3367.5508487131337,0.0002118666551923948
2020-03-27 16:25:00,3367.4981187295502,0.00020076242171172918
2020-03-27 16:26:00,3367.338978617431,0.0002048071222934551
2020-03-27 16:27:00,3367.3010051923447,0.0001974910493609705
2020-03-27 16:28:00,3367.6592126176174,0.00019707787638720828
2020-03-27 16:29:00,3366.337124208202,0.00017643173920165153
2020-03-27 16:30:00,3366.287977920848,0.00018594728406202702
2020-03-27 16:31:00,3366.1625257582123,0.00018979671104623572
2020-03-27 16:32:00,3365.7872811522234,0.00019393815727279838
2020-03-27 16:33:00,3366.4085621605705,0.00018267395349522755
2020-03-27 16:34:00,3366.144619339735,0.00016897637155336687
2020-03-27 16:35:00,3366.2120029492153,0.00017589982146461796
2020-03-27 16:36:00,3366.1095765790606,0.00018271614122108488
2020-03-27 16:37:00,3366.9743214836194,0.0001993653530288869
2020-03-27 16:38:00,3366.650486380847,0.00020246954203422272
2020-03-27 16:39:00,3366.3880362878776,0.00019762140642020333
2020-03-27 16:40:00,3366.4216083301935,0.00020245025239446385
2020-03-27 16:41:00,3365.529739694236,0.00021892125662148853
2020-03-27 16:42:00,3364.886360505551,0.00022093540411477025
2020-03-27 16:43:00,3363.5875408181296,0.00022685585073964763
2020-03-27 16:44:00,3364.26246573156,0.00022311796780965986
2020-03-27 16:45:00,3365.1745484531934,0.00023420970791870294
2020-03-27 16:46:00,3364.6799572346126,0.00025374162266979895
2020-03-27 16:47:00,3362.1279994147744,0.00026599550489410194
2020-03-27 16:48:00,3361.0361838137546,0.00025595414410986913
2020-03-27 16:49:00,3359.439703722013,0.0002661078352923208
2020-03-27 16:50:00,3361.1359369507263,0.0002759260134156299
2020-03-27 16:51:00,3361.6456729519987,0.00028085881728477364
2020-03-27 16:52:00,3360.7987820385524,0.0002723480414273428
2020-03-27 16:53:00,3361.200396660441,0.00029242987319452626
2020-03-27 16:54:00,3361.8492796531386,0.0002945211852200304
2020-03-27 16:55:00,3361.9343793850576,0.00028085773110972975
2020-03-27 16:56:00,3362.650948693883,0.0002730151910595782
2020-03-27 16:57:00,3361.883979042407,0.00026149459356264324
2020-03-27 16:58:00,3361.7253676589166,0.00024415861331546923
2020-03-27 16:59:00,3361.1576100517946,0.00024283984876191178
2020-03-27 17:00:00,3359.885963001852,0.0002471225161443257
2020-03-27 17:01:00,3358.71134467259,0.00027095319419027605
2020-03-27 17:02:00,3359.0779007380347,0.00027338360740567804
2020-03-27 17:03:00,3360.6420439469193,0.0002850832220106499
2020-03-27 17:04:00,3360.4377146073184,0.0002685065063976284
2020-03-27 17:05:00,3360.871186744318,0.00028482765226082584
2020-03-27 17:06:00,3361.0053344248718,0.0002851678715504419
2020-03-27 17:07:00,3360.930955934647,0.00027045208294665607
2020-03-27 17:08:00,3360.548215088015,0.0002746618531537151
2020-03-27 17:09:00,3359.43921955208,0.0002612661513014329
2020-03-27 17:10:00,3358.5930781558113,0.00026027772174102887
2020-03-27 17:11:00,3358.2403970061323,0.0002615180511988934
2020-03-27 17:12:00,3356.999100452924,0.00025786230551889575
2020-03-27 17:13:00,3357.0439289556675,0.0002680506130086085
2020-03-27 17:14:00,3356.7723223804664,0.0002778369207808258
2020-03-27 17:15:00,3358.0078662480114,0.00028842080793157294
2020-03-27 17:16:00,3359.143318204567,0.0002980820644088073
2020-03-27 17:17:00,3357.4154338216867,0.0002728078904518208
2020-03-27 17:18:00,3357.389455200022,0.0002674726846434761
2020-03-27 17:19:00,3357.15807533603,0.0002573721089749186
2020-03-27 17:20:00,3355.2817432355214,0.0002632814762746349
2020-03-27 17:21:00,3354.947170701174,0.00026678855293008156
2020-03-27 17:22:00,3353.2337668624546,0.0002824179891326654
2020-03-27 17:23:00,3352.743634170805,0.0002882600899856718
2020-03-27 17:24:00,3352.4345036800596,0.00027991678348438014
2020-03-27 17:25:00,3351.772100318122,0.00028331869202063607
2020-03-27 17:26:00,3351.227710240556,0.00028561903428478804
2020-03-27 17:27:00,3351.6101775045604,0.00032020543519465587
2020-03-27 17:28:00,3351.9202541575883,0.0003442293850504908
2020-03-27 17:29:00,3352.5368019901325,0.0003356460598088384
2020-03-27 17:30:00,3352.0106691095198,0.00038967247678711053
2020-03-27 17:31:00,3353.349667730798,0.0003799695979178261
2020-03-27 17:32:00,3354.707807156058,0.00038049039106630974
2020-03-27 17:33:00,3358.0266303479243,0.00037858853363814134
2020-03-27 17:34:00,3360.4340550643765,0.0003983217228139621
2020-03-27 17:35:00,3358.9825384708215,0.00040171839459586886
2020-03-27 17:36:00,3357.7125394350924,0.00040443566221491384
2020-03-27 17:37:00,3357.5413633965845,0.0004185835748488844
2020-03-27 17:38:00,3356.1167472169013,0.0004265886645808527
2020-03-27 17:39:00,3354.545351364516,0.0004361054355509379
2020-03-27 17:40:00,3354.060026446318,0.00043753241606292334
2020-03-27 17:41:00,3353.900707897421,0.00045688632205264116
2020-03-27 17:42:00,3353.730791237521,0.0004843859834631522
2020-03-27 17:43:00,3354.0434372337922,0.0004948131854783941
2020-03-27 17:44:00,3354.003328164069,0.00048122799915357653
2020-03-27 17:45:00,3354.934157583729,0.00044532849501444533
2020-03-27 17:46:00,3356.940398494992,0.00047513646514222365
2020-03-27 17:47:00,3356.526387169628,0.0004348712013100016
2020-03-27 17:48:00,3356.0466096740097,0.0004509283901153252
2020-03-27 17:49:00,3354.666320241386,0.0004354289224222402
2020-03-27 17:50:00,3354.406375122374,0.0004595403387748905
2020-03-27 17:51:00,3354.2917610979734,0.0004688134568765491
2020-03-27 17:52:00,3353.627917181817,0.000502289805473381
2020-03-27 17:53:00,3353.0767412258124,0.0004897196105128847
2020-03-27 17:54:00,3352.4234785648555,0.0004334249488706932
2020-03-27 17:55:00,3351.4481002681796,0.0004234017986609131
2020-03-27 17:56:00,3352.7095687675014,0.00046398309916248975
2020-03-27 17:57:00,3349.8417377446694,0.00044846844932139323
2020-03-27 17:58:00,3350.761859552686,0.00045649509908520967
2020-03-27 17:59:00,3349.1348161197548,0.0004687810558076809
2020-03-27 18:00:00,3348.9317359271668,0.00047214994114228476
2020-03-27 18:01:00,3348.0466249121987,0.0004564643834696854
2020-03-27 18:02:00,3345.3036245765643,0.0004670637050156964
2020-03-27 18:03:00,3345.626823333547,0.0004583697813085352
2020-03-27 18:04:00,3344.791781766017,0.00043874893069479904
2020-03-27 18:05:00,3344.325866892584,0.0004623892659431153
2020-03-27 18:06:00,3344.6049727933987,0.0004785015406121711
2020-03-27 18:07:00,3345.161074429294,0.0004678627945727426
2020-03-27 18:08:00,3345.184484162751,0.0003978974126030915
2020-03-27 18:09:00,3344.132225707618,0.00039208539264611053
2020-03-27 18:10:00,3344.597928057337,0.0003948145006404798
2020-03-27 18:11:00,3343.8973148712575,0.00041509194271232837
2020-03-27 18:12:00,3344.2995970656452,0.00038193541610326124
2020-03-27 18:13:00,3343.7137734744806,0.0003746929320699079
2020-03-27 18:14:00,3342.778747950732,0.00036467063753685576
2020-03-27 18:15:00,3342.553610811256,0.00036222853477815544
2020-03-27 18:16:00,3343.4221536950063,0.00034298865862805993
2020-03-27 18:17:00,3345.23094279847,0.00035335403246497874
2020-03-27 18:18:00,3346.458921281878,0.0003632032882521802
2020-03-27 18:19:00,3345.6416376206344,0.00034736871035993957
2020-03-27 18:20:00,3345.493318722163,0.0003396302763165133
2020-03-27 18:21:00,3344.8612383558475,0.0003282041664954927
2020-03-27 18:22:00,3344.458172976391,0.00034564276585846053
2020-03-27 18:23:00,3343.834121981476,0.0003411562130032829
2020-03-27 18:24:00,3343.809069327729,0.00034081996568885263
2020-03-27 18:25:00,3344.343218738536,0.00034547968495878434
2020-03-27 18:26:00,3343.9221563924916,0.00036284798198693867
2020-03-27 18:27:00,3345.4338176325946,0.0003650031986981626
2020-03-27 18:28:00,3345.816515545,0.0003480594586748697
2020-03-27 18:29:00,3346.0201483615133,0.0003347916709887111
2020-03-27 18:30:00,3345.7701347067605,0.0003353289344973383
2020-03-27 18:31:00,3345.407646839109,0.0003413457279148259
2020-03-27 18:32:00,3343.3268375459625,0.0003677308499170812
2020-03-27 18:33:00,3343.402836211536,0.00035581126369990093
2020-03-27 18:34:00,3342.2967303574055,0.00033997027664855236
2020-03-27 18:35:00,3343.7436797559417,0.0003308439870897808
2020-03-27 18:36:00,3343.481998243043,0.00031853417827391146
2020-03-27 18:37:00,3344.539446452729,0.00031590747423273987
2020-03-27 18:38:00,3342.926334852172,0.00028667459727599873
2020-03-27 18:39:00,3342.543947577331,0.0002729175903889853
2020-03-27 18:40:00,3342.4043279215352,0.00027236046617994575
2020-03-27 18:41:00,3341.505116229373,0.0002759797198376945
2020-03-27 18:42:00,3341.743035588919,0.00026318204640356387
2020-03-27 18:43:00,3339.9810130220035,0.0002923950418439889
2020-03-27 18:44:00,3338.558307995203,0.00028950484606712017
2020-03-27 18:45:00,3337.909547076179,0.0002870946458592029
2020-03-27 18:46:00,3337.354149675072,0.0003036276011226257
2020-03-27 18:47:00,3335.328940010644,0.0003198911320776108
2020-03-27 18:48:00,3337.485471261477,0.0003282529881611978
2020-03-27 18:49:00,3337.201928567193,0.0002888182352246847
2020-03-27 18:50:00,3338.2600612043775,0.00027204218783083694
2020-03-27 18:51:00,3337.412116730779,0.0002751706688691119
2020-03-27 18:52:00,3336.844152252713,0.00027487546899318375
2020-03-27 18:53:00,3337.2815659169514,0.0002523244898859387
2020-03-27 18:54:00,3336.8751739267764,0.0002238646698704795
2020-03-27 18:55:00,3336.194453009908,0.0002476782465905349
2020-03-27 18:56:00,3336.723673161193,0.0002534289196078077
2020-03-27 18:57:00,3335.9125099322514,0.0002480001077879122
2020-03-27 18:58:00,3335.2765023480947,0.00025550242695362746
2020-03-27 18:59:00,3333.8568853485804,0.00024029431909064242
2020-03-27 19:00:00,3333.85341392248,0.00024167702704778153
2020-03-27 19:01:00,3334.409750054277,0.00023788870991294783
2020-03-27 19:02:00,3334.268709017005,0.00022668025765342582
2020-03-27 19:03:00,3335.1398842073977,0.0002319725512032587
2020-03-27 19:04:00,3335.1598175075533,0.00021841244914591411
2020-03-27 19:05:00,3334.7310609510746,0.0002158803427783531
2020-03-27 19:06:00,3334.2876384855354,0.00022429136155896685
2020-03-27 19:07:00,3334.9341441514184,0.00023075419532479896
2020-03-27 19:08:00,3334.168191423722,0.00024352505062845021
2020-03-27 19:09:00,3333.4772854848866,0.00023540059981930707
2020-03-27 19:10:00,3333.493301750095,0.0002279778912606576
2020-03-27 19:11:00,3333.510793368557,0.00022872385212324343
2020-03-27 19:12:00,3334.42416221246,0.0002272431919569529
2020-03-27 19:13:00,3333.0050086515494,0.00021893228085019452
2020-03-27 19:14:00,3332.181573556539,0.0002216158579588339
2020-03-27 19:15:00,3333.1241687846123,0.00020453045257016957
2020-03-27 19:16:00,3333.9529400685656,0.0001982135691345403
2020-03-27 19:17:00,3334.912733414869,0.00021353665566514412
2020-03-27 19:18:00,3335.7975297268567,0.00021127762759245
2020-03-27 19:19:00,3336.1053938346267,0.00019707809775281387
2020-03-27 19:20:00,3336.9010667954753,0.00019330463792267653
2020-03-27 19:21:00,3337.328579546838,0.00018593852929014068
2020-03-27 19:22:00,3336.805514471141,0.00018951371291529016
2020-03-27 19:23:00,3336.870106934344,0.00018571470870349085
2020-03-27 19:24:00,3337.4743717281367,0.00017418742600202366
2020-03-27 19:25:00,3336.02913943116,0.00018247249193406066
2020-03-27 19:26:00,3335.8798709239627,0.0001770054594110551
2020-03-27 19:27:00,3335.369124012958,0.0001679411215525541
2020-03-27 19:28:00,3334.5625060834523,0.00017125579730021054
2020-03-27 19:29:00,3334.202127584218,0.00016233431201871025
2020-03-27 19:30:00,3333.5328541759363,0.000174256411091607
2020-03-27 19:31:00,3332.7247742660793,0.00017369106667199406
2020-03-27 19:32:00,3332.8994607046075,0.00016891299379345423
2020-03-27 19:33:00,3332.8173132413167,0.00016321216923607934
2020-03-27 19:34:00,3332.692614013351,0.00016695698168805773
2020-03-27 19:35:00,3332.3724997408226,0.0001572245972017701
2020-03-27 19:36:00,3331.105553045213,0.00015569478513336216
2020-03-27 19:37:00,3330.7027096047455,0.00015978968644037942
2020-03-27 19:38:00,3330.406567282123,0.00015502855142883476
2020-03-27 19:39:00,3330.90398741166,0.00014407826323831562
2020-03-27 19:40:00,3330.538260543215,0.0001424965114773668
2020-03-27 19:41:00,3330.59869766043,0.00014728561421192647
2020-03-27 19:42:00,3330.2220805647016,0.00015270571668114083
2020-03-27 19:43:00,3329.8541912164965,0.00014813247951387615
2020-03-27 19:44:00,3329.475913197067,0.0001553514276439579
2020-03-27 19:45:00,3329.4501724123556,0.00014783799970012867
2020-03-27 19:46:00,3329.8124650832324,0.00015171198376845622
2020-03-27 19:47:00,3330.0784836379494,0.00015266788880819267
2020-03-27 19:48:00,3329.916922469885,0.00014904470825788556
2020-03-27 19:49:00,3330.0387114222817,0.00015413681012887463
2020-03-27 19:50:00,3330.3432710232164,0.00014946622689537462
2020-03-27 19:51:00,3330.329702950816,0.00014076727684792125
2020-03-27 19:52:00,3330.378925321602,0.00014457907613486538
2020-03-27 19:53:00,3330.0871596469146,0.00014813306827965005
2020-03-27 19:54:00,3330.158866460531,0.00015009772464692455
2020-03-27 19:55:00,3330.645307758007,0.0001584838088330843
2020-03-27 19:56:00,3329.5650428981307,0.0001606561876570166
2020-03-27 19:57:00,3329.674862176488,0.00015465599575260493
2020-03-27 19:58:00,3329.5351753377895,0.0001622656068771747
2020-03-27 19:59:00,3329.7772335966242,0.00015025154839819449
2020-03-30 13:30:00,3346.882985899019,0.00014540261992990742
2020-03-30 13:31:00,3346.4659558577605,0.0001440240896206218
2020-03-30 13:32:00,3347.0011356952264,0.000139732858217552
2020-03-30 13:33:00,3347.5044265596894,0.0001457719819619788
2020-03-30 13:34:00,3347.5759505213837,0.00014593309698382866
2020-03-30 13:35:00,3347.7320442538094,0.00014355000328117754
2020-03-30 13:36:00,3347.94785169039,0.00013976517235237055
2020-03-30 13:37:00,3347.8244763690686,0.00013771878566429396
2020-03-30 13:38:00,3347.1209764097416,0.00014397981478032085
2020-03-30 13:39:00,3347.4494510974005,0.00013243024579414833
2020-03-30 13:40:00,3346.9652288092707,0.00012050772128182309
2020-03-30 13:41:00,3347.112878293949,0.00012799195226082622
2020-03-30 13:42:00,3346.9743307967997,0.0001334396131122958
2020-03-30 13:43:00,3347.8684544687458,0.0001340746837553531
2020-03-30 13:44:00,3348.311319981301,0.0001448124326359521
2020-03-30 13:45:00,3349.0231191052044,0.00014903777141823626
2020-03-30 13:46:00,3349.142432943215,0.00014671296245404174
2020-03-30 13:47:00,3348.6579074328015,0.00013822372056065724
2020-03-30 13:48:00,3348.1668636167983,0.0001492873988673877
2020-03-30 13:49:00,3347.801279024099,0.00015158800611319057
2020-03-30 13:50:00,3348.212470006117,0.00016492826955054001
2020-03-30 13:51:00,3347.2807632469135,0.0001664017794938281
2020-03-30 13:52:00,3347.032977293086,0.000169826954636823
2020-03-30 13:53:00,3346.729295570229,0.00016206398039604811
2020-03-30 13:54:00,3346.7552202075503,0.00015733866944792434
2020-03-30 13:55:00,3346.1877605035966,0.00017094201006721745
2020-03-30 13:56:00,3345.862070698942,0.0001879701074111702
2020-03-30 13:57:00,3345.99993096443,0.0001981649793266459
2020-03-30 13:58:00,3345.176942137068,0.0001951224040145722
2020-03-30 13:59:00,3344.8137628105255,0.00018951232876108796
2020-03-30 14:00:00,3344.1172728560396,0.00018928462427623185
2020-03-30 14:01:00,3343.541412063302,0.00020352479744048998
2020-03-30 14:02:00,3343.505720675837,0.00020599282546650898
2020-03-30 14:03:00,3344.320889321817,0.00021308161294502124
2020-03-30 14:04:00,3344.532776353298,0.00021072567581954614
2020-03-30 14:05:00,3344.511244305868,0.00020640348030627714
2020-03-30 14:06:00,3345.0209734223426,0.0002083901380776226
2020-03-30 14:07:00,3344.536070021228,0.0002145335044001377
2020-03-30 14:08:00,3344.347350902596,0.00021138500724440914
2020-03-30 14:09:00,3343.874829880328,0.00020517744089818755
2020-03-30 14:10:00,3343.315713014747,0.00021412188245410467
2020-03-30 14:11:00,3343.3970370266907,0.00021144052912979827
2020-03-30 14:12:00,3343.237376406785,0.00020998877862184133
2020-03-30 14:13:00,3343.5491708642794,0.0002054520550766446
2020-03-30 14:14:00,3343.3760672101353,0.00021120537993546984
2020-03-30 14:15:00,3341.55096218903,0.00021338928848622173
2020-03-30 14:16:00,3341.8211035061454,0.0002162515824859871
2020-03-30 14:17:00,3342.5233343500404,0.0002143768220970757
2020-03-30 14:18:00,3344.0428448693897,0.00023352179274635333
2020-03-30 14:19:00,3342.7884740059003,0.00023584650391779305
2020-03-30 14:20:00,3342.5588350183475,0.00025154834295577883
2020-03-30 14:21:00,3343.319208935932,0.0002459457258903264
2020-03-30 14:22:00,3343.274917703029,0.0002449593602829802
2020-03-30 14:23:00,3342.066858869093,0.00025085483670679386
2020-03-30 14:24:00,3342.4705900368776,0.00026803550486337747
2020-03-30 14:25:00,3342.6405082724564,0.00026539663931233066
2020-03-30 14:26:00,3343.072701022692,0.00024298822924968564
2020-03-30 14:27:00,3344.037237153019,0.00025846912797493967
2020-03-30 14:28:00,3344.526259119799,0.00025757947810152736
2020-03-30 14:29:00,3345.2815977232403,0.00026861047543367357
2020-03-30 14:30:00,3344.2879318568816,0.0002442219289668712
2020-03-30 14:31:00,3343.6029158031483,0.00026876160423532156
2020-03-30 14:32:00,3342.129224983792,0.0002765775024588738
2020-03-30 14:33:00,3342.544563138753,0.00026951990076768605
2020-03-30 14:34:00,3342.4917684368934,0.0002870785942092566
2020-03-30 14:35:00,3342.8729007611046,0.00030777585466414126
2020-03-30 14:36:00,3343.8620208453663,0.0003407683371203576
2020-03-30 14:37:00,3345.429873040241,0.000344117535040843
2020-03-30 14:38:00,3345.8322826475264,0.0003444265087212602
2020-03-30 14:39:00,3345.831551416349,0.00033289699285950523
2020-03-30 14:40:00,3343.345925413295,0.0003148501881658375
2020-03-30 14:41:00,3341.8093022517355,0.0003079054454348525
2020-03-30 14:42:00,3343.4489596957433,0.00031772032827651054
2020-03-30 14:43:00,3345.895652288089,0.00029750792384488115
2020-03-30 14:44:00,3345.585334080336,0.00028360782147336823
2020-03-30 14:45:00,3347.3225843166683,0.00029005179574051384
2020-03-30 14:46:00,3347.8824368240003,0.00029907117271063804
2020-03-30 14:47:00,3346.10156510699,0.00030101272600886313
2020-03-30 14:48:00,3345.745165374488,0.0003086591223084631
2020-03-30 14:49:00,3345.4541584984004,0.00031779167157419485
2020-03-30 14:50:00,3344.873861144927,0.00033507848701897055
2020-03-30 14:51:00,3344.9860373324045,0.0003206510069886211
2020-03-30 14:52:00,3345.6147959902137,0.00031546783340912697
2020-03-30 14:53:00,3345.6042210601945,0.0003188230787515621
2020-03-30 14:54:00,3346.0754359251114,0.0003223527159450274
2020-03-30 14:55:00,3346.4007439857965,0.0003388546083568787
2020-03-30 14:56:00,3349.1357692915612,0.0003300275568951419
2020-03-30 14:57:00,3348.405470010894,0.00034692335802828135
2020-03-30 14:58:00,3350.183923011282,0.0003567370829970134
2020-03-30 14:59:00,3348.5221332358865,0.00036188911976190954
2020-03-30 15:00:00,3349.00480724152,0.00036590944729090016
2020-03-30 15:01:00,3351.5297105822,0.0003535383579307209
2020-03-30 15:02:00,3350.1124698191497,0.0003482528964611485
2020-03-30 15:03:00,3349.244479665245,0.00033762180267980205
2020-03-30 15:04:00,3347.7596771813664,0.0003145453695447155
2020-03-30 15:05:00,3347.7707161583608,0.0002990402248290416
2020-03-30 15:06:00,3345.993113271673,0.0003053573837119915
2020-03-30 15:07:00,3344.6188502562163,0.0003020153641023511
2020-03-30 15:08:00,3344.6939403633496,0.00031117792350909314
2020-03-30 15:09:00,3343.050331316787,0.00032276251827285176
2020-03-30 15:10:00,3343.5501251137903,0.0003111244945969428
2020-03-30 15:11:00,3344.0656963664023,0.0003062657177954682
2020-03-30 15:12:00,3343.8766151407676,0.00031621787457213095
2020-03-30 15:13:00,3345.1108790557378,0.00030610866826948383
2020-03-30 15:14:00,3345.3811798790243,0.0002922884667016032
2020-03-30 15:15:00,3343.7176989105924,0.0003042831963508704
2020-03-30 15:16:00,3342.893858061215,0.0002759609868693741
2020-03-30 15:17:00,3341.2685948278854,0.00027449889480975074
2020-03-30 15:18:00,3339.1837639749215,0.0002795893720262106
2020-03-30 15:19:00,3338.9985362730085,0.00028322438719623216
2020-03-30 15:20:00,3338.9626960911737,0.00029321451379163844
2020-03-30 15:21:00,3340.0331700475,0.0002793048335182388
2020-03-30 15:22:00,3337.8901713438236,0.00028868426531585684
2020-03-30 15:23:00,3340.123493242662,0.0003090250436437722
2020-03-30 15:24:00,3339.2180711629617,0.0003021673889611304
2020-03-30 15:25:00,3339.412518471785,0.0003243592450658584
2020-03-30 15:26:00,3340.207851000667,0.00032562267787233684
2020-03-30 15:27:00,3338.72367578545,0.00032409484067067574
2020-03-30 15:28:00,3338.856889930593,0.000318561328182666
2020-03-30 15:29:00,3338.89425550316,0.00030715804171355587
2020-03-30 15:30:00,3338.8288780598505,0.0003019432458144035
2020-03-30 15:31:00,3338.5719258403237,0.0003296457264975987
2020-03-30 15:32:00,3342.13080031258,0.00033382228314166837
2020-03-30 15:33:00,3341.5840185840807,0.0003374936539394464
2020-03-30 15:34:00,3341.9241028753254,0.0003091042963434645
2020-03-30 15:35:00,3342.667991035902,0.0003097470946715626
2020-03-30 15:36:00,3344.8741752281894,0.0003297817146344173
2020-03-30 15:37:00,3345.3008662934194,0.00032628664538539694
2020-03-30 15:38:00,3346.2439039548685,0.00031243692396166865
2020-03-30 15:39:00,3344.4364952327296,0.0003356752654836067
2020-03-30 15:40:00,3346.377619146842,0.0003348276276774601
2020-03-30 15:41:00,3343.7941702369235,0.0003491864309035086
2020-03-30 15:42:00,3343.5978776541133,0.0003466011639269041
2020-03-30 15:43:00,3345.1838700973212,0.0003465603920070544
2020-03-30 15:44:00,3344.6353693959686,0.0003418821983099251
2020-03-30 15:45:00,3344.278437096812,0.0003635128316106586
2020-03-30 15:46:00,3343.9249798624573,0.00036733926542112844
2020-03-30 15:47:00,3344.1821418470013,0.0003784622355698165
2020-03-30 15:48:00,3344.787062961581,0.0003534729143981761
2020-03-30 15:49:00,3346.2474445639746,0.00035415760819873125
2020-03-30 15:50:00,3346.271252185252,0.0003465664703149953
2020-03-30 15:51:00,3346.7093887467036,0.00034018373340503763
2020-03-30 15:52:00,3344.551741551714,0.0003160273925287186
2020-03-30 15:53:00,3344.2471285333863,0.0003238049329000668
2020-03-30 15:54:00,3343.659597861534,0.0003270842986376589
2020-03-30 15:55:00,3343.527803777367,0.0003225499996593127
2020-03-30 15:56:00,3346.9571969193657,0.0003242781776277959
2020-03-30 15:57:00,3347.9473389688997,0.00032140507151252954
2020-03-30 15:58:00,3348.965626818513,0.0003168402759802866
2020-03-30 15:59:00,3349.5304529849354,0.00033612112695623295
2020-03-30 16:00:00,3350.4991399937526,0.0003554957782173068
2020-03-30 16:01:00,3350.424726198967,0.00034069978423356256
2020-03-30 16:02:00,3349.725770484317,0.0003105934626820913
2020-03-30 16:03:00,3347.9997271472225,0.0003181331344533909
2020-03-30 16:04:00,3348.5777374204877,0.00032052934184525057
2020-03-30 16:05:00,3348.298834959087,0.00031739707066308576
2020-03-30 16:06:00,3346.297904832044,0.00032735062271125557
2020-03-30 16:07:00,3348.563395537943,0.0003455972436827691
2020-03-30 16:08:00,3347.95934702512,0.00036558579163753713
2020-03-30 16:09:00,3347.8755974841256,0.000341266440931993
2020-03-30 16:10:00,3349.3081940985758,0.0003498751231641275
2020-03-30 16:11:00,3348.9472458014193,0.00035840604418340354
2020-03-30 16:12:00,3350.5106544684095,0.00036798318071963083
2020-03-30 16:13:00,3349.453560707339,0.00036362438821144324
2020-03-30 16:14:00,3348.318667231622,0.00039758714578850825
2020-03-30 16:15:00,3348.4735396459564,0.0004114531755205016
2020-03-30 16:16:00,3348.123388794389,0.00042010431788911903
2020-03-30 16:17:00,3346.7737423628637,0.000419866871840604
2020-03-30 16:18:00,3345.2326118125447,0.00041862967650434875
2020-03-30 16:19:00,3344.681936233053,0.0004502667617678635
2020-03-30 16:20:00,3342.7889051472657,0.00044239105464099544
2020-03-30 16:21:00,3344.542768514143,0.00046741315163511724
2020-03-30 16:22:00,3345.3159008551534,0.00045621893682295817
2020-03-30 16:23:00,3345.6902865866473,0.00044766306662440836
2020-03-30 16:24:00,3344.4960845878377,0.00045746812434872223
2020-03-30 16:25:00,3343.875076237156,0.00043869730948306617
2020-03-30 16:26:00,3345.5790433381,0.0004735900202351881
2020-03-30 16:27:00,3341.8923217786705,0.0004960100243510153
2020-03-30 16:28:00,3341.728385548151,0.0004760205496404288
2020-03-30 16:29:00,3341.45878145894,0.00047294525911436793
2020-03-30 16:30:00,3340.441240992777,0.0004922885250172753
2020-03-30 16:31:00,3339.6639966119587,0.0004667957659327413
2020-03-30 16:32:00,3337.8731705573737,0.00046244403133622605
2020-03-30 16:33:00,3335.882216251486,0.00044657636133621503
2020-03-30 16:34:00,3335.0325515335367,0.00043006446135852036
2020-03-30 16:35:00,3336.466713912461,0.00041101848433297545
2020-03-30 16:36:00,3336.8426495963768,0.0004170786970321717
2020-03-30 16:37:00,3335.3583291721925,0.0003979860522841945
2020-03-30 16:38:00,3335.677353901908,0.00040609681326958183
2020-03-30 16:39:00,3336.454266274908,0.0004085239606045165
2020-03-30 16:40:00,3335.1468065287804,0.00041112057895547905
2020-03-30 16:41:00,3334.07980874672,0.00041323989400867463
2020-03-30 16:42:00,3332.17251733864,0.00041164684996106
2020-03-30 16:43:00,3333.3972070905825,0.0004274508360749792
2020-03-30 16:44:00,3335.8721833744567,0.00043069745449133667
2020-03-30 16:45:00,3335.65492432756,0.00041437241265856176
2020-03-30 16:46:00,3335.098489590418,0.00040410854181488406
2020-03-30 16:47:00,3336.4276824948056,0.00038550204762975536
2020-03-30 16:48:00,3337.864405094203,0.00038674514379488103
2020-03-30 16:49:00,3337.5550984976935,0.00041392398567053246
2020-03-30 16:50:00,3337.958074585188,0.0004266271427298308
2020-03-30 16:51:00,3339.711450232891,0.0004279101312477432
2020-03-30 16:52:00,3340.0295293963018,0.00043845428790183834
2020-03-30 16:53:00,3337.2692232888057,0.0004127460455191617
2020-03-30 16:54:00,3335.80913033334,0.0004006137968453686
2020-03-30 16:55:00,3335.9737761425413,0.00040480728593994856
2020-03-30 16:56:00,3337.4984228106323,0.00041119480210544454
2020-03-30 16:57:00,3338.17071961217,0.0003904075060094714
2020-03-30 16:58:00,3340.5207104465267,0.0003835664204199806
2020-03-30 16:59:00,3339.9846237427278,0.000366125545081853
2020-03-30 17:00:00,3338.6697826236077,0.000378040090639308
2020-03-30 17:01:00,3340.316643371425,0.00039417730790627497
2020-03-30 17:02:00,3342.854322530117,0.0003785513479407024
2020-03-30 17:03:00,3343.4433694910426,0.0003988626803516349
2020-03-30 17:04:00,3346.1758520270123,0.00038252205429137396
2020-03-30 17:05:00,3346.987979305095,0.0003731707641929731
2020-03-30 17:06:00,3347.5854164534157,0.0003610977824176162
2020-03-30 17:07:00,3348.6208215304987,0.00037311785472667703
2020-03-30 17:08:00,3348.252387827803,0.0004062270374466913
2020-03-30 17:09:00,3347.1650445885507,0.000431520084369459
2020-03-30 17:10:00,3349.6305576265863,0.0004552913259716528
2020-03-30 17:11:00,3350.2091309847856,0.0005192405234710426
2020-03-30 17:12:00,3347.2338703702826,0.000509781006644488
2020-03-30 17:13:00,3345.71810760483,0.0005153650571225856
2020-03-30 17:14:00,3344.31498251361,0.0005301632100827692
2020-03-30 17:15:00,3344.046360218666,0.0005309960589995821
2020-03-30 17:16:00,3343.9135558573053,0.0005163124797630704
2020-03-30 17:17:00,3342.626040738048,0.0004942299593730331
2020-03-30 17:18:00,3340.248479728831,0.0004892082011903401
2020-03-30 17:19:00,3340.4339502712014,0.0004410717332085504
2020-03-30 17:20:00,3338.8878183551274,0.0005042550703958315
2020-03-30 17:21:00,3337.9267727075894,0.0004936101124767456
2020-03-30 17:22:00,3339.175202095021,0.0004940815404587053
2020-03-30 17:23:00,3340.5387401411053,0.00048288412081342187
2020-03-30 17:24:00,3338.4610937774114,0.00045276400723398455
2020-03-30 17:25:00,3339.823503377789,0.0004513602484743804
2020-03-30 17:26:00,3340.038815839287,0.0004566916259297446
2020-03-30 17:27:00,3338.567218519434,0.0004258719131307449
2020-03-30 17:28:00,3339.553338564663,0.0004365292906079273
2020-03-30 17:29:00,3339.722156749376,0.0004310021045550474
2020-03-30 17:30:00,3339.481177655286,0.0004288816191781932
2020-03-30 17:31:00,3337.03838210214,0.00039904220733542526
2020-03-30 17:32:00,3337.7509784527933,0.000368745461629436
2020-03-30 17:33:00,3338.0600626117352,0.0003852916358185938
2020-03-30 17:34:00,3335.7985239769505,0.00041190097392382335
2020-03-30 17:35:00,3336.792500792355,0.00043425640513228774
2020-03-30 17:36:00,3337.123861264951,0.00044574416960242984
2020-03-30 17:37:00,3337.5409545100697,0.00042824167280815863
2020-03-30 17:38:00,3337.0503283203843,0.00045512708127356014
2020-03-30 17:39:00,3338.9803860148345,0.0004588988166367949
2020-03-30 17:40:00,3335.728447146175,0.0004391959376195537
2020-03-30 17:41:00,3335.908056491939,0.00047496237894900694
2020-03-30 17:42:00,3337.989705101863,0.0004959133641417757
2020-03-30 17:43:00,3337.740756774389,0.00046228626215686415
2020-03-30 17:44:00,3336.8208281749958,0.0004621724575278905
2020-03-30 17:45:00,3336.2623399930276,0.0004511990365874619
2020-03-30 17:46:00,3336.8080993797853,0.0004618216694553682
2020-03-30 17:47:00,3338.316823192322,0.000491489446717948
2020-03-30 17:48:00,3339.800198117674,0.0005621037686173848
2020-03-30 17:49:00,3337.900036073961,0.0005549936038848663
2020-03-30 17:50:00,3336.695433671833,0.0005618520776941894
2020-03-30 17:51:00,3335.775869821969,0.000567987751549972
2020-03-30 17:52:00,3334.9191980733826,0.0005481153019892022
2020-03-30 17:53:00,3333.7300360473314,0.0005337901931893549
2020-03-30 17:54:00,3335.0738382421187,0.0005031394499200248
2020-03-30 17:55:00,3334.374115644485,0.0005072927749745025
2020-03-30 17:56:00,3335.2205674435927,0.00047658397290183135
2020-03-30 17:57:00,3335.232641767926,0.00045423978861022486
2020-03-30 17:58:00,3333.615922029053,0.0004620790952899346
2020-03-30 17:59:00,3333.0442864802126,0.00045378853128762137
2020-03-30 18:00:00,3333.805936479195,0.00047955225792605145
2020-03-30 18:01:00,3334.871875797051,0.0005076410498681543
2020-03-30 18:02:00,3334.4144261354263,0.000494441398631515
2020-03-30 18:03:00,3334.2635955111227,0.0005151905278102607
2020-03-30 18:04:00,3334.250324208513,0.000494803572033867
2020-03-30 18:05:00,3334.7286574266623,0.0005209817040306083
2020-03-30 18:06:00,3334.337059366173,0.0005160946582823731
2020-03-30 18:07:00,3330.8055368838122,0.0005247012897128871
2020-03-30 18:08:00,3332.531258855866,0.0005188703833179682
2020-03-30 18:09:00,3333.9346157530344,0.0005465026868326524
2020-03-30 18:10:00,3334.2923422020353,0.0005281631855032307
2020-03-30 18:11:00,3332.999181799363,0.0005630903315351327
2020-03-30 18:12:00,3332.6134218071766,0.0005891629269801266
2020-03-30 18:13:00,3330.8826641789015,0.0005787376533177033
2020-03-30 18:14:00,3329.9021572003926,0.0006244341727990072
2020-03-30 18:15:00,3328.9993936529445,0.0006277934808088543
2020-03-30 18:16:00,3330.3890859993353,0.0006630185963331684
2020-03-30 18:17:00,3330.9848919595365,0.0006225109766131894
2020-03-30 18:18:00,3325.7276685940265,0.0006417118884471131
2020-03-30 18:19:00,3325.280712833408,0.0006136311675579425
2020-03-30 18:20:00,3323.7429122357516,0.0005979650540172844
2020-03-30 18:21:00,3321.660836663412,0.0005966077941715174
2020-03-30 18:22:00,3319.980069876779,0.000559713433920687
2020-03-30 18:23:00,3317.679659165943,0.0005397447131614681
2020-03-30 18:24:00,3318.0460354005313,0.0005119308686849438
2020-03-30 18:25:00,3313.1742147002396,0.0004998895950365537
2020-03-30 18:26:00,3313.5313149865815,0.00047925641022884716
2020-03-30 18:27:00,3315.5608368442763,0.0005068057680927012
2020-03-30 18:28:00,3313.881847127126,0.0005070898490964091
2020-03-30 18:29:00,3312.5595142598636,0.0005756216872491789
2020-03-30 18:30:00,3314.0286761740435,0.0005920011720416396
2020-03-30 18:31:00,3314.5084802723236,0.0006398851268768508
2020-03-30 18:32:00,3314.2086455223252,0.000647901988933299
2020-03-30 18:33:00,3314.04855096371,0.0006400847139504592
2020-03-30 18:34:00,3312.757193286526,0.0006446256328526676
2020-03-30 18:35:00,3312.0076850578776,0.0006832367179980472
2020-03-30 18:36:00,3310.6246856046905,0.000620278449563009
2020-03-30 18:37:00,3308.4151782303597,0.0006582763513708803
2020-03-30 18:38:00,3312.708753697822,0.0006814369663961269
2020-03-30 18:39:00,3311.668094415645,0.000640157866611383
2020-03-30 18:40:00,3315.4531695770543,0.0006061963500722168
2020-03-30 18:41:00,3314.541975615801,0.0006077470833529956
2020-03-30 18:42:00,3314.912619213873,0.0006481693840559726
2020-03-30 18:43:00,3313.8592351149873,0.0006749816716666423
2020-03-30 18:44:00,3312.887228421429,0.0006969264279236585
2020-03-30 18:45:00,3313.035137663082,0.0007580014044028812
2020-03-30 18:46:00,3314.4362435219796,0.0007141089721997316
2020-03-30 18:47:00,3314.783888794473,0.0007089974595279647
2020-03-30 18:48:00,3314.346692921833,0.0007475769758613693
2020-03-30 18:49:00,3313.9719268171375,0.0008078998200020474
2020-03-30 18:50:00,3313.141659806703,0.000794663232258726
2020-03-30 18:51:00,3311.1483513673375,0.0008024742080411595
2020-03-30 18:52:00,3306.84513483948,0.0008305969803009864
2020-03-30 18:53:00,3308.650540787575,0.0008396471377202166
2020-03-30 18:54:00,3312.460449635625,0.0008396941201609126
2020-03-30 18:55:00,3315.8364695524333,0.0008336738193615712
2020-03-30 18:56:00,3316.9431602755662,0.0007858653226289331
2020-03-30 18:57:00,3319.47553530891,0.0007851099639452286
2020-03-30 18:58:00,3325.672264025162,0.0008660823741751749
2020-03-30 18:59:00,3324.998268949676,0.0008752144944993996
2020-03-30 19:00:00,3329.754114587407,0.0008655901532309858
2020-03-30 19:01:00,3328.5983999226073,0.0009210890580119844
2020-03-30 19:02:00,3328.6363932530544,0.000885868822449016
2020-03-30 19:03:00,3328.827776133693,0.0009200081356745459
2020-03-30 19:04:00,3325.0003355245876,0.0008671182602969492
2020-03-30 19:05:00,3318.4160187287575,0.0008810534088900923
2020-03-30 19:06:00,3319.0341737278504,0.0009379403815134617
2020-03-30 19:07:00,3319.0052180536672,0.0009423209407183737
2020-03-30 19:08:00,3323.131315255451,0.0009322247388665875
2020-03-30 19:09:00,3323.585269840286,0.0009460225794096253
2020-03-30 19:10:00,3320.4588447346523,0.000924178981895571
2020-03-30 19:11:00,3314.2133261658446,0.0009869034953564493
2020-03-30 19:12:00,3313.467992152249,0.0010730370804537478
2020-03-30 19:13:00,3313.511329059072,0.0010509262543468016
2020-03-30 19:14:00,3318.920886632552,0.0010498917348479252
2020-03-30 19:15:00,3317.5453121006994,0.0010218880542178183
2020-03-30 19:16:00,3311.8070214026698,0.0009988015026899544
2020-03-30 19:17:00,3315.689026168384,0.0009965317043705577
2020-03-30 19:18:00,3318.297481900632,0.0010177086095296132
2020-03-30 19:19:00,3319.5302425114533,0.0010304361508512486
2020-03-30 19:20:00,3319.3658677209205,0.0009526422365436318
2020-03-30 19:21:00,3316.324342549298,0.0009585867648190802
2020-03-30 19:22:00,3318.0647558097426,0.0009451718347531379
2020-03-30 19:23:00,3322.202701425047,0.0008695108604279558
2020-03-30 19:24:00,3320.0955080316717,0.0009145527512201075
2020-03-30 19:25:00,3318.227374630087,0.0009256928589767231
2020-03-30 19:26:00,3319.5689914845443,0.0010185319064775948
2020-03-30 19:27:00,3319.9296490337556,0.001001580702488771
2020-03-30 19:28:00,3323.874437013944,0.001091642007653924
2020-03-30 19:29:00,3321.7578264363683,0.0010704151677362168
2020-03-30 19:30:00,3328.8121482805286,0.001141846068258415
2020-03-30 19:31:00,3330.167212283042,0.0011595607004759537
2020-03-30 19:32:00,3321.502297006731,0.00114075405243658
2020-03-30 19:33:00,3321.0766627849694,0.0011553511595317383
2020-03-30 19:34:00,3321.5536187080866,0.0010781209287956462
2020-03-30 19:35:00,3322.9435507730004,0.0011372693130947242
2020-03-30 19:36:00,3317.536122129523,0.0011499817445723597
2020-03-30 19:37:00,3316.3825068424776,0.0011196841631967182
2020-03-30 19:38:00,3313.9020461779237,0.0011394742253944394
2020-03-30 19:39:00,3306.2290909841877,0.0011446147292179941
2020-03-30 19:40:00,3306.6101572026764,0.0011343587298950706
2020-03-30 19:41:00,3302.4150506330266,0.0010931881361091334
2020-03-30 19:42:00,3298.7450236340665,0.0010064845850992839
2020-03-30 19:43:00,3296.917509567774,0.000996929819228832
2020-03-30 19:44:00,3295.1894953103074,0.001100641621329797
2020-03-30 19:45:00,3296.0660167040096,0.0010565994297671508
2020-03-30 19:46:00,3298.234158805467,0.0010936642990164273
2020-03-30 19:47:00,3293.579776367532,0.00108179403664518
2020-03-30 19:48:00,3289.8744271656647,0.0010359533325292034
2020-03-30 19:49:00,3294.996228037738,0.00114681694454426
2020-03-30 19:50:00,3297.010016859613,0.0011708391703334773
2020-03-30 19:51:00,3300.431256454925,0.0012237069966114895
2020-03-30 19:52:00,3304.8300577494506,0.0012199927681125296
2020-03-30 19:53:00,3299.79414930274,0.0012612813028015722
2020-03-30 19:54:00,3300.8744625987065,0.0012653221498901746
2020-03-30 19:55:00,3302.1755152052324,0.0011925282784878716
2020-03-30 19:56:00,3310.7651219289482,0.0011685569450252161
2020-03-30 19:57:00,3310.828716131881,0.0011774588820801252
2020-03-30 19:58:00,3307.152805414462,0.0011954373918990975
2020-03-30 19:59:00,3312.7558575016,0.001210570805108351
2020-03-31 13:30:00,3508.448442855033,0.0012182689356646063
2020-03-31 13:31:00,3514.1418217380697,0.0011597323226200387
2020-03-31 13:32:00,3507.4183211612035,0.0011634586455670207
2020-03-31 13:33:00,3510.526606608972,0.00121629186099628
2020-03-31 13:34:00,3510.968188099639,0.001168414409998646
2020-03-31 13:35:00,3500.9631828762663,0.001256683384561653
2020-03-31 13:36:00,3499.822543048209,0.0012027527726120354
2020-03-31 13:37:00,3501.6366288220106,0.0012193330210306273
2020-03-31 13:38:00,3500.0731696407856,0.0012741425289982098
2020-03-31 13:39:00,3498.364261949411,0.001298744144702923
2020-03-31 13:40:00,3497.5803313624,0.0012789112530923784
2020-03-31 13:41:00,3499.253727873883,0.0012483472488443795
2020-03-31 13:42:00,3499.9068977758375,0.0012656150254840523
2020-03-31 13:43:00,3508.6251274841097,0.0012998935869845073
2020-03-31 13:44:00,3509.246418244987,0.001219740552974549
2020-03-31 13:45:00,3510.4381361566498,0.0012547776581809534
2020-03-31 13:46:00,3506.7167059614985,0.001292973239683566
2020-03-31 13:47:00,3505.53173605895,0.0012436887192638715
2020-03-31 13:48:00,3504.5678775737547,0.0012283717083392141
2020-03-31 13:49:00,3508.9194710864817,0.0011855812623780325
2020-03-31 13:50:00,3507.629471847131,0.001251712600522911
2020-03-31 13:51:00,3506.6462705383824,0.0011671470794272767
2020-03-31 13:52:00,3505.6190421199276,0.0011843311268018577
2020-03-31 13:53:00,3508.301602681742,0.0012267470545215533
2020-03-31 13:54:00,3516.42672602132,0.001277384623979371
2020-03-31 13:55:00,3518.434671964483,0.0012887446907924505
2020-03-31 13:56:00,3517.06685571414,0.0013124521307823409
2020-03-31 13:57:00,3518.0050796804107,0.0012912190163439355
2020-03-31 13:58:00,3510.4679981745485,0.001314676300404125
2020-03-31 13:59:00,3516.537072855449,0.0012421821598401115
2020-03-31 14:00:00,3517.9904387918104,0.001223195170160159
2020-03-31 14:01:00,3516.4821074045813,0.0011900888293755114
2020-03-31 14:02:00,3517.6243681038704,0.001174981485025261
2020-03-31 14:03:00,3516.9022059798235,0.0010913765920718662
2020-03-31 14:04:00,3516.1046515290677,0.00109558461665734
2020-03-31 14:05:00,3517.076412281276,0.0010779765839938114
2020-03-31 14:06:00,3507.792258584319,0.0010393893937202412
2020-03-31 14:07:00,3509.579802932444,0.0009486651980188675
2020-03-31 14:08:00,3515.7049012406255,0.0009475721523133089
2020-03-31 14:09:00,3513.1927522877295,0.0009514508711601083
2020-03-31 14:10:00,3514.10931892653,0.000919984169696565
2020-03-31 14:11:00,3518.4670933841267,0.0009083071014038853
2020-03-31 14:12:00,3520.3137590517977,0.0009435110328895411
2020-03-31 14:13:00,3522.5382879267754,0.0009593444117617779
2020-03-31 14:14:00,3527.511388322792,0.0009536350487197799
2020-03-31 14:15:00,3529.4004311182493,0.0009893437932645304
2020-03-31 14:16:00,3523.9337628031503,0.0010040853395898318
2020-03-31 14:17:00,3520.277497127704,0.0010028228628811543
2020-03-31 14:18:00,3521.884204482808,0.0009509122934122147
2020-03-31 14:19:00,3523.570492076028,0.0009978496180953378
2020-03-31 14:20:00,3523.626071529851,0.0009524840366875839
2020-03-31 14:21:00,3526.748829384319,0.0009313671894136751
2020-03-31 14:22:00,3532.759836070571,0.0008962815533750608
2020-03-31 14:23:00,3533.036317917241,0.000881510884731288
2020-03-31 14:24:00,3531.9615725658723,0.0009311768543143815
2020-03-31 14:25:00,3537.1336141041943,0.0008770820525630449
2020-03-31 14:26:00,3536.9254234051573,0.0008414366907145896
2020-03-31 14:27:00,3538.1428886663402,0.0008504707528211814
2020-03-31 14:28:00,3540.1645928213197,0.0008747962547207116
2020-03-31 14:29:00,3542.0140802494075,0.000861875947890474
2020-03-31 14:30:00,3535.4361687941114,0.000828716956497487
2020-03-31 14:31:00,3537.6302482753863,0.0008374434440040826
2020-03-31 14:32:00,3536.6065508684396,0.0008577528183995209
2020-03-31 14:33:00,3534.9254339530903,0.0008150412024683201
2020-03-31 14:34:00,3532.94463092342,0.0009021778923937768
2020-03-31 14:35:00,3532.412974816539,0.0008401885127906664
2020-03-31 14:36:00,3539.628946200786,0.0008754380401613368
2020-03-31 14:37:00,3536.3526339095297,0.0008425912386544889
2020-03-31 14:38:00,3539.3300618569374,0.000827267395802463
2020-03-31 14:39:00,3540.183232837157,0.000802583286603971
2020-03-31 14:40:00,3537.9875340255085,0.0008262279253002162
2020-03-31 14:41:00,3531.141742347457,0.0008606370079631094
2020-03-31 14:42:00,3534.5251584613593,0.0008951616280943915
2020-03-31 14:43:00,3527.119325615037,0.0008595202093966363
2020-03-31 14:44:00,3524.1901270068993,0.0008468676424196364
2020-03-31 14:45:00,3523.2412062942535,0.0007960786218719661
2020-03-31 14:46:00,3525.1545846522217,0.000796418821765358
2020-03-31 14:47:00,3524.9836558125826,0.0007656138538287434
2020-03-31 14:48:00,3523.4596596783545,0.0007575895642003478
2020-03-31 14:49:00,3523.2141884601997,0.0007601375477019823
2020-03-31 14:50:00,3524.3391678074586,0.0008010236412895348
2020-03-31 14:51:00,3526.5884544376527,0.0008201970544104107
2020-03-31 14:52:00,3528.504433544291,0.0008311044768407563
2020-03-31 14:53:00,3524.1530387988423,0.0008516446598579142
2020-03-31 14:54:00,3521.0553871006086,0.0008650973707741522
2020-03-31 14:55:00,3521.6115046753093,0.0008519765111938864
2020-03-31 14:56:00,3524.903391876187,0.000877561232110132
2020-03-31 14:57:00,3524.04899027056,0.0008262333583518046
2020-03-31 14:58:00,3524.43906830376,0.0008419572074333491
2020-03-31 14:59:00,3520.0127793249344,0.0008428286435830775
2020-03-31 15:00:00,3515.7051745644603,0.0008197097286047061
2020-03-31 15:01:00,3513.730562299939,0.0008158641189772661
2020-03-31 15:02:00,3519.971545732348,0.0007971389518066628
2020-03-31 15:03:00,3521.360235070691,0.0007948135584790296
2020-03-31 15:04:00,3523.944503527356,0.0008097813364223972
2020-03-31 15:05:00,3530.5141949263093,0.0008278382550188087
2020-03-31 15:06:00,3522.2906230410554,0.0008479992672183396
2020-03-31 15:07:00,3521.682172239188,0.00081548890028876
2020-03-31 15:08:00,3522.1386374989406,0.0008336826702068204
2020-03-31 15:09:00,3525.288637851349,0.0008149237932320003
2020-03-31 15:10:00,3530.354866121736,0.0007807612153812131
2020-03-31 15:11:00,3526.8436203213937,0.0007947202540409073
2020-03-31 15:12:00,3523.402995732199,0.0007101157402433404
2020-03-31 15:13:00,3524.988494440456,0.0007028856128952741
2020-03-31 15:14:00,3527.062839016253,0.0007124968326178748
2020-03-31 15:15:00,3526.103419242911,0.000692077621328837
2020-03-31 15:16:00,3523.244027572535,0.0006789922581463604
2020-03-31 15:17:00,3518.2809308107717,0.0006703147285306021
2020-03-31 15:18:00,3520.1517823804747,0.0006643338129429146
2020-03-31 15:19:00,3523.307786967739,0.0006753361943467233
2020-03-31 15:20:00,3521.5474509319065,0.0006914108455450636
2020-03-31 15:21:00,3521.906246072309,0.000699920018965451
2020-03-31 15:22:00,3516.6003631793724,0.0006549590963544565
2020-03-31 15:23:00,3518.1939985977097,0.0006655609096445332
2020-03-31 15:24:00,3519.047326411235,0.00069621946937691
2020-03-31 15:25:00,3518.0774189595086,0.000708159758865255
2020-03-31 15:26:00,3513.454942652492,0.0007119562361411572
2020-03-31 15:27:00,3513.972088755042,0.0006575567901738349
2020-03-31 15:28:00,3511.7288881285,0.0006496004224045961
2020-03-31 15:29:00,3512.0881784368835,0.0006488396221997277
2020-03-31 15:30:00,3508.3059211220075,0.0006587901843728782
2020-03-31 15:31:00,3506.1496083053403,0.0006815614599798143
2020-03-31 15:32:00,3505.2416281976657,0.0006423546075698069
2020-03-31 15:33:00,3504.6384355456985,0.0006407586450204929
2020-03-31 15:34:00,3504.3823598370877,0.0006006800991979064
2020-03-31 15:35:00,3505.615914801739,0.000569070567233382
2020-03-31 15:36:00,3510.1449845794336,0.0006221994438622667
2020-03-31 15:37:00,3509.201165773361,0.0006575232434732467
2020-03-31 15:38:00,3510.9400944375234,0.0006794267142676936
2020-03-31 15:39:00,3510.010553647032,0.0007194977683915545
2020-03-31 15:40:00,3510.207993960683,0.0006648843446054343
2020-03-31 15:41:00,3506.5597023604037,0.0006584108777911133
2020-03-31 15:42:00,3504.8467849743,0.0006767568116286085
2020-03-31 15:43:00,3502.3981940235926,0.000635067265420974
2020-03-31 15:44:00,3502.7881107883777,0.0006090618009175506
2020-03-31 15:45:00,3499.8707344243826,0.0006262670313662081
2020-03-31 15:46:00,3501.5267389931346,0.0006518672500841032
2020-03-31 15:47:00,3501.846083661791,0.0006565155317235381
2020-03-31 15:48:00,3498.745300550401,0.0006977066447955562
2020-03-31 15:49:00,3497.681841139011,0.0007032396717459544
2020-03-31 15:50:00,3500.4295713107254,0.0006837446993410381
2020-03-31 15:51:00,3497.6512890785025,0.000702247633565191
2020-03-31 15:52:00,3498.3220776367853,0.000722716744222952
2020-03-31 15:53:00,3504.2179719064425,0.000678204209161361
2020-03-31 15:54:00,3501.113562385938,0.0006383459730861216
2020-03-31 15:55:00,3497.2011296375076,0.0006793520682871756
2020-03-31 15:56:00,3499.5553753066038,0.0006394357916378814
2020-03-31 15:57:00,3498.835001845836,0.0005973770549170299
2020-03-31 15:58:00,3499.3541632368288,0.0005833332201036632
2020-03-31 15:59:00,3497.1107358743047,0.0005761307349935425
2020-03-31 16:00:00,3499.1154782436506,0.0005602091079737971
2020-03-31 16:01:00,3499.6562579070196,0.0005749531815331884
2020-03-31 16:02:00,3501.636808272787,0.0005505215666214652
2020-03-31 16:03:00,3501.6542452962644,0.0005554397659289651
2020-03-31 16:04:00,3501.2390742988464,0.000556370216988167
2020-03-31 16:05:00,3500.9617943224007,0.000577963766173723
2020-03-31 16:06:00,3500.9832397970836,0.0005495825773264844
2020-03-31 16:07:00,3500.9699119138695,0.0005327264028518533
2020-03-31 16:08:00,3500.4193864890767,0.0005699296485618132
2020-03-31 16:09:00,3502.170002846144,0.0005494802397479764
2020-03-31 16:10:00,3498.953617811659,0.0005460281945503787
2020-03-31 16:11:00,3500.711566649578,0.000512917625234168
2020-03-31 16:12:00,3498.4147593134826,0.00049501934971275
2020-03-31 16:13:00,3499.5705928155307,0.0005032726154194448
2020-03-31 16:14:00,3497.5382691550926,0.0004732468115313583
2020-03-31 16:15:00,3495.8434360351075,0.0005048134467273761
2020-03-31 16:16:00,3495.2870052409708,0.0005251550895276563
2020-03-31 16:17:00,3495.6077836278705,0.0005190516055110688
2020-03-31 16:18:00,3495.6590245138154,0.0005324519865034887
2020-03-31 16:19:00,3499.756257356511,0.0005495987130028823
2020-03-31 16:20:00,3500.367825961129,0.0005477124297234645
2020-03-31 16:21:00,3499.3414235764117,0.0005729614335269067
2020-03-31 16:22:00,3500.95933330699,0.0005409078003880276
2020-03-31 16:23:00,3499.0373208131714,0.0005211509720308547
2020-03-31 16:24:00,3497.261246212918,0.00048512049002062164
2020-03-31 16:25:00,3500.6452953843136,0.00047335797062085153
2020-03-31 16:26:00,3499.8393478410935,0.0004882234804828308
2020-03-31 16:27:00,3497.6352461169204,0.0005221016312118355
2020-03-31 16:28:00,3499.007247755963,0.0005503283524054717
2020-03-31 16:29:00,3498.4641444419044,0.000534140224230948
2020-03-31 16:30:00,3496.0154247502624,0.0005083889914604319
2020-03-31 16:31:00,3497.318198640103,0.0005386202171247579
2020-03-31 16:32:00,3498.1337505872875,0.0005395797237098569
2020-03-31 16:33:00,3495.6334304153916,0.0005477325297712738
2020-03-31 16:34:00,3496.0864454770826,0.0005305998060888263
2020-03-31 16:35:00,3496.921701536574,0.0005090085309085804
2020-03-31 16:36:00,3498.0237993397077,0.0004968829460761375
2020-03-31 16:37:00,3494.1417353693914,0.0004928526536728522
2020-03-31 16:38:00,3493.6945246873383,0.0005120291486219611
2020-03-31 16:39:00,3491.3822282584797,0.00045906594633737916
2020-03-31 16:40:00,3489.0642107885724,0.0004703128132699205
2020-03-31 16:41:00,3488.778494151905,0.0004475676657156826
2020-03-31 16:42:00,3489.1130768204753,0.0004274402091667195
2020-03-31 16:43:00,3489.8185145762295,0.000438124162810875
2020-03-31 16:44:00,3490.8407311809315,0.0004565231247798844
2020-03-31 16:45:00,3491.841741870378,0.0004367493247782474
2020-03-31 16:46:00,3494.170156234028,0.00046742315133735775
2020-03-31 16:47:00,3491.2540619459883,0.00044266464396637345
2020-03-31 16:48:00,3490.1554532304453,0.0004471512866152706
2020-03-31 16:49:00,3489.79652369572,0.0004411337800206093
2020-03-31 16:50:00,3490.7278121164936,0.00044444682161174124
2020-03-31 16:51:00,3490.4127828920214,0.0004799009620330774
2020-03-31 16:52:00,3488.899969596064,0.00046666434059405116
2020-03-31 16:53:00,3490.20929143356,0.00044560853332229513
2020-03-31 16:54:00,3491.9714087825796,0.00045710817167560945
2020-03-31 16:55:00,3492.0110062577746,0.0004308895442729931
2020-03-31 16:56:00,3489.5802346739865,0.00039785645225745396
2020-03-31 16:57:00,3489.562439148991,0.0003932250199469165
2020-03-31 16:58:00,3489.4962270367832,0.000382585692595413
2020-03-31 16:59:00,3489.2743336513417,0.00035788067935091947
2020-03-31 17:00:00,3489.412840199838,0.00035229728537376016
2020-03-31 17:01:00,3489.3855933597492,0.00034951507287840145
2020-03-31 17:02:00,3491.399512377321,0.00034212722354919165
2020-03-31 17:03:00,3490.650652585231,0.0003356767238684216
2020-03-31 17:04:00,3489.9405305381238,0.0003502355835523028
2020-03-31 17:05:00,3490.4540659237,0.00038980745563729936
2020-03-31 17:06:00,3491.111465930826,0.0003655824661098445
2020-03-31 17:07:00,3488.237176723843,0.0003648909650266939
2020-03-31 17:08:00,3487.2985222771017,0.0003910092789606296
2020-03-31 17:09:00,3486.8365157253616,0.0003916175156596449
2020-03-31 17:10:00,3486.8572429113287,0.0003877190388289542
2020-03-31 17:11:00,3484.1999011798234,0.0003984256696938451
2020-03-31 17:12:00,3483.6951180260253,0.00040912082429178995
2020-03-31 17:13:00,3484.6724870817043,0.0003926135532840897
2020-03-31 17:14:00,3484.1069116801655,0.0003937221875096593
2020-03-31 17:15:00,3484.6014198686275,0.00040565917381045686
2020-03-31 17:16:00,3485.9519197276645,0.0004223286033986626
2020-03-31 17:17:00,3486.3828527128726,0.00038113789561910935
2020-03-31 17:18:00,3485.286129822242,0.000373490440062833
2020-03-31 17:19:00,3482.99822959815,0.00038448046322958553
2020-03-31 17:20:00,3484.4433913264147,0.0003799131262803975
2020-03-31 17:21:00,3483.249958687055,0.00040814922125752766
2020-03-31 17:22:00,3484.110892030734,0.0003866782249694836
2020-03-31 17:23:00,3486.390000329374,0.0004214050421394579
2020-03-31 17:24:00,3486.9783998686003,0.00043545877005224203
2020-03-31 17:25:00,3486.7039321003867,0.0004503629503020143
2020-03-31 17:26:00,3487.9690670548325,0.00048201675664845465
2020-03-31 17:27:00,3487.1416624682906,0.00047426261341809565
2020-03-31 17:28:00,3490.48642130556,0.0004862659708002279
2020-03-31 17:29:00,3489.547397439074,0.0004971364202057234
2020-03-31 17:30:00,3487.723765180698,0.00048486657841450155
2020-03-31 17:31:00,3487.1550547232396,0.000499111812538833
2020-03-31 17:32:00,3486.789710404546,0.0004737804678785315
2020-03-31 17:33:00,3485.456885141709,0.0005009725186409785
2020-03-31 17:34:00,3484.2818783685584,0.000535760838860437
2020-03-31 17:35:00,3487.653994159149,0.0005224940243333389
2020-03-31 17:36:00,3486.7549515046285,0.000500671862523866
2020-03-31 17:37:00,3486.4703297220735,0.0004972814018147942
2020-03-31 17:38:00,3486.9789245237644,0.0004804886817779084
2020-03-31 17:39:00,3486.489581286383,0.0004970746613220896
2020-03-31 17:40:00,3483.560163781929,0.0005420357428376132
2020-03-31 17:41:00,3482.04165774831,0.0005889751942951436
2020-03-31 17:42:00,3483.6109509254293,0.0006128154764961595
2020-03-31 17:43:00,3485.288723937843,0.0006350485650353763
2020-03-31 17:44:00,3481.837686055419,0.0005953747223824803
2020-03-31 17:45:00,3481.7880751854123,0.0006085055596032073
2020-03-31 17:46:00,3481.8870976131343,0.0006069409943121114
2020-03-31 17:47:00,3478.5463151483336,0.0006132867751363409
2020-03-31 17:48:00,3479.3614378388993,0.0006299043049945943
2020-03-31 17:49:00,3480.611439514422,0.0006304553021508498
2020-03-31 17:50:00,3479.7892467362503,0.0005921912176282372
2020-03-31 17:51:00,3481.189468895499,0.0005813647765010508
2020-03-31 17:52:00,3483.098999661355,0.0006080715216234803
2020-03-31 17:53:00,3483.448900000947,0.0005955475016585133
2020-03-31 17:54:00,3480.553916598579,0.0005923818715899904
2020-03-31 17:55:00,3482.898506273887,0.0005955224248458053
2020-03-31 17:56:00,3482.5812630789264,0.0005775540129295948
2020-03-31 17:57:00,3485.8462148991966,0.000539717074862984
2020-03-31 17:58:00,3483.4510450044368,0.0005467589165771167
2020-03-31 17:59:00,3481.3738827323104,0.0005648379285461989
2020-03-31 18:00:00,3481.097434531904,0.0005881325782096174
2020-03-31 18:01:00,3477.672210020452,0.0006283180319248882
2020-03-31 18:02:00,3476.95531459284,0.0006141369709224578
2020-03-31 18:03:00,3482.6417269319663,0.0006171013272913792
2020-03-31 18:04:00,3480.8546013640557,0.0006384357207618753
2020-03-31 18:05:00,3478.6309054307562,0.0006472069457682272
2020-03-31 18:06:00,3476.9216777300485,0.0006105985629616882
2020-03-31 18:07:00,3476.2165990023386,0.0006312963074997761
2020-03-31 18:08:00,3474.4794682337315,0.0006521524618406514
2020-03-31 18:09:00,3475.1311334645548,0.0006492835697770577
2020-03-31 18:10:00,3476.8809919962673,0.0006902721251013958
2020-03-31 18:11:00,3482.3256627753744,0.0006326009563467079
2020-03-31 18:12:00,3482.7775260426884,0.00065786181151166
2020-03-31 18:13:00,3480.9468499289214,0.0006332566682887382
2020-03-31 18:14:00,3477.2818937147263,0.000647355951066355
2020-03-31 18:15:00,3477.6366511313104,0.0006788136112511895
2020-03-31 18:16:00,3474.6568590536867,0.0007034787815172311
2020-03-31 18:17:00,3473.0817306474287,0.0007074080767444007
2020-03-31 18:18:00,3475.341351096163,0.0007123568152181771
2020-03-31 18:19:00,3476.1525193403386,0.0007956966708636805
2020-03-31 18:20:00,3477.5103480396797,0.0008187356540638834
2020-03-31 18:21:00,3474.1375038289784,0.0008212787939833702
2020-03-31 18:22:00,3475.427016307165,0.000824027861110729
2020-03-31 18:23:00,3472.2370279729644,0.0008417974853145702
2020-03-31 18:24:00,3475.636472270835,0.00084258711987224
2020-03-31 18:25:00,3472.244404052875,0.0008317396257425072
2020-03-31 18:26:00,3470.0620521140945,0.0007987653120345155
2020-03-31 18:27:00,3465.205365496404,0.0008072854422537419
2020-03-31 18:28:00,3464.748887785174,0.0008350841174111738
2020-03-31 18:29:00,3462.564855519647,0.000808413043349345
2020-03-31 18:30:00,3461.519838748591,0.0007958802138291929
2020-03-31 18:31:00,3462.2889076018578,0.000755922462173875
2020-03-31 18:32:00,3463.468720817967,0.0007275834831393723
2020-03-31 18:33:00,3464.091355400496,0.000685673424708134
2020-03-31 18:34:00,3462.8468472455047,0.0007278190445747493
2020-03-31 18:35:00,3464.5789180278734,0.0007134234248882804
2020-03-31 18:36:00,3465.828608730487,0.0007594214613718013
2020-03-31 18:37:00,3464.989039523757,0.0008079010749887522
2020-03-31 18:38:00,3463.116656459263,0.0008119176059408563
2020-03-31 18:39:00,3460.2876974236938,0.0008471938433162387
2020-03-31 18:40:00,3459.8611570609883,0.0008466828806697107
2020-03-31 18:41:00,3464.1131194880045,0.0008511251262314719
2020-03-31 18:42:00,3465.0721329239163,0.0009072823360833236
2020-03-31 18:43:00,3464.1392164827303,0.0009031352418052511
2020-03-31 18:44:00,3461.1821459456132,0.0009304980090007165
2020-03-31 18:45:00,3460.483017763612,0.0009545013474006588
2020-03-31 18:46:00,3464.7287740604456,0.0009502748163139166
2020-03-31 18:47:00,3458.990810440132,0.0009703757553756652
2020-03-31 18:48:00,3452.972820584131,0.0009416053688902679
2020-03-31 18:49:00,3450.829966093488,0.000932902253185443
2020-03-31 18:50:00,3456.598523667889,0.0009254623886753188
2020-03-31 18:51:00,3463.148001246586,0.0009058776273789396
2020-03-31 18:52:00,3456.2627675046588,0.0009387814849897017
2020-03-31 18:53:00,3450.343249007573,0.000892264951908826
2020-03-31 18:54:00,3451.2627550791785,0.0008683687229293486
2020-03-31 18:55:00,3450.2954093037447,0.0008658581886552965
2020-03-31 18:56:00,3448.1667823464963,0.0009102777989388055
2020-03-31 18:57:00,3442.63031568297,0.0009041864633624111
2020-03-31 18:58:00,3438.660351239752,0.0008817386372187972
2020-03-31 18:59:00,3437.951277932343,0.0008937553144846041
2020-03-31 19:00:00,3439.519395954213,0.0009050050790701958
2020-03-31 19:01:00,3438.99107657172,0.0008983794258996425
2020-03-31 19:02:00,3437.8369797686987,0.0009056581861454791
2020-03-31 19:03:00,3437.803516917912,0.0009061540515017541
2020-03-31 19:04:00,3436.9341633034987,0.0008689508758025354
2020-03-31 19:05:00,3436.4423912711277,0.0008531306530337238
2020-03-31 19:06:00,3432.4219816386876,0.0008977448513426346
2020-03-31 19:07:00,3430.591856723896,0.0008239436963527169
2020-03-31 19:08:00,3428.399819107031,0.0008265878041029988
2020-03-31 19:09:00,3427.769750876532,0.0008433943232065685
2020-03-31 19:10:00,3423.9422364916695,0.0008336845879521417
2020-03-31 19:11:00,3421.982122390948,0.0008129055925540297
2020-03-31 19:12:00,3423.5878055402277,0.0007843568267129852
2020-03-31 19:13:00,3426.8239188331454,0.0007814795552700656
2020-03-31 19:14:00,3425.212307049049,0.000788322930184905
2020-03-31 19:15:00,3424.395777430079,0.0007404305547627754
2020-03-31 19:16:00,3422.4541950319917,0.0007209237093810945
2020-03-31 19:17:00,3420.8833050652597,0.0007564591662197927
2020-03-31 19:18:00,3413.40449781601,0.0008319748060538515
2020-03-31 19:19:00,3409.5434348706585,0.0008236741607014995
2020-03-31 19:20:00,3408.2961047712906,0.0008044818469848458
2020-03-31 19:21:00,3407.3151828691557,0.0007928559493134005
2020-03-31 19:22:00,3404.543248854317,0.000765359986273617
2020-03-31 19:23:00,3408.1366271822067,0.000766177332351238
2020-03-31 19:24:00,3404.355407511162,0.00076489433526695
2020-03-31 19:25:00,3400.4441713546307,0.0007860318910005853
2020-03-31 19:26:00,3396.529027192968,0.0007297085146822451
2020-03-31 19:27:00,3394.8936377646496,0.0007495804994107275
2020-03-31 19:28:00,3398.5208512025006,0.000701231550277971
2020-03-31 19:29:00,3397.5388145041366,0.0006851519183570205
2020-03-31 19:30:00,3399.86534242844,0.0006950703399132792
2020-03-31 19:31:00,3399.8640631774974,0.0006599277726038056
2020-03-31 19:32:00,3400.191728108143,0.000628242741807609
2020-03-31 19:33:00,3401.3077420244367,0.000665207104715816
2020-03-31 19:34:00,3399.5051968636058,0.0006664756776838732
2020-03-31 19:35:00,3400.609396342286,0.0006357723755739795
2020-03-31 19:36:00,3402.257727355138,0.0006223537697039786
2020-03-31 19:37:00,3402.673599783086,0.0006210674334456634
2020-03-31 19:38:00,3406.71616456144,0.0006297671809148095
2020-03-31 19:39:00,3407.657577942166,0.0006616109661643782
2020-03-31 19:40:00,3406.1127727185453,0.0006919838387962414
2020-03-31 19:41:00,3402.9020186788753,0.0007348980766390307
2020-03-31 19:42:00,3397.054035251504,0.0007696814911609782
2020-03-31 19:43:00,3397.610094810867,0.0008210528799006328
2020-03-31 19:44:00,3397.855575043068,0.0007919484070374283
2020-03-31 19:45:00,3398.5689797033688,0.0008115015226080484
2020-03-31 19:46:00,3400.782712810103,0.0008078348235826414
2020-03-31 19:47:00,3407.320104651053,0.0008762089798132807
2020-03-31 19:48:00,3404.207017895015,0.0009174899657390273
2020-03-31 19:49:00,3398.3410256483094,0.000921998312017327
2020-03-31 19:50:00,3397.2483529055567,0.0008975701384566764
2020-03-31 19:51:00,3396.522210026909,0.0009206528796796943
2020-03-31 19:52:00,3398.2793079862436,0.0010015192659019487
2020-03-31 19:53:00,3398.193206082325,0.0009473997824853248
2020-03-31 19:54:00,3395.1019751965714,0.0009567527110069404
2020-03-31 19:55:00,3393.343879887153,0.0008861427122174628
2020-03-31 19:56:00,3396.343074931219,0.0009312960965282636
2020-03-31 19:57:00,3397.120698276377,0.0008321899521954662
2020-03-31 19:58:00,3395.538782830226,0.0008351810906106241
2020-03-31 19:59:00,3396.9409561467023,0.0008294594518912246
2020-04-01 13:30:00,3518.3432312809077,0.0008391073705989922
2020-04-01 13:31:00,3514.914535876015,0.0008504222320306543
2020-04-01 13:32:00,3514.484485599824,0.0009101739230083826
2020-04-01 13:33:00,3525.8336001305693,0.0009475902888888746
2020-04-01 13:34:00,3520.8709061186155,0.0009727629389168368
2020-04-01 13:35:00,3520.721667538892,0.0009945297461238182
2020-04-01 13:36:00,3523.5118066386995,0.0010237941363541241
2020-04-01 13:37:00,3521.308630089623,0.0010723552404837218
2020-04-01 13:38:00,3520.169090450542,0.0009972738768008389
2020-04-01 13:39:00,3518.652011233816,0.0009949360685556374
2020-04-01 13:40:00,3521.846742075638,0.0009778595476434687
2020-04-01 13:41:00,3523.2774221816353,0.0009952417540633012
2020-04-01 13:42:00,3524.3426756317667,0.0009661239378801061
2020-04-01 13:43:00,3529.7185415034396,0.0009949660572705413
2020-04-01 13:44:00,3534.451300964916,0.0009647843955711046
2020-04-01 13:45:00,3529.9208181451295,0.0009780005223183686
2020-04-01 13:46:00,3531.846606689049,0.0009030195134236051
2020-04-01 13:47:00,3532.4718450660957,0.0008805177058819182
2020-04-01 13:48:00,3532.9979515124282,0.000879045831025916
2020-04-01 13:49:00,3529.470946324836,0.000984129678700949
2020-04-01 13:50:00,3529.2168522396746,0.0010054064464265515
2020-04-01 13:51:00,3534.778309192126,0.0011308586386527075
2020-04-01 13:52:00,3532.291880575322,0.0011624902690001732
2020-04-01 13:53:00,3534.3950849017865,0.0010809314800000968
2020-04-01 13:54:00,3538.629505322902,0.0011907543068578246
2020-04-01 13:55:00,3538.6326585309034,0.00119244662330732
2020-04-01 13:56:00,3541.7930092533147,0.0011674145886353014
2020-04-01 13:57:00,3534.0551808960295,0.001193697748379637
2020-04-01 13:58:00,3527.4975674195075,0.0012340531400937577
2020-04-01 13:59:00,3526.9475077813045,0.0011848455156051616
2020-04-01 14:00:00,3529.702124138505,0.0012167619628219446
2020-04-01 14:01:00,3525.1681631912193,0.0011998894550513304
2020-04-01 14:02:00,3521.195408189292,0.0011375377161663498
2020-04-01 14:03:00,3524.5234584257605,0.0010365884046964517
2020-04-01 14:04:00,3523.9385139457568,0.0010214032127945655
2020-04-01 14:05:00,3530.6889766853237,0.0010555987120646163
2020-04-01 14:06:00,3533.707696948858,0.0010254928822251463
2020-04-01 14:07:00,3532.1348043263924,0.0010393874033383912
2020-04-01 14:08:00,3531.745927466917,0.0011043895410200158
2020-04-01 14:09:00,3530.306640815313,0.001239088618025211
2020-04-01 14:10:00,3528.929147143796,0.0012283122341127043
2020-04-01 14:11:00,3532.769266572184,0.0013114174045591276
2020-04-01 14:12:00,3532.652471760299,0.0013206641825612348
2020-04-01 14:13:00,3534.2386903960764,0.0013418553328675936
2020-04-01 14:14:00,3534.4096998414343,0.0013161346470771072
2020-04-01 14:15:00,3538.799263259917,0.0013342683810214585
2020-04-01 14:16:00,3548.306297456696,0.0012717630219029389
2020-04-01 14:17:00,3544.2863165974995,0.0012691371464511757
2020-04-01 14:18:00,3542.840269100896,0.0012119729901217025
2020-04-01 14:19:00,3544.813764886704,0.001256514695377605
2020-04-01 14:20:00,3549.000459630193,0.0012556027247512401
2020-04-01 14:21:00,3548.0324760073813,0.001293311054819627
2020-04-01 14:22:00,3556.176346129154,0.0011984181544969499
2020-04-01 14:23:00,3557.0596797309818,0.0011601879554783917
2020-04-01 14:24:00,3556.4436784037475,0.00119777460708303
2020-04-01 14:25:00,3556.690781135639,0.001247705173757355
2020-04-01 14:26:00,3550.985221979571,0.001150719659274675
2020-04-01 14:27:00,3552.9819630111383,0.0011468039900633387
2020-04-01 14:28:00,3553.629919965211,0.001097685061410021
2020-04-01 14:29:00,3556.2142147307973,0.0010172737410408007
2020-04-01 14:30:00,3557.0764964394734,0.001017643395424973
2020-04-01 14:31:00,3551.2887240153077,0.0010319121586733597
2020-04-01 14:32:00,3543.83477854948,0.0010989003251500656
2020-04-01 14:33:00,3541.0182794932266,0.0010208237827585753
2020-04-01 14:34:00,3535.8815855609387,0.0010243796988164424
2020-04-01 14:35:00,3538.2464963020193,0.0010522053011786203
2020-04-01 14:36:00,3541.4325534819486,0.0010381208657781694
2020-04-01 14:37:00,3539.422684961636,0.0010929566489593192
2020-04-01 14:38:00,3542.521558637792,0.0010710264236314378
2020-04-01 14:39:00,3544.9063027652624,0.0010528495826966175
2020-04-01 14:40:00,3549.188367892479,0.0010779519255396048
2020-04-01 14:41:00,3540.829458187132,0.0010555198282834865
2020-04-01 14:42:00,3539.1545499214094,0.0010172231351084876
2020-04-01 14:43:00,3542.9454395338225,0.0009764492039935124
2020-04-01 14:44:00,3542.54443549229,0.0009800545734334107
2020-04-01 14:45:00,3542.6304627899563,0.000990253976843142
2020-04-01 14:46:00,3537.999427479261,0.000993914387443562
2020-04-01 14:47:00,3540.642267300685,0.0008945906665163496
2020-04-01 14:48:00,3539.9771789549222,0.0009300864101079986
2020-04-01 14:49:00,3534.976402162398,0.0009147532506760198
2020-04-01 14:50:00,3535.35366929769,0.0008724107039957362
2020-04-01 14:51:00,3535.178724556505,0.000850506756764989
2020-04-01 14:52:00,3536.6205489677936,0.0008733993614726534
2020-04-01 14:53:00,3534.9170940618665,0.0009571880765375182
2020-04-01 14:54:00,3536.9118219674015,0.0009162667548232487
2020-04-01 14:55:00,3536.994991627397,0.0008955168788769159
2020-04-01 14:56:00,3537.106263339058,0.0008928936013960847
2020-04-01 14:57:00,3537.531685667155,0.0008404384576001909
2020-04-01 14:58:00,3539.1962910122857,0.0008454217947793472
2020-04-01 14:59:00,3544.947155262181,0.0008035122078372316
2020-04-01 15:00:00,3549.285345557794,0.0008411846406636645
2020-04-01 15:01:00,3549.5960996157182,0.0008862567851238463
2020-04-01 15:02:00,3546.034502856042,0.0009159328055287475
2020-04-01 15:03:00,3542.941550758599,0.0009411674449611436
2020-04-01 15:04:00,3538.1026524500644,0.0009484121811345149
2020-04-01 15:05:00,3536.84184278497,0.0009088657672134398
2020-04-01 15:06:00,3539.5366262936395,0.0009757626140655529
2020-04-01 15:07:00,3542.2644431570648,0.0010061611099462895
2020-04-01 15:08:00,3543.6191736783117,0.000999351890419191
2020-04-01 15:09:00,3538.3993681648703,0.0010063224958499555
2020-04-01 15:10:00,3540.31233724304,0.0009658418750699829
2020-04-01 15:11:00,3533.7691074105733,0.0009522178421977887
2020-04-01 15:12:00,3531.6162378494746,0.0008762315370264957
2020-04-01 15:13:00,3529.2557998927055,0.0009466329140281313
2020-04-01 15:14:00,3530.9242753635067,0.0009739332079604778
2020-04-01 15:15:00,3525.1702010494364,0.0009404025720863236
2020-04-01 15:16:00,3523.5637656697136,0.0008683011467161946
2020-04-01 15:17:00,3521.1693085756683,0.0009448936976599247
2020-04-01 15:18:00,3520.884499200494,0.0009205300743309714
2020-04-01 15:19:00,3521.197220132946,0.0009059710922756694
2020-04-01 15:20:00,3515.388211119395,0.0009574857809631255
2020-04-01 15:21:00,3519.2503869321263,0.0009866347948469703
2020-04-01 15:22:00,3517.4863201433345,0.0010576623272278572
2020-04-01 15:23:00,3513.733329974583,0.0011112171761889192
2020-04-01 15:24:00,3507.9637471336323,0.0011499448705909435
2020-04-01 15:25:00,3506.8739076029583,0.001193962906751483
2020-04-01 15:26:00,3505.6264512907574,0.0012120534949825576
2020-04-01 15:27:00,3504.6690539237484,0.0012342908487178272
2020-04-01 15:28:00,3500.2548571967536,0.0012973188050329101
2020-04-01 15:29:00,3503.9873078852206,0.0013278425755842969
2020-04-01 15:30:00,3507.235943164106,0.0013258296928733032
2020-04-01 15:31:00,3505.9970539474643,0.0013385264461926553
2020-04-01 15:32:00,3505.737600836051,0.0013869249307552809
2020-04-01 15:33:00,3505.4617441809924,0.0013538185615813323
2020-04-01 15:34:00,3504.1161075100904,0.001346991972608614
2020-04-01 15:35:00,3506.460302087142,0.001325879623470902
2020-04-01 15:36:00,3501.2875379381026,0.0012893412601854284
2020-04-01 15:37:00,3501.122162311504,0.0012755543709314153
2020-04-01 15:38:00,3500.8792965059433,0.0012715875713435877
2020-04-01 15:39:00,3488.7760623007007,0.0013278597158458481
2020-04-01 15:40:00,3495.405775828464,0.0013437619079845354
2020-04-01 15:41:00,3493.281068193977,0.001325109442601765
2020-04-01 15:42:00,3499.411495016619,0.0013996539125790749
2020-04-01 15:43:00,3496.3361190362943,0.0015038526235993713
2020-04-01 15:44:00,3499.184720814978,0.0015111357508983737
2020-04-01 15:45:00,3493.625448176666,0.0015561058391786215
2020-04-01 15:46:00,3494.8890175119727,0.0015571778097981902
2020-04-01 15:47:00,3493.2026730683574,0.0015761799655365906
2020-04-01 15:48:00,3501.345749843673,0.0016416753934185401
2020-04-01 15:49:00,3504.7252778245297,0.001569493931708187
2020-04-01 15:50:00,3506.1845570823098,0.0015586585676413808
2020-04-01 15:51:00,3510.756754853141,0.0014790634108066284
2020-04-01 15:52:00,3516.357739387589,0.001487941572120324
2020-04-01 15:53:00,3510.8412096190077,0.0015102482523410331
2020-04-01 15:54:00,3506.6064625329773,0.0014496699123352247
2020-04-01 15:55:00,3513.7401625100897,0.0014213005560247817
2020-04-01 15:56:00,3513.3579667049603,0.0014727489324481342
2020-04-01 15:57:00,3510.914579980365,0.0015355893766757908
2020-04-01 15:58:00,3513.3899082203507,0.0015166521800705469
2020-04-01 15:59:00,3507.490918625708,0.0015322782265619257
2020-04-01 16:00:00,3506.204163370269,0.0013938342958027077
2020-04-01 16:01:00,3506.4443862825588,0.0013752079343495147
2020-04-01 16:02:00,3503.512274332927,0.0013730302261441936
2020-04-01 16:03:00,3504.7785506464975,0.0013982435428591083
2020-04-01 16:04:00,3511.9906518417442,0.0014144307658414247
2020-04-01 16:05:00,3513.1723863084335,0.001432955761417043
2020-04-01 16:06:00,3515.3496222412764,0.001355923538864964
2020-04-01 16:07:00,3506.673587714369,0.0012787679596093153
2020-04-01 16:08:00,3511.875131827258,0.001229492196823693
2020-04-01 16:09:00,3512.7407158447045,0.0012686994040713437
2020-04-01 16:10:00,3509.830904628015,0.00118090466713697
2020-04-01 16:11:00,3500.060423489589,0.0011883324931308097
2020-04-01 16:12:00,3495.626896909861,0.0011221292706364001
2020-04-01 16:13:00,3495.674014287265,0.0011082793104255798
2020-04-01 16:14:00,3492.3785772524657,0.0011788007633658558
2020-04-01 16:15:00,3504.098646344598,0.0013245729390671708
2020-04-01 16:16:00,3501.0097244116155,0.001384200628020678
2020-04-01 16:17:00,3509.4970104266554,0.0013516616651576736
2020-04-01 16:18:00,3509.537175610697,0.001251303454450422
2020-04-01 16:19:00,3511.46077243681,0.0012099504365179498
2020-04-01 16:20:00,3509.8690475460708,0.0012823272529625981
2020-04-01 16:21:00,3507.6087978331634,0.0011899527766767622
2020-04-01 16:22:00,3503.2156445169044,0.0012264980541558577
2020-04-01 16:23:00,3512.442902087711,0.0011945467028387242
2020-04-01 16:24:00,3511.703651397699,0.0012466650223349053
2020-04-01 16:25:00,3512.6030065480095,0.0012601131900921924
2020-04-01 16:26:00,3512.564858995411,0.0012148415246163197
2020-04-01 16:27:00,3521.4223330270443,0.0012560920580481796
2020-04-01 16:28:00,3523.0074264843806,0.001186192605616496
2020-04-01 16:29:00,3522.7956187441014,0.0011722697786259108
2020-04-01 16:30:00,3524.6519647999808,0.001158338008683268
2020-04-01 16:31:00,3520.529510531272,0.0010780575979343733
2020-04-01 16:32:00,3514.777540958783,0.0011028738150103473
2020-04-01 16:33:00,3509.7664897294653,0.0011196424670155299
2020-04-01 16:34:00,3513.8539781958702,0.0010984389822106945
2020-04-01 16:35:00,3516.6047323336793,0.001080892825916857
2020-04-01 16:36:00,3520.364806043647,0.0010878136910303583
2020-04-01 16:37:00,3524.8409119871985,0.0010861347324115853
2020-04-01 16:38:00,3523.6152628757695,0.0010392476212439242
2020-04-01 16:39:00,3517.0673155367094,0.0010054520013860915
2020-04-01 16:40:00,3515.549006813454,0.0009506140561054124
2020-04-01 16:41:00,3510.871430762856,0.000977895227730083
2020-04-01 16:42:00,3512.7204130111863,0.000959561376354348
2020-04-01 16:43:00,3513.6969530843803,0.0009524871183319682
2020-04-01 16:44:00,3518.186158387353,0.0009310255370420456
2020-04-01 16:45:00,3519.555261805489,0.0008384749996348944
2020-04-01 16:46:00,3517.867890612641,0.0008775447342924386
2020-04-01 16:47:00,3515.926200101514,0.0008674394987927347
2020-04-01 16:48:00,3518.7022261917814,0.0008338895253286015
2020-04-01 16:49:00,3518.9715422817826,0.0007995864262607084
2020-04-01 16:50:00,3515.9204322760465,0.0008237554952689114
2020-04-01 16:51:00,3514.4299340302573,0.0008258663193698157
2020-04-01 16:52:00,3518.617928319012,0.0007913107336888519
2020-04-01 16:53:00,3518.6660249992783,0.0007718754506988094
2020-04-01 16:54:00,3518.626907848879,0.0007806620977405199
2020-04-01 16:55:00,3517.2161673494634,0.0007673403381349413
2020-04-01 16:56:00,3515.058683715818,0.0008289777619642008
2020-04-01 16:57:00,3517.8840840290995,0.000782646847989587
2020-04-01 16:58:00,3516.4895400442815,0.0008319310443598537
2020-04-01 16:59:00,3518.264570546772,0.0008734717158627068
2020-04-01 17:00:00,3518.480294908909,0.0009008505612603175
2020-04-01 17:01:00,3521.380099264454,0.0008941325344444583
2020-04-01 17:02:00,3525.5958243763307,0.0008588715033790377
2020-04-01 17:03:00,3520.692200975884,0.0008680706867429394
2020-04-01 17:04:00,3518.7397394664667,0.0008253337534376189
2020-04-01 17:05:00,3519.2050537972764,0.0008141776783357577
2020-04-01 17:06:00,3514.438701749842,0.0008651226499332334
2020-04-01 17:07:00,3509.9906568957217,0.0009299715816311103
2020-04-01 17:08:00,3507.2049989409884,0.0008585701175369063
2020-04-01 17:09:00,3507.570113681609,0.0008787352524606196
2020-04-01 17:10:00,3513.175387702406,0.0009278901625716735
2020-04-01 17:11:00,3512.8595698660174,0.0009397003073090119
2020-04-01 17:12:00,3510.6799089932156,0.0009492567927328877
2020-04-01 17:13:00,3509.451741959421,0.000911363978676854
2020-04-01 17:14:00,3507.521897754956,0.0008307358901512202
2020-04-01 17:15:00,3504.198912969907,0.0008610551259799651
2020-04-01 17:16:00,3499.885745194627,0.0008909137113542042
2020-04-01 17:17:00,3503.8315860758157,0.0009095638243482962
2020-04-01 17:18:00,3504.7775156757402,0.0009344960362162782
2020-04-01 17:19:00,3503.6019557307463,0.000896115552757318
2020-04-01 17:20:00,3502.0146734708264,0.0009209811912529768
2020-04-01 17:21:00,3504.2466858197463,0.000912096704949541
2020-04-01 17:22:00,3500.8509899809037,0.0008738491575934965
2020-04-01 17:23:00,3502.8933193916578,0.00084737105141492
2020-04-01 17:24:00,3504.238061947932,0.0008561504435520468
2020-04-01 17:25:00,3506.180599715733,0.0008953413695373685
2020-04-01 17:26:00,3503.6161512441045,0.0008627882125492718
2020-04-01 17:27:00,3505.2751864899424,0.0008667507167870669
2020-04-01 17:28:00,3506.757015504185,0.0009496511702884679
2020-04-01 17:29:00,3509.6501763365345,0.0009754347841235797
2020-04-01 17:30:00,3506.0752190809912,0.0008792425335275938
2020-04-01 17:31:00,3508.196214767377,0.000822496323248511
2020-04-01 17:32:00,3507.0351047884988,0.0008192352021547472
2020-04-01 17:33:00,3505.5333293491244,0.0007950329595911791
2020-04-01 17:34:00,3509.5742886074095,0.0007693131858000357
2020-04-01 17:35:00,3509.101497482217,0.0007004408153802279
2020-04-01 17:36:00,3509.213920011865,0.000686318459360999
2020-04-01 17:37:00,3509.5905642173975,0.0006743523395776498
2020-04-01 17:38:00,3508.7143957118783,0.0006150593951516877
2020-04-01 17:39:00,3504.8658449372074,0.0006318075028240545
2020-04-01 17:40:00,3507.7479227381123,0.0006487420985749567
2020-04-01 17:41:00,3507.5314165578175,0.0006558548546690246
2020-04-01 17:42:00,3507.5766194825724,0.0006435363072965476
2020-04-01 17:43:00,3508.3243531373946,0.0006257292952537252
2020-04-01 17:44:00,3508.6630403181875,0.0006822365454782825
2020-04-01 17:45:00,3510.011416287854,0.0007000436659293511
2020-04-01 17:46:00,3508.6385879990803,0.0006934519299996795
2020-04-01 17:47:00,3512.5077159393513,0.0006521837594152037
2020-04-01 17:48:00,3507.395682197239,0.0006418676524552529
2020-04-01 17:49:00,3508.2223137563624,0.0006204789588195572
2020-04-01 17:50:00,3506.085799869168,0.0005635111363734932
2020-04-01 17:51:00,3506.3223887795534,0.0005537260312220257
2020-04-01 17:52:00,3506.000667744048,0.0005233062774272716
2020-04-01 17:53:00,3506.851667774586,0.0005156054104572963
2020-04-01 17:54:00,3507.3917707558985,0.0004844932318766179
2020-04-01 17:55:00,3510.174839737114,0.0004574006962667167
2020-04-01 17:56:00,3512.7687667604378,0.00043999293100731074
2020-04-01 17:57:00,3513.9901569054864,0.00043191042150845637
2020-04-01 17:58:00,3511.026148573079,0.000432190345694146
2020-04-01 17:59:00,3511.79285913153,0.0004418250368214207
2020-04-01 18:00:00,3509.7818003685084,0.0004450321505631162
2020-04-01 18:01:00,3510.5759461417824,0.00043971605143924136
2020-04-01 18:02:00,3509.30988486396,0.0004389096392006365
2020-04-01 18:03:00,3508.748071151003,0.00043546428750860995
2020-04-01 18:04:00,3507.2895123209214,0.00043768555568748517
2020-04-01 18:05:00,3508.2417079563916,0.00046842590649367533
2020-04-01 18:06:00,3505.953629099047,0.000493877576831881
2020-04-01 18:07:00,3505.092545192938,0.0005212407861052746
2020-04-01 18:08:00,3502.898973234946,0.0005186445639818319
2020-04-01 18:09:00,3504.1006080118864,0.0005807945289873711
2020-04-01 18:10:00,3503.1075195343137,0.0005811407682110579
2020-04-01 18:11:00,3501.369797128992,0.0005889452218566405
2020-04-01 18:12:00,3504.253197924076,0.0005878216343017715
2020-04-01 18:13:00,3502.8481577942684,0.0006459468196594008
2020-04-01 18:14:00,3502.982419424796,0.0006395634575433612
2020-04-01 18:15:00,3503.3989356741813,0.0007262491779185381
2020-04-01 18:16:00,3502.3233494444116,0.0006678816687441858
2020-04-01 18:17:00,3502.6651807100848,0.0006596262375684129
2020-04-01 18:18:00,3506.2711143420147,0.0006444033746542768
2020-04-01 18:19:00,3504.472248729141,0.0006724588463544068
2020-04-01 18:20:00,3502.748796442702,0.0006541714835606455
2020-04-01 18:21:00,3503.3635114204176,0.0006550016216671174
2020-04-01 18:22:00,3503.5128966017287,0.0007227856087634499
2020-04-01 18:23:00,3504.281266596636,0.0007071526732926349
2020-04-01 18:24:00,3504.5324530554353,0.0007472232751718914
2020-04-01 18:25:00,3504.954038236979,0.0007690588871814173
2020-04-01 18:26:00,3505.845702697017,0.0008012832708580341
2020-04-01 18:27:00,3506.492630433108,0.0008230922084942884
2020-04-01 18:28:00,3508.160613745306,0.000880259011789063
2020-04-01 18:29:00,3512.152744366708,0.0009639672126920232
2020-04-01 18:30:00,3506.9501713860477,0.0009700266627382094
2020-04-01 18:31:00,3508.0701278775887,0.0009970668625571412
2020-04-01 18:32:00,3505.925800317118,0.0010047321511622831
2020-04-01 18:33:00,3503.6211931425964,0.001011203464009993
2020-04-01 18:34:00,3501.002524805909,0.0009741961704431783
2020-04-01 18:35:00,3500.4087216139337,0.0009733118685973819
2020-04-01 18:36:00,3495.595169527588,0.0009070896782960934
2020-04-01 18:37:00,3494.6115673296417,0.000896621238440261
2020-04-01 18:38:00,3495.2187055879585,0.0009123653676459504
2020-04-01 18:39:00,3492.7441278368606,0.0009253488642505192
2020-04-01 18:40:00,3495.4347761016566,0.0008748519162462031
2020-04-01 18:41:00,3494.1932724918984,0.0008558358654734259
2020-04-01 18:42:00,3491.0169692481977,0.0008586225317680314
2020-04-01 18:43:00,3487.3781419293964,0.000788229590673297
2020-04-01 18:44:00,3485.9061562390184,0.0008551330755208657
2020-04-01 18:45:00,3484.0636306421206,0.0008598745868040162
2020-04-01 18:46:00,3484.7216212790545,0.0008961006302693869
2020-04-01 18:47:00,3486.383762889602,0.0008961288233568318
2020-04-01 18:48:00,3488.909208010719,0.0008575627893610593
2020-04-01 18:49:00,3494.265144124331,0.0008406369922769873
2020-04-01 18:50:00,3498.9772962759625,0.0008334638003574766
2020-04-01 18:51:00,3499.251457919584,0.0008784925873417174
2020-04-01 18:52:00,3492.769387073891,0.0008395272915166286
2020-04-01 18:53:00,3493.3171208763324,0.0008154669103951854
2020-04-01 18:54:00,3492.9885752497307,0.0007827591764005801
2020-04-01 18:55:00,3496.2718668622133,0.0008431695360680959
2020-04-01 18:56:00,3496.3396937595726,0.0007817303587434716
2020-04-01 18:57:00,3494.7478913614523,0.0007729839790086291
2020-04-01 18:58:00,3494.9409410731364,0.0007279405814030037
2020-04-01 18:59:00,3495.248193838619,0.000715426377536423
2020-04-01 19:00:00,3496.211950746641,0.0006613128352425072
2020-04-01 19:01:00,3498.206417049111,0.000624125337063184
2020-04-01 19:02:00,3498.9763956761612,0.0006465470819258751
2020-04-01 19:03:00,3496.144648729145,0.0005932625052964153
2020-04-01 19:04:00,3498.7834734767534,0.0006062151830196697
2020-04-01 19:05:00,3498.718094264922,0.0006364511621805287
2020-04-01 19:06:00,3500.561251254916,0.0006499742093693556
2020-04-01 19:07:00,3496.2181540317506,0.0006564693321598782
2020-04-01 19:08:00,3499.858647514529,0.0006322746828344381
2020-04-01 19:09:00,3498.475415722403,0.0006627248146757475
2020-04-01 19:10:00,3497.27560342199,0.0006455698430737271
2020-04-01 19:11:00,3493.6454419772804,0.0006827105687340053
2020-04-01 19:12:00,3491.9271035626534,0.0006719948976992739
2020-04-01 19:13:00,3489.8997563597895,0.000678676153411323
2020-04-01 19:14:00,3487.6369943105396,0.0007057745507388956
2020-04-01 19:15:00,3488.100745135577,0.0006690897694563209
2020-04-01 19:16:00,3488.925789609864,0.0006676133926293452
2020-04-01 19:17:00,3491.619071566622,0.000695916431339095
2020-04-01 19:18:00,3491.5592331538414,0.0007266395464714672
2020-04-01 19:19:00,3493.7274131137638,0.0007440246089711143
2020-04-01 19:20:00,3493.3913199510516,0.0007397643017652716
2020-04-01 19:21:00,3491.8557562796454,0.0007196004391327366
2020-04-01 19:22:00,3490.7648971291123,0.0007551563178551635
2020-04-01 19:23:00,3490.440311165812,0.000738115110379653
2020-04-01 19:24:00,3488.209708666334,0.000758959828003677
2020-04-01 19:25:00,3491.6515027382043,0.0007711186135065182
2020-04-01 19:26:00,3491.6223576991206,0.0007739585782052536
2020-04-01 19:27:00,3495.8617024797986,0.0007684606084549392
2020-04-01 19:28:00,3495.4731925651604,0.000776327523715539
2020-04-01 19:29:00,3491.8198727812623,0.0007980306706812568
2020-04-01 19:30:00,3498.6639209049567,0.0007911804582134172
2020-04-01 19:31:00,3500.4599193389645,0.0007525169624483843
2020-04-01 19:32:00,3499.2266642092545,0.000772521510193565
2020-04-01 19:33:00,3499.57962538329,0.0008088272953379202
2020-04-01 19:34:00,3501.902806553443,0.0007602552657694266
2020-04-01 19:35:00,3500.942058064926,0.000773541105399307
2020-04-01 19:36:00,3503.7594225988223,0.0007648456806296091
2020-04-01 19:37:00,3502.720700599882,0.0007687862776925121
2020-04-01 19:38:00,3503.5092174187216,0.0007550541922806989
2020-04-01 19:39:00,3507.7665300555,0.0008026359612175637
2020-04-01 19:40:00,3508.8695448336284,0.0008277309699157402
2020-04-01 19:41:00,3504.928470115794,0.0008590835303818551
2020-04-01 19:42:00,3505.268835882816,0.0009258622040032649
2020-04-01 19:43:00,3505.3872516838182,0.000877418968198033
2020-04-01 19:44:00,3508.036924934125,0.0008999772060837589
2020-04-01 19:45:00,3507.392724829384,0.0008986572097675758
2020-04-01 19:46:00,3509.135296136811,0.0008891195105195396
2020-04-01 19:47:00,3506.295700747279,0.0008539507931727237
2020-04-01 19:48:00,3501.3672580027146,0.0008064916423541094
2020-04-01 19:49:00,3500.1601260496977,0.0008733113478180556
2020-04-01 19:50:00,3501.162406180416,0.000853257359333683
2020-04-01 19:51:00,3504.0039816486183,0.0008506204443612396
2020-04-01 19:52:00,3506.7797742868865,0.0008576982978056402
2020-04-01 19:53:00,3504.8830696479317,0.0008607933540713625
2020-04-01 19:54:00,3504.8741617389273,0.0008680597703284583
2020-04-01 19:55:00,3508.0933519212635,0.0008874844529734226
2020-04-01 19:56:00,3502.649302850952,0.0008296552299802702
2020-04-01 19:57:00,3506.4623489029404,0.0008328779605554565
2020-04-01 19:58:00,3505.331085777577,0.0007897210518766032
2020-04-01 19:59:00,3502.3851160420686,0.0008050070600683949
2020-04-02 13:30:00,3701.4751698393134,0.0007862900351237328
2020-04-02 13:31:00,3702.764163121418,0.0007898050256921502
2020-04-02 13:32:00,3699.4140132259595,0.0008094875010209501
2020-04-02 13:33:00,3699.744465426783,0.0007979802717040397
2020-04-02 13:34:00,3703.3212932170495,0.0007697345816245871
2020-04-02 13:35:00,3704.9079210576283,0.0007540239382364792
2020-04-02 13:36:00,3707.3163410620386,0.0007595159084900683
2020-04-02 13:37:00,3703.8964947697154,0.0007996817190770423
2020-04-02 13:38:00,3705.8933636365227,0.0008072273102305476
2020-04-02 13:39:00,3706.3930990555405,0.0007417236176800269
2020-04-02 13:40:00,3708.2945486117233,0.0007586124256358134
2020-04-02 13:41:00,3708.434693049253,0.0007723403072265308
2020-04-02 13:42:00,3708.572319831117,0.0007709630561142996
2020-04-02 13:43:00,3712.0166696354736,0.0007574948206439738
2020-04-02 13:44:00,3713.4942701527552,0.0007455172850337457
2020-04-02 13:45:00,3714.387339194798,0.0008436715117500371
2020-04-02 13:46:00,3711.851599163382,0.0008172491613669996
2020-04-02 13:47:00,3710.3851575524955,0.0008502718074695787
2020-04-02 13:48:00,3709.3339583201578,0.0008319688157467652
2020-04-02 13:49:00,3709.4544707791265,0.0007973104504639226
2020-04-02 13:50:00,3711.036782224028,0.0007580208415880681
2020-04-02 13:51:00,3712.3483877242847,0.0007748627211631118
2020-04-02 13:52:00,3707.711620505757,0.0007830780869507507
2020-04-02 13:53:00,3708.197293279055,0.0007895434511328607
2020-04-02 13:54:00,3710.784161680534,0.0007587293549285307
2020-04-02 13:55:00,3716.3472884614093,0.0007931909698967206
2020-04-02 13:56:00,3717.068663780882,0.0007678458497610546
2020-04-02 13:57:00,3716.6411938513334,0.0007992130842995827
2020-04-02 13:58:00,3723.0329654748257,0.0008686102581085091
2020-04-02 13:59:00,3722.715210938074,0.0007900657179456757
2020-04-02 14:00:00,3720.8157610403528,0.0007944924817089395
2020-04-02 14:01:00,3723.514299816125,0.0008420745360077734
2020-04-02 14:02:00,3724.091046973934,0.0009022520766655836
2020-04-02 14:03:00,3721.310847143349,0.0008508946839722533
2020-04-02 14:04:00,3721.5828371041466,0.0007774598547443979
2020-04-02 14:05:00,3724.708194023452,0.0007480629782520609
2020-04-02 14:06:00,3726.1792140218263,0.0007283230753488198
2020-04-02 14:07:00,3723.1715088184965,0.0007302904625938342
2020-04-02 14:08:00,3719.3712417855486,0.0006953105149948551
2020-04-02 14:09:00,3717.410269365498,0.0006781326069853421
2020-04-02 14:10:00,3715.3883447500566,0.0006715652490939426
2020-04-02 14:11:00,3716.021048004973,0.0006737645369830112
2020-04-02 14:12:00,3712.585934508278,0.0006790303480767707
2020-04-02 14:13:00,3710.5173930143565,0.0006650926577681112
2020-04-02 14:14:00,3713.479420471842,0.0006344794125074971
2020-04-02 14:15:00,3716.2327154095965,0.0006173452566737594
2020-04-02 14:16:00,3713.6543933718185,0.0006049217794222729
2020-04-02 14:17:00,3711.4371636121487,0.0005864879322102815
2020-04-02 14:18:00,3708.629797364405,0.0005652321268856393
2020-04-02 14:19:00,3708.8260498070986,0.0005847231171733523
2020-04-02 14:20:00,3707.416769138871,0.0005566465784005639
2020-04-02 14:21:00,3708.8391825040585,0.0005480823188942248
2020-04-02 14:22:00,3710.337475417584,0.0005492207207391246
2020-04-02 14:23:00,3710.258812296067,0.0005737786003660268
2020-04-02 14:24:00,3706.997885812401,0.0005740883117522409
2020-04-02 14:25:00,3706.0262957075315,0.0005952659578605167
2020-04-02 14:26:00,3708.799576922156,0.0005928078492976946
2020-04-02 14:27:00,3709.9715250764193,0.0005878795910745027
2020-04-02 14:28:00,3709.505353766861,0.0006087817284526265
2020-04-02 14:29:00,3711.140918935562,0.0006336761428387742
2020-04-02 14:30:00,3714.1584691058756,0.0006373976247154994
2020-04-02 14:31:00,3714.2260503191255,0.0006126253808806384
2020-04-02 14:32:00,3716.0555828812544,0.0005988214195197111
2020-04-02 14:33:00,3717.8137076416647,0.0006233999145530794
2020-04-02 14:34:00,3720.9065851944188,0.0006179779457786764
2020-04-02 14:35:00,3721.954246243526,0.0006398451331230179
2020-04-02 14:36:00,3717.0804793022908,0.0006716240120852251
2020-04-02 14:37:00,3718.0876324018577,0.000686812695889191
2020-04-02 14:38:00,3717.0133383840084,0.0006468343050522151
2020-04-02 14:39:00,3718.953957321542,0.0006624794928722633
2020-04-02 14:40:00,3721.107102730016,0.000653127014968529
2020-04-02 14:41:00,3716.1288524524653,0.0006673070174755494
2020-04-02 14:42:00,3711.313455792017,0.0006844160105937448
2020-04-02 14:43:00,3712.6005010569015,0.0006940030995249786
2020-04-02 14:44:00,3714.2335090554507,0.0006887903793754872
2020-04-02 14:45:00,3716.284461360739,0.0007053397225083543
2020-04-02 14:46:00,3714.5783936727726,0.0007093507797118891
2020-04-02 14:47:00,3718.141227751986,0.0006775388459232614
2020-04-02 14:48:00,3718.2796271075827,0.0006702814618648557
2020-04-02 14:49:00,3718.651013574662,0.0006882419633540763
2020-04-02 14:50:00,3717.8701001362783,0.0007230717309245385
2020-04-02 14:51:00,3719.111121643722,0.0007076689018890368
2020-04-02 14:52:00,3717.539279665496,0.0006756222738550487
2020-04-02 14:53:00,3719.7886673574485,0.0006428527227488569
2020-04-02 14:54:00,3722.1915197834633,0.0006575903302283413
2020-04-02 14:55:00,3724.377537959715,0.0006757814034767272
2020-04-02 14:56:00,3722.5661848381806,0.0006667151512131942
2020-04-02 14:57:00,3725.307589813062,0.0006722730942810866
2020-04-02 14:58:00,3724.428974076398,0.0006842963658827623
2020-04-02 14:59:00,3724.04007057269,0.000702129600325004
2020-04-02 15:00:00,3723.212742310861,0.0006865180188031787
2020-04-02 15:01:00,3719.1470941143452,0.0006843630338015446
2020-04-02 15:02:00,3716.8454596966326,0.000639751534953607
2020-04-02 15:03:00,3718.8436837678983,0.0006602207430266841
2020-04-02 15:04:00,3717.741150817004,0.0006053703461326603
2020-04-02 15:05:00,3715.3352258242885,0.0005611190700276036
2020-04-02 15:06:00,3715.6703270263706,0.000577803281679755
2020-04-02 15:07:00,3717.3972957333285,0.0005629523998134423
2020-04-02 15:08:00,3720.480332038918,0.0005751443659534596
2020-04-02 15:09:00,3721.0804442610806,0.0005662145237755389
2020-04-02 15:10:00,3717.5311443910714,0.0005280226528840866
2020-04-02 15:11:00,3717.804129817461,0.0005378994708767812
2020-04-02 15:12:00,3714.0425735392737,0.0005325352258321591
2020-04-02 15:13:00,3713.2417373277754,0.0004917361674950623
2020-04-02 15:14:00,3712.771126541963,0.000508082525360007
2020-04-02 15:15:00,3712.1753560410434,0.000547509285717366
2020-04-02 15:16:00,3710.475868069893,0.0005065073847022823
2020-04-02 15:17:00,3709.7824883669737,0.0004847978973375262
2020-04-02 15:18:00,3711.9274453015546,0.0004879352775639248
2020-04-02 15:19:00,3710.2581375892346,0.0004990951850960578
2020-04-02 15:20:00,3708.491500864074,0.0005013792605278899
2020-04-02 15:21:00,3708.2230635107185,0.00045853888890999485
2020-04-02 15:22:00,3708.6844861528066,0.00045999375653889713
2020-04-02 15:23:00,3708.724890143714,0.00047797045685254097
2020-04-02 15:24:00,3709.452288086499,0.0004769426607412237
2020-04-02 15:25:00,3710.298680954027,0.00045833288560900815
2020-04-02 15:26:00,3711.4736511620895,0.00046750322093599717
2020-04-02 15:27:00,3709.5778776202183,0.00046266973043329265
2020-04-02 15:28:00,3711.285086487416,0.0004339326033330688
2020-04-02 15:29:00,3711.0877509439315,0.00040463744659508297
2020-04-02 15:30:00,3712.558757644285,0.00039353756565433317
2020-04-02 15:31:00,3711.287861146866,0.0003925519007387872
2020-04-02 15:32:00,3711.2918110409983,0.0003683092807449322
2020-04-02 15:33:00,3714.457547037453,0.0003547375089130794
2020-04-02 15:34:00,3713.9481647001608,0.00034975773467000866
2020-04-02 15:35:00,3712.9367670297624,0.0003695247408161314
2020-04-02 15:36:00,3712.806759349422,0.00034854222007292107
2020-04-02 15:37:00,3712.2118461879077,0.00034317885218097723
2020-04-02 15:38:00,3712.3332357666704,0.0003874164895328858
2020-04-02 15:39:00,3710.7169681963483,0.00038917777326630455
2020-04-02 15:40:00,3710.751987096313,0.0003915469910964035
2020-04-02 15:41:00,3712.357938985124,0.00038436046383896137
2020-04-02 15:42:00,3714.018974085909,0.00039686166362326835
2020-04-02 15:43:00,3714.2030948443557,0.0003675578253853704
2020-04-02 15:44:00,3714.946803388411,0.0003839858947639237
2020-04-02 15:45:00,3714.696888303624,0.0003792338796679977
2020-04-02 15:46:00,3714.4115618543433,0.00039208677856750055
2020-04-02 15:47:00,3713.9491150303256,0.000384493966793729
2020-04-02 15:48:00,3713.12491140583,0.0003742829197370626
2020-04-02 15:49:00,3711.0626665114755,0.00037440398129525744
2020-04-02 15:50:00,3709.5746354711314,0.00039400542948211687
2020-04-02 15:51:00,3708.0756271538075,0.000392105995803721
2020-04-02 15:52:00,3710.486193484954,0.0004088292054901805
2020-04-02 15:53:00,3709.4523850911332,0.00040650917086723236
2020-04-02 15:54:00,3709.0505171851937,0.0003857489780993161
2020-04-02 15:55:00,3708.3690719753567,0.00039172924840784226
2020-04-02 15:56:00,3708.854377716377,0.0003821528853234128
2020-04-02 15:57:00,3709.0235100389605,0.000379209694816751
2020-04-02 15:58:00,3711.6153297718806,0.00035587362508577284
2020-04-02 15:59:00,3710.6239220759753,0.00035120317430436176
2020-04-02 16:00:00,3710.5394869653787,0.0003555004300188799
2020-04-02 16:01:00,3710.134845270357,0.0003439802741679899
2020-04-02 16:02:00,3710.5533099760237,0.0003342283174548847
2020-04-02 16:03:00,3709.794616438789,0.00033182860164974933
2020-04-02 16:04:00,3709.244824520582,0.0003323025489164809
2020-04-02 16:05:00,3711.1059983072732,0.0003312168099670301
2020-04-02 16:06:00,3711.4279776129806,0.0003343774997697399
2020-04-02 16:07:00,3712.7384825639037,0.0003566143912730134
2020-04-02 16:08:00,3712.5471056207734,0.0003511048910740915
2020-04-02 16:09:00,3710.1526467204894,0.00037786600792977487
2020-04-02 16:10:00,3710.427571300405,0.0003992864730283922
2020-04-02 16:11:00,3709.223337181213,0.0003835561126303709
2020-04-02 16:12:00,3708.5277998107535,0.0003737895787699937
2020-04-02 16:13:00,3709.4342611109205,0.00040406158891634553
2020-04-02 16:14:00,3708.32050448367,0.0004109041942708081
2020-04-02 16:15:00,3707.8823439616517,0.0004036595921462283
2020-04-02 16:16:00,3705.7070620835857,0.0004327884089691896
2020-04-02 16:17:00,3704.871465664081,0.00042173809293703004
2020-04-02 16:18:00,3705.423812334229,0.0004137723080997995
2020-04-02 16:19:00,3702.212687240796,0.00039375938812836797
2020-04-02 16:20:00,3700.8792167114602,0.00036772949354780036
2020-04-02 16:21:00,3703.6851852022914,0.0003885507458304476
2020-04-02 16:22:00,3705.1803021350715,0.0004017554343029478
2020-04-02 16:23:00,3704.0261297212046,0.00040260387281566764
2020-04-02 16:24:00,3705.181224729996,0.0004095267919328648
2020-04-02 16:25:00,3704.5676100495543,0.00041043161645221604
2020-04-02 16:26:00,3705.6899382052043,0.0004163447803386109
2020-04-02 16:27:00,3705.0340996946306,0.00044604161231816063
2020-04-02 16:28:00,3705.8072969161954,0.00042172151249482773
2020-04-02 16:29:00,3707.4075887408235,0.0004381136538621624
2020-04-02 16:30:00,3707.120081369009,0.00044819224804983673
2020-04-02 16:31:00,3706.624766472301,0.00044603246257918537
2020-04-02 16:32:00,3705.500637149166,0.0004702985861995822
2020-04-02 16:33:00,3704.573989431416,0.0004521615638870142
2020-04-02 16:34:00,3703.821735048005,0.0004350078111951706
2020-04-02 16:35:00,3703.8904092478147,0.00042127638229714923
2020-04-02 16:36:00,3703.167361586191,0.0004638649364378643
2020-04-02 16:37:00,3702.217978273953,0.0004611834929934655
2020-04-02 16:38:00,3701.515708361095,0.0004935442797346692
2020-04-02 16:39:00,3702.6620625264413,0.00046738373895089443
2020-04-02 16:40:00,3701.895244537849,0.00045148247580410376
2020-04-02 16:41:00,3704.4126175825095,0.0004591669502787783
2020-04-02 16:42:00,3704.9986706795944,0.00046094118904514784
2020-04-02 16:43:00,3705.153178937482,0.0004896671036828718
2020-04-02 16:44:00,3705.070083189135,0.00047786580032238807
2020-04-02 16:45:00,3705.3833022764316,0.00048300682679205
2020-04-02 16:46:00,3705.749995642479,0.0004873726418589175
2020-04-02 16:47:00,3708.879391834128,0.0004911045656225478
2020-04-02 16:48:00,3706.487852825941,0.000562423583303188
2020-04-02 16:49:00,3709.4533656886633,0.000550257011807351
2020-04-02 16:50:00,3709.358616424092,0.0005431401012060676
2020-04-02 16:51:00,3714.012529122089,0.0005492136675522978
2020-04-02 16:52:00,3715.4580973264624,0.0005708458799381625
2020-04-02 16:53:00,3714.5439398844023,0.0005830919883176113
2020-04-02 16:54:00,3716.3277132587054,0.0005960211615231025
2020-04-02 16:55:00,3717.369943305827,0.0005544731977349725
2020-04-02 16:56:00,3716.778928763971,0.0005520408096603846
2020-04-02 16:57:00,3719.4591446648137,0.000549238471802004
2020-04-02 16:58:00,3717.507969204201,0.0005331686902782948
2020-04-02 16:59:00,3719.9089544346143,0.0005252358982196138
2020-04-02 17:00:00,3718.849779236004,0.0005425210272792159
2020-04-02 17:01:00,3722.3760138082894,0.0005273897566600416
2020-04-02 17:02:00,3721.750940965563,0.0005185927380546586
2020-04-02 17:03:00,3720.0149882201817,0.0005284204314180441
2020-04-02 17:04:00,3718.4788676687663,0.0005163066065160505
2020-04-02 17:05:00,3717.4958582584377,0.0005464875763642926
2020-04-02 17:06:00,3717.9436802641103,0.000581080898995015
2020-04-02 17:07:00,3717.9212130015358,0.0006013478870746889
2020-04-02 17:08:00,3718.501860520898,0.0005875757343818319
2020-04-02 17:09:00,3720.123808116876,0.0005934077918880318
2020-04-02 17:10:00,3721.2002738891197,0.000615659255057661
2020-04-02 17:11:00,3721.607599619922,0.0006599923024948067
2020-04-02 17:12:00,3725.657453039563,0.0006484391478398077
2020-04-02 17:13:00,3727.445347293756,0.0005880702142650904
2020-04-02 17:14:00,3729.283384540704,0.000528120472800653
2020-04-02 17:15:00,3729.6693527477014,0.000516073673208348
2020-04-02 17:16:00,3730.9136494382446,0.0005145231402067824
2020-04-02 17:17:00,3729.9861850598645,0.0005057806379895662
2020-04-02 17:18:00,3728.2721489059145,0.0004755313185106025
2020-04-02 17:19:00,3728.1676596886064,0.0004958845251470051
2020-04-02 17:20:00,3726.6787068862855,0.00045580149003851154
2020-04-02 17:21:00,3727.2495604650376,0.0004481667606276278
2020-04-02 17:22:00,3726.404417850572,0.00048520674105281814
2020-04-02 17:23:00,3726.171982688056,0.00048760797236743086
2020-04-02 17:24:00,3728.8243708785026,0.0004781108314018941
2020-04-02 17:25:00,3726.877278812971,0.0004752955487081066
2020-04-02 17:26:00,3728.4115921886596,0.0004415772409020822
2020-04-02 17:27:00,3727.9401481729483,0.0004283302386475567
2020-04-02 17:28:00,3727.031817445936,0.000418515494419946
2020-04-02 17:29:00,3726.2037165195543,0.00047228515410537795
2020-04-02 17:30:00,3723.569517285335,0.0004914390730788266
2020-04-02 17:31:00,3720.366521929645,0.0004853644466472786
2020-04-02 17:32:00,3718.2638631458854,0.00047248959061310143
2020-04-02 17:33:00,3719.992265996454,0.0004921156591584898
2020-04-02 17:34:00,3716.869968542013,0.0005043350382285174
2020-04-02 17:35:00,3715.241264117711,0.0004928665220056876
2020-04-02 17:36:00,3718.520600399985,0.0004984004932369908
2020-04-02 17:37:00,3718.1135451569294,0.0004962786839561905
2020-04-02 17:38:00,3712.566112370004,0.0005150177243336628
2020-04-02 17:39:00,3717.1443456942343,0.0005605638763388173
2020-04-02 17:40:00,3719.009792705551,0.0005698108617908586
2020-04-02 17:41:00,3718.6610968953973,0.0005788170334420773
2020-04-02 17:42:00,3717.362037102632,0.0005789987842999647
2020-04-02 17:43:00,3719.0633931351663,0.0005599845800185079
2020-04-02 17:44:00,3719.708360051403,0.0005267971599985012
2020-04-02 17:45:00,3721.0656327947154,0.0005571777793643178
2020-04-02 17:46:00,3725.8298711949046,0.0005346562185868976
2020-04-02 17:47:00,3727.99507658883,0.0005121698973953316
2020-04-02 17:48:00,3724.028460015005,0.0005029764658249232
2020-04-02 17:49:00,3721.1953456079896,0.00046191220737588494
2020-04-02 17:50:00,3720.181701171623,0.00045866520804467114
2020-04-02 17:51:00,3718.0036445736164,0.00045905536214790356
2020-04-02 17:52:00,3715.8732516104137,0.000473559421987
2020-04-02 17:53:00,3714.9241921143243,0.00046211827401721004
2020-04-02 17:54:00,3715.788226526449,0.0004828008692376063
2020-04-02 17:55:00,3718.111482832866,0.0004956514629036478
2020-04-02 17:56:00,3716.489259719306,0.0005313314939607649
2020-04-02 17:57:00,3715.328772640031,0.0005144305330017909
2020-04-02 17:58:00,3718.104184523377,0.0005175120606182204
2020-04-02 17:59:00,3718.118711573656,0.000496808454906485
2020-04-02 18:00:00,3717.5209169175187,0.00048630105753319497
2020-04-02 18:01:00,3714.452725074419,0.000498983098237676
2020-04-02 18:02:00,3710.1619430850533,0.00044573015157571013
2020-04-02 18:03:00,3710.2620125355097,0.00043867744114796527
2020-04-02 18:04:00,3709.5621870519594,0.00045158998364445264
2020-04-02 18:05:00,3712.688589607783,0.0004454925119117406
2020-04-02 18:06:00,3714.459055198723,0.0004348749287184037
2020-04-02 18:07:00,3714.561162151618,0.000419253678282278
2020-04-02 18:08:00,3715.2514835873476,0.00040913822969833156
2020-04-02 18:09:00,3715.463146450888,0.00038258551899652486
2020-04-02 18:10:00,3712.4517222722225,0.0003788667132345469
2020-04-02 18:11:00,3712.05690045499,0.00036815876706520063
2020-04-02 18:12:00,3710.9199663221198,0.0003697293827544015
2020-04-02 18:13:00,3711.628948557671,0.00036380765126845383
2020-04-02 18:14:00,3710.3317707193655,0.00035713324042951076
2020-04-02 18:15:00,3711.7583861749863,0.000361359249583406
2020-04-02 18:16:00,3712.4631288175397,0.0003649745107353749
2020-04-02 18:17:00,3713.5840197364655,0.0003619445831828689
2020-04-02 18:18:00,3714.411887562072,0.00037290132805569006
2020-04-02 18:19:00,3714.695556629261,0.0003664721313873934
2020-04-02 18:20:00,3715.653066959284,0.0003867023014399199
2020-04-02 18:21:00,3714.478684502201,0.00040447282529998434
2020-04-02 18:22:00,3715.698450049579,0.0003962152720095942
2020-04-02 18:23:00,3717.470212833486,0.0003810814945006074
2020-04-02 18:24:00,3717.047124187579,0.0003866422888390506
2020-04-02 18:25:00,3716.064604042939,0.0004000475615254891
2020-04-02 18:26:00,3717.0527926994687,0.0003815562464744625
2020-04-02 18:27:00,3718.2013738825217,0.00041017358555467425
2020-04-02 18:28:00,3718.9163324374554,0.0004115668311580377
2020-04-02 18:29:00,3719.7740384917424,0.0004524261288928328
2020-04-02 18:30:00,3717.033964399567,0.0004773322155763046
2020-04-02 18:31:00,3719.176038191843,0.0004643419273935096
2020-04-02 18:32:00,3717.758411817096,0.0004608621616310876
2020-04-02 18:33:00,3715.6758115937428,0.0004973929265455888
2020-04-02 18:34:00,3715.7204138002376,0.0005194977161627216
2020-04-02 18:35:00,3716.817074589544,0.0005176202484951478
2020-04-02 18:36:00,3715.1376984422764,0.0005111138546942255
2020-04-02 18:37:00,3717.699445323171,0.00047191246295968855
2020-04-02 18:38:00,3718.0854970394453,0.00044761740960305377
2020-04-02 18:39:00,3718.0697109423127,0.00043464682347319226
2020-04-02 18:40:00,3719.484530032611,0.000437021351520492
2020-04-02 18:41:00,3721.961728840748,0.00043924618556703544
2020-04-02 18:42:00,3719.526923608055,0.00042616607170814936
2020-04-02 18:43:00,3720.7337691012335,0.00045059795401307547
2020-04-02 18:44:00,3715.8789740789857,0.00043128789580654947
2020-04-02 18:45:00,3713.936123712917,0.0004149649098290887
2020-04-02 18:46:00,3715.509208489899,0.00041892703667945953
2020-04-02 18:47:00,3715.094789754306,0.00039177877933140856
2020-04-02 18:48:00,3714.364570381046,0.000405491005141203
2020-04-02 18:49:00,3714.5826139349065,0.00041223987354006093
2020-04-02 18:50:00,3711.5089837422597,0.00043261118151096165
2020-04-02 18:51:00,3712.5582060031047,0.0004218200641531539
2020-04-02 18:52:00,3712.485340533803,0.0004075839924701
2020-04-02 18:53:00,3713.3719394144396,0.00039635074125032074
2020-04-02 18:54:00,3715.5446717185387,0.00037074772412357295
2020-04-02 18:55:00,3716.7584833744727,0.00035383076178710667
2020-04-02 18:56:00,3715.599576807906,0.0003831535654829295
2020-04-02 18:57:00,3717.027200203227,0.00037542224564446233
2020-04-02 18:58:00,3719.6112637722044,0.00036340364133718864
2020-04-02 18:59:00,3718.4776276181656,0.00033704308301947365
2020-04-02 19:00:00,3718.269315192169,0.000329106658409259
2020-04-02 19:01:00,3717.64959978116,0.0003302003793463459
2020-04-02 19:02:00,3716.1775541526076,0.0003156934666517223
2020-04-02 19:03:00,3714.6844024607176,0.00033927301613220437
2020-04-02 19:04:00,3714.5472438469974,0.00035600486308102775
2020-04-02 19:05:00,3713.7384456837353,0.0003666079446896699
2020-04-02 19:06:00,3714.5994013346285,0.0003586222470020558
2020-04-02 19:07:00,3712.477971476637,0.00036694522281705846
2020-04-02 19:08:00,3714.4388892730185,0.0003497329037233611
2020-04-02 19:09:00,3712.3731268540373,0.0003544722770772597
2020-04-02 19:10:00,3713.100976186241,0.0003700135761486385
2020-04-02 19:11:00,3713.8379932165785,0.00039364425804675255
2020-04-02 19:12:00,3715.6631617321796,0.0003973527228584508
2020-04-02 19:13:00,3716.5982315686497,0.00040223458556739276
2020-04-02 19:14:00,3714.087475041496,0.0003871064491528137
2020-04-02 19:15:00,3713.8409543879907,0.0004086274663371597
2020-04-02 19:16:00,3713.7465953634864,0.0004077853765816487
2020-04-02 19:17:00,3713.276557320981,0.00039100408525416866
2020-04-02 19:18:00,3711.3335275957684,0.0003998061316742627
2020-04-02 19:19:00,3712.6237784129,0.0003882092139832196
2020-04-02 19:20:00,3713.5038815852736,0.0003706934776754594
2020-04-02 19:21:00,3712.406779015959,0.00038451362895972757
2020-04-02 19:22:00,3711.5188100679484,0.0003999026789139147
2020-04-02 19:23:00,3713.3104204111164,0.0004084028100005876
2020-04-02 19:24:00,3714.573875272639,0.00040349173597687446
2020-04-02 19:25:00,3710.7895584239936,0.0004029824540309189
2020-04-02 19:26:00,3708.5065458840186,0.0004311465445625024
2020-04-02 19:27:00,3709.2154203472924,0.00039068965567829096
2020-04-02 19:28:00,3707.522534383661,0.00038944108652730797
2020-04-02 19:29:00,3707.0253575570973,0.0003799531773042488
2020-04-02 19:30:00,3706.7329201901334,0.000379553647833794
2020-04-02 19:31:00,3707.082857707691,0.00036398557283088125
2020-04-02 19:32:00,3706.644124693517,0.00036714720109546245
2020-04-02 19:33:00,3705.7767129820727,0.0003687659498232395
2020-04-02 19:34:00,3704.7792896683873,0.0003987514961404784
2020-04-02 19:35:00,3705.749646207673,0.0003867170347117426
2020-04-02 19:36:00,3705.0215853878844,0.0003610963390686547
2020-04-02 19:37:00,3705.6634606191265,0.0003445466248394231
2020-04-02 19:38:00,3704.3816604295043,0.0003643673947514437
2020-04-02 19:39:00,3706.1669247756645,0.0003637433244694429
2020-04-02 19:40:00,3706.525538938916,0.00035198129025172973
2020-04-02 19:41:00,3704.771891374117,0.00036389828557442595
2020-04-02 19:42:00,3704.5427124871044,0.00038995295674038136
2020-04-02 19:43:00,3707.113604003072,0.00039591391410677347
2020-04-02 19:44:00,3706.717252247754,0.00040478396053625473
2020-04-02 19:45:00,3708.7373718541826,0.0004352467473857045
2020-04-02 19:46:00,3706.225610739831,0.0004319031221629193
2020-04-02 19:47:00,3705.445809208567,0.00043356985613965886
2020-04-02 19:48:00,3706.7399679615173,0.0004359812616975742
2020-04-02 19:49:00,3709.0582901830376,0.00042773461516929195
2020-04-02 19:50:00,3712.3526465345553,0.00041377142372498805
2020-04-02 19:51:00,3713.037415074843,0.0004068723779082204
2020-04-02 19:52:00,3712.908801614171,0.00040466257632421017
2020-04-02 19:53:00,3715.386698949914,0.0004188380418613944
2020-04-02 19:54:00,3717.8715059767405,0.00040866905280105
2020-04-02 19:55:00,3719.0017011552127,0.0004127712598076071
2020-04-02 19:56:00,3719.3380221137154,0.0004261901479654584
2020-04-02 19:57:00,3719.358498508079,0.00039689210994534274
2020-04-02 19:58:00,3721.8645914571603,0.0004071322346228528
2020-04-02 19:59:00,3719.464138396469,0.000411158441971649
2020-04-03 13:30:00,3778.8095272387523,0.00042504548075039846
2020-04-03 13:31:00,3777.419622629438,0.0004400460882679171
2020-04-03 13:32:00,3776.6500632341204,0.00045482757626244357
2020-04-03 13:33:00,3776.6657449780696,0.00046365622369283873
2020-04-03 13:34:00,3778.336758608102,0.0004904119979257806
2020-04-03 13:35:00,3778.123392616353,0.0005292967056835063
2020-04-03 13:36:00,3776.8994705492264,0.0005310207878360512
2020-04-03 13:37:00,3773.350876783346,0.0005184790740211948
2020-04-03 13:38:00,3769.6789501838452,0.000554742070870075
2020-04-03 13:39:00,3767.5415734581325,0.0005592561743076318
2020-04-03 13:40:00,3767.6686144411983,0.0005634289010960625
2020-04-03 13:41:00,3765.8431646797876,0.0006077990593027543
2020-04-03 13:42:00,3767.7557079949593,0.0006082644476639551
2020-04-03 13:43:00,3762.896743426968,0.0006397197739921672
2020-04-03 13:44:00,3762.07236622471,0.000643822525186802
2020-04-03 13:45:00,3759.728797604036,0.0006501578889018178
2020-04-03 13:46:00,3760.4747504170546,0.000638570996049469
2020-04-03 13:47:00,3760.089178115713,0.0006442034356782985
2020-04-03 13:48:00,3757.1265324601386,0.0006293001228318305
2020-04-03 13:49:00,3757.18038749145,0.0006199093271932148
2020-04-03 13:50:00,3754.5607410829107,0.0005977890582078565
2020-04-03 13:51:00,3755.0682656880467,0.0005827742299427613
2020-04-03 13:52:00,3752.5418826083987,0.0006224606904318744
2020-04-03 13:53:00,3752.6075125805587,0.0005945683338398135
2020-04-03 13:54:00,3755.172243206663,0.0006126803564313345
2020-04-03 13:55:00,3755.5415923910223,0.000633887340908997
2020-04-03 13:56:00,3754.1907301752185,0.0006323077004702483
2020-04-03 13:57:00,3761.5360667792525,0.0006386219499887696
2020-04-03 13:58:00,3763.4006674924517,0.0006631185812751793
2020-04-03 13:59:00,3767.5218227660307,0.0006580606170842352
2020-04-03 14:00:00,3768.1250077543846,0.0005862484648394025
2020-04-03 14:01:00,3768.2880337954803,0.0006086647388103936
2020-04-03 14:02:00,3771.531531815354,0.0006151315582637785
2020-04-03 14:03:00,3767.519469478739,0.0005821520342263629
2020-04-03 14:04:00,3767.8932129252134,0.0006015263602080916
2020-04-03 14:05:00,3767.1327580660986,0.0006167968081651948
2020-04-03 14:06:00,3773.103741806379,0.0006248741225213825
2020-04-03 14:07:00,3771.5461536636667,0.0006153302191567301
2020-04-03 14:08:00,3770.243265158898,0.0006087158699434237
2020-04-03 14:09:00,3767.0886442066126,0.0006556573544490246
2020-04-03 14:10:00,3770.7040761814155,0.0006968532058756869
2020-04-03 14:11:00,3768.2446356851647,0.0006816708855362269
2020-04-03 14:12:00,3768.195565849138,0.0007106049522278023
2020-04-03 14:13:00,3763.906997153315,0.0007283515326613913
2020-04-03 14:14:00,3768.5705056103325,0.0007025803442154452
2020-04-03 14:15:00,3770.6993785443356,0.0007082303877678516
2020-04-03 14:16:00,3773.556454670581,0.0006650445661870673
2020-04-03 14:17:00,3770.967222066913,0.0006474056656025994
2020-04-03 14:18:00,3768.42415270869,0.0006105171727208889
2020-04-03 14:19:00,3768.039792300092,0.0006178643336109155
2020-04-03 14:20:00,3768.894443789864,0.0006002458724208281
2020-04-03 14:21:00,3769.110935100866,0.0005716114360543396
2020-04-03 14:22:00,3766.9725670746598,0.0005615602646768728
2020-04-03 14:23:00,3767.1438481078053,0.0005263439788518945
2020-04-03 14:24:00,3765.9355092573205,0.0004938836096153471
2020-04-03 14:25:00,3763.617211916592,0.00046997127691940626
2020-04-03 14:26:00,3763.628590228999,0.00044005710764485873
2020-04-03 14:27:00,3763.5845882002654,0.0004322774336027907
2020-04-03 14:28:00,3762.4842114320636,0.0004190017889820119
2020-04-03 14:29:00,3762.790690636956,0.0004194749387561977
2020-04-03 14:30:00,3763.483535430792,0.0004038917633361093
2020-04-03 14:31:00,3762.4831394908715,0.00041149478508411484
2020-04-03 14:32:00,3761.673503941806,0.0004156479924956688
2020-04-03 14:33:00,3761.697989624589,0.00043003499710783476
2020-04-03 14:34:00,3763.1305923519426,0.00040644760139457107
2020-04-03 14:35:00,3764.940276633165,0.00042130029474920393
2020-04-03 14:36:00,3767.232179956708,0.00042650640228830824
2020-04-03 14:37:00,3765.825926447208,0.000412210816229372
2020-04-03 14:38:00,3768.524851658831,0.00044104046511031486
2020-04-03 14:39:00,3771.950828137211,0.00043679475491739943
2020-04-03 14:40:00,3771.417631219984,0.00041863146107178165
2020-04-03 14:41:00,3773.227182223754,0.0003907278909315913
2020-04-03 14:42:00,3772.7498911145867,0.00036599904256417266
2020-04-03 14:43:00,3772.6731038258395,0.0003369936345343996
2020-04-03 14:44:00,3772.968847165623,0.00032900759381818714
2020-04-03 14:45:00,3773.764088793717,0.00034331436100984913
2020-04-03 14:46:00,3772.449032784025,0.0003715901717018102
2020-04-03 14:47:00,3771.6701223647356,0.000385692427611658
2020-04-03 14:48:00,3772.0832354431564,0.0003844506819903797
2020-04-03 14:49:00,3772.441253813748,0.0003838496061695032
2020-04-03 14:50:00,3774.305374701519,0.0003546327344545362
2020-04-03 14:51:00,3774.9981937913694,0.000351213791655661
2020-04-03 14:52:00,3776.315017615336,0.00035243564683211506
2020-04-03 14:53:00,3777.3337674839768,0.0003539898288783738
2020-04-03 14:54:00,3777.22797380764,0.0003498059064448277
2020-04-03 14:55:00,3777.2727441311026,0.0003456980677291048
2020-04-03 14:56:00,3778.8122800498354,0.00037565967139940464
2020-04-03 14:57:00,3777.6387323150534,0.00041312945819943253
2020-04-03 14:58:00,3776.7319238800355,0.0004143352191531836
2020-04-03 14:59:00,3775.630523725653,0.0004098312658875254
2020-04-03 15:00:00,3774.662258707,0.0004064185575215054
2020-04-03 15:01:00,3776.2510295912384,0.00041743606062857977
2020-04-03 15:02:00,3778.824463967369,0.0004109530393181534
2020-04-03 15:03:00,3777.044660221181,0.0004005557249886616
2020-04-03 15:04:00,3775.933097807749,0.0003811303465642842
2020-04-03 15:05:00,3774.883544821728,0.00042456427460475056
2020-04-03 15:06:00,3773.277528706778,0.00045765620514302054
2020-04-03 15:07:00,3767.0653789415414,0.0004687746431575244
2020-04-03 15:08:00,3767.446184725924,0.000465899090730261
2020-04-03 15:09:00,3765.7747250153366,0.00047262171883925917
2020-04-03 15:10:00,3767.402669377092,0.00043726896684225766
2020-04-03 15:11:00,3767.1501706476,0.00045742531410527935
2020-04-03 15:12:00,3768.8217909520963,0.0004500367646103726
2020-04-03 15:13:00,3769.3072169897905,0.00045172684510023735
2020-04-03 15:14:00,3768.2216086148123,0.0004489112281511458
2020-04-03 15:15:00,3766.026521554213,0.00044251266670573906
2020-04-03 15:16:00,3767.786811514913,0.0004301164727025936
2020-04-03 15:17:00,3768.54834846312,0.000440091436794033
2020-04-03 15:18:00,3768.5306507477417,0.0004720782924198217
2020-04-03 15:19:00,3767.2511683650605,0.00046918127732489844
2020-04-03 15:20:00,3765.2348205008097,0.0004624808525426357
2020-04-03 15:21:00,3766.158770041722,0.00045099199730421066
2020-04-03 15:22:00,3766.196251717597,0.0004634171047368187
2020-04-03 15:23:00,3766.767568198869,0.0004521173222660327
2020-04-03 15:24:00,3766.5361854074654,0.00046071853483578085
2020-04-03 15:25:00,3767.7405771520826,0.00044846849446544823
2020-04-03 15:26:00,3768.5528678883347,0.000477464515669946
2020-04-03 15:27:00,3769.1439798336514,0.0005001336054722454
2020-04-03 15:28:00,3768.8907719063536,0.0004853125597561678
2020-04-03 15:29:00,3768.2659712744226,0.0004847784038508617
2020-04-03 15:30:00,3770.687824749353,0.000499630094950011
2020-04-03 15:31:00,3771.4001819082914,0.0004944544097583237
2020-04-03 15:32:00,3770.369855774088,0.0004907010765216473
2020-04-03 15:33:00,3768.4286110174194,0.0004525807919390753
2020-04-03 15:34:00,3768.5873364976646,0.0004772050316226508
2020-04-03 15:35:00,3767.2697796656494,0.0004537720699992788
2020-04-03 15:36:00,3768.7400892056735,0.00045615957968691786
2020-04-03 15:37:00,3768.8852112765135,0.0004424267741006128
2020-04-03 15:38:00,3771.798022697531,0.0004530683728660631
2020-04-03 15:39:00,3771.4814782139865,0.000436192698268933
2020-04-03 15:40:00,3771.348844879231,0.00043386669681706345
2020-04-03 15:41:00,3770.706219482992,0.0004350981724806924
2020-04-03 15:42:00,3770.8690064738753,0.0004292537347451598
2020-04-03 15:43:00,3770.1959980317424,0.000385875258229765
2020-04-03 15:44:00,3770.4250572458745,0.0004143330260222368
2020-04-03 15:45:00,3772.4852624712685,0.00040618832561023635
2020-04-03 15:46:00,3773.1833179368714,0.0004036249559165619
2020-04-03 15:47:00,3773.7490834552095,0.0004214650905403979
2020-04-03 15:48:00,3776.696294065639,0.00038517188075299095
2020-04-03 15:49:00,3775.951165818411,0.00037451310136594427
2020-04-03 15:50:00,3776.489198467214,0.00035801020310723104
2020-04-03 15:51:00,3774.399997991382,0.0003492069608580431
2020-04-03 15:52:00,3772.696968981543,0.0003535732865032806
2020-04-03 15:53:00,3769.718416735475,0.00034899789050822465
2020-04-03 15:54:00,3768.4441127219075,0.0003535632274800841
2020-04-03 15:55:00,3768.9316835368727,0.00035093094360736407
2020-04-03 15:56:00,3769.0755112235765,0.0003611643070724198
2020-04-03 15:57:00,3768.9104550771713,0.0003662223542172983
2020-04-03 15:58:00,3768.0997802489096,0.0003645799527831998
2020-04-03 15:59:00,3767.520831754589,0.00034904143757959454
2020-04-03 16:00:00,3766.450968198108,0.00034885783798157595
2020-04-03 16:01:00,3763.378531115827,0.0003499873256157031
2020-04-03 16:02:00,3765.2453024866672,0.0003430823607909152
2020-04-03 16:03:00,3766.082035807509,0.00036184432493233294
2020-04-03 16:04:00,3766.5251685647727,0.00038238994699205917
2020-04-03 16:05:00,3767.3645751202316,0.0004291527686548619
2020-04-03 16:06:00,3768.762561396588,0.00042178196687472333
2020-04-03 16:07:00,3765.9889703001663,0.00040722746097273266
2020-04-03 16:08:00,3764.3124960860996,0.00042528808628144977
2020-04-03 16:09:00,3764.9686564226527,0.00043359675637767925
2020-04-03 16:10:00,3766.788442514811,0.0004431384135586659
2020-04-03 16:11:00,3767.458323213432,0.0004543237569082142
2020-04-03 16:12:00,3765.4217454173654,0.00048233209541773017
2020-04-03 16:13:00,3766.2673487886054,0.0004908200372086456
2020-04-03 16:14:00,3769.865995944394,0.0004961451772539688
2020-04-03 16:15:00,3770.562631002918,0.0004771942797786843
2020-04-03 16:16:00,3769.848408044117,0.00045561113537018536
2020-04-03 16:17:00,3768.118277033289,0.00047240802324398666
2020-04-03 16:18:00,3766.5085922109743,0.00047909126676529086
2020-04-03 16:19:00,3767.557593572923,0.0005121700201910953
2020-04-03 16:20:00,3764.3850605702482,0.0004948677811078327
2020-04-03 16:21:00,3764.153538268271,0.0005076298132249057
2020-04-03 16:22:00,3764.1912223429435,0.0004929727621244473
2020-04-03 16:23:00,3762.71926936494,0.0004790016124447382
2020-04-03 16:24:00,3760.900068621268,0.0005112802623725509
2020-04-03 16:25:00,3763.967204654685,0.00047839191150063874
2020-04-03 16:26:00,3765.5019590376783,0.0004874298563477876
2020-04-03 16:27:00,3766.317849935321,0.0004961952990198163
2020-04-03 16:28:00,3766.228358870644,0.0004986023360629757
2020-04-03 16:29:00,3768.89127817037,0.0004621611682067734
2020-04-03 16:30:00,3769.0812772155573,0.0004552483143855123
2020-04-03 16:31:00,3773.9665034944173,0.0004533375879884431
2020-04-03 16:32:00,3774.2808314915874,0.00047164191345193634
2020-04-03 16:33:00,3774.273793349236,0.0004493196126265187
2020-04-03 16:34:00,3774.3092270237858,0.00043747797113147333
2020-04-03 16:35:00,3772.4533678450107,0.00042046609879237774
2020-04-03 16:36:00,3771.7447796127485,0.0004249944552799684
2020-04-03 16:37:00,3773.335463057375,0.0004192810375560855
2020-04-03 16:38:00,3772.2853430833875,0.0004163615685270404
2020-04-03 16:39:00,3772.156931999633,0.0004324767131197326
2020-04-03 16:40:00,3774.6423413812145,0.00044368177202029467
2020-04-03 16:41:00,3774.3308088163,0.0004496124153560573
2020-04-03 16:42:00,3774.631128429939,0.00047164463228056494
2020-04-03 16:43:00,3772.969295666359,0.0004656275889700632
2020-04-03 16:44:00,3775.5773277807607,0.0004847277833778138
2020-04-03 16:45:00,3776.626413503754,0.0004956758909658069
2020-04-03 16:46:00,3778.6632832754767,0.00045718078037331925
2020-04-03 16:47:00,3776.2816217062677,0.00045217881662232246
2020-04-03 16:48:00,3776.2513906142194,0.00046270827768044227
2020-04-03 16:49:00,3775.8596137173463,0.0004393848344221422
2020-04-03 16:50:00,3774.9616503832813,0.00042757736907982313
2020-04-03 16:51:00,3774.1420070824606,0.00043543500118546803
2020-04-03 16:52:00,3774.019591173494,0.0004538964586947881
2020-04-03 16:53:00,3771.8799948573337,0.00045971908662448757
2020-04-03 16:54:00,3767.963068155513,0.00046205284673483065
2020-04-03 16:55:00,3768.711097106687,0.0004417248234442182
2020-04-03 16:56:00,3768.777109434766,0.0004620663217494
2020-04-03 16:57:00,3771.101021445618,0.0004452320872828285
2020-04-03 16:58:00,3771.2970737310347,0.0004511144716771323
2020-04-03 16:59:00,3771.4699913017857,0.00048245259385356465
2020-04-03 17:00:00,3772.7172397023896,0.00047560949225445225
2020-04-03 17:01:00,3773.024221378899,0.0004811190371582418
2020-04-03 17:02:00,3771.874185974843,0.0004814252256747425
2020-04-03 17:03:00,3770.9308391591894,0.0004702047772693123
2020-04-03 17:04:00,3771.2663070776125,0.00045868522588562126
2020-04-03 17:05:00,3771.9936317623665,0.00046915100364152904
2020-04-03 17:06:00,3774.132562515493,0.00044847423879219395
2020-04-03 17:07:00,3772.891351971235,0.00044747491320064163
2020-04-03 17:08:00,3771.3982918075058,0.0004240630142814317
2020-04-03 17:09:00,3768.7491907116773,0.00041501225528259864
2020-04-03 17:10:00,3767.824962093033,0.0004244865519524182
2020-04-03 17:11:00,3767.5714188801508,0.0004367920958688156
2020-04-03 17:12:00,3770.5642516472603,0.0004756382784484507
2020-04-03 17:13:00,3770.7556199153387,0.0004830372454914031
2020-04-03 17:14:00,3770.1991671291753,0.0005180283776773669
2020-04-03 17:15:00,3767.941142869092,0.0005273697056813712
2020-04-03 17:16:00,3764.257679715517,0.0005093726703752294
2020-04-03 17:17:00,3766.737378152742,0.000505115715637258
2020-04-03 17:18:00,3766.6070061179835,0.0004986389013730853
2020-04-03 17:19:00,3769.454326758833,0.0004909379732397924
2020-04-03 17:20:00,3769.931735377161,0.0005140714539790744
2020-04-03 17:21:00,3771.308355486492,0.0004798182117491129
2020-04-03 17:22:00,3769.4827661425356,0.0004937049555813617
2020-04-03 17:23:00,3770.571143145737,0.0005058135840969613
2020-04-03 17:24:00,3770.00769532916,0.0004814241566602704
2020-04-03 17:25:00,3770.2645016931297,0.00046431739847231104
2020-04-03 17:26:00,3770.2174942075367,0.00046334239640165076
2020-04-03 17:27:00,3768.2836256372025,0.0004189787400372284
2020-04-03 17:28:00,3769.344299469491,0.0004172474712604305
2020-04-03 17:29:00,3770.6918455798304,0.000415782046404734
2020-04-03 17:30:00,3768.0622720874844,0.00040004639455191635
2020-04-03 17:31:00,3764.4889729830425,0.0003952271668571465
2020-04-03 17:32:00,3766.3349505699944,0.00037337792101818716
2020-04-03 17:33:00,3763.178462160579,0.0003842473550637784
2020-04-03 17:34:00,3764.4208501651465,0.0003692006884893294
2020-04-03 17:35:00,3762.444179101321,0.0003687864514186196
2020-04-03 17:36:00,3762.1188674873024,0.00037792241883199284
2020-04-03 17:37:00,3762.9430019796264,0.00037278395831265315
2020-04-03 17:38:00,3762.2632285440145,0.00037143996822874923
2020-04-03 17:39:00,3761.1415906465973,0.00037596746043689055
2020-04-03 17:40:00,3759.5343052638646,0.0003446887865106192
2020-04-03 17:41:00,3761.1451176688406,0.0003137552153150752
2020-04-03 17:42:00,3762.52868445163,0.0003138774804678978
2020-04-03 17:43:00,3760.901670327338,0.0003214734742431195
2020-04-03 17:44:00,3761.287073721714,0.0003200556812807935
2020-04-03 17:45:00,3759.3437803529446,0.00033952785466133677
2020-04-03 17:46:00,3758.0718801360563,0.00034338591199584373
2020-04-03 17:47:00,3757.6785979204237,0.0003431724775502265
2020-04-03 17:48:00,3757.6235098225875,0.0003482182469746817
2020-04-03 17:49:00,3755.27329809567,0.00036178580277646845
2020-04-03 17:50:00,3755.2033911976428,0.00035298149374570067
2020-04-03 17:51:00,3757.367116490687,0.00035836169317911943
2020-04-03 17:52:00,3758.7909777854275,0.0003483960931870865
2020-04-03 17:53:00,3757.9281143192147,0.0003563585990246919
2020-04-03 17:54:00,3759.465976504772,0.00037907896085216593
2020-04-03 17:55:00,3760.264819639462,0.00038157600300546454
2020-04-03 17:56:00,3759.336357848452,0.00038061583045157307
2020-04-03 17:57:00,3759.318048201447,0.00037875942583153556
2020-04-03 17:58:00,3759.979197255336,0.00037264701640985225
2020-04-03 17:59:00,3758.9471636952144,0.00040628071067855254
2020-04-03 18:00:00,3759.413270015451,0.00040911500017176103
2020-04-03 18:01:00,3758.7020554151172,0.0003924345631618284
2020-04-03 18:02:00,3760.6763601432904,0.00038422506830444346
2020-04-03 18:03:00,3762.0256329877734,0.00038768199978608467
2020-04-03 18:04:00,3762.9972663355757,0.00039307620374126823
2020-04-03 18:05:00,3761.414126724232,0.00038130532783802796
2020-04-03 18:06:00,3761.1530707480506,0.000382550574104017
2020-04-03 18:07:00,3761.9700258270937,0.0003757075996684191
2020-04-03 18:08:00,3761.883451070694,0.0004095883478348829
2020-04-03 18:09:00,3760.731206191391,0.00039006120670748135
2020-04-03 18:10:00,3757.255865841091,0.00041171592304883
2020-04-03 18:11:00,3755.349048781969,0.00042660538193636024
2020-04-03 18:12:00,3754.408162247139,0.0003869600994618084
2020-04-03 18:13:00,3753.534108012861,0.00035852883284895326
2020-04-03 18:14:00,3752.8028333875595,0.0003402710205729648
2020-04-03 18:15:00,3752.2258006532593,0.000333022217692857
2020-04-03 18:16:00,3749.8771931338733,0.0003340854026318069
2020-04-03 18:17:00,3748.2394807241167,0.0003396099934077516
2020-04-03 18:18:00,3752.0725430842604,0.00033569183591061665
2020-04-03 18:19:00,3753.964782831742,0.00032262840397384406
2020-04-03 18:20:00,3753.3239006969134,0.0003331671529627001
2020-04-03 18:21:00,3752.668201486956,0.0003356443660406072
2020-04-03 18:22:00,3755.191792862789,0.00033681450946823654
2020-04-03 18:23:00,3754.6370605642305,0.000359049388292954
2020-04-03 18:24:00,3753.934669092509,0.0003540246776678241
2020-04-03 18:25:00,3751.5985245772963,0.0003222612664297107
2020-04-03 18:26:00,3749.9619580792405,0.0003154049794755362
2020-04-03 18:27:00,3746.6780149550054,0.0003195672292553346
2020-04-03 18:28:00,3746.404738504016,0.0003342872241904771
2020-04-03 18:29:00,3746.9992364114987,0.0003184568188041449
2020-04-03 18:30:00,3746.0420166456884,0.0003100605410789769
2020-04-03 18:31:00,3746.0448885228593,0.00031077053781032626
2020-04-03 18:32:00,3747.148671970904,0.00032051822955507666
2020-04-03 18:33:00,3746.8791164790955,0.00031519951667409533
2020-04-03 18:34:00,3748.5719190177697,0.0002979254475715782
2020-04-03 18:35:00,3749.5792929887543,0.0002905605748115616
2020-04-03 18:36:00,3748.7800464759757,0.0002959636213778574
2020-04-03 18:37:00,3748.6761250611003,0.00028646935905771105
2020-04-03 18:38:00,3748.2821470089543,0.00028326989104547905
2020-04-03 18:39:00,3748.805249636838,0.0002864732621879307
2020-04-03 18:40:00,3747.249984701215,0.00030738649593766305
2020-04-03 18:41:00,3747.6550987540036,0.00029838932178962113
2020-04-03 18:42:00,3745.5542547005357,0.000294277503607174
2020-04-03 18:43:00,3746.6941980154675,0.0003016340237133065
2020-04-03 18:44:00,3745.8965634174583,0.0002828924653376421
2020-04-03 18:45:00,3747.3947999131947,0.00028324803681696934
2020-04-03 18:46:00,3746.8168187556744,0.0002849740151592347
2020-04-03 18:47:00,3746.1178370264615,0.00029468413282404996
2020-04-03 18:48:00,3744.674693286999,0.00029962214004435213
2020-04-03 18:49:00,3743.841722403283,0.000290573043505632
2020-04-03 18:50:00,3744.6455864963436,0.00031066465563651556
2020-04-03 18:51:00,3742.6862681565813,0.0003199997006807578
2020-04-03 18:52:00,3741.861038684407,0.00031183616870495204
2020-04-03 18:53:00,3738.8304494315107,0.00033799639448324037
2020-04-03 18:54:00,3738.1795607255385,0.00036599265160294005
2020-04-03 18:55:00,3737.5480151691527,0.00037703424199223923
2020-04-03 18:56:00,3737.7222653454523,0.0003796190940731094
2020-04-03 18:57:00,3736.0516148051515,0.0003524490064564967
2020-04-03 18:58:00,3735.9912440989897,0.0003613692657593593
2020-04-03 18:59:00,3736.589339670551,0.00035407963183397596
2020-04-03 19:00:00,3736.0291423987605,0.0003420470751267035
2020-04-03 19:01:00,3737.9262577107465,0.00034933623284189014
2020-04-03 19:02:00,3740.741414720456,0.0003530266041591374
2020-04-03 19:03:00,3740.4249085154374,0.0003453250091749235
2020-04-03 19:04:00,3739.4144444552567,0.00036119125507005564
2020-04-03 19:05:00,3739.4321025755344,0.0003249297926717985
2020-04-03 19:06:00,3740.0750557997226,0.00033634159577372553
2020-04-03 19:07:00,3739.489816344759,0.000346223961244078
2020-04-03 19:08:00,3739.21364091977,0.0003589761407616457
2020-04-03 19:09:00,3737.7195515380813,0.00034150020648262717
2020-04-03 19:10:00,3738.7604351498903,0.00036979901290912134
2020-04-03 19:11:00,3735.3191833231917,0.0003563293491009167
2020-04-03 19:12:00,3735.860100821107,0.0003276928653591496
2020-04-03 19:13:00,3736.5068812190425,0.000311385167387434
2020-04-03 19:14:00,3737.7002186045975,0.0003162321118171947
2020-04-03 19:15:00,3736.393925542347,0.0003123500960806818
2020-04-03 19:16:00,3736.5489173421633,0.00030340962920320645
2020-04-03 19:17:00,3736.446171916275,0.00030202744782281086
2020-04-03 19:18:00,3736.958548409307,0.0003056700309608679
2020-04-03 19:19:00,3735.765269209324,0.0003108005078978152
2020-04-03 19:20:00,3736.339402081416,0.0003300705403744748
2020-04-03 19:21:00,3735.6622232220966,0.0003213148100077123
2020-04-03 19:22:00,3735.530434486046,0.0003033364022318324
2020-04-03 19:23:00,3736.0338121890595,0.00031808604709572145
2020-04-03 19:24:00,3735.7900706002038,0.0003173216046728504
2020-04-03 19:25:00,3735.1428839690225,0.00030741991240590134
2020-04-03 19:26:00,3735.5328745992138,0.00028249100973382735
2020-04-03 19:27:00,3735.5688061939777,0.0002889614676645287
2020-04-03 19:28:00,3733.145064332223,0.00028443100125086955
2020-04-03 19:29:00,3733.0596590485357,0.0002873186902172435
2020-04-03 19:30:00,3733.8552457512956,0.00026791257112846796
2020-04-03 19:31:00,3733.453162312463,0.00025215590495184203
2020-04-03 19:32:00,3734.2908668479067,0.00024400670996215887
2020-04-03 19:33:00,3733.8514611283995,0.00023819119619454334
2020-04-03 19:34:00,3732.953657820384,0.00023402022493865411
2020-04-03 19:35:00,3733.016901635552,0.00024055109514708613
2020-04-03 19:36:00,3732.6804871328245,0.00023337117765188714
2020-04-03 19:37:00,3732.558320589142,0.00023233582264649987
2020-04-03 19:38:00,3732.4622552298183,0.00022313363833721144
2020-04-03 19:39:00,3732.399441274639,0.0002272817384743708
2020-04-03 19:40:00,3733.0955497198493,0.00022421887873548202
2020-04-03 19:41:00,3732.3449794475214,0.00022217481837966704
2020-04-03 19:42:00,3732.1008023626737,0.00022228636325152942
2020-04-03 19:43:00,3732.677882186154,0.0002453613784425547
2020-04-03 19:44:00,3731.0727583502603,0.0002513238401714068
2020-04-03 19:45:00,3732.665825848687,0.00026942535188275975
2020-04-03 19:46:00,3735.053069127799,0.0002635002385003192
2020-04-03 19:47:00,3735.1014153945316,0.00025146993844434213
2020-04-03 19:48:00,3737.013038156845,0.0002475588930182425
2020-04-03 19:49:00,3737.4930892734696,0.0002486331645166142
2020-04-03 19:50:00,3736.3625382451164,0.0002362430605023074
2020-04-03 19:51:00,3736.2654324146474,0.00022816826738307665
2020-04-03 19:52:00,3734.983996334341,0.00022141910238301715
2020-04-03 19:53:00,3734.1427020838987,0.00021200850186794715
2020-04-03 19:54:00,3734.3117503795042,0.00021664789871409806
2020-04-03 19:55:00,3733.587347654011,0.00021686063168099674
2020-04-03 19:56:00,3734.197323851902,0.00020788771652761648
2020-04-03 19:57:00,3733.454380203092,0.00020534046372490172
2020-04-03 19:58:00,3733.6742851531144,0.00021758213558870977
2020-04-03 19:59:00,3732.6913758100063,0.00021738460323655103
2020-04-06 13:30:00,3699.166692251529,0.00021677975846667446
2020-04-06 13:31:00,3699.6130945872696,0.00024462103200789464
2020-04-06 13:32:00,3700.5031263318588,0.00025980065525737996
2020-04-06 13:33:00,3700.596332420874,0.0002583903018063551
2020-04-06 13:34:00,3700.1013940418347,0.0002568151227361082
2020-04-06 13:35:00,3698.8731715560307,0.0002666191274051107
2020-04-06 13:36:00,3698.899523973479,0.0002696109628244698
2020-04-06 13:37:00,3699.7272598765744,0.0002622602585252908
2020-04-06 13:38:00,3702.010413644119,0.0002701054590697083
2020-04-06 13:39:00,3700.619289653395,0.00027740519693940846
2020-04-06 13:40:00,3702.001477110677,0.0002556886758809572
2020-04-06 13:41:00,3701.135082617511,0.00025715670378283017
2020-04-06 13:42:00,3701.5798833601384,0.00024729984012802057
2020-04-06 13:43:00,3701.717816635352,0.00024278282727233083
2020-04-06 13:44:00,3700.6016437543567,0.0002490934279837868
2020-04-06 13:45:00,3699.6693959419354,0.0002565812211739878
2020-04-06 13:46:00,3700.167753769082,0.00024831858049130875
2020-04-06 13:47:00,3700.6903812291416,0.000256443285622503
2020-04-06 13:48:00,3700.641011968469,0.00026001815316739103
2020-04-06 13:49:00,3700.0371796989893,0.0002590523852055595
2020-04-06 13:50:00,3700.165897387227,0.00023769281324965188
2020-04-06 13:51:00,3699.5891804095672,0.00025435744226802865
2020-04-06 13:52:00,3699.4742573409126,0.0002511863715369728
2020-04-06 13:53:00,3698.7010199015212,0.00025244390292922004
2020-04-06 13:54:00,3698.1102543081356,0.0002460950733107358
2020-04-06 13:55:00,3696.753797019978,0.0002524395165956878
2020-04-06 13:56:00,3698.1034558818687,0.00025309788924130725
2020-04-06 13:57:00,3697.04551023189,0.0002462430456866802
2020-04-06 13:58:00,3697.1923916401115,0.0002680195602738946
2020-04-06 13:59:00,3698.239346431716,0.00026417462703436757
2020-04-06 14:00:00,3698.1568815993014,0.0002479101783117546
2020-04-06 14:01:00,3698.44094489352,0.00022332299512454096
2020-04-06 14:02:00,3698.602206085371,0.00022379338499164318
2020-04-06 14:03:00,3698.0137932524185,0.0002170570334868036
2020-04-06 14:04:00,3698.52058967091,0.00022847256153235338
2020-04-06 14:05:00,3699.213487043764,0.00021391827914260926
2020-04-06 14:06:00,3699.354503674426,0.00022250113311865822
2020-04-06 14:07:00,3698.876010881826,0.00022770739788152103
2020-04-06 14:08:00,3700.183533815024,0.00022902650763304474
2020-04-06 14:09:00,3701.2937705596887,0.00024375515467433133
2020-04-06 14:10:00,3701.7762472326176,0.00024536566958823023
2020-04-06 14:11:00,3698.9451918879713,0.0002675491575594738
2020-04-06 14:12:00,3698.867799762579,0.00026096691272541826
2020-04-06 14:13:00,3699.358422536661,0.0002509410183213732
2020-04-06 14:14:00,3698.75011628498,0.0002436469350843747
2020-04-06 14:15:00,3699.6213737175212,0.00023609286679191505
2020-04-06 14:16:00,3698.984049985509,0.00023847153539990136
2020-04-06 14:17:00,3699.856826891588,0.00023332265501171682
2020-04-06 14:18:00,3701.4478009938193,0.0002396069586877708
2020-04-06 14:19:00,3701.003138383451,0.00023953668295697317
2020-04-06 14:20:00,3702.078897615251,0.0002326514808238253
2020-04-06 14:21:00,3701.518654294844,0.0002279951208810371
2020-04-06 14:22:00,3700.2239675574097,0.00023372694038382375
2020-04-06 14:23:00,3699.0811190292766,0.00023799114169867754
2020-04-06 14:24:00,3700.30369947323,0.0002499201886884406
2020-04-06 14:25:00,3700.801060945785,0.0002510953413236603
2020-04-06 14:26:00,3699.4115447844465,0.00026035222256361895
2020-04-06 14:27:00,3699.6765817999803,0.00027601713041212726
2020-04-06 14:28:00,3699.73263018579,0.0002850840710020431
2020-04-06 14:29:00,3698.450939919101,0.00030874296059321714
2020-04-06 14:30:00,3698.058970413036,0.0003257420268193502
2020-04-06 14:31:00,3699.9127021161303,0.0003178419702245123
2020-04-06 14:32:00,3700.1025767012484,0.00035114822134586673
2020-04-06 14:33:00,3700.5503554395027,0.0003430131728212998
2020-04-06 14:34:00,3700.593404557821,0.0003378600302533697
2020-04-06 14:35:00,3699.683590276515,0.00032377355498671123
2020-04-06 14:36:00,3702.89834619435,0.00035981068927482657
2020-04-06 14:37:00,3701.8564675539365,0.00037511096533197826
2020-04-06 14:38:00,3704.3389830035003,0.0003882625392729304
2020-04-06 14:39:00,3703.88202209028,0.00042335318207856025
2020-04-06 14:40:00,3706.928728961567,0.00042589783666937967
2020-04-06 14:41:00,3709.106464280702,0.000421109006832757
2020-04-06 14:42:00,3709.2281414826875,0.00039993827574120484
2020-04-06 14:43:00,3710.028191654353,0.00038342199195433963
2020-04-06 14:44:00,3709.7535054042496,0.00036648611336202936
2020-04-06 14:45:00,3708.766131231318,0.0004020755987353047
2020-04-06 14:46:00,3707.9222503848237,0.0003925972428986098
2020-04-06 14:47:00,3708.6596880363827,0.0003855549105031706
2020-04-06 14:48:00,3706.9966705534243,0.00039485613689052074
2020-04-06 14:49:00,3706.6598818859243,0.00038038022188024724
2020-04-06 14:50:00,3708.9344948764015,0.00038048579063047397
2020-04-06 14:51:00,3708.198891218037,0.0003892575052981393
2020-04-06 14:52:00,3709.180867316234,0.0003966809244173318
2020-04-06 14:53:00,3706.3364022095016,0.0004084910728423652
2020-04-06 14:54:00,3707.9177034178233,0.00043339797978867253
2020-04-06 14:55:00,3708.4819866473513,0.0004190438575202514
2020-04-06 14:56:00,3708.0759743865974,0.0004331140485313194
2020-04-06 14:57:00,3706.9704939926673,0.0004219572059649652
2020-04-06 14:58:00,3703.6345030420143,0.0004065398139344137
2020-04-06 14:59:00,3700.554330751504,0.00043988898501040325
2020-04-06 15:00:00,3702.616441188418,0.0004178687469722382
2020-04-06 15:01:00,3702.4134007914886,0.0004376184967136621
2020-04-06 15:02:00,3700.3430439935955,0.0004239588925794666
2020-04-06 15:03:00,3703.282296793984,0.0004343958900046826
2020-04-06 15:04:00,3704.070090436679,0.00040528106448526577
2020-04-06 15:05:00,3706.486556163816,0.0004289235948655818
2020-04-06 15:06:00,3706.6208011438935,0.0004466250229247002
2020-04-06 15:07:00,3704.333631634746,0.0004520020951844875
2020-04-06 15:08:00,3705.363954587761,0.00047868870205051837
2020-04-06 15:09:00,3704.465212782648,0.0004583639207159915
2020-04-06 15:10:00,3706.1045457401524,0.0004624287467142296
2020-04-06 15:11:00,3705.756120172372,0.00046619830017006575
2020-04-06 15:12:00,3706.886964789491,0.0004269689928685551
2020-04-06 15:13:00,3707.555931813712,0.000404616334708085
2020-04-06 15:14:00,3707.0241056408568,0.0004000133437281711
2020-04-06 15:15:00,3709.8653031242748,0.0004111251127139335
2020-04-06 15:16:00,3710.0020100928537,0.0004161473470177248
2020-04-06 15:17:00,3708.281473816215,0.00043343674259602
2020-04-06 15:18:00,3708.440116743555,0.0004228952016464137
2020-04-06 15:19:00,3706.5107617847843,0.0003935005781637279
2020-04-06 15:20:00,3705.4356252177286,0.00041169930565777444
2020-04-06 15:21:00,3702.655344543606,0.0004038768780362073
2020-04-06 15:22:00,3703.1327329982287,0.0003803844916619127
2020-04-06 15:23:00,3701.7993405883763,0.00037276770953900646
2020-04-06 15:24:00,3701.556027183507,0.00034604309302079173
2020-04-06 15:25:00,3699.933636486274,0.0003466777155748508
2020-04-06 15:26:00,3700.74608318253,0.0003619758451557963
2020-04-06 15:27:00,3702.1121613831365,0.00037224753812423265
2020-04-06 15:28:00,3703.2015146169488,0.00038180167368391467
2020-04-06 15:29:00,3700.8097044944543,0.00038963974700213853
2020-04-06 15:30:00,3700.6036950776006,0.00038064276840640935
2020-04-06 15:31:00,3698.6503011942223,0.0003688027481398778
2020-04-06 15:32:00,3698.3408526627622,0.0003992454133716744
2020-04-06 15:33:00,3698.0511048219882,0.000417262329970497
2020-04-06 15:34:00,3700.4346440614822,0.00042301086619736923
2020-04-06 15:35:00,3700.451468875542,0.0004416995986785922
2020-04-06 15:36:00,3700.0671301548928,0.0004393056828466316
2020-04-06 15:37:00,3699.416063461395,0.0004482316454015123
2020-04-06 15:38:00,3701.4847622293646,0.000450848513464883
2020-04-06 15:39:00,3702.9023575054107,0.000454352814758009
2020-04-06 15:40:00,3702.4298549382042,0.00045769455649857956
2020-04-06 15:41:00,3701.912116332381,0.00045265283296574537
2020-04-06 15:42:00,3701.3673196145496,0.0004669582436926285
2020-04-06 15:43:00,3700.214045006768,0.00045996537827054656
2020-04-06 15:44:00,3701.085418091942,0.0004822402320427214
2020-04-06 15:45:00,3700.9750078981765,0.00048210374807147895
2020-04-06 15:46:00,3704.0027194741097,0.0005067058271222895
2020-04-06 15:47:00,3697.011952644033,0.0004930981847593301
2020-04-06 15:48:00,3699.605431037498,0.00047370026420079326
2020-04-06 15:49:00,3698.265130316319,0.0004444572884852986
2020-04-06 15:50:00,3696.7057791916664,0.0004200957652197178
2020-04-06 15:51:00,3697.039436485414,0.0004103242358752049
2020-04-06 15:52:00,3697.030575433162,0.00037866733412079387
2020-04-06 15:53:00,3700.1988714481454,0.0003888975407776237
2020-04-06 15:54:00,3699.6705067415273,0.0003900326695980953
2020-04-06 15:55:00,3697.657663507431,0.00038236868170165184
2020-04-06 15:56:00,3698.607631224533,0.00036281278477116413
2020-04-06 15:57:00,3697.4636623983793,0.0003648480250526261
2020-04-06 15:58:00,3696.159328692304,0.0003492034139779267
2020-04-06 15:59:00,3695.422523116389,0.0003324933106371073
2020-04-06 16:00:00,3694.1945159781358,0.00034307980123787286
2020-04-06 16:01:00,3695.6884312914776,0.0003566432938707166
2020-04-06 16:02:00,3694.779034312135,0.0003720017361350287
2020-04-06 16:03:00,3694.8202035600375,0.00038166317929824625
2020-04-06 16:04:00,3694.2014902856245,0.00036569251928012555
2020-04-06 16:05:00,3692.9560098524526,0.0003488812196924004
2020-04-06 16:06:00,3692.4246633596927,0.00036998664791351965
2020-04-06 16:07:00,3691.188041888856,0.0003719566146099213
2020-04-06 16:08:00,3690.733766056869,0.00037642148866253003
2020-04-06 16:09:00,3690.9702701168644,0.0003794768800060551
2020-04-06 16:10:00,3691.2622283668697,0.00037735519152962317
2020-04-06 16:11:00,3692.535925904563,0.00036382460157366193
2020-04-06 16:12:00,3690.115026741917,0.000365645745726767
2020-04-06 16:13:00,3692.486935587395,0.000379144005976143
2020-04-06 16:14:00,3693.157120345579,0.0003660840257383938
2020-04-06 16:15:00,3695.2858101329025,0.0003550311123429614
2020-04-06 16:16:00,3694.3377481225584,0.0003401348566721654
2020-04-06 16:17:00,3693.6929020026596,0.0003233921651652703
2020-04-06 16:18:00,3694.278243978359,0.000310204503842756
2020-04-06 16:19:00,3695.6729021854294,0.0003215972900043433
2020-04-06 16:20:00,3695.2775767866115,0.00031823632393951796
2020-04-06 16:21:00,3695.8025672955696,0.0003055763374249644
2020-04-06 16:22:00,3698.001109449266,0.0003090992206922516
2020-04-06 16:23:00,3698.5819742992553,0.00031113733233058066
2020-04-06 16:24:00,3699.168177739957,0.00030729488574245063
2020-04-06 16:25:00,3699.634999918281,0.00031704667136619807
2020-04-06 16:26:00,3700.2975484331523,0.00030490495588103176
2020-04-06 16:27:00,3700.173168168785,0.0002985391667807419
2020-04-06 16:28:00,3700.0542067252236,0.00029065557060975884
2020-04-06 16:29:00,3699.1744922799166,0.0002787639713930552
2020-04-06 16:30:00,3698.9597797753945,0.00026881037084216223
2020-04-06 16:31:00,3700.9180701673477,0.00026511243315473687
2020-04-06 16:32:00,3701.7421430842696,0.0002578886892352179
2020-04-06 16:33:00,3702.082338316866,0.000261835420699788
2020-04-06 16:34:00,3703.2690633749417,0.00025046510469510757
2020-04-06 16:35:00,3704.216288500462,0.0002487936285921721
2020-04-06 16:36:00,3703.862191341523,0.00024021782028213576
2020-04-06 16:37:00,3703.0623574558294,0.0002315001259179249
2020-04-06 16:38:00,3703.1504484095985,0.0002454829821373747
2020-04-06 16:39:00,3702.447596824979,0.0002540907456065473
2020-04-06 16:40:00,3701.117869830609,0.000252853020334468
2020-04-06 16:41:00,3701.0127030437784,0.000257403813068931
2020-04-06 16:42:00,3700.41792175885,0.00026125851414822416
2020-04-06 16:43:00,3700.200823233863,0.0002604766147026553
2020-04-06 16:44:00,3700.4977820331774,0.0002458658728134393
2020-04-06 16:45:00,3698.8771413085638,0.0002378375476625428
2020-04-06 16:46:00,3698.4113725106718,0.00025762826218685527
2020-04-06 16:47:00,3697.959500349322,0.00026538222986826964
2020-04-06 16:48:00,3699.329037368368,0.0002798050840106166
2020-04-06 16:49:00,3699.731529037506,0.0002854530156912719
2020-04-06 16:50:00,3697.6357153650597,0.000275682798932453
2020-04-06 16:51:00,3696.413538377508,0.0002895957731444884
2020-04-06 16:52:00,3696.4284281517735,0.0003091403980464797
2020-04-06 16:53:00,3695.263484971254,0.0003087537355782143
2020-04-06 16:54:00,3695.700418404721,0.00032252580367012296
2020-04-06 16:55:00,3694.276906902863,0.00029509150117827904
2020-04-06 16:56:00,3694.0259609673158,0.0003159473670032152
2020-04-06 16:57:00,3694.9383412600955,0.00030088675301964283
2020-04-06 16:58:00,3694.862582947911,0.00028299692356778116
2020-04-06 16:59:00,3693.641036370843,0.0002736835338618589
2020-04-06 17:00:00,3693.8568093272193,0.0002966118714860098
2020-04-06 17:01:00,3695.1763209186465,0.00031585984678650467
2020-04-06 17:02:00,3693.425887100793,0.00030984268642674157
2020-04-06 17:03:00,3695.1298620047605,0.0003178495474153893
2020-04-06 17:04:00,3694.6034145514536,0.0003052855058569509
2020-04-06 17:05:00,3693.7490920980913,0.00030777358326304475
2020-04-06 17:06:00,3693.4617630787648,0.0003199596365139649
2020-04-06 17:07:00,3693.5405383539733,0.0003254436701143925
2020-04-06 17:08:00,3693.712873714732,0.00032674107943941145
2020-04-06 17:09:00,3695.949504124486,0.000312428167792246
2020-04-06 17:10:00,3696.8335715785784,0.0003095669049146536
2020-04-06 17:11:00,3694.8783123219364,0.0003161713088985294
2020-04-06 17:12:00,3694.5457362248517,0.0003325114774554069
2020-04-06 17:13:00,3693.2785779769656,0.0003242004684826702
2020-04-06 17:14:00,3691.796099964318,0.00034720596610226606
2020-04-06 17:15:00,3691.4489110755376,0.0003498991000384468
2020-04-06 17:16:00,3692.9484173338224,0.0003604632549718594
2020-04-06 17:17:00,3689.9537093821846,0.00034828173403192393
2020-04-06 17:18:00,3689.7177635398793,0.00035002887486051384
2020-04-06 17:19:00,3689.370192384464,0.00036459472358015547
2020-04-06 17:20:00,3688.8909176762877,0.0003456813697261881
2020-04-06 17:21:00,3686.5836863089157,0.0003485725978269374
2020-04-06 17:22:00,3686.052109646249,0.00033383812304575125
2020-04-06 17:23:00,3684.5452601402276,0.0003310360065547813
2020-04-06 17:24:00,3683.72476181967,0.00031523479592601196
2020-04-06 17:25:00,3683.2773219860073,0.00029583589662542125
2020-04-06 17:26:00,3684.3004537814763,0.00029812873988085595
2020-04-06 17:27:00,3682.710025800437,0.00029811846105365076
2020-04-06 17:28:00,3683.2433820497913,0.0003032108196392563
2020-04-06 17:29:00,3683.828030297731,0.0003099057608882843
2020-04-06 17:30:00,3684.3137274563237,0.00033358787280288513
2020-04-06 17:31:00,3685.2824094042107,0.00031541915557143713
2020-04-06 17:32:00,3684.8114987462227,0.00030795459101877324
2020-04-06 17:33:00,3684.840078033583,0.00033655569256461015
2020-04-06 17:34:00,3686.067682319841,0.0003387442870468775
2020-04-06 17:35:00,3686.05078947892,0.00034435107040001997
2020-04-06 17:36:00,3686.989129323267,0.00034638688803097337
2020-04-06 17:37:00,3685.2749763742127,0.00036036184099262153
2020-04-06 17:38:00,3688.1305231193573,0.0003491870066487037
2020-04-06 17:39:00,3690.1811562477355,0.00036779706117705675
2020-04-06 17:40:00,3689.0108203187774,0.0003583760037245985
2020-04-06 17:41:00,3689.3534048720844,0.0003391873328363123
2020-04-06 17:42:00,3689.3099027914827,0.0003401662626315299
2020-04-06 17:43:00,3691.5056963020693,0.00037018757572744587
2020-04-06 17:44:00,3689.3114938215167,0.0003753892383723841
2020-04-06 17:45:00,3690.3475243649837,0.00037518934734009896
2020-04-06 17:46:00,3692.856138806767,0.0003920793910849304
2020-04-06 17:47:00,3692.0348240213784,0.00037182151870361987
2020-04-06 17:48:00,3691.49673802815,0.0003572678658092492
2020-04-06 17:49:00,3691.673415090636,0.000361763924455571
2020-04-06 17:50:00,3691.688671284391,0.00035614642455383626
2020-04-06 17:51:00,3691.905231838379,0.0003423922810949916
2020-04-06 17:52:00,3690.074965695653,0.0003663078171181503
2020-04-06 17:53:00,3689.750695040911,0.0003562732413945552
2020-04-06 17:54:00,3690.196357388918,0.0003595053024566361
2020-04-06 17:55:00,3690.1014112468147,0.0003527111987507206
2020-04-06 17:56:00,3692.436990228193,0.0003336796400429731
2020-04-06 17:57:00,3691.292926393618,0.0003464462686227519
2020-04-06 17:58:00,3689.9007457719918,0.0003270565682568524
2020-04-06 17:59:00,3687.11376393311,0.0003355413176153584
2020-04-06 18:00:00,3684.9517852044128,0.00031813515619875417
2020-04-06 18:01:00,3685.0869368582753,0.00031679640952453586
2020-04-06 18:02:00,3685.634910423012,0.000298287299289463
2020-04-06 18:03:00,3684.5059502352224,0.0003044302201010537
2020-04-06 18:04:00,3683.030579660728,0.0002975235596897749
2020-04-06 18:05:00,3685.8563103803876,0.000304177617062202
2020-04-06 18:06:00,3685.8335483435444,0.00029229382586032045
2020-04-06 18:07:00,3686.1228550274855,0.0003032064341844412
2020-04-06 18:08:00,3685.92372118918,0.00030763137470623343
2020-04-06 18:09:00,3684.8255437303137,0.00029278241574317427
2020-04-06 18:10:00,3685.5114287406436,0.00027681485193089205
2020-04-06 18:11:00,3685.752146969514,0.00025777167880449114
2020-04-06 18:12:00,3684.27078109626,0.0002625919168280872
2020-04-06 18:13:00,3685.746073633012,0.0002770269339424191
2020-04-06 18:14:00,3683.995268836942,0.00027832271475653
2020-04-06 18:15:00,3684.2263378385774,0.00026591889795662255
2020-04-06 18:16:00,3684.8963542939023,0.000266469175178519
2020-04-06 18:17:00,3684.5918511552936,0.00025935785541559035
2020-04-06 18:18:00,3683.850154801047,0.0002568057716795084
2020-04-06 18:19:00,3684.3782134958724,0.0002478728920753678
2020-04-06 18:20:00,3682.378814763214,0.00026449679891679787
2020-04-06 18:21:00,3683.2098002181456,0.00025565581117959905
2020-04-06 18:22:00,3683.71573631347,0.0002562234888539492
2020-04-06 18:23:00,3684.3229125893863,0.00025297024042859927
2020-04-06 18:24:00,3685.5543812779188,0.0002607560129571413
2020-04-06 18:25:00,3686.1773563000206,0.0002607780814969894
2020-04-06 18:26:00,3684.7430255569643,0.0002597614141342795
2020-04-06 18:27:00,3685.9916364767932,0.0002606490710996861
2020-04-06 18:28:00,3686.8907460126757,0.0002539327431272277
2020-04-06 18:29:00,3686.389137062261,0.00025499516103369093
2020-04-06 18:30:00,3687.819914473802,0.0002602381976860716
2020-04-06 18:31:00,3687.325684951263,0.0002648419632115735
2020-04-06 18:32:00,3685.7947633929375,0.00026250222480667443
2020-04-06 18:33:00,3685.629862442415,0.00026580216760503623
2020-04-06 18:34:00,3685.7702087302905,0.0002621144127468142
2020-04-06 18:35:00,3685.937543468799,0.0002633812427658248
2020-04-06 18:36:00,3686.3183357435923,0.0002571779407759432
2020-04-06 18:37:00,3686.2859841685836,0.00027073170113313605
2020-04-06 18:38:00,3685.3773345187706,0.0002858944351505605
2020-04-06 18:39:00,3685.4253121191737,0.000282758716891391
2020-04-06 18:40:00,3685.4528389432294,0.00030656990864847734
2020-04-06 18:41:00,3684.720130334645,0.0003113895220532202
2020-04-06 18:42:00,3684.4182394020795,0.00032918157069093245
2020-04-06 18:43:00,3684.9589821544364,0.00033100328873964153
2020-04-06 18:44:00,3683.9067774679647,0.0003320737812063352
2020-04-06 18:45:00,3683.1729077109003,0.000320129116932307
2020-04-06 18:46:00,3683.234099758906,0.00032239631236101555
2020-04-06 18:47:00,3683.1268469213815,0.00032543957359588575
2020-04-06 18:48:00,3683.0757588651772,0.00034354027476201645
2020-04-06 18:49:00,3683.214495836393,0.0003361405306697296
2020-04-06 18:50:00,3684.3866156347044,0.00036356300186747445
2020-04-06 18:51:00,3684.4325854132676,0.00036112945558134117
2020-04-06 18:52:00,3683.3884956873117,0.00037365737119427606
2020-04-06 18:53:00,3682.708396923639,0.0003779316374641972
2020-04-06 18:54:00,3682.417025703796,0.00036122799842422127
2020-04-06 18:55:00,3682.9135859860035,0.0003886370005536518
2020-04-06 18:56:00,3683.009809625732,0.0003706105422326413
2020-04-06 18:57:00,3680.9955149756524,0.0003450138033425384
2020-04-06 18:58:00,3682.224966843501,0.000340910689691481
2020-04-06 18:59:00,3684.3797007960534,0.00033260103283345386
2020-04-06 19:00:00,3685.012725829761,0.00032026042761629686
2020-04-06 19:01:00,3684.0003290318905,0.00033993339511405074
2020-04-06 19:02:00,3684.753781546982,0.0003220040219947643
2020-04-06 19:03:00,3685.6380631564507,0.00033843538464170883
2020-04-06 19:04:00,3686.4109770827426,0.00032975477105345
2020-04-06 19:05:00,3686.409342768537,0.0003177409493749451
2020-04-06 19:06:00,3685.1291579236295,0.00033933368306500184
2020-04-06 19:07:00,3685.5892707305547,0.0003362345095886642
2020-04-06 19:08:00,3684.5688127177236,0.00036357861199409286
2020-04-06 19:09:00,3684.1071112555032,0.00036285413198114413
2020-04-06 19:10:00,3683.0949790059194,0.00037622163166505586
2020-04-06 19:11:00,3682.537171450033,0.000365587849333998
2020-04-06 19:12:00,3683.776321992381,0.0003910121505470976
2020-04-06 19:13:00,3680.5651496265828,0.0003777738264099891
2020-04-06 19:14:00,3679.7857216502766,0.00041161252443124263
2020-04-06 19:15:00,3680.4251055302507,0.0004147674719557491
2020-04-06 19:16:00,3677.8714770590796,0.00039808224181755715
2020-04-06 19:17:00,3676.3577682362047,0.0003828185922062358
2020-04-06 19:18:00,3677.756263476772,0.00037833833524734283
2020-04-06 19:19:00,3677.3031459738245,0.0003546486465553896
2020-04-06 19:20:00,3677.4298217505784,0.0003601295331909461
2020-04-06 19:21:00,3676.1500212961287,0.0003797923781968108
2020-04-06 19:22:00,3678.9981177915097,0.00040404031621303263
2020-04-06 19:23:00,3679.4005044206638,0.00038629165566645595
2020-04-06 19:24:00,3679.7298278007092,0.0003955420216889048
2020-04-06 19:25:00,3682.9735319903193,0.0004171290750417844
2020-04-06 19:26:00,3683.628047951437,0.00043794005823249196
2020-04-06 19:27:00,3685.989934374638,0.0003663682151694058
2020-04-06 19:28:00,3685.15656720982,0.0003661269300497987
2020-04-06 19:29:00,3687.318607869306,0.0003817755722355513
2020-04-06 19:30:00,3687.1105280731576,0.00038005481576762576
2020-04-06 19:31:00,3684.488444473931,0.0004228231765091069
2020-04-06 19:32:00,3688.859492882528,0.0004206689047873418
2020-04-06 19:33:00,3689.0293924656526,0.0004110832310445754
2020-04-06 19:34:00,3689.3421573062774,0.0004170298895118186
2020-04-06 19:35:00,3689.088161899982,0.0004012096829728644
2020-04-06 19:36:00,3687.7426559712526,0.00039688624112597725
2020-04-06 19:37:00,3688.104291925677,0.0003715982041665732
2020-04-06 19:38:00,3685.7156283443474,0.0003593624938733692
2020-04-06 19:39:00,3687.2047103205014,0.0003779302300566171
2020-04-06 19:40:00,3683.817951937143,0.0003776208061209162
2020-04-06 19:41:00,3684.7692316042367,0.00036893128377790295
2020-04-06 19:42:00,3685.3803744719103,0.0003550565995544601
2020-04-06 19:43:00,3685.5795666874806,0.0003429662560511959
2020-04-06 19:44:00,3684.54790973767,0.0003427611601499632
2020-04-06 19:45:00,3683.8353812722626,0.00032673953750883084
2020-04-06 19:46:00,3684.5580801133156,0.0003293043208227495
2020-04-06 19:47:00,3684.6264436196775,0.00035056473147240564
2020-04-06 19:48:00,3685.087033667793,0.00035881449872470725
2020-04-06 19:49:00,3687.358980146166,0.000378935159807293
2020-04-06 19:50:00,3688.310123508468,0.00038849163317900476
2020-04-06 19:51:00,3688.736373588024,0.0004028099167175234
2020-04-06 19:52:00,3689.558211428202,0.00040048685056887285
2020-04-06 19:53:00,3688.3810449423922,0.0003893422779426316
2020-04-06 19:54:00,3690.6087423077606,0.0003916461673555373
2020-04-06 19:55:00,3692.022586778256,0.00037870977924315093
2020-04-06 19:56:00,3690.7382427258226,0.00038648908766378753
2020-04-06 19:57:00,3689.7194148495328,0.0003663619775211399
2020-04-06 19:58:00,3688.988985328922,0.00036738209322093566
2020-04-06 19:59:00,3689.304692078724,0.00035648453309732487
2020-04-07 13:30:00,3636.6659668363413,0.00035954167054018827
2020-04-07 13:31:00,3637.4712548547245,0.0003651458777486619
2020-04-07 13:32:00,3637.4739894753816,0.0003666145054130478
2020-04-07 13:33:00,3639.1480022550813,0.00035105302234851
2020-04-07 13:34:00,3637.8315407656905,0.00039242460222076614
2020-04-07 13:35:00,3636.6581658733,0.0004087778453689928
2020-04-07 13:36:00,3637.7597407729363,0.0003989294897238313
2020-04-07 13:37:00,3635.3518176048183,0.0004269067660648951
2020-04-07 13:38:00,3635.455555400687,0.0004435671739811409
2020-04-07 13:39:00,3636.3066053866946,0.000461268079999126
2020-04-07 13:40:00,3638.0694746788877,0.00046276003052724387
2020-04-07 13:41:00,3638.459120605584,0.0004334198932038153
2020-04-07 13:42:00,3636.7153015465046,0.000415613451665222
2020-04-07 13:43:00,3637.998881545747,0.0004242019234486504
2020-04-07 13:44:00,3638.764825177609,0.0004122705570580172
2020-04-07 13:45:00,3638.129039681226,0.00041795929022609264
2020-04-07 13:46:00,3637.446204183012,0.0004221892956338786
2020-04-07 13:47:00,3640.89754822253,0.0004190047447851574
2020-04-07 13:48:00,3641.6114285260846,0.00040487879765505936
2020-04-07 13:49:00,3641.737361729381,0.0003977215243276613
2020-04-07 13:50:00,3641.8539182686663,0.0004015050807265828
2020-04-07 13:51:00,3640.4766926292436,0.0003911566390792839
2020-04-07 13:52:00,3642.313257370323,0.00040534542872183
2020-04-07 13:53:00,3639.5610508975114,0.000387462999432188
2020-04-07 13:54:00,3639.044669578009,0.0003914434804108067
2020-04-07 13:55:00,3639.693225729393,0.0003918378289564664
2020-04-07 13:56:00,3641.4390689998263,0.00038955730001243575
2020-04-07 13:57:00,3643.8572783548507,0.00038127434571671667
2020-04-07 13:58:00,3645.6403074310656,0.00038977323815358084
2020-04-07 13:59:00,3648.664255258843,0.0003955300855883186
2020-04-07 14:00:00,3648.067289322347,0.0004014808290599922
2020-04-07 14:01:00,3646.356206787076,0.00036488938539237765
2020-04-07 14:02:00,3645.5175743378786,0.00033586037315858617
2020-04-07 14:03:00,3644.4223544710007,0.0003434652801839422
2020-04-07 14:04:00,3642.960431939032,0.0003618350500537372
2020-04-07 14:05:00,3644.348563232576,0.000368861281890723
2020-04-07 14:06:00,3644.83460631443,0.00037306002654217756
2020-04-07 14:07:00,3645.4447477549033,0.0003787592460647855
2020-04-07 14:08:00,3644.9907383023287,0.0003741332941268698
2020-04-07 14:09:00,3642.9766347734917,0.00037932067480347833
2020-04-07 14:10:00,3643.848190311639,0.00035748638956863734
2020-04-07 14:11:00,3643.9623279400557,0.00036221108016597887
2020-04-07 14:12:00,3643.280257620892,0.00033449133009490065
2020-04-07 14:13:00,3644.155587461156,0.00032167167195441165
2020-04-07 14:14:00,3642.5540905061903,0.0003302150199929921
2020-04-07 14:15:00,3642.7114570228337,0.0003142988936085819
2020-04-07 14:16:00,3641.1090855209245,0.00031730340161037084
2020-04-07 14:17:00,3640.4649178452382,0.00029350300229034936
2020-04-07 14:18:00,3640.7936869168593,0.00030320197097472034
2020-04-07 14:19:00,3640.668900371489,0.0003023068255092606
2020-04-07 14:20:00,3640.003663537552,0.00030323625458889973
2020-04-07 14:21:00,3640.0147808246943,0.00033478959160817315
2020-04-07 14:22:00,3640.032372614726,0.0003397377360780515
2020-04-07 14:23:00,3641.2110694321977,0.00034610494628528344
2020-04-07 14:24:00,3639.4865932331018,0.00035239462219646103
2020-04-07 14:25:00,3639.013329027728,0.0003522766179446304
2020-04-07 14:26:00,3641.7146968216853,0.00033084497509698363
2020-04-07 14:27:00,3640.344005148463,0.0003421202045822046
2020-04-07 14:28:00,3640.6223143903767,0.00036748409478946215
2020-04-07 14:29:00,3641.939606604517,0.0003817511243926551
2020-04-07 14:30:00,3641.7740691192844,0.0003964381034912971
2020-04-07 14:31:00,3640.4742307759166,0.00041759063390997737
2020-04-07 14:32:00,3640.6776465750786,0.0004086370763333139
2020-04-07 14:33:00,3641.8799707717417,0.00040041874622767854
2020-04-07 14:34:00,3640.014171282032,0.00039894420258063394
2020-04-07 14:35:00,3638.744995397398,0.0004072116246280825
2020-04-07 14:36:00,3637.092286782138,0.0003991140703866143
2020-04-07 14:37:00,3638.1583738678473,0.00040304337974006883
2020-04-07 14:38:00,3637.4957626115283,0.00040886029464608334
2020-04-07 14:39:00,3635.0629693924616,0.0004360090729279794
2020-04-07 14:40:00,3633.1402301704093,0.00047491219646567
2020-04-07 14:41:00,3632.4771942547045,0.00046717765824953777
2020-04-07 14:42:00,3633.97951281728,0.00047974671015605085
2020-04-07 14:43:00,3635.208407139842,0.000503345937136124
2020-04-07 14:44:00,3635.277160266924,0.0005083089439522458
2020-04-07 14:45:00,3635.7311797334064,0.0004916634836275312
2020-04-07 14:46:00,3635.147495663945,0.000509411790211889
2020-04-07 14:47:00,3636.9444408893205,0.0005407060443910044
2020-04-07 14:48:00,3636.127802303144,0.0005532028133166818
2020-04-07 14:49:00,3636.260152753614,0.0005226885836715916
2020-04-07 14:50:00,3635.0354256346122,0.0005091775962220225
2020-04-07 14:51:00,3630.959612939421,0.0005410425851774374
2020-04-07 14:52:00,3633.0052346261095,0.0005310994106635157
2020-04-07 14:53:00,3632.935365143114,0.0005304539586956856
2020-04-07 14:54:00,3633.023459454414,0.0005330124825750488
2020-04-07 14:55:00,3631.859162534949,0.0005129446646128104
2020-04-07 14:56:00,3633.7649103828453,0.0005208003341792834
2020-04-07 14:57:00,3633.1507393517477,0.0005319724744158341
2020-04-07 14:58:00,3631.4512156862043,0.0005657672843106671
2020-04-07 14:59:00,3631.1018646289544,0.0005980988295995064
2020-04-07 15:00:00,3630.1361555506624,0.0006016292595830854
2020-04-07 15:01:00,3630.3805623905278,0.0005996995931601719
2020-04-07 15:02:00,3629.3148321227186,0.0006265537514399088
2020-04-07 15:03:00,3634.2090319624417,0.0006272175035983551
2020-04-07 15:04:00,3628.4239062598076,0.0006164172860520852
2020-04-07 15:05:00,3624.697536339065,0.0006045683621644977
2020-04-07 15:06:00,3624.49718773142,0.0005899051614943339
2020-04-07 15:07:00,3625.5320644675467,0.0006013190048118453
2020-04-07 15:08:00,3625.560339209891,0.0006081844386598453
2020-04-07 15:09:00,3622.3885284537905,0.0005902800440280928
2020-04-07 15:10:00,3619.924505046635,0.0006109953934618456
2020-04-07 15:11:00,3621.7306533564742,0.0006110920348962363
2020-04-07 15:12:00,3620.5406122536638,0.0006368469241433192
2020-04-07 15:13:00,3621.734147225643,0.0006737564486078725
2020-04-07 15:14:00,3621.7410403593076,0.0006252099267535544
2020-04-07 15:15:00,3624.9444172061194,0.0006351071025484489
2020-04-07 15:16:00,3621.3748555976895,0.0006291741571088697
2020-04-07 15:17:00,3622.528283359668,0.0005800461149073648
2020-04-07 15:18:00,3623.0704858156187,0.0005777277600419805
2020-04-07 15:19:00,3623.1870130294647,0.0005051130028723411
2020-04-07 15:20:00,3623.4880850918757,0.0005088010862102241
2020-04-07 15:21:00,3626.022378468374,0.0005324810643509554
2020-04-07 15:22:00,3628.1549558960673,0.0006080724287980384
2020-04-07 15:23:00,3629.1602368123063,0.0006165004511054434
2020-04-07 15:24:00,3630.219187891137,0.0006428349858041235
2020-04-07 15:25:00,3629.3888197304786,0.0006735113509034218
2020-04-07 15:26:00,3628.2683091055733,0.0006314132631139321
2020-04-07 15:27:00,3625.2654120099746,0.0006512263001954651
2020-04-07 15:28:00,3621.7328511988026,0.0006213206345007144
2020-04-07 15:29:00,3622.1663807310733,0.0006535013915902706
2020-04-07 15:30:00,3624.8583445792633,0.0007183428718402138
2020-04-07 15:31:00,3627.0803227677793,0.0007078950044236812
2020-04-07 15:32:00,3628.2554928503337,0.0007108483331131437
2020-04-07 15:33:00,3628.5892056387434,0.0007409956463497874
2020-04-07 15:34:00,3635.166641782829,0.0007766182539959012
2020-04-07 15:35:00,3639.0218054395928,0.0007912653691407374
2020-04-07 15:36:00,3641.538196518218,0.0007573446386647028
2020-04-07 15:37:00,3643.2673739544252,0.0007832153088904681
2020-04-07 15:38:00,3646.768630311503,0.0008069109527947301
2020-04-07 15:39:00,3646.6012275363205,0.0007602896272383252
2020-04-07 15:40:00,3650.087211843014,0.0007277579569851828
2020-04-07 15:41:00,3652.816962359355,0.0007203624107051155
2020-04-07 15:42:00,3654.89227778387,0.0006914574420802158
2020-04-07 15:43:00,3658.196468102753,0.00066473445618664
2020-04-07 15:44:00,3652.164589856358,0.0006342592350192614
2020-04-07 15:45:00,3649.582493558156,0.0006946825553553592
2020-04-07 15:46:00,3652.8207226273735,0.0006764524156194013
2020-04-07 15:47:00,3650.512260178616,0.0006401271653962005
2020-04-07 15:48:00,3650.0396333358585,0.0006473069575326448
2020-04-07 15:49:00,3650.0594640830477,0.0005885824558886354
2020-04-07 15:50:00,3651.3203601710015,0.0005726479594224956
2020-04-07 15:51:00,3653.0799861458468,0.0006337806969938461
2020-04-07 15:52:00,3654.3626017380025,0.0006657308492398623
2020-04-07 15:53:00,3657.317999294712,0.0006557489293400979
2020-04-07 15:54:00,3659.709137679568,0.0006528318691266744
2020-04-07 15:55:00,3657.7481056800534,0.0006684317923096178
2020-04-07 15:56:00,3658.6648588744247,0.0006503138026871239
2020-04-07 15:57:00,3659.4783962631454,0.0006125592779867265
2020-04-07 15:58:00,3661.2772622192833,0.0006380395126854659
2020-04-07 15:59:00,3657.5012658466085,0.0006092040440307982
2020-04-07 16:00:00,3658.8432652934353,0.0006153279811712485
2020-04-07 16:01:00,3655.640006349161,0.0005963261704699174
2020-04-07 16:02:00,3657.082133364244,0.0006708379131799897
2020-04-07 16:03:00,3652.768101859841,0.000633631191996101
2020-04-07 16:04:00,3651.7662709492033,0.000641979305742022
2020-04-07 16:05:00,3648.6350258405773,0.0006529483725683133
2020-04-07 16:06:00,3649.8170081789513,0.000599411471048806
2020-04-07 16:07:00,3651.4506655994505,0.0006201173941234417
2020-04-07 16:08:00,3650.353365652821,0.000610670845684909
2020-04-07 16:09:00,3649.5660041693695,0.0006029751100684777
2020-04-07 16:10:00,3647.4634346084463,0.0006070158056292206
2020-04-07 16:11:00,3648.9795675633754,0.0006152014663192757
2020-04-07 16:12:00,3650.5092396251384,0.0006152946087559134
2020-04-07 16:13:00,3647.4476512093697,0.0006192520126353361
2020-04-07 16:14:00,3650.2063699469413,0.0006087083862545939
2020-04-07 16:15:00,3651.649549663275,0.0006276142059135396
2020-04-07 16:16:00,3653.1499913320786,0.0006201376324880841
2020-04-07 16:17:00,3654.1793008478157,0.0006279692963460605
2020-04-07 16:18:00,3651.693516677298,0.0006225258187454439
2020-04-07 16:19:00,3652.8836082667485,0.0005961596222826105
2020-04-07 16:20:00,3653.6280408067432,0.0005817562767110426
2020-04-07 16:21:00,3655.7031241792806,0.0005550212317684854
2020-04-07 16:22:00,3653.7948407251247,0.0005597053980944091
2020-04-07 16:23:00,3655.5068818869117,0.0005581203310257531
2020-04-07 16:24:00,3657.5150108225307,0.0005976657867795505
2020-04-07 16:25:00,3658.0606671827013,0.0006181352377586514
2020-04-07 16:26:00,3656.860672424686,0.0006016662984157426
2020-04-07 16:27:00,3655.688512357139,0.0006092979595431468
2020-04-07 16:28:00,3658.26511263293,0.000573333283755563
2020-04-07 16:29:00,3655.6609887002396,0.0005616744781754299
2020-04-07 16:30:00,3655.6685462128203,0.000514585880411392
2020-04-07 16:31:00,3655.8018142772107,0.0005217765594269495
2020-04-07 16:32:00,3657.2108409284647,0.0004885785933238194
2020-04-07 16:33:00,3656.686936092454,0.0005407185646955894
2020-04-07 16:34:00,3653.47723638242,0.0005668212655688279
2020-04-07 16:35:00,3656.396680394128,0.0005588641588765408
2020-04-07 16:36:00,3656.4177358669135,0.0005610398389671822
2020-04-07 16:37:00,3659.0914525581347,0.0005898983436439305
2020-04-07 16:38:00,3657.5045763106846,0.0005816917525093612
2020-04-07 16:39:00,3657.6096944553883,0.0005712549420321924
2020-04-07 16:40:00,3658.355860605651,0.0005522128850831669
2020-04-07 16:41:00,3657.099786704789,0.0005439028226123997
2020-04-07 16:42:00,3656.5690929083803,0.0005690180271520613
2020-04-07 16:43:00,3657.941729132343,0.0005437507640337426
2020-04-07 16:44:00,3659.1015768590664,0.0005696814263504832
2020-04-07 16:45:00,3655.169148060257,0.0005036894195170603
2020-04-07 16:46:00,3653.0968063564133,0.00048212833109374467
2020-04-07 16:47:00,3650.3103053055074,0.0005207571684688
2020-04-07 16:48:00,3651.813924647712,0.0005219963380069542
2020-04-07 16:49:00,3652.2254019767115,0.0005182290445688741
2020-04-07 16:50:00,3651.319324890534,0.0005013444335950371
2020-04-07 16:51:00,3652.938330378388,0.0004896904427295442
2020-04-07 16:52:00,3655.000511026569,0.0005036233342165944
2020-04-07 16:53:00,3657.834552500977,0.0005035506775406329
2020-04-07 16:54:00,3658.3443611217263,0.0004622663838509932
2020-04-07 16:55:00,3655.957087820576,0.0004655537699949113
2020-04-07 16:56:00,3651.118496867845,0.0004420343469956938
2020-04-07 16:57:00,3651.5273022955603,0.0004628734629863986
2020-04-07 16:58:00,3651.3879977659444,0.0004813739183829082
2020-04-07 16:59:00,3648.3745396941854,0.0004692110958447166
2020-04-07 17:00:00,3647.80211523367,0.0004630164169381632
2020-04-07 17:01:00,3650.6124901477147,0.0004829796298997238
2020-04-07 17:02:00,3652.5122586090374,0.0004951939859363088
2020-04-07 17:03:00,3652.748277735922,0.0004923460273431766
2020-04-07 17:04:00,3651.5588738409224,0.0004729224121622473
2020-04-07 17:05:00,3650.3805796217916,0.0005087893478020734
2020-04-07 17:06:00,3650.527211410722,0.0004895873632844375
2020-04-07 17:07:00,3653.483435164394,0.0004715786838828065
2020-04-07 17:08:00,3655.1560902481556,0.0004956150872298072
2020-04-07 17:09:00,3654.5986393596863,0.0004958970506210441
2020-04-07 17:10:00,3653.067144999786,0.0004997926832755841
2020-04-07 17:11:00,3655.2234527821797,0.000513444756589401
2020-04-07 17:12:00,3652.9802698151325,0.0005320347773512676
2020-04-07 17:13:00,3652.3468626651384,0.0005313955704798082
2020-04-07 17:14:00,3653.795858015416,0.0005399942638454301
2020-04-07 17:15:00,3654.1663596843605,0.0005489429407172993
2020-04-07 17:16:00,3653.726211217379,0.000594045019603175
2020-04-07 17:17:00,3653.3271264366253,0.0005449688393178531
2020-04-07 17:18:00,3653.2960437315064,0.0005280008208814049
2020-04-07 17:19:00,3656.2441071727794,0.00048705588188442775
2020-04-07 17:20:00,3654.861014389437,0.0005087814951216478
2020-04-07 17:21:00,3656.2013396194284,0.0005011351591226445
2020-04-07 17:22:00,3654.84689149714,0.0005189904371023804
2020-04-07 17:23:00,3654.687354943951,0.0005112566802607708
2020-04-07 17:24:00,3655.124666474005,0.0005196710967719459
2020-04-07 17:25:00,3651.696029287267,0.0004933085133450657
2020-04-07 17:26:00,3649.0441785171056,0.0004978017122625135
2020-04-07 17:27:00,3650.98822855588,0.0005101260846803618
2020-04-07 17:28:00,3650.42672972775,0.0005247720285083056
2020-04-07 17:29:00,3654.1686005952006,0.0005432686304292422
2020-04-07 17:30:00,3654.791651567958,0.0005570146267647757
2020-04-07 17:31:00,3655.7410322908827,0.0005260376238881657
2020-04-07 17:32:00,3656.2488844116424,0.0005155337197818222
2020-04-07 17:33:00,3657.5527186743907,0.0005463055806295013
2020-04-07 17:34:00,3656.911884608288,0.0005660306987307445
2020-04-07 17:35:00,3656.032185537025,0.0005235037655969461
2020-04-07 17:36:00,3658.1484004422723,0.0005650836656336606
2020-04-07 17:37:00,3659.9023709497237,0.0005126351780794813
2020-04-07 17:38:00,3660.4317361113394,0.000498253250735806
2020-04-07 17:39:00,3661.035954138877,0.0005215245526835245
2020-04-07 17:40:00,3662.609905873189,0.0005540392230527982
2020-04-07 17:41:00,3663.6246584060837,0.0005533135474333566
2020-04-07 17:42:00,3660.83324642154,0.0005567672641546382
2020-04-07 17:43:00,3664.2148105486926,0.0005566791385349774
2020-04-07 17:44:00,3663.7363007173426,0.0005240142013992255
2020-04-07 17:45:00,3661.542920273902,0.0005360547938443013
2020-04-07 17:46:00,3660.4598575806504,0.0005597218538889489
2020-04-07 17:47:00,3656.841348606549,0.0006040548823664764
2020-04-07 17:48:00,3660.999303984155,0.0006072158956368872
2020-04-07 17:49:00,3663.9390728053363,0.0006270837948676649
2020-04-07 17:50:00,3666.0642023797413,0.0006394124295869536
2020-04-07 17:51:00,3665.389207630054,0.0006577056258621868
2020-04-07 17:52:00,3664.381509510832,0.0006298345591867347
2020-04-07 17:53:00,3665.636855710617,0.0005680024665400989
2020-04-07 17:54:00,3664.574202753003,0.0005458750475365056
2020-04-07 17:55:00,3662.115231961617,0.0005746059433835364
2020-04-07 17:56:00,3660.126206280157,0.0005514723784578085
2020-04-07 17:57:00,3657.6122281149046,0.000570860179468637
2020-04-07 17:58:00,3655.3170280446525,0.0005587293085882689
2020-04-07 17:59:00,3656.2816864136057,0.0005540865379846948
2020-04-07 18:00:00,3653.505078829176,0.000543596447215067
2020-04-07 18:01:00,3657.0946712748323,0.0005468983359205617
2020-04-07 18:02:00,3655.049612001549,0.0005647548580935514
2020-04-07 18:03:00,3652.194089044965,0.0005558211789225924
2020-04-07 18:04:00,3649.392084564715,0.0005645810286314784
2020-04-07 18:05:00,3651.858313894378,0.0005766498925955302
2020-04-07 18:06:00,3654.6044831468257,0.0005980378391401968
2020-04-07 18:07:00,3654.4099589800508,0.0005683684413614718
2020-04-07 18:08:00,3653.6713094242036,0.0005552893357251705
2020-04-07 18:09:00,3651.6020574891018,0.0005344714397413688
2020-04-07 18:10:00,3648.5401852288296,0.0005038074235876523
2020-04-07 18:11:00,3647.9134634113366,0.0005096295227887226
2020-04-07 18:12:00,3649.469452990158,0.0004943333486142292
2020-04-07 18:13:00,3648.513653084878,0.00046439378260427767
2020-04-07 18:14:00,3651.8252872272787,0.0004384769708411551
2020-04-07 18:15:00,3651.4186372491035,0.0004219965741168819
2020-04-07 18:16:00,3653.054577033837,0.00042629959889557885
2020-04-07 18:17:00,3650.015577605015,0.0004376292676838202
2020-04-07 18:18:00,3649.5574807774274,0.000462721885469978
2020-04-07 18:19:00,3651.1855873066816,0.00046618395036788834
2020-04-07 18:20:00,3651.1145125882213,0.0004453910329747983
2020-04-07 18:21:00,3649.719581521913,0.0004502692640642087
2020-04-07 18:22:00,3648.4470225652244,0.00047193656464842985
2020-04-07 18:23:00,3649.2580965928046,0.0004616680601292468
2020-04-07 18:24:00,3649.8763043595136,0.00044046518437787144
2020-04-07 18:25:00,3650.088446397128,0.0004426859595477903
2020-04-07 18:26:00,3650.5801619663334,0.0004417371866108443
2020-04-07 18:27:00,3650.651760503037,0.00047272909488923977
2020-04-07 18:28:00,3652.42633493539,0.0004977949127049324
2020-04-07 18:29:00,3654.2361568762776,0.0004829516189227941
2020-04-07 18:30:00,3652.615488284283,0.00045910333603098975
2020-04-07 18:31:00,3654.398073077179,0.00044842762199208766
2020-04-07 18:32:00,3650.422752457169,0.0004563714361463041
2020-04-07 18:33:00,3652.3270597263886,0.00047583937824224263
2020-04-07 18:34:00,3655.116548213971,0.0004842106341601832
2020-04-07 18:35:00,3655.2155962934726,0.0004875397779924615
2020-04-07 18:36:00,3650.836922623652,0.00046777780199728076
2020-04-07 18:37:00,3651.719029846755,0.0004548851117515925
2020-04-07 18:38:00,3655.1991522548315,0.0004746355359892353
2020-04-07 18:39:00,3654.3579874633815,0.00048443966225459554
2020-04-07 18:40:00,3655.496391239441,0.0005191089129953525
2020-04-07 18:41:00,3657.07926014437,0.0005821621780664397
2020-04-07 18:42:00,3659.35127023485,0.0005874443777684879
2020-04-07 18:43:00,3659.0656709345326,0.0006210653404743857
2020-04-07 18:44:00,3653.8562819689796,0.0006072721660114252
2020-04-07 18:45:00,3653.6855568689575,0.0006395370468433115
2020-04-07 18:46:00,3651.1635906865595,0.000643920945274443
2020-04-07 18:47:00,3648.886565078944,0.0006091799004032394
2020-04-07 18:48:00,3647.386665155882,0.0005803622151638748
2020-04-07 18:49:00,3646.4392339441442,0.0005740945264804899
2020-04-07 18:50:00,3646.395507651623,0.000532974494083156
2020-04-07 18:51:00,3648.148950112615,0.0005610463313217738
2020-04-07 18:52:00,3649.3593345273243,0.000528618142648881
2020-04-07 18:53:00,3651.23121397008,0.0005444011587932567
2020-04-07 18:54:00,3653.0067760540464,0.0005745071636367618
2020-04-07 18:55:00,3651.0161742127857,0.0006054018275366881
2020-04-07 18:56:00,3649.7692152345644,0.0005911292330658443
2020-04-07 18:57:00,3650.1748242123376,0.0005920466408327005
2020-04-07 18:58:00,3649.3036263199424,0.0005912505276637479
2020-04-07 18:59:00,3647.2137194085944,0.0006022196414685675
2020-04-07 19:00:00,3651.4879807175957,0.0006102331655730809
2020-04-07 19:01:00,3650.0840196791683,0.0005955587576252516
2020-04-07 19:02:00,3653.270796348595,0.0005805075694287794
2020-04-07 19:03:00,3654.685253685103,0.0005844366414862029
2020-04-07 19:04:00,3654.3007037206094,0.0005557087500364437
2020-04-07 19:05:00,3651.994258618803,0.0005492953743270453
2020-04-07 19:06:00,3653.4244037306257,0.0005402538697420425
2020-04-07 19:07:00,3656.091995781697,0.0005323838681634658
2020-04-07 19:08:00,3654.4688652309865,0.0005268119141384328
2020-04-07 19:09:00,3655.082481470372,0.0005283557647525075
2020-04-07 19:10:00,3654.60677827111,0.0005432450434145601
2020-04-07 19:11:00,3655.562433541402,0.000544198521779119
2020-04-07 19:12:00,3657.665079238355,0.0005439400517396588
2020-04-07 19:13:00,3656.0486457947713,0.0005770059177397054
2020-04-07 19:14:00,3658.5336791367477,0.0005825134177619712
2020-04-07 19:15:00,3662.486362494075,0.0005711078250714639
2020-04-07 19:16:00,3664.930873949867,0.0005564037331636122
2020-04-07 19:17:00,3664.5039219766936,0.0005556158382085371
2020-04-07 19:18:00,3663.531072931034,0.0005319087897937827
2020-04-07 19:19:00,3661.1748740781795,0.0005394383283284925
2020-04-07 19:20:00,3661.316431673075,0.0005447117982902214
2020-04-07 19:21:00,3660.9310534878605,0.0005452028116601386
2020-04-07 19:22:00,3660.595128919586,0.0005376531920355178
2020-04-07 19:23:00,3661.1061173959806,0.0005670464311341244
2020-04-07 19:24:00,3659.034871646628,0.0005158638705650692
2020-04-07 19:25:00,3654.0508879737645,0.0005065889190983982
2020-04-07 19:26:00,3656.675285726492,0.00048658125139871145
2020-04-07 19:27:00,3656.4339249313775,0.0004713541053953645
2020-04-07 19:28:00,3656.4235180747432,0.000472049986500714
2020-04-07 19:29:00,3656.944367958171,0.0004700953103866359
2020-04-07 19:30:00,3656.324180942226,0.00046428864233398275
2020-04-07 19:31:00,3657.6372214608687,0.00040772823570647663
2020-04-07 19:32:00,3658.4733275973335,0.0003913960592388182
2020-04-07 19:33:00,3660.036619696915,0.00043084729711903927
2020-04-07 19:34:00,3661.6323801704566,0.00044318208271897693
2020-04-07 19:35:00,3660.6422508512624,0.0004258246532426315
2020-04-07 19:36:00,3663.0678279780004,0.00041575335822040347
2020-04-07 19:37:00,3663.799055635336,0.0004099420285718042
2020-04-07 19:38:00,3663.4586805610506,0.000443796907456395
2020-04-07 19:39:00,3663.7484792968353,0.0004692367594759089
2020-04-07 19:40:00,3664.4147137037357,0.00046937934231455574
2020-04-07 19:41:00,3662.25585467986,0.0004498338722311707
2020-04-07 19:42:00,3662.5349782769954,0.00042800290983815385
2020-04-07 19:43:00,3666.0875005260887,0.0004126096227523763
2020-04-07 19:44:00,3663.1307263672875,0.000415430203573469
2020-04-07 19:45:00,3662.454745806659,0.0004517463530303023
2020-04-07 19:46:00,3662.843714453028,0.00044282145358294126
2020-04-07 19:47:00,3662.6745583698116,0.0004480180464020568
2020-04-07 19:48:00,3664.424495290115,0.00045159831524025035
2020-04-07 19:49:00,3665.585418384128,0.0004253404214246505
2020-04-07 19:50:00,3665.063456357022,0.0004370198311992938
2020-04-07 19:51:00,3667.193828118433,0.0004578196085103558
2020-04-07 19:52:00,3666.841518711722,0.0004682691419481791
2020-04-07 19:53:00,3670.568388933527,0.00045132012381905517
2020-04-07 19:54:00,3668.876361083552,0.00041803953814523897
2020-04-07 19:55:00,3667.53959777864,0.00040574703789480196
2020-04-07 19:56:00,3667.925263125547,0.0004050421534114156
2020-04-07 19:57:00,3666.2796499186293,0.0004086680444749628
2020-04-07 19:58:00,3667.818272099456,0.00040948021197064746
2020-04-07 19:59:00,3666.4659071697715,0.00038559418539462723
2020-04-08 13:30:00,3445.795819547552,0.0003901704187808494
2020-04-08 13:31:00,3444.6296218374137,0.0004133142672812039
2020-04-08 13:32:00,3445.302111108074,0.0004037376117181153
2020-04-08 13:33:00,3448.5108964633328,0.00040191184461471353
2020-04-08 13:34:00,3448.80673258303,0.00042728993655773926
2020-04-08 13:35:00,3448.203757055264,0.0004532986053972844
2020-04-08 13:36:00,3450.625879420822,0.00045449012632629805
2020-04-08 13:37:00,3449.1684873588097,0.00044452441429799073
2020-04-08 13:38:00,3448.1689022351675,0.0004465650903634359
2020-04-08 13:39:00,3449.702772192189,0.00045317600977304133
2020-04-08 13:40:00,3449.3441706542526,0.000495142968178797
2020-04-08 13:41:00,3451.081331969545,0.0005165712399495123
2020-04-08 13:42:00,3450.2677723943834,0.0005024828349292334
2020-04-08 13:43:00,3448.1080269124636,0.000521002629020466
2020-04-08 13:44:00,3447.249600310671,0.0004856272580974648
2020-04-08 13:45:00,3448.6642104109123,0.0005080949409140209
2020-04-08 13:46:00,3446.9871104622753,0.0004875234334851948
2020-04-08 13:47:00,3446.0567152779054,0.0004993781045589511
2020-04-08 13:48:00,3445.737141285036,0.0004804551599571836
2020-04-08 13:49:00,3448.064163799491,0.0004806493803622008
2020-04-08 13:50:00,3446.0872141458367,0.0004520951836745881
2020-04-08 13:51:00,3446.832805634004,0.00046117093554430956
2020-04-08 13:52:00,3444.5396645125243,0.0004818927038049674
2020-04-08 13:53:00,3443.587983743738,0.0004712122330694732
2020-04-08 13:54:00,3448.741590825171,0.00046943615537340435
2020-04-08 13:55:00,3445.6405659794664,0.0004527504467788862
2020-04-08 13:56:00,3441.608105442782,0.0004391397271877524
2020-04-08 13:57:00,3445.524423631301,0.0004512682047905614
2020-04-08 13:58:00,3445.7978709268664,0.0004583209575251779
2020-04-08 13:59:00,3445.6894837773525,0.00045866847511029715
2020-04-08 14:00:00,3445.0346763135444,0.0004458878801230221
2020-04-08 14:01:00,3445.692050673293,0.0004547552453984462
2020-04-08 14:02:00,3444.6234122784513,0.0004555541249450009
2020-04-08 14:03:00,3447.5848154077403,0.00048379527552624025
2020-04-08 14:04:00,3446.3804734258924,0.00048325393139773195
2020-04-08 14:05:00,3444.48763521662,0.0004933900675323253
2020-04-08 14:06:00,3444.2817968878267,0.000464250126948105
2020-04-08 14:07:00,3443.3962596243246,0.0004345314809126066
2020-04-08 14:08:00,3442.514683957563,0.00041808638080684664
2020-04-08 14:09:00,3441.832808341095,0.0004738300783550585
2020-04-08 14:10:00,3442.453373238018,0.0004683579382815987
2020-04-08 14:11:00,3443.6502135969317,0.00046442839489363767
2020-04-08 14:12:00,3443.3846210744773,0.000467959156650501
2020-04-08 14:13:00,3445.7548676932074,0.0005063316254561933
2020-04-08 14:14:00,3443.3265714119048,0.0005187483158093018
2020-04-08 14:15:00,3442.5629965921207,0.0005267362500653792
2020-04-08 14:16:00,3441.8693133009783,0.0005179560480290527
2020-04-08 14:17:00,3443.0300705338864,0.000480571534905777
2020-04-08 14:18:00,3444.2224259078944,0.0005055793464530983
2020-04-08 14:19:00,3444.549384608315,0.0005330392418356123
2020-04-08 14:20:00,3444.241748210501,0.0005326173748724066
2020-04-08 14:21:00,3446.1014343881325,0.0005780741100041752
2020-04-08 14:22:00,3446.427664708532,0.0005614379171620095
2020-04-08 14:23:00,3444.2057491217756,0.0005550630536351956
2020-04-08 14:24:00,3442.5167332434094,0.0005676140151433639
2020-04-08 14:25:00,3443.1449587830025,0.0005325085112985765
2020-04-08 14:26:00,3441.050971486153,0.0005740246821686948
2020-04-08 14:27:00,3440.9228320642364,0.0005938448431723211
2020-04-08 14:28:00,3440.344408427892,0.0005812278346648943
2020-04-08 14:29:00,3440.824649991206,0.0005822791173974112
2020-04-08 14:30:00,3440.8497686743085,0.0005826554010322386
2020-04-08 14:31:00,3441.068923117812,0.0005921081225884913
2020-04-08 14:32:00,3444.431816744281,0.0006018292717779353
2020-04-08 14:33:00,3447.342936809013,0.0005677020929804004
2020-04-08 14:34:00,3448.1096381826164,0.0005578903661112392
2020-04-08 14:35:00,3446.6261588578113,0.0005830271099860879
2020-04-08 14:36:00,3446.3441536731502,0.0005992409671454988
2020-04-08 14:37:00,3445.0606420431654,0.0006204876190344521
2020-04-08 14:38:00,3444.874058483351,0.0006124825366735722
2020-04-08 14:39:00,3446.1495087307417,0.0006094306581245374
2020-04-08 14:40:00,3443.3034608259277,0.0006080227098342
2020-04-08 14:41:00,3440.8258095196625,0.000585917097159982
2020-04-08 14:42:00,3441.9106801789817,0.0006438860422798616
2020-04-08 14:43:00,3442.868763121835,0.0006311658360675098
2020-04-08 14:44:00,3440.4847146064376,0.0005795197772246839
2020-04-08 14:45:00,3441.677569751019,0.0006158987867687645
2020-04-08 14:46:00,3441.6721670468587,0.0006014687602252889
2020-04-08 14:47:00,3443.023830333064,0.0006021839096843457
2020-04-08 14:48:00,3442.622965756411,0.0005973900216448327
2020-04-08 14:49:00,3441.6544255196904,0.0006097920844487758
2020-04-08 14:50:00,3440.549321542808,0.0006013251845262752
2020-04-08 14:51:00,3439.559748621058,0.0006008605308365006
2020-04-08 14:52:00,3442.961387432554,0.0006542939925676688
2020-04-08 14:53:00,3439.0719784414746,0.0006892890445255562
2020-04-08 14:54:00,3437.756740404807,0.000697076945130209
2020-04-08 14:55:00,3437.175123917428,0.0007014676539669398
2020-04-08 14:56:00,3434.6703698749393,0.0006614332962226477
2020-04-08 14:57:00,3439.099138130073,0.0006759264797729911
2020-04-08 14:58:00,3437.499980830688,0.0006122850166573561
2020-04-08 14:59:00,3438.1188162967346,0.0005640802288959895
2020-04-08 15:00:00,3436.9058477663966,0.0006041604208301181
2020-04-08 15:01:00,3436.712893972298,0.0006449064090856374
2020-04-08 15:02:00,3438.006552155555,0.0006055708287811401
2020-04-08 15:03:00,3434.4860958290737,0.0006241699467056077
2020-04-08 15:04:00,3433.030708047958,0.00067115871825349
2020-04-08 15:05:00,3433.3012562007575,0.0006822378200486483
2020-04-08 15:06:00,3431.4876422802663,0.0006550955265191096
2020-04-08 15:07:00,3429.431715985274,0.0006466485316270083
2020-04-08 15:08:00,3428.464384535813,0.0006885641838753087
2020-04-08 15:09:00,3428.952951112759,0.0006608954054833024
2020-04-08 15:10:00,3426.6756998360966,0.0006089932349826894
2020-04-08 15:11:00,3425.8620078707536,0.0006306284709621018
2020-04-08 15:12:00,3427.2373993014708,0.000625017992665896
2020-04-08 15:13:00,3426.620645404906,0.0006195579518187087
2020-04-08 15:14:00,3426.7407947350066,0.0006365916926056873
2020-04-08 15:15:00,3429.9536117521898,0.000651598951878374
2020-04-08 15:16:00,3430.8092873626647,0.0006389394798250877
2020-04-08 15:17:00,3425.0235785934588,0.0006463920099760549
2020-04-08 15:18:00,3421.9072076048355,0.0006382914511355413
2020-04-08 15:19:00,3421.731349569496,0.0006356334717939719
2020-04-08 15:20:00,3416.735885547749,0.0006647772122568429
2020-04-08 15:21:00,3419.9424731422223,0.0006501725332885093
2020-04-08 15:22:00,3417.6400526600896,0.0006783580638446702
2020-04-08 15:23:00,3418.474594919892,0.0006029897081105694
2020-04-08 15:24:00,3420.2974326318363,0.0005933578502249093
2020-04-08 15:25:00,3421.999979763374,0.0005726424277224465
2020-04-08 15:26:00,3423.130709637501,0.0005709931281159022
2020-04-08 15:27:00,3424.6179196053777,0.0005813210857920209
2020-04-08 15:28:00,3424.551278972201,0.0005215597061879197
2020-04-08 15:29:00,3425.4110866104234,0.0005337908644830052
2020-04-08 15:30:00,3428.196638149672,0.0005345976223804427
2020-04-08 15:31:00,3427.8102080145395,0.0005322507552174956
2020-04-08 15:32:00,3427.862793778611,0.000504928429830308
2020-04-08 15:33:00,3428.8993335421656,0.0005116020206029807
2020-04-08 15:34:00,3426.921358210604,0.0004918438710985289
2020-04-08 15:35:00,3427.0485878532136,0.000465088271414014
2020-04-08 15:36:00,3428.756625362514,0.0004687995072176394
2020-04-08 15:37:00,3432.585071670351,0.00047289104524971123
2020-04-08 15:38:00,3432.8675321679866,0.0004915103834143903
2020-04-08 15:39:00,3431.9949635809344,0.0005022394281871085
2020-04-08 15:40:00,3430.453528437599,0.00047552662185367087
2020-04-08 15:41:00,3430.569136375943,0.00047668397054513584
2020-04-08 15:42:00,3431.5834159676792,0.0004974934353113674
2020-04-08 15:43:00,3435.894330098301,0.0005053602188951826
2020-04-08 15:44:00,3436.486328216174,0.000506731547833047
2020-04-08 15:45:00,3437.3807976652656,0.0005023139502131847
2020-04-08 15:46:00,3439.002097379707,0.0005254049009511666
2020-04-08 15:47:00,3436.3740001769597,0.0005290230633519212
2020-04-08 15:48:00,3435.4573726054136,0.0005251634328046478
2020-04-08 15:49:00,3439.392293245978,0.0004723580587149947
2020-04-08 15:50:00,3439.342569824455,0.0004942304058570688
2020-04-08 15:51:00,3440.029205313967,0.0005086411252712279
2020-04-08 15:52:00,3440.982008195962,0.00047907175079444557
2020-04-08 15:53:00,3441.5157935687816,0.00047387993682011966
2020-04-08 15:54:00,3444.486750024095,0.00047118467474503614
2020-04-08 15:55:00,3446.16336312837,0.0005068845166951957
2020-04-08 15:56:00,3443.6604175598486,0.0005174079915132096
2020-04-08 15:57:00,3442.2447430047164,0.0005002287453208388
2020-04-08 15:58:00,3444.6203748820826,0.0005062414889926624
2020-04-08 15:59:00,3443.6139236701283,0.0005043579318079275
2020-04-08 16:00:00,3447.468889449977,0.0005054819328129619
2020-04-08 16:01:00,3448.6677365818455,0.0005106353294226983
2020-04-08 16:02:00,3447.943921658954,0.0005382168569699846
2020-04-08 16:03:00,3446.8707006523155,0.000533665011532221
2020-04-08 16:04:00,3445.3554272639235,0.0005547898616944965
2020-04-08 16:05:00,3445.5445810329647,0.0005522063147907821
2020-04-08 16:06:00,3447.69861691936,0.0005303968005834443
2020-04-08 16:07:00,3446.3653173582406,0.0005475371158022156
2020-04-08 16:08:00,3448.6934443833493,0.0005159200122324116
2020-04-08 16:09:00,3446.3721800952662,0.0005212182241960006
2020-04-08 16:10:00,3445.5376626541306,0.0004936276236759884
2020-04-08 16:11:00,3446.049150540379,0.0004445876062274443
2020-04-08 16:12:00,3447.754953280113,0.00043391494245794576
2020-04-08 16:13:00,3447.061725014934,0.0004376352821747079
2020-04-08 16:14:00,3448.030158415165,0.00041642064846483085
2020-04-08 16:15:00,3447.7610842245404,0.00039600836153836006
2020-04-08 16:16:00,3447.5239462471436,0.000391369153517735
2020-04-08 16:17:00,3447.184676925977,0.00038985249770503256
2020-04-08 16:18:00,3449.0989230797954,0.00038629856187479423
2020-04-08 16:19:00,3449.1505628626965,0.0003924953531970535
2020-04-08 16:20:00,3449.108828407774,0.000383407630954533
2020-04-08 16:21:00,3449.03298443974,0.00037167311344268785
2020-04-08 16:22:00,3452.4401694754624,0.0003818276020642162
2020-04-08 16:23:00,3450.283105974445,0.00038492409780336976
2020-04-08 16:24:00,3451.9884356267157,0.0003968563899970061
2020-04-08 16:25:00,3452.810180360751,0.00040437154145792005
2020-04-08 16:26:00,3451.9598226953376,0.00037963088773161825
2020-04-08 16:27:00,3452.7192947099634,0.000393359450787151
2020-04-08 16:28:00,3452.623615963715,0.0004149098111984838
2020-04-08 16:29:00,3451.220142920316,0.00042458450759838513
2020-04-08 16:30:00,3449.6799959095133,0.00044731490382294713
2020-04-08 16:31:00,3449.1327920740864,0.00047139550316953566
2020-04-08 16:32:00,3446.895774606696,0.0004832216048632942
2020-04-08 16:33:00,3446.6930939108092,0.00046150812533080673
2020-04-08 16:34:00,3445.7051928561054,0.00046702693326748456
2020-04-08 16:35:00,3447.3604254750558,0.00046284891757359
2020-04-08 16:36:00,3447.9930760926854,0.0004545934882872826
2020-04-08 16:37:00,3448.1820075221244,0.00046605862214465447
2020-04-08 16:38:00,3446.3225024112603,0.0004554228426870683
2020-04-08 16:39:00,3443.481644818607,0.0004713934978368916
2020-04-08 16:40:00,3443.336785350681,0.00045861636613727817
2020-04-08 16:41:00,3441.9784488681134,0.0004544022530888508
2020-04-08 16:42:00,3442.328045391871,0.0004749702153448646
2020-04-08 16:43:00,3440.5662820791113,0.00044079106359363774
2020-04-08 16:44:00,3442.485285612094,0.0004417967083247816
2020-04-08 16:45:00,3443.46378064572,0.0004468994114516381
2020-04-08 16:46:00,3444.5238417840924,0.0004232038348026984
2020-04-08 16:47:00,3443.302970132413,0.00040326316266945446
2020-04-08 16:48:00,3443.3223130354068,0.00039787602123903036
2020-04-08 16:49:00,3444.028963307288,0.00040769389455986655
2020-04-08 16:50:00,3445.5102409124443,0.0004070668825419845
2020-04-08 16:51:00,3443.833624708373,0.00042661299127147933
2020-04-08 16:52:00,3444.346547084396,0.0004219562980860543
2020-04-08 16:53:00,3444.233799511012,0.0003993077528590717
2020-04-08 16:54:00,3443.626110531413,0.00038024531186619864
2020-04-08 16:55:00,3445.5854883025518,0.0003640036395375248
2020-04-08 16:56:00,3447.3788276743358,0.00034535850090571804
2020-04-08 16:57:00,3446.315034721494,0.0003520835688090381
2020-04-08 16:58:00,3444.002484554528,0.00036673559607696495
2020-04-08 16:59:00,3443.402223332167,0.0003975999796921029
2020-04-08 17:00:00,3441.6667430575344,0.00040658177237485135
2020-04-08 17:01:00,3441.3637711153583,0.0004200651932441972
2020-04-08 17:02:00,3442.261539157062,0.00045098988835077337
2020-04-08 17:03:00,3440.68643326604,0.0004375272314982517
2020-04-08 17:04:00,3441.2882323460226,0.0003949178770766133
2020-04-08 17:05:00,3442.001416561183,0.00040714384146911645
2020-04-08 17:06:00,3441.262927220681,0.0004039610235097068
2020-04-08 17:07:00,3440.044146384254,0.0004048721535180054
2020-04-08 17:08:00,3438.943450362037,0.0003960287387592742
2020-04-08 17:09:00,3440.8526922618908,0.0004046240512850747
2020-04-08 17:10:00,3439.7457045435167,0.00039420883201945144
2020-04-08 17:11:00,3439.365417208747,0.0003806641540330506
2020-04-08 17:12:00,3439.526596360729,0.00037185549681394804
2020-04-08 17:13:00,3437.517181240745,0.000388738091327112
2020-04-08 17:14:00,3436.8613279544948,0.0003869125241015357
2020-04-08 17:15:00,3436.698845474684,0.00039247395681117126
2020-04-08 17:16:00,3438.505660369347,0.00039370977177256183
2020-04-08 17:17:00,3439.511507243661,0.00038773493538734986
2020-04-08 17:18:00,3439.158507430372,0.0004218530807100157
2020-04-08 17:19:00,3441.2367718526016,0.0004238408415411264
2020-04-08 17:20:00,3442.174255697482,0.00046945852803584933
2020-04-08 17:21:00,3440.5584763623365,0.0005268821364742108
2020-04-08 17:22:00,3443.1307048434965,0.0005264655399237957
2020-04-08 17:23:00,3443.4518768197877,0.0005009199793145311
2020-04-08 17:24:00,3442.079940686508,0.000477043756098508
2020-04-08 17:25:00,3444.0326053302433,0.00048809917157425933
2020-04-08 17:26:00,3445.9063297889006,0.0004992847078604079
2020-04-08 17:27:00,3441.4296706239797,0.0005066610967650331
2020-04-08 17:28:00,3440.906274796791,0.0004845158821140053
2020-04-08 17:29:00,3442.6343726489736,0.0005011089140484818
2020-04-08 17:30:00,3442.737912834929,0.000480947869817528
2020-04-08 17:31:00,3441.1498104395573,0.00047436583833448167
2020-04-08 17:32:00,3441.024012488117,0.0004733920226486512
2020-04-08 17:33:00,3441.3288236113676,0.0004679644957295235
2020-04-08 17:34:00,3439.7228793749377,0.00046298874666496375
2020-04-08 17:35:00,3441.7362732031174,0.0004699910095760339
2020-04-08 17:36:00,3441.621511615495,0.0005009098622225337
2020-04-08 17:37:00,3444.302215964408,0.0005084739847745876
2020-04-08 17:38:00,3443.1584841023828,0.0005295569794635585
2020-04-08 17:39:00,3438.59169330506,0.0005053877518134667
2020-04-08 17:40:00,3436.6582244571305,0.0005399034351558954
2020-04-08 17:41:00,3440.446895568139,0.0005351856140656506
2020-04-08 17:42:00,3440.295064991186,0.0005585623212524225
2020-04-08 17:43:00,3436.946104492379,0.0005806560567093088
2020-04-08 17:44:00,3436.2463536348478,0.000597617261018209
2020-04-08 17:45:00,3437.995887152543,0.0005969970342345552
2020-04-08 17:46:00,3438.6880162554767,0.0006108364448994621
2020-04-08 17:47:00,3440.6572326641476,0.0006025825720277919
2020-04-08 17:48:00,3435.88261357046,0.000610867273939805
2020-04-08 17:49:00,3437.08721049643,0.0006570346675401379
2020-04-08 17:50:00,3435.487771713132,0.0006736995799736139
2020-04-08 17:51:00,3438.025265062307,0.0006077055424868204
2020-04-08 17:52:00,3441.151529677029,0.0006003717363707459
2020-04-08 17:53:00,3439.896091931356,0.000614682424175901
2020-04-08 17:54:00,3441.718681175882,0.0005977301711781684
2020-04-08 17:55:00,3440.9405119309035,0.0005583575289875343
2020-04-08 17:56:00,3438.0283839856215,0.0005269821239067109
2020-04-08 17:57:00,3438.223950091705,0.0005261463675279418
2020-04-08 17:58:00,3441.2772206626078,0.0005611045570749297
2020-04-08 17:59:00,3438.1363808759347,0.0005655079560664268
2020-04-08 18:00:00,3440.6235820137367,0.0005959186452483246
2020-04-08 18:01:00,3440.2220673435027,0.0006783721564508448
2020-04-08 18:02:00,3438.712242933764,0.0006841193879140983
2020-04-08 18:03:00,3441.034347186976,0.0006990831695542907
2020-04-08 18:04:00,3438.0007310895858,0.0006808872382713138
2020-04-08 18:05:00,3435.3360399045596,0.0007126519438238742
2020-04-08 18:06:00,3434.077976533303,0.0007265312091380759
2020-04-08 18:07:00,3432.864193262182,0.0007276232410917376
2020-04-08 18:08:00,3429.868242586546,0.0007519580237973521
2020-04-08 18:09:00,3428.8722328345602,0.0008046148666912149
2020-04-08 18:10:00,3427.7882084435187,0.0008128198281394615
2020-04-08 18:11:00,3425.72575285013,0.0008429498989726618
2020-04-08 18:12:00,3426.639144927593,0.0007653848905763225
2020-04-08 18:13:00,3430.7519119402177,0.0007615718383751351
2020-04-08 18:14:00,3431.081494444191,0.0007301083978115201
2020-04-08 18:15:00,3428.6332031036186,0.0007449847566676412
2020-04-08 18:16:00,3427.8191504791316,0.0007604663631687204
2020-04-08 18:17:00,3426.816870203806,0.0007784681365398964
2020-04-08 18:18:00,3427.554413474169,0.000799073725147575
2020-04-08 18:19:00,3424.6255813860607,0.0008184663494332393
2020-04-08 18:20:00,3423.96776968069,0.000797784683024638
2020-04-08 18:21:00,3421.1125235247746,0.0007942167432781966
2020-04-08 18:22:00,3417.3695653667555,0.0008717801095342697
2020-04-08 18:23:00,3419.863361654802,0.0008700553763022124
2020-04-08 18:24:00,3415.5407301355854,0.0008343290589924176
2020-04-08 18:25:00,3411.8277875928225,0.0008171210373548407
2020-04-08 18:26:00,3408.6558246244767,0.0008591370569734116
2020-04-08 18:27:00,3409.7192226244933,0.0009013832770900729
2020-04-08 18:28:00,3408.8406114769946,0.0008204071736263108
2020-04-08 18:29:00,3407.6599589915036,0.0007997358090337118
2020-04-08 18:30:00,3407.3424694887485,0.0008181491266314638
2020-04-08 18:31:00,3402.767112907825,0.0007767245893886123
2020-04-08 18:32:00,3405.0129856558938,0.0007819462785312281
2020-04-08 18:33:00,3404.3369503162326,0.0008289835924869515
2020-04-08 18:34:00,3406.396034433702,0.0008765454844296354
2020-04-08 18:35:00,3404.058970306213,0.0008955276988940165
2020-04-08 18:36:00,3405.7542733902083,0.0008514267751854255
2020-04-08 18:37:00,3410.1231192511527,0.000908277447506792
2020-04-08 18:38:00,3411.156195630278,0.0008409110154014653
2020-04-08 18:39:00,3409.6961275006975,0.0008360511753282766
2020-04-08 18:40:00,3407.196293854878,0.0008318288226958432
2020-04-08 18:41:00,3406.64918314389,0.0007910106127118705
2020-04-08 18:42:00,3408.426435334415,0.0007508951599355856
2020-04-08 18:43:00,3407.8614222969886,0.0007757340489223357
2020-04-08 18:44:00,3407.043762372034,0.0007689427756358125
2020-04-08 18:45:00,3409.2975369941782,0.000789804389738071
2020-04-08 18:46:00,3406.293801946038,0.000772591331690749
2020-04-08 18:47:00,3409.3292990923724,0.0008488778362112506
2020-04-08 18:48:00,3411.95953153117,0.0009060116949276633
2020-04-08 18:49:00,3413.339098114995,0.0008994370106543023
2020-04-08 18:50:00,3414.4534149037104,0.0009377623018005377
2020-04-08 18:51:00,3415.84825272076,0.0008861124773569692
2020-04-08 18:52:00,3414.111690244763,0.0008251219942218892
2020-04-08 18:53:00,3415.9294080418813,0.0008216974834770837
2020-04-08 18:54:00,3417.776892541362,0.0008825722252948267
2020-04-08 18:55:00,3423.6668113451833,0.0008826377034044489
2020-04-08 18:56:00,3421.49373461838,0.000843064255826986
2020-04-08 18:57:00,3424.4868370891386,0.0008036940878745994
2020-04-08 18:58:00,3420.9864718086983,0.000805489082223887
2020-04-08 18:59:00,3422.463387344297,0.0007831120323172438
2020-04-08 19:00:00,3421.1071712499406,0.0007301803591462333
2020-04-08 19:01:00,3422.1397356099883,0.0007482150786018867
2020-04-08 19:02:00,3420.2382555581166,0.0007471245747938999
2020-04-08 19:03:00,3417.1557717978963,0.0006913320931377815
2020-04-08 19:04:00,3414.333543772088,0.0006506404969430867
2020-04-08 19:05:00,3411.2147365921282,0.0006638161181063249
2020-04-08 19:06:00,3409.819576431394,0.0006554523533552063
2020-04-08 19:07:00,3407.4245151603727,0.000596829236956252
2020-04-08 19:08:00,3412.524614074264,0.0005872676778656674
2020-04-08 19:09:00,3410.0756911216263,0.000591516111807801
2020-04-08 19:10:00,3407.827880380148,0.000530276575208298
2020-04-08 19:11:00,3409.6097558571323,0.0005178869732108145
2020-04-08 19:12:00,3415.7633935138083,0.0005288981895451339
2020-04-08 19:13:00,3417.654020928507,0.0005132023137500436
2020-04-08 19:14:00,3417.6076951092123,0.0005032038081113988
2020-04-08 19:15:00,3415.983435097756,0.00046909044552946745
2020-04-08 19:16:00,3415.0456053041776,0.00046852489127100486
2020-04-08 19:17:00,3417.2222482254138,0.00048623363092351344
2020-04-08 19:18:00,3415.777545489735,0.0004705373238971271
2020-04-08 19:19:00,3415.3682160485037,0.0004378970878846895
2020-04-08 19:20:00,3415.351758746701,0.00041990732035473494
2020-04-08 19:21:00,3413.9919784330195,0.0004311912480929301
2020-04-08 19:22:00,3413.5892902209152,0.00041811314310549546
2020-04-08 19:23:00,3412.399670516054,0.0004050926413875305
2020-04-08 19:24:00,3412.775019170336,0.000413034641839762
2020-04-08 19:25:00,3414.693533186279,0.0004182996252067504
2020-04-08 19:26:00,3414.643573361937,0.00040784865710740315
2020-04-08 19:27:00,3414.5652667104687,0.00038984910377994254
2020-04-08 19:28:00,3416.103552992867,0.0003602551563325176
2020-04-08 19:29:00,3416.265917564554,0.00035471027364802644
2020-04-08 19:30:00,3416.1893793393665,0.0003520604001331588
2020-04-08 19:31:00,3418.4440545652874,0.00034675431963536105
2020-04-08 19:32:00,3417.026952041253,0.0003364205069918779
2020-04-08 19:33:00,3417.6933999328603,0.0003470086335151648
2020-04-08 19:34:00,3415.3657725262333,0.0003428048683817772
2020-04-08 19:35:00,3416.5243747395166,0.0003461487112202059
2020-04-08 19:36:00,3417.2239636668505,0.0003331623180567522
2020-04-08 19:37:00,3417.7435625622174,0.00033736700244245003
2020-04-08 19:38:00,3416.1039217032385,0.0003254346944454822
2020-04-08 19:39:00,3416.4083578337572,0.0003071424065547152
2020-04-08 19:40:00,3416.046424534436,0.00031779894467723807
2020-04-08 19:41:00,3417.630516131929,0.0003174423737231745
2020-04-08 19:42:00,3418.302377609916,0.00030774483104828833
2020-04-08 19:43:00,3418.6216855266753,0.0003058957078307212
2020-04-08 19:44:00,3418.1846696172474,0.00030935157154824496
2020-04-08 19:45:00,3419.273757181657,0.0003279747415211185
2020-04-08 19:46:00,3418.526788527485,0.00032862675258675024
2020-04-08 19:47:00,3420.916085009077,0.00034097192295268246
2020-04-08 19:48:00,3420.921506645463,0.00034670524490591775
2020-04-08 19:49:00,3420.0846321135787,0.00035819177170635745
2020-04-08 19:50:00,3420.2880547428886,0.0003565311014068551
2020-04-08 19:51:00,3420.4458384900972,0.00036021725509343484
2020-04-08 19:52:00,3419.9676365486202,0.0003602505984419189
2020-04-08 19:53:00,3418.88584523922,0.00034988843803837675
2020-04-08 19:54:00,3416.801779996203,0.00032545566263294737
2020-04-08 19:55:00,3417.5858658372777,0.0003449826980649436
2020-04-08 19:56:00,3417.855343845548,0.0003525114833020663
2020-04-08 19:57:00,3418.037466852078,0.00034533235592318107
2020-04-08 19:58:00,3416.354715703673,0.0003489423638814528
2020-04-08 19:59:00,3415.3493173645265,0.0003256899591071024
2020-04-09 13:30:00,3463.8826802284284,0.00033310241985275965
2020-04-09 13:31:00,3463.7250611160352,0.00031745825604050456
2020-04-09 13:32:00,3462.9329104703,0.0003279872649448871
2020-04-09 13:33:00,3461.6545983740807,0.0003355950755016368
2020-04-09 13:34:00,3460.3457370614983,0.0003247517845204085
2020-04-09 13:35:00,3461.228770496634,0.0003449512522296153
2020-04-09 13:36:00,3461.4020545682515,0.0003474717594838837
2020-04-09 13:37:00,3461.0487354590364,0.000355791414203623
2020-04-09 13:38:00,3460.757481870929,0.00034294918565269114
2020-04-09 13:39:00,3461.762597341702,0.0003652611236746554
2020-04-09 13:40:00,3464.1886145914327,0.00034193208142213453
2020-04-09 13:41:00,3465.158356936642,0.0003638936531910402
2020-04-09 13:42:00,3466.120645577931,0.0003726928822291796
2020-04-09 13:43:00,3466.8813951032803,0.0003818106522545744
2020-04-09 13:44:00,3464.547348875801,0.00038671886410855677
2020-04-09 13:45:00,3463.839725263109,0.0003798106505511189
2020-04-09 13:46:00,3464.9077454233934,0.0003660916490404694
2020-04-09 13:47:00,3463.716374182685,0.0004018418578373307
2020-04-09 13:48:00,3464.7047307549647,0.00040380648314561584
2020-04-09 13:49:00,3464.1076416192072,0.00042208453501610475
2020-04-09 13:50:00,3464.7235997169,0.0003920309559805286
2020-04-09 13:51:00,3464.1540160708737,0.00040137478608821733
2020-04-09 13:52:00,3464.500961690518,0.00040020203570543687
2020-04-09 13:53:00,3464.025045395436,0.0003917116567958055
2020-04-09 13:54:00,3464.7818417293333,0.0003940634176478573
2020-04-09 13:55:00,3466.4127472446744,0.0004105534745139849
2020-04-09 13:56:00,3465.379560618242,0.00041636992454104386
2020-04-09 13:57:00,3465.2048274795243,0.00039513136954928035
2020-04-09 13:58:00,3464.8891813996756,0.00039150464824843294
2020-04-09 13:59:00,3464.698829138011,0.0004016275544700063
2020-04-09 14:00:00,3463.7239798732453,0.0004130727313791689
2020-04-09 14:01:00,3463.6103949285684,0.00041434286663706224
2020-04-09 14:02:00,3461.214310440632,0.00040519789983421337
2020-04-09 14:03:00,3460.2704467205203,0.0004038167834108217
2020-04-09 14:04:00,3460.39013395398,0.00039710397760639183
2020-04-09 14:05:00,3459.700918212027,0.000411293046499905
2020-04-09 14:06:00,3458.750263127142,0.00039467572010373227
2020-04-09 14:07:00,3457.914370441467,0.0003787709326079509
2020-04-09 14:08:00,3457.814839416525,0.0003514272649205827
2020-04-09 14:09:00,3456.5178847319066,0.0003373317140550794
2020-04-09 14:10:00,3456.2997507713644,0.000364326846188057
2020-04-09 14:11:00,3456.8787412813895,0.00034230913594221794
2020-04-09 14:12:00,3456.178277801605,0.0003338195838046725
2020-04-09 14:13:00,3455.6390229602885,0.00033092712528390707
2020-04-09 14:14:00,3456.9063044184695,0.00034855408997870786
2020-04-09 14:15:00,3458.627562807572,0.00035171077958380607
2020-04-09 14:16:00,3455.913999645224,0.0003449530266139278
2020-04-09 14:17:00,3455.5326000674227,0.0003826533917939682
2020-04-09 14:18:00,3455.9349570809577,0.00035070588544555394
2020-04-09 14:19:00,3457.7779293832,0.0003497183083546126
2020-04-09 14:20:00,3456.2177514173986,0.0003618840941621616
2020-04-09 14:21:00,3456.2294671087666,0.0003576374110313163
2020-04-09 14:22:00,3456.9914667419253,0.000362654343536664
2020-04-09 14:23:00,3456.440903356138,0.00037426942359677565
2020-04-09 14:24:00,3454.2911003520344,0.00036972819295224174
2020-04-09 14:25:00,3453.5575427753756,0.0003519310508264405
2020-04-09 14:26:00,3455.7454652688502,0.0003696841731467696
2020-04-09 14:27:00,3456.267000984411,0.0003741090695543
2020-04-09 14:28:00,3454.665118555917,0.0003635404252876927
2020-04-09 14:29:00,3453.7385043072068,0.0003586415757123215
2020-04-09 14:30:00,3452.170067303213,0.00037415376684501805
2020-04-09 14:31:00,3452.711802021404,0.0003713582664158567
2020-04-09 14:32:00,3450.369883758271,0.0003986162836558967
2020-04-09 14:33:00,3449.401016775312,0.0003871512618939436
2020-04-09 14:34:00,3448.5711406959804,0.0003865139005487719
2020-04-09 14:35:00,3448.806775030147,0.0003927387712279918
2020-04-09 14:36:00,3445.2716522781907,0.0004197174889057175
2020-04-09 14:37:00,3443.217338584319,0.000437419479817918
2020-04-09 14:38:00,3444.841216023775,0.0004630941116516474
2020-04-09 14:39:00,3445.9379695200605,0.0004559116672179076
2020-04-09 14:40:00,3444.5624546330328,0.00043914924488346025
2020-04-09 14:41:00,3445.6912043699035,0.0004034499531363681
2020-04-09 14:42:00,3445.692142734665,0.0003852984562775563
2020-04-09 14:43:00,3445.823543708199,0.00037663266934785146
2020-04-09 14:44:00,3445.451467279412,0.00039292686838105954
2020-04-09 14:45:00,3442.781722088562,0.00042146709308586017
2020-04-09 14:46:00,3441.4378101372854,0.0004142023621301901
2020-04-09 14:47:00,3442.1528683224005,0.000390323249543987
2020-04-09 14:48:00,3443.5930098397675,0.00036962353518965347
2020-04-09 14:49:00,3441.938820753931,0.00036028621659370453
2020-04-09 14:50:00,3441.5987003735177,0.0003712610713600702
2020-04-09 14:51:00,3441.6867465704345,0.0003544751521648871
2020-04-09 14:52:00,3442.0436176990033,0.0003530494283665294
2020-04-09 14:53:00,3441.3342195353353,0.00035438653323556496
2020-04-09 14:54:00,3440.171227191024,0.00035583961175079005
2020-04-09 14:55:00,3438.6671880934437,0.0003460828908848937
2020-04-09 14:56:00,3440.0661097499974,0.0003216290902564112
2020-04-09 14:57:00,3439.3063004927726,0.0003274156117423983
2020-04-09 14:58:00,3441.2864614839814,0.00034367981006052896
2020-04-09 14:59:00,3441.4489914454734,0.0003691190188717851
2020-04-09 15:00:00,3441.31567505083,0.0003808041399110549
2020-04-09 15:01:00,3438.1804799328106,0.00038233210016797313
2020-04-09 15:02:00,3437.888237237989,0.00038170666720397094
2020-04-09 15:03:00,3438.7300451775086,0.0003780569745411902
2020-04-09 15:04:00,3438.151456259604,0.00037784681420954363
2020-04-09 15:05:00,3436.9173440599275,0.00037310384541322733
2020-04-09 15:06:00,3438.864116519611,0.0003823790892056602
2020-04-09 15:07:00,3439.1416805614863,0.00038316199535578296
2020-04-09 15:08:00,3437.8846488718114,0.0003912297427865794
2020-04-09 15:09:00,3435.7558246360427,0.0003709334842094639
2020-04-09 15:10:00,3436.2662324382654,0.0003626764717627375
2020-04-09 15:11:00,3437.430024564225,0.0003528071478827177
2020-04-09 15:12:00,3437.063292623833,0.00036449769898143033
2020-04-09 15:13:00,3436.0474137360475,0.0003391935690958986
2020-04-09 15:14:00,3434.979723268423,0.00033167573462188884
2020-04-09 15:15:00,3433.2737499040763,0.000355380827591434
2020-04-09 15:16:00,3432.923486182728,0.00038630634878806885
2020-04-09 15:17:00,3431.4358098545435,0.0003986450205891901
2020-04-09 15:18:00,3433.1055245959783,0.0003739757079014075
2020-04-09 15:19:00,3432.6338600706254,0.0003862788153984597
2020-04-09 15:20:00,3431.2865080569773,0.0003713248494844252
2020-04-09 15:21:00,3432.4897275573812,0.00039890745063287525
2020-04-09 15:22:00,3431.166690277134,0.00039411864300630727
2020-04-09 15:23:00,3430.3568683726194,0.0003900814900196365
2020-04-09 15:24:00,3430.613859934672,0.0003850092244468793
2020-04-09 15:25:00,3429.358578922378,0.00038058035001160503
2020-04-09 15:26:00,3430.384892133616,0.00038968449955918585
2020-04-09 15:27:00,3426.9088245291114,0.00039982796008309826
2020-04-09 15:28:00,3426.7797342679337,0.0004014741604017608
2020-04-09 15:29:00,3426.7667708767135,0.00040178645272092765
2020-04-09 15:30:00,3426.197001536789,0.00042939188088984517
2020-04-09 15:31:00,3424.2128568291964,0.00044509595059748214
2020-04-09 15:32:00,3424.0325142640904,0.00043925252626033354
2020-04-09 15:33:00,3424.424027608649,0.0004198471188556017
2020-04-09 15:34:00,3423.1060105858087,0.00041053652180998343
2020-04-09 15:35:00,3422.4342383119097,0.00043393556612741116
2020-04-09 15:36:00,3420.7050055334284,0.00043771803096596804
2020-04-09 15:37:00,3422.717050526779,0.00041091195515191706
2020-04-09 15:38:00,3422.0941217283153,0.0004093333136492862
2020-04-09 15:39:00,3425.2808665115253,0.00042065195873037853
2020-04-09 15:40:00,3425.2806135793494,0.00042910657140133413
2020-04-09 15:41:00,3424.2290615155393,0.0004450506943047116
2020-04-09 15:42:00,3421.398074857338,0.0004101161750763685
2020-04-09 15:43:00,3422.134742333386,0.00042464120503178876
2020-04-09 15:44:00,3423.234470455951,0.00042540044897134224
2020-04-09 15:45:00,3421.5736167763903,0.00043970510437672404
2020-04-09 15:46:00,3421.5672942544,0.0004324567124204442
2020-04-09 15:47:00,3420.383494852862,0.0004421805420094435
2020-04-09 15:48:00,3419.650148817945,0.0004692361562969299
2020-04-09 15:49:00,3417.375677061508,0.0004549070569473808
2020-04-09 15:50:00,3415.2467013247224,0.0004768000671750833
2020-04-09 15:51:00,3416.12074144444,0.00048465843105778144
2020-04-09 15:52:00,3414.2916074040486,0.000488866685296533
2020-04-09 15:53:00,3413.3425627892475,0.0004893200923775963
2020-04-09 15:54:00,3412.7759896913067,0.0005431182120403435
2020-04-09 15:55:00,3415.922098241879,0.0005562984771122807
2020-04-09 15:56:00,3417.4338283167863,0.0005227552046997766
2020-04-09 15:57:00,3415.057737932157,0.0005493931285702238
2020-04-09 15:58:00,3415.971509542445,0.0005517478588091436
2020-04-09 15:59:00,3416.2566009079187,0.0005444773166996448
2020-04-09 16:00:00,3412.986084139785,0.0005092277758072395
2020-04-09 16:01:00,3413.9769760758945,0.0005349607894097372
2020-04-09 16:02:00,3414.486164431429,0.0005200232448790406
2020-04-09 16:03:00,3413.797110187572,0.0005136380904517436
2020-04-09 16:04:00,3411.0220388721837,0.0004900105093897248
2020-04-09 16:05:00,3409.7245599338826,0.0004895830888745864
2020-04-09 16:06:00,3409.825772154729,0.0004893982482431575
2020-04-09 16:07:00,3413.2634920845385,0.000504330787227565
2020-04-09 16:08:00,3413.8678965973245,0.0005018627862635268
2020-04-09 16:09:00,3415.017400043581,0.0005095511850488729
2020-04-09 16:10:00,3416.97458946511,0.0004694535743474243
2020-04-09 16:11:00,3415.217474499987,0.00048279214043325954
2020-04-09 16:12:00,3414.770707891178,0.0005056288999681137
2020-04-09 16:13:00,3412.682908813473,0.0005006236767127347
2020-04-09 16:14:00,3415.116893237118,0.0005158178013720507
2020-04-09 16:15:00,3412.6627312672595,0.000522291230763265
2020-04-09 16:16:00,3411.2442944816216,0.0005191176172273907
2020-04-09 16:17:00,3412.6310555011078,0.0005558646434335279
2020-04-09 16:18:00,3415.6311364862095,0.0005345305607059519
2020-04-09 16:19:00,3412.9154672752243,0.0005153554783570348
2020-04-09 16:20:00,3415.5093302131504,0.0005199113500151134
2020-04-09 16:21:00,3415.746144532911,0.0005333058149488085
2020-04-09 16:22:00,3417.0001810715057,0.0005343407122805893
2020-04-09 16:23:00,3412.819858895121,0.0005200100545594977
2020-04-09 16:24:00,3409.80736805566,0.0005087613691773748
2020-04-09 16:25:00,3404.9508855695235,0.0005196411369027858
2020-04-09 16:26:00,3404.153762656399,0.0005134824075821749
2020-04-09 16:27:00,3401.115328999401,0.0005194386735791408
2020-04-09 16:28:00,3400.476718002156,0.0005103417204707763
2020-04-09 16:29:00,3400.508113271169,0.0005152707830121108
2020-04-09 16:30:00,3402.5971440052504,0.0005475996314925287
2020-04-09 16:31:00,3402.537116041779,0.0006055519829399401
2020-04-09 16:32:00,3402.9894266536467,0.0006471413589089648
2020-04-09 16:33:00,3401.0937612306075,0.0006507075204992064
2020-04-09 16:34:00,3399.5577779629084,0.0006928151519227693
2020-04-09 16:35:00,3396.4649588738603,0.0006425974350293085
2020-04-09 16:36:00,3396.7506400454613,0.0005950292695165335
2020-04-09 16:37:00,3391.959705957058,0.0006331045948383216
2020-04-09 16:38:00,3392.0396193773486,0.000678039650187385
2020-04-09 16:39:00,3392.1229687817267,0.0006964405011724104
2020-04-09 16:40:00,3392.946581099406,0.0006756114151526233
2020-04-09 16:41:00,3391.877815690919,0.0006806465768211098
2020-04-09 16:42:00,3391.0130981838033,0.0006983788185319797
2020-04-09 16:43:00,3392.48129887209,0.0006803801148639943
2020-04-09 16:44:00,3396.8023483826273,0.0007641209743435344
2020-04-09 16:45:00,3394.650859150475,0.0007399068983277111
2020-04-09 16:46:00,3389.455426757112,0.0007745080923128896
2020-04-09 16:47:00,3387.9667012028494,0.0007645791091979694
2020-04-09 16:48:00,3388.5050313954453,0.0007681541950438121
2020-04-09 16:49:00,3388.7167462281495,0.0007575246679433959
2020-04-09 16:50:00,3390.425083514788,0.0007021840895170738
2020-04-09 16:51:00,3390.747049042921,0.0007527410604873829
2020-04-09 16:52:00,3392.3461721858644,0.0007982629528782882
2020-04-09 16:53:00,3392.3830628062788,0.000801808339961374
2020-04-09 16:54:00,3394.3721192360767,0.0007960813190721492
2020-04-09 16:55:00,3393.6179491065814,0.000831320231500059
2020-04-09 16:56:00,3391.954744200823,0.0008116585637462213
2020-04-09 16:57:00,3396.142386817687,0.000816432550657049
2020-04-09 16:58:00,3398.896410003858,0.0008449790829777008
2020-04-09 16:59:00,3394.774124388606,0.0008770678488992996
2020-04-09 17:00:00,3387.3356673648154,0.0009757695056767875
2020-04-09 17:01:00,3389.8944163933206,0.00100665960689155
2020-04-09 17:02:00,3388.2030029170965,0.001005420029513091
2020-04-09 17:03:00,3388.2147232622865,0.0009804369792063942
2020-04-09 17:04:00,3382.248405074146,0.0009524267067677203
2020-04-09 17:05:00,3380.439092342841,0.0009338969665932533
2020-04-09 17:06:00,3384.804023735432,0.0009712376423096985
2020-04-09 17:07:00,3388.579103296904,0.0009736907842255531
2020-04-09 17:08:00,3389.360622416077,0.0009844943453682586
2020-04-09 17:09:00,3388.2340022210833,0.0009755253346317264
2020-04-09 17:10:00,3389.3758953129,0.001002251636404702
2020-04-09 17:11:00,3390.266737746202,0.000969371050424597
2020-04-09 17:12:00,3389.7955900627176,0.0009658203844008812
2020-04-09 17:13:00,3389.163700782528,0.000938189886336275
2020-04-09 17:14:00,3387.5540467210926,0.0009475106557813839
2020-04-09 17:15:00,3390.6222090023034,0.0008984097295882933
2020-04-09 17:16:00,3386.5462141937455,0.0009435939045805888
2020-04-09 17:17:00,3388.76799551901,0.000927652606008779
2020-04-09 17:18:00,3393.286826609028,0.0009740019497899601
2020-04-09 17:19:00,3394.728307984934,0.0009996622960154226
2020-04-09 17:20:00,3395.608402744601,0.001044843472121481
2020-04-09 17:21:00,3391.622683297405,0.0009772070862575867
2020-04-09 17:22:00,3393.575857968023,0.0009643620725981638
2020-04-09 17:23:00,3392.4196809617215,0.0009005973430181647
2020-04-09 17:24:00,3395.639585785417,0.0008767506335138638
2020-04-09 17:25:00,3397.7629348104215,0.0008630299643905525
2020-04-09 17:26:00,3401.270891727647,0.0007859347547365908
2020-04-09 17:27:00,3400.447944172834,0.0008051927138859419
2020-04-09 17:28:00,3402.188915320824,0.0007679096510737332
2020-04-09 17:29:00,3398.537221387806,0.0007541553172096062
2020-04-09 17:30:00,3401.517491988591,0.000766994972289876
2020-04-09 17:31:00,3400.2398310916683,0.0007724252990580298
2020-04-09 17:32:00,3403.2224898716804,0.0007553591901573851
2020-04-09 17:33:00,3402.119985518282,0.000752448376531077
2020-04-09 17:34:00,3402.526586632997,0.000750376644274644
2020-04-09 17:35:00,3404.381872444514,0.0007348522137286846
2020-04-09 17:36:00,3405.3262018899404,0.0007871804802193923
2020-04-09 17:37:00,3409.544927355973,0.0007870764607403167
2020-04-09 17:38:00,3408.655445475698,0.0008159016229392832
2020-04-09 17:39:00,3407.437906494211,0.0008204075187053159
2020-04-09 17:40:00,3409.360746363097,0.0008500450634107593
2020-04-09 17:41:00,3408.6079644224437,0.0009097459184610242
2020-04-09 17:42:00,3408.8315127428123,0.0008947678667049852
2020-04-09 17:43:00,3412.3229869064194,0.0009021308775426299
2020-04-09 17:44:00,3412.7108520627366,0.0008928958841564229
2020-04-09 17:45:00,3412.9382819656994,0.0008115549407290591
2020-04-09 17:46:00,3411.9150636290756,0.0008351553363086442
2020-04-09 17:47:00,3410.234167338954,0.0008223220986459308
2020-04-09 17:48:00,3409.0657832686406,0.0008831746692107498
2020-04-09 17:49:00,3405.6960969330325,0.0008184921083688509
2020-04-09 17:50:00,3401.9074646832755,0.0008180061985714722
2020-04-09 17:51:00,3405.400782520959,0.0007913142471356353
2020-04-09 17:52:00,3402.372452025692,0.0008052472109849495
2020-04-09 17:53:00,3400.7905365714505,0.0007711249743537802
2020-04-09 17:54:00,3401.0652854090717,0.000743395371581574
2020-04-09 17:55:00,3402.439462209514,0.0007555938077705752
2020-04-09 17:56:00,3404.9082232414494,0.0007897849364883158
2020-04-09 17:57:00,3400.815899058759,0.0007835560609970317
2020-04-09 17:58:00,3401.801977702389,0.0007904178171859895
2020-04-09 17:59:00,3403.427940532489,0.000728317666523804
2020-04-09 18:00:00,3402.903235867814,0.0006953566672481044
2020-04-09 18:01:00,3401.923895251535,0.0006745893699420903
2020-04-09 18:02:00,3400.230217549232,0.0006754476311438993
2020-04-09 18:03:00,3402.3445502728196,0.0006747658369967424
2020-04-09 18:04:00,3399.0094723099396,0.000691599152967767
2020-04-09 18:05:00,3402.47094079701,0.0006652142762492568
2020-04-09 18:06:00,3401.225787098258,0.0007615601397578157
2020-04-09 18:07:00,3405.73807248395,0.0007016559073133872
2020-04-09 18:08:00,3406.8638786202896,0.0006859315436947781
2020-04-09 18:09:00,3404.198728423753,0.0006687225132697649
2020-04-09 18:10:00,3397.8375379366116,0.0007069411772750859
2020-04-09 18:11:00,3397.1561816117974,0.0007281318876434748
2020-04-09 18:12:00,3399.2317834618807,0.0007485314926421588
2020-04-09 18:13:00,3397.7176040963814,0.0007381307705940803
2020-04-09 18:14:00,3398.4252007450837,0.0007565700959961635
2020-04-09 18:15:00,3399.5216098296746,0.0007334247600862713
2020-04-09 18:16:00,3398.7717200091165,0.0007324389221042577
2020-04-09 18:17:00,3402.910251090675,0.000714872366508038
2020-04-09 18:18:00,3403.5399940114044,0.0006481327669123658
2020-04-09 18:19:00,3404.9713011994577,0.0006728882397140835
2020-04-09 18:20:00,3401.8017564106726,0.0006689466843564734
2020-04-09 18:21:00,3402.7049743342286,0.0006607433336285854
2020-04-09 18:22:00,3404.856612692411,0.0006608620859337121
2020-04-09 18:23:00,3402.7557384143875,0.0006715996505548806
2020-04-09 18:24:00,3403.32148769358,0.0006491343560119535
2020-04-09 18:25:00,3402.2626118681346,0.000638497261830417
2020-04-09 18:26:00,3402.8130131794414,0.0006534527998036533
2020-04-09 18:27:00,3404.1063857220233,0.0006439209274405367
2020-04-09 18:28:00,3405.4957460300043,0.0006122128363365041
2020-04-09 18:29:00,3406.9175117161167,0.0006365765683110994
2020-04-09 18:30:00,3405.713238694642,0.0006479348244227054
2020-04-09 18:31:00,3408.3199146961488,0.0006516899015426929
2020-04-09 18:32:00,3412.9841831926224,0.0006506197502637214
2020-04-09 18:33:00,3413.0573848651084,0.0006135880980357522
2020-04-09 18:34:00,3411.9180981272166,0.000645051105028427
2020-04-09 18:35:00,3412.920020571518,0.0006265037072507726
2020-04-09 18:36:00,3420.3245373918144,0.0006414129872564119
2020-04-09 18:37:00,3419.8066108417433,0.0006080597098149223
2020-04-09 18:38:00,3418.1586186061477,0.0005932687667352231
2020-04-09 18:39:00,3422.2725857203764,0.0006178741848010588
2020-04-09 18:40:00,3422.567537822678,0.0006284192152438009
2020-04-09 18:41:00,3420.0318464163392,0.0006106520576367176
2020-04-09 18:42:00,3419.8806626096116,0.0006492800940925197
2020-04-09 18:43:00,3415.9126348201044,0.0006641259484253707
2020-04-09 18:44:00,3414.052707891518,0.0006757418911281065
2020-04-09 18:45:00,3408.1643129020213,0.0007267512598362326
2020-04-09 18:46:00,3412.7197785761346,0.0007494248778714986
2020-04-09 18:47:00,3409.305954777144,0.0007422295436391312
2020-04-09 18:48:00,3406.6311619190938,0.0007546864196594031
2020-04-09 18:49:00,3410.880903143417,0.0007925173571513458
2020-04-09 18:50:00,3416.9585500000962,0.0008547116084184356
2020-04-09 18:51:00,3418.749604884638,0.0008064617445226298
2020-04-09 18:52:00,3420.2001312000125,0.0008367965712517343
2020-04-09 18:53:00,3413.9966626593223,0.0008386010487888979
2020-04-09 18:54:00,3415.58659024328,0.0008067909786520018
2020-04-09 18:55:00,3413.8754817244135,0.0007605862314078793
2020-04-09 18:56:00,3420.295315237774,0.0007328210607981503
2020-04-09 18:57:00,3420.72865740388,0.0007188576129864823
2020-04-09 18:58:00,3419.8882368421605,0.0007032772986905397
2020-04-09 18:59:00,3419.845221265739,0.0007434293507796936
2020-04-09 19:00:00,3422.658834361815,0.0006756639048404528
2020-04-09 19:01:00,3422.305527747772,0.0006928416829280348
2020-04-09 19:02:00,3420.872380300965,0.0007324535910991588
2020-04-09 19:03:00,3420.0130083709914,0.0007759200484464673
2020-04-09 19:04:00,3421.854062940874,0.0007858469280034876
2020-04-09 19:05:00,3426.511104542848,0.0007445968742972632
2020-04-09 19:06:00,3426.7106814203466,0.0006637776617337221
2020-04-09 19:07:00,3430.4033568516834,0.0006973144290459986
2020-04-09 19:08:00,3433.150791386645,0.0007110113637152081
2020-04-09 19:09:00,3433.0040756696417,0.0007396086367866343
2020-04-09 19:10:00,3432.2523005633093,0.0007475334078126155
2020-04-09 19:11:00,3430.276929547899,0.000758442238297114
2020-04-09 19:12:00,3431.1336549600455,0.0007465419803940948
2020-04-09 19:13:00,3432.1145728386555,0.0007642216518722755
2020-04-09 19:14:00,3429.418402352692,0.0007473481653251716
2020-04-09 19:15:00,3427.8095398629157,0.0007254547857351913
2020-04-09 19:16:00,3428.433819681719,0.0007607406293073794
2020-04-09 19:17:00,3427.149680248689,0.0007935342144946713
2020-04-09 19:18:00,3429.4616973383204,0.000813971290359199
2020-04-09 19:19:00,3429.524763686697,0.0008129944984214142
2020-04-09 19:20:00,3428.126590939188,0.0007980690244788781
2020-04-09 19:21:00,3433.3043933764143,0.0007837805475692425
2020-04-09 19:22:00,3427.918357377429,0.0007775373591210946
2020-04-09 19:23:00,3431.72391620839,0.0007427368996577053
2020-04-09 19:24:00,3430.1027741150124,0.0007414302056488443
2020-04-09 19:25:00,3428.299367282218,0.0007518275242191362
2020-04-09 19:26:00,3427.1284258554856,0.000724310831893073
2020-04-09 19:27:00,3427.8202431536674,0.0007715966492663459
2020-04-09 19:28:00,3428.698280455375,0.0008135773610461791
2020-04-09 19:29:00,3431.003046649084,0.0008198975161644569
2020-04-09 19:30:00,3427.4770215702583,0.0007996762900608654
2020-04-09 19:31:00,3427.613134388965,0.000776761742754132
2020-04-09 19:32:00,3427.880217361201,0.0007858012752595058
2020-04-09 19:33:00,3431.304787011465,0.0007562621562784288
2020-04-09 19:34:00,3433.5885785458418,0.000775504241053452
2020-04-09 19:35:00,3431.322891268972,0.0008313447053044959
2020-04-09 19:36:00,3431.8369272536597,0.000823795613686042
2020-04-09 19:37:00,3431.985274390884,0.0007814525572169706
2020-04-09 19:38:00,3435.121781977361,0.0008112305034395336
2020-04-09 19:39:00,3436.45559025625,0.0007958459410525323
2020-04-09 19:40:00,3437.5945926211148,0.0007888916894545809
2020-04-09 19:41:00,3437.6585496167763,0.0007943293262437021
2020-04-09 19:42:00,3432.5284347503793,0.0007988699238657464
2020-04-09 19:43:00,3428.5271838594913,0.0008123012099852121
2020-04-09 19:44:00,3426.0291726384567,0.0008487963302860263
2020-04-09 19:45:00,3423.694309098346,0.0008306082888027938
2020-04-09 19:46:00,3428.171215713849,0.0008136201442098208
2020-04-09 19:47:00,3426.0488346656684,0.0008030225621749768
2020-04-09 19:48:00,3428.646578893948,0.0007955912143641397
2020-04-09 19:49:00,3427.1973733296636,0.0007676965049763392
2020-04-09 19:50:00,3429.2258420517046,0.0007331727021028394
2020-04-09 19:51:00,3428.899160557446,0.0007484894907988142
2020-04-09 19:52:00,3427.319574286255,0.0007192774649991886
2020-04-09 19:53:00,3425.6831554107125,0.0007480154531180963
2020-04-09 19:54:00,3424.862082111744,0.0007451810025722567
2020-04-09 19:55:00,3427.267618887606,0.0007844292666424337
2020-04-09 19:56:00,3427.4237797697688,0.0007435832529528381
2020-04-09 19:57:00,3425.7137556123507,0.0007979505912652682
2020-04-09 19:58:00,3430.2799385657227,0.0008481500000489878
2020-04-09 19:59:00,3427.1673635124844,0.0007924209865380297
2020-04-10 13:30:00,3463.986878085266,0.0007747262767195886
2020-04-10 13:31:00,3462.354251698831,0.0007585819753770205
2020-04-10 13:32:00,3461.7006386162657,0.0007623984125332796
2020-04-10 13:33:00,3461.5087104648915,0.0007378588120906772
2020-04-10 13:34:00,3461.491394737935,0.0007220519828908411
2020-04-10 13:35:00,3462.3993173344984,0.0006892891593290202
2020-04-10 13:36:00,3460.6558271333574,0.0006919426115455688
2020-04-10 13:37:00,3460.408568902795,0.0006686017324457231
2020-04-10 13:38:00,3458.0345115223836,0.0007116880946390984
2020-04-10 13:39:00,3456.8595717747958,0.0007328879906572988
2020-04-10 13:40:00,3460.3270705481164,0.0007909692563316079
2020-04-10 13:41:00,3454.1753703453337,0.000754655533334125
2020-04-10 13:42:00,3454.984984415787,0.0007554954054926328
2020-04-10 13:43:00,3457.152833435965,0.0007320609361271777
2020-04-10 13:44:00,3459.987555173739,0.0007651341047057797
2020-04-10 13:45:00,3461.8394544147577,0.0008014606066057185
2020-04-10 13:46:00,3461.4939451364185,0.000783445105125087
2020-04-10 13:47:00,3454.3582241791305,0.0007399479211634353
2020-04-10 13:48:00,3453.949740081001,0.0006977173391734145
2020-04-10 13:49:00,3454.267304996885,0.0007179415377361621
2020-04-10 13:50:00,3452.0275475568187,0.0007139757239706507
2020-04-10 13:51:00,3451.174158627553,0.0006633351974032757
2020-04-10 13:52:00,3452.559672795902,0.0007317846079836248
2020-04-10 13:53:00,3448.4770336206157,0.0007245698087350419
2020-04-10 13:54:00,3444.7896338263267,0.0006882870981095895
2020-04-10 13:55:00,3448.286728384022,0.0006865849160988077
2020-04-10 13:56:00,3446.001245822293,0.0007055359748057426
2020-04-10 13:57:00,3447.174415719207,0.0006611857388460554
2020-04-10 13:58:00,3448.3569715971444,0.0006662768849311554
2020-04-10 13:59:00,3448.7634225634,0.0007048949044081396
2020-04-10 14:00:00,3445.1569821935655,0.0007415721644456842
2020-04-10 14:01:00,3449.4701136592225,0.0007330923326688354
2020-04-10 14:02:00,3450.392995072154,0.0007016748556824844
2020-04-10 14:03:00,3449.786846487873,0.0007185716443307901
2020-04-10 14:04:00,3449.269726353542,0.0007149884110764506
2020-04-10 14:05:00,3446.308094222888,0.0007535696090790344
2020-04-10 14:06:00,3447.8824664970252,0.0007520293100847909
2020-04-10 14:07:00,3445.7184934639945,0.000749227354417336
2020-04-10 14:08:00,3443.6682207536282,0.0007829062108673515
2020-04-10 14:09:00,3444.5020887453634,0.0008054038280756983
2020-04-10 14:10:00,3447.487465617754,0.0008277483876453477
2020-04-10 14:11:00,3443.0601064236585,0.0008385291419217331
2020-04-10 14:12:00,3442.342697215083,0.000823750667658161
2020-04-10 14:13:00,3443.019187647875,0.0008252813868423202
2020-04-10 14:14:00,3446.2971158758414,0.0008290385416607564
2020-04-10 14:15:00,3446.1642809158816,0.0008185957936424627
2020-04-10 14:16:00,3445.7881615918727,0.0007629314690895874
2020-04-10 14:17:00,3446.3884102826105,0.0007715253743501387
2020-04-10 14:18:00,3449.3172279956884,0.0007701939700232711
2020-04-10 14:19:00,3447.088332588021,0.0008354705093932287
2020-04-10 14:20:00,3445.1405191124027,0.0008686590811902297
2020-04-10 14:21:00,3445.6470261751806,0.0008105597534557879
2020-04-10 14:22:00,3441.8896005317993,0.0008651033576462975
2020-04-10 14:23:00,3443.6795340483327,0.0008805958251669986
2020-04-10 14:24:00,3441.437787287408,0.0008851406103181895
2020-04-10 14:25:00,3436.7539712203593,0.0009383932715296815
2020-04-10 14:26:00,3438.7952739024786,0.0008873906006487302
2020-04-10 14:27:00,3435.13365659092,0.0008654876837777862
2020-04-10 14:28:00,3435.4596613348454,0.000824077911014903
2020-04-10 14:29:00,3435.817243994651,0.0008460904918888074
2020-04-10 14:30:00,3435.378207374726,0.0008497955502828606
2020-04-10 14:31:00,3436.799981371012,0.0008311129566965142
2020-04-10 14:32:00,3434.022078192853,0.0008799824632040811
2020-04-10 14:33:00,3428.976599703641,0.000887965304753909
2020-04-10 14:34:00,3429.5798213713697,0.0008776496967165349
2020-04-10 14:35:00,3430.3105451881606,0.0008774408891796273
2020-04-10 14:36:00,3432.9488604738094,0.0008932860009005103
2020-04-10 14:37:00,3433.8998637758446,0.0008709923914761936
2020-04-10 14:38:00,3434.0043982278953,0.0008196768527202802
2020-04-10 14:39:00,3436.6480091495287,0.0008521354657960088
2020-04-10 14:40:00,3441.419006315949,0.000893547498527523
2020-04-10 14:41:00,3443.6706612731505,0.0009159491407160747
2020-04-10 14:42:00,3446.4640538936624,0.000954161432016365
2020-04-10 14:43:00,3447.6926958814365,0.000969129357108891
2020-04-10 14:44:00,3440.187192236966,0.0009221654163778941
2020-04-10 14:45:00,3442.76948402922,0.0009294547600715388
2020-04-10 14:46:00,3443.608229446277,0.0009420342086442759
2020-04-10 14:47:00,3445.394049171721,0.0009377488974370488
2020-04-10 14:48:00,3444.2657121805078,0.0008962884956440869
2020-04-10 14:49:00,3444.3441514874435,0.0008620657082106431
2020-04-10 14:50:00,3443.4789778001104,0.0008807543715870105
2020-04-10 14:51:00,3441.1166996980783,0.0009264004023807241
2020-04-10 14:52:00,3438.7474647193185,0.0009086462476439668
2020-04-10 14:53:00,3438.0743073334315,0.0009378198954012428
2020-04-10 14:54:00,3438.2236271645506,0.0009108846611628961
2020-04-10 14:55:00,3437.676555576571,0.0008802480404059385
2020-04-10 14:56:00,3431.150965624751,0.0009410414236455163
2020-04-10 14:57:00,3434.0975593514763,0.0009448259423203428
2020-04-10 14:58:00,3435.3307567479474,0.0009590588411009018
2020-04-10 14:59:00,3435.267926844281,0.0009478339219592063
2020-04-10 15:00:00,3434.835210157693,0.0009352991778184593
2020-04-10 15:01:00,3427.3992887652466,0.0009082670770159186
2020-04-10 15:02:00,3423.3191796748665,0.0008598279586637217
2020-04-10 15:03:00,3420.97082902893,0.000803957112265163
2020-04-10 15:04:00,3421.1981567398793,0.000781986301677124
2020-04-10 15:05:00,3425.1058227406993,0.0007894591733754235
2020-04-10 15:06:00,3424.3622822645334,0.0007741052582338968
2020-04-10 15:07:00,3423.869235528506,0.00082437635186863
2020-04-10 15:08:00,3423.7846577763876,0.0008044950754431683
2020-04-10 15:09:00,3421.7015789799552,0.0007735540448008622
2020-04-10 15:10:00,3419.23796628093,0.0007593075160518463
2020-04-10 15:11:00,3417.7254128559052,0.0007571986608517109
2020-04-10 15:12:00,3418.786912255217,0.0008349934744525109
2020-04-10 15:13:00,3418.6293544241285,0.0008261712664385211
2020-04-10 15:14:00,3424.9329637209116,0.0008485004789170981
2020-04-10 15:15:00,3426.576152062437,0.0008296686364102574
2020-04-10 15:16:00,3427.1702530492603,0.0008728466689994688
2020-04-10 15:17:00,3428.1670277669828,0.0008847537149858086
2020-04-10 15:18:00,3427.7984910638315,0.0008522901205159298
2020-04-10 15:19:00,3426.7687363475457,0.0008747171822863948
2020-04-10 15:20:00,3422.791987196652,0.0008624892011515794
2020-04-10 15:21:00,3426.8138743049017,0.0008234650334400639
2020-04-10 15:22:00,3426.5708986260647,0.0008070449131506404
2020-04-10 15:23:00,3422.273232332017,0.0008269467318739455
2020-04-10 15:24:00,3418.5286912029765,0.0008368954400055965
2020-04-10 15:25:00,3417.464632392665,0.0009030943080550993
2020-04-10 15:26:00,3417.5524512074107,0.000826362826489716
2020-04-10 15:27:00,3419.7035577642005,0.0008512070411375949
2020-04-10 15:28:00,3423.2506658744514,0.0008699675744918668
2020-04-10 15:29:00,3422.6137437155103,0.0008634993361175033
2020-04-10 15:30:00,3420.522491352566,0.0008641291331959929
2020-04-10 15:31:00,3418.365698834726,0.0008366724959596942
2020-04-10 15:32:00,3423.282417948352,0.0008609023524017311
2020-04-10 15:33:00,3427.9694072476354,0.0008970156154542176
2020-04-10 15:34:00,3429.603043876356,0.0009301395190725269
2020-04-10 15:35:00,3429.3031291665097,0.0008355567136182202
2020-04-10 15:36:00,3433.834691416675,0.0007612530725235
2020-04-10 15:37:00,3434.4220270779533,0.0007362582757974536
2020-04-10 15:38:00,3432.858122400105,0.0007074471814191987
2020-04-10 15:39:00,3432.3227572840638,0.0006695827989248608
2020-04-10 15:40:00,3431.7649059214473,0.0006302155192443045
2020-04-10 15:41:00,3433.734762801094,0.0006217976515911266
2020-04-10 15:42:00,3432.40416685363,0.0005898681163190608
2020-04-10 15:43:00,3430.848755893853,0.0005638932693729567
2020-04-10 15:44:00,3425.855893777685,0.0005609990105490286
2020-04-10 15:45:00,3427.2147556820873,0.0005603153744933429
2020-04-10 15:46:00,3428.9626531819517,0.0005388267342011451
2020-04-10 15:47:00,3432.008457293034,0.0005888355208939712
2020-04-10 15:48:00,3430.2207596488624,0.0005691162677093243
2020-04-10 15:49:00,3430.8867644517854,0.000595855603002434
2020-04-10 15:50:00,3428.9307580940954,0.0005992038676014547
2020-04-10 15:51:00,3429.2550048851954,0.000581879271174367
2020-04-10 15:52:00,3428.2033237326127,0.0005843754197592055
2020-04-10 15:53:00,3426.1745878342867,0.0006085996427614696
2020-04-10 15:54:00,3425.462120196674,0.0006376897726308305
2020-04-10 15:55:00,3419.805653461376,0.0006907256064640944
2020-04-10 15:56:00,3419.0701935211405,0.0007197250993558215
2020-04-10 15:57:00,3419.0992508172494,0.0007025508917863709
2020-04-10 15:58:00,3421.220099332411,0.0007172103656978976
2020-04-10 15:59:00,3420.34385108591,0.0007065520823781028
2020-04-10 16:00:00,3418.1536013911837,0.0006970421392302981
2020-04-10 16:01:00,3417.4198420931352,0.0006871685215748039
2020-04-10 16:02:00,3419.4852008484827,0.0006850409346722219
2020-04-10 16:03:00,3418.780445979371,0.0006688330786086141
2020-04-10 16:04:00,3414.440239014477,0.0006860564583871326
2020-04-10 16:05:00,3412.4910735488675,0.0006940044303824041
2020-04-10 16:06:00,3412.6263899524515,0.0007433954942940737
2020-04-10 16:07:00,3413.519845298013,0.0007049012613776573
2020-04-10 16:08:00,3417.672415158129,0.0007622906345598942
2020-04-10 16:09:00,3414.6379777134753,0.0007395127326098607
2020-04-10 16:10:00,3415.582446310276,0.0007970405509410823
2020-04-10 16:11:00,3415.710246019116,0.0007813756411390009
2020-04-10 16:12:00,3411.2626132350288,0.0008421474815410483
2020-04-10 16:13:00,3409.323020129603,0.000855178442367121
2020-04-10 16:14:00,3408.005187682878,0.0008930043691610643
2020-04-10 16:15:00,3409.9351394268865,0.0009302706278351734
2020-04-10 16:16:00,3415.076456688904,0.000906182505623363
2020-04-10 16:17:00,3414.2445478687273,0.000904342734433845
2020-04-10 16:18:00,3409.466066911458,0.0009582356400596004
2020-04-10 16:19:00,3404.574040553517,0.0009146947861146828
2020-04-10 16:20:00,3404.0017323385946,0.0009635813095962791
2020-04-10 16:21:00,3406.8012221632102,0.0010013688924913836
2020-04-10 16:22:00,3409.0537671690918,0.0009717327246927186
2020-04-10 16:23:00,3410.8567136728266,0.0009650984438667787
2020-04-10 16:24:00,3407.7752246927716,0.001014049076013963
2020-04-10 16:25:00,3405.1711386222782,0.0009975642155134537
2020-04-10 16:26:00,3405.0400807387705,0.0009630804614903922
2020-04-10 16:27:00,3402.8601865220703,0.0009683913077697945
2020-04-10 16:28:00,3406.9731316753423,0.0009245021323587885
2020-04-10 16:29:00,3403.3264165171095,0.0009834635676482734
2020-04-10 16:30:00,3403.3169563337583,0.0009496690994972342
2020-04-10 16:31:00,3399.508813581509,0.0009080374953153857
2020-04-10 16:32:00,3406.2203877682796,0.0009377083578902636
2020-04-10 16:33:00,3404.0296085720056,0.0009297617480606962
2020-04-10 16:34:00,3406.4701212565105,0.0009406667261403672
2020-04-10 16:35:00,3404.6878184685957,0.0009282032458079361
2020-04-10 16:36:00,3405.526059736898,0.0009214982456958958
2020-04-10 16:37:00,3408.835636496767,0.000862771536021427
2020-04-10 16:38:00,3408.9953485971077,0.000836606147635763
2020-04-10 16:39:00,3409.256435806404,0.000862528906942418
2020-04-10 16:40:00,3407.6217332768238,0.000835712805682462
2020-04-10 16:41:00,3412.0343817161997,0.0007989366370212872
2020-04-10 16:42:00,3410.157608616094,0.0008146104146456384
2020-04-10 16:43:00,3410.946345447454,0.0008690243696763594
2020-04-10 16:44:00,3415.8001023579923,0.0008827755739544192
2020-04-10 16:45:00,3418.959870395138,0.0008747273478085475
2020-04-10 16:46:00,3422.8383914644432,0.0009146809081379696
2020-04-10 16:47:00,3420.6636949912154,0.0009458541110857527
2020-04-10 16:48:00,3424.485865632972,0.0009595802572709272
2020-04-10 16:49:00,3426.7438087195596,0.001014862930102231
2020-04-10 16:50:00,3424.3382768872966,0.0010005197873892383
2020-04-10 16:51:00,3427.3536088555848,0.0010784849984394557
2020-04-10 16:52:00,3426.9750053824696,0.0010754902234923211
2020-04-10 16:53:00,3432.9909136337155,0.0010183900405091198
2020-04-10 16:54:00,3432.8703783782826,0.0010714609928944552
2020-04-10 16:55:00,3429.4691477516903,0.0011056706269488938
2020-04-10 16:56:00,3429.6291368812094,0.001170633748052659
2020-04-10 16:57:00,3429.8995871745915,0.0011867259381546592
2020-04-10 16:58:00,3431.725877737564,0.0011917418126700364
2020-04-10 16:59:00,3433.517340538208,0.0012295602673945355
2020-04-10 17:00:00,3426.981001243794,0.0011905162203160696
2020-04-10 17:01:00,3426.868243296901,0.0012547358472679647
2020-04-10 17:02:00,3428.0829787293255,0.0012314839265935918
2020-04-10 17:03:00,3434.87231585801,0.0012260472547750562
2020-04-10 17:04:00,3429.761400509772,0.0011656056259308383
2020-04-10 17:05:00,3435.6957466832932,0.001152635095940798
2020-04-10 17:06:00,3430.2856937874944,0.0011566942252182017
2020-04-10 17:07:00,3429.1151575729377,0.0011307326018542782
2020-04-10 17:08:00,3427.93462303051,0.001120773340680205
2020-04-10 17:09:00,3428.3006133166273,0.0011381467502899647
2020-04-10 17:10:00,3425.9656672743663,0.0011058906272462144
2020-04-10 17:11:00,3425.656770451942,0.001054401753176273
2020-04-10 17:12:00,3421.1115919535077,0.0010268592072357283
2020-04-10 17:13:00,3422.7418724356903,0.0010395615289122933
2020-04-10 17:14:00,3422.564544124974,0.001030176897664298
2020-04-10 17:15:00,3422.312954613626,0.0010844697814965858
2020-04-10 17:16:00,3422.3916274826997,0.001092562706645352
2020-04-10 17:17:00,3418.201944738997,0.0010355178738385422
2020-04-10 17:18:00,3424.7893110375308,0.0010490549209386756
2020-04-10 17:19:00,3419.5043127517747,0.0010317005367449466
2020-04-10 17:20:00,3422.161335379503,0.0010625147330161012
2020-04-10 17:21:00,3422.1797101694538,0.001019620997451972
2020-04-10 17:22:00,3421.48430127941,0.0010896879355123063
2020-04-10 17:23:00,3424.589162018325,0.0011341215159847559
2020-04-10 17:24:00,3428.2613975466597,0.0012103598065944432
2020-04-10 17:25:00,3424.7105811924166,0.0011346598289932212
2020-04-10 17:26:00,3427.318115201453,0.0011009673095437051
2020-04-10 17:27:00,3423.55635294513,0.0011743447943075558
2020-04-10 17:28:00,3419.3958504656134,0.0011419996388213353
2020-04-10 17:29:00,3416.00041025281,0.001221018544423307
2020-04-10 17:30:00,3412.6823955862246,0.0010903123749992475
2020-04-10 17:31:00,3409.778743249177,0.0011524613965666927
2020-04-10 17:32:00,3413.0668165324837,0.0012548083606374475
2020-04-10 17:33:00,3406.904813750306,0.0012978362103512752
2020-04-10 17:34:00,3403.2434971974562,0.0013295530878167346
2020-04-10 17:35:00,3400.902102253791,0.001281737376467286
2020-04-10 17:36:00,3401.9273820351086,0.0012492832151434702
2020-04-10 17:37:00,3396.7336830548197,0.0012369310078923041
2020-04-10 17:38:00,3402.3003210835677,0.0012847237178042347
2020-04-10 17:39:00,3409.763471846199,0.0013510064500561465
2020-04-10 17:40:00,3414.3407246808383,0.0013239252179712711
2020-04-10 17:41:00,3415.9119661361233,0.0011799099511622365
2020-04-10 17:42:00,3411.36083823613,0.0011678453450388953
2020-04-10 17:43:00,3411.4665915857213,0.0011339920949125447
2020-04-10 17:44:00,3407.210885239593,0.00117266754448036
2020-04-10 17:45:00,3405.638540874674,0.0011522252870545876
2020-04-10 17:46:00,3408.1373998896,0.0012042617003004642
2020-04-10 17:47:00,3406.8254036680096,0.001335353560508525
2020-04-10 17:48:00,3404.6102332036667,0.0013766080329630792
2020-04-10 17:49:00,3406.766898921882,0.001372889912076101
2020-04-10 17:50:00,3404.169409878316,0.0013429751066335416
2020-04-10 17:51:00,3405.15154407723,0.0013833345939507726
2020-04-10 17:52:00,3404.374657927025,0.0013238911921370903
2020-04-10 17:53:00,3407.492828013177,0.0013629435401692075
2020-04-10 17:54:00,3405.1422512421404,0.0014161194317931808
2020-04-10 17:55:00,3407.933998133473,0.0013757762901893198
2020-04-10 17:56:00,3406.148957311841,0.0014848721875896378
2020-04-10 17:57:00,3399.8924386513286,0.0015482881950319675
2020-04-10 17:58:00,3392.9791081417948,0.0014931675027810372
2020-04-10 17:59:00,3384.812081380382,0.0015099421616420257
2020-04-10 18:00:00,3387.9355397655486,0.0014947638604297902
2020-04-10 18:01:00,3381.107125156634,0.0014845349592191176
2020-04-10 18:02:00,3380.2658046304323,0.0014003273421091542
2020-04-10 18:03:00,3375.6288566271664,0.001462604501349121
2020-04-10 18:04:00,3376.930027674565,0.0014864402418727795
2020-04-10 18:05:00,3373.231448545887,0.0013962992666934377
2020-04-10 18:06:00,3376.772342576584,0.0014110209573711373
2020-04-10 18:07:00,3375.590800061115,0.0013594257661545157
2020-04-10 18:08:00,3376.4602564032953,0.0014269541363928363
2020-04-10 18:09:00,3385.7136541744976,0.0014878227874313985
2020-04-10 18:10:00,3390.708495332599,0.0014663896512358526
2020-04-10 18:11:00,3387.3186726574895,0.001502515907736346
2020-04-10 18:12:00,3391.1318772483232,0.0013897953754171911
2020-04-10 18:13:00,3387.6415384070024,0.0013430346900028254
2020-04-10 18:14:00,3384.5871808342877,0.0013724819542679063
2020-04-10 18:15:00,3384.412681106434,0.0014800927632297998
2020-04-10 18:16:00,3386.1741794668465,0.0014834030478001737
2020-04-10 18:17:00,3394.394768160229,0.00144689737408672
2020-04-10 18:18:00,3387.1802977103443,0.0013356540024546978
2020-04-10 18:19:00,3392.4478293320967,0.0013211291458912614
2020-04-10 18:20:00,3385.051354731554,0.001284197276335305
2020-04-10 18:21:00,3382.621705918433,0.0013121353764342465
2020-04-10 18:22:00,3380.2101184865487,0.0013293361142305243
2020-04-10 18:23:00,3380.846115251477,0.0013507471696218932
2020-04-10 18:24:00,3375.8266845502108,0.0013464348182117667
2020-04-10 18:25:00,3371.3013125737725,0.001373152667892841
2020-04-10 18:26:00,3366.6935486093435,0.0014216043272746227
2020-04-10 18:27:00,3363.000713113118,0.0013193828755455308
2020-04-10 18:28:00,3361.483415058229,0.0013108957388057888
2020-04-10 18:29:00,3365.6542838695923,0.0012737323516438326
2020-04-10 18:30:00,3370.308582734912,0.001409645602693907
2020-04-10 18:31:00,3374.3110802473807,0.0014240935036418014
2020-04-10 18:32:00,3374.902420353702,0.0013600572294029522
2020-04-10 18:33:00,3365.69136750716,0.0014260307561874603
2020-04-10 18:34:00,3367.56042158072,0.0014836347767924274
2020-04-10 18:35:00,3369.355830446809,0.0013497828047446335
2020-04-10 18:36:00,3368.239054714173,0.0013321492732984845
2020-04-10 18:37:00,3373.5701325118316,0.0012948040735296922
2020-04-10 18:38:00,3360.364789884972,0.0012622792729976705
2020-04-10 18:39:00,3364.083326731511,0.0013068560935092382
2020-04-10 18:40:00,3355.5384915560394,0.0013102037208198296
2020-04-10 18:41:00,3358.2794983278877,0.001321649735349448
2020-04-10 18:42:00,3363.296834662939,0.0012882916535623499
2020-04-10 18:43:00,3356.6750890558646,0.0012691582354878296
2020-04-10 18:44:00,3353.2156061458645,0.0011449498105409346
2020-04-10 18:45:00,3356.7869752709826,0.0011628651671448443
2020-04-10 18:46:00,3359.0395693474707,0.001163625510314012
2020-04-10 18:47:00,3360.349872952697,0.0010719947748755304
2020-04-10 18:48:00,3363.857317004107,0.0010580197279008437
2020-04-10 18:49:00,3365.681579654689,0.0010651651014992488
2020-04-10 18:50:00,3363.7771433583116,0.0011244917185135375
2020-04-10 18:51:00,3363.095586444365,0.001109536528808179
2020-04-10 18:52:00,3362.236263036578,0.001142921036279559
2020-04-10 18:53:00,3356.0385745840013,0.001102133841240166
2020-04-10 18:54:00,3358.2015769821783,0.0011294677904254433
2020-04-10 18:55:00,3360.326491751899,0.0012022495491311933
2020-04-10 18:56:00,3363.1884553341356,0.001163634148033277
2020-04-10 18:57:00,3370.761900542465,0.0011540019857058834
2020-04-10 18:58:00,3374.2722109430297,0.0010649085880061783
2020-04-10 18:59:00,3379.2826603093663,0.0010276799898622311
2020-04-10 19:00:00,3382.6343493378004,0.000989940274301394
2020-04-10 19:01:00,3381.3353651514803,0.001006834130214926
2020-04-10 19:02:00,3378.3078299886706,0.0009680865664342907
2020-04-10 19:03:00,3377.185795182969,0.0009867870617261253
2020-04-10 19:04:00,3379.228968077995,0.0010062936615163867
2020-04-10 19:05:00,3380.016814444678,0.0011002867272879276
2020-04-10 19:06:00,3380.1219755047377,0.0010794275536850006
2020-04-10 19:07:00,3378.7622103324425,0.0011274901090712385
2020-04-10 19:08:00,3379.5957940252247,0.0011059671212183778
2020-04-10 19:09:00,3383.908023305851,0.0011755670363560317
2020-04-10 19:10:00,3383.380898035161,0.0011577338527675506
2020-04-10 19:11:00,3382.7489052526166,0.001202172163999164
2020-04-10 19:12:00,3381.9324032774603,0.0011528974965048324
2020-04-10 19:13:00,3387.659291391469,0.0010998300183440158
2020-04-10 19:14:00,3393.3251723139592,0.0011570495974637831
2020-04-10 19:15:00,3395.2533841562176,0.0011987063596593677
2020-04-10 19:16:00,3394.38490103605,0.0011532737270925984
2020-04-10 19:17:00,3396.6647469077084,0.0010393052734445844
2020-04-10 19:18:00,3400.0114715544387,0.001070166405611261
2020-04-10 19:19:00,3393.9906723250656,0.0010583845204580414
2020-04-10 19:20:00,3395.8448016853927,0.0010670820902092203
2020-04-10 19:21:00,3397.7556563347603,0.0010468656387177865
2020-04-10 19:22:00,3396.745196728378,0.0009689612951190985
2020-04-10 19:23:00,3397.3270168897893,0.0010466175626048521
2020-04-10 19:24:00,3395.9675324824257,0.0011130585427634049
2020-04-10 19:25:00,3392.5696423458644,0.0011741472254479075
2020-04-10 19:26:00,3394.6021110117827,0.0011563441003956774
2020-04-10 19:27:00,3391.73355287081,0.001121734904027329
2020-04-10 19:28:00,3389.995542817629,0.0011116475598620592
2020-04-10 19:29:00,3388.3498869175246,0.0010803847069672343
2020-04-10 19:30:00,3389.7237690123666,0.0010227671227151698
2020-04-10 19:31:00,3387.8053266073944,0.0009796866472066075
2020-04-10 19:32:00,3389.371615079128,0.0009689161415928932
2020-04-10 19:33:00,3387.597158580239,0.0009164059838086931
2020-04-10 19:34:00,3382.507895882172,0.000920810506408352
2020-04-10 19:35:00,3377.147437438247,0.0009298548337559213
2020-04-10 19:36:00,3376.3100782057004,0.0009659570494460855
2020-04-10 19:37:00,3375.2107406551017,0.0009394031704646686
2020-04-10 19:38:00,3371.680239729826,0.0010461406351214948
2020-04-10 19:39:00,3371.3553379462282,0.001057919495525183
2020-04-10 19:40:00,3374.306269211902,0.0011058527537487748
2020-04-10 19:41:00,3371.9288573740487,0.0011429823447385004
2020-04-10 19:42:00,3372.3671003492755,0.0010732878755847562
2020-04-10 19:43:00,3371.62467302761,0.0010712886244871125
2020-04-10 19:44:00,3370.6065270076224,0.0010023236820436696
2020-04-10 19:45:00,3367.619383162363,0.0009693927641485998
2020-04-10 19:46:00,3363.7470278890146,0.0010135003957169894
2020-04-10 19:47:00,3362.736026057124,0.0010185816038423133
2020-04-10 19:48:00,3364.334418970909,0.0010389436579154223
2020-04-10 19:49:00,3368.248174455133,0.0009371300737228915
2020-04-10 19:50:00,3365.781815402323,0.000955520765523583
2020-04-10 19:51:00,3366.2084082573215,0.0009433631015462848
2020-04-10 19:52:00,3363.9102461441557,0.0009817924060277167
2020-04-10 19:53:00,3365.194273718141,0.0009714747976134043
2020-04-10 19:54:00,3366.1772812690187,0.0009396076630147455
2020-04-10 19:55:00,3366.019236143936,0.0009183049374233075
2020-04-10 19:56:00,3367.679436000739,0.0009701869981418922
2020-04-10 19:57:00,3367.957211871668,0.00097859945304837
2020-04-10 19:58:00,3365.1332610792724,0.000962284810373475
2020-04-10 19:59:00,3366.089163844409,0.0009507229731607439
2020-04-13 13:30:00,3403.421637612846,0.0009565008006014205
2020-04-13 13:31:00,3397.8345931755553,0.0010520245063148819
2020-04-13 13:32:00,3399.5367394321306,0.0009827026848736827
2020-04-13 13:33:00,3401.343579689521,0.0009027739683439838
2020-04-13 13:34:00,3398.926482988578,0.0009150994507630935
2020-04-13 13:35:00,3398.237426420781,0.0009372527843882315
2020-04-13 13:36:00,3404.6259205596916,0.00094080738633912
2020-04-13 13:37:00,3402.5756984947793,0.0008857446753197073
2020-04-13 13:38:00,3401.8810306976743,0.0009116363139682193
2020-04-13 13:39:00,3400.5165859750423,0.0009904641692042397
2020-04-13 13:40:00,3401.0157445699033,0.0009353676133339381
2020-04-13 13:41:00,3401.9814987459695,0.0009005513995635404
2020-04-13 13:42:00,3403.008530315232,0.0009137048135521519
2020-04-13 13:43:00,3403.6244899044245,0.0009361831217695277
2020-04-13 13:44:00,3402.777565869831,0.0009113558197168159
2020-04-13 13:45:00,3399.476404735908,0.000863033590529709
2020-04-13 13:46:00,3403.9515352752346,0.0008487506452400131
2020-04-13 13:47:00,3406.0504270340857,0.0008387446004935419
2020-04-13 13:48:00,3401.8041799916396,0.0008282727447008412
2020-04-13 13:49:00,3401.2883087449814,0.000814645626607075
2020-04-13 13:50:00,3403.04043301008,0.0007949756200104717
2020-04-13 13:51:00,3405.7151408081772,0.000783352619203043
2020-04-13 13:52:00,3411.2175018458734,0.0007650452151296814
2020-04-13 13:53:00,3403.6438627316493,0.0008001673276529765
2020-04-13 13:54:00,3403.8738237108787,0.0008055124774607611
2020-04-13 13:55:00,3411.0561446515044,0.0008312873012035782
2020-04-13 13:56:00,3409.817884579438,0.0008405382707359085
2020-04-13 13:57:00,3413.5168499038173,0.0008446571508017119
2020-04-13 13:58:00,3419.3011671992335,0.0009112429579400794
2020-04-13 13:59:00,3422.0215225687098,0.0008948525975590718
2020-04-13 14:00:00,3424.8684350516896,0.0008422917631931648
2020-04-13 14:01:00,3424.558180316762,0.0008396045115277061
2020-04-13 14:02:00,3426.412418852006,0.0008535998782128811
2020-04-13 14:03:00,3428.5791694505947,0.0008462743949990462
2020-04-13 14:04:00,3430.991858809361,0.0009181944462127448
2020-04-13 14:05:00,3433.461941278026,0.0008578650150741379
2020-04-13 14:06:00,3434.4985071435763,0.0008584799505890923
2020-04-13 14:07:00,3435.554046931336,0.0008253184784661804
2020-04-13 14:08:00,3436.6980438328537,0.0008018319508032171
2020-04-13 14:09:00,3435.87087177088,0.000770634715345685
2020-04-13 14:10:00,3434.5269344304133,0.0007783929970199452
2020-04-13 14:11:00,3433.6467671227583,0.000733719819951511
2020-04-13 14:12:00,3429.7186432056337,0.0007011435753975535
2020-04-13 14:13:00,3426.127184344647,0.0006682733735407574
2020-04-13 14:14:00,3422.157991060477,0.0007010719836147363
2020-04-13 14:15:00,3420.533043240356,0.0006780990929029207
2020-04-13 14:16:00,3421.5924163197756,0.0006712301819796283
2020-04-13 14:17:00,3421.145229018191,0.0006495230400030067
2020-04-13 14:18:00,3424.363607164943,0.0006665719142641717
2020-04-13 14:19:00,3421.5908481971687,0.0006540304875292833
2020-04-13 14:20:00,3422.5399674972987,0.0006507430606695055
2020-04-13 14:21:00,3423.4193245310153,0.0006839646236607937
2020-04-13 14:22:00,3420.7503172021466,0.0006818367561401444
2020-04-13 14:23:00,3419.7360103130136,0.0007007605608200636
2020-04-13 14:24:00,3420.061353720558,0.0007193855428818372
2020-04-13 14:25:00,3420.1215111983247,0.0007123409619592698
2020-04-13 14:26:00,3420.6839910985327,0.0007166592027175596
2020-04-13 14:27:00,3422.82397559608,0.000749311449288749
2020-04-13 14:28:00,3420.1521315803875,0.0006184497429686701
2020-04-13 14:29:00,3420.2805021663576,0.0005952634342746492
2020-04-13 14:30:00,3419.680779904874,0.000546335566101577
2020-04-13 14:31:00,3417.392950707575,0.0005704146654217914
2020-04-13 14:32:00,3415.797309416567,0.0005465681502884914
2020-04-13 14:33:00,3418.315749080458,0.0005376414071040218
2020-04-13 14:34:00,3415.4328613265666,0.00053959621725862
2020-04-13 14:35:00,3415.433884589064,0.000497956388392594
2020-04-13 14:36:00,3415.1551331227543,0.00046756077337431235
2020-04-13 14:37:00,3418.4049404825164,0.0004761907936985698
2020-04-13 14:38:00,3418.038169208167,0.000496314929831034
2020-04-13 14:39:00,3419.440569963774,0.0005449828609102871
2020-04-13 14:40:00,3419.7423656318624,0.0006014987903355283
2020-04-13 14:41:00,3420.9310530176035,0.0006278835318897048
2020-04-13 14:42:00,3417.794604640887,0.000612804688289172
2020-04-13 14:43:00,3419.7090251496247,0.0006240062411610274
2020-04-13 14:44:00,3419.737535480951,0.0006275664479499987
2020-04-13 14:45:00,3420.5239125115963,0.000598473081984017
2020-04-13 14:46:00,3419.190499235735,0.0006207885820972241
2020-04-13 14:47:00,3415.520749263203,0.0006037528505857098
2020-04-13 14:48:00,3417.331501880715,0.0005968805617754623
2020-04-13 14:49:00,3417.8274582791746,0.0006200417436174262
2020-04-13 14:50:00,3417.290827893429,0.0006903496830341736
2020-04-13 14:51:00,3417.1414724436263,0.0006744445354818499
2020-04-13 14:52:00,3419.0251719616263,0.0006651937069991975
2020-04-13 14:53:00,3414.4461002609773,0.000636980675748581
2020-04-13 14:54:00,3416.6566356764756,0.0006288085593174889
2020-04-13 14:55:00,3416.903941370982,0.0005989865833096323
2020-04-13 14:56:00,3418.3358886646442,0.0006104054123699352
2020-04-13 14:57:00,3415.9675300813637,0.0006393256990531559
2020-04-13 14:58:00,3417.62262259132,0.0006532686507098604
2020-04-13 14:59:00,3416.5435774966136,0.0006569494257476472
2020-04-13 15:00:00,3415.983617979547,0.0006758250153268086
2020-04-13 15:01:00,3414.7325157742152,0.0006685954236366861
2020-04-13 15:02:00,3415.8966216477515,0.0006705013982319359
2020-04-13 15:03:00,3416.526769702141,0.0006896464810017027
2020-04-13 15:04:00,3418.4240222914837,0.0007443766898708479
2020-04-13 15:05:00,3421.2763306998872,0.0007100463464723594
2020-04-13 15:06:00,3420.316441604272,0.0007369816706806202
2020-04-13 15:07:00,3415.6755105748603,0.0007596206721867846
2020-04-13 15:08:00,3415.3372262294683,0.0007311157911453482
2020-04-13 15:09:00,3415.2716113573692,0.0006804394638959714
2020-04-13 15:10:00,3415.609579980198,0.000700743558301949
2020-04-13 15:11:00,3419.4738321985506,0.0006850729325786174
2020-04-13 15:12:00,3423.2901966302543,0.000710158242767946
2020-04-13 15:13:00,3420.1947878535916,0.0007399172845478811
2020-04-13 15:14:00,3424.5200258865225,0.0007700795401897835
2020-04-13 15:15:00,3423.089497917524,0.0008175819858480553
2020-04-13 15:16:00,3422.698765051956,0.0008093794150273535
2020-04-13 15:17:00,3422.1970704266732,0.000776952908856552
2020-04-13 15:18:00,3424.8595565213154,0.000799261339501894
2020-04-13 15:19:00,3425.497803408373,0.0008276951905861649
2020-04-13 15:20:00,3423.74503144645,0.0008241695834645561
2020-04-13 15:21:00,3424.8407116879657,0.0008511436200871405
2020-04-13 15:22:00,3429.8248675479017,0.0008280417847247035
2020-04-13 15:23:00,3429.9088030250746,0.0008899428398082248
2020-04-13 15:24:00,3428.5694736886912,0.0009571802622700478
2020-04-13 15:25:00,3430.185013484295,0.0009163700962810557
2020-04-13 15:26:00,3429.154644553587,0.0009365087304429173
2020-04-13 15:27:00,3433.175857949474,0.0009300629317678832
2020-04-13 15:28:00,3431.5484312080357,0.000882836473220826
2020-04-13 15:29:00,3432.679990736024,0.0008839283595727925
2020-04-13 15:30:00,3435.728782638103,0.0009514902908647826
2020-04-13 15:31:00,3438.2222986980505,0.0009074356233413095
2020-04-13 15:32:00,3439.2749287623733,0.0009409440434023825
2020-04-13 15:33:00,3444.4786190413774,0.0009365481740292758
2020-04-13 15:34:00,3445.314066212583,0.0009371348556128531
2020-04-13 15:35:00,3446.9498257812984,0.0010133750129376993
2020-04-13 15:36:00,3442.787749871504,0.0010044541319721855
2020-04-13 15:37:00,3452.7538007868557,0.0010146475765957642
2020-04-13 15:38:00,3449.4454385708036,0.0010101037064892714
2020-04-13 15:39:00,3451.334128793564,0.001029000322376587
2020-04-13 15:40:00,3452.2846502545904,0.0010681230045743568
2020-04-13 15:41:00,3453.2795079148887,0.0010333381704973046
2020-04-13 15:42:00,3456.420724929469,0.0010032029098630084
2020-04-13 15:43:00,3455.135598303438,0.0010057836802184993
2020-04-13 15:44:00,3454.481751115316,0.0009793562074903363
2020-04-13 15:45:00,3455.6782633737544,0.0009458198874067908
2020-04-13 15:46:00,3454.7143340626617,0.0009493504167113226
2020-04-13 15:47:00,3456.694942219533,0.0009480093389294861
2020-04-13 15:48:00,3451.141873445868,0.0009359015083752663
2020-04-13 15:49:00,3453.5574863871047,0.0009777295211466192
2020-04-13 15:50:00,3451.7339749474804,0.000986787766233573
2020-04-13 15:51:00,3453.676543340523,0.0009570289648862493
2020-04-13 15:52:00,3454.712823621871,0.0010230009534037935
2020-04-13 15:53:00,3450.182175747123,0.0010432470322177727
2020-04-13 15:54:00,3449.505988315525,0.0010355297896713113
2020-04-13 15:55:00,3448.9742367273834,0.0010142979610766375
2020-04-13 15:56:00,3452.326348718008,0.0009445448604990578
2020-04-13 15:57:00,3453.5693491469433,0.001037426376818547
2020-04-13 15:58:00,3455.586170190476,0.0010188016665299729
2020-04-13 15:59:00,3458.9111448811846,0.0010373437779081398
2020-04-13 16:00:00,3460.4842807755017,0.0010410116179027525
2020-04-13 16:01:00,3458.0011834289517,0.0011354790288395286
2020-04-13 16:02:00,3455.780596562529,0.0011805852182881745
2020-04-13 16:03:00,3450.4303826532846,0.0011753145108798918
2020-04-13 16:04:00,3449.1740426477027,0.0011540886856809206
2020-04-13 16:05:00,3447.77398419766,0.001116216405814142
2020-04-13 16:06:00,3451.3145173919384,0.0011606066596281494
2020-04-13 16:07:00,3452.0983190967236,0.0011831073523727578
2020-04-13 16:08:00,3453.276972804289,0.0011887216534774462
2020-04-13 16:09:00,3451.676111826382,0.001218655561736321
2020-04-13 16:10:00,3451.0693677153486,0.0011912387521444297
2020-04-13 16:11:00,3447.932397779358,0.0010675331599193688
2020-04-13 16:12:00,3455.8835209332406,0.0009730259975630525
2020-04-13 16:13:00,3460.1217436485667,0.0009664286260432193
2020-04-13 16:14:00,3460.405934697944,0.001030403777024503
2020-04-13 16:15:00,3465.3314097378952,0.0010249924923949052
2020-04-13 16:16:00,3464.083125129091,0.001032408122139321
2020-04-13 16:17:00,3461.9752307686895,0.0010448572142577888
2020-04-13 16:18:00,3456.2218193798767,0.0011179645722701088
2020-04-13 16:19:00,3452.0322662403855,0.0011203310387161334
2020-04-13 16:20:00,3445.9599131152413,0.0010859841988463913
2020-04-13 16:21:00,3448.4159693097135,0.0011853017417440236
2020-04-13 16:22:00,3449.8365999025054,0.0011684055443087192
2020-04-13 16:23:00,3449.9741269971096,0.0011608574730281717
2020-04-13 16:24:00,3449.6828438577086,0.001167649339316525
2020-04-13 16:25:00,3443.689053839627,0.0011160683369217253
2020-04-13 16:26:00,3443.5655028173423,0.0010121924281710458
2020-04-13 16:27:00,3443.7061223694413,0.0009717641016333373
2020-04-13 16:28:00,3443.046560549059,0.0010138946286907852
2020-04-13 16:29:00,3446.7474494938656,0.0010215937258349992
2020-04-13 16:30:00,3447.949631161189,0.0010127329994415693
2020-04-13 16:31:00,3444.414646532304,0.0009896393984513245
2020-04-13 16:32:00,3443.6750657269354,0.0009116300710436599
2020-04-13 16:33:00,3444.6734775965933,0.0008955771646361135
2020-04-13 16:34:00,3445.063884515615,0.0008099977236815161
2020-04-13 16:35:00,3445.8916405439395,0.0008669649673801079
2020-04-13 16:36:00,3449.5034306977705,0.0008431483903901895
2020-04-13 16:37:00,3451.4305515890724,0.0007954969187832721
2020-04-13 16:38:00,3452.3984820677515,0.0007709584870122569
2020-04-13 16:39:00,3449.4654271394093,0.0007536661346720105
2020-04-13 16:40:00,3449.4209109542485,0.0007785272562657285
2020-04-13 16:41:00,3453.378145627362,0.0007732053553923081
2020-04-13 16:42:00,3452.7063493402065,0.000779218414464822
2020-04-13 16:43:00,3455.5004711730435,0.0008284526400776044
2020-04-13 16:44:00,3457.559697583404,0.000865194169422325
2020-04-13 16:45:00,3462.143412414045,0.0008776387512784995
2020-04-13 16:46:00,3464.2688185910433,0.0009270758654350382
2020-04-13 16:47:00,3470.024061493859,0.0009620075515671722
2020-04-13 16:48:00,3468.4195750805297,0.0009323337266033568
2020-04-13 16:49:00,3469.651232039624,0.0009169040722217973
2020-04-13 16:50:00,3471.2506896296136,0.0008763270703289675
2020-04-13 16:51:00,3473.9950622044676,0.000918471834486539
2020-04-13 16:52:00,3476.5497857337245,0.0009367876053488833
2020-04-13 16:53:00,3477.18369314084,0.0008881967242861088
2020-04-13 16:54:00,3479.265337967918,0.0008723443901570341
2020-04-13 16:55:00,3479.993941214502,0.0008374632389165329
2020-04-13 16:56:00,3478.240945020803,0.0008776508339464163
2020-04-13 16:57:00,3478.649207846958,0.0008927304886800374
2020-04-13 16:58:00,3479.3902189176806,0.0008521972488014472
2020-04-13 16:59:00,3480.481589571829,0.0008613654748608228
2020-04-13 17:00:00,3482.3094761793272,0.0009109520457467285
2020-04-13 17:01:00,3481.664389094735,0.0010200072174811321
2020-04-13 17:02:00,3483.8686021113676,0.0009742125046588988
2020-04-13 17:03:00,3482.193035251137,0.0010005032562021418
2020-04-13 17:04:00,3485.7010487876905,0.001058949149053458
2020-04-13 17:05:00,3485.7985635091845,0.0011226990820974209
2020-04-13 17:06:00,3484.9649145231347,0.0011305371785397473
2020-04-13 17:07:00,3485.676166970152,0.0010844204396649366
2020-04-13 17:08:00,3485.7445343303025,0.0011307887748229146
2020-04-13 17:09:00,3474.374127254988,0.001188322148640586
2020-04-13 17:10:00,3479.0454237209055,0.0012494232415997913
2020-04-13 17:11:00,3477.819763265691,0.001266311612390084
2020-04-13 17:12:00,3482.4467185580675,0.0012786707230036827
2020-04-13 17:13:00,3481.508371185949,0.0012928561997511882
2020-04-13 17:14:00,3489.145887642668,0.0012544934034802886
2020-04-13 17:15:00,3488.1130889411147,0.0012698139362677676
2020-04-13 17:16:00,3489.61940742637,0.0013289924117375544
2020-04-13 17:17:00,3489.568341470017,0.0012695342004597208
2020-04-13 17:18:00,3496.068180974769,0.001357679001988395
2020-04-13 17:19:00,3489.514228871311,0.0013499330723195009
2020-04-13 17:20:00,3491.1039256564795,0.0014233743989524306
2020-04-13 17:21:00,3493.0317318791895,0.0014551371372732553
2020-04-13 17:22:00,3499.43245719761,0.0013644457029295311
2020-04-13 17:23:00,3491.558535994113,0.0013752048238220558
2020-04-13 17:24:00,3482.6378691329073,0.001369561722736108
2020-04-13 17:25:00,3480.4455126548373,0.0013454374846849446
2020-04-13 17:26:00,3480.1541820353523,0.0014236117632950207
2020-04-13 17:27:00,3480.8140930417935,0.0014910742701331142
2020-04-13 17:28:00,3475.991028785786,0.0015129452542602107
2020-04-13 17:29:00,3472.672244385078,0.0014701487003782032
2020-04-13 17:30:00,3468.90821030854,0.0014702395630463512
2020-04-13 17:31:00,3462.9762658840423,0.00147635562655372
2020-04-13 17:32:00,3463.1431493306836,0.0014670112858497335
2020-04-13 17:33:00,3460.4825914069474,0.001316026455924252
2020-04-13 17:34:00,3456.2659556242334,0.00127954515640663
2020-04-13 17:35:00,3452.207781619449,0.0012616084750511256
2020-04-13 17:36:00,3452.8745597774882,0.001347457847068862
2020-04-13 17:37:00,3454.0281381498944,0.0012868122417706248
2020-04-13 17:38:00,3453.21327638923,0.0012765229808503068
2020-04-13 17:39:00,3448.357916250251,0.0013108497015999485
2020-04-13 17:40:00,3445.349227921875,0.0012844798077917307
2020-04-13 17:41:00,3451.887455279911,0.001364959477233085
2020-04-13 17:42:00,3449.7934779753464,0.0013392550908894417
2020-04-13 17:43:00,3444.742547308088,0.0013964726157426792
2020-04-13 17:44:00,3439.0106145258583,0.001422917559761797
2020-04-13 17:45:00,3441.789070467097,0.0014050338278556902
2020-04-13 17:46:00,3437.828517231149,0.001369944269473435
2020-04-13 17:47:00,3444.8572762407603,0.0014538551105274084
2020-04-13 17:48:00,3438.1125898207815,0.001422286520367312
2020-04-13 17:49:00,3428.762387096785,0.0015182057997812767
2020-04-13 17:50:00,3422.5747618405353,0.0015785974270759828
2020-04-13 17:51:00,3426.4946053474723,0.001545576595205532
2020-04-13 17:52:00,3430.3737705030953,0.0015104829488911855
2020-04-13 17:53:00,3439.244106828913,0.001495286807463872
2020-04-13 17:54:00,3441.5763179208984,0.0015888469393453592
2020-04-13 17:55:00,3436.415890669128,0.0015983030712140316
2020-04-13 17:56:00,3433.0480295038496,0.0015374766309416755
2020-04-13 17:57:00,3433.4608015544663,0.001397104338874705
2020-04-13 17:58:00,3422.3330999612394,0.0014538492867700208
2020-04-13 17:59:00,3420.083910426036,0.0015154029793950732
2020-04-13 18:00:00,3428.473300593165,0.0015231716419596786
2020-04-13 18:01:00,3429.147213278705,0.001504452334868887
2020-04-13 18:02:00,3427.125654308665,0.0015427427840622725
2020-04-13 18:03:00,3437.1857600724015,0.0016054426403205415
2020-04-13 18:04:00,3438.3144807896147,0.001587802818999571
2020-04-13 18:05:00,3440.942533375642,0.0015201339088971395
2020-04-13 18:06:00,3440.8998300151393,0.0016081635236186323
2020-04-13 18:07:00,3444.2790460430197,0.001543767732574792
2020-04-13 18:08:00,3433.0608058743937,0.0015000546125104066
2020-04-13 18:09:00,3431.6629501664024,0.0014503157260944896
2020-04-13 18:10:00,3433.3752289463737,0.0015354327186899918
2020-04-13 18:11:00,3435.728478785692,0.0015327789121015603
2020-04-13 18:12:00,3431.5389610108427,0.0015056630527319312
2020-04-13 18:13:00,3430.2340782025185,0.0014940160548510008
2020-04-13 18:14:00,3427.9733862333346,0.001364109482013184
2020-04-13 18:15:00,3426.372395973521,0.0013952745412605108
2020-04-13 18:16:00,3419.8550245383285,0.0013876270627636376
2020-04-13 18:17:00,3415.277853607753,0.0014255121779159978
2020-04-13 18:18:00,3414.707058477743,0.0014479542221019041
2020-04-13 18:19:00,3412.3295674777805,0.001493112413996686
2020-04-13 18:20:00,3412.206183043332,0.0014933176227985181
2020-04-13 18:21:00,3414.309926352808,0.0015033449803437168
2020-04-13 18:22:00,3415.059477584273,0.0013787126702106038
2020-04-13 18:23:00,3416.1438542871583,0.0014306967997716029
2020-04-13 18:24:00,3409.5514076536288,0.0013997243508682097
2020-04-13 18:25:00,3407.7280987499057,0.001314141060255197
2020-04-13 18:26:00,3403.3084812300617,0.0013461711657072346
2020-04-13 18:27:00,3403.572890722784,0.001322980538407316
2020-04-13 18:28:00,3401.3578090972687,0.0013263203537595691
2020-04-13 18:29:00,3397.9415511218394,0.0013191168353384806
2020-04-13 18:30:00,3395.892977172122,0.0012830974663111912
2020-04-13 18:31:00,3394.0426361811724,0.0013306087561101943
2020-04-13 18:32:00,3395.211758756213,0.0013248060574380944
2020-04-13 18:33:00,3395.0580899294005,0.0014029166748047144
2020-04-13 18:34:00,3393.2033726839813,0.0013680478191165455
2020-04-13 18:35:00,3398.7319476932257,0.0013676024631069708
2020-04-13 18:36:00,3397.5813452614384,0.0013051516145109227
2020-04-13 18:37:00,3396.393265098026,0.001341373766788918
2020-04-13 18:38:00,3388.268186405568,0.0013581220668029627
2020-04-13 18:39:00,3386.031625536994,0.0013139227665594955
2020-04-13 18:40:00,3382.785626249986,0.001240036769280784
2020-04-13 18:41:00,3383.0453852791647,0.001267924582344673
2020-04-13 18:42:00,3380.7387949885106,0.001210069362196747
2020-04-13 18:43:00,3375.6511017791195,0.0011643743049224117
2020-04-13 18:44:00,3372.629384900002,0.0011460169027361715
2020-04-13 18:45:00,3379.28607989012,0.001087093390352729
2020-04-13 18:46:00,3385.967928595408,0.0010832964951320043
2020-04-13 18:47:00,3387.4887190659324,0.0011337030510133264
2020-04-13 18:48:00,3386.5020609652706,0.0011502908243929068
2020-04-13 18:49:00,3380.0736406967453,0.0012074369918982637
2020-04-13 18:50:00,3376.914339633115,0.0012822224233367506
2020-04-13 18:51:00,3379.671248154704,0.0012371349596450106
2020-04-13 18:52:00,3388.3062292658124,0.0012875630604060858
2020-04-13 18:53:00,3386.456109987868,0.0012939959336725967
2020-04-13 18:54:00,3384.7189834309456,0.0012396841570413305
2020-04-13 18:55:00,3381.5489189144846,0.0011417219192662302
2020-04-13 18:56:00,3389.581874627934,0.0011398889747032306
2020-04-13 18:57:00,3389.695799108342,0.001091297592427623
2020-04-13 18:58:00,3399.618775327398,0.0011632396432095897
2020-04-13 18:59:00,3398.858276157433,0.001184698936969168
2020-04-13 19:00:00,3400.089623464683,0.001193134102623755
2020-04-13 19:01:00,3399.924272624536,0.001119938723373301
2020-04-13 19:02:00,3399.880389904875,0.0010884110108145553
2020-04-13 19:03:00,3399.265077333856,0.0010751222902605445
2020-04-13 19:04:00,3394.1678073695434,0.0010989337211221779
2020-04-13 19:05:00,3388.413822719608,0.0011516006613180756
2020-04-13 19:06:00,3382.6109765101623,0.001168012733918097
2020-04-13 19:07:00,3386.224766102653,0.0011958512996287003
2020-04-13 19:08:00,3393.7391820763746,0.0012536056836808087
2020-04-13 19:09:00,3396.3651942245197,0.001250418851882779
2020-04-13 19:10:00,3396.156455225135,0.001179615245127226
2020-04-13 19:11:00,3402.4379104472223,0.001196291438797701
2020-04-13 19:12:00,3406.5596658024774,0.0012583715800549597
2020-04-13 19:13:00,3402.2767868534893,0.0012526410637042351
2020-04-13 19:14:00,3407.99142655387,0.0012768463403994932
2020-04-13 19:15:00,3413.872099921205,0.0012998801080555998
2020-04-13 19:16:00,3415.685832444119,0.0012947653282159117
2020-04-13 19:17:00,3423.061056653237,0.0012775762057311696
2020-04-13 19:18:00,3423.3917523779714,0.001343952997407093
2020-04-13 19:19:00,3422.6582243992366,0.0013460336145507846
2020-04-13 19:20:00,3414.6744991843657,0.0012899403147542225
2020-04-13 19:21:00,3413.0535466099354,0.0012004530394932329
2020-04-13 19:22:00,3409.3645386363773,0.0011640803847197242
2020-04-13 19:23:00,3411.2343293742006,0.001213720016299109
2020-04-13 19:24:00,3412.4870526684463,0.0011984778984665337
2020-04-13 19:25:00,3409.673298395071,0.0012002540045148381
2020-04-13 19:26:00,3411.444521212163,0.0012474659013699187
2020-04-13 19:27:00,3415.783635091803,0.0012477355985827535
2020-04-13 19:28:00,3415.210134050409,0.001144756213292973
2020-04-13 19:29:00,3415.5147444576887,0.0011185424405876436
2020-04-13 19:30:00,3417.8277376498754,0.0010568978771395502
2020-04-13 19:31:00,3418.2050494655473,0.0009696445762907173
2020-04-13 19:32:00,3412.162668991834,0.0009531828706250583
2020-04-13 19:33:00,3411.7270873221723,0.0008657361118791177
2020-04-13 19:34:00,3406.46559722895,0.0009096139333550621
2020-04-13 19:35:00,3406.568600826813,0.0008213132129219699
2020-04-13 19:36:00,3403.6412999516365,0.0008177542566157677
2020-04-13 19:37:00,3404.92360259627,0.000839424607329999
2020-04-13 19:38:00,3403.170660394184,0.0008626488358547149
2020-04-13 19:39:00,3401.855717912397,0.0009144049840009809
2020-04-13 19:40:00,3406.874347045872,0.0009237583610084796
2020-04-13 19:41:00,3401.734573782386,0.0009119083249430516
2020-04-13 19:42:00,3404.081232593482,0.0009055267368212271
2020-04-13 19:43:00,3404.077543521348,0.0009122353068741644
2020-04-13 19:44:00,3402.2230753376143,0.000872200563523004
2020-04-13 19:45:00,3398.7995155780504,0.0009052683266240257
2020-04-13 19:46:00,3400.529034496583,0.0008795982905802981
2020-04-13 19:47:00,3397.1030249437435,0.0008617560389369704
2020-04-13 19:48:00,3398.63614492539,0.0008472969082900903
2020-04-13 19:49:00,3396.6780906049166,0.0008616015762275512
2020-04-13 19:50:00,3395.438375344945,0.00083192023235267
2020-04-13 19:51:00,3394.462659002984,0.000848502599118692
2020-04-13 19:52:00,3397.5576598507464,0.0008434329244368677
2020-04-13 19:53:00,3399.165035322749,0.00086491758338025
2020-04-13 19:54:00,3401.9675361632508,0.0008172985615932085
2020-04-13 19:55:00,3400.0372180399745,0.0007555106380780613
2020-04-13 19:56:00,3401.004682740018,0.0007021020436575153
2020-04-13 19:57:00,3397.9816945768457,0.0007604201619866868
2020-04-13 19:58:00,3397.5117258946675,0.0007852421129720608
2020-04-13 19:59:00,3392.943877180234,0.0007890299736860636
2020-04-14 13:30:00,3440.018752963098,0.0007720903248165952
2020-04-14 13:31:00,3442.8229054669187,0.0008558584311063269
2020-04-14 13:32:00,3437.782926012217,0.0008734172341447842
2020-04-14 13:33:00,3438.7529187346036,0.0008929335071993039
2020-04-14 13:34:00,3441.0892153963796,0.0008539560462264632
2020-04-14 13:35:00,3443.1227300987034,0.0008351005357039433
2020-04-14 13:36:00,3439.107939195661,0.0008540794089442628
2020-04-14 13:37:00,3442.2721512112994,0.0008625138695143556
2020-04-14 13:38:00,3438.9539388260655,0.000829549308334804
2020-04-14 13:39:00,3439.7368506647567,0.0008134274027074626
2020-04-14 13:40:00,3437.945716799569,0.0007650445648962317
2020-04-14 13:41:00,3439.1272966226893,0.0007786070725638414
2020-04-14 13:42:00,3440.9758252860256,0.0007926753879037286
2020-04-14 13:43:00,3445.747197811208,0.000750672925953338
2020-04-14 13:44:00,3450.6814938643606,0.0007431846554471544
2020-04-14 13:45:00,3445.6050622149996,0.0007464304251390586
2020-04-14 13:46:00,3446.2431728530514,0.0007063180689738757
2020-04-14 13:47:00,3446.7399041097406,0.0007079862722754532
2020-04-14 13:48:00,3449.4382414933684,0.0006826003815078091
2020-04-14 13:49:00,3448.4992450617,0.0007119236781666246
2020-04-14 13:50:00,3450.9880260067075,0.0007484869848283061
2020-04-14 13:51:00,3449.175972792895,0.0007290859047627088
2020-04-14 13:52:00,3448.4635095035137,0.0006589362883809151
2020-04-14 13:53:00,3446.7808201726275,0.0006878085850125216
2020-04-14 13:54:00,3451.0615604784166,0.0007780414612605416
2020-04-14 13:55:00,3452.458905060296,0.0007421599673381713
2020-04-14 13:56:00,3448.0978258908017,0.0007351847037465389
2020-04-14 13:57:00,3450.086716209335,0.0007106800478582591
2020-04-14 13:58:00,3452.003072881385,0.000682250626511982
2020-04-14 13:59:00,3453.680025798024,0.0006307717914522499
2020-04-14 14:00:00,3450.3971766564837,0.000591870413806047
2020-04-14 14:01:00,3448.92095578367,0.0005675620598702301
2020-04-14 14:02:00,3446.73175234845,0.0005652967306612374
2020-04-14 14:03:00,3444.765461236851,0.0005742947419971747
2020-04-14 14:04:00,3442.6802341396933,0.0005814683517393644
2020-04-14 14:05:00,3443.3397149892685,0.0005784321584123826
2020-04-14 14:06:00,3445.13640420735,0.0006101376863902895
2020-04-14 14:07:00,3442.7223852036873,0.0006405702137927565
2020-04-14 14:08:00,3443.8122369994426,0.0006633184301750945
2020-04-14 14:09:00,3441.9636440778368,0.0006318671601561796
2020-04-14 14:10:00,3440.775438983242,0.0006485623974964366
2020-04-14 14:11:00,3442.055028471104,0.0006701736802027165
2020-04-14 14:12:00,3446.815438328712,0.0006686801268340336
2020-04-14 14:13:00,3445.850088694856,0.0007037994611028216
2020-04-14 14:14:00,3444.980447590056,0.0006890856032399826
2020-04-14 14:15:00,3444.965057513604,0.0006881196754764822
2020-04-14 14:16:00,3446.227765453823,0.000751385589213014
2020-04-14 14:17:00,3446.1000688670983,0.0007917915836845698
2020-04-14 14:18:00,3450.858566982701,0.0008012201385020037
2020-04-14 14:19:00,3446.8795542435987,0.0007720933334444791
2020-04-14 14:20:00,3443.7749221651316,0.0007666010443761489
2020-04-14 14:21:00,3448.511666980441,0.0008004752253943345
2020-04-14 14:22:00,3448.230252138043,0.0008386978496970922
2020-04-14 14:23:00,3448.279587322489,0.0008884574205611493
2020-04-14 14:24:00,3449.3369576915493,0.0009601254449806479
2020-04-14 14:25:00,3451.178485818253,0.0009815497992515124
2020-04-14 14:26:00,3455.5195284163856,0.0009029776646685557
2020-04-14 14:27:00,3456.663461204928,0.0009034046470121217
2020-04-14 14:28:00,3452.9826835974045,0.0008690784632065623
2020-04-14 14:29:00,3451.1159816389104,0.000895728516247388
2020-04-14 14:30:00,3448.741260390957,0.0009354102528328903
2020-04-14 14:31:00,3448.31426583584,0.0008748922442616455
2020-04-14 14:32:00,3446.442939291653,0.000902038912945844
2020-04-14 14:33:00,3446.6121943490193,0.0008489131348623299
2020-04-14 14:34:00,3449.402673595979,0.0008089864676476757
2020-04-14 14:35:00,3451.5882807073826,0.0008516232731129204
2020-04-14 14:36:00,3447.3986355574684,0.0008656385770711834
2020-04-14 14:37:00,3449.6941751017284,0.0008220992510468596
2020-04-14 14:38:00,3451.897866294351,0.0008458476225695516
2020-04-14 14:39:00,3448.8631433888713,0.0008584943398843078
2020-04-14 14:40:00,3452.321657187806,0.0008745931480857886
2020-04-14 14:41:00,3455.2669380109255,0.0008260266594781983
2020-04-14 14:42:00,3450.0049861033417,0.0008495692761907131
2020-04-14 14:43:00,3457.104148601205,0.000829772601680856
2020-04-14 14:44:00,3456.571800966893,0.0007485101434297039
2020-04-14 14:45:00,3459.422849906225,0.0008358330093355555
2020-04-14 14:46:00,3458.1324367135253,0.000795168678246223
2020-04-14 14:47:00,3461.342167125206,0.0007784754103976243
2020-04-14 14:48:00,3462.801418730971,0.0007710408468327101
2020-04-14 14:49:00,3459.75686214455,0.0007417202566707461
2020-04-14 14:50:00,3459.575397213047,0.0007107064759902959
2020-04-14 14:51:00,3456.998300187734,0.0007348621213228216
2020-04-14 14:52:00,3458.333690917438,0.0007182887198816808
2020-04-14 14:53:00,3460.290790823437,0.0007202924264196797
2020-04-14 14:54:00,3463.1445675171058,0.0006844821046291694
2020-04-14 14:55:00,3465.19830761433,0.0006639542571922839
2020-04-14 14:56:00,3468.0388603790084,0.0006766878920508389
2020-04-14 14:57:00,3466.188738810353,0.0006794698507232569
2020-04-14 14:58:00,3467.5547267139177,0.0006738832782071486
2020-04-14 14:59:00,3468.857952907534,0.0007152446468908267
2020-04-14 15:00:00,3470.34255765015,0.0006683620192409276
2020-04-14 15:01:00,3470.0383678912954,0.0007093980713444203
2020-04-14 15:02:00,3473.4749323810365,0.0007210741114835499
2020-04-14 15:03:00,3470.827585225872,0.0007807204030888929
2020-04-14 15:04:00,3467.565456076919,0.0008024230925769215
2020-04-14 15:05:00,3472.689817627743,0.0007478181600581881
2020-04-14 15:06:00,3470.2441621173434,0.0007080023977261208
2020-04-14 15:07:00,3468.6719730918703,0.0006871858847638402
2020-04-14 15:08:00,3468.057817401309,0.0006642736098166764
2020-04-14 15:09:00,3469.0128393978875,0.0006647370015510966
2020-04-14 15:10:00,3468.3903541680706,0.000673614990162836
2020-04-14 15:11:00,3466.973436340971,0.0006519765107530184
2020-04-14 15:12:00,3467.5677480258373,0.0005858130961001399
2020-04-14 15:13:00,3465.7548581746214,0.0006301459734310853
2020-04-14 15:14:00,3462.3279146567197,0.000618392258752672
2020-04-14 15:15:00,3464.348419782696,0.0006275217699692084
2020-04-14 15:16:00,3464.5889096750416,0.0006141817116983703
2020-04-14 15:17:00,3464.0672452587837,0.0006604088276859611
2020-04-14 15:18:00,3464.6124232186166,0.0006706319967663368
2020-04-14 15:19:00,3465.6491958669953,0.0006656140193986231
2020-04-14 15:20:00,3468.650218895304,0.0006960887001172548
2020-04-14 15:21:00,3468.506904557768,0.0006937507761554712
2020-04-14 15:22:00,3467.3702356785307,0.0006466888515870516
2020-04-14 15:23:00,3463.7221785594634,0.0006498763283883641
2020-04-14 15:24:00,3463.5802482425856,0.0007249405741138894
2020-04-14 15:25:00,3464.0212587315987,0.0007282236661107487
2020-04-14 15:26:00,3464.8477011085783,0.0007272041283655408
2020-04-14 15:27:00,3462.843734280204,0.0007796062033648844
2020-04-14 15:28:00,3461.279850147807,0.000806144169055774
2020-04-14 15:29:00,3461.5343637347128,0.0008053533505690859
2020-04-14 15:30:00,3463.9679120921733,0.0007997289125191555
2020-04-14 15:31:00,3461.751580468404,0.000781842463644519
2020-04-14 15:32:00,3455.557885002504,0.0008267094266507437
2020-04-14 15:33:00,3453.535829473897,0.0008092587236700152
2020-04-14 15:34:00,3454.5570190030567,0.000760983098895336
2020-04-14 15:35:00,3454.0477932436634,0.0007435289634590976
2020-04-14 15:36:00,3460.411713381826,0.0007422877469970637
2020-04-14 15:37:00,3463.2122521504366,0.0007540252007159666
2020-04-14 15:38:00,3462.7245891405837,0.0007259429050863716
2020-04-14 15:39:00,3464.8252162342706,0.0007375571086651454
2020-04-14 15:40:00,3467.00832213367,0.0007655108032163783
2020-04-14 15:41:00,3466.6969557934754,0.0007797226407141608
2020-04-14 15:42:00,3466.579299169104,0.0007423386249675093
2020-04-14 15:43:00,3467.2188395235407,0.000746757824508529
2020-04-14 15:44:00,3466.490780717895,0.0007180468569530924
2020-04-14 15:45:00,3468.5325583530403,0.0007132927989305667
2020-04-14 15:46:00,3466.63737298287,0.000741144296663825
2020-04-14 15:47:00,3467.256811863657,0.0007423790265352135
2020-04-14 15:48:00,3469.9569754590566,0.0007308188805043887
2020-04-14 15:49:00,3467.569466833146,0.0007540351316537402
2020-04-14 15:50:00,3463.56656774166,0.0007516656238618823
2020-04-14 15:51:00,3464.923714683454,0.0008041056659910988
2020-04-14 15:52:00,3471.552215365726,0.0008218602245600835
2020-04-14 15:53:00,3468.241908392825,0.0008305815536976145
2020-04-14 15:54:00,3465.165114612096,0.0008220531627348563
2020-04-14 15:55:00,3464.105987660513,0.0007987712748264603
2020-04-14 15:56:00,3468.427515422552,0.0007536030937481649
2020-04-14 15:57:00,3469.526410298326,0.0007680178217667719
2020-04-14 15:58:00,3465.707929752433,0.0007615869989728251
2020-04-14 15:59:00,3466.163630543013,0.0007889469337254249
2020-04-14 16:00:00,3466.42824535164,0.0007438620924719412
2020-04-14 16:01:00,3464.7311148973668,0.0007326056697349083
2020-04-14 16:02:00,3462.1637811821975,0.0007671196142952618
2020-04-14 16:03:00,3462.2696286293544,0.0007994787539571885
2020-04-14 16:04:00,3466.1752671869885,0.0008703976284407118
2020-04-14 16:05:00,3466.3585297350373,0.0008931268663172215
2020-04-14 16:06:00,3466.989566077182,0.0009120240132084091
2020-04-14 16:07:00,3467.879633307598,0.0009460891191478795
2020-04-14 16:08:00,3466.752652931522,0.0010636285521313047
2020-04-14 16:09:00,3463.72076979242,0.0010658644815967032
2020-04-14 16:10:00,3456.6941231350247,0.0010526564629853414
2020-04-14 16:11:00,3456.4405794093977,0.001024798093582452
2020-04-14 16:12:00,3460.2376818348316,0.0010630483404470647
2020-04-14 16:13:00,3461.3238470320844,0.0010197852265518335
2020-04-14 16:14:00,3462.1732383300396,0.0010298417677718197
2020-04-14 16:15:00,3461.8663528695624,0.0010828879350557007
2020-04-14 16:16:00,3467.2747683011557,0.0011230195149052322
2020-04-14 16:17:00,3467.270428625587,0.0012310669528853972
2020-04-14 16:18:00,3456.688635621925,0.001395177161342501
2020-04-14 16:19:00,3457.2582654423472,0.001281801352650811
2020-04-14 16:20:00,3469.075319012384,0.0012714434869770502
2020-04-14 16:21:00,3466.9365402991957,0.001332766857187289
2020-04-14 16:22:00,3472.3371354014716,0.001291431857658766
2020-04-14 16:23:00,3471.0213731523513,0.0012718797341161139
2020-04-14 16:24:00,3471.611915839769,0.0012313828878920583
2020-04-14 16:25:00,3472.792148335106,0.001179232406162712
2020-04-14 16:26:00,3470.1012636873315,0.0011715762180277314
2020-04-14 16:27:00,3468.118028192233,0.0012187186050857555
2020-04-14 16:28:00,3465.2444734740016,0.001214947990062732
2020-04-14 16:29:00,3465.5849113461436,0.0012062386706522348
2020-04-14 16:30:00,3461.4422341976688,0.0012148535708881066
2020-04-14 16:31:00,3461.9684615597826,0.0011717818670992455
2020-04-14 16:32:00,3466.6025024141045,0.0011644529130367925
2020-04-14 16:33:00,3466.603740314892,0.0011578237396041393
2020-04-14 16:34:00,3462.15513143371,0.0012212317933811272
2020-04-14 16:35:00,3465.350968540909,0.0011742340156279578
2020-04-14 16:36:00,3466.9387052224797,0.0012006141628101773
2020-04-14 16:37:00,3469.1395101697644,0.0011521953119151575
2020-04-14 16:38:00,3469.8349748553705,0.0011602625341127885
2020-04-14 16:39:00,3472.399795020671,0.001110723498553964
2020-04-14 16:40:00,3471.6557862980562,0.0011662788299346566
2020-04-14 16:41:00,3475.8951114732868,0.0011597619911489399
2020-04-14 16:42:00,3486.8619756190956,0.0011543288860469474
2020-04-14 16:43:00,3480.106334072155,0.0011748000003362583
2020-04-14 16:44:00,3479.8951181775365,0.001086081751320015
2020-04-14 16:45:00,3475.2049645574357,0.0010511037541033113
2020-04-14 16:46:00,3479.3562104183598,0.0010237332881789885
2020-04-14 16:47:00,3482.5877135324963,0.0009896978434582753
2020-04-14 16:48:00,3486.63554336969,0.001075066505483254
2020-04-14 16:49:00,3491.787725519124,0.0011140574160146818
2020-04-14 16:50:00,3498.962278155527,0.0011077588849068506
2020-04-14 16:51:00,3497.3484492872035,0.0011005602190175198
2020-04-14 16:52:00,3495.729982288276,0.0010886675090857987
2020-04-14 16:53:00,3494.6149878015813,0.0010640609185502763
2020-04-14 16:54:00,3492.7550411494854,0.0010981045398907143
2020-04-14 16:55:00,3489.426675278954,0.0011664635562025844
2020-04-14 16:56:00,3489.653160176735,0.0012555277365094504
2020-04-14 16:57:00,3489.1299828768338,0.001270677490635121
2020-04-14 16:58:00,3492.7696313899646,0.0013642676203872008
2020-04-14 16:59:00,3494.5099991274515,0.0013778255798521136
2020-04-14 17:00:00,3497.0892308809675,0.0013338874119764841
2020-04-14 17:01:00,3498.4714735025464,0.001297453757683772
2020-04-14 17:02:00,3498.6869593504425,0.0013582929429037031
2020-04-14 17:03:00,3499.2980251365066,0.0013098355356248633
2020-04-14 17:04:00,3501.2075642117848,0.0013466782844062612
2020-04-14 17:05:00,3491.9471458142507,0.0012649481159212137
2020-04-14 17:06:00,3484.906553219708,0.0012741786060666358
2020-04-14 17:07:00,3478.6225095687064,0.0012402625996482692
2020-04-14 17:08:00,3480.899026611578,0.0012455953831379595
2020-04-14 17:09:00,3483.1842717924324,0.001338777554862531
2020-04-14 17:10:00,3481.8931604719282,0.0013562246189462708
2020-04-14 17:11:00,3473.649312143313,0.00129339653389312
2020-04-14 17:12:00,3473.9992935270243,0.0012451775598201942
2020-04-14 17:13:00,3470.3410730356964,0.001211202789575035
2020-04-14 17:14:00,3462.7504050513853,0.0011472476706211304
2020-04-14 17:15:00,3457.2740825216806,0.0011947412596989564
2020-04-14 17:16:00,3456.6581926089157,0.0011976084558749445
2020-04-14 17:17:00,3455.0688557188073,0.0011499036187051905
2020-04-14 17:18:00,3457.0021573966965,0.001135876471592259
2020-04-14 17:19:00,3457.433866987789,0.0012201325492770408
2020-04-14 17:20:00,3458.102440255623,0.0012584102272960992
2020-04-14 17:21:00,3457.691533133256,0.0012141704832224073
2020-04-14 17:22:00,3454.4228241859696,0.0012922046671543048
2020-04-14 17:23:00,3459.9285268822982,0.0012197121182049191
2020-04-14 17:24:00,3455.003034979758,0.001130110522076554
2020-04-14 17:25:00,3454.1914590996007,0.0011033825612052127
2020-04-14 17:26:00,3451.544174273132,0.001103399490944801
2020-04-14 17:27:00,3450.6372082268663,0.001193340443608419
2020-04-14 17:28:00,3450.0973556713707,0.0011041129722929315
2020-04-14 17:29:00,3450.615929090052,0.001099421597504188
2020-04-14 17:30:00,3454.4358574937237,0.0011952334161348228
2020-04-14 17:31:00,3456.3041536935493,0.0011598306736001918
2020-04-14 17:32:00,3450.789633540439,0.001159281921176324
2020-04-14 17:33:00,3452.658269683435,0.001228766295172797
2020-04-14 17:34:00,3444.0491493487175,0.001191079111310873
2020-04-14 17:35:00,3444.611463053565,0.0011656298725676699
2020-04-14 17:36:00,3444.134621832059,0.0011773940610440665
2020-04-14 17:37:00,3452.779567108194,0.0011188443903859407
2020-04-14 17:38:00,3453.447191364149,0.0011105225978691282
2020-04-14 17:39:00,3454.8608657791124,0.0011270041374477984
2020-04-14 17:40:00,3453.2107880446,0.0011608772231732835
2020-04-14 17:41:00,3456.337043526023,0.0012207513769789337
2020-04-14 17:42:00,3457.878353330415,0.0011612277831039677
2020-04-14 17:43:00,3456.4117276710263,0.0011346869972314213
2020-04-14 17:44:00,3460.1518311360373,0.0011618686612083699
2020-04-14 17:45:00,3463.007387682914,0.0011317111828153873
2020-04-14 17:46:00,3464.067856615979,0.0010791161567870649
2020-04-14 17:47:00,3469.395117723457,0.001101495092513789
2020-04-14 17:48:00,3466.7951214950554,0.0010708892440775479
2020-04-14 17:49:00,3464.908122847595,0.0010586898935535396
2020-04-14 17:50:00,3462.1330845847797,0.0011226669271758678
2020-04-14 17:51:00,3465.6949362564396,0.0011430727513633166
2020-04-14 17:52:00,3464.0056161878238,0.0010853551924014542
2020-04-14 17:53:00,3458.7722585207475,0.0011029735646901741
2020-04-14 17:54:00,3453.986227474319,0.0010664183623583891
2020-04-14 17:55:00,3452.296294074535,0.001089142451267347
2020-04-14 17:56:00,3455.1430208227216,0.0010111520732713933
2020-04-14 17:57:00,3461.564651733822,0.0010286396743496213
2020-04-14 17:58:00,3460.662321955188,0.001066243138813898
2020-04-14 17:59:00,3458.8404766730846,0.0011362201979631932
2020-04-14 18:00:00,3455.827338323283,0.0011789563651589676
2020-04-14 18:01:00,3451.3228279940045,0.0012148466468278683
2020-04-14 18:02:00,3451.3714210546764,0.001289921253333979
2020-04-14 18:03:00,3447.9061846615214,0.001340476730071204
2020-04-14 18:04:00,3453.6904282083096,0.0013052385017115798
2020-04-14 18:05:00,3449.433069101222,0.0012789670868871262
2020-04-14 18:06:00,3445.086872253393,0.0011672265731757592
2020-04-14 18:07:00,3444.174843259416,0.001289690926778658
2020-04-14 18:08:00,3445.100110541215,0.0013119189988451743
2020-04-14 18:09:00,3440.3965697027643,0.0013245935042390784
2020-04-14 18:10:00,3449.503671475877,0.0013349090510005898
2020-04-14 18:11:00,3446.4503787263243,0.0013967830983216175
2020-04-14 18:12:00,3443.820795286146,0.0015512124000947136
2020-04-14 18:13:00,3443.289446635279,0.0015808477549999044
2020-04-14 18:14:00,3445.782897979049,0.00153465040539979
2020-04-14 18:15:00,3444.8843264783054,0.0014962066374763824
2020-04-14 18:16:00,3442.6105394291917,0.0014855829887889206
2020-04-14 18:17:00,3440.793939066002,0.0014940238934320947
2020-04-14 18:18:00,3446.4417293026527,0.0016087168256272491
2020-04-14 18:19:00,3445.9481235086696,0.0016812839454119206
2020-04-14 18:20:00,3448.7967110605105,0.001692874650842814
2020-04-14 18:21:00,3448.948188564452,0.0016431186222871574
2020-04-14 18:22:00,3449.810595455876,0.0015755361846351574
2020-04-14 18:23:00,3447.03411474886,0.0016076888167199906
2020-04-14 18:24:00,3459.7468917040096,0.0016445913329646501
2020-04-14 18:25:00,3464.094863751351,0.0015931020335632554
2020-04-14 18:26:00,3467.3265261627516,0.0016535990181264807
2020-04-14 18:27:00,3476.3267282473703,0.001576134181996736
2020-04-14 18:28:00,3477.630209333963,0.0016014463479920864
2020-04-14 18:29:00,3476.9794004712408,0.0015707361922534747
2020-04-14 18:30:00,3472.856440262276,0.001508128757639416
2020-04-14 18:31:00,3479.319222560689,0.0014850427894464082
2020-04-14 18:32:00,3473.2166805482234,0.0014580629752015983
2020-04-14 18:33:00,3475.9013096065396,0.0014138307408997082
2020-04-14 18:34:00,3472.4235799698617,0.0014208778061473963
2020-04-14 18:35:00,3482.1316059273404,0.0014609761219117712
2020-04-14 18:36:00,3481.9045006862757,0.0014900946296616563
2020-04-14 18:37:00,3474.478676568811,0.0014935946283048437
2020-04-14 18:38:00,3478.4585112518284,0.0015445125501447232
2020-04-14 18:39:00,3475.4021303183845,0.0014918302269530384
2020-04-14 18:40:00,3475.460868188765,0.001535057630633868
2020-04-14 18:41:00,3471.439435701208,0.0014314645710212979
2020-04-14 18:42:00,3490.199951424611,0.0014268218626033778
2020-04-14 18:43:00,3490.762359673574,0.0013483378418717384
2020-04-14 18:44:00,3481.646832504195,0.0014189576323109963
2020-04-14 18:45:00,3485.7255734980545,0.0013816554693561124
2020-04-14 18:46:00,3485.7721490162253,0.0014498677159089013
2020-04-14 18:47:00,3488.390150622693,0.0013696107305669692
2020-04-14 18:48:00,3491.927092897552,0.0013661920306556738
2020-04-14 18:49:00,3494.339235577251,0.0014057454970413108
2020-04-14 18:50:00,3495.773050350636,0.001398831793831775
2020-04-14 18:51:00,3490.959415481777,0.0014313155849357546
2020-04-14 18:52:00,3492.6245958518393,0.0015111108759151743
2020-04-14 18:53:00,3502.185960599868,0.0015069701241943417
2020-04-14 18:54:00,3508.8611511841295,0.0015082682483238703
2020-04-14 18:55:00,3505.616616216391,0.0014167641973309387
2020-04-14 18:56:00,3499.745752061247,0.0013990147404040125
2020-04-14 18:57:00,3503.728484581199,0.0013887274039812493
2020-04-14 18:58:00,3495.716065862232,0.0014641930652156173
2020-04-14 18:59:00,3497.9131191324827,0.0014558620309145245
2020-04-14 19:00:00,3505.164954815643,0.0014305649149004118
2020-04-14 19:01:00,3510.7124225844977,0.0014364588859401063
2020-04-14 19:02:00,3521.784526431316,0.0013645132406539912
2020-04-14 19:03:00,3526.805089606082,0.0013194056622889945
2020-04-14 19:04:00,3527.2492668169557,0.0013221123352490842
2020-04-14 19:05:00,3526.362605394596,0.0013740267452301864
2020-04-14 19:06:00,3517.451497634998,0.0014242972849445603
2020-04-14 19:07:00,3518.437432475232,0.001393749571717322
2020-04-14 19:08:00,3520.493544417849,0.0013808608503178988
2020-04-14 19:09:00,3526.2582086393045,0.0013927234451445141
2020-04-14 19:10:00,3528.4122706230337,0.0013082008075179967
2020-04-14 19:11:00,3516.293334769562,0.0012392312813409338
2020-04-14 19:12:00,3510.5749387508304,0.0011719355195020627
2020-04-14 19:13:00,3512.890706126461,0.0011888649342776919
2020-04-14 19:14:00,3510.340565803142,0.0011481657136638173
2020-04-14 19:15:00,3505.1916497106135,0.0010920634820915122
2020-04-14 19:16:00,3505.9024851639892,0.0011220699035310066
2020-04-14 19:17:00,3501.50564426549,0.0010989139143020466
2020-04-14 19:18:00,3499.835084037826,0.0010401901906882916
2020-04-14 19:19:00,3498.181896375303,0.0010896010748365937
2020-04-14 19:20:00,3502.473981945664,0.001083547966162255
2020-04-14 19:21:00,3506.611509318593,0.0010478956189669513
2020-04-14 19:22:00,3506.535459889297,0.0011409184459515607
2020-04-14 19:23:00,3510.3347399258882,0.0011621668988673318
2020-04-14 19:24:00,3510.450616957409,0.0012184465041659613
2020-04-14 19:25:00,3517.005599899311,0.0012649246517251757
2020-04-14 19:26:00,3514.9994422070313,0.0012640400683341809
2020-04-14 19:27:00,3514.249567443328,0.0011702638974681137
2020-04-14 19:28:00,3521.790650548912,0.001156906748424282
2020-04-14 19:29:00,3517.906893458029,0.0011057105537491238
2020-04-14 19:30:00,3514.4138096770607,0.001142319246378302
2020-04-14 19:31:00,3514.179787880573,0.0011436511923642602
2020-04-14 19:32:00,3510.812143400077,0.0011467696592172923
2020-04-14 19:33:00,3506.226840270959,0.0011385541190872923
2020-04-14 19:34:00,3510.544452537307,0.0012200902825619596
2020-04-14 19:35:00,3514.682394352825,0.0012217210643192702
2020-04-14 19:36:00,3514.2688285180643,0.0012104551364506202
2020-04-14 19:37:00,3508.336315121917,0.0011321097038131127
2020-04-14 19:38:00,3506.2683902185863,0.00114493875652406
2020-04-14 19:39:00,3515.1129517584177,0.001066153023868643
2020-04-14 19:40:00,3512.05650747789,0.0011383853520099691
2020-04-14 19:41:00,3510.506217560615,0.0010589995900197162
2020-04-14 19:42:00,3514.614086546239,0.0009683911821042936
2020-04-14 19:43:00,3515.2847414122803,0.0009218746815671648
2020-04-14 19:44:00,3513.1999476366877,0.0009498685388759818
2020-04-14 19:45:00,3514.045473909685,0.000943645018012824
2020-04-14 19:46:00,3513.2955882327465,0.0009332493950433557
2020-04-14 19:47:00,3515.3308348520823,0.0008727703360317938
2020-04-14 19:48:00,3516.0808665553354,0.0008436840956370503
2020-04-14 19:49:00,3513.9056129093315,0.0008547796332861679
2020-04-14 19:50:00,3521.0912888764697,0.0008325671948628591
2020-04-14 19:51:00,3517.123889016654,0.0008462831840205773
2020-04-14 19:52:00,3513.975658359153,0.0008597848684723687
2020-04-14 19:53:00,3512.423677454292,0.0007985364915785796
2020-04-14 19:54:00,3510.70585962231,0.0007819453216631719
2020-04-14 19:55:00,3515.6263623889913,0.0007911701143588884
2020-04-14 19:56:00,3518.8082279574364,0.0007794645650941382
2020-04-14 19:57:00,3519.953847435116,0.0007511797188239248
2020-04-14 19:58:00,3519.4083153384413,0.0007512729772988346
2020-04-14 19:59:00,3523.187367554882,0.0007905299473356883
2020-04-15 13:30:00,3594.365816545436,0.0008323188964997387
2020-04-15 13:31:00,3594.8936640674733,0.0008473871641053737
2020-04-15 13:32:00,3594.4860712601253,0.0007881856908849375
2020-04-15 13:33:00,3593.2700243353183,0.0008178834527346549
2020-04-15 13:34:00,3597.9511032678884,0.0008332649642670343
2020-04-15 13:35:00,3596.204520115601,0.0008912125251884911
2020-04-15 13:36:00,3596.797197921723,0.0008771405803599849
2020-04-15 13:37:00,3595.2385103622996,0.0008529972889203894
2020-04-15 13:38:00,3597.093904092632,0.0008685348599590961
2020-04-15 13:39:00,3595.191327097354,0.000824829277203191
2020-04-15 13:40:00,3597.877994209327,0.0007724613803353389
2020-04-15 13:41:00,3597.6206645402754,0.0008103858377803779
2020-04-15 13:42:00,3597.7400285297476,0.0008031541096289774
2020-04-15 13:43:00,3596.2501745023073,0.000768250193664494
2020-04-15 13:44:00,3596.9813232468723,0.0007604063601625088
2020-04-15 13:45:00,3598.9172534460267,0.0007383740173459642
2020-04-15 13:46:00,3602.9165262217834,0.0007642582852191836
2020-04-15 13:47:00,3597.49157134946,0.0008008599211909654
2020-04-15 13:48:00,3597.3843860831835,0.0008168454704662843
2020-04-15 13:49:00,3595.7689391235263,0.0008402434707885071
2020-04-15 13:50:00,3603.180098771358,0.0008800715669066683
2020-04-15 13:51:00,3604.6371946607037,0.0008509872586431015
2020-04-15 13:52:00,3606.722307734908,0.0008949516601826292
2020-04-15 13:53:00,3607.542292674611,0.0009308346856010597
2020-04-15 13:54:00,3609.84090551684,0.0009600624318134315
2020-04-15 13:55:00,3602.8016205668514,0.0009258946454263661
2020-04-15 13:56:00,3606.0963666298276,0.0008948921236936271
2020-04-15 13:57:00,3602.714334871073,0.0009042306312803093
2020-04-15 13:58:00,3606.3465577764337,0.0008734242434197161
2020-04-15 13:59:00,3606.8055283210992,0.0008628667553323995
2020-04-15 14:00:00,3605.0713887494917,0.0008616913089702624
2020-04-15 14:01:00,3608.898696533972,0.000891512444325387
2020-04-15 14:02:00,3609.2393757807195,0.0008751305694371551
2020-04-15 14:03:00,3606.0893587381283,0.0008461855839925013
2020-04-15 14:04:00,3604.3338291701216,0.0008558142293410765
2020-04-15 14:05:00,3604.2067273454486,0.0008305808911574683
2020-04-15 14:06:00,3608.695874443924,0.0008476457424649773
2020-04-15 14:07:00,3608.6845353132467,0.0008692237611004369
2020-04-15 14:08:00,3611.819393507101,0.0009358808748520729
2020-04-15 14:09:00,3609.1430274926106,0.0009476160901237945
2020-04-15 14:10:00,3608.857074434742,0.0009226972413555903
2020-04-15 14:11:00,3612.086897250194,0.000908310008415445
2020-04-15 14:12:00,3615.1682486541235,0.0008833046862267646
2020-04-15 14:13:00,3611.0053036805984,0.0008808557881383223
2020-04-15 14:14:00,3610.4348939054926,0.000923654490389684
2020-04-15 14:15:00,3611.2119937044463,0.0009191629277940388
2020-04-15 14:16:00,3616.8690010523824,0.0009042857540460362
2020-04-15 14:17:00,3618.038220173302,0.0008802329916152357
2020-04-15 14:18:00,3619.011069409794,0.0009322851869983649
2020-04-15 14:19:00,3619.3685424526852,0.00097765511565201
2020-04-15 14:20:00,3611.77591973711,0.0010129729452986434
2020-04-15 14:21:00,3617.943363605986,0.0010900236941356464
2020-04-15 14:22:00,3616.8436054873982,0.0011758666701165708
2020-04-15 14:23:00,3621.7840878199754,0.0011688297436621958
2020-04-15 14:24:00,3629.772625387921,0.0012248070358801657
2020-04-15 14:25:00,3625.5562051533234,0.0013161790011221855
2020-04-15 14:26:00,3621.735283055689,0.0013021649930335655
2020-04-15 14:27:00,3625.5910490283704,0.001333123075606165
2020-04-15 14:28:00,3627.4471160894773,0.0013530618506842056
2020-04-15 14:29:00,3629.287351312938,0.001396870813310655
2020-04-15 14:30:00,3630.5124100358807,0.0014455581274081693
2020-04-15 14:31:00,3623.596376796716,0.0014168946456204784
2020-04-15 14:32:00,3626.3388892284374,0.0013107626564052447
2020-04-15 14:33:00,3630.9294015788946,0.0012506743166299109
2020-04-15 14:34:00,3626.8886579776654,0.0012195007009140164
2020-04-15 14:35:00,3616.1345185147857,0.001222772008233566
2020-04-15 14:36:00,3617.31861539453,0.0012564442071950985
2020-04-15 14:37:00,3614.3627721925523,0.0012861331359306115
2020-04-15 14:38:00,3611.680105331793,0.0013033121950825153
2020-04-15 14:39:00,3612.2382462661553,0.0013326580573053191
2020-04-15 14:40:00,3608.0115123410665,0.0013831762027020598
2020-04-15 14:41:00,3613.296419178754,0.0013163778679106516
2020-04-15 14:42:00,3608.034537967503,0.0013147088398718146
2020-04-15 14:43:00,3608.6008299299,0.0013462410178289202
2020-04-15 14:44:00,3612.3828047689667,0.0014265455043777366
2020-04-15 14:45:00,3609.784151530197,0.00136403872569385
2020-04-15 14:46:00,3607.61353274081,0.0013076835808668217
2020-04-15 14:47:00,3607.6745352547537,0.001260721617771279
2020-04-15 14:48:00,3606.6160160256213,0.0012360780265217957
2020-04-15 14:49:00,3606.9323378546355,0.0012408983638224867
2020-04-15 14:50:00,3602.8290907540195,0.0012073749529870942
2020-04-15 14:51:00,3601.635844309219,0.0012365559115391645
2020-04-15 14:52:00,3598.4364342443346,0.0011769195439025914
2020-04-15 14:53:00,3597.7225079281543,0.0012014943890820496
2020-04-15 14:54:00,3594.534708779896,0.0012646941236694007
2020-04-15 14:55:00,3595.9385447200966,0.0011929762731710551
2020-04-15 14:56:00,3598.181933826399,0.0011814707971592837
2020-04-15 14:57:00,3602.4902456501713,0.0012131100276577104
2020-04-15 14:58:00,3601.5321653611572,0.0011856074491176053
2020-04-15 14:59:00,3599.081008685445,0.0011853137069673884
2020-04-15 15:00:00,3604.825236829857,0.001250919472458222
2020-04-15 15:01:00,3603.04007565915,0.0013504401873893472
2020-04-15 15:02:00,3600.770362976765,0.0013384882405050016
2020-04-15 15:03:00,3595.6487574844036,0.0013635710165669336
2020-04-15 15:04:00,3600.599043885112,0.0014583961141016143
2020-04-15 15:05:00,3597.727818147186,0.001479260440227409
2020-04-15 15:06:00,3599.6460651322004,0.0014636682234606716
2020-04-15 15:07:00,3605.7494206124625,0.0013795372267697396
2020-04-15 15:08:00,3604.9749928783863,0.0013980195932493454
2020-04-15 15:09:00,3601.860988482991,0.0014431873057026805
2020-04-15 15:10:00,3606.660627499651,0.0015046736641562246
2020-04-15 15:11:00,3603.2323437087616,0.0015595609292134449
2020-04-15 15:12:00,3605.6115827046942,0.0015267390124920745
2020-04-15 15:13:00,3599.8835889131983,0.0014422886953462438
2020-04-15 15:14:00,3601.987367397114,0.0013824846241954902
2020-04-15 15:15:00,3598.3390450281763,0.0014235113116498632
2020-04-15 15:16:00,3603.6365965050163,0.0014528221586811185
2020-04-15 15:17:00,3610.3131047777906,0.0015798385378880124
2020-04-15 15:18:00,3605.279191532963,0.0015408097331277859
2020-04-15 15:19:00,3614.593376825204,0.0015193797953364006
2020-04-15 15:20:00,3610.749155875644,0.0014706741989708397
2020-04-15 15:21:00,3619.0264204695545,0.0015334677641701152
2020-04-15 15:22:00,3627.714642296041,0.0015998244530698394
2020-04-15 15:23:00,3636.6150942962927,0.0016277479232997903
2020-04-15 15:24:00,3642.816851279715,0.001654359982993912
2020-04-15 15:25:00,3644.468162610082,0.0016441888984773786
2020-04-15 15:26:00,3644.3838006730152,0.0016438324556027676
2020-04-15 15:27:00,3639.6835963642034,0.001630642837233251
2020-04-15 15:28:00,3629.9043343796784,0.0015823983354351936
2020-04-15 15:29:00,3623.379700480643,0.0016625840927006906
2020-04-15 15:30:00,3622.286028698436,0.0015497748341098318
2020-04-15 15:31:00,3617.451390668027,0.0016267008662011087
2020-04-15 15:32:00,3603.859489326204,0.0016302947080666064
2020-04-15 15:33:00,3597.315613766247,0.0016316615504370004
2020-04-15 15:34:00,3581.068239959824,0.0016037155473832738
2020-04-15 15:35:00,3577.993383094663,0.0016108720383447596
2020-04-15 15:36:00,3582.5304544527867,0.0015791715825651188
2020-04-15 15:37:00,3586.0769353667984,0.0015130589486602134
2020-04-15 15:38:00,3585.4879195681365,0.0015444271825362514
2020-04-15 15:39:00,3588.596029736308,0.0015895924181368777
2020-04-15 15:40:00,3600.780130073445,0.0016472764833145763
2020-04-15 15:41:00,3599.4889770225923,0.0016600371712296798
2020-04-15 15:42:00,3598.116520526263,0.0015922194721201411
2020-04-15 15:43:00,3595.5813968108732,0.0016673817416064174
2020-04-15 15:44:00,3594.611309707547,0.0016257855137524633
2020-04-15 15:45:00,3600.717879347054,0.0015821414902992905
2020-04-15 15:46:00,3593.1632316943515,0.0015477036199432084
2020-04-15 15:47:00,3593.848663808959,0.0015612886710496693
2020-04-15 15:48:00,3597.2852266100244,0.0014934968409629971
2020-04-15 15:49:00,3588.259617740748,0.0016039672782549078
2020-04-15 15:50:00,3579.5510385478037,0.001628826849293966
2020-04-15 15:51:00,3577.5583407839663,0.001695757603965202
2020-04-15 15:52:00,3578.9721663496093,0.0016607922478418474
2020-04-15 15:53:00,3570.3778437518026,0.0015695319624902486
2020-04-15 15:54:00,3571.318136831555,0.0015666454091873491
2020-04-15 15:55:00,3576.477067901935,0.0015699582064763117
2020-04-15 15:56:00,3572.996675101649,0.0014612263680566337
2020-04-15 15:57:00,3574.3021937357453,0.0014632614484002616
2020-04-15 15:58:00,3579.0301738737135,0.0015399352788438424
2020-04-15 15:59:00,3580.146565925221,0.0015759529164827678
2020-04-15 16:00:00,3583.3351344276793,0.0015479919519706085
2020-04-15 16:01:00,3576.1936979246384,0.0016242582230944688
2020-04-15 16:02:00,3578.1819797365697,0.001677155314227393
2020-04-15 16:03:00,3576.7336829923497,0.001697574179840552
2020-04-15 16:04:00,3566.98482748521,0.001724960001661969
2020-04-15 16:05:00,3577.927679841046,0.0016425798676466047
2020-04-15 16:06:00,3581.6918214586394,0.0016745177874851532
2020-04-15 16:07:00,3579.0847752038567,0.0014529705161455398
2020-04-15 16:08:00,3575.4606118183897,0.0014384857861946432
2020-04-15 16:09:00,3590.28412761998,0.0014984603712064036
2020-04-15 16:10:00,3579.379302168344,0.001485022078030575
2020-04-15 16:11:00,3578.2258876030924,0.0015100137775840342
2020-04-15 16:12:00,3582.7012186132197,0.0013979836178581657
2020-04-15 16:13:00,3587.543382963656,0.0014200139368432247
2020-04-15 16:14:00,3583.4035612797134,0.0013651122381120224
2020-04-15 16:15:00,3587.585855083261,0.0013753240232731632
2020-04-15 16:16:00,3586.6351203339254,0.0012579352131522068
2020-04-15 16:17:00,3591.3390263968117,0.0013019222592793645
2020-04-15 16:18:00,3590.2599984008084,0.0013089087133077643
2020-04-15 16:19:00,3594.0470680503363,0.0012396964414276134
2020-04-15 16:20:00,3589.6585998043165,0.0011664353179706324
2020-04-15 16:21:00,3590.876397655431,0.0011574120185716468
2020-04-15 16:22:00,3589.0905590407997,0.0012637651875916634
2020-04-15 16:23:00,3589.4590094452087,0.0012378814454069953
2020-04-15 16:24:00,3595.425951984629,0.0012085384282725037
2020-04-15 16:25:00,3599.78080948158,0.0011507112754212774
2020-04-15 16:26:00,3602.0939372149355,0.0010607234730194077
2020-04-15 16:27:00,3594.9486339188934,0.0010378225076793479
2020-04-15 16:28:00,3591.518578166211,0.0009870189838267556
2020-04-15 16:29:00,3590.556125026267,0.0009885508770303242
2020-04-15 16:30:00,3590.36639335546,0.0009974370491621222
2020-04-15 16:31:00,3587.0649503201084,0.0010106823022251992
2020-04-15 16:32:00,3585.489763868212,0.0010635699176186556
2020-04-15 16:33:00,3585.3849926721005,0.0010176377737126418
2020-04-15 16:34:00,3586.6572867847926,0.0010402218073014074
2020-04-15 16:35:00,3583.8585214984587,0.0010564922027048835
2020-04-15 16:36:00,3586.791658318061,0.0011148296904331127
2020-04-15 16:37:00,3589.7260014078156,0.0010899091258662695
2020-04-15 16:38:00,3597.5434238496355,0.0010984284865675482
2020-04-15 16:39:00,3592.991018445816,0.0010987120296076327
2020-04-15 16:40:00,3600.7276438037156,0.0010639991107059697
2020-04-15 16:41:00,3603.9901695746917,0.0010317862875692042
2020-04-15 16:42:00,3610.0775204596744,0.0009910774579507267
2020-04-15 16:43:00,3610.6137152539595,0.0009333670971332961
2020-04-15 16:44:00,3614.1879036740816,0.0009409111294745164
2020-04-15 16:45:00,3615.9860195959573,0.0009890381331980462
2020-04-15 16:46:00,3618.732392421184,0.0009998823083924035
2020-04-15 16:47:00,3625.4962503107995,0.0009921657170561108
2020-04-15 16:48:00,3625.2744544916623,0.0010855505381177953
2020-04-15 16:49:00,3620.753860360799,0.001034718651736664
2020-04-15 16:50:00,3625.5470127443323,0.00110999682935779
2020-04-15 16:51:00,3626.9817890679237,0.0010738903975732014
2020-04-15 16:52:00,3635.4130466021047,0.0011119193131798619
2020-04-15 16:53:00,3635.528107226259,0.001094365980091027
2020-04-15 16:54:00,3631.4422829099963,0.0010925206971343605
2020-04-15 16:55:00,3633.568760261575,0.0011191173270321346
2020-04-15 16:56:00,3637.6884329067584,0.0011002533507901394
2020-04-15 16:57:00,3634.572176872012,0.0010898295742886093
2020-04-15 16:58:00,3634.5447007725493,0.0010415946708762823
2020-04-15 16:59:00,3631.6056798098816,0.001057265132205967
2020-04-15 17:00:00,3628.226290449373,0.00110497630240655
2020-04-15 17:01:00,3625.827341983739,0.0011732366582983013
2020-04-15 17:02:00,3628.179453719582,0.001177183451034834
2020-04-15 17:03:00,3629.009287087953,0.0011888088052406523
2020-04-15 17:04:00,3628.2775704643605,0.0012147670415168102
2020-04-15 17:05:00,3628.444356479275,0.0012179411982673216
2020-04-15 17:06:00,3643.314343234238,0.001202943377280894
2020-04-15 17:07:00,3648.0696371017157,0.0012402719407176505
2020-04-15 17:08:00,3648.7427146574782,0.001218132250339816
2020-04-15 17:09:00,3650.68379273773,0.0012349759887583728
2020-04-15 17:10:00,3654.221353676122,0.001265280078209747
2020-04-15 17:11:00,3651.17441955925,0.0012526369880736582
2020-04-15 17:12:00,3658.3356179269363,0.0011996375221970889
2020-04-15 17:13:00,3658.0809163821364,0.001247885152849268
2020-04-15 17:14:00,3660.883457058685,0.0011258257052422177
2020-04-15 17:15:00,3669.094406717464,0.0011772168312082399
2020-04-15 17:16:00,3669.6602647673403,0.0010810419436026004
2020-04-15 17:17:00,3668.151009019302,0.0011108920538605415
2020-04-15 17:18:00,3672.5981593877145,0.0010865928732597602
2020-04-15 17:19:00,3676.308324797157,0.001092465054843356
2020-04-15 17:20:00,3675.807697088077,0.001052804884189496
2020-04-15 17:21:00,3676.91630227596,0.0010285721883596345
2020-04-15 17:22:00,3678.505513670651,0.000982598161580085
2020-04-15 17:23:00,3678.4689764704385,0.000989589536770458
2020-04-15 17:24:00,3679.530606425306,0.0010272881693716557
2020-04-15 17:25:00,3680.2428618757817,0.0010521075938165845
2020-04-15 17:26:00,3677.0494555851446,0.0011347602776636619
2020-04-15 17:27:00,3674.179691774842,0.0011214176614557328
2020-04-15 17:28:00,3669.121254278828,0.001211531735986081
2020-04-15 17:29:00,3663.602269867766,0.0012278827230179897
2020-04-15 17:30:00,3659.202869950373,0.0012935316958946977
2020-04-15 17:31:00,3663.723633652963,0.0012804998839959704
2020-04-15 17:32:00,3664.601404150095,0.0012764703791324397
2020-04-15 17:33:00,3668.404669944827,0.001371579424205325
2020-04-15 17:34:00,3666.6099871821248,0.0013685758864894115
2020-04-15 17:35:00,3663.594455179514,0.001415308890025442
2020-04-15 17:36:00,3665.3118283323847,0.0013656946242671531
2020-04-15 17:37:00,3661.976403814248,0.0012953021793259928
2020-04-15 17:38:00,3665.251042205587,0.0012977748226945104
2020-04-15 17:39:00,3664.696988119131,0.0012885880323558227
2020-04-15 17:40:00,3655.897202984196,0.0013723914470689953
2020-04-15 17:41:00,3653.0338988096805,0.0014995234576781185
2020-04-15 17:42:00,3650.1926045566806,0.0014392878378926294
2020-04-15 17:43:00,3643.9692216237545,0.001492337982441639
2020-04-15 17:44:00,3648.274325884884,0.0013640998337052365
2020-04-15 17:45:00,3652.7858056089144,0.001384713364922731
2020-04-15 17:46:00,3648.0082315750365,0.0013675732400575636
2020-04-15 17:47:00,3642.336775413923,0.0012362463418724473
2020-04-15 17:48:00,3643.6581183284593,0.0012459747409155474
2020-04-15 17:49:00,3645.372819152122,0.0012829626483412352
2020-04-15 17:50:00,3642.8953856233043,0.0013226837265682442
2020-04-15 17:51:00,3642.9272143886947,0.0012298040471730358
2020-04-15 17:52:00,3641.2521231720557,0.0013043007433837918
2020-04-15 17:53:00,3642.217687995096,0.0013647370843209862
2020-04-15 17:54:00,3643.7381703368574,0.0013955543420928966
2020-04-15 17:55:00,3643.782897547223,0.001307802371088785
2020-04-15 17:56:00,3642.5347866194265,0.001293509555244267
2020-04-15 17:57:00,3651.937226909785,0.0012720386873411533
2020-04-15 17:58:00,3649.080539330126,0.0012709047262883875
2020-04-15 17:59:00,3653.4835950098436,0.0013014807349697565
2020-04-15 18:00:00,3648.7016551505503,0.0011614798971843366
2020-04-15 18:01:00,3649.0749871479534,0.0012205124769334706
2020-04-15 18:02:00,3657.969075468424,0.001294405579937329
2020-04-15 18:03:00,3659.2842410930148,0.0012763544149725335
2020-04-15 18:04:00,3659.3859110759527,0.0012896968262410987
2020-04-15 18:05:00,3662.2215590514115,0.0012776736820792334
2020-04-15 18:06:00,3655.3190740670093,0.0012243425692292083
2020-04-15 18:07:00,3654.920593215093,0.001242552635975487
2020-04-15 18:08:00,3652.9252794490612,0.001200816961088111
2020-04-15 18:09:00,3649.977987471643,0.0011376342172064648
2020-04-15 18:10:00,3654.958826863041,0.001059759881871204
2020-04-15 18:11:00,3661.0230208851076,0.0010198716452863438
2020-04-15 18:12:00,3664.333322867843,0.0009564622591037392
2020-04-15 18:13:00,3666.05142808755,0.000961924046329367
2020-04-15 18:14:00,3663.9809105851855,0.0010203382588744399
2020-04-15 18:15:00,3658.361838837763,0.0010576359967970606
2020-04-15 18:16:00,3656.783323486175,0.0010257503120386475
2020-04-15 18:17:00,3658.3002530300005,0.0010146790105471967
2020-04-15 18:18:00,3657.306333370905,0.0009839219960454165
2020-04-15 18:19:00,3659.202296824404,0.0010002917404227324
2020-04-15 18:20:00,3655.9677691336933,0.0010454673089602714
2020-04-15 18:21:00,3658.330837175758,0.0010506440734260251
2020-04-15 18:22:00,3654.9158418305547,0.0010251467244822867
2020-04-15 18:23:00,3659.1871160120822,0.0009966145461915538
2020-04-15 18:24:00,3654.276842600908,0.000990751749835806
2020-04-15 18:25:00,3658.594375270458,0.0010481733677145456
2020-04-15 18:26:00,3657.5963391758755,0.0010128707073169033
2020-04-15 18:27:00,3654.2362163311172,0.0010670028677464702
2020-04-15 18:28:00,3657.5519141098034,0.0011199946396224598
2020-04-15 18:29:00,3656.9793682416225,0.001068119377119257
2020-04-15 18:30:00,3656.792276478091,0.0010597303317727705
2020-04-15 18:31:00,3660.6640381521447,0.0010159054307403116
2020-04-15 18:32:00,3659.2727552403694,0.0010295054027365624
2020-04-15 18:33:00,3653.2701889512045,0.0009807647326510426
2020-04-15 18:34:00,3650.845953135419,0.000927462248409341
2020-04-15 18:35:00,3645.518943948381,0.0009458849739629936
2020-04-15 18:36:00,3646.046100320076,0.0009747180944892455
2020-04-15 18:37:00,3640.9698203463904,0.0008795003506569983
2020-04-15 18:38:00,3647.7030330866855,0.0008793848382546589
2020-04-15 18:39:00,3651.0786450747955,0.0008203819604621855
2020-04-15 18:40:00,3649.7564662308196,0.0008195199298252515
2020-04-15 18:41:00,3650.5197625892924,0.0007947633483052701
2020-04-15 18:42:00,3651.748744741918,0.00081749715637235
2020-04-15 18:43:00,3652.470009228857,0.0007812009368650445
2020-04-15 18:44:00,3654.1481837991782,0.0007273191412880437
2020-04-15 18:45:00,3650.124576260628,0.0007379998516094253
2020-04-15 18:46:00,3645.4937358871816,0.0007295482431237907
2020-04-15 18:47:00,3643.6280877191275,0.0007254422175009411
2020-04-15 18:48:00,3645.1997734320867,0.0007104966987041783
2020-04-15 18:49:00,3644.5270667954355,0.0006623725961470708
2020-04-15 18:50:00,3646.479495400026,0.0006539120966551894
2020-04-15 18:51:00,3646.534336000669,0.0006224002614355946
2020-04-15 18:52:00,3644.5910392121104,0.0006124460726125224
2020-04-15 18:53:00,3650.3968710424915,0.0006479693863125593
2020-04-15 18:54:00,3650.7872880222253,0.0006490622782092335
2020-04-15 18:55:00,3653.6248888687323,0.0006907404040896705
2020-04-15 18:56:00,3653.8454532156657,0.0007103772132241792
2020-04-15 18:57:00,3651.2323799442647,0.0006866479381923158
2020-04-15 18:58:00,3653.8161373544162,0.0006972765731597118
2020-04-15 18:59:00,3652.7424163389255,0.0006913457779868268
2020-04-15 19:00:00,3646.6128597070033,0.0007049847718119435
2020-04-15 19:01:00,3646.768966208755,0.0006915586127582813
2020-04-15 19:02:00,3652.413105559521,0.0006309856111712712
2020-04-15 19:03:00,3655.258082184713,0.0006303765160883556
2020-04-15 19:04:00,3655.4589903731244,0.0005959567351236254
2020-04-15 19:05:00,3656.6724096630173,0.0006007358074113969
2020-04-15 19:06:00,3661.049336742396,0.0005996099380383928
2020-04-15 19:07:00,3662.2385636069503,0.0006545548685124416
2020-04-15 19:08:00,3666.6599412999158,0.0006053900188235075
2020-04-15 19:09:00,3665.2405036483688,0.0006426222372457311
2020-04-15 19:10:00,3666.859224181678,0.0006274066817642854
2020-04-15 19:11:00,3666.0299424272157,0.0006090277707157385
2020-04-15 19:12:00,3667.033540938286,0.0005995067220116911
2020-04-15 19:13:00,3665.8795035023104,0.0006339745059504056
2020-04-15 19:14:00,3662.7481529427364,0.0006325408794873474
2020-04-15 19:15:00,3662.568395007632,0.0005973579020830401
2020-04-15 19:16:00,3659.5666579998633,0.0006199837370758403
2020-04-15 19:17:00,3658.249497840359,0.0006187303113017103
2020-04-15 19:18:00,3658.3210264254794,0.0006360649143290639
2020-04-15 19:19:00,3658.252103314774,0.0006450097339515083
2020-04-15 19:20:00,3660.24224204006,0.000671401744625246
2020-04-15 19:21:00,3659.055389677052,0.0007021321420489197
2020-04-15 19:22:00,3660.71888047818,0.0006871560629423617
2020-04-15 19:23:00,3661.0141421955054,0.0006021077302544866
2020-04-15 19:24:00,3663.7196486658504,0.000599118078336102
2020-04-15 19:25:00,3664.032892441248,0.0006165234134799001
2020-04-15 19:26:00,3664.9006102695826,0.0006606542464266845
2020-04-15 19:27:00,3663.5572124271284,0.000641475672646587
2020-04-15 19:28:00,3662.5443881453502,0.0006885516814796144
2020-04-15 19:29:00,3664.81213322986,0.000671164396298114
2020-04-15 19:30:00,3663.945485116223,0.0006493112343977232
2020-04-15 19:31:00,3663.0057485466245,0.0006775819684166119
2020-04-15 19:32:00,3666.826829351949,0.000716808229013658
2020-04-15 19:33:00,3668.1554808489245,0.0007478796567891753
2020-04-15 19:34:00,3668.7944728447183,0.0007582914257488962
2020-04-15 19:35:00,3673.4758460964035,0.0008122018615847843
2020-04-15 19:36:00,3673.9792785267996,0.0008526382474256025
2020-04-15 19:37:00,3675.245197932615,0.0008160798499218774
2020-04-15 19:38:00,3677.0538104930333,0.0008375769079667826
2020-04-15 19:39:00,3672.726780583754,0.0008040106937122682
2020-04-15 19:40:00,3674.140862681378,0.0008111591426600862
2020-04-15 19:41:00,3675.301259837012,0.0008141561580432055
2020-04-15 19:42:00,3676.3053705578914,0.0008307253948470506
2020-04-15 19:43:00,3674.3953442641823,0.000781063165710207
2020-04-15 19:44:00,3673.0429237484227,0.0007886143450769164
2020-04-15 19:45:00,3671.3704901631854,0.0007848762508264749
2020-04-15 19:46:00,3673.8727031623116,0.000791697465469068
2020-04-15 19:47:00,3672.5751097695365,0.0007430712553006545
2020-04-15 19:48:00,3674.2549689020893,0.0007524159072688903
2020-04-15 19:49:00,3673.3991347471183,0.0008162350328305778
2020-04-15 19:50:00,3677.00892989364,0.0007577496446787656
2020-04-15 19:51:00,3675.7471061809015,0.0007600492372347914
2020-04-15 19:52:00,3672.6788300448156,0.0007591460103268086
2020-04-15 19:53:00,3672.038575430178,0.0007245586346161634
2020-04-15 19:54:00,3670.3640947266626,0.0007035816495082583
2020-04-15 19:55:00,3670.439941184849,0.0007367894657839326
2020-04-15 19:56:00,3677.485989713092,0.0007444839276377458
2020-04-15 19:57:00,3683.4319411597335,0.0007739686357862289
2020-04-15 19:58:00,3681.3496661139607,0.000830783069263541
2020-04-15 19:59:00,3678.701934151396,0.0008591816001740518
2020-04-16 13:30:00,3704.055479622022,0.0008288745530179097
2020-04-16 13:31:00,3703.9584580093956,0.0008093061778404579
2020-04-16 13:32:00,3706.723058638952,0.0008245468862040415
2020-04-16 13:33:00,3693.8791594372856,0.000829209310320992
2020-04-16 13:34:00,3695.2406772724557,0.0007866906942365888
2020-04-16 13:35:00,3697.4089157610338,0.0007867096590664754
2020-04-16 13:36:00,3697.1316938484283,0.0007930118416361633
2020-04-16 13:37:00,3699.7599000963364,0.0007754845967218973
2020-04-16 13:38:00,3700.688291539439,0.0007938221594250349
2020-04-16 13:39:00,3701.9069990755047,0.0007916258321040255
2020-04-16 13:40:00,3705.3083506266807,0.0008404059613809849
2020-04-16 13:41:00,3708.167108302961,0.0008347494093439708
2020-04-16 13:42:00,3709.443684760766,0.0008875263607414293
2020-04-16 13:43:00,3711.0840182564757,0.0008811944243292893
2020-04-16 13:44:00,3706.828972326679,0.000846904938204299
2020-04-16 13:45:00,3708.2516755558217,0.0008493206202709239
2020-04-16 13:46:00,3708.3768842416594,0.0008966727499981025
2020-04-16 13:47:00,3711.923440327479,0.0008754924114587509
2020-04-16 13:48:00,3711.4221261556563,0.0008689357709439081
2020-04-16 13:49:00,3712.52364210498,0.0008839001933784937
2020-04-16 13:50:00,3711.800646126209,0.0007882767206376309
2020-04-16 13:51:00,3714.2362720819488,0.0008054414783445025
2020-04-16 13:52:00,3712.337267720677,0.0007723998708281843
2020-04-16 13:53:00,3712.7668020272467,0.0007912631677356511
2020-04-16 13:54:00,3708.999666649166,0.0008758507715466016
2020-04-16 13:55:00,3709.8444023751726,0.0007894813579470238
2020-04-16 13:56:00,3710.6928788450564,0.0007698862090506706
2020-04-16 13:57:00,3708.1579356887814,0.0007910366466817262
2020-04-16 13:58:00,3710.4530983648997,0.0007909053140239941
2020-04-16 13:59:00,3707.304288601471,0.0008421503326533868
2020-04-16 14:00:00,3713.8245535759447,0.0009128156569065026
2020-04-16 14:01:00,3712.619998703176,0.0009396065702829637
2020-04-16 14:02:00,3709.3975653097177,0.0009382851293743163
2020-04-16 14:03:00,3712.4554973083987,0.000953095734081225
2020-04-16 14:04:00,3714.656160124018,0.0009189187608144086
2020-04-16 14:05:00,3713.628921039864,0.0009455428789962802
2020-04-16 14:06:00,3719.3166285126877,0.0009287454079396305
2020-04-16 14:07:00,3724.73531496471,0.0009702627636762521
2020-04-16 14:08:00,3719.1000480230773,0.0009294652709942963
2020-04-16 14:09:00,3721.8719318366902,0.0009260910114508046
2020-04-16 14:10:00,3717.6436129893477,0.0008932363581669011
2020-04-16 14:11:00,3718.84894811984,0.000847632567016199
2020-04-16 14:12:00,3724.0906866489386,0.0009037226428154045
2020-04-16 14:13:00,3723.4338394676997,0.000842068190442013
2020-04-16 14:14:00,3722.5958937540595,0.0009076015675212788
2020-04-16 14:15:00,3720.0980282339137,0.0009068044149261149
2020-04-16 14:16:00,3720.4836117575883,0.000942195564790476
2020-04-16 14:17:00,3712.9736641145196,0.0010239438695783117
2020-04-16 14:18:00,3717.812779368071,0.0009903437157761008
2020-04-16 14:19:00,3715.4429188409695,0.0010093758882910406
2020-04-16 14:20:00,3714.04193862124,0.0009351315293739595
2020-04-16 14:21:00,3717.360225927956,0.0009122844098343094
2020-04-16 14:22:00,3720.401372038635,0.0008904698999613875
2020-04-16 14:23:00,3715.3078424702926,0.0009224178473016872
2020-04-16 14:24:00,3711.741517497024,0.0009814829085777737
2020-04-16 14:25:00,3717.8709597768457,0.0009600366635303598
2020-04-16 14:26:00,3715.8648282070885,0.0010620530101284023
2020-04-16 14:27:00,3718.5203364295303,0.0010420444590985227
2020-04-16 14:28:00,3717.50736397147,0.0010791164449502448
2020-04-16 14:29:00,3718.7976460704194,0.0010683481712617984
2020-04-16 14:30:00,3718.202829125777,0.0011254600433949146
2020-04-16 14:31:00,3720.7746608169286,0.001135372351176548
2020-04-16 14:32:00,3721.139293922107,0.0010994977976931041
2020-04-16 14:33:00,3720.758563842659,0.0011567119441414412
2020-04-16 14:34:00,3716.9085031894115,0.0011326341813171522
2020-04-16 14:35:00,3713.895610122175,0.001088711551093467
2020-04-16 14:36:00,3716.241596243908,0.0011047387952170514
2020-04-16 14:37:00,3715.8481321517465,0.0011846722224757792
2020-04-16 14:38:00,3710.372520869851,0.0011730747865204175
2020-04-16 14:39:00,3712.889310337079,0.001236688128010435
2020-04-16 14:40:00,3714.152280122394,0.0011124659482723205
2020-04-16 14:41:00,3711.572708060285,0.0010647374363572059
2020-04-16 14:42:00,3714.6257199272727,0.001083150723333025
2020-04-16 14:43:00,3709.9513035144655,0.0011556294539048337
2020-04-16 14:44:00,3705.4838161617017,0.001130896587088144
2020-04-16 14:45:00,3702.716369770555,0.0011324417903589479
2020-04-16 14:46:00,3705.738977946879,0.001074489098228571
2020-04-16 14:47:00,3705.903498346983,0.0010255821095020124
2020-04-16 14:48:00,3711.7039489149083,0.001015489662188743
2020-04-16 14:49:00,3711.791111200395,0.0010336416629592715
2020-04-16 14:50:00,3709.603280572146,0.0010082260071766706
2020-04-16 14:51:00,3708.725542040857,0.0010163314795160086
2020-04-16 14:52:00,3706.3064466314795,0.001027440179476546
2020-04-16 14:53:00,3709.449153343872,0.0010244410523526334
2020-04-16 14:54:00,3710.965101619749,0.0010299324910817646
2020-04-16 14:55:00,3710.2168663201646,0.0010173948481490397
2020-04-16 14:56:00,3708.0683994219767,0.0010381481459839558
2020-04-16 14:57:00,3709.907301037009,0.0009588906820936083
2020-04-16 14:58:00,3712.7925287700914,0.0008854982945577841
2020-04-16 14:59:00,3710.959237993418,0.0009164204041172598
2020-04-16 15:00:00,3719.051257719633,0.0009780694939024945
2020-04-16 15:01:00,3716.8768300394117,0.0009374674117818083
2020-04-16 15:02:00,3720.7787082729924,0.0009322910718373308
2020-04-16 15:03:00,3717.8556033228947,0.0009580738932289342
2020-04-16 15:04:00,3722.890271802709,0.0009662907501604435
2020-04-16 15:05:00,3726.8344399449775,0.0009507273274546541
2020-04-16 15:06:00,3731.319953462742,0.0009650666190267452
2020-04-16 15:07:00,3732.4458651654295,0.0010145543991157504
2020-04-16 15:08:00,3728.8312522622773,0.0010880276750569187
2020-04-16 15:09:00,3728.145512054084,0.0010102162393601291
2020-04-16 15:10:00,3727.7340443781845,0.0009797185553541
2020-04-16 15:11:00,3727.633750264697,0.0010294956524799215
2020-04-16 15:12:00,3721.464519020737,0.0009656430789718773
2020-04-16 15:13:00,3721.3374075969577,0.0009322826941420834
2020-04-16 15:14:00,3720.3051139493327,0.0009682657178253359
2020-04-16 15:15:00,3719.534426802538,0.0009398993851902561
2020-04-16 15:16:00,3719.605280095498,0.0009587493657120331
2020-04-16 15:17:00,3715.7475984378657,0.0009700360153654487
2020-04-16 15:18:00,3716.2651108757245,0.0009610919620391203
2020-04-16 15:19:00,3716.90731118656,0.0009050960421744164
2020-04-16 15:20:00,3718.205269857743,0.0008533926063558535
2020-04-16 15:21:00,3720.9256543311585,0.000868441946444266
2020-04-16 15:22:00,3722.1786780097473,0.0008176320642435171
2020-04-16 15:23:00,3720.230671704661,0.0008262560445959759
2020-04-16 15:24:00,3718.533764615239,0.0008234055458807278
2020-04-16 15:25:00,3718.4122796477764,0.0008317895342471217
2020-04-16 15:26:00,3718.935128741501,0.0007903168959805174
2020-04-16 15:27:00,3720.12190003203,0.0007687472153321529
2020-04-16 15:28:00,3719.5762075681355,0.0008390227330791959
2020-04-16 15:29:00,3717.373418323638,0.0008221983255772774
2020-04-16 15:30:00,3719.242755428139,0.0007735407616119519
2020-04-16 15:31:00,3717.5578369099767,0.0007520777094893119
2020-04-16 15:32:00,3715.103542792138,0.0007781034745937962
2020-04-16 15:33:00,3717.0465267911786,0.0007645389163897796
2020-04-16 15:34:00,3714.4353243114674,0.0007016900283405709
2020-04-16 15:35:00,3715.0932553547373,0.0007368473061744356
2020-04-16 15:36:00,3715.6995044300184,0.0008017016007468224
2020-04-16 15:37:00,3719.2816271168826,0.0007582887602050739
2020-04-16 15:38:00,3713.711201579909,0.0007260861315718985
2020-04-16 15:39:00,3713.4151557601626,0.0007431056764397199
2020-04-16 15:40:00,3717.1961259571253,0.0007300616782943478
2020-04-16 15:41:00,3723.5178114132923,0.000689229527895229
2020-04-16 15:42:00,3727.451216710188,0.0007621025881437651
2020-04-16 15:43:00,3722.922375401718,0.0007167873613357779
2020-04-16 15:44:00,3723.52170047119,0.0007514417868446487
2020-04-16 15:45:00,3727.297136196603,0.0007300623218632325
2020-04-16 15:46:00,3732.3917279053517,0.0007967454864159491
2020-04-16 15:47:00,3733.468444114446,0.0007688071679190132
2020-04-16 15:48:00,3732.8757246238038,0.0007270010716936
2020-04-16 15:49:00,3729.3519024937254,0.0007092021042138194
2020-04-16 15:50:00,3728.9215072147363,0.0006998050280281154
2020-04-16 15:51:00,3734.461877975735,0.0006889557469911595
2020-04-16 15:52:00,3731.829730105046,0.0006916470954372078
2020-04-16 15:53:00,3727.399839399442,0.0006483306010791702
2020-04-16 15:54:00,3729.987214496392,0.0006477509402966894
2020-04-16 15:55:00,3729.762552252736,0.0006659766501668946
2020-04-16 15:56:00,3726.3765072268106,0.0007160627762778016
2020-04-16 15:57:00,3726.4023984613755,0.0006882619155187578
2020-04-16 15:58:00,3724.979745004971,0.0006911269199084173
2020-04-16 15:59:00,3725.548247704751,0.0006510298161917414
2020-04-16 16:00:00,3724.8266861097177,0.0006602966392046849
2020-04-16 16:01:00,3724.680199553667,0.0006571449389529107
2020-04-16 16:02:00,3726.68558207982,0.0006405577517964618
2020-04-16 16:03:00,3724.9533173049076,0.00059007483055893
2020-04-16 16:04:00,3727.9265179897693,0.0005685548705840533
2020-04-16 16:05:00,3728.3734234514072,0.0005654172189440291
2020-04-16 16:06:00,3728.5606537675762,0.0005861222411148908
2020-04-16 16:07:00,3726.584095933083,0.0006301357327137412
2020-04-16 16:08:00,3728.618726800716,0.0006689970559353574
2020-04-16 16:09:00,3731.3826022595126,0.0006397636763540524
2020-04-16 16:10:00,3731.9488364962203,0.0006415444845112128
2020-04-16 16:11:00,3730.385941739836,0.0006220590419803406
2020-04-16 16:12:00,3733.2278472139706,0.0005795824541559521
2020-04-16 16:13:00,3731.315096892943,0.0005719141235637322
2020-04-16 16:14:00,3735.2054329719126,0.0005997187259658759
2020-04-16 16:15:00,3737.9378929814593,0.0005971946028356074
2020-04-16 16:16:00,3738.8178728651837,0.0006435009204234447
2020-04-16 16:17:00,3742.602336673594,0.0006529488469520678
2020-04-16 16:18:00,3741.9545183564696,0.0006616467428298535
2020-04-16 16:19:00,3744.305912329008,0.0007431610638943513
2020-04-16 16:20:00,3747.345263114383,0.0007116681636597315
2020-04-16 16:21:00,3752.2442940499172,0.0007510437585045262
2020-04-16 16:22:00,3750.888927330789,0.0007203817350971245
2020-04-16 16:23:00,3749.9088086493693,0.000655821092805023
2020-04-16 16:24:00,3750.4058104811575,0.0006159256453311692
2020-04-16 16:25:00,3754.839365784724,0.000615158124023332
2020-04-16 16:26:00,3758.4548537245273,0.0006587434234667427
2020-04-16 16:27:00,3756.986451454027,0.0006339060053668272
2020-04-16 16:28:00,3751.6019838287207,0.000637913365552637
2020-04-16 16:29:00,3752.754635043065,0.0006272010293648027
2020-04-16 16:30:00,3753.648517534526,0.00063314246355294
2020-04-16 16:31:00,3755.3146219540113,0.0006732944117743592
2020-04-16 16:32:00,3751.0503398387423,0.0006738568384736352
2020-04-16 16:33:00,3753.7804061623424,0.0006488729942381461
2020-04-16 16:34:00,3755.983969312668,0.0006793704102449555
2020-04-16 16:35:00,3755.087318156144,0.0007215663253881514
2020-04-16 16:36:00,3757.557333221426,0.0007529190760431482
2020-04-16 16:37:00,3754.7823230603535,0.000757627493347655
2020-04-16 16:38:00,3755.9991437901003,0.0007447424077679177
2020-04-16 16:39:00,3753.3889308280686,0.000756120403125948
2020-04-16 16:40:00,3751.9654804119555,0.0007487130976510583
2020-04-16 16:41:00,3748.1477912352166,0.000774480446390291
2020-04-16 16:42:00,3751.949060340993,0.0008059181629299716
2020-04-16 16:43:00,3748.3702149518303,0.0007622012524862677
2020-04-16 16:44:00,3749.0552371318327,0.0007579270772713816
2020-04-16 16:45:00,3751.7949479227623,0.0007376547475386392
2020-04-16 16:46:00,3754.0238256144844,0.0008075445638414052
2020-04-16 16:47:00,3756.7280935609565,0.0007959674919163968
2020-04-16 16:48:00,3756.381038670041,0.0008302384993482187
2020-04-16 16:49:00,3755.543311974193,0.0008101422227647043
2020-04-16 16:50:00,3758.8789723160417,0.0007952965554734103
2020-04-16 16:51:00,3759.100160260729,0.0008133273411008491
2020-04-16 16:52:00,3758.5161051449436,0.0008680432537713841
2020-04-16 16:53:00,3760.820220723084,0.0008393065641065324
2020-04-16 16:54:00,3760.5607483967297,0.0008754611790831123
2020-04-16 16:55:00,3760.627089652694,0.0008804058625964759
2020-04-16 16:56:00,3760.129264561737,0.0008382543847492257
2020-04-16 16:57:00,3762.149217974305,0.0008791148725853212
2020-04-16 16:58:00,3760.870881547729,0.0008886188864515902
2020-04-16 16:59:00,3759.7244051266985,0.0008106815949441042
2020-04-16 17:00:00,3763.454921651552,0.0008612598370419215
2020-04-16 17:01:00,3761.8299231735764,0.000885809350716893
2020-04-16 17:02:00,3761.266999916779,0.0009261394133429752
2020-04-16 17:03:00,3762.594144559476,0.0008688222328445339
2020-04-16 17:04:00,3762.1877232732727,0.0008854347314655501
2020-04-16 17:05:00,3759.4390802929006,0.0009013251872259259
2020-04-16 17:06:00,3757.740998819548,0.0008385366379400714
2020-04-16 17:07:00,3758.954463529501,0.0008674004436710832
2020-04-16 17:08:00,3762.09181565658,0.0009337563152767227
2020-04-16 17:09:00,3758.353701497823,0.000945661152549839
2020-04-16 17:10:00,3762.003860775215,0.0010157295930945695
2020-04-16 17:11:00,3764.5386574102363,0.0009702449774275064
2020-04-16 17:12:00,3760.826900711265,0.000977989753440455
2020-04-16 17:13:00,3761.587355287558,0.0010156846912101596
2020-04-16 17:14:00,3763.6030586971297,0.0009687204299304006
2020-04-16 17:15:00,3767.419774604793,0.0009555402603892809
2020-04-16 17:16:00,3776.495462975525,0.0009766903664253034
2020-04-16 17:17:00,3770.5369643885483,0.0009869586787940622
2020-04-16 17:18:00,3770.659400067535,0.001072892534111548
2020-04-16 17:19:00,3770.2140325506803,0.000991321546919779
2020-04-16 17:20:00,3773.6528353985127,0.0009226704636649712
2020-04-16 17:21:00,3770.2017206622318,0.0008430366879323744
2020-04-16 17:22:00,3766.592585149684,0.0008705263576123172
2020-04-16 17:23:00,3759.2511524874894,0.0009142860608045861
2020-04-16 17:24:00,3753.851187470654,0.0008905264041825459
2020-04-16 17:25:00,3759.6163521222816,0.0008702867743526172
2020-04-16 17:26:00,3755.936041957612,0.0009017274793615785
2020-04-16 17:27:00,3753.7424028945484,0.0008906785598732284
2020-04-16 17:28:00,3756.9910568415708,0.0008970673702757589
2020-04-16 17:29:00,3754.238125408431,0.0009165596208295938
2020-04-16 17:30:00,3750.738804725505,0.0009506573327284842
2020-04-16 17:31:00,3753.8520494194117,0.001008022282275105
2020-04-16 17:32:00,3761.0723118490123,0.0010015794652340803
2020-04-16 17:33:00,3757.2277145398557,0.0010061343143723403
2020-04-16 17:34:00,3751.72870581415,0.001104061874598851
2020-04-16 17:35:00,3753.014624146315,0.0011170570904468862
2020-04-16 17:36:00,3762.264092403784,0.0011688610197082333
2020-04-16 17:37:00,3761.9159068784493,0.0012275876556254264
2020-04-16 17:38:00,3757.2316331418974,0.0012292486787030931
2020-04-16 17:39:00,3756.029738335136,0.0012680055259241302
2020-04-16 17:40:00,3756.9399788034266,0.0013004662937495823
2020-04-16 17:41:00,3753.978896550452,0.0014127871499016748
2020-04-16 17:42:00,3757.2169651692407,0.0015196449125794423
2020-04-16 17:43:00,3757.8283803450636,0.0015567792311853923
2020-04-16 17:44:00,3755.8542493793793,0.0015324770224581458
2020-04-16 17:45:00,3746.0250605451947,0.0014172652018651583
2020-04-16 17:46:00,3737.0269253371143,0.0014869156333137052
2020-04-16 17:47:00,3737.896097390165,0.0015204497096241163
2020-04-16 17:48:00,3738.827451655153,0.0015156370047825275
2020-04-16 17:49:00,3726.093461574142,0.0015200811526827054
2020-04-16 17:50:00,3719.2889665018965,0.0013579323807340292
2020-04-16 17:51:00,3709.645432713074,0.0013743889137942885
2020-04-16 17:52:00,3711.987091222478,0.001425848350089505
2020-04-16 17:53:00,3713.89067495453,0.001459659196938657
2020-04-16 17:54:00,3715.42337826916,0.0014442625946232972
2020-04-16 17:55:00,3714.7976732105362,0.0014888069019989689
2020-04-16 17:56:00,3715.1560127726157,0.0015408389561666204
2020-04-16 17:57:00,3715.0030695602372,0.0015094686968989514
2020-04-16 17:58:00,3712.4807982413454,0.0013909601974635662
2020-04-16 17:59:00,3718.3680119486025,0.0013662764079892162
2020-04-16 18:00:00,3716.0800058949544,0.0013975197719036654
2020-04-16 18:01:00,3722.752714195553,0.0013565819163118024
2020-04-16 18:02:00,3732.902112075727,0.0013445790032367926
2020-04-16 18:03:00,3728.3690325757802,0.001363790720257925
2020-04-16 18:04:00,3721.001353049025,0.0013329517315591385
2020-04-16 18:05:00,3727.9353525235438,0.0013024199551183828
2020-04-16 18:06:00,3727.671209568061,0.0013285607816756865
2020-04-16 18:07:00,3737.516708321075,0.0013504053547585978
2020-04-16 18:08:00,3744.1030928482674,0.0012971401701982557
2020-04-16 18:09:00,3742.759690740985,0.0012654778802208507
2020-04-16 18:10:00,3747.837452716715,0.0012593378908180098
2020-04-16 18:11:00,3750.195051679351,0.001297185337293836
2020-04-16 18:12:00,3753.6272762179856,0.0012945785442965748
2020-04-16 18:13:00,3755.541263437521,0.0011814875840588882
2020-04-16 18:14:00,3753.8333772508663,0.0011876866517866462
2020-04-16 18:15:00,3753.67985096838,0.0012689991621539897
2020-04-16 18:16:00,3746.14797774415,0.0012344127324256937
2020-04-16 18:17:00,3750.6620825944997,0.0011456628726336255
2020-04-16 18:18:00,3752.1145929836916,0.0011382017340595921
2020-04-16 18:19:00,3748.224710665111,0.0010943977497292004
2020-04-16 18:20:00,3754.6778265614216,0.0011252406884833866
2020-04-16 18:21:00,3752.8909118456854,0.0011684797739414815
2020-04-16 18:22:00,3752.1645870442258,0.001181471563837743
2020-04-16 18:23:00,3744.579815893765,0.0011660302614544937
2020-04-16 18:24:00,3744.1770014215695,0.0011910930543955224
2020-04-16 18:25:00,3750.053132893956,0.0011358304481720613
2020-04-16 18:26:00,3742.7638421243287,0.001132587792125804
2020-04-16 18:27:00,3740.5489622216473,0.0011398047948421614
2020-04-16 18:28:00,3745.2151596356794,0.0010652117626249306
2020-04-16 18:29:00,3742.874268055786,0.0010268071673303122
2020-04-16 18:30:00,3744.804005822508,0.000963659337734914
2020-04-16 18:31:00,3748.0856572215444,0.0010393881747414039
2020-04-16 18:32:00,3742.237078763135,0.0009644519775536802
2020-04-16 18:33:00,3745.522774377788,0.0010069460428596634
2020-04-16 18:34:00,3739.551007098213,0.001061288495811188
2020-04-16 18:35:00,3732.02514547415,0.0011038425833469938
2020-04-16 18:36:00,3735.339152408682,0.001109429340539263
2020-04-16 18:37:00,3733.379818215229,0.0011498449770056128
2020-04-16 18:38:00,3733.6039733878883,0.0011951577315140256
2020-04-16 18:39:00,3739.142630858949,0.0012321938265175644
2020-04-16 18:40:00,3739.6989063098295,0.0011673220682793587
2020-04-16 18:41:00,3738.7458037856577,0.0011707906945406874
2020-04-16 18:42:00,3733.933071341092,0.0011928967326510314
2020-04-16 18:43:00,3735.0150637383404,0.0011000108281253658
2020-04-16 18:44:00,3739.7137832672097,0.0010843933411394074
2020-04-16 18:45:00,3735.9164081291765,0.0010747983060529394
2020-04-16 18:46:00,3743.202447228346,0.0011292669658818804
2020-04-16 18:47:00,3744.1043142678095,0.001051641994374356
2020-04-16 18:48:00,3742.196181953011,0.0010796339755752473
2020-04-16 18:49:00,3755.4793333883817,0.0010448580025545716
2020-04-16 18:50:00,3760.73165868059,0.0010413181758930513
2020-04-16 18:51:00,3756.7190857003397,0.0010093050980203486
2020-04-16 18:52:00,3753.356841044787,0.000985616859877006
2020-04-16 18:53:00,3752.459275704624,0.0009372420691974371
2020-04-16 18:54:00,3753.396548900043,0.0009858471546234102
2020-04-16 18:55:00,3748.876043553112,0.0009902173601889649
2020-04-16 18:56:00,3749.9914242640125,0.0009701043211024174
2020-04-16 18:57:00,3753.3543647623324,0.0009760041215050737
2020-04-16 18:58:00,3749.2805510136745,0.0009752786924120786
2020-04-16 18:59:00,3745.854697175873,0.0009342528781033146
2020-04-16 19:00:00,3746.639072215886,0.0009841907971998294
2020-04-16 19:01:00,3745.3056975786935,0.0009981162965278518
2020-04-16 19:02:00,3743.011646716816,0.0010159161341329222
2020-04-16 19:03:00,3741.805026715783,0.0010722282694082957
2020-04-16 19:04:00,3737.7349673343692,0.0010399886090897766
2020-04-16 19:05:00,3736.9727840927544,0.0010669817059566248
2020-04-16 19:06:00,3730.8487867432864,0.0009444450608930128
2020-04-16 19:07:00,3727.3158135734593,0.0010005522966680827
2020-04-16 19:08:00,3726.1117209295476,0.0010350869813610028
2020-04-16 19:09:00,3727.6679917606243,0.0010378139139094228
2020-04-16 19:10:00,3729.3161785092857,0.0012070931981548363
2020-04-16 19:11:00,3723.7863622908376,0.0010790060264091314
2020-04-16 19:12:00,3729.1297859407528,0.0010594521992727916
2020-04-16 19:13:00,3729.5759828432224,0.0009524143565511258
2020-04-16 19:14:00,3730.1900043913533,0.0009368603384608366
2020-04-16 19:15:00,3727.116561573606,0.0009236357681835718
2020-04-16 19:16:00,3730.312171979238,0.000981760533694943
2020-04-16 19:17:00,3728.361935825896,0.0010407465456249913
2020-04-16 19:18:00,3730.0395417881314,0.0011248617135340055
2020-04-16 19:19:00,3725.011305346003,0.0011671975622658435
2020-04-16 19:20:00,3722.9718755403555,0.0011588473692594591
2020-04-16 19:21:00,3723.3772249326785,0.0011313776534113108
2020-04-16 19:22:00,3718.1244497071393,0.0010903198188374444
2020-04-16 19:23:00,3722.2175815614346,0.0011394168090944595
2020-04-16 19:24:00,3715.5377695064094,0.0012144767700654731
2020-04-16 19:25:00,3714.0950423864037,0.0012529807976451217
2020-04-16 19:26:00,3709.2816334188324,0.0011575677533117612
2020-04-16 19:27:00,3706.1458389582745,0.0011307150852703854
2020-04-16 19:28:00,3702.8022858194718,0.0010819647725624317
2020-04-16 19:29:00,3697.2260239729753,0.0010287079446206538
2020-04-16 19:30:00,3701.1357896707414,0.0008997053511778697
2020-04-16 19:31:00,3696.080561053998,0.000979301881925178
2020-04-16 19:32:00,3697.220002932369,0.0009482320189498393
2020-04-16 19:33:00,3701.3888189394893,0.0009877040541293692
2020-04-16 19:34:00,3712.554331842492,0.0010217241155613679
2020-04-16 19:35:00,3718.064949803409,0.0010700195369290127
2020-04-16 19:36:00,3712.9066501024263,0.001098484172939811
2020-04-16 19:37:00,3718.837505828846,0.0011014913176107392
2020-04-16 19:38:00,3716.3090551840883,0.0011286440019367234
2020-04-16 19:39:00,3715.5043345144495,0.0010578371440819194
2020-04-16 19:40:00,3712.907075642559,0.0010993392951400504
2020-04-16 19:41:00,3712.2862594197645,0.0011104285870773593
2020-04-16 19:42:00,3716.905432872189,0.0011025207115928151
2020-04-16 19:43:00,3720.014620166228,0.0010806959690547334
2020-04-16 19:44:00,3720.7619548254324,0.0010534852025956315
2020-04-16 19:45:00,3720.9180544732326,0.0011241903864993871
2020-04-16 19:46:00,3726.4839204431173,0.0011085914271916175
2020-04-16 19:47:00,3725.355099231522,0.00118195934289135
2020-04-16 19:48:00,3724.0533112149965,0.001197208752699762
2020-04-16 19:49:00,3723.5545626554776,0.0011992475073528794
2020-04-16 19:50:00,3720.8227240467827,0.0011640930055495991
2020-04-16 19:51:00,3723.997164727502,0.0011128743561116083
2020-04-16 19:52:00,3727.5839885856412,0.0011440527558669983
2020-04-16 19:53:00,3722.3714604290535,0.0012071618070870567
2020-04-16 19:54:00,3723.4880700055032,0.0012406536914657089
2020-04-16 19:55:00,3726.6839155851785,0.0013193011632471959
2020-04-16 19:56:00,3725.783029819079,0.0013241292389386203
2020-04-16 19:57:00,3721.3756905504856,0.0013409773520768648
2020-04-16 19:58:00,3717.2114161325567,0.0013390481755316801
2020-04-16 19:59:00,3712.373652971631,0.0012770439732765356
2020-04-17 13:30:00,3645.832378823659,0.0012202446829711576
2020-04-17 13:31:00,3643.202232659193,0.0011812074366808138
2020-04-17 13:32:00,3641.3548079458806,0.0011838048627360524
2020-04-17 13:33:00,3639.1780369917947,0.0011470585968961391
2020-04-17 13:34:00,3640.9358241371615,0.0011082524555517171
2020-04-17 13:35:00,3638.462901807472,0.0009962495063461935
2020-04-17 13:36:00,3640.338506618436,0.0009783892021649565
2020-04-17 13:37:00,3637.407555746158,0.000928826342326362
2020-04-17 13:38:00,3631.291325411492,0.0009528259161590019
2020-04-17 13:39:00,3627.9456949329287,0.00102486846127193
2020-04-17 13:40:00,3627.0774717872787,0.0010500638846874363
2020-04-17 13:41:00,3625.794405014377,0.0011319501942474988
2020-04-17 13:42:00,3619.5095735416676,0.0011642890472195616
2020-04-17 13:43:00,3624.8887869651685,0.0011214725918083433
2020-04-17 13:44:00,3633.166602855567,0.0010266002819297744
2020-04-17 13:45:00,3627.0503996333146,0.0009806325345517687
2020-04-17 13:46:00,3632.2463768970833,0.0009151088047335605
2020-04-17 13:47:00,3633.8460756163954,0.0008635086967983925
2020-04-17 13:48:00,3635.148143604369,0.0008638567974560995
2020-04-17 13:49:00,3635.3107609772205,0.0008777738664551574
2020-04-17 13:50:00,3634.9166295891096,0.000828790795331097
2020-04-17 13:51:00,3637.0384939411015,0.0008354147712730156
2020-04-17 13:52:00,3632.6605679785835,0.0008363090842418223
2020-04-17 13:53:00,3629.0546797654024,0.0008275066196172084
2020-04-17 13:54:00,3631.4157859480747,0.0008376366707688099
2020-04-17 13:55:00,3629.072307065629,0.0008705430275217038
2020-04-17 13:56:00,3626.2199800062485,0.0008452715151734085
2020-04-17 13:57:00,3626.01568418043,0.0008548037604755377
2020-04-17 13:58:00,3617.993086315722,0.0008428158897356644
2020-04-17 13:59:00,3614.2083322942276,0.0009281825595294977
2020-04-17 14:00:00,3610.561639853676,0.0008819951541998915
2020-04-17 14:01:00,3613.864784149849,0.0009030860231821075
2020-04-17 14:02:00,3615.340864764579,0.000883657105004428
2020-04-17 14:03:00,3618.7088366446624,0.0008643956172814843
2020-04-17 14:04:00,3623.0958591504923,0.000844235509176251
2020-04-17 14:05:00,3625.4417764793952,0.0008279579271117461
2020-04-17 14:06:00,3625.2235726847966,0.0008764087767129214
2020-04-17 14:07:00,3623.445796303675,0.000863043212908982
2020-04-17 14:08:00,3624.4659073700136,0.0008513048228088058
2020-04-17 14:09:00,3621.5337290902053,0.0008830272545690695
2020-04-17 14:10:00,3623.8320908278642,0.0008689085735562827
2020-04-17 14:11:00,3618.4010990433035,0.0007734919972937796
2020-04-17 14:12:00,3617.9930165776227,0.0006931933985417396
2020-04-17 14:13:00,3620.317263261855,0.0006793162052698023
2020-04-17 14:14:00,3615.348646015077,0.0007218008973867227
2020-04-17 14:15:00,3614.1053744117316,0.0007217854085646584
2020-04-17 14:16:00,3612.731180311313,0.0007168454502649382
2020-04-17 14:17:00,3613.4790488868794,0.0007406562093809464
2020-04-17 14:18:00,3614.511448079368,0.0007133002755936535
2020-04-17 14:19:00,3613.328247821183,0.0006948574334029919
2020-04-17 14:20:00,3619.8740418894054,0.0006977340722059875
2020-04-17 14:21:00,3619.2986168820817,0.0006977226100724445
2020-04-17 14:22:00,3617.017880258629,0.0007370177012738129
2020-04-17 14:23:00,3617.7862666370793,0.0006953239586138055
2020-04-17 14:24:00,3621.2742107254003,0.0007282705478617476
2020-04-17 14:25:00,3617.0446477411683,0.0007361187412523578
2020-04-17 14:26:00,3616.138278751888,0.0007067264399606365
2020-04-17 14:27:00,3618.643593611809,0.0007389895541544993
2020-04-17 14:28:00,3619.6393548777737,0.0007317461259101375
2020-04-17 14:29:00,3618.315095324605,0.0007419017654914172
2020-04-17 14:30:00,3614.1180137430265,0.0007184853586119457
2020-04-17 14:31:00,3621.8720182399256,0.0007454557929510671
2020-04-17 14:32:00,3620.6312057228447,0.0007285159536315875
2020-04-17 14:33:00,3625.14163401482,0.0007442470830506699
2020-04-17 14:34:00,3625.942994933583,0.0007450628421123327
2020-04-17 14:35:00,3625.93809785981,0.0007435418462529872
2020-04-17 14:36:00,3625.1694149939813,0.000748070033778845
2020-04-17 14:37:00,3627.593559483992,0.0007819469844684314
2020-04-17 14:38:00,3627.4883450176603,0.0008267049879815573
2020-04-17 14:39:00,3624.2808118528005,0.0007950931279741165
2020-04-17 14:40:00,3621.671195808706,0.0007724593598296383
2020-04-17 14:41:00,3617.2392711011194,0.0008060428114130383
2020-04-17 14:42:00,3614.529988623961,0.0007874503955376611
2020-04-17 14:43:00,3613.9179328640726,0.0008271087878352152
2020-04-17 14:44:00,3612.423546404728,0.0008589152100735295
2020-04-17 14:45:00,3619.4280658362213,0.0009328427388348331
2020-04-17 14:46:00,3619.703783840022,0.0009818882058288765
2020-04-17 14:47:00,3613.624846102173,0.0009418861718643089
2020-04-17 14:48:00,3613.8281644462954,0.0009143586365760241
2020-04-17 14:49:00,3616.138110803693,0.0009315542316238164
2020-04-17 14:50:00,3620.687426458436,0.0009028309447775732
2020-04-17 14:51:00,3623.2773706427383,0.0009014145901396334
2020-04-17 14:52:00,3623.0420973890473,0.0009175287608647668
2020-04-17 14:53:00,3624.819579765823,0.0009940717648080223
2020-04-17 14:54:00,3621.301425520718,0.0009130953826341204
2020-04-17 14:55:00,3618.5733388950725,0.0008110168629050376
2020-04-17 14:56:00,3619.8341066257863,0.0007989582129593463
2020-04-17 14:57:00,3621.4374994701498,0.0007973556532326792
2020-04-17 14:58:00,3619.4430528796674,0.0008508522035211507
2020-04-17 14:59:00,3618.835406825824,0.0008950991863474097
2020-04-17 15:00:00,3622.1186594810565,0.0009054943231238586
2020-04-17 15:01:00,3625.9443467594124,0.000887752265886796
2020-04-17 15:02:00,3626.5780876280364,0.0008823215272681052
2020-04-17 15:03:00,3620.9740765226047,0.0008373674673086372
2020-04-17 15:04:00,3620.8955668100907,0.0008297199597728647
2020-04-17 15:05:00,3624.451220841482,0.0008303883786655706
2020-04-17 15:06:00,3624.2915527009645,0.0008233352611284253
2020-04-17 15:07:00,3619.0039822523127,0.0008514698506398438
2020-04-17 15:08:00,3617.533858491472,0.0008791016363691871
2020-04-17 15:09:00,3610.8571490301306,0.0008957113632848902
2020-04-17 15:10:00,3612.9028187743675,0.0009143634046869197
2020-04-17 15:11:00,3609.8546875962297,0.0008991224117937764
2020-04-17 15:12:00,3607.0983478338912,0.0009314289705370892
2020-04-17 15:13:00,3603.466369780534,0.0009677896802903455
2020-04-17 15:14:00,3600.661373577426,0.0009944926299495563
2020-04-17 15:15:00,3602.1792704120435,0.0009638911172334279
2020-04-17 15:16:00,3604.958886815763,0.0009157760834245254
2020-04-17 15:17:00,3602.0138357329865,0.0008571852195417512
2020-04-17 15:18:00,3604.865743689512,0.0008103436050656704
2020-04-17 15:19:00,3602.6902223285724,0.0007987450233390973
2020-04-17 15:20:00,3604.423848351222,0.0007954001097199585
2020-04-17 15:21:00,3606.1140077488335,0.000835092777135557
2020-04-17 15:22:00,3607.5838809500574,0.0008356069422196622
2020-04-17 15:23:00,3603.9107682717563,0.0008405228762471062
2020-04-17 15:24:00,3603.3854067655298,0.0007998989572228136
2020-04-17 15:25:00,3605.424035289481,0.0008406742036630214
2020-04-17 15:26:00,3609.8965995358135,0.0008878533423049891
2020-04-17 15:27:00,3608.032663560898,0.000847886767453403
2020-04-17 15:28:00,3612.8094122416055,0.0008606084837128472
2020-04-17 15:29:00,3611.2959076121892,0.0008242408999698469
2020-04-17 15:30:00,3608.745353454589,0.0008071943683033492
2020-04-17 15:31:00,3608.048797253526,0.0007938044784331752
2020-04-17 15:32:00,3606.3452564277795,0.00086337217791573
2020-04-17 15:33:00,3601.6829789980065,0.0008596789342198167
2020-04-17 15:34:00,3601.97108345491,0.0008846231259720707
2020-04-17 15:35:00,3606.514347866165,0.0008606348824016009
2020-04-17 15:36:00,3605.552402098188,0.0009174514571225385
2020-04-17 15:37:00,3605.1129396129554,0.000961140139353045
2020-04-17 15:38:00,3604.8392794084316,0.0010029765349524624
2020-04-17 15:39:00,3605.8141977104233,0.0010127722021261783
2020-04-17 15:40:00,3608.8310725144092,0.0008984206551983221
2020-04-17 15:41:00,3611.370173875658,0.0009107793401014623
2020-04-17 15:42:00,3606.3912223615907,0.000915457235240675
2020-04-17 15:43:00,3605.9762473618784,0.0009740074350960098
2020-04-17 15:44:00,3605.577050577332,0.0009495920793390044
2020-04-17 15:45:00,3607.6721503317117,0.0009133442384333339
2020-04-17 15:46:00,3604.753523227577,0.0009402609574918359
2020-04-17 15:47:00,3609.9611119952106,0.0008990667766525251
2020-04-17 15:48:00,3609.5043722998757,0.0008656253305199947
2020-04-17 15:49:00,3606.2514268900472,0.000817061834444761
2020-04-17 15:50:00,3603.1379745779764,0.0008986627310408384
2020-04-17 15:51:00,3602.7622765682054,0.0008975206140249555
2020-04-17 15:52:00,3599.9967926195595,0.0009359792628486605
2020-04-17 15:53:00,3600.1684696208217,0.000915655693113873
2020-04-17 15:54:00,3601.370654289057,0.0009059827963687429
2020-04-17 15:55:00,3599.5625064466803,0.0008504451922221534
2020-04-17 15:56:00,3593.9899057464722,0.0008534238451935146
2020-04-17 15:57:00,3595.777753018615,0.0009271098866349306
2020-04-17 15:58:00,3596.155436242641,0.0009416422815525422
2020-04-17 15:59:00,3596.8110330170493,0.0009639132614370623
2020-04-17 16:00:00,3591.3890532453543,0.0009828674614195464
2020-04-17 16:01:00,3592.2464356203445,0.0009424614577542103
2020-04-17 16:02:00,3595.211490826793,0.0009864791256748696
2020-04-17 16:03:00,3594.8948000523055,0.0009885811035536813
2020-04-17 16:04:00,3593.7223233541827,0.0009502753150709492
2020-04-17 16:05:00,3596.6825939829255,0.0009546041333202492
2020-04-17 16:06:00,3594.120042710468,0.0009948350175510556
2020-04-17 16:07:00,3590.500058977958,0.0010166458480848134
2020-04-17 16:08:00,3589.3789010988066,0.0009516763462174923
2020-04-17 16:09:00,3598.9960144429388,0.0009846585243321773
2020-04-17 16:10:00,3602.5988547387597,0.001005855758125085
2020-04-17 16:11:00,3603.341420254921,0.0009836232987090825
2020-04-17 16:12:00,3604.805380468477,0.0010402080391635749
2020-04-17 16:13:00,3605.0473539323284,0.001105219390345338
2020-04-17 16:14:00,3606.904515545816,0.0010671756428086226
2020-04-17 16:15:00,3606.298875301851,0.001066286867766616
2020-04-17 16:16:00,3609.714555164988,0.0010441706491709348
2020-04-17 16:17:00,3604.5832825717484,0.0010299644230580016
2020-04-17 16:18:00,3604.0045678444526,0.0010338425382276299
2020-04-17 16:19:00,3596.607890608425,0.0010024994065969152
2020-04-17 16:20:00,3594.6500406850637,0.0009822423558627426
2020-04-17 16:21:00,3587.135846873133,0.0009983103085589788
2020-04-17 16:22:00,3582.5280388977026,0.0010581270038051472
2020-04-17 16:23:00,3578.8133849856167,0.001103971469624657
2020-04-17 16:24:00,3576.3356715650652,0.0011320323043856482
2020-04-17 16:25:00,3574.306744028518,0.0011427349673886005
2020-04-17 16:26:00,3570.9361545678967,0.0011175989235212489
2020-04-17 16:27:00,3571.7268981788143,0.0010906290357273341
2020-04-17 16:28:00,3574.8891339179195,0.0010759134237006609
2020-04-17 16:29:00,3578.614448747541,0.001061537700582646
2020-04-17 16:30:00,3581.9324850189328,0.0010693875302436686
2020-04-17 16:31:00,3578.6160339397247,0.0010130012090968329
2020-04-17 16:32:00,3581.9111089921585,0.000999990558366489
2020-04-17 16:33:00,3578.3894564922016,0.0009674227458111131
2020-04-17 16:34:00,3583.6455805461947,0.000986623787382936
2020-04-17 16:35:00,3587.40114927863,0.0009884912188112536
2020-04-17 16:36:00,3591.5838673586063,0.0009478699273967662
2020-04-17 16:37:00,3597.574317291719,0.0009023743360194644
2020-04-17 16:38:00,3595.533702962689,0.0008755134339237961
2020-04-17 16:39:00,3598.1324027348787,0.0009241166937874321
2020-04-17 16:40:00,3598.617376232813,0.0009313583491248068
2020-04-17 16:41:00,3599.259399568466,0.0009097690402525603
2020-04-17 16:42:00,3601.544524353297,0.0009598847376907488
2020-04-17 16:43:00,3604.609047676664,0.0009475216759985828
2020-04-17 16:44:00,3600.7439980361846,0.0008591164907175709
2020-04-17 16:45:00,3598.9938148589235,0.0007906464668669236
2020-04-17 16:46:00,3596.5183420047574,0.0008470216602493274
2020-04-17 16:47:00,3599.027449782153,0.0008617443574258274
2020-04-17 16:48:00,3598.992828965514,0.0008627723313676819
2020-04-17 16:49:00,3592.841936844704,0.0008320385857683208
2020-04-17 16:50:00,3597.038073725827,0.0008398100335082094
2020-04-17 16:51:00,3600.7353096557813,0.0008265424003400849
2020-04-17 16:52:00,3601.882504788665,0.0008388628470094591
2020-04-17 16:53:00,3600.7845071040792,0.0008081803278292688
2020-04-17 16:54:00,3604.0124282704023,0.0008327930759210755
2020-04-17 16:55:00,3606.0973619384854,0.0008370439679731052
2020-04-17 16:56:00,3608.206397738011,0.0007829225455692945
2020-04-17 16:57:00,3617.2762564321006,0.0008655011066427861
2020-04-17 16:58:00,3620.016600833799,0.0008519218086099307
2020-04-17 16:59:00,3620.4884947200308,0.0007789126805167932
2020-04-17 17:00:00,3620.332947485032,0.000746062196259017
2020-04-17 17:01:00,3619.901045251968,0.0007804903185558382
2020-04-17 17:02:00,3619.081159402892,0.0007537415813395842
2020-04-17 17:03:00,3622.8625232075046,0.0007648236193529989
2020-04-17 17:04:00,3623.755252971407,0.0007391975119702595
2020-04-17 17:05:00,3618.475307160205,0.0007301744801848081
2020-04-17 17:06:00,3617.8024694943965,0.0007003030967429193
2020-04-17 17:07:00,3620.907687322669,0.000692452820335681
2020-04-17 17:08:00,3622.024160379749,0.0007039405404147004
2020-04-17 17:09:00,3621.3339435984867,0.0007824019351574382
2020-04-17 17:10:00,3623.437777568601,0.000780914503391707
2020-04-17 17:11:00,3625.088810730785,0.0007784673334969098
2020-04-17 17:12:00,3624.354345097066,0.0007609133675369556
2020-04-17 17:13:00,3624.290132932432,0.0007465408426549436
2020-04-17 17:14:00,3625.0631910437824,0.0007571863295198106
2020-04-17 17:15:00,3626.346186445487,0.0007048865533590769
2020-04-17 17:16:00,3627.9085255995733,0.000692694226993551
2020-04-17 17:17:00,3626.424030660668,0.0007447971305890155
2020-04-17 17:18:00,3624.2246232012994,0.0007514776170184813
2020-04-17 17:19:00,3631.624132677085,0.0007504931258644513
2020-04-17 17:20:00,3629.6004318189807,0.0007454142311231327
2020-04-17 17:21:00,3632.139288490022,0.0007694196787011799
2020-04-17 17:22:00,3636.9450184140514,0.0007393514460031555
2020-04-17 17:23:00,3636.1445773131422,0.0007093023359902575
2020-04-17 17:24:00,3636.0344604176457,0.0007003034987473253
2020-04-17 17:25:00,3636.2233667405785,0.0006640619375256319
2020-04-17 17:26:00,3637.4871835242575,0.0006390714128832784
2020-04-17 17:27:00,3634.9853930479526,0.0006465982154889314
2020-04-17 17:28:00,3637.5141879316416,0.0006150611060284797
2020-04-17 17:29:00,3638.6279967430437,0.0006794899132856739
2020-04-17 17:30:00,3638.5601085366457,0.0006309497267269062
2020-04-17 17:31:00,3640.9185839174384,0.0006530125410762363
2020-04-17 17:32:00,3640.6197699749227,0.0006810569493383334
2020-04-17 17:33:00,3643.894617400072,0.0006700133036959681
2020-04-17 17:34:00,3640.4693169015723,0.0006968226295095534
2020-04-17 17:35:00,3639.6859777396967,0.0006879640883446957
2020-04-17 17:36:00,3645.741897894187,0.0007052756388108404
2020-04-17 17:37:00,3643.7280139963273,0.0007016334551548239
2020-04-17 17:38:00,3643.95307786456,0.0006597713977789261
2020-04-17 17:39:00,3645.1057047029285,0.0006425880048412074
2020-04-17 17:40:00,3646.191511068695,0.0006504995901460225
2020-04-17 17:41:00,3645.760393145122,0.0006558813926814018
2020-04-17 17:42:00,3644.5532527287132,0.0006578276238634672
2020-04-17 17:43:00,3642.5133002039715,0.0006473474056798308
2020-04-17 17:44:00,3640.3558653714713,0.0007162898723517369
2020-04-17 17:45:00,3638.5100986028187,0.0007505572670984419
2020-04-17 17:46:00,3637.677012665769,0.0007632935072878364
2020-04-17 17:47:00,3638.261433348354,0.0007553079366428577
2020-04-17 17:48:00,3638.5637373002173,0.0008070067380963898
2020-04-17 17:49:00,3643.9379006323343,0.0007957303570701633
2020-04-17 17:50:00,3636.415921574883,0.0008064142701596179
2020-04-17 17:51:00,3630.7535889755695,0.0008733554944578163
2020-04-17 17:52:00,3626.4823443714477,0.0008686359122409486
2020-04-17 17:53:00,3624.5407099006,0.0009353468489162444
2020-04-17 17:54:00,3626.094701859089,0.0008715477446246141
2020-04-17 17:55:00,3628.958444607638,0.0008813704613791585
2020-04-17 17:56:00,3624.574174499165,0.0008249035699476708
2020-04-17 17:57:00,3624.806840469428,0.0007665391229682254
2020-04-17 17:58:00,3619.620651416588,0.0007242494305740194
2020-04-17 17:59:00,3621.5345955628823,0.0007418102003875739
2020-04-17 18:00:00,3627.637700032994,0.0007171015980101024
2020-04-17 18:01:00,3627.33835416263,0.0007904859244962689
2020-04-17 18:02:00,3631.0426952414327,0.0007295949240929832
2020-04-17 18:03:00,3631.2100968201935,0.0007597843474155527
2020-04-17 18:04:00,3629.3903320729537,0.0007785413564787723
2020-04-17 18:05:00,3631.7048783944965,0.0007518132611593395
2020-04-17 18:06:00,3626.5338031188726,0.0007313505599210686
2020-04-17 18:07:00,3631.2836334785993,0.0007177345425393417
2020-04-17 18:08:00,3629.642643368543,0.0006664566740805787
2020-04-17 18:09:00,3628.966318691981,0.0007001397446470894
2020-04-17 18:10:00,3629.2198097517485,0.0006654539714619131
2020-04-17 18:11:00,3629.0033514240654,0.0006918849949648885
2020-04-17 18:12:00,3626.2410481996826,0.0006138947647138716
2020-04-17 18:13:00,3625.729466354139,0.0005998698941151445
2020-04-17 18:14:00,3629.127616123502,0.0005909729625184787
2020-04-17 18:15:00,3627.1232489709573,0.0005675650828423748
2020-04-17 18:16:00,3627.4388828216493,0.0005746738383704525
2020-04-17 18:17:00,3628.7565986677187,0.0005865916179174826
2020-04-17 18:18:00,3627.365720210611,0.0005708399320601585
2020-04-17 18:19:00,3624.318663183684,0.0005736102433896055
2020-04-17 18:20:00,3626.5959372684756,0.0005520111846324299
2020-04-17 18:21:00,3626.230669159076,0.000500599396024911
2020-04-17 18:22:00,3624.8390129198083,0.0005219131388897153
2020-04-17 18:23:00,3623.927561669893,0.0005363648603501914
2020-04-17 18:24:00,3624.9467991699235,0.0005285000502351166
2020-04-17 18:25:00,3625.1367280562804,0.0005267459608779554
2020-04-17 18:26:00,3625.881081613391,0.0005336823947763819
2020-04-17 18:27:00,3625.9553138503456,0.0005443061246500491
2020-04-17 18:28:00,3623.630917444696,0.0005507767974164151
2020-04-17 18:29:00,3625.3604102758295,0.0005166670869671456
2020-04-17 18:30:00,3624.453782544981,0.0004912962713005461
2020-04-17 18:31:00,3626.6445133492584,0.00048726040196837346
2020-04-17 18:32:00,3626.9897056157483,0.0004993693504475512
2020-04-17 18:33:00,3625.2140530907777,0.0004992456740815887
2020-04-17 18:34:00,3627.097356626953,0.0004926343162617639
2020-04-17 18:35:00,3626.9136207203724,0.0005184621254950839
2020-04-17 18:36:00,3625.2254857412468,0.0005337325248840367
2020-04-17 18:37:00,3627.6982239035733,0.0004924956654179382
2020-04-17 18:38:00,3626.753307859661,0.0004774809510546419
2020-04-17 18:39:00,3625.7826293425314,0.0005261519891165068
2020-04-17 18:40:00,3628.978981993872,0.0005407679927570083
2020-04-17 18:41:00,3629.3809776284907,0.0005538918986072649
2020-04-17 18:42:00,3627.670525417077,0.0005741328605231143
2020-04-17 18:43:00,3625.125502709576,0.0005886892908551748
2020-04-17 18:44:00,3628.9967272325407,0.0006311610263651264
2020-04-17 18:45:00,3624.132375349989,0.0006258989812599528
2020-04-17 18:46:00,3622.158422814293,0.0005730546351924455
2020-04-17 18:47:00,3620.2989362154494,0.0005380667631672999
2020-04-17 18:48:00,3621.009132469257,0.0005838863088850529
2020-04-17 18:49:00,3621.842626570749,0.0005603846610446142
2020-04-17 18:50:00,3620.5800070335945,0.0005540547463694058
2020-04-17 18:51:00,3618.3749884290905,0.0005475493583413081
2020-04-17 18:52:00,3617.6445228977077,0.000538486209282838
2020-04-17 18:53:00,3615.4700911140526,0.0005107273681126736
2020-04-17 18:54:00,3614.6667160061006,0.000526635181051456
2020-04-17 18:55:00,3613.1957779146856,0.0005276943319855862
2020-04-17 18:56:00,3613.226604317961,0.000541301298771865
2020-04-17 18:57:00,3612.1205099978015,0.0005318866868969511
2020-04-17 18:58:00,3611.8547151789826,0.0005392822772090101
2020-04-17 18:59:00,3610.6841663855694,0.0005995988331050598
2020-04-17 19:00:00,3612.2288740457143,0.0006274002694198297
2020-04-17 19:01:00,3615.550235079035,0.000598679702815157
2020-04-17 19:02:00,3616.801000220449,0.0006377435393723126
2020-04-17 19:03:00,3615.9676453835,0.0006581887912425718
2020-04-17 19:04:00,3610.1694879258125,0.0006554804341030429
2020-04-17 19:05:00,3608.6853147682996,0.0006441700198725671
2020-04-17 19:06:00,3607.3706411470935,0.0005896836828178351
2020-04-17 19:07:00,3608.906362227233,0.0005923495050588048
2020-04-17 19:08:00,3610.52053303463,0.0006298526452372428
2020-04-17 19:09:00,3611.2360874985093,0.0006615346673014605
2020-04-17 19:10:00,3615.1600577677978,0.0006911100163534139
2020-04-17 19:11:00,3616.3108512378462,0.0006377496405406078
2020-04-17 19:12:00,3618.0848359378156,0.0006092039959007656
2020-04-17 19:13:00,3619.737871837743,0.0006081693366113101
2020-04-17 19:14:00,3619.5143591257843,0.0006315887929468311
2020-04-17 19:15:00,3619.005854385402,0.0005860975458187481
2020-04-17 19:16:00,3621.184335726716,0.0005593093686553118
2020-04-17 19:17:00,3623.2353301758535,0.0005477391541580415
2020-04-17 19:18:00,3622.6367855290637,0.0005094618157975474
2020-04-17 19:19:00,3624.043149069632,0.0004920141931561178
2020-04-17 19:20:00,3621.6281693014707,0.0004793577869784084
2020-04-17 19:21:00,3619.6381192937124,0.0004726220573690405
2020-04-17 19:22:00,3618.4857029935997,0.00048752198288499966
2020-04-17 19:23:00,3616.5289241532673,0.0004850925157868427
2020-04-17 19:24:00,3621.5677009130955,0.0005031352472418919
2020-04-17 19:25:00,3620.1376824238296,0.00047594081922788995
2020-04-17 19:26:00,3621.511086151577,0.0005086358151867664
2020-04-17 19:27:00,3623.080509212838,0.0005475558772852754
2020-04-17 19:28:00,3625.603069344533,0.000565393713656523
2020-04-17 19:29:00,3630.7334240571768,0.0005790951019119976
2020-04-17 19:30:00,3632.2594438356273,0.0005730518888409399
2020-04-17 19:31:00,3633.783843716473,0.0005379142839591224
2020-04-17 19:32:00,3633.925161530186,0.0005323484487016068
2020-04-17 19:33:00,3634.17204133677,0.0005297313199523967
2020-04-17 19:34:00,3636.2558259236644,0.0005572119014589929
2020-04-17 19:35:00,3637.6217512260205,0.000572896355308313
2020-04-17 19:36:00,3636.1586254530366,0.0005880247289629456
2020-04-17 19:37:00,3635.770135917009,0.0006182656747776113
2020-04-17 19:38:00,3632.9324260948833,0.0005930311712581681
2020-04-17 19:39:00,3635.2645786209778,0.0005961461953011198
2020-04-17 19:40:00,3635.161908566106,0.0005903300613343619
2020-04-17 19:41:00,3634.343946681414,0.0005795744864891017
2020-04-17 19:42:00,3630.1801879306345,0.0005924935817323683
2020-04-17 19:43:00,3631.1500283779255,0.0006014527566899459
2020-04-17 19:44:00,3631.4433746015707,0.0006267042252364181
2020-04-17 19:45:00,3631.012399889435,0.0006383731525955367
2020-04-17 19:46:00,3631.761770524983,0.0006169840562535015
2020-04-17 19:47:00,3631.2460886077847,0.0006441892134331314
2020-04-17 19:48:00,3630.2854445431017,0.0006268507599230056
2020-04-17 19:49:00,3632.471832852163,0.0006264125130851719
2020-04-17 19:50:00,3633.647292233819,0.0005820814201608294
2020-04-17 19:51:00,3632.8870357732667,0.0006074496184445979
2020-04-17 19:52:00,3630.7781577869264,0.0006140254826613265
2020-04-17 19:53:00,3629.169572694404,0.0006049845557263913
2020-04-17 19:54:00,3630.1060385119185,0.0006269494879330243
2020-04-17 19:55:00,3631.199131939116,0.0006929526015701759
2020-04-17 19:56:00,3635.338691118777,0.0007318028768294308
2020-04-17 19:57:00,3640.024986819557,0.000722440636545471
2020-04-17 19:58:00,3640.070987846811,0.000690086568758748
2020-04-17 19:59:00,3637.4560103605186,0.0006627481113199221
2020-04-20 13:30:00,3673.137466080879,0.0006260486828196125
2020-04-20 13:31:00,3671.944814594083,0.0006106422599184551
2020-04-20 13:32:00,3673.7496014383687,0.0006096762460628915
2020-04-20 13:33:00,3671.7569679015287,0.0005728017088967948
2020-04-20 13:34:00,3672.1504929380767,0.0005410249290511771
2020-04-20 13:35:00,3675.05903430558,0.0005202010670133839
2020-04-20 13:36:00,3676.006138620926,0.0004861970362251595
2020-04-20 13:37:00,3673.5778703018327,0.0005029614384710437
2020-04-20 13:38:00,3675.5842905725835,0.0005110177116203055
2020-04-20 13:39:00,3676.763252371311,0.000493394930843289
2020-04-20 13:40:00,3677.758292407434,0.0005213138917625576
2020-04-20 13:41:00,3675.584298569936,0.0005113525215662728
2020-04-20 13:42:00,3672.6067094338473,0.000516764095436857
2020-04-20 13:43:00,3673.313969242885,0.0005421225436363178
2020-04-20 13:44:00,3671.9974273094945,0.0005285692255820458
2020-04-20 13:45:00,3673.169080641085,0.0005064353565168942
2020-04-20 13:46:00,3672.8032155752608,0.0005335251534957775
2020-04-20 13:47:00,3668.938797192005,0.0005776459333330141
2020-04-20 13:48:00,3667.6007218553027,0.0005976178331332944
2020-04-20 13:49:00,3668.154474181312,0.0005760924395041609
2020-04-20 13:50:00,3669.633528168009,0.0006009626368510895
2020-04-20 13:51:00,3667.486319800894,0.000588855243277015
2020-04-20 13:52:00,3669.7432587942467,0.0005646533793094819
2020-04-20 13:53:00,3667.7980732401206,0.0005723537127161615
2020-04-20 13:54:00,3666.5597660294934,0.0005763216382763061
2020-04-20 13:55:00,3664.2619710570643,0.0005704742346635029
2020-04-20 13:56:00,3664.089041436412,0.0005548979040575359
2020-04-20 13:57:00,3662.8195720690496,0.0005640826529825254
2020-04-20 13:58:00,3662.687788766137,0.0005458805480198228
2020-04-20 13:59:00,3661.0206030410422,0.0005164791283554499
2020-04-20 14:00:00,3659.060845067029,0.0005688602797686667
2020-04-20 14:01:00,3662.4819819789163,0.0005873663714315966
2020-04-20 14:02:00,3661.6587965529684,0.0005657949574940453
2020-04-20 14:03:00,3660.8044992547925,0.0005818344697728062
2020-04-20 14:04:00,3662.018956540659,0.0006399603140962128
2020-04-20 14:05:00,3664.1807333205693,0.0006485324459892563
2020-04-20 14:06:00,3667.0763905377707,0.0006945777006193661
2020-04-20 14:07:00,3665.9665804949163,0.0006887367689281242
2020-04-20 14:08:00,3670.27680042737,0.0007083608522084915
2020-04-20 14:09:00,3671.711285082198,0.0007640657882291052
2020-04-20 14:10:00,3671.8129593669864,0.000791213224412704
2020-04-20 14:11:00,3666.3988132505,0.0008186525053852103
2020-04-20 14:12:00,3669.043316918481,0.0007377620836055429
2020-04-20 14:13:00,3671.032943606916,0.0007675524771400569
2020-04-20 14:14:00,3672.593735433853,0.0008155499060513927
2020-04-20 14:15:00,3677.1401973103107,0.0008068393055674346
2020-04-20 14:16:00,3673.7035667531322,0.0008680366776570409
2020-04-20 14:17:00,3673.5078651426215,0.0008440206616144543
2020-04-20 14:18:00,3668.544862798637,0.0008168385708732627
2020-04-20 14:19:00,3666.4134226312376,0.000755645711326991
2020-04-20 14:20:00,3669.6730793812912,0.0007336824292431569
2020-04-20 14:21:00,3665.6745836291857,0.0007099703211207837
2020-04-20 14:22:00,3664.239284878719,0.0006934028274128077
2020-04-20 14:23:00,3665.4298781400657,0.0006677615219842953
2020-04-20 14:24:00,3666.823271477737,0.0006868626652804145
2020-04-20 14:25:00,3666.3073194340764,0.0006555672471410561
2020-04-20 14:26:00,3664.68998511323,0.0006484514206671749
2020-04-20 14:27:00,3664.396422882742,0.0006632933763743165
2020-04-20 14:28:00,3666.1785035006515,0.0006712814480642309
2020-04-20 14:29:00,3667.198816210679,0.0007001309471764993
2020-04-20 14:30:00,3672.4157542963076,0.000725659569797175
2020-04-20 14:31:00,3670.625146595935,0.0007179773185166459
2020-04-20 14:32:00,3670.374426277739,0.0007325401897847538
2020-04-20 14:33:00,3668.3690595907933,0.0007052161416088193
2020-04-20 14:34:00,3674.298877146964,0.0007195185852592097
2020-04-20 14:35:00,3674.228816239489,0.0007826153418174752
2020-04-20 14:36:00,3670.9976544958504,0.0008663231222353282
2020-04-20 14:37:00,3671.532648111105,0.0008627243403837185
2020-04-20 14:38:00,3667.5020470873646,0.0008505787633413313
2020-04-20 14:39:00,3664.2665087924624,0.0008431350801800548
2020-04-20 14:40:00,3664.1327188833166,0.0007793635398166372
2020-04-20 14:41:00,3668.638703760101,0.0008110404927325275
2020-04-20 14:42:00,3664.10645492273,0.0007992470897077216
2020-04-20 14:43:00,3665.553456614214,0.0007848104691604169
2020-04-20 14:44:00,3662.26436391279,0.000823933792902399
2020-04-20 14:45:00,3657.2886350729245,0.0008573798298771762
2020-04-20 14:46:00,3657.324819517603,0.000854734527733673
2020-04-20 14:47:00,3660.441930715981,0.0008623685119242025
2020-04-20 14:48:00,3657.000796717226,0.0008241233590196642
2020-04-20 14:49:00,3655.9950362690556,0.0008295462965963913
2020-04-20 14:50:00,3654.124108007747,0.0007867635705099634
2020-04-20 14:51:00,3657.561532198487,0.0007801816461986939
2020-04-20 14:52:00,3656.1538820662167,0.0007583769047812773
2020-04-20 14:53:00,3657.780529383463,0.000798067198577667
2020-04-20 14:54:00,3657.2197398043863,0.0008072239696102411
2020-04-20 14:55:00,3652.0080124915776,0.0008154794791340896
2020-04-20 14:56:00,3649.3307079658352,0.0008235804105521029
2020-04-20 14:57:00,3648.665918333457,0.0008652580590169116
2020-04-20 14:58:00,3640.0897073066226,0.000897245408816783
2020-04-20 14:59:00,3640.8301702402746,0.0009462127707486675
2020-04-20 15:00:00,3640.8376618567304,0.0009953897630954282
2020-04-20 15:01:00,3639.016289859628,0.0009864948945466766
2020-04-20 15:02:00,3641.501019100301,0.0010608734511227036
2020-04-20 15:03:00,3647.7993782548547,0.0010609827317350844
2020-04-20 15:04:00,3650.9549556195125,0.0011379302279962435
2020-04-20 15:05:00,3654.6845088570426,0.001181381488125984
2020-04-20 15:06:00,3657.667614015767,0.0011610865053792649
2020-04-20 15:07:00,3651.5578076448905,0.0010360907784912287
2020-04-20 15:08:00,3657.0292959158846,0.0009958630448597087
2020-04-20 15:09:00,3658.4234829332827,0.0010371500504617948
2020-04-20 15:10:00,3658.300947050011,0.0010222246575232981
2020-04-20 15:11:00,3658.012433818841,0.001039991867465266
2020-04-20 15:12:00,3656.4799030838944,0.0010475210919957997
2020-04-20 15:13:00,3656.466691462269,0.000921784609422361
2020-04-20 15:14:00,3654.789961162259,0.0009002739878851144
2020-04-20 15:15:00,3653.5864320323476,0.0008436629914648019
2020-04-20 15:16:00,3651.7074348174756,0.0008092957272757606
2020-04-20 15:17:00,3653.168012925871,0.0007578407912304858
2020-04-20 15:18:00,3650.9295315621853,0.000781247371533496
2020-04-20 15:19:00,3649.6289799049646,0.0007958794568177453
2020-04-20 15:20:00,3651.4322265164406,0.0008137082436059075
2020-04-20 15:21:00,3649.3609768907622,0.0007508484096000533
2020-04-20 15:22:00,3648.63392125809,0.0007753052198293452
2020-04-20 15:23:00,3648.0170316657295,0.0007405605513144994
2020-04-20 15:24:00,3645.863693214923,0.0007229511531009113
2020-04-20 15:25:00,3651.807515876312,0.000728489974563457
2020-04-20 15:26:00,3650.637087784622,0.0006990277299815884
2020-04-20 15:27:00,3653.794506918777,0.000669157819766731
2020-04-20 15:28:00,3652.214163692543,0.0006453303287255585
2020-04-20 15:29:00,3653.523161004274,0.0005922802255621332
2020-04-20 15:30:00,3648.954759951589,0.000619309364891422
2020-04-20 15:31:00,3650.402414509877,0.0005860477271252232
2020-04-20 15:32:00,3648.809806572596,0.0005626371661196656
2020-04-20 15:33:00,3645.8890396285283,0.000571411356911917
2020-04-20 15:34:00,3647.87508313585,0.0005780125608867549
2020-04-20 15:35:00,3647.770923253058,0.0005955626962584011
2020-04-20 15:36:00,3650.2473872111823,0.0006292959982421174
2020-04-20 15:37:00,3650.6418642607227,0.0005993782535799588
2020-04-20 15:38:00,3647.1134880899544,0.000577264554763478
2020-04-20 15:39:00,3647.1084606652357,0.0006084619283871686
2020-04-20 15:40:00,3645.8237642402883,0.0006496761826696062
2020-04-20 15:41:00,3644.258633315736,0.0006727645133490541
2020-04-20 15:42:00,3645.288971775711,0.000692779587142369
2020-04-20 15:43:00,3643.415767895137,0.0006951708711567125
2020-04-20 15:44:00,3639.072302906796,0.0006808318237663515
2020-04-20 15:45:00,3640.2236115848345,0.0006931890682282316
2020-04-20 15:46:00,3642.4185953514852,0.0006726593821669184
2020-04-20 15:47:00,3641.441639170453,0.0006734759571758776
2020-04-20 15:48:00,3642.117830039177,0.0006436649694720744
2020-04-20 15:49:00,3643.5834349659435,0.0006723388124434588
2020-04-20 15:50:00,3647.085069456556,0.0006898165133655655
2020-04-20 15:51:00,3646.4860243666194,0.0007024374979199801
2020-04-20 15:52:00,3645.131918655088,0.0007219934051200664
2020-04-20 15:53:00,3645.51409823913,0.0007029912583691392
2020-04-20 15:54:00,3645.9709101733774,0.0006859211664859686
2020-04-20 15:55:00,3645.733960577914,0.0006918733428096508
2020-04-20 15:56:00,3643.3911680809156,0.0006972862349784163
2020-04-20 15:57:00,3641.729772580752,0.0007100788885537935
2020-04-20 15:58:00,3639.1243895694397,0.0006827369500849076
2020-04-20 15:59:00,3639.714974909947,0.0007064137304951154
2020-04-20 16:00:00,3639.8159087713284,0.000687368582396314
2020-04-20 16:01:00,3640.833345558554,0.0006769528628658538
2020-04-20 16:02:00,3640.2014641944297,0.0007155402391644843
2020-04-20 16:03:00,3642.072415133152,0.0006970110046461813
2020-04-20 16:04:00,3637.763516565951,0.0006248011895976402
2020-04-20 16:05:00,3638.580449788325,0.0005726952644982303
2020-04-20 16:06:00,3638.3623775264987,0.000546591293340771
2020-04-20 16:07:00,3637.895910594192,0.0005336969967781599
2020-04-20 16:08:00,3636.965876481946,0.000517307527621505
2020-04-20 16:09:00,3635.729999424415,0.000563200149437436
2020-04-20 16:10:00,3636.0993700767026,0.0005123269171187717
2020-04-20 16:11:00,3637.6810428245462,0.0005045646015716461
2020-04-20 16:12:00,3637.8636885639744,0.0004999544510470346
2020-04-20 16:13:00,3640.421519060964,0.0005141514603140657
2020-04-20 16:14:00,3642.354873249653,0.0005418479014018574
2020-04-20 16:15:00,3643.561231100844,0.0005453805174271487
2020-04-20 16:16:00,3645.286831763164,0.0005237571243983406
2020-04-20 16:17:00,3644.505166506792,0.0004980240943874957
2020-04-20 16:18:00,3644.226105747474,0.0004780986169970597
2020-04-20 16:19:00,3645.1943869913543,0.0005136242481167361
2020-04-20 16:20:00,3647.806886547241,0.0005428288567586829
2020-04-20 16:21:00,3651.918936249777,0.000545804305493034
2020-04-20 16:22:00,3649.1873747797245,0.0005367568762947569
2020-04-20 16:23:00,3648.326250021825,0.0005470616175881957
2020-04-20 16:24:00,3644.4686214245753,0.0005660300538174188
2020-04-20 16:25:00,3642.721217361072,0.0005526507146647974
2020-04-20 16:26:00,3642.8395128959396,0.0005785385423451591
2020-04-20 16:27:00,3644.2221128115434,0.0006036040671963558
2020-04-20 16:28:00,3641.6473260866796,0.000623681150782994
2020-04-20 16:29:00,3640.3380121109403,0.00064610833041853
2020-04-20 16:30:00,3634.6194470795745,0.0006596703776266671
2020-04-20 16:31:00,3637.4093856723775,0.0006380205141685603
2020-04-20 16:32:00,3632.997844290071,0.0006324839444048754
2020-04-20 16:33:00,3633.721205468716,0.0006423739659021234
2020-04-20 16:34:00,3630.5083235937404,0.0006400908996747037
2020-04-20 16:35:00,3630.8075689012535,0.0006158125096683385
2020-04-20 16:36:00,3629.7002787888623,0.0006206369289182687
2020-04-20 16:37:00,3625.284470248836,0.0006211067725299369
2020-04-20 16:38:00,3624.851790289417,0.000637485307959873
2020-04-20 16:39:00,3626.17814532248,0.0006415963993311597
2020-04-20 16:40:00,3624.1387018866717,0.0006576022987354473
2020-04-20 16:41:00,3624.4680577085783,0.0006145569059423374
2020-04-20 16:42:00,3625.4882028181055,0.0006328984050916869
2020-04-20 16:43:00,3624.873166816002,0.0006079169962923192
2020-04-20 16:44:00,3625.978857288592,0.0006094212792378418
2020-04-20 16:45:00,3623.9759407113884,0.0006178235725837504
2020-04-20 16:46:00,3625.06755632529,0.0005978086289306888
2020-04-20 16:47:00,3624.710932015918,0.0005821965854824286
2020-04-20 16:48:00,3624.176082550711,0.000585653389289976
2020-04-20 16:49:00,3624.0132366004495,0.0005961703523757811
2020-04-20 16:50:00,3629.0251677682,0.0006239803848784452
2020-04-20 16:51:00,3625.1788737991737,0.0006090813572943208
2020-04-20 16:52:00,3628.1146984358875,0.0006457616202718717
2020-04-20 16:53:00,3628.723895644725,0.0006465932035523182
2020-04-20 16:54:00,3629.649942163877,0.000674559325071772
2020-04-20 16:55:00,3626.2861580665763,0.0006626461316922026
2020-04-20 16:56:00,3627.1911887492884,0.0006092490355002483
2020-04-20 16:57:00,3623.7858774480055,0.0006181210906651014
2020-04-20 16:58:00,3626.6419071916366,0.0006039946562400026
2020-04-20 16:59:00,3627.339314843254,0.0006138917850292665
2020-04-20 17:00:00,3627.27861509053,0.0006319535146151871
2020-04-20 17:01:00,3624.5135775898048,0.000623516784280064
2020-04-20 17:02:00,3624.2734719789178,0.0006226149458705853
2020-04-20 17:03:00,3625.6326123582353,0.0006347913552983897
2020-04-20 17:04:00,3629.557110338551,0.0005990797930476303
2020-04-20 17:05:00,3631.503163717042,0.000604949584541267
2020-04-20 17:06:00,3627.8206895815197,0.0006341975280739539
2020-04-20 17:07:00,3625.7293302381013,0.0006553432029394632
2020-04-20 17:08:00,3624.510811914878,0.000636534640527069
2020-04-20 17:09:00,3628.8724281546524,0.0006627716248104711
2020-04-20 17:10:00,3623.2868408013965,0.0006265556329234876
2020-04-20 17:11:00,3620.7324387516155,0.0006169617248485193
2020-04-20 17:12:00,3624.7286456059637,0.0005645222405729057
2020-04-20 17:13:00,3625.0471203992156,0.0006228111910770776
2020-04-20 17:14:00,3621.9496198354077,0.0006269404273312555
2020-04-20 17:15:00,3620.616636344127,0.0006124928758471492
2020-04-20 17:16:00,3618.469514454843,0.0006193769120811121
2020-04-20 17:17:00,3619.48146369824,0.0006387601223218325
2020-04-20 17:18:00,3623.7150331989615,0.0006439093487546024
2020-04-20 17:19:00,3622.9011461143314,0.0006651354142924188
2020-04-20 17:20:00,3625.8462424719387,0.0006619416690805472
2020-04-20 17:21:00,3624.7487910242667,0.0006410725625919977
2020-04-20 17:22:00,3627.6576147060364,0.0006096187645382483
2020-04-20 17:23:00,3624.9082417476525,0.000609413552800409
2020-04-20 17:24:00,3624.075772389519,0.000633169481540929
2020-04-20 17:25:00,3625.1962746796935,0.0006169393808584505
2020-04-20 17:26:00,3626.3373400821433,0.000559204792462275
2020-04-20 17:27:00,3624.982750281779,0.0005341951592391512
2020-04-20 17:28:00,3623.5144999717236,0.0005322401634136585
2020-04-20 17:29:00,3627.748674501085,0.0005693616859854485
2020-04-20 17:30:00,3633.3162205486174,0.0005662453017616786
2020-04-20 17:31:00,3629.3806941249163,0.0006115525621583573
2020-04-20 17:32:00,3629.371023109498,0.00057101671694338
2020-04-20 17:33:00,3629.113296368675,0.0005509251231544406
2020-04-20 17:34:00,3627.369785679909,0.0005451583725391492
2020-04-20 17:35:00,3628.7070977825833,0.0005292802125892559
2020-04-20 17:36:00,3630.3838267811525,0.0005023183104824208
2020-04-20 17:37:00,3630.9636285972138,0.0005168608639956118
2020-04-20 17:38:00,3631.5341720625465,0.0005816430412299123
2020-04-20 17:39:00,3633.0996036544034,0.0005614422047490452
2020-04-20 17:40:00,3633.10408950847,0.0005705044668937062
2020-04-20 17:41:00,3633.988085893626,0.0005619815964647174
2020-04-20 17:42:00,3639.804842686266,0.0006016072209037246
2020-04-20 17:43:00,3635.9069810905476,0.0005514950414208437
2020-04-20 17:44:00,3637.496896419312,0.0005787904017805068
2020-04-20 17:45:00,3635.046520551716,0.0005940807838618895
2020-04-20 17:46:00,3633.8880737463783,0.0005499091315474101
2020-04-20 17:47:00,3632.267457784569,0.0005641667884329829
2020-04-20 17:48:00,3628.085040979149,0.0005141109317308799
2020-04-20 17:49:00,3627.0059443873292,0.0005364470209694302
2020-04-20 17:50:00,3624.97893696554,0.000554614027758141
2020-04-20 17:51:00,3623.75557355886,0.0005496759998039814
2020-04-20 17:52:00,3623.3742303307276,0.0005730109522456687
2020-04-20 17:53:00,3618.8648486478587,0.0005538107526451022
2020-04-20 17:54:00,3618.669120837286,0.0005787137476516302
2020-04-20 17:55:00,3621.0803601629914,0.000570611973196233
2020-04-20 17:56:00,3618.214401276758,0.0005819232799406999
2020-04-20 17:57:00,3618.268301463334,0.0006206543391049882
2020-04-20 17:58:00,3622.2515858266042,0.0005909980430873606
2020-04-20 17:59:00,3622.7339941677683,0.0005732904518160695
2020-04-20 18:00:00,3626.8091101426676,0.0005870687795234256
2020-04-20 18:01:00,3625.1970730599173,0.0005985720528059103
2020-04-20 18:02:00,3626.096401021975,0.0005931976419412405
2020-04-20 18:03:00,3622.2657999934463,0.0005892138474779228
2020-04-20 18:04:00,3620.747023194401,0.0006061278876104844
2020-04-20 18:05:00,3620.4502831963473,0.0006108833241197026
2020-04-20 18:06:00,3621.554309242016,0.0006129775146546557
2020-04-20 18:07:00,3622.4262653765954,0.0006159876342819175
2020-04-20 18:08:00,3620.5856783907716,0.0006066822439188174
2020-04-20 18:09:00,3623.6452064538853,0.0005892075166021107
2020-04-20 18:10:00,3628.81053987663,0.0006175522062824496
2020-04-20 18:11:00,3633.043737436615,0.000618827315830688
2020-04-20 18:12:00,3633.3059725888406,0.0006191128246416284
2020-04-20 18:13:00,3636.0302924010675,0.0006351207513300357
2020-04-20 18:14:00,3638.001196167851,0.0006052303186826275
2020-04-20 18:15:00,3636.1488856202814,0.0006389784930491897
2020-04-20 18:16:00,3634.9424147050513,0.0006378231115907911
2020-04-20 18:17:00,3632.316568503168,0.0006438516097702052
2020-04-20 18:18:00,3633.6706189962515,0.0006486994626654927
2020-04-20 18:19:00,3634.1964232022506,0.0006253303334158444
2020-04-20 18:20:00,3633.2693947957637,0.0006368433551748864
2020-04-20 18:21:00,3633.6900080211058,0.000676288722720799
2020-04-20 18:22:00,3633.8793826587857,0.0006494199256881184
2020-04-20 18:23:00,3636.4166591705543,0.0006480421083625261
2020-04-20 18:24:00,3636.7699649465667,0.0007057243097625923
2020-04-20 18:25:00,3635.9276742117913,0.0007143688014006486
2020-04-20 18:26:00,3637.4437649793763,0.0007012150844585092
2020-04-20 18:27:00,3641.8662800935404,0.0007265607951688161
2020-04-20 18:28:00,3639.7433410434187,0.0007509510380689671
2020-04-20 18:29:00,3638.6922319522514,0.0007686405635914894
2020-04-20 18:30:00,3640.4293030508184,0.0008218296969683517
2020-04-20 18:31:00,3636.8952919214116,0.0007723817659472049
2020-04-20 18:32:00,3642.5839247055364,0.0007506024805786649
2020-04-20 18:33:00,3642.9762656058047,0.0008191708806813212
2020-04-20 18:34:00,3643.6802226149293,0.0008416242100934082
2020-04-20 18:35:00,3640.398568166307,0.0008342258728805362
2020-04-20 18:36:00,3639.3673882150724,0.0008481820675438389
2020-04-20 18:37:00,3636.587778584767,0.000873228172930771
2020-04-20 18:38:00,3635.450253108823,0.000805140054314368
2020-04-20 18:39:00,3638.7921645581937,0.0008143886380410637
2020-04-20 18:40:00,3640.174159894424,0.0007683013342549401
2020-04-20 18:41:00,3641.739659622349,0.0008061851565274489
2020-04-20 18:42:00,3643.2516033093852,0.0007332551354657064
2020-04-20 18:43:00,3644.1783731565474,0.0007019460319556262
2020-04-20 18:44:00,3642.5034267366914,0.0007370817169708529
2020-04-20 18:45:00,3641.39561219957,0.0007200222019619212
2020-04-20 18:46:00,3642.1310589890763,0.0006533447149200968
2020-04-20 18:47:00,3633.499550632367,0.0006213464299875632
2020-04-20 18:48:00,3633.7224496011268,0.0006161226130285409
2020-04-20 18:49:00,3628.93508341853,0.0006377895597497006
2020-04-20 18:50:00,3626.673846458835,0.0006537588207942103
2020-04-20 18:51:00,3625.449460993247,0.0006427405356851346
2020-04-20 18:52:00,3626.4166367131993,0.0006810469496083026
2020-04-20 18:53:00,3625.8650573103037,0.0007163391012913832
2020-04-20 18:54:00,3629.747079785466,0.0007328440789543168
2020-04-20 18:55:00,3634.4841885213054,0.0006752377894705698
2020-04-20 18:56:00,3631.1499921317763,0.0006688604137931086
2020-04-20 18:57:00,3633.45848558711,0.0006579688105462962
2020-04-20 18:58:00,3631.304572080991,0.000690760061470854
2020-04-20 18:59:00,3634.6387841419264,0.0006675216148803815
2020-04-20 19:00:00,3633.3042284240005,0.0006534091686724031
2020-04-20 19:01:00,3633.4378512336543,0.0005984708504578213
2020-04-20 19:02:00,3631.3473610038454,0.0005699664732115984
2020-04-20 19:03:00,3628.223024474091,0.0005824553364038079
2020-04-20 19:04:00,3624.362736377683,0.0005982554727310155
2020-04-20 19:05:00,3626.942327230405,0.0005889503019515872
2020-04-20 19:06:00,3625.627820236723,0.0005925459226677173
2020-04-20 19:07:00,3628.28071872549,0.0005978724423362591
2020-04-20 19:08:00,3626.38279060605,0.0006139907042785252
2020-04-20 19:09:00,3625.3778608629696,0.0006029023451794474
2020-04-20 19:10:00,3626.712848585653,0.0006068653177171346
2020-04-20 19:11:00,3626.0645248082806,0.0006082210686034089
2020-04-20 19:12:00,3625.7097418191147,0.0005670584198457243
2020-04-20 19:13:00,3626.285096523332,0.0005450037347276265
2020-04-20 19:14:00,3624.7400285761473,0.0005623150726670056
2020-04-20 19:15:00,3625.1796769833095,0.0005709696462534714
2020-04-20 19:16:00,3627.8532343283255,0.000553518154719662
2020-04-20 19:17:00,3629.516720745211,0.0005291966118474299
2020-04-20 19:18:00,3625.919501888268,0.000502902314977985
2020-04-20 19:19:00,3623.4318705199807,0.0005078671196987763
2020-04-20 19:20:00,3625.7476151534843,0.0005061889557280413
2020-04-20 19:21:00,3623.731768081984,0.00046557828848086286
2020-04-20 19:22:00,3623.8692333620893,0.0004579589909791139
2020-04-20 19:23:00,3621.6425803603324,0.0004575899304949889
2020-04-20 19:24:00,3616.5656683519305,0.0004824862741783786
2020-04-20 19:25:00,3616.5612163496044,0.0005113522400733511
2020-04-20 19:26:00,3614.4406422030247,0.0004917722653728141
2020-04-20 19:27:00,3614.6200019730813,0.00046115881403093693
2020-04-20 19:28:00,3614.2661296548017,0.00045642626102354415
2020-04-20 19:29:00,3612.5731803788535,0.0004985843423632487
2020-04-20 19:30:00,3613.46820021719,0.0005232902095178296
2020-04-20 19:31:00,3616.153013630165,0.0005286105026915043
2020-04-20 19:32:00,3616.516463417738,0.00047854890922678276
2020-04-20 19:33:00,3617.09487641425,0.00046224414020768395
2020-04-20 19:34:00,3618.8048642307976,0.0004397935833179147
2020-04-20 19:35:00,3617.9984027053256,0.00043536394575561583
2020-04-20 19:36:00,3621.01308473908,0.00040325342303999687
2020-04-20 19:37:00,3620.243291534169,0.0004064032735697367
2020-04-20 19:38:00,3621.134140277806,0.00039554634421258333
2020-04-20 19:39:00,3619.8445963809577,0.00037945233419810854
2020-04-20 19:40:00,3618.173112928121,0.00038296577980244216
2020-04-20 19:41:00,3618.359375885904,0.00036922795924374766
2020-04-20 19:42:00,3619.6241081788535,0.0003436966498262841
2020-04-20 19:43:00,3619.752950648465,0.0003618327600692102
2020-04-20 19:44:00,3619.6133410715847,0.00034549420432916823
2020-04-20 19:45:00,3618.658555846645,0.0003557801680040226
2020-04-20 19:46:00,3617.4494651907476,0.00034175248208941046
2020-04-20 19:47:00,3618.2887906590145,0.0003320094127476947
2020-04-20 19:48:00,3618.3308092156476,0.00031567818691851865
2020-04-20 19:49:00,3617.2086359674136,0.0003321487877787161
2020-04-20 19:50:00,3615.0904287339035,0.0003443967816262922
2020-04-20 19:51:00,3615.9318193276426,0.00035169423673745033
2020-04-20 19:52:00,3614.1797434100927,0.0003697796946725858
2020-04-20 19:53:00,3612.4717335935998,0.0003795043078605576
2020-04-20 19:54:00,3611.7215438432354,0.0003750459409497857
2020-04-20 19:55:00,3610.863771471357,0.00039732455386950745
2020-04-20 19:56:00,3610.412289370221,0.0003826175933263674
2020-04-20 19:57:00,3609.1988930340553,0.0003579921741718461
2020-04-20 19:58:00,3611.0303490777196,0.00035651632398802204
2020-04-20 19:59:00,3611.877687465694,0.00036460596943974636
2020-04-21 13:30:00,3560.3436849725376,0.00036593122861552316
2020-04-21 13:31:00,3559.47043108449,0.0003624970899363461
2020-04-21 13:32:00,3560.278398334263,0.0003778896291356217
2020-04-21 13:33:00,3558.7913086034655,0.0003862599379954177
2020-04-21 13:34:00,3558.8923168090378,0.00035627243457243455
2020-04-21 13:35:00,3558.0560858173912,0.00038771450551723256
2020-04-21 13:36:00,3559.5476482707872,0.00038256041784634335
2020-04-21 13:37:00,3557.2644942230677,0.00037794096908388026
2020-04-21 13:38:00,3557.8826735374246,0.0003877694387329245
2020-04-21 13:39:00,3558.6889844769053,0.00038876803929395817
2020-04-21 13:40:00,3556.5261491321003,0.00038848329222542784
2020-04-21 13:41:00,3557.274192318651,0.00036638829619280123
2020-04-21 13:42:00,3556.6175943879553,0.0003563361641208555
2020-04-21 13:43:00,3556.6752473459924,0.0003289322986625692
2020-04-21 13:44:00,3557.0147458764504,0.00032813128876306143
2020-04-21 13:45:00,3556.6749301906934,0.00034119828460881337
2020-04-21 13:46:00,3555.6483958562403,0.0003429748357341559
2020-04-21 13:47:00,3554.783296048653,0.00035505746691601755
2020-04-21 13:48:00,3553.7063815844103,0.00033511831451522633
2020-04-21 13:49:00,3554.1570624693272,0.00033965351936647055
2020-04-21 13:50:00,3553.4141191328204,0.0003205066671528022
2020-04-21 13:51:00,3553.6807606869925,0.00032019996713348166
2020-04-21 13:52:00,3554.4358779874756,0.00031609923983433986
2020-04-21 13:53:00,3555.924562635912,0.00029975600461522447
2020-04-21 13:54:00,3556.5574086242464,0.0003021054698123688
2020-04-21 13:55:00,3554.2832884382947,0.0003203429195027919
2020-04-21 13:56:00,3555.9676155479146,0.00034746636444170804
2020-04-21 13:57:00,3555.563923726209,0.0003308764505141409
2020-04-21 13:58:00,3557.8562067427865,0.0003174920821532296
2020-04-21 13:59:00,3559.1166734028334,0.0003096625284096332
2020-04-21 14:00:00,3558.1494688489192,0.0002978004252077892
2020-04-21 14:01:00,3558.540540165658,0.000271382452273995
2020-04-21 14:02:00,3557.838158051649,0.0002682118728426466
2020-04-21 14:03:00,3557.9201228993898,0.00027047576743176305
2020-04-21 14:04:00,3558.8892018574174,0.0002771617932893632
2020-04-21 14:05:00,3559.1131759614573,0.0002753831226177347
2020-04-21 14:06:00,3557.827381060854,0.0002625477983469182
2020-04-21 14:07:00,3557.6698379855593,0.00026630170372054303
2020-04-21 14:08:00,3556.9211360926315,0.0002529775592757485
2020-04-21 14:09:00,3556.213405289613,0.0002522701251979962
2020-04-21 14:10:00,3554.91017700251,0.00025043119019599504
2020-04-21 14:11:00,3554.9068481583327,0.00026017372876280373
2020-04-21 14:12:00,3556.6345011608882,0.00024692535214717253
2020-04-21 14:13:00,3557.241737266299,0.0002630293823904011
2020-04-21 14:14:00,3556.9227782436574,0.0002711858244152693
2020-04-21 14:15:00,3558.130079432721,0.00024743371014244206
2020-04-21 14:16:00,3558.2400475280615,0.00024079530285416956
2020-04-21 14:17:00,3559.308097993714,0.00022763993166584538
2020-04-21 14:18:00,3558.0822183023643,0.00022458774948133411
2020-04-21 14:19:00,3559.0551253706217,0.00023146708965448383
2020-04-21 14:20:00,3561.7231381237984,0.0002393210939503159
2020-04-21 14:21:00,3561.871818526941,0.00024027785642746682
2020-04-21 14:22:00,3561.556231645793,0.00023722910988636773
2020-04-21 14:23:00,3559.4872884077545,0.00023326996710569965
2020-04-21 14:24:00,3558.119638913084,0.0002324063455768482
2020-04-21 14:25:00,3559.47414581134,0.00024118377179333688
2020-04-21 14:26:00,3558.3776621312527,0.00023736097230203556
2020-04-21 14:27:00,3556.8322261679386,0.0002427075443686657
2020-04-21 14:28:00,3558.1347006924148,0.00024018427804945982
2020-04-21 14:29:00,3558.5374815523123,0.00024152424880669106
2020-04-21 14:30:00,3558.985486315216,0.0002465469572424055
2020-04-21 14:31:00,3559.608509045375,0.00022401471848535942
2020-04-21 14:32:00,3558.120750525381,0.00023528775146610515
2020-04-21 14:33:00,3558.326316824093,0.00023354587887608052
2020-04-21 14:34:00,3558.5845554943385,0.000228495706288704
2020-04-21 14:35:00,3559.0906363300187,0.00023974166637077753
2020-04-21 14:36:00,3559.308735543748,0.00023759233474694217
2020-04-21 14:37:00,3559.7916559020123,0.0002368198636972257
2020-04-21 14:38:00,3559.921345301753,0.00025650878147505656
2020-04-21 14:39:00,3559.6135724192577,0.00025296749921609977
2020-04-21 14:40:00,3559.8331236224108,0.0002534533986801079
2020-04-21 14:41:00,3558.6926457014506,0.00027279669209541197
2020-04-21 14:42:00,3560.44463977623,0.0003111267981419955
2020-04-21 14:43:00,3559.724248902634,0.00031955517719818013
2020-04-21 14:44:00,3562.051801105337,0.0003318768355450499
2020-04-21 14:45:00,3561.083527954164,0.00034294776486749776
2020-04-21 14:46:00,3561.900139885308,0.00033833188054049857
2020-04-21 14:47:00,3562.5793146900664,0.0003664874612721202
2020-04-21 14:48:00,3561.8024518119864,0.0003750534988545072
2020-04-21 14:49:00,3562.572458469957,0.0003837702395709073
2020-04-21 14:50:00,3563.9430783137886,0.0004004180480175218
2020-04-21 14:51:00,3566.0805372895993,0.0004477861206870062
2020-04-21 14:52:00,3568.1209745762253,0.0004621750166756393
2020-04-21 14:53:00,3567.794658241749,0.0004573262018111013
2020-04-21 14:54:00,3568.443177388733,0.0004532121818961108
2020-04-21 14:55:00,3570.21974485442,0.0004468816358264757
2020-04-21 14:56:00,3568.025757637887,0.0004448332812445233
2020-04-21 14:57:00,3569.5598069761763,0.00045948996979415665
2020-04-21 14:58:00,3571.294864745414,0.00048872671121457
2020-04-21 14:59:00,3570.7779484328935,0.0005108418872096653
2020-04-21 15:00:00,3571.7516968483824,0.0004881410417997253
2020-04-21 15:01:00,3573.795925666625,0.00048661665428139576
2020-04-21 15:02:00,3571.555727432655,0.0004645175997817758
2020-04-21 15:03:00,3572.206265276524,0.0004733568371806952
2020-04-21 15:04:00,3574.5072019633776,0.0004718902708902915
2020-04-21 15:05:00,3574.516022930435,0.0004445108046752345
2020-04-21 15:06:00,3574.2963920685647,0.00046040602813369563
2020-04-21 15:07:00,3577.165190486003,0.0004608034887680918
2020-04-21 15:08:00,3576.0810644835647,0.0004629906287527308
2020-04-21 15:09:00,3576.744174727094,0.000457998486431629
2020-04-21 15:10:00,3572.542578645343,0.0004569043529796314
2020-04-21 15:11:00,3573.7641839153835,0.0004622456085896473
2020-04-21 15:12:00,3575.209924610746,0.0004597201968936667
2020-04-21 15:13:00,3575.0317744959425,0.0004503615646946693
2020-04-21 15:14:00,3573.2959848684172,0.0004675299500981095
2020-04-21 15:15:00,3570.492902863456,0.00048778865909362935
2020-04-21 15:16:00,3574.977997082159,0.0004905240109713623
2020-04-21 15:17:00,3574.197894702692,0.0005072158627435901
2020-04-21 15:18:00,3574.8469317079052,0.0004992308609687182
2020-04-21 15:19:00,3574.5207406198456,0.0005072391088305358
2020-04-21 15:20:00,3574.6983013928584,0.0004941391634506728
2020-04-21 15:21:00,3575.510302738818,0.000518222744585248
2020-04-21 15:22:00,3578.5640930158415,0.0005440783201338065
2020-04-21 15:23:00,3576.7721720688432,0.0005468603011659209
2020-04-21 15:24:00,3576.793771674771,0.0005362735962910914
2020-04-21 15:25:00,3575.734601574503,0.000562152789121981
2020-04-21 15:26:00,3578.234122804419,0.00053210091457125
2020-04-21 15:27:00,3579.1838481583172,0.0005351125326347321
2020-04-21 15:28:00,3579.4178093110477,0.00047973587419505674
2020-04-21 15:29:00,3581.3151198758974,0.00046609834856985497
2020-04-21 15:30:00,3581.084433540178,0.0004948213546083193
2020-04-21 15:31:00,3577.3159764708994,0.0005190530080898468
2020-04-21 15:32:00,3574.549794863132,0.0005293613320944
2020-04-21 15:33:00,3577.1359665995506,0.0005351400354597321
2020-04-21 15:34:00,3577.473778111943,0.0005318453230461703
2020-04-21 15:35:00,3576.609213944911,0.0005631458928881528
2020-04-21 15:36:00,3578.1467145798,0.0005584473885111494
2020-04-21 15:37:00,3580.0930069301103,0.0005549138035909684
2020-04-21 15:38:00,3582.442374201737,0.0005361749395855402
2020-04-21 15:39:00,3580.7346960834793,0.0005241432317417429
2020-04-21 15:40:00,3580.67669066448,0.0005251981235987033
2020-04-21 15:41:00,3583.9652569735367,0.0005097731929748032
2020-04-21 15:42:00,3583.2563714030985,0.0004855701791215448
2020-04-21 15:43:00,3584.3945934779654,0.0004999178468087416
2020-04-21 15:44:00,3584.4749007960736,0.0005582908970070408
2020-04-21 15:45:00,3584.1178819401466,0.0005615502270812104
2020-04-21 15:46:00,3584.143710740786,0.0005969953672775187
2020-04-21 15:47:00,3583.283654373675,0.000617685089369628
2020-04-21 15:48:00,3585.3133403834836,0.0006620875375592596
2020-04-21 15:49:00,3585.681091654923,0.0006523165508521134
2020-04-21 15:50:00,3580.9976773759086,0.0006239488259795363
2020-04-21 15:51:00,3583.6880777347983,0.0006415924749417767
2020-04-21 15:52:00,3578.990971125593,0.0006692795532745333
2020-04-21 15:53:00,3579.2249476333914,0.0006471226487012739
2020-04-21 15:54:00,3577.088388467071,0.0005930189008943951
2020-04-21 15:55:00,3579.3924487123268,0.0006133364638552381
2020-04-21 15:56:00,3581.704906040846,0.0006327547629579193
2020-04-21 15:57:00,3579.6751701198077,0.0006707115488551947
2020-04-21 15:58:00,3581.000642360674,0.0006901507834932538
2020-04-21 15:59:00,3582.8089881004707,0.0006906147999957296
2020-04-21 16:00:00,3581.61392187503,0.0006439819258691712
2020-04-21 16:01:00,3584.5347606685996,0.000636729336044627
2020-04-21 16:02:00,3585.1700356033807,0.0006406073726773438
2020-04-21 16:03:00,3582.9279811521783,0.0007174357849877086
2020-04-21 16:04:00,3585.5649430758317,0.0007875199815237849
2020-04-21 16:05:00,3589.8750310098108,0.0008340558352668603
2020-04-21 16:06:00,3588.0712517183983,0.0007541732584068074
2020-04-21 16:07:00,3592.1381319108687,0.000775370369962716
2020-04-21 16:08:00,3589.180695779027,0.000807262648795606
2020-04-21 16:09:00,3587.2968724264715,0.0007794436327377392
2020-04-21 16:10:00,3587.5988476257457,0.0007843834026265511
2020-04-21 16:11:00,3585.3752986353115,0.0007614065638356608
2020-04-21 16:12:00,3581.2384984860723,0.0008357789350415166
2020-04-21 16:13:00,3580.7430879670537,0.0008754142208564936
2020-04-21 16:14:00,3581.284929867689,0.0009526973421538523
2020-04-21 16:15:00,3580.0964783240324,0.0009498750473509911
2020-04-21 16:16:00,3583.710286335392,0.0009181887663385875
2020-04-21 16:17:00,3588.864278704915,0.0009001019774348607
2020-04-21 16:18:00,3587.1633233372563,0.00085420094338522
2020-04-21 16:19:00,3582.4141587355334,0.0008040802901329541
2020-04-21 16:20:00,3579.5913101606147,0.0008127039062703852
2020-04-21 16:21:00,3577.427256430334,0.0007749540718952631
2020-04-21 16:22:00,3575.692728223264,0.0007690146583088269
2020-04-21 16:23:00,3573.157085637701,0.0008129897180656384
2020-04-21 16:24:00,3575.536359261999,0.0007761925253195178
2020-04-21 16:25:00,3581.778511272749,0.000738871907013951
2020-04-21 16:26:00,3582.877835721192,0.0007259931814372166
2020-04-21 16:27:00,3584.0702925689375,0.0006870141376267675
2020-04-21 16:28:00,3578.095374556703,0.0007397779456842518
2020-04-21 16:29:00,3576.9438598363013,0.0007583853886189027
2020-04-21 16:30:00,3574.124842640339,0.0007256052365381181
2020-04-21 16:31:00,3574.766406193659,0.0007259282583096152
2020-04-21 16:32:00,3575.6228881361235,0.0007562307204098431
2020-04-21 16:33:00,3577.1808552736425,0.0007669567278908383
2020-04-21 16:34:00,3579.2861670097286,0.0007623418738232654
2020-04-21 16:35:00,3577.967360117752,0.0007690837500006993
2020-04-21 16:36:00,3577.4192148869824,0.0007673301802648553
2020-04-21 16:37:00,3579.7235164527838,0.0008000246811757624
2020-04-21 16:38:00,3586.0284348232703,0.0007773542046666989
2020-04-21 16:39:00,3584.8811478947387,0.0008058208024203668
2020-04-21 16:40:00,3581.078788775506,0.0008212235947249837
2020-04-21 16:41:00,3583.116767148637,0.0008223921172572075
2020-04-21 16:42:00,3582.2806021767487,0.000782264940531129
2020-04-21 16:43:00,3583.3309938168923,0.0007495977421909685
2020-04-21 16:44:00,3583.464007440719,0.0007255880647476749
2020-04-21 16:45:00,3584.904282846392,0.0007502209467465733
2020-04-21 16:46:00,3583.4060712407736,0.0007059335731687541
2020-04-21 16:47:00,3583.267361222724,0.0007280794874055814
2020-04-21 16:48:00,3586.3085424311494,0.0006992914480476932
2020-04-21 16:49:00,3586.6109672242105,0.0007031514530321548
2020-04-21 16:50:00,3587.957064460211,0.0007070718630945811
2020-04-21 16:51:00,3589.122503645831,0.0007200500195837073
2020-04-21 16:52:00,3592.0720842085584,0.0006420520736596954
2020-04-21 16:53:00,3588.1955035755086,0.0006182155460054154
2020-04-21 16:54:00,3589.9513246937945,0.0006140935175846934
2020-04-21 16:55:00,3591.8547693813152,0.0005843696411898869
2020-04-21 16:56:00,3591.7424154182286,0.0005658454885101227
2020-04-21 16:57:00,3589.4375254942315,0.0005491977945721838
2020-04-21 16:58:00,3590.6465358475443,0.0005533631346934695
2020-04-21 16:59:00,3590.1347295890973,0.0005450972193543674
2020-04-21 17:00:00,3588.347220230531,0.0005062152143320493
2020-04-21 17:01:00,3587.9144382353584,0.0004942716340492231
2020-04-21 17:02:00,3587.9225661709665,0.0005409485344181636
2020-04-21 17:03:00,3584.758902755962,0.0005424363307546961
2020-04-21 17:04:00,3586.374449357776,0.0005644936956872424
2020-04-21 17:05:00,3584.8303838131733,0.000508670657538959
2020-04-21 17:06:00,3587.402469013251,0.000579841007696688
2020-04-21 17:07:00,3584.150271580346,0.0005715279533751573
2020-04-21 17:08:00,3581.8650361052783,0.0005787231396022278
2020-04-21 17:09:00,3579.892551225089,0.0005564296285983139
2020-04-21 17:10:00,3586.4298155965053,0.0005519397394797215
2020-04-21 17:11:00,3589.5362404974503,0.0005471308986839793
2020-04-21 17:12:00,3588.959742487709,0.0005117261687075362
2020-04-21 17:13:00,3586.348569345913,0.0005190151376873307
2020-04-21 17:14:00,3586.0640121323086,0.0005247983104293954
2020-04-21 17:15:00,3587.7219904436915,0.0005356111776020551
2020-04-21 17:16:00,3587.7480613688376,0.0005292943071885369
2020-04-21 17:17:00,3585.23534519746,0.0005268632962592651
2020-04-21 17:18:00,3584.0733703877927,0.0005100615382536864
2020-04-21 17:19:00,3581.923722829136,0.0004918700754108622
2020-04-21 17:20:00,3579.8340106559476,0.000508003611646979
2020-04-21 17:21:00,3582.9892848105633,0.0005290547169381768
2020-04-21 17:22:00,3580.600196866195,0.0005120220788005052
2020-04-21 17:23:00,3580.891483392892,0.0005282165275532264
2020-04-21 17:24:00,3581.738624330945,0.0005435217948483618
2020-04-21 17:25:00,3582.2649874778667,0.0005605004281142824
2020-04-21 17:26:00,3579.635328736151,0.0006147802096610491
2020-04-21 17:27:00,3578.662502311517,0.0006089440381637348
2020-04-21 17:28:00,3578.510027610303,0.0006114019698884902
2020-04-21 17:29:00,3578.878456146722,0.0005876032316515678
2020-04-21 17:30:00,3577.7746008538384,0.0006023074954664431
2020-04-21 17:31:00,3575.7721179759956,0.000624119742957581
2020-04-21 17:32:00,3576.465059447424,0.0006055712626274977
2020-04-21 17:33:00,3575.5422917214523,0.0005960314743212109
2020-04-21 17:34:00,3573.561375488231,0.0005544933498049143
2020-04-21 17:35:00,3576.0337868344104,0.0005372259599559277
2020-04-21 17:36:00,3573.5776594088943,0.0005671729868041835
2020-04-21 17:37:00,3572.136580638381,0.0005828718457286465
2020-04-21 17:38:00,3572.2366253653495,0.0005499897884136353
2020-04-21 17:39:00,3574.0626527579625,0.0005193327322594281
2020-04-21 17:40:00,3572.502772469722,0.0005239627454500363
2020-04-21 17:41:00,3571.1789877697033,0.0004914545774048186
2020-04-21 17:42:00,3572.572056304151,0.0005060465724888456
2020-04-21 17:43:00,3572.8639565343947,0.0004799007675965927
2020-04-21 17:44:00,3573.5795295454855,0.00047550240879114307
2020-04-21 17:45:00,3572.380679482502,0.0005011108065265383
2020-04-21 17:46:00,3571.1900820278047,0.0005035957967103142
2020-04-21 17:47:00,3571.23763799906,0.0005198199312864839
2020-04-21 17:48:00,3573.9284917976624,0.0005135294257583935
2020-04-21 17:49:00,3574.7461758262234,0.0005468222174188723
2020-04-21 17:50:00,3573.017264593984,0.0005907044491507269
2020-04-21 17:51:00,3571.942508372102,0.000594794012255427
2020-04-21 17:52:00,3569.1426644015937,0.0006165104681742827
2020-04-21 17:53:00,3570.2845295887855,0.0005976064428008352
2020-04-21 17:54:00,3569.398058538861,0.0005845509731468346
2020-04-21 17:55:00,3569.6189619650477,0.0005863506741479192
2020-04-21 17:56:00,3571.8746941596887,0.0005458734686180858
2020-04-21 17:57:00,3571.3840293621006,0.0005482422625651824
2020-04-21 17:58:00,3567.87005221627,0.0005976822396199999
2020-04-21 17:59:00,3572.4794199624034,0.0006391135418451002
2020-04-21 18:00:00,3572.5858024449262,0.0006325778568173304
2020-04-21 18:01:00,3573.1628919361874,0.0005973591848908661
2020-04-21 18:02:00,3573.6923771796255,0.0005837486987954689
2020-04-21 18:03:00,3573.6687015909174,0.0005850914901230363
2020-04-21 18:04:00,3576.5841532762033,0.0005784763680590823
2020-04-21 18:05:00,3572.9833469349046,0.0005699131204653627
2020-04-21 18:06:00,3571.3211207235227,0.0005898235581473116
2020-04-21 18:07:00,3571.2379291306133,0.0005950963916205829
2020-04-21 18:08:00,3573.5676537875547,0.0005863104599244991
2020-04-21 18:09:00,3574.388580780849,0.000576319741084764
2020-04-21 18:10:00,3574.5734706535895,0.0005571968451368689
2020-04-21 18:11:00,3574.6566071225434,0.0005563527078226807
2020-04-21 18:12:00,3576.9792142627784,0.0005970644513044117
2020-04-21 18:13:00,3576.4363771596363,0.0006094306905427282
2020-04-21 18:14:00,3576.9624338654344,0.0005847075006001562
2020-04-21 18:15:00,3577.12315367423,0.0005906563835892304
2020-04-21 18:16:00,3573.828344495742,0.0005514012449703989
2020-04-21 18:17:00,3575.145533057787,0.0005470960250644303
2020-04-21 18:18:00,3571.197357806507,0.0005113760158413412
2020-04-21 18:19:00,3568.0714174457407,0.000520530549471528
2020-04-21 18:20:00,3565.489509924641,0.0005066240457727351
2020-04-21 18:21:00,3565.6460332428765,0.000507264186627419
2020-04-21 18:22:00,3562.787030216621,0.0005678442167675979
2020-04-21 18:23:00,3563.477800705572,0.0005632386254465589
2020-04-21 18:24:00,3560.6771203444514,0.000570819249275247
2020-04-21 18:25:00,3563.903929970991,0.0005764912464545508
2020-04-21 18:26:00,3565.177212438351,0.0005613621926717405
2020-04-21 18:27:00,3564.998694756456,0.0005638046443037706
2020-04-21 18:28:00,3566.5151172176866,0.0005884206001503489
2020-04-21 18:29:00,3563.5173823539158,0.0005905004611946446
2020-04-21 18:30:00,3562.1414810705614,0.0006068354121742819
2020-04-21 18:31:00,3563.09350613608,0.0006589422637100397
2020-04-21 18:32:00,3557.0935471303205,0.0006695744201974731
2020-04-21 18:33:00,3560.6068858834155,0.000722797775906584
2020-04-21 18:34:00,3561.6081132722597,0.0007407367346290879
2020-04-21 18:35:00,3559.707927996866,0.0007518866157288921
2020-04-21 18:36:00,3558.2138687673614,0.0007011550671525166
2020-04-21 18:37:00,3554.437172624074,0.0007202937896951068
2020-04-21 18:38:00,3555.5724431394447,0.0007945166397489957
2020-04-21 18:39:00,3553.8097017470814,0.0007950888446411397
2020-04-21 18:40:00,3556.9596994486656,0.0007790289602839615
2020-04-21 18:41:00,3554.7071271838536,0.0007721529447490061
2020-04-21 18:42:00,3553.064927986824,0.0008303712136135569
2020-04-21 18:43:00,3554.183257205505,0.0008681548037857692
2020-04-21 18:44:00,3551.9711600449177,0.0008349996262976339
2020-04-21 18:45:00,3553.8526288649077,0.0007912442596585678
2020-04-21 18:46:00,3553.298605475736,0.0008128368459204635
2020-04-21 18:47:00,3554.330883441105,0.0007637245629153987
2020-04-21 18:48:00,3553.3819348434818,0.0007420654696055931
2020-04-21 18:49:00,3553.8818320090722,0.0007372866044929099
2020-04-21 18:50:00,3553.0695423801253,0.0006849519259022279
2020-04-21 18:51:00,3553.8902933316795,0.0007100210714710995
2020-04-21 18:52:00,3553.1428782856024,0.0006885869118904417
2020-04-21 18:53:00,3549.1451864361334,0.0006416330948933547
2020-04-21 18:54:00,3549.414765565999,0.0006671519347055118
2020-04-21 18:55:00,3551.103280402155,0.0006795244425021034
2020-04-21 18:56:00,3547.252339625795,0.0006488667777377527
2020-04-21 18:57:00,3549.248184816052,0.0006438972878008676
2020-04-21 18:58:00,3551.559333940894,0.0006922740231312074
2020-04-21 18:59:00,3549.610717723544,0.0006859180471192258
2020-04-21 19:00:00,3547.6678166105353,0.0006505152022701704
2020-04-21 19:01:00,3549.5532290563824,0.0005962996703398843
2020-04-21 19:02:00,3545.946205193177,0.0006327274391776419
2020-04-21 19:03:00,3545.1868799370204,0.0006273251975379831
2020-04-21 19:04:00,3542.992897025311,0.0006386110689259183
2020-04-21 19:05:00,3540.560668195569,0.0006471626923030278
2020-04-21 19:06:00,3543.1786539506816,0.0006753608033014132
2020-04-21 19:07:00,3541.450419022388,0.0006441174819890956
2020-04-21 19:08:00,3538.918726545256,0.0006126517139165222
2020-04-21 19:09:00,3538.9879444944354,0.0006096850193204182
2020-04-21 19:10:00,3537.062983846535,0.0006256478044416894
2020-04-21 19:11:00,3539.1809705828973,0.0006431563117245792
2020-04-21 19:12:00,3541.7029442318562,0.0006397996979033528
2020-04-21 19:13:00,3536.83859146925,0.0006656151398960893
2020-04-21 19:14:00,3538.0699444068587,0.0006763556328773254
2020-04-21 19:15:00,3536.7435859020516,0.0006814850899981946
2020-04-21 19:16:00,3540.933715219272,0.0007078583906226949
2020-04-21 19:17:00,3544.890148022603,0.0006873587447687352
2020-04-21 19:18:00,3545.999456756286,0.0006969981094795665
2020-04-21 19:19:00,3550.298350447688,0.0006997454043145564
2020-04-21 19:20:00,3550.292916252585,0.0006785373563296989
2020-04-21 19:21:00,3548.685547103274,0.0006490879465558264
2020-04-21 19:22:00,3545.580954229323,0.0006540315825989096
2020-04-21 19:23:00,3547.804515010701,0.0006492091448589419
2020-04-21 19:24:00,3546.3320043528124,0.0006625180578948626
2020-04-21 19:25:00,3543.2727775010653,0.0006398384237252017
2020-04-21 19:26:00,3542.268885214566,0.0005945889500115694
2020-04-21 19:27:00,3543.4783020777586,0.0005593119115120388
2020-04-21 19:28:00,3543.889893928712,0.0006032529182735978
2020-04-21 19:29:00,3542.1034150496225,0.0006040021075357889
2020-04-21 19:30:00,3539.8933773125127,0.0006311161676322636
2020-04-21 19:31:00,3539.7280866621577,0.0006205546767187879
2020-04-21 19:32:00,3539.9742661307414,0.0006064220436260865
2020-04-21 19:33:00,3541.9348529730846,0.0006006289487069698
2020-04-21 19:34:00,3541.772777671388,0.0006136490826123892
2020-04-21 19:35:00,3543.0184705733727,0.0006305542100459307
2020-04-21 19:36:00,3540.599390599513,0.000602481234320443
2020-04-21 19:37:00,3541.5028424535094,0.0005530740930239143
2020-04-21 19:38:00,3543.074936932375,0.0005356220005449972
2020-04-21 19:39:00,3543.8685183337884,0.0005588276855456716
2020-04-21 19:40:00,3541.33244961728,0.0005422609193848418
2020-04-21 19:41:00,3539.540054887539,0.000527390077728186
2020-04-21 19:42:00,3539.8460017936136,0.0005190346477898605
2020-04-21 19:43:00,3537.248121611955,0.0005077900146424064
2020-04-21 19:44:00,3535.6294691377816,0.0004956190131195169
2020-04-21 19:45:00,3535.453224202901,0.0004849153436053802
2020-04-21 19:46:00,3535.9846460359386,0.0004842836178341722
2020-04-21 19:47:00,3535.4150879247454,0.0004761147483768092
2020-04-21 19:48:00,3537.6328546748864,0.0004769717893695065
2020-04-21 19:49:00,3536.6917562133326,0.0005053041614094156
2020-04-21 19:50:00,3532.633021674765,0.00047945291612139793
2020-04-21 19:51:00,3533.2304603493694,0.0004909307129184222
2020-04-21 19:52:00,3531.9014968474457,0.0005286780860356245
2020-04-21 19:53:00,3531.919603168691,0.0005785251516287443
2020-04-21 19:54:00,3529.2020053011242,0.0005628330230766055
2020-04-21 19:55:00,3530.193491879409,0.0005404755092158334
2020-04-21 19:56:00,3529.193451238749,0.0005178603604637097
2020-04-21 19:57:00,3528.9960838653374,0.000516861325857003
2020-04-21 19:58:00,3533.7208439153064,0.0005293927471679323
2020-04-21 19:59:00,3535.430504725941,0.0005421859423171505
