ts,V_smooth,sigma_t
2020-02-24 13:30:00,3387.375000000002,0.0005097744404115578
2020-02-24 13:31:00,3385.9389715358893,0.0005243430096353866
2020-02-24 13:32:00,3385.762011760635,0.0005006532289538112
2020-02-24 13:33:00,3386.377813654161,0.000488492469863525
2020-02-24 13:34:00,3385.91989338096,0.0004943157407595646
2020-02-24 13:35:00,3384.6460552039357,0.000522950943618085
2020-02-24 13:36:00,3385.322664472223,0.000522345287988452
2020-02-24 13:37:00,3383.5573181696323,0.0005448109775649902
2020-02-24 13:38:00,3383.306421733299,0.0005404328476944018
2020-02-24 13:39:00,3384.6359380477893,0.0005660367032527717
2020-02-24 13:40:00,3385.135947001549,0.0005860046026245722
2020-02-24 13:41:00,3384.5223418353785,0.000582536968918988
2020-02-24 13:42:00,3381.9628958202884,0.0005903952485203526
2020-02-24 13:43:00,3383.7360983360495,0.0005743588800891527
2020-02-24 13:44:00,3382.524213551288,0.0006004976690850512
2020-02-24 13:45:00,3384.566183911153,0.0006445276548254375
2020-02-24 13:46:00,3384.6265586278014,0.000635703161238147
2020-02-24 13:47:00,3382.978060660816,0.0006022638717140822
2020-02-24 13:48:00,3382.378181072616,0.000603879662310621
2020-02-24 13:49:00,3378.3744427870593,0.0006170826328889282
2020-02-24 13:50:00,3376.813853498538,0.000580184197828363
2020-02-24 13:51:00,3376.2099291635577,0.0005569797554281296
2020-02-24 13:52:00,3378.6465780663284,0.0005582680497017097
2020-02-24 13:53:00,3379.116048376925,0.0005233790149915333
2020-02-24 13:54:00,3378.963964980677,0.0005486808814884188
2020-02-24 13:55:00,3380.8819425616057,0.0005173673268767633
2020-02-24 13:56:00,3376.858183721332,0.000516860307827119
2020-02-24 13:57:00,3379.0699924196183,0.0005512200023308002
2020-02-24 13:58:00,3377.848293592362,0.0005514093116225278
2020-02-24 13:59:00,3376.1126270824275,0.0006079417158826217
2020-02-24 14:00:00,3378.9223377489093,0.0005475977871592414
2020-02-24 14:01:00,3381.386497011296,0.0005769508151096847
2020-02-24 14:02:00,3379.5915600845096,0.0005632577364400763
2020-02-24 14:03:00,3378.4040193090655,0.0006180288632185621
2020-02-24 14:04:00,3378.3785157085936,0.0005841852561048939
2020-02-24 14:05:00,3378.694939828555,0.0005968240837692218
2020-02-24 14:06:00,3375.4923369787452,0.0006380441601728862
2020-02-24 14:07:00,3377.8118844588375,0.000653006754908688
2020-02-24 14:08:00,3375.664054614429,0.0006374652932261131
2020-02-24 14:09:00,3373.720363303416,0.0006242628848528351
2020-02-24 14:10:00,3375.0425387383953,0.0005809440066315319
2020-02-24 14:11:00,3374.6810447365833,0.0005676820382652733
2020-02-24 14:12:00,3372.8616640330847,0.0005717454550349501
2020-02-24 14:13:00,3374.1645112382453,0.0005659475164379774
2020-02-24 14:14:00,3372.773013814002,0.0005964351488097886
2020-02-24 14:15:00,3374.0874773640166,0.0006200383493594134
2020-02-24 14:16:00,3372.602864618052,0.0006244073108990137
2020-02-24 14:17:00,3373.604771461471,0.0006902876674292738
2020-02-24 14:18:00,3373.6509984560103,0.0006893475509266735
2020-02-24 14:19:00,3372.447753252211,0.0007134474482124155
2020-02-24 14:20:00,3372.9915448708502,0.000655925650444532
2020-02-24 14:21:00,3368.429664598156,0.0006680333820779507
2020-02-24 14:22:00,3364.6529790172603,0.0006624630771747887
2020-02-24 14:23:00,3363.825157741357,0.0006574840140306959
2020-02-24 14:24:00,3364.9999792744084,0.0006774575117757184
2020-02-24 14:25:00,3362.856335477657,0.0007003646962407015
2020-02-24 14:26:00,3366.830841038926,0.0006914628464747361
2020-02-24 14:27:00,3366.7615173342815,0.0006955674555246376
2020-02-24 14:28:00,3366.2028126955693,0.0006759425269684713
2020-02-24 14:29:00,3364.3827363244736,0.0007461454451674762
2020-02-24 14:30:00,3362.2354398258713,0.0007530461071053636
2020-02-24 14:31:00,3359.8710729136887,0.0007366359701565658
2020-02-24 14:32:00,3361.173617764571,0.0007132370654641647
2020-02-24 14:33:00,3357.821998696878,0.0007205972004281243
2020-02-24 14:34:00,3356.6642412977453,0.0007453183351456279
2020-02-24 14:35:00,3355.5076155344514,0.0007392395475028581
2020-02-24 14:36:00,3355.775831269288,0.00069593755397229
2020-02-24 14:37:00,3354.3900400789894,0.0007267999420280453
2020-02-24 14:38:00,3358.5839545060085,0.0007077535288028439
2020-02-24 14:39:00,3356.361750206596,0.0007051405183790217
2020-02-24 14:40:00,3356.000141856185,0.0007193533143325048
2020-02-24 14:41:00,3355.2249678353687,0.0006570411943876088
2020-02-24 14:42:00,3353.497716771628,0.0006450142143911266
2020-02-24 14:43:00,3353.9701917006746,0.0006333675798499274
2020-02-24 14:44:00,3354.2359783949623,0.0006542299817853654
2020-02-24 14:45:00,3352.5506974449017,0.0006355931891671924
2020-02-24 14:46:00,3350.0802232332426,0.0006018449735058091
2020-02-24 14:47:00,3347.623220601201,0.0006302945138079925
2020-02-24 14:48:00,3349.8175868153558,0.000671276054684725
2020-02-24 14:49:00,3349.1449546429944,0.0006622175518135726
2020-02-24 14:50:00,3351.5797033064505,0.0006920662388967873
2020-02-24 14:51:00,3349.4969989680353,0.000640938019103302
2020-02-24 14:52:00,3351.0172669314707,0.0006400677141045615
2020-02-24 14:53:00,3346.811199983829,0.0006627189587969688
2020-02-24 14:54:00,3349.7349353769714,0.0006447761139676536
2020-02-24 14:55:00,3349.1205164946573,0.000655647362932581
2020-02-24 14:56:00,3348.2453720869244,0.0007029598702582532
2020-02-24 14:57:00,3343.78512528418,0.0007317152664062307
2020-02-24 14:58:00,3341.4423579357262,0.0007433057743097423
2020-02-24 14:59:00,3344.7158215967142,0.000759557903009365
2020-02-24 15:00:00,3340.595668478087,0.0007655431318916125
2020-02-24 15:01:00,3347.674235097695,0.0007521513527414815
2020-02-24 15:02:00,3347.524043381095,0.0007633296607145848
2020-02-24 15:03:00,3349.8918207996935,0.0007672524081309231
2020-02-24 15:04:00,3351.2767225310904,0.0007438763397567405
2020-02-24 15:05:00,3354.21242961902,0.0007520472050422473
2020-02-24 15:06:00,3354.686837937293,0.0007535611870551638
2020-02-24 15:07:00,3357.1663572801817,0.0007364643703288179
2020-02-24 15:08:00,3358.0683881923005,0.0006874823621176699
2020-02-24 15:09:00,3357.6418061325735,0.0006823486688912107
2020-02-24 15:10:00,3355.408570260152,0.0006936181127253626
2020-02-24 15:11:00,3356.1890371518716,0.0006717109163923118
2020-02-24 15:12:00,3357.093551563359,0.0007099015268629069
2020-02-24 15:13:00,3352.3372559691225,0.0006570003807239824
2020-02-24 15:14:00,3352.2752699124007,0.0006554632778269758
2020-02-24 15:15:00,3350.0610567290305,0.0006668795362883458
2020-02-24 15:16:00,3350.31374337725,0.000678039066075897
2020-02-24 15:17:00,3354.2191510401794,0.000702523822186242
2020-02-24 15:18:00,3351.8492340040516,0.0007339988675499836
2020-02-24 15:19:00,3350.7749121336033,0.0007486476261300758
2020-02-24 15:20:00,3348.9796371778366,0.0007481511507534094
2020-02-24 15:21:00,3350.4748389762835,0.0007309169104079286
2020-02-24 15:22:00,3346.397327887474,0.0008056500159466238
2020-02-24 15:23:00,3345.8841645220346,0.0008088239656971716
2020-02-24 15:24:00,3347.2494117468696,0.0007931500536669929
2020-02-24 15:25:00,3347.8584731149676,0.000757333233084574
2020-02-24 15:26:00,3348.6123983551665,0.0007843814896197178
2020-02-24 15:27:00,3346.646144617546,0.0007491495511404683
2020-02-24 15:28:00,3345.9509142343873,0.00072730972004051
2020-02-24 15:29:00,3342.2989722758475,0.000731610087657491
2020-02-24 15:30:00,3339.9702901372375,0.0007220650641792479
2020-02-24 15:31:00,3341.066033391864,0.0007206071978204477
2020-02-24 15:32:00,3343.0135486817744,0.000682078989119302
2020-02-24 15:33:00,3343.02899351312,0.0006543154408312257
2020-02-24 15:34:00,3344.2809568421317,0.0006630520741187786
2020-02-24 15:35:00,3346.0603549761813,0.0006588828038213226
2020-02-24 15:36:00,3347.5434743089772,0.0006487462256153699
2020-02-24 15:37:00,3346.8371016269607,0.0006753130803618319
2020-02-24 15:38:00,3346.2679191811512,0.0007109287664562158
2020-02-24 15:39:00,3348.1325221872894,0.0006565586727551313
2020-02-24 15:40:00,3347.60158533791,0.0006542473766055009
2020-02-24 15:41:00,3346.6789820202403,0.0006522201266393148
2020-02-24 15:42:00,3346.1214847165793,0.0006553584042859812
2020-02-24 15:43:00,3345.9082324919295,0.0006120861266112666
2020-02-24 15:44:00,3345.8677331131307,0.0005717168114460954
2020-02-24 15:45:00,3346.2802115338945,0.0005655891444076318
2020-02-24 15:46:00,3346.544405091517,0.0005029151176677906
2020-02-24 15:47:00,3344.1309277508058,0.0004796726962844917
2020-02-24 15:48:00,3345.696769718353,0.00048513699013339026
2020-02-24 15:49:00,3346.9594520530136,0.000480522405081737
2020-02-24 15:50:00,3346.9448376032965,0.0005189009623290567
2020-02-24 15:51:00,3347.7252330028846,0.0005030342993696448
2020-02-24 15:52:00,3348.641443215479,0.0005297081247192494
2020-02-24 15:53:00,3348.6392476736837,0.000516660954653828
2020-02-24 15:54:00,3345.9722417928424,0.0004890445853390215
2020-02-24 15:55:00,3346.9641109775216,0.0004769700261073013
2020-02-24 15:56:00,3347.433740651204,0.0005040009222196848
2020-02-24 15:57:00,3347.356422110094,0.0005236986290716624
2020-02-24 15:58:00,3348.5809080953322,0.0005233653071620945
2020-02-24 15:59:00,3348.9449993748794,0.0005351442929807834
2020-02-24 16:00:00,3349.743944330071,0.0005326251805589855
2020-02-24 16:01:00,3349.8053748043408,0.0004585434249382028
2020-02-24 16:02:00,3351.0167455794576,0.0004701485126628903
2020-02-24 16:03:00,3349.301081233548,0.00046171451001131877
2020-02-24 16:04:00,3348.857408781885,0.000443482431596377
2020-02-24 16:05:00,3348.6610146488665,0.0004229931930771206
2020-02-24 16:06:00,3347.592010130476,0.0004039908630788051
2020-02-24 16:07:00,3348.465007863473,0.00041328316338686965
2020-02-24 16:08:00,3349.565150056943,0.0003816009718655883
2020-02-24 16:09:00,3347.608507965453,0.0003837826534527385
2020-02-24 16:10:00,3347.073000176835,0.0003876652717424444
2020-02-24 16:11:00,3346.191602710512,0.00035913626043833943
2020-02-24 16:12:00,3346.113019079032,0.0003534631346826871
2020-02-24 16:13:00,3346.6129272882913,0.0003641106197843925
2020-02-24 16:14:00,3349.71798260391,0.0003769540045921191
2020-02-24 16:15:00,3349.6127295196256,0.0003721042926324688
2020-02-24 16:16:00,3350.2978662862492,0.00037757020785588667
2020-02-24 16:17:00,3347.936447608976,0.00040070243125673026
2020-02-24 16:18:00,3347.856742264282,0.00041277782443234034
2020-02-24 16:19:00,3345.986203560288,0.0004163658693710133
2020-02-24 16:20:00,3347.2619493776992,0.0004202782459610385
2020-02-24 16:21:00,3346.6762079794803,0.00044184093433410866
2020-02-24 16:22:00,3349.0148903601043,0.00048296468042060566
2020-02-24 16:23:00,3349.808085202513,0.0005331245172949319
2020-02-24 16:24:00,3349.069948697107,0.0005223543517546079
2020-02-24 16:25:00,3347.53552019239,0.0005467110027350796
2020-02-24 16:26:00,3342.882005915738,0.0005600962731260839
2020-02-24 16:27:00,3340.971838667434,0.0005689558488674474
2020-02-24 16:28:00,3340.9010699821374,0.000557154601451848
2020-02-24 16:29:00,3341.794939358863,0.0005775372045256276
2020-02-24 16:30:00,3339.4712565815084,0.0005926940457869895
2020-02-24 16:31:00,3338.6670057959163,0.0006101175998391277
2020-02-24 16:32:00,3340.1459458492377,0.000646180602691551
2020-02-24 16:33:00,3340.3366782148437,0.0006793816988552995
2020-02-24 16:34:00,3339.1441061422547,0.0006812555082544338
2020-02-24 16:35:00,3339.8547397303378,0.0006655185300857378
2020-02-24 16:36:00,3339.21716636074,0.0007383501890027939
2020-02-24 16:37:00,3342.1056725006088,0.0007885826439413359
2020-02-24 16:38:00,3341.9632663770203,0.0008434823388666575
2020-02-24 16:39:00,3342.9863172135765,0.0008192890877404133
2020-02-24 16:40:00,3349.319659406876,0.0008035379918410005
2020-02-24 16:41:00,3350.3859763127475,0.0008569285583667858
2020-02-24 16:42:00,3351.233910326772,0.0008779587077950813
2020-02-24 16:43:00,3348.714843187037,0.0008536991720645577
2020-02-24 16:44:00,3351.9227680049844,0.0008330055651647884
2020-02-24 16:45:00,3352.062660485197,0.000904225318657918
2020-02-24 16:46:00,3352.3082936449587,0.0008986801726359881
2020-02-24 16:47:00,3351.8533701116285,0.0008765644273171586
2020-02-24 16:48:00,3352.693432863294,0.0008382955241545582
2020-02-24 16:49:00,3347.631602839001,0.0008077162936266234
2020-02-24 16:50:00,3348.8633891944664,0.0007647737539278934
2020-02-24 16:51:00,3349.1936078182644,0.0007954320314757018
2020-02-24 16:52:00,3347.3706491382463,0.0008078740661779578
2020-02-24 16:53:00,3347.9603580304697,0.0008129998516586002
2020-02-24 16:54:00,3350.620370352191,0.0008331987589030395
2020-02-24 16:55:00,3355.999199222037,0.0008355113002985187
2020-02-24 16:56:00,3357.561996872572,0.0008718478419307014
2020-02-24 16:57:00,3358.5395921235017,0.0008805098619519337
2020-02-24 16:58:00,3360.216454986938,0.0009731506149428635
2020-02-24 16:59:00,3358.1524559309755,0.0009226272392283653
2020-02-24 17:00:00,3357.030214838126,0.0009066005051829294
2020-02-24 17:01:00,3363.041805187643,0.0009611145365960341
2020-02-24 17:02:00,3356.167895851633,0.0009048065428281055
2020-02-24 17:03:00,3351.9278026508746,0.0008950982375504408
2020-02-24 17:04:00,3357.6488082142664,0.0009113011794002012
2020-02-24 17:05:00,3361.183542687483,0.0010017669919436946
2020-02-24 17:06:00,3365.8637645572007,0.0009731784954577239
2020-02-24 17:07:00,3370.113734668625,0.0009701977624912833
2020-02-24 17:08:00,3372.2440656779836,0.0009911197578636034
2020-02-24 17:09:00,3371.6600416108568,0.001086749605098535
2020-02-24 17:10:00,3370.7734311350746,0.0011655882060065354
2020-02-24 17:11:00,3369.596034614114,0.0011408551789651859
2020-02-24 17:12:00,3376.853874737553,0.0011738569128152889
2020-02-24 17:13:00,3378.798460845062,0.0011176530316232838
2020-02-24 17:14:00,3376.482553269238,0.0012298237452447642
2020-02-24 17:15:00,3377.8290715269713,0.001239905442235074
2020-02-24 17:16:00,3383.090447027978,0.0012286084884274798
2020-02-24 17:17:00,3382.8765059782227,0.001216659279937543
2020-02-24 17:18:00,3383.077303495809,0.0011763461201521434
2020-02-24 17:19:00,3382.4232150291605,0.0012323033697911178
2020-02-24 17:20:00,3383.4608694374756,0.0012282585378040128
2020-02-24 17:21:00,3378.4212434261312,0.0012843074945998788
2020-02-24 17:22:00,3392.910205339877,0.001207723495870483
2020-02-24 17:23:00,3387.352211612538,0.0012342543056896554
2020-02-24 17:24:00,3387.648149960402,0.001258757768762817
2020-02-24 17:25:00,3382.6116102150377,0.0012161175726849382
2020-02-24 17:26:00,3378.9954398900736,0.0012683528794881522
2020-02-24 17:27:00,3380.392236136143,0.0013152172083839835
2020-02-24 17:28:00,3384.088583869651,0.0012923186614661535
2020-02-24 17:29:00,3377.026025312837,0.0014704253909206609
2020-02-24 17:30:00,3372.752622240878,0.001431174174799718
2020-02-24 17:31:00,3380.442618409651,0.0014814507671713588
2020-02-24 17:32:00,3391.016426308712,0.001507632524041693
2020-02-24 17:33:00,3388.7815205286597,0.0015471556971033617
2020-02-24 17:34:00,3390.528920222169,0.0016036580778473193
2020-02-24 17:35:00,3391.7580401008436,0.0015257899074713394
2020-02-24 17:36:00,3387.9390058086424,0.0016080835577782168
2020-02-24 17:37:00,3391.002025574446,0.001608839533592293
2020-02-24 17:38:00,3392.9499584294063,0.0016249377255477455
2020-02-24 17:39:00,3393.2939608511288,0.001538159361318395
2020-02-24 17:40:00,3398.2622566400114,0.0015387350377766167
2020-02-24 17:41:00,3396.8022268141012,0.001474324571226531
2020-02-24 17:42:00,3400.346720528024,0.0016124148805064854
2020-02-24 17:43:00,3398.486416953496,0.0015350488616081457
2020-02-24 17:44:00,3397.1015159959097,0.001520833378750237
2020-02-24 17:45:00,3389.7039325078745,0.001540318197879445
2020-02-24 17:46:00,3386.9893089307966,0.0014878387028147673
2020-02-24 17:47:00,3387.389480848526,0.0014866846084567523
2020-02-24 17:48:00,3379.5060896474865,0.0015504187964101737
2020-02-24 17:49:00,3370.470208347969,0.0015374744952356622
2020-02-24 17:50:00,3371.9449396883406,0.0014263495877495026
2020-02-24 17:51:00,3376.7137418968355,0.001425421247349476
2020-02-24 17:52:00,3377.0988494893563,0.001364364995999537
2020-02-24 17:53:00,3373.482380312274,0.001382255914726987
2020-02-24 17:54:00,3365.156976967745,0.0013409654567411516
2020-02-24 17:55:00,3354.669967698993,0.0012774373140101447
2020-02-24 17:56:00,3355.790191488025,0.0012945195184439475
2020-02-24 17:57:00,3357.075799564552,0.0013947810921970554
2020-02-24 17:58:00,3356.0278579179776,0.0013782395297904904
2020-02-24 17:59:00,3354.5765950971277,0.0012901706327624498
2020-02-24 18:00:00,3358.1270860724453,0.0012606240094348348
2020-02-24 18:01:00,3359.097567890166,0.0012274959849213273
2020-02-24 18:02:00,3362.205553314215,0.0012074620838777121
2020-02-24 18:03:00,3361.5285545528536,0.0012200929181838739
2020-02-24 18:04:00,3356.557455627996,0.0011880621686012156
2020-02-24 18:05:00,3361.3599440546345,0.0011759030945994232
2020-02-24 18:06:00,3355.7793095241573,0.0011414524246442744
2020-02-24 18:07:00,3358.3724567611916,0.001088896488415518
2020-02-24 18:08:00,3358.4416520447317,0.001041657648027736
2020-02-24 18:09:00,3363.02851786915,0.0010006507025785904
2020-02-24 18:10:00,3365.7505360546984,0.0010553132148133821
2020-02-24 18:11:00,3366.3743501054114,0.001080132278490627
2020-02-24 18:12:00,3367.7474257471654,0.0010719118787202748
2020-02-24 18:13:00,3368.4578118422737,0.0010956966918743874
2020-02-24 18:14:00,3376.1411277057996,0.0011061952387777555
2020-02-24 18:15:00,3369.369119544844,0.0010965153904675705
2020-02-24 18:16:00,3366.724096646453,0.0010634119733803936
2020-02-24 18:17:00,3366.467514762463,0.0011011463474855708
2020-02-24 18:18:00,3364.807094205614,0.001102277257062533
2020-02-24 18:19:00,3370.991394504691,0.0010982152878262065
2020-02-24 18:20:00,3374.6037505361446,0.001065644937434926
2020-02-24 18:21:00,3375.3835482957047,0.0011575092068124323
2020-02-24 18:22:00,3377.197316110635,0.0011796456581283292
2020-02-24 18:23:00,3380.0880440258325,0.0012003833228526738
2020-02-24 18:24:00,3385.021154870642,0.0012448519594770045
2020-02-24 18:25:00,3384.260124294942,0.0012146616552734333
2020-02-24 18:26:00,3390.598786981719,0.0012313424930020511
2020-02-24 18:27:00,3386.2336758837005,0.0012939500150063552
2020-02-24 18:28:00,3383.612566619337,0.0012987496697658388
2020-02-24 18:29:00,3378.260065589452,0.0013385676970482472
2020-02-24 18:30:00,3382.9843081250438,0.001327804843625135
2020-02-24 18:31:00,3373.625433129832,0.0012751865235293123
2020-02-24 18:32:00,3376.7032266821775,0.0012566565827968894
2020-02-24 18:33:00,3372.650718948999,0.0012028499572612685
2020-02-24 18:34:00,3372.292234711902,0.0010915914237701625
2020-02-24 18:35:00,3368.787194381096,0.0010322387306048785
2020-02-24 18:36:00,3368.8521202177426,0.0010200208281824384
2020-02-24 18:37:00,3367.1192222672744,0.0010106429627298114
2020-02-24 18:38:00,3366.3564300991115,0.001019797697085768
2020-02-24 18:39:00,3366.9994328400535,0.0009636972047133257
2020-02-24 18:40:00,3369.3827747302703,0.001032522332046902
2020-02-24 18:41:00,3372.91939352375,0.0009422824017516901
2020-02-24 18:42:00,3374.815457841183,0.0009222180288644915
2020-02-24 18:43:00,3378.513051472206,0.0009558044515601337
2020-02-24 18:44:00,3374.1973178564886,0.0009652495235400645
2020-02-24 18:45:00,3376.9392537745616,0.0009994647411164471
2020-02-24 18:46:00,3381.2950632719053,0.0010929685491438764
2020-02-24 18:47:00,3385.1110721931036,0.0010878282327704402
2020-02-24 18:48:00,3383.307539660216,0.0010061772856382514
2020-02-24 18:49:00,3387.465190654222,0.0010529633018278698
2020-02-24 18:50:00,3387.0337638027127,0.001046461584265648
2020-02-24 18:51:00,3388.390233787406,0.0010621048574525709
2020-02-24 18:52:00,3382.6150506069635,0.0009835421590593133
2020-02-24 18:53:00,3386.8153540150606,0.0010279206975821924
2020-02-24 18:54:00,3385.4964977111526,0.001064811941311028
2020-02-24 18:55:00,3392.4078859942833,0.0010949507332235393
2020-02-24 18:56:00,3392.2496080443725,0.0010829331633354427
2020-02-24 18:57:00,3393.711563777365,0.0010527382353879222
2020-02-24 18:58:00,3394.488062363471,0.0010295325088235851
2020-02-24 18:59:00,3398.8276784417767,0.00106323485666401
2020-02-24 19:00:00,3394.812550333701,0.001022630014999595
2020-02-24 19:01:00,3395.5951456366797,0.0009727931855609505
2020-02-24 19:02:00,3393.9946634132793,0.000987632773486421
2020-02-24 19:03:00,3395.0744658296708,0.0009282384227382705
2020-02-24 19:04:00,3390.912076421276,0.0009533370694975437
2020-02-24 19:05:00,3391.813074649269,0.0010104321042644613
2020-02-24 19:06:00,3394.1456005448367,0.0010445263588260217
2020-02-24 19:07:00,3395.6843630295107,0.0009895533027162353
2020-02-24 19:08:00,3396.098445083082,0.001089503351960402
2020-02-24 19:09:00,3387.3112247096697,0.0010463427742830548
2020-02-24 19:10:00,3382.227455553715,0.0010409795500109053
2020-02-24 19:11:00,3376.4360636774463,0.0010102510815548369
2020-02-24 19:12:00,3377.274545475502,0.0010254326677636828
2020-02-24 19:13:00,3376.381182325454,0.0009101381264874985
2020-02-24 19:14:00,3382.0846204508566,0.0008950767281604749
2020-02-24 19:15:00,3378.8996128893014,0.0008248655055055342
2020-02-24 19:16:00,3376.1567086509885,0.0007836046242253136
2020-02-24 19:17:00,3369.721362372604,0.000794033215359564
2020-02-24 19:18:00,3367.771336025343,0.0007928484256304474
2020-02-24 19:19:00,3367.451228971738,0.0007471692801359669
2020-02-24 19:20:00,3369.221304720291,0.0007514932046018303
2020-02-24 19:21:00,3367.651692731234,0.0007714683175555185
2020-02-24 19:22:00,3370.646544886584,0.0008131492514828644
2020-02-24 19:23:00,3370.818697541875,0.0008659615121392657
2020-02-24 19:24:00,3374.3431030209254,0.0008471426022569355
2020-02-24 19:25:00,3373.0206019873426,0.0008622713512262617
2020-02-24 19:26:00,3375.2587707765083,0.0008689414478247014
2020-02-24 19:27:00,3378.3710696602025,0.0009341720305148098
2020-02-24 19:28:00,3378.096585646946,0.001023197964230879
2020-02-24 19:29:00,3374.7180180157957,0.0010015740305907856
2020-02-24 19:30:00,3374.9248488239123,0.0010137342370552212
2020-02-24 19:31:00,3372.46277096366,0.0009901167008905443
2020-02-24 19:32:00,3374.30434774728,0.0009529740418087392
2020-02-24 19:33:00,3377.7031485251555,0.0008961027755829422
2020-02-24 19:34:00,3377.0509190716007,0.0008506514368852039
2020-02-24 19:35:00,3372.3481539053178,0.0008875061379772097
2020-02-24 19:36:00,3375.654396834362,0.0008030184455464136
2020-02-24 19:37:00,3375.649071958742,0.0007834725326498763
2020-02-24 19:38:00,3372.7518317746512,0.0008242699359948373
2020-02-24 19:39:00,3377.424500341942,0.0008825457686534214
2020-02-24 19:40:00,3380.9036745680496,0.0008507605689043641
2020-02-24 19:41:00,3382.0176298231636,0.0008628601887294452
2020-02-24 19:42:00,3385.1012812647277,0.000862048793606094
2020-02-24 19:43:00,3390.753315961503,0.0008531286588004589
2020-02-24 19:44:00,3395.363290657517,0.0008334075457589533
2020-02-24 19:45:00,3396.459270235292,0.0008655003064387652
2020-02-24 19:46:00,3394.9469432403757,0.0008716765330059709
2020-02-24 19:47:00,3397.304649877239,0.0008891994891377406
2020-02-24 19:48:00,3395.7417686508024,0.0009389872519399026
2020-02-24 19:49:00,3392.3866986988237,0.0009526854206825069
2020-02-24 19:50:00,3392.439918545061,0.0008818070550286323
2020-02-24 19:51:00,3397.5009163462482,0.0008365718250268288
2020-02-24 19:52:00,3394.4624252741783,0.000826718235107603
2020-02-24 19:53:00,3391.969322675017,0.0008599824569383536
2020-02-24 19:54:00,3388.96322341579,0.0008675538004644752
2020-02-24 19:55:00,3389.2309799098225,0.0009057989185714237
2020-02-24 19:56:00,3389.58963775981,0.0008918422857305426
2020-02-24 19:57:00,3386.1003502709214,0.0009266622571027276
2020-02-24 19:58:00,3379.2040655262053,0.0008692814228341038
2020-02-24 19:59:00,3380.8701690411613,0.0008358041838879073
2020-02-25 13:30:00,3169.6139714773585,0.0007815341678469456
2020-02-25 13:31:00,3168.074104742342,0.0007627309297579367
2020-02-25 13:32:00,3170.9765314663696,0.0007187712273663082
2020-02-25 13:33:00,3168.061301279096,0.000690282506407273
2020-02-25 13:34:00,3170.3622863624846,0.0006199969155463172
2020-02-25 13:35:00,3168.077247282041,0.0005731174108925581
2020-02-25 13:36:00,3169.675550458502,0.00057499147460386
2020-02-25 13:37:00,3173.3997228222233,0.000568002931802076
2020-02-25 13:38:00,3173.5533568239425,0.0006033093206589049
2020-02-25 13:39:00,3174.037771438513,0.0006025669956519919
2020-02-25 13:40:00,3176.484365709001,0.000583384349444109
2020-02-25 13:41:00,3173.5393301648483,0.0005781407953723546
2020-02-25 13:42:00,3171.827697567349,0.0005773478268489521
2020-02-25 13:43:00,3170.1929079451115,0.0005192730664084635
2020-02-25 13:44:00,3169.683717559397,0.000508241943107149
2020-02-25 13:45:00,3168.314925715083,0.0004973753009519698
2020-02-25 13:46:00,3166.358503922013,0.00047273948810734037
2020-02-25 13:47:00,3168.4912596219547,0.0004916397885315739
2020-02-25 13:48:00,3169.3954195304914,0.0004830755583654694
2020-02-25 13:49:00,3168.9167961259654,0.00044406062163056037
2020-02-25 13:50:00,3165.6797872927336,0.0004450918524975486
2020-02-25 13:51:00,3168.167641419991,0.0004565475337290211
2020-02-25 13:52:00,3169.8377834973858,0.0004497501308727627
2020-02-25 13:53:00,3168.0261991801303,0.0004553232944185708
2020-02-25 13:54:00,3168.0680786057796,0.000477538227459833
2020-02-25 13:55:00,3169.59623393158,0.0004929350836261755
2020-02-25 13:56:00,3170.6837645104774,0.0004653173623930076
2020-02-25 13:57:00,3172.8305144595306,0.0004741364002440796
2020-02-25 13:58:00,3173.576230556669,0.00047805831051860384
2020-02-25 13:59:00,3173.8948873439704,0.0004649276435100134
2020-02-25 14:00:00,3173.3006238472476,0.00045777275301297745
2020-02-25 14:01:00,3172.250960546214,0.000458175617830483
2020-02-25 14:02:00,3171.7526616332257,0.0005006447376631969
2020-02-25 14:03:00,3168.5593960601236,0.0005496143104954592
2020-02-25 14:04:00,3168.7631212856095,0.0005992304840458075
2020-02-25 14:05:00,3167.7274937793363,0.000607436007501456
2020-02-25 14:06:00,3168.4898820768744,0.0006137330965644183
2020-02-25 14:07:00,3172.043345267086,0.0006001931159125964
2020-02-25 14:08:00,3173.25576807963,0.000620142377889315
2020-02-25 14:09:00,3173.1929032187777,0.0006360287351758353
2020-02-25 14:10:00,3168.8906898352743,0.0006933937755802338
2020-02-25 14:11:00,3169.2613875197435,0.0006984580846546859
2020-02-25 14:12:00,3167.6418066926713,0.0007281169808684222
2020-02-25 14:13:00,3161.5569486644404,0.000737691510440537
2020-02-25 14:14:00,3160.0167963440263,0.0008093891075420574
2020-02-25 14:15:00,3156.7567511823295,0.0007686020651972601
2020-02-25 14:16:00,3160.3122760370757,0.0008099788658582795
2020-02-25 14:17:00,3156.9701003773052,0.0007819506033154811
2020-02-25 14:18:00,3155.7719813926738,0.0007923721054331972
2020-02-25 14:19:00,3158.4743763837982,0.0007610546325160162
2020-02-25 14:20:00,3158.7963143049337,0.0007621366649174556
2020-02-25 14:21:00,3153.216708395039,0.0007600422334095389
2020-02-25 14:22:00,3154.904388984895,0.0007206963313038064
2020-02-25 14:23:00,3154.3588625438765,0.0007497858921773936
2020-02-25 14:24:00,3154.465886268455,0.0007441924763799141
2020-02-25 14:25:00,3157.185773324725,0.0007601345976178018
2020-02-25 14:26:00,3152.8027085880794,0.000760284924435861
2020-02-25 14:27:00,3152.3110871786257,0.0007948640372739749
2020-02-25 14:28:00,3149.322273943476,0.0007926842674818904
2020-02-25 14:29:00,3149.597368309558,0.000799232523894205
2020-02-25 14:30:00,3146.689792010373,0.0007723349741849653
2020-02-25 14:31:00,3147.6174697467895,0.0007909616688787087
2020-02-25 14:32:00,3145.5002660589744,0.0008153057261758715
2020-02-25 14:33:00,3144.765094262364,0.0008055050841410079
2020-02-25 14:34:00,3147.4223564983176,0.0007872695161472321
2020-02-25 14:35:00,3146.5664286340652,0.000782256063063061
2020-02-25 14:36:00,3143.3784541309983,0.0007882425367993915
2020-02-25 14:37:00,3146.401932448896,0.0008533776033945395
2020-02-25 14:38:00,3145.137396485857,0.0008258403405783771
2020-02-25 14:39:00,3146.1345368436437,0.0008369405731365082
2020-02-25 14:40:00,3149.1602470763837,0.0008083670867653568
2020-02-25 14:41:00,3146.3544633583306,0.00080744195078678
2020-02-25 14:42:00,3144.9572901494075,0.0008869460659874063
2020-02-25 14:43:00,3147.3861264217003,0.0008783331950834597
2020-02-25 14:44:00,3148.0950747035495,0.0008920983531046333
2020-02-25 14:45:00,3154.4265472702514,0.0009104179969177938
2020-02-25 14:46:00,3146.8876034621817,0.0009587171546597209
2020-02-25 14:47:00,3145.1116134887384,0.0010070777852704913
2020-02-25 14:48:00,3147.4933027667785,0.0010254255630794287
2020-02-25 14:49:00,3149.6321249656357,0.0009985397739159902
2020-02-25 14:50:00,3152.0606842794473,0.0009740221690116285
2020-02-25 14:51:00,3160.6121749388476,0.0009776686732795871
2020-02-25 14:52:00,3158.844611924222,0.0009829075701104993
2020-02-25 14:53:00,3162.201623521468,0.000968112240098178
2020-02-25 14:54:00,3160.7960771819257,0.0009065882934576688
2020-02-25 14:55:00,3160.3284514322813,0.0008750253357832531
2020-02-25 14:56:00,3160.0218795389633,0.0008403278755116661
2020-02-25 14:57:00,3163.5313787816085,0.0008546233106539059
2020-02-25 14:58:00,3161.095037403445,0.000845549254143986
2020-02-25 14:59:00,3159.0028056059696,0.0008511261497613058
2020-02-25 15:00:00,3158.551862468194,0.0008312586174307029
2020-02-25 15:01:00,3160.8379939248066,0.0007501593884599189
2020-02-25 15:02:00,3161.202781755859,0.0007425495471534715
2020-02-25 15:03:00,3161.8203144131667,0.0007653407101051175
2020-02-25 15:04:00,3160.69768156851,0.0007584049586891917
2020-02-25 15:05:00,3156.2274862029553,0.0007388691949183094
2020-02-25 15:06:00,3158.855492668431,0.0007205676810673884
2020-02-25 15:07:00,3158.87810284721,0.0006936972282464822
2020-02-25 15:08:00,3161.052192366445,0.0007215023093336102
2020-02-25 15:09:00,3161.916648600147,0.0007172664427234953
2020-02-25 15:10:00,3160.211267013191,0.000745359210413551
2020-02-25 15:11:00,3162.3530918825504,0.0007385591112090316
2020-02-25 15:12:00,3162.508142920002,0.0006414634641592409
2020-02-25 15:13:00,3163.385790106746,0.0006107518638901751
2020-02-25 15:14:00,3162.2316072423505,0.0006178139301248069
2020-02-25 15:15:00,3158.488766019659,0.0006229919272499282
2020-02-25 15:16:00,3157.767664678171,0.0006006730037154157
2020-02-25 15:17:00,3161.236654752909,0.0005890615339143487
2020-02-25 15:18:00,3156.3307714284056,0.0005726451788361001
2020-02-25 15:19:00,3154.622871416273,0.0005607327846829018
2020-02-25 15:20:00,3156.225982384972,0.0005605685142921648
2020-02-25 15:21:00,3156.9486013897777,0.0005453885627904236
2020-02-25 15:22:00,3157.715539406447,0.0005244062339892773
2020-02-25 15:23:00,3158.753552362473,0.0005279437003757563
2020-02-25 15:24:00,3161.3717115309732,0.0005035950648394591
2020-02-25 15:25:00,3161.7232479634567,0.0005225597907019549
2020-02-25 15:26:00,3159.372181867716,0.0005643877577436073
2020-02-25 15:27:00,3158.645689697297,0.0005711013075656421
2020-02-25 15:28:00,3159.4868510579154,0.0005984253011421414
2020-02-25 15:29:00,3155.010317991845,0.0006050943751042502
2020-02-25 15:30:00,3157.5285626561235,0.0006417005301767321
2020-02-25 15:31:00,3159.298546901102,0.0006517064328969377
2020-02-25 15:32:00,3159.120627392166,0.0006268432864240162
2020-02-25 15:33:00,3162.117000117145,0.0006004309277108506
2020-02-25 15:34:00,3163.587951281044,0.0006441713782536804
2020-02-25 15:35:00,3163.1879550749177,0.0006286130937950339
2020-02-25 15:36:00,3166.0601788141767,0.0006513914515462855
2020-02-25 15:37:00,3167.266527082893,0.0006347026050161197
2020-02-25 15:38:00,3166.0868923747807,0.0005929116292537763
2020-02-25 15:39:00,3165.467404598787,0.0006151821198830579
2020-02-25 15:40:00,3165.389636819873,0.0005980607400092797
2020-02-25 15:41:00,3165.6225749798487,0.0005815477080471156
2020-02-25 15:42:00,3166.736206872983,0.0005519210668477565
2020-02-25 15:43:00,3166.7583727879796,0.0005961093229720738
2020-02-25 15:44:00,3165.3000702075997,0.0006192029715597752
2020-02-25 15:45:00,3166.7689493029743,0.000614752423047291
2020-02-25 15:46:00,3164.3592951939754,0.000621127641720939
2020-02-25 15:47:00,3165.373511447185,0.0006111856618746821
2020-02-25 15:48:00,3168.3779206698823,0.0006036448521027597
2020-02-25 15:49:00,3168.4141621343906,0.0006081970769503746
2020-02-25 15:50:00,3167.4057432067348,0.0006160514388296954
2020-02-25 15:51:00,3165.7031467985075,0.0006201431503661855
2020-02-25 15:52:00,3168.7077199910636,0.0006000247867966818
2020-02-25 15:53:00,3168.951471294571,0.0005381522032807033
2020-02-25 15:54:00,3166.587487944345,0.0005393017964390363
2020-02-25 15:55:00,3164.8231567440826,0.0005630346239186136
2020-02-25 15:56:00,3167.6492404690684,0.0005420209617449192
2020-02-25 15:57:00,3166.609423252887,0.0005636653960249915
2020-02-25 15:58:00,3167.08387394745,0.0005499358031165161
2020-02-25 15:59:00,3168.732202733439,0.0005584679479110588
2020-02-25 16:00:00,3169.449689407425,0.0005278865886708424
2020-02-25 16:01:00,3168.767512845128,0.0005265507056558662
2020-02-25 16:02:00,3167.1504428954554,0.0005656697842996368
2020-02-25 16:03:00,3168.8870339899695,0.000576733168136382
2020-02-25 16:04:00,3169.3682592369278,0.0005633276388821596
2020-02-25 16:05:00,3168.1110486007833,0.0006010622506224929
2020-02-25 16:06:00,3168.4603852145115,0.0005763172162038142
2020-02-25 16:07:00,3169.698635991484,0.0005307612483263785
2020-02-25 16:08:00,3171.858473979651,0.0005046017253488876
2020-02-25 16:09:00,3170.5720286402325,0.0005317358034624952
2020-02-25 16:10:00,3172.0482856638223,0.0005099924042901094
2020-02-25 16:11:00,3174.731744519413,0.0004990932686416411
2020-02-25 16:12:00,3174.6392873639566,0.000520330593209288
2020-02-25 16:13:00,3174.5913934981304,0.0005504475847957283
2020-02-25 16:14:00,3171.679594434627,0.0005415544826425468
2020-02-25 16:15:00,3171.658239269349,0.000519632292808718
2020-02-25 16:16:00,3172.0689512864133,0.0005092567658451277
2020-02-25 16:17:00,3169.8111155151328,0.0005078604646106537
2020-02-25 16:18:00,3168.2247192776235,0.00047766536296334823
2020-02-25 16:19:00,3166.796018692259,0.000469014577510754
2020-02-25 16:20:00,3166.890846749084,0.00045108111262447885
2020-02-25 16:21:00,3166.764307976154,0.00045610438292000184
2020-02-25 16:22:00,3165.9955156169394,0.0004468903856489275
2020-02-25 16:23:00,3166.4326605897145,0.0004723949126247954
2020-02-25 16:24:00,3165.469139928616,0.0004823822299843619
2020-02-25 16:25:00,3166.289479147405,0.0004615301205536623
2020-02-25 16:26:00,3168.590600512962,0.0004303136721263232
2020-02-25 16:27:00,3169.359603522645,0.00041240856210595007
2020-02-25 16:28:00,3169.6721189701807,0.000416641066818684
2020-02-25 16:29:00,3170.730058044524,0.0004322035856493118
2020-02-25 16:30:00,3170.6288141506693,0.0004023632624937128
2020-02-25 16:31:00,3170.5054412560357,0.00039998539881509504
2020-02-25 16:32:00,3171.3265570179483,0.00040352387170631773
2020-02-25 16:33:00,3171.6146137281335,0.00040183942567166857
2020-02-25 16:34:00,3173.263320952569,0.00038685275567042687
2020-02-25 16:35:00,3172.1333095821096,0.0003815736842765724
2020-02-25 16:36:00,3171.3691627052913,0.00037770473628797983
2020-02-25 16:37:00,3171.6262207358127,0.0003653523016226497
2020-02-25 16:38:00,3170.392751020922,0.00036453448927223527
2020-02-25 16:39:00,3170.6334525392776,0.0003432291720605466
2020-02-25 16:40:00,3170.194466820041,0.00035246934823203766
2020-02-25 16:41:00,3170.819822911746,0.00034409757041128604
2020-02-25 16:42:00,3171.021326818633,0.0003446145774361784
2020-02-25 16:43:00,3170.3661504939473,0.00031341001595105484
2020-02-25 16:44:00,3169.029325466316,0.0003344206795888327
2020-02-25 16:45:00,3167.6526849459397,0.0003425914350345871
2020-02-25 16:46:00,3165.7659604829205,0.0003577504829068025
2020-02-25 16:47:00,3166.2922528669214,0.0003587355670437131
2020-02-25 16:48:00,3168.075858635101,0.00036991454798752753
2020-02-25 16:49:00,3167.514298099563,0.00037298642810150385
2020-02-25 16:50:00,3167.8811207564045,0.00040155546024466665
2020-02-25 16:51:00,3168.1279280528065,0.0003805880788778723
2020-02-25 16:52:00,3167.349559541304,0.0003788682035733736
2020-02-25 16:53:00,3167.4807140720063,0.0004044645284316257
2020-02-25 16:54:00,3169.575835691047,0.0004188522978473247
2020-02-25 16:55:00,3169.250574212281,0.00043330763880691027
2020-02-25 16:56:00,3169.7224988254784,0.0004150757655242663
2020-02-25 16:57:00,3170.149358681641,0.0004066636832304703
2020-02-25 16:58:00,3170.108968463709,0.00042538011207303255
2020-02-25 16:59:00,3169.3327488315235,0.00043143055849508824
2020-02-25 17:00:00,3169.599631723909,0.0004344818966314483
2020-02-25 17:01:00,3172.697452359983,0.0004314229627105859
2020-02-25 17:02:00,3172.344435943352,0.0004267446409960266
2020-02-25 17:03:00,3172.931803854808,0.00040022196035031856
2020-02-25 17:04:00,3172.730780130413,0.0003862510751936914
2020-02-25 17:05:00,3171.7976023549913,0.00036773997891525047
2020-02-25 17:06:00,3171.4728017856655,0.0003363942224855328
2020-02-25 17:07:00,3170.495115846183,0.00035893973394131177
2020-02-25 17:08:00,3171.0628841286843,0.000351434951259449
2020-02-25 17:09:00,3170.242071667966,0.00034327757089847635
2020-02-25 17:10:00,3168.420226668298,0.00034398794935092716
2020-02-25 17:11:00,3168.8639012656477,0.00034780595000810183
2020-02-25 17:12:00,3168.1953537619543,0.00034227342672810796
2020-02-25 17:13:00,3166.3941624358845,0.00035048480237305214
2020-02-25 17:14:00,3167.3675148947304,0.00036311728566648004
2020-02-25 17:15:00,3168.7877215485805,0.0003406558619288791
2020-02-25 17:16:00,3166.8369417149975,0.0003384979561812545
2020-02-25 17:17:00,3165.682172041773,0.00034722510013772986
2020-02-25 17:18:00,3165.4491418118346,0.0003619043099274332
2020-02-25 17:19:00,3165.336697168695,0.00037927674918968404
2020-02-25 17:20:00,3166.1771754023607,0.00038543688718021727
2020-02-25 17:21:00,3165.0081578335507,0.0003773316446979728
2020-02-25 17:22:00,3163.667170427813,0.00039528053049638214
2020-02-25 17:23:00,3163.7799648310447,0.0003978820897597617
2020-02-25 17:24:00,3162.941538542261,0.0003925034804054784
2020-02-25 17:25:00,3165.7059375065623,0.0004221812539823467
2020-02-25 17:26:00,3169.0181046257917,0.00044272587847232254
2020-02-25 17:27:00,3168.003403227917,0.0004997536661887423
2020-02-25 17:28:00,3164.8587127943115,0.0005307674736844801
2020-02-25 17:29:00,3164.9412013986966,0.0005521384381175828
2020-02-25 17:30:00,3165.9621866890184,0.0005673098020881984
2020-02-25 17:31:00,3168.210689275733,0.0006003757968110198
2020-02-25 17:32:00,3166.1631893735916,0.0005748002669667428
2020-02-25 17:33:00,3166.8984742324997,0.0005778695846584379
2020-02-25 17:34:00,3166.544631336591,0.0005697329872305782
2020-02-25 17:35:00,3169.2100296584817,0.0005425492887865249
2020-02-25 17:36:00,3166.6639266651264,0.0005505770457474868
2020-02-25 17:37:00,3163.5852505032917,0.0005520819685808693
2020-02-25 17:38:00,3166.5353512025254,0.0005262341099827098
2020-02-25 17:39:00,3165.875405260116,0.0005234768002177116
2020-02-25 17:40:00,3166.282007433448,0.0005519832985469998
2020-02-25 17:41:00,3168.102309797245,0.0005271315602789564
2020-02-25 17:42:00,3171.17126594064,0.0005724736285931377
2020-02-25 17:43:00,3171.186306421226,0.0005936282447341303
2020-02-25 17:44:00,3171.293430749217,0.000621535855012605
2020-02-25 17:45:00,3170.9466053547358,0.0005661968359340961
2020-02-25 17:46:00,3171.832843090596,0.0005675711792292368
2020-02-25 17:47:00,3171.066458286589,0.0005789442963252718
2020-02-25 17:48:00,3171.3967826989456,0.0005663529103497528
2020-02-25 17:49:00,3172.760102750671,0.0005737022737063511
2020-02-25 17:50:00,3173.195129885132,0.0005754259473321234
2020-02-25 17:51:00,3173.9070385918526,0.0006110135187474321
2020-02-25 17:52:00,3174.311860552254,0.0006643891044816377
2020-02-25 17:53:00,3175.9534832457753,0.0007060303266996104
2020-02-25 17:54:00,3171.599056150731,0.0007447841915154658
2020-02-25 17:55:00,3174.492771207565,0.000784372777489428
2020-02-25 17:56:00,3176.476915419218,0.0007410597601054374
2020-02-25 17:57:00,3176.8907724809537,0.0007157916347895607
2020-02-25 17:58:00,3176.062153078541,0.0007017628231201905
2020-02-25 17:59:00,3176.893058724432,0.0007750504728671819
2020-02-25 18:00:00,3170.5738364759154,0.000755302704793348
2020-02-25 18:01:00,3172.9373485131287,0.0007627670047636192
2020-02-25 18:02:00,3169.4654820315313,0.0007147865462747903
2020-02-25 18:03:00,3166.9266665706477,0.0007282213344626982
2020-02-25 18:04:00,3170.3274137124504,0.0007220729606811421
2020-02-25 18:05:00,3170.7795993189097,0.0006722814922802323
2020-02-25 18:06:00,3172.6631386429285,0.0006686392793121671
2020-02-25 18:07:00,3171.9856459823463,0.0006527358977524163
2020-02-25 18:08:00,3170.7205481242613,0.0006687738952259512
2020-02-25 18:09:00,3169.6027594464326,0.0006429948746747722
2020-02-25 18:10:00,3170.610177946533,0.0006427016164067236
2020-02-25 18:11:00,3170.769859768645,0.0006613012000770807
2020-02-25 18:12:00,3171.100786703336,0.0006804991792844974
2020-02-25 18:13:00,3170.7271061848933,0.0006732380563287722
2020-02-25 18:14:00,3172.394508865573,0.0006646803721998128
2020-02-25 18:15:00,3174.3913521094196,0.0007006034921206089
2020-02-25 18:16:00,3174.651470837962,0.0007030035287457475
2020-02-25 18:17:00,3177.2336647785914,0.0007014934280452571
2020-02-25 18:18:00,3176.489207045044,0.0006937434189728464
2020-02-25 18:19:00,3175.659912068097,0.00066050317053728
2020-02-25 18:20:00,3178.0103657264144,0.0006635877126077145
2020-02-25 18:21:00,3177.025504228869,0.0006509605175775816
2020-02-25 18:22:00,3176.0114722297744,0.0005900290997037414
2020-02-25 18:23:00,3178.3972035622332,0.000589501610700118
2020-02-25 18:24:00,3179.8709668299875,0.0005859961290590861
2020-02-25 18:25:00,3182.76332202899,0.0006082233234073791
2020-02-25 18:26:00,3182.175299651289,0.0005831268315823404
2020-02-25 18:27:00,3182.945429047736,0.0005605559547190599
2020-02-25 18:28:00,3184.6255293729255,0.0006003077481272748
2020-02-25 18:29:00,3182.39016434987,0.0005963584695693315
2020-02-25 18:30:00,3183.0396597541867,0.0005767636934260371
2020-02-25 18:31:00,3181.7261520027473,0.0005253384311890615
2020-02-25 18:32:00,3181.607720515788,0.0005299809383420994
2020-02-25 18:33:00,3183.5758129353876,0.0005260117650177221
2020-02-25 18:34:00,3180.725138812845,0.0005353422465188878
2020-02-25 18:35:00,3182.980812376299,0.0005366095572077145
2020-02-25 18:36:00,3181.05064448232,0.0005469115503628738
2020-02-25 18:37:00,3179.648383842836,0.00048553396882450507
2020-02-25 18:38:00,3174.769603619561,0.0004932494843066143
2020-02-25 18:39:00,3173.732924594332,0.0005243803095923299
2020-02-25 18:40:00,3173.714667117139,0.0004884573006174992
2020-02-25 18:41:00,3173.3022622261424,0.0004982401946404908
2020-02-25 18:42:00,3171.3015890892125,0.0005278996202016618
2020-02-25 18:43:00,3168.767502634665,0.0005320070622923068
2020-02-25 18:44:00,3168.059067232438,0.0005724303266570928
2020-02-25 18:45:00,3166.861226911261,0.0005794181270329566
2020-02-25 18:46:00,3167.2743248483193,0.0005931380828652192
2020-02-25 18:47:00,3167.1254499992797,0.0005821553935855896
2020-02-25 18:48:00,3167.918126388445,0.0005653581111396688
2020-02-25 18:49:00,3168.021565423146,0.0005894495678422279
2020-02-25 18:50:00,3168.7935220640024,0.0005723746904525499
2020-02-25 18:51:00,3172.52046544488,0.0006146917755470551
2020-02-25 18:52:00,3172.0406277257903,0.0006193101183613784
2020-02-25 18:53:00,3170.9875441878767,0.000588110320654205
2020-02-25 18:54:00,3169.6379102998676,0.000609239199288009
2020-02-25 18:55:00,3170.3097334402178,0.0006112656407673339
2020-02-25 18:56:00,3169.093550406118,0.0005856682624522196
2020-02-25 18:57:00,3168.966460345057,0.000634776954083571
2020-02-25 18:58:00,3169.0885772403044,0.0006421074367107459
2020-02-25 18:59:00,3167.825616133028,0.0006597389889949858
2020-02-25 19:00:00,3165.531515587873,0.000662203762153555
2020-02-25 19:01:00,3163.8761731549976,0.0006755311870268763
2020-02-25 19:02:00,3167.5397930304443,0.0007041550298020213
2020-02-25 19:03:00,3168.080259876713,0.0007054332486177875
2020-02-25 19:04:00,3166.7826082581346,0.0006866313909076054
2020-02-25 19:05:00,3168.5014324996914,0.0006695961982758021
2020-02-25 19:06:00,3169.737525401203,0.0006673023198128429
2020-02-25 19:07:00,3167.595848641374,0.0007168641249125993
2020-02-25 19:08:00,3168.3433293382086,0.0007413579710149002
2020-02-25 19:09:00,3169.3240252163982,0.0007261789642186906
2020-02-25 19:10:00,3170.921383188566,0.0006705579787432138
2020-02-25 19:11:00,3171.254028574965,0.0006974626679365502
2020-02-25 19:12:00,3170.7154764802553,0.0006573102956926986
2020-02-25 19:13:00,3169.944692103299,0.0007120645796042311
2020-02-25 19:14:00,3169.8666900878175,0.0006566520414563699
2020-02-25 19:15:00,3166.6926963214532,0.0006619999083684033
2020-02-25 19:16:00,3165.84513104726,0.0006442131778581005
2020-02-25 19:17:00,3161.6132630019715,0.0006491266666716137
2020-02-25 19:18:00,3162.615116821259,0.0006385416912414318
2020-02-25 19:19:00,3164.692557380541,0.0006500955354347043
2020-02-25 19:20:00,3163.0527127696,0.0006365136424587293
2020-02-25 19:21:00,3165.171931322764,0.0006193225652374741
2020-02-25 19:22:00,3163.1906144240475,0.0006102622978764901
2020-02-25 19:23:00,3162.9933501205987,0.000646977982876968
2020-02-25 19:24:00,3160.0716780200296,0.0006649807692689536
2020-02-25 19:25:00,3162.201377374503,0.0006559165850590741
2020-02-25 19:26:00,3165.2817049560995,0.0006565405608031201
2020-02-25 19:27:00,3164.419285194107,0.0006158655774023839
2020-02-25 19:28:00,3163.511668322014,0.0006230252349513725
2020-02-25 19:29:00,3161.297597730924,0.000626658211952686
2020-02-25 19:30:00,3159.9830014184704,0.0006141328784471811
2020-02-25 19:31:00,3159.106232853453,0.0006531785572785042
2020-02-25 19:32:00,3156.1840251424787,0.000660251662356336
2020-02-25 19:33:00,3156.872041352699,0.0006308505972314782
2020-02-25 19:34:00,3155.6110686724955,0.0006904964437211505
2020-02-25 19:35:00,3154.089549077699,0.0007352279873769037
2020-02-25 19:36:00,3157.2213072355003,0.0007512462421213258
2020-02-25 19:37:00,3157.7860304404608,0.0007288557232029403
2020-02-25 19:38:00,3159.4877866196953,0.0007442411861679288
2020-02-25 19:39:00,3159.1338420090756,0.0007258632260750709
2020-02-25 19:40:00,3153.9462988585415,0.0007488667728434908
2020-02-25 19:41:00,3152.3504611464505,0.0007697727738064028
2020-02-25 19:42:00,3156.6274693330656,0.0008147868785590992
2020-02-25 19:43:00,3161.0417499980827,0.000848546737545464
2020-02-25 19:44:00,3161.229632345385,0.0009408733756409622
2020-02-25 19:45:00,3164.951822908578,0.0009985539542052178
2020-02-25 19:46:00,3167.9537087128983,0.0009954000130536968
2020-02-25 19:47:00,3162.808623577784,0.0009550345282906464
2020-02-25 19:48:00,3157.148494313863,0.000982714470596753
2020-02-25 19:49:00,3160.515657711933,0.001023433739940892
2020-02-25 19:50:00,3165.0081877567363,0.00100914501527328
2020-02-25 19:51:00,3158.506274649451,0.001045526893061501
2020-02-25 19:52:00,3161.8231839960313,0.0010296594928247557
2020-02-25 19:53:00,3164.3044937911964,0.0010941987033530245
2020-02-25 19:54:00,3162.5679409833147,0.0010307648709577866
2020-02-25 19:55:00,3159.2726897293046,0.0010507988436906392
2020-02-25 19:56:00,3159.5156188810265,0.0011393119631407738
2020-02-25 19:57:00,3162.2628259783337,0.0010897998821582054
2020-02-25 19:58:00,3162.694156111916,0.0009858016180493547
2020-02-25 19:59:00,3164.052964367311,0.0009151996541181517
2020-02-26 13:30:00,3202.2573289980796,0.0008687302846974965
2020-02-26 13:31:00,3202.5405957854914,0.000913524978871517
2020-02-26 13:32:00,3199.212643713526,0.0008460536823734512
2020-02-26 13:33:00,3204.252239661158,0.0008268389916650314
2020-02-26 13:34:00,3206.024801604776,0.0008259798099808273
2020-02-26 13:35:00,3208.298232773422,0.000824888751178307
2020-02-26 13:36:00,3210.14449418293,0.000825264597492933
2020-02-26 13:37:00,3206.855383313319,0.0008908283543580441
2020-02-26 13:38:00,3206.8311398734986,0.000884050946829295
2020-02-26 13:39:00,3207.0425439742453,0.0010019916180276547
2020-02-26 13:40:00,3201.3301561304775,0.0009560085113875963
2020-02-26 13:41:00,3202.3557985459806,0.0009759478158369247
2020-02-26 13:42:00,3203.810953008478,0.000952785658005515
2020-02-26 13:43:00,3203.077731972643,0.0009672208554375434
2020-02-26 13:44:00,3202.9339518609413,0.0009154982509083921
2020-02-26 13:45:00,3200.4982858915664,0.0008901483445615434
2020-02-26 13:46:00,3204.073371788801,0.0008450656444900903
2020-02-26 13:47:00,3207.202511397855,0.0008873851926337944
2020-02-26 13:48:00,3206.3533907063284,0.0009212285167259156
2020-02-26 13:49:00,3207.558882959812,0.0008896264353121913
2020-02-26 13:50:00,3207.609864313693,0.0009060682342748644
2020-02-26 13:51:00,3211.656098197051,0.0009517141754947314
2020-02-26 13:52:00,3209.9356491928024,0.0009216612352073799
2020-02-26 13:53:00,3204.0824847706162,0.0009011933862044216
2020-02-26 13:54:00,3208.5131271724176,0.0008844475684155861
2020-02-26 13:55:00,3203.846162369382,0.0009037226595645418
2020-02-26 13:56:00,3205.143435608991,0.0009526388678310455
2020-02-26 13:57:00,3206.6541684673443,0.0009120006908440425
2020-02-26 13:58:00,3204.6530821759748,0.0008262975316671017
2020-02-26 13:59:00,3203.3495373775595,0.0008144788943038207
2020-02-26 14:00:00,3210.008685182611,0.0007955397693278477
2020-02-26 14:01:00,3208.565708773412,0.0007928060189808052
2020-02-26 14:02:00,3206.166747285805,0.0007839691890721349
2020-02-26 14:03:00,3210.1531515057145,0.000753894568286538
2020-02-26 14:04:00,3206.5536371575263,0.0007320774189146986
2020-02-26 14:05:00,3207.4792413331397,0.0007888872783137296
2020-02-26 14:06:00,3207.306720715455,0.0007838271050315228
2020-02-26 14:07:00,3210.631187301607,0.0008036294252982692
2020-02-26 14:08:00,3208.5634776725574,0.0008232667817595458
2020-02-26 14:09:00,3207.1189697699115,0.0008675946902935466
2020-02-26 14:10:00,3204.316639516289,0.0008819325454558808
2020-02-26 14:11:00,3200.4286139377264,0.0008564723212280034
2020-02-26 14:12:00,3199.536341514547,0.0008935693328446159
2020-02-26 14:13:00,3194.332778537135,0.0008773620293029771
2020-02-26 14:14:00,3193.994819689652,0.0008487398646117834
2020-02-26 14:15:00,3195.277038474886,0.0008930800049990572
2020-02-26 14:16:00,3194.002639637989,0.0008920493578291814
2020-02-26 14:17:00,3194.035237962655,0.0008765998394753837
2020-02-26 14:18:00,3195.1945287943167,0.0008567347000004954
2020-02-26 14:19:00,3195.564171221754,0.0009336859508998754
2020-02-26 14:20:00,3195.406410847259,0.0009470665328167291
2020-02-26 14:21:00,3194.750873754945,0.0009358223892924149
2020-02-26 14:22:00,3191.4395880906955,0.0009251755028375464
2020-02-26 14:23:00,3192.594269528059,0.0009849618534557441
2020-02-26 14:24:00,3188.921943678037,0.0009523419914953146
2020-02-26 14:25:00,3186.7494586534062,0.0009719908035760662
2020-02-26 14:26:00,3184.908822560429,0.0009238993291357883
2020-02-26 14:27:00,3183.9706761860234,0.0008891376312510564
2020-02-26 14:28:00,3186.2461113878812,0.0009308986523788958
2020-02-26 14:29:00,3187.607026985105,0.0009374908994572455
2020-02-26 14:30:00,3189.047017023852,0.0009476661514705463
2020-02-26 14:31:00,3182.794204852153,0.0009781301092059854
2020-02-26 14:32:00,3177.2028750903833,0.0010383286309113956
2020-02-26 14:33:00,3185.745315240798,0.0011222405547123713
2020-02-26 14:34:00,3179.6051559789616,0.001123925177628358
2020-02-26 14:35:00,3178.2248423889755,0.0011119513156472318
2020-02-26 14:36:00,3173.967216970543,0.0010987649269489006
2020-02-26 14:37:00,3173.125613745912,0.001100165685626592
2020-02-26 14:38:00,3174.2324802714834,0.0009982201375585173
2020-02-26 14:39:00,3175.6750386118265,0.0009846004147796568
2020-02-26 14:40:00,3171.718280198924,0.0009398493174651551
2020-02-26 14:41:00,3173.0583854989786,0.0009478837427611919
2020-02-26 14:42:00,3170.86212238274,0.000999481901013413
2020-02-26 14:43:00,3168.7831428426985,0.000992037124730904
2020-02-26 14:44:00,3168.353876841893,0.0009330155842398275
2020-02-26 14:45:00,3168.000731926844,0.0008937783899414171
2020-02-26 14:46:00,3174.5829192733595,0.0009555567043338374
2020-02-26 14:47:00,3173.4692351950243,0.0009698013431606939
2020-02-26 14:48:00,3176.9374096117153,0.0009716738009030563
2020-02-26 14:49:00,3179.8677347425146,0.0009688053764041033
2020-02-26 14:50:00,3180.230681974785,0.001019607536281362
2020-02-26 14:51:00,3178.7912078140503,0.0009730961048715887
2020-02-26 14:52:00,3177.128240740631,0.0009499894541079263
2020-02-26 14:53:00,3177.3035635523415,0.0009451915103668308
2020-02-26 14:54:00,3182.747107452791,0.0009334443917581957
2020-02-26 14:55:00,3184.214522538722,0.0009675595575206631
2020-02-26 14:56:00,3180.1552934918113,0.000972143516738779
2020-02-26 14:57:00,3179.369638524547,0.000978683135091951
2020-02-26 14:58:00,3175.925277330036,0.0009447082289378669
2020-02-26 14:59:00,3177.8185695509865,0.0009150752192280778
2020-02-26 15:00:00,3174.7641684672326,0.000927496751478097
2020-02-26 15:01:00,3173.776990457618,0.0009635735313871903
2020-02-26 15:02:00,3172.5992505079003,0.0009218953820661991
2020-02-26 15:03:00,3171.562771641934,0.00091050781117057
2020-02-26 15:04:00,3175.20655491639,0.000962426256288619
2020-02-26 15:05:00,3176.145103265501,0.001034174558578594
2020-02-26 15:06:00,3180.0310621594813,0.0010027301166941837
2020-02-26 15:07:00,3183.8104658536986,0.0010215710402949887
2020-02-26 15:08:00,3186.002519702641,0.0010187942558251666
2020-02-26 15:09:00,3183.3095087879715,0.0010608140202112482
2020-02-26 15:10:00,3184.1292345755637,0.001072918770921419
2020-02-26 15:11:00,3187.724244583444,0.0011047171317766426
2020-02-26 15:12:00,3188.842673612527,0.0010883585585055896
2020-02-26 15:13:00,3192.2995936126063,0.0011033518955260034
2020-02-26 15:14:00,3201.358018073985,0.0010813667083307743
2020-02-26 15:15:00,3201.1407274778617,0.001124215336061925
2020-02-26 15:16:00,3198.7865000146,0.0011447290829421915
2020-02-26 15:17:00,3193.5408616621594,0.0011387699414914455
2020-02-26 15:18:00,3187.7210699405664,0.0010938171343557572
2020-02-26 15:19:00,3186.047930977197,0.0010371353303078427
2020-02-26 15:20:00,3191.474350842124,0.0010390874461394118
2020-02-26 15:21:00,3197.2936930182523,0.0010013571378917608
2020-02-26 15:22:00,3197.475002470237,0.0009651249356373079
2020-02-26 15:23:00,3197.2115264301538,0.0009309809633634311
2020-02-26 15:24:00,3197.3359564026946,0.0009651326260631884
2020-02-26 15:25:00,3199.9153182887408,0.0009294400329124242
2020-02-26 15:26:00,3200.2487391296067,0.0009577097658068906
2020-02-26 15:27:00,3201.4072817900833,0.0009456417210414973
2020-02-26 15:28:00,3203.3804110986316,0.0009425173812166144
2020-02-26 15:29:00,3203.8848579979635,0.000981954551244197
2020-02-26 15:30:00,3205.0591800516945,0.0009466581871012633
2020-02-26 15:31:00,3203.496880081906,0.0009394061113521115
2020-02-26 15:32:00,3203.912821406076,0.0009387298460301255
2020-02-26 15:33:00,3204.97857411915,0.0009627613641524012
2020-02-26 15:34:00,3201.110612421625,0.0009491784441151054
2020-02-26 15:35:00,3201.8729188127218,0.0009484597343506289
2020-02-26 15:36:00,3199.9214993441556,0.000995051502906135
2020-02-26 15:37:00,3196.756334868158,0.0010419018512208451
2020-02-26 15:38:00,3199.009236245177,0.0010334831034664003
2020-02-26 15:39:00,3197.4210459929063,0.0009747081207711216
2020-02-26 15:40:00,3199.43226130814,0.0009435654851183222
2020-02-26 15:41:00,3197.2244045816005,0.0009591753313706636
2020-02-26 15:42:00,3199.500045993214,0.0009331872946850859
2020-02-26 15:43:00,3204.8213146267167,0.0010033560633240749
2020-02-26 15:44:00,3207.9980858004565,0.0010600204706003133
2020-02-26 15:45:00,3208.652456128755,0.0010418987453349878
2020-02-26 15:46:00,3209.4280835623567,0.001145917241034196
2020-02-26 15:47:00,3210.1403302545264,0.0011186327743963212
2020-02-26 15:48:00,3209.573888665767,0.0011158410487954312
2020-02-26 15:49:00,3207.8242408454475,0.001195294387321765
2020-02-26 15:50:00,3209.483704348111,0.0010999131352598006
2020-02-26 15:51:00,3206.3961244404954,0.0010689414773560927
2020-02-26 15:52:00,3206.819544793053,0.0010059229833097093
2020-02-26 15:53:00,3206.1963557594004,0.0009210042421380908
2020-02-26 15:54:00,3209.1220591324604,0.0009072512272786762
2020-02-26 15:55:00,3207.4130397078775,0.0009068465892544054
2020-02-26 15:56:00,3207.2270051332976,0.0008492672810898543
2020-02-26 15:57:00,3207.7268789034415,0.0008233135645244158
2020-02-26 15:58:00,3206.603942768453,0.0008413213595813276
2020-02-26 15:59:00,3201.6070756089225,0.000801055864090916
2020-02-26 16:00:00,3202.184641316163,0.0008039321881212448
2020-02-26 16:01:00,3203.857657186582,0.0007717903868598516
2020-02-26 16:02:00,3203.5195694846884,0.0007957913913726314
2020-02-26 16:03:00,3204.9146355399007,0.0007801761175950594
2020-02-26 16:04:00,3202.9974586206317,0.000832949606598358
2020-02-26 16:05:00,3204.1205760572293,0.0008187762781050919
2020-02-26 16:06:00,3201.233700495635,0.0008153396332664116
2020-02-26 16:07:00,3200.404382251048,0.0007950357436630413
2020-02-26 16:08:00,3202.530456878323,0.0007581152900305265
2020-02-26 16:09:00,3205.0001468891137,0.0008233059462476073
2020-02-26 16:10:00,3204.4997220607943,0.0008331444694351146
2020-02-26 16:11:00,3207.503843049846,0.0008616131096668887
2020-02-26 16:12:00,3203.2293238644124,0.0007947735629724588
2020-02-26 16:13:00,3201.0810630884503,0.0007282744059723452
2020-02-26 16:14:00,3204.329475021502,0.0007274875026575776
2020-02-26 16:15:00,3206.0934458722763,0.0006915434773422442
2020-02-26 16:16:00,3203.342220175405,0.000744907533694075
2020-02-26 16:17:00,3204.12319633167,0.0007375182697133972
2020-02-26 16:18:00,3203.745493174517,0.0007691067906566859
2020-02-26 16:19:00,3205.93696474499,0.0007808208646649963
2020-02-26 16:20:00,3207.4755377593347,0.0007930339448369081
2020-02-26 16:21:00,3209.9731880005293,0.0007658762646540911
2020-02-26 16:22:00,3205.278164345736,0.0007636427040784919
2020-02-26 16:23:00,3204.351443852334,0.0007282005719604013
2020-02-26 16:24:00,3205.270918942611,0.000709245071869115
2020-02-26 16:25:00,3207.4994275588065,0.0007187980403262908
2020-02-26 16:26:00,3206.055256628503,0.0007404057212477553
2020-02-26 16:27:00,3201.620054999089,0.0008140703548916454
2020-02-26 16:28:00,3201.5029427707013,0.0008692343490541942
2020-02-26 16:29:00,3196.3611368072998,0.0008715344049702132
2020-02-26 16:30:00,3193.6146490938727,0.000896773821504583
2020-02-26 16:31:00,3195.810323889006,0.0008524786803560481
2020-02-26 16:32:00,3197.115976309443,0.0008771912006659118
2020-02-26 16:33:00,3201.7800627340985,0.0008850048809129349
2020-02-26 16:34:00,3201.09725202965,0.0008616683380105093
2020-02-26 16:35:00,3196.2168294020103,0.0008275158084173536
2020-02-26 16:36:00,3198.9720335524617,0.0008390452237175156
2020-02-26 16:37:00,3201.185812387907,0.0008433876394392027
2020-02-26 16:38:00,3201.659141776743,0.000834496280875397
2020-02-26 16:39:00,3203.2155171490094,0.0008329692121005145
2020-02-26 16:40:00,3205.442500758508,0.0007995034594392699
2020-02-26 16:41:00,3201.1243634464886,0.0008227592702461509
2020-02-26 16:42:00,3202.0277602935166,0.0008398669338771869
2020-02-26 16:43:00,3198.848615205015,0.0008092390804090121
2020-02-26 16:44:00,3199.2103726989676,0.0007929080493599896
2020-02-26 16:45:00,3195.7069625531863,0.0008353312652456008
2020-02-26 16:46:00,3192.9672651919514,0.0008692608127316828
2020-02-26 16:47:00,3193.406399760255,0.0008884785252662507
2020-02-26 16:48:00,3194.3866581546436,0.000835667829430966
2020-02-26 16:49:00,3188.405034953145,0.0008328784859765895
2020-02-26 16:50:00,3190.618233240404,0.0008172982972220135
2020-02-26 16:51:00,3195.8703226576886,0.0008343135217952948
2020-02-26 16:52:00,3195.2117963212922,0.000823121849120335
2020-02-26 16:53:00,3192.2346270386556,0.0008118585004158012
2020-02-26 16:54:00,3189.349355749758,0.0008153860500943634
2020-02-26 16:55:00,3187.5564963995816,0.000829366345617252
2020-02-26 16:56:00,3186.4267719976715,0.0008073448210733325
2020-02-26 16:57:00,3186.889400193373,0.0008234299811025407
2020-02-26 16:58:00,3189.1145036459916,0.0008926551048395899
2020-02-26 16:59:00,3189.875714636507,0.0008637492849558479
2020-02-26 17:00:00,3192.747410911543,0.0008216977764694765
2020-02-26 17:01:00,3192.895871830794,0.000816980865890524
2020-02-26 17:02:00,3192.1298714948357,0.0008561562355757017
2020-02-26 17:03:00,3194.087605411024,0.0008598256757360636
2020-02-26 17:04:00,3200.723333706878,0.0008771153909680521
2020-02-26 17:05:00,3197.8062502615235,0.000843661216365752
2020-02-26 17:06:00,3200.4605194039086,0.0008445645649512885
2020-02-26 17:07:00,3201.8322749901736,0.0007879460229888853
2020-02-26 17:08:00,3198.9882468074497,0.0007645143281587467
2020-02-26 17:09:00,3196.8065140968497,0.0008045537668967439
2020-02-26 17:10:00,3198.325518749672,0.0008456999691011783
2020-02-26 17:11:00,3196.8625751129935,0.0008580885734456537
2020-02-26 17:12:00,3199.5194645763136,0.0008964731072577627
2020-02-26 17:13:00,3197.3073519315035,0.000885127281070623
2020-02-26 17:14:00,3194.1874475829486,0.0008957698886017271
2020-02-26 17:15:00,3195.775879212845,0.0008501330815710412
2020-02-26 17:16:00,3194.4128645046753,0.0008473725608309698
2020-02-26 17:17:00,3194.341327925963,0.0007917971662848106
2020-02-26 17:18:00,3196.196732474163,0.0008127865550079775
2020-02-26 17:19:00,3197.4040082929555,0.0008072649644502586
2020-02-26 17:20:00,3197.319531392943,0.0008080731581116392
2020-02-26 17:21:00,3197.7451641887264,0.0008081979123874444
2020-02-26 17:22:00,3197.364845169339,0.0008294633083510559
2020-02-26 17:23:00,3197.558337978902,0.0008703769394703447
2020-02-26 17:24:00,3195.7300793746003,0.0008999076465680769
2020-02-26 17:25:00,3193.694027188884,0.0009181436867392854
2020-02-26 17:26:00,3188.4144250282498,0.0009439415892593472
2020-02-26 17:27:00,3186.919373562004,0.000860009362402092
2020-02-26 17:28:00,3185.49743356291,0.0008453695663835293
2020-02-26 17:29:00,3187.7022708106124,0.0008132568740300377
2020-02-26 17:30:00,3186.9944031773534,0.0008378122587740909
2020-02-26 17:31:00,3190.4197219712573,0.0008246270038202794
2020-02-26 17:32:00,3188.193314654447,0.0007687593500962819
2020-02-26 17:33:00,3185.007778921354,0.0007739856809975241
2020-02-26 17:34:00,3181.4246519106664,0.0007941476288080291
2020-02-26 17:35:00,3185.0895711114963,0.0007517006537023203
2020-02-26 17:36:00,3182.348380321902,0.0007470581229074074
2020-02-26 17:37:00,3183.4134488577265,0.0007911347000767959
2020-02-26 17:38:00,3180.5562360026106,0.0007880107549451021
2020-02-26 17:39:00,3176.674557189308,0.0007657105119282693
2020-02-26 17:40:00,3176.076410313652,0.0007437444583179556
2020-02-26 17:41:00,3174.7601709216383,0.0007761548633193546
2020-02-26 17:42:00,3173.628258553241,0.0007648044902508868
2020-02-26 17:43:00,3176.2839757310985,0.0007905957198940132
2020-02-26 17:44:00,3175.1318895982504,0.0007799219309152886
2020-02-26 17:45:00,3174.5470390360088,0.0008104417546863306
2020-02-26 17:46:00,3175.0461986753767,0.0007994352780503739
2020-02-26 17:47:00,3174.5417774269677,0.0007899043254552229
2020-02-26 17:48:00,3178.3067961394736,0.0007891001439492204
2020-02-26 17:49:00,3176.2619041413163,0.000855776370654069
2020-02-26 17:50:00,3177.2600331119183,0.0007941167842590404
2020-02-26 17:51:00,3175.850057981193,0.0007435954469649287
2020-02-26 17:52:00,3172.5614607166694,0.0007137284126345158
2020-02-26 17:53:00,3175.0142769488084,0.0006932576478313318
2020-02-26 17:54:00,3176.591112846757,0.0006724900226338931
2020-02-26 17:55:00,3178.4935161186622,0.0006896137303499282
2020-02-26 17:56:00,3178.9588514854813,0.0006705194455161634
2020-02-26 17:57:00,3180.362321160954,0.000639252384613624
2020-02-26 17:58:00,3180.3065352045537,0.0006204026604671133
2020-02-26 17:59:00,3178.758566472007,0.000699769590245823
2020-02-26 18:00:00,3180.831447330647,0.0007724663303389784
2020-02-26 18:01:00,3180.5878610895875,0.0007989327743630558
2020-02-26 18:02:00,3177.520658316676,0.0007728855576413104
2020-02-26 18:03:00,3176.2287358951603,0.0007844752763199739
2020-02-26 18:04:00,3178.778662730213,0.0008058082378846129
2020-02-26 18:05:00,3177.548146478226,0.0008487582163859331
2020-02-26 18:06:00,3180.8521686132526,0.0007926152642435336
2020-02-26 18:07:00,3180.954339516846,0.0008124426762541774
2020-02-26 18:08:00,3181.034908563074,0.0008284124533744612
2020-02-26 18:09:00,3180.0088712034653,0.0008516030203980432
2020-02-26 18:10:00,3176.9997315893834,0.0008282872155115665
2020-02-26 18:11:00,3175.3362303637527,0.0008584599923737918
2020-02-26 18:12:00,3182.2610079253677,0.0008200997061452608
2020-02-26 18:13:00,3185.576133089361,0.0009059439195105354
2020-02-26 18:14:00,3185.2933711344717,0.0008684091184212584
2020-02-26 18:15:00,3181.356913496233,0.0008467218512238615
2020-02-26 18:16:00,3183.135638482535,0.0008864174012654115
2020-02-26 18:17:00,3174.6846675939364,0.000928736792580813
2020-02-26 18:18:00,3171.008964530003,0.0009621610136326934
2020-02-26 18:19:00,3169.7177884480975,0.0008723572767735377
2020-02-26 18:20:00,3167.093678160563,0.0008521325790916041
2020-02-26 18:21:00,3166.654148410102,0.0007971686446442583
2020-02-26 18:22:00,3166.4404101735704,0.0008179603752686404
2020-02-26 18:23:00,3167.784594521087,0.0007813556178789705
2020-02-26 18:24:00,3170.079480138083,0.0007819295266320764
2020-02-26 18:25:00,3170.6298689840387,0.0007779566064335311
2020-02-26 18:26:00,3171.416532184066,0.0008088015825913671
2020-02-26 18:27:00,3173.527792614047,0.000821958029295014
2020-02-26 18:28:00,3172.0208806844807,0.000786413540752272
2020-02-26 18:29:00,3170.9321559179416,0.0008013148953939464
2020-02-26 18:30:00,3168.94905966364,0.0008443424432487633
2020-02-26 18:31:00,3165.9524944562204,0.0008270658571737355
2020-02-26 18:32:00,3166.9335635487914,0.0007915407401481233
2020-02-26 18:33:00,3166.732636149341,0.0007673176008207576
2020-02-26 18:34:00,3168.4089236256577,0.0008507260200300766
2020-02-26 18:35:00,3165.9537658023232,0.0008762308875269162
2020-02-26 18:36:00,3167.690290681324,0.0009029103181757814
2020-02-26 18:37:00,3166.0474452009676,0.000945974639258956
2020-02-26 18:38:00,3165.6399201265212,0.0009200732260999692
2020-02-26 18:39:00,3167.095195983032,0.0008701900978994048
2020-02-26 18:40:00,3164.5964676446274,0.0008487881563422489
2020-02-26 18:41:00,3162.5331960449894,0.0008438888920564701
2020-02-26 18:42:00,3165.9591038804165,0.0008271629094605974
2020-02-26 18:43:00,3166.9487120853846,0.0007955580211899212
2020-02-26 18:44:00,3167.8674774388787,0.0007383772475241074
2020-02-26 18:45:00,3168.0294265457173,0.0007959929809028483
2020-02-26 18:46:00,3167.9839737986986,0.0007938587381884326
2020-02-26 18:47:00,3162.5787974473956,0.0007834753536121679
2020-02-26 18:48:00,3161.7468032779548,0.0007539848229625955
2020-02-26 18:49:00,3161.471021469232,0.0006721489413896697
2020-02-26 18:50:00,3161.4215236241625,0.0006800071122448856
2020-02-26 18:51:00,3163.471749215433,0.0006971879962319025
2020-02-26 18:52:00,3163.0673994940325,0.0006799355380644915
2020-02-26 18:53:00,3164.005573743147,0.0007197277685832107
2020-02-26 18:54:00,3165.4256805379728,0.0007423739812255447
2020-02-26 18:55:00,3165.1054391632015,0.0007286027856741317
2020-02-26 18:56:00,3164.725669654941,0.0007069261658403535
2020-02-26 18:57:00,3163.728920863317,0.0006690123864063936
2020-02-26 18:58:00,3160.244953005852,0.000666158139541501
2020-02-26 18:59:00,3162.1671367086738,0.0006756977288179431
2020-02-26 19:00:00,3160.5911626967727,0.0006389864836058454
2020-02-26 19:01:00,3161.291777288129,0.0006738509983533291
2020-02-26 19:02:00,3159.5518597820424,0.0006787206849066462
2020-02-26 19:03:00,3158.9947973278636,0.0006696324297106166
2020-02-26 19:04:00,3156.8407541220067,0.0006783161197687433
2020-02-26 19:05:00,3156.514875169216,0.0006670039068057323
2020-02-26 19:06:00,3160.0280256675705,0.0006313151152984696
2020-02-26 19:07:00,3161.0676686818024,0.000623106235638288
2020-02-26 19:08:00,3162.1961269963763,0.0005996010438297653
2020-02-26 19:09:00,3159.4767770517424,0.0006353221487993792
2020-02-26 19:10:00,3160.3964502853823,0.0006986718011039153
2020-02-26 19:11:00,3160.2197760175472,0.0007253000351321158
2020-02-26 19:12:00,3160.296893873541,0.0007114887167580168
2020-02-26 19:13:00,3160.179718088558,0.0007214437858574119
2020-02-26 19:14:00,3161.579115069233,0.000703065468271621
2020-02-26 19:15:00,3161.8874952309084,0.000691102207687093
2020-02-26 19:16:00,3164.328913550086,0.0006749117417538859
2020-02-26 19:17:00,3167.864116702442,0.0006732932089185784
2020-02-26 19:18:00,3164.773491481781,0.000646273605023251
2020-02-26 19:19:00,3167.433204365021,0.0006303929161422128
2020-02-26 19:20:00,3167.2843496555083,0.0005835771339078082
2020-02-26 19:21:00,3168.2541996298382,0.0005718891924060787
2020-02-26 19:22:00,3168.5889819326817,0.0006090584416290527
2020-02-26 19:23:00,3169.7444006525384,0.0006220177113794056
2020-02-26 19:24:00,3170.6267472478903,0.0006349323097853707
2020-02-26 19:25:00,3169.725624843772,0.0006464631987626237
2020-02-26 19:26:00,3165.6080012518964,0.0007209765550332313
2020-02-26 19:27:00,3165.957719895229,0.0007186184252433398
2020-02-26 19:28:00,3168.2678226753533,0.0007317432776797267
2020-02-26 19:29:00,3168.5839995728284,0.0007338660255219673
2020-02-26 19:30:00,3166.4204112319358,0.0007343051467848389
2020-02-26 19:31:00,3167.3170629962715,0.0007990696821707654
2020-02-26 19:32:00,3167.6903364561717,0.0007380882577516416
2020-02-26 19:33:00,3164.7531156813025,0.0007489244193329838
2020-02-26 19:34:00,3161.2397859044254,0.0007319717382781285
2020-02-26 19:35:00,3160.4981322959948,0.0007086029848212188
2020-02-26 19:36:00,3161.492414964444,0.0006940023686733849
2020-02-26 19:37:00,3158.750661819507,0.0006730634300194285
2020-02-26 19:38:00,3157.304661461001,0.000623043098308213
2020-02-26 19:39:00,3158.568199028447,0.0005951442443569475
2020-02-26 19:40:00,3159.5499322329924,0.0006154256780176535
2020-02-26 19:41:00,3161.8255869241266,0.0006142816699444958
2020-02-26 19:42:00,3159.7443169994153,0.0006137921977233456
2020-02-26 19:43:00,3160.5508162094416,0.000606460522463359
2020-02-26 19:44:00,3160.4518649622273,0.0006439611903914294
2020-02-26 19:45:00,3158.9151398469285,0.0006635156036939958
2020-02-26 19:46:00,3159.0872582540273,0.0006807025475415553
2020-02-26 19:47:00,3157.973360526099,0.0006959943980953513
2020-02-26 19:48:00,3156.6250357457807,0.0006502352578261513
2020-02-26 19:49:00,3157.9745106180326,0.0006291036774239279
2020-02-26 19:50:00,3158.9210287321757,0.0006470672945628823
2020-02-26 19:51:00,3157.6092246015714,0.0006597550940124062
2020-02-26 19:52:00,3154.305966775067,0.0006227878613492494
2020-02-26 19:53:00,3150.156229930856,0.0006353905731443409
2020-02-26 19:54:00,3150.4348740974274,0.0006507408077821095
2020-02-26 19:55:00,3150.4183155606406,0.0006216382032697117
2020-02-26 19:56:00,3150.1180276452646,0.0006194655259354594
2020-02-26 19:57:00,3147.8873774026083,0.0005943506702002384
2020-02-26 19:58:00,3152.538407179093,0.0005665603626307913
2020-02-26 19:59:00,3152.706976995944,0.0005691413521380008
2020-02-27 13:30:00,3086.0762544569266,0.0005466912027088432
2020-02-27 13:31:00,3083.5220298100444,0.0005542476648575569
2020-02-27 13:32:00,3084.3095423217464,0.0005313892846378907
2020-02-27 13:33:00,3082.9932277644984,0.0005695955452113239
2020-02-27 13:34:00,3083.372436057494,0.0005579639445954126
2020-02-27 13:35:00,3084.1254519911913,0.0005094305437128287
2020-02-27 13:36:00,3083.61381962201,0.0005198336031175591
2020-02-27 13:37:00,3084.5322596718797,0.0004974513263087824
2020-02-27 13:38:00,3084.6619899440925,0.0004782023249200502
2020-02-27 13:39:00,3085.3848281690885,0.0004568748478484114
2020-02-27 13:40:00,3084.9515304671977,0.0004705761480434596
2020-02-27 13:41:00,3084.1038221066065,0.0004844580639264102
2020-02-27 13:42:00,3083.3963792356058,0.00047072857481743606
2020-02-27 13:43:00,3086.9131768977354,0.000484201286757495
2020-02-27 13:44:00,3089.471074062733,0.0005027995166383374
2020-02-27 13:45:00,3089.262416886508,0.0004980899677772954
2020-02-27 13:46:00,3088.915446278118,0.0005325580169495969
2020-02-27 13:47:00,3087.77090655587,0.0005682796083096587
2020-02-27 13:48:00,3088.362876787612,0.0005390506427959683
2020-02-27 13:49:00,3089.3640630742307,0.0005748064744489228
2020-02-27 13:50:00,3092.3894467826294,0.0005770030097582071
2020-02-27 13:51:00,3091.445231753083,0.0005322846527033634
2020-02-27 13:52:00,3092.024761297097,0.000522230407935174
2020-02-27 13:53:00,3090.7387037346957,0.0004968910977623841
2020-02-27 13:54:00,3089.155570953516,0.0004861936193382111
2020-02-27 13:55:00,3089.1999919743403,0.00047591495545004327
2020-02-27 13:56:00,3087.9133240400015,0.00048693168705409804
2020-02-27 13:57:00,3089.514601233882,0.0005099602846200871
2020-02-27 13:58:00,3090.440408240359,0.0005200445837194647
2020-02-27 13:59:00,3089.92535154099,0.0005642010466911902
2020-02-27 14:00:00,3091.8894170074477,0.0006004678683878095
2020-02-27 14:01:00,3091.30589991386,0.000597825387849622
2020-02-27 14:02:00,3091.0828650460776,0.0005863757971930587
2020-02-27 14:03:00,3090.213106025953,0.0005512005423074248
2020-02-27 14:04:00,3088.5241593250203,0.0005606881554649629
2020-02-27 14:05:00,3087.3239711203987,0.0005434020375398482
2020-02-27 14:06:00,3086.649696244713,0.0005179782595134012
2020-02-27 14:07:00,3086.6839664753065,0.0005348391366627292
2020-02-27 14:08:00,3088.4988123866588,0.0005194744264529848
2020-02-27 14:09:00,3089.6727943841483,0.000522726761180042
2020-02-27 14:10:00,3092.141406165521,0.0005338731210527257
2020-02-27 14:11:00,3093.3299794167806,0.0005727577164447238
2020-02-27 14:12:00,3093.0587346063426,0.0005763513040027153
2020-02-27 14:13:00,3091.5955293344014,0.0006269510993706461
2020-02-27 14:14:00,3091.309874317491,0.0005977363262197026
2020-02-27 14:15:00,3089.9749674406016,0.0006336634376558526
2020-02-27 14:16:00,3089.38757705342,0.0006038114645092513
2020-02-27 14:17:00,3087.899407459874,0.0006449803661331981
2020-02-27 14:18:00,3088.0997171777103,0.0006729826630233581
2020-02-27 14:19:00,3093.0820350702634,0.000692343155825834
2020-02-27 14:20:00,3089.5011662099278,0.0007112204073850141
2020-02-27 14:21:00,3092.609805296487,0.0007549136343371253
2020-02-27 14:22:00,3093.373322659325,0.0006949806900351287
2020-02-27 14:23:00,3093.5859864451195,0.0007264551844022278
2020-02-27 14:24:00,3097.610040057777,0.0007451464442611495
2020-02-27 14:25:00,3098.983431162723,0.000720842936307093
2020-02-27 14:26:00,3097.038263937241,0.0007870045510767458
2020-02-27 14:27:00,3098.800145115325,0.0008035038443065037
2020-02-27 14:28:00,3098.487875333888,0.0007477045934661982
2020-02-27 14:29:00,3098.240827552232,0.0006993749062116799
2020-02-27 14:30:00,3102.230755132859,0.0007103761056677688
2020-02-27 14:31:00,3103.506211818622,0.0006969924231759772
2020-02-27 14:32:00,3103.497534045669,0.0007354068108068044
2020-02-27 14:33:00,3098.170380223052,0.0007358036253799559
2020-02-27 14:34:00,3097.6479021680266,0.0007568132931935857
2020-02-27 14:35:00,3096.714277802264,0.0007782990793820775
2020-02-27 14:36:00,3092.821254764331,0.0007912976726713436
2020-02-27 14:37:00,3091.165694557369,0.0008431655292363788
2020-02-27 14:38:00,3087.2703879130977,0.0008200038754637682
2020-02-27 14:39:00,3085.248900460538,0.0008656437168953996
2020-02-27 14:40:00,3084.6573962073635,0.0008194817246059146
2020-02-27 14:41:00,3085.1548998725398,0.0008155207768247747
2020-02-27 14:42:00,3088.0567222728664,0.0008482562580643503
2020-02-27 14:43:00,3090.357879877425,0.0007663147323878502
2020-02-27 14:44:00,3088.736158847814,0.0007664409875783392
2020-02-27 14:45:00,3090.9012709312083,0.0007641069103871062
2020-02-27 14:46:00,3091.737057669915,0.0007622253955006303
2020-02-27 14:47:00,3094.7440303890494,0.0007260862626544502
2020-02-27 14:48:00,3096.0338301075526,0.0006630171996551825
2020-02-27 14:49:00,3096.9423762012207,0.0006706422596216606
2020-02-27 14:50:00,3095.629894997068,0.0007353860025439632
2020-02-27 14:51:00,3094.954619809331,0.0007524130446308743
2020-02-27 14:52:00,3092.8085261770248,0.0007940511722821929
2020-02-27 14:53:00,3091.4887170855827,0.0007234157446962657
2020-02-27 14:54:00,3089.9732499152396,0.000704740163434299
2020-02-27 14:55:00,3088.836904695351,0.0006903220478705525
2020-02-27 14:56:00,3090.5453787593033,0.0006657654453328242
2020-02-27 14:57:00,3091.9487010048892,0.0006672875494094255
2020-02-27 14:58:00,3091.2804024983407,0.0006892224990401197
2020-02-27 14:59:00,3092.6711922078216,0.0008054790058420835
2020-02-27 15:00:00,3096.8598421801753,0.0008335578125077928
2020-02-27 15:01:00,3093.5520501143087,0.000836231398699127
2020-02-27 15:02:00,3093.2029144146327,0.0007966682416045649
2020-02-27 15:03:00,3090.0642188480574,0.000794622477527284
2020-02-27 15:04:00,3086.8447964199368,0.000787337818402413
2020-02-27 15:05:00,3085.2453610105185,0.0007743972249131538
2020-02-27 15:06:00,3084.6859356285913,0.0007338859321718843
2020-02-27 15:07:00,3084.3841773944014,0.0007404514572262396
2020-02-27 15:08:00,3085.0577270524905,0.000765895963372099
2020-02-27 15:09:00,3080.7610154209697,0.0007291747490673599
2020-02-27 15:10:00,3078.4125385020498,0.0007549504145477923
2020-02-27 15:11:00,3076.6099468798484,0.0007423843342834626
2020-02-27 15:12:00,3071.5411049013314,0.0007224870547391676
2020-02-27 15:13:00,3074.6973523191364,0.0007208640545173921
2020-02-27 15:14:00,3073.9402399411806,0.0007630783469020384
2020-02-27 15:15:00,3074.5654257218184,0.0008000827076591265
2020-02-27 15:16:00,3067.572549135223,0.00082310249386371
2020-02-27 15:17:00,3069.1197927087055,0.0008535592694795201
2020-02-27 15:18:00,3070.1403191771897,0.0008980645812909527
2020-02-27 15:19:00,3067.55200449719,0.0009590777964549704
2020-02-27 15:20:00,3065.2105375788615,0.0009879266914046465
2020-02-27 15:21:00,3064.238238408974,0.0009002156591378258
2020-02-27 15:22:00,3063.6736038707645,0.0009025342394215923
2020-02-27 15:23:00,3060.9634281701715,0.0008619238781745133
2020-02-27 15:24:00,3059.7347087499393,0.0008787319683690095
2020-02-27 15:25:00,3056.414610336558,0.0009109785715387441
2020-02-27 15:26:00,3057.488349048706,0.000934613934127258
2020-02-27 15:27:00,3059.56034156418,0.0009942038065699488
2020-02-27 15:28:00,3066.2293890297124,0.0011286560084665495
2020-02-27 15:29:00,3067.1932258093943,0.0010973370196331856
2020-02-27 15:30:00,3069.345784954549,0.001060645114844128
2020-02-27 15:31:00,3066.4632417027,0.0010340123340223577
2020-02-27 15:32:00,3068.3305852741682,0.0010443676012978772
2020-02-27 15:33:00,3067.5824002163527,0.0010402299949744136
2020-02-27 15:34:00,3068.958639804147,0.001032433955938892
2020-02-27 15:35:00,3065.1580595262703,0.0010022685299503002
2020-02-27 15:36:00,3063.9364666805964,0.0009874070432010658
2020-02-27 15:37:00,3068.612161976975,0.0009947628654535254
2020-02-27 15:38:00,3066.9561872840827,0.0010374666392829618
2020-02-27 15:39:00,3066.399899038788,0.0010890591341777846
2020-02-27 15:40:00,3068.049423416343,0.0009519487030847153
2020-02-27 15:41:00,3066.8689277830986,0.0009379095334042122
2020-02-27 15:42:00,3068.1023803659546,0.0010101937795095172
2020-02-27 15:43:00,3074.741337940089,0.001017595389999865
2020-02-27 15:44:00,3077.1967165285046,0.001023287607103656
2020-02-27 15:45:00,3076.859297220398,0.0010305592911456674
2020-02-27 15:46:00,3077.374073628286,0.0010096197933755194
2020-02-27 15:47:00,3079.9863227460846,0.0011138813659231637
2020-02-27 15:48:00,3080.615199504062,0.001082785043259355
2020-02-27 15:49:00,3084.8039738776233,0.0010503338685065738
2020-02-27 15:50:00,3084.473486640541,0.0010571432047875408
2020-02-27 15:51:00,3088.594125373696,0.0010467044907883094
2020-02-27 15:52:00,3088.2989819727936,0.0010746352191227124
2020-02-27 15:53:00,3087.8977484905345,0.0011122585141310774
2020-02-27 15:54:00,3087.333592080117,0.0011061561508583634
2020-02-27 15:55:00,3085.490734049375,0.001038265350024279
2020-02-27 15:56:00,3094.0600658631633,0.00094639703442333
2020-02-27 15:57:00,3096.0558035476906,0.0009694132810859491
2020-02-27 15:58:00,3090.5002733916426,0.0009247554746125884
2020-02-27 15:59:00,3087.5498245518943,0.0008900963945984599
2020-02-27 16:00:00,3084.7148515499243,0.0008916120860082855
2020-02-27 16:01:00,3086.662279996023,0.0008392548370334835
2020-02-27 16:02:00,3080.3499224645984,0.0008887522730795193
2020-02-27 16:03:00,3080.3003495027633,0.0008886567848999901
2020-02-27 16:04:00,3085.6565815690683,0.0008884638084365465
2020-02-27 16:05:00,3082.912486231841,0.0008209217339672438
2020-02-27 16:06:00,3080.785903891761,0.0008200701867361191
2020-02-27 16:07:00,3083.9015586028986,0.0008059065777215816
2020-02-27 16:08:00,3084.6815298131146,0.0008536225746163974
2020-02-27 16:09:00,3086.0430882299293,0.000856618806682391
2020-02-27 16:10:00,3083.1524340831693,0.0009167199519472411
2020-02-27 16:11:00,3088.335974571319,0.0008756558477469002
2020-02-27 16:12:00,3083.819823581981,0.0008824938300953863
2020-02-27 16:13:00,3079.616006604419,0.0008896382847499234
2020-02-27 16:14:00,3080.103867671512,0.0008600151840147872
2020-02-27 16:15:00,3078.128485555061,0.000818370080608143
2020-02-27 16:16:00,3078.4780771178366,0.0008101210540582343
2020-02-27 16:17:00,3078.4235385396414,0.0007724661617236361
2020-02-27 16:18:00,3080.6082662434696,0.0007718673608688766
2020-02-27 16:19:00,3078.6627980140843,0.0008188570375388609
2020-02-27 16:20:00,3080.3172852698744,0.0008300378949879282
2020-02-27 16:21:00,3088.085576143674,0.0008199139002288435
2020-02-27 16:22:00,3089.649178877376,0.0008425529268826676
2020-02-27 16:23:00,3092.096263620864,0.0008098752309284003
2020-02-27 16:24:00,3088.834782076182,0.0008198214021201706
2020-02-27 16:25:00,3089.051986217384,0.0008323045190172192
2020-02-27 16:26:00,3089.9122426936096,0.0008519310820418656
2020-02-27 16:27:00,3089.0008861271535,0.0007951322023995574
2020-02-27 16:28:00,3089.4129337232007,0.0007978365090866084
2020-02-27 16:29:00,3089.2921429381668,0.0007944725124983282
2020-02-27 16:30:00,3087.2782223211357,0.0007600314349108625
2020-02-27 16:31:00,3083.466182349971,0.0007029758021187314
2020-02-27 16:32:00,3084.5067621253856,0.0007333827592119345
2020-02-27 16:33:00,3086.309450157953,0.0007132676335145475
2020-02-27 16:34:00,3083.2641264877634,0.0006889409931974142
2020-02-27 16:35:00,3084.0254752169258,0.0007079020304878115
2020-02-27 16:36:00,3086.5099403725153,0.0007154569495656758
2020-02-27 16:37:00,3084.876877921306,0.0007290781568877584
2020-02-27 16:38:00,3085.2475644363326,0.0007190726815832103
2020-02-27 16:39:00,3084.3608332596677,0.0007510178516805521
2020-02-27 16:40:00,3083.384643351288,0.0007812300703134299
2020-02-27 16:41:00,3088.022429151556,0.000780883928311111
2020-02-27 16:42:00,3087.19514831587,0.0008203098695423887
2020-02-27 16:43:00,3086.214266666621,0.0008303937298580328
2020-02-27 16:44:00,3090.608489585455,0.0008760752402462785
2020-02-27 16:45:00,3089.3861884342955,0.0008958391162469147
2020-02-27 16:46:00,3093.350416976976,0.0008503250695896875
2020-02-27 16:47:00,3088.76335955999,0.000824280824122193
2020-02-27 16:48:00,3088.7702655171283,0.0009019006865582962
2020-02-27 16:49:00,3089.741975106256,0.0008528622706905297
2020-02-27 16:50:00,3090.0068224421625,0.0008863125617066415
2020-02-27 16:51:00,3090.233302479968,0.0009348990788703962
2020-02-27 16:52:00,3092.413446265806,0.0008571799169743994
2020-02-27 16:53:00,3095.2580666126405,0.0008669259469841049
2020-02-27 16:54:00,3095.14319030229,0.0009369383453733408
2020-02-27 16:55:00,3094.3021532637567,0.0009157577470050052
2020-02-27 16:56:00,3093.54629413665,0.0008835819431376893
2020-02-27 16:57:00,3093.0698375849797,0.0008467879529279129
2020-02-27 16:58:00,3092.764353521387,0.0008983395966340235
2020-02-27 16:59:00,3095.275559100151,0.000939883369513959
2020-02-27 17:00:00,3093.9611094706756,0.0009597095049983986
2020-02-27 17:01:00,3091.585283058868,0.000885018061177621
2020-02-27 17:02:00,3091.645501986645,0.0009255970653160851
2020-02-27 17:03:00,3089.917130278291,0.0008838434828745568
2020-02-27 17:04:00,3085.294380177567,0.0008655542732626692
2020-02-27 17:05:00,3084.173329338872,0.0008326900337040161
2020-02-27 17:06:00,3082.2150361053436,0.0008245916119928933
2020-02-27 17:07:00,3079.396760556624,0.000733391434616192
2020-02-27 17:08:00,3078.983800789172,0.0007497660945954087
2020-02-27 17:09:00,3080.128616353928,0.0007322119225305731
2020-02-27 17:10:00,3079.5348575395033,0.0006822182862546878
2020-02-27 17:11:00,3078.209074200821,0.0006807745668714706
2020-02-27 17:12:00,3080.0201908412687,0.0006621632503086516
2020-02-27 17:13:00,3080.187984746451,0.000638536313883264
2020-02-27 17:14:00,3080.6984640783044,0.0005951184371791716
2020-02-27 17:15:00,3079.8412880188976,0.0005805723168677982
2020-02-27 17:16:00,3080.9680974569255,0.0005654111549218913
2020-02-27 17:17:00,3076.1084760442986,0.0005684076037015016
2020-02-27 17:18:00,3078.4154439379545,0.0005628692940138478
2020-02-27 17:19:00,3078.8850396288076,0.000581761836799004
2020-02-27 17:20:00,3078.3047192852578,0.0006055600529819456
2020-02-27 17:21:00,3077.0537196093646,0.0006166880271514877
2020-02-27 17:22:00,3076.4323631300977,0.000581254476534004
2020-02-27 17:23:00,3077.173533173632,0.0005924663134168856
2020-02-27 17:24:00,3078.259581816755,0.0005910160330817501
2020-02-27 17:25:00,3076.516249759995,0.0005671810934316025
2020-02-27 17:26:00,3075.6007132200657,0.000563142808954342
2020-02-27 17:27:00,3075.583407804526,0.000549369471758215
2020-02-27 17:28:00,3075.116419551021,0.0005513083072511359
2020-02-27 17:29:00,3074.076811714234,0.0005496756023136203
2020-02-27 17:30:00,3072.1179123569254,0.0005540961039089896
2020-02-27 17:31:00,3072.4588417364303,0.000538081387454404
2020-02-27 17:32:00,3071.681520578191,0.0005523104708485232
2020-02-27 17:33:00,3072.194630300882,0.0005377143201750033
2020-02-27 17:34:00,3074.683539578738,0.0005886741854805476
2020-02-27 17:35:00,3078.086400048826,0.0006050635410843803
2020-02-27 17:36:00,3077.687479975675,0.0005577945222974536
2020-02-27 17:37:00,3080.8537069597205,0.0005382550413913606
2020-02-27 17:38:00,3080.1428509820703,0.00054275051297057
2020-02-27 17:39:00,3081.030281392091,0.0006074047605608226
2020-02-27 17:40:00,3080.6643168996693,0.0005858193755823648
2020-02-27 17:41:00,3079.9214411198823,0.0006206530098502371
2020-02-27 17:42:00,3079.543251060407,0.0006164466398173634
2020-02-27 17:43:00,3080.4487331946625,0.0005889668497736216
2020-02-27 17:44:00,3079.157415122222,0.0006014575125953219
2020-02-27 17:45:00,3078.66068808812,0.0006084024854790305
2020-02-27 17:46:00,3077.395954381395,0.0005929145448706516
2020-02-27 17:47:00,3075.7561246019795,0.0005409830657417287
2020-02-27 17:48:00,3074.5007090765157,0.0005474572278430485
2020-02-27 17:49:00,3075.609610843764,0.000549166231887205
2020-02-27 17:50:00,3077.21584661435,0.0005315968089408939
2020-02-27 17:51:00,3076.2463281528367,0.000517486034951001
2020-02-27 17:52:00,3076.6627423713308,0.0005468955126038447
2020-02-27 17:53:00,3075.585005095108,0.000549862335109727
2020-02-27 17:54:00,3074.5958160000796,0.0005232414691414696
2020-02-27 17:55:00,3075.813674767159,0.0005332738854375401
2020-02-27 17:56:00,3074.497673856819,0.0005085012580423448
2020-02-27 17:57:00,3076.534519074944,0.0005262125063801102
2020-02-27 17:58:00,3077.112485628155,0.0005405118803489239
2020-02-27 17:59:00,3075.545250648691,0.0005329821969902884
2020-02-27 18:00:00,3078.3501256097225,0.0005520736059662607
2020-02-27 18:01:00,3075.4963427475573,0.0005326706698271084
2020-02-27 18:02:00,3074.664661263679,0.0005475127446399504
2020-02-27 18:03:00,3075.193451647312,0.0004914123546442328
2020-02-27 18:04:00,3072.010152486659,0.0004617006607280318
2020-02-27 18:05:00,3070.9858001267826,0.0004993978922428078
2020-02-27 18:06:00,3068.051018567103,0.0005143491748065762
2020-02-27 18:07:00,3067.2123785372437,0.00048611894133645373
2020-02-27 18:08:00,3066.04029425905,0.0004912815932902872
2020-02-27 18:09:00,3065.8779004383446,0.000507641864009646
2020-02-27 18:10:00,3065.82001816916,0.0005300158823404636
2020-02-27 18:11:00,3067.0533407002463,0.000558289006585116
2020-02-27 18:12:00,3068.7922709087115,0.0005156637614013648
2020-02-27 18:13:00,3070.94773358315,0.0004910150005537878
2020-02-27 18:14:00,3068.732498094521,0.000497894459638351
2020-02-27 18:15:00,3067.839258609178,0.0005209979236007713
2020-02-27 18:16:00,3070.130939247544,0.0005646446674185682
2020-02-27 18:17:00,3072.0840260032023,0.0005983361429442953
2020-02-27 18:18:00,3071.669689814986,0.0005648837584866169
2020-02-27 18:19:00,3073.045863769378,0.0005341438664284415
2020-02-27 18:20:00,3074.134301120087,0.0005412993192459366
2020-02-27 18:21:00,3072.240523334332,0.000542254203295418
2020-02-27 18:22:00,3074.1388092596376,0.0005526784407106006
2020-02-27 18:23:00,3075.903240982707,0.0005705199136212916
2020-02-27 18:24:00,3072.770112558367,0.0006128434605927944
2020-02-27 18:25:00,3074.951504637263,0.0005955084324474743
2020-02-27 18:26:00,3078.1720460609854,0.0006046620666056629
2020-02-27 18:27:00,3079.2105150062794,0.0005828479820232706
2020-02-27 18:28:00,3077.542516749078,0.0005838459726697373
2020-02-27 18:29:00,3075.0372395725694,0.0005963923595558226
2020-02-27 18:30:00,3074.9470759678884,0.0005699265030643102
2020-02-27 18:31:00,3075.5998916781014,0.0005910503251759624
2020-02-27 18:32:00,3078.0030536069794,0.0005259078715770287
2020-02-27 18:33:00,3078.5495316251136,0.0004939163522405245
2020-02-27 18:34:00,3077.0713071919276,0.0005686780113033597
2020-02-27 18:35:00,3076.375086989734,0.0005582216275114605
2020-02-27 18:36:00,3076.2698016277363,0.0005704648921140453
2020-02-27 18:37:00,3076.5331676624323,0.0005794271439586367
2020-02-27 18:38:00,3073.5306570154153,0.0005910841691774491
2020-02-27 18:39:00,3070.2629769316013,0.0005008648286997725
2020-02-27 18:40:00,3072.507062593191,0.0005068585794212476
2020-02-27 18:41:00,3075.6918890467764,0.0004687384744188571
2020-02-27 18:42:00,3076.8415139792446,0.00048761435978296225
2020-02-27 18:43:00,3077.813418854646,0.0004989244320574589
2020-02-27 18:44:00,3077.755351653371,0.0005054341016279917
2020-02-27 18:45:00,3077.6144804253636,0.0005031702861661957
2020-02-27 18:46:00,3076.9998691754913,0.0004822422311510373
2020-02-27 18:47:00,3078.3593236618863,0.0004897555245914813
2020-02-27 18:48:00,3077.351061513338,0.0004800227908031006
2020-02-27 18:49:00,3078.358954422238,0.0004955696785554398
2020-02-27 18:50:00,3080.759418501181,0.0005234831686208291
2020-02-27 18:51:00,3080.9198400033997,0.0005195352968166266
2020-02-27 18:52:00,3082.970982984616,0.0005133490133415915
2020-02-27 18:53:00,3083.0586295312223,0.0005306860584237688
2020-02-27 18:54:00,3081.295845821533,0.0005313119447657058
2020-02-27 18:55:00,3082.1148465242645,0.000506146648184668
2020-02-27 18:56:00,3079.7883556536776,0.0004909958463687964
2020-02-27 18:57:00,3079.9104529811775,0.00048684156042648366
2020-02-27 18:58:00,3078.89485772172,0.00044426168784382264
2020-02-27 18:59:00,3077.3345716948584,0.0004642607388071758
2020-02-27 19:00:00,3074.7042044342343,0.0004454844427993461
2020-02-27 19:01:00,3075.048419084435,0.0004388491470219231
2020-02-27 19:02:00,3075.7808616763255,0.0004013502217757085
2020-02-27 19:03:00,3074.9847023875814,0.0003871092692007661
2020-02-27 19:04:00,3072.9392060287614,0.00040082221826282584
2020-02-27 19:05:00,3073.5031078648954,0.0003929523661918035
2020-02-27 19:06:00,3072.04153711992,0.0004307776966750533
2020-02-27 19:07:00,3072.784759938177,0.00041782444350632267
2020-02-27 19:08:00,3073.511955370931,0.0004117486863876556
2020-02-27 19:09:00,3076.383609388607,0.00041636765851800765
2020-02-27 19:10:00,3076.3988748718316,0.0004340741548986201
2020-02-27 19:11:00,3076.7530948742096,0.00042131280048753484
2020-02-27 19:12:00,3077.6766826909807,0.00046322061069910844
2020-02-27 19:13:00,3077.774044996283,0.000532542228673657
2020-02-27 19:14:00,3078.889753473051,0.0005207593615828967
2020-02-27 19:15:00,3080.1870981736643,0.000524995141825216
2020-02-27 19:16:00,3078.730147460347,0.0005119320769164632
2020-02-27 19:17:00,3079.41488459823,0.0005333404649238449
2020-02-27 19:18:00,3080.8174351391426,0.0005532304059048347
2020-02-27 19:19:00,3080.2468228586918,0.0005278143584085489
2020-02-27 19:20:00,3076.2549211579976,0.0005288479837715034
2020-02-27 19:21:00,3075.6284514211643,0.00046993475063467565
2020-02-27 19:22:00,3074.9449905617166,0.00046646891174093925
2020-02-27 19:23:00,3072.6919559715084,0.0005031370466106583
2020-02-27 19:24:00,3073.34135590054,0.0004871226631575615
2020-02-27 19:25:00,3072.972093926138,0.0005170149772456983
2020-02-27 19:26:00,3075.0245089404793,0.000523609880935673
2020-02-27 19:27:00,3073.0820505907845,0.000545085614323021
2020-02-27 19:28:00,3072.326362624565,0.0005202173600627092
2020-02-27 19:29:00,3071.5067667594994,0.0004896135111731738
2020-02-27 19:30:00,3069.489443265801,0.0005305610941486653
2020-02-27 19:31:00,3066.740721337066,0.0005252448419896273
2020-02-27 19:32:00,3069.4354569604307,0.0005428215441288338
2020-02-27 19:33:00,3071.299402098086,0.0005276241267255591
2020-02-27 19:34:00,3071.2328106698947,0.000512175992909363
2020-02-27 19:35:00,3071.634318780179,0.0005101606532257677
2020-02-27 19:36:00,3070.379022036951,0.0004985082566469716
2020-02-27 19:37:00,3069.6316898358214,0.0005126784227412398
2020-02-27 19:38:00,3073.135829885777,0.0005367016917304775
2020-02-27 19:39:00,3069.3365445753507,0.0005232088958178856
2020-02-27 19:40:00,3069.534746654124,0.0005320210355389823
2020-02-27 19:41:00,3070.9725429474342,0.0005318409047155704
2020-02-27 19:42:00,3072.8325421942013,0.000526580869596376
2020-02-27 19:43:00,3074.414329226718,0.0005339920367228487
2020-02-27 19:44:00,3075.4105952736295,0.0005905465583226397
2020-02-27 19:45:00,3076.518202589437,0.0005764458486443047
2020-02-27 19:46:00,3077.2106483524135,0.0006228897693785606
2020-02-27 19:47:00,3077.0860126272287,0.0006096126828201721
2020-02-27 19:48:00,3072.424805114927,0.0006439611702910594
2020-02-27 19:49:00,3071.843366213254,0.0006455681381944935
2020-02-27 19:50:00,3069.6936172555247,0.0006698937762359845
2020-02-27 19:51:00,3068.5902272383396,0.0006975779626790904
2020-02-27 19:52:00,3068.244027356651,0.0007294411455858005
2020-02-27 19:53:00,3069.5069014002843,0.0007585791360775109
2020-02-27 19:54:00,3067.764291933148,0.0007303373657164575
2020-02-27 19:55:00,3067.203915779345,0.0007132550145233827
2020-02-27 19:56:00,3069.013539031216,0.0007496511270010996
2020-02-27 19:57:00,3071.589033215648,0.0007591834292992711
2020-02-27 19:58:00,3074.575002810039,0.000799400595003853
2020-02-27 19:59:00,3076.1948290319474,0.0008106369581635113
2020-02-28 13:30:00,3049.7762517833426,0.0008549209192111402
2020-02-28 13:31:00,3052.2472808724237,0.000805666727572469
2020-02-28 13:32:00,3051.96844959502,0.0009033770226177695
2020-02-28 13:33:00,3050.88094682561,0.0008908275953011254
2020-02-28 13:34:00,3050.2653971657037,0.0008811924330032767
2020-02-28 13:35:00,3051.1098238732143,0.0008984269558734963
2020-02-28 13:36:00,3053.948571080401,0.0009130390639562082
2020-02-28 13:37:00,3052.3256973535804,0.0009358960633428214
2020-02-28 13:38:00,3054.3645048415124,0.0009750673994875787
2020-02-28 13:39:00,3056.8461078713176,0.000992938628216985
2020-02-28 13:40:00,3058.5360990119107,0.000980465885774679
2020-02-28 13:41:00,3050.8112033094953,0.0008596895982538578
2020-02-28 13:42:00,3046.9830028306883,0.0008341204145163618
2020-02-28 13:43:00,3047.6858319127223,0.0008666791243159982
2020-02-28 13:44:00,3047.0623270994015,0.0009531937143323874
2020-02-28 13:45:00,3045.6902519961304,0.0009553963092685232
2020-02-28 13:46:00,3041.6030692810427,0.0009575036461116147
2020-02-28 13:47:00,3038.6771908107803,0.0009648128877365113
2020-02-28 13:48:00,3037.9176734779035,0.0009084955535745958
2020-02-28 13:49:00,3041.047348869826,0.0009021037167521121
2020-02-28 13:50:00,3043.3792542399256,0.0008491233056954459
2020-02-28 13:51:00,3046.7140057127326,0.0008280009861576596
2020-02-28 13:52:00,3042.879689583617,0.0008039922082504219
2020-02-28 13:53:00,3043.45682904794,0.0008261324423509852
2020-02-28 13:54:00,3045.1050337435495,0.000769020043135388
2020-02-28 13:55:00,3045.7106382832208,0.0007527872531603713
2020-02-28 13:56:00,3042.5180886361945,0.000700628932422322
2020-02-28 13:57:00,3043.79296873941,0.0007365207311682547
2020-02-28 13:58:00,3044.538483385173,0.0007586199047004982
2020-02-28 13:59:00,3040.4570905069304,0.0007529789861617934
2020-02-28 14:00:00,3044.169213225551,0.0007643163601428523
2020-02-28 14:01:00,3049.442567614038,0.0008275201821412432
2020-02-28 14:02:00,3050.470999775689,0.0007931651697114067
2020-02-28 14:03:00,3050.6291691356864,0.0007677085127630049
2020-02-28 14:04:00,3051.1349203933864,0.0007810283116429173
2020-02-28 14:05:00,3050.748448546726,0.0008057795051853474
2020-02-28 14:06:00,3049.699563222929,0.0008036686484685387
2020-02-28 14:07:00,3048.4439726630612,0.0008168364321314402
2020-02-28 14:08:00,3046.9903751213697,0.0008043151428767436
2020-02-28 14:09:00,3050.6382340869864,0.000837155762493098
2020-02-28 14:10:00,3046.094694776787,0.0009166904334539622
2020-02-28 14:11:00,3047.680320777383,0.0009356128475675775
2020-02-28 14:12:00,3047.7629328338357,0.0009662997524318821
2020-02-28 14:13:00,3049.0554311334877,0.0008873031440964223
2020-02-28 14:14:00,3046.516469608021,0.0008780933842776077
2020-02-28 14:15:00,3049.086297909667,0.0008946236808246981
2020-02-28 14:16:00,3050.988649557101,0.000882080620972054
2020-02-28 14:17:00,3049.395166190537,0.0008132326876655711
2020-02-28 14:18:00,3046.4880977791026,0.0008182755169227439
2020-02-28 14:19:00,3043.1590002357257,0.0008551212815299282
2020-02-28 14:20:00,3043.1996625625047,0.0008092742468501253
2020-02-28 14:21:00,3042.8951898095297,0.0007885600389063945
2020-02-28 14:22:00,3042.36184491951,0.0008837228860550792
2020-02-28 14:23:00,3039.4337697441365,0.0008991084133801963
2020-02-28 14:24:00,3037.320506192005,0.0009117446836144433
2020-02-28 14:25:00,3032.5726692680933,0.0009666231610240355
2020-02-28 14:26:00,3029.9973091947,0.0009847138156895948
2020-02-28 14:27:00,3028.5067895188986,0.0009190943012743801
2020-02-28 14:28:00,3027.634685963445,0.0009138884784640511
2020-02-28 14:29:00,3030.8783781308894,0.0009250180702578848
2020-02-28 14:30:00,3029.755891740794,0.0008806869939647104
2020-02-28 14:31:00,3029.386858396635,0.0008924912228198278
2020-02-28 14:32:00,3029.632531369946,0.000895918982966924
2020-02-28 14:33:00,3030.901696887807,0.0008174380192599957
2020-02-28 14:34:00,3032.6732903249413,0.0007842408306629793
2020-02-28 14:35:00,3033.580401235476,0.0007700664135973136
2020-02-28 14:36:00,3031.5611721344435,0.0007355809800822368
2020-02-28 14:37:00,3032.7151604912374,0.0007495849821197841
2020-02-28 14:38:00,3034.6575878122126,0.0007937053777665865
2020-02-28 14:39:00,3034.0681888248478,0.000780523328975087
2020-02-28 14:40:00,3033.9029613770444,0.0007606496386818252
2020-02-28 14:41:00,3031.9817878722024,0.000752870143831673
2020-02-28 14:42:00,3036.952834305297,0.0007486574182769685
2020-02-28 14:43:00,3037.453176715994,0.0007660207576812128
2020-02-28 14:44:00,3041.134418137549,0.0007127342656675881
2020-02-28 14:45:00,3039.6197098176513,0.0006576193261979751
2020-02-28 14:46:00,3038.552227375422,0.0006964963317626067
2020-02-28 14:47:00,3039.276528589901,0.0007205609169196577
2020-02-28 14:48:00,3038.4100566801585,0.0007189575796389327
2020-02-28 14:49:00,3039.016381928884,0.0007159171721923528
2020-02-28 14:50:00,3037.678175071889,0.0006915809292896614
2020-02-28 14:51:00,3037.12130758302,0.0007055237587801087
2020-02-28 14:52:00,3036.9336842994944,0.000718120875364471
2020-02-28 14:53:00,3038.234914427829,0.0007477460698221652
2020-02-28 14:54:00,3034.976314702271,0.0007427183321518768
2020-02-28 14:55:00,3035.880847980947,0.0007161067928202604
2020-02-28 14:56:00,3033.9999414427143,0.0007239060063128646
2020-02-28 14:57:00,3034.5956076657244,0.0006982489186707661
2020-02-28 14:58:00,3035.3366720315767,0.0006316326797973414
2020-02-28 14:59:00,3033.4187003190837,0.0006540645469645788
2020-02-28 15:00:00,3031.82661706841,0.0006439771621696331
2020-02-28 15:01:00,3032.462558382778,0.0006569692011610007
2020-02-28 15:02:00,3027.0846184825555,0.000698604754662262
2020-02-28 15:03:00,3024.934975636056,0.0006848229903698405
2020-02-28 15:04:00,3021.795991877511,0.0006722674419772271
2020-02-28 15:05:00,3020.454903720895,0.0006999395560319613
2020-02-28 15:06:00,3016.4184393775013,0.0006643151176745364
2020-02-28 15:07:00,3015.0428124678524,0.0006648272713218118
2020-02-28 15:08:00,3015.596789437515,0.0006601458183074648
2020-02-28 15:09:00,3017.8924228638534,0.0006491074139760088
2020-02-28 15:10:00,3020.743225992725,0.0006676465748768195
2020-02-28 15:11:00,3018.1573212824137,0.0006890841907227591
2020-02-28 15:12:00,3021.54969649615,0.0007287326858166184
2020-02-28 15:13:00,3018.4451839266503,0.000723794886393028
2020-02-28 15:14:00,3020.482146458645,0.0007038750915667386
2020-02-28 15:15:00,3021.2651333151703,0.0007194872952016806
2020-02-28 15:16:00,3022.1579314763817,0.0006984324180170792
2020-02-28 15:17:00,3024.7335531560902,0.00068701251293226
2020-02-28 15:18:00,3024.781313711141,0.0006956257834011721
2020-02-28 15:19:00,3021.152272526822,0.0006833447197701043
2020-02-28 15:20:00,3019.643816314208,0.0006816355011111771
2020-02-28 15:21:00,3023.1070592257774,0.0007167625424664531
2020-02-28 15:22:00,3023.58914457545,0.000712050583312662
2020-02-28 15:23:00,3022.2251696801736,0.0006282830630322967
2020-02-28 15:24:00,3022.401915986134,0.0006207403364907898
2020-02-28 15:25:00,3023.683764079348,0.0005633247520467328
2020-02-28 15:26:00,3026.2823964112536,0.0005977865060583841
2020-02-28 15:27:00,3028.343380483297,0.0005543720323274252
2020-02-28 15:28:00,3026.723077866668,0.0005238428121221052
2020-02-28 15:29:00,3024.376690964196,0.0004960409916062389
2020-02-28 15:30:00,3025.952993035494,0.00047772774813076063
2020-02-28 15:31:00,3024.257069963457,0.00044507356048484033
2020-02-28 15:32:00,3024.3521174238836,0.0004406403358350867
2020-02-28 15:33:00,3023.9203075000078,0.0004553015814890234
2020-02-28 15:34:00,3022.2011382532564,0.00045660739479654673
2020-02-28 15:35:00,3020.0218094402485,0.00044928639846994277
2020-02-28 15:36:00,3019.586356640637,0.0004718615620384977
2020-02-28 15:37:00,3020.9247992047426,0.00047491492688324756
2020-02-28 15:38:00,3021.1690236973327,0.0004578831857777165
2020-02-28 15:39:00,3022.636735876872,0.0005006944628299966
2020-02-28 15:40:00,3023.306062912268,0.0004766070260022755
2020-02-28 15:41:00,3025.751030022419,0.0005115304318018614
2020-02-28 15:42:00,3025.7857763904367,0.0004896942215119725
2020-02-28 15:43:00,3026.0293452426,0.0005085327754058936
2020-02-28 15:44:00,3029.3911433612625,0.0004949372796855751
2020-02-28 15:45:00,3026.849502857064,0.0005113205954930601
2020-02-28 15:46:00,3024.777079242469,0.000534486943660649
2020-02-28 15:47:00,3023.383419109732,0.0005477754732296795
2020-02-28 15:48:00,3025.2857734716836,0.0005377330439495653
2020-02-28 15:49:00,3025.5365434219,0.0005542822609628138
2020-02-28 15:50:00,3024.9722565576617,0.0005594947098187619
2020-02-28 15:51:00,3025.2402763401237,0.0005966862163142353
2020-02-28 15:52:00,3024.4286930735916,0.000579165416483515
2020-02-28 15:53:00,3022.585407229267,0.0005878488468649436
2020-02-28 15:54:00,3021.0899110894807,0.0005479155482673554
2020-02-28 15:55:00,3024.7607710623283,0.00058271947310204
2020-02-28 15:56:00,3022.1584742816526,0.0005717144062471766
2020-02-28 15:57:00,3020.573773416823,0.0005762834522138133
2020-02-28 15:58:00,3021.482701941398,0.0005291696555235098
2020-02-28 15:59:00,3021.4976780149264,0.0005315269964397319
2020-02-28 16:00:00,3022.6501984989827,0.0005725129689611689
2020-02-28 16:01:00,3024.505693202336,0.0005711809596711805
2020-02-28 16:02:00,3023.6520932679286,0.0005764829265266155
2020-02-28 16:03:00,3025.825362939342,0.0006091977709555024
2020-02-28 16:04:00,3029.402979753173,0.0006624635137895726
2020-02-28 16:05:00,3031.3361832650435,0.0006592816897894462
2020-02-28 16:06:00,3031.7456266976383,0.000696389302293763
2020-02-28 16:07:00,3029.9624827994835,0.0007120095024354765
2020-02-28 16:08:00,3029.043099296266,0.0007672607372219637
2020-02-28 16:09:00,3024.5191336169632,0.000763974234446263
2020-02-28 16:10:00,3023.801087856457,0.0007673536128613061
2020-02-28 16:11:00,3021.0540819710604,0.0007937392138548358
2020-02-28 16:12:00,3019.788427150796,0.0007731123573043185
2020-02-28 16:13:00,3021.861849245527,0.0007385401213636505
2020-02-28 16:14:00,3020.6451136110486,0.0007274557245622878
2020-02-28 16:15:00,3025.0173491091405,0.0007126545367254179
2020-02-28 16:16:00,3025.960714793064,0.0007197650865073545
2020-02-28 16:17:00,3028.920920338182,0.0007159327503575112
2020-02-28 16:18:00,3026.981722989223,0.0006873728630519752
2020-02-28 16:19:00,3024.568855679025,0.0007084330586231879
2020-02-28 16:20:00,3027.809040707137,0.0006417071647692941
2020-02-28 16:21:00,3028.8793502746325,0.0006413464333910937
2020-02-28 16:22:00,3030.286886249655,0.0005829366555379062
2020-02-28 16:23:00,3030.322142554454,0.0005557873373251034
2020-02-28 16:24:00,3029.4510245580723,0.0005430385116851639
2020-02-28 16:25:00,3030.498584503099,0.0005475104818852335
2020-02-28 16:26:00,3030.51857305041,0.0005314312375290833
2020-02-28 16:27:00,3032.2219315532197,0.0004979795602032363
2020-02-28 16:28:00,3033.445882274402,0.0004890745822691911
2020-02-28 16:29:00,3034.473833014142,0.00047662544146354784
2020-02-28 16:30:00,3032.553246857892,0.00047574672742603855
2020-02-28 16:31:00,3031.4669954823025,0.0004922211235915825
2020-02-28 16:32:00,3031.657231270849,0.0005077170185636052
2020-02-28 16:33:00,3032.043870796021,0.0004737224723490471
2020-02-28 16:34:00,3033.420435602779,0.0004895507828089648
2020-02-28 16:35:00,3031.5115779832886,0.0005394880544939533
2020-02-28 16:36:00,3031.231306192364,0.0005135225207929981
2020-02-28 16:37:00,3029.247615839299,0.0005015680806547325
2020-02-28 16:38:00,3029.5267563480134,0.0005005435815533818
2020-02-28 16:39:00,3028.8126467927527,0.0005179826900792678
2020-02-28 16:40:00,3029.3582911715657,0.0005335369155703596
2020-02-28 16:41:00,3026.7039344132822,0.0005416323745947959
2020-02-28 16:42:00,3027.6778548378998,0.0005933901911602514
2020-02-28 16:43:00,3030.248086817752,0.0005760709309647974
2020-02-28 16:44:00,3030.6100351927075,0.0005657409043351557
2020-02-28 16:45:00,3027.492180758945,0.0005433519904519662
2020-02-28 16:46:00,3028.200892671825,0.0005587808208170359
2020-02-28 16:47:00,3028.460076623059,0.0005409885184215295
2020-02-28 16:48:00,3030.59630724596,0.0005596577152003284
2020-02-28 16:49:00,3031.8504449059433,0.0005450085543296319
2020-02-28 16:50:00,3030.6572298107126,0.0005464575581379759
2020-02-28 16:51:00,3031.4753520387258,0.00054458883351947
2020-02-28 16:52:00,3033.196167216372,0.0005611742500492997
2020-02-28 16:53:00,3033.501169051725,0.0005812503627280498
2020-02-28 16:54:00,3034.267107523477,0.0005996912811706821
2020-02-28 16:55:00,3034.5988076188814,0.000568589384455325
2020-02-28 16:56:00,3039.112193683882,0.0006266217967522051
2020-02-28 16:57:00,3040.6387989271675,0.0005801825349566459
2020-02-28 16:58:00,3039.0384899424735,0.0005559888447651771
2020-02-28 16:59:00,3040.41250753461,0.0005663676025257892
2020-02-28 17:00:00,3037.6024827924066,0.0005778169096027805
2020-02-28 17:01:00,3040.300300589086,0.0005658334857035458
2020-02-28 17:02:00,3040.8783498544904,0.000565261382631483
2020-02-28 17:03:00,3041.4794088630792,0.000593567348448016
2020-02-28 17:04:00,3041.9535787468694,0.0006005559697692168
2020-02-28 17:05:00,3039.336233896697,0.0006113933276733684
2020-02-28 17:06:00,3032.7004233700836,0.0006125854953096543
2020-02-28 17:07:00,3034.4108639190317,0.0005955208636340082
2020-02-28 17:08:00,3036.1699498579405,0.0006037779472126664
2020-02-28 17:09:00,3037.180191731942,0.0006080802413956063
2020-02-28 17:10:00,3035.8455811517515,0.0006145746410193055
2020-02-28 17:11:00,3035.694822565624,0.000587336096644779
2020-02-28 17:12:00,3036.7676588826357,0.0006003384211623813
2020-02-28 17:13:00,3036.1461396354207,0.0005740518043278808
2020-02-28 17:14:00,3036.3305863703918,0.0005691631032156296
2020-02-28 17:15:00,3039.8763962340518,0.0005554708355675913
2020-02-28 17:16:00,3038.1642026194772,0.0005492297579119589
2020-02-28 17:17:00,3034.3370637389366,0.0005770212540466271
2020-02-28 17:18:00,3034.746532272671,0.0005730494432124477
2020-02-28 17:19:00,3036.278537452049,0.0005116709182125416
2020-02-28 17:20:00,3035.6270033235282,0.0005154559823592329
2020-02-28 17:21:00,3037.496604110084,0.0005607606310594204
2020-02-28 17:22:00,3034.98564868132,0.0005898655664457308
2020-02-28 17:23:00,3033.2300363007416,0.0005750577280569879
2020-02-28 17:24:00,3036.6257279112115,0.0005275177720844488
2020-02-28 17:25:00,3039.1549084137196,0.000539462150665094
2020-02-28 17:26:00,3039.2538477938797,0.0005243548036463254
2020-02-28 17:27:00,3038.2461192413175,0.0005334482458601332
2020-02-28 17:28:00,3038.9127823742274,0.0005220611037923926
2020-02-28 17:29:00,3037.5644878592743,0.0005129533195112729
2020-02-28 17:30:00,3036.097966040015,0.0005635604489602185
2020-02-28 17:31:00,3035.29568056075,0.0005249141668637218
2020-02-28 17:32:00,3036.3958698091674,0.0005075903397791618
2020-02-28 17:33:00,3039.246516776419,0.0004718945609491542
2020-02-28 17:34:00,3037.9520408357107,0.0004612374705542657
2020-02-28 17:35:00,3036.8168634122176,0.00043598257698802524
2020-02-28 17:36:00,3036.678321136179,0.0004628859405820281
2020-02-28 17:37:00,3036.8669121178955,0.0004365072078900398
2020-02-28 17:38:00,3036.7704570799283,0.0003900239970464679
2020-02-28 17:39:00,3037.101073337742,0.0004004042924634022
2020-02-28 17:40:00,3037.601564531892,0.0004216713398357609
2020-02-28 17:41:00,3038.64352239813,0.00043479758003567276
2020-02-28 17:42:00,3038.7772192070047,0.0004308801912564838
2020-02-28 17:43:00,3036.873256371874,0.0004412523107842115
2020-02-28 17:44:00,3037.374050699992,0.00043949650946602877
2020-02-28 17:45:00,3038.4083207103326,0.0004181346037957514
2020-02-28 17:46:00,3037.449865738422,0.0004544493478147889
2020-02-28 17:47:00,3037.7664536243255,0.0004604462800336423
2020-02-28 17:48:00,3036.0418601438173,0.0004594573809083765
2020-02-28 17:49:00,3034.3623486934284,0.00045643333755175907
2020-02-28 17:50:00,3034.007496819882,0.0004690913167503405
2020-02-28 17:51:00,3032.3821928233774,0.0004668151044457117
2020-02-28 17:52:00,3032.0879129147934,0.0004824112093210278
2020-02-28 17:53:00,3032.769161507547,0.00048501949946307035
2020-02-28 17:54:00,3033.707749381054,0.00048558493061552047
2020-02-28 17:55:00,3034.716979647201,0.0004726307275502187
2020-02-28 17:56:00,3034.187582050835,0.000461096616632305
2020-02-28 17:57:00,3035.7687511361637,0.0004422429862959301
2020-02-28 17:58:00,3035.8559652145127,0.0004322261078330046
2020-02-28 17:59:00,3034.1641465944126,0.00044468626200994945
2020-02-28 18:00:00,3033.1908218220246,0.0004564931320725852
2020-02-28 18:01:00,3033.188276094538,0.000454149757471297
2020-02-28 18:02:00,3031.3106335600173,0.00046755925837181265
2020-02-28 18:03:00,3032.373626003228,0.00047098433639324993
2020-02-28 18:04:00,3032.5541996899005,0.00046960671258127466
2020-02-28 18:05:00,3034.73200254212,0.0004908807749967838
2020-02-28 18:06:00,3036.776413202661,0.00046397074902991043
2020-02-28 18:07:00,3037.7033927978864,0.00045054416825027037
2020-02-28 18:08:00,3038.147733116255,0.00045265944381213624
2020-02-28 18:09:00,3035.2932677590347,0.00046890092071661424
2020-02-28 18:10:00,3032.7970427474943,0.0004242535479443663
2020-02-28 18:11:00,3033.602313339905,0.00044562608269903525
2020-02-28 18:12:00,3034.1160768976956,0.000430303588454978
2020-02-28 18:13:00,3033.389422467166,0.0004120024201380744
2020-02-28 18:14:00,3031.696275020431,0.0004362302620549209
2020-02-28 18:15:00,3030.5931190402307,0.0004411480221975148
2020-02-28 18:16:00,3029.386549933063,0.0004624863950784504
2020-02-28 18:17:00,3030.2287281915137,0.00047378660134079
2020-02-28 18:18:00,3029.0342137194393,0.0004784921378623419
2020-02-28 18:19:00,3026.96396931125,0.0005087475277033372
2020-02-28 18:20:00,3027.588815870271,0.0004969494585901651
2020-02-28 18:21:00,3028.2776489185762,0.00048361962022654267
2020-02-28 18:22:00,3030.256959964405,0.0005053978167390105
2020-02-28 18:23:00,3031.0242493874707,0.00048219475876602166
2020-02-28 18:24:00,3030.1586260304875,0.000432088988387085
2020-02-28 18:25:00,3030.075346760954,0.00041542964181617246
2020-02-28 18:26:00,3032.9548147701917,0.00038121917037590183
2020-02-28 18:27:00,3034.8842198562375,0.0003620832549407363
2020-02-28 18:28:00,3032.5493192026365,0.0003369320016350649
2020-02-28 18:29:00,3031.350463994102,0.00031202566274304144
2020-02-28 18:30:00,3030.4531209950874,0.00031565449716740925
2020-02-28 18:31:00,3028.50026981362,0.0002927544320504244
2020-02-28 18:32:00,3028.633015099364,0.000278810602510593
2020-02-28 18:33:00,3029.240229848434,0.0002750793579272964
2020-02-28 18:34:00,3028.7561423754705,0.00026133487828522287
2020-02-28 18:35:00,3029.0617089076204,0.00023366355995655893
2020-02-28 18:36:00,3029.6046495941505,0.00023945716447445087
2020-02-28 18:37:00,3028.46036145835,0.0002466008619823059
2020-02-28 18:38:00,3030.0177872116365,0.0002371936958524129
2020-02-28 18:39:00,3029.1741915092125,0.00022915980101437437
2020-02-28 18:40:00,3030.0629348253033,0.00024189126633533935
2020-02-28 18:41:00,3030.9172415176427,0.0002465775928087592
2020-02-28 18:42:00,3031.8683009564184,0.0002481125177076373
2020-02-28 18:43:00,3031.622633466686,0.00025297813267181624
2020-02-28 18:44:00,3031.5047967733126,0.0002335582534681763
2020-02-28 18:45:00,3031.071582047093,0.00023095785637316314
2020-02-28 18:46:00,3032.2807243331017,0.0002422192030693866
2020-02-28 18:47:00,3031.9348853463466,0.00023980189070317828
2020-02-28 18:48:00,3031.002496105764,0.00024375921085290886
2020-02-28 18:49:00,3031.078267167387,0.0002346948472044418
2020-02-28 18:50:00,3030.546295336562,0.0002361172943995979
2020-02-28 18:51:00,3030.463068230743,0.0002449997318556028
2020-02-28 18:52:00,3029.2379726277322,0.00023970402125567241
2020-02-28 18:53:00,3028.0054719711197,0.00027242069449270786
2020-02-28 18:54:00,3025.9277776043114,0.0002919840196497485
2020-02-28 18:55:00,3026.7125099922746,0.0002929714075698818
2020-02-28 18:56:00,3026.3154210865123,0.0002769956597997274
2020-02-28 18:57:00,3026.381097081323,0.0002902222498030265
2020-02-28 18:58:00,3027.293675610274,0.0002811221914450941
2020-02-28 18:59:00,3025.84801658319,0.0002813113210557192
2020-02-28 19:00:00,3026.226479955109,0.00028062137291365086
2020-02-28 19:01:00,3024.787179338457,0.00028390606115324913
2020-02-28 19:02:00,3024.466777866946,0.00028382379642402633
2020-02-28 19:03:00,3024.5085647173128,0.0002725156125182215
2020-02-28 19:04:00,3025.084629761815,0.0002713342169718994
2020-02-28 19:05:00,3026.2211168223143,0.0002780389444303828
2020-02-28 19:06:00,3026.6866985088877,0.00027451080418000546
2020-02-28 19:07:00,3026.085503045945,0.0002664075203903756
2020-02-28 19:08:00,3024.999290115498,0.00025321469238978356
2020-02-28 19:09:00,3026.042686867907,0.00024021036370882554
2020-02-28 19:10:00,3025.5735278192283,0.00024132426157620504
2020-02-28 19:11:00,3027.07388331636,0.00024571891452246077
2020-02-28 19:12:00,3025.831807744521,0.00022660078679022589
2020-02-28 19:13:00,3025.007610492476,0.00021452278297966342
2020-02-28 19:14:00,3025.237406647503,0.00021829845174701327
2020-02-28 19:15:00,3025.2213334297867,0.00021870301481671724
2020-02-28 19:16:00,3024.876457704547,0.00022878762990421626
2020-02-28 19:17:00,3024.702332380866,0.00023454219305141076
2020-02-28 19:18:00,3024.964939569697,0.0002493314511356047
2020-02-28 19:19:00,3025.1327292923543,0.00025366769988663374
2020-02-28 19:20:00,3025.1130066147575,0.0002515711992394061
2020-02-28 19:21:00,3025.4374501656334,0.0002453197991685724
2020-02-28 19:22:00,3026.108799045451,0.00023379684070410885
2020-02-28 19:23:00,3024.969100481328,0.00024677182504314574
2020-02-28 19:24:00,3024.5629043462272,0.0002513336020034369
2020-02-28 19:25:00,3024.314096783758,0.00024650808837328264
2020-02-28 19:26:00,3023.673199550536,0.00023781689487691675
2020-02-28 19:27:00,3023.833322174578,0.000236611617472061
2020-02-28 19:28:00,3024.7112961484313,0.00022731503470476346
2020-02-28 19:29:00,3024.9870928977216,0.00021284056631955684
2020-02-28 19:30:00,3024.484209960068,0.00021806588572594423
2020-02-28 19:31:00,3024.95037820253,0.0002176135455154173
2020-02-28 19:32:00,3024.625248439398,0.000212007553576342
2020-02-28 19:33:00,3025.198137539339,0.00020615037067212735
2020-02-28 19:34:00,3026.092107773749,0.00020675766744219362
2020-02-28 19:35:00,3025.6504069807206,0.000209141761923682
2020-02-28 19:36:00,3026.4866384998086,0.00021660926907859357
2020-02-28 19:37:00,3026.7789866595563,0.00020816657768257224
2020-02-28 19:38:00,3025.795459223047,0.0002040463016454174
2020-02-28 19:39:00,3026.273620136854,0.0001921093647358664
2020-02-28 19:40:00,3027.1344065896255,0.00019371435152715338
2020-02-28 19:41:00,3027.145602688252,0.00019510516203921752
2020-02-28 19:42:00,3027.7229800744917,0.00018913679178942034
2020-02-28 19:43:00,3027.974211867746,0.0001839857704667206
2020-02-28 19:44:00,3028.642721556181,0.00018087207256601523
2020-02-28 19:45:00,3028.906758923399,0.0001881281197745053
2020-02-28 19:46:00,3028.525314026129,0.00017764858143058958
2020-02-28 19:47:00,3028.550768727385,0.00018408602269753092
2020-02-28 19:48:00,3028.553537447853,0.000188468562833247
2020-02-28 19:49:00,3028.657853538612,0.0001874433222500069
2020-02-28 19:50:00,3028.3484190224044,0.00019062797832984386
2020-02-28 19:51:00,3027.77803032116,0.00020200950406042156
2020-02-28 19:52:00,3028.544278930463,0.00021338284615911936
2020-02-28 19:53:00,3028.710053767177,0.000210259867271537
2020-02-28 19:54:00,3029.4763580342606,0.00021006311229864884
2020-02-28 19:55:00,3030.3735456315103,0.00022708066595154313
2020-02-28 19:56:00,3031.426056527026,0.00021608798792054586
2020-02-28 19:57:00,3032.047379447968,0.00020764319903115934
2020-02-28 19:58:00,3031.9530466471856,0.0002051751792194923
2020-02-28 19:59:00,3033.0371553146333,0.00022543467815784097
2020-03-02 13:30:00,3005.7963254105157,0.0002243729446839739
2020-03-02 13:31:00,3005.43824327088,0.000226129827497096
2020-03-02 13:32:00,3005.883725028846,0.00023546282681530652
2020-03-02 13:33:00,3005.802411648926,0.00022402254960675945
2020-03-02 13:34:00,3006.583637679329,0.0002116709378149792
2020-03-02 13:35:00,3006.623461779013,0.00020167457815494037
2020-03-02 13:36:00,3005.7232584838393,0.00019169841658038165
2020-03-02 13:37:00,3005.004745005698,0.00018234545784329007
2020-03-02 13:38:00,3004.87509216309,0.0001732287570510102
2020-03-02 13:39:00,3005.808011908084,0.0001614064577818517
2020-03-02 13:40:00,3005.555772927616,0.00016343961458380638
2020-03-02 13:41:00,3005.619310609849,0.00015152275493274955
2020-03-02 13:42:00,3006.488233215306,0.00016047753458907818
2020-03-02 13:43:00,3006.7616292540074,0.00017354606686317535
2020-03-02 13:44:00,3007.2501272641707,0.0001709460430025387
2020-03-02 13:45:00,3006.482376670742,0.000174667858748524
2020-03-02 13:46:00,3006.526770965536,0.00018729311107889657
2020-03-02 13:47:00,3006.1558867215,0.0001927577142359337
2020-03-02 13:48:00,3006.3927226240235,0.000197439179662517
2020-03-02 13:49:00,3007.7837079624915,0.0001979723418221025
2020-03-02 13:50:00,3008.2262801770235,0.00018782240267895583
2020-03-02 13:51:00,3007.43089065292,0.00018566403963201226
2020-03-02 13:52:00,3007.6232583456626,0.0001847951738643311
2020-03-02 13:53:00,3006.6582915253703,0.00017732432517411786
2020-03-02 13:54:00,3007.4659307142874,0.00018299305384130425
2020-03-02 13:55:00,3007.256865305176,0.00018128212380744927
2020-03-02 13:56:00,3007.5374687699878,0.00017815415218775757
2020-03-02 13:57:00,3007.18749785073,0.00017402539059911944
2020-03-02 13:58:00,3006.1004932472183,0.00017981301366846425
2020-03-02 13:59:00,3006.0803982499474,0.00017794908814923436
2020-03-02 14:00:00,3006.0054332662166,0.00016366699862759945
2020-03-02 14:01:00,3005.539332506787,0.0001655439154307166
2020-03-02 14:02:00,3005.519131556435,0.0001766555847005446
2020-03-02 14:03:00,3005.350070256119,0.0001795107409080374
2020-03-02 14:04:00,3005.0157506990004,0.0001821553345064984
2020-03-02 14:05:00,3003.8827312377066,0.0001815413463705433
2020-03-02 14:06:00,3003.2600276406915,0.00019494070260803894
2020-03-02 14:07:00,3002.3381405732034,0.0001977056070488196
2020-03-02 14:08:00,3002.0060102714733,0.00019223864341320296
2020-03-02 14:09:00,3001.9846042277636,0.00020628498997731857
2020-03-02 14:10:00,3001.5414486776904,0.00020605987372747028
2020-03-02 14:11:00,3000.820893834746,0.00020937954802437717
2020-03-02 14:12:00,3001.279015457024,0.00020192155723156664
2020-03-02 14:13:00,3001.705141474215,0.00020491523628382615
2020-03-02 14:14:00,3001.862844204343,0.0002033070322929246
2020-03-02 14:15:00,3001.5791553538343,0.00020115965220661208
2020-03-02 14:16:00,3001.5715280852287,0.00020038225161127804
2020-03-02 14:17:00,3001.3096388049335,0.00019344624347775584
2020-03-02 14:18:00,3001.4019300545883,0.00019091884693023844
2020-03-02 14:19:00,3000.927275330253,0.0001870677613026657
2020-03-02 14:20:00,3001.1823708099278,0.00017727762061807648
2020-03-02 14:21:00,3001.0629011933547,0.00017364203255648187
2020-03-02 14:22:00,3001.214618521134,0.00017065771650222152
2020-03-02 14:23:00,3001.3175096426,0.00018020227823923324
2020-03-02 14:24:00,3001.108692588436,0.00018717643547428697
2020-03-02 14:25:00,3000.492837571812,0.00019241523738682152
2020-03-02 14:26:00,2999.916337902591,0.0002035280444057451
2020-03-02 14:27:00,3000.0002983106688,0.00019591498995069
2020-03-02 14:28:00,3000.0360040696605,0.00020026762753963764
2020-03-02 14:29:00,3001.0341907222787,0.00019939786099319536
2020-03-02 14:30:00,3000.959424309445,0.00019722361615697552
2020-03-02 14:31:00,3000.9328012909978,0.00019391836551513903
2020-03-02 14:32:00,3000.4962927869265,0.00019230840458383578
2020-03-02 14:33:00,3000.2170575048044,0.0001893481794885454
2020-03-02 14:34:00,2999.9440611136674,0.00020734634358386147
2020-03-02 14:35:00,2999.340314986507,0.00019707278748486276
2020-03-02 14:36:00,2999.4311762662464,0.00018414362450347828
2020-03-02 14:37:00,3000.3618493059353,0.0001843092549124153
2020-03-02 14:38:00,2999.8048779169835,0.00018717201215244343
2020-03-02 14:39:00,3000.238020417369,0.0002003663951916153
2020-03-02 14:40:00,3000.6389784856,0.00019962439306519904
2020-03-02 14:41:00,3000.8499082238045,0.00019461418534824746
2020-03-02 14:42:00,3001.1545840741974,0.0001964769980413567
2020-03-02 14:43:00,3001.706597775045,0.0002115827447979702
2020-03-02 14:44:00,3000.6827413888013,0.00020656042161869132
2020-03-02 14:45:00,3001.1802357093484,0.0002096947649753451
2020-03-02 14:46:00,3000.727947190391,0.00020938387290022313
2020-03-02 14:47:00,2999.9833748466067,0.00020734134885963662
2020-03-02 14:48:00,2999.1741603982437,0.00020058452982314205
2020-03-02 14:49:00,2998.3078972177295,0.00021100552437399272
2020-03-02 14:50:00,2998.842839452884,0.00020507338182331305
2020-03-02 14:51:00,2999.150912868934,0.00019242815620483256
2020-03-02 14:52:00,3000.000294781241,0.00017825292197241768
2020-03-02 14:53:00,2999.5679471083636,0.00018894727807599427
2020-03-02 14:54:00,2999.279900669705,0.0001963466127544374
2020-03-02 14:55:00,2999.9203486412925,0.00021732120574365391
2020-03-02 14:56:00,3000.6753737662557,0.00021417485247704818
2020-03-02 14:57:00,3000.6134026182617,0.00021463037194155595
2020-03-02 14:58:00,3001.1125501998326,0.00020578682743675793
2020-03-02 14:59:00,3001.8590793480685,0.00020352017601912427
2020-03-02 15:00:00,3002.332963554966,0.0001948546119365973
2020-03-02 15:01:00,3003.0488654257,0.00020156023703701256
2020-03-02 15:02:00,3003.4769805385445,0.0002062569450611404
2020-03-02 15:03:00,3003.19400275503,0.0001891943159626908
2020-03-02 15:04:00,3003.9867295607987,0.00018168563578202848
2020-03-02 15:05:00,3004.51686817434,0.00017857756163362502
2020-03-02 15:06:00,3005.6002762903636,0.00016410545893515906
2020-03-02 15:07:00,3005.759316072102,0.00016918863732384885
2020-03-02 15:08:00,3005.676928603388,0.00016512075223706015
2020-03-02 15:09:00,3005.587231239849,0.0001696205165437383
2020-03-02 15:10:00,3005.825134116494,0.00017149091850820718
2020-03-02 15:11:00,3006.084555964124,0.00016713812281124346
2020-03-02 15:12:00,3005.8984471061635,0.0001490525676680834
2020-03-02 15:13:00,3006.055741209556,0.00015962535377392792
2020-03-02 15:14:00,3006.454214878771,0.0001478661078428872
2020-03-02 15:15:00,3005.791655480863,0.00014578006816938195
2020-03-02 15:16:00,3005.9325384107005,0.000157791324749398
2020-03-02 15:17:00,3006.29765613935,0.0001468526585900289
2020-03-02 15:18:00,3006.6792994105467,0.00014933084843597673
2020-03-02 15:19:00,3007.32101233022,0.00015310414238961815
2020-03-02 15:20:00,3006.816603364936,0.00015251164304873655
2020-03-02 15:21:00,3006.2930446048867,0.00015688403683071573
2020-03-02 15:22:00,3006.8267098488113,0.00015747415614624638
2020-03-02 15:23:00,3006.6292734207946,0.00015623213982610926
2020-03-02 15:24:00,3006.598949882535,0.00015676282429877137
2020-03-02 15:25:00,3006.2310806200608,0.00015438334934493939
2020-03-02 15:26:00,3007.545301059093,0.00015754295050084938
2020-03-02 15:27:00,3007.4973903996374,0.0001499929251201901
2020-03-02 15:28:00,3007.8714044503067,0.00015092863082707183
2020-03-02 15:29:00,3008.040584238758,0.0001387668585913003
2020-03-02 15:30:00,3007.504020191573,0.00014359965287429567
2020-03-02 15:31:00,3007.4200396672977,0.00015293873710845194
2020-03-02 15:32:00,3007.286376815361,0.00015194884903730577
2020-03-02 15:33:00,3006.92603922625,0.00015717236231779918
2020-03-02 15:34:00,3007.001181829858,0.00015712035865323492
2020-03-02 15:35:00,3006.2709607577194,0.00016211424435760835
2020-03-02 15:36:00,3006.008934945175,0.00016111377510857685
2020-03-02 15:37:00,3005.6777565190614,0.0001642517948650979
2020-03-02 15:38:00,3005.604545743437,0.00017473667252265854
2020-03-02 15:39:00,3004.7470834743767,0.0001691434814163846
2020-03-02 15:40:00,3004.6548190888193,0.00015385444322975672
2020-03-02 15:41:00,3004.4576718338526,0.00016440075835310705
2020-03-02 15:42:00,3004.3630097575005,0.00016997861351585096
2020-03-02 15:43:00,3004.4425814038914,0.00018055475733453764
2020-03-02 15:44:00,3003.9330625160746,0.00018121501566558835
2020-03-02 15:45:00,3004.356691347367,0.00018808293602468287
2020-03-02 15:46:00,3003.320644878286,0.0001931119730518519
2020-03-02 15:47:00,3003.3589424520674,0.00020247675322970535
2020-03-02 15:48:00,3003.5741930617514,0.00021073687310620666
2020-03-02 15:49:00,3003.4537089445607,0.0002085391563611909
2020-03-02 15:50:00,3002.790319429305,0.00020279410081284655
2020-03-02 15:51:00,3003.209877283708,0.00020277349845553347
2020-03-02 15:52:00,3003.4124356105026,0.0002010509249029195
2020-03-02 15:53:00,3004.483859202324,0.00019450002339848515
2020-03-02 15:54:00,3004.783587761859,0.0001973044137128135
2020-03-02 15:55:00,3003.7449309451194,0.0001870992504441256
2020-03-02 15:56:00,3003.7938986863546,0.00019698468848617016
2020-03-02 15:57:00,3003.6029627001376,0.00018533288811431407
2020-03-02 15:58:00,3003.4227056556124,0.000192056287085228
2020-03-02 15:59:00,3003.1007803903726,0.00019674075908897846
2020-03-02 16:00:00,3003.0130136966377,0.00020335704798867142
2020-03-02 16:01:00,3003.343798422377,0.00020853958391499488
2020-03-02 16:02:00,3002.864303204991,0.00020618891326668482
2020-03-02 16:03:00,3002.313651841601,0.0002165366672106969
2020-03-02 16:04:00,3002.328555847165,0.0002178670706288733
2020-03-02 16:05:00,3002.1021019735103,0.0002181552178534967
2020-03-02 16:06:00,3002.114681708615,0.00021436819176235184
2020-03-02 16:07:00,3001.5817082454537,0.00020670811766749752
2020-03-02 16:08:00,3002.3183225487446,0.0001972834263485061
2020-03-02 16:09:00,3002.4681577889596,0.00019356938581613912
2020-03-02 16:10:00,3001.8017076686006,0.00019478566637422435
2020-03-02 16:11:00,3001.1817797246995,0.00020442309483226738
2020-03-02 16:12:00,3000.899510311483,0.00020765042722750026
2020-03-02 16:13:00,3000.4360225904998,0.0002121497651324123
2020-03-02 16:14:00,3001.9716522667673,0.00021782909032934118
2020-03-02 16:15:00,3002.251051263809,0.00021026079644638024
2020-03-02 16:16:00,3002.8721950117533,0.00020737683362714914
2020-03-02 16:17:00,3003.4870729182794,0.0002059564803476207
2020-03-02 16:18:00,3003.156860789681,0.0001991983291237341
2020-03-02 16:19:00,3002.3199266153847,0.00020151008590710114
2020-03-02 16:20:00,3002.576202494982,0.00019610981329207228
2020-03-02 16:21:00,3002.410700477076,0.00021931486886998236
2020-03-02 16:22:00,3004.242678250307,0.00024284020587287585
2020-03-02 16:23:00,3003.21901676571,0.00024574802786350025
2020-03-02 16:24:00,3001.653100223798,0.00024681797011181584
2020-03-02 16:25:00,3002.9663982505986,0.0002550497202115158
2020-03-02 16:26:00,3002.5354492295737,0.00025725414113996045
2020-03-02 16:27:00,3002.72727412617,0.00025751069977147375
2020-03-02 16:28:00,3002.881508472291,0.0002664498214159694
2020-03-02 16:29:00,3002.7530251871444,0.0002704077353185711
2020-03-02 16:30:00,3001.908211094633,0.0002781366489285926
2020-03-02 16:31:00,3001.3317305426754,0.00027151825724183336
2020-03-02 16:32:00,3002.359850822002,0.0002786546825671772
2020-03-02 16:33:00,3003.0441877528215,0.0002745453472396848
2020-03-02 16:34:00,3004.9303757829603,0.00028280637797466164
2020-03-02 16:35:00,3004.0219279342773,0.0003088305381319813
2020-03-02 16:36:00,3003.4826970895115,0.0002954979852059181
2020-03-02 16:37:00,3003.4304908998665,0.00030694782032679
2020-03-02 16:38:00,3003.528203748278,0.00029891381506576997
2020-03-02 16:39:00,3002.516086670498,0.0003311433310614338
2020-03-02 16:40:00,3001.202499304999,0.00031058131991949946
2020-03-02 16:41:00,2999.465962434184,0.0003291960234225784
2020-03-02 16:42:00,2999.0505924302283,0.0003166347781535571
2020-03-02 16:43:00,2999.454110728716,0.0003054934248444808
2020-03-02 16:44:00,2998.0520225432506,0.0002958734513942282
2020-03-02 16:45:00,2997.500704435678,0.00030217591035055694
2020-03-02 16:46:00,2997.2160382384805,0.00030223819412418643
2020-03-02 16:47:00,2997.1001929675576,0.0003095238553777103
2020-03-02 16:48:00,2996.328340578382,0.0003140286553985457
2020-03-02 16:49:00,2995.7992157452177,0.00030959094086861397
2020-03-02 16:50:00,2995.9297975472846,0.00032534654819687587
2020-03-02 16:51:00,2994.582362637027,0.00030328066778354977
2020-03-02 16:52:00,2993.660404471104,0.0003242578669692385
2020-03-02 16:53:00,2993.143825360517,0.000313420103568507
2020-03-02 16:54:00,2992.9107403544112,0.0002961496650665758
2020-03-02 16:55:00,2992.7512401401254,0.00030601247229806934
2020-03-02 16:56:00,2993.8030084047373,0.00031937834669995465
2020-03-02 16:57:00,2993.5042058073072,0.00030094903671943886
2020-03-02 16:58:00,2992.6562315460374,0.0002946212427311046
2020-03-02 16:59:00,2993.952420859905,0.00029630278789588696
2020-03-02 17:00:00,2994.9824635475516,0.0003039474961297098
2020-03-02 17:01:00,2995.107386751537,0.0003237055220624579
2020-03-02 17:02:00,2996.6815819111694,0.00032681034571049904
2020-03-02 17:03:00,2996.4520866943085,0.0002985197396532413
2020-03-02 17:04:00,2997.2498896069123,0.0003184452445865939
2020-03-02 17:05:00,2997.1394386031097,0.0003390327901729483
2020-03-02 17:06:00,2995.85605230373,0.00032194319308776
2020-03-02 17:07:00,2995.686509814715,0.00030171863533580586
2020-03-02 17:08:00,2995.226398661883,0.00030138041281437407
2020-03-02 17:09:00,2994.4653348927754,0.0002967495701966233
2020-03-02 17:10:00,2993.129063262734,0.00032264146323864187
2020-03-02 17:11:00,2993.8182197102124,0.0003004321808556563
2020-03-02 17:12:00,2994.0652728511586,0.0002924011078681127
2020-03-02 17:13:00,2994.21216010614,0.0003065563555002206
2020-03-02 17:14:00,2993.072074711446,0.0003106936769412832
2020-03-02 17:15:00,2992.9663835800366,0.0002943337812861062
2020-03-02 17:16:00,2993.2023092055483,0.00029292850182453453
2020-03-02 17:17:00,2994.3624854963937,0.000293592450556586
2020-03-02 17:18:00,2993.3199659696847,0.0003053327003808514
2020-03-02 17:19:00,2992.8379543369615,0.0003139393211091337
2020-03-02 17:20:00,2994.0067704996395,0.0003397438735015776
2020-03-02 17:21:00,2993.132356009992,0.0003222782121282648
2020-03-02 17:22:00,2993.2522755658742,0.0002926180898840632
2020-03-02 17:23:00,2992.438799469459,0.00028984854559508354
2020-03-02 17:24:00,2992.869023677774,0.00031294452045083754
2020-03-02 17:25:00,2992.2765579604275,0.0003035470404183444
2020-03-02 17:26:00,2992.267754036243,0.00030744201428373446
2020-03-02 17:27:00,2992.399613451989,0.0002798623925839992
2020-03-02 17:28:00,2991.66769143385,0.0002757336915651113
2020-03-02 17:29:00,2991.471678421306,0.000267082522291281
2020-03-02 17:30:00,2991.9460690754313,0.0002537427519189153
2020-03-02 17:31:00,2992.113750097396,0.00025059472325698504
2020-03-02 17:32:00,2992.8319392887975,0.00025081049353048034
2020-03-02 17:33:00,2992.66847346195,0.00024945360080120497
2020-03-02 17:34:00,2992.355355867833,0.00025390382393744663
2020-03-02 17:35:00,2993.51532864712,0.00026009617802437424
2020-03-02 17:36:00,2994.2936348759904,0.0002855674328768918
2020-03-02 17:37:00,2993.2975911016492,0.00028450469455570493
2020-03-02 17:38:00,2993.3210135846725,0.0002835663425670368
2020-03-02 17:39:00,2993.3435118802367,0.0002975620580579482
2020-03-02 17:40:00,2993.3282885554663,0.0002926533641082385
2020-03-02 17:41:00,2993.213130454171,0.00031077087042797675
2020-03-02 17:42:00,2994.0618063391307,0.00030965292016717466
2020-03-02 17:43:00,2992.069137178714,0.00032439662581715896
2020-03-02 17:44:00,2992.038956763791,0.0003228884598879196
2020-03-02 17:45:00,2990.4210685165167,0.00029586691257389773
2020-03-02 17:46:00,2990.2527909268597,0.0002890963445868509
2020-03-02 17:47:00,2989.272503474535,0.0002866135234427866
2020-03-02 17:48:00,2989.4772696692253,0.0002923012731571437
2020-03-02 17:49:00,2988.9943446044626,0.0003065876872117832
2020-03-02 17:50:00,2987.4189434190657,0.00030269479022492494
2020-03-02 17:51:00,2987.3609854042293,0.0002994518042468294
2020-03-02 17:52:00,2987.2611756960177,0.0003043347828768217
2020-03-02 17:53:00,2987.1388369571496,0.0003026521209044252
2020-03-02 17:54:00,2988.473724173347,0.00029310648766642873
2020-03-02 17:55:00,2988.060266636404,0.0002993572306315003
2020-03-02 17:56:00,2988.2261793135076,0.00028822585065319163
2020-03-02 17:57:00,2987.7681867769325,0.00028547915685351043
2020-03-02 17:58:00,2987.131777858891,0.00028296085863923346
2020-03-02 17:59:00,2986.655528557134,0.00025699709556594683
2020-03-02 18:00:00,2988.0763135694106,0.0002513004758157453
2020-03-02 18:01:00,2988.386787415327,0.0002506940566612022
2020-03-02 18:02:00,2987.9338240797642,0.00024753519073939624
2020-03-02 18:03:00,2988.7636522395273,0.0002520528658412779
2020-03-02 18:04:00,2988.6831049274656,0.00024387227540771517
2020-03-02 18:05:00,2988.729884714519,0.0002463713341640135
2020-03-02 18:06:00,2988.4079083376346,0.00025575810919986554
2020-03-02 18:07:00,2987.933154202079,0.0002491811077294408
2020-03-02 18:08:00,2987.8295327702162,0.00023051412168580674
2020-03-02 18:09:00,2987.2792750337267,0.00023586409669364662
2020-03-02 18:10:00,2987.1489015319835,0.00022063201083811807
2020-03-02 18:11:00,2987.2080743833667,0.00021934012335264594
2020-03-02 18:12:00,2987.449616044497,0.00021272841539397722
2020-03-02 18:13:00,2988.823291750106,0.0002207162942974981
2020-03-02 18:14:00,2988.82336628508,0.00019964495019543938
2020-03-02 18:15:00,2988.7428697192913,0.0001889822464511634
2020-03-02 18:16:00,2988.0739824053394,0.00018071153557480167
2020-03-02 18:17:00,2988.1241603643075,0.0001873395840478802
2020-03-02 18:18:00,2987.3128784794276,0.0001879071639537663
2020-03-02 18:19:00,2986.9294832444966,0.0001929755781046756
2020-03-02 18:20:00,2987.3579093978956,0.00018442750021876558
2020-03-02 18:21:00,2986.5847442995187,0.00019542218268141386
2020-03-02 18:22:00,2985.443387918883,0.00019014495974401327
2020-03-02 18:23:00,2985.1988984981513,0.00019314407319875575
2020-03-02 18:24:00,2985.141847788869,0.00018891518617590364
2020-03-02 18:25:00,2984.6961702326985,0.0001854427989574099
2020-03-02 18:26:00,2984.242794720925,0.00018644821105206816
2020-03-02 18:27:00,2984.993499733993,0.0001849450262771031
2020-03-02 18:28:00,2985.5533302226054,0.0001758656796468522
2020-03-02 18:29:00,2985.7825254129225,0.00016317526843750228
2020-03-02 18:30:00,2986.462553171919,0.0001674145744302637
2020-03-02 18:31:00,2986.0172852194596,0.00016576075497580706
2020-03-02 18:32:00,2985.9382023916337,0.00016872107006658671
2020-03-02 18:33:00,2985.662218191917,0.00017089427537647737
2020-03-02 18:34:00,2985.861485257577,0.0001681893739365727
2020-03-02 18:35:00,2985.540209928355,0.0001751244757069363
2020-03-02 18:36:00,2985.4001969760843,0.00018031598056867575
2020-03-02 18:37:00,2984.8574032866027,0.00018365027413266412
2020-03-02 18:38:00,2984.2713251911136,0.00017720100846090213
2020-03-02 18:39:00,2983.505884133501,0.00017897848004298463
2020-03-02 18:40:00,2983.198176849945,0.00017678674834811808
2020-03-02 18:41:00,2983.263771206556,0.00016236595003815514
2020-03-02 18:42:00,2983.601113939715,0.00015277992533371378
2020-03-02 18:43:00,2983.3443856253234,0.00014565450479525876
2020-03-02 18:44:00,2983.505314390632,0.0001469257756126005
2020-03-02 18:45:00,2983.2459276411605,0.00014769192806557782
2020-03-02 18:46:00,2984.5486322737565,0.00015414155711897004
2020-03-02 18:47:00,2984.689784459977,0.00014721544892976388
2020-03-02 18:48:00,2984.0335731601913,0.00014174683822318901
2020-03-02 18:49:00,2984.045649508253,0.000147392789159096
2020-03-02 18:50:00,2982.9241285822523,0.00013101712065079015
2020-03-02 18:51:00,2982.968927713981,0.00012720408635653053
2020-03-02 18:52:00,2982.6552496488466,0.00013042485281493092
2020-03-02 18:53:00,2982.544066678814,0.00012019892485249235
2020-03-02 18:54:00,2982.2233738672717,0.00011446562756098755
2020-03-02 18:55:00,2982.2347231893837,0.00011181664522110432
2020-03-02 18:56:00,2981.8813514332705,0.00010644168040331907
2020-03-02 18:57:00,2981.291259177752,0.00010725657355181661
2020-03-02 18:58:00,2980.379774288532,0.00011008034896645539
2020-03-02 18:59:00,2980.256737947315,0.00011665210390842542
2020-03-02 19:00:00,2980.3535254606463,0.00011866199254786129
2020-03-02 19:01:00,2979.8294543757547,0.0001263287377662034
2020-03-02 19:02:00,2979.6615296400905,0.00012427165175586617
2020-03-02 19:03:00,2978.9389463168545,0.00012019449979677484
2020-03-02 19:04:00,2979.3104882898742,0.0001273319054470075
2020-03-02 19:05:00,2979.570388751188,0.00013853550327141552
2020-03-02 19:06:00,2979.7597947772038,0.00013381897914001731
2020-03-02 19:07:00,2979.83860594684,0.0001290527646906306
2020-03-02 19:08:00,2979.869537429271,0.00012073187883064337
2020-03-02 19:09:00,2980.205804532732,0.00012435888772540507
2020-03-02 19:10:00,2980.3970627061963,0.00012778961740920192
2020-03-02 19:11:00,2980.271879162133,0.00012766829877287048
2020-03-02 19:12:00,2979.7933767261147,0.0001263619803838879
2020-03-02 19:13:00,2979.586380712747,0.00013159064316153884
2020-03-02 19:14:00,2979.35276106921,0.00012671235864384427
2020-03-02 19:15:00,2978.7307518529306,0.00013172773150778034
2020-03-02 19:16:00,2978.188061098609,0.00013260780195781374
2020-03-02 19:17:00,2978.5981508813297,0.00013883024961937042
2020-03-02 19:18:00,2979.039718195102,0.0001237803444337981
2020-03-02 19:19:00,2979.355251539776,0.00011802197815602826
2020-03-02 19:20:00,2978.9014900083484,0.0001174244262219421
2020-03-02 19:21:00,2979.1215605787584,0.0001285366983214768
2020-03-02 19:22:00,2978.083740812721,0.00013456251948511288
2020-03-02 19:23:00,2977.6716133546697,0.0001478711579343226
2020-03-02 19:24:00,2977.8449292568907,0.00014226006639109082
2020-03-02 19:25:00,2977.9676979782894,0.00014136579427200517
2020-03-02 19:26:00,2978.1689524675876,0.0001411687620356742
2020-03-02 19:27:00,2978.1721311743563,0.00013166883057886996
2020-03-02 19:28:00,2978.368612618718,0.00012639624664590544
2020-03-02 19:29:00,2978.936319680342,0.00012272477013577264
2020-03-02 19:30:00,2979.3808295469703,0.00012224008998207373
2020-03-02 19:31:00,2979.2478885739824,0.00012692543943962586
2020-03-02 19:32:00,2979.0203618838427,0.00013493668310716737
2020-03-02 19:33:00,2979.2501381424786,0.00014269392116983488
2020-03-02 19:34:00,2979.56468625482,0.00013493870098673277
2020-03-02 19:35:00,2979.7797484600096,0.00013814264014911637
2020-03-02 19:36:00,2979.896042991701,0.00013245037130795812
2020-03-02 19:37:00,2979.415527958336,0.00014171467801809808
2020-03-02 19:38:00,2979.6695673944214,0.00013900235924815604
2020-03-02 19:39:00,2980.037812345937,0.0001357278239033549
2020-03-02 19:40:00,2979.786579717939,0.0001344902572114511
2020-03-02 19:41:00,2980.082888685904,0.00013935210384581587
2020-03-02 19:42:00,2979.8410767862247,0.00014000931414373356
2020-03-02 19:43:00,2979.5697828736543,0.00014326827387906434
2020-03-02 19:44:00,2979.659272068425,0.0001329081805664396
2020-03-02 19:45:00,2980.0456004848734,0.00013121626182284698
2020-03-02 19:46:00,2979.312719495405,0.00013970378533571313
2020-03-02 19:47:00,2979.316035634127,0.00013235943191284316
2020-03-02 19:48:00,2979.117064321732,0.0001284291225007847
2020-03-02 19:49:00,2978.5589347391465,0.00012716045508077273
2020-03-02 19:50:00,2978.273097971231,0.00012456397128171996
2020-03-02 19:51:00,2978.612831341368,0.00013736651896219872
2020-03-02 19:52:00,2978.8014787706425,0.00013378791390682398
2020-03-02 19:53:00,2978.6593872709504,0.0001226429082604276
2020-03-02 19:54:00,2978.1736954284,0.00012187125042568275
2020-03-02 19:55:00,2978.123069191385,0.00012950503710456557
2020-03-02 19:56:00,2978.2018655645375,0.00013920180712668378
2020-03-02 19:57:00,2978.926122277816,0.00013970512905039424
2020-03-02 19:58:00,2979.1862924452735,0.0001396275146775924
2020-03-02 19:59:00,2979.5531007644977,0.0001404021232791919
2020-03-03 13:30:00,3004.387832613246,0.0001459466203930093
2020-03-03 13:31:00,3004.7143839345836,0.00014452878690758092
2020-03-03 13:32:00,3004.8907395035812,0.0001337796497286179
2020-03-03 13:33:00,3004.887911102165,0.0001330928376878831
2020-03-03 13:34:00,3004.744839259034,0.00013231720780295108
2020-03-03 13:35:00,3004.652635458664,0.0001473413802670076
2020-03-03 13:36:00,3004.968505008922,0.0001511193575311129
2020-03-03 13:37:00,3004.784677751266,0.0001474672277497637
2020-03-03 13:38:00,3005.1301212907038,0.00013686141429893335
2020-03-03 13:39:00,3004.320363669405,0.00013292941022189562
2020-03-03 13:40:00,3004.168167581596,0.000122559136335245
2020-03-03 13:41:00,3004.5094445789828,0.00011834545525280256
2020-03-03 13:42:00,3004.2625168520462,0.00011475495762932946
2020-03-03 13:43:00,3004.5833688058797,0.00011373777553822937
2020-03-03 13:44:00,3004.3331690750306,0.00011297204721063571
2020-03-03 13:45:00,3003.891277366453,0.00011064076128480241
2020-03-03 13:46:00,3003.9539420789374,0.00011186599183192831
2020-03-03 13:47:00,3004.0321395294477,0.00010626966896216121
2020-03-03 13:48:00,3004.05534703689,0.00010015253515958498
2020-03-03 13:49:00,3003.8077012645613,0.00010666516419378286
2020-03-03 13:50:00,3003.850222670046,0.00010124494602891532
2020-03-03 13:51:00,3003.412447459911,0.00011177271706759255
2020-03-03 13:52:00,3003.865951776699,0.00011285974038612043
2020-03-03 13:53:00,3003.8801653327346,0.00010844970146443087
2020-03-03 13:54:00,3003.9562105781242,0.00011755192016115907
2020-03-03 13:55:00,3003.7685299291215,0.00012079001661243094
2020-03-03 13:56:00,3003.1298962444553,0.00012411669225043977
2020-03-03 13:57:00,3003.3156251095756,0.00012254379643589867
2020-03-03 13:58:00,3002.9503007390913,0.00011713519647411266
2020-03-03 13:59:00,3003.3205267704257,0.00011700928094209027
2020-03-03 14:00:00,3003.275725031727,0.00010723532762609796
2020-03-03 14:01:00,3002.96405520834,0.00011095749640267786
2020-03-03 14:02:00,3002.982514427326,0.00011842180583991812
2020-03-03 14:03:00,3002.9002927184424,0.00011422590930137616
2020-03-03 14:04:00,3002.9485213677476,0.00012130711170526976
2020-03-03 14:05:00,3003.0535286842724,0.0001243014232004334
2020-03-03 14:06:00,3003.020472176513,0.0001232045719898604
2020-03-03 14:07:00,3002.4240534284972,0.00012087911820104583
2020-03-03 14:08:00,3001.931847437114,0.00012003921227667198
2020-03-03 14:09:00,3001.705390981224,0.00011949191394611849
2020-03-03 14:10:00,3001.2985778232455,0.00011688290708880055
2020-03-03 14:11:00,3001.5467061032073,0.00012080931352326059
2020-03-03 14:12:00,3000.9335889711037,0.0001269992145138733
2020-03-03 14:13:00,3000.6105309300115,0.00011699137141848222
2020-03-03 14:14:00,2999.904457046462,0.00011279923997457296
2020-03-03 14:15:00,2999.81285886597,0.00011752364950871368
2020-03-03 14:16:00,2999.659956308522,0.00012174185981116199
2020-03-03 14:17:00,2999.276095609286,0.00011130667864334293
2020-03-03 14:18:00,2999.0093548263044,0.00010957077604332874
2020-03-03 14:19:00,2999.1022576412793,0.00011473372235788302
2020-03-03 14:20:00,2998.6977446462242,0.00011917459875157891
2020-03-03 14:21:00,2998.206112432968,0.00012219464383602042
2020-03-03 14:22:00,2998.1947110051415,0.0001178931411262133
2020-03-03 14:23:00,2998.1367724037523,0.0001105553246871553
2020-03-03 14:24:00,2998.4766231388267,0.00010316420746569027
2020-03-03 14:25:00,2998.2712402772895,0.00010717268260651389
2020-03-03 14:26:00,2997.716909690705,0.00010241490602575889
2020-03-03 14:27:00,2998.039486577182,0.00011254972232602297
2020-03-03 14:28:00,2997.5816747604176,0.00011467204178210663
2020-03-03 14:29:00,2998.052628291585,0.00011788317495325075
2020-03-03 14:30:00,2997.884509216636,0.00011415057531685916
2020-03-03 14:31:00,2998.113986722387,0.00011742573386234961
2020-03-03 14:32:00,2998.581235469738,0.00011123295249200115
2020-03-03 14:33:00,2999.0715263814027,0.00010727324017462453
2020-03-03 14:34:00,3000.189651371088,0.0001129297652777159
2020-03-03 14:35:00,3000.0094348797656,0.0001105009996929076
2020-03-03 14:36:00,3000.5297067743013,0.00010597765255030092
2020-03-03 14:37:00,3000.484179138115,0.0001074841412327455
2020-03-03 14:38:00,3000.285428154301,0.00012102322400207588
2020-03-03 14:39:00,2999.7930044929362,0.00011559564465110972
2020-03-03 14:40:00,2999.6110962007547,0.00010960384387021257
2020-03-03 14:41:00,2999.3189942060612,0.00011512385027821734
2020-03-03 14:42:00,2998.6502117101977,0.00011043422647172026
2020-03-03 14:43:00,2998.919534763448,0.00010595326774733684
2020-03-03 14:44:00,2999.1665861874294,0.00011177736106420194
2020-03-03 14:45:00,2999.2554487971197,0.00011014791324842056
2020-03-03 14:46:00,2999.4118227373306,0.00011460745994293977
2020-03-03 14:47:00,2999.641968574837,0.00010992347645306381
2020-03-03 14:48:00,2999.4880958123995,0.0001040448945028665
2020-03-03 14:49:00,2999.7904478461865,0.00010307719536226017
2020-03-03 14:50:00,2999.5740941511576,0.00010841607290673844
2020-03-03 14:51:00,2999.6705254837184,0.00010793028457210775
2020-03-03 14:52:00,2999.53994094777,0.00010491810227219058
2020-03-03 14:53:00,2999.6762572644834,9.898628454248143e-05
2020-03-03 14:54:00,2999.50562655972,0.00010020440061068859
2020-03-03 14:55:00,2999.4368569482676,0.00010041936041220316
2020-03-03 14:56:00,2999.24650762592,9.954030484011847e-05
2020-03-03 14:57:00,2998.9013780519304,9.983212096685134e-05
2020-03-03 14:58:00,2998.447746766963,8.93512672498437e-05
2020-03-03 14:59:00,2998.2487565663473,8.945869427594921e-05
2020-03-03 15:00:00,2998.082246894797,8.11659191732777e-05
2020-03-03 15:01:00,2998.1377549334966,7.859965291604217e-05
2020-03-03 15:02:00,2998.4312094277598,7.639171805495607e-05
2020-03-03 15:03:00,2998.1231416031005,7.433929749343014e-05
2020-03-03 15:04:00,2998.379236584264,7.56232195844242e-05
2020-03-03 15:05:00,2998.1298068910664,7.247915865933794e-05
2020-03-03 15:06:00,2997.695975706596,6.981478919187702e-05
2020-03-03 15:07:00,2997.89151482086,6.423341597242292e-05
2020-03-03 15:08:00,2998.109774638517,6.728125950565586e-05
2020-03-03 15:09:00,2998.0559324273713,6.806493646653979e-05
2020-03-03 15:10:00,2997.8011202063662,6.580247297886727e-05
2020-03-03 15:11:00,2998.114868187631,6.359529666455138e-05
2020-03-03 15:12:00,2998.323188335451,6.79489364121197e-05
2020-03-03 15:13:00,2997.984759777337,6.888060284649324e-05
2020-03-03 15:14:00,2997.903331398368,6.904519935712368e-05
2020-03-03 15:15:00,2997.726530528065,7.228598213285196e-05
2020-03-03 15:16:00,2997.840592776639,7.259815304912467e-05
2020-03-03 15:17:00,2997.470190123581,7.024743942162315e-05
2020-03-03 15:18:00,2997.429715877659,6.497865908907463e-05
2020-03-03 15:19:00,2997.454634675535,6.745143540693227e-05
2020-03-03 15:20:00,2997.085624775349,6.546552316198152e-05
2020-03-03 15:21:00,2997.0047035069183,6.626069918995448e-05
2020-03-03 15:22:00,2997.2482753240897,6.839508734795757e-05
2020-03-03 15:23:00,2997.359858635517,6.948112263420297e-05
2020-03-03 15:24:00,2997.1549990827593,6.819114589189664e-05
2020-03-03 15:25:00,2997.180664593134,7.174740967228706e-05
2020-03-03 15:26:00,2996.965324956515,6.83656334141839e-05
2020-03-03 15:27:00,2996.984478154725,7.269487608458586e-05
2020-03-03 15:28:00,2996.6166494373106,7.840844034357142e-05
2020-03-03 15:29:00,2996.3510671982153,8.02704501485526e-05
2020-03-03 15:30:00,2996.450930148978,8.533998162902025e-05
2020-03-03 15:31:00,2996.2214820982576,9.00455081186833e-05
2020-03-03 15:32:00,2996.5934343109684,8.778825940762492e-05
2020-03-03 15:33:00,2996.5555785274246,9.105056664580343e-05
2020-03-03 15:34:00,2996.6639531757023,9.127554577973213e-05
2020-03-03 15:35:00,2996.759339759503,9.83032374715763e-05
2020-03-03 15:36:00,2996.671237897341,9.95352953403196e-05
2020-03-03 15:37:00,2997.0835299192677,0.00010193631582179651
2020-03-03 15:38:00,2996.7629779832596,9.745438890981256e-05
2020-03-03 15:39:00,2997.019267641234,0.00010169080464301752
2020-03-03 15:40:00,2997.2029605629646,0.00010597712723201936
2020-03-03 15:41:00,2996.790688147235,0.00010193488017698773
2020-03-03 15:42:00,2996.612635819968,0.00010260495389410511
2020-03-03 15:43:00,2995.759430099736,0.00010323634497906597
2020-03-03 15:44:00,2995.289261371155,0.00010531961218784141
2020-03-03 15:45:00,2995.3934011550177,0.00010319564320795295
2020-03-03 15:46:00,2995.2441415609524,0.0001026443029674843
2020-03-03 15:47:00,2994.7838989637025,0.00010670477633602059
2020-03-03 15:48:00,2994.426154386766,0.00010991064683568522
2020-03-03 15:49:00,2994.6950231633455,0.00010760753517765671
2020-03-03 15:50:00,2994.562553862078,0.00010946105677745839
2020-03-03 15:51:00,2994.2911674667243,0.00011010682429106239
2020-03-03 15:52:00,2994.1585101018077,0.00010270889457248055
2020-03-03 15:53:00,2993.659862094255,0.00010253956013999705
2020-03-03 15:54:00,2993.6435890689936,0.00010413772437468787
2020-03-03 15:55:00,2993.542448965196,9.831263886151347e-05
2020-03-03 15:56:00,2993.811854233489,0.00010026142466176075
2020-03-03 15:57:00,2994.0880845491583,9.507481349798659e-05
2020-03-03 15:58:00,2994.2111787605213,9.355119777330586e-05
2020-03-03 15:59:00,2994.3647706890756,9.512422082984767e-05
2020-03-03 16:00:00,2993.925971997999,9.266227092958354e-05
2020-03-03 16:01:00,2994.2416133953334,9.955584801231401e-05
2020-03-03 16:02:00,2994.309370687421,9.744991132566448e-05
2020-03-03 16:03:00,2993.936299232423,0.00010094171892037043
2020-03-03 16:04:00,2993.6777730211084,0.00010501320942083864
2020-03-03 16:05:00,2993.695516764707,0.00010267556671313386
2020-03-03 16:06:00,2993.7680121407107,9.981618412559325e-05
2020-03-03 16:07:00,2993.7080536282197,9.491584824802984e-05
2020-03-03 16:08:00,2994.064234533972,9.349211789179503e-05
2020-03-03 16:09:00,2993.4570428558227,9.800650921387057e-05
2020-03-03 16:10:00,2992.6268376445455,0.00010133336979811199
2020-03-03 16:11:00,2992.2952721004012,0.00010057552079961955
2020-03-03 16:12:00,2992.097676381408,9.909525996701268e-05
2020-03-03 16:13:00,2991.9723662215765,9.408317965121354e-05
2020-03-03 16:14:00,2992.7262363712575,9.280658887608203e-05
2020-03-03 16:15:00,2993.232700397409,8.732437280917645e-05
2020-03-03 16:16:00,2992.6959041917016,8.900610636320898e-05
2020-03-03 16:17:00,2992.456164626289,9.162062843010227e-05
2020-03-03 16:18:00,2992.3456289643095,9.050296633526294e-05
2020-03-03 16:19:00,2992.61435504537,9.087768429175561e-05
2020-03-03 16:20:00,2992.200651471319,8.427788902526276e-05
2020-03-03 16:21:00,2992.403968510775,8.716324525497625e-05
2020-03-03 16:22:00,2992.4373089686264,8.689015681050527e-05
2020-03-03 16:23:00,2992.0487825974583,9.292737793550357e-05
2020-03-03 16:24:00,2992.4417574928684,9.921241760126808e-05
2020-03-03 16:25:00,2992.27857300343,0.00010041238432505796
2020-03-03 16:26:00,2991.9896199998993,0.00011054934643163948
2020-03-03 16:27:00,2992.3254993329138,0.00011007673381445608
2020-03-03 16:28:00,2992.248790662247,0.0001041329478896876
2020-03-03 16:29:00,2991.919341382199,0.00010184951356039158
2020-03-03 16:30:00,2991.82032917208,0.00010447249393398284
2020-03-03 16:31:00,2991.879831969247,0.00010005362596940284
2020-03-03 16:32:00,2991.6523336262494,9.723776458271031e-05
2020-03-03 16:33:00,2991.5187291286315,9.622899095823778e-05
2020-03-03 16:34:00,2991.43866872386,9.254724187787712e-05
2020-03-03 16:35:00,2991.3619436794925,9.315460663926235e-05
2020-03-03 16:36:00,2991.571251145904,9.270769127044965e-05
2020-03-03 16:37:00,2991.7000087582182,0.00010358025081544836
2020-03-03 16:38:00,2991.656752981024,0.0001104950526251856
2020-03-03 16:39:00,2991.8775612613067,0.00010441130898442229
2020-03-03 16:40:00,2991.229283877719,0.00010032409476653138
2020-03-03 16:41:00,2991.0132046328135,0.00010829607639252095
2020-03-03 16:42:00,2990.972783607922,0.00011070124928981454
2020-03-03 16:43:00,2990.364033260384,0.00010526420015768794
2020-03-03 16:44:00,2990.4109295939347,0.00011185480995934274
2020-03-03 16:45:00,2990.700701059226,0.00010872431434305458
2020-03-03 16:46:00,2990.7133388033376,0.00010727180390892894
2020-03-03 16:47:00,2990.6652566844677,0.00011278517182700584
2020-03-03 16:48:00,2990.6340368657566,0.00011666122910095167
2020-03-03 16:49:00,2990.636141980239,0.00011753451097982607
2020-03-03 16:50:00,2990.558162662543,0.0001235052447798577
2020-03-03 16:51:00,2990.946937891602,0.0001168003234169148
2020-03-03 16:52:00,2990.940180260429,0.00011288497136935416
2020-03-03 16:53:00,2990.651719100121,0.00010859436589054574
2020-03-03 16:54:00,2990.4338588270766,0.00010691654357207688
2020-03-03 16:55:00,2990.3200803701857,0.00010465199169229068
2020-03-03 16:56:00,2989.9041170757673,0.00011112016837114113
2020-03-03 16:57:00,2989.9158613076042,0.00010436148885268138
2020-03-03 16:58:00,2990.2312986262023,0.00010981509817280634
2020-03-03 16:59:00,2989.8819071212747,0.00011142484438946389
2020-03-03 17:00:00,2989.674287159098,0.0001156510703399314
2020-03-03 17:01:00,2989.79406289591,0.0001146222709322535
2020-03-03 17:02:00,2989.811194811385,0.00011267029371697273
2020-03-03 17:03:00,2989.2596094964083,0.00010796369951571637
2020-03-03 17:04:00,2989.159540072566,0.00010781659681372839
2020-03-03 17:05:00,2988.903802252411,0.0001079439099754423
2020-03-03 17:06:00,2988.930782164168,9.994800405225713e-05
2020-03-03 17:07:00,2988.910653510762,0.00010217882150927251
2020-03-03 17:08:00,2988.8677078199216,9.43123930274942e-05
2020-03-03 17:09:00,2988.419081581889,9.708803479424651e-05
2020-03-03 17:10:00,2988.533557064682,0.0001018805807852857
2020-03-03 17:11:00,2988.1984880563205,0.00010536844102397741
2020-03-03 17:12:00,2987.673369760955,0.00010331508513824199
2020-03-03 17:13:00,2988.0307499334967,0.00010528721747099629
2020-03-03 17:14:00,2988.274327612228,0.00010842798103942851
2020-03-03 17:15:00,2988.90001746123,0.00011843682329603771
2020-03-03 17:16:00,2988.8472346394433,0.00012114555295321812
2020-03-03 17:17:00,2988.370366230977,0.00012782216379994757
2020-03-03 17:18:00,2988.7960060214646,0.00013886787349058806
2020-03-03 17:19:00,2989.3045915329853,0.00013431677059367556
2020-03-03 17:20:00,2989.652297115298,0.00013278368372678505
2020-03-03 17:21:00,2989.341341278327,0.00012913464370582003
2020-03-03 17:22:00,2989.3652672873254,0.0001364310497499881
2020-03-03 17:23:00,2989.356149918623,0.0001429338424754864
2020-03-03 17:24:00,2990.2206424352175,0.00015173423031404257
2020-03-03 17:25:00,2989.9048703258227,0.0001520889068637563
2020-03-03 17:26:00,2989.5059435752396,0.00014119138881361692
2020-03-03 17:27:00,2989.4835734582443,0.00014343343340334467
2020-03-03 17:28:00,2989.7397129215265,0.00014700717966224198
2020-03-03 17:29:00,2989.453261914901,0.00014349545965592207
2020-03-03 17:30:00,2989.952392244776,0.00014780528560260055
2020-03-03 17:31:00,2990.9437690767477,0.00014373382224949421
2020-03-03 17:32:00,2990.346420932129,0.00014318089720427455
2020-03-03 17:33:00,2991.539215502244,0.00014883090429258637
2020-03-03 17:34:00,2991.5631794543,0.00014060140342874922
2020-03-03 17:35:00,2991.6479395299266,0.00014615670740952214
2020-03-03 17:36:00,2991.1805393614,0.0001416306720335125
2020-03-03 17:37:00,2991.3331693447053,0.00014846589763069183
2020-03-03 17:38:00,2990.8883337854622,0.00013772696208006664
2020-03-03 17:39:00,2991.732205018721,0.00014557704455657623
2020-03-03 17:40:00,2991.6236936728696,0.00013524365800584098
2020-03-03 17:41:00,2991.638762998722,0.0001329652448042976
2020-03-03 17:42:00,2991.4529494824274,0.00013675868447412168
2020-03-03 17:43:00,2991.3183240440767,0.00014074279472186263
2020-03-03 17:44:00,2991.079915678549,0.00013838892434789323
2020-03-03 17:45:00,2990.133535149554,0.00014024795031973745
2020-03-03 17:46:00,2989.6924232999313,0.00014408566750999342
2020-03-03 17:47:00,2989.366448833214,0.0001409124560367437
2020-03-03 17:48:00,2989.36660870482,0.0001345880363214407
2020-03-03 17:49:00,2989.1315690202036,0.00014961008386533576
2020-03-03 17:50:00,2988.443597143478,0.0001471700435482004
2020-03-03 17:51:00,2989.1605949560662,0.00014326769870048122
2020-03-03 17:52:00,2988.9969708490175,0.00014436114486547798
2020-03-03 17:53:00,2988.785624734912,0.0001512777542035152
2020-03-03 17:54:00,2989.0262429839563,0.00014298059926819677
2020-03-03 17:55:00,2988.870470045789,0.00014712012950113422
2020-03-03 17:56:00,2988.9772849512538,0.00014141212006918286
2020-03-03 17:57:00,2989.5413685933,0.00014047751285871675
2020-03-03 17:58:00,2989.749461914602,0.0001533731350269992
2020-03-03 17:59:00,2989.047500848425,0.00015181862552886505
2020-03-03 18:00:00,2990.1613266551935,0.00016030227192619496
2020-03-03 18:01:00,2989.994595802184,0.00015252897449587972
2020-03-03 18:02:00,2990.825179825556,0.00015325013546016992
2020-03-03 18:03:00,2990.671474393914,0.00015610861529268097
2020-03-03 18:04:00,2990.939936729218,0.0001642265848234049
2020-03-03 18:05:00,2990.886766148545,0.00016513594676054375
2020-03-03 18:06:00,2990.4921070428477,0.00016928726088851986
2020-03-03 18:07:00,2990.064006091955,0.00017116200920909555
2020-03-03 18:08:00,2989.357519107384,0.00016815584052250548
2020-03-03 18:09:00,2988.9350819458473,0.0001639810255395086
2020-03-03 18:10:00,2988.921464302361,0.00017475409715482404
2020-03-03 18:11:00,2989.6078268211427,0.00017801085924369894
2020-03-03 18:12:00,2990.3004760233944,0.00018046188334259209
2020-03-03 18:13:00,2990.7286708923834,0.00017377536239582855
2020-03-03 18:14:00,2990.776423469881,0.00017207846154138266
2020-03-03 18:15:00,2990.432146371962,0.000166558195120553
2020-03-03 18:16:00,2990.018132185176,0.00015999530716891104
2020-03-03 18:17:00,2990.1061484164834,0.0001625884443761853
2020-03-03 18:18:00,2989.9819078692103,0.00015732450193881083
2020-03-03 18:19:00,2990.4403896612816,0.00015076372146619505
2020-03-03 18:20:00,2989.888725156986,0.00013935697439494124
2020-03-03 18:21:00,2990.5364703271334,0.00013129567053507698
2020-03-03 18:22:00,2990.377670462171,0.00014604924429413842
2020-03-03 18:23:00,2990.1200422459788,0.00014320848429594696
2020-03-03 18:24:00,2990.0498289191883,0.00014512264284420828
2020-03-03 18:25:00,2989.354366858167,0.00014452996640534023
2020-03-03 18:26:00,2989.267077019496,0.00014447088859624485
2020-03-03 18:27:00,2988.8026243725644,0.0001364300583343258
2020-03-03 18:28:00,2989.2142501830126,0.00014795366407012242
2020-03-03 18:29:00,2989.7328796993297,0.00015406332540784945
2020-03-03 18:30:00,2990.693849099917,0.0001616902907988885
2020-03-03 18:31:00,2990.6907821303175,0.00016275026810024616
2020-03-03 18:32:00,2989.939456647213,0.00017032797477330261
2020-03-03 18:33:00,2989.203510832168,0.00017546227908961173
2020-03-03 18:34:00,2989.4796501981295,0.0001784443033166354
2020-03-03 18:35:00,2990.0096742394444,0.00018555557359512605
2020-03-03 18:36:00,2989.5973291954047,0.00019662202438610102
2020-03-03 18:37:00,2988.5706070100837,0.00019518554896434505
2020-03-03 18:38:00,2987.85269765518,0.00019617215617384146
2020-03-03 18:39:00,2987.830353423531,0.0002094300159498935
2020-03-03 18:40:00,2987.887327741673,0.0002035850129729991
2020-03-03 18:41:00,2987.2619075493562,0.00022235151946130904
2020-03-03 18:42:00,2987.227770545228,0.000228409624382067
2020-03-03 18:43:00,2987.6950282637204,0.000224378630516229
2020-03-03 18:44:00,2988.3207963335976,0.0002482197199339189
2020-03-03 18:45:00,2988.305541066567,0.00023181392007516174
2020-03-03 18:46:00,2987.650041439423,0.0002278696450340316
2020-03-03 18:47:00,2987.2635790969816,0.00022974266793790514
2020-03-03 18:48:00,2987.348845886768,0.00022322128870025257
2020-03-03 18:49:00,2988.16653050455,0.00024128404141328497
2020-03-03 18:50:00,2988.0274663124815,0.00026750316381501764
2020-03-03 18:51:00,2987.7591434626243,0.0002519515260639226
2020-03-03 18:52:00,2987.523503825493,0.00024321873837746178
2020-03-03 18:53:00,2987.7033827737714,0.00023090695758110267
2020-03-03 18:54:00,2986.8184984004574,0.00024442814758249916
2020-03-03 18:55:00,2984.5906184520736,0.00025520751055437143
2020-03-03 18:56:00,2983.7740116298733,0.00024948460006418287
2020-03-03 18:57:00,2984.5228918104153,0.00024136052994389598
2020-03-03 18:58:00,2985.624606769324,0.00024784565852196955
2020-03-03 18:59:00,2985.8976451917065,0.00024727993020026554
2020-03-03 19:00:00,2986.674070302207,0.00023604843817595864
2020-03-03 19:01:00,2986.50621462444,0.00023380366076797594
2020-03-03 19:02:00,2986.4285103239854,0.00021657436507504962
2020-03-03 19:03:00,2986.412891250987,0.00021155407396981815
2020-03-03 19:04:00,2984.8855467888925,0.00022194028063134182
2020-03-03 19:05:00,2983.70688486086,0.00021839576606738298
2020-03-03 19:06:00,2983.823470270102,0.0002287535598493825
2020-03-03 19:07:00,2983.4686026267736,0.00024022783601082144
2020-03-03 19:08:00,2983.6861053744797,0.00025507854672762997
2020-03-03 19:09:00,2983.579025645583,0.00027641485715773937
2020-03-03 19:10:00,2982.661956913413,0.00030195581409577714
2020-03-03 19:11:00,2982.8845747271116,0.00029896038667339965
2020-03-03 19:12:00,2981.885185083541,0.00029432401454229846
2020-03-03 19:13:00,2982.199518573223,0.0002805704541494398
2020-03-03 19:14:00,2981.941283828206,0.00027641862984884296
2020-03-03 19:15:00,2980.503616858017,0.0002700127401353429
2020-03-03 19:16:00,2980.9971383923244,0.00025289833907973677
2020-03-03 19:17:00,2981.1055641487965,0.0002640031335270412
2020-03-03 19:18:00,2981.653399515768,0.0002680931613380108
2020-03-03 19:19:00,2982.9252822435606,0.00027784019506847565
2020-03-03 19:20:00,2984.200923102149,0.00027162691998589136
2020-03-03 19:21:00,2984.8300273784803,0.00028163763335501145
2020-03-03 19:22:00,2984.974390299282,0.000289414382373432
2020-03-03 19:23:00,2986.2194922490035,0.0002899810798671036
2020-03-03 19:24:00,2986.4039053339575,0.0003108189833352694
2020-03-03 19:25:00,2985.1298474833334,0.0003134258051696081
2020-03-03 19:26:00,2986.256213117066,0.00031333046421266024
2020-03-03 19:27:00,2988.299157872561,0.00030994128424443186
2020-03-03 19:28:00,2987.1060998887856,0.0002899061380879795
2020-03-03 19:29:00,2988.098196806021,0.0002802278762501882
2020-03-03 19:30:00,2987.0359298751287,0.00025940039728090687
2020-03-03 19:31:00,2988.730394399979,0.00027395759533677567
2020-03-03 19:32:00,2988.347154678781,0.0002578244368541815
2020-03-03 19:33:00,2986.717882167835,0.0002563211392855599
2020-03-03 19:34:00,2985.376478897496,0.00027469733259335977
2020-03-03 19:35:00,2983.8415029386524,0.000268170121389555
2020-03-03 19:36:00,2984.3140876974794,0.0002614833666732545
2020-03-03 19:37:00,2983.858173320162,0.00025726715679183314
2020-03-03 19:38:00,2983.4243486133637,0.0002664801777270221
2020-03-03 19:39:00,2983.8690271287273,0.00026119076258202716
2020-03-03 19:40:00,2982.993339075133,0.0002445907744786587
2020-03-03 19:41:00,2983.6150109492064,0.0002491700408867287
2020-03-03 19:42:00,2982.725271511753,0.00026026570242753674
2020-03-03 19:43:00,2984.1338022771147,0.00025700544385623815
2020-03-03 19:44:00,2983.711503752936,0.0002441786768035181
2020-03-03 19:45:00,2983.8450124157584,0.0002546473525945361
2020-03-03 19:46:00,2984.0864754108497,0.00025107508277463563
2020-03-03 19:47:00,2984.338687274626,0.00022580944926421686
2020-03-03 19:48:00,2983.084383746217,0.0002411642678526382
2020-03-03 19:49:00,2982.052228511009,0.00025495207918161295
2020-03-03 19:50:00,2982.785145865589,0.00027457320132809196
2020-03-03 19:51:00,2981.7716747672116,0.0002829110326378395
2020-03-03 19:52:00,2983.6511863917244,0.00028483815513030155
2020-03-03 19:53:00,2984.361021601122,0.00028530117240735387
2020-03-03 19:54:00,2986.1548762541556,0.00030081684899759437
2020-03-03 19:55:00,2985.1885571954513,0.0003114792350976413
2020-03-03 19:56:00,2986.693135914143,0.00033262104011778107
2020-03-03 19:57:00,2987.7642765824985,0.0003678093851384486
2020-03-03 19:58:00,2988.9787172157176,0.00036804871039879534
2020-03-03 19:59:00,2986.827294640934,0.00034467451768220125
2020-03-04 13:30:00,2898.2671416836783,0.00035515663815352197
2020-03-04 13:31:00,2898.5295537939137,0.00038324186049081455
2020-03-04 13:32:00,2901.0549619940984,0.00040793797833044826
2020-03-04 13:33:00,2899.5721673998696,0.00037764964822250495
2020-03-04 13:34:00,2900.4043376704144,0.0004040157210923676
2020-03-04 13:35:00,2901.067895303447,0.00039294887980781607
2020-03-04 13:36:00,2901.859901205654,0.0004000170230055668
2020-03-04 13:37:00,2904.027319342576,0.000416979201531208
2020-03-04 13:38:00,2903.833878279668,0.00044478549824565654
2020-03-04 13:39:00,2901.7772395388906,0.0004533007137604437
2020-03-04 13:40:00,2902.5210709402772,0.0004747036390648642
2020-03-04 13:41:00,2904.9163721667223,0.00048018846625890853
2020-03-04 13:42:00,2906.408360251551,0.0004786090393406591
2020-03-04 13:43:00,2905.9718464327484,0.00043826460880321986
2020-03-04 13:44:00,2905.723554821825,0.00043012069936719126
2020-03-04 13:45:00,2906.0244029295673,0.00045551793444332394
2020-03-04 13:46:00,2907.099064332375,0.00043271965019985053
2020-03-04 13:47:00,2908.0928043751,0.00043150520818543845
2020-03-04 13:48:00,2907.3829913147893,0.0004161351575768014
2020-03-04 13:49:00,2908.5834566536646,0.000424099350865704
2020-03-04 13:50:00,2908.5846930545126,0.000436860555122274
2020-03-04 13:51:00,2909.3774916789507,0.0004214127967648445
2020-03-04 13:52:00,2908.33066900904,0.00041461298029036946
2020-03-04 13:53:00,2909.983258717426,0.00039490971634042365
2020-03-04 13:54:00,2908.513993053338,0.0004180279546546762
2020-03-04 13:55:00,2906.126841741037,0.00041019196820986034
2020-03-04 13:56:00,2904.2996462506667,0.00040178565081085626
2020-03-04 13:57:00,2904.278549691919,0.0004144611007374325
2020-03-04 13:58:00,2904.437389681518,0.0003933143398989425
2020-03-04 13:59:00,2905.1433801080198,0.00040226796361732703
2020-03-04 14:00:00,2905.2530604247772,0.0003918890313629363
2020-03-04 14:01:00,2906.514583605741,0.00042556370342777496
2020-03-04 14:02:00,2906.8275185972425,0.000419560333540678
2020-03-04 14:03:00,2908.967795023642,0.0004188734240817043
2020-03-04 14:04:00,2908.4566144474743,0.0004008997037354611
2020-03-04 14:05:00,2907.4875268126616,0.00042432775411273065
2020-03-04 14:06:00,2907.112459531284,0.0004210843198529419
2020-03-04 14:07:00,2906.226310832472,0.0004074218708346878
2020-03-04 14:08:00,2905.5635576449304,0.0004010760464478563
2020-03-04 14:09:00,2906.199212820114,0.00044370441372684494
2020-03-04 14:10:00,2904.4055705671676,0.0004611061887026423
2020-03-04 14:11:00,2905.2632060976534,0.0004848823906246005
2020-03-04 14:12:00,2904.321281554972,0.0005194118669569366
2020-03-04 14:13:00,2902.9773789611186,0.0005389992215521375
2020-03-04 14:14:00,2903.370801799403,0.0005479129347763686
2020-03-04 14:15:00,2901.5994491732213,0.0005707439425860296
2020-03-04 14:16:00,2900.7716711421062,0.000584248046104899
2020-03-04 14:17:00,2898.289800244093,0.0005693842519063327
2020-03-04 14:18:00,2897.046588422155,0.0005729696487350458
2020-03-04 14:19:00,2898.204142787706,0.0006240755538384709
2020-03-04 14:20:00,2898.7842911299044,0.0005803758229645669
2020-03-04 14:21:00,2897.4757067792766,0.0006090154289020965
2020-03-04 14:22:00,2897.3845747773635,0.000579292392475855
2020-03-04 14:23:00,2897.5902055339006,0.0005210741609149502
2020-03-04 14:24:00,2898.020027702321,0.00047801787019066796
2020-03-04 14:25:00,2897.100786340355,0.0004790762876962967
2020-03-04 14:26:00,2898.149151641937,0.0004801342235414569
2020-03-04 14:27:00,2898.5440416171537,0.0004526017739558338
2020-03-04 14:28:00,2895.8287305894746,0.00044202393895177787
2020-03-04 14:29:00,2895.7239226944203,0.00045600463397785674
2020-03-04 14:30:00,2897.355787980244,0.00047900767771388495
2020-03-04 14:31:00,2897.072724911624,0.00044067030551928104
2020-03-04 14:32:00,2898.125185837448,0.0004394125923903465
2020-03-04 14:33:00,2894.6166997447212,0.000440023850256787
2020-03-04 14:34:00,2894.4851342863894,0.0004372910605619985
2020-03-04 14:35:00,2894.4092669294496,0.00042659723889553825
2020-03-04 14:36:00,2896.360332087305,0.00043793708014204595
2020-03-04 14:37:00,2896.31766522443,0.00041312534865904144
2020-03-04 14:38:00,2894.72983220317,0.00039051128704677206
2020-03-04 14:39:00,2894.829563365946,0.0003795073716235386
2020-03-04 14:40:00,2894.438601762879,0.00035491618160120926
2020-03-04 14:41:00,2894.3739127338285,0.0003965246722624239
2020-03-04 14:42:00,2893.530009500006,0.0003962928448502825
2020-03-04 14:43:00,2892.5951288280903,0.0004135623202210068
2020-03-04 14:44:00,2892.1375135123976,0.0004000484745816797
2020-03-04 14:45:00,2891.295425376548,0.0004051706061391141
2020-03-04 14:46:00,2891.441261071362,0.00039751926443419046
2020-03-04 14:47:00,2889.713119524963,0.0003916131122816812
2020-03-04 14:48:00,2887.946577314957,0.0003638564147787899
2020-03-04 14:49:00,2888.1350454017925,0.00037783969863578284
2020-03-04 14:50:00,2886.633854218728,0.0003584048449802188
2020-03-04 14:51:00,2887.088745572199,0.0003346881129245587
2020-03-04 14:52:00,2884.577545481709,0.00032003488113924037
2020-03-04 14:53:00,2882.720041748907,0.00031812826440570814
2020-03-04 14:54:00,2882.7511313889554,0.0003072352084481886
2020-03-04 14:55:00,2883.3078629869774,0.00030280408226128854
2020-03-04 14:56:00,2882.034465122583,0.00030292965080158164
2020-03-04 14:57:00,2882.011220480501,0.00030685091072829085
2020-03-04 14:58:00,2881.1914688221127,0.00031334705118209606
2020-03-04 14:59:00,2879.313346936212,0.00033030178733653697
2020-03-04 15:00:00,2878.116511297968,0.0003185826104330499
2020-03-04 15:01:00,2878.304991698069,0.00030393688253991445
2020-03-04 15:02:00,2878.516455236019,0.00032292355865695563
2020-03-04 15:03:00,2880.259100609794,0.0003309350281704032
2020-03-04 15:04:00,2880.7598004386045,0.0003343160029035128
2020-03-04 15:05:00,2881.350196286117,0.00030628346646727797
2020-03-04 15:06:00,2882.245753253854,0.00031320794252045206
2020-03-04 15:07:00,2881.6496592281032,0.00031837078211597675
2020-03-04 15:08:00,2884.0434481824004,0.00034336984048642807
2020-03-04 15:09:00,2884.8334294694623,0.000345917900441014
2020-03-04 15:10:00,2885.7328563077144,0.0003230359780675138
2020-03-04 15:11:00,2887.4504335843694,0.00028902592440861616
2020-03-04 15:12:00,2887.9604756210583,0.00028885795352581614
2020-03-04 15:13:00,2889.532780636722,0.00028543075941079183
2020-03-04 15:14:00,2889.9644919124135,0.00027247982125274745
2020-03-04 15:15:00,2890.5103108729068,0.0002605863939355847
2020-03-04 15:16:00,2890.4270970873777,0.00024638357113737267
2020-03-04 15:17:00,2890.0084380773346,0.0002516726082602977
2020-03-04 15:18:00,2890.9065840294934,0.00024351637442965792
2020-03-04 15:19:00,2891.951195660496,0.00023978605081015927
2020-03-04 15:20:00,2891.1262227768457,0.0002305418048430741
2020-03-04 15:21:00,2889.769332064321,0.0002272930497406071
2020-03-04 15:22:00,2889.7118580109313,0.00022463963807074972
2020-03-04 15:23:00,2888.4409996479308,0.0002299556262850844
2020-03-04 15:24:00,2888.6073880542685,0.00021996363344474554
2020-03-04 15:25:00,2888.22584560353,0.00021461358759248736
2020-03-04 15:26:00,2887.895403986246,0.00022405298989971746
2020-03-04 15:27:00,2887.285966156191,0.00021855946147469792
2020-03-04 15:28:00,2886.9542451892025,0.00021650187629281142
2020-03-04 15:29:00,2886.51761860448,0.00021630819507545326
2020-03-04 15:30:00,2886.320560507157,0.00022359024200993712
2020-03-04 15:31:00,2886.4419700991316,0.0002234096612404921
2020-03-04 15:32:00,2886.452782526173,0.00023012615441098678
2020-03-04 15:33:00,2887.1331900628493,0.0002323283216215734
2020-03-04 15:34:00,2886.6596775059566,0.00023386077438562695
2020-03-04 15:35:00,2886.4098730143537,0.00024239443431871844
2020-03-04 15:36:00,2884.930811924661,0.00024857635744896347
2020-03-04 15:37:00,2884.9951774242827,0.00022959098518344026
2020-03-04 15:38:00,2885.8280802960644,0.0002369693844511733
2020-03-04 15:39:00,2887.5047745041006,0.00024022395331380221
2020-03-04 15:40:00,2886.909595709181,0.0002617178665391778
2020-03-04 15:41:00,2887.161911038791,0.00027953268177449226
2020-03-04 15:42:00,2887.716733108024,0.00029643826120434754
2020-03-04 15:43:00,2887.1648317008794,0.0002997921834140542
2020-03-04 15:44:00,2886.9360446043706,0.0003063304075214663
2020-03-04 15:45:00,2885.8947787904453,0.00029158763084273894
2020-03-04 15:46:00,2886.561157166813,0.0002906853506323402
2020-03-04 15:47:00,2885.956851642555,0.0002978720179292597
2020-03-04 15:48:00,2885.5327899512968,0.0003028314453027395
2020-03-04 15:49:00,2886.2721733074086,0.00031711299178139717
2020-03-04 15:50:00,2887.2587168348637,0.00033344830926265723
2020-03-04 15:51:00,2889.309729638964,0.0003197817649088969
2020-03-04 15:52:00,2888.279719822084,0.0003175339907641443
2020-03-04 15:53:00,2887.8019479643954,0.00030608587229935926
2020-03-04 15:54:00,2889.1173671682677,0.0003115146464422717
2020-03-04 15:55:00,2888.073674878282,0.00031405525588765654
2020-03-04 15:56:00,2888.4797656142246,0.0002943691671503175
2020-03-04 15:57:00,2887.777683627818,0.0002928133422357246
2020-03-04 15:58:00,2887.28294135706,0.0002884712710459691
2020-03-04 15:59:00,2886.530843238417,0.00029835441090272246
2020-03-04 16:00:00,2885.36356508988,0.0003034387222761202
2020-03-04 16:01:00,2884.2247120315164,0.00032815496656962646
2020-03-04 16:02:00,2884.0245323966205,0.00033474529556117006
2020-03-04 16:03:00,2884.5937624120197,0.0003284094603440617
2020-03-04 16:04:00,2882.2884127297543,0.00034517426096685854
2020-03-04 16:05:00,2881.980912673944,0.0003440054828407928
2020-03-04 16:06:00,2882.0790970177272,0.00035380318964934297
2020-03-04 16:07:00,2880.516939209794,0.00035717491663908514
2020-03-04 16:08:00,2878.7237826622763,0.0003516660906468104
2020-03-04 16:09:00,2881.483082308633,0.00036893318501133546
2020-03-04 16:10:00,2882.8302492178505,0.00035773283999972227
2020-03-04 16:11:00,2884.0828131115586,0.00036082817902403333
2020-03-04 16:12:00,2884.307245089411,0.0003768671480036764
2020-03-04 16:13:00,2883.6037700608867,0.0003633434721875841
2020-03-04 16:14:00,2882.537747841986,0.00034431112908048516
2020-03-04 16:15:00,2882.8943922253093,0.0003433558756369756
2020-03-04 16:16:00,2882.570109630817,0.0003410376407691486
2020-03-04 16:17:00,2883.1837561182065,0.00034421785736218636
2020-03-04 16:18:00,2884.5796826048177,0.00040006848970500013
2020-03-04 16:19:00,2886.021892696759,0.0004111153516644567
2020-03-04 16:20:00,2886.203142784598,0.0003822404689627767
2020-03-04 16:21:00,2887.0273547890743,0.0003884466970408795
2020-03-04 16:22:00,2885.7879045167533,0.00037546510935124015
2020-03-04 16:23:00,2884.557298823872,0.0003708404460390529
2020-03-04 16:24:00,2885.055187353782,0.0003601153278397057
2020-03-04 16:25:00,2886.861710236352,0.00037125282253803554
2020-03-04 16:26:00,2885.9942449673067,0.0003857774946148678
2020-03-04 16:27:00,2886.2628675828637,0.000398855888253431
2020-03-04 16:28:00,2886.105873675894,0.0004010098304930039
2020-03-04 16:29:00,2886.5221710431447,0.00040508045299729814
2020-03-04 16:30:00,2885.8065868111535,0.0004242945252757876
2020-03-04 16:31:00,2885.660671433411,0.0004199416051060881
2020-03-04 16:32:00,2884.7988148529926,0.00041434478556543863
2020-03-04 16:33:00,2884.4615870688426,0.000396667442762197
2020-03-04 16:34:00,2884.869455635804,0.00038242743969306875
2020-03-04 16:35:00,2883.849329520746,0.000361281919913939
2020-03-04 16:36:00,2883.952725100325,0.0003590990272317372
2020-03-04 16:37:00,2884.5538884154407,0.0003460104073836325
2020-03-04 16:38:00,2884.7831244246286,0.0003432964593414521
2020-03-04 16:39:00,2884.913859139738,0.00032703231324210337
2020-03-04 16:40:00,2884.2075522379578,0.0003378962273770431
2020-03-04 16:41:00,2882.5241441394282,0.0003421121261998915
2020-03-04 16:42:00,2882.1695635258634,0.00034780037787863935
2020-03-04 16:43:00,2880.9840377263254,0.00033248525153883093
2020-03-04 16:44:00,2879.6504775575218,0.0003408350312850563
2020-03-04 16:45:00,2878.904600673129,0.00032953898464019245
2020-03-04 16:46:00,2878.8307931700833,0.00032515038545909104
2020-03-04 16:47:00,2879.6932615215565,0.00029577588170945953
2020-03-04 16:48:00,2878.632422659375,0.0002947673600068618
2020-03-04 16:49:00,2879.7736564458983,0.00028884687158320805
2020-03-04 16:50:00,2881.258235569666,0.00028685167726743763
2020-03-04 16:51:00,2880.752507343094,0.00027910995782636454
2020-03-04 16:52:00,2881.9440254404476,0.0002982208784869807
2020-03-04 16:53:00,2882.0256011206425,0.00032074328284902015
2020-03-04 16:54:00,2882.26785500278,0.0002984555650674376
2020-03-04 16:55:00,2882.4748486699787,0.000289175848132799
2020-03-04 16:56:00,2882.5875032619338,0.00030411884685039073
2020-03-04 16:57:00,2883.2640852743157,0.00029243417988239105
2020-03-04 16:58:00,2884.37075843667,0.0003002840072940641
2020-03-04 16:59:00,2885.466933800276,0.00032163764878263634
2020-03-04 17:00:00,2886.4102274605584,0.00032004247646770056
2020-03-04 17:01:00,2884.841536986731,0.00031128097249505523
2020-03-04 17:02:00,2885.635186931859,0.00031914605662744175
2020-03-04 17:03:00,2885.966273991817,0.0003113312495128762
2020-03-04 17:04:00,2886.5855945157887,0.0003341579076460421
2020-03-04 17:05:00,2886.619986372829,0.00033396769273975717
2020-03-04 17:06:00,2885.776770067933,0.0003414735740197538
2020-03-04 17:07:00,2885.4233158567376,0.0003317632392760743
2020-03-04 17:08:00,2885.6254569837197,0.0003565347845491798
2020-03-04 17:09:00,2885.5738715848,0.000339660699384802
2020-03-04 17:10:00,2886.2143935035415,0.0003363126425690894
2020-03-04 17:11:00,2886.0711515573603,0.0003262110275771371
2020-03-04 17:12:00,2886.3139544200576,0.00032994709684677857
2020-03-04 17:13:00,2885.5044462566666,0.00033261717640268787
2020-03-04 17:14:00,2884.8855581192056,0.00033971415997487126
2020-03-04 17:15:00,2886.079473112337,0.00031676433224642637
2020-03-04 17:16:00,2886.6303809751,0.0002995835484683985
2020-03-04 17:17:00,2886.4504739452564,0.0003123932828819574
2020-03-04 17:18:00,2887.154238385424,0.0003204834088048353
2020-03-04 17:19:00,2887.4142547646575,0.00029917429320464587
2020-03-04 17:20:00,2886.3188306466955,0.00029413103694759173
2020-03-04 17:21:00,2886.348359665719,0.0002874839252970178
2020-03-04 17:22:00,2885.685408172677,0.00028051278091882284
2020-03-04 17:23:00,2884.7146527870395,0.00027794044972054375
2020-03-04 17:24:00,2883.6557141867165,0.00029855448806284375
2020-03-04 17:25:00,2885.001694241905,0.00030333742045608205
2020-03-04 17:26:00,2885.4907330873175,0.00030125481088300895
2020-03-04 17:27:00,2885.3357263263338,0.0003085620069602626
2020-03-04 17:28:00,2886.0952443960855,0.0003111049946302876
2020-03-04 17:29:00,2886.295652209238,0.00029754482236865886
2020-03-04 17:30:00,2885.7859120911253,0.0002930102078703364
2020-03-04 17:31:00,2886.7703037072097,0.0002753665598114325
2020-03-04 17:32:00,2887.9458091412544,0.00030024423721715696
2020-03-04 17:33:00,2888.3473808440485,0.0003019581004304305
2020-03-04 17:34:00,2887.0894648368576,0.000280920240846998
2020-03-04 17:35:00,2886.6285027213307,0.00028126749439406483
2020-03-04 17:36:00,2885.787529954259,0.0003032398095871122
2020-03-04 17:37:00,2885.013933367004,0.00029141956752237876
2020-03-04 17:38:00,2884.9812119026283,0.0003237889501968762
2020-03-04 17:39:00,2885.048854984682,0.00033183037119799
2020-03-04 17:40:00,2885.965230577818,0.0003329174294545987
2020-03-04 17:41:00,2885.072554756376,0.0003380498086135276
2020-03-04 17:42:00,2884.2099582933424,0.00031412456766189063
2020-03-04 17:43:00,2885.5299860610908,0.00030047180683704164
2020-03-04 17:44:00,2885.258683256859,0.00031159559850984283
2020-03-04 17:45:00,2885.4255633913435,0.000306091044093382
2020-03-04 17:46:00,2885.4048287896812,0.0003046009002092504
2020-03-04 17:47:00,2884.511206955819,0.00030479989705133124
2020-03-04 17:48:00,2884.3424407583598,0.0003055166070769152
2020-03-04 17:49:00,2885.2357407427066,0.0003114617957662308
2020-03-04 17:50:00,2883.191724146196,0.0003304676806856305
2020-03-04 17:51:00,2882.848423618978,0.0003496870881494837
2020-03-04 17:52:00,2883.392845740399,0.0003485382209997547
2020-03-04 17:53:00,2884.31559586011,0.0003602387491109441
2020-03-04 17:54:00,2881.9342755165276,0.00036013722632816136
2020-03-04 17:55:00,2882.664633785334,0.00034004068753077646
2020-03-04 17:56:00,2883.6573290622987,0.0003376120051204421
2020-03-04 17:57:00,2881.8607178092216,0.00035272044081982986
2020-03-04 17:58:00,2882.405282589579,0.0003571590904591715
2020-03-04 17:59:00,2882.5993066683195,0.0003350050959405353
2020-03-04 18:00:00,2883.4142242622174,0.00034243973682556046
2020-03-04 18:01:00,2883.258460410735,0.00036072112119887027
2020-03-04 18:02:00,2885.0051891740177,0.00036231842717264446
2020-03-04 18:03:00,2884.8763748503397,0.0003831266167293
2020-03-04 18:04:00,2882.980400480103,0.00039513882665607254
2020-03-04 18:05:00,2884.117044856393,0.0003830176301704464
2020-03-04 18:06:00,2883.206476871965,0.0003776418415460948
2020-03-04 18:07:00,2885.1754105336254,0.00038942235682131344
2020-03-04 18:08:00,2885.271517763312,0.00038306406147239804
2020-03-04 18:09:00,2885.81467204977,0.0003936555349965389
2020-03-04 18:10:00,2887.3587091985996,0.00039683719724548246
2020-03-04 18:11:00,2887.9652724868433,0.0003740267541290865
2020-03-04 18:12:00,2888.6446887386915,0.0003499525905590712
2020-03-04 18:13:00,2889.063537711577,0.0003468659739805012
2020-03-04 18:14:00,2889.0064321342993,0.00035717618103411344
2020-03-04 18:15:00,2887.8522026520436,0.0003652780095860076
2020-03-04 18:16:00,2888.618740304991,0.0003773641063895026
2020-03-04 18:17:00,2887.8425600487294,0.0003737629959981963
2020-03-04 18:18:00,2886.370887193856,0.00038861727735910883
2020-03-04 18:19:00,2886.2066021709006,0.00042649455440505927
2020-03-04 18:20:00,2885.8701430075735,0.0004311489240854788
2020-03-04 18:21:00,2883.9544187512934,0.0004409110697824139
2020-03-04 18:22:00,2883.5392586012645,0.00043299685208130997
2020-03-04 18:23:00,2884.3240412250207,0.00046294260921671867
2020-03-04 18:24:00,2886.59183006262,0.000487538070179361
2020-03-04 18:25:00,2889.753458305212,0.0004918107179389923
2020-03-04 18:26:00,2890.2167006308723,0.0004874584226006125
2020-03-04 18:27:00,2888.673803360735,0.00048452018727943323
2020-03-04 18:28:00,2886.929574963752,0.0005174256524257479
2020-03-04 18:29:00,2886.4694377619744,0.0005437018136188576
2020-03-04 18:30:00,2886.0283948732654,0.0005149962839710497
2020-03-04 18:31:00,2886.950972170556,0.0005341047001963213
2020-03-04 18:32:00,2886.9380504753894,0.0005028447228640635
2020-03-04 18:33:00,2886.6752764411576,0.0005100661788869678
2020-03-04 18:34:00,2886.5734633657526,0.0005276741536082421
2020-03-04 18:35:00,2887.339573708556,0.0005143479830402075
2020-03-04 18:36:00,2889.2266329930403,0.00048650457465909496
2020-03-04 18:37:00,2889.4161958838827,0.0004848872955523951
2020-03-04 18:38:00,2889.206826099998,0.00047433908867491805
2020-03-04 18:39:00,2889.80724957379,0.0004547213191023558
2020-03-04 18:40:00,2889.133725098186,0.0004094436729594568
2020-03-04 18:41:00,2887.2366610626823,0.00040214300996202414
2020-03-04 18:42:00,2885.7983749250575,0.0004336512964970252
2020-03-04 18:43:00,2883.467238705178,0.0004609119454461505
2020-03-04 18:44:00,2884.299030524447,0.00047772315523518435
2020-03-04 18:45:00,2884.6975143113655,0.0004881855998356876
2020-03-04 18:46:00,2884.616176463539,0.0004889885047056867
2020-03-04 18:47:00,2886.0000603636763,0.0005201534993757748
2020-03-04 18:48:00,2888.2782338435986,0.0004911824501228456
2020-03-04 18:49:00,2890.0063158047133,0.00049721726089768
2020-03-04 18:50:00,2887.2611813193844,0.0004992266847068101
2020-03-04 18:51:00,2887.396304918461,0.0004974185824102406
2020-03-04 18:52:00,2887.9874855481717,0.0004953794617790309
2020-03-04 18:53:00,2889.361812883336,0.0005001619517187553
2020-03-04 18:54:00,2889.268544054156,0.0005061516082613066
2020-03-04 18:55:00,2886.405131541206,0.0005305349133015013
2020-03-04 18:56:00,2885.0496189327914,0.0005366383147353928
2020-03-04 18:57:00,2888.057538293787,0.0005463430082690301
2020-03-04 18:58:00,2887.1803908385673,0.0005259653751156286
2020-03-04 18:59:00,2886.882228069958,0.0005321526860704595
2020-03-04 19:00:00,2885.8286514071024,0.0005000659007138089
2020-03-04 19:01:00,2887.966030260195,0.0005216629641660992
2020-03-04 19:02:00,2888.1533531055857,0.0004933084234429794
2020-03-04 19:03:00,2888.523735974049,0.00048589611914466737
2020-03-04 19:04:00,2886.3945183572955,0.00048249940149484996
2020-03-04 19:05:00,2885.4246654762737,0.00047743146133105143
2020-03-04 19:06:00,2887.11187862911,0.0005130999811172445
2020-03-04 19:07:00,2884.848964937205,0.0005890870691496815
2020-03-04 19:08:00,2886.2396935931197,0.0005773236873875494
2020-03-04 19:09:00,2886.194548264451,0.000552592461514086
2020-03-04 19:10:00,2884.696632743555,0.000604881027022471
2020-03-04 19:11:00,2886.9638658640933,0.0006422397130349
2020-03-04 19:12:00,2885.529517696648,0.0006816090931343084
2020-03-04 19:13:00,2882.699668375785,0.000647872774103193
2020-03-04 19:14:00,2882.6917938190836,0.0006396628221887767
2020-03-04 19:15:00,2886.6923620441667,0.0006205478073045221
2020-03-04 19:16:00,2888.024405060826,0.0006111414598627124
2020-03-04 19:17:00,2886.37557762443,0.0005605904460553331
2020-03-04 19:18:00,2884.6015214590157,0.0005826987870084367
2020-03-04 19:19:00,2890.4001384162066,0.0006196955654399348
2020-03-04 19:20:00,2888.77270315601,0.000630126008837342
2020-03-04 19:21:00,2886.3751926093037,0.0006552537844738284
2020-03-04 19:22:00,2883.347193246272,0.0006509770027227716
2020-03-04 19:23:00,2881.604230550036,0.000692756484242278
2020-03-04 19:24:00,2884.076125380201,0.0006369777620637178
2020-03-04 19:25:00,2882.6758927011665,0.0006864644769393944
2020-03-04 19:26:00,2879.919542184037,0.0007044664896361929
2020-03-04 19:27:00,2878.6118380629437,0.0007276613939975361
2020-03-04 19:28:00,2874.707469723336,0.0007139354924937314
2020-03-04 19:29:00,2873.370566695242,0.0006918348466186513
2020-03-04 19:30:00,2872.0692361393244,0.0007221473400057461
2020-03-04 19:31:00,2872.2239235601814,0.0007239424884203303
2020-03-04 19:32:00,2871.2168437436735,0.0007259479297102837
2020-03-04 19:33:00,2871.9208777831054,0.0007744359218995821
2020-03-04 19:34:00,2871.3881062630203,0.0007440861750582546
2020-03-04 19:35:00,2872.9856472513675,0.0007408534015503875
2020-03-04 19:36:00,2876.130263193349,0.0007496248370329754
2020-03-04 19:37:00,2878.0817722959005,0.0007308793083891821
2020-03-04 19:38:00,2875.848385292914,0.0007305752853432248
2020-03-04 19:39:00,2873.7445517631154,0.0007578602752857602
2020-03-04 19:40:00,2874.1309949861165,0.0007372560045631945
2020-03-04 19:41:00,2876.0626432368185,0.0007498543171425433
2020-03-04 19:42:00,2877.928564947537,0.0008100863923801731
2020-03-04 19:43:00,2878.6568775952205,0.0007770155080105847
2020-03-04 19:44:00,2875.638142572772,0.0007888349799095907
2020-03-04 19:45:00,2875.8418381787365,0.0007184081898345643
2020-03-04 19:46:00,2876.6602448649037,0.0007392430494370066
2020-03-04 19:47:00,2876.483336561851,0.0007296407539038335
2020-03-04 19:48:00,2876.7145655807626,0.0007127048919393971
2020-03-04 19:49:00,2880.1088684199376,0.0007234509090918976
2020-03-04 19:50:00,2878.253309146631,0.0007125728404766125
2020-03-04 19:51:00,2879.9256855443045,0.0007300053603813264
2020-03-04 19:52:00,2879.3450523416095,0.0006903310347147204
2020-03-04 19:53:00,2880.9109297077694,0.0007125477059896587
2020-03-04 19:54:00,2879.1652705879646,0.0007001426835554358
2020-03-04 19:55:00,2877.030743276573,0.000743403622744552
2020-03-04 19:56:00,2879.9191497313022,0.0007335446953401696
2020-03-04 19:57:00,2877.2209002726136,0.0006781114848101563
2020-03-04 19:58:00,2877.579825346884,0.0006383360231051485
2020-03-04 19:59:00,2876.5492793265767,0.0006411630405725839
2020-03-05 13:30:00,2703.4211506080387,0.0006344831386969706
2020-03-05 13:31:00,2702.1813319501643,0.0006427703041335578
2020-03-05 13:32:00,2701.3364927482953,0.0006864569201364026
2020-03-05 13:33:00,2705.6562211999267,0.0007190118939499559
2020-03-05 13:34:00,2704.03664353973,0.0007020696160784696
2020-03-05 13:35:00,2705.5024438475,0.0006511642064799832
2020-03-05 13:36:00,2705.192354985613,0.000628425836332732
2020-03-05 13:37:00,2705.0616714747403,0.000625615487167786
2020-03-05 13:38:00,2704.5609048180104,0.0006083125643686603
2020-03-05 13:39:00,2705.0280242467456,0.000584000556197216
2020-03-05 13:40:00,2703.7786022795717,0.0005975230269377116
2020-03-05 13:41:00,2703.2998266017435,0.0006082570020022863
2020-03-05 13:42:00,2701.3201683364327,0.0006366808111308266
2020-03-05 13:43:00,2702.2023774250065,0.0006218935153957453
2020-03-05 13:44:00,2701.995016170551,0.0006080381913172049
2020-03-05 13:45:00,2701.398196372983,0.0006650178001420707
2020-03-05 13:46:00,2701.9920452893894,0.0006165800965315552
2020-03-05 13:47:00,2701.8829033765087,0.0006127440490589175
2020-03-05 13:48:00,2699.6807195741967,0.0006222786520019085
2020-03-05 13:49:00,2701.031562525399,0.0006267976079497124
2020-03-05 13:50:00,2701.233194715116,0.0006284314928680726
2020-03-05 13:51:00,2700.98286380544,0.0006230706283511006
2020-03-05 13:52:00,2702.869275473912,0.0006160927753346458
2020-03-05 13:53:00,2701.459872635334,0.0005859069034398031
2020-03-05 13:54:00,2697.0382159512847,0.0005792616743867748
2020-03-05 13:55:00,2695.304595002169,0.0005966288504721272
2020-03-05 13:56:00,2695.586717800467,0.0005458747146827037
2020-03-05 13:57:00,2695.486058940324,0.0005712998588651931
2020-03-05 13:58:00,2695.2579597426875,0.0006122608739863564
2020-03-05 13:59:00,2692.1119645047534,0.000618013934674101
2020-03-05 14:00:00,2693.4501828826906,0.0005688953839399063
2020-03-05 14:01:00,2691.3215858454746,0.0005576283456747326
2020-03-05 14:02:00,2692.220539373605,0.0005678321315846675
2020-03-05 14:03:00,2691.1140484452517,0.0005997036578008628
2020-03-05 14:04:00,2691.131367962711,0.0006297073017205514
2020-03-05 14:05:00,2689.953113860445,0.0006458821298263664
2020-03-05 14:06:00,2687.6830981311487,0.0006429111323128005
2020-03-05 14:07:00,2688.905391870482,0.0006485024444154198
2020-03-05 14:08:00,2688.7619437897597,0.0006417142295392711
2020-03-05 14:09:00,2688.5962067692794,0.0005969990607995494
2020-03-05 14:10:00,2687.2450710093335,0.0006095272201055605
2020-03-05 14:11:00,2688.08053229218,0.0006304016150098699
2020-03-05 14:12:00,2691.2458377878556,0.000679918777459973
2020-03-05 14:13:00,2692.850423377287,0.0006412357737329139
2020-03-05 14:14:00,2690.566409998326,0.0006336820461367867
2020-03-05 14:15:00,2689.054703822449,0.0006292274659430271
2020-03-05 14:16:00,2687.4496814250765,0.0006632743858524563
2020-03-05 14:17:00,2683.841534570101,0.0006046008739822204
2020-03-05 14:18:00,2682.7186680151867,0.0005716320421965198
2020-03-05 14:19:00,2680.93679765826,0.0005847747570893412
2020-03-05 14:20:00,2680.68321887399,0.0005973997672708806
2020-03-05 14:21:00,2683.6362390261465,0.0005909210015207633
2020-03-05 14:22:00,2684.9492417622173,0.0005800635463239496
2020-03-05 14:23:00,2685.0788418829093,0.0005746505095475325
2020-03-05 14:24:00,2687.3638135273663,0.0006081106616336909
2020-03-05 14:25:00,2687.7437771829477,0.0005934053202561042
2020-03-05 14:26:00,2684.7396435296064,0.0006224632636374679
2020-03-05 14:27:00,2686.6997961245556,0.0006234549468387237
2020-03-05 14:28:00,2683.661954965465,0.0006212201465712312
2020-03-05 14:29:00,2683.538708465759,0.0005747096744507208
2020-03-05 14:30:00,2685.4630082451736,0.0005592782804427717
2020-03-05 14:31:00,2684.9807587463033,0.0005259985190992864
2020-03-05 14:32:00,2683.156727558045,0.000513873148845602
2020-03-05 14:33:00,2683.9127714339174,0.0005139274247761157
2020-03-05 14:34:00,2683.642699303744,0.0004701669789878321
2020-03-05 14:35:00,2684.15376760653,0.000514038901368677
2020-03-05 14:36:00,2682.3501349706257,0.000508988237203656
2020-03-05 14:37:00,2680.671413093779,0.0005184213396540895
2020-03-05 14:38:00,2678.198483330853,0.0005067224519539156
2020-03-05 14:39:00,2677.493619736158,0.0005080198994351767
2020-03-05 14:40:00,2676.851106188384,0.0004992319073870447
2020-03-05 14:41:00,2677.9891719067914,0.0005103578543835039
2020-03-05 14:42:00,2678.5019079738636,0.0005034552624291507
2020-03-05 14:43:00,2679.178399630458,0.0005491374194574129
2020-03-05 14:44:00,2681.4279026107592,0.0005677935838415374
2020-03-05 14:45:00,2680.3611963844332,0.0005855466853286552
2020-03-05 14:46:00,2680.8746536413087,0.0006187174176168808
2020-03-05 14:47:00,2679.848669813006,0.0005907320462353893
2020-03-05 14:48:00,2681.2199170855347,0.0006030235720698053
2020-03-05 14:49:00,2680.907224265002,0.0006132016397937044
2020-03-05 14:50:00,2680.5262195527557,0.0005828350153947781
2020-03-05 14:51:00,2683.0390411076482,0.0005592007593230386
2020-03-05 14:52:00,2684.1084468644044,0.0005327465713529193
2020-03-05 14:53:00,2684.066851205065,0.0005393943161512311
2020-03-05 14:54:00,2684.6840550960515,0.0005193339276194359
2020-03-05 14:55:00,2682.4513505114223,0.0004988852776872149
2020-03-05 14:56:00,2680.406879380909,0.0005083024190376689
2020-03-05 14:57:00,2680.9122936448807,0.0005254534543399469
2020-03-05 14:58:00,2682.333765296336,0.0005006265896025122
2020-03-05 14:59:00,2680.6120585686085,0.00044746911110275225
2020-03-05 15:00:00,2679.834717948953,0.0004524307535879445
2020-03-05 15:01:00,2679.756780448812,0.0004367225250892443
2020-03-05 15:02:00,2679.0741768608377,0.00043251928908168364
2020-03-05 15:03:00,2676.8263204107016,0.00045448148650748584
2020-03-05 15:04:00,2678.0881814626246,0.0004567488534765248
2020-03-05 15:05:00,2678.222647369619,0.0004383032195639906
2020-03-05 15:06:00,2676.024744165744,0.0004663648383462727
2020-03-05 15:07:00,2675.2347023000984,0.00043175415414730615
2020-03-05 15:08:00,2675.998566057719,0.0004632002456461912
2020-03-05 15:09:00,2675.752650692723,0.0004789669171254122
2020-03-05 15:10:00,2677.3445777789443,0.00045353911819215976
2020-03-05 15:11:00,2676.2951218140497,0.0005039023350346904
2020-03-05 15:12:00,2673.846903969031,0.0004879671172667201
2020-03-05 15:13:00,2673.538661843963,0.0004834397149306337
2020-03-05 15:14:00,2673.162129875485,0.0005013714858126729
2020-03-05 15:15:00,2673.1018107557343,0.0004893389872002899
2020-03-05 15:16:00,2674.477252145537,0.0004986259929241214
2020-03-05 15:17:00,2674.1557169975317,0.0005347684070452127
2020-03-05 15:18:00,2673.9158494461085,0.0004958803630977433
2020-03-05 15:19:00,2674.7414107714903,0.0005083460413814982
2020-03-05 15:20:00,2676.165290512555,0.0005048367372380671
2020-03-05 15:21:00,2674.187650124484,0.0005128716892510523
2020-03-05 15:22:00,2674.6656033714207,0.0005258013286494143
2020-03-05 15:23:00,2675.4306121371123,0.0005150709324599443
2020-03-05 15:24:00,2675.4859987273976,0.000547704469862182
2020-03-05 15:25:00,2674.937256681977,0.0005723974994411761
2020-03-05 15:26:00,2678.0250727099146,0.000593654453005252
2020-03-05 15:27:00,2676.6585095680402,0.0006126522652171448
2020-03-05 15:28:00,2677.2366580245034,0.0005986426390685969
2020-03-05 15:29:00,2678.8655528516247,0.00063998831545224
2020-03-05 15:30:00,2679.06810284901,0.0006573445234786329
2020-03-05 15:31:00,2680.067758291916,0.0006464231081377326
2020-03-05 15:32:00,2680.2971103519294,0.0006064148102326116
2020-03-05 15:33:00,2680.478429906885,0.0005514300181528008
2020-03-05 15:34:00,2679.251531030352,0.0005554007232073855
2020-03-05 15:35:00,2680.5274740391737,0.0005416731849783209
2020-03-05 15:36:00,2679.5291733638282,0.0005890308151688938
2020-03-05 15:37:00,2679.767534049086,0.0006180459512412325
2020-03-05 15:38:00,2680.645651583893,0.0006141438235458956
2020-03-05 15:39:00,2683.8388947260114,0.00060853967424518
2020-03-05 15:40:00,2686.32353282903,0.0006268098208499289
2020-03-05 15:41:00,2688.49584620929,0.0006395937632167935
2020-03-05 15:42:00,2689.9025462928776,0.0006450260138269472
2020-03-05 15:43:00,2688.4281856039024,0.0006740603825215695
2020-03-05 15:44:00,2685.4655551173933,0.0006706371123591541
2020-03-05 15:45:00,2682.304362081605,0.0006346604268821255
2020-03-05 15:46:00,2681.3095759527396,0.0006308168431098463
2020-03-05 15:47:00,2678.657855752281,0.0006267759981494995
2020-03-05 15:48:00,2679.5951608609876,0.0006353549143870334
2020-03-05 15:49:00,2679.6187114822064,0.000609447580484949
2020-03-05 15:50:00,2676.9597826095396,0.0005847819083751416
2020-03-05 15:51:00,2675.780879697894,0.0005716363925678624
2020-03-05 15:52:00,2676.613011507004,0.0005997031235581556
2020-03-05 15:53:00,2675.6918341314963,0.0005969724019154706
2020-03-05 15:54:00,2671.226203280485,0.0006223873344170814
2020-03-05 15:55:00,2669.3363059442186,0.000612366112715679
2020-03-05 15:56:00,2669.4305628364014,0.0005496596537339062
2020-03-05 15:57:00,2671.5619794060376,0.0005646402202810678
2020-03-05 15:58:00,2672.5529196244324,0.0005377753792487217
2020-03-05 15:59:00,2673.14412873335,0.0005503133757940573
2020-03-05 16:00:00,2672.344194609927,0.0005392479234576125
2020-03-05 16:01:00,2673.3979362843797,0.0005702309678150102
2020-03-05 16:02:00,2674.0223289367395,0.000560212565502718
2020-03-05 16:03:00,2672.812960244016,0.0005276310324933559
2020-03-05 16:04:00,2674.7990080027007,0.0005540349291757338
2020-03-05 16:05:00,2676.355887992607,0.000561261351685057
2020-03-05 16:06:00,2677.0631106349106,0.0005735060002972094
2020-03-05 16:07:00,2675.8310858093537,0.0005737467251721079
2020-03-05 16:08:00,2676.2975587821675,0.0005526819122937282
2020-03-05 16:09:00,2676.7843936022946,0.000528394639562378
2020-03-05 16:10:00,2676.554923230305,0.0005130905116717576
2020-03-05 16:11:00,2674.5063641311945,0.0005259949466159163
2020-03-05 16:12:00,2671.4425809032437,0.0005630476857969397
2020-03-05 16:13:00,2672.1983684863735,0.0005567894889674915
2020-03-05 16:14:00,2672.3093536924785,0.0005851999136683412
2020-03-05 16:15:00,2670.8819350984645,0.0005931553118219899
2020-03-05 16:16:00,2672.147180899908,0.000560549634321017
2020-03-05 16:17:00,2671.0097761782017,0.0005096168507291159
2020-03-05 16:18:00,2670.136015726405,0.0005321698660030469
2020-03-05 16:19:00,2670.773771287066,0.0005585115213885563
2020-03-05 16:20:00,2671.2686482287477,0.0005740283386810895
2020-03-05 16:21:00,2668.71731384546,0.0005759517579409978
2020-03-05 16:22:00,2668.0513699119697,0.0005497362722274255
2020-03-05 16:23:00,2667.0383520696955,0.0005431162672918167
2020-03-05 16:24:00,2668.880550834214,0.0005658984099882639
2020-03-05 16:25:00,2672.0594265158315,0.000577789286435856
2020-03-05 16:26:00,2670.1300377921125,0.0006447775292914176
2020-03-05 16:27:00,2667.8034102300207,0.0006518598200359886
2020-03-05 16:28:00,2668.42553670256,0.0006511576474100226
2020-03-05 16:29:00,2668.660388784775,0.0006503439876042818
2020-03-05 16:30:00,2668.5325162372246,0.000700842789767728
2020-03-05 16:31:00,2670.8590244799557,0.0007093949548357007
2020-03-05 16:32:00,2670.845264458546,0.0007450847661178252
2020-03-05 16:33:00,2669.331131093392,0.0007984803745800441
2020-03-05 16:34:00,2669.065074934856,0.0008154382721408513
2020-03-05 16:35:00,2665.1197654145903,0.0008466616233195498
2020-03-05 16:36:00,2664.9985532410165,0.000846016843955186
2020-03-05 16:37:00,2666.1195862096397,0.000854589799542766
2020-03-05 16:38:00,2666.712841449142,0.0008775258694485664
2020-03-05 16:39:00,2666.1056882017724,0.0009188696476733054
2020-03-05 16:40:00,2664.6980424690732,0.0008381964327283968
2020-03-05 16:41:00,2666.4066604978075,0.0008153182985999582
2020-03-05 16:42:00,2667.6741792153543,0.0008571704935295739
2020-03-05 16:43:00,2669.8707634077396,0.00086114642896451
2020-03-05 16:44:00,2674.0634555381343,0.0007955886879529254
2020-03-05 16:45:00,2671.2797985683665,0.0008564151596353699
2020-03-05 16:46:00,2672.325196136048,0.0007953205992573782
2020-03-05 16:47:00,2673.4354296040965,0.0007584543038487526
2020-03-05 16:48:00,2674.1759199991666,0.0007283277057533031
2020-03-05 16:49:00,2675.4373987230388,0.0007769174867978527
2020-03-05 16:50:00,2675.069469435825,0.0008149093569356378
2020-03-05 16:51:00,2676.896541591303,0.0008116906457555631
2020-03-05 16:52:00,2674.9667044101066,0.0007676882040460177
2020-03-05 16:53:00,2675.4980247074855,0.0007769150307612609
2020-03-05 16:54:00,2677.3113524841774,0.0008148708282304612
2020-03-05 16:55:00,2675.909148118382,0.0008229022303010776
2020-03-05 16:56:00,2673.280839838056,0.000823151149537921
2020-03-05 16:57:00,2670.6517670091525,0.0007973447524370316
2020-03-05 16:58:00,2672.548836779464,0.0007786857063254677
2020-03-05 16:59:00,2672.3996227403445,0.0007538296021953228
2020-03-05 17:00:00,2670.8529971010316,0.0007691235284560655
2020-03-05 17:01:00,2672.040779600795,0.0007205601261361952
2020-03-05 17:02:00,2671.027324919368,0.000711606096141632
2020-03-05 17:03:00,2671.244853577473,0.0007086196702120555
2020-03-05 17:04:00,2674.27547607533,0.0007419485095275868
2020-03-05 17:05:00,2673.0213441557175,0.0007072886855242174
2020-03-05 17:06:00,2674.935709093757,0.0007782308619485684
2020-03-05 17:07:00,2676.1461022568787,0.0007763429012145926
2020-03-05 17:08:00,2676.782233187519,0.000711174428175698
2020-03-05 17:09:00,2675.618099232741,0.0007661001837110649
2020-03-05 17:10:00,2672.7153653311725,0.0007759495721833149
2020-03-05 17:11:00,2669.1557229254577,0.0007743346647970351
2020-03-05 17:12:00,2669.1667501082643,0.0008159610677722411
2020-03-05 17:13:00,2669.555105588597,0.000854222608571825
2020-03-05 17:14:00,2671.705485844281,0.0008624959347731034
2020-03-05 17:15:00,2674.826292685183,0.0008487822497651831
2020-03-05 17:16:00,2672.8562338146944,0.0008328632024615864
2020-03-05 17:17:00,2670.374828837292,0.0008577774227110846
2020-03-05 17:18:00,2670.155348956514,0.0009111875136596857
2020-03-05 17:19:00,2668.8116793527997,0.0008882424761015398
2020-03-05 17:20:00,2667.5166145198727,0.0009097080368540132
2020-03-05 17:21:00,2669.2906190463186,0.0008898282513220816
2020-03-05 17:22:00,2670.122895929289,0.0008913917406802519
2020-03-05 17:23:00,2669.2175129409766,0.0009077389442591031
2020-03-05 17:24:00,2669.8580767460176,0.0009004544178589886
2020-03-05 17:25:00,2670.179705742967,0.0008627917951306006
2020-03-05 17:26:00,2671.4918199065582,0.0009052214959048158
2020-03-05 17:27:00,2674.8413747182626,0.0009194573133007834
2020-03-05 17:28:00,2675.9291409399416,0.0008869182074472675
2020-03-05 17:29:00,2674.114634768488,0.0009155187405737268
2020-03-05 17:30:00,2674.56707061832,0.0009637635202283562
2020-03-05 17:31:00,2678.2703247915033,0.0009177431260580355
2020-03-05 17:32:00,2681.0739078447414,0.0009351524587466108
2020-03-05 17:33:00,2682.2472552810923,0.0009067249509047023
2020-03-05 17:34:00,2676.270230215564,0.000847606063809424
2020-03-05 17:35:00,2680.2819714236844,0.0008445743914114288
2020-03-05 17:36:00,2680.3703241653284,0.0008752564796119424
2020-03-05 17:37:00,2679.470304507936,0.0008501205461358174
2020-03-05 17:38:00,2679.7037314144213,0.0008250759861853553
2020-03-05 17:39:00,2682.4732553786594,0.0009039232516444474
2020-03-05 17:40:00,2678.382760478538,0.0009540627664716719
2020-03-05 17:41:00,2673.6251899011468,0.0010123763969860815
2020-03-05 17:42:00,2675.9043733708504,0.0010256482308691512
2020-03-05 17:43:00,2677.841084295368,0.0010461451939770433
2020-03-05 17:44:00,2679.690962834293,0.0011421127752637746
2020-03-05 17:45:00,2680.1685133585006,0.0012240740145909954
2020-03-05 17:46:00,2678.1867389983827,0.0012337030339690327
2020-03-05 17:47:00,2679.942236356003,0.0012089844371982105
2020-03-05 17:48:00,2675.0082111163883,0.001146176510817132
2020-03-05 17:49:00,2667.210370134173,0.001230447509940942
2020-03-05 17:50:00,2666.350141782438,0.0012717729439362159
2020-03-05 17:51:00,2664.303349906636,0.0012341899809142013
2020-03-05 17:52:00,2662.015945370018,0.0011543617446297528
2020-03-05 17:53:00,2663.168120842117,0.0011133162841022199
2020-03-05 17:54:00,2662.2988695393205,0.001070058371942043
2020-03-05 17:55:00,2667.4055117939324,0.0010801349476014554
2020-03-05 17:56:00,2666.116566586176,0.001060722453196125
2020-03-05 17:57:00,2663.8611477535483,0.001044270777423558
2020-03-05 17:58:00,2665.374301956033,0.00109597259275445
2020-03-05 17:59:00,2663.6010386652797,0.0011224439775088025
2020-03-05 18:00:00,2664.7294255403513,0.0011290459241374408
2020-03-05 18:01:00,2670.050097247352,0.0011382374856797992
2020-03-05 18:02:00,2670.9109448441336,0.0012060239015103363
2020-03-05 18:03:00,2669.7120499574553,0.0012140065933724804
2020-03-05 18:04:00,2668.8925695770295,0.0012339881904053442
2020-03-05 18:05:00,2669.869817568082,0.0011483598367002005
2020-03-05 18:06:00,2667.994936594038,0.0011501902001756637
2020-03-05 18:07:00,2670.303231543264,0.0011434641317545988
2020-03-05 18:08:00,2671.7961951996576,0.0010478877767474309
2020-03-05 18:09:00,2672.6429649799743,0.0010210257368350863
2020-03-05 18:10:00,2675.73509412069,0.0010238972848310873
2020-03-05 18:11:00,2676.2355427815287,0.00104508678802561
2020-03-05 18:12:00,2673.798790748574,0.0010081057058618512
2020-03-05 18:13:00,2673.670437431977,0.0010014838895280804
2020-03-05 18:14:00,2672.0059545574086,0.0009760992059269918
2020-03-05 18:15:00,2675.4582663808283,0.0009536451215108895
2020-03-05 18:16:00,2677.621083922249,0.0009933928507422302
2020-03-05 18:17:00,2676.4677419638747,0.0009312342774151337
2020-03-05 18:18:00,2679.2299732961305,0.0009385150960811843
2020-03-05 18:19:00,2681.6072303873834,0.0009458373042042386
2020-03-05 18:20:00,2682.5655137528406,0.0009139643153165088
2020-03-05 18:21:00,2684.705891529418,0.0008673155637437837
2020-03-05 18:22:00,2687.3673623943055,0.0008526822729752487
2020-03-05 18:23:00,2685.2733976827253,0.0008082938217155726
2020-03-05 18:24:00,2685.9527362585236,0.0008053745414276494
2020-03-05 18:25:00,2681.8623893541476,0.0008019137314927997
2020-03-05 18:26:00,2684.221055102487,0.0007798725689004564
2020-03-05 18:27:00,2683.4106119021553,0.0007510025409411272
2020-03-05 18:28:00,2685.1132554214646,0.0007520743473647914
2020-03-05 18:29:00,2688.2196192934225,0.0007887547966246111
2020-03-05 18:30:00,2688.150584128006,0.0007545841685631814
2020-03-05 18:31:00,2687.0616874704956,0.0007568079653054227
2020-03-05 18:32:00,2689.424178252695,0.0008648204967765544
2020-03-05 18:33:00,2688.6745331398356,0.0008740043832834159
2020-03-05 18:34:00,2690.5410949047605,0.0008798736929430697
2020-03-05 18:35:00,2687.5049071883736,0.0008351922938434761
2020-03-05 18:36:00,2687.1169463808897,0.0008504080579733833
2020-03-05 18:37:00,2682.1103797259043,0.0009058198525164304
2020-03-05 18:38:00,2687.344221090684,0.0009136985564355618
2020-03-05 18:39:00,2686.1756504526315,0.0009250240573666237
2020-03-05 18:40:00,2685.4840045979313,0.0008918199717400401
2020-03-05 18:41:00,2684.3136089127347,0.0009195185416803136
2020-03-05 18:42:00,2684.6978919211006,0.000953840486171622
2020-03-05 18:43:00,2684.1866150636442,0.000992890347239337
2020-03-05 18:44:00,2682.111812795398,0.0009622748678702314
2020-03-05 18:45:00,2678.374343946491,0.0009767442369520891
2020-03-05 18:46:00,2678.0416214597085,0.0010296553471540485
2020-03-05 18:47:00,2677.9472978454046,0.001096365056776707
2020-03-05 18:48:00,2682.217453310379,0.0011152419786488006
2020-03-05 18:49:00,2686.987261573739,0.0010031607979335549
2020-03-05 18:50:00,2684.6318069161957,0.0010271311643537913
2020-03-05 18:51:00,2682.278364588524,0.0010208010096499776
2020-03-05 18:52:00,2683.3728079925613,0.0010752253067247196
2020-03-05 18:53:00,2681.078722237936,0.0009799250156343846
2020-03-05 18:54:00,2678.5017265058596,0.0009495571855564463
2020-03-05 18:55:00,2676.573173466296,0.0008852464833144102
2020-03-05 18:56:00,2674.785668627099,0.0009167927164897136
2020-03-05 18:57:00,2675.9566385653757,0.0009022283218001801
2020-03-05 18:58:00,2678.8450100157934,0.0008203064440951715
2020-03-05 18:59:00,2682.084527050965,0.0008206125622605319
2020-03-05 19:00:00,2681.341013656019,0.0008161910663601469
2020-03-05 19:01:00,2678.4129365054437,0.0008567923924563184
2020-03-05 19:02:00,2677.992424360731,0.0008372226610289141
2020-03-05 19:03:00,2679.9608380254763,0.0008678406467293835
2020-03-05 19:04:00,2678.7006510314254,0.0009328159306405194
2020-03-05 19:05:00,2672.957148294182,0.0009931099586765937
2020-03-05 19:06:00,2673.40675514916,0.0010126866216938332
2020-03-05 19:07:00,2671.4379241213705,0.0009993465232278733
2020-03-05 19:08:00,2672.914203506021,0.0010623061707759616
2020-03-05 19:09:00,2679.0719407115566,0.0009640127227062348
2020-03-05 19:10:00,2674.6540492360664,0.000983359196895085
2020-03-05 19:11:00,2674.469678210597,0.0009837012740850225
2020-03-05 19:12:00,2673.7208678306606,0.0009430681618419583
2020-03-05 19:13:00,2673.4521851615527,0.0009778548717286457
2020-03-05 19:14:00,2673.3591095579345,0.0010251153355390788
2020-03-05 19:15:00,2676.3043871945574,0.0010150138646332566
2020-03-05 19:16:00,2676.430868909704,0.0010543501333446588
2020-03-05 19:17:00,2672.502751112819,0.0010475209325805518
2020-03-05 19:18:00,2667.5012790235455,0.0010193100101412126
2020-03-05 19:19:00,2666.6117307089135,0.0009706979390447295
2020-03-05 19:20:00,2666.624743424824,0.0008915958045699727
2020-03-05 19:21:00,2661.9031848221016,0.0009122757035905378
2020-03-05 19:22:00,2659.7244109784756,0.0008158509632544835
2020-03-05 19:23:00,2660.559605010887,0.0008138919328421996
2020-03-05 19:24:00,2662.383615881529,0.0007732836760693439
2020-03-05 19:25:00,2663.3206455250324,0.00078280615227524
2020-03-05 19:26:00,2660.6678317554947,0.0007979938798490444
2020-03-05 19:27:00,2655.597512063183,0.000817271362021528
2020-03-05 19:28:00,2655.324587106728,0.0008084667079777331
2020-03-05 19:29:00,2654.5674963923475,0.0008476533841211554
2020-03-05 19:30:00,2653.3325964283044,0.0009069842467538508
2020-03-05 19:31:00,2653.382948074952,0.0008648227419613247
2020-03-05 19:32:00,2656.6000318345177,0.0008250447243566498
2020-03-05 19:33:00,2663.432499728435,0.0008357104005414238
2020-03-05 19:34:00,2662.0851907153074,0.0008192583336352869
2020-03-05 19:35:00,2662.8449770588613,0.0007848797369005539
2020-03-05 19:36:00,2663.477033669125,0.0007999756462146125
2020-03-05 19:37:00,2662.4175659895745,0.0008060937669511824
2020-03-05 19:38:00,2664.9090491104444,0.0007739796857022089
2020-03-05 19:39:00,2665.317657770709,0.0008229458719223037
2020-03-05 19:40:00,2669.9296476095915,0.0007890137685519698
2020-03-05 19:41:00,2670.785600407839,0.0008823973191484821
2020-03-05 19:42:00,2672.3599294725227,0.0008772355206150054
2020-03-05 19:43:00,2673.0297346617754,0.0008784635718725094
2020-03-05 19:44:00,2673.7388511847635,0.0007953615096513142
2020-03-05 19:45:00,2670.491762842282,0.0007672120251089278
2020-03-05 19:46:00,2668.2522256160273,0.0007756540163047968
2020-03-05 19:47:00,2666.330737626301,0.0007881716024721091
2020-03-05 19:48:00,2668.934017643567,0.0008112911999294871
2020-03-05 19:49:00,2667.2772374768474,0.0008297264172081117
2020-03-05 19:50:00,2668.6007332030817,0.000845711182494789
2020-03-05 19:51:00,2669.8324691265443,0.0009199453742424703
2020-03-05 19:52:00,2668.064148841829,0.0009036595606114915
2020-03-05 19:53:00,2666.8378619242667,0.000824803530302317
2020-03-05 19:54:00,2667.519395942724,0.0008861849596082151
2020-03-05 19:55:00,2665.698459808752,0.0008048863743355062
2020-03-05 19:56:00,2666.2813709832367,0.0007680087760234677
2020-03-05 19:57:00,2666.7539189467657,0.0008204001701703159
2020-03-05 19:58:00,2670.113193811575,0.0007893895191913495
2020-03-05 19:59:00,2668.670930321421,0.0007931776904018978
2020-03-06 13:30:00,2704.7587641820437,0.0007987734289036424
2020-03-06 13:31:00,2702.948453926538,0.0007903323003629253
2020-03-06 13:32:00,2703.4217985752807,0.0008083924654569719
2020-03-06 13:33:00,2705.729947965058,0.0007649337712518732
2020-03-06 13:34:00,2709.2414671439083,0.0007903158879931457
2020-03-06 13:35:00,2707.6380580948216,0.0007955002256536348
2020-03-06 13:36:00,2710.6380990505477,0.000780311958473205
2020-03-06 13:37:00,2711.086756184067,0.0008178418838571806
2020-03-06 13:38:00,2710.124717370649,0.0008633452942716527
2020-03-06 13:39:00,2713.3682751358388,0.0008240253265781545
2020-03-06 13:40:00,2713.562960878713,0.0008158382079078623
2020-03-06 13:41:00,2711.7093243371296,0.0008332782193257721
2020-03-06 13:42:00,2711.265779385183,0.0008784085623202233
2020-03-06 13:43:00,2707.9935638030975,0.000842489238182305
2020-03-06 13:44:00,2710.22781518829,0.000823424312088957
2020-03-06 13:45:00,2715.005637601742,0.00085023998559355
2020-03-06 13:46:00,2712.511938487044,0.0009051896237665588
2020-03-06 13:47:00,2708.5779908730283,0.0008909833571763329
2020-03-06 13:48:00,2711.354529784345,0.000867255722223307
2020-03-06 13:49:00,2711.818459704677,0.0008583876511436134
2020-03-06 13:50:00,2714.327893662104,0.0008678856231182748
2020-03-06 13:51:00,2711.454315523596,0.0008854474153278473
2020-03-06 13:52:00,2710.1778630491635,0.0008698790254369804
2020-03-06 13:53:00,2711.0801301792135,0.0008577940681969637
2020-03-06 13:54:00,2711.6485151054458,0.0007986631377285208
2020-03-06 13:55:00,2708.2882688139366,0.0008217205949431185
2020-03-06 13:56:00,2705.4626094709165,0.0008470218524620631
2020-03-06 13:57:00,2705.7008869251977,0.0008443702143392445
2020-03-06 13:58:00,2703.4237566246875,0.0008940100455000408
2020-03-06 13:59:00,2701.031971956316,0.0009565481439798433
2020-03-06 14:00:00,2702.4783654341722,0.0009538847150644514
2020-03-06 14:01:00,2704.6799238215585,0.0009693212559462874
2020-03-06 14:02:00,2707.314466252608,0.0009333092729257404
2020-03-06 14:03:00,2706.486196043377,0.0008871778221908241
2020-03-06 14:04:00,2706.7548173682817,0.0008434278145786308
2020-03-06 14:05:00,2706.024792376322,0.0008412495882228324
2020-03-06 14:06:00,2704.4629204015014,0.0008570883325689306
2020-03-06 14:07:00,2704.685722303162,0.0008711438000544574
2020-03-06 14:08:00,2705.3270928256666,0.0009043461986411699
2020-03-06 14:09:00,2704.279954630145,0.0008298056581591647
2020-03-06 14:10:00,2704.453379207272,0.0008542525428853954
2020-03-06 14:11:00,2699.855322078628,0.00088607357348412
2020-03-06 14:12:00,2699.191530967427,0.0008907292172647329
2020-03-06 14:13:00,2701.4585744547167,0.0008578160012445232
2020-03-06 14:14:00,2698.954620812962,0.0008547086408715933
2020-03-06 14:15:00,2696.647909173034,0.000824178761330941
2020-03-06 14:16:00,2696.8833978336756,0.0008068160670960664
2020-03-06 14:17:00,2695.519487775491,0.0007723034022168621
2020-03-06 14:18:00,2695.9293584127145,0.0007508149117996289
2020-03-06 14:19:00,2694.679616088593,0.0007091849450896494
2020-03-06 14:20:00,2697.5012277146316,0.0007011089690427382
2020-03-06 14:21:00,2697.8122161269844,0.0007131311016500148
2020-03-06 14:22:00,2699.084942273267,0.0007145474897532879
2020-03-06 14:23:00,2697.37540521052,0.0007580350793192829
2020-03-06 14:24:00,2698.226490290861,0.0008129382599960158
2020-03-06 14:25:00,2699.9303289748555,0.0007428368170371168
2020-03-06 14:26:00,2700.1213097263862,0.0007203147650245089
2020-03-06 14:27:00,2705.1735859303762,0.0007229232836337252
2020-03-06 14:28:00,2704.433483757357,0.0007182835081463029
2020-03-06 14:29:00,2706.1784008505642,0.0007441203256876762
2020-03-06 14:30:00,2711.783563731618,0.0007300765235852877
2020-03-06 14:31:00,2709.4863674044987,0.0007365123527680515
2020-03-06 14:32:00,2710.1992861661656,0.0007206530096727867
2020-03-06 14:33:00,2709.872694317225,0.0007357893481601349
2020-03-06 14:34:00,2710.5978315013795,0.0007195605348433871
2020-03-06 14:35:00,2711.9785382331274,0.0007426000190175724
2020-03-06 14:36:00,2712.3943468278203,0.000782122099335729
2020-03-06 14:37:00,2711.5121828423935,0.0008350471010942186
2020-03-06 14:38:00,2714.009049989979,0.0007978385903490386
2020-03-06 14:39:00,2715.822686549806,0.00075166441882043
2020-03-06 14:40:00,2715.997286989093,0.0006989449633961681
2020-03-06 14:41:00,2718.4734751563224,0.0006661826563190385
2020-03-06 14:42:00,2717.185409451376,0.0006445274030474929
2020-03-06 14:43:00,2715.8155361332824,0.000622958544886276
2020-03-06 14:44:00,2714.4324512623866,0.000591209527112841
2020-03-06 14:45:00,2713.6038529027605,0.000545168039855724
2020-03-06 14:46:00,2713.485914644668,0.0005303700494756655
2020-03-06 14:47:00,2713.670397275872,0.0005343737271690598
2020-03-06 14:48:00,2714.4703986858294,0.0005469852608326657
2020-03-06 14:49:00,2715.3208722685345,0.0005107758583708285
2020-03-06 14:50:00,2716.3094820380875,0.00048573949415262583
2020-03-06 14:51:00,2714.832125909318,0.0004815204696550813
2020-03-06 14:52:00,2715.600358000877,0.0004709526067858358
2020-03-06 14:53:00,2715.908208645641,0.0005015055261942727
2020-03-06 14:54:00,2715.6464694274914,0.000492298418667708
2020-03-06 14:55:00,2718.2331383279366,0.0004741394248800004
2020-03-06 14:56:00,2718.001576595539,0.0004447352551665927
2020-03-06 14:57:00,2720.651323068888,0.0004320011216258167
2020-03-06 14:58:00,2719.7641299923034,0.0004140537672829327
2020-03-06 14:59:00,2720.190388912383,0.00040279687197361655
2020-03-06 15:00:00,2720.7499329896928,0.00043157224739611696
2020-03-06 15:01:00,2721.6552172724046,0.0004280191483141513
2020-03-06 15:02:00,2720.5287179511038,0.0004388570393502344
2020-03-06 15:03:00,2721.644868855051,0.000429315223902312
2020-03-06 15:04:00,2721.5293582057416,0.0004472454066376424
2020-03-06 15:05:00,2720.9882521975833,0.000450816657708147
2020-03-06 15:06:00,2718.3051475782677,0.00047874079546082786
2020-03-06 15:07:00,2717.698813867979,0.0004702721760000252
2020-03-06 15:08:00,2716.8074004516166,0.00048218944000344964
2020-03-06 15:09:00,2716.7559794752906,0.0005043765080733209
2020-03-06 15:10:00,2717.8900728126637,0.0005208895913015337
2020-03-06 15:11:00,2716.082392041713,0.0005496148329661052
2020-03-06 15:12:00,2715.1848061404694,0.0005288683065051088
2020-03-06 15:13:00,2713.889234043881,0.0004938049505141687
2020-03-06 15:14:00,2713.1649919933348,0.0005041808168968246
2020-03-06 15:15:00,2713.5786300836367,0.0005255072690853965
2020-03-06 15:16:00,2711.7018019281,0.0005330696096061474
2020-03-06 15:17:00,2710.116227718054,0.0005341088648062499
2020-03-06 15:18:00,2711.5572923647364,0.0005748976661658064
2020-03-06 15:19:00,2711.4423369546944,0.0005286764490489177
2020-03-06 15:20:00,2713.0763275958047,0.0005261079215168025
2020-03-06 15:21:00,2711.2983862213964,0.0005090596231646553
2020-03-06 15:22:00,2710.8623086713405,0.0005094373178757873
2020-03-06 15:23:00,2710.8484191288317,0.0005117463478212762
2020-03-06 15:24:00,2709.738503382331,0.0005400782569366932
2020-03-06 15:25:00,2709.409804252725,0.0005802287839510251
2020-03-06 15:26:00,2706.786970015052,0.0006092270754175101
2020-03-06 15:27:00,2706.4643649995455,0.0006152955582924965
2020-03-06 15:28:00,2709.8739238155754,0.0006557070205995148
2020-03-06 15:29:00,2711.278146659901,0.0006705520060839141
2020-03-06 15:30:00,2711.2282093868075,0.000678248201295315
2020-03-06 15:31:00,2716.4204022945755,0.000668521390918038
2020-03-06 15:32:00,2715.401884712239,0.0006550654952525191
2020-03-06 15:33:00,2715.2569164885326,0.0006618209477596907
2020-03-06 15:34:00,2714.9979636194385,0.0006820488046380078
2020-03-06 15:35:00,2711.4254673719424,0.0006283510874615851
2020-03-06 15:36:00,2712.501997966026,0.0006432180771707818
2020-03-06 15:37:00,2712.4312653935085,0.0005800403231799751
2020-03-06 15:38:00,2712.2519968134625,0.0005927431577854719
2020-03-06 15:39:00,2714.046767711579,0.0005626598984966982
2020-03-06 15:40:00,2712.081948245565,0.0005498538436249261
2020-03-06 15:41:00,2714.4321914213747,0.0005532775455682839
2020-03-06 15:42:00,2713.3017761298815,0.0005256538590740142
2020-03-06 15:43:00,2711.7944764626636,0.0004983880316543438
2020-03-06 15:44:00,2712.8245359083517,0.0004905948342070569
2020-03-06 15:45:00,2709.3995782528486,0.0004716014425018253
2020-03-06 15:46:00,2708.5249493880337,0.0004723168256645304
2020-03-06 15:47:00,2706.6823386129618,0.00047054447868027563
2020-03-06 15:48:00,2705.4596183314816,0.00048108166727859665
2020-03-06 15:49:00,2707.3842499091093,0.00047314553647297933
2020-03-06 15:50:00,2708.565028258499,0.0004656100654568754
2020-03-06 15:51:00,2706.964175052442,0.00047365170012349104
2020-03-06 15:52:00,2707.347624882984,0.00047403306692677847
2020-03-06 15:53:00,2705.357609423962,0.0005077007554995038
2020-03-06 15:54:00,2705.951508632293,0.000496150072762533
2020-03-06 15:55:00,2705.2164458870407,0.0004802662037464204
2020-03-06 15:56:00,2706.2983382722236,0.00047056063045781065
2020-03-06 15:57:00,2707.758394898402,0.0004533535515141514
2020-03-06 15:58:00,2708.493008204854,0.000466948601324906
2020-03-06 15:59:00,2708.3436632144376,0.00046699640922829823
2020-03-06 16:00:00,2707.23253863818,0.0004661456370225202
2020-03-06 16:01:00,2708.6675970121846,0.0004581877764891539
2020-03-06 16:02:00,2707.7037307892874,0.0004427214652329782
2020-03-06 16:03:00,2706.2554373721046,0.00041032560127031274
2020-03-06 16:04:00,2704.218019544183,0.0004129041667572643
2020-03-06 16:05:00,2701.902029335731,0.0003929044465862219
2020-03-06 16:06:00,2702.237306503622,0.0003735775663551321
2020-03-06 16:07:00,2701.4870676576043,0.00038453854352548885
2020-03-06 16:08:00,2700.807346165939,0.0003803111315072466
2020-03-06 16:09:00,2700.8619096445937,0.00037009124309600287
2020-03-06 16:10:00,2700.734896028775,0.00037560688210270637
2020-03-06 16:11:00,2700.423648990887,0.000383061928716046
2020-03-06 16:12:00,2701.426404515787,0.0003910978835789636
2020-03-06 16:13:00,2701.6027943194913,0.00040662908740423255
2020-03-06 16:14:00,2701.9579316504974,0.0003992641185565227
2020-03-06 16:15:00,2702.621120180092,0.00035851222635205354
2020-03-06 16:16:00,2701.9721242836335,0.000343583893365592
2020-03-06 16:17:00,2702.382182240141,0.00032848440936826247
2020-03-06 16:18:00,2704.4735448653983,0.00034093845616304873
2020-03-06 16:19:00,2703.9283583766346,0.00032461821802750717
2020-03-06 16:20:00,2702.87307882601,0.00032138442326681404
2020-03-06 16:21:00,2702.6289363289593,0.0003305945924446717
2020-03-06 16:22:00,2704.3581555381033,0.00033388609466444944
2020-03-06 16:23:00,2704.487210993204,0.0003322022994657169
2020-03-06 16:24:00,2704.372311829648,0.0003418391168879788
2020-03-06 16:25:00,2704.6421304019177,0.00032979645333662305
2020-03-06 16:26:00,2705.282896835447,0.0003442330005043003
2020-03-06 16:27:00,2703.9503691590803,0.0003392069836183709
2020-03-06 16:28:00,2705.117556910134,0.0003175686557590164
2020-03-06 16:29:00,2704.2894461562655,0.00032695590247373726
2020-03-06 16:30:00,2704.4520547208385,0.0003417509826914911
2020-03-06 16:31:00,2703.592527164404,0.0003395470943061752
2020-03-06 16:32:00,2704.201916617192,0.00033845400346859935
2020-03-06 16:33:00,2705.487560906039,0.0003396798739434024
2020-03-06 16:34:00,2705.681871188153,0.000345997583905074
2020-03-06 16:35:00,2704.734362793898,0.000371838000207187
2020-03-06 16:36:00,2705.9415118452,0.00040393915557164554
2020-03-06 16:37:00,2705.370290134061,0.00040873100082047234
2020-03-06 16:38:00,2705.359589001317,0.00040751180081959233
2020-03-06 16:39:00,2706.0037197322217,0.00041470791284522096
2020-03-06 16:40:00,2709.3079759598113,0.000393929369043822
2020-03-06 16:41:00,2708.0089104823396,0.0003716614860292779
2020-03-06 16:42:00,2706.4720156161657,0.00036598043236477806
2020-03-06 16:43:00,2706.462370823186,0.0003690997718527071
2020-03-06 16:44:00,2705.4874724780266,0.0003664509408179465
2020-03-06 16:45:00,2705.310906331773,0.00036849059488955213
2020-03-06 16:46:00,2705.0456720923,0.0003674988656605237
2020-03-06 16:47:00,2704.490845652059,0.00037194580786983704
2020-03-06 16:48:00,2705.222502585337,0.00036433701629014366
2020-03-06 16:49:00,2705.4595075276475,0.00036462442825339544
2020-03-06 16:50:00,2705.397661820086,0.00038315495093781067
2020-03-06 16:51:00,2706.862577663242,0.00035474174462176073
2020-03-06 16:52:00,2708.540990006095,0.0003888464353887047
2020-03-06 16:53:00,2708.5997080058187,0.0003519630213699673
2020-03-06 16:54:00,2708.6333349137103,0.00035098313001629235
2020-03-06 16:55:00,2707.6744599448816,0.0003797862789199391
2020-03-06 16:56:00,2708.79190229325,0.0003881116986045085
2020-03-06 16:57:00,2708.112496026059,0.00039985234778335384
2020-03-06 16:58:00,2707.7854658713813,0.0003732367708117033
2020-03-06 16:59:00,2707.02318292222,0.00036073495281607396
2020-03-06 17:00:00,2707.7533410998108,0.0003621250946131903
2020-03-06 17:01:00,2708.4758775053856,0.0003630747092595141
2020-03-06 17:02:00,2706.5482140788063,0.00039824972011254873
2020-03-06 17:03:00,2704.6854020323985,0.0003717694667660109
2020-03-06 17:04:00,2704.7952012502265,0.00038110889666353456
2020-03-06 17:05:00,2704.9670360026817,0.0003683153534064386
2020-03-06 17:06:00,2704.926682768463,0.00037616813992138646
2020-03-06 17:07:00,2703.297381726989,0.00038586031207614316
2020-03-06 17:08:00,2703.7863964164267,0.0003566550859112814
2020-03-06 17:09:00,2704.0895501481195,0.0003563854761281688
2020-03-06 17:10:00,2703.7917158554396,0.00036848673734161144
2020-03-06 17:11:00,2703.7452935429155,0.0003789243830022859
2020-03-06 17:12:00,2704.946695731098,0.000360607503598087
2020-03-06 17:13:00,2705.2601084614153,0.0003704936581839619
2020-03-06 17:14:00,2704.5358784637087,0.0003808118084387177
2020-03-06 17:15:00,2704.082409867989,0.0003855551072762343
2020-03-06 17:16:00,2704.66604436205,0.00039314997897034796
2020-03-06 17:17:00,2703.713518706835,0.0003909093349275167
2020-03-06 17:18:00,2701.7636179484152,0.00044431971699346377
2020-03-06 17:19:00,2701.6059264418045,0.00044307516212748605
2020-03-06 17:20:00,2702.534655786299,0.00045755006631243057
2020-03-06 17:21:00,2702.8284303903783,0.00046669014910241755
2020-03-06 17:22:00,2705.003391519624,0.00046166057276777686
2020-03-06 17:23:00,2705.5423442317647,0.00044129982102375373
2020-03-06 17:24:00,2704.7722559278286,0.0004589541362468568
2020-03-06 17:25:00,2705.404252484093,0.00046748029052252264
2020-03-06 17:26:00,2706.9239931933316,0.00047375785134496094
2020-03-06 17:27:00,2706.5781886116392,0.00047685566523846874
2020-03-06 17:28:00,2707.245445188797,0.0004583476520733926
2020-03-06 17:29:00,2704.5892526689613,0.0004648463384149366
2020-03-06 17:30:00,2704.9613149092247,0.00047852703227799
2020-03-06 17:31:00,2705.7909718894725,0.0005000978897531333
2020-03-06 17:32:00,2705.5994937022015,0.0004622069637238095
2020-03-06 17:33:00,2704.415421895654,0.00048010224818391774
2020-03-06 17:34:00,2701.758525309242,0.0004471060287218581
2020-03-06 17:35:00,2701.9485420016767,0.00045093932497013546
2020-03-06 17:36:00,2703.312903853156,0.0004802263601655479
2020-03-06 17:37:00,2703.3165244154957,0.00047345709557723763
2020-03-06 17:38:00,2702.3466263070363,0.00046616960906688807
2020-03-06 17:39:00,2702.036246237356,0.0004361105491162843
2020-03-06 17:40:00,2702.1766682555285,0.00040861044790120116
2020-03-06 17:41:00,2700.7387473364934,0.0004083816542174495
2020-03-06 17:42:00,2697.2340993884486,0.00039578490712221165
2020-03-06 17:43:00,2695.454023901083,0.00042118006953030133
2020-03-06 17:44:00,2695.5827334574606,0.0003974833664783253
2020-03-06 17:45:00,2694.7970437042172,0.0003936408134656576
2020-03-06 17:46:00,2695.1168481103714,0.0004024677709285652
2020-03-06 17:47:00,2694.1216458617487,0.0004192955986308299
2020-03-06 17:48:00,2695.4976277824294,0.00045500896566424693
2020-03-06 17:49:00,2695.9855645774996,0.0004141545504842072
2020-03-06 17:50:00,2694.5991526162534,0.0004190989132953947
2020-03-06 17:51:00,2696.2439468471584,0.0004307817265666159
2020-03-06 17:52:00,2696.8812717791006,0.000415759123834454
2020-03-06 17:53:00,2696.9934800595656,0.0004212512019103421
2020-03-06 17:54:00,2695.964118824015,0.0003964572580462898
2020-03-06 17:55:00,2695.7460636793908,0.00041122442507062835
2020-03-06 17:56:00,2695.5656755630343,0.0004116420090995018
2020-03-06 17:57:00,2695.4359388970324,0.00041457822494724505
2020-03-06 17:58:00,2694.9555683626836,0.0004108295087239364
2020-03-06 17:59:00,2693.3416419643245,0.0004146652915261892
2020-03-06 18:00:00,2694.927588250466,0.0004164427221008953
2020-03-06 18:01:00,2695.198679023474,0.00039256693504843734
2020-03-06 18:02:00,2695.3186023059584,0.0004199830350605008
2020-03-06 18:03:00,2695.9681849232406,0.00039964442504178285
2020-03-06 18:04:00,2695.1730399042945,0.0003904351770739099
2020-03-06 18:05:00,2695.7489036540005,0.00040678632401053934
2020-03-06 18:06:00,2695.3038130085883,0.00043036640311033597
2020-03-06 18:07:00,2696.1850676932972,0.00043437694605811915
2020-03-06 18:08:00,2695.2293463996384,0.00041748525554621233
2020-03-06 18:09:00,2695.177115885127,0.0004230074882374869
2020-03-06 18:10:00,2696.6489439526263,0.0004355674492480851
2020-03-06 18:11:00,2697.0466948606727,0.00043024810517198765
2020-03-06 18:12:00,2697.035258675058,0.0004218577793949732
2020-03-06 18:13:00,2697.913553813933,0.00040445594463387087
2020-03-06 18:14:00,2697.271433964278,0.00040768194317471716
2020-03-06 18:15:00,2697.069859370515,0.0003819308835322692
2020-03-06 18:16:00,2696.2228416326143,0.0003850723471834226
2020-03-06 18:17:00,2697.293222138806,0.0003963148105915679
2020-03-06 18:18:00,2695.214208745195,0.0003891615030323397
2020-03-06 18:19:00,2694.9033987135786,0.00035909818925456956
2020-03-06 18:20:00,2695.212564827144,0.00037279157690871137
2020-03-06 18:21:00,2694.996264195946,0.0003443748280040451
2020-03-06 18:22:00,2694.663634610839,0.00033163895566003297
2020-03-06 18:23:00,2694.4881425639664,0.00031954449045506274
2020-03-06 18:24:00,2695.007956344049,0.0003132233390938505
2020-03-06 18:25:00,2695.3202308621067,0.0002942326526950403
2020-03-06 18:26:00,2695.4213155833113,0.0002935080977893947
2020-03-06 18:27:00,2693.815036596019,0.0003250010850856634
2020-03-06 18:28:00,2694.3526970678236,0.0003385647276464919
2020-03-06 18:29:00,2694.0628347429606,0.0003206809791958967
2020-03-06 18:30:00,2693.4497829557185,0.00031242446184901677
2020-03-06 18:31:00,2694.0803305752484,0.000315333302243805
2020-03-06 18:32:00,2692.7342247915594,0.0003115306880822279
2020-03-06 18:33:00,2692.8868033287454,0.0003042361039643344
2020-03-06 18:34:00,2694.0509043410416,0.0003049326916502348
2020-03-06 18:35:00,2693.480885241024,0.0003170304623750363
2020-03-06 18:36:00,2693.363230038775,0.00033014988029714324
2020-03-06 18:37:00,2692.559831257355,0.00033292011369718714
2020-03-06 18:38:00,2692.7683387995007,0.0003424954254476617
2020-03-06 18:39:00,2691.6904321231536,0.00030467153269944294
2020-03-06 18:40:00,2691.805780426641,0.0003043283407616683
2020-03-06 18:41:00,2690.8729500274703,0.0002949705897863371
2020-03-06 18:42:00,2691.2795983611363,0.00029016930606777524
2020-03-06 18:43:00,2691.295463561146,0.00028023187653866704
2020-03-06 18:44:00,2691.8739134358243,0.00026900990043319037
2020-03-06 18:45:00,2692.062072329224,0.0002661242838993145
2020-03-06 18:46:00,2691.5816452005242,0.00025366659034964536
2020-03-06 18:47:00,2692.1957336336554,0.0002440891680189464
2020-03-06 18:48:00,2691.502491575469,0.0002654754870525837
2020-03-06 18:49:00,2691.0959073310364,0.0002616140305943341
2020-03-06 18:50:00,2690.9883020507923,0.0002748268619000219
2020-03-06 18:51:00,2692.5688506755314,0.00027543310246817425
2020-03-06 18:52:00,2692.472862122542,0.00027021719477616027
2020-03-06 18:53:00,2691.256161870912,0.00024792929750589224
2020-03-06 18:54:00,2691.8653294305504,0.00023676160413069915
2020-03-06 18:55:00,2690.9832361089925,0.0002544402544220764
2020-03-06 18:56:00,2691.71723766126,0.0002506957807211295
2020-03-06 18:57:00,2692.4253712431637,0.00027083536632658336
2020-03-06 18:58:00,2693.2640505721038,0.00026770699333782724
2020-03-06 18:59:00,2694.528926956288,0.00026392936072114744
2020-03-06 19:00:00,2693.907072721815,0.00026275739582102203
2020-03-06 19:01:00,2694.3797497583064,0.00025827594839273054
2020-03-06 19:02:00,2694.665059785854,0.00025468655200739846
2020-03-06 19:03:00,2695.672107296449,0.0002710470116878982
2020-03-06 19:04:00,2696.3834872237767,0.00027820680220088035
2020-03-06 19:05:00,2696.9061083438205,0.00026316144896882613
2020-03-06 19:06:00,2697.2922080992903,0.00027686577419924285
2020-03-06 19:07:00,2697.1900560949834,0.0002602635185538671
2020-03-06 19:08:00,2696.9320738663746,0.00026222901894313395
2020-03-06 19:09:00,2696.403888064978,0.00025289328845902296
2020-03-06 19:10:00,2696.404858380472,0.0002703703391553145
2020-03-06 19:11:00,2697.686733087351,0.0002811576977171103
2020-03-06 19:12:00,2698.5136923701994,0.0002879239104974517
2020-03-06 19:13:00,2698.0922638998413,0.00027792848528583337
2020-03-06 19:14:00,2697.5014704627883,0.00027539478581737524
2020-03-06 19:15:00,2695.859506237806,0.00028355933901569986
2020-03-06 19:16:00,2695.5068254031735,0.00027965055782688933
2020-03-06 19:17:00,2693.743170928363,0.0002866589856384149
2020-03-06 19:18:00,2693.907744955269,0.00031513555327956027
2020-03-06 19:19:00,2694.889396125236,0.0003004064456547714
2020-03-06 19:20:00,2695.618824563392,0.0003154241337315435
2020-03-06 19:21:00,2696.2123524025924,0.00032598015562541096
2020-03-06 19:22:00,2695.8939153623937,0.00034058287414599157
2020-03-06 19:23:00,2696.9732362184536,0.00034360415371256515
2020-03-06 19:24:00,2697.661481629875,0.0003368368356147945
2020-03-06 19:25:00,2696.7680643891326,0.0003489190226586356
2020-03-06 19:26:00,2694.966258675412,0.00036539907858786894
2020-03-06 19:27:00,2694.851002290468,0.00035266174718764963
2020-03-06 19:28:00,2696.0435706133935,0.0003599407475026275
2020-03-06 19:29:00,2695.5832118713256,0.0003762922814687958
2020-03-06 19:30:00,2695.275274793388,0.0003844582745259506
2020-03-06 19:31:00,2695.184620508642,0.00038213990025611774
2020-03-06 19:32:00,2695.56937040894,0.0003693190452300679
2020-03-06 19:33:00,2696.1465247681226,0.0003783478119090329
2020-03-06 19:34:00,2695.572415428453,0.0003689348392852289
2020-03-06 19:35:00,2695.891654743853,0.00037149854526333616
2020-03-06 19:36:00,2695.826766406543,0.00036535384198123626
2020-03-06 19:37:00,2695.7477649485654,0.000375565718629816
2020-03-06 19:38:00,2696.235696914523,0.0003697054629212546
2020-03-06 19:39:00,2695.7780097616296,0.0003867754009446593
2020-03-06 19:40:00,2697.90630274158,0.0003750050338812493
2020-03-06 19:41:00,2698.0068154772084,0.00036768596967943264
2020-03-06 19:42:00,2697.499549054493,0.0003776273113532495
2020-03-06 19:43:00,2696.948474518241,0.0003551058089630612
2020-03-06 19:44:00,2698.7438459298887,0.0003233640216450977
2020-03-06 19:45:00,2700.001962571028,0.0003523325520247936
2020-03-06 19:46:00,2700.0309076134395,0.0003439050901882142
2020-03-06 19:47:00,2699.854071207531,0.0003361332083407144
2020-03-06 19:48:00,2698.5434437032504,0.00033617995028321825
2020-03-06 19:49:00,2698.9772117547127,0.0003354245487041378
2020-03-06 19:50:00,2697.200636445009,0.0003511561308058326
2020-03-06 19:51:00,2698.2267991460367,0.0003657987749450779
2020-03-06 19:52:00,2694.9795862378737,0.0003757098646530618
2020-03-06 19:53:00,2695.732504839748,0.0003776366125827723
2020-03-06 19:54:00,2695.6014800310795,0.0003602224233433818
2020-03-06 19:55:00,2697.4390145252405,0.0003572745226389261
2020-03-06 19:56:00,2698.745135068682,0.00037402829468882466
2020-03-06 19:57:00,2698.888867745745,0.0004015745925961365
2020-03-06 19:58:00,2698.7492984629694,0.00039267622510913425
2020-03-06 19:59:00,2699.822551286063,0.0003874876798593964
2020-03-09 13:30:00,2736.331641476602,0.00042178889662852114
2020-03-09 13:31:00,2737.650201525011,0.0003923050729537172
2020-03-09 13:32:00,2736.8346755539264,0.00038796253557503625
2020-03-09 13:33:00,2737.794663369409,0.0003994977511806825
2020-03-09 13:34:00,2738.1497878280466,0.0004281777360333544
2020-03-09 13:35:00,2738.5726007544276,0.00043317728443582616
2020-03-09 13:36:00,2737.989348201211,0.0004367761327051001
2020-03-09 13:37:00,2738.282983567784,0.0004356213301528495
2020-03-09 13:38:00,2739.7318278631014,0.0004469039028182413
2020-03-09 13:39:00,2738.581476284592,0.000477896695405573
2020-03-09 13:40:00,2738.328104946191,0.0005057514919582764
2020-03-09 13:41:00,2737.337393425435,0.0005401159781754828
2020-03-09 13:42:00,2734.6075489348686,0.0005005051996614466
2020-03-09 13:43:00,2733.5740426968136,0.0005259882817987871
2020-03-09 13:44:00,2733.5277431755676,0.0005345679130095546
2020-03-09 13:45:00,2732.690028786255,0.0004906611455779247
2020-03-09 13:46:00,2732.896530313293,0.0005221079219892436
2020-03-09 13:47:00,2732.5207532743966,0.0005026063283944426
2020-03-09 13:48:00,2732.0968694010267,0.0004940100858777411
2020-03-09 13:49:00,2730.172032229333,0.0005032534166493288
2020-03-09 13:50:00,2732.100557899152,0.0004915326590558582
2020-03-09 13:51:00,2733.469712363183,0.0004591182244563212
2020-03-09 13:52:00,2733.2302702804914,0.0004560335627783542
2020-03-09 13:53:00,2730.246252463084,0.0004874207945040621
2020-03-09 13:54:00,2729.883626750303,0.0004853613272714452
2020-03-09 13:55:00,2730.521978285648,0.0005184749160329517
2020-03-09 13:56:00,2730.2040100687873,0.0005081128774219116
2020-03-09 13:57:00,2727.7701443358346,0.0004789472776729522
2020-03-09 13:58:00,2725.6013078892606,0.0005216281502386825
2020-03-09 13:59:00,2726.548504759863,0.000532142053079587
2020-03-09 14:00:00,2728.4706421521264,0.0005257317892928401
2020-03-09 14:01:00,2728.836895863326,0.0005311206963846662
2020-03-09 14:02:00,2730.430407799426,0.0005299757770985737
2020-03-09 14:03:00,2730.118948222042,0.0005508903794029945
2020-03-09 14:04:00,2727.9393546821298,0.0005424028884829818
2020-03-09 14:05:00,2730.601701799569,0.0005523793594815219
2020-03-09 14:06:00,2731.970849045936,0.0005240090209569076
2020-03-09 14:07:00,2730.5229001292832,0.0005520943615483376
2020-03-09 14:08:00,2730.4281527388657,0.0005334630938098879
2020-03-09 14:09:00,2729.012679121149,0.0005546035913854148
2020-03-09 14:10:00,2728.008586457626,0.0005508762084599516
2020-03-09 14:11:00,2724.866140376988,0.0005430036557431729
2020-03-09 14:12:00,2725.961238631574,0.0005639259178971786
2020-03-09 14:13:00,2726.4413096181192,0.0005613556095893056
2020-03-09 14:14:00,2726.8965933693576,0.0005409343921593939
2020-03-09 14:15:00,2725.0795734324133,0.0005858809454711318
2020-03-09 14:16:00,2723.1665723827655,0.0005529230725816102
2020-03-09 14:17:00,2721.55166707634,0.0005849598351322881
2020-03-09 14:18:00,2722.6583226941384,0.0005781879407557487
2020-03-09 14:19:00,2719.990218298548,0.0005679236066757319
2020-03-09 14:20:00,2721.4920896262843,0.0005604496717949348
2020-03-09 14:21:00,2720.280320257859,0.0005331139192338274
2020-03-09 14:22:00,2721.6235600366354,0.0005262543448003108
2020-03-09 14:23:00,2720.9903696985916,0.0005151979217003147
2020-03-09 14:24:00,2724.0999472311764,0.0005322183118483074
2020-03-09 14:25:00,2723.6755948377495,0.0005156942025759675
2020-03-09 14:26:00,2722.1228452714286,0.0005305918365861272
2020-03-09 14:27:00,2719.506961496057,0.0005111640354000683
2020-03-09 14:28:00,2721.2328116266585,0.0005211085400221806
2020-03-09 14:29:00,2720.7142377435266,0.0004893154651964624
2020-03-09 14:30:00,2720.15944854625,0.0004903498190019906
2020-03-09 14:31:00,2717.7527063697794,0.00048800661509330103
2020-03-09 14:32:00,2716.757436089603,0.0004770982792754943
2020-03-09 14:33:00,2714.4206000347644,0.00046396693985791394
2020-03-09 14:34:00,2712.6200066515553,0.0004532937153140246
2020-03-09 14:35:00,2712.0468802639825,0.0004130561103354625
2020-03-09 14:36:00,2711.5169755952343,0.00042142642380510334
2020-03-09 14:37:00,2712.5856022845605,0.00042110235951122057
2020-03-09 14:38:00,2711.85027710315,0.00044961587478603435
2020-03-09 14:39:00,2712.067238331856,0.00043421350736539625
2020-03-09 14:40:00,2714.195281495995,0.00047228885126482893
2020-03-09 14:41:00,2714.189973770972,0.0004915008771363827
2020-03-09 14:42:00,2715.0084416717054,0.0004904477186446274
2020-03-09 14:43:00,2715.478508831983,0.0004581082842915373
2020-03-09 14:44:00,2717.6034133320873,0.0004673093393132595
2020-03-09 14:45:00,2718.685876340475,0.00047179250441085045
2020-03-09 14:46:00,2719.1403685953724,0.000491540667457092
2020-03-09 14:47:00,2718.3972308183684,0.00046485135876543745
2020-03-09 14:48:00,2717.2915200019347,0.0004810285606716712
2020-03-09 14:49:00,2717.9063220385174,0.00047749904172564685
2020-03-09 14:50:00,2716.3040809606428,0.00045188968273473536
2020-03-09 14:51:00,2714.648592479652,0.0004494168669710682
2020-03-09 14:52:00,2712.7966086033775,0.0004613420287555853
2020-03-09 14:53:00,2714.195995962282,0.0004923014319475556
2020-03-09 14:54:00,2712.606536696789,0.0005035239598951041
2020-03-09 14:55:00,2710.450413220622,0.0005087731293005164
2020-03-09 14:56:00,2709.4137624066384,0.0004952677746391094
2020-03-09 14:57:00,2709.2483244112395,0.0004894844965769174
2020-03-09 14:58:00,2709.263318181961,0.00047252866082680127
2020-03-09 14:59:00,2707.979201681325,0.00044997111252597765
2020-03-09 15:00:00,2706.1965189128805,0.00045625803850199144
2020-03-09 15:01:00,2705.487413987051,0.0004478639064465273
2020-03-09 15:02:00,2706.219748253074,0.00046621204270163474
2020-03-09 15:03:00,2705.859812106694,0.0004651878659557586
2020-03-09 15:04:00,2704.157737135318,0.00042602803783729336
2020-03-09 15:05:00,2705.3395134400275,0.00040492294373705004
2020-03-09 15:06:00,2703.6810731415076,0.00041026558418455055
2020-03-09 15:07:00,2701.4142537791545,0.0004669833212218793
2020-03-09 15:08:00,2697.385094141721,0.0005156713799576912
2020-03-09 15:09:00,2697.98428142855,0.0005295568803090157
2020-03-09 15:10:00,2696.7630030526907,0.0005066841461206944
2020-03-09 15:11:00,2698.2640344798897,0.0005382896204049837
2020-03-09 15:12:00,2697.8054073162975,0.0005358352676729715
2020-03-09 15:13:00,2699.2470409953635,0.0005378683355583499
2020-03-09 15:14:00,2697.367010247433,0.0005669985721719917
2020-03-09 15:15:00,2697.645821672213,0.0005612648534953498
2020-03-09 15:16:00,2696.4915489344626,0.0005654798715494018
2020-03-09 15:17:00,2699.8952962042927,0.0005992452530890365
2020-03-09 15:18:00,2698.671108453587,0.0005513191464658813
2020-03-09 15:19:00,2697.5511443904534,0.0006063514429506254
2020-03-09 15:20:00,2696.513404723854,0.000616654133420264
2020-03-09 15:21:00,2695.105719427507,0.0006272669188376032
2020-03-09 15:22:00,2696.1766288157123,0.0006337659096001048
2020-03-09 15:23:00,2697.6770486690402,0.0006078250124440974
2020-03-09 15:24:00,2698.284586362948,0.000624454634541567
2020-03-09 15:25:00,2698.2809302822407,0.0006785576475685715
2020-03-09 15:26:00,2695.481848609836,0.000701330205577187
2020-03-09 15:27:00,2696.2082105459617,0.0007081374885758003
2020-03-09 15:28:00,2697.696355860143,0.0007339081102192338
2020-03-09 15:29:00,2694.9263537726983,0.0006815975438466405
2020-03-09 15:30:00,2696.1211261518915,0.0006805666716519264
2020-03-09 15:31:00,2696.105284664367,0.0006364738015189242
2020-03-09 15:32:00,2694.023929179082,0.0006501065671383209
2020-03-09 15:33:00,2695.993202861695,0.0006308301596450553
2020-03-09 15:34:00,2693.9369053397922,0.0006543517173679776
2020-03-09 15:35:00,2695.1725000410265,0.0006681046978516365
2020-03-09 15:36:00,2694.422372209367,0.000659700507802483
2020-03-09 15:37:00,2690.490751630318,0.0006753152150809734
2020-03-09 15:38:00,2687.473361904301,0.0007073483093738033
2020-03-09 15:39:00,2686.056724069432,0.0006825004860573917
2020-03-09 15:40:00,2685.983155961479,0.0007293150599321108
2020-03-09 15:41:00,2685.7846202278256,0.0007009394688385062
2020-03-09 15:42:00,2683.444544545055,0.0007188401784589272
2020-03-09 15:43:00,2686.5956686311974,0.0006858585877824741
2020-03-09 15:44:00,2685.350518216992,0.0006752625090670618
2020-03-09 15:45:00,2684.125277362423,0.0006683993632115694
2020-03-09 15:46:00,2686.061562849107,0.00062600721425674
2020-03-09 15:47:00,2686.1390010851346,0.0006211419703791227
2020-03-09 15:48:00,2685.006355406974,0.0006186599469628584
2020-03-09 15:49:00,2683.6936031845667,0.0006526428833621127
2020-03-09 15:50:00,2684.205316547441,0.0006541332158097679
2020-03-09 15:51:00,2684.5866059658756,0.0006056468274036514
2020-03-09 15:52:00,2686.8157021184466,0.0006157254058629267
2020-03-09 15:53:00,2686.501239903217,0.0006197952699552743
2020-03-09 15:54:00,2688.1921428298233,0.0005935004757971291
2020-03-09 15:55:00,2689.6175754929413,0.0006028151140463701
2020-03-09 15:56:00,2690.637065813462,0.0006134366577367051
2020-03-09 15:57:00,2691.1134785596378,0.0006388759745436734
2020-03-09 15:58:00,2689.171541730954,0.0006494645632551219
2020-03-09 15:59:00,2686.4486520550354,0.0006618350541451855
2020-03-09 16:00:00,2688.0348616897404,0.0007054373914206732
2020-03-09 16:01:00,2688.7990039120227,0.0007120423501384295
2020-03-09 16:02:00,2688.084733805784,0.0006719822622595844
2020-03-09 16:03:00,2689.3070319297426,0.0007293732630478955
2020-03-09 16:04:00,2691.190100435178,0.0007198242391067358
2020-03-09 16:05:00,2690.4896295473427,0.0007969460068384838
2020-03-09 16:06:00,2689.7987506261416,0.0007655838280508292
2020-03-09 16:07:00,2691.1188173955284,0.0007453023806319045
2020-03-09 16:08:00,2689.978774054738,0.0007325525455968427
2020-03-09 16:09:00,2690.394833325633,0.0007717676155843611
2020-03-09 16:10:00,2689.024366952771,0.000757614870512787
2020-03-09 16:11:00,2690.8431451343117,0.0007090177204848466
2020-03-09 16:12:00,2692.326308176955,0.0007080701411080786
2020-03-09 16:13:00,2693.321342074448,0.0007066234676838639
2020-03-09 16:14:00,2694.8587217464374,0.0007320402113922656
2020-03-09 16:15:00,2692.5320973139796,0.0006604780863234328
2020-03-09 16:16:00,2693.7073064688557,0.0006274636451107874
2020-03-09 16:17:00,2695.0651359194367,0.0005726587247563083
2020-03-09 16:18:00,2695.476734508049,0.0005557305475909158
2020-03-09 16:19:00,2694.837333787688,0.0005099084505565352
2020-03-09 16:20:00,2695.02612248613,0.0004830160208782383
2020-03-09 16:21:00,2696.7355198362498,0.0004781013046020084
2020-03-09 16:22:00,2698.4474991240104,0.00048046892106358343
2020-03-09 16:23:00,2696.773531111621,0.00045081410951383014
2020-03-09 16:24:00,2696.908922337115,0.00040777503439676807
2020-03-09 16:25:00,2697.7148452302717,0.00043853460055943364
2020-03-09 16:26:00,2697.1003900017554,0.0004384460119625853
2020-03-09 16:27:00,2696.700236242557,0.0004470491172066723
2020-03-09 16:28:00,2695.935633004675,0.0004156112092952607
2020-03-09 16:29:00,2697.2851285894653,0.0004114329733963028
2020-03-09 16:30:00,2696.3662493296456,0.00040111440122543406
2020-03-09 16:31:00,2695.529722465527,0.00038323522172146996
2020-03-09 16:32:00,2696.326364196872,0.0003875355689676265
2020-03-09 16:33:00,2697.397523866227,0.00039617154417210957
2020-03-09 16:34:00,2698.289820289054,0.00039798222003569703
2020-03-09 16:35:00,2699.8555952367387,0.0003910513534519348
2020-03-09 16:36:00,2700.974557286615,0.0003629402923013291
2020-03-09 16:37:00,2700.051503961686,0.00037145111793312455
2020-03-09 16:38:00,2700.711077958514,0.00037204578246777703
2020-03-09 16:39:00,2700.509852481944,0.000353904674677546
2020-03-09 16:40:00,2701.5081539416537,0.0003449475491532784
2020-03-09 16:41:00,2700.6599862768917,0.00033797872188846226
2020-03-09 16:42:00,2699.576017924762,0.0003358919402148574
2020-03-09 16:43:00,2700.5547747354694,0.0003492117373773759
2020-03-09 16:44:00,2700.216800821631,0.00034043711281743917
2020-03-09 16:45:00,2700.255790991702,0.00033682115859415187
2020-03-09 16:46:00,2699.0008522136554,0.00034570924197105233
2020-03-09 16:47:00,2698.8156566626794,0.0003447807324975766
2020-03-09 16:48:00,2698.3157128386065,0.0003337230947588662
2020-03-09 16:49:00,2697.7948689919003,0.0003257320672051858
2020-03-09 16:50:00,2696.78983880093,0.00033063937686825137
2020-03-09 16:51:00,2695.501383953095,0.0003326167399113006
2020-03-09 16:52:00,2694.21853621013,0.0003160576420483773
2020-03-09 16:53:00,2694.6800877554583,0.0003385421482071948
2020-03-09 16:54:00,2694.4316598412533,0.00034263445282601066
2020-03-09 16:55:00,2693.095882691818,0.00035000732137509884
2020-03-09 16:56:00,2692.111792621932,0.00035775173636642515
2020-03-09 16:57:00,2691.797030395121,0.00038664294113160887
2020-03-09 16:58:00,2690.1650329316594,0.0003991208003488022
2020-03-09 16:59:00,2689.113510399045,0.0003742964418530914
2020-03-09 17:00:00,2689.634475756426,0.00040183390786986824
2020-03-09 17:01:00,2689.659827685651,0.0004175859295703524
2020-03-09 17:02:00,2690.3463666869015,0.00040401864111209795
2020-03-09 17:03:00,2691.2352012404185,0.00040731279944024974
2020-03-09 17:04:00,2691.4563346173386,0.0003673530061611888
2020-03-09 17:05:00,2691.7528638149174,0.0003816012365320027
2020-03-09 17:06:00,2692.3589592790045,0.0003683222277356739
2020-03-09 17:07:00,2691.5432736066696,0.00034174378726231104
2020-03-09 17:08:00,2692.617409751207,0.00033830952108034133
2020-03-09 17:09:00,2693.2684140583597,0.0003298964782828511
2020-03-09 17:10:00,2692.7203280610315,0.000346210021228664
2020-03-09 17:11:00,2693.1032079360084,0.0003266454055899706
2020-03-09 17:12:00,2691.8806449215363,0.00031845524318617035
2020-03-09 17:13:00,2692.189910507804,0.0003208738262388551
2020-03-09 17:14:00,2690.6543466074827,0.00031433594646617166
2020-03-09 17:15:00,2692.5434034844325,0.0003457988131306954
2020-03-09 17:16:00,2692.130344282167,0.00033150739680377363
2020-03-09 17:17:00,2690.339031552685,0.00034222991350018055
2020-03-09 17:18:00,2690.201810251264,0.00035745070491039453
2020-03-09 17:19:00,2689.8550649331632,0.0003839712005092847
2020-03-09 17:20:00,2689.6705992062916,0.00042157603961313927
2020-03-09 17:21:00,2690.677495801368,0.00043459780054081566
2020-03-09 17:22:00,2692.799406512165,0.0004480546953808273
2020-03-09 17:23:00,2694.4287920551055,0.0004371976458552865
2020-03-09 17:24:00,2693.9503453071598,0.00041097612747637474
2020-03-09 17:25:00,2692.4963569332704,0.00041384429017933484
2020-03-09 17:26:00,2694.559441929071,0.00039957521853603036
2020-03-09 17:27:00,2692.239810652353,0.00037673495216443344
2020-03-09 17:28:00,2692.8134853863903,0.00037064966873577755
2020-03-09 17:29:00,2693.505449901292,0.00036168964419024693
2020-03-09 17:30:00,2692.8788714342795,0.000343383277196487
2020-03-09 17:31:00,2691.4940179017244,0.00036713097188767924
2020-03-09 17:32:00,2691.7167341381532,0.000363779188983946
2020-03-09 17:33:00,2690.8944375329397,0.000359883139330848
2020-03-09 17:34:00,2690.2859896504433,0.00035417167078763184
2020-03-09 17:35:00,2691.2306878995696,0.0003694738182386238
2020-03-09 17:36:00,2691.4025906826296,0.00036326448088910726
2020-03-09 17:37:00,2691.9638499759326,0.00035468328812001716
2020-03-09 17:38:00,2693.850910967019,0.0003728267001555464
2020-03-09 17:39:00,2696.262481742979,0.0004033309078060548
2020-03-09 17:40:00,2694.5349171167995,0.0004043942657397223
2020-03-09 17:41:00,2694.3120736166043,0.00041624189414253126
2020-03-09 17:42:00,2694.912987538377,0.00043082389075389956
2020-03-09 17:43:00,2694.302223419729,0.00040196138791110596
2020-03-09 17:44:00,2694.45250866873,0.0004038380603485913
2020-03-09 17:45:00,2695.4262518300798,0.00039561072376727356
2020-03-09 17:46:00,2695.5523388276333,0.0003996395145822535
2020-03-09 17:47:00,2695.298668911124,0.00040053528949012397
2020-03-09 17:48:00,2694.4822073051027,0.00040156212732145666
2020-03-09 17:49:00,2695.0073109244377,0.0003786715916702987
2020-03-09 17:50:00,2693.6898767916323,0.0003792186814521849
2020-03-09 17:51:00,2693.4464336713713,0.00038804877907997674
2020-03-09 17:52:00,2691.693279874425,0.0003732110327814166
2020-03-09 17:53:00,2690.902213223366,0.0003902210545333599
2020-03-09 17:54:00,2690.532805591931,0.0003867001970007828
2020-03-09 17:55:00,2690.012076305052,0.00038916353879549486
2020-03-09 17:56:00,2689.180384810051,0.00037881676428228874
2020-03-09 17:57:00,2690.338921919721,0.00036325848854540534
2020-03-09 17:58:00,2690.443557648618,0.00035860923703125527
2020-03-09 17:59:00,2690.6887479352577,0.00034757216402447644
2020-03-09 18:00:00,2691.322924099163,0.00035998416027571093
2020-03-09 18:01:00,2691.791879978084,0.00036267407141582785
2020-03-09 18:02:00,2691.1458604941627,0.0003540210319449981
2020-03-09 18:03:00,2690.606044374185,0.0003453230830664225
2020-03-09 18:04:00,2690.083562819432,0.00032250640501336146
2020-03-09 18:05:00,2689.566484438414,0.00030160150592502624
2020-03-09 18:06:00,2690.013904752127,0.000317886540289593
2020-03-09 18:07:00,2688.9523134036795,0.00031689567706500864
2020-03-09 18:08:00,2687.911720321273,0.00033223991143690296
2020-03-09 18:09:00,2687.9303752413275,0.00033176229307421435
2020-03-09 18:10:00,2687.7066732341796,0.0003296349669209033
2020-03-09 18:11:00,2686.1198378110516,0.0003316165713876151
2020-03-09 18:12:00,2685.5979494397316,0.00033747494044367946
2020-03-09 18:13:00,2684.1148976271784,0.0003432640890320861
2020-03-09 18:14:00,2685.9682943114826,0.0003737245157740909
2020-03-09 18:15:00,2686.009484962318,0.00036017535467224796
2020-03-09 18:16:00,2685.7166087589244,0.0003532567837725944
2020-03-09 18:17:00,2685.9603206242773,0.0003239468541074568
2020-03-09 18:18:00,2685.3830946649223,0.0003121899907790745
2020-03-09 18:19:00,2685.8102531812083,0.00034339017948576924
2020-03-09 18:20:00,2685.9978524767234,0.00034633043816659697
2020-03-09 18:21:00,2686.4514771534964,0.0003554722933812536
2020-03-09 18:22:00,2686.5203261154747,0.00035472879537039813
2020-03-09 18:23:00,2685.5324571921856,0.000334665674359769
2020-03-09 18:24:00,2686.313455148598,0.00031026714885754855
2020-03-09 18:25:00,2686.681143348433,0.0003205363662079778
2020-03-09 18:26:00,2685.920389521007,0.0003164497046571436
2020-03-09 18:27:00,2686.2450354057514,0.00032234736970543994
2020-03-09 18:28:00,2685.7147585344746,0.0003492236322477608
2020-03-09 18:29:00,2685.9869870777575,0.0003657088711807444
2020-03-09 18:30:00,2686.3621872460526,0.00036147024269994187
2020-03-09 18:31:00,2687.922436597691,0.00036233126366299673
2020-03-09 18:32:00,2688.280407295343,0.0003459159972241691
2020-03-09 18:33:00,2689.2107457014586,0.0003250304720617923
2020-03-09 18:34:00,2687.9380264321194,0.00032121348512401994
2020-03-09 18:35:00,2687.654706747758,0.000312058230803934
2020-03-09 18:36:00,2687.10702356146,0.00032782727997632537
2020-03-09 18:37:00,2686.618593755752,0.0003455395436055903
2020-03-09 18:38:00,2686.4150005324564,0.00035782711331201734
2020-03-09 18:39:00,2684.493716254554,0.00036925038462318064
2020-03-09 18:40:00,2684.74107454778,0.0003523637764347543
2020-03-09 18:41:00,2684.3260300552784,0.0003521799490128112
2020-03-09 18:42:00,2685.8844955605746,0.0003579130282574181
2020-03-09 18:43:00,2685.0647291798896,0.00036380477862128763
2020-03-09 18:44:00,2686.556835347438,0.00035892075450516395
2020-03-09 18:45:00,2685.9192735098477,0.00038796473073125114
2020-03-09 18:46:00,2687.3330697330416,0.0004006283979265495
2020-03-09 18:47:00,2687.6412901377366,0.00043283907000248983
2020-03-09 18:48:00,2686.645495301126,0.0004506160975262196
2020-03-09 18:49:00,2686.2010630949685,0.00048615331459512753
2020-03-09 18:50:00,2685.9134579719066,0.0004836622398981808
2020-03-09 18:51:00,2685.129647148828,0.00046637267723464136
2020-03-09 18:52:00,2685.23916691031,0.0004896296310456906
2020-03-09 18:53:00,2686.848185829561,0.0004886055902821805
2020-03-09 18:54:00,2686.7338621640024,0.0005202471465318293
2020-03-09 18:55:00,2688.47093930931,0.0005434042698228392
2020-03-09 18:56:00,2688.820765318475,0.0005219506215648913
2020-03-09 18:57:00,2691.7036259348647,0.0005262334967201701
2020-03-09 18:58:00,2688.9937075214443,0.0005211952670531321
2020-03-09 18:59:00,2689.048641438981,0.000547998131031454
2020-03-09 19:00:00,2688.2557219325013,0.0005728482638136021
2020-03-09 19:01:00,2688.3847443197715,0.0005552357794910935
2020-03-09 19:02:00,2687.041690840992,0.0005610239723370047
2020-03-09 19:03:00,2684.5657227893234,0.0005957970921259066
2020-03-09 19:04:00,2682.9336201883098,0.0005857783752235458
2020-03-09 19:05:00,2682.1124512410825,0.0005666251258046508
2020-03-09 19:06:00,2682.620626170771,0.0005593877931515724
2020-03-09 19:07:00,2682.6488243092213,0.0005253899925448866
2020-03-09 19:08:00,2681.0500057114446,0.000509956124261075
2020-03-09 19:09:00,2680.0954345357836,0.0004900007324811512
2020-03-09 19:10:00,2678.6900457247143,0.0004963577600950381
2020-03-09 19:11:00,2676.795054097582,0.0005286288986678453
2020-03-09 19:12:00,2676.002811170024,0.0004927781452004156
2020-03-09 19:13:00,2676.7538731803056,0.0004858526270342187
2020-03-09 19:14:00,2677.6140479420264,0.00048049468421798016
2020-03-09 19:15:00,2678.4407299808645,0.0004983278893747642
2020-03-09 19:16:00,2678.028086530498,0.0005170876904316985
2020-03-09 19:17:00,2678.4220933495967,0.0004998397479661984
2020-03-09 19:18:00,2678.029171468429,0.0004986723104185768
2020-03-09 19:19:00,2677.680955373728,0.00047595747472699155
2020-03-09 19:20:00,2679.583762747277,0.00046495893237527927
2020-03-09 19:21:00,2678.3487865834504,0.0004981016516455595
2020-03-09 19:22:00,2678.646672803984,0.0004887849886332905
2020-03-09 19:23:00,2680.0854884288283,0.00046555946536778087
2020-03-09 19:24:00,2677.769765552563,0.0004755683615729605
2020-03-09 19:25:00,2679.046527894483,0.0004839114907068525
2020-03-09 19:26:00,2677.3703961127417,0.0004696241472513908
2020-03-09 19:27:00,2678.4921489135413,0.0004752070309435059
2020-03-09 19:28:00,2678.863450282992,0.0004599867235590937
2020-03-09 19:29:00,2678.309669314521,0.000475911765708297
2020-03-09 19:30:00,2678.095309186605,0.00046648675459431103
2020-03-09 19:31:00,2676.404150937501,0.0004927605936048866
2020-03-09 19:32:00,2674.1478718860826,0.0005321583559405004
2020-03-09 19:33:00,2673.5467212342674,0.0005087987126414091
2020-03-09 19:34:00,2675.0758893423385,0.0004676438659174618
2020-03-09 19:35:00,2674.984650046258,0.0004752063225254663
2020-03-09 19:36:00,2676.7305449778646,0.0004962603768194068
2020-03-09 19:37:00,2678.1631489696283,0.0005138700720522071
2020-03-09 19:38:00,2679.429664555851,0.0004984109602412427
2020-03-09 19:39:00,2678.833909259603,0.0004917987734581584
2020-03-09 19:40:00,2678.2167544874524,0.0005047570900892374
2020-03-09 19:41:00,2677.471638030173,0.0005239507065766723
2020-03-09 19:42:00,2675.1333700621244,0.0005152075173110207
2020-03-09 19:43:00,2676.5734070519957,0.0005129349670332377
2020-03-09 19:44:00,2676.323680678261,0.0005358010890534327
2020-03-09 19:45:00,2674.886359132697,0.000558374718762677
2020-03-09 19:46:00,2674.1377862784557,0.0005963137799670817
2020-03-09 19:47:00,2672.7497625216047,0.0005876601248613853
2020-03-09 19:48:00,2673.1479583444616,0.0005919276905770116
2020-03-09 19:49:00,2671.810531441243,0.0006281475601341354
2020-03-09 19:50:00,2672.981843377784,0.0006214589016098144
2020-03-09 19:51:00,2674.705949710922,0.0006478498338294695
2020-03-09 19:52:00,2675.9560845727465,0.0006761931718152179
2020-03-09 19:53:00,2672.1888206152157,0.0007115527216971062
2020-03-09 19:54:00,2670.9234932491454,0.0006855822668605308
2020-03-09 19:55:00,2671.6117162921837,0.0006648916021610672
2020-03-09 19:56:00,2672.270087161915,0.0006444942253248285
2020-03-09 19:57:00,2673.19643567333,0.0006038405021886472
2020-03-09 19:58:00,2673.6047988555815,0.0005792018691537411
2020-03-09 19:59:00,2673.1615784015644,0.0005454935537372293
2020-03-10 13:30:00,2768.6969149319384,0.0005666817373057206
2020-03-10 13:31:00,2770.439546948211,0.0005420447125322047
2020-03-10 13:32:00,2767.9987060736808,0.0005539512064372899
2020-03-10 13:33:00,2766.2180967938316,0.0005343001461312023
2020-03-10 13:34:00,2766.1609009678255,0.0005254682279972121
2020-03-10 13:35:00,2766.4038569185477,0.0005687129611449971
2020-03-10 13:36:00,2765.8351052928724,0.0005351679480812003
2020-03-10 13:37:00,2767.7644644751244,0.0005684544414788843
2020-03-10 13:38:00,2770.3153758191243,0.000568250613591321
2020-03-10 13:39:00,2768.933313684578,0.0005903970725868951
2020-03-10 13:40:00,2767.0132616922688,0.0006255504690271087
2020-03-10 13:41:00,2766.2055640640638,0.000581703765123405
2020-03-10 13:42:00,2767.192630303677,0.0005875601220198275
2020-03-10 13:43:00,2765.4362584172,0.0006040638556004027
2020-03-10 13:44:00,2762.7341251514636,0.0006316607865977451
2020-03-10 13:45:00,2761.884991031402,0.0006660376379377374
2020-03-10 13:46:00,2761.995369986643,0.0006617347754611356
2020-03-10 13:47:00,2760.990691883006,0.0007137292811848045
2020-03-10 13:48:00,2763.5542111342975,0.0006871972275719607
2020-03-10 13:49:00,2762.8873543626023,0.0006888659688004878
2020-03-10 13:50:00,2760.647017042268,0.0006778260274000602
2020-03-10 13:51:00,2757.707462037449,0.0006894752656463819
2020-03-10 13:52:00,2759.0877952173496,0.0006914640962660888
2020-03-10 13:53:00,2759.7837355463716,0.0006525383416367397
2020-03-10 13:54:00,2758.93905389993,0.0006690022941308964
2020-03-10 13:55:00,2758.237820565089,0.0006759831177168478
2020-03-10 13:56:00,2758.8924935607383,0.0006720369902253536
2020-03-10 13:57:00,2757.3534474812727,0.0006975307998038545
2020-03-10 13:58:00,2757.1361360809215,0.0007229496043196702
2020-03-10 13:59:00,2757.971575458382,0.0006871560163023091
2020-03-10 14:00:00,2760.3754318992446,0.0007063666289423636
2020-03-10 14:01:00,2763.9291553240323,0.000685329021256386
2020-03-10 14:02:00,2762.8028074316735,0.0006748494551376409
2020-03-10 14:03:00,2764.407559501883,0.0006230065002720044
2020-03-10 14:04:00,2764.887325925004,0.000607855316801205
2020-03-10 14:05:00,2764.4813639183494,0.0006266581771354586
2020-03-10 14:06:00,2767.974574349308,0.0006105729494492633
2020-03-10 14:07:00,2765.9743062174466,0.0006450387353090068
2020-03-10 14:08:00,2764.7733110089184,0.0006742357467843489
2020-03-10 14:09:00,2765.2288766372812,0.0006683998720437278
2020-03-10 14:10:00,2764.97789977578,0.0006982596571760772
2020-03-10 14:11:00,2762.2183079712863,0.0007328016561457938
2020-03-10 14:12:00,2761.2505732566287,0.0007682079445053479
2020-03-10 14:13:00,2760.466590379565,0.0007802704143283773
2020-03-10 14:14:00,2764.359746950351,0.0007961670143246734
2020-03-10 14:15:00,2763.333855009779,0.0008284903431066805
2020-03-10 14:16:00,2761.4024974067365,0.0007771384548649763
2020-03-10 14:17:00,2760.641511004134,0.0007667073236857097
2020-03-10 14:18:00,2758.067350298465,0.0007219226590932408
2020-03-10 14:19:00,2756.1885270387884,0.0007094529687004671
2020-03-10 14:20:00,2756.307659859133,0.0006646834215733814
2020-03-10 14:21:00,2757.0230152145323,0.0007027743618552007
2020-03-10 14:22:00,2756.247036358993,0.0006685696813658172
2020-03-10 14:23:00,2759.1522494563224,0.0006883647332962504
2020-03-10 14:24:00,2757.37417803965,0.0006977892042334696
2020-03-10 14:25:00,2756.106672342829,0.0006452701283705496
2020-03-10 14:26:00,2752.99606175563,0.0006872434016680369
2020-03-10 14:27:00,2754.879133464872,0.0006549378893568205
2020-03-10 14:28:00,2755.4616431525055,0.0006570268410016863
2020-03-10 14:29:00,2755.998584630224,0.0006275212529769217
2020-03-10 14:30:00,2758.248166189796,0.0005847784237812931
2020-03-10 14:31:00,2757.5720688566157,0.0005745826018313101
2020-03-10 14:32:00,2757.3501825990147,0.0005503299708091179
2020-03-10 14:33:00,2757.193944065101,0.0005479476878222201
2020-03-10 14:34:00,2755.2531891733206,0.000554277052133373
2020-03-10 14:35:00,2754.9925191946254,0.0005200190198909401
2020-03-10 14:36:00,2754.247993269036,0.0004794058439898056
2020-03-10 14:37:00,2756.8286981245546,0.00048696952216101714
2020-03-10 14:38:00,2756.6241225200024,0.00044950411354505176
2020-03-10 14:39:00,2756.58638195393,0.0004461586788399226
2020-03-10 14:40:00,2756.8265801991975,0.00044782749103151344
2020-03-10 14:41:00,2754.7387442491154,0.00046660238627255527
2020-03-10 14:42:00,2755.691066982174,0.0005093376171857491
2020-03-10 14:43:00,2756.144724696593,0.0005253912144202583
2020-03-10 14:44:00,2753.51461762057,0.0005249152351111001
2020-03-10 14:45:00,2754.095727303529,0.0005184248102597555
2020-03-10 14:46:00,2753.7434631218125,0.0005393280825409512
2020-03-10 14:47:00,2754.1081927830737,0.0005186020316614463
2020-03-10 14:48:00,2754.544340024484,0.0005370871331587085
2020-03-10 14:49:00,2755.6585665031657,0.0005285869036114878
2020-03-10 14:50:00,2754.8502073473983,0.0005214994185608454
2020-03-10 14:51:00,2752.792281489682,0.0005052282199769485
2020-03-10 14:52:00,2753.9082001415213,0.00050569701785454
2020-03-10 14:53:00,2753.704850244403,0.0005206826232121416
2020-03-10 14:54:00,2752.159363037506,0.0005316839091157023
2020-03-10 14:55:00,2751.0053117703555,0.0005536538855334345
2020-03-10 14:56:00,2749.895997798548,0.0005478121050872549
2020-03-10 14:57:00,2749.482688281349,0.0004866922913338813
2020-03-10 14:58:00,2750.4926306788807,0.000491325707541835
2020-03-10 14:59:00,2751.9119363566124,0.0005129107628447009
2020-03-10 15:00:00,2750.7204853175135,0.0005001423109546769
2020-03-10 15:01:00,2750.842719415529,0.00045965641371221126
2020-03-10 15:02:00,2752.571289790323,0.00043390782929765586
2020-03-10 15:03:00,2753.08743788593,0.000417572325098488
2020-03-10 15:04:00,2752.6430725213622,0.00040253737417502285
2020-03-10 15:05:00,2753.4922850808716,0.00042977523570748096
2020-03-10 15:06:00,2754.4485324241073,0.0004273377622339593
2020-03-10 15:07:00,2753.771061615808,0.0004388848653306354
2020-03-10 15:08:00,2750.858005563788,0.00041658532449278174
2020-03-10 15:09:00,2749.5698296477326,0.00045043932921515553
2020-03-10 15:10:00,2750.6198128853007,0.0004544550659599476
2020-03-10 15:11:00,2750.3622292717623,0.0004728049025173572
2020-03-10 15:12:00,2750.3899067833418,0.0004777783537870593
2020-03-10 15:13:00,2749.7142710459566,0.00044336353449046074
2020-03-10 15:14:00,2748.1007112162165,0.00044393875297120807
2020-03-10 15:15:00,2748.298088480046,0.00045839386223033626
2020-03-10 15:16:00,2748.2434286980297,0.00046200423636374495
2020-03-10 15:17:00,2750.2390814969935,0.0004583037890281514
2020-03-10 15:18:00,2747.5201468699192,0.00048733719249775977
2020-03-10 15:19:00,2747.9416629047337,0.0005446596612106386
2020-03-10 15:20:00,2747.936167341743,0.0006012563358090393
2020-03-10 15:21:00,2750.9041539285763,0.0005868015473495067
2020-03-10 15:22:00,2750.964761913374,0.0005787844536189996
2020-03-10 15:23:00,2752.2083288846616,0.0005265716982515046
2020-03-10 15:24:00,2752.4861610968437,0.0005344056940309408
2020-03-10 15:25:00,2753.8145126873874,0.0005046314074281176
2020-03-10 15:26:00,2751.748059242971,0.0005509886164898234
2020-03-10 15:27:00,2749.334979847887,0.0005178588083596443
2020-03-10 15:28:00,2750.71420217364,0.0005440616113366592
2020-03-10 15:29:00,2749.252613796517,0.0005808168104472622
2020-03-10 15:30:00,2745.891147676436,0.0005936062579777893
2020-03-10 15:31:00,2747.4756580021985,0.0005875701345807807
2020-03-10 15:32:00,2742.6312033299023,0.0006332997922414909
2020-03-10 15:33:00,2743.7511129913714,0.0006267475191588291
2020-03-10 15:34:00,2742.225310192743,0.00059644658672312
2020-03-10 15:35:00,2742.010610511259,0.0005959905430515257
2020-03-10 15:36:00,2743.268643303768,0.0005647908682045001
2020-03-10 15:37:00,2743.1583021627152,0.000532425687792401
2020-03-10 15:38:00,2742.3509544282915,0.0005453504532449781
2020-03-10 15:39:00,2741.0587490586895,0.0005359873183641346
2020-03-10 15:40:00,2741.1003062259124,0.0005246843768519627
2020-03-10 15:41:00,2742.811837272122,0.0005291801620638059
2020-03-10 15:42:00,2740.975450275084,0.0005408345283164668
2020-03-10 15:43:00,2741.4703464726254,0.0005814573655508668
2020-03-10 15:44:00,2743.229558141931,0.0005963458113313016
2020-03-10 15:45:00,2742.6330753659818,0.0005765273724923892
2020-03-10 15:46:00,2743.5584243011594,0.0005817937467851891
2020-03-10 15:47:00,2743.376057389227,0.0005586701931315525
2020-03-10 15:48:00,2745.108978035934,0.0005391834631977006
2020-03-10 15:49:00,2743.835533372734,0.0005362520761152931
2020-03-10 15:50:00,2742.1097278779266,0.0005288180836528901
2020-03-10 15:51:00,2741.271045777793,0.00047256608335406356
2020-03-10 15:52:00,2740.484957750511,0.00047877982396483704
2020-03-10 15:53:00,2741.414569571463,0.00047711239032247407
2020-03-10 15:54:00,2742.2373446757715,0.0004538829868829191
2020-03-10 15:55:00,2742.9288705170093,0.00041569433848427374
2020-03-10 15:56:00,2741.0598431755657,0.0004479575663974671
2020-03-10 15:57:00,2740.119409967231,0.00042750904129070264
2020-03-10 15:58:00,2743.6943033971165,0.00043309673465943057
2020-03-10 15:59:00,2744.219408627378,0.0004501558018798122
2020-03-10 16:00:00,2745.615948322162,0.0004536086804544905
2020-03-10 16:01:00,2745.870191791253,0.0004772126910885276
2020-03-10 16:02:00,2743.4167452590746,0.000455472034143992
2020-03-10 16:03:00,2741.742535208051,0.0004829299816607737
2020-03-10 16:04:00,2741.2747356454747,0.0004770592192261235
2020-03-10 16:05:00,2741.211863296712,0.0004595519400532144
2020-03-10 16:06:00,2742.636889154114,0.00047687423691087223
2020-03-10 16:07:00,2742.6859372587087,0.00044251171485845843
2020-03-10 16:08:00,2743.6187064881688,0.00045373311063557395
2020-03-10 16:09:00,2745.4411400743493,0.00048557600975095323
2020-03-10 16:10:00,2746.941773852012,0.0004786156865540241
2020-03-10 16:11:00,2746.263375693294,0.0005168965697138044
2020-03-10 16:12:00,2748.6083454622176,0.0004994235904005748
2020-03-10 16:13:00,2750.2599731233468,0.0004944647001954919
2020-03-10 16:14:00,2750.207808006392,0.0005128568007528384
2020-03-10 16:15:00,2752.603723744112,0.0004821802718059569
2020-03-10 16:16:00,2753.0352608113467,0.0005041663688975438
2020-03-10 16:17:00,2753.50818021116,0.0004915636879733504
2020-03-10 16:18:00,2753.3876189628427,0.0005082106480740607
2020-03-10 16:19:00,2755.485789014399,0.00048259375794576026
2020-03-10 16:20:00,2755.798192060641,0.0005019170301363461
2020-03-10 16:21:00,2755.7931968997386,0.00051032981858418
2020-03-10 16:22:00,2756.566400949881,0.00051090029681158
2020-03-10 16:23:00,2759.2058145260826,0.0005087276997915286
2020-03-10 16:24:00,2759.228277658726,0.0005045591594523879
2020-03-10 16:25:00,2761.1585446883723,0.0005000888228747562
2020-03-10 16:26:00,2761.3179419787357,0.0005230322145401319
2020-03-10 16:27:00,2762.38418905964,0.0005203899943030073
2020-03-10 16:28:00,2761.4592442965595,0.0005001187920507591
2020-03-10 16:29:00,2762.8251497284004,0.0005098777590925367
2020-03-10 16:30:00,2762.97151592899,0.0004884382193147516
2020-03-10 16:31:00,2762.916500220949,0.0004837727691276676
2020-03-10 16:32:00,2762.3885951615052,0.00044143131352813216
2020-03-10 16:33:00,2762.6416372994922,0.0004117704853817749
2020-03-10 16:34:00,2761.286998895551,0.00041113939108266043
2020-03-10 16:35:00,2762.0400081859802,0.00045002205850304253
2020-03-10 16:36:00,2764.0106126076203,0.0004337947458927702
2020-03-10 16:37:00,2762.5413583078875,0.00044674011465665895
2020-03-10 16:38:00,2761.882713008081,0.00046211812175200656
2020-03-10 16:39:00,2760.4235898393836,0.0004745978978469739
2020-03-10 16:40:00,2758.2210580107303,0.00045954665492257236
2020-03-10 16:41:00,2758.773635600377,0.00043159039893566676
2020-03-10 16:42:00,2757.4985858507184,0.0004746659307237672
2020-03-10 16:43:00,2756.6909270628826,0.0004761302868406419
2020-03-10 16:44:00,2754.746810506483,0.00046106598412875015
2020-03-10 16:45:00,2753.9176215223197,0.00046455815303642534
2020-03-10 16:46:00,2755.9631409534995,0.00043846517484196184
2020-03-10 16:47:00,2758.926461677977,0.0004663712157800638
2020-03-10 16:48:00,2760.403145316221,0.00044402417678374444
2020-03-10 16:49:00,2758.3354991687465,0.0004627114304394938
2020-03-10 16:50:00,2759.178457839105,0.0004690736685234514
2020-03-10 16:51:00,2758.915224687887,0.0004948069492281613
2020-03-10 16:52:00,2756.6755409453167,0.0004935586024255959
2020-03-10 16:53:00,2756.895500270929,0.0004999543555192092
2020-03-10 16:54:00,2760.842619044044,0.0004852952971408673
2020-03-10 16:55:00,2760.324111758391,0.0004677223018826743
2020-03-10 16:56:00,2760.9729906642997,0.0004755298417024252
2020-03-10 16:57:00,2761.1552895336713,0.0004902294437579573
2020-03-10 16:58:00,2764.6285584028333,0.0005250592725621797
2020-03-10 16:59:00,2764.862113113896,0.0005452404239212424
2020-03-10 17:00:00,2764.559678373357,0.0005359633010392278
2020-03-10 17:01:00,2765.335249344849,0.0005510131299633067
2020-03-10 17:02:00,2767.5918584670103,0.0005610240448030906
2020-03-10 17:03:00,2765.4647124453704,0.0006098923158289771
2020-03-10 17:04:00,2764.90271504031,0.0006350549637404533
2020-03-10 17:05:00,2762.8247555441326,0.0006257227323840212
2020-03-10 17:06:00,2759.513959016352,0.0006424329849313764
2020-03-10 17:07:00,2763.084426138558,0.0006292656332217896
2020-03-10 17:08:00,2761.083832481009,0.0006322362291280286
2020-03-10 17:09:00,2759.081722384367,0.0006064579393676238
2020-03-10 17:10:00,2758.215680805024,0.0005688690165759619
2020-03-10 17:11:00,2757.7151748956867,0.0005595166357953342
2020-03-10 17:12:00,2757.173338863153,0.000543487098610949
2020-03-10 17:13:00,2756.5707771966336,0.0005553492450098428
2020-03-10 17:14:00,2756.9003420881227,0.0005067483133379798
2020-03-10 17:15:00,2753.4283375641476,0.0005161722927110659
2020-03-10 17:16:00,2752.2086523170287,0.0005150966606416654
2020-03-10 17:17:00,2752.247095245113,0.0005125769356403723
2020-03-10 17:18:00,2752.9698529941766,0.0004956259716520861
2020-03-10 17:19:00,2751.0612580386305,0.0005344846637410158
2020-03-10 17:20:00,2750.368919233549,0.0005190668667931432
2020-03-10 17:21:00,2750.141150617941,0.0005365799446093335
2020-03-10 17:22:00,2751.844413199242,0.0005164543005789003
2020-03-10 17:23:00,2750.9280782663755,0.0005391443609822022
2020-03-10 17:24:00,2749.674070858883,0.0005420331202456791
2020-03-10 17:25:00,2745.270460456827,0.0005205838512980061
2020-03-10 17:26:00,2745.8332259015933,0.0005138882769044502
2020-03-10 17:27:00,2747.145674643166,0.000509377156012805
2020-03-10 17:28:00,2746.43522848594,0.0005412582571478452
2020-03-10 17:29:00,2745.4421938770165,0.0005425332527109785
2020-03-10 17:30:00,2744.7327850596594,0.0005547585040225296
2020-03-10 17:31:00,2743.714424568446,0.0005683765896766077
2020-03-10 17:32:00,2743.3601268532484,0.0005847980928827914
2020-03-10 17:33:00,2743.1960291106057,0.0005906064927763879
2020-03-10 17:34:00,2739.9844515237455,0.0005479094889573892
2020-03-10 17:35:00,2739.8110622146824,0.0005180329678100391
2020-03-10 17:36:00,2739.9604097443435,0.0005122738165740088
2020-03-10 17:37:00,2740.2331218180566,0.0005181708809787375
2020-03-10 17:38:00,2738.230438836571,0.0005317156806464003
2020-03-10 17:39:00,2739.5564640526095,0.0005768867342569642
2020-03-10 17:40:00,2739.0457467544356,0.0005850014601213452
2020-03-10 17:41:00,2739.9120716574616,0.0005885707338939734
2020-03-10 17:42:00,2741.636211839795,0.0005784193513261155
2020-03-10 17:43:00,2740.1172941003765,0.0005999758389971591
2020-03-10 17:44:00,2741.7813426159637,0.0006077493071899363
2020-03-10 17:45:00,2741.558731496297,0.0006454310447558585
2020-03-10 17:46:00,2739.8164354076184,0.0006420341330989325
2020-03-10 17:47:00,2740.2716546507772,0.0006836405821068105
2020-03-10 17:48:00,2742.0388632134996,0.0006790382206517397
2020-03-10 17:49:00,2739.7225258604635,0.0006816057161623091
2020-03-10 17:50:00,2739.6991915914277,0.0006660183640318871
2020-03-10 17:51:00,2739.267160051328,0.0006708234482660481
2020-03-10 17:52:00,2739.4738186145723,0.0007513454175841482
2020-03-10 17:53:00,2742.031185488966,0.0007924459894152878
2020-03-10 17:54:00,2743.5484663225943,0.0007148657117085794
2020-03-10 17:55:00,2743.743405250989,0.0007029346082907083
2020-03-10 17:56:00,2745.5580645854056,0.0007724678763391289
2020-03-10 17:57:00,2741.8438852864087,0.0007656364325765332
2020-03-10 17:58:00,2745.760781568947,0.0007728647945441077
2020-03-10 17:59:00,2743.9288972172913,0.0007769310871091563
2020-03-10 18:00:00,2742.7177729242217,0.0007852442972752698
2020-03-10 18:01:00,2742.7083038500573,0.0007754847672493875
2020-03-10 18:02:00,2743.9975278555594,0.0007900847743055045
2020-03-10 18:03:00,2744.687811946532,0.0007768718312300117
2020-03-10 18:04:00,2746.013095843923,0.0007512217216536386
2020-03-10 18:05:00,2745.995709029015,0.0007313494815528952
2020-03-10 18:06:00,2747.6339815848523,0.00072377545556682
2020-03-10 18:07:00,2748.7520097735455,0.0007382687725797135
2020-03-10 18:08:00,2743.902938005995,0.0007612976783997676
2020-03-10 18:09:00,2741.89729037461,0.0007443495535658524
2020-03-10 18:10:00,2740.3141499748035,0.0007099554320338604
2020-03-10 18:11:00,2740.527162993199,0.000742746946966107
2020-03-10 18:12:00,2741.457327221257,0.0007148077853942436
2020-03-10 18:13:00,2738.906955196758,0.0007027843198163169
2020-03-10 18:14:00,2741.2563431661106,0.0006798418270330686
2020-03-10 18:15:00,2741.169597739316,0.000719637882504563
2020-03-10 18:16:00,2743.5497521889542,0.000713510892838112
2020-03-10 18:17:00,2747.127550037597,0.0007047519270047802
2020-03-10 18:18:00,2748.2974526437342,0.0006588519426866477
2020-03-10 18:19:00,2745.696283016968,0.0006486762590496047
2020-03-10 18:20:00,2747.264467748515,0.0006301481335412675
2020-03-10 18:21:00,2746.5715235479756,0.0006172723726220772
2020-03-10 18:22:00,2748.8506439410467,0.0006298323918348517
2020-03-10 18:23:00,2746.879768536999,0.0006327967289173199
2020-03-10 18:24:00,2745.3072680098317,0.0006043001639864599
2020-03-10 18:25:00,2745.028387893177,0.0006450832161370892
2020-03-10 18:26:00,2742.8550895076723,0.0006076161063197098
2020-03-10 18:27:00,2743.4988824117436,0.0006017759410324088
2020-03-10 18:28:00,2742.8380044023997,0.0005977410860424683
2020-03-10 18:29:00,2744.428283936944,0.0005694824112604888
2020-03-10 18:30:00,2741.2711968873828,0.0005483177653481603
2020-03-10 18:31:00,2741.3949258755165,0.0005165584593305585
2020-03-10 18:32:00,2741.135620777191,0.0005255836034089452
2020-03-10 18:33:00,2739.9188572758344,0.0005389647457669535
2020-03-10 18:34:00,2738.7220102242272,0.0005602076383026536
2020-03-10 18:35:00,2738.8194620589206,0.0005360200888510917
2020-03-10 18:36:00,2740.0989163288746,0.000507900590122298
2020-03-10 18:37:00,2742.1065821624015,0.0005180529499613991
2020-03-10 18:38:00,2740.5813350538365,0.00046269648839842545
2020-03-10 18:39:00,2740.689635965139,0.0004502245141909278
2020-03-10 18:40:00,2740.910075234704,0.0004528756532181639
2020-03-10 18:41:00,2741.322697063013,0.0004732474934697103
2020-03-10 18:42:00,2742.3380592395406,0.0005032771851111518
2020-03-10 18:43:00,2744.5442204168676,0.0004964463006381052
2020-03-10 18:44:00,2744.2052165091372,0.00046799148595900314
2020-03-10 18:45:00,2747.6748952614594,0.0004969124958441731
2020-03-10 18:46:00,2747.055468412132,0.0004926014588088232
2020-03-10 18:47:00,2746.0053845626444,0.0004937333064603019
2020-03-10 18:48:00,2744.581839910419,0.000483811510697831
2020-03-10 18:49:00,2746.3229941435848,0.0004920596206271716
2020-03-10 18:50:00,2746.5692335326885,0.0004810213326307988
2020-03-10 18:51:00,2746.529668312472,0.0004930576504055016
2020-03-10 18:52:00,2747.9267840441903,0.0004812598285695485
2020-03-10 18:53:00,2748.7562888667653,0.00046001652811645627
2020-03-10 18:54:00,2748.3533681383674,0.00045023037446695005
2020-03-10 18:55:00,2750.643407206334,0.0004747078658145416
2020-03-10 18:56:00,2749.9289151747043,0.0004998476146463608
2020-03-10 18:57:00,2748.8467089456785,0.00045678519349211016
2020-03-10 18:58:00,2749.9461758663124,0.000457246940873826
2020-03-10 18:59:00,2749.03146840001,0.0004587893359942331
2020-03-10 19:00:00,2748.9202935952203,0.0004541391236384496
2020-03-10 19:01:00,2749.9028270832337,0.0004802440259262853
2020-03-10 19:02:00,2749.9540042524886,0.00048435669788625385
2020-03-10 19:03:00,2750.559580495627,0.0004916799154408812
2020-03-10 19:04:00,2752.892613660779,0.0004944838881386512
2020-03-10 19:05:00,2751.9143588120132,0.0005197970722464233
2020-03-10 19:06:00,2751.792957754971,0.00048483424024589454
2020-03-10 19:07:00,2750.702612380486,0.00043907123641713324
2020-03-10 19:08:00,2749.733393002129,0.00043440591525784
2020-03-10 19:09:00,2751.279932251083,0.0004325026063516838
2020-03-10 19:10:00,2750.3215996117756,0.00042686615560717426
2020-03-10 19:11:00,2752.0277249886435,0.0004361331187093826
2020-03-10 19:12:00,2751.329679797731,0.00043974316198707385
2020-03-10 19:13:00,2750.9979905323075,0.0004207650749187302
2020-03-10 19:14:00,2751.4022228371996,0.0004206398412990982
2020-03-10 19:15:00,2752.2857147976924,0.0003937324760438856
2020-03-10 19:16:00,2749.0138215302527,0.00039854054054228147
2020-03-10 19:17:00,2750.8178006721478,0.0003871085887486115
2020-03-10 19:18:00,2749.9418644788666,0.00038283537789310525
2020-03-10 19:19:00,2751.715147037078,0.00040733519451650825
2020-03-10 19:20:00,2750.1833692363307,0.00041562806301821546
2020-03-10 19:21:00,2752.117512546282,0.000435027477583172
2020-03-10 19:22:00,2751.605138703047,0.00044024745424441417
2020-03-10 19:23:00,2750.624702526323,0.00042123848599580626
2020-03-10 19:24:00,2749.7894106729395,0.00045187751918755297
2020-03-10 19:25:00,2749.423081602608,0.00047972211241108963
2020-03-10 19:26:00,2747.5855558330154,0.00047673179991848
2020-03-10 19:27:00,2749.275930514729,0.0004451159079793919
2020-03-10 19:28:00,2749.0260713592015,0.00041552678063612675
2020-03-10 19:29:00,2750.3411590898427,0.0003784449228429634
2020-03-10 19:30:00,2750.049119894374,0.0003887680003199658
2020-03-10 19:31:00,2748.3950988055267,0.000384307220550331
2020-03-10 19:32:00,2747.9713841954954,0.000385484716984539
2020-03-10 19:33:00,2748.037348357308,0.0003704263049760351
2020-03-10 19:34:00,2749.807718471493,0.0003918424503439528
2020-03-10 19:35:00,2749.24442039824,0.00039772857990324903
2020-03-10 19:36:00,2747.5121058006985,0.000395147190548822
2020-03-10 19:37:00,2745.5660680926244,0.00039166374733583584
2020-03-10 19:38:00,2746.094412495979,0.00038077593677346156
2020-03-10 19:39:00,2747.070541209124,0.0003802386113885881
2020-03-10 19:40:00,2747.8549018470285,0.00041072501800574937
2020-03-10 19:41:00,2748.5506228343143,0.0004082856222848311
2020-03-10 19:42:00,2748.1723440184032,0.00041651969033240605
2020-03-10 19:43:00,2748.4155607825796,0.00041569339767691946
2020-03-10 19:44:00,2747.3225452804822,0.0004025147181423925
2020-03-10 19:45:00,2748.1935614910885,0.000380464882832892
2020-03-10 19:46:00,2750.138958001561,0.000345661536220092
2020-03-10 19:47:00,2750.0924014603593,0.00033529995825987743
2020-03-10 19:48:00,2750.0058131863384,0.0003615628750620931
2020-03-10 19:49:00,2749.349147474864,0.0003538623710385303
2020-03-10 19:50:00,2749.142956932588,0.0003592016984469019
2020-03-10 19:51:00,2749.3802575307814,0.00036533767505532005
2020-03-10 19:52:00,2750.060543897603,0.00037329636911332775
2020-03-10 19:53:00,2750.8660038253042,0.00037127882991391895
2020-03-10 19:54:00,2750.6470966971324,0.0003630266825921806
2020-03-10 19:55:00,2750.1777423216645,0.0003325963628303393
2020-03-10 19:56:00,2750.452255395759,0.0003466580175123989
2020-03-10 19:57:00,2749.832394118128,0.0003677812311934459
2020-03-10 19:58:00,2751.216153282938,0.0003651736273250669
2020-03-10 19:59:00,2750.48941629642,0.0003532508837287356
2020-03-11 13:30:00,2684.891063697155,0.00035378652498585
2020-03-11 13:31:00,2686.1656761962054,0.0003464300277928207
2020-03-11 13:32:00,2686.449015182772,0.00036727990080682316
2020-03-11 13:33:00,2686.2005413406923,0.0003655600667273985
2020-03-11 13:34:00,2685.832910821303,0.0003616750631874725
2020-03-11 13:35:00,2685.692386329835,0.00037261721205022406
2020-03-11 13:36:00,2686.8935488887605,0.0004225884734667344
2020-03-11 13:37:00,2687.3371071431984,0.00043636830519697345
2020-03-11 13:38:00,2687.8059651505987,0.0004360738581482951
2020-03-11 13:39:00,2688.769239913106,0.0004251546990416762
2020-03-11 13:40:00,2691.1624848866127,0.000417279993349677
2020-03-11 13:41:00,2691.7679165477225,0.00040104208069848994
2020-03-11 13:42:00,2689.3859604128666,0.00043280476264035767
2020-03-11 13:43:00,2687.917165782825,0.00042781744936236203
2020-03-11 13:44:00,2688.6929411919646,0.00041846186879922187
2020-03-11 13:45:00,2687.3956904496804,0.00042799182284697737
2020-03-11 13:46:00,2688.8538671601113,0.0004118174984735193
2020-03-11 13:47:00,2688.4617248262316,0.00039830732778117284
2020-03-11 13:48:00,2688.1575627800335,0.00040403341514860016
2020-03-11 13:49:00,2688.9019247041306,0.0004064854572002211
2020-03-11 13:50:00,2688.8451653241505,0.00043032096759854386
2020-03-11 13:51:00,2689.5357142091098,0.0004220680464066808
2020-03-11 13:52:00,2690.553119688695,0.00040358676538812175
2020-03-11 13:53:00,2691.4717164065387,0.0003921958339895221
2020-03-11 13:54:00,2690.451206488322,0.0004499875989034871
2020-03-11 13:55:00,2690.8899628102945,0.00040713332644806775
2020-03-11 13:56:00,2691.626538441022,0.0004193410040404619
2020-03-11 13:57:00,2692.861668421145,0.000390041713144054
2020-03-11 13:58:00,2693.1975840244595,0.0004032594721341144
2020-03-11 13:59:00,2693.0491411296334,0.00039548185125707806
2020-03-11 14:00:00,2693.8092002812773,0.00044545628972386474
2020-03-11 14:01:00,2696.5357490305173,0.00045560778419708055
2020-03-11 14:02:00,2697.2550759518595,0.0004539858953692012
2020-03-11 14:03:00,2697.4528131535712,0.0004539879056391495
2020-03-11 14:04:00,2697.8143311171575,0.00044077189268820473
2020-03-11 14:05:00,2695.762292295131,0.000404820482766137
2020-03-11 14:06:00,2696.153703459894,0.00040427951223317375
2020-03-11 14:07:00,2695.7567237622347,0.0004166595353594358
2020-03-11 14:08:00,2697.219051179249,0.0004492947444596906
2020-03-11 14:09:00,2697.0051392511646,0.0004477060046994455
2020-03-11 14:10:00,2695.0305781049506,0.00043177621360237665
2020-03-11 14:11:00,2696.184147858077,0.00043100496275066383
2020-03-11 14:12:00,2695.1818785531414,0.0004580235722536029
2020-03-11 14:13:00,2696.311038138053,0.0004745419454113252
2020-03-11 14:14:00,2696.4725416178817,0.0004385697515552745
2020-03-11 14:15:00,2697.419958885456,0.00040635774849373795
2020-03-11 14:16:00,2699.131675724839,0.0003972996815317325
2020-03-11 14:17:00,2697.7432524739997,0.00038439680838549945
2020-03-11 14:18:00,2696.976818612279,0.00040567644361565235
2020-03-11 14:19:00,2697.685652614358,0.00043352461779207836
2020-03-11 14:20:00,2696.8383103067736,0.00039691307939266176
2020-03-11 14:21:00,2699.0112462174484,0.00042841331314997556
2020-03-11 14:22:00,2699.9934059459133,0.0004392599370848206
2020-03-11 14:23:00,2700.014063642943,0.00044776423655258694
2020-03-11 14:24:00,2698.781623711303,0.000444327978458739
2020-03-11 14:25:00,2699.396041251337,0.00044232950275433083
2020-03-11 14:26:00,2699.753001385923,0.00043307528535659864
2020-03-11 14:27:00,2699.233117907212,0.00044342508080073454
2020-03-11 14:28:00,2698.6527691944334,0.00044902346976117375
2020-03-11 14:29:00,2700.6114577501394,0.0004607606229743835
2020-03-11 14:30:00,2699.9083940081246,0.00046266704853062667
2020-03-11 14:31:00,2700.594829584783,0.00048295604946159106
2020-03-11 14:32:00,2699.521522047982,0.0004551931304684149
2020-03-11 14:33:00,2700.772547018222,0.00039301944240768697
2020-03-11 14:34:00,2701.772960232681,0.0003809031916929546
2020-03-11 14:35:00,2702.068505929597,0.00041328344880822986
2020-03-11 14:36:00,2703.3396674328765,0.00039730628149709874
2020-03-11 14:37:00,2702.8675977905655,0.000391201555118044
2020-03-11 14:38:00,2703.719836612814,0.00039786135596901333
2020-03-11 14:39:00,2702.8138525977565,0.0003953720968959321
2020-03-11 14:40:00,2702.5201341251473,0.0003731261368926679
2020-03-11 14:41:00,2702.2431864898927,0.00036713806624138844
2020-03-11 14:42:00,2702.4333013482833,0.00035418018039393547
2020-03-11 14:43:00,2700.7956758343385,0.00038918998472744376
2020-03-11 14:44:00,2698.288566608546,0.0004059147171644348
2020-03-11 14:45:00,2697.1731126545415,0.0004018614616720061
2020-03-11 14:46:00,2698.0569129104388,0.0004057314023793769
2020-03-11 14:47:00,2699.4298055974996,0.00041316911156676474
2020-03-11 14:48:00,2699.664379252737,0.00041975908960795866
2020-03-11 14:49:00,2701.426631509862,0.0004127448043776209
2020-03-11 14:50:00,2701.33913160146,0.0004291005587560799
2020-03-11 14:51:00,2701.7255024246956,0.00043501224229509276
2020-03-11 14:52:00,2700.626267995767,0.0004229010453102483
2020-03-11 14:53:00,2699.4823729748528,0.00042021002119145816
2020-03-11 14:54:00,2700.1393252755865,0.00040050584810807753
2020-03-11 14:55:00,2699.3002405953976,0.0003960927355931708
2020-03-11 14:56:00,2697.9292279058955,0.0004114881890524747
2020-03-11 14:57:00,2698.647013879161,0.00038961716645867007
2020-03-11 14:58:00,2698.5902059692717,0.00039941240625286623
2020-03-11 14:59:00,2698.1820976212525,0.00039643454198824045
2020-03-11 15:00:00,2697.453619851196,0.00036981643762628853
2020-03-11 15:01:00,2695.720952951755,0.0003933955745675739
2020-03-11 15:02:00,2697.005738174141,0.0004191128609139126
2020-03-11 15:03:00,2696.491592496662,0.0004075590887678206
2020-03-11 15:04:00,2695.494586153789,0.00042591343688124075
2020-03-11 15:05:00,2693.3189748236055,0.0004444090932221559
2020-03-11 15:06:00,2693.4529817470584,0.00045426622175508515
2020-03-11 15:07:00,2695.5046290197006,0.000496817546377718
2020-03-11 15:08:00,2694.6132334047434,0.0005087994422180265
2020-03-11 15:09:00,2694.2495725726385,0.0005221518879428548
2020-03-11 15:10:00,2692.190591298025,0.0005254351622003793
2020-03-11 15:11:00,2691.460656248825,0.0005182720995237862
2020-03-11 15:12:00,2690.495633118182,0.0005084334268019899
2020-03-11 15:13:00,2690.659192774841,0.0005040561868365868
2020-03-11 15:14:00,2690.881712517256,0.0005338014502763782
2020-03-11 15:15:00,2687.4330678731235,0.0005916634876522082
2020-03-11 15:16:00,2681.919065566607,0.0006001004268966181
2020-03-11 15:17:00,2680.299338360685,0.0005827368084387082
2020-03-11 15:18:00,2679.433794804381,0.0006047702566692314
2020-03-11 15:19:00,2680.191152257723,0.0006471167788745264
2020-03-11 15:20:00,2682.414412964225,0.000658659600747834
2020-03-11 15:21:00,2683.0600873552194,0.0006497359630775668
2020-03-11 15:22:00,2684.4704467367205,0.000659012895967481
2020-03-11 15:23:00,2683.3706080658626,0.0006117792992468042
2020-03-11 15:24:00,2684.21029522016,0.0005838626596768107
2020-03-11 15:25:00,2683.6571555055784,0.0005927244001977222
2020-03-11 15:26:00,2683.1028160168057,0.0005845420948906046
2020-03-11 15:27:00,2683.051821822275,0.0006023964452285326
2020-03-11 15:28:00,2685.339270028591,0.000624016847055987
2020-03-11 15:29:00,2685.3704469160775,0.0006339610435753177
2020-03-11 15:30:00,2685.0333677107983,0.0006326116227163485
2020-03-11 15:31:00,2683.284558371974,0.000592108532749369
2020-03-11 15:32:00,2683.0811610618293,0.0005713255744827065
2020-03-11 15:33:00,2683.6117572460707,0.000598441090605076
2020-03-11 15:34:00,2681.2338058654714,0.0006433291748607069
2020-03-11 15:35:00,2679.789901555668,0.0006046795355864922
2020-03-11 15:36:00,2678.498292657441,0.0006385015430449838
2020-03-11 15:37:00,2679.594818291019,0.0006056219086078392
2020-03-11 15:38:00,2677.2626581489694,0.0005983393182550933
2020-03-11 15:39:00,2678.2073775756653,0.0006155339348087823
2020-03-11 15:40:00,2678.4530426166075,0.000619232009819183
2020-03-11 15:41:00,2678.2923663405063,0.0006315085710821918
2020-03-11 15:42:00,2677.2184043212055,0.0006253630476259578
2020-03-11 15:43:00,2676.1496350365596,0.0006763177405566214
2020-03-11 15:44:00,2678.300097346552,0.0006791534783701569
2020-03-11 15:45:00,2680.6101974981407,0.0006774000902086161
2020-03-11 15:46:00,2681.385569379669,0.0006766863633497018
2020-03-11 15:47:00,2682.1707767738053,0.0006754615140959564
2020-03-11 15:48:00,2680.5814380122692,0.0006783078228391158
2020-03-11 15:49:00,2682.463664533347,0.0006725977788206472
2020-03-11 15:50:00,2682.0168360201283,0.0006672344069176136
2020-03-11 15:51:00,2681.8199807927263,0.0006087407042825195
2020-03-11 15:52:00,2682.2538198055586,0.0006031748787747006
2020-03-11 15:53:00,2682.6227800433426,0.0006019696770356673
2020-03-11 15:54:00,2684.108200655972,0.0005929339415937111
2020-03-11 15:55:00,2685.8101938703385,0.0005695754708871875
2020-03-11 15:56:00,2690.154329221768,0.0005706169781501261
2020-03-11 15:57:00,2690.182419809639,0.0005920168287177242
2020-03-11 15:58:00,2690.0772924249063,0.0005616035508365163
2020-03-11 15:59:00,2690.3605110144067,0.0005571897642676339
2020-03-11 16:00:00,2692.812812000439,0.0005367968796555415
2020-03-11 16:01:00,2694.2618380372946,0.0005747337341791114
2020-03-11 16:02:00,2694.2699839770016,0.0005517100432264466
2020-03-11 16:03:00,2695.496793243295,0.0005137847350693893
2020-03-11 16:04:00,2695.426279415815,0.00048654937239575374
2020-03-11 16:05:00,2693.652992251054,0.0005003903228897947
2020-03-11 16:06:00,2692.44713238471,0.0004664649605722871
2020-03-11 16:07:00,2693.032654092288,0.0004490726056662213
2020-03-11 16:08:00,2692.5464072629134,0.00041299831699346645
2020-03-11 16:09:00,2691.8441313179214,0.0004208028169220706
2020-03-11 16:10:00,2691.165832696272,0.0003817512010874611
2020-03-11 16:11:00,2691.8615903155705,0.0004137188393997647
2020-03-11 16:12:00,2690.813601262003,0.0003985154558577431
2020-03-11 16:13:00,2691.00386273484,0.0004133147277180613
2020-03-11 16:14:00,2690.757174811769,0.00043638053309673325
2020-03-11 16:15:00,2691.156648135046,0.0004607684447714472
2020-03-11 16:16:00,2690.037772609278,0.0004285384929533501
2020-03-11 16:17:00,2689.4943032207425,0.0004337994531413129
2020-03-11 16:18:00,2689.182747642151,0.0004508033882073282
2020-03-11 16:19:00,2687.722659986406,0.0004476415845949628
2020-03-11 16:20:00,2687.4035498035705,0.0004805927018090919
2020-03-11 16:21:00,2688.3890822022927,0.0004673331389251841
2020-03-11 16:22:00,2690.4955111007735,0.0004916027998624558
2020-03-11 16:23:00,2691.5860751036566,0.000520998895558062
2020-03-11 16:24:00,2690.6738281601733,0.0005666562336899324
2020-03-11 16:25:00,2690.3744058948605,0.0004964668879354113
2020-03-11 16:26:00,2687.8694249849127,0.0004998728210882593
2020-03-11 16:27:00,2688.2974340668056,0.0005302848717442544
2020-03-11 16:28:00,2687.9569208743383,0.0005175133639794146
2020-03-11 16:29:00,2686.9051031635627,0.0005449769122258467
2020-03-11 16:30:00,2686.77019572375,0.0005366444236226366
2020-03-11 16:31:00,2689.382290006252,0.0005478160886668184
2020-03-11 16:32:00,2689.0718643575624,0.0005255237282735013
2020-03-11 16:33:00,2688.9040944922713,0.0005075032435413828
2020-03-11 16:34:00,2690.4071251280843,0.0005236777186803164
2020-03-11 16:35:00,2689.8383253497786,0.0005500017052393398
2020-03-11 16:36:00,2688.411986122042,0.0005870415665572464
2020-03-11 16:37:00,2689.919713963159,0.0006099489971488403
2020-03-11 16:38:00,2690.076296364873,0.0005903231941282214
2020-03-11 16:39:00,2690.4694129427853,0.0006286910464133062
2020-03-11 16:40:00,2691.0128657544083,0.0006322278493780476
2020-03-11 16:41:00,2686.468623891736,0.0006434937658648946
2020-03-11 16:42:00,2686.053471737694,0.0006344357444845135
2020-03-11 16:43:00,2685.3070779216932,0.0006575472563843214
2020-03-11 16:44:00,2686.566962581496,0.0006289809705545589
2020-03-11 16:45:00,2686.54761145968,0.0006870616027488041
2020-03-11 16:46:00,2686.3229103466,0.0007027529374316942
2020-03-11 16:47:00,2683.8127638133956,0.0006532994258587095
2020-03-11 16:48:00,2680.209802392712,0.0006230541708556174
2020-03-11 16:49:00,2683.1634682368167,0.0006306533795856209
2020-03-11 16:50:00,2683.146662819797,0.0006130869241215081
2020-03-11 16:51:00,2678.0006128924497,0.0005890113091585186
2020-03-11 16:52:00,2678.3628370030383,0.0005679366579523762
2020-03-11 16:53:00,2678.720879844217,0.0005554556121161337
2020-03-11 16:54:00,2679.531816336626,0.0005623948621388463
2020-03-11 16:55:00,2680.4147468584883,0.0005656588115488036
2020-03-11 16:56:00,2680.950256231801,0.0005328801133126634
2020-03-11 16:57:00,2682.3744349410513,0.0005602896538756795
2020-03-11 16:58:00,2681.6815395015196,0.0005396008341710364
2020-03-11 16:59:00,2681.739510294667,0.0005301280133401759
2020-03-11 17:00:00,2681.7518129450214,0.0005026978157599262
2020-03-11 17:01:00,2681.3234659272725,0.0005076426804848374
2020-03-11 17:02:00,2680.3336267485597,0.0005029523373445579
2020-03-11 17:03:00,2682.3350818957056,0.000525501356773913
2020-03-11 17:04:00,2684.8728856217645,0.00048458956740488556
2020-03-11 17:05:00,2685.453424017242,0.0004962545533897952
2020-03-11 17:06:00,2684.5398297772244,0.0004802454142309596
2020-03-11 17:07:00,2686.9926392581147,0.000482858680897262
2020-03-11 17:08:00,2685.8939424722867,0.0005224149206673488
2020-03-11 17:09:00,2683.948405102092,0.0004971523427479867
2020-03-11 17:10:00,2685.3375378872224,0.0004884315106874985
2020-03-11 17:11:00,2684.096007855443,0.0005060326419611047
2020-03-11 17:12:00,2683.7129289976783,0.0005313128727593542
2020-03-11 17:13:00,2684.3911390100902,0.0005408534113408875
2020-03-11 17:14:00,2683.978713080714,0.0005542605901386428
2020-03-11 17:15:00,2684.713037201702,0.0005898736601681125
2020-03-11 17:16:00,2685.848779777116,0.0005767576772075793
2020-03-11 17:17:00,2687.60000613973,0.0005647196490015403
2020-03-11 17:18:00,2688.783433990739,0.000557730747308339
2020-03-11 17:19:00,2691.220141135834,0.0005718491845166555
2020-03-11 17:20:00,2689.027232104244,0.0005964085176586205
2020-03-11 17:21:00,2689.7083754181617,0.0005592394025739472
2020-03-11 17:22:00,2690.070961775514,0.0005643670082914042
2020-03-11 17:23:00,2691.1926431137244,0.0005627615637000044
2020-03-11 17:24:00,2689.649685544111,0.0005504379323061566
2020-03-11 17:25:00,2691.5756261750357,0.0005530198021665829
2020-03-11 17:26:00,2692.0850171978973,0.0005412736699237509
2020-03-11 17:27:00,2692.735959692704,0.0005645219091042251
2020-03-11 17:28:00,2689.0357833843145,0.0006112803078595448
2020-03-11 17:29:00,2689.633904905437,0.0006647352003100157
2020-03-11 17:30:00,2690.9317471809486,0.0006300989482137357
2020-03-11 17:31:00,2688.714569068229,0.0006348979413517276
2020-03-11 17:32:00,2686.4782548403377,0.0005985591997526188
2020-03-11 17:33:00,2686.4511412974516,0.0006023169209598766
2020-03-11 17:34:00,2686.7962545790515,0.0006242099776535882
2020-03-11 17:35:00,2685.578773341082,0.0005491812111575355
2020-03-11 17:36:00,2686.247367968109,0.0005781118884829715
2020-03-11 17:37:00,2683.6067365477656,0.0005969084659942882
2020-03-11 17:38:00,2683.627778092576,0.0005719713960553175
2020-03-11 17:39:00,2682.9456082374713,0.0005466046852421295
2020-03-11 17:40:00,2684.3216328917456,0.0005837757130049918
2020-03-11 17:41:00,2684.335309886678,0.0006521267676514687
2020-03-11 17:42:00,2682.986833117274,0.0007256697695772275
2020-03-11 17:43:00,2682.8636603938044,0.0006629769616753734
2020-03-11 17:44:00,2683.4192407848955,0.0007022296051337861
2020-03-11 17:45:00,2687.3759748871644,0.0007258321490961844
2020-03-11 17:46:00,2689.2897075337446,0.000676020192365351
2020-03-11 17:47:00,2688.0496963877113,0.0007167252168943021
2020-03-11 17:48:00,2687.8243763983864,0.0006092562256789221
2020-03-11 17:49:00,2688.1150337943086,0.0005902205093417436
2020-03-11 17:50:00,2685.5089697039934,0.000646029362028003
2020-03-11 17:51:00,2684.7113958825435,0.0006253184028967698
2020-03-11 17:52:00,2686.1357033240142,0.0006342163809798219
2020-03-11 17:53:00,2687.456174121049,0.0006256398357682825
2020-03-11 17:54:00,2687.374105197468,0.0006149955706532
2020-03-11 17:55:00,2689.956074298167,0.0006231709880963952
2020-03-11 17:56:00,2687.4610764011118,0.0006657641128100037
2020-03-11 17:57:00,2684.6184338953053,0.0006442436357153962
2020-03-11 17:58:00,2686.886453131349,0.00063742905988318
2020-03-11 17:59:00,2686.566235077183,0.0005960375709521188
2020-03-11 18:00:00,2687.6038285808013,0.0006016756332349941
2020-03-11 18:01:00,2688.4960194100377,0.0005409344846262227
2020-03-11 18:02:00,2689.232799917613,0.0005378321317593149
2020-03-11 18:03:00,2690.0576173935906,0.0005475062870662932
2020-03-11 18:04:00,2692.821947368289,0.0005732979565514597
2020-03-11 18:05:00,2690.5546388476355,0.0005815581966811084
2020-03-11 18:06:00,2692.099246161616,0.0005586993172500742
2020-03-11 18:07:00,2693.650322101099,0.0005270248677462806
2020-03-11 18:08:00,2694.4924646033364,0.0005196996595761872
2020-03-11 18:09:00,2694.745946077278,0.0005366080068415524
2020-03-11 18:10:00,2696.0485124443653,0.0005154507949607984
2020-03-11 18:11:00,2697.683420400531,0.0005152702313237864
2020-03-11 18:12:00,2698.3322614040767,0.000494613366958684
2020-03-11 18:13:00,2697.9754772573283,0.0004905403288659184
2020-03-11 18:14:00,2696.6299183286064,0.0005157180153525292
2020-03-11 18:15:00,2698.9606779675178,0.000499300029761091
2020-03-11 18:16:00,2699.4983102053884,0.000507628220484238
2020-03-11 18:17:00,2698.431368779201,0.0005196181121811861
2020-03-11 18:18:00,2699.307068528351,0.0005056304751792082
2020-03-11 18:19:00,2697.0735383193705,0.00047662276835550374
2020-03-11 18:20:00,2696.2725368576826,0.0005077232675083378
2020-03-11 18:21:00,2695.0221009105626,0.0005239300454721971
2020-03-11 18:22:00,2693.9584260393067,0.0005077585745536233
2020-03-11 18:23:00,2696.8349648427975,0.0004899196571545302
2020-03-11 18:24:00,2696.6585074010127,0.000520184595795317
2020-03-11 18:25:00,2696.5180149332664,0.0005245402708267636
2020-03-11 18:26:00,2696.153710423182,0.0005136018702972486
2020-03-11 18:27:00,2697.721993022408,0.0005202041343074795
2020-03-11 18:28:00,2697.5408770163112,0.0005358408640349861
2020-03-11 18:29:00,2699.3563368608075,0.0005741106660174191
2020-03-11 18:30:00,2699.0392454915063,0.0005825682312676849
2020-03-11 18:31:00,2700.3435341226204,0.0005652752016469058
2020-03-11 18:32:00,2701.729266074652,0.0005723074296519541
2020-03-11 18:33:00,2703.400106031518,0.0005780758720392065
2020-03-11 18:34:00,2701.5582813622714,0.0005599761139307415
2020-03-11 18:35:00,2700.517943217205,0.0005807120031961143
2020-03-11 18:36:00,2701.6322479210116,0.000559953153205814
2020-03-11 18:37:00,2699.203632903647,0.0005840272738332582
2020-03-11 18:38:00,2697.5203371261546,0.0005241116849553802
2020-03-11 18:39:00,2698.8614203332036,0.0004659062632478111
2020-03-11 18:40:00,2697.6333982485125,0.00047547731502980517
2020-03-11 18:41:00,2696.028731587807,0.0004986189562363913
2020-03-11 18:42:00,2700.1521710178795,0.0005319424271853112
2020-03-11 18:43:00,2699.632789255052,0.0005806166047612644
2020-03-11 18:44:00,2701.111438314335,0.0005961455796291793
2020-03-11 18:45:00,2701.3658502246967,0.0005787353289735509
2020-03-11 18:46:00,2702.4174810875406,0.0006149471814081192
2020-03-11 18:47:00,2704.384831961395,0.0006025881527706783
2020-03-11 18:48:00,2701.5329061785246,0.0005621068883100886
2020-03-11 18:49:00,2701.839850438399,0.0005235970012424453
2020-03-11 18:50:00,2700.105053647998,0.0005145190696755367
2020-03-11 18:51:00,2701.150736017057,0.0005170793921386781
2020-03-11 18:52:00,2702.4692071963627,0.0005268096936389921
2020-03-11 18:53:00,2700.675299957631,0.0005259525479431873
2020-03-11 18:54:00,2700.353519786635,0.0005057136510870616
2020-03-11 18:55:00,2700.6901199864037,0.0004969352991317707
2020-03-11 18:56:00,2700.339450746171,0.000510753642386985
2020-03-11 18:57:00,2702.0738880063973,0.0004975685723507484
2020-03-11 18:58:00,2702.2360885896323,0.0005230636299830823
2020-03-11 18:59:00,2701.6142960595766,0.0005056099562878191
2020-03-11 19:00:00,2700.3415908910206,0.00047219391488863
2020-03-11 19:01:00,2700.3644526134403,0.0004949407671311097
2020-03-11 19:02:00,2700.405978591868,0.0004900071283764444
2020-03-11 19:03:00,2702.775607064596,0.0004605167812608613
2020-03-11 19:04:00,2704.569267511947,0.00045807786615416644
2020-03-11 19:05:00,2706.7505458610426,0.0004678982787158912
2020-03-11 19:06:00,2707.160576590942,0.000482453424377352
2020-03-11 19:07:00,2706.5377477324996,0.00045533546831114737
2020-03-11 19:08:00,2707.3401105216885,0.0004567472591194386
2020-03-11 19:09:00,2707.1199477426194,0.00046124198002933013
2020-03-11 19:10:00,2707.6782428254223,0.00046199149863140854
2020-03-11 19:11:00,2706.723714425883,0.00043210071906807227
2020-03-11 19:12:00,2706.5682903299394,0.000421390707265461
2020-03-11 19:13:00,2706.944301766204,0.00044793036126974673
2020-03-11 19:14:00,2707.31107263812,0.00046092242246483005
2020-03-11 19:15:00,2706.266544087695,0.00047233628751107816
2020-03-11 19:16:00,2707.1451487777263,0.0004496221303141275
2020-03-11 19:17:00,2708.618274907253,0.00041486632532457485
2020-03-11 19:18:00,2708.9858327285688,0.0004217918058030652
2020-03-11 19:19:00,2706.068440757388,0.00046331121990566176
2020-03-11 19:20:00,2704.931972053484,0.0004522456248765548
2020-03-11 19:21:00,2704.9190319842132,0.0004752279643503836
2020-03-11 19:22:00,2706.8088027532103,0.0004766983168711327
2020-03-11 19:23:00,2708.322477874751,0.00045592850419443195
2020-03-11 19:24:00,2708.275981231152,0.0004942240891069865
2020-03-11 19:25:00,2706.7887662114435,0.0005223288400848395
2020-03-11 19:26:00,2706.4589302496283,0.0005420719112623183
2020-03-11 19:27:00,2704.696114119662,0.0005899345060293282
2020-03-11 19:28:00,2704.817103704938,0.000627169963267592
2020-03-11 19:29:00,2707.415644669418,0.0005873876458445441
2020-03-11 19:30:00,2705.0566920099877,0.0005808392430637376
2020-03-11 19:31:00,2702.600335268453,0.0005715468778772848
2020-03-11 19:32:00,2704.5923575277207,0.0005974106090056698
2020-03-11 19:33:00,2706.6003460565844,0.0006153880469170155
2020-03-11 19:34:00,2704.114649075875,0.0006790448177024026
2020-03-11 19:35:00,2700.3677719207067,0.0006520630559519494
2020-03-11 19:36:00,2701.7278934653577,0.0006666739795811934
2020-03-11 19:37:00,2702.122270630834,0.0005876779353282145
2020-03-11 19:38:00,2700.56892853166,0.0005681425183632897
2020-03-11 19:39:00,2701.0673001254195,0.0005673157187285671
2020-03-11 19:40:00,2701.702940537239,0.0005385993613238023
2020-03-11 19:41:00,2700.533614024482,0.0005001415904787377
2020-03-11 19:42:00,2701.3346556113625,0.0004879381327372042
2020-03-11 19:43:00,2700.4207960726594,0.0004962500389026694
2020-03-11 19:44:00,2699.4422367538923,0.000516208258528126
2020-03-11 19:45:00,2700.2989884728368,0.0005066893326179548
2020-03-11 19:46:00,2699.791939833781,0.0005106352264168322
2020-03-11 19:47:00,2701.0967522976403,0.0005482519695898197
2020-03-11 19:48:00,2699.5343456454266,0.0005811651150329747
2020-03-11 19:49:00,2698.182436784407,0.0006224684175090432
2020-03-11 19:50:00,2697.373398654279,0.0006763807496974713
2020-03-11 19:51:00,2698.6681944477054,0.0006821924322793274
2020-03-11 19:52:00,2698.68788071282,0.000658755502654266
2020-03-11 19:53:00,2698.5471114887064,0.000691551716608785
2020-03-11 19:54:00,2699.941706599006,0.0007066700588411455
2020-03-11 19:55:00,2697.7336805778905,0.0007579266447069198
2020-03-11 19:56:00,2695.5756999566947,0.000807902417260188
2020-03-11 19:57:00,2695.8444095965156,0.0007967425456666825
2020-03-11 19:58:00,2696.211563038266,0.0007800199841580235
2020-03-11 19:59:00,2693.031576293169,0.0007580889469481702
2020-03-12 13:30:00,2647.539989737301,0.0007851263622753693
2020-03-12 13:31:00,2647.3603852654032,0.0007466368048230935
2020-03-12 13:32:00,2649.2255557891694,0.0007727429889775496
2020-03-12 13:33:00,2649.6349622462317,0.0007487667263034243
2020-03-12 13:34:00,2649.2283409851557,0.0007659748589625676
2020-03-12 13:35:00,2647.0727235847903,0.000765421530805705
2020-03-12 13:36:00,2646.8197877502157,0.000731178894888055
2020-03-12 13:37:00,2649.487991287527,0.0007034383446454487
2020-03-12 13:38:00,2650.122580877719,0.0006991331348148741
2020-03-12 13:39:00,2650.756576457467,0.0006646900863647622
2020-03-12 13:40:00,2651.2086874908828,0.000643742892706701
2020-03-12 13:41:00,2651.010498386916,0.0006620910184276472
2020-03-12 13:42:00,2650.397380545474,0.0006684893004414117
2020-03-12 13:43:00,2652.2706505114465,0.0006862300283765019
2020-03-12 13:44:00,2653.314405706955,0.0007363960679399671
2020-03-12 13:45:00,2657.8237105899534,0.0006512945192273939
2020-03-12 13:46:00,2654.031936552265,0.0006826966484042368
2020-03-12 13:47:00,2654.5852617208816,0.0006972649395516318
2020-03-12 13:48:00,2653.7267888401384,0.0007101621122370139
2020-03-12 13:49:00,2655.059120560729,0.0007401297705161913
2020-03-12 13:50:00,2653.0939929707392,0.000742964757087321
2020-03-12 13:51:00,2652.827761053401,0.0007386521820971847
2020-03-12 13:52:00,2655.5153075253133,0.0007176612917923728
2020-03-12 13:53:00,2655.438825128018,0.0007346728126615367
2020-03-12 13:54:00,2658.670812396788,0.0007451297072019113
2020-03-12 13:55:00,2656.3724238752748,0.000759503474076656
2020-03-12 13:56:00,2658.1202742734386,0.0007772591152562048
2020-03-12 13:57:00,2659.6718413581993,0.0006683431701017063
2020-03-12 13:58:00,2662.2915381967496,0.0006266324831924403
2020-03-12 13:59:00,2662.617348712354,0.0006018590359497042
2020-03-12 14:00:00,2661.094195243378,0.000606301488584305
2020-03-12 14:01:00,2661.3442460519695,0.0005873144378519072
2020-03-12 14:02:00,2661.374389732497,0.000639301572140192
2020-03-12 14:03:00,2663.0375389737032,0.0006079425700295852
2020-03-12 14:04:00,2663.681827078477,0.0005841688094659466
2020-03-12 14:05:00,2664.423914135163,0.0005642703311446423
2020-03-12 14:06:00,2666.1290223014253,0.0005960040597141452
2020-03-12 14:07:00,2666.817472697867,0.0005750520755695643
2020-03-12 14:08:00,2668.4754394465117,0.000620119633839942
2020-03-12 14:09:00,2667.0638910018765,0.0006408372542622076
2020-03-12 14:10:00,2666.8487914329303,0.0006568794725939161
2020-03-12 14:11:00,2667.2734226101675,0.0006361876545500132
2020-03-12 14:12:00,2663.1686602775417,0.0006224613676638549
2020-03-12 14:13:00,2663.8484825800647,0.000608183030119598
2020-03-12 14:14:00,2662.9715206037035,0.0006262610493114364
2020-03-12 14:15:00,2661.921024668663,0.000616750524272371
2020-03-12 14:16:00,2661.6882700760734,0.0006287447600702696
2020-03-12 14:17:00,2661.251104732322,0.0006400155008906131
2020-03-12 14:18:00,2660.957267690787,0.0006337176787931903
2020-03-12 14:19:00,2661.366255189368,0.0006213409610914726
2020-03-12 14:20:00,2662.4548766959992,0.0005995809857298867
2020-03-12 14:21:00,2663.491273385974,0.0005892332912507749
2020-03-12 14:22:00,2665.656537609952,0.0005583917644168388
2020-03-12 14:23:00,2664.5167784749046,0.0005216161360888262
2020-03-12 14:24:00,2663.977765152596,0.0005327315710526698
2020-03-12 14:25:00,2665.5408225391798,0.0005580477309817402
2020-03-12 14:26:00,2668.330809592492,0.0005926230277388738
2020-03-12 14:27:00,2667.1120906003716,0.0005614537289070729
2020-03-12 14:28:00,2668.8905534051805,0.0005251796805869165
2020-03-12 14:29:00,2671.532855317302,0.0005180961025325419
2020-03-12 14:30:00,2672.009624696404,0.00049498110449231
2020-03-12 14:31:00,2672.3784269841135,0.0004885068170030488
2020-03-12 14:32:00,2673.3806266523993,0.00044855561781078756
2020-03-12 14:33:00,2674.3776377622103,0.00045561110016071064
2020-03-12 14:34:00,2675.8973000930873,0.0004599143090850314
2020-03-12 14:35:00,2675.1198897095824,0.00046094484491574243
2020-03-12 14:36:00,2675.814831724855,0.0004711035128377839
2020-03-12 14:37:00,2675.226083505658,0.0004807821469827702
2020-03-12 14:38:00,2674.8408978727234,0.0004667490371424658
2020-03-12 14:39:00,2677.0646845968504,0.0005021320859162496
2020-03-12 14:40:00,2677.0543490016503,0.000492150714647546
2020-03-12 14:41:00,2675.80841105166,0.00046143555343190144
2020-03-12 14:42:00,2675.7360818097427,0.0004760356038556443
2020-03-12 14:43:00,2676.608832785507,0.00045645610802195254
2020-03-12 14:44:00,2676.9848120242555,0.0004733183966726999
2020-03-12 14:45:00,2677.5099093882104,0.000478347591855784
2020-03-12 14:46:00,2678.4655107452804,0.000485418761143553
2020-03-12 14:47:00,2677.210412901991,0.0004616890369599253
2020-03-12 14:48:00,2676.697380839552,0.000437708468007821
2020-03-12 14:49:00,2678.9336773992122,0.0004599482435996374
2020-03-12 14:50:00,2681.0943658165484,0.00046998863164324087
2020-03-12 14:51:00,2677.6794676871186,0.0004704894915794831
2020-03-12 14:52:00,2676.308526688207,0.0004551759365547842
2020-03-12 14:53:00,2677.0850735187555,0.00045785339302524596
2020-03-12 14:54:00,2676.602736323402,0.0004752598629584312
2020-03-12 14:55:00,2674.892128094978,0.0005036619825386058
2020-03-12 14:56:00,2674.878482877922,0.0005084243156553793
2020-03-12 14:57:00,2676.031924180322,0.00046753014560610716
2020-03-12 14:58:00,2674.720597956652,0.00046830765433588945
2020-03-12 14:59:00,2674.5705086780818,0.0004602003342997933
2020-03-12 15:00:00,2674.0805648390897,0.0004861810841728048
2020-03-12 15:01:00,2673.833157275489,0.0004989006816711213
2020-03-12 15:02:00,2673.566055838482,0.000477057623270339
2020-03-12 15:03:00,2675.24546571928,0.00047678781053668313
2020-03-12 15:04:00,2675.3908762095903,0.0004546434623983465
2020-03-12 15:05:00,2673.772636186648,0.00047445229078715097
2020-03-12 15:06:00,2675.201808912178,0.00048647138372664257
2020-03-12 15:07:00,2675.8605868316276,0.0004545511769854187
2020-03-12 15:08:00,2676.2664714673006,0.0004885740945707259
2020-03-12 15:09:00,2674.9911315208,0.0005108887715768585
2020-03-12 15:10:00,2675.2819777153777,0.0004879350779077294
2020-03-12 15:11:00,2672.991819205995,0.000499445237692661
2020-03-12 15:12:00,2670.534506468241,0.0005090708889104604
2020-03-12 15:13:00,2671.4217313643594,0.0005238606001663001
2020-03-12 15:14:00,2668.022212558151,0.0005769888549954099
2020-03-12 15:15:00,2668.396520802596,0.0005949784110879358
2020-03-12 15:16:00,2669.957323336571,0.0005775175671847021
2020-03-12 15:17:00,2671.691702837461,0.0005608367959707235
2020-03-12 15:18:00,2670.607653207145,0.0005272415852664988
2020-03-12 15:19:00,2670.4154065789194,0.0005332177151482362
2020-03-12 15:20:00,2670.5327354386577,0.000543543141084858
2020-03-12 15:21:00,2672.4169150473485,0.0005099275458740796
2020-03-12 15:22:00,2670.8469813975953,0.0004811883531227617
2020-03-12 15:23:00,2670.3781480213706,0.0004786378157896976
2020-03-12 15:24:00,2670.2003365409005,0.0004633146500175512
2020-03-12 15:25:00,2670.687341132233,0.00047047021400314416
2020-03-12 15:26:00,2671.2630337830037,0.0004637150585197261
2020-03-12 15:27:00,2670.6781257078023,0.00045951158926173875
2020-03-12 15:28:00,2669.7551144005724,0.00044659520281429855
2020-03-12 15:29:00,2667.484145277653,0.00044915130049217065
2020-03-12 15:30:00,2666.483570715874,0.0004582049097156697
2020-03-12 15:31:00,2665.942215905038,0.0004408161837433121
2020-03-12 15:32:00,2664.963768808931,0.00044776006683139075
2020-03-12 15:33:00,2666.803787921862,0.00043732043578451226
2020-03-12 15:34:00,2665.926949794801,0.00044335477456401045
2020-03-12 15:35:00,2666.9540025935357,0.0004410656336786221
2020-03-12 15:36:00,2666.5323912162326,0.0004447875970872542
2020-03-12 15:37:00,2666.2046673252507,0.00043648470533144413
2020-03-12 15:38:00,2667.142522285964,0.0004870725605302713
2020-03-12 15:39:00,2665.937277860406,0.00048674140629378156
2020-03-12 15:40:00,2664.315012520392,0.0004746124051866402
2020-03-12 15:41:00,2664.9516016028983,0.0004759059807278356
2020-03-12 15:42:00,2665.363650796847,0.0004791791955370586
2020-03-12 15:43:00,2664.685642463402,0.0005105565811068532
2020-03-12 15:44:00,2662.8362094709664,0.0005095347977577777
2020-03-12 15:45:00,2661.1336665230624,0.0004890808043510876
2020-03-12 15:46:00,2661.1983655329827,0.0004647001586282907
2020-03-12 15:47:00,2660.6981132735655,0.0004514378237137612
2020-03-12 15:48:00,2659.9873055996463,0.00041683276972564684
2020-03-12 15:49:00,2658.4533140616104,0.00041508010640478095
2020-03-12 15:50:00,2659.435912475525,0.0004718389667524338
2020-03-12 15:51:00,2658.9967897212423,0.000499799645900072
2020-03-12 15:52:00,2658.664655220157,0.0005010243227049219
2020-03-12 15:53:00,2657.557366337808,0.00048496498906993023
2020-03-12 15:54:00,2657.6274661085063,0.0004960523281884567
2020-03-12 15:55:00,2658.747866273417,0.0004952416175101028
2020-03-12 15:56:00,2658.823909803124,0.0005095200236850499
2020-03-12 15:57:00,2657.834671977444,0.0005186578361842534
2020-03-12 15:58:00,2658.0509239806734,0.0005624746357712086
2020-03-12 15:59:00,2659.2432142686303,0.0005511044065393978
2020-03-12 16:00:00,2660.1625581970893,0.0005819202802507853
2020-03-12 16:01:00,2660.168536285259,0.0005899782903448738
2020-03-12 16:02:00,2662.502798935008,0.0005521814752855396
2020-03-12 16:03:00,2662.7234238669807,0.0005560334453249865
2020-03-12 16:04:00,2660.5699770963397,0.0005376153372158099
2020-03-12 16:05:00,2658.0199800634964,0.000600155874071359
2020-03-12 16:06:00,2655.054097725208,0.0006374080350476156
2020-03-12 16:07:00,2655.113730036814,0.0006247257846326317
2020-03-12 16:08:00,2656.7919552188455,0.0006119593293516749
2020-03-12 16:09:00,2655.501030513967,0.0005965849544578088
2020-03-12 16:10:00,2659.535870429683,0.0005974599677653137
2020-03-12 16:11:00,2659.9020653733373,0.0005996028875690165
2020-03-12 16:12:00,2657.196054995369,0.0006029333902878507
2020-03-12 16:13:00,2659.96394744078,0.0005976164556592012
2020-03-12 16:14:00,2659.6964469626346,0.0005996828313696286
2020-03-12 16:15:00,2655.8248098575896,0.0005953021591106074
2020-03-12 16:16:00,2654.8558866501953,0.0006086869304521476
2020-03-12 16:17:00,2653.951928731209,0.0005758181207321201
2020-03-12 16:18:00,2657.3996547963693,0.0005955450181583296
2020-03-12 16:19:00,2659.5332131115124,0.0005806475165790792
2020-03-12 16:20:00,2658.5213086743747,0.0005804149798607631
2020-03-12 16:21:00,2660.7006746478473,0.0005579143439799591
2020-03-12 16:22:00,2661.6612717245803,0.0005243742469815043
2020-03-12 16:23:00,2662.378668862255,0.0005209025163635508
2020-03-12 16:24:00,2663.8829149805456,0.0004905039879961661
2020-03-12 16:25:00,2663.751303400187,0.00048433719304652136
2020-03-12 16:26:00,2662.373267558175,0.0005021900683679771
2020-03-12 16:27:00,2664.0704456801022,0.0004894155841212271
2020-03-12 16:28:00,2664.569802097744,0.0005012188024086464
2020-03-12 16:29:00,2664.6378776317124,0.0005223936655649958
2020-03-12 16:30:00,2665.508594576147,0.000533251427304139
2020-03-12 16:31:00,2665.348169299282,0.0005077677610099143
2020-03-12 16:32:00,2667.9362841002107,0.0004695278613286008
2020-03-12 16:33:00,2666.979216716089,0.0004778607492520768
2020-03-12 16:34:00,2668.2179420555517,0.0004695548710221152
2020-03-12 16:35:00,2668.328330512353,0.00045239339435258796
2020-03-12 16:36:00,2667.102853259526,0.000481380053250557
2020-03-12 16:37:00,2668.967014872196,0.0004492551177157575
2020-03-12 16:38:00,2669.3481855544846,0.0004551443524063195
2020-03-12 16:39:00,2667.7249203086894,0.00043128027176564046
2020-03-12 16:40:00,2668.712897502131,0.0004328482413309632
2020-03-12 16:41:00,2666.602036029346,0.0004306441059404626
2020-03-12 16:42:00,2664.1012543877596,0.00041360422883030375
2020-03-12 16:43:00,2664.443180492488,0.000394323669812735
2020-03-12 16:44:00,2663.7073805661216,0.0003680892269918432
2020-03-12 16:45:00,2663.11169932412,0.00035857836894635125
2020-03-12 16:46:00,2662.075579866819,0.00035273862005113555
2020-03-12 16:47:00,2662.658726021127,0.0003590622956253316
2020-03-12 16:48:00,2663.9219048470363,0.0003614834769074056
2020-03-12 16:49:00,2664.6297470058407,0.0003588679740208632
2020-03-12 16:50:00,2666.122119341506,0.0003700845609487695
2020-03-12 16:51:00,2664.8869522201753,0.0003884356162681366
2020-03-12 16:52:00,2665.681123806655,0.0003676177109787576
2020-03-12 16:53:00,2664.763041091151,0.0003777984289261596
2020-03-12 16:54:00,2665.0036163272225,0.0003846764054166092
2020-03-12 16:55:00,2666.2031701252904,0.0003802525813291805
2020-03-12 16:56:00,2666.2712964213706,0.000363814477695892
2020-03-12 16:57:00,2667.03341312061,0.0003564623391451624
2020-03-12 16:58:00,2667.1911538280497,0.0003643594195929819
2020-03-12 16:59:00,2665.9312475614256,0.0003536555440311581
2020-03-12 17:00:00,2666.7977530857693,0.0003678056686882926
2020-03-12 17:01:00,2666.194251346058,0.00036700186934294956
2020-03-12 17:02:00,2665.3254524368426,0.0003638155294312652
2020-03-12 17:03:00,2666.0936413659315,0.0003503637134059528
2020-03-12 17:04:00,2665.7844018775945,0.00035779519840700377
2020-03-12 17:05:00,2665.3302433461395,0.0003550547807828341
2020-03-12 17:06:00,2664.525270389162,0.0003567316851287187
2020-03-12 17:07:00,2665.8005386002296,0.0003555924820572529
2020-03-12 17:08:00,2666.2810145269827,0.00035338212752567726
2020-03-12 17:09:00,2665.8292339950353,0.0003475128153299949
2020-03-12 17:10:00,2664.4556618322504,0.0003375935756775603
2020-03-12 17:11:00,2665.0078305577804,0.0003415855773272752
2020-03-12 17:12:00,2665.3752196481664,0.0003583572896747676
2020-03-12 17:13:00,2665.498549672065,0.0003766709282606252
2020-03-12 17:14:00,2664.3279003886987,0.00036066454204555727
2020-03-12 17:15:00,2664.5037363679867,0.00035064711762184406
2020-03-12 17:16:00,2664.811180283923,0.0003485193176805295
2020-03-12 17:17:00,2665.548872426943,0.00038524974799539267
2020-03-12 17:18:00,2663.284468022089,0.0003718890954128469
2020-03-12 17:19:00,2666.0769104827095,0.0003849252070982317
2020-03-12 17:20:00,2666.5267523085367,0.0003979236154790547
2020-03-12 17:21:00,2665.7502289866266,0.0003999205358466574
2020-03-12 17:22:00,2665.7627187900516,0.000390326006688819
2020-03-12 17:23:00,2666.7415757012,0.0004188064783642057
2020-03-12 17:24:00,2665.5217032893293,0.00042796979520138027
2020-03-12 17:25:00,2666.173774551169,0.00044450379003818815
2020-03-12 17:26:00,2664.7277727257288,0.00042752382840524595
2020-03-12 17:27:00,2664.8484783183176,0.0003971678572700333
2020-03-12 17:28:00,2665.9001391197935,0.0003993077409710031
2020-03-12 17:29:00,2665.811760241759,0.0004017768346979027
2020-03-12 17:30:00,2666.2821546982036,0.0003953004241536514
2020-03-12 17:31:00,2667.002859649577,0.00041303230828029677
2020-03-12 17:32:00,2666.774342831771,0.00041612435009755205
2020-03-12 17:33:00,2666.8454130349655,0.0004003141384655705
2020-03-12 17:34:00,2667.0880180881195,0.00041303536520925744
2020-03-12 17:35:00,2667.3509121277007,0.0004587810281668841
2020-03-12 17:36:00,2667.86919604032,0.0004926703609391324
2020-03-12 17:37:00,2666.897505814196,0.0004899966645577832
2020-03-12 17:38:00,2666.265271637759,0.00047828178451949423
2020-03-12 17:39:00,2666.6987094488727,0.0004868202054501877
2020-03-12 17:40:00,2667.7307278067697,0.0004889313163391225
2020-03-12 17:41:00,2669.2773562474617,0.00045709283449286953
2020-03-12 17:42:00,2670.0196190956344,0.0004751607092915096
2020-03-12 17:43:00,2669.720897694439,0.00042990931349645977
2020-03-12 17:44:00,2668.3969537566268,0.0004520579784257865
2020-03-12 17:45:00,2668.383783196302,0.0004529825325381448
2020-03-12 17:46:00,2668.782277461641,0.0004418975262187061
2020-03-12 17:47:00,2669.236784424589,0.00044206366006574644
2020-03-12 17:48:00,2667.5026152453515,0.0004571697428378755
2020-03-12 17:49:00,2664.8159874307953,0.0004832192977096105
2020-03-12 17:50:00,2665.7637286502127,0.0004634065427455576
2020-03-12 17:51:00,2663.831394342599,0.0004952552642413197
2020-03-12 17:52:00,2664.661905804042,0.0004916096217743386
2020-03-12 17:53:00,2664.1987879400654,0.00047581686296741085
2020-03-12 17:54:00,2664.966274877293,0.0004728403353076456
2020-03-12 17:55:00,2666.971050427769,0.0004914264572450615
2020-03-12 17:56:00,2666.2540281528213,0.0005275925535066381
2020-03-12 17:57:00,2665.859882283298,0.0005028075485496671
2020-03-12 17:58:00,2665.377348347218,0.0004926535512531665
2020-03-12 17:59:00,2665.212740262068,0.0004908802142789304
2020-03-12 18:00:00,2664.295885751802,0.0005079128964824766
2020-03-12 18:01:00,2663.5341333443075,0.000514248531687836
2020-03-12 18:02:00,2664.0035722071852,0.0005083476810133194
2020-03-12 18:03:00,2662.0263485179476,0.0005129703429970184
2020-03-12 18:04:00,2663.583226899755,0.0005081087118000558
2020-03-12 18:05:00,2661.2279330000993,0.0005319268853109
2020-03-12 18:06:00,2658.9200469465195,0.0005663193137474549
2020-03-12 18:07:00,2658.986243815639,0.0006135331206616213
2020-03-12 18:08:00,2662.114553417591,0.0006057207239566359
2020-03-12 18:09:00,2660.835240647853,0.0006103140965219198
2020-03-12 18:10:00,2657.9438789432966,0.0006229740967762121
2020-03-12 18:11:00,2657.755327812638,0.0006333256174881329
2020-03-12 18:12:00,2655.780685425627,0.0006208703964185367
2020-03-12 18:13:00,2653.3801592618274,0.0006435422391165115
2020-03-12 18:14:00,2651.6988023032545,0.0006924588826213462
2020-03-12 18:15:00,2650.396021507003,0.0007210314582638593
2020-03-12 18:16:00,2650.1657560333047,0.0008401811379543576
2020-03-12 18:17:00,2647.1225111526965,0.0008064190413999628
2020-03-12 18:18:00,2642.7536173256144,0.0007924103282846462
2020-03-12 18:19:00,2644.4022976081137,0.0007530892981628634
2020-03-12 18:20:00,2646.3691306421974,0.0007198772971506153
2020-03-12 18:21:00,2645.245457250697,0.0007002558806424519
2020-03-12 18:22:00,2644.7699169303005,0.0007235888010744946
2020-03-12 18:23:00,2644.982034872435,0.0007190811370682232
2020-03-12 18:24:00,2641.726838909517,0.00072725406125215
2020-03-12 18:25:00,2639.860532433414,0.0007191248757846863
2020-03-12 18:26:00,2640.307051018184,0.0007541402952178388
2020-03-12 18:27:00,2641.8027230730117,0.0007463671415258471
2020-03-12 18:28:00,2641.167671332505,0.0007732189367198919
2020-03-12 18:29:00,2641.80920498012,0.0007156479983643863
2020-03-12 18:30:00,2640.24120886288,0.0007011578731058844
2020-03-12 18:31:00,2641.673663110149,0.0007126830674366473
2020-03-12 18:32:00,2641.0423868167027,0.000686066250558891
2020-03-12 18:33:00,2639.682773495164,0.0006808789197426305
2020-03-12 18:34:00,2638.5538409878163,0.0007057390446622961
2020-03-12 18:35:00,2638.704418555485,0.0007324023759537423
2020-03-12 18:36:00,2639.635364159614,0.0007545352635061635
2020-03-12 18:37:00,2637.269486039637,0.0008338532647328322
2020-03-12 18:38:00,2636.4134218000677,0.0008308346358332204
2020-03-12 18:39:00,2634.781834475726,0.0008493738775927786
2020-03-12 18:40:00,2638.2524236386353,0.0008273907472493067
2020-03-12 18:41:00,2639.8153476523776,0.0008471807663176028
2020-03-12 18:42:00,2635.067025570338,0.0008321766861116154
2020-03-12 18:43:00,2633.6750993158857,0.0008353649394113776
2020-03-12 18:44:00,2636.1113362002357,0.000797955850887547
2020-03-12 18:45:00,2638.4513011890235,0.0007812908851329235
2020-03-12 18:46:00,2637.726260637094,0.0008011351688217525
2020-03-12 18:47:00,2637.0742239004544,0.0007985141585096419
2020-03-12 18:48:00,2636.5776592594284,0.0007278994879224447
2020-03-12 18:49:00,2640.2741270879665,0.0006970496981927824
2020-03-12 18:50:00,2638.5136642245134,0.0007053077578088338
2020-03-12 18:51:00,2636.009989623697,0.0006644544241773906
2020-03-12 18:52:00,2634.7850566859593,0.0006400551767569895
2020-03-12 18:53:00,2634.300369114333,0.0006314382779933793
2020-03-12 18:54:00,2636.6049613314976,0.0006257724588384378
2020-03-12 18:55:00,2637.1395368998665,0.0005806484752505032
2020-03-12 18:56:00,2638.044622184954,0.0005448454675191723
2020-03-12 18:57:00,2636.1179390968873,0.0005709682737589558
2020-03-12 18:58:00,2637.324333058936,0.0005313761245754734
2020-03-12 18:59:00,2637.4520805480392,0.0005561219195712545
2020-03-12 19:00:00,2636.028487796215,0.0005436487446751841
2020-03-12 19:01:00,2635.1950635397466,0.0005615510573442996
2020-03-12 19:02:00,2635.378260204174,0.0005628795496777264
2020-03-12 19:03:00,2635.532435993208,0.0005973191917860196
2020-03-12 19:04:00,2637.8251287784374,0.0006111146189948937
2020-03-12 19:05:00,2638.691394517927,0.0006601395535338015
2020-03-12 19:06:00,2640.827518133186,0.0006959753778980984
2020-03-12 19:07:00,2641.897286291282,0.0006837786103938104
2020-03-12 19:08:00,2642.9553595398734,0.0007065468482949376
2020-03-12 19:09:00,2638.826856367168,0.0006698299970789032
2020-03-12 19:10:00,2635.819605683992,0.0007373621638427937
2020-03-12 19:11:00,2634.9685721911924,0.000740710041364347
2020-03-12 19:12:00,2638.0077710154433,0.0007828799590721873
2020-03-12 19:13:00,2639.925830650402,0.0008567764546294253
2020-03-12 19:14:00,2637.568391774685,0.0009170969769429283
2020-03-12 19:15:00,2633.5949872018336,0.0009187622178203485
2020-03-12 19:16:00,2637.6122954075104,0.000948173495547635
2020-03-12 19:17:00,2639.621529448252,0.0009949362942060305
2020-03-12 19:18:00,2645.513844225485,0.000922843357908728
2020-03-12 19:19:00,2646.933504984344,0.0009104238662467953
2020-03-12 19:20:00,2645.617003893727,0.000890290357373205
2020-03-12 19:21:00,2644.505086456934,0.0009404798500514301
2020-03-12 19:22:00,2646.9578683877353,0.0009069210329365283
2020-03-12 19:23:00,2646.5323155988744,0.000960199421187004
2020-03-12 19:24:00,2655.37005725519,0.001011828990296743
2020-03-12 19:25:00,2652.895982708678,0.000961800795542616
2020-03-12 19:26:00,2659.220450753724,0.0009077860933511683
2020-03-12 19:27:00,2658.778257582842,0.0008519707510416954
2020-03-12 19:28:00,2658.7794784133707,0.0007901839915968805
2020-03-12 19:29:00,2658.85837388747,0.0007535750158244945
2020-03-12 19:30:00,2658.312726256787,0.0007307596273725533
2020-03-12 19:31:00,2659.346515574064,0.0006993243300855139
2020-03-12 19:32:00,2658.240247265919,0.0006962326512580875
2020-03-12 19:33:00,2659.652582072449,0.0007172153240540054
2020-03-12 19:34:00,2662.5813820173744,0.0007608859962129654
2020-03-12 19:35:00,2664.8056858045256,0.0007662543014015537
2020-03-12 19:36:00,2664.605419301612,0.0006706576754734751
2020-03-12 19:37:00,2667.3528599710858,0.0006829084288161242
2020-03-12 19:38:00,2665.5718925320443,0.0006740065519598865
2020-03-12 19:39:00,2667.6361526208,0.0007178574999623943
2020-03-12 19:40:00,2667.356501480197,0.0006451103037795844
2020-03-12 19:41:00,2668.8720055868107,0.0006193186761254272
2020-03-12 19:42:00,2668.1244452138612,0.0006404873574148501
2020-03-12 19:43:00,2667.8970079536757,0.000658064105805437
2020-03-12 19:44:00,2665.394017821856,0.0006601871255294366
2020-03-12 19:45:00,2664.564835215881,0.000660081281133155
2020-03-12 19:46:00,2665.671528494066,0.0006564879092278825
2020-03-12 19:47:00,2666.2559830834944,0.0007080724558725459
2020-03-12 19:48:00,2666.8447815715695,0.0006888653669823977
2020-03-12 19:49:00,2666.5481302665485,0.000664248556540398
2020-03-12 19:50:00,2664.9694970132755,0.0006623612577719028
2020-03-12 19:51:00,2666.310169882051,0.0006619680879867206
2020-03-12 19:52:00,2664.7127446366135,0.0007133365578261347
2020-03-12 19:53:00,2663.5417108315537,0.0007294616409530045
2020-03-12 19:54:00,2663.7656439003194,0.0007068048785700209
2020-03-12 19:55:00,2660.378033360395,0.0007100736680533689
2020-03-12 19:56:00,2662.654381138201,0.0006833954535192305
2020-03-12 19:57:00,2661.722577110826,0.000702063663607499
2020-03-12 19:58:00,2659.5023008300554,0.0007503882856385174
2020-03-12 19:59:00,2655.1907241585423,0.0007787504066161422
2020-03-13 13:30:00,2687.25083052603,0.000772280306015811
2020-03-13 13:31:00,2687.9489515666287,0.0008049502144012894
2020-03-13 13:32:00,2683.2172153026368,0.000785341681819243
2020-03-13 13:33:00,2680.5390909779076,0.0007864137290284384
2020-03-13 13:34:00,2685.12192386962,0.0008104954107515191
2020-03-13 13:35:00,2686.669225408209,0.0008179631445952486
2020-03-13 13:36:00,2684.9601187599196,0.0008399127498668985
2020-03-13 13:37:00,2683.0519117523763,0.0009144550405696762
2020-03-13 13:38:00,2680.8362132919533,0.000915586482614909
2020-03-13 13:39:00,2680.7968072525364,0.000898297771048348
2020-03-13 13:40:00,2680.636151469786,0.0009461568293912455
2020-03-13 13:41:00,2681.398886705665,0.0010226916587485653
2020-03-13 13:42:00,2681.382667975869,0.0009002668003714903
2020-03-13 13:43:00,2681.167447347534,0.0008810369664464209
2020-03-13 13:44:00,2682.5289603945894,0.0009070063568112447
2020-03-13 13:45:00,2683.8067707353894,0.0008895346422163885
2020-03-13 13:46:00,2682.2907497871493,0.0009186769644475312
2020-03-13 13:47:00,2683.242090193353,0.0009081065705432297
2020-03-13 13:48:00,2682.925195143015,0.0008922312596436849
2020-03-13 13:49:00,2678.7713599760486,0.000911387401716883
2020-03-13 13:50:00,2678.206117088129,0.0009385947736482948
2020-03-13 13:51:00,2676.0837068815026,0.0009226665053908286
2020-03-13 13:52:00,2681.6967024673854,0.0009112783800010592
2020-03-13 13:53:00,2680.050065948954,0.000887976611328722
2020-03-13 13:54:00,2679.753212059819,0.0008875086421800327
2020-03-13 13:55:00,2681.6785834589314,0.0009170124001402317
2020-03-13 13:56:00,2676.0840251466975,0.000877579614371476
2020-03-13 13:57:00,2678.4589043754004,0.0008872166538163365
2020-03-13 13:58:00,2675.6438849517367,0.0009689576217439562
2020-03-13 13:59:00,2676.2113401727474,0.0009781840768398197
2020-03-13 14:00:00,2678.2247031835072,0.0010343331140645672
2020-03-13 14:01:00,2674.3728775819573,0.0010695586320569389
2020-03-13 14:02:00,2674.591694973321,0.0010939257990858864
2020-03-13 14:03:00,2675.854582828185,0.0010427954267828168
2020-03-13 14:04:00,2672.70194920136,0.0010388939724390572
2020-03-13 14:05:00,2669.818111010434,0.0010270908356582206
2020-03-13 14:06:00,2671.183920344633,0.0011182157854723249
2020-03-13 14:07:00,2672.0753402629507,0.0010587145136585507
2020-03-13 14:08:00,2669.4036888537844,0.0010765392455399632
2020-03-13 14:09:00,2669.3828544081857,0.0010487657562477486
2020-03-13 14:10:00,2665.251447109302,0.0011143618531231424
2020-03-13 14:11:00,2665.6436786077893,0.0010545024386443042
2020-03-13 14:12:00,2665.4773895493563,0.001063751647248696
2020-03-13 14:13:00,2666.773421961378,0.0011730444435367265
2020-03-13 14:14:00,2664.0890637300345,0.0011852613568226866
2020-03-13 14:15:00,2660.0915007103913,0.0012313438715215008
2020-03-13 14:16:00,2658.733764595492,0.0012078009058799145
2020-03-13 14:17:00,2659.2400631996543,0.0012536089607185978
2020-03-13 14:18:00,2663.8273362114833,0.0012185675387093439
2020-03-13 14:19:00,2661.301651098996,0.0011831079376615088
2020-03-13 14:20:00,2660.0363556711745,0.001243086683967878
2020-03-13 14:21:00,2658.9918608146754,0.0013122034401359115
2020-03-13 14:22:00,2656.5786025403313,0.0013396749483057854
2020-03-13 14:23:00,2658.4866100045374,0.0012775821378953665
2020-03-13 14:24:00,2653.911199008002,0.0012338477876813474
2020-03-13 14:25:00,2657.345673464408,0.0012255334339072862
2020-03-13 14:26:00,2652.237697723754,0.0012437678789478357
2020-03-13 14:27:00,2656.2679045419964,0.0012357844705298648
2020-03-13 14:28:00,2658.286556600567,0.0012371185024306766
2020-03-13 14:29:00,2654.584404316227,0.0012769365291310337
2020-03-13 14:30:00,2655.6810052154533,0.0012422705871765415
2020-03-13 14:31:00,2658.4875846443083,0.0013402314907660171
2020-03-13 14:32:00,2655.278500271797,0.001363484640957384
2020-03-13 14:33:00,2655.66478738757,0.0013346813194376184
2020-03-13 14:34:00,2656.8095800336446,0.0013538623623474163
2020-03-13 14:35:00,2659.2570209807213,0.0013261745192202521
2020-03-13 14:36:00,2667.193748517406,0.0012857280589129029
2020-03-13 14:37:00,2665.055067535523,0.0011914034710257427
2020-03-13 14:38:00,2663.494789790752,0.0011797179896568034
2020-03-13 14:39:00,2662.281335908603,0.0010695256624094149
2020-03-13 14:40:00,2659.083743180821,0.0010837653129302405
2020-03-13 14:41:00,2657.8513311540078,0.001059734050156055
2020-03-13 14:42:00,2659.5606129047214,0.000994227169331843
2020-03-13 14:43:00,2660.3859070775975,0.0009480574801296311
2020-03-13 14:44:00,2653.9055618008265,0.0009783241163935062
2020-03-13 14:45:00,2654.838988920142,0.0009697428731887627
2020-03-13 14:46:00,2655.5356166405545,0.0009747485172727663
2020-03-13 14:47:00,2658.417849006373,0.0010264671461827923
2020-03-13 14:48:00,2660.64082020401,0.001094208493846727
2020-03-13 14:49:00,2660.0119274791873,0.0011423817937273528
2020-03-13 14:50:00,2658.734220410534,0.0011011364599390558
2020-03-13 14:51:00,2661.549345433271,0.0010471046882100268
2020-03-13 14:52:00,2664.0936275375725,0.001089355257695434
2020-03-13 14:53:00,2667.4658592985966,0.0011191237717438588
2020-03-13 14:54:00,2669.009373539377,0.0010428700450205433
2020-03-13 14:55:00,2664.4811440180465,0.0010797792095840432
2020-03-13 14:56:00,2663.630332834231,0.0011658615931853507
2020-03-13 14:57:00,2660.9121430970654,0.0011836643657012096
2020-03-13 14:58:00,2664.653737776414,0.001104257695064606
2020-03-13 14:59:00,2659.330678414306,0.0010803906775647798
2020-03-13 15:00:00,2663.6364631358224,0.0009758607751913145
2020-03-13 15:01:00,2663.5156031744514,0.0009630539358014413
2020-03-13 15:02:00,2662.4301166048776,0.0009770098956166623
2020-03-13 15:03:00,2662.5024454529294,0.000986750854906969
2020-03-13 15:04:00,2659.855194611298,0.0009488271887056264
2020-03-13 15:05:00,2659.766133433727,0.0009229156399510038
2020-03-13 15:06:00,2659.183330401412,0.0009088139401854791
2020-03-13 15:07:00,2659.650495725765,0.0009287065396900089
2020-03-13 15:08:00,2661.197995919125,0.0008495570212520309
2020-03-13 15:09:00,2660.924105177037,0.0008271855271894443
2020-03-13 15:10:00,2655.333211446012,0.0008013124388733396
2020-03-13 15:11:00,2654.8626802146778,0.0007784537859856968
2020-03-13 15:12:00,2655.182773280269,0.0007537493470331463
2020-03-13 15:13:00,2657.0126018050437,0.0007102286634818832
2020-03-13 15:14:00,2657.900838808318,0.0006920216187392343
2020-03-13 15:15:00,2659.7647153657617,0.0006945081685621404
2020-03-13 15:16:00,2660.198638572412,0.0006598568964739922
2020-03-13 15:17:00,2659.665114043324,0.0006498568720348342
2020-03-13 15:18:00,2661.2409230815797,0.0006752183889558832
2020-03-13 15:19:00,2661.037427109135,0.0006030118717143799
2020-03-13 15:20:00,2661.5331318143285,0.0005761292490443073
2020-03-13 15:21:00,2661.0149818041546,0.0005993728765914673
2020-03-13 15:22:00,2662.063910294056,0.000596958802227443
2020-03-13 15:23:00,2663.546757516922,0.0006046693440947469
2020-03-13 15:24:00,2666.1287252568036,0.0005824477155178548
2020-03-13 15:25:00,2665.8431334620927,0.000590459038967139
2020-03-13 15:26:00,2666.3737510020255,0.0006626113204881123
2020-03-13 15:27:00,2667.11805093901,0.0006681967018966507
2020-03-13 15:28:00,2665.153076613776,0.0006803360178264897
2020-03-13 15:29:00,2664.961895825989,0.0006688590789720782
2020-03-13 15:30:00,2664.6232511192884,0.0006783983008746582
2020-03-13 15:31:00,2664.2170475522794,0.000669936037954022
2020-03-13 15:32:00,2663.557219100452,0.0006618896921157849
2020-03-13 15:33:00,2666.6121417945064,0.000636578428328259
2020-03-13 15:34:00,2665.6148540662984,0.0006194019830381426
2020-03-13 15:35:00,2666.8691148393746,0.0006139339189835732
2020-03-13 15:36:00,2667.090161500565,0.0006246802381014545
2020-03-13 15:37:00,2667.4829155996945,0.0006257142358266214
2020-03-13 15:38:00,2669.348303630908,0.0005995141578811594
2020-03-13 15:39:00,2667.8627044074,0.00061578003606298
2020-03-13 15:40:00,2669.5574215732936,0.0006474319096627495
2020-03-13 15:41:00,2667.85978807378,0.0005895591394399093
2020-03-13 15:42:00,2667.520531939148,0.0006016700321581997
2020-03-13 15:43:00,2670.4128399456263,0.0006197132726816113
2020-03-13 15:44:00,2668.5983281314047,0.0006201376290229174
2020-03-13 15:45:00,2665.507751373306,0.0006176181513451339
2020-03-13 15:46:00,2665.6601929235676,0.0006257389740955355
2020-03-13 15:47:00,2665.7280043351434,0.0006278887628125261
2020-03-13 15:48:00,2666.246277243527,0.0006370849812921593
2020-03-13 15:49:00,2669.0075433409897,0.0006858060049892963
2020-03-13 15:50:00,2669.5458103414467,0.0006938217114212266
2020-03-13 15:51:00,2668.249853855517,0.0006565859247810644
2020-03-13 15:52:00,2667.470633017936,0.0006612427378570874
2020-03-13 15:53:00,2666.967794768427,0.0007151611327023792
2020-03-13 15:54:00,2666.6672050962025,0.0007395838188151996
2020-03-13 15:55:00,2669.371299619881,0.0007097693550318422
2020-03-13 15:56:00,2670.9465013507406,0.000735878037126838
2020-03-13 15:57:00,2667.4964527801612,0.0007599039447387209
2020-03-13 15:58:00,2666.2476743560587,0.0008070539952675431
2020-03-13 15:59:00,2664.6365922330756,0.0007868769995150012
2020-03-13 16:00:00,2668.2549660390378,0.0008140536687890667
2020-03-13 16:01:00,2669.158435734041,0.0008412964152505844
2020-03-13 16:02:00,2666.712984376276,0.0008698492636602544
2020-03-13 16:03:00,2663.9602174532347,0.0008839073886743865
2020-03-13 16:04:00,2664.4609045714783,0.001010142277026869
2020-03-13 16:05:00,2659.15835998751,0.0009449318032646245
2020-03-13 16:06:00,2658.120333395731,0.0010691416220354206
2020-03-13 16:07:00,2657.0031265179823,0.0011256998255205501
2020-03-13 16:08:00,2650.551564423513,0.0012674058498265905
2020-03-13 16:09:00,2649.5514025037783,0.0013641208671650155
2020-03-13 16:10:00,2647.79943242821,0.0013666097206597864
2020-03-13 16:11:00,2651.744105954871,0.0013462275445588155
2020-03-13 16:12:00,2651.5511088835874,0.0013522896101887637
2020-03-13 16:13:00,2647.5165097535855,0.0014534655037052237
2020-03-13 16:14:00,2652.24426355261,0.001440322138635616
2020-03-13 16:15:00,2651.537749687134,0.0014348503748599665
2020-03-13 16:16:00,2647.329858354902,0.0014795010497569755
2020-03-13 16:17:00,2649.1048430550095,0.0014921592283919194
2020-03-13 16:18:00,2650.2351655309817,0.0016093803654453423
2020-03-13 16:19:00,2651.1629617768463,0.0017744778725298103
2020-03-13 16:20:00,2650.8217738538947,0.0017265475686165804
2020-03-13 16:21:00,2654.4359355398674,0.0016562177259162086
2020-03-13 16:22:00,2654.858919409453,0.0016507516073039712
2020-03-13 16:23:00,2650.127095559572,0.001559014391926954
2020-03-13 16:24:00,2653.5774322590164,0.0015404790942887242
2020-03-13 16:25:00,2654.8103549282537,0.0015197589039987543
2020-03-13 16:26:00,2654.7217156959214,0.0014909993293217212
2020-03-13 16:27:00,2654.453106044921,0.001490040131099657
2020-03-13 16:28:00,2654.1818255318867,0.0013971927187435942
2020-03-13 16:29:00,2658.199456866631,0.001338047642230093
2020-03-13 16:30:00,2655.009859393542,0.0013588365556297998
2020-03-13 16:31:00,2652.8224509108586,0.0013636907118914402
2020-03-13 16:32:00,2651.8762434822015,0.0013680085946311548
2020-03-13 16:33:00,2656.26243505652,0.001286153334277249
2020-03-13 16:34:00,2656.383820066958,0.0012900485640031615
2020-03-13 16:35:00,2662.1629112438386,0.0013649778928250128
2020-03-13 16:36:00,2666.799141738668,0.0014493997643057397
2020-03-13 16:37:00,2661.3836821823197,0.0014735042246382128
2020-03-13 16:38:00,2661.3334183339603,0.0014976888058651347
2020-03-13 16:39:00,2668.1102964769693,0.0014637720347137032
2020-03-13 16:40:00,2669.820911948661,0.0013303158873244254
2020-03-13 16:41:00,2663.4845667261534,0.0013693472142182628
2020-03-13 16:42:00,2664.2633055840924,0.0014073645715518357
2020-03-13 16:43:00,2668.2044255666674,0.0014289992529378567
2020-03-13 16:44:00,2662.2100617197984,0.0014548919385015473
2020-03-13 16:45:00,2670.9862230430563,0.0014055404594746186
2020-03-13 16:46:00,2669.0765380903076,0.0013175159673491975
2020-03-13 16:47:00,2669.801133495229,0.0013608023766241931
2020-03-13 16:48:00,2670.6368413217447,0.0014630864598638037
2020-03-13 16:49:00,2668.6882061026486,0.0013531879885401508
2020-03-13 16:50:00,2663.231727879726,0.0014671472298831974
2020-03-13 16:51:00,2661.7974395604415,0.0014289316525010565
2020-03-13 16:52:00,2663.434231999925,0.0014061870972151829
2020-03-13 16:53:00,2661.0729618086957,0.0013791115030391988
2020-03-13 16:54:00,2660.609023004515,0.0014122047747930644
2020-03-13 16:55:00,2665.131784712903,0.0013901608950019357
2020-03-13 16:56:00,2661.851432994834,0.00127906841416369
2020-03-13 16:57:00,2657.9574924217454,0.0013129797387879145
2020-03-13 16:58:00,2654.7941255821593,0.001266230615634378
2020-03-13 16:59:00,2651.0442680130045,0.001218499629592134
2020-03-13 17:00:00,2651.466646378534,0.0011491093377540048
2020-03-13 17:01:00,2657.204365110796,0.0011252297183691551
2020-03-13 17:02:00,2655.7326246011557,0.0010907371513375424
2020-03-13 17:03:00,2655.485873030373,0.001109577974931625
2020-03-13 17:04:00,2653.1044697322964,0.0010445605998332563
2020-03-13 17:05:00,2653.3437155862375,0.0010995434804848944
2020-03-13 17:06:00,2649.4447595780543,0.0011514758421156623
2020-03-13 17:07:00,2650.428134141574,0.0011392056871994782
2020-03-13 17:08:00,2648.292793200198,0.0012190111998961158
2020-03-13 17:09:00,2647.8959891763834,0.001180383886978083
2020-03-13 17:10:00,2652.9662821222987,0.0011966635863532816
2020-03-13 17:11:00,2653.557666711927,0.0011608480860634074
2020-03-13 17:12:00,2653.191064770941,0.001120873949596047
2020-03-13 17:13:00,2657.6309450084696,0.0011435734443675542
2020-03-13 17:14:00,2657.124763852039,0.0010919811058870354
2020-03-13 17:15:00,2656.3759456220682,0.0011261716049762078
2020-03-13 17:16:00,2648.94744442575,0.0011251405052119868
2020-03-13 17:17:00,2655.746300843216,0.0011629126560636397
2020-03-13 17:18:00,2655.264305654843,0.0010910065874192778
2020-03-13 17:19:00,2654.4292650448533,0.0010680461237010121
2020-03-13 17:20:00,2655.6784426175045,0.0011488417606983793
2020-03-13 17:21:00,2654.2232238764636,0.0011330003989400849
2020-03-13 17:22:00,2656.2702318452007,0.0011504886978523211
2020-03-13 17:23:00,2663.875416423559,0.0011666538577296234
2020-03-13 17:24:00,2663.9740160673723,0.0011316606053914508
2020-03-13 17:25:00,2665.707793551677,0.0012011508434137525
2020-03-13 17:26:00,2661.830845080151,0.001221793404147174
2020-03-13 17:27:00,2662.484190854319,0.0010944550870267062
2020-03-13 17:28:00,2665.235348522091,0.0010595062275091506
2020-03-13 17:29:00,2657.7546313117505,0.0011380037411498171
2020-03-13 17:30:00,2661.6044514196783,0.0012324913327369541
2020-03-13 17:31:00,2663.006314562334,0.0013848478793217775
2020-03-13 17:32:00,2664.188280041134,0.0014266949623061354
2020-03-13 17:33:00,2665.993513466514,0.0012982257928750326
2020-03-13 17:34:00,2673.493501809896,0.0013606536929372587
2020-03-13 17:35:00,2670.263238509048,0.0014439962255511534
2020-03-13 17:36:00,2675.4338120675056,0.0014565259851595292
2020-03-13 17:37:00,2680.2622499923505,0.001505695355451603
2020-03-13 17:38:00,2672.8263836979804,0.0015445493264105736
2020-03-13 17:39:00,2678.522974077554,0.0014868500595318888
2020-03-13 17:40:00,2672.1894603243427,0.001361865142995978
2020-03-13 17:41:00,2678.686942391318,0.0013855218036844994
2020-03-13 17:42:00,2683.217997948451,0.0014095153915195313
2020-03-13 17:43:00,2690.582226960991,0.001396909784091757
2020-03-13 17:44:00,2682.5693596433975,0.001398115900560158
2020-03-13 17:45:00,2683.0202616998395,0.001356377810939501
2020-03-13 17:46:00,2680.614619736148,0.001418779243195028
2020-03-13 17:47:00,2676.925945484971,0.0014311120678347953
2020-03-13 17:48:00,2685.717469024291,0.0015345953587453185
2020-03-13 17:49:00,2688.78009599452,0.0016018727152827478
2020-03-13 17:50:00,2686.5743752770013,0.001701067473895566
2020-03-13 17:51:00,2688.1761645222437,0.0015599274533589249
2020-03-13 17:52:00,2686.236158291751,0.0016283585010370856
2020-03-13 17:53:00,2677.57099596263,0.0015468572783448552
2020-03-13 17:54:00,2676.1383980424253,0.0015280188529963818
2020-03-13 17:55:00,2678.1549454833,0.0015657458169835478
2020-03-13 17:56:00,2667.089876127445,0.0016582710380693057
2020-03-13 17:57:00,2668.7189808386647,0.0016268443055822547
2020-03-13 17:58:00,2674.0872349308634,0.0017050931818549035
2020-03-13 17:59:00,2669.993703444134,0.0015860323380172828
2020-03-13 18:00:00,2672.8732553420937,0.0015559472394431582
2020-03-13 18:01:00,2674.348303344822,0.001629440974349299
2020-03-13 18:02:00,2677.967545152924,0.0015704575618172743
2020-03-13 18:03:00,2686.512952975161,0.0015543844484722387
2020-03-13 18:04:00,2687.8633110868545,0.0016059190229833623
2020-03-13 18:05:00,2690.633451867825,0.0016290094992951146
2020-03-13 18:06:00,2688.1188359310845,0.0016320291976627294
2020-03-13 18:07:00,2686.166360713661,0.001765229284112301
2020-03-13 18:08:00,2688.736299826867,0.00176022103603764
2020-03-13 18:09:00,2691.232763362291,0.001719383922365171
2020-03-13 18:10:00,2694.2622475621797,0.0016866431976116905
2020-03-13 18:11:00,2695.29662354266,0.0016509592250113338
2020-03-13 18:12:00,2698.9641228747196,0.0016381973130037354
2020-03-13 18:13:00,2710.1057937410806,0.0017575946566492193
2020-03-13 18:14:00,2705.8783292383155,0.0017415199891181504
2020-03-13 18:15:00,2701.56572418738,0.0017512586782554064
2020-03-13 18:16:00,2698.661703368513,0.0017247697025110633
2020-03-13 18:17:00,2700.279106253654,0.0016362492505891326
2020-03-13 18:18:00,2695.7109162567217,0.0017198485501980804
2020-03-13 18:19:00,2705.475398789806,0.0018282938898062395
2020-03-13 18:20:00,2698.946476019145,0.0019004314837912102
2020-03-13 18:21:00,2704.200562964601,0.001889600798859463
2020-03-13 18:22:00,2706.245504494436,0.0019039636309129697
2020-03-13 18:23:00,2701.6403601039256,0.0019006058646950546
2020-03-13 18:24:00,2703.289525883294,0.0018912132285426992
2020-03-13 18:25:00,2704.1108831016973,0.0019659042379383536
2020-03-13 18:26:00,2701.700268050068,0.001850355281225827
2020-03-13 18:27:00,2702.4053680916563,0.001974764159055827
2020-03-13 18:28:00,2704.3090700019998,0.0019524335228441867
2020-03-13 18:29:00,2712.2558049094,0.002023245562440227
2020-03-13 18:30:00,2715.008240425198,0.0019609438618493394
2020-03-13 18:31:00,2708.6354798812513,0.0020649345352171554
2020-03-13 18:32:00,2713.76788407039,0.0019742064669414907
2020-03-13 18:33:00,2704.2294658024916,0.0019091197055522648
2020-03-13 18:34:00,2707.6646479227866,0.0017748451192600933
2020-03-13 18:35:00,2705.2477409491885,0.0017344920647389488
2020-03-13 18:36:00,2711.0016139945033,0.0017795467953376316
2020-03-13 18:37:00,2707.9977418365565,0.0016955368454930812
2020-03-13 18:38:00,2705.6488906992918,0.0015515659711038935
2020-03-13 18:39:00,2703.602638445976,0.0015889082390240104
2020-03-13 18:40:00,2701.715516484286,0.001531000298912986
2020-03-13 18:41:00,2699.241967624134,0.0016206231163499874
2020-03-13 18:42:00,2701.598378714749,0.0016154557051035105
2020-03-13 18:43:00,2699.4753438229272,0.0015536291406613332
2020-03-13 18:44:00,2702.178850936871,0.001500651979315981
2020-03-13 18:45:00,2704.67215094955,0.0015294786296833655
2020-03-13 18:46:00,2705.241674535072,0.0015398801780523955
2020-03-13 18:47:00,2708.860121972048,0.0014573589960981113
2020-03-13 18:48:00,2708.100055762945,0.0014194481746022537
2020-03-13 18:49:00,2710.1788779728968,0.001333274792571698
2020-03-13 18:50:00,2707.8895499890546,0.0012673443930335485
2020-03-13 18:51:00,2705.068995801866,0.0012167196418879675
2020-03-13 18:52:00,2702.1294436258604,0.0012337041255437893
2020-03-13 18:53:00,2702.4776529641426,0.001252437967975563
2020-03-13 18:54:00,2702.0108184509586,0.0012355707922627596
2020-03-13 18:55:00,2699.075112635134,0.0012552511690591642
2020-03-13 18:56:00,2698.3898517806247,0.00128074146101619
2020-03-13 18:57:00,2695.9948513245845,0.0013147110327001216
2020-03-13 18:58:00,2693.3706984082196,0.0012490552322241722
2020-03-13 18:59:00,2692.5818904863854,0.0012104629817408393
2020-03-13 19:00:00,2692.9018669636557,0.0012025213622493748
2020-03-13 19:01:00,2693.700597320462,0.0012391559903153085
2020-03-13 19:02:00,2691.8058285000084,0.0012544592377029358
2020-03-13 19:03:00,2685.8464127567236,0.001250647884327183
2020-03-13 19:04:00,2687.3478059557756,0.0011616415757399901
2020-03-13 19:05:00,2685.5330012238064,0.0011572021439071305
2020-03-13 19:06:00,2684.573850885111,0.0011539488373441213
2020-03-13 19:07:00,2683.4176791326563,0.0011210589126501688
2020-03-13 19:08:00,2682.6557569362903,0.001250834093909396
2020-03-13 19:09:00,2691.9252078323366,0.0012473875657518247
2020-03-13 19:10:00,2687.6429486668562,0.0013173910605370352
2020-03-13 19:11:00,2686.5108689365475,0.0013015597427375632
2020-03-13 19:12:00,2687.928913482219,0.0013721872430752001
2020-03-13 19:13:00,2681.2564077207066,0.0014028883841547123
2020-03-13 19:14:00,2685.5641696324424,0.001436481670109564
2020-03-13 19:15:00,2690.044606966754,0.0014042744381804015
2020-03-13 19:16:00,2687.691979323834,0.0013235998411317519
2020-03-13 19:17:00,2686.227513323615,0.0014290054246336808
2020-03-13 19:18:00,2688.2391515793643,0.001401779302929067
2020-03-13 19:19:00,2686.765037795669,0.0014646256442478844
2020-03-13 19:20:00,2686.6755702943556,0.0015091856499913309
2020-03-13 19:21:00,2690.089847851095,0.0015459772784622782
2020-03-13 19:22:00,2689.427294990631,0.001502671601183894
2020-03-13 19:23:00,2693.167691153267,0.0014384299992588362
2020-03-13 19:24:00,2698.2133753588237,0.001422934207829841
2020-03-13 19:25:00,2695.205957545075,0.0013908846944759414
2020-03-13 19:26:00,2691.4485537806436,0.001441376305169248
2020-03-13 19:27:00,2694.2602246864017,0.0014498320390489128
2020-03-13 19:28:00,2698.4114328313626,0.0015433676693947073
2020-03-13 19:29:00,2698.1513310408895,0.001609510261344143
2020-03-13 19:30:00,2702.890974187876,0.0016017171966105415
2020-03-13 19:31:00,2698.998486152326,0.0015898395434114
2020-03-13 19:32:00,2694.1232059844715,0.0016980935284391114
2020-03-13 19:33:00,2693.423506532789,0.0017434679526653464
2020-03-13 19:34:00,2692.236853906142,0.001769548748361345
2020-03-13 19:35:00,2699.7357246094634,0.0017710882048049485
2020-03-13 19:36:00,2699.851824313618,0.0017056268495504968
2020-03-13 19:37:00,2701.3757366904274,0.0017725815601387592
2020-03-13 19:38:00,2700.909666378929,0.0016990159878605621
2020-03-13 19:39:00,2698.975368293384,0.0016453430314485303
2020-03-13 19:40:00,2701.6996401416045,0.0016649429308149236
2020-03-13 19:41:00,2695.5313455382916,0.0016878323711156374
2020-03-13 19:42:00,2694.744891035869,0.001784410360973956
2020-03-13 19:43:00,2694.110291456022,0.0018702993756102917
2020-03-13 19:44:00,2702.2042235995837,0.002019774194449743
2020-03-13 19:45:00,2702.83005771808,0.0019670390047088794
2020-03-13 19:46:00,2699.2436815047527,0.0020530888338558886
2020-03-13 19:47:00,2702.244233974826,0.0021386992398993877
2020-03-13 19:48:00,2704.0610026939917,0.0021806566123643368
2020-03-13 19:49:00,2706.8010345737566,0.00200471134162257
2020-03-13 19:50:00,2715.5880591436685,0.0020599444020019363
2020-03-13 19:51:00,2715.9252923844315,0.002123872051400098
2020-03-13 19:52:00,2712.4798315488565,0.002206029624462444
2020-03-13 19:53:00,2708.218018361396,0.0022268822715532355
2020-03-13 19:54:00,2706.565354878696,0.002181647586744027
2020-03-13 19:55:00,2712.1018685147537,0.002222987967850958
2020-03-13 19:56:00,2718.124127186176,0.002099531216113863
2020-03-13 19:57:00,2727.101092489393,0.0020949865082793115
2020-03-13 19:58:00,2730.139167185339,0.0020164657263806213
2020-03-13 19:59:00,2726.6456407864757,0.0018343472578799774
2020-03-16 13:30:00,2702.156626539049,0.0018796315812282366
2020-03-16 13:31:00,2697.996300546834,0.001750513795617338
2020-03-16 13:32:00,2697.471528302982,0.0018143472131642703
2020-03-16 13:33:00,2689.710258495301,0.0018414574929345366
2020-03-16 13:34:00,2691.381478487159,0.0018771680430240893
2020-03-16 13:35:00,2683.373178035562,0.0018198216261058615
2020-03-16 13:36:00,2681.3699785332788,0.0017847689772117292
2020-03-16 13:37:00,2682.6390094974863,0.0017200957821686094
2020-03-16 13:38:00,2677.7997758828806,0.0017335870801155522
2020-03-16 13:39:00,2675.323413427974,0.001813438731626298
2020-03-16 13:40:00,2681.365774217396,0.0018174627025706316
2020-03-16 13:41:00,2690.251124488756,0.0018372519668509869
2020-03-16 13:42:00,2689.898958910563,0.0017697841591818532
2020-03-16 13:43:00,2697.051978816713,0.001653169782310873
2020-03-16 13:44:00,2686.5119543004025,0.0018176119261552417
2020-03-16 13:45:00,2693.9689141407202,0.001840767580582712
2020-03-16 13:46:00,2696.345558674484,0.0018569227013945967
2020-03-16 13:47:00,2695.9800345595577,0.0018872175000946814
2020-03-16 13:48:00,2691.7043104288405,0.001944301272951547
2020-03-16 13:49:00,2693.4313376337905,0.0018466880478935192
2020-03-16 13:50:00,2700.0910896897753,0.0019415888303222469
2020-03-16 13:51:00,2693.790314168365,0.0019233978002574097
2020-03-16 13:52:00,2697.940047686156,0.0018838929367276996
2020-03-16 13:53:00,2708.0444695747983,0.002015947858969909
2020-03-16 13:54:00,2712.5449651025474,0.0019527681678157957
2020-03-16 13:55:00,2713.50094961401,0.0018904923713282003
2020-03-16 13:56:00,2705.666180260013,0.0018324671410545133
2020-03-16 13:57:00,2705.2519444364525,0.0017587972976101335
2020-03-16 13:58:00,2699.7520211976084,0.0017102000898687162
2020-03-16 13:59:00,2698.684543826551,0.0016819002534214456
2020-03-16 14:00:00,2702.141816396445,0.0016046154877943813
2020-03-16 14:01:00,2697.283508541748,0.0015529809536574356
2020-03-16 14:02:00,2700.901735366187,0.001553366642784307
2020-03-16 14:03:00,2701.8329657040936,0.001570805411393815
2020-03-16 14:04:00,2705.470864530251,0.0016253751778217548
2020-03-16 14:05:00,2703.7340557824787,0.001654218014013765
2020-03-16 14:06:00,2706.7675308020603,0.0017732243934713348
2020-03-16 14:07:00,2712.7017826446454,0.0017547019413177705
2020-03-16 14:08:00,2704.7138931276477,0.0018400897467235374
2020-03-16 14:09:00,2699.683766251579,0.0019171210879845705
2020-03-16 14:10:00,2704.5488725179953,0.001903204596834187
2020-03-16 14:11:00,2696.3197801843453,0.001951803580087712
2020-03-16 14:12:00,2705.924809039123,0.001993014659968336
2020-03-16 14:13:00,2702.687077928471,0.0018112820757692095
2020-03-16 14:14:00,2699.0732451605977,0.0019127108859186065
2020-03-16 14:15:00,2694.4716186365135,0.00199952778826339
2020-03-16 14:16:00,2690.288624644383,0.0018804921145061163
2020-03-16 14:17:00,2686.880740150571,0.00184191946521813
2020-03-16 14:18:00,2691.173178163967,0.0018136525977315297
2020-03-16 14:19:00,2694.997085548226,0.001654281203349321
2020-03-16 14:20:00,2704.5689237170786,0.0015901033299189357
2020-03-16 14:21:00,2704.9347413843884,0.0016231214868495615
2020-03-16 14:22:00,2716.939072454211,0.0016385560268620603
2020-03-16 14:23:00,2719.132720481779,0.0017510054151057166
2020-03-16 14:24:00,2724.7542717499477,0.001904555985183131
2020-03-16 14:25:00,2714.6823738829507,0.002014384119807458
2020-03-16 14:26:00,2712.9626913330203,0.0019551736492594606
2020-03-16 14:27:00,2709.1067834170653,0.002035884782138444
2020-03-16 14:28:00,2698.3673956466164,0.002051247102081517
2020-03-16 14:29:00,2700.2272607166333,0.0019049531515767414
2020-03-16 14:30:00,2706.3944133823275,0.0018745025474096594
2020-03-16 14:31:00,2699.3087995769647,0.0018447795945020714
2020-03-16 14:32:00,2691.3665005677017,0.001734340744433227
2020-03-16 14:33:00,2699.6427334979285,0.0017727828077497155
2020-03-16 14:34:00,2694.3947888524954,0.0016925809202393634
2020-03-16 14:35:00,2699.833974076824,0.0016265995164526808
2020-03-16 14:36:00,2696.6222019221814,0.0016475292357345005
2020-03-16 14:37:00,2693.280342908954,0.0016667764454853943
2020-03-16 14:38:00,2696.428467278321,0.0016489346516386791
2020-03-16 14:39:00,2692.007405926744,0.0017932524583453356
2020-03-16 14:40:00,2702.1523049128473,0.0018637875247891884
2020-03-16 14:41:00,2690.5067857721224,0.001954050924962964
2020-03-16 14:42:00,2682.3838865098187,0.0018541851325755033
2020-03-16 14:43:00,2676.126921678438,0.0018944097546418777
2020-03-16 14:44:00,2668.9517037419896,0.0019261757950015724
2020-03-16 14:45:00,2670.4922650238163,0.002024209368572646
2020-03-16 14:46:00,2668.534285047353,0.0018996036495898406
2020-03-16 14:47:00,2667.821344429665,0.0019619510664017105
2020-03-16 14:48:00,2675.6112468280203,0.001685048184536041
2020-03-16 14:49:00,2674.4925574138074,0.0017386185622533907
2020-03-16 14:50:00,2678.062551773318,0.0018746475609351027
2020-03-16 14:51:00,2670.6050752817423,0.001935089627347868
2020-03-16 14:52:00,2674.6362685267964,0.0020203836264394578
2020-03-16 14:53:00,2669.144125614621,0.0018688013684709812
2020-03-16 14:54:00,2678.155590575263,0.0019697860897293163
2020-03-16 14:55:00,2674.8159702110192,0.0019828192797233485
2020-03-16 14:56:00,2680.99090678339,0.0021317660596675376
2020-03-16 14:57:00,2685.4125751262836,0.002141126994507451
2020-03-16 14:58:00,2687.8018549645894,0.0020054733456684307
2020-03-16 14:59:00,2689.7957586772277,0.002205890130965865
2020-03-16 15:00:00,2691.180222925407,0.0023569160784663416
2020-03-16 15:01:00,2690.341816702666,0.0022890638186103714
2020-03-16 15:02:00,2690.121595192265,0.002374708461954738
2020-03-16 15:03:00,2690.203958820834,0.0021993189607809977
2020-03-16 15:04:00,2691.2977995362953,0.002072832560465558
2020-03-16 15:05:00,2693.1989062491734,0.002045794593060847
2020-03-16 15:06:00,2693.6491210047443,0.0019938699334491137
2020-03-16 15:07:00,2694.4601107623207,0.0019400777153473553
2020-03-16 15:08:00,2685.258928873643,0.0019581378277655124
2020-03-16 15:09:00,2673.077178302822,0.0019787155852044806
2020-03-16 15:10:00,2676.6501738160373,0.0018343014159107375
2020-03-16 15:11:00,2687.4737542957646,0.0019859178952146388
2020-03-16 15:12:00,2679.957257063396,0.001974833422569414
2020-03-16 15:13:00,2674.174507575113,0.002033050342152255
2020-03-16 15:14:00,2672.46228399515,0.002145820681402353
2020-03-16 15:15:00,2684.1283470155076,0.0021989094205794764
2020-03-16 15:16:00,2680.9622790237654,0.0022561674383505086
2020-03-16 15:17:00,2671.314280606165,0.00204221537726616
2020-03-16 15:18:00,2660.5387935382787,0.0020279131156995685
2020-03-16 15:19:00,2652.9661609598606,0.001866489068900471
2020-03-16 15:20:00,2652.474839122324,0.00179703667036977
2020-03-16 15:21:00,2655.605382228412,0.0018021780840236778
2020-03-16 15:22:00,2651.8432275907744,0.0018018311485613187
2020-03-16 15:23:00,2638.6276655309093,0.0018959573374686212
2020-03-16 15:24:00,2625.3710805918035,0.0019528096120602627
2020-03-16 15:25:00,2619.571498521615,0.0020159564180095954
2020-03-16 15:26:00,2630.35003435775,0.0019668189269228
2020-03-16 15:27:00,2625.404129983628,0.0019166987534441227
2020-03-16 15:28:00,2628.435420796895,0.0018824374299107479
2020-03-16 15:29:00,2635.6745457236166,0.001843353386254883
2020-03-16 15:30:00,2638.0149788819376,0.0019072834073175205
2020-03-16 15:31:00,2637.136481273998,0.0020575377178321547
2020-03-16 15:32:00,2635.3536897741537,0.0021008273448738708
2020-03-16 15:33:00,2630.012982572819,0.0021659818049004236
2020-03-16 15:34:00,2630.4592576933223,0.0022285721041778624
2020-03-16 15:35:00,2625.807147811549,0.0022642540502936436
2020-03-16 15:36:00,2633.7743217510265,0.0022261754369737935
2020-03-16 15:37:00,2640.0265707047297,0.0022053714509657368
2020-03-16 15:38:00,2634.5544448649575,0.00221310657994498
2020-03-16 15:39:00,2636.5912197969124,0.002129496918011271
2020-03-16 15:40:00,2634.594083623104,0.0021243593848635964
2020-03-16 15:41:00,2642.086447676065,0.00221397544195158
2020-03-16 15:42:00,2643.404614547444,0.0022713125912316454
2020-03-16 15:43:00,2641.967013869418,0.0022695878298188686
2020-03-16 15:44:00,2637.125156491357,0.0022447694313251325
2020-03-16 15:45:00,2632.567763024725,0.002070272991926625
2020-03-16 15:46:00,2632.7994035207635,0.001950969528274026
2020-03-16 15:47:00,2624.520168266464,0.0019512478548523303
2020-03-16 15:48:00,2623.6181864809105,0.0020171711807701444
2020-03-16 15:49:00,2625.836794040672,0.0020916440159860763
2020-03-16 15:50:00,2623.4682860871962,0.0021314941758757908
2020-03-16 15:51:00,2629.0804566587335,0.002039499055592206
2020-03-16 15:52:00,2633.182969987919,0.0019683900074191265
2020-03-16 15:53:00,2633.992876295268,0.0018958928512047325
2020-03-16 15:54:00,2631.3583899379387,0.0018318302900900585
2020-03-16 15:55:00,2625.1695581385034,0.001838613615321011
2020-03-16 15:56:00,2629.808410616185,0.0017496520384461635
2020-03-16 15:57:00,2633.6678244468735,0.0018399419274100896
2020-03-16 15:58:00,2639.240106285402,0.0019023691764454608
2020-03-16 15:59:00,2632.73783374246,0.0018975591094557258
2020-03-16 16:00:00,2630.5923483316647,0.0019503412819535605
2020-03-16 16:01:00,2630.4484408856442,0.001911709021698942
2020-03-16 16:02:00,2632.417455887145,0.0019330124435222996
2020-03-16 16:03:00,2641.674205524795,0.0018817545801128757
2020-03-16 16:04:00,2649.782490431046,0.0017863683974593716
2020-03-16 16:05:00,2648.992321783571,0.0018162332036220608
2020-03-16 16:06:00,2651.8617618283447,0.0018358017153048084
2020-03-16 16:07:00,2651.6150342539036,0.0017428528306925458
2020-03-16 16:08:00,2643.604703866718,0.0017473955563146412
2020-03-16 16:09:00,2649.7331318860124,0.00173778796616274
2020-03-16 16:10:00,2647.365003830399,0.0017565560878638154
2020-03-16 16:11:00,2643.764466887143,0.0017178569501219406
2020-03-16 16:12:00,2640.4920414619532,0.0017815914968586663
2020-03-16 16:13:00,2633.7193316697544,0.0018477720241621678
2020-03-16 16:14:00,2634.2572848685304,0.0018293774559244333
2020-03-16 16:15:00,2642.1731782995435,0.0018464009162749077
2020-03-16 16:16:00,2650.7628068013883,0.0018069634915607766
2020-03-16 16:17:00,2648.884644284979,0.0018267132266739925
2020-03-16 16:18:00,2645.4302143051787,0.0017494299042064513
2020-03-16 16:19:00,2649.369460224786,0.0016573747307629667
2020-03-16 16:20:00,2649.3378785481277,0.0017018935574313779
2020-03-16 16:21:00,2650.0553663688515,0.0017686817537030223
2020-03-16 16:22:00,2651.9024288208534,0.0018107379375175304
2020-03-16 16:23:00,2651.2853560312096,0.0020461012767662295
2020-03-16 16:24:00,2648.530575900946,0.00188814444328446
2020-03-16 16:25:00,2640.6965134633388,0.0019650932604069367
2020-03-16 16:26:00,2640.835879587719,0.0020876763100971057
2020-03-16 16:27:00,2642.806724400356,0.002117050236407698
2020-03-16 16:28:00,2639.8703469107477,0.0020241232532337253
2020-03-16 16:29:00,2638.3891055423787,0.0019991937741444584
2020-03-16 16:30:00,2629.710150733922,0.002003060828840422
2020-03-16 16:31:00,2629.3658299939407,0.002044065285935132
2020-03-16 16:32:00,2629.6624986955676,0.0020503764810626455
2020-03-16 16:33:00,2633.8872155667605,0.0021180854782889853
2020-03-16 16:34:00,2629.646083060702,0.0020839840508185253
2020-03-16 16:35:00,2641.644148231279,0.0020659372848207463
2020-03-16 16:36:00,2645.0950835765398,0.002074370677815098
2020-03-16 16:37:00,2637.3310608048714,0.002029201283569028
2020-03-16 16:38:00,2638.3536757021884,0.002030287253926625
2020-03-16 16:39:00,2636.827365810018,0.0021237945556824467
2020-03-16 16:40:00,2634.090747752016,0.0021997716293345156
2020-03-16 16:41:00,2628.068187404432,0.00209415007439884
2020-03-16 16:42:00,2627.386045117034,0.002147740945826991
2020-03-16 16:43:00,2632.446232629482,0.0022724933236618343
2020-03-16 16:44:00,2621.9184194075856,0.0022728510308163453
2020-03-16 16:45:00,2618.0705948752425,0.0022952579617284
2020-03-16 16:46:00,2614.2434549116656,0.0023699296116632914
2020-03-16 16:47:00,2615.1420808939456,0.002455537178195304
2020-03-16 16:48:00,2619.3835790923376,0.0026943060632142173
2020-03-16 16:49:00,2624.929456841566,0.002556499879593022
2020-03-16 16:50:00,2635.199049381425,0.0026143189855480004
2020-03-16 16:51:00,2629.3918798843592,0.0027346670534849106
2020-03-16 16:52:00,2631.728823577272,0.002764790805082451
2020-03-16 16:53:00,2626.8668430677344,0.002929967451941619
2020-03-16 16:54:00,2639.075951373835,0.003130281505274481
2020-03-16 16:55:00,2643.8224233356514,0.003214297144440079
2020-03-16 16:56:00,2640.9876440149483,0.003069938552145964
2020-03-16 16:57:00,2647.95501368454,0.0033515503977262174
2020-03-16 16:58:00,2643.0071641245127,0.0030912476376696234
2020-03-16 16:59:00,2645.227164984923,0.003259838285314072
2020-03-16 17:00:00,2642.54531484626,0.0032860134867302134
2020-03-16 17:01:00,2643.1920659891202,0.003364969319943516
2020-03-16 17:02:00,2650.508335859244,0.0034866447266588374
2020-03-16 17:03:00,2649.6987818595703,0.0036486604597805393
2020-03-16 17:04:00,2652.6455161430913,0.003693034631022077
2020-03-16 17:05:00,2651.1615999771043,0.003686554433087422
2020-03-16 17:06:00,2640.4430855954715,0.004027195766422578
2020-03-16 17:07:00,2635.9948507534896,0.0038675680793928734
2020-03-16 17:08:00,2640.725706082638,0.003674208130276742
2020-03-16 17:09:00,2626.7430581926724,0.0035667866274383423
2020-03-16 17:10:00,2614.445356691555,0.003549509843745083
2020-03-16 17:11:00,2612.4627839191708,0.0036895072850964697
2020-03-16 17:12:00,2593.62728530784,0.00361013464925954
2020-03-16 17:13:00,2608.5346525231075,0.0035674003474780104
2020-03-16 17:14:00,2594.4899466442807,0.0035089435200726885
2020-03-16 17:15:00,2583.1175325633417,0.0032423268173981923
2020-03-16 17:16:00,2579.1416149952447,0.003321123583545597
2020-03-16 17:17:00,2577.2049225714927,0.0032810175682006404
2020-03-16 17:18:00,2572.7841957868723,0.003206622140741507
2020-03-16 17:19:00,2582.4881561780126,0.0029887627019500747
2020-03-16 17:20:00,2578.8484460936643,0.0027079903876304355
2020-03-16 17:21:00,2572.4465996112062,0.0025819107314794267
2020-03-16 17:22:00,2567.9791659119005,0.002670575332595953
2020-03-16 17:23:00,2560.4610176947717,0.0028501198034684145
2020-03-16 17:24:00,2559.6583044680337,0.002848929730789125
2020-03-16 17:25:00,2542.3552537137693,0.002801087084564241
2020-03-16 17:26:00,2536.3059660118347,0.00273570555676195
2020-03-16 17:27:00,2527.6283639073736,0.0028660853418486375
2020-03-16 17:28:00,2520.828076641296,0.002967588100541664
2020-03-16 17:29:00,2507.602787673965,0.0028713467340570694
2020-03-16 17:30:00,2502.371373900725,0.002995311850010701
2020-03-16 17:31:00,2508.8988446270278,0.0028009783272282644
2020-03-16 17:32:00,2499.5870037109494,0.0027945828557047843
2020-03-16 17:33:00,2494.301878332455,0.00281239630579037
2020-03-16 17:34:00,2503.296242755945,0.00290429873816127
2020-03-16 17:35:00,2504.2165584700942,0.002966002635017088
2020-03-16 17:36:00,2510.073273643692,0.003039511106558965
2020-03-16 17:37:00,2520.7400420575577,0.0031771451800523196
2020-03-16 17:38:00,2522.294124823298,0.003017533431348665
2020-03-16 17:39:00,2532.0172582734003,0.0030436750537098703
2020-03-16 17:40:00,2549.8859192331147,0.0031957109022554427
2020-03-16 17:41:00,2542.140961325431,0.0033551116145865575
2020-03-16 17:42:00,2532.8560722189864,0.0035231251374301556
2020-03-16 17:43:00,2522.663053938216,0.003452204620185617
2020-03-16 17:44:00,2512.867794062695,0.00348213286926845
2020-03-16 17:45:00,2518.3029341355737,0.003286467254691033
2020-03-16 17:46:00,2528.572886065566,0.0034917113882556336
2020-03-16 17:47:00,2529.80914112172,0.0035444635175823627
2020-03-16 17:48:00,2528.1457521056045,0.003353804627502361
2020-03-16 17:49:00,2533.065191471713,0.0034264069057771238
2020-03-16 17:50:00,2531.747294748211,0.003250364995795371
2020-03-16 17:51:00,2522.6288311408193,0.0034193703219006495
2020-03-16 17:52:00,2524.749122093212,0.0034924501057742967
2020-03-16 17:53:00,2528.1523077778274,0.0033380834281368918
2020-03-16 17:54:00,2545.0109092675307,0.003194165238007898
2020-03-16 17:55:00,2549.271055904164,0.0030628748441247087
2020-03-16 17:56:00,2554.0638934899494,0.0031062381580765006
2020-03-16 17:57:00,2566.440362844239,0.0030368582683098317
2020-03-16 17:58:00,2563.6570884022,0.0029489112517346377
2020-03-16 17:59:00,2569.0664140184026,0.0032378571441606693
2020-03-16 18:00:00,2564.73905517875,0.0033539250283978563
2020-03-16 18:01:00,2573.352943967006,0.0032134491173925763
2020-03-16 18:02:00,2584.8606890332944,0.003056467339768389
2020-03-16 18:03:00,2583.190691265522,0.0029655243322938623
2020-03-16 18:04:00,2588.9239212177276,0.002937731783779319
2020-03-16 18:05:00,2599.468244083545,0.0030550268970547106
2020-03-16 18:06:00,2591.8658752568117,0.003023095444119877
2020-03-16 18:07:00,2589.869426735124,0.0030926095957953576
2020-03-16 18:08:00,2582.8172011378665,0.0032386669697128958
2020-03-16 18:09:00,2574.0963779080153,0.0031488042588199076
2020-03-16 18:10:00,2573.983440470737,0.002868515349360235
2020-03-16 18:11:00,2570.600081807557,0.002741854592822421
2020-03-16 18:12:00,2582.1377964424332,0.0025975790719425327
2020-03-16 18:13:00,2570.9216394853665,0.0025597813701571746
2020-03-16 18:14:00,2565.188204334559,0.0025484543446562475
2020-03-16 18:15:00,2559.8652337366025,0.0025274515718668165
2020-03-16 18:16:00,2559.7699876243782,0.0025930897122580917
2020-03-16 18:17:00,2552.983203412394,0.0029643699344161934
2020-03-16 18:18:00,2570.1782447844876,0.002833837461880975
2020-03-16 18:19:00,2569.766617340105,0.00271668093528686
2020-03-16 18:20:00,2579.0165898292266,0.002676072410839558
2020-03-16 18:21:00,2565.2031334086955,0.0029195000645255735
2020-03-16 18:22:00,2572.3985051598647,0.0029984099601676416
2020-03-16 18:23:00,2569.922030764838,0.0031085706901464263
2020-03-16 18:24:00,2570.4737898705866,0.003185697116177394
2020-03-16 18:25:00,2569.508053273036,0.0030811354234589047
2020-03-16 18:26:00,2568.301202862528,0.002979414293402379
2020-03-16 18:27:00,2577.6367021884366,0.002952485089791465
2020-03-16 18:28:00,2590.4330629926258,0.0029856011244845434
2020-03-16 18:29:00,2586.1469666958405,0.0030575541711485867
2020-03-16 18:30:00,2580.8562982818326,0.0027801677458879986
2020-03-16 18:31:00,2574.5102763965474,0.0026561539541870155
2020-03-16 18:32:00,2585.0591790532726,0.0027055197748710575
2020-03-16 18:33:00,2584.8837177469336,0.002690392652970702
2020-03-16 18:34:00,2585.0090931629097,0.0027380447876965757
2020-03-16 18:35:00,2584.6691853313832,0.0026565251901593595
2020-03-16 18:36:00,2588.6500188571863,0.0026394726704144127
2020-03-16 18:37:00,2588.867152251548,0.002748202354431492
2020-03-16 18:38:00,2602.4621149813197,0.0028741972868858716
2020-03-16 18:39:00,2613.5120015836164,0.003003572845370968
2020-03-16 18:40:00,2632.448349128661,0.003040376357254201
2020-03-16 18:41:00,2634.9901703451837,0.0031463746370821014
2020-03-16 18:42:00,2645.1280034780707,0.0030495181665968455
2020-03-16 18:43:00,2631.8605811942043,0.0028662635312821797
2020-03-16 18:44:00,2623.4113803794226,0.0026747655388375874
2020-03-16 18:45:00,2627.511731506967,0.0027910551098329207
2020-03-16 18:46:00,2633.163507205795,0.0027300136415705114
2020-03-16 18:47:00,2642.499757949679,0.0027558678200356465
2020-03-16 18:48:00,2641.2866481692413,0.002537719064311277
2020-03-16 18:49:00,2638.9140046308826,0.0023015909110642428
2020-03-16 18:50:00,2648.7485414519533,0.0023769156120372636
2020-03-16 18:51:00,2659.330752374277,0.0023096375551173434
2020-03-16 18:52:00,2667.628771832925,0.0022320070112625107
2020-03-16 18:53:00,2668.562461486926,0.002298112925287908
2020-03-16 18:54:00,2659.9408474715324,0.0022331954276351698
2020-03-16 18:55:00,2655.906789697584,0.0020826689274486177
2020-03-16 18:56:00,2645.9615727016044,0.0022411960112451255
2020-03-16 18:57:00,2645.0782818488165,0.0021947499337214354
2020-03-16 18:58:00,2646.9484822603845,0.0022841938908569562
2020-03-16 18:59:00,2645.4138590033735,0.0020327894311870853
2020-03-16 19:00:00,2647.156341143059,0.002050135693862271
2020-03-16 19:01:00,2639.094957533427,0.0021795376198733194
2020-03-16 19:02:00,2647.557353853801,0.0022082857952873142
2020-03-16 19:03:00,2655.2575643106616,0.0021802327012198923
2020-03-16 19:04:00,2654.664265576183,0.0022359886540646023
2020-03-16 19:05:00,2669.1722945610077,0.002326077034134627
2020-03-16 19:06:00,2675.73083459759,0.0023627879863627505
2020-03-16 19:07:00,2668.7792047436237,0.0022756473485186506
2020-03-16 19:08:00,2669.579279468028,0.002236195582980811
2020-03-16 19:09:00,2669.654659853816,0.0021720700466123094
2020-03-16 19:10:00,2667.3446344859644,0.0020510240009185185
2020-03-16 19:11:00,2678.3320148318676,0.0019981296518414324
2020-03-16 19:12:00,2676.421078860672,0.001817271518273391
2020-03-16 19:13:00,2676.875322019464,0.0019144602019951463
2020-03-16 19:14:00,2673.9278775936277,0.0018304134388127
2020-03-16 19:15:00,2677.639501310168,0.0018846183304366384
2020-03-16 19:16:00,2684.033318565483,0.0018896912744168198
2020-03-16 19:17:00,2685.27529339874,0.0020031490374163787
2020-03-16 19:18:00,2684.0872255021736,0.0018889105248913215
2020-03-16 19:19:00,2673.364054756524,0.0018418441451609592
2020-03-16 19:20:00,2665.9734008326477,0.0018091380062319074
2020-03-16 19:21:00,2666.5077575488713,0.001825062229267019
2020-03-16 19:22:00,2665.7370817018145,0.0018044942628322948
2020-03-16 19:23:00,2668.58682177648,0.001875130876961333
2020-03-16 19:24:00,2658.9732393805302,0.0018615835507717691
2020-03-16 19:25:00,2667.135064422749,0.0017443010899682854
2020-03-16 19:26:00,2666.3498705992743,0.001626448292155422
2020-03-16 19:27:00,2671.384670084015,0.0015757412929376898
2020-03-16 19:28:00,2671.6154866947472,0.0015778337549825269
2020-03-16 19:29:00,2676.3238050882587,0.001509261461545497
2020-03-16 19:30:00,2683.998598602413,0.001534123108731791
2020-03-16 19:31:00,2677.1687301278234,0.0015351554928246323
2020-03-16 19:32:00,2672.4098401739398,0.00157915148251247
2020-03-16 19:33:00,2670.5716240245306,0.0016213547410068388
2020-03-16 19:34:00,2675.4454266007406,0.0015499104191730912
2020-03-16 19:35:00,2679.2257004547346,0.0016512723065762902
2020-03-16 19:36:00,2680.4708675230913,0.0017336859591764679
2020-03-16 19:37:00,2680.956156553156,0.0015804494269191934
2020-03-16 19:38:00,2680.7256725915277,0.0014367741526396477
2020-03-16 19:39:00,2678.0199095165494,0.0014617156872940402
2020-03-16 19:40:00,2676.0947357591567,0.001439542884787078
2020-03-16 19:41:00,2675.635782122808,0.001430087349221447
2020-03-16 19:42:00,2679.858155381455,0.001454461839827003
2020-03-16 19:43:00,2680.262907014631,0.0013837485444790655
2020-03-16 19:44:00,2680.9248146054556,0.0014801846215274088
2020-03-16 19:45:00,2681.013648237134,0.001599530044817585
2020-03-16 19:46:00,2681.7615656631842,0.0016344295436108531
2020-03-16 19:47:00,2677.2633817762735,0.0016299004262990053
2020-03-16 19:48:00,2677.382637591848,0.0015820197349953296
2020-03-16 19:49:00,2672.1454521366395,0.001611206398667138
2020-03-16 19:50:00,2674.1953026423575,0.0016668361084030182
2020-03-16 19:51:00,2669.9547367356517,0.001748833123324901
2020-03-16 19:52:00,2670.5350539524443,0.001659043712999909
2020-03-16 19:53:00,2671.708190463509,0.0018114964540368803
2020-03-16 19:54:00,2667.652654586896,0.001716420055159788
2020-03-16 19:55:00,2668.8212198613937,0.001821084213774997
2020-03-16 19:56:00,2672.1323888255656,0.0018495804560953136
2020-03-16 19:57:00,2677.1481545996235,0.001733857720447448
2020-03-16 19:58:00,2674.270354843349,0.0016432470182288995
2020-03-16 19:59:00,2680.4604248302444,0.0016902821634586925
2020-03-17 13:30:00,2702.8526425724444,0.001651566871581273
2020-03-17 13:31:00,2698.4231160856975,0.0018448379924792088
2020-03-17 13:32:00,2690.978565899804,0.0018847022969933646
2020-03-17 13:33:00,2686.183691268868,0.001853660958586357
2020-03-17 13:34:00,2678.7799098447786,0.001984825572100428
2020-03-17 13:35:00,2675.21306581195,0.002080415662879628
2020-03-17 13:36:00,2671.664135223633,0.0019571005924445438
2020-03-17 13:37:00,2679.0834416291514,0.0019402162052345193
2020-03-17 13:38:00,2674.1905268290743,0.0018706265447085086
2020-03-17 13:39:00,2667.406599866063,0.0019854902648298745
2020-03-17 13:40:00,2664.1120855783483,0.0020755918704858283
2020-03-17 13:41:00,2666.418920685266,0.0022343536372101537
2020-03-17 13:42:00,2672.361956126487,0.002270317714723772
2020-03-17 13:43:00,2678.563567212534,0.002372122711036311
2020-03-17 13:44:00,2670.4168533866496,0.002334778366557375
2020-03-17 13:45:00,2673.277626010019,0.002241123906339772
2020-03-17 13:46:00,2667.511071913048,0.0023095172968635278
2020-03-17 13:47:00,2659.663503095482,0.0022977503858473327
2020-03-17 13:48:00,2656.990209721986,0.0022277255988515416
2020-03-17 13:49:00,2655.5607257276783,0.002264162633160741
2020-03-17 13:50:00,2666.390661620473,0.0022316862208448685
2020-03-17 13:51:00,2665.536447113203,0.002170485407600442
2020-03-17 13:52:00,2671.0643754395537,0.002155760203466035
2020-03-17 13:53:00,2675.1983279401925,0.002236352720705081
2020-03-17 13:54:00,2677.3174194425487,0.002319088023873255
2020-03-17 13:55:00,2679.686088897237,0.002257861614645153
2020-03-17 13:56:00,2682.3363104390714,0.002343917796716252
2020-03-17 13:57:00,2689.2615532692694,0.002474766042161394
2020-03-17 13:58:00,2686.134351359563,0.0024517119849953566
2020-03-17 13:59:00,2696.521051186651,0.0024080186597133326
2020-03-17 14:00:00,2689.8233737072255,0.0024183957387102673
2020-03-17 14:01:00,2687.0095881848233,0.0024848267990389937
2020-03-17 14:02:00,2693.4914371455257,0.002478244431079133
2020-03-17 14:03:00,2707.869525583694,0.002421727052831577
2020-03-17 14:04:00,2717.800483008668,0.00247468390204945
2020-03-17 14:05:00,2730.0093050478117,0.002547046708857656
2020-03-17 14:06:00,2724.1512013154374,0.0023595361914878917
2020-03-17 14:07:00,2724.887984412132,0.002206407985728477
2020-03-17 14:08:00,2724.9309215148787,0.002181173949308506
2020-03-17 14:09:00,2722.848094102797,0.0022064496989580113
2020-03-17 14:10:00,2723.7924656521996,0.0021381968484003194
2020-03-17 14:11:00,2719.9842178974945,0.0021610811005362274
2020-03-17 14:12:00,2723.9225660616257,0.0022032465678317676
2020-03-17 14:13:00,2729.2176762050367,0.002116616784271511
2020-03-17 14:14:00,2732.338090588786,0.002124057790818418
2020-03-17 14:15:00,2722.8121500156726,0.002054598266425741
2020-03-17 14:16:00,2721.164490342165,0.0019809815174773953
2020-03-17 14:17:00,2728.1616109740935,0.0020593695174983885
2020-03-17 14:18:00,2730.302668253442,0.0020455402323551514
2020-03-17 14:19:00,2736.0273770329686,0.0019849753561095
2020-03-17 14:20:00,2731.2033891774695,0.002158302651565833
2020-03-17 14:21:00,2730.6031191295924,0.0023075429833130726
2020-03-17 14:22:00,2739.782723005394,0.00226503824211802
2020-03-17 14:23:00,2740.3584312355074,0.002321121793347126
2020-03-17 14:24:00,2734.331406984616,0.0023421740966148978
2020-03-17 14:25:00,2737.6593169985754,0.002271051584679432
2020-03-17 14:26:00,2735.538365182667,0.0021636640884865497
2020-03-17 14:27:00,2737.36645613477,0.002110194136047756
2020-03-17 14:28:00,2726.0149868638246,0.002057850875340666
2020-03-17 14:29:00,2725.285275137838,0.002028569470118559
2020-03-17 14:30:00,2725.4394784752253,0.002042700676118027
2020-03-17 14:31:00,2726.413743410754,0.002146767934088302
2020-03-17 14:32:00,2725.479083761664,0.002114424208862345
2020-03-17 14:33:00,2725.7957662711956,0.002127318965383018
2020-03-17 14:34:00,2724.2867929027225,0.0020722532903215043
2020-03-17 14:35:00,2722.748812277353,0.0022559101453517062
2020-03-17 14:36:00,2729.620280395536,0.002069307940139436
2020-03-17 14:37:00,2729.352201973813,0.0019829726842817666
2020-03-17 14:38:00,2725.990779165808,0.002020289130418166
2020-03-17 14:39:00,2727.399816790902,0.001994338075276702
2020-03-17 14:40:00,2729.701153909493,0.0022262925650092767
2020-03-17 14:41:00,2725.60670437566,0.0022205061985633096
2020-03-17 14:42:00,2710.9449907187563,0.0022055332971769857
2020-03-17 14:43:00,2720.657498445548,0.002277671748562775
2020-03-17 14:44:00,2714.70016881435,0.002274689907775459
2020-03-17 14:45:00,2716.7791617482467,0.0023748064485376134
2020-03-17 14:46:00,2702.7037391967156,0.0022975265224949256
2020-03-17 14:47:00,2700.691206722987,0.0023195239539306307
2020-03-17 14:48:00,2708.7520899741785,0.0022942049602116894
2020-03-17 14:49:00,2719.1183213245363,0.002146120451646444
2020-03-17 14:50:00,2717.376796465002,0.0019856616414663675
2020-03-17 14:51:00,2709.6747391076497,0.0019691591437580413
2020-03-17 14:52:00,2703.0079060629078,0.0019467271457122297
2020-03-17 14:53:00,2700.4158365560525,0.001826525528671236
2020-03-17 14:54:00,2708.4443307494553,0.0019322220063853167
2020-03-17 14:55:00,2711.627505897099,0.0020509609796034315
2020-03-17 14:56:00,2716.9293655110473,0.002153779577685617
2020-03-17 14:57:00,2713.383531856332,0.002119957979062989
2020-03-17 14:58:00,2713.970269572811,0.0021565738376641093
2020-03-17 14:59:00,2714.3190350706263,0.002110799457490746
2020-03-17 15:00:00,2715.006853973491,0.001991927091149681
2020-03-17 15:01:00,2714.626406952825,0.0020334935060114375
2020-03-17 15:02:00,2713.9044124669695,0.002186978452089349
2020-03-17 15:03:00,2712.146651916166,0.00205000630424075
2020-03-17 15:04:00,2717.9888052612328,0.0020656814127999095
2020-03-17 15:05:00,2711.756201036708,0.0021237594244922944
2020-03-17 15:06:00,2706.2269688223014,0.0022212719604612205
2020-03-17 15:07:00,2700.15687693294,0.002419938834248662
2020-03-17 15:08:00,2699.3285262899453,0.0025064283269358692
2020-03-17 15:09:00,2693.0923181816484,0.002443791192977891
2020-03-17 15:10:00,2692.680902336304,0.002407671618849006
2020-03-17 15:11:00,2703.783310774051,0.0025129708177676112
2020-03-17 15:12:00,2706.371528300373,0.0028428862268421702
2020-03-17 15:13:00,2717.8281162873936,0.003018704918667063
2020-03-17 15:14:00,2717.2670950106417,0.003186855430898362
2020-03-17 15:15:00,2724.1899153897566,0.002956823754994821
2020-03-17 15:16:00,2717.1797304212987,0.002880166982486241
2020-03-17 15:17:00,2723.769877839074,0.002658779198955268
2020-03-17 15:18:00,2725.217675893885,0.002705586321300479
2020-03-17 15:19:00,2722.4217904037023,0.0026316984970372872
2020-03-17 15:20:00,2719.089529856268,0.0027566158760306695
2020-03-17 15:21:00,2710.6296602989205,0.0027604471454061434
2020-03-17 15:22:00,2710.4976761570074,0.0025221052798666257
2020-03-17 15:23:00,2706.4438645065047,0.0025581564312041533
2020-03-17 15:24:00,2699.5545261740117,0.0025302460923679938
2020-03-17 15:25:00,2697.2902853118617,0.002456569016535003
2020-03-17 15:26:00,2693.7586396540282,0.0026043304506648698
2020-03-17 15:27:00,2685.3048607863843,0.002508848619812027
2020-03-17 15:28:00,2677.9799976642416,0.0024848228808817124
2020-03-17 15:29:00,2682.383205784913,0.002539050839416269
2020-03-17 15:30:00,2689.018794478317,0.00246326233975335
2020-03-17 15:31:00,2690.122194444611,0.002375697082267902
2020-03-17 15:32:00,2681.2160054483475,0.0023513034152738035
2020-03-17 15:33:00,2678.4847661069707,0.0024448749975609493
2020-03-17 15:34:00,2685.978016797039,0.0025224197061365027
2020-03-17 15:35:00,2678.375510739199,0.002784235977950586
2020-03-17 15:36:00,2690.241611446465,0.0027447506359900165
2020-03-17 15:37:00,2685.9283512050442,0.00279869785650271
2020-03-17 15:38:00,2680.180609972521,0.002855506200604841
2020-03-17 15:39:00,2682.534545301412,0.002818659314684654
2020-03-17 15:40:00,2692.708054901691,0.002658538540252472
2020-03-17 15:41:00,2683.540402600137,0.0025189374388816612
2020-03-17 15:42:00,2681.2700161779517,0.0024939962490548497
2020-03-17 15:43:00,2676.481998045619,0.00244926886483844
2020-03-17 15:44:00,2670.0422136694883,0.0023176635223972823
2020-03-17 15:45:00,2668.0433638714144,0.0022838598993021823
2020-03-17 15:46:00,2671.313117310109,0.0023939717509106084
2020-03-17 15:47:00,2670.4240798950195,0.0024044032799675546
2020-03-17 15:48:00,2674.7987197570383,0.0025958026932371633
2020-03-17 15:49:00,2682.338601201059,0.002684233296070655
2020-03-17 15:50:00,2690.9006778228154,0.002739059497790692
2020-03-17 15:51:00,2698.505255859217,0.0026882986442813965
2020-03-17 15:52:00,2702.491602072875,0.002775587696892723
2020-03-17 15:53:00,2712.462188407395,0.002780023295594837
2020-03-17 15:54:00,2714.9048064901463,0.002612201099161394
2020-03-17 15:55:00,2707.0459536249327,0.0026287122391692535
2020-03-17 15:56:00,2713.6340762146524,0.0025463347231095
2020-03-17 15:57:00,2711.2710307006673,0.0025699415574772133
2020-03-17 15:58:00,2704.98616001113,0.002466052288261062
2020-03-17 15:59:00,2702.9050984099003,0.0026582886001880633
2020-03-17 16:00:00,2698.6033783249823,0.0027957609414224656
2020-03-17 16:01:00,2717.8319597294853,0.0026769597878549775
2020-03-17 16:02:00,2703.800877696289,0.002671642368864468
2020-03-17 16:03:00,2698.561664429409,0.0026848705669496203
2020-03-17 16:04:00,2702.2663916102665,0.002484581893420013
2020-03-17 16:05:00,2701.091690334411,0.0026221055423608437
2020-03-17 16:06:00,2708.2465760287496,0.0026149171892282247
2020-03-17 16:07:00,2697.559072573715,0.00257015925923803
2020-03-17 16:08:00,2705.408933886822,0.0025075396024407367
2020-03-17 16:09:00,2700.4705815168522,0.002541842612376609
2020-03-17 16:10:00,2693.6215184617017,0.0024281308242739535
2020-03-17 16:11:00,2693.5351097089833,0.002635877241013409
2020-03-17 16:12:00,2707.1746413890833,0.0028763315615418857
2020-03-17 16:13:00,2701.1422972994988,0.00292787292707401
2020-03-17 16:14:00,2706.6276607513196,0.002776673379471439
2020-03-17 16:15:00,2709.074311212157,0.002507304553154066
2020-03-17 16:16:00,2708.808137515183,0.0025265412658903538
2020-03-17 16:17:00,2706.7482627132886,0.002532894720390456
2020-03-17 16:18:00,2694.871374075853,0.0025061519583316405
2020-03-17 16:19:00,2693.59473744731,0.002435142343929961
2020-03-17 16:20:00,2695.37779467805,0.002413600563195117
2020-03-17 16:21:00,2693.2149993622393,0.0022859153764848554
2020-03-17 16:22:00,2696.7808063734433,0.002155422505998749
2020-03-17 16:23:00,2694.1256642214353,0.002137320085491734
2020-03-17 16:24:00,2689.0489973881663,0.002178737213500495
2020-03-17 16:25:00,2686.66898806098,0.0022535843996911503
2020-03-17 16:26:00,2686.581239592798,0.0022242790534285823
2020-03-17 16:27:00,2676.904205484813,0.002118388345807068
2020-03-17 16:28:00,2676.0708668116345,0.0021871417388182757
2020-03-17 16:29:00,2671.088818228623,0.0021592712079950504
2020-03-17 16:30:00,2672.610013792142,0.0020898099855541966
2020-03-17 16:31:00,2669.2523308285204,0.0018378314170233382
2020-03-17 16:32:00,2674.0674363020403,0.001954273260976284
2020-03-17 16:33:00,2661.021315327197,0.0020004230824590794
2020-03-17 16:34:00,2658.506436361449,0.0018962640530097096
2020-03-17 16:35:00,2657.476829602181,0.001749702265195769
2020-03-17 16:36:00,2649.448483416273,0.0017429328612970807
2020-03-17 16:37:00,2649.4197212055633,0.0019522012945420238
2020-03-17 16:38:00,2654.8223436777494,0.002030913664690112
2020-03-17 16:39:00,2656.0975881900795,0.0022024755985952985
2020-03-17 16:40:00,2662.594872953776,0.002222660061806443
2020-03-17 16:41:00,2661.748013609964,0.00211257006193994
2020-03-17 16:42:00,2661.8859108503143,0.0020951541341306993
2020-03-17 16:43:00,2659.0014772367977,0.0019360360471259762
2020-03-17 16:44:00,2666.2614679583094,0.001882274717508833
2020-03-17 16:45:00,2675.27168577675,0.001744298665691208
2020-03-17 16:46:00,2676.5490453575712,0.0016429242466068695
2020-03-17 16:47:00,2673.2297484011756,0.0014563127007903873
2020-03-17 16:48:00,2668.4374447498126,0.0014888074480413386
2020-03-17 16:49:00,2666.655629166151,0.0015714571892161324
2020-03-17 16:50:00,2661.987700979018,0.0015030289100822867
2020-03-17 16:51:00,2661.832490051601,0.0014982758409868245
2020-03-17 16:52:00,2661.975250273046,0.0015402288332299668
2020-03-17 16:53:00,2657.3865304216556,0.0016393839751972091
2020-03-17 16:54:00,2655.825567472475,0.0015425540378956766
2020-03-17 16:55:00,2653.726310325671,0.0015247196367025868
2020-03-17 16:56:00,2642.981090756015,0.001571463604846024
2020-03-17 16:57:00,2646.558325149565,0.0015447230650322984
2020-03-17 16:58:00,2646.797854632507,0.001531976736069939
2020-03-17 16:59:00,2650.4642128990854,0.0014018907883457101
2020-03-17 17:00:00,2647.2958279152053,0.0014127912676685744
2020-03-17 17:01:00,2651.5221644297776,0.001392769524458374
2020-03-17 17:02:00,2650.4352922172466,0.0014413026205842405
2020-03-17 17:03:00,2645.0094239830337,0.0015658634849285392
2020-03-17 17:04:00,2645.3510676142746,0.0015725625092588306
2020-03-17 17:05:00,2642.320761632504,0.0016004571158856112
2020-03-17 17:06:00,2639.546874010054,0.00157862583774547
2020-03-17 17:07:00,2648.556340818826,0.0015633532344790277
2020-03-17 17:08:00,2644.317079654248,0.0016284078402557974
2020-03-17 17:09:00,2649.675186166278,0.001565877717388849
2020-03-17 17:10:00,2645.9210592663007,0.0015356982558138938
2020-03-17 17:11:00,2645.8824927090873,0.0015039404431691724
2020-03-17 17:12:00,2650.5365749329226,0.001567416158877042
2020-03-17 17:13:00,2631.885364865795,0.001551877883961532
2020-03-17 17:14:00,2631.396146454885,0.001527887736805951
2020-03-17 17:15:00,2632.533239306011,0.0016375436946806292
2020-03-17 17:16:00,2636.186538643364,0.0016536850722481309
2020-03-17 17:17:00,2630.8438914574567,0.001703737099417197
2020-03-17 17:18:00,2626.103182407197,0.0016678960526928847
2020-03-17 17:19:00,2620.6528241530095,0.001566827558551504
2020-03-17 17:20:00,2613.003564636837,0.0015363065205285622
2020-03-17 17:21:00,2616.2297369345024,0.0015311063060460567
2020-03-17 17:22:00,2617.100608517825,0.0014653424546113014
2020-03-17 17:23:00,2617.0240867959405,0.0014164728198162635
2020-03-17 17:24:00,2617.786833778239,0.0013791348510565108
2020-03-17 17:25:00,2616.709990457983,0.001284056161401647
2020-03-17 17:26:00,2623.561539271715,0.0012450986552431961
2020-03-17 17:27:00,2619.5501496386632,0.0012967959175022583
2020-03-17 17:28:00,2618.9681239222978,0.001261103016918348
2020-03-17 17:29:00,2616.1968060485956,0.0012869642607728556
2020-03-17 17:30:00,2619.1167057933426,0.0012212160585207156
2020-03-17 17:31:00,2617.188527069739,0.0013068475237930548
2020-03-17 17:32:00,2620.8093764413384,0.0012382520572218915
2020-03-17 17:33:00,2617.2183656848897,0.001232517459816721
2020-03-17 17:34:00,2622.0590260219797,0.0013175226422780977
2020-03-17 17:35:00,2627.199573458865,0.0012463538373806845
2020-03-17 17:36:00,2624.4141389351203,0.001166733485458741
2020-03-17 17:37:00,2625.015438977015,0.0011976469183550506
2020-03-17 17:38:00,2623.765975484075,0.0010625387844388906
2020-03-17 17:39:00,2623.232989935415,0.001059620885253793
2020-03-17 17:40:00,2627.3604373477037,0.001048578571455033
2020-03-17 17:41:00,2628.1292612400644,0.0009974126689347666
2020-03-17 17:42:00,2629.82477405321,0.0009703775293430865
2020-03-17 17:43:00,2633.8290711325,0.000921441342367904
2020-03-17 17:44:00,2637.2891676807244,0.0009392406355565311
2020-03-17 17:45:00,2634.5686030160564,0.0009593946391828371
2020-03-17 17:46:00,2634.0706429684574,0.0009989876282668242
2020-03-17 17:47:00,2633.2916242268166,0.001020463878442351
2020-03-17 17:48:00,2633.004822155808,0.0011039070306475033
2020-03-17 17:49:00,2633.466019175466,0.0011418425985415196
2020-03-17 17:50:00,2634.603321624042,0.0011799963719142164
2020-03-17 17:51:00,2634.672167981027,0.0011260682957958145
2020-03-17 17:52:00,2634.6836264502085,0.0011844263692933807
2020-03-17 17:53:00,2637.0795587029615,0.001069546694593532
2020-03-17 17:54:00,2637.9872924655942,0.0010920908089983913
2020-03-17 17:55:00,2642.94934920211,0.001087920309118351
2020-03-17 17:56:00,2643.0036373741254,0.0011496905616423167
2020-03-17 17:57:00,2643.5177711775227,0.0011158529866164113
2020-03-17 17:58:00,2642.3264514511866,0.0011042404887851827
2020-03-17 17:59:00,2643.1761158546874,0.0010904838649456678
2020-03-17 18:00:00,2640.0353692400404,0.0010853576686350897
2020-03-17 18:01:00,2642.2364919928377,0.0012016499818458734
2020-03-17 18:02:00,2641.3263331080857,0.0011768524348647143
2020-03-17 18:03:00,2638.306646234323,0.0012100448796244518
2020-03-17 18:04:00,2636.3761354197995,0.0012152990747182789
2020-03-17 18:05:00,2636.7919133463342,0.0011094880050978612
2020-03-17 18:06:00,2639.2602391217006,0.0011748029777849394
2020-03-17 18:07:00,2641.089362648862,0.0011608405029416907
2020-03-17 18:08:00,2637.546481640905,0.001089663525625531
2020-03-17 18:09:00,2639.3758805779185,0.001091961458399309
2020-03-17 18:10:00,2631.377717734148,0.0011189370343301953
2020-03-17 18:11:00,2634.731636742276,0.0010380217261539352
2020-03-17 18:12:00,2638.383404983203,0.0010055482519715048
2020-03-17 18:13:00,2635.373178209234,0.0010097849019955066
2020-03-17 18:14:00,2637.5732769166043,0.0010172028032015543
2020-03-17 18:15:00,2640.3256774410006,0.0010474458695598637
2020-03-17 18:16:00,2642.652826249702,0.001003731291364181
2020-03-17 18:17:00,2642.689659289225,0.0010251551000172413
2020-03-17 18:18:00,2640.6829915594335,0.0009151298103376025
2020-03-17 18:19:00,2639.7805689217353,0.0009280901176954141
2020-03-17 18:20:00,2638.3599950203447,0.0009690778301580987
2020-03-17 18:21:00,2640.1624861200285,0.0009044087854695596
2020-03-17 18:22:00,2641.7051177045546,0.0008855295709297572
2020-03-17 18:23:00,2641.5879015769656,0.0008917184332409623
2020-03-17 18:24:00,2636.840661052065,0.0009446504844768113
2020-03-17 18:25:00,2636.9932054438264,0.0008414623690769648
2020-03-17 18:26:00,2636.53568566366,0.0008579099939746773
2020-03-17 18:27:00,2636.4026007424604,0.0008464727324010592
2020-03-17 18:28:00,2638.520890755995,0.0008940266312856498
2020-03-17 18:29:00,2643.4617384451253,0.0009016690142188582
2020-03-17 18:30:00,2648.1342142222657,0.0008926533341013301
2020-03-17 18:31:00,2647.343197043695,0.0009812865481493432
2020-03-17 18:32:00,2647.1714164349614,0.0009481330399602438
2020-03-17 18:33:00,2642.150695717361,0.0009623971662985162
2020-03-17 18:34:00,2643.385262395022,0.0009019835000700501
2020-03-17 18:35:00,2644.4449286570193,0.0009263801007117249
2020-03-17 18:36:00,2647.911788969562,0.0009621711539700675
2020-03-17 18:37:00,2647.4774418508437,0.000986740186280519
2020-03-17 18:38:00,2649.0142661009295,0.0009801101112975618
2020-03-17 18:39:00,2652.102888588595,0.0009757191328265038
2020-03-17 18:40:00,2652.8593649887343,0.0009779706328987073
2020-03-17 18:41:00,2649.766044151007,0.0009472889798556919
2020-03-17 18:42:00,2649.0529839396663,0.0009602305442097743
2020-03-17 18:43:00,2645.6707893246444,0.0010161198127794633
2020-03-17 18:44:00,2646.191354131897,0.00100928544982223
2020-03-17 18:45:00,2649.492159336067,0.0010017009702497958
2020-03-17 18:46:00,2649.3444942950227,0.0010165098833481482
2020-03-17 18:47:00,2648.3564164104682,0.0008960276259527621
2020-03-17 18:48:00,2645.661381212876,0.000850929413440507
2020-03-17 18:49:00,2645.4775558661195,0.0008463749941052522
2020-03-17 18:50:00,2648.8120950927564,0.0009029292905463431
2020-03-17 18:51:00,2649.971518653063,0.0009238419100969529
2020-03-17 18:52:00,2650.6499169704202,0.0008810838099485666
2020-03-17 18:53:00,2649.7448299315884,0.0008518050774938021
2020-03-17 18:54:00,2649.759499921669,0.0007616658696544857
2020-03-17 18:55:00,2649.6711497792753,0.0008221838616010177
2020-03-17 18:56:00,2648.193784687913,0.0008163066396080331
2020-03-17 18:57:00,2643.8195528768697,0.0007764546215900383
2020-03-17 18:58:00,2641.9808417122354,0.00074283263953495
2020-03-17 18:59:00,2646.0384692609946,0.0007457040052009362
2020-03-17 19:00:00,2644.1691192066965,0.000790157471903917
2020-03-17 19:01:00,2648.0293746144926,0.0007827547274224842
2020-03-17 19:02:00,2648.5618637481275,0.0007712751389101589
2020-03-17 19:03:00,2646.2171055851672,0.0007876266775864338
2020-03-17 19:04:00,2647.4852154099676,0.0007738683856743151
2020-03-17 19:05:00,2647.481958341734,0.0007800552952239311
2020-03-17 19:06:00,2646.713284079861,0.0007882883808349811
2020-03-17 19:07:00,2649.859621924468,0.0008093994588306201
2020-03-17 19:08:00,2648.2653571361407,0.000876026995632268
2020-03-17 19:09:00,2650.0288074310697,0.0009213118723727725
2020-03-17 19:10:00,2650.2174362066194,0.0009225503535292004
2020-03-17 19:11:00,2648.6204696827554,0.0009556188297596154
2020-03-17 19:12:00,2646.326689356835,0.0009240154371728457
2020-03-17 19:13:00,2644.3930349821303,0.0009404310094056308
2020-03-17 19:14:00,2641.8530398320077,0.0010329557885149132
2020-03-17 19:15:00,2649.9147418059983,0.001036394883655567
2020-03-17 19:16:00,2651.4630308355713,0.0010672063839169044
2020-03-17 19:17:00,2646.4046393627527,0.0010151075739829344
2020-03-17 19:18:00,2645.1892312817763,0.0009999291253263473
2020-03-17 19:19:00,2648.447227832809,0.001008514563716146
2020-03-17 19:20:00,2650.169955674948,0.0009845852258569768
2020-03-17 19:21:00,2648.645272991112,0.0009791680568358642
2020-03-17 19:22:00,2649.52362343954,0.0009172220456793348
2020-03-17 19:23:00,2651.735612738312,0.0008754401368553786
2020-03-17 19:24:00,2653.139299168195,0.0008515450124225109
2020-03-17 19:25:00,2656.7914619278167,0.0008845375015787932
2020-03-17 19:26:00,2656.714113404559,0.0008729264866087019
2020-03-17 19:27:00,2657.154309696934,0.0008928711544944617
2020-03-17 19:28:00,2658.674202192614,0.0008310585110773885
2020-03-17 19:29:00,2659.81390456425,0.0008290774132517311
2020-03-17 19:30:00,2658.713745931175,0.0008664979777144344
2020-03-17 19:31:00,2661.048640246346,0.000903526969713527
2020-03-17 19:32:00,2657.3910608588967,0.0009232748348303237
2020-03-17 19:33:00,2657.884582680737,0.0009693917807781148
2020-03-17 19:34:00,2656.099868907947,0.0009394666428823394
2020-03-17 19:35:00,2658.619794093289,0.0009381804381367004
2020-03-17 19:36:00,2661.268824403163,0.0009297084849183824
2020-03-17 19:37:00,2664.8761001241687,0.0009487143932612366
2020-03-17 19:38:00,2663.985328465027,0.0009373137807920236
2020-03-17 19:39:00,2667.9307350582526,0.0009397715006054113
2020-03-17 19:40:00,2666.5408165023423,0.0009584714083628513
2020-03-17 19:41:00,2668.386752020808,0.0009534456172069823
2020-03-17 19:42:00,2671.8633667788395,0.0009691791163136166
2020-03-17 19:43:00,2672.6809099255343,0.0008974436818748501
2020-03-17 19:44:00,2672.548948757029,0.0009102743198293975
2020-03-17 19:45:00,2672.103365890268,0.0009248146609551706
2020-03-17 19:46:00,2672.4937265418316,0.0008784466222024829
2020-03-17 19:47:00,2675.573254931892,0.000841020798311737
2020-03-17 19:48:00,2675.080800890855,0.0007896167337159368
2020-03-17 19:49:00,2671.671121948432,0.0008376126736226149
2020-03-17 19:50:00,2673.4702429327513,0.0008561820552655587
2020-03-17 19:51:00,2673.03511788678,0.0008801588056028209
2020-03-17 19:52:00,2677.594785511232,0.0009214848818425503
2020-03-17 19:53:00,2673.879140450321,0.0009051709795829018
2020-03-17 19:54:00,2673.1763080312217,0.0009057415012990321
2020-03-17 19:55:00,2675.7210014994107,0.0009537547359728856
2020-03-17 19:56:00,2677.805314966233,0.0009954518848199606
2020-03-17 19:57:00,2679.424805998325,0.0010536030816035592
2020-03-17 19:58:00,2680.497071610817,0.001064021132865439
2020-03-17 19:59:00,2680.14774037696,0.0010835742747132022
2020-03-18 13:30:00,2775.932753298304,0.0011329634572757085
2020-03-18 13:31:00,2773.2947072190677,0.0011477101061488607
2020-03-18 13:32:00,2774.4265642334617,0.0011310918248128307
2020-03-18 13:33:00,2769.589040180498,0.0011601809109781066
2020-03-18 13:34:00,2770.081119848551,0.001113789591160853
2020-03-18 13:35:00,2762.906992179293,0.0011071937839208595
2020-03-18 13:36:00,2758.3513481745185,0.001093922560850878
2020-03-18 13:37:00,2760.6636995060453,0.0011519127445274089
2020-03-18 13:38:00,2760.2635874994367,0.0011343085798775966
2020-03-18 13:39:00,2759.1882487776206,0.0011974229155284012
2020-03-18 13:40:00,2765.917257286397,0.0012738353318945466
2020-03-18 13:41:00,2773.927593905994,0.0012473204977463612
2020-03-18 13:42:00,2776.107314437297,0.0011620415243050377
2020-03-18 13:43:00,2775.6273834636913,0.0011247381428552523
2020-03-18 13:44:00,2776.497992057786,0.0011435586426497438
2020-03-18 13:45:00,2774.2611186528698,0.001186684047373403
2020-03-18 13:46:00,2774.14821663007,0.0012028266918010905
2020-03-18 13:47:00,2776.152204440343,0.0012320847456518452
2020-03-18 13:48:00,2773.5926287842685,0.0012634354843622409
2020-03-18 13:49:00,2778.7224157489554,0.0012032295358599713
2020-03-18 13:50:00,2780.2574765970007,0.0011284786309099476
2020-03-18 13:51:00,2778.12394106663,0.0011221910309338577
2020-03-18 13:52:00,2776.8560715565172,0.0011345054048074535
2020-03-18 13:53:00,2773.6193102553852,0.0011891326063123203
2020-03-18 13:54:00,2775.5507706578524,0.0011798715012681488
2020-03-18 13:55:00,2774.5155566076123,0.0011622901627330287
2020-03-18 13:56:00,2776.849104120929,0.001208432828259164
2020-03-18 13:57:00,2781.304547825994,0.001198660245157139
2020-03-18 13:58:00,2784.38713537168,0.0012519625505402444
2020-03-18 13:59:00,2782.6950567998924,0.0012145040381346174
2020-03-18 14:00:00,2777.158058260088,0.0011873134086396106
2020-03-18 14:01:00,2780.0526969081907,0.0011459549194481014
2020-03-18 14:02:00,2780.8312566156987,0.0011311225586559247
2020-03-18 14:03:00,2781.0418159823616,0.001157230448128447
2020-03-18 14:04:00,2784.85275150677,0.001066776067853928
2020-03-18 14:05:00,2790.013331318883,0.001061697761011081
2020-03-18 14:06:00,2789.8770433514733,0.0010238500919096806
2020-03-18 14:07:00,2790.4915245292323,0.0009750758926958861
2020-03-18 14:08:00,2787.4854058900764,0.0009421139985069037
2020-03-18 14:09:00,2785.223293803316,0.0009664368762021872
2020-03-18 14:10:00,2785.4306404452714,0.0009514795869317231
2020-03-18 14:11:00,2787.5762866549753,0.0009661128884394013
2020-03-18 14:12:00,2789.9469987876437,0.0009673361585379001
2020-03-18 14:13:00,2787.2053184591523,0.0010379735952897907
2020-03-18 14:14:00,2787.854405564182,0.0010721116999046314
2020-03-18 14:15:00,2783.8420610402086,0.0010495300396782439
2020-03-18 14:16:00,2783.6660535311494,0.0009455787822409882
2020-03-18 14:17:00,2785.657953504717,0.0010115316449861723
2020-03-18 14:18:00,2788.596017258872,0.0009338316793850656
2020-03-18 14:19:00,2786.5676525756235,0.000918915954050792
2020-03-18 14:20:00,2787.5462738352553,0.0009284476420608966
2020-03-18 14:21:00,2787.8319679420524,0.0008857924315016844
2020-03-18 14:22:00,2789.057596495667,0.0009039593312499758
2020-03-18 14:23:00,2791.9968899686655,0.0009082539334968644
2020-03-18 14:24:00,2790.850524291829,0.0009376858572576189
2020-03-18 14:25:00,2789.7610838685537,0.0008909841402825421
2020-03-18 14:26:00,2790.1521029500163,0.000879100406131116
2020-03-18 14:27:00,2786.386000351872,0.0008739611490177139
2020-03-18 14:28:00,2787.8479654966172,0.0008583697043562757
2020-03-18 14:29:00,2785.936879300721,0.0008374321675869435
2020-03-18 14:30:00,2779.7898113689316,0.000806620734152696
2020-03-18 14:31:00,2779.0193974408908,0.0008388503190401666
2020-03-18 14:32:00,2780.2805689623488,0.0008723183754467834
2020-03-18 14:33:00,2780.2324011723904,0.0009253747256869704
2020-03-18 14:34:00,2782.257128057785,0.0009524713711224195
2020-03-18 14:35:00,2784.134555813472,0.0010054354811971276
2020-03-18 14:36:00,2782.0008336296646,0.0009132634088482666
2020-03-18 14:37:00,2782.4825414573706,0.0008700601879587258
2020-03-18 14:38:00,2782.0613374206705,0.0008627930852671798
2020-03-18 14:39:00,2779.2229268393744,0.0008784683545324615
2020-03-18 14:40:00,2776.445763592131,0.0008910500833864616
2020-03-18 14:41:00,2780.12467993199,0.0008925042932680174
2020-03-18 14:42:00,2781.274201939172,0.0009097802341524384
2020-03-18 14:43:00,2786.1607661554317,0.0009240195597614502
2020-03-18 14:44:00,2784.0201275525556,0.0009010842554130871
2020-03-18 14:45:00,2787.321034135714,0.0008948893529400491
2020-03-18 14:46:00,2786.445322236495,0.0009013387036681211
2020-03-18 14:47:00,2786.919949732839,0.0009244637197041228
2020-03-18 14:48:00,2787.401786105375,0.0009665824979466083
2020-03-18 14:49:00,2789.8652891435404,0.001003510620863361
2020-03-18 14:50:00,2789.768028958818,0.0010254017370431216
2020-03-18 14:51:00,2793.4674501804234,0.001033397785372293
2020-03-18 14:52:00,2793.360880196364,0.0010575029881537026
2020-03-18 14:53:00,2792.1014446810004,0.001038950231897089
2020-03-18 14:54:00,2794.312156393113,0.0010690788417388217
2020-03-18 14:55:00,2794.677850960812,0.0010656683988132074
2020-03-18 14:56:00,2793.9737961847727,0.0010005826687018262
2020-03-18 14:57:00,2794.293497253289,0.0010251331784269487
2020-03-18 14:58:00,2795.2572898020267,0.001001473854763141
2020-03-18 14:59:00,2794.2416946975472,0.0009991067755079392
2020-03-18 15:00:00,2793.149835203363,0.001099133097818474
2020-03-18 15:01:00,2793.8656976936973,0.0010669005839011756
2020-03-18 15:02:00,2792.7497889296974,0.0010358332954091465
2020-03-18 15:03:00,2791.047810717529,0.0009983571911950115
2020-03-18 15:04:00,2782.3517393494417,0.0010526672185353378
2020-03-18 15:05:00,2779.462717191867,0.0009598349384442041
2020-03-18 15:06:00,2779.99708240646,0.0009560388947927365
2020-03-18 15:07:00,2782.998703952075,0.0008918243520087282
2020-03-18 15:08:00,2782.906443493115,0.0009748754529955854
2020-03-18 15:09:00,2782.504469713702,0.000919993182031352
2020-03-18 15:10:00,2782.596607441446,0.0009281688411833052
2020-03-18 15:11:00,2782.1274349283744,0.000976412566853487
2020-03-18 15:12:00,2782.02080210704,0.0008794376750507562
2020-03-18 15:13:00,2781.4901916404724,0.0008190190684187668
2020-03-18 15:14:00,2780.0716878536305,0.0008432238012190274
2020-03-18 15:15:00,2781.2419885599643,0.0008395951409539471
2020-03-18 15:16:00,2783.9030684073937,0.0008504895450702561
2020-03-18 15:17:00,2784.565771184624,0.0008836552235560701
2020-03-18 15:18:00,2784.6289323253322,0.0009132005340644616
2020-03-18 15:19:00,2784.529168264277,0.0009459902994422144
2020-03-18 15:20:00,2784.9704557362916,0.0009474520884940251
2020-03-18 15:21:00,2786.013700464907,0.0009154342786460904
2020-03-18 15:22:00,2779.8509730906303,0.0008702567102591832
2020-03-18 15:23:00,2778.6600341122526,0.0008494247861390318
2020-03-18 15:24:00,2779.2398812052606,0.0008056152452723094
2020-03-18 15:25:00,2778.619443848014,0.0007990949981321258
2020-03-18 15:26:00,2777.5331801203893,0.0007896418599247563
2020-03-18 15:27:00,2775.557553858157,0.0007339598216919694
2020-03-18 15:28:00,2776.2559177045305,0.000693609280634827
2020-03-18 15:29:00,2777.0430537764346,0.0006545411247826686
2020-03-18 15:30:00,2779.6707799568867,0.0006701221388904838
2020-03-18 15:31:00,2779.231069090875,0.0006519964706795215
2020-03-18 15:32:00,2777.693551690124,0.0006942060956427652
2020-03-18 15:33:00,2778.9399046168865,0.000705881971605448
2020-03-18 15:34:00,2779.1506459961684,0.0006687921105868954
2020-03-18 15:35:00,2779.2155788920913,0.0006662915740822517
2020-03-18 15:36:00,2775.510526351418,0.0006533065948014657
2020-03-18 15:37:00,2776.6338917091803,0.00065576816225842
2020-03-18 15:38:00,2776.6612423327874,0.0007571486952799097
2020-03-18 15:39:00,2775.8936620772347,0.0007563837909446738
2020-03-18 15:40:00,2774.205717944749,0.0007579206757876288
2020-03-18 15:41:00,2774.7846630774134,0.0007268441710944239
2020-03-18 15:42:00,2777.2188035771837,0.000784758331640715
2020-03-18 15:43:00,2778.479013378372,0.0007693447261048731
2020-03-18 15:44:00,2781.2553494711156,0.0007611546424953103
2020-03-18 15:45:00,2784.4135390873407,0.000767179843364719
2020-03-18 15:46:00,2787.56922454238,0.0007378437788010334
2020-03-18 15:47:00,2789.0814424835385,0.0007683325293844793
2020-03-18 15:48:00,2789.6467556408384,0.0007242829871923639
2020-03-18 15:49:00,2791.8323223494676,0.0007067242849637962
2020-03-18 15:50:00,2792.9813640294055,0.0007064120012207686
2020-03-18 15:51:00,2793.4440046015116,0.0006885269102440107
2020-03-18 15:52:00,2791.154930624172,0.0007213325854281856
2020-03-18 15:53:00,2791.393851976837,0.0007659875783696059
2020-03-18 15:54:00,2795.463364874058,0.0007868336192384654
2020-03-18 15:55:00,2795.328303646561,0.0007613219086614606
2020-03-18 15:56:00,2796.1994720159323,0.0007369832259873102
2020-03-18 15:57:00,2793.9881377153065,0.000818224802758077
2020-03-18 15:58:00,2796.7062225250893,0.0008081303783075245
2020-03-18 15:59:00,2798.6817670808537,0.0008447589681127408
2020-03-18 16:00:00,2802.959244313922,0.0007358423142954162
2020-03-18 16:01:00,2801.780011064348,0.0007020670319278035
2020-03-18 16:02:00,2802.773046235964,0.0006784666416080156
2020-03-18 16:03:00,2802.525009939863,0.0006730429412288271
2020-03-18 16:04:00,2801.20558051226,0.0006428587071084655
2020-03-18 16:05:00,2799.889173376487,0.0006230001866390167
2020-03-18 16:06:00,2798.9960128159387,0.0005909445941689418
2020-03-18 16:07:00,2800.5964542341912,0.0005682501112735192
2020-03-18 16:08:00,2799.0678511006836,0.0005996345290248615
2020-03-18 16:09:00,2800.348317388795,0.0005790446784247403
2020-03-18 16:10:00,2801.2781913662684,0.0006083887677342444
2020-03-18 16:11:00,2802.607095021358,0.0006403976538294935
2020-03-18 16:12:00,2804.499740353238,0.0006660086741655351
2020-03-18 16:13:00,2805.774249995343,0.0006420808753301253
2020-03-18 16:14:00,2804.284282466617,0.0006877293016447406
2020-03-18 16:15:00,2802.9932945681685,0.0006520446241769716
2020-03-18 16:16:00,2807.597868229335,0.0006810968941279535
2020-03-18 16:17:00,2808.52249536708,0.0007390012807153467
2020-03-18 16:18:00,2808.8631351600757,0.0007544869445211944
2020-03-18 16:19:00,2810.9105657850087,0.0007633865152013244
2020-03-18 16:20:00,2810.1457220578814,0.0008028129773536982
2020-03-18 16:21:00,2803.996738587212,0.0008053022867159753
2020-03-18 16:22:00,2805.128342945244,0.0008209905659218045
2020-03-18 16:23:00,2805.72007745907,0.0008394803844937556
2020-03-18 16:24:00,2802.4722631977834,0.0008119093431530137
2020-03-18 16:25:00,2802.3033868598213,0.0008872809359506203
2020-03-18 16:26:00,2801.3269695109866,0.0009121384383224257
2020-03-18 16:27:00,2805.3612283048988,0.0009692290473596279
2020-03-18 16:28:00,2802.2595690936664,0.0010066946028934208
2020-03-18 16:29:00,2805.545887602579,0.0009688728944247515
2020-03-18 16:30:00,2807.1817676263204,0.0009131577557523023
2020-03-18 16:31:00,2808.918834283947,0.0008859892099668677
2020-03-18 16:32:00,2808.156428191054,0.0008270144388408071
2020-03-18 16:33:00,2802.526816680279,0.0008074440551761148
2020-03-18 16:34:00,2802.486656192901,0.0007423834547241281
2020-03-18 16:35:00,2802.9043619507947,0.000694142079870789
2020-03-18 16:36:00,2805.6304558834236,0.000756277815815768
2020-03-18 16:37:00,2805.8752647008732,0.0007548364938450094
2020-03-18 16:38:00,2803.3054133719147,0.0006948039968449476
2020-03-18 16:39:00,2804.636140860216,0.0007121730125822831
2020-03-18 16:40:00,2802.9080074352023,0.0007025130123661237
2020-03-18 16:41:00,2802.2216611577896,0.0007192453321757816
2020-03-18 16:42:00,2801.9347640557507,0.0007023280237696965
2020-03-18 16:43:00,2799.284120527421,0.00068953366027409
2020-03-18 16:44:00,2801.580761923656,0.0006831423892033803
2020-03-18 16:45:00,2804.5449335499443,0.0007609853005947591
2020-03-18 16:46:00,2808.991338798531,0.0007850202006263504
2020-03-18 16:47:00,2807.800446017194,0.0007687480349558545
2020-03-18 16:48:00,2809.608794275098,0.0008268095351452992
2020-03-18 16:49:00,2806.4526570847374,0.0008097454224382525
2020-03-18 16:50:00,2806.879444121855,0.0007910844094822329
2020-03-18 16:51:00,2808.0242648265685,0.0008170045466140664
2020-03-18 16:52:00,2808.484040565762,0.0008401008648006851
2020-03-18 16:53:00,2813.7599596036557,0.0008710015789006272
2020-03-18 16:54:00,2810.5914705189566,0.0008345489365589897
2020-03-18 16:55:00,2813.072442059824,0.0008632892783619993
2020-03-18 16:56:00,2816.5689468137307,0.0008314972890651406
2020-03-18 16:57:00,2819.643875382448,0.0008165964436097568
2020-03-18 16:58:00,2822.4907528774506,0.0007055159929708013
2020-03-18 16:59:00,2821.542483669013,0.000682467097894345
2020-03-18 17:00:00,2820.4883599866334,0.0006866179372176637
2020-03-18 17:01:00,2820.5388717093856,0.000707443993245444
2020-03-18 17:02:00,2817.688866050486,0.0007700079159886731
2020-03-18 17:03:00,2818.2476959827895,0.0008192170989911614
2020-03-18 17:04:00,2818.253910882428,0.0008831666452546175
2020-03-18 17:05:00,2816.087609710684,0.0008844489922399165
2020-03-18 17:06:00,2816.3773979108014,0.0008939009959965644
2020-03-18 17:07:00,2816.8567937962234,0.0008591336459496428
2020-03-18 17:08:00,2817.215387666871,0.0008217917350418346
2020-03-18 17:09:00,2817.2271518962443,0.0007975954741405142
2020-03-18 17:10:00,2816.9932897029175,0.0007699176128338318
2020-03-18 17:11:00,2817.0301803670336,0.0007358686015134379
2020-03-18 17:12:00,2817.689949834144,0.0007265676577539086
2020-03-18 17:13:00,2816.5677158356593,0.0007359042782440685
2020-03-18 17:14:00,2819.904753101624,0.0007276674621196147
2020-03-18 17:15:00,2816.8704632960153,0.0007166894831060945
2020-03-18 17:16:00,2814.7098857589663,0.0006783295966849073
2020-03-18 17:17:00,2816.3746777013484,0.0006952598757302985
2020-03-18 17:18:00,2816.781903757449,0.0006315815407941552
2020-03-18 17:19:00,2814.9353424652645,0.000663427906840361
2020-03-18 17:20:00,2813.85673972195,0.0006476150452396139
2020-03-18 17:21:00,2812.225928752305,0.0006205748237581677
2020-03-18 17:22:00,2811.6477201474527,0.0006345127000791797
2020-03-18 17:23:00,2812.7087493419217,0.0006238242076486647
2020-03-18 17:24:00,2810.818289882178,0.0006714493233937551
2020-03-18 17:25:00,2809.0957414838686,0.0007074686736124033
2020-03-18 17:26:00,2807.7925000628597,0.0007073780123704173
2020-03-18 17:27:00,2809.2222170031814,0.0006963652502560038
2020-03-18 17:28:00,2808.03494278445,0.0006800382801002738
2020-03-18 17:29:00,2805.5709458007336,0.0006518677827962741
2020-03-18 17:30:00,2803.0681815546823,0.0006223097994937174
2020-03-18 17:31:00,2804.2223640688626,0.0005926224935951234
2020-03-18 17:32:00,2799.666308026996,0.0005895000742803543
2020-03-18 17:33:00,2801.841963389037,0.0006517018188047853
2020-03-18 17:34:00,2802.083522146682,0.0007024773810369781
2020-03-18 17:35:00,2800.0118895473574,0.0006924011301279962
2020-03-18 17:36:00,2799.4761930750374,0.0006932892375487771
2020-03-18 17:37:00,2796.1693561295433,0.0006910835205917379
2020-03-18 17:38:00,2797.3577173444287,0.0006391443971657985
2020-03-18 17:39:00,2798.0635461848124,0.0006489268145313182
2020-03-18 17:40:00,2800.6536720228223,0.0006356305515964645
2020-03-18 17:41:00,2800.5887328847484,0.0006754933271452054
2020-03-18 17:42:00,2800.3313914062032,0.0006945188307229929
2020-03-18 17:43:00,2799.093331553493,0.0006855935989268185
2020-03-18 17:44:00,2802.2656470124425,0.0006710119482480741
2020-03-18 17:45:00,2804.1715707085673,0.0006481566213052361
2020-03-18 17:46:00,2803.0217040603034,0.0006417360190435687
2020-03-18 17:47:00,2804.4436658901973,0.0006266225138387995
2020-03-18 17:48:00,2805.83112288535,0.0006286874992305914
2020-03-18 17:49:00,2808.260178319168,0.0006379102130222844
2020-03-18 17:50:00,2806.77942314897,0.000614789721074826
2020-03-18 17:51:00,2807.6538835375623,0.0006610250710385783
2020-03-18 17:52:00,2808.913232131635,0.0006622541204237861
2020-03-18 17:53:00,2810.152619149324,0.0005945484874698676
2020-03-18 17:54:00,2808.2481426076306,0.0006426121836287774
2020-03-18 17:55:00,2810.37212002678,0.000715846543553347
2020-03-18 17:56:00,2809.042213743584,0.0007443512231599741
2020-03-18 17:57:00,2810.116559663842,0.000814185714914955
2020-03-18 17:58:00,2808.536015454713,0.0007868919073154968
2020-03-18 17:59:00,2809.1544134294013,0.0007953518148458201
2020-03-18 18:00:00,2803.199712661732,0.0008352010471456498
2020-03-18 18:01:00,2802.885700477388,0.0008770446665022764
2020-03-18 18:02:00,2804.481429575009,0.0008709391536007615
2020-03-18 18:03:00,2803.1614115736156,0.000872342447465831
2020-03-18 18:04:00,2803.5937856911764,0.0009168040616941519
2020-03-18 18:05:00,2804.8577954962147,0.000906436373379508
2020-03-18 18:06:00,2804.333437140895,0.000977895213403605
2020-03-18 18:07:00,2803.849990000529,0.000975227256314671
2020-03-18 18:08:00,2804.352911525671,0.0010597636801289955
2020-03-18 18:09:00,2806.262762685258,0.0010510578276819533
2020-03-18 18:10:00,2805.7082302057006,0.0010356265403856457
2020-03-18 18:11:00,2803.4548524776637,0.0010759526656609366
2020-03-18 18:12:00,2807.464563747757,0.0011142920217870993
2020-03-18 18:13:00,2801.5954245644957,0.001052237364556814
2020-03-18 18:14:00,2800.557241882351,0.0010368036596544075
2020-03-18 18:15:00,2801.634987245291,0.0010993351101667684
2020-03-18 18:16:00,2805.709222702979,0.001121913906808104
2020-03-18 18:17:00,2807.4585554373753,0.001138926521561417
2020-03-18 18:18:00,2804.5099942521733,0.001148762061128262
2020-03-18 18:19:00,2803.695404150261,0.0012078608199224293
2020-03-18 18:20:00,2810.6584054318064,0.0012589255047303458
2020-03-18 18:21:00,2809.8820721875695,0.0011950361455024447
2020-03-18 18:22:00,2812.4477310287007,0.00114100349415508
2020-03-18 18:23:00,2807.6786321985614,0.0011725827921062434
2020-03-18 18:24:00,2811.1694959570295,0.0011232048577188302
2020-03-18 18:25:00,2807.367356439291,0.0011963720456289475
2020-03-18 18:26:00,2812.760038275544,0.0012882139245755778
2020-03-18 18:27:00,2806.9156892835713,0.001343577511386898
2020-03-18 18:28:00,2801.350426180521,0.0014090154313544075
2020-03-18 18:29:00,2803.003324827558,0.0013960007753306865
2020-03-18 18:30:00,2800.3573700970464,0.0012915615737447356
2020-03-18 18:31:00,2802.9886448045545,0.0012368943299791294
2020-03-18 18:32:00,2797.3612645061303,0.0012535978891693974
2020-03-18 18:33:00,2793.5891678032485,0.0012518731234700215
2020-03-18 18:34:00,2793.814449623099,0.001267959025439691
2020-03-18 18:35:00,2796.246069352649,0.0012953281185977426
2020-03-18 18:36:00,2789.8306889563355,0.0013373837424815768
2020-03-18 18:37:00,2787.4499441535804,0.0013255238314790804
2020-03-18 18:38:00,2790.8509616111323,0.0012563544082527197
2020-03-18 18:39:00,2793.7959220869834,0.0012613232205897977
2020-03-18 18:40:00,2795.3301356541347,0.001219516571031159
2020-03-18 18:41:00,2799.9810752147578,0.0012183054274315657
2020-03-18 18:42:00,2807.12551635816,0.001130076365767442
2020-03-18 18:43:00,2812.1493997509924,0.0010986632099083886
2020-03-18 18:44:00,2816.8608423703595,0.0012438553876357964
2020-03-18 18:45:00,2826.873420429209,0.0013055997446105656
2020-03-18 18:46:00,2822.5474046233603,0.001302217261688626
2020-03-18 18:47:00,2824.8621343712744,0.0012813827259979566
2020-03-18 18:48:00,2824.4256695536205,0.0013220133720211657
2020-03-18 18:49:00,2826.3204371325487,0.0013402811852349333
2020-03-18 18:50:00,2820.0089572737356,0.0013388098753080724
2020-03-18 18:51:00,2821.449777241243,0.0012365472450006625
2020-03-18 18:52:00,2824.806332462636,0.001220894210166654
2020-03-18 18:53:00,2823.857131723162,0.0012401055260586311
2020-03-18 18:54:00,2822.687638509019,0.0013399232228748803
2020-03-18 18:55:00,2815.9168400323115,0.001309205885362076
2020-03-18 18:56:00,2826.203468320067,0.00130794715724505
2020-03-18 18:57:00,2823.535569128889,0.0014205545888345541
2020-03-18 18:58:00,2821.365065962849,0.0015068730991405102
2020-03-18 18:59:00,2827.1425535599337,0.001434724358907773
2020-03-18 19:00:00,2831.2944964907497,0.0013580169334964432
2020-03-18 19:01:00,2832.0002719657264,0.0013490809317034517
2020-03-18 19:02:00,2829.941042704897,0.0013167140503601259
2020-03-18 19:03:00,2831.5110464585846,0.0013140506722972047
2020-03-18 19:04:00,2837.370617326774,0.0012491272618349158
2020-03-18 19:05:00,2832.926379337944,0.0013092287301997717
2020-03-18 19:06:00,2834.43779679464,0.0012687724441789521
2020-03-18 19:07:00,2834.8284697120785,0.001278201682196095
2020-03-18 19:08:00,2833.3682432075934,0.0013023745657643833
2020-03-18 19:09:00,2831.167525098721,0.001432426603512374
2020-03-18 19:10:00,2833.9549744381898,0.0014841316203541793
2020-03-18 19:11:00,2828.3049137437497,0.0015786680497551608
2020-03-18 19:12:00,2821.45950377024,0.0016510534377131847
2020-03-18 19:13:00,2831.180592259864,0.0016546138395025435
2020-03-18 19:14:00,2837.2293429796496,0.0016610862415142222
2020-03-18 19:15:00,2832.8562119197363,0.0015861604689470156
2020-03-18 19:16:00,2835.072107176767,0.0016801158360983217
2020-03-18 19:17:00,2843.600783375908,0.0017401403248372513
2020-03-18 19:18:00,2854.379330909071,0.0017202171855532492
2020-03-18 19:19:00,2856.511720248795,0.001687036062936511
2020-03-18 19:20:00,2849.8523023245543,0.0016711961286759072
2020-03-18 19:21:00,2848.266932890711,0.0015836574916112196
2020-03-18 19:22:00,2848.3489814712084,0.001562305583537226
2020-03-18 19:23:00,2845.2791590661295,0.0016235861809062732
2020-03-18 19:24:00,2855.59048107386,0.0015359982790635264
2020-03-18 19:25:00,2853.529632792134,0.0015420388101857155
2020-03-18 19:26:00,2851.722915433152,0.0015525856033860401
2020-03-18 19:27:00,2849.0466315605713,0.0015969178557252981
2020-03-18 19:28:00,2845.357958108227,0.0015695540137522477
2020-03-18 19:29:00,2844.9453786951203,0.0015823386541567084
2020-03-18 19:30:00,2834.896922052527,0.001554170136737895
2020-03-18 19:31:00,2832.160273661955,0.0015058723548302402
2020-03-18 19:32:00,2832.0198256388426,0.0015598804900432556
2020-03-18 19:33:00,2836.8257701583616,0.0015688963417278955
2020-03-18 19:34:00,2836.384426099707,0.0015330353982479829
2020-03-18 19:35:00,2832.0962206757586,0.001528951324390677
2020-03-18 19:36:00,2830.9280956311413,0.0015289319869474457
2020-03-18 19:37:00,2836.491033021762,0.0014727766028384607
2020-03-18 19:38:00,2839.2157106849927,0.0015270112417871565
2020-03-18 19:39:00,2842.002698114838,0.0015987853609528081
2020-03-18 19:40:00,2842.2891631147168,0.0015876078346126784
2020-03-18 19:41:00,2838.7378119466434,0.0016800613997533978
2020-03-18 19:42:00,2831.3349445425733,0.001782855162529986
2020-03-18 19:43:00,2835.6725713857427,0.0019377078941222575
2020-03-18 19:44:00,2833.0048066958384,0.0019959003322133403
2020-03-18 19:45:00,2831.3969163499014,0.0020133820542564827
2020-03-18 19:46:00,2829.4675715235053,0.0020822830389286636
2020-03-18 19:47:00,2832.9532148815006,0.0019015817379767776
2020-03-18 19:48:00,2830.4508137257003,0.0018801107059348413
2020-03-18 19:49:00,2832.588861311724,0.0017251753826640743
2020-03-18 19:50:00,2830.8403620790673,0.0016842866095227226
2020-03-18 19:51:00,2837.28980685209,0.0017946900163652937
2020-03-18 19:52:00,2847.939335448943,0.0017429838429150425
2020-03-18 19:53:00,2846.8741359851156,0.0018178803997351265
2020-03-18 19:54:00,2840.823661086774,0.0017921772774029715
2020-03-18 19:55:00,2834.4899456492767,0.0019509441323978581
2020-03-18 19:56:00,2838.371458593037,0.002055728199888302
2020-03-18 19:57:00,2841.197929914783,0.0020073813939969682
2020-03-18 19:58:00,2834.6620631279793,0.0019093926109363868
2020-03-18 19:59:00,2828.059482960804,0.002063603895495228
2020-03-19 13:30:00,2831.887118103541,0.0020899768349308834
2020-03-19 13:31:00,2839.9718647057566,0.002208209174078631
2020-03-19 13:32:00,2849.7260844728103,0.0022576328483609044
2020-03-19 13:33:00,2854.0137533420966,0.002183900451173086
2020-03-19 13:34:00,2855.602868991702,0.0022698584043782622
2020-03-19 13:35:00,2862.91926922557,0.002276104385602339
2020-03-19 13:36:00,2870.7017981455756,0.0023866190302553273
2020-03-19 13:37:00,2884.448759533766,0.002381693188982308
2020-03-19 13:38:00,2883.4527708918868,0.0022511333562151396
2020-03-19 13:39:00,2891.073865503676,0.0022514616922372495
2020-03-19 13:40:00,2908.9242942616543,0.002349810522321638
2020-03-19 13:41:00,2903.957581416834,0.0023191411549931635
2020-03-19 13:42:00,2909.5488405766314,0.0021945795827575465
2020-03-19 13:43:00,2910.029640787372,0.002249918894852602
2020-03-19 13:44:00,2905.8147003819063,0.0024702141578491423
2020-03-19 13:45:00,2897.336294571989,0.002619577812745084
2020-03-19 13:46:00,2894.691641538736,0.002554874303745593
2020-03-19 13:47:00,2900.611121549601,0.0026245653870197367
2020-03-19 13:48:00,2903.030290308343,0.002626651296416022
2020-03-19 13:49:00,2895.393498785294,0.002686564003945572
2020-03-19 13:50:00,2898.429219829025,0.0028304963809017607
2020-03-19 13:51:00,2903.811452560515,0.0027176151623408517
2020-03-19 13:52:00,2910.4390993991074,0.0026553132807698877
2020-03-19 13:53:00,2903.464196358393,0.0026808160877834285
2020-03-19 13:54:00,2917.758544245853,0.0026574918349325707
2020-03-19 13:55:00,2912.9809474047593,0.0028599745565458566
2020-03-19 13:56:00,2914.8643849867235,0.0027869014706400136
2020-03-19 13:57:00,2905.9692271017148,0.0030240973522184826
2020-03-19 13:58:00,2915.3675546440018,0.0029305636679950553
2020-03-19 13:59:00,2907.583321821198,0.002874553816817035
2020-03-19 14:00:00,2902.836607386398,0.0027808244902851257
2020-03-19 14:01:00,2892.4869437325024,0.0028379104506192623
2020-03-19 14:02:00,2897.5817167872574,0.002589507180722289
2020-03-19 14:03:00,2911.122096537233,0.0025493870861917475
2020-03-19 14:04:00,2902.145495582591,0.002355357865653836
2020-03-19 14:05:00,2910.362200626174,0.0024866262219096066
2020-03-19 14:06:00,2904.448716555929,0.0025336819376501705
2020-03-19 14:07:00,2899.2658886686136,0.0027220506001572526
2020-03-19 14:08:00,2895.011648692438,0.00264507566860024
2020-03-19 14:09:00,2892.7272634473393,0.002547509415054741
2020-03-19 14:10:00,2905.1534826960037,0.002591184169922528
2020-03-19 14:11:00,2897.0506313938135,0.002918056312615869
2020-03-19 14:12:00,2906.4144764317934,0.0026660272353049917
2020-03-19 14:13:00,2900.7014623969867,0.0026060546779294144
2020-03-19 14:14:00,2897.216820762661,0.0025534925600748603
2020-03-19 14:15:00,2907.617940041927,0.002474244334174872
2020-03-19 14:16:00,2920.999688157349,0.0026128734464626047
2020-03-19 14:17:00,2918.478966166019,0.002714400245610015
2020-03-19 14:18:00,2927.6115061267255,0.0026270492062083254
2020-03-19 14:19:00,2924.988233667184,0.0026517508573201225
2020-03-19 14:20:00,2928.464733198413,0.0028711586518974357
2020-03-19 14:21:00,2919.0960228125373,0.0027796302245533455
2020-03-19 14:22:00,2916.161364660265,0.002949886996719188
2020-03-19 14:23:00,2923.945823904736,0.0027365913564061342
2020-03-19 14:24:00,2925.2799043014115,0.0024936459537357202
2020-03-19 14:25:00,2923.122700115604,0.0023877738323693407
2020-03-19 14:26:00,2912.8164916875044,0.0024518377109116036
2020-03-19 14:27:00,2920.1006907071524,0.002371969096045572
2020-03-19 14:28:00,2934.3315073765298,0.0023695001257375272
2020-03-19 14:29:00,2946.0867943646062,0.002412995529150426
2020-03-19 14:30:00,2948.5798005212755,0.002513762983484951
2020-03-19 14:31:00,2956.356569552361,0.0025917929531549195
2020-03-19 14:32:00,2946.3150134631283,0.002697902312392066
2020-03-19 14:33:00,2961.8900153627765,0.002530080297681412
2020-03-19 14:34:00,2958.9654469812494,0.0024803973101233143
2020-03-19 14:35:00,2961.71447634069,0.0024639540060413336
2020-03-19 14:36:00,2969.0228256268483,0.0024588143636596624
2020-03-19 14:37:00,2968.882634168876,0.002318038797959319
2020-03-19 14:38:00,2967.899215284872,0.0023481941938622536
2020-03-19 14:39:00,2961.749198048631,0.0026807411429843856
2020-03-19 14:40:00,2958.5241639341857,0.0026255330560081146
2020-03-19 14:41:00,2950.7508298621415,0.0026995290767438057
2020-03-19 14:42:00,2954.087304008415,0.0027776742606111966
2020-03-19 14:43:00,2952.9292743351293,0.0027158996247449454
2020-03-19 14:44:00,2953.4048392883406,0.0027774052943990947
2020-03-19 14:45:00,2944.761670107054,0.002738784654259401
2020-03-19 14:46:00,2946.3609329706114,0.002618345744388732
2020-03-19 14:47:00,2947.9801148255715,0.0026281283668010526
2020-03-19 14:48:00,2954.4924901549593,0.002509972509414008
2020-03-19 14:49:00,2953.0326918652363,0.0024198631463092663
2020-03-19 14:50:00,2956.1570035787713,0.0023607892114045187
2020-03-19 14:51:00,2963.485947577465,0.0024856726749140786
2020-03-19 14:52:00,2961.911887395667,0.002332819860744117
2020-03-19 14:53:00,2967.7027532807465,0.002443914859960421
2020-03-19 14:54:00,2966.583431039189,0.0024885827657561066
2020-03-19 14:55:00,2962.8275501734643,0.002587105567282539
2020-03-19 14:56:00,2969.725283777497,0.002363425339062568
2020-03-19 14:57:00,2968.5645454766004,0.0023801872044840583
2020-03-19 14:58:00,2958.85502880454,0.0025158835373167814
2020-03-19 14:59:00,2949.8762470988813,0.0023374784514991116
2020-03-19 15:00:00,2952.169043931149,0.0024598230254715527
2020-03-19 15:01:00,2960.8820358465073,0.0023681761105264817
2020-03-19 15:02:00,2947.3741298362115,0.002502798767168517
2020-03-19 15:03:00,2948.6136922867004,0.0024488738202790854
2020-03-19 15:04:00,2941.9717274086,0.002347556660073814
2020-03-19 15:05:00,2937.484545806263,0.0022650027979283518
2020-03-19 15:06:00,2942.4826216294946,0.0021839772946911132
2020-03-19 15:07:00,2947.46358603797,0.0023388780747431214
2020-03-19 15:08:00,2943.3869929567823,0.002474224755515613
2020-03-19 15:09:00,2946.2204621372202,0.0026454168629600817
2020-03-19 15:10:00,2952.055009614576,0.0025401883853829817
2020-03-19 15:11:00,2945.7139555804515,0.002583366083157892
2020-03-19 15:12:00,2942.9637292776165,0.0025511515144314443
2020-03-19 15:13:00,2951.9049509864603,0.002552854186727663
2020-03-19 15:14:00,2943.847784813442,0.002613566376438546
2020-03-19 15:15:00,2938.7319968214074,0.0027549225578095515
2020-03-19 15:16:00,2942.762086277219,0.0025536654755606014
2020-03-19 15:17:00,2935.427537937924,0.0026193369926793214
2020-03-19 15:18:00,2935.4652022283994,0.0025380088491529103
2020-03-19 15:19:00,2945.204550243907,0.0027115662340831364
2020-03-19 15:20:00,2951.2670447370683,0.0027243539368527157
2020-03-19 15:21:00,2941.494785988318,0.002721912255341321
2020-03-19 15:22:00,2949.6006515131703,0.002800077597361329
2020-03-19 15:23:00,2967.314928843909,0.002884247282720965
2020-03-19 15:24:00,2967.103374121145,0.002988580290764012
2020-03-19 15:25:00,2973.027899052609,0.0029078534250943726
2020-03-19 15:26:00,2958.017736639215,0.002786435835442117
2020-03-19 15:27:00,2962.7596590838043,0.002722013073340655
2020-03-19 15:28:00,2953.5223859329894,0.0027363460374182228
2020-03-19 15:29:00,2956.567606785441,0.002486608259828139
2020-03-19 15:30:00,2957.9522363091346,0.002652334072427026
2020-03-19 15:31:00,2944.666267923184,0.0026050303626326825
2020-03-19 15:32:00,2934.7804282686384,0.0025928112683767796
2020-03-19 15:33:00,2944.1554090345694,0.0027010202511170422
2020-03-19 15:34:00,2947.308880483134,0.002733247710048166
2020-03-19 15:35:00,2942.68109192143,0.0027513294608292123
2020-03-19 15:36:00,2949.0196152300177,0.002462985300772181
2020-03-19 15:37:00,2956.7563366258955,0.0025972529749549436
2020-03-19 15:38:00,2957.344756022679,0.0025180063766499575
2020-03-19 15:39:00,2965.1065419118927,0.0025066151612036336
2020-03-19 15:40:00,2963.4870652208233,0.002419218157016634
2020-03-19 15:41:00,2967.0305851033822,0.0023693241951724293
2020-03-19 15:42:00,2971.3235867137196,0.0023264043829552567
2020-03-19 15:43:00,2966.2322820495315,0.0022688151202906364
2020-03-19 15:44:00,2964.716485260021,0.0022792487418811006
2020-03-19 15:45:00,2975.8550838298856,0.0023361106895317236
2020-03-19 15:46:00,2977.528340531826,0.0022894158447432102
2020-03-19 15:47:00,2974.7154327148146,0.0022447712275224635
2020-03-19 15:48:00,2968.9405096679816,0.0021664709028119352
2020-03-19 15:49:00,2969.3980740087977,0.002131950008259625
2020-03-19 15:50:00,2969.661838897893,0.0023428717019959625
2020-03-19 15:51:00,2970.0135416671415,0.002362568805387355
2020-03-19 15:52:00,2975.4349963340733,0.002449472758309808
2020-03-19 15:53:00,2977.4048812871574,0.0024156958185259825
2020-03-19 15:54:00,2986.046890799891,0.0024503632906192375
2020-03-19 15:55:00,2980.076647869887,0.002728710075366713
2020-03-19 15:56:00,2980.8478789560927,0.0027037161218939586
2020-03-19 15:57:00,2959.0607564422935,0.0027845717758227975
2020-03-19 15:58:00,2952.3708858751675,0.0026389970110384563
2020-03-19 15:59:00,2953.6522265926224,0.0026508552126703693
2020-03-19 16:00:00,2953.6054118660923,0.002486728052077703
2020-03-19 16:01:00,2948.365496762498,0.0026049142807493676
2020-03-19 16:02:00,2942.0728357451685,0.002507929230355753
2020-03-19 16:03:00,2947.071395334035,0.002584200485684372
2020-03-19 16:04:00,2949.141902509573,0.00260526468280376
2020-03-19 16:05:00,2935.588073713487,0.0025485403223134604
2020-03-19 16:06:00,2932.080194116952,0.0024796110398626657
2020-03-19 16:07:00,2932.7772982198217,0.002595596554597196
2020-03-19 16:08:00,2919.3078617738056,0.0026092821171100813
2020-03-19 16:09:00,2921.8070867287806,0.0024125197265642156
2020-03-19 16:10:00,2921.6195469494382,0.0023720740406027005
2020-03-19 16:11:00,2935.0454218702766,0.002219401688943118
2020-03-19 16:12:00,2930.5999660388115,0.0020840271251191906
2020-03-19 16:13:00,2924.2633822056755,0.0021866223599050875
2020-03-19 16:14:00,2915.5962698062317,0.0021376625270669056
2020-03-19 16:15:00,2918.3423147666863,0.0022526440464257424
2020-03-19 16:16:00,2921.8634401295562,0.002098925959478087
2020-03-19 16:17:00,2923.5099911391226,0.002196266833388368
2020-03-19 16:18:00,2928.268996771565,0.0020995134777749267
2020-03-19 16:19:00,2926.660487492033,0.002082647886092696
2020-03-19 16:20:00,2922.3575774541723,0.002010477680228598
2020-03-19 16:21:00,2925.290819879965,0.0019534775409215614
2020-03-19 16:22:00,2915.731130268172,0.001834622390689884
2020-03-19 16:23:00,2915.4813816138885,0.0017884193002214886
2020-03-19 16:24:00,2920.0350918075164,0.0018835560447765705
2020-03-19 16:25:00,2915.2118493707635,0.0018603088664729552
2020-03-19 16:26:00,2907.7092134526592,0.0018132556543142566
2020-03-19 16:27:00,2914.212715219245,0.0018469935094937032
2020-03-19 16:28:00,2899.8031534368706,0.0018694340513860513
2020-03-19 16:29:00,2901.398005061,0.0017987726890718962
2020-03-19 16:30:00,2899.3170933730335,0.001793946984304358
2020-03-19 16:31:00,2895.220447600709,0.0018086883804137163
2020-03-19 16:32:00,2891.8112291591415,0.0016736033511933247
2020-03-19 16:33:00,2883.1126952987884,0.0018056144244339215
2020-03-19 16:34:00,2879.951435052396,0.0017007013790074734
2020-03-19 16:35:00,2885.5526943241866,0.0015074697214809275
2020-03-19 16:36:00,2879.823313707848,0.001476271005787246
2020-03-19 16:37:00,2885.3039476781278,0.0015055004775450143
2020-03-19 16:38:00,2887.109466941437,0.0014595963710475803
2020-03-19 16:39:00,2880.5065637303037,0.0014837481660910075
2020-03-19 16:40:00,2890.3933257021795,0.0014973478196320727
2020-03-19 16:41:00,2888.774545766058,0.0014085410625549665
2020-03-19 16:42:00,2890.0276668085494,0.001429386791727867
2020-03-19 16:43:00,2895.2943231287472,0.0013690303467200422
2020-03-19 16:44:00,2891.973787238678,0.0012807099545575316
2020-03-19 16:45:00,2894.787668612024,0.0011475586627380326
2020-03-19 16:46:00,2894.7856531353236,0.0010400473089828062
2020-03-19 16:47:00,2898.195616026468,0.0009869017799882167
2020-03-19 16:48:00,2901.278464291678,0.0010216745386784193
2020-03-19 16:49:00,2900.487804956982,0.0010569503655110154
2020-03-19 16:50:00,2904.430151889512,0.0009603271224749377
2020-03-19 16:51:00,2907.2718142721246,0.0009442560059138679
2020-03-19 16:52:00,2905.464206073092,0.0009783187861929193
2020-03-19 16:53:00,2897.7816639474445,0.0009818789432676778
2020-03-19 16:54:00,2899.7023022512085,0.0009996201727502977
2020-03-19 16:55:00,2900.3590241149363,0.0008972819992199975
2020-03-19 16:56:00,2901.059817010512,0.0009004229498776389
2020-03-19 16:57:00,2895.5317701331523,0.0008982366969058629
2020-03-19 16:58:00,2896.5973590196136,0.0008590568728120422
2020-03-19 16:59:00,2897.6956201220514,0.0009038027877394508
2020-03-19 17:00:00,2896.7281606395254,0.0009035087967330704
2020-03-19 17:01:00,2892.796244189159,0.0008261812271359622
2020-03-19 17:02:00,2892.049030843215,0.0008305001445601042
2020-03-19 17:03:00,2894.1496789156704,0.0008562127885261434
2020-03-19 17:04:00,2893.515989448281,0.0008351330621105499
2020-03-19 17:05:00,2892.8470866685707,0.0008424194618494497
2020-03-19 17:06:00,2895.219542594958,0.0008251839728141275
2020-03-19 17:07:00,2895.0880722294655,0.0008357421638498423
2020-03-19 17:08:00,2895.735915005272,0.0008331323551740788
2020-03-19 17:09:00,2896.800843957709,0.0009599721219761135
2020-03-19 17:10:00,2897.057050805715,0.0009483037798756121
2020-03-19 17:11:00,2897.607111389925,0.000925740077321539
2020-03-19 17:12:00,2898.89993445686,0.0009550341183402724
2020-03-19 17:13:00,2891.4524445225334,0.001008281531665466
2020-03-19 17:14:00,2889.408637917597,0.001110573240059552
2020-03-19 17:15:00,2888.965803733133,0.0010562443229340782
2020-03-19 17:16:00,2886.2596747679604,0.0009712041252926909
2020-03-19 17:17:00,2885.4732489173575,0.0009087268240302685
2020-03-19 17:18:00,2885.3218282751745,0.000906133402906898
2020-03-19 17:19:00,2886.0592240365904,0.0008449948737058924
2020-03-19 17:20:00,2887.7509894246323,0.0007560759988886546
2020-03-19 17:21:00,2884.7902144033205,0.0007280605862984789
2020-03-19 17:22:00,2884.1895594415314,0.0006837989734213076
2020-03-19 17:23:00,2883.337091867734,0.0006947444108634864
2020-03-19 17:24:00,2881.820215517022,0.0007422618511402406
2020-03-19 17:25:00,2882.4234821916084,0.0007582088000548623
2020-03-19 17:26:00,2882.840496065323,0.0007363834811369824
2020-03-19 17:27:00,2885.203685670854,0.0007281921119426258
2020-03-19 17:28:00,2883.4581459306696,0.0007200638138840245
2020-03-19 17:29:00,2882.8486333677874,0.0007231848072010758
2020-03-19 17:30:00,2879.483382891308,0.0006927940237406821
2020-03-19 17:31:00,2877.203493035673,0.0006842879282662104
2020-03-19 17:32:00,2880.759780552973,0.0006499307920478329
2020-03-19 17:33:00,2880.1560676705303,0.000624080121070917
2020-03-19 17:34:00,2877.5544400652257,0.0005981666229513204
2020-03-19 17:35:00,2878.014201840958,0.0005941513261934465
2020-03-19 17:36:00,2879.188113731099,0.0005637489162877143
2020-03-19 17:37:00,2879.036961036987,0.0005481000445704164
2020-03-19 17:38:00,2878.199879589307,0.0005429570182917345
2020-03-19 17:39:00,2877.942273102927,0.000572336060658448
2020-03-19 17:40:00,2877.757643121273,0.0005787568065238265
2020-03-19 17:41:00,2878.5726818881008,0.0005966034837798395
2020-03-19 17:42:00,2878.711033534551,0.0005693085405009579
2020-03-19 17:43:00,2877.0266612872315,0.0005878870040291456
2020-03-19 17:44:00,2876.277806694254,0.0006126900318435407
2020-03-19 17:45:00,2879.2475068790354,0.0006100765528030024
2020-03-19 17:46:00,2877.334187639941,0.0006366003274069897
2020-03-19 17:47:00,2874.600129648374,0.0005801790737653699
2020-03-19 17:48:00,2875.6179635725325,0.0005886059715039575
2020-03-19 17:49:00,2875.015510839788,0.0005595356450206648
2020-03-19 17:50:00,2876.2730730959147,0.0005793930311340936
2020-03-19 17:51:00,2874.557199269586,0.0005815249801773874
2020-03-19 17:52:00,2871.6731299352073,0.0006142831582890217
2020-03-19 17:53:00,2872.559795456814,0.000604127885322016
2020-03-19 17:54:00,2874.893095974316,0.0005908592633570186
2020-03-19 17:55:00,2875.4875540090507,0.0005375177605529615
2020-03-19 17:56:00,2874.4812570496624,0.000527467969064615
2020-03-19 17:57:00,2875.328108594232,0.0004762365673264647
2020-03-19 17:58:00,2873.422517604725,0.00047741482523946184
2020-03-19 17:59:00,2873.851750794247,0.0004449423748383647
2020-03-19 18:00:00,2875.6144399307022,0.00042864064949121346
2020-03-19 18:01:00,2875.558019735677,0.00040635102542241173
2020-03-19 18:02:00,2876.155422211842,0.00039453948608604155
2020-03-19 18:03:00,2878.427778589399,0.00038072882892248164
2020-03-19 18:04:00,2877.1065283993194,0.00037082407395818003
2020-03-19 18:05:00,2876.942692987249,0.00035846422225247756
2020-03-19 18:06:00,2876.5361676986904,0.0003806500125196883
2020-03-19 18:07:00,2875.5068490928165,0.0003945623450796897
2020-03-19 18:08:00,2875.846198984176,0.000409108714109275
2020-03-19 18:09:00,2877.7927746638798,0.00041574612717771295
2020-03-19 18:10:00,2878.607533923598,0.0004200481551283411
2020-03-19 18:11:00,2878.4831106129877,0.000423649047550564
2020-03-19 18:12:00,2877.940159446664,0.00042682457683311206
2020-03-19 18:13:00,2878.3331610688233,0.00045534551108074615
2020-03-19 18:14:00,2881.1543753499172,0.0004818006072441265
2020-03-19 18:15:00,2883.402578312658,0.00047959076820449335
2020-03-19 18:16:00,2884.119848600905,0.0004904528885668601
2020-03-19 18:17:00,2883.5975762172975,0.00048036037085315427
2020-03-19 18:18:00,2883.0222986212984,0.0004262354625850632
2020-03-19 18:19:00,2882.1276755641934,0.0004256768106963874
2020-03-19 18:20:00,2882.0258786862482,0.0004202179793721399
2020-03-19 18:21:00,2882.4937259081757,0.0004079741010016141
2020-03-19 18:22:00,2881.0986287775672,0.00042124331258226104
2020-03-19 18:23:00,2882.766244446158,0.0003925315433609219
2020-03-19 18:24:00,2882.893473550948,0.00038856645549467563
2020-03-19 18:25:00,2882.0915197779495,0.0003780693456717403
2020-03-19 18:26:00,2883.4716220820624,0.00036876048151297217
2020-03-19 18:27:00,2883.850323569653,0.00039015348003270745
2020-03-19 18:28:00,2883.4484879587008,0.00040061860161746574
2020-03-19 18:29:00,2884.5370824262113,0.0004061944674854528
2020-03-19 18:30:00,2884.91991165981,0.0004000635924413094
2020-03-19 18:31:00,2883.7726246904153,0.0004080548487435571
2020-03-19 18:32:00,2883.7491631903517,0.00039328599739051165
2020-03-19 18:33:00,2883.8211215757415,0.00038653511411561656
2020-03-19 18:34:00,2884.344834273108,0.0003658347339548021
2020-03-19 18:35:00,2883.03670321349,0.0003751217131601442
2020-03-19 18:36:00,2882.7041503518262,0.0003621334711748913
2020-03-19 18:37:00,2881.764848545044,0.00036088360811278647
2020-03-19 18:38:00,2881.0470078524127,0.0003638870855875876
2020-03-19 18:39:00,2878.9635013458555,0.00036114549929355225
2020-03-19 18:40:00,2879.244972666953,0.0003727679422655182
2020-03-19 18:41:00,2880.310051283049,0.0003782808588614603
2020-03-19 18:42:00,2880.566431406715,0.00038610306571258956
2020-03-19 18:43:00,2880.1255800556464,0.00041305450759680594
2020-03-19 18:44:00,2879.49851838046,0.0004228422966162783
2020-03-19 18:45:00,2878.171708894476,0.00039592057977344303
2020-03-19 18:46:00,2877.2764185686833,0.0003702657843554263
2020-03-19 18:47:00,2876.7054297313866,0.00037593650820001376
2020-03-19 18:48:00,2878.0750708097544,0.0003500560956881535
2020-03-19 18:49:00,2877.2679168278582,0.00035459893695903333
2020-03-19 18:50:00,2878.211488566013,0.00037051659087457696
2020-03-19 18:51:00,2879.4842398999285,0.00040092094240726765
2020-03-19 18:52:00,2880.903627173437,0.0003766125943876074
2020-03-19 18:53:00,2878.49768747396,0.0003508382749723965
2020-03-19 18:54:00,2879.059094831681,0.00035363779971622924
2020-03-19 18:55:00,2880.5701440423704,0.0003508558653740814
2020-03-19 18:56:00,2882.044060494503,0.0003664586408483821
2020-03-19 18:57:00,2881.65717761307,0.0003801441255025841
2020-03-19 18:58:00,2882.0627033325136,0.00037375449647429203
2020-03-19 18:59:00,2883.1759992132,0.00036411151784073803
2020-03-19 19:00:00,2883.089395247391,0.0003805184959303358
2020-03-19 19:01:00,2881.342963149999,0.0003838260039692126
2020-03-19 19:02:00,2881.646708084055,0.0004048307496377317
2020-03-19 19:03:00,2881.4612207061423,0.0003692877345461448
2020-03-19 19:04:00,2879.9683430244218,0.00038173388879035906
2020-03-19 19:05:00,2881.3737989747724,0.0003675278191665407
2020-03-19 19:06:00,2881.512707694526,0.00038211262752114837
2020-03-19 19:07:00,2881.4912385764023,0.0004029987500678837
2020-03-19 19:08:00,2880.9611445196933,0.0004277685339904268
2020-03-19 19:09:00,2880.800182662984,0.00041737907670765304
2020-03-19 19:10:00,2881.034411645105,0.00044615280277602145
2020-03-19 19:11:00,2880.1194802055124,0.00043639461274083783
2020-03-19 19:12:00,2879.1734153725956,0.00043370932528233856
2020-03-19 19:13:00,2878.7503529792875,0.0004617723681010633
2020-03-19 19:14:00,2881.3232077681378,0.00047480539552789377
2020-03-19 19:15:00,2882.57679752214,0.0004646702451155071
2020-03-19 19:16:00,2885.586719028109,0.0004638473222607516
2020-03-19 19:17:00,2884.364877084399,0.0004622792470639667
2020-03-19 19:18:00,2884.8371187541975,0.00044244329091176846
2020-03-19 19:19:00,2884.9390115066553,0.000459051833750033
2020-03-19 19:20:00,2885.8046639066856,0.000433139446500956
2020-03-19 19:21:00,2886.1442183576683,0.00043599874347150837
2020-03-19 19:22:00,2887.9396378726374,0.00043136924531083574
2020-03-19 19:23:00,2890.769488551273,0.0004389089177968936
2020-03-19 19:24:00,2889.9762697241795,0.00044183537388658994
2020-03-19 19:25:00,2891.8697039105673,0.00044185216915668086
2020-03-19 19:26:00,2891.3717586642097,0.00042666473514661946
2020-03-19 19:27:00,2892.318037305533,0.0004176767185597288
2020-03-19 19:28:00,2891.029520113224,0.0004355991178904161
2020-03-19 19:29:00,2892.474543336839,0.00044078868541082554
2020-03-19 19:30:00,2891.1280351986784,0.000446143147461128
2020-03-19 19:31:00,2889.3375962204395,0.0004815217632664825
2020-03-19 19:32:00,2889.2003248946617,0.0004938587190866505
2020-03-19 19:33:00,2888.9824028312023,0.0004760464577615465
2020-03-19 19:34:00,2888.73618740924,0.0004617044088016616
2020-03-19 19:35:00,2887.7037269504067,0.0004479993684157973
2020-03-19 19:36:00,2887.2063052750987,0.00046102078794900533
2020-03-19 19:37:00,2887.2162519727763,0.0004731862566927961
2020-03-19 19:38:00,2886.627176508678,0.000503562702505521
2020-03-19 19:39:00,2886.575661988084,0.0004813147271607477
2020-03-19 19:40:00,2888.599716815939,0.0004984593793217022
2020-03-19 19:41:00,2888.0254478879165,0.0004640903597052998
2020-03-19 19:42:00,2887.817687583072,0.00047733582621716436
2020-03-19 19:43:00,2888.942393458942,0.0005009968554114571
2020-03-19 19:44:00,2887.8051452763657,0.0005203570173439693
2020-03-19 19:45:00,2890.2026283280347,0.0005417067610276188
2020-03-19 19:46:00,2890.1468912187233,0.0005337181880308961
2020-03-19 19:47:00,2888.387315466362,0.0005233068758242432
2020-03-19 19:48:00,2886.100459232297,0.0005234283443436848
2020-03-19 19:49:00,2885.5817925363067,0.0005149162680049723
2020-03-19 19:50:00,2886.1146656703877,0.0005402645381247627
2020-03-19 19:51:00,2885.701705067484,0.0005724262521471857
2020-03-19 19:52:00,2885.991849224411,0.0005691880296468158
2020-03-19 19:53:00,2886.6111980541846,0.0006087554102398074
2020-03-19 19:54:00,2886.377148386739,0.0005745805357616352
2020-03-19 19:55:00,2886.4129634293213,0.0005502834533979119
2020-03-19 19:56:00,2887.9395965171075,0.0005693285361477541
2020-03-19 19:57:00,2888.0366056176736,0.0005998699445250977
2020-03-19 19:58:00,2886.7665153706316,0.0006195412149282662
2020-03-19 19:59:00,2887.0962242435444,0.0006346380264435888
2020-03-20 13:30:00,2713.333316607678,0.0006427717832298952
2020-03-20 13:31:00,2711.5765302709992,0.0006954523249965026
2020-03-20 13:32:00,2710.6431697534185,0.0006814522244528014
2020-03-20 13:33:00,2712.3086291434543,0.0007064728757184437
2020-03-20 13:34:00,2713.021236448235,0.0006976583445815083
2020-03-20 13:35:00,2711.780135629236,0.0007392010001029247
2020-03-20 13:36:00,2711.345400260738,0.0007607304968096592
2020-03-20 13:37:00,2711.960594177837,0.00076149636475521
2020-03-20 13:38:00,2713.2410981462467,0.0007428012835789977
2020-03-20 13:39:00,2714.5555132982486,0.0007054667805583212
2020-03-20 13:40:00,2717.2352507201585,0.0007148205675570958
2020-03-20 13:41:00,2717.4463433811165,0.000674507852699803
2020-03-20 13:42:00,2711.168002496514,0.0006946079778830852
2020-03-20 13:43:00,2711.342252837991,0.0006934170462061709
2020-03-20 13:44:00,2713.617810879457,0.00070393757243138
2020-03-20 13:45:00,2714.825284380219,0.0007147135940097326
2020-03-20 13:46:00,2712.917894462434,0.0007385917050530954
2020-03-20 13:47:00,2713.4640389306596,0.0007205646714587906
2020-03-20 13:48:00,2713.310174441527,0.0007315210721248536
2020-03-20 13:49:00,2711.8716653485917,0.0007764471611015326
2020-03-20 13:50:00,2711.2425685838825,0.0007856083852323454
2020-03-20 13:51:00,2709.8249931613054,0.0007542088281527117
2020-03-20 13:52:00,2706.071680950112,0.0008029917500850791
2020-03-20 13:53:00,2707.063839501334,0.0007979893449319708
2020-03-20 13:54:00,2707.5652520772164,0.000814001973726088
2020-03-20 13:55:00,2707.839784141861,0.0008267654168043071
2020-03-20 13:56:00,2706.4854694424425,0.0007801189953695636
2020-03-20 13:57:00,2704.1464652391987,0.0008166671411967805
2020-03-20 13:58:00,2707.0726838562764,0.0007759284308425288
2020-03-20 13:59:00,2704.3592754213064,0.000748214187480564
2020-03-20 14:00:00,2703.8741899003744,0.0007639601973125861
2020-03-20 14:01:00,2701.8754695388907,0.0007838959788590216
2020-03-20 14:02:00,2701.646808025299,0.000861122269022404
2020-03-20 14:03:00,2705.612049799827,0.0008873167161971845
2020-03-20 14:04:00,2706.2466177279275,0.0008445835594208159
2020-03-20 14:05:00,2707.403672664491,0.0008647201520919471
2020-03-20 14:06:00,2712.341321986256,0.0008987107169233926
2020-03-20 14:07:00,2713.535430443064,0.000909066605516056
2020-03-20 14:08:00,2718.396191072542,0.0009292251651254476
2020-03-20 14:09:00,2718.154778320413,0.0009632024226257074
2020-03-20 14:10:00,2717.0456995771024,0.0009492985419848152
2020-03-20 14:11:00,2718.692708032552,0.0009084025796245155
2020-03-20 14:12:00,2716.819135989389,0.0008487579330147843
2020-03-20 14:13:00,2714.4258671117777,0.0008457804931178291
2020-03-20 14:14:00,2716.1306144973955,0.0008579832948523404
2020-03-20 14:15:00,2721.8773133154727,0.0008375486237078135
2020-03-20 14:16:00,2725.6667909162607,0.000900684401564292
2020-03-20 14:17:00,2725.1829414054487,0.0008796802781171793
2020-03-20 14:18:00,2725.020410584346,0.00098116700880258
2020-03-20 14:19:00,2724.423696233966,0.0009317100454917269
2020-03-20 14:20:00,2726.589715944182,0.0009080888579129935
2020-03-20 14:21:00,2727.2763592985216,0.0009227493572589198
2020-03-20 14:22:00,2725.0307917905557,0.0008706573579047195
2020-03-20 14:23:00,2726.693249581229,0.0009503937701600456
2020-03-20 14:24:00,2723.1465754669653,0.0008955793872108815
2020-03-20 14:25:00,2723.8151533486575,0.0009321684779249375
2020-03-20 14:26:00,2725.3433455808736,0.0008836058684449117
2020-03-20 14:27:00,2726.9995556455738,0.0009077621796984036
2020-03-20 14:28:00,2723.207066309918,0.0009064158514139897
2020-03-20 14:29:00,2727.7722110848,0.0009421382595624378
2020-03-20 14:30:00,2725.806636477115,0.000909761938431896
2020-03-20 14:31:00,2729.0987696992975,0.0008743714300137999
2020-03-20 14:32:00,2729.7383990699013,0.0009581441998955015
2020-03-20 14:33:00,2733.3543770372876,0.0009310146002112447
2020-03-20 14:34:00,2735.998907244719,0.0009153476165716008
2020-03-20 14:35:00,2736.1407939560686,0.000846591559014146
2020-03-20 14:36:00,2732.3993368548095,0.0008250816704811069
2020-03-20 14:37:00,2733.332888677699,0.0008315444841339538
2020-03-20 14:38:00,2737.6549564497327,0.0009131568903855188
2020-03-20 14:39:00,2738.178983348401,0.0009329639632307998
2020-03-20 14:40:00,2734.454385140053,0.0009509167166558619
2020-03-20 14:41:00,2736.927672109551,0.0008921049660859057
2020-03-20 14:42:00,2737.046633021406,0.0009073922462257671
2020-03-20 14:43:00,2737.5309138714965,0.0009058868716289211
2020-03-20 14:44:00,2735.9203113900135,0.0009625328745909971
2020-03-20 14:45:00,2736.59367123607,0.0009408830336034616
2020-03-20 14:46:00,2734.216867293614,0.0009578683249974663
2020-03-20 14:47:00,2738.070841958504,0.0009704128719916365
2020-03-20 14:48:00,2735.5915826377795,0.000959584290170546
2020-03-20 14:49:00,2736.924274503694,0.001005222186270585
2020-03-20 14:50:00,2739.4699982278175,0.0010588697160214139
2020-03-20 14:51:00,2741.7700652603157,0.0010230969246978162
2020-03-20 14:52:00,2743.589124446649,0.0009861163203616658
2020-03-20 14:53:00,2742.2861359991925,0.0009852232683243718
2020-03-20 14:54:00,2746.9936586558365,0.0009941542427080005
2020-03-20 14:55:00,2746.028919505458,0.0009872542182577024
2020-03-20 14:56:00,2746.293921244005,0.0009577614481328813
2020-03-20 14:57:00,2745.5915069629937,0.0009893356015389636
2020-03-20 14:58:00,2746.71414748532,0.0009256893085682294
2020-03-20 14:59:00,2745.4006425722882,0.0009196315639462277
2020-03-20 15:00:00,2747.456455645372,0.0008249337164040709
2020-03-20 15:01:00,2749.052907419139,0.0007415608921105789
2020-03-20 15:02:00,2750.4051318985526,0.00067789214459002
2020-03-20 15:03:00,2747.850290108924,0.0006865612637536773
2020-03-20 15:04:00,2747.572867593205,0.0007228733387947857
2020-03-20 15:05:00,2746.488797066729,0.0007737778008644657
2020-03-20 15:06:00,2745.3582508875706,0.0007033785832346434
2020-03-20 15:07:00,2747.6014341367145,0.0007090706940513017
2020-03-20 15:08:00,2748.076134243191,0.000700162129228796
2020-03-20 15:09:00,2749.0040264220956,0.0007007833728653508
2020-03-20 15:10:00,2749.034289547697,0.000725485318637035
2020-03-20 15:11:00,2745.5985994801267,0.0007109351371811835
2020-03-20 15:12:00,2744.52089869199,0.0007325189961344287
2020-03-20 15:13:00,2744.290594340877,0.0007785439106984891
2020-03-20 15:14:00,2742.4925227035396,0.0008068447932234077
2020-03-20 15:15:00,2745.0811009011595,0.0007980502878356721
2020-03-20 15:16:00,2748.382061891525,0.0008229464402645143
2020-03-20 15:17:00,2746.9891862310624,0.0008442402142370124
2020-03-20 15:18:00,2746.2410585052357,0.0008418566855466127
2020-03-20 15:19:00,2744.306571373287,0.0007862223277865408
2020-03-20 15:20:00,2742.5435892470105,0.0007581571291898047
2020-03-20 15:21:00,2739.9905936228006,0.0008258429896715382
2020-03-20 15:22:00,2739.354831926611,0.0008591609125483272
2020-03-20 15:23:00,2741.8523061353317,0.0008652027184850249
2020-03-20 15:24:00,2744.842025554268,0.000888524521093155
2020-03-20 15:25:00,2746.871139732367,0.0008912223026807074
2020-03-20 15:26:00,2752.3590100247607,0.0009302771883885894
2020-03-20 15:27:00,2750.196210631939,0.0009174736241412708
2020-03-20 15:28:00,2746.7058545465075,0.0009332755617196238
2020-03-20 15:29:00,2744.1883024392255,0.0009878322334570836
2020-03-20 15:30:00,2747.6112579271853,0.0010786137646689661
2020-03-20 15:31:00,2747.3861373037466,0.0009643744306137266
2020-03-20 15:32:00,2751.2822193901898,0.0010008387760019292
2020-03-20 15:33:00,2753.642885895813,0.0009783386042661632
2020-03-20 15:34:00,2755.059165081142,0.0009609121349495566
2020-03-20 15:35:00,2756.5720010256405,0.0009832567003772823
2020-03-20 15:36:00,2761.1531795782957,0.0009912843872935827
2020-03-20 15:37:00,2760.8096315642724,0.000963796497931699
2020-03-20 15:38:00,2762.6649978311275,0.0009378851596240586
2020-03-20 15:39:00,2769.8818983736232,0.000925720793240649
2020-03-20 15:40:00,2769.26865636548,0.0008984550812564012
2020-03-20 15:41:00,2769.4131199278145,0.0009154131107704257
2020-03-20 15:42:00,2765.574736615071,0.0008804258341818507
2020-03-20 15:43:00,2765.0928124340744,0.0008880602015960282
2020-03-20 15:44:00,2764.542135390909,0.0009019165595051708
2020-03-20 15:45:00,2766.5746773900373,0.0009208279996244321
2020-03-20 15:46:00,2770.5347670331585,0.0008817819101421932
2020-03-20 15:47:00,2774.2759883692725,0.000890342159186417
2020-03-20 15:48:00,2775.0358263780654,0.0009229234567451821
2020-03-20 15:49:00,2775.9089642222903,0.0008602044659668282
2020-03-20 15:50:00,2776.4940169741712,0.0009086791432033691
2020-03-20 15:51:00,2777.20158448757,0.0009268935482441033
2020-03-20 15:52:00,2774.668949190142,0.000904795905250941
2020-03-20 15:53:00,2776.50359891029,0.0009566434013220662
2020-03-20 15:54:00,2773.42266574904,0.0009469934317863088
2020-03-20 15:55:00,2775.014387719852,0.0009626235473106485
2020-03-20 15:56:00,2776.0642748302207,0.0009060079890104164
2020-03-20 15:57:00,2773.94770716303,0.0009157256595839695
2020-03-20 15:58:00,2771.5423964948004,0.0009254142563473328
2020-03-20 15:59:00,2770.8929824509446,0.0008624197618939195
2020-03-20 16:00:00,2773.0201274884803,0.0008544127764693246
2020-03-20 16:01:00,2772.4491493590385,0.0008838527524986714
2020-03-20 16:02:00,2771.129739080477,0.0008607536774095922
2020-03-20 16:03:00,2773.0348805750677,0.0008410116711742076
2020-03-20 16:04:00,2773.253697165643,0.0008597436020921927
2020-03-20 16:05:00,2774.252836468351,0.0008244723550174571
2020-03-20 16:06:00,2774.5044100936966,0.0007866403522951668
2020-03-20 16:07:00,2777.2383963187026,0.0007869087595425638
2020-03-20 16:08:00,2775.0337895328535,0.0007537839942497701
2020-03-20 16:09:00,2771.7250615148005,0.0007638713328013114
2020-03-20 16:10:00,2773.6586049787484,0.00074506725908599
2020-03-20 16:11:00,2772.442256938663,0.0007916685679932875
2020-03-20 16:12:00,2771.7895326759203,0.0008236290531833758
2020-03-20 16:13:00,2771.648951571682,0.0008119949215883514
2020-03-20 16:14:00,2767.8794576501045,0.000743417637054939
2020-03-20 16:15:00,2769.6860497226003,0.0007271950510100725
2020-03-20 16:16:00,2770.8070007189804,0.000733002279888871
2020-03-20 16:17:00,2769.28914817919,0.0007330890853532167
2020-03-20 16:18:00,2767.607382778039,0.0007032680961821543
2020-03-20 16:19:00,2764.7745949398172,0.000731512505673235
2020-03-20 16:20:00,2767.045509822333,0.0007710285762597249
2020-03-20 16:21:00,2766.833971776632,0.0007758737750310667
2020-03-20 16:22:00,2771.2992464518,0.0007928224022792159
2020-03-20 16:23:00,2771.2465648498523,0.000866471260067981
2020-03-20 16:24:00,2770.979508060767,0.0008185854025389315
2020-03-20 16:25:00,2765.7163352499915,0.0008549698873733969
2020-03-20 16:26:00,2763.2645857617463,0.0008710162302836031
2020-03-20 16:27:00,2764.1357318795467,0.0008482176428646582
2020-03-20 16:28:00,2762.533272625694,0.0009138460353808924
2020-03-20 16:29:00,2756.5254609475346,0.0008645503909373518
2020-03-20 16:30:00,2755.867619940075,0.000898196985261294
2020-03-20 16:31:00,2757.3327549799783,0.0008343322035100306
2020-03-20 16:32:00,2760.8750062611266,0.0008900808209120363
2020-03-20 16:33:00,2761.562427070091,0.000864311687167918
2020-03-20 16:34:00,2758.9470291822513,0.0008813601095242824
2020-03-20 16:35:00,2759.079205970026,0.0008568472082291522
2020-03-20 16:36:00,2758.413916328527,0.0008354204817494551
2020-03-20 16:37:00,2756.755257386684,0.000893405334492549
2020-03-20 16:38:00,2758.7623712124896,0.000874124666778846
2020-03-20 16:39:00,2756.7479751611413,0.0009072585231649977
2020-03-20 16:40:00,2757.417777298151,0.0009219988480457317
2020-03-20 16:41:00,2758.7525816740595,0.0009279426823738284
2020-03-20 16:42:00,2761.4540932861387,0.0008965895725936144
2020-03-20 16:43:00,2760.385369630232,0.0009740892219704423
2020-03-20 16:44:00,2757.6467632254544,0.0010231552651170004
2020-03-20 16:45:00,2754.180843559761,0.001025902972119082
2020-03-20 16:46:00,2757.7458848487804,0.0009604787693185808
2020-03-20 16:47:00,2758.229492917225,0.0008911186099854897
2020-03-20 16:48:00,2767.196499533724,0.0009427428241184249
2020-03-20 16:49:00,2767.7504146457954,0.0010010206929463431
2020-03-20 16:50:00,2762.0714796374655,0.000998636046304493
2020-03-20 16:51:00,2766.335719200736,0.0009076196583555191
2020-03-20 16:52:00,2770.893674901921,0.000879985438028444
2020-03-20 16:53:00,2768.6739643311553,0.000841583752652335
2020-03-20 16:54:00,2769.4580981639915,0.0007709870892867864
2020-03-20 16:55:00,2774.044717763126,0.0007757213837988935
2020-03-20 16:56:00,2771.7137805313155,0.00072891834557818
2020-03-20 16:57:00,2771.459486320896,0.000694341942092107
2020-03-20 16:58:00,2770.3786956131225,0.0006507589347396072
2020-03-20 16:59:00,2768.2646798713477,0.0006321892521124554
2020-03-20 17:00:00,2767.7469305442783,0.0006399676501205998
2020-03-20 17:01:00,2767.65794148661,0.0006478567115420688
2020-03-20 17:02:00,2766.7277863406507,0.000643730942592329
2020-03-20 17:03:00,2765.4489928192597,0.0007015778900296261
2020-03-20 17:04:00,2764.9909537893636,0.0007104568642345479
2020-03-20 17:05:00,2765.799235249687,0.0006712968119899535
2020-03-20 17:06:00,2768.3565715353766,0.0006779715757690352
2020-03-20 17:07:00,2766.0173305625494,0.0007500142688919154
2020-03-20 17:08:00,2767.3837728090325,0.0007675389788142527
2020-03-20 17:09:00,2767.6338936681927,0.0007466096197681755
2020-03-20 17:10:00,2769.4823970294024,0.0007780891387107255
2020-03-20 17:11:00,2768.3582537350994,0.0008069181786667037
2020-03-20 17:12:00,2772.794637484431,0.000745026678563919
2020-03-20 17:13:00,2775.348623267239,0.0007350464644722388
2020-03-20 17:14:00,2773.5476662469064,0.0007331089547529035
2020-03-20 17:15:00,2773.3980802725478,0.0007161853768731382
2020-03-20 17:16:00,2772.2879648129815,0.0007090495781974309
2020-03-20 17:17:00,2770.640370223139,0.0006879545168308211
2020-03-20 17:18:00,2768.1874310717653,0.0006839195124144376
2020-03-20 17:19:00,2770.8174567346905,0.0007284694720989074
2020-03-20 17:20:00,2767.904177895923,0.0007379612857802163
2020-03-20 17:21:00,2771.259342126599,0.000732478074967348
2020-03-20 17:22:00,2770.483704383506,0.0007752243079209464
2020-03-20 17:23:00,2770.9045863758024,0.000815267621136986
2020-03-20 17:24:00,2769.39615800107,0.0007914875647289176
2020-03-20 17:25:00,2767.4744483184923,0.00079880959063934
2020-03-20 17:26:00,2764.9501673185996,0.0007642110425455859
2020-03-20 17:27:00,2761.5021609539763,0.0007760066530327516
2020-03-20 17:28:00,2758.678938935174,0.0007585072238439583
2020-03-20 17:29:00,2759.194580627995,0.0007975466423636938
2020-03-20 17:30:00,2760.12173200534,0.0007422568798542644
2020-03-20 17:31:00,2757.4341067262485,0.0007581249119063856
2020-03-20 17:32:00,2754.057287337374,0.0007604214445459016
2020-03-20 17:33:00,2753.5170982907175,0.0007766580773764139
2020-03-20 17:34:00,2751.156051238241,0.0008325030697748952
2020-03-20 17:35:00,2747.162031434285,0.0008107165175610812
2020-03-20 17:36:00,2746.770677388984,0.0007732344208800589
2020-03-20 17:37:00,2747.1418485828235,0.0007623747824754173
2020-03-20 17:38:00,2745.9267987040453,0.0007179991503569507
2020-03-20 17:39:00,2747.7816348952874,0.0007308950677425196
2020-03-20 17:40:00,2746.534943098257,0.0006871771187514744
2020-03-20 17:41:00,2748.07388761621,0.0006613053671653948
2020-03-20 17:42:00,2751.02554642265,0.0006811091748991378
2020-03-20 17:43:00,2751.9463933144048,0.0006212359803981296
2020-03-20 17:44:00,2754.663717266755,0.0006034290761257776
2020-03-20 17:45:00,2754.694782651779,0.0006331234439172103
2020-03-20 17:46:00,2757.0660966020114,0.0006268566055302777
2020-03-20 17:47:00,2757.0860540465574,0.0006807612848580813
2020-03-20 17:48:00,2757.3026084608136,0.0006657014677623578
2020-03-20 17:49:00,2755.162735867581,0.0006685562773670049
2020-03-20 17:50:00,2754.5726530334427,0.000646360184470173
2020-03-20 17:51:00,2752.0191603273815,0.0006175673451441283
2020-03-20 17:52:00,2753.3087405653387,0.0006415093736353221
2020-03-20 17:53:00,2750.123471785033,0.00061828675502734
2020-03-20 17:54:00,2750.417374759882,0.0005864851940909745
2020-03-20 17:55:00,2749.8742735394467,0.0005447681936012472
2020-03-20 17:56:00,2749.089308135092,0.0005555143410594829
2020-03-20 17:57:00,2748.0414207890076,0.0005452507853097103
2020-03-20 17:58:00,2744.529196301323,0.0005587669475195174
2020-03-20 17:59:00,2743.517716370704,0.0005856776176010183
2020-03-20 18:00:00,2742.772079833058,0.0005475969769885426
2020-03-20 18:01:00,2741.259345546307,0.0005173860910967981
2020-03-20 18:02:00,2741.69553614182,0.0005705454422331478
2020-03-20 18:03:00,2739.7370903257756,0.0005309501977695947
2020-03-20 18:04:00,2738.081196920708,0.0005423744418117405
2020-03-20 18:05:00,2735.6539274118604,0.0005733520086800185
2020-03-20 18:06:00,2734.061602924714,0.0005904907301167784
2020-03-20 18:07:00,2734.9853180161417,0.0006248122351442009
2020-03-20 18:08:00,2732.059877556244,0.0006353250024536722
2020-03-20 18:09:00,2733.679256464939,0.0006309220629741781
2020-03-20 18:10:00,2733.3779611692603,0.0006442885471660942
2020-03-20 18:11:00,2733.4754143217256,0.0006653445951989767
2020-03-20 18:12:00,2732.9424258030645,0.0006346681871939637
2020-03-20 18:13:00,2733.5846316048915,0.0006444256502818638
2020-03-20 18:14:00,2732.112627454725,0.0006575825673660853
2020-03-20 18:15:00,2732.4730819431234,0.000701618993590767
2020-03-20 18:16:00,2730.672449458901,0.0007070365778360806
2020-03-20 18:17:00,2732.8812915316944,0.0006875198506864487
2020-03-20 18:18:00,2733.1919280729253,0.0006511615206856853
2020-03-20 18:19:00,2734.1653147353363,0.0006440328872780837
2020-03-20 18:20:00,2732.5944096405883,0.000704435806608422
2020-03-20 18:21:00,2731.3187732906003,0.0006851488472961751
2020-03-20 18:22:00,2733.600643064833,0.0006846587868875254
2020-03-20 18:23:00,2733.827282290776,0.0006827467891104194
2020-03-20 18:24:00,2733.838168891568,0.000688383447605366
2020-03-20 18:25:00,2731.669980888961,0.0007177242000208901
2020-03-20 18:26:00,2731.3666266476516,0.0007099297838294985
2020-03-20 18:27:00,2728.4340253968767,0.0007045736880688468
2020-03-20 18:28:00,2732.6386712536387,0.0007154806115697609
2020-03-20 18:29:00,2733.2173573891296,0.0006972165661105747
2020-03-20 18:30:00,2733.438148547495,0.0006948793903062284
2020-03-20 18:31:00,2734.819599666267,0.0006669970202408803
2020-03-20 18:32:00,2731.7888103090295,0.0006317590731026291
2020-03-20 18:33:00,2732.3922628264713,0.0006352935551073134
2020-03-20 18:34:00,2733.22101954312,0.0006550592803705875
2020-03-20 18:35:00,2730.4960577058664,0.0006133169513967554
2020-03-20 18:36:00,2732.207756061069,0.000570662990691348
2020-03-20 18:37:00,2731.06532726742,0.0005243105994266556
2020-03-20 18:38:00,2731.286768551035,0.0004979455214639902
2020-03-20 18:39:00,2732.600491012607,0.00048394411100669617
2020-03-20 18:40:00,2731.559989777904,0.00047464930952790716
2020-03-20 18:41:00,2731.8663396547663,0.0004403946687539653
2020-03-20 18:42:00,2731.5930403739953,0.000435169199503591
2020-03-20 18:43:00,2731.463036178171,0.00039621809256119313
2020-03-20 18:44:00,2732.462661742508,0.00039561518386278176
2020-03-20 18:45:00,2731.6158579651524,0.00038068784679965904
2020-03-20 18:46:00,2732.2554279092583,0.0003885974694178325
2020-03-20 18:47:00,2731.3274718526013,0.0003568682682519333
2020-03-20 18:48:00,2731.499156554838,0.00037930929204123655
2020-03-20 18:49:00,2729.7780997883533,0.00036335462282771234
2020-03-20 18:50:00,2729.2741199219904,0.0003427992422674782
2020-03-20 18:51:00,2729.4120242107224,0.0003355432618871399
2020-03-20 18:52:00,2729.7902045113083,0.00033073836622742134
2020-03-20 18:53:00,2731.378802077896,0.0003462046021343635
2020-03-20 18:54:00,2730.924603071908,0.00033417911146532974
2020-03-20 18:55:00,2729.957396187391,0.00032865936660091474
2020-03-20 18:56:00,2730.6758104161177,0.00031965540537797025
2020-03-20 18:57:00,2730.3437178545723,0.0003162369367421885
2020-03-20 18:58:00,2729.855141899871,0.00033133376447966973
2020-03-20 18:59:00,2728.809806165843,0.00032911264209116903
2020-03-20 19:00:00,2727.2302569285885,0.000323182384891781
2020-03-20 19:01:00,2728.117691509963,0.00031139484095892245
2020-03-20 19:02:00,2727.4021640274627,0.000308529491848654
2020-03-20 19:03:00,2728.527105953716,0.0003040788481018213
2020-03-20 19:04:00,2727.3561284718876,0.00032282817363017935
2020-03-20 19:05:00,2726.577192209689,0.00032707792745332215
2020-03-20 19:06:00,2726.1718278055346,0.00031077227739355486
2020-03-20 19:07:00,2727.08043057219,0.0003321804271125129
2020-03-20 19:08:00,2726.448638169944,0.00035938532100593395
2020-03-20 19:09:00,2727.46360538301,0.00035365656500522787
2020-03-20 19:10:00,2725.280191541442,0.0003712965386376642
2020-03-20 19:11:00,2725.5626302645082,0.000354799266909276
2020-03-20 19:12:00,2726.4011139183826,0.00036836358673838224
2020-03-20 19:13:00,2726.293907272913,0.00035992289669585845
2020-03-20 19:14:00,2727.2857598560336,0.0003605150526756429
2020-03-20 19:15:00,2726.0674292589556,0.0003584012378854694
2020-03-20 19:16:00,2726.824316494471,0.00036017152690499284
2020-03-20 19:17:00,2725.5762933820342,0.0003719820100347819
2020-03-20 19:18:00,2726.6104627966934,0.0003914835446878145
2020-03-20 19:19:00,2725.528361239982,0.00039836258465026324
2020-03-20 19:20:00,2726.315689480886,0.00042437841301437075
2020-03-20 19:21:00,2727.6431086823136,0.0004211393782085454
2020-03-20 19:22:00,2728.495216105254,0.0004353986517929814
2020-03-20 19:23:00,2729.730904363284,0.00042429481999914874
2020-03-20 19:24:00,2729.9706806296626,0.00045131922631525424
2020-03-20 19:25:00,2730.1518190986003,0.0004535985043262507
2020-03-20 19:26:00,2728.8716391759317,0.0004176086819312827
2020-03-20 19:27:00,2727.4004988502006,0.0004304522085338907
2020-03-20 19:28:00,2728.9717041876697,0.00045253644797297335
2020-03-20 19:29:00,2727.680431183492,0.0004600135495886833
2020-03-20 19:30:00,2729.708372740564,0.00044094632502912623
2020-03-20 19:31:00,2729.7028939845895,0.00044106934421022124
2020-03-20 19:32:00,2729.5361992646267,0.0004226991318917482
2020-03-20 19:33:00,2728.972069066068,0.0004263244444325422
2020-03-20 19:34:00,2727.882757448186,0.0004419214744683772
2020-03-20 19:35:00,2727.4911383455346,0.00044272830087075526
2020-03-20 19:36:00,2727.077969709756,0.00044445323725275
2020-03-20 19:37:00,2727.527466521283,0.0004435457226070258
2020-03-20 19:38:00,2728.8481145498313,0.0004222016333063407
2020-03-20 19:39:00,2729.0936257289068,0.00045647503198539954
2020-03-20 19:40:00,2728.7006721595817,0.000415099643170115
2020-03-20 19:41:00,2728.4492052461455,0.0004005617082131663
2020-03-20 19:42:00,2728.501746581624,0.00035428005992733523
2020-03-20 19:43:00,2726.957745953939,0.0003426128219843043
2020-03-20 19:44:00,2727.76449629693,0.00031934907487184166
2020-03-20 19:45:00,2728.2723900813594,0.0003113582124403954
2020-03-20 19:46:00,2728.776350629815,0.0003090895909479481
2020-03-20 19:47:00,2729.6603776324177,0.0003232201803500082
2020-03-20 19:48:00,2730.6144309906263,0.00032792958076651227
2020-03-20 19:49:00,2731.852490212446,0.00031107504384135607
2020-03-20 19:50:00,2731.333474310527,0.0003113812003625588
2020-03-20 19:51:00,2730.936697973965,0.0003136856901612712
2020-03-20 19:52:00,2731.006195602593,0.0003182299419480389
2020-03-20 19:53:00,2728.328583408189,0.0003311543200345479
2020-03-20 19:54:00,2728.276726751875,0.00033581008497593257
2020-03-20 19:55:00,2727.574202631982,0.00034183021897230155
2020-03-20 19:56:00,2727.565524534875,0.00034607343356569573
2020-03-20 19:57:00,2728.6073142017963,0.0003746841859555736
2020-03-20 19:58:00,2728.216671986829,0.00034808868442484344
2020-03-20 19:59:00,2727.0201856023546,0.00035634041467503337
2020-03-23 13:30:00,2634.953152942122,0.00036481717926211814
2020-03-23 13:31:00,2634.42028834227,0.00036439613171976017
2020-03-23 13:32:00,2635.2436379347646,0.0003732373828355816
2020-03-23 13:33:00,2635.5699779390475,0.0003518278306444029
2020-03-23 13:34:00,2635.9533413372155,0.0003586028880135146
2020-03-23 13:35:00,2637.71344636406,0.0003632958432253457
2020-03-23 13:36:00,2637.1760481296856,0.00038713202590051155
2020-03-23 13:37:00,2635.560721312283,0.0003698770400042109
2020-03-23 13:38:00,2635.313855436085,0.00039202186805014695
2020-03-23 13:39:00,2636.985650646847,0.0004189968550558119
2020-03-23 13:40:00,2634.898055802068,0.0004315119356930589
2020-03-23 13:41:00,2634.2204421620745,0.0004447189286951106
2020-03-23 13:42:00,2635.152585293822,0.0004412251425369594
2020-03-23 13:43:00,2634.760168885312,0.00043661477995324326
2020-03-23 13:44:00,2635.3067845525543,0.000440716196533598
2020-03-23 13:45:00,2635.1034391079234,0.00041288194465077745
2020-03-23 13:46:00,2634.113039346438,0.0004258930242923724
2020-03-23 13:47:00,2633.106999949633,0.00042301902876867875
2020-03-23 13:48:00,2632.4694165582887,0.00043283361648589985
2020-03-23 13:49:00,2631.0240624807398,0.00043232090050565397
2020-03-23 13:50:00,2630.7822332491237,0.00045383625607945186
2020-03-23 13:51:00,2629.7511943778522,0.0004586405531231811
2020-03-23 13:52:00,2629.3605214587888,0.0004683977663925914
2020-03-23 13:53:00,2629.6853532527175,0.0004724820899694193
2020-03-23 13:54:00,2629.1201326424057,0.00045991758014167185
2020-03-23 13:55:00,2630.563492042961,0.00044066681387502644
2020-03-23 13:56:00,2631.0460728092394,0.00041494886320043393
2020-03-23 13:57:00,2631.3765895938377,0.00045976494166087
2020-03-23 13:58:00,2630.4443882475543,0.00047240747947218043
2020-03-23 13:59:00,2628.2714323220043,0.00048298875997888056
2020-03-23 14:00:00,2627.4313772112196,0.00046303369383947075
2020-03-23 14:01:00,2628.7059901457483,0.000448419433969905
2020-03-23 14:02:00,2629.1738557271315,0.0004542798494017705
2020-03-23 14:03:00,2628.4388067933246,0.0004497766903018596
2020-03-23 14:04:00,2626.994666147777,0.00045990365817526527
2020-03-23 14:05:00,2625.575245515327,0.00047661116312696874
2020-03-23 14:06:00,2625.2000707586576,0.0004733522204583295
2020-03-23 14:07:00,2623.430631584548,0.0004577919653824436
2020-03-23 14:08:00,2621.0690561526094,0.0004359031154188698
2020-03-23 14:09:00,2621.8011869060147,0.0004948048962262689
2020-03-23 14:10:00,2619.927928391177,0.0005023151087471061
2020-03-23 14:11:00,2619.6994492144195,0.0004933690207748246
2020-03-23 14:12:00,2620.981000352337,0.0004985803518801565
2020-03-23 14:13:00,2620.29647132811,0.0005056397807695143
2020-03-23 14:14:00,2622.7226266610764,0.00052841016103516
2020-03-23 14:15:00,2622.1690382007464,0.0005092302948348442
2020-03-23 14:16:00,2622.005835973133,0.00048575124982946417
2020-03-23 14:17:00,2621.87755546616,0.0004770018066231956
2020-03-23 14:18:00,2620.971758219242,0.0004696901124701621
2020-03-23 14:19:00,2620.0721819584473,0.0004739812089645769
2020-03-23 14:20:00,2616.829671480778,0.0005375612054258883
2020-03-23 14:21:00,2616.517141433548,0.0005786922633222283
2020-03-23 14:22:00,2614.6537598955574,0.0005525468360518026
2020-03-23 14:23:00,2613.1576107158703,0.0005717721229718353
2020-03-23 14:24:00,2612.8040730822368,0.0005584628068196723
2020-03-23 14:25:00,2613.970879582455,0.0005499461685919395
2020-03-23 14:26:00,2611.4587284590157,0.0005338006469954822
2020-03-23 14:27:00,2610.5805286674176,0.0005220593849097031
2020-03-23 14:28:00,2611.352730918082,0.000533908777205958
2020-03-23 14:29:00,2611.396128160738,0.0005472937219418037
2020-03-23 14:30:00,2613.1396891924937,0.0005566661264594451
2020-03-23 14:31:00,2613.940538935457,0.0005861537980286369
2020-03-23 14:32:00,2614.3213209737096,0.0005859131087461722
2020-03-23 14:33:00,2616.100770819988,0.000575836192104592
2020-03-23 14:34:00,2617.4855107320536,0.0005483605029512406
2020-03-23 14:35:00,2615.296690614865,0.0005536177007325287
2020-03-23 14:36:00,2616.958484492975,0.0005014364621247754
2020-03-23 14:37:00,2615.653051894792,0.0005109834538913261
2020-03-23 14:38:00,2616.008505823228,0.0005094172723587915
2020-03-23 14:39:00,2617.120797518317,0.0004865022486568091
2020-03-23 14:40:00,2615.89294886673,0.0004681233376665648
2020-03-23 14:41:00,2615.980163505132,0.0004779006125495573
2020-03-23 14:42:00,2614.8593792735796,0.00048481465487804326
2020-03-23 14:43:00,2614.190101121275,0.0004930927347086904
2020-03-23 14:44:00,2613.086903783141,0.0004835206199716187
2020-03-23 14:45:00,2613.560692459487,0.0004872058696841046
2020-03-23 14:46:00,2611.633530526302,0.00047324024197970406
2020-03-23 14:47:00,2611.2887337348775,0.0004642308198081731
2020-03-23 14:48:00,2610.472501843587,0.0004587697574696793
2020-03-23 14:49:00,2609.142504159246,0.0004691075742991247
2020-03-23 14:50:00,2609.8811273747183,0.0004777298934802114
2020-03-23 14:51:00,2607.9532208956266,0.00047114473469134384
2020-03-23 14:52:00,2607.14631777076,0.0004569213275708178
2020-03-23 14:53:00,2607.426798057985,0.0004534645619391655
2020-03-23 14:54:00,2606.92753303304,0.00043073706408314883
2020-03-23 14:55:00,2609.0855282188413,0.00042236269553377263
2020-03-23 14:56:00,2608.440786347196,0.0004280701556650025
2020-03-23 14:57:00,2608.676144814796,0.0004272711685166568
2020-03-23 14:58:00,2610.4075504074663,0.0004180311399482833
2020-03-23 14:59:00,2610.3128003487227,0.00039459589081530095
2020-03-23 15:00:00,2610.149873774228,0.00041779111103790406
2020-03-23 15:01:00,2610.117989809305,0.0004233299072371978
2020-03-23 15:02:00,2608.5903584755206,0.00040638451619978623
2020-03-23 15:03:00,2608.576858302882,0.0003930113644327369
2020-03-23 15:04:00,2608.823802233307,0.00040393225971575825
2020-03-23 15:05:00,2608.654188186964,0.00043445723200140996
2020-03-23 15:06:00,2608.108929819213,0.00043436213605470216
2020-03-23 15:07:00,2608.2086697111026,0.0004416663135204003
2020-03-23 15:08:00,2606.0550059796005,0.0004404545638006863
2020-03-23 15:09:00,2605.5215224797994,0.00046295002236432497
2020-03-23 15:10:00,2606.231058811977,0.0004838334259450104
2020-03-23 15:11:00,2605.045311615668,0.0004712162595312832
2020-03-23 15:12:00,2607.2168295910924,0.000477957659022866
2020-03-23 15:13:00,2607.904305680762,0.0004944823367842268
2020-03-23 15:14:00,2605.8803885873726,0.0004977361473627762
2020-03-23 15:15:00,2605.8290196525163,0.0004834436574908898
2020-03-23 15:16:00,2606.8632334441686,0.0004978300125117783
2020-03-23 15:17:00,2606.79992923548,0.0005273017174737199
2020-03-23 15:18:00,2604.7014025045078,0.0005657642797741635
2020-03-23 15:19:00,2604.983593650478,0.000572568146147976
2020-03-23 15:20:00,2603.790339828719,0.0005712589640992655
2020-03-23 15:21:00,2601.2793786556385,0.0005464755510325443
2020-03-23 15:22:00,2599.432916368113,0.0005296035425012773
2020-03-23 15:23:00,2600.726977541938,0.0005288266996715784
2020-03-23 15:24:00,2598.9271612456987,0.0005595532160923255
2020-03-23 15:25:00,2598.8626342928173,0.0005428919127447553
2020-03-23 15:26:00,2598.616226131268,0.0005180968835946775
2020-03-23 15:27:00,2596.8240551683166,0.0004977129420625206
2020-03-23 15:28:00,2595.0128143360253,0.0004943093859781082
2020-03-23 15:29:00,2596.6528465750102,0.0005497217822448236
2020-03-23 15:30:00,2595.479172629608,0.0005538587594843229
2020-03-23 15:31:00,2597.1874272338478,0.0005268595503276559
2020-03-23 15:32:00,2597.0608392531503,0.0005348443795465962
2020-03-23 15:33:00,2596.1749889569755,0.0005743698442213223
2020-03-23 15:34:00,2597.408712872572,0.0005824450121262862
2020-03-23 15:35:00,2597.971093509111,0.0005398418658276273
2020-03-23 15:36:00,2597.799397901741,0.0005353858713616337
2020-03-23 15:37:00,2598.197848583871,0.0005171114884614251
2020-03-23 15:38:00,2598.191240825434,0.0005268189298570777
2020-03-23 15:39:00,2597.6758829141195,0.0005554807823810074
2020-03-23 15:40:00,2596.509618662435,0.0005323373163040415
2020-03-23 15:41:00,2596.711416682706,0.000567248343100163
2020-03-23 15:42:00,2595.9710738516087,0.0006253300346242607
2020-03-23 15:43:00,2599.019089197548,0.000623475498448102
2020-03-23 15:44:00,2596.187839123099,0.0006583246808819978
2020-03-23 15:45:00,2595.946315846319,0.0006685263644122319
2020-03-23 15:46:00,2595.0327482254197,0.0006321704783597014
2020-03-23 15:47:00,2592.9967241981926,0.0005940333676691843
2020-03-23 15:48:00,2591.6985368130527,0.0006307074891628523
2020-03-23 15:49:00,2591.121501593057,0.0006647040989534754
2020-03-23 15:50:00,2592.3267194183904,0.000691321946988717
2020-03-23 15:51:00,2594.16330482969,0.0007275904914749248
2020-03-23 15:52:00,2593.5401739436293,0.0007953968792617211
2020-03-23 15:53:00,2597.3976611460967,0.0008126624693438986
2020-03-23 15:54:00,2593.955525575529,0.0007777008220742402
2020-03-23 15:55:00,2594.5049074612602,0.0008295396507796033
2020-03-23 15:56:00,2593.6737882527664,0.0008196231975411599
2020-03-23 15:57:00,2593.6415950881624,0.0007495640408347026
2020-03-23 15:58:00,2593.7247189235145,0.0006776058599928012
2020-03-23 15:59:00,2592.9264397257966,0.0007066675347291694
2020-03-23 16:00:00,2592.763890506678,0.0007100036135700176
2020-03-23 16:01:00,2590.8291028547314,0.0006845529641603072
2020-03-23 16:02:00,2591.60588900706,0.0006824814667554919
2020-03-23 16:03:00,2592.3323820999035,0.0006683643924143161
2020-03-23 16:04:00,2594.818972889863,0.0006660648906277568
2020-03-23 16:05:00,2594.0549149831713,0.0006341203594149836
2020-03-23 16:06:00,2592.825993959113,0.000610593684677987
2020-03-23 16:07:00,2589.9255540653016,0.0005899065344966537
2020-03-23 16:08:00,2589.085952379528,0.0006157610644216338
2020-03-23 16:09:00,2588.179399404381,0.0006797804925373966
2020-03-23 16:10:00,2587.5630773814005,0.0006923021724754699
2020-03-23 16:11:00,2586.5878914943837,0.0006998430596559227
2020-03-23 16:12:00,2587.7868563874936,0.000689150647547658
2020-03-23 16:13:00,2588.098379990502,0.0006824897586008095
2020-03-23 16:14:00,2585.1619300180496,0.0006885969163952746
2020-03-23 16:15:00,2584.2566189068107,0.0006285209455902443
2020-03-23 16:16:00,2584.9855927357144,0.0006580844983019365
2020-03-23 16:17:00,2589.6127486766472,0.000666157558287456
2020-03-23 16:18:00,2587.9744413699823,0.0007270892214295962
2020-03-23 16:19:00,2588.565112888032,0.0006815558143247843
2020-03-23 16:20:00,2586.9134388892594,0.0006564531209974112
2020-03-23 16:21:00,2587.657325061831,0.0006538314178722614
2020-03-23 16:22:00,2588.590220854469,0.0006940304309230289
2020-03-23 16:23:00,2588.6019683834857,0.000701168085068129
2020-03-23 16:24:00,2589.51955871434,0.0006798847787854726
2020-03-23 16:25:00,2590.2360151835455,0.000669482983763369
2020-03-23 16:26:00,2588.7336492596005,0.0006603507324524403
2020-03-23 16:27:00,2587.891140452273,0.0007221155512955042
2020-03-23 16:28:00,2588.3050286099938,0.0007915926950616435
2020-03-23 16:29:00,2587.7856821518967,0.0007417712813207308
2020-03-23 16:30:00,2591.881326204361,0.0006862053102523971
2020-03-23 16:31:00,2592.7743262008635,0.000666258099027275
2020-03-23 16:32:00,2589.2681702968725,0.0006672020943507385
2020-03-23 16:33:00,2587.155520484533,0.0006397806337691632
2020-03-23 16:34:00,2585.81374953383,0.0006697058547777396
2020-03-23 16:35:00,2584.107217952501,0.0006523957751749718
2020-03-23 16:36:00,2583.9518322065887,0.000620972979980053
2020-03-23 16:37:00,2586.1485406430425,0.0006798781248408209
2020-03-23 16:38:00,2585.6586813273298,0.000737233963271333
2020-03-23 16:39:00,2585.4168616386823,0.0007350365794467886
2020-03-23 16:40:00,2583.6458087981136,0.0006938906050121911
2020-03-23 16:41:00,2585.0635571706025,0.000687895008132814
2020-03-23 16:42:00,2583.523390117615,0.0006867168308932593
2020-03-23 16:43:00,2581.003490869262,0.0006843545327625846
2020-03-23 16:44:00,2578.844297104153,0.0006594994294947998
2020-03-23 16:45:00,2580.592748287928,0.0006725761585213987
2020-03-23 16:46:00,2582.0448557165846,0.0006945893122059566
2020-03-23 16:47:00,2582.6176671395124,0.0007006879680488268
2020-03-23 16:48:00,2580.8497631270925,0.000766760622736142
2020-03-23 16:49:00,2582.108014413856,0.0007907441566891085
2020-03-23 16:50:00,2582.5884448388456,0.0007466382482999497
2020-03-23 16:51:00,2580.9851104086574,0.0007559009458329609
2020-03-23 16:52:00,2578.2396054708574,0.0007679618786821948
2020-03-23 16:53:00,2580.4916832276867,0.0007742192960523279
2020-03-23 16:54:00,2578.161330566131,0.0008142440017758952
2020-03-23 16:55:00,2576.9031043578025,0.0008102277191615831
2020-03-23 16:56:00,2578.2349282537707,0.0008122919535820649
2020-03-23 16:57:00,2575.5046999869664,0.0008719245595832539
2020-03-23 16:58:00,2578.0076013490743,0.0008807066172831321
2020-03-23 16:59:00,2576.864628086209,0.0008558695722074105
2020-03-23 17:00:00,2574.5773246286763,0.0009068708570233607
2020-03-23 17:01:00,2575.2945538404592,0.0009018473828910584
2020-03-23 17:02:00,2573.546684452901,0.0009605161380844396
2020-03-23 17:03:00,2575.3111079599735,0.0009357483741494595
2020-03-23 17:04:00,2571.331846756101,0.000955063551649093
2020-03-23 17:05:00,2568.01746533939,0.0009760627607340051
2020-03-23 17:06:00,2569.0464588345462,0.0009562185640337778
2020-03-23 17:07:00,2571.847674432833,0.0009988859724910449
2020-03-23 17:08:00,2569.528789607312,0.0009886793761190637
2020-03-23 17:09:00,2569.904056359875,0.0009621916749367
2020-03-23 17:10:00,2567.6524086745635,0.0009560938350728879
2020-03-23 17:11:00,2563.809196950676,0.0009453883230381043
2020-03-23 17:12:00,2568.2518664630834,0.0009285154532413659
2020-03-23 17:13:00,2570.4635684513405,0.0009772291292092351
2020-03-23 17:14:00,2570.1095072335083,0.0009902722430387794
2020-03-23 17:15:00,2569.3960152340746,0.0009998633405415174
2020-03-23 17:16:00,2569.5863480774715,0.0010866943193142864
2020-03-23 17:17:00,2573.332824297192,0.0011064611183753566
2020-03-23 17:18:00,2573.6784360536385,0.0011264901424880536
2020-03-23 17:19:00,2574.4973271257436,0.0011250631765734288
2020-03-23 17:20:00,2573.879007024571,0.0010997506076043174
2020-03-23 17:21:00,2576.8636163416186,0.0011521299258013362
2020-03-23 17:22:00,2569.896376634387,0.001170938229245682
2020-03-23 17:23:00,2573.223059918803,0.0011972980670910504
2020-03-23 17:24:00,2568.879459728872,0.0010987429765919234
2020-03-23 17:25:00,2568.576840086302,0.0011688155028802165
2020-03-23 17:26:00,2567.7746795753983,0.0012768319020774778
2020-03-23 17:27:00,2570.930221272785,0.0012741781718333216
2020-03-23 17:28:00,2569.6174225581512,0.001194692792850284
2020-03-23 17:29:00,2571.020792079705,0.0013076778549208268
2020-03-23 17:30:00,2566.2791889553564,0.0013154591360124725
2020-03-23 17:31:00,2565.097671752901,0.0013228450988466815
2020-03-23 17:32:00,2566.745635875836,0.0012988441272122374
2020-03-23 17:33:00,2572.4314305990088,0.0012850785639741211
2020-03-23 17:34:00,2571.117808404809,0.0013156486068188686
2020-03-23 17:35:00,2572.3967010712954,0.0013557883549066047
2020-03-23 17:36:00,2566.247215661313,0.0013808677343499659
2020-03-23 17:37:00,2567.3351625839896,0.0014716875179179017
2020-03-23 17:38:00,2565.1153744721787,0.0014723972748710264
2020-03-23 17:39:00,2555.398366337533,0.0013973029709662774
2020-03-23 17:40:00,2552.924185863233,0.0014343465470840306
2020-03-23 17:41:00,2551.237359779435,0.0014812619294501566
2020-03-23 17:42:00,2543.875404999497,0.0014738075800155665
2020-03-23 17:43:00,2542.945187072811,0.0015804433719362162
2020-03-23 17:44:00,2541.6472395708165,0.0015728321895747302
2020-03-23 17:45:00,2540.1271613060585,0.0015841613796766679
2020-03-23 17:46:00,2540.802095992014,0.001731256488099916
2020-03-23 17:47:00,2542.2149330931343,0.0018182334861897274
2020-03-23 17:48:00,2544.7318825694542,0.001816851704877541
2020-03-23 17:49:00,2549.500200104527,0.0018743909930022873
2020-03-23 17:50:00,2550.8374325948917,0.0018043031807285408
2020-03-23 17:51:00,2553.9653420389004,0.0020276481908256404
2020-03-23 17:52:00,2553.3988604492874,0.0019955347424152267
2020-03-23 17:53:00,2564.315131294977,0.0020585565802487948
2020-03-23 17:54:00,2559.023449362636,0.002040076762034814
2020-03-23 17:55:00,2558.9425713428677,0.0019132350952365674
2020-03-23 17:56:00,2565.3768904226586,0.0017818407137851603
2020-03-23 17:57:00,2564.914580727145,0.0018666079756900942
2020-03-23 17:58:00,2565.5662595875083,0.0018680552703854848
2020-03-23 17:59:00,2560.6917005481187,0.0019464034856887952
2020-03-23 18:00:00,2557.2305877004565,0.0019516142995712046
2020-03-23 18:01:00,2557.344375742323,0.002114038260516546
2020-03-23 18:02:00,2559.142450254549,0.002169545793495861
2020-03-23 18:03:00,2564.2130433144075,0.0021672696690773724
2020-03-23 18:04:00,2563.4050239632647,0.0022355631344159804
2020-03-23 18:05:00,2571.2169075360393,0.002237298263360315
2020-03-23 18:06:00,2566.9751323601126,0.002376664819713704
2020-03-23 18:07:00,2566.6547657343567,0.0024931554683180444
2020-03-23 18:08:00,2557.561028585672,0.002425143983241431
2020-03-23 18:09:00,2550.5900331643156,0.0025030701995630827
2020-03-23 18:10:00,2562.5966394937946,0.002632265861586298
2020-03-23 18:11:00,2566.375540804851,0.0027208892470491587
2020-03-23 18:12:00,2557.642191756162,0.0025541729126171966
2020-03-23 18:13:00,2549.385538518626,0.0024636873374992594
2020-03-23 18:14:00,2558.497229089226,0.00260577330598321
2020-03-23 18:15:00,2566.2462011287907,0.0026563296114091315
2020-03-23 18:16:00,2567.8956205152053,0.00290735143812136
2020-03-23 18:17:00,2567.37402543078,0.002815579140953212
2020-03-23 18:18:00,2560.3766847306742,0.0029499662714501658
2020-03-23 18:19:00,2570.9445830972095,0.0028654958254240043
2020-03-23 18:20:00,2565.305212520047,0.002874059029272229
2020-03-23 18:21:00,2568.5770575044867,0.002861247029120735
2020-03-23 18:22:00,2558.9922012937855,0.0028137892615446546
2020-03-23 18:23:00,2560.055941080816,0.0028189173376896247
2020-03-23 18:24:00,2564.04703289409,0.0028956520772616284
2020-03-23 18:25:00,2559.123132164972,0.002858584421821166
2020-03-23 18:26:00,2563.1048537979586,0.0029443759324453175
2020-03-23 18:27:00,2564.557338798851,0.0030082161466141876
2020-03-23 18:28:00,2562.2813479725355,0.0028596881733220503
2020-03-23 18:29:00,2544.782772008132,0.0029678384182276647
2020-03-23 18:30:00,2546.560251661464,0.0029318310940901113
2020-03-23 18:31:00,2544.1222807453896,0.0028945064341061723
2020-03-23 18:32:00,2543.182108811486,0.003128181807272663
2020-03-23 18:33:00,2544.7185110873734,0.003398024112594004
2020-03-23 18:34:00,2527.74859796724,0.0033599771242477866
2020-03-23 18:35:00,2542.1963971643277,0.003259288914750425
2020-03-23 18:36:00,2549.579575428417,0.0031434274256521492
2020-03-23 18:37:00,2552.318976825678,0.0032029416632593003
2020-03-23 18:38:00,2557.6626414660313,0.0030907572574085207
2020-03-23 18:39:00,2563.207188594059,0.003218761579688272
2020-03-23 18:40:00,2565.7854432301156,0.003202629739825386
2020-03-23 18:41:00,2568.7626797633593,0.0034149203037531464
2020-03-23 18:42:00,2592.035851922914,0.0034942163513607817
2020-03-23 18:43:00,2594.385551272937,0.003684592362709824
2020-03-23 18:44:00,2591.2036754063483,0.0037785687826263578
2020-03-23 18:45:00,2573.4134559929425,0.0035918492652685327
2020-03-23 18:46:00,2583.0124593303835,0.0035200526554659234
2020-03-23 18:47:00,2579.6096793822994,0.0031247362269918445
2020-03-23 18:48:00,2589.4082763704873,0.0031668425639452
2020-03-23 18:49:00,2588.3182960929917,0.0032222581640608773
2020-03-23 18:50:00,2602.035988758475,0.0030942420512573214
2020-03-23 18:51:00,2597.003192511972,0.0030078276922636824
2020-03-23 18:52:00,2593.0376120202727,0.0030692013498157316
2020-03-23 18:53:00,2584.626358608115,0.0030189891139068945
2020-03-23 18:54:00,2581.2732710771,0.0031204217856287838
2020-03-23 18:55:00,2582.906605188641,0.0032770116505080335
2020-03-23 18:56:00,2568.9504267868683,0.0034106302480779948
2020-03-23 18:57:00,2559.4472028288246,0.0028039112736890598
2020-03-23 18:58:00,2562.6227330143724,0.002702326219563575
2020-03-23 18:59:00,2557.784222161833,0.0027654794751991
2020-03-23 19:00:00,2558.369114369266,0.002740024854702248
2020-03-23 19:01:00,2552.599163849977,0.0026664146702520875
2020-03-23 19:02:00,2565.0142789838583,0.0025461575633635423
2020-03-23 19:03:00,2571.3353486236147,0.0024721564798847557
2020-03-23 19:04:00,2581.8940806227115,0.0024450655539460624
2020-03-23 19:05:00,2586.4032714477407,0.0024916890919079175
2020-03-23 19:06:00,2585.3281792640605,0.0024705009953004
2020-03-23 19:07:00,2584.0929564695944,0.002465561778771498
2020-03-23 19:08:00,2593.6966003377374,0.0025765062780772315
2020-03-23 19:09:00,2595.763730353409,0.002454441379379329
2020-03-23 19:10:00,2593.5382489729054,0.0024580308779711176
2020-03-23 19:11:00,2593.0497482432925,0.0022184550518547365
2020-03-23 19:12:00,2596.3977802698832,0.0019847793587587084
2020-03-23 19:13:00,2589.8353269671775,0.001912296344988163
2020-03-23 19:14:00,2599.2205330490783,0.0019398354030902179
2020-03-23 19:15:00,2599.997715049623,0.0019414667418612979
2020-03-23 19:16:00,2607.195535143949,0.001992609195558922
2020-03-23 19:17:00,2605.0904043150213,0.0018921341646257683
2020-03-23 19:18:00,2610.7980478041777,0.0020616664607974178
2020-03-23 19:19:00,2614.912595083781,0.0020003509984987122
2020-03-23 19:20:00,2614.105613557583,0.0019704536553081277
2020-03-23 19:21:00,2615.5799176754617,0.002163469240736281
2020-03-23 19:22:00,2616.5599925755096,0.0021348125355458657
2020-03-23 19:23:00,2623.2592775938547,0.002060500660505971
2020-03-23 19:24:00,2616.088820932605,0.002090063273692354
2020-03-23 19:25:00,2613.8015307609157,0.0020808421751309196
2020-03-23 19:26:00,2603.803480352122,0.002094678936252082
2020-03-23 19:27:00,2599.0734572177494,0.002117778191673578
2020-03-23 19:28:00,2593.2315113601144,0.002074144254322254
2020-03-23 19:29:00,2587.8830720457854,0.0019817911022919077
2020-03-23 19:30:00,2595.5499998886744,0.002166359471983938
2020-03-23 19:31:00,2598.263964305903,0.0018785699715288058
2020-03-23 19:32:00,2599.118372501419,0.0019308613807949757
2020-03-23 19:33:00,2593.145702022243,0.0020119817007268103
2020-03-23 19:34:00,2594.7339200913652,0.00205389736283365
2020-03-23 19:35:00,2591.6007986959557,0.002057788422784638
2020-03-23 19:36:00,2597.780408675125,0.002037593770944336
2020-03-23 19:37:00,2599.8632441771833,0.001964146651841973
2020-03-23 19:38:00,2610.0543386287723,0.0019873420924052675
2020-03-23 19:39:00,2608.1389039888168,0.0022824893491170065
2020-03-23 19:40:00,2602.375728318254,0.002393965860857016
2020-03-23 19:41:00,2599.8633643571525,0.0024219375079222337
2020-03-23 19:42:00,2603.9877220260264,0.002639252376600281
2020-03-23 19:43:00,2624.057715689113,0.002709996000185094
2020-03-23 19:44:00,2625.689171192799,0.0027010462268022613
2020-03-23 19:45:00,2642.2783073863084,0.0029559071736203232
2020-03-23 19:46:00,2644.6884874091443,0.0031346750826405723
2020-03-23 19:47:00,2632.3691945194073,0.003144254726825137
2020-03-23 19:48:00,2632.4647144879773,0.003192663680790508
2020-03-23 19:49:00,2620.1189379069797,0.0030871197066748013
2020-03-23 19:50:00,2608.2862987403773,0.003144639870441291
2020-03-23 19:51:00,2610.635589388552,0.003116728845126632
2020-03-23 19:52:00,2603.7093456616526,0.0030059488309646873
2020-03-23 19:53:00,2608.4761205689147,0.0030460522485182156
2020-03-23 19:54:00,2618.5931878270508,0.0031929488169556938
2020-03-23 19:55:00,2612.098240762528,0.0032366744995392612
2020-03-23 19:56:00,2608.363899434202,0.0033060620856266536
2020-03-23 19:57:00,2609.317233122363,0.003415081025440349
2020-03-23 19:58:00,2607.0030321098293,0.0036566173488105846
2020-03-23 19:59:00,2621.441991130321,0.0036264091753841275
2020-03-24 13:30:00,2717.912445181661,0.0035350224653681647
2020-03-24 13:31:00,2703.4208149167507,0.003742777937721378
2020-03-24 13:32:00,2698.7911401088413,0.0036530292425384077
2020-03-24 13:33:00,2711.2627666838594,0.0036059773840787603
2020-03-24 13:34:00,2712.4874412122435,0.003537744079399191
2020-03-24 13:35:00,2716.7535561905256,0.0037937999897477365
2020-03-24 13:36:00,2706.614648790994,0.003664908437952247
2020-03-24 13:37:00,2714.785308424467,0.003888091261454783
2020-03-24 13:38:00,2731.368312311698,0.003818912413687421
2020-03-24 13:39:00,2751.4992928514375,0.003982644910177984
2020-03-24 13:40:00,2745.58875095615,0.003702945647908439
2020-03-24 13:41:00,2725.036650213746,0.004070283672015311
2020-03-24 13:42:00,2733.4954545469236,0.0042849816299395235
2020-03-24 13:43:00,2740.5871610452596,0.004307718554074678
2020-03-24 13:44:00,2748.452154975816,0.004161740301135465
2020-03-24 13:45:00,2755.094480660209,0.004445421945177003
2020-03-24 13:46:00,2776.0226789587637,0.004274601059914677
2020-03-24 13:47:00,2774.504220549053,0.004356674644702678
2020-03-24 13:48:00,2784.862456213663,0.004440055368783966
2020-03-24 13:49:00,2787.2764669350745,0.004319681882306378
2020-03-24 13:50:00,2777.95003478465,0.004384849699467271
2020-03-24 13:51:00,2766.7790118960056,0.004175518429253648
2020-03-24 13:52:00,2761.760825562435,0.004289763579377879
2020-03-24 13:53:00,2768.1711945377792,0.004159751294368775
2020-03-24 13:54:00,2758.121597082634,0.004076838082645839
2020-03-24 13:55:00,2754.0674780221343,0.003992736937574744
2020-03-24 13:56:00,2759.087519503187,0.003821101083374407
2020-03-24 13:57:00,2769.7947492439166,0.003730860574526631
2020-03-24 13:58:00,2784.7941174766684,0.003910312993696492
2020-03-24 13:59:00,2780.921563579356,0.003950842838305348
2020-03-24 14:00:00,2778.4432987644427,0.003997877584265532
2020-03-24 14:01:00,2775.3707975540588,0.004135935519900788
2020-03-24 14:02:00,2775.668787138625,0.004045686546976207
2020-03-24 14:03:00,2769.985581163502,0.004291835324315503
2020-03-24 14:04:00,2759.0152143595596,0.004322040585306118
2020-03-24 14:05:00,2735.846163686553,0.004386508327974281
2020-03-24 14:06:00,2745.6234339365046,0.004955363727054167
2020-03-24 14:07:00,2754.3199313080136,0.004802033101762162
2020-03-24 14:08:00,2758.1714538346982,0.004785009958000286
2020-03-24 14:09:00,2758.848744526321,0.004964293364120379
2020-03-24 14:10:00,2759.916191509256,0.004809100867831261
2020-03-24 14:11:00,2767.441237473193,0.004538510833847771
2020-03-24 14:12:00,2753.423648181296,0.004566770135735628
2020-03-24 14:13:00,2760.195287718523,0.0046784069916453175
2020-03-24 14:14:00,2761.792229378977,0.004700726222441051
2020-03-24 14:15:00,2747.8436248911676,0.004751096410060904
2020-03-24 14:16:00,2749.4834782404027,0.005021635859769984
2020-03-24 14:17:00,2755.702858154895,0.004833845420201621
2020-03-24 14:18:00,2753.812382656014,0.004914071989109166
2020-03-24 14:19:00,2768.400526602705,0.004897805536334589
2020-03-24 14:20:00,2762.515297835229,0.004906347985842312
2020-03-24 14:21:00,2739.455543424965,0.005145756103578676
2020-03-24 14:22:00,2747.15787068835,0.005244938625304984
2020-03-24 14:23:00,2752.7157079638378,0.0056016689939699165
2020-03-24 14:24:00,2755.505630157353,0.006027244175533856
2020-03-24 14:25:00,2749.583245685434,0.0062459080042591856
2020-03-24 14:26:00,2754.5366841024293,0.005930614771650615
2020-03-24 14:27:00,2749.072404279991,0.005799898450374784
2020-03-24 14:28:00,2740.536635471525,0.00609891776049994
2020-03-24 14:29:00,2739.8214912531043,0.006190199156691609
2020-03-24 14:30:00,2747.9870790926248,0.006521711886991835
2020-03-24 14:31:00,2751.045349524712,0.006326800017397469
2020-03-24 14:32:00,2736.9786587704484,0.0058131142259759605
2020-03-24 14:33:00,2741.2199908329276,0.0059846120280948436
2020-03-24 14:34:00,2738.7868045001032,0.005612225734350625
2020-03-24 14:35:00,2737.596899946371,0.005438700514763093
2020-03-24 14:36:00,2746.8587960199657,0.0057283232149249125
2020-03-24 14:37:00,2740.5420901266425,0.005977889427716023
2020-03-24 14:38:00,2721.2354179702716,0.005926891984319443
2020-03-24 14:39:00,2741.704943976068,0.005774078140812097
2020-03-24 14:40:00,2737.26500920258,0.0061104555380913144
2020-03-24 14:41:00,2727.6501649288293,0.006300814077176669
2020-03-24 14:42:00,2711.166479972978,0.0065340570278386145
2020-03-24 14:43:00,2690.245005611262,0.006002282151546256
2020-03-24 14:44:00,2689.5456190271875,0.005883951387081472
2020-03-24 14:45:00,2671.701273957546,0.005729156676671794
2020-03-24 14:46:00,2662.669631183534,0.005909950205811672
2020-03-24 14:47:00,2651.3559951878215,0.006066640668464267
2020-03-24 14:48:00,2672.948577211035,0.0061149743717698124
2020-03-24 14:49:00,2666.0527828636614,0.00608205582283746
2020-03-24 14:50:00,2672.4308096128266,0.006043441423379249
2020-03-24 14:51:00,2666.7396456712654,0.005943884347354982
2020-03-24 14:52:00,2654.8795034399177,0.0062618230994488395
2020-03-24 14:53:00,2627.399404969685,0.005954824023261873
2020-03-24 14:54:00,2624.0666984330683,0.005752153846048106
2020-03-24 14:55:00,2641.202061898825,0.005911421189893417
2020-03-24 14:56:00,2658.2183344425544,0.0058839678154382555
2020-03-24 14:57:00,2645.1613511233068,0.0060521365015030176
2020-03-24 14:58:00,2640.9407812487407,0.005915873336740246
2020-03-24 14:59:00,2623.826294437782,0.005884661306979681
2020-03-24 15:00:00,2616.883517585095,0.005608234574639268
2020-03-24 15:01:00,2589.0111246322635,0.005157936684432669
2020-03-24 15:02:00,2612.5764138384106,0.005141785498195469
2020-03-24 15:03:00,2621.1135172999307,0.00523679927158417
2020-03-24 15:04:00,2600.7212692533053,0.005152919408178767
2020-03-24 15:05:00,2599.2615090500726,0.005307989071262974
2020-03-24 15:06:00,2601.817595369705,0.005483229923159682
2020-03-24 15:07:00,2608.8471849625266,0.0052649406245093575
2020-03-24 15:08:00,2620.5762625346856,0.005372347632856351
2020-03-24 15:09:00,2635.9868824865666,0.005778859445261494
2020-03-24 15:10:00,2634.1006260086333,0.005786776418232249
2020-03-24 15:11:00,2628.7815165664097,0.00569348447082096
2020-03-24 15:12:00,2631.9979314601514,0.005526116379650039
2020-03-24 15:13:00,2633.0841429486172,0.005420117010125401
2020-03-24 15:14:00,2618.3853333163015,0.005620035766712057
2020-03-24 15:15:00,2613.7218474121228,0.0056317121831507486
2020-03-24 15:16:00,2647.845806167188,0.005581030171553951
2020-03-24 15:17:00,2650.597306054014,0.005959804903214163
2020-03-24 15:18:00,2674.248813060883,0.0059229694019536355
2020-03-24 15:19:00,2690.095596473882,0.005714567250126471
2020-03-24 15:20:00,2689.4650472450853,0.005762554562402557
2020-03-24 15:21:00,2678.9316411983586,0.005936723487561413
2020-03-24 15:22:00,2695.3776161578357,0.006558175690686447
2020-03-24 15:23:00,2712.890088678544,0.0060082140138244715
2020-03-24 15:24:00,2716.7063821578427,0.005735317925360612
2020-03-24 15:25:00,2720.978419418986,0.005523943043876765
2020-03-24 15:26:00,2742.820784149588,0.005818437078966068
2020-03-24 15:27:00,2759.3263027729677,0.006084887389534465
2020-03-24 15:28:00,2743.2445944108676,0.00574802501498871
2020-03-24 15:29:00,2741.322982045364,0.005889211524013141
2020-03-24 15:30:00,2757.198223029351,0.00565724146367569
2020-03-24 15:31:00,2723.1698072739114,0.00561634746817321
2020-03-24 15:32:00,2731.9061502707123,0.005396056482456327
2020-03-24 15:33:00,2714.2582188805663,0.005209507478907811
2020-03-24 15:34:00,2728.0036543850474,0.005430868057020727
2020-03-24 15:35:00,2745.5668074683454,0.005260894159834188
2020-03-24 15:36:00,2721.923575337999,0.0054888478525821
2020-03-24 15:37:00,2717.787106060584,0.0057795540103291595
2020-03-24 15:38:00,2729.0256346829865,0.005989506588419301
2020-03-24 15:39:00,2695.509334564581,0.006156059953117151
2020-03-24 15:40:00,2668.7086875107943,0.0059815646952956995
2020-03-24 15:41:00,2677.629240849905,0.005538306441304287
2020-03-24 15:42:00,2690.134591192448,0.0054114590232745615
2020-03-24 15:43:00,2726.6249126632138,0.005638243022680058
2020-03-24 15:44:00,2712.4192596664857,0.005805194377169468
2020-03-24 15:45:00,2727.058291142434,0.005917479911409369
2020-03-24 15:46:00,2735.246433162525,0.005532789945619704
2020-03-24 15:47:00,2733.783331187885,0.005581702332150431
2020-03-24 15:48:00,2729.1451754198597,0.005483666224961968
2020-03-24 15:49:00,2754.2480709039633,0.005472349635968377
2020-03-24 15:50:00,2745.2186382454574,0.005560820728845204
2020-03-24 15:51:00,2760.241770133303,0.005710438579063561
2020-03-24 15:52:00,2758.3080118068533,0.0053118268431042205
2020-03-24 15:53:00,2758.657833503371,0.005257650899521566
2020-03-24 15:54:00,2758.665251107115,0.005236233390622118
2020-03-24 15:55:00,2759.275377892322,0.005245611243455977
2020-03-24 15:56:00,2763.422681325316,0.005351606192364613
2020-03-24 15:57:00,2744.869742052896,0.00487370847796201
2020-03-24 15:58:00,2761.718580782849,0.004792453230105606
2020-03-24 15:59:00,2774.0886953643458,0.004672791667537586
2020-03-24 16:00:00,2793.164926758059,0.0046987377480193345
2020-03-24 16:01:00,2813.4210891442985,0.005229964094884597
2020-03-24 16:02:00,2806.1041952179767,0.0048553958424876606
2020-03-24 16:03:00,2795.7654780618323,0.004841271285850887
2020-03-24 16:04:00,2793.260352569598,0.00500015436679183
2020-03-24 16:05:00,2807.754591753865,0.004938586351949285
2020-03-24 16:06:00,2825.74560312434,0.004620476377131895
2020-03-24 16:07:00,2803.7300296906346,0.004540470096008676
2020-03-24 16:08:00,2793.628886354866,0.0043588384234045565
2020-03-24 16:09:00,2788.924521597449,0.004398915867600254
2020-03-24 16:10:00,2784.1926232194164,0.004529921748927831
2020-03-24 16:11:00,2772.602514437622,0.004290674115337852
2020-03-24 16:12:00,2786.0494527638753,0.0038708684153462127
2020-03-24 16:13:00,2802.9601479931994,0.0037261715913215073
2020-03-24 16:14:00,2792.0216960773614,0.0037234888425391227
2020-03-24 16:15:00,2792.7109852095614,0.003975832210600702
2020-03-24 16:16:00,2793.40054130158,0.004019388410365947
2020-03-24 16:17:00,2776.0101023767647,0.004016052726301371
2020-03-24 16:18:00,2767.360931573271,0.003832596116267965
2020-03-24 16:19:00,2773.5966618872785,0.003957564253270153
2020-03-24 16:20:00,2768.1140863272553,0.004067094179868906
2020-03-24 16:21:00,2763.1029154971097,0.003927109143266063
2020-03-24 16:22:00,2769.5222103959427,0.003750241835009292
2020-03-24 16:23:00,2756.965089057777,0.0035644493052453944
2020-03-24 16:24:00,2767.4638925613467,0.0034989731279837697
2020-03-24 16:25:00,2781.5471887637696,0.0034329687998090348
2020-03-24 16:26:00,2779.4008927589884,0.0034178710657724377
2020-03-24 16:27:00,2763.306145360243,0.0037696826638523224
2020-03-24 16:28:00,2761.248115478314,0.0037715125755736247
2020-03-24 16:29:00,2762.2743758353013,0.003676569651844664
2020-03-24 16:30:00,2771.175154611562,0.0038050433182512827
2020-03-24 16:31:00,2768.1907064688303,0.0035754862815561153
2020-03-24 16:32:00,2796.490096176119,0.003981300137479805
2020-03-24 16:33:00,2785.457540789207,0.003910299916557782
2020-03-24 16:34:00,2774.784319652282,0.003621600593787998
2020-03-24 16:35:00,2776.5442687153736,0.003642055435998969
2020-03-24 16:36:00,2767.2983966014203,0.0034202064739165716
2020-03-24 16:37:00,2768.718411292926,0.003365422885874535
2020-03-24 16:38:00,2768.77185310087,0.003257595420211383
2020-03-24 16:39:00,2764.66780306626,0.003011820131553473
2020-03-24 16:40:00,2757.071854475403,0.003187801865206867
2020-03-24 16:41:00,2758.5347774774414,0.002897687408728325
2020-03-24 16:42:00,2757.730990305879,0.003023230342344178
2020-03-24 16:43:00,2749.6490483277194,0.0031825178159211975
2020-03-24 16:44:00,2753.6482786763568,0.0030935745850773208
2020-03-24 16:45:00,2739.1453508831273,0.0032526832689484695
2020-03-24 16:46:00,2743.34984914059,0.003309713577644695
2020-03-24 16:47:00,2736.0679682550067,0.003259203298868755
2020-03-24 16:48:00,2741.4312562427017,0.003424767719676222
2020-03-24 16:49:00,2742.4123130641965,0.0036111745833545517
2020-03-24 16:50:00,2725.9927992657063,0.00365683707730328
2020-03-24 16:51:00,2729.128424219088,0.003795126505312397
2020-03-24 16:52:00,2723.576201808607,0.004096680014887218
2020-03-24 16:53:00,2727.356592431157,0.00390774809866374
2020-03-24 16:54:00,2734.639182000744,0.0039242069949386145
2020-03-24 16:55:00,2730.00060289201,0.00398127194370106
2020-03-24 16:56:00,2725.031327211397,0.0038894088392101376
2020-03-24 16:57:00,2712.3512973251395,0.003705935046430662
2020-03-24 16:58:00,2719.1101486366783,0.0036697001065905486
2020-03-24 16:59:00,2732.4394903914213,0.0038932979818994697
2020-03-24 17:00:00,2743.7554216889653,0.0040623805783262575
2020-03-24 17:01:00,2730.4012007078413,0.004134773702523216
2020-03-24 17:02:00,2725.40820995783,0.004167854323870038
2020-03-24 17:03:00,2722.388517858132,0.003913149088438395
2020-03-24 17:04:00,2729.4136719498197,0.0038081539170472752
2020-03-24 17:05:00,2714.7023488291725,0.003739585630252847
2020-03-24 17:06:00,2731.2306799674966,0.004057785976086347
2020-03-24 17:07:00,2750.43678414643,0.004090880738996849
2020-03-24 17:08:00,2747.5035264498424,0.004293106597765395
2020-03-24 17:09:00,2762.6543563183814,0.0042312257542303725
2020-03-24 17:10:00,2770.441569368175,0.004441144613335351
2020-03-24 17:11:00,2762.0329826921693,0.004276368457637455
2020-03-24 17:12:00,2779.6476762112443,0.004186512570972105
2020-03-24 17:13:00,2780.7809157788965,0.0042579882753001515
2020-03-24 17:14:00,2777.8815833679937,0.003991272661666691
2020-03-24 17:15:00,2783.8179585361654,0.003928226355912612
2020-03-24 17:16:00,2799.045491163184,0.004039852122445265
2020-03-24 17:17:00,2808.5197150664926,0.00407490752994302
2020-03-24 17:18:00,2814.811541256111,0.003998154045615058
2020-03-24 17:19:00,2810.3760711679397,0.003970575912231773
2020-03-24 17:20:00,2810.50471156906,0.0038995953623840248
2020-03-24 17:21:00,2810.9704093927076,0.0038845271640723014
2020-03-24 17:22:00,2819.228614819049,0.0036220420554946915
2020-03-24 17:23:00,2816.8600862291814,0.003521148390806652
2020-03-24 17:24:00,2802.3293095553818,0.0033483735842822905
2020-03-24 17:25:00,2797.5454676356935,0.003426742168716474
2020-03-24 17:26:00,2789.909072209902,0.003455912032964311
2020-03-24 17:27:00,2791.353410063016,0.003620768242018599
2020-03-24 17:28:00,2772.4492594216267,0.0034288600954912045
2020-03-24 17:29:00,2776.287189377248,0.003474559176158787
2020-03-24 17:30:00,2777.984711066752,0.0037527684408016518
2020-03-24 17:31:00,2783.6416405863756,0.0038323353642847873
2020-03-24 17:32:00,2777.711502765482,0.003705072880622322
2020-03-24 17:33:00,2788.771889141594,0.0035794144772725947
2020-03-24 17:34:00,2785.977944819895,0.003389372583968728
2020-03-24 17:35:00,2779.5896510820085,0.003427427608063877
2020-03-24 17:36:00,2763.7297624049825,0.0031961987147702997
2020-03-24 17:37:00,2756.8509866264712,0.0034935273773775977
2020-03-24 17:38:00,2763.1739837082855,0.0033893825850352965
2020-03-24 17:39:00,2763.9238781290574,0.0032056712043132827
2020-03-24 17:40:00,2764.2731028018843,0.0033069958285326935
2020-03-24 17:41:00,2763.965447768066,0.0033427983522716694
2020-03-24 17:42:00,2748.495055395902,0.0033170390056757224
2020-03-24 17:43:00,2741.359768415503,0.0031970526781830784
2020-03-24 17:44:00,2742.518717842125,0.0031143867533138638
2020-03-24 17:45:00,2741.669806621579,0.002973917922356476
2020-03-24 17:46:00,2745.3337400111022,0.0028676995264166213
2020-03-24 17:47:00,2744.9804639322056,0.002884695575772046
2020-03-24 17:48:00,2735.949978175744,0.0030226231154303305
2020-03-24 17:49:00,2753.162193572481,0.0028842387325341994
2020-03-24 17:50:00,2742.701253015243,0.0027147556827523895
2020-03-24 17:51:00,2734.114367058443,0.002659896236528541
2020-03-24 17:52:00,2720.825015169001,0.0026491833796602627
2020-03-24 17:53:00,2731.978953780692,0.0026431471083387015
2020-03-24 17:54:00,2732.9961491024833,0.0028028726702027805
2020-03-24 17:55:00,2734.6694642612315,0.002678387197640281
2020-03-24 17:56:00,2738.674192415308,0.0026859289326990566
2020-03-24 17:57:00,2742.450123035377,0.0026379630968914585
2020-03-24 17:58:00,2740.8850652387364,0.002648619049902365
2020-03-24 17:59:00,2729.1314555158187,0.0024663801658084718
2020-03-24 18:00:00,2730.08184873946,0.002432462363401088
2020-03-24 18:01:00,2721.1565652933623,0.002574843053983145
2020-03-24 18:02:00,2727.944406187134,0.0025283632942450754
2020-03-24 18:03:00,2723.576585834531,0.002704203150033186
2020-03-24 18:04:00,2733.810056488608,0.0024698655293463262
2020-03-24 18:05:00,2728.319385554144,0.002440744675834574
2020-03-24 18:06:00,2730.2368579031713,0.002376920891465516
2020-03-24 18:07:00,2729.728411044073,0.002624178667825834
2020-03-24 18:08:00,2726.1709276672696,0.0024782825756860588
2020-03-24 18:09:00,2729.516838937901,0.0025525930279321042
2020-03-24 18:10:00,2734.179876782421,0.0025432754691673788
2020-03-24 18:11:00,2725.402506785298,0.002739044403531202
2020-03-24 18:12:00,2711.3156754396027,0.0026394420372646537
2020-03-24 18:13:00,2706.001755117539,0.002542564265862267
2020-03-24 18:14:00,2706.2436084190736,0.0027190587918868954
2020-03-24 18:15:00,2700.15466373106,0.0026961336339586593
2020-03-24 18:16:00,2691.923636265036,0.0027056798686523062
2020-03-24 18:17:00,2685.6364144304557,0.0028065521482581375
2020-03-24 18:18:00,2670.754398023904,0.002929969363995678
2020-03-24 18:19:00,2683.1975652510373,0.0030354678079897884
2020-03-24 18:20:00,2679.1140619169323,0.0030205889348226956
2020-03-24 18:21:00,2675.712756618507,0.0030987585201971523
2020-03-24 18:22:00,2685.1537748389765,0.003082737163716436
2020-03-24 18:23:00,2693.779810280189,0.0030430598253126037
2020-03-24 18:24:00,2687.6907081453032,0.002956828704819566
2020-03-24 18:25:00,2682.864443902427,0.0029906133054900088
2020-03-24 18:26:00,2686.653933574765,0.002953023965863239
2020-03-24 18:27:00,2682.9087350536074,0.002695734428623884
2020-03-24 18:28:00,2677.7918205146193,0.002596289957484942
2020-03-24 18:29:00,2686.9179594311295,0.002707042185727566
2020-03-24 18:30:00,2688.942273883248,0.002733003853259543
2020-03-24 18:31:00,2687.840732087652,0.002886095232448615
2020-03-24 18:32:00,2692.0348676844733,0.0027810615629208415
2020-03-24 18:33:00,2689.037249478656,0.002845012620590558
2020-03-24 18:34:00,2694.642058586438,0.002572631441426442
2020-03-24 18:35:00,2697.1808893748266,0.0026145745550310417
2020-03-24 18:36:00,2691.7272264014814,0.002719083876891144
2020-03-24 18:37:00,2697.340483021681,0.0025760274864599906
2020-03-24 18:38:00,2695.905515563823,0.00250890533619582
2020-03-24 18:39:00,2692.845596226693,0.002536343069798035
2020-03-24 18:40:00,2674.054467557414,0.00278808526240635
2020-03-24 18:41:00,2668.527720175706,0.002983047111020676
2020-03-24 18:42:00,2679.5376109194085,0.002686894439256814
2020-03-24 18:43:00,2673.146202401785,0.002621067813348687
2020-03-24 18:44:00,2686.1694222977794,0.0027685480163530426
2020-03-24 18:45:00,2678.9039001289866,0.0026808299943459866
2020-03-24 18:46:00,2676.2816991545405,0.002574802845052084
2020-03-24 18:47:00,2683.0263288418014,0.002661843014364839
2020-03-24 18:48:00,2685.213579316877,0.002768836181901277
2020-03-24 18:49:00,2683.948686919213,0.0025892179197869168
2020-03-24 18:50:00,2680.2643216942083,0.0025621116279144216
2020-03-24 18:51:00,2673.603451813057,0.0024471784379884853
2020-03-24 18:52:00,2676.70024014274,0.0025313379803802096
2020-03-24 18:53:00,2677.403414719082,0.002674570890611367
2020-03-24 18:54:00,2667.585267850232,0.0027311278519888743
2020-03-24 18:55:00,2657.498480451325,0.0026691661113688817
2020-03-24 18:56:00,2665.4226164839756,0.002676997148057163
2020-03-24 18:57:00,2669.833529863969,0.002698062369164903
2020-03-24 18:58:00,2674.702304949098,0.0026951657906725685
2020-03-24 18:59:00,2684.4784012967366,0.0025430156773002493
2020-03-24 19:00:00,2683.258609533712,0.002658930214515854
2020-03-24 19:01:00,2670.7562812008173,0.0027410045388016877
2020-03-24 19:02:00,2682.584176232267,0.0028643920636738846
2020-03-24 19:03:00,2691.969652401328,0.0029005358991953663
2020-03-24 19:04:00,2701.915165564486,0.0027953300862245322
2020-03-24 19:05:00,2700.385318858585,0.0029110024027422755
2020-03-24 19:06:00,2695.9525869039,0.0026672037107789014
2020-03-24 19:07:00,2704.34319766729,0.0026182133236048685
2020-03-24 19:08:00,2703.8735222472674,0.002485783333102357
2020-03-24 19:09:00,2704.7173438523955,0.002380587180246489
2020-03-24 19:10:00,2715.5042042958253,0.002168889917846952
2020-03-24 19:11:00,2712.259299891217,0.002080040111183242
2020-03-24 19:12:00,2712.871369844067,0.0020695233147554315
2020-03-24 19:13:00,2704.057894903437,0.0019726220391611156
2020-03-24 19:14:00,2704.56133293052,0.0019876149393830925
2020-03-24 19:15:00,2701.284582744157,0.0020817602182628962
2020-03-24 19:16:00,2702.412922302372,0.0020093940057232867
2020-03-24 19:17:00,2703.1162620738473,0.0018690656074855075
2020-03-24 19:18:00,2697.3336406358126,0.001743566078823919
2020-03-24 19:19:00,2693.1816956255802,0.00190795499696662
2020-03-24 19:20:00,2695.5080279027707,0.0018303992567811546
2020-03-24 19:21:00,2696.7702617700334,0.001712915179742071
2020-03-24 19:22:00,2701.450611807953,0.001741004031843457
2020-03-24 19:23:00,2707.12765947456,0.0017963840916890058
2020-03-24 19:24:00,2722.780053802164,0.0018765164879622654
2020-03-24 19:25:00,2717.6033455254055,0.0018049874215747316
2020-03-24 19:26:00,2718.2963806370826,0.001800530811821467
2020-03-24 19:27:00,2719.0853474693986,0.0018079133754951003
2020-03-24 19:28:00,2723.699575666737,0.0019040521817101843
2020-03-24 19:29:00,2724.797175927759,0.0018878618074839248
2020-03-24 19:30:00,2729.14339751795,0.002021224892676607
2020-03-24 19:31:00,2732.0340819731477,0.0019319497811141786
2020-03-24 19:32:00,2734.485441258463,0.0019947607961987913
2020-03-24 19:33:00,2743.1861229019096,0.0019267992278658175
2020-03-24 19:34:00,2748.6314303476843,0.0018738853118622702
2020-03-24 19:35:00,2746.7372233686,0.0018664545450925692
2020-03-24 19:36:00,2744.9910208384476,0.0018046677626715741
2020-03-24 19:37:00,2739.10200924584,0.0018010921265669605
2020-03-24 19:38:00,2742.4258066685247,0.001755136208504319
2020-03-24 19:39:00,2740.3778768908833,0.001796773851585705
2020-03-24 19:40:00,2740.3958801725917,0.0017166107018037086
2020-03-24 19:41:00,2743.6084415251507,0.0017914453360464537
2020-03-24 19:42:00,2732.2007583028135,0.0019571684648308552
2020-03-24 19:43:00,2744.351248280878,0.0019238233640233402
2020-03-24 19:44:00,2749.725000732947,0.0018192323660507698
2020-03-24 19:45:00,2742.683851872215,0.0018058546254793946
2020-03-24 19:46:00,2739.2011988024324,0.001622747534677686
2020-03-24 19:47:00,2739.315798828672,0.0017330727821149256
2020-03-24 19:48:00,2731.4570576344645,0.0017498315912633279
2020-03-24 19:49:00,2726.407088063376,0.0018248375670179757
2020-03-24 19:50:00,2729.745068554751,0.0017080747009688806
2020-03-24 19:51:00,2732.1943221191577,0.0015811866809240886
2020-03-24 19:52:00,2726.911558046387,0.0015491741723599054
2020-03-24 19:53:00,2725.718112467692,0.001479238820406084
2020-03-24 19:54:00,2734.4531977803535,0.0015137250354001384
2020-03-24 19:55:00,2735.050253951662,0.0014660931801598576
2020-03-24 19:56:00,2736.8661410955974,0.0014525926114473027
2020-03-24 19:57:00,2727.7116419086874,0.0014117385024238842
2020-03-24 19:58:00,2724.1553227276763,0.0014658027579447393
2020-03-24 19:59:00,2722.249491676474,0.0014335402724580575
2020-03-25 13:30:00,2664.716250596547,0.001406394575714061
2020-03-25 13:31:00,2665.7128760414744,0.0014615199967337393
2020-03-25 13:32:00,2666.567726279461,0.0015574074750276637
2020-03-25 13:33:00,2668.278881879429,0.0015857815874076452
2020-03-25 13:34:00,2667.6945221846468,0.0016771103957819954
2020-03-25 13:35:00,2665.409555942394,0.0016488191232568114
2020-03-25 13:36:00,2665.1356580428114,0.0015876505548706558
2020-03-25 13:37:00,2668.019459255561,0.0016407669869706112
2020-03-25 13:38:00,2664.522254404571,0.0015677226706269892
2020-03-25 13:39:00,2670.649271584402,0.001676034201757759
2020-03-25 13:40:00,2675.0432782375246,0.0017046195473595864
2020-03-25 13:41:00,2674.201912874875,0.0017132835192272917
2020-03-25 13:42:00,2678.5185372956394,0.0017329714130060988
2020-03-25 13:43:00,2672.606486091312,0.0018321137407806283
2020-03-25 13:44:00,2670.830288952477,0.0018458157435263848
2020-03-25 13:45:00,2678.415936917423,0.0016813657608023645
2020-03-25 13:46:00,2675.831364337079,0.0016405929191611326
2020-03-25 13:47:00,2676.4106471200657,0.0016457779507199485
2020-03-25 13:48:00,2673.5043751794196,0.0016352682177899116
2020-03-25 13:49:00,2676.9906148398645,0.0015360924577154287
2020-03-25 13:50:00,2687.2854737361718,0.0015380464330346402
2020-03-25 13:51:00,2686.585680138689,0.00163002377332494
2020-03-25 13:52:00,2690.0083973330834,0.0015143359312349625
2020-03-25 13:53:00,2689.597442694269,0.001517867634413084
2020-03-25 13:54:00,2694.650753911157,0.0014363815202943055
2020-03-25 13:55:00,2690.572645710036,0.0014479749615923753
2020-03-25 13:56:00,2693.3930437979684,0.0015974564814028084
2020-03-25 13:57:00,2697.0618865487213,0.0016439578869312228
2020-03-25 13:58:00,2690.101141747717,0.001573388936580426
2020-03-25 13:59:00,2683.52910401329,0.0016103798645840334
2020-03-25 14:00:00,2686.608990382952,0.0015197662107868143
2020-03-25 14:01:00,2688.245221198537,0.0015579850665046508
2020-03-25 14:02:00,2692.9656889827293,0.0015893108384168475
2020-03-25 14:03:00,2691.774752024673,0.001538404974122645
2020-03-25 14:04:00,2690.3465482294955,0.0014694087630145144
2020-03-25 14:05:00,2688.8949067989533,0.0015006577946220104
2020-03-25 14:06:00,2684.3277502492174,0.0014269314201456342
2020-03-25 14:07:00,2674.1082768427223,0.0014484648331717996
2020-03-25 14:08:00,2682.1164464086405,0.0014204306213400763
2020-03-25 14:09:00,2683.7814275836536,0.00145423364843638
2020-03-25 14:10:00,2683.326834893337,0.0013877581113344764
2020-03-25 14:11:00,2682.666635342029,0.001468817848131677
2020-03-25 14:12:00,2686.949286443505,0.0014031712690750263
2020-03-25 14:13:00,2680.4343605658555,0.0014097872764028436
2020-03-25 14:14:00,2678.933823829139,0.0014098175500560604
2020-03-25 14:15:00,2682.8979822873316,0.0014913344922013146
2020-03-25 14:16:00,2676.2641129847416,0.0014529213691708703
2020-03-25 14:17:00,2681.669165480734,0.0014069855717133077
2020-03-25 14:18:00,2681.7636454577646,0.001515294315606653
2020-03-25 14:19:00,2685.5338630711653,0.0014802776090877179
2020-03-25 14:20:00,2677.6763107171664,0.0014544348792619871
2020-03-25 14:21:00,2671.370564700873,0.0015103780232864096
2020-03-25 14:22:00,2678.956460096263,0.0015339928138467908
2020-03-25 14:23:00,2675.5117105390054,0.001463971012387037
2020-03-25 14:24:00,2674.87252424233,0.0013316769544373852
2020-03-25 14:25:00,2675.2864416621887,0.0014011809725212447
2020-03-25 14:26:00,2675.783825593656,0.0014143177673267382
2020-03-25 14:27:00,2673.6299689033754,0.0014341785110509975
2020-03-25 14:28:00,2679.0405869414612,0.0014359694147663413
2020-03-25 14:29:00,2676.247752805496,0.0014991147336020857
2020-03-25 14:30:00,2675.188291620634,0.0015750965402618231
2020-03-25 14:31:00,2670.8615795433575,0.0014205978076443427
2020-03-25 14:32:00,2671.4698820973945,0.00137048372933586
2020-03-25 14:33:00,2667.70963478537,0.0013586008626169483
2020-03-25 14:34:00,2666.9244597125903,0.0013187682155782984
2020-03-25 14:35:00,2671.8012579931187,0.001370728208426263
2020-03-25 14:36:00,2668.5130833730454,0.0013065160606538662
2020-03-25 14:37:00,2670.1843637636052,0.0012215871490582103
2020-03-25 14:38:00,2673.089927307869,0.0012188383342963973
2020-03-25 14:39:00,2675.994191715377,0.0011533114791947025
2020-03-25 14:40:00,2672.8754785056744,0.0011266505000356668
2020-03-25 14:41:00,2673.4590183415253,0.001140040850633972
2020-03-25 14:42:00,2673.0213960242045,0.0010956736828193977
2020-03-25 14:43:00,2678.600392026652,0.0011165390442235607
2020-03-25 14:44:00,2673.149692229828,0.001109084174774024
2020-03-25 14:45:00,2673.756498783666,0.0010727547058516594
2020-03-25 14:46:00,2669.90624611814,0.0010120019156573037
2020-03-25 14:47:00,2668.70678231031,0.0010911016793919634
2020-03-25 14:48:00,2677.1075664649966,0.0011118363772119936
2020-03-25 14:49:00,2678.730506518576,0.0012335361701849873
2020-03-25 14:50:00,2676.585355071818,0.0011947177127721194
2020-03-25 14:51:00,2677.1419073018847,0.0012416626805671507
2020-03-25 14:52:00,2676.4590071536036,0.0012352491268780373
2020-03-25 14:53:00,2680.3897626383196,0.0011739718501377137
2020-03-25 14:54:00,2680.973350171966,0.0012142449254119616
2020-03-25 14:55:00,2681.2672250676746,0.0012722456639642273
2020-03-25 14:56:00,2680.002446955927,0.001303360294084463
2020-03-25 14:57:00,2683.381163157318,0.0013047469995498343
2020-03-25 14:58:00,2680.4458296467346,0.001367136551663947
2020-03-25 14:59:00,2677.4579636930953,0.001315511266187005
2020-03-25 15:00:00,2680.7652898832816,0.0011838912172328845
2020-03-25 15:01:00,2681.40888410314,0.0012143518350473039
2020-03-25 15:02:00,2683.559351567836,0.0011712200586545137
2020-03-25 15:03:00,2679.4554621499074,0.0011775257734268608
2020-03-25 15:04:00,2678.9918492724514,0.001147795946701695
2020-03-25 15:05:00,2676.111471559713,0.0011227700099320148
2020-03-25 15:06:00,2671.6535930180576,0.0011216602765210504
2020-03-25 15:07:00,2666.7360516125173,0.0010962271030997468
2020-03-25 15:08:00,2666.3201244241927,0.0011248670742486058
2020-03-25 15:09:00,2670.609641714522,0.001148496383636982
2020-03-25 15:10:00,2672.75904543704,0.0012029163332890835
2020-03-25 15:11:00,2671.7050155234315,0.0012675950720231579
2020-03-25 15:12:00,2673.465833105698,0.00136386709759007
2020-03-25 15:13:00,2666.981488377956,0.0012974793005442109
2020-03-25 15:14:00,2669.9294430725186,0.0013410783185479303
2020-03-25 15:15:00,2667.8695355836576,0.00135769577867295
2020-03-25 15:16:00,2662.939104599984,0.0012766436363509102
2020-03-25 15:17:00,2662.9200441089756,0.0012762736307789352
2020-03-25 15:18:00,2662.070730342528,0.0012460096898332777
2020-03-25 15:19:00,2666.2341358670765,0.0011448524111499325
2020-03-25 15:20:00,2666.0605759388664,0.0011711114331332273
2020-03-25 15:21:00,2663.4774415932284,0.0012030583033994587
2020-03-25 15:22:00,2657.60678696931,0.001282121640858938
2020-03-25 15:23:00,2661.750296574043,0.0012674402350824005
2020-03-25 15:24:00,2662.9989505353506,0.0012704702485252246
2020-03-25 15:25:00,2663.5557101910053,0.0012462149918197306
2020-03-25 15:26:00,2663.866195034428,0.0013207708970134641
2020-03-25 15:27:00,2664.966491883462,0.0012082153210787696
2020-03-25 15:28:00,2664.950738207575,0.0012192928652127772
2020-03-25 15:29:00,2664.3408745029187,0.0012137700308445666
2020-03-25 15:30:00,2664.8128944271343,0.0012516200145112441
2020-03-25 15:31:00,2662.3202961426828,0.0013411464799879633
2020-03-25 15:32:00,2662.465315370705,0.0012093074376267503
2020-03-25 15:33:00,2658.4031392116117,0.0012529009084278238
2020-03-25 15:34:00,2657.4245494222937,0.0012151790872684206
2020-03-25 15:35:00,2659.5890185277117,0.0011985558980056642
2020-03-25 15:36:00,2656.064492179589,0.0011579337932524686
2020-03-25 15:37:00,2658.7153169759745,0.0011169493807115358
2020-03-25 15:38:00,2660.013423916022,0.0011076870842457688
2020-03-25 15:39:00,2664.3720631582305,0.001100680276630581
2020-03-25 15:40:00,2665.838472119388,0.0011304771545313516
2020-03-25 15:41:00,2668.0763027445287,0.0011489883655128564
2020-03-25 15:42:00,2668.336631729952,0.0011346943184701989
2020-03-25 15:43:00,2668.103588860198,0.0011180752810332224
2020-03-25 15:44:00,2668.2423145182793,0.0010749415905016069
2020-03-25 15:45:00,2666.8437173446723,0.0010076180412271572
2020-03-25 15:46:00,2663.844216442498,0.0010105539447860723
2020-03-25 15:47:00,2663.125160262174,0.0010728425925965906
2020-03-25 15:48:00,2664.4891724403856,0.001082110418628184
2020-03-25 15:49:00,2665.972380270806,0.0010175035715444848
2020-03-25 15:50:00,2663.212520528067,0.001044104172728936
2020-03-25 15:51:00,2657.8934312649126,0.0010441671110213225
2020-03-25 15:52:00,2656.2119429743525,0.0010903761015179571
2020-03-25 15:53:00,2654.724241163118,0.001143360960377015
2020-03-25 15:54:00,2657.637347996286,0.001091136599796043
2020-03-25 15:55:00,2657.3299732375513,0.0010986383563293496
2020-03-25 15:56:00,2652.7284387159416,0.0011141334947164438
2020-03-25 15:57:00,2651.63432882758,0.0010859616783228923
2020-03-25 15:58:00,2652.481420383703,0.001115490134323472
2020-03-25 15:59:00,2655.331551289354,0.0011420355981795647
2020-03-25 16:00:00,2653.4361716719964,0.0010638709685773335
2020-03-25 16:01:00,2656.4750029015318,0.0010524981489899428
2020-03-25 16:02:00,2653.525302839769,0.0009370706938675319
2020-03-25 16:03:00,2652.9678391180223,0.0009705174194296349
2020-03-25 16:04:00,2649.786961701345,0.0009544529692863543
2020-03-25 16:05:00,2648.8816849015648,0.0008997780538406827
2020-03-25 16:06:00,2649.4183196269237,0.0009115902642335888
2020-03-25 16:07:00,2654.290793127055,0.000888922312889206
2020-03-25 16:08:00,2651.155625461846,0.000846186069798161
2020-03-25 16:09:00,2650.2599384072137,0.0008910864057903466
2020-03-25 16:10:00,2648.6217097369713,0.000910148138851872
2020-03-25 16:11:00,2650.944257927191,0.0009342677903158337
2020-03-25 16:12:00,2649.5975386365135,0.0009355466230880647
2020-03-25 16:13:00,2649.2792419783764,0.0008614392399897489
2020-03-25 16:14:00,2649.6963842961195,0.0008684116525883589
2020-03-25 16:15:00,2650.121064083998,0.0008843732509167565
2020-03-25 16:16:00,2651.1191441455244,0.0008755992953942536
2020-03-25 16:17:00,2647.0798856212964,0.0008868654613498427
2020-03-25 16:18:00,2646.428218757389,0.0009428133805401297
2020-03-25 16:19:00,2654.8136921271775,0.0009173388556539778
2020-03-25 16:20:00,2655.3002960253093,0.0008211375131149438
2020-03-25 16:21:00,2657.540153163964,0.0008776438129922516
2020-03-25 16:22:00,2655.502525639632,0.0008720494078946305
2020-03-25 16:23:00,2657.1585968990703,0.0008823963062059444
2020-03-25 16:24:00,2655.456987533669,0.0009720900037229234
2020-03-25 16:25:00,2652.6999924683773,0.001006344335923631
2020-03-25 16:26:00,2650.6909796551727,0.0009921007284876176
2020-03-25 16:27:00,2656.8973552543152,0.0010456805101389638
2020-03-25 16:28:00,2651.702098975451,0.0009860281267782553
2020-03-25 16:29:00,2652.3057556051517,0.0009977705457038816
2020-03-25 16:30:00,2649.9090352206863,0.001012641782982269
2020-03-25 16:31:00,2650.6402389022273,0.0009893201014274258
2020-03-25 16:32:00,2654.209694005877,0.0009423125472789694
2020-03-25 16:33:00,2654.473230357247,0.0009644025051415669
2020-03-25 16:34:00,2655.320990022617,0.0008999112573583252
2020-03-25 16:35:00,2655.8964808047394,0.0009389680055064749
2020-03-25 16:36:00,2655.2562707431534,0.0009463996305361978
2020-03-25 16:37:00,2654.7920164080265,0.0009372275194317008
2020-03-25 16:38:00,2653.846119131327,0.0009749509906324458
2020-03-25 16:39:00,2655.872661088116,0.00097670217595022
2020-03-25 16:40:00,2657.2548123868673,0.0009462089619388204
2020-03-25 16:41:00,2658.8961149056586,0.0009069166501592626
2020-03-25 16:42:00,2661.0979898713167,0.0009263539740173373
2020-03-25 16:43:00,2657.550527664809,0.0009252683020845059
2020-03-25 16:44:00,2655.2720057553,0.000907581221553474
2020-03-25 16:45:00,2648.882573984531,0.0009515914743059211
2020-03-25 16:46:00,2648.284351583247,0.0009568242249735223
2020-03-25 16:47:00,2648.1239258199316,0.0010285666387410922
2020-03-25 16:48:00,2649.3653632891906,0.0010163868301123725
2020-03-25 16:49:00,2646.867698372888,0.001009465336273941
2020-03-25 16:50:00,2647.936211674901,0.0010282498648808611
2020-03-25 16:51:00,2653.258838183879,0.0011163427238085365
2020-03-25 16:52:00,2653.2141404878653,0.0011591374060470833
2020-03-25 16:53:00,2656.2735747957036,0.0010955892952540132
2020-03-25 16:54:00,2657.5550592512764,0.0011117674711368596
2020-03-25 16:55:00,2654.3093703924274,0.0010762752809566338
2020-03-25 16:56:00,2650.9721952211967,0.0010323605199033803
2020-03-25 16:57:00,2649.2726020803357,0.0010786007670144716
2020-03-25 16:58:00,2646.1192700099696,0.0010512505641650603
2020-03-25 16:59:00,2643.5398655275985,0.001065604263397051
2020-03-25 17:00:00,2645.1382868790583,0.0011029960438289365
2020-03-25 17:01:00,2643.0893935228382,0.001125109261461511
2020-03-25 17:02:00,2643.2976284701144,0.001105109719242515
2020-03-25 17:03:00,2642.6711442139845,0.0011574409159052243
2020-03-25 17:04:00,2647.391511740969,0.0011714541120044566
2020-03-25 17:05:00,2653.0577196938266,0.0012178785045216674
2020-03-25 17:06:00,2653.031138361808,0.001289762589689121
2020-03-25 17:07:00,2656.8516110778924,0.0013283453513370303
2020-03-25 17:08:00,2654.403087487346,0.001309098021072355
2020-03-25 17:09:00,2656.939011198371,0.0012689759688112472
2020-03-25 17:10:00,2658.490503960771,0.0012532545389459932
2020-03-25 17:11:00,2657.284884794539,0.001300001083529516
2020-03-25 17:12:00,2656.9325810856158,0.001246472302764183
2020-03-25 17:13:00,2657.5060640418706,0.0012398215771040496
2020-03-25 17:14:00,2652.5539819464384,0.0011639268076821371
2020-03-25 17:15:00,2654.367599329901,0.0011424897425446462
2020-03-25 17:16:00,2649.4781550828657,0.001084142400230862
2020-03-25 17:17:00,2647.783468443634,0.0011019234834089603
2020-03-25 17:18:00,2647.0323725095022,0.0011262226364289166
2020-03-25 17:19:00,2650.673848641122,0.0011816132967609736
2020-03-25 17:20:00,2654.767420117762,0.0011349740094259788
2020-03-25 17:21:00,2656.9176103096656,0.0010969164796909168
2020-03-25 17:22:00,2656.6754327760846,0.0010704737790765027
2020-03-25 17:23:00,2658.999987145535,0.0010161401387801838
2020-03-25 17:24:00,2656.502605847014,0.0009634209106223539
2020-03-25 17:25:00,2654.5474227139675,0.000898880241258261
2020-03-25 17:26:00,2653.9169854661327,0.0009094504325595329
2020-03-25 17:27:00,2653.012854245134,0.0008981394630718227
2020-03-25 17:28:00,2654.3754949869967,0.0008880136764269702
2020-03-25 17:29:00,2654.1237973444977,0.0008897679278646892
2020-03-25 17:30:00,2651.6145038937498,0.0009038084656276286
2020-03-25 17:31:00,2649.0678184239373,0.0008489387667031736
2020-03-25 17:32:00,2648.6529172045957,0.0009080951005835946
2020-03-25 17:33:00,2648.7215562163756,0.0008730782389380257
2020-03-25 17:34:00,2646.8759399064725,0.0009022137285697365
2020-03-25 17:35:00,2646.0804106957066,0.0008826144725937526
2020-03-25 17:36:00,2644.680388816199,0.000839887423424035
2020-03-25 17:37:00,2643.189938665966,0.0008708782539589304
2020-03-25 17:38:00,2641.518287747255,0.0008688689125181587
2020-03-25 17:39:00,2638.3683530002254,0.0009189782480372907
2020-03-25 17:40:00,2635.9450885373144,0.0009775508775471985
2020-03-25 17:41:00,2639.326898003113,0.0010009020809537527
2020-03-25 17:42:00,2637.1934355653075,0.000954739929661475
2020-03-25 17:43:00,2636.915918302206,0.0009737074604431455
2020-03-25 17:44:00,2637.260271332006,0.0009751041705695757
2020-03-25 17:45:00,2641.5364214671845,0.0010058132039541053
2020-03-25 17:46:00,2645.350179027017,0.000974554929104891
2020-03-25 17:47:00,2644.9861815489276,0.0009744317822559446
2020-03-25 17:48:00,2642.348238736648,0.0009872986636002817
2020-03-25 17:49:00,2639.806621383801,0.0009085243099334259
2020-03-25 17:50:00,2641.154852729981,0.0008861827497903445
2020-03-25 17:51:00,2644.664034886672,0.0009517955298612835
2020-03-25 17:52:00,2645.26038686878,0.0009146163744007479
2020-03-25 17:53:00,2649.0202611019286,0.000853649378746872
2020-03-25 17:54:00,2649.7317216515144,0.0008232641793757996
2020-03-25 17:55:00,2651.0604891657736,0.0007995660415167752
2020-03-25 17:56:00,2651.732517931624,0.0007742574060717656
2020-03-25 17:57:00,2653.3104283025627,0.0007276724347445551
2020-03-25 17:58:00,2652.9381343379746,0.0007514003612438949
2020-03-25 17:59:00,2652.762507342081,0.0008123262631922678
2020-03-25 18:00:00,2651.1799289974656,0.0007762584518550919
2020-03-25 18:01:00,2649.6944932047372,0.0008003797000345314
2020-03-25 18:02:00,2648.479030868935,0.0007516556541199015
2020-03-25 18:03:00,2648.4195957439842,0.0007656246885744479
2020-03-25 18:04:00,2646.768019600685,0.000712809655269816
2020-03-25 18:05:00,2642.9711577187395,0.0006975148567801777
2020-03-25 18:06:00,2643.460744044165,0.0007168907390092992
2020-03-25 18:07:00,2641.9450703382754,0.0007585559481210711
2020-03-25 18:08:00,2641.2286687870783,0.0007299913192579711
2020-03-25 18:09:00,2638.9154947554657,0.0007462586998464189
2020-03-25 18:10:00,2640.3382576505483,0.0006909755954101791
2020-03-25 18:11:00,2642.3869137138076,0.0007176630612409501
2020-03-25 18:12:00,2641.145664808405,0.0007225262807505565
2020-03-25 18:13:00,2641.2310970270096,0.0006841186421032121
2020-03-25 18:14:00,2638.4746647565075,0.0006735706635347618
2020-03-25 18:15:00,2635.637744855974,0.0006634328560175185
2020-03-25 18:16:00,2636.21494324953,0.0006777018177185864
2020-03-25 18:17:00,2635.133875199715,0.0006756770594398475
2020-03-25 18:18:00,2634.4200790575674,0.0006428284698895134
2020-03-25 18:19:00,2636.9014409558927,0.0006119137845299132
2020-03-25 18:20:00,2636.223617434593,0.000595372128681724
2020-03-25 18:21:00,2636.371909026689,0.0005695874879228163
2020-03-25 18:22:00,2633.925455461219,0.0005569440255959691
2020-03-25 18:23:00,2632.898965423272,0.0005637384407996971
2020-03-25 18:24:00,2632.9925050776787,0.0005874490053353208
2020-03-25 18:25:00,2633.494167349502,0.0006021154636115425
2020-03-25 18:26:00,2634.4442547320264,0.0005622991444885009
2020-03-25 18:27:00,2633.5318058270254,0.0006000004522625508
2020-03-25 18:28:00,2634.907906565571,0.0005996739444887617
2020-03-25 18:29:00,2636.009103414453,0.0005852833743554303
2020-03-25 18:30:00,2638.184191152114,0.0005758613734374642
2020-03-25 18:31:00,2635.357610095676,0.0005930929869628566
2020-03-25 18:32:00,2635.194566099445,0.0006102680917651116
2020-03-25 18:33:00,2632.4323204971643,0.000646318741699121
2020-03-25 18:34:00,2631.485840522792,0.0006435374101526308
2020-03-25 18:35:00,2630.91864108142,0.0006292081397513336
2020-03-25 18:36:00,2630.2052466667437,0.0006191617074072804
2020-03-25 18:37:00,2632.0907359083744,0.0006409727762298585
2020-03-25 18:38:00,2629.107827429963,0.0006710582621334315
2020-03-25 18:39:00,2630.449532221274,0.0006467630836869747
2020-03-25 18:40:00,2629.1840927026346,0.0005976348194996085
2020-03-25 18:41:00,2629.8755560794325,0.0005792287795812829
2020-03-25 18:42:00,2630.063828640302,0.000583128356372465
2020-03-25 18:43:00,2629.974930352794,0.000544283416615717
2020-03-25 18:44:00,2630.1033058517096,0.0005180426332421969
2020-03-25 18:45:00,2629.3728431872823,0.0005253424983481786
2020-03-25 18:46:00,2629.3203277422804,0.0004968992251287157
2020-03-25 18:47:00,2629.068389972239,0.0005106442408626567
2020-03-25 18:48:00,2628.651306676531,0.0004562279815008267
2020-03-25 18:49:00,2626.6077712053393,0.00048056353740694554
2020-03-25 18:50:00,2625.2968934522364,0.0004855648421214869
2020-03-25 18:51:00,2623.1647246789457,0.0004702639184413657
2020-03-25 18:52:00,2620.061863710086,0.00047636287987683207
2020-03-25 18:53:00,2618.6553461248004,0.0004758144878365721
2020-03-25 18:54:00,2619.126948364639,0.0005064273435818842
2020-03-25 18:55:00,2617.81489960566,0.0005067447335508116
2020-03-25 18:56:00,2617.0515454312967,0.0004918345978325237
2020-03-25 18:57:00,2617.956584642107,0.00047806356520460017
2020-03-25 18:58:00,2617.060850942301,0.00046064393020610046
2020-03-25 18:59:00,2618.717959712802,0.00046945924997210647
2020-03-25 19:00:00,2619.6313401768202,0.00045670174495225137
2020-03-25 19:01:00,2618.8250039937816,0.0004622508490057625
2020-03-25 19:02:00,2619.6030947924937,0.0004595385506888684
2020-03-25 19:03:00,2617.1138814577043,0.0004235254944087361
2020-03-25 19:04:00,2616.8465977930296,0.0004169836740405071
2020-03-25 19:05:00,2616.9028247605747,0.0003941945822383935
2020-03-25 19:06:00,2616.9601228882334,0.00039722882961386893
2020-03-25 19:07:00,2616.1165720938543,0.00038732573810997103
2020-03-25 19:08:00,2615.6830534886126,0.00035834496877214293
2020-03-25 19:09:00,2615.4677704278897,0.00034884813501053196
2020-03-25 19:10:00,2614.649090708378,0.0003629731453666798
2020-03-25 19:11:00,2613.1603018185183,0.00034612156932040344
2020-03-25 19:12:00,2614.0548861055386,0.000361214806436436
2020-03-25 19:13:00,2613.1325719489137,0.00036383958681765406
2020-03-25 19:14:00,2611.251027874088,0.0003457620204395365
2020-03-25 19:15:00,2611.066300239636,0.0003323180858022875
2020-03-25 19:16:00,2609.5347409160795,0.00034546405006547116
2020-03-25 19:17:00,2609.7253684048865,0.0003589858425597194
2020-03-25 19:18:00,2609.504461991026,0.0003649025093642922
2020-03-25 19:19:00,2610.3451019931704,0.00036570907988179674
2020-03-25 19:20:00,2608.6442102857236,0.0003870764049899345
2020-03-25 19:21:00,2608.882338749648,0.00040788181354068254
2020-03-25 19:22:00,2606.5211293228817,0.00041439164507376823
2020-03-25 19:23:00,2607.1567078362837,0.0004176592147071361
2020-03-25 19:24:00,2607.1868075939537,0.00041317895038769584
2020-03-25 19:25:00,2608.722913623737,0.00040233361716210245
2020-03-25 19:26:00,2609.636008797904,0.0004268129476248328
2020-03-25 19:27:00,2610.681444383395,0.00045229889389079186
2020-03-25 19:28:00,2609.640715443434,0.00044904769616825363
2020-03-25 19:29:00,2609.9891142106458,0.0004564150396768828
2020-03-25 19:30:00,2609.104733356522,0.00047934516662405684
2020-03-25 19:31:00,2609.3093017351366,0.00048148599016196195
2020-03-25 19:32:00,2610.11096618376,0.0005000300512113316
2020-03-25 19:33:00,2608.202179139708,0.00045940434220548087
2020-03-25 19:34:00,2607.9035943306476,0.0004612873019387751
2020-03-25 19:35:00,2609.7834325176536,0.0004344051356911095
2020-03-25 19:36:00,2609.6442688320835,0.00042835031117302347
2020-03-25 19:37:00,2611.1268521045045,0.00043804808749272565
2020-03-25 19:38:00,2610.2276759655088,0.0004534437320330038
2020-03-25 19:39:00,2608.8226543655383,0.0004148301514944655
2020-03-25 19:40:00,2608.6469580398257,0.00037734080064841084
2020-03-25 19:41:00,2608.2021091493075,0.0003613595538711107
2020-03-25 19:42:00,2609.242611987415,0.0003365820245367088
2020-03-25 19:43:00,2608.9504037272786,0.00032475477688611286
2020-03-25 19:44:00,2607.902549528026,0.0003309737223615958
2020-03-25 19:45:00,2609.0956964752645,0.00033420041104913987
2020-03-25 19:46:00,2608.309936098832,0.0003325623493119996
2020-03-25 19:47:00,2608.210956808239,0.0003369064063294709
2020-03-25 19:48:00,2608.2310821218275,0.0003550254072806561
2020-03-25 19:49:00,2608.893882271665,0.0003327267662940135
2020-03-25 19:50:00,2608.7971151785887,0.0003289825538384169
2020-03-25 19:51:00,2608.660290662968,0.0003187287614264117
2020-03-25 19:52:00,2609.3297308527967,0.00031937233885113845
2020-03-25 19:53:00,2609.1840880505065,0.0003256181486423544
2020-03-25 19:54:00,2609.207086296985,0.00033610961903940347
2020-03-25 19:55:00,2608.8329877706947,0.0003362147068432627
2020-03-25 19:56:00,2609.7264777456903,0.00031558617097341525
2020-03-25 19:57:00,2608.873581276188,0.00029839761460283504
2020-03-25 19:58:00,2607.8279127548126,0.0003034429212634633
2020-03-25 19:59:00,2607.9701782800885,0.00031574988393777637
2020-03-26 13:30:00,2476.0815500781737,0.00032812373755110454
2020-03-26 13:31:00,2477.2139815227056,0.00031502052161627226
2020-03-26 13:32:00,2476.893352212708,0.00030621520417131205
2020-03-26 13:33:00,2475.494892296012,0.00030641042348915516
2020-03-26 13:34:00,2474.6087974723987,0.00030481095380207083
2020-03-26 13:35:00,2474.6297585653547,0.00032671338807802654
2020-03-26 13:36:00,2474.981649930784,0.00033481097056285166
2020-03-26 13:37:00,2475.3726388725677,0.0003347943230432026
2020-03-26 13:38:00,2475.72015408686,0.00034108930314953763
2020-03-26 13:39:00,2474.837703626992,0.00032598443676731494
2020-03-26 13:40:00,2474.2127737011792,0.00031719762589018806
2020-03-26 13:41:00,2474.468110868193,0.00033539519674800943
2020-03-26 13:42:00,2475.1273691512083,0.0003335309148504418
2020-03-26 13:43:00,2475.006237310636,0.0003347797137982307
2020-03-26 13:44:00,2474.8051400986933,0.0003410439517473604
2020-03-26 13:45:00,2474.2415293249987,0.00033953061013856245
2020-03-26 13:46:00,2474.0764233190716,0.00031519867827718175
2020-03-26 13:47:00,2472.312335818447,0.000306302836315219
2020-03-26 13:48:00,2473.790412435086,0.0002883957556726838
2020-03-26 13:49:00,2473.202934694495,0.0003049420227504621
2020-03-26 13:50:00,2473.416164809635,0.00034026825950083506
2020-03-26 13:51:00,2473.2416291509094,0.00034101354042769157
2020-03-26 13:52:00,2472.504693354503,0.00034137167236658383
2020-03-26 13:53:00,2473.4623366665937,0.00034593351416934315
2020-03-26 13:54:00,2473.6087587709976,0.00032232067490429555
2020-03-26 13:55:00,2473.3289990948674,0.000326388785304993
2020-03-26 13:56:00,2473.745701512908,0.0003366431861669191
2020-03-26 13:57:00,2474.2281427730827,0.00034805847327864766
2020-03-26 13:58:00,2473.5055609404053,0.0003384039855034056
2020-03-26 13:59:00,2471.781050416847,0.0003334817287869724
2020-03-26 14:00:00,2472.259219034435,0.0003265002224132497
2020-03-26 14:01:00,2471.6267179064416,0.0003260974409924325
2020-03-26 14:02:00,2472.304162803139,0.0002942692078032485
2020-03-26 14:03:00,2472.160904966641,0.00027496220665567154
2020-03-26 14:04:00,2472.162487790303,0.0003063475717993997
2020-03-26 14:05:00,2470.832127487744,0.0003180752282279786
2020-03-26 14:06:00,2472.2659987906804,0.0003184949817547945
2020-03-26 14:07:00,2473.8836478575718,0.00032351298313635697
2020-03-26 14:08:00,2472.3850029547893,0.0003269169067692336
2020-03-26 14:09:00,2472.2432263108853,0.00034600921976426244
2020-03-26 14:10:00,2471.789000131605,0.0003570925459948155
2020-03-26 14:11:00,2470.164380071873,0.00033871489783118206
2020-03-26 14:12:00,2471.2483086904203,0.00034264730280718055
2020-03-26 14:13:00,2471.82061930218,0.00033551177895079805
2020-03-26 14:14:00,2470.597523948889,0.00030383350810358686
2020-03-26 14:15:00,2470.419853826114,0.000322630479957759
2020-03-26 14:16:00,2469.7921964640395,0.0003462427176444806
2020-03-26 14:17:00,2469.2615423200054,0.00034267412406114916
2020-03-26 14:18:00,2468.286650739496,0.0003489574813865352
2020-03-26 14:19:00,2466.824990862284,0.0003396279318900523
2020-03-26 14:20:00,2466.460659065423,0.0003390782449019857
2020-03-26 14:21:00,2466.014422109418,0.0003549483529545411
2020-03-26 14:22:00,2466.2061777950835,0.0003416380949543661
2020-03-26 14:23:00,2464.810919004194,0.00035888458635639206
2020-03-26 14:24:00,2464.819310547555,0.0003452615167811973
2020-03-26 14:25:00,2464.115890660533,0.0003317079426730922
2020-03-26 14:26:00,2463.418523032915,0.00032255458226122634
2020-03-26 14:27:00,2464.035759377034,0.0003126438455596827
2020-03-26 14:28:00,2465.7364353110534,0.0003223896823232272
2020-03-26 14:29:00,2464.837518004309,0.0003285286990115953
2020-03-26 14:30:00,2464.4822541377243,0.00036351613702251826
2020-03-26 14:31:00,2463.330834405996,0.00035488833971476053
2020-03-26 14:32:00,2464.214393358133,0.00037234978502599496
2020-03-26 14:33:00,2464.8778612876363,0.00037282815602144025
2020-03-26 14:34:00,2464.6052718305855,0.00040926667836078
2020-03-26 14:35:00,2463.377158683166,0.00040516180827833827
2020-03-26 14:36:00,2463.6168017389673,0.0004249792295583137
2020-03-26 14:37:00,2464.988911972022,0.00042524695938105106
2020-03-26 14:38:00,2462.910062101196,0.00040201854901403933
2020-03-26 14:39:00,2463.7380512759514,0.0004247703045031169
2020-03-26 14:40:00,2461.7607438411237,0.00042233365115146705
2020-03-26 14:41:00,2461.365357087696,0.00042224722159527105
2020-03-26 14:42:00,2460.809795129285,0.00043781133978086867
2020-03-26 14:43:00,2459.73542750991,0.0004844055727326414
2020-03-26 14:44:00,2460.8902503415347,0.000481655939519768
2020-03-26 14:45:00,2460.779583805863,0.00047479229615431286
2020-03-26 14:46:00,2461.3328457108787,0.0005061520622887485
2020-03-26 14:47:00,2458.6307754308928,0.0005132147584093759
2020-03-26 14:48:00,2459.2721700643415,0.0005181361866732423
2020-03-26 14:49:00,2460.4500339400756,0.0005123209760866497
2020-03-26 14:50:00,2460.1950479567795,0.0005210052730665267
2020-03-26 14:51:00,2458.7301210108626,0.0005741953193148637
2020-03-26 14:52:00,2460.783615802362,0.0005861394381118836
2020-03-26 14:53:00,2461.5577694781045,0.0005562240602485912
2020-03-26 14:54:00,2461.379929169134,0.0005109149503985555
2020-03-26 14:55:00,2460.4242639424206,0.0005335481618527582
2020-03-26 14:56:00,2459.117314624181,0.0004862251874028752
2020-03-26 14:57:00,2458.809281869247,0.0005042544448254043
2020-03-26 14:58:00,2459.3299473472775,0.0005117810108742194
2020-03-26 14:59:00,2460.196008970537,0.000550039787508763
2020-03-26 15:00:00,2460.9248921245926,0.0005472590980279445
2020-03-26 15:01:00,2462.953593193387,0.0005498735177156055
2020-03-26 15:02:00,2461.044984056811,0.0005604371874554913
2020-03-26 15:03:00,2460.900223551247,0.0006106223925485816
2020-03-26 15:04:00,2461.8615507181457,0.000601022186718967
2020-03-26 15:05:00,2462.4852714493136,0.0006310105519133218
2020-03-26 15:06:00,2461.4889291681006,0.0006615047339897254
2020-03-26 15:07:00,2460.006906292547,0.0006639181762224285
2020-03-26 15:08:00,2460.7455753172026,0.0006236678415220409
2020-03-26 15:09:00,2461.97619569237,0.0006789684365511628
2020-03-26 15:10:00,2461.7560842349094,0.0006693377086893562
2020-03-26 15:11:00,2460.69488047117,0.000665031283046565
2020-03-26 15:12:00,2460.773766736578,0.0006380079601468509
2020-03-26 15:13:00,2461.960472084722,0.0006236313385238679
2020-03-26 15:14:00,2461.5227429282268,0.0005714717253900171
2020-03-26 15:15:00,2459.888647087173,0.0005900342235882854
2020-03-26 15:16:00,2459.3700443419193,0.0006098645913419012
2020-03-26 15:17:00,2461.681664832773,0.0005803739191490376
2020-03-26 15:18:00,2463.001630039288,0.0005908945079630701
2020-03-26 15:19:00,2463.910216104103,0.0005697738889098423
2020-03-26 15:20:00,2462.102667957018,0.0005597911153425674
2020-03-26 15:21:00,2462.49332867745,0.0005953072032278039
2020-03-26 15:22:00,2462.875754519291,0.0005583399781542052
2020-03-26 15:23:00,2465.2930438726394,0.0005809999853294704
2020-03-26 15:24:00,2468.846800827808,0.0005763441374838986
2020-03-26 15:25:00,2468.4906777958004,0.0005198660647542984
2020-03-26 15:26:00,2465.9812559425563,0.0005253688118111394
2020-03-26 15:27:00,2466.7537573589693,0.00046514322054223617
2020-03-26 15:28:00,2468.0101288508163,0.0004761586442539081
2020-03-26 15:29:00,2467.486077552824,0.0004405153896664805
2020-03-26 15:30:00,2466.05231664821,0.0004361206453143136
2020-03-26 15:31:00,2465.710441625252,0.00045475074362263284
2020-03-26 15:32:00,2465.00580031991,0.0004616620990945777
2020-03-26 15:33:00,2466.4202493356925,0.0004327325530164217
2020-03-26 15:34:00,2465.303758422241,0.00046686463140308286
2020-03-26 15:35:00,2466.5169507459427,0.00045407118905482026
2020-03-26 15:36:00,2466.1133565960085,0.0004585649194225016
2020-03-26 15:37:00,2466.7072737746967,0.00048276308508448437
2020-03-26 15:38:00,2468.0723746972144,0.000494204157328775
2020-03-26 15:39:00,2468.0258106785986,0.0004950726096427363
2020-03-26 15:40:00,2470.368889671792,0.0004803714666393542
2020-03-26 15:41:00,2467.0022603777657,0.0005290691239615719
2020-03-26 15:42:00,2467.3617670005833,0.0005444064427911551
2020-03-26 15:43:00,2465.1938229012153,0.0005926915006267261
2020-03-26 15:44:00,2463.76207834823,0.0005362726724950945
2020-03-26 15:45:00,2464.4833362995223,0.0005515460377790857
2020-03-26 15:46:00,2463.724350457336,0.0005514443049752874
2020-03-26 15:47:00,2462.3273093995053,0.0005491752743012804
2020-03-26 15:48:00,2462.329958413326,0.0005648935166181544
2020-03-26 15:49:00,2462.309434468796,0.0005800281144385808
2020-03-26 15:50:00,2462.033977723416,0.0005656009011489935
2020-03-26 15:51:00,2462.795225574415,0.0005687746068280982
2020-03-26 15:52:00,2459.8976612960746,0.0005717335345163815
2020-03-26 15:53:00,2461.1250064599717,0.0005986822986324602
2020-03-26 15:54:00,2460.7276014381314,0.0006098367838535724
2020-03-26 15:55:00,2459.2350012821707,0.0005828667691510669
2020-03-26 15:56:00,2458.30356318099,0.0005818314870281745
2020-03-26 15:57:00,2460.431914025621,0.0006022797587193091
2020-03-26 15:58:00,2459.230160670049,0.0005639575224232737
2020-03-26 15:59:00,2460.2225975468955,0.0005533838120982405
2020-03-26 16:00:00,2459.391548238244,0.0006252927666056575
2020-03-26 16:01:00,2456.8710537415222,0.0006872305060422009
2020-03-26 16:02:00,2454.4833664180906,0.0006442695091149374
2020-03-26 16:03:00,2453.93848986799,0.0006552247493758679
2020-03-26 16:04:00,2452.4561506727264,0.0006641207855159249
2020-03-26 16:05:00,2454.1205517842864,0.0006176887821566192
2020-03-26 16:06:00,2455.8506844085327,0.0006371891425114356
2020-03-26 16:07:00,2453.2280096690156,0.0006245479394378178
2020-03-26 16:08:00,2454.5362358540388,0.0005687135226575969
2020-03-26 16:09:00,2454.2912750227683,0.000571911806579685
2020-03-26 16:10:00,2456.095758272923,0.0005673812400908652
2020-03-26 16:11:00,2459.8712165706766,0.0005648524557992706
2020-03-26 16:12:00,2460.116778213841,0.0005678364889215212
2020-03-26 16:13:00,2457.8206403546164,0.000563547036318956
2020-03-26 16:14:00,2455.969329983647,0.0005455897205394957
2020-03-26 16:15:00,2454.4920631113478,0.0005625510647968381
2020-03-26 16:16:00,2454.706782186427,0.0005401848900142721
2020-03-26 16:17:00,2452.3278980363016,0.0005587703990601728
2020-03-26 16:18:00,2453.4250319329344,0.0005521338075111367
2020-03-26 16:19:00,2453.574802948021,0.0005391268930485398
2020-03-26 16:20:00,2453.275852949546,0.0006209042130279102
2020-03-26 16:21:00,2452.619647488115,0.0005963860314192627
2020-03-26 16:22:00,2450.280422704946,0.000572786468176304
2020-03-26 16:23:00,2450.5351752811634,0.0005675481301965218
2020-03-26 16:24:00,2447.4412462541272,0.0005524890986767545
2020-03-26 16:25:00,2449.372338896102,0.0005219902419602592
2020-03-26 16:26:00,2449.8350847863117,0.00048383425312150953
2020-03-26 16:27:00,2450.9261920193103,0.00048703919283588776
2020-03-26 16:28:00,2451.851815175228,0.0004986957072612753
2020-03-26 16:29:00,2452.040917578308,0.0004811618138145268
2020-03-26 16:30:00,2451.260609144566,0.0004773609956617233
2020-03-26 16:31:00,2449.8470696299337,0.00046360828493483263
2020-03-26 16:32:00,2451.3685719147575,0.00048458633012480484
2020-03-26 16:33:00,2450.496482444753,0.00047354798451228663
2020-03-26 16:34:00,2450.1527460975917,0.0005138585119623335
2020-03-26 16:35:00,2449.1062890926623,0.0005351528125996359
2020-03-26 16:36:00,2448.0382542892753,0.0005652653452672615
2020-03-26 16:37:00,2447.8689790313592,0.0005602207603495613
2020-03-26 16:38:00,2446.226747095339,0.0005562252259745159
2020-03-26 16:39:00,2445.7778150298423,0.0005193982011350819
2020-03-26 16:40:00,2446.915968659621,0.0005167393467985315
2020-03-26 16:41:00,2446.0070211689376,0.0004861433685707297
2020-03-26 16:42:00,2445.4101531340702,0.00047427926392341706
2020-03-26 16:43:00,2446.6773958278654,0.0004616815876083808
2020-03-26 16:44:00,2445.814301854661,0.000473874452827708
2020-03-26 16:45:00,2446.466678999146,0.0004481477140289266
2020-03-26 16:46:00,2446.8781094276296,0.00045213459516463907
2020-03-26 16:47:00,2446.5226263050777,0.000441486226954574
2020-03-26 16:48:00,2446.3691065462112,0.00044432690606320275
2020-03-26 16:49:00,2446.2358434235557,0.0004345001304783839
2020-03-26 16:50:00,2446.774969751293,0.00042507856349498923
2020-03-26 16:51:00,2446.824559857368,0.0004755968103049925
2020-03-26 16:52:00,2447.393745038098,0.0004858870084745267
2020-03-26 16:53:00,2447.5336595038107,0.0005095819807896571
2020-03-26 16:54:00,2445.2863125423873,0.0005055682001695724
2020-03-26 16:55:00,2447.0259290713207,0.0005338674666062137
2020-03-26 16:56:00,2448.852480096194,0.0005025761334205851
2020-03-26 16:57:00,2448.29952524768,0.0005356486822798837
2020-03-26 16:58:00,2447.876066360313,0.000531198388372506
2020-03-26 16:59:00,2449.719856707929,0.000514218099005275
2020-03-26 17:00:00,2450.028617036148,0.0005309618026701898
2020-03-26 17:01:00,2449.7758332618464,0.0005480168769023689
2020-03-26 17:02:00,2450.45502980304,0.0005548273595771822
2020-03-26 17:03:00,2449.382193566788,0.000553059810596914
2020-03-26 17:04:00,2448.808190177823,0.0005590407680197486
2020-03-26 17:05:00,2447.0746852085294,0.0005791523026777494
2020-03-26 17:06:00,2445.011495186847,0.0006045543779881158
2020-03-26 17:07:00,2445.2856174892627,0.0006096534572008763
2020-03-26 17:08:00,2447.89232504872,0.0005888244066361536
2020-03-26 17:09:00,2447.8796738187266,0.0005880672919992314
2020-03-26 17:10:00,2445.460775577302,0.0005859547373219693
2020-03-26 17:11:00,2445.4631238755887,0.0005948367983295345
2020-03-26 17:12:00,2446.0902649182835,0.0005771907350272349
2020-03-26 17:13:00,2448.1855904793483,0.0005610781754765863
2020-03-26 17:14:00,2449.430205125283,0.0005327313231085667
2020-03-26 17:15:00,2448.551756055443,0.0005568844108168241
2020-03-26 17:16:00,2447.7688078002993,0.0005593132483924475
2020-03-26 17:17:00,2445.0438737858763,0.0005636836375155027
2020-03-26 17:18:00,2446.180225819489,0.0005192009892216047
2020-03-26 17:19:00,2446.8096791976195,0.0005409983626007433
2020-03-26 17:20:00,2447.3217561397864,0.0005778581836082163
2020-03-26 17:21:00,2447.1036901701727,0.0006197537519615085
2020-03-26 17:22:00,2447.2404101572606,0.0006062055150602213
2020-03-26 17:23:00,2447.433866937165,0.0005908662466788446
2020-03-26 17:24:00,2448.44317717375,0.0005988064924811063
2020-03-26 17:25:00,2449.934843284555,0.0006147760187794387
2020-03-26 17:26:00,2453.4924465256136,0.0006812597716681278
2020-03-26 17:27:00,2457.5521291529326,0.0006688123176026657
2020-03-26 17:28:00,2458.878660264497,0.0006959917952490485
2020-03-26 17:29:00,2455.985167101372,0.0007359120809615265
2020-03-26 17:30:00,2456.456514256902,0.00071570876924501
2020-03-26 17:31:00,2455.329285809209,0.0006872839766002041
2020-03-26 17:32:00,2453.2714376958406,0.0006913404427310513
2020-03-26 17:33:00,2454.766200813571,0.0006566903686269232
2020-03-26 17:34:00,2453.759047200836,0.0006637469146530139
2020-03-26 17:35:00,2455.414486941422,0.0006973676946763424
2020-03-26 17:36:00,2457.356352381876,0.0007614321893495226
2020-03-26 17:37:00,2456.562321394049,0.0007668277828875627
2020-03-26 17:38:00,2453.6221882044442,0.0008134169683204817
2020-03-26 17:39:00,2453.1536910373484,0.0007723073487332044
2020-03-26 17:40:00,2450.542108463586,0.0007580330284673684
2020-03-26 17:41:00,2449.1395463188346,0.0007857134534816702
2020-03-26 17:42:00,2446.6356537787783,0.0007543490675814869
2020-03-26 17:43:00,2446.0650216651366,0.0007978055936591528
2020-03-26 17:44:00,2442.9559050381204,0.0008612608632937273
2020-03-26 17:45:00,2440.16301202658,0.0008187102707029638
2020-03-26 17:46:00,2438.953246327342,0.000825453888068036
2020-03-26 17:47:00,2437.6202474306715,0.0008359024473749456
2020-03-26 17:48:00,2436.6485174558775,0.0008513952589298403
2020-03-26 17:49:00,2434.6733473518843,0.0008286362224767158
2020-03-26 17:50:00,2435.070173575866,0.0008517785174916443
2020-03-26 17:51:00,2434.010825675714,0.0008527995821108212
2020-03-26 17:52:00,2431.464963349804,0.000840834329514537
2020-03-26 17:53:00,2430.855022800748,0.0008048720840749314
2020-03-26 17:54:00,2426.298904898499,0.0007638120172247409
2020-03-26 17:55:00,2421.759172612742,0.0007646392216397903
2020-03-26 17:56:00,2422.4538425950363,0.0007815769333670555
2020-03-26 17:57:00,2422.739053472906,0.0007594780447579473
2020-03-26 17:58:00,2422.5665539043575,0.0007958719294913468
2020-03-26 17:59:00,2420.778202963871,0.0008167027216611872
2020-03-26 18:00:00,2423.119107428599,0.0008916645179889749
2020-03-26 18:01:00,2422.0533989859905,0.0009274817745380531
2020-03-26 18:02:00,2421.3168490553767,0.0010180960624105433
2020-03-26 18:03:00,2423.493858246484,0.0010243225621524256
2020-03-26 18:04:00,2423.891739082704,0.0010547468083455076
2020-03-26 18:05:00,2427.3069799316763,0.0010435233447298724
2020-03-26 18:06:00,2428.7418223332384,0.0010390119048839417
2020-03-26 18:07:00,2431.7875179655116,0.0010479257884921389
2020-03-26 18:08:00,2435.159823950332,0.0009937291572288001
2020-03-26 18:09:00,2433.0213679725116,0.0010088567212214717
2020-03-26 18:10:00,2430.4391427131563,0.0009665719238561342
2020-03-26 18:11:00,2433.1042404084656,0.0010635301574077264
2020-03-26 18:12:00,2436.1168160950856,0.0009845899565988254
2020-03-26 18:13:00,2437.4387765167266,0.0010152256042604284
2020-03-26 18:14:00,2440.4158475713994,0.0010845599504845894
2020-03-26 18:15:00,2435.5748856433506,0.00118971160023922
2020-03-26 18:16:00,2433.3826159802134,0.001174828074858849
2020-03-26 18:17:00,2432.3615922231934,0.0011510252210048173
2020-03-26 18:18:00,2434.498167643154,0.0010926923795436787
2020-03-26 18:19:00,2435.4589444891503,0.0010386860188754618
2020-03-26 18:20:00,2435.5148336458788,0.0010901403149575447
2020-03-26 18:21:00,2437.625107522348,0.0010749216379552058
2020-03-26 18:22:00,2434.2927810725796,0.0010522993780851643
2020-03-26 18:23:00,2428.1243170459315,0.0010997339464544563
2020-03-26 18:24:00,2429.2242007943714,0.001135857511902342
2020-03-26 18:25:00,2428.3870294088956,0.0012001606079563572
2020-03-26 18:26:00,2427.1942085598234,0.0012638880098162662
2020-03-26 18:27:00,2421.8084559230138,0.0011884108321619583
2020-03-26 18:28:00,2418.2530821023047,0.0012702812697510753
2020-03-26 18:29:00,2419.6431684348313,0.0011913199086343673
2020-03-26 18:30:00,2421.042494155617,0.0012080277972322802
2020-03-26 18:31:00,2423.604531916609,0.0011429227606736965
2020-03-26 18:32:00,2417.6653772091954,0.001110837015025646
2020-03-26 18:33:00,2415.605661056464,0.0010920184727286647
2020-03-26 18:34:00,2416.227024428014,0.0011113180598365773
2020-03-26 18:35:00,2415.6267189340656,0.0010920121142409408
2020-03-26 18:36:00,2416.7482305514764,0.0010122798378898938
2020-03-26 18:37:00,2414.6087514336227,0.0009776096818062913
2020-03-26 18:38:00,2416.0852918378746,0.0009509152465075715
2020-03-26 18:39:00,2418.890558512099,0.001002847438971858
2020-03-26 18:40:00,2418.9528891534715,0.0010036222880091253
2020-03-26 18:41:00,2419.3994238001987,0.0010008825838853312
2020-03-26 18:42:00,2417.038985567047,0.0009625400794649853
2020-03-26 18:43:00,2419.466037368753,0.001014126891722171
2020-03-26 18:44:00,2417.725841080518,0.0009138243351494801
2020-03-26 18:45:00,2415.0492973854975,0.0009135057965796679
2020-03-26 18:46:00,2416.0218337076185,0.0008879511604417839
2020-03-26 18:47:00,2416.858809054143,0.0008357021299651347
2020-03-26 18:48:00,2418.40869147784,0.0007749294388282013
2020-03-26 18:49:00,2420.0568950291467,0.0007722041170253824
2020-03-26 18:50:00,2418.171201180523,0.0007577895058468233
2020-03-26 18:51:00,2419.391682833159,0.0007612142627412481
2020-03-26 18:52:00,2419.076922545858,0.0007029892496387458
2020-03-26 18:53:00,2421.213211739209,0.000677669769101248
2020-03-26 18:54:00,2419.444243272175,0.0006685909593294282
2020-03-26 18:55:00,2419.161697822815,0.0006576153389165723
2020-03-26 18:56:00,2419.4253244478327,0.0006195338746425209
2020-03-26 18:57:00,2420.549134866369,0.0006320177131747419
2020-03-26 18:58:00,2420.2501863053935,0.0006358530668296325
2020-03-26 18:59:00,2421.05753463872,0.0006373925787021266
2020-03-26 19:00:00,2421.3071937115756,0.0006471707026039316
2020-03-26 19:01:00,2422.6573247161164,0.0006575249788829672
2020-03-26 19:02:00,2421.713067180419,0.0006626548799057352
2020-03-26 19:03:00,2421.8126138798007,0.0006444397061902279
2020-03-26 19:04:00,2422.4428095419266,0.00067521512412772
2020-03-26 19:05:00,2424.3707604420165,0.0006425424501555316
2020-03-26 19:06:00,2424.3320052690433,0.0006740322694735539
2020-03-26 19:07:00,2427.5826834705813,0.0006772016055111046
2020-03-26 19:08:00,2428.138459667969,0.0006663280265831131
2020-03-26 19:09:00,2426.0293823243774,0.0006986421712566302
2020-03-26 19:10:00,2422.832776875228,0.0006823790510928117
2020-03-26 19:11:00,2420.9380672417196,0.0006910040667061607
2020-03-26 19:12:00,2420.3940717370438,0.0007033553079916852
2020-03-26 19:13:00,2420.296828717128,0.0007223434138285415
2020-03-26 19:14:00,2419.9002253561816,0.0007195155841471096
2020-03-26 19:15:00,2419.302495899408,0.0007406448280451567
2020-03-26 19:16:00,2419.8038544181713,0.000738554387280551
2020-03-26 19:17:00,2421.248660711223,0.0007248460320887741
2020-03-26 19:18:00,2421.015095083538,0.0006948299265693697
2020-03-26 19:19:00,2420.9910987726626,0.0007564234433562832
2020-03-26 19:20:00,2422.333847242159,0.0007081383862816655
2020-03-26 19:21:00,2421.5377130872976,0.0007471814287129549
2020-03-26 19:22:00,2419.238581730396,0.0007362599827910755
2020-03-26 19:23:00,2417.046226766911,0.00070269524134898
2020-03-26 19:24:00,2419.1249652187394,0.0006574680683257627
2020-03-26 19:25:00,2416.75168606146,0.0006803796681926508
2020-03-26 19:26:00,2419.2472845481834,0.0007240633530309179
2020-03-26 19:27:00,2421.3018941159976,0.0008180409063883332
2020-03-26 19:28:00,2418.8633720678977,0.0008552642937276729
2020-03-26 19:29:00,2421.8522408127546,0.000863009519893916
2020-03-26 19:30:00,2423.281334467459,0.0008767226048381399
2020-03-26 19:31:00,2419.9366708876396,0.0008421753652360067
2020-03-26 19:32:00,2421.977082866449,0.0008927062367751303
2020-03-26 19:33:00,2422.539712141477,0.0008217946872800526
2020-03-26 19:34:00,2421.25710701786,0.000816266879108338
2020-03-26 19:35:00,2423.39879406304,0.0007276952175533082
2020-03-26 19:36:00,2425.765281934483,0.0007383437573663097
2020-03-26 19:37:00,2426.528224482845,0.0007452196462191008
2020-03-26 19:38:00,2428.067882987059,0.0007855178887653368
2020-03-26 19:39:00,2427.2909296386233,0.0007506350901901752
2020-03-26 19:40:00,2427.946437942911,0.0007140099170612315
2020-03-26 19:41:00,2430.2598398910536,0.0006847745080353628
2020-03-26 19:42:00,2429.650092393114,0.0007286479642483659
2020-03-26 19:43:00,2427.248782656525,0.0007509525054341903
2020-03-26 19:44:00,2426.8494062161867,0.0006998530841826307
2020-03-26 19:45:00,2424.4142436283337,0.0006766532694190311
2020-03-26 19:46:00,2427.3085583356565,0.0006825977370314906
2020-03-26 19:47:00,2424.829395571158,0.0006972509740902862
2020-03-26 19:48:00,2425.7253886019403,0.0007039739586198917
2020-03-26 19:49:00,2427.496532726536,0.0007524317131896464
2020-03-26 19:50:00,2428.5678762694265,0.0007663680089190072
2020-03-26 19:51:00,2430.1504995526866,0.0007576253995779061
2020-03-26 19:52:00,2428.5848854898563,0.0007375253575956771
2020-03-26 19:53:00,2430.1412064355254,0.0007771339838099478
2020-03-26 19:54:00,2426.6043169449067,0.0008030768967235486
2020-03-26 19:55:00,2425.567295465851,0.0008756996212127659
2020-03-26 19:56:00,2424.2570970728684,0.0008609839002429297
2020-03-26 19:57:00,2425.2907373814182,0.0008804530550527021
2020-03-26 19:58:00,2425.093818611059,0.0008550628700312056
2020-03-26 19:59:00,2424.8361699327297,0.0009092567842197183
2020-03-27 13:30:00,2441.5480958222593,0.0008492407759760374
2020-03-27 13:31:00,2445.0506530086,0.0008100687587630866
2020-03-27 13:32:00,2445.91135535584,0.0008091754160033207
2020-03-27 13:33:00,2449.2128472792497,0.0008269061560274872
2020-03-27 13:34:00,2450.3120167800002,0.0007757312576657567
2020-03-27 13:35:00,2450.2609912413245,0.0007386529792880582
2020-03-27 13:36:00,2451.128364464735,0.000753403057166981
2020-03-27 13:37:00,2452.2556679553704,0.0007944453368857215
2020-03-27 13:38:00,2451.026364493796,0.0007965199259693097
2020-03-27 13:39:00,2453.0215883460346,0.0008178524898471981
2020-03-27 13:40:00,2451.3091140342344,0.0008228267242177553
2020-03-27 13:41:00,2447.764901368544,0.0007985740946919833
2020-03-27 13:42:00,2443.5142662752232,0.0008189204785581969
2020-03-27 13:43:00,2442.999091725896,0.0008425782578944382
2020-03-27 13:44:00,2440.5035394860215,0.0007953141527733514
2020-03-27 13:45:00,2440.324265897623,0.0008631836656958354
2020-03-27 13:46:00,2442.2346881203434,0.0008547707932647556
2020-03-27 13:47:00,2445.0269756144703,0.0009333739177101178
2020-03-27 13:48:00,2443.880849315302,0.0009790435915680532
2020-03-27 13:49:00,2440.1142786849523,0.0010113732791571536
2020-03-27 13:50:00,2443.4199959396497,0.0009853656254063597
2020-03-27 13:51:00,2439.1279232604206,0.0009846814436025725
2020-03-27 13:52:00,2437.9077125011986,0.000968541670828781
2020-03-27 13:53:00,2438.1651791637623,0.0009914965473356587
2020-03-27 13:54:00,2434.429443774741,0.0009372718794708294
2020-03-27 13:55:00,2435.3022535925606,0.0009425703257373415
2020-03-27 13:56:00,2433.258792309434,0.0009502240058100716
2020-03-27 13:57:00,2432.4009606876307,0.0009644707780870702
2020-03-27 13:58:00,2431.7158095190857,0.0009303424945537852
2020-03-27 13:59:00,2429.3444603616126,0.0008467523258666919
2020-03-27 14:00:00,2428.9134069208235,0.0009204260012446225
2020-03-27 14:01:00,2428.4417582300425,0.0008571320107893132
2020-03-27 14:02:00,2431.7017342938793,0.0009102489285818996
2020-03-27 14:03:00,2434.0783943256597,0.0010126800184939594
2020-03-27 14:04:00,2431.4073573724468,0.001077926036546001
2020-03-27 14:05:00,2431.5972276284483,0.001049666915615826
2020-03-27 14:06:00,2433.3099677585965,0.0010635833444598885
2020-03-27 14:07:00,2432.9575491267883,0.0011004728320392805
2020-03-27 14:08:00,2434.43058588625,0.0011104709231830542
2020-03-27 14:09:00,2428.5916609817373,0.0011069221183057493
2020-03-27 14:10:00,2433.0796771353394,0.001124372208044607
2020-03-27 14:11:00,2432.457406366313,0.0011419197472384095
2020-03-27 14:12:00,2432.692367798782,0.0011032588464225076
2020-03-27 14:13:00,2431.3202409598725,0.0010364957515855322
2020-03-27 14:14:00,2432.496695979942,0.001034422171034814
2020-03-27 14:15:00,2433.456912342721,0.0010392348992079975
2020-03-27 14:16:00,2433.3164867696173,0.00104824360527429
2020-03-27 14:17:00,2431.178405047474,0.00109702144589539
2020-03-27 14:18:00,2429.4580129423434,0.0009679306670646113
2020-03-27 14:19:00,2428.5268648877845,0.0009489494964584356
2020-03-27 14:20:00,2427.9894448812424,0.0009842878657412874
2020-03-27 14:21:00,2429.836679342915,0.0009954053518261951
2020-03-27 14:22:00,2432.625587289986,0.0009642973951509731
2020-03-27 14:23:00,2431.13855835478,0.0009365452721038217
2020-03-27 14:24:00,2433.622477236499,0.0009050976299759245
2020-03-27 14:25:00,2436.6434875840564,0.0008307080605443628
2020-03-27 14:26:00,2435.0393235957,0.0008646627550338391
2020-03-27 14:27:00,2432.0032875499946,0.0009075214303298863
2020-03-27 14:28:00,2432.546697989256,0.0009158928130473897
2020-03-27 14:29:00,2434.413093921359,0.00092599153049834
2020-03-27 14:30:00,2432.8422311526538,0.0009136166275196801
2020-03-27 14:31:00,2432.678039427875,0.0008908214317207764
2020-03-27 14:32:00,2429.2843539126934,0.0009837118159795476
2020-03-27 14:33:00,2430.57637014239,0.001032262897026942
2020-03-27 14:34:00,2426.8878305722737,0.0010317152066030687
2020-03-27 14:35:00,2427.5897267091564,0.0010911887529901723
2020-03-27 14:36:00,2428.8354332910026,0.001111494746842172
2020-03-27 14:37:00,2427.862391587207,0.0010611947524671664
2020-03-27 14:38:00,2430.3752319276614,0.0010252657104896058
2020-03-27 14:39:00,2430.9899676219106,0.0009964754881265053
2020-03-27 14:40:00,2430.6170015944263,0.0009084221974635742
2020-03-27 14:41:00,2431.6329214523466,0.0008825699739274332
2020-03-27 14:42:00,2428.206207319687,0.0009119903333096107
2020-03-27 14:43:00,2424.733590185305,0.0008716257829451396
2020-03-27 14:44:00,2425.7491821348026,0.0009437019696584295
2020-03-27 14:45:00,2428.8264917292054,0.0009882740865017308
2020-03-27 14:46:00,2427.2276637432733,0.0009466284170500612
2020-03-27 14:47:00,2424.553508195706,0.001002842697463279
2020-03-27 14:48:00,2427.368721061755,0.0010153024577692984
2020-03-27 14:49:00,2427.198653715404,0.0009822246460632772
2020-03-27 14:50:00,2426.035990792176,0.0009092634300924614
2020-03-27 14:51:00,2428.2119105639213,0.0009656422602894873
2020-03-27 14:52:00,2429.765323555869,0.0009345233277195453
2020-03-27 14:53:00,2430.801888046827,0.0009575270195605309
2020-03-27 14:54:00,2430.5208588532873,0.0009446426282539774
2020-03-27 14:55:00,2434.4790302250403,0.0009019089084926205
2020-03-27 14:56:00,2434.9552168728696,0.00098531672571786
2020-03-27 14:57:00,2436.699150936069,0.0010241037142354754
2020-03-27 14:58:00,2432.6793453947116,0.0010868121589398833
2020-03-27 14:59:00,2429.8807032766645,0.0010552852122043606
2020-03-27 15:00:00,2424.9516906759436,0.0010438824647664008
2020-03-27 15:01:00,2426.7447817400634,0.0010714997871354495
2020-03-27 15:02:00,2428.5293725710785,0.0009812035470716282
2020-03-27 15:03:00,2431.780905856788,0.0009666909869315148
2020-03-27 15:04:00,2430.9884139368296,0.0008877483249877798
2020-03-27 15:05:00,2436.9093482241874,0.0007846069070334555
2020-03-27 15:06:00,2436.914863312594,0.0007851502203723075
2020-03-27 15:07:00,2437.1599120481383,0.0007740901740733471
2020-03-27 15:08:00,2435.4950875646036,0.0007401460922696468
2020-03-27 15:09:00,2433.3306704270212,0.0007986565663501839
2020-03-27 15:10:00,2433.4783720010305,0.0007463075326234967
2020-03-27 15:11:00,2433.2564654180624,0.0006876125314697753
2020-03-27 15:12:00,2437.197159743734,0.000696487707145221
2020-03-27 15:13:00,2437.2938242110754,0.0007063204600823095
2020-03-27 15:14:00,2439.2845941381847,0.0006801765304195181
2020-03-27 15:15:00,2440.149168825894,0.0007200454963581511
2020-03-27 15:16:00,2442.2408540503807,0.0007646076055194513
2020-03-27 15:17:00,2443.561842440365,0.0007832183152705182
2020-03-27 15:18:00,2441.903869923862,0.0007560231508270665
2020-03-27 15:19:00,2442.7995098474785,0.0008210123671888791
2020-03-27 15:20:00,2440.7354303129387,0.0008138444759184259
2020-03-27 15:21:00,2441.1340925926615,0.0007954320314758657
2020-03-27 15:22:00,2441.889593465116,0.0007457923434451776
2020-03-27 15:23:00,2440.679854034641,0.0007420855608569364
2020-03-27 15:24:00,2438.862235953811,0.0007256923225035199
2020-03-27 15:25:00,2436.389102058172,0.000735198999044981
2020-03-27 15:26:00,2437.122112069042,0.0007098738794337077
2020-03-27 15:27:00,2435.423959578109,0.0006567740241734789
2020-03-27 15:28:00,2438.2136242537545,0.000676642669892943
2020-03-27 15:29:00,2439.8645091866324,0.0006618544347886681
2020-03-27 15:30:00,2439.3333431118167,0.0006223789958960753
2020-03-27 15:31:00,2441.7232543277246,0.0005801443345447977
2020-03-27 15:32:00,2443.3820216586314,0.0005909195191440351
2020-03-27 15:33:00,2443.6336525656234,0.0006118087591257666
2020-03-27 15:34:00,2443.9408966616165,0.0005896221791603122
2020-03-27 15:35:00,2442.6718863503784,0.0005860373375102917
2020-03-27 15:36:00,2443.430496499983,0.0006127002107557299
2020-03-27 15:37:00,2442.2472580403514,0.0006443723110995821
2020-03-27 15:38:00,2441.323751712856,0.0006529310048397353
2020-03-27 15:39:00,2440.833279034202,0.0006556812484884174
2020-03-27 15:40:00,2443.341568711301,0.0006289460536680524
2020-03-27 15:41:00,2443.2409818338087,0.0006112065114021792
2020-03-27 15:42:00,2443.2934549501756,0.0006389833649179521
2020-03-27 15:43:00,2440.670229540618,0.0006158647506961622
2020-03-27 15:44:00,2441.347092171786,0.0005912535846733127
2020-03-27 15:45:00,2442.9745915467124,0.0006055560400237918
2020-03-27 15:46:00,2440.577667399209,0.0006158391583374844
2020-03-27 15:47:00,2439.7919631523837,0.000612822193555052
2020-03-27 15:48:00,2437.306023576032,0.0005939331920826415
2020-03-27 15:49:00,2435.031012638224,0.000570645388742632
2020-03-27 15:50:00,2433.9529547149305,0.0005629768720885463
2020-03-27 15:51:00,2433.2005329773015,0.000562134269625434
2020-03-27 15:52:00,2432.559196166531,0.0005528208097466111
2020-03-27 15:53:00,2431.2501761647372,0.0005644036063455839
2020-03-27 15:54:00,2432.7978955838,0.0006016101032173297
2020-03-27 15:55:00,2433.479101261384,0.000596170392400083
2020-03-27 15:56:00,2435.5408556924363,0.0005480367536963733
2020-03-27 15:57:00,2438.7371748257947,0.0005646177819687083
2020-03-27 15:58:00,2440.480025013948,0.0005751037137387546
2020-03-27 15:59:00,2440.022867640071,0.0006105946811501567
2020-03-27 16:00:00,2439.487187145322,0.0005959922139448008
2020-03-27 16:01:00,2438.8356557983716,0.000635308360611637
2020-03-27 16:02:00,2438.0100376810115,0.000603278226744948
2020-03-27 16:03:00,2435.298747391692,0.0006382016099013082
2020-03-27 16:04:00,2434.295150575161,0.0006627981745217223
2020-03-27 16:05:00,2437.0156720978157,0.0006568152355377918
2020-03-27 16:06:00,2440.117959280297,0.0006344761127509831
2020-03-27 16:07:00,2439.6815637848813,0.0006556120983404666
2020-03-27 16:08:00,2439.479304118676,0.0005778282671510603
2020-03-27 16:09:00,2437.0618098441596,0.0005684006225794785
2020-03-27 16:10:00,2435.4243818088376,0.0005611712040551905
2020-03-27 16:11:00,2435.8854290839035,0.0005692715699712806
2020-03-27 16:12:00,2436.221354236486,0.0005722404685209748
2020-03-27 16:13:00,2434.746960307827,0.0006558894609258109
2020-03-27 16:14:00,2435.18952999279,0.000624519153528622
2020-03-27 16:15:00,2434.8002909817574,0.0006147594097877685
2020-03-27 16:16:00,2433.127799413705,0.0005708002102208082
2020-03-27 16:17:00,2433.11242759301,0.0006039856463176641
2020-03-27 16:18:00,2435.2324683172965,0.0006061500205380274
2020-03-27 16:19:00,2434.3575691086867,0.0005505294155759217
2020-03-27 16:20:00,2435.184778023803,0.000537241789342841
2020-03-27 16:21:00,2433.997602218545,0.0005404086472350973
2020-03-27 16:22:00,2434.9818862445763,0.0005326227190300508
2020-03-27 16:23:00,2435.0248863451443,0.0005306032380044688
2020-03-27 16:24:00,2433.5763883732307,0.0005240102910663604
2020-03-27 16:25:00,2433.305528171753,0.0005418414451883339
2020-03-27 16:26:00,2434.4128400310105,0.0005244098353197191
2020-03-27 16:27:00,2434.1296929693817,0.0005196154861376557
2020-03-27 16:28:00,2432.807894833423,0.00049992384087481
2020-03-27 16:29:00,2432.1127055610573,0.0005010034213365685
2020-03-27 16:30:00,2434.6659076446444,0.0005102493871437906
2020-03-27 16:31:00,2434.1654570124283,0.000492199255145173
2020-03-27 16:32:00,2434.357140230498,0.0005480226585291734
2020-03-27 16:33:00,2435.3374118385104,0.0005512063225840913
2020-03-27 16:34:00,2435.4050020217906,0.0005448125060538924
2020-03-27 16:35:00,2435.802377688499,0.0005203747154938621
2020-03-27 16:36:00,2435.4720865404934,0.0005019179704858035
2020-03-27 16:37:00,2437.227758608708,0.0005020261814975512
2020-03-27 16:38:00,2436.540506863116,0.0005562868372355179
2020-03-27 16:39:00,2439.3660619234543,0.0005544943599799697
2020-03-27 16:40:00,2439.4887867786138,0.0005686716443692556
2020-03-27 16:41:00,2439.3324360789766,0.0005413867402645781
2020-03-27 16:42:00,2437.710833542371,0.000570240457245898
2020-03-27 16:43:00,2437.0063927563,0.0005967735708930164
2020-03-27 16:44:00,2437.4161362564796,0.0006027864412617141
2020-03-27 16:45:00,2437.051793155532,0.0005889536050123467
2020-03-27 16:46:00,2436.254383721319,0.0005861632748727264
2020-03-27 16:47:00,2436.2061552152913,0.0005380196555079278
2020-03-27 16:48:00,2436.2038760743626,0.0005429910906641684
2020-03-27 16:49:00,2433.709565128278,0.000525328858055724
2020-03-27 16:50:00,2432.674033434466,0.0005593686734342567
2020-03-27 16:51:00,2432.171073373765,0.000562663126348764
2020-03-27 16:52:00,2430.3345195297356,0.0005678622942099863
2020-03-27 16:53:00,2430.069192759301,0.0005755962150762497
2020-03-27 16:54:00,2431.472795790239,0.000606203351218529
2020-03-27 16:55:00,2431.2040846105606,0.0006003037987462695
2020-03-27 16:56:00,2430.2084139278577,0.000644427594695621
2020-03-27 16:57:00,2433.050188838775,0.0006960278125325148
2020-03-27 16:58:00,2435.143384913707,0.0006966980755921652
2020-03-27 16:59:00,2434.5090194802046,0.000677960708624118
2020-03-27 17:00:00,2434.030967706961,0.0007195822202856723
2020-03-27 17:01:00,2433.543835851104,0.0007183504964491967
2020-03-27 17:02:00,2433.2232549291075,0.0007404217813298804
2020-03-27 17:03:00,2433.3672573119147,0.0007293691353439587
2020-03-27 17:04:00,2432.995442418968,0.0007179478485079096
2020-03-27 17:05:00,2431.775110551276,0.0007040977529687221
2020-03-27 17:06:00,2432.932916025267,0.0006749505429027596
2020-03-27 17:07:00,2434.7652098039684,0.0006753571162902237
2020-03-27 17:08:00,2434.81919346076,0.0006874486545314799
2020-03-27 17:09:00,2435.9794363625165,0.0006954395858564397
2020-03-27 17:10:00,2436.352413754684,0.0006736622864153616
2020-03-27 17:11:00,2434.11520565184,0.0006602767750708552
2020-03-27 17:12:00,2433.291853079648,0.0006505965621745573
2020-03-27 17:13:00,2431.9659476918655,0.0006754745908027509
2020-03-27 17:14:00,2433.260470978966,0.0006841078331324974
2020-03-27 17:15:00,2432.4560990508007,0.0007051327341222446
2020-03-27 17:16:00,2428.941463441012,0.0007008413039569929
2020-03-27 17:17:00,2427.56333685635,0.0006818823745990059
2020-03-27 17:18:00,2428.7084768200148,0.0006459957780565053
2020-03-27 17:19:00,2430.201435904194,0.0006351679616129224
2020-03-27 17:20:00,2427.543040452615,0.000677621578307699
2020-03-27 17:21:00,2426.36983805332,0.0006815324134060891
2020-03-27 17:22:00,2425.9514671514585,0.0007060004552334587
2020-03-27 17:23:00,2426.841643681794,0.0007127081498179306
2020-03-27 17:24:00,2426.7424336837125,0.0007482839741767274
2020-03-27 17:25:00,2428.0618050958674,0.0007515083354198226
2020-03-27 17:26:00,2426.9013451414885,0.0007414884908867399
2020-03-27 17:27:00,2428.478467097978,0.0007767459910084648
2020-03-27 17:28:00,2427.4684309900854,0.0007704126708640423
2020-03-27 17:29:00,2428.2588036841166,0.000825021147681979
2020-03-27 17:30:00,2429.271541955586,0.0008331086275281626
2020-03-27 17:31:00,2426.752632427535,0.0008410600119939589
2020-03-27 17:32:00,2426.7495911517485,0.0008166243407587231
2020-03-27 17:33:00,2423.233528952099,0.0008666790889000338
2020-03-27 17:34:00,2421.321080143622,0.0009051224980141106
2020-03-27 17:35:00,2417.273060268922,0.0009240908355054646
2020-03-27 17:36:00,2418.166044054287,0.0008853094156800192
2020-03-27 17:37:00,2420.6591542218125,0.0008752057718301042
2020-03-27 17:38:00,2421.2291589277265,0.000878443052963678
2020-03-27 17:39:00,2425.0134961523427,0.000927272824671312
2020-03-27 17:40:00,2425.804457830068,0.0009465753655315726
2020-03-27 17:41:00,2425.832403876134,0.0009332832547470336
2020-03-27 17:42:00,2427.0350979384166,0.000947054781769215
2020-03-27 17:43:00,2427.4567884280964,0.0008972085962293359
2020-03-27 17:44:00,2426.9487888634717,0.0008105928853154286
2020-03-27 17:45:00,2425.087879339689,0.0007848514598426859
2020-03-27 17:46:00,2421.638018587858,0.0007346011916941049
2020-03-27 17:47:00,2420.2612032213106,0.0007055663756256027
2020-03-27 17:48:00,2421.119728243736,0.0007561023500435535
2020-03-27 17:49:00,2420.1847349706118,0.0007146830309407197
2020-03-27 17:50:00,2417.6366461081866,0.0007199793322537375
2020-03-27 17:51:00,2418.8820086422393,0.0007223982870427023
2020-03-27 17:52:00,2418.490207554235,0.0007043724391050601
2020-03-27 17:53:00,2417.7371648830162,0.0006676571235662563
2020-03-27 17:54:00,2414.671456508575,0.0007106732741158322
2020-03-27 17:55:00,2411.263693360202,0.0007245567436883574
2020-03-27 17:56:00,2415.488318525414,0.000693561969688881
2020-03-27 17:57:00,2416.5137067081055,0.0007261710572726177
2020-03-27 17:58:00,2416.5209182413228,0.0007656370760253555
2020-03-27 17:59:00,2413.382322866695,0.0007958371633377338
2020-03-27 18:00:00,2410.0777490775854,0.0007948940400273634
2020-03-27 18:01:00,2407.6817136245622,0.000798436945397473
2020-03-27 18:02:00,2408.3018800442837,0.000795858615042479
2020-03-27 18:03:00,2406.998236258868,0.0007690145383934665
2020-03-27 18:04:00,2403.832724000802,0.0007652017199436875
2020-03-27 18:05:00,2401.033380120136,0.0008257976865961816
2020-03-27 18:06:00,2400.7427999213874,0.0007935837908369854
2020-03-27 18:07:00,2402.9508930620627,0.0007897938620755968
2020-03-27 18:08:00,2400.377505501666,0.0008137991145603921
2020-03-27 18:09:00,2400.4370609736097,0.0007897835116297473
2020-03-27 18:10:00,2400.7537749534326,0.0007866983436362727
2020-03-27 18:11:00,2399.478993342234,0.0007863366973036969
2020-03-27 18:12:00,2400.7979822923107,0.0007760913882983305
2020-03-27 18:13:00,2405.9395189301013,0.0008645349851503205
2020-03-27 18:14:00,2404.257099032595,0.0009124285834207815
2020-03-27 18:15:00,2401.932620607551,0.0009519938036016597
2020-03-27 18:16:00,2402.8884447526966,0.0009873045385464267
2020-03-27 18:17:00,2404.623690347108,0.001005757602703492
2020-03-27 18:18:00,2399.488739754527,0.0009905005854860996
2020-03-27 18:19:00,2403.0703003979906,0.0009803519178255063
2020-03-27 18:20:00,2398.047590601849,0.0010054815090516703
2020-03-27 18:21:00,2397.0624780796647,0.0010398530273261512
2020-03-27 18:22:00,2396.552868676302,0.0009401319994070163
2020-03-27 18:23:00,2399.3961151627636,0.0009407843195200459
2020-03-27 18:24:00,2401.2973753457036,0.0009232904069539945
2020-03-27 18:25:00,2400.135448162142,0.0009309553294404867
2020-03-27 18:26:00,2401.6820544270845,0.0009574193905184374
2020-03-27 18:27:00,2398.937799695467,0.000907739107178619
2020-03-27 18:28:00,2398.3590575797643,0.0008997796601024349
2020-03-27 18:29:00,2397.8353170071787,0.0008457436123876302
2020-03-27 18:30:00,2397.8337231520572,0.0007798308956201359
2020-03-27 18:31:00,2398.4934183058435,0.0007928453797660344
2020-03-27 18:32:00,2398.191808835464,0.0007410976204722305
2020-03-27 18:33:00,2397.700200548174,0.0007487255694661042
2020-03-27 18:34:00,2397.636240676583,0.0006875059524961099
2020-03-27 18:35:00,2399.1352653783015,0.0006727349075548857
2020-03-27 18:36:00,2397.990584428385,0.0006788431116884025
2020-03-27 18:37:00,2398.8937439334413,0.0007028995576114916
2020-03-27 18:38:00,2401.04818995365,0.0007079518342261738
2020-03-27 18:39:00,2403.284381301301,0.000679678779457324
2020-03-27 18:40:00,2404.9977917955025,0.0006338138162996715
2020-03-27 18:41:00,2404.0149641830076,0.000657713717782112
2020-03-27 18:42:00,2405.86115174138,0.0006061528621802869
2020-03-27 18:43:00,2403.0343438287427,0.0005983450502239944
2020-03-27 18:44:00,2402.21661098536,0.0006050689706540751
2020-03-27 18:45:00,2398.0967333388116,0.0006420110119043625
2020-03-27 18:46:00,2397.2995011671583,0.0006586832816868349
2020-03-27 18:47:00,2397.717341013753,0.0007012562771306037
2020-03-27 18:48:00,2397.373121899608,0.0006894360525966053
2020-03-27 18:49:00,2397.718299356603,0.0006808435863978514
2020-03-27 18:50:00,2398.7451191121063,0.0006784492035293218
2020-03-27 18:51:00,2396.8283974881588,0.0007367109908159145
2020-03-27 18:52:00,2399.3140364505184,0.0007302856642850581
2020-03-27 18:53:00,2399.7453361021244,0.0006628712210170667
2020-03-27 18:54:00,2400.610160088187,0.0006730040583431666
2020-03-27 18:55:00,2400.0790014642857,0.0007210126448188414
2020-03-27 18:56:00,2401.592786583162,0.0007589533812587377
2020-03-27 18:57:00,2401.1127064566804,0.0008032291065708006
2020-03-27 18:58:00,2397.555364089877,0.0008374903363787932
2020-03-27 18:59:00,2396.8615812012436,0.0008229703960303699
2020-03-27 19:00:00,2397.695068303281,0.0008128028014108072
2020-03-27 19:01:00,2395.095532914013,0.0008276747291651842
2020-03-27 19:02:00,2397.1413117399843,0.0007888236806439735
2020-03-27 19:03:00,2398.685573962325,0.0007664737497019649
2020-03-27 19:04:00,2398.6885539715972,0.0007217581219738388
2020-03-27 19:05:00,2398.3653955533423,0.0007011123856671607
2020-03-27 19:06:00,2397.737448546322,0.000705692858403866
2020-03-27 19:07:00,2396.8681387190477,0.0007126225434014127
2020-03-27 19:08:00,2396.275939040138,0.0007613365340128431
2020-03-27 19:09:00,2397.7413636872298,0.0007977585860955472
2020-03-27 19:10:00,2397.014599347842,0.0008256799223964951
2020-03-27 19:11:00,2397.4178163669276,0.0007995478289312201
2020-03-27 19:12:00,2395.603389980446,0.0007942187850495782
2020-03-27 19:13:00,2396.4230577264257,0.0007361424378289616
2020-03-27 19:14:00,2395.0377983354174,0.0007099995082212333
2020-03-27 19:15:00,2394.1647767330323,0.0006986815515343101
2020-03-27 19:16:00,2395.650120927974,0.0006973350692621097
2020-03-27 19:17:00,2393.9672847316897,0.0006672763052983645
2020-03-27 19:18:00,2397.0779566992796,0.0006406425785870174
2020-03-27 19:19:00,2397.2564254170243,0.000672335778339451
2020-03-27 19:20:00,2396.111094404198,0.0006566987181946428
2020-03-27 19:21:00,2395.509561192501,0.0006666408045597198
2020-03-27 19:22:00,2397.631917279714,0.0006497007249200973
2020-03-27 19:23:00,2396.9364319052306,0.0006739044869806365
2020-03-27 19:24:00,2397.1480679067267,0.0006723069944719097
2020-03-27 19:25:00,2396.5221579310614,0.0007003284045756225
2020-03-27 19:26:00,2396.0082358831214,0.0007308415938864674
2020-03-27 19:27:00,2395.2016002145206,0.0007700190964860268
2020-03-27 19:28:00,2394.931135737851,0.0007687522275760928
2020-03-27 19:29:00,2396.966855782522,0.0007567429276333326
2020-03-27 19:30:00,2397.2671972244643,0.0007543077614278989
2020-03-27 19:31:00,2396.1578531991436,0.0007748352956375051
2020-03-27 19:32:00,2397.4943702414944,0.0007670979709186278
2020-03-27 19:33:00,2397.393118612493,0.0007943899770425941
2020-03-27 19:34:00,2398.302341256746,0.0008422544154144095
2020-03-27 19:35:00,2400.2294923755617,0.0008391534314586903
2020-03-27 19:36:00,2402.543950256505,0.0008375025945296428
2020-03-27 19:37:00,2402.5496371211493,0.0008018246787793624
2020-03-27 19:38:00,2401.8200525823772,0.000802446106204813
2020-03-27 19:39:00,2400.9596947547234,0.0007475337365119688
2020-03-27 19:40:00,2398.2413780940324,0.0007415493567134719
2020-03-27 19:41:00,2398.9703360151293,0.0007431510284247148
2020-03-27 19:42:00,2397.9311816223067,0.0008134681633391208
2020-03-27 19:43:00,2396.548780601955,0.0008240885805939569
2020-03-27 19:44:00,2393.3740991805857,0.0007769882892728993
2020-03-27 19:45:00,2390.012672227343,0.000830456469236924
2020-03-27 19:46:00,2390.8671353116133,0.0008306855349616348
2020-03-27 19:47:00,2394.4117682378183,0.0008846396401168216
2020-03-27 19:48:00,2392.417205815654,0.000937037440538416
2020-03-27 19:49:00,2396.556119787555,0.0009269092092024209
2020-03-27 19:50:00,2397.757969976982,0.0009070131635029905
2020-03-27 19:51:00,2394.6755977599023,0.0009235359214534295
2020-03-27 19:52:00,2390.723663271882,0.0009122520809542229
2020-03-27 19:53:00,2384.878912985587,0.0009340995303953234
2020-03-27 19:54:00,2385.6828245195843,0.0008943343323463399
2020-03-27 19:55:00,2383.5927100710046,0.0008269795404868786
2020-03-27 19:56:00,2382.586160734917,0.00082180458844524
2020-03-27 19:57:00,2384.7712533136732,0.0007826855871014072
2020-03-27 19:58:00,2383.1668808229783,0.000785336724054852
2020-03-27 19:59:00,2384.645638360159,0.0007851398281676709
2020-03-30 13:30:00,2404.5666578527444,0.0008445310885194816
2020-03-30 13:31:00,2401.078259047976,0.0008084010496858605
2020-03-30 13:32:00,2402.110595725096,0.0007755832598539055
2020-03-30 13:33:00,2401.918901356384,0.0007608978074943857
2020-03-30 13:34:00,2401.899257983157,0.0007504133799409073
2020-03-30 13:35:00,2399.5125727481036,0.0007607137999356654
2020-03-30 13:36:00,2398.9606534581785,0.0007630450380702377
2020-03-30 13:37:00,2397.3661238028835,0.0007230737861898945
2020-03-30 13:38:00,2399.778842983177,0.0007312890302978658
2020-03-30 13:39:00,2398.335731201665,0.0007080791795647688
2020-03-30 13:40:00,2396.5857761853977,0.0007453976892259023
2020-03-30 13:41:00,2394.3155158501227,0.0007976374998903246
2020-03-30 13:42:00,2396.06558770549,0.0007900384024252366
2020-03-30 13:43:00,2399.396232136757,0.0008155218791912417
2020-03-30 13:44:00,2402.5168100712413,0.0008463113209368277
2020-03-30 13:45:00,2400.750273637098,0.000852821243643355
2020-03-30 13:46:00,2405.728052465915,0.0009477116848344912
2020-03-30 13:47:00,2410.4927139923684,0.0009690012489791903
2020-03-30 13:48:00,2411.7254511650967,0.0009420265440318067
2020-03-30 13:49:00,2414.4954152998434,0.000908072756531825
2020-03-30 13:50:00,2414.4982032479907,0.0008496966790278958
2020-03-30 13:51:00,2413.9393283669842,0.0009029496969942554
2020-03-30 13:52:00,2415.6949116130327,0.0008960438330944247
2020-03-30 13:53:00,2417.5659924012252,0.0008836653610338137
2020-03-30 13:54:00,2417.549101046172,0.0008262921929821353
2020-03-30 13:55:00,2418.9687528760874,0.0007825415025052433
2020-03-30 13:56:00,2422.1211846127476,0.0008292730221571833
2020-03-30 13:57:00,2421.7923146426674,0.0008107585605112708
2020-03-30 13:58:00,2419.241440488038,0.0007350187023198387
2020-03-30 13:59:00,2420.525957842736,0.0007773576308571984
2020-03-30 14:00:00,2420.982642497601,0.0007624366415021932
2020-03-30 14:01:00,2418.0064310104776,0.0007152150558667618
2020-03-30 14:02:00,2419.437004005659,0.0006758003764646604
2020-03-30 14:03:00,2418.0621245506036,0.0006382603849325681
2020-03-30 14:04:00,2416.8135395732606,0.0006180752304634898
2020-03-30 14:05:00,2417.621447563194,0.0006489614670610666
2020-03-30 14:06:00,2418.315218661428,0.000626716660693586
2020-03-30 14:07:00,2419.5674907914768,0.0005910783221710031
2020-03-30 14:08:00,2419.504686598171,0.0006217328811115581
2020-03-30 14:09:00,2421.7237855033086,0.0006028590786312654
2020-03-30 14:10:00,2423.3980879000915,0.0006099030392954629
2020-03-30 14:11:00,2424.5262663740627,0.0006291177842911928
2020-03-30 14:12:00,2420.3214865875184,0.0006203845435113133
2020-03-30 14:13:00,2422.329031464725,0.0006386355357168227
2020-03-30 14:14:00,2420.8775320167756,0.0006522593645661518
2020-03-30 14:15:00,2422.664193589181,0.0006231929248610953
2020-03-30 14:16:00,2423.9675301616253,0.000642810090722649
2020-03-30 14:17:00,2423.1968587043093,0.0006433762135533779
2020-03-30 14:18:00,2423.78354322051,0.000631737150687764
2020-03-30 14:19:00,2424.9398293759373,0.0006433271638525481
2020-03-30 14:20:00,2428.728454167887,0.0006521693981806429
2020-03-30 14:21:00,2429.7962976588606,0.0006036694047274099
2020-03-30 14:22:00,2431.8009575851124,0.0006118318942723218
2020-03-30 14:23:00,2430.0291487704867,0.0006611748682999226
2020-03-30 14:24:00,2430.139604196246,0.000669528797046013
2020-03-30 14:25:00,2429.67415355772,0.000662310952582293
2020-03-30 14:26:00,2428.6645856710065,0.0006845307258169713
2020-03-30 14:27:00,2431.9079430449888,0.0006532195961865026
2020-03-30 14:28:00,2429.8735549904936,0.000670837335104554
2020-03-30 14:29:00,2430.6067324356513,0.0006526266436116945
2020-03-30 14:30:00,2433.792341225267,0.0006473178409368436
2020-03-30 14:31:00,2434.679929164093,0.0006453828773459663
2020-03-30 14:32:00,2436.016292161474,0.0006126845762249732
2020-03-30 14:33:00,2436.1548548045594,0.0006239891754016419
2020-03-30 14:34:00,2433.7701963530653,0.0006093393981139406
2020-03-30 14:35:00,2435.988038606333,0.0005912649756427439
2020-03-30 14:36:00,2437.493976656876,0.000642368124845641
2020-03-30 14:37:00,2437.78542838507,0.0006487848937294151
2020-03-30 14:38:00,2437.5293113058806,0.0006512168676445377
2020-03-30 14:39:00,2436.97142904307,0.000661855231861066
2020-03-30 14:40:00,2441.1212793222508,0.0006342373283621433
2020-03-30 14:41:00,2441.5414322832667,0.0006245787884487323
2020-03-30 14:42:00,2443.8140763575702,0.0006345563865392408
2020-03-30 14:43:00,2442.80125263922,0.000640705632020704
2020-03-30 14:44:00,2440.977597373023,0.000670634381010094
2020-03-30 14:45:00,2440.7814553052144,0.0006249920330897159
2020-03-30 14:46:00,2440.319451561701,0.0006310081464542952
2020-03-30 14:47:00,2441.5557145425128,0.000606911863872128
2020-03-30 14:48:00,2439.772661089379,0.0005849760374552531
2020-03-30 14:49:00,2436.8178076720983,0.0005707203193757798
2020-03-30 14:50:00,2438.615211312005,0.000556431972548218
2020-03-30 14:51:00,2440.3165039315904,0.0005674726358089675
2020-03-30 14:52:00,2440.443249377716,0.0005383449745344876
2020-03-30 14:53:00,2438.8580988491613,0.0005703675536415271
2020-03-30 14:54:00,2439.1216192992497,0.0005765253869693734
2020-03-30 14:55:00,2437.8740167953197,0.0005700607546250787
2020-03-30 14:56:00,2439.9165511717533,0.0005846607219967113
2020-03-30 14:57:00,2438.8955420487137,0.0005646794713135925
2020-03-30 14:58:00,2435.7989514398505,0.0005808165498312238
2020-03-30 14:59:00,2435.4220281327703,0.0005480446089275047
2020-03-30 15:00:00,2433.82445338659,0.0006194623672565537
2020-03-30 15:01:00,2435.10502043346,0.0006442829182348849
2020-03-30 15:02:00,2439.121435292483,0.0006478786175436417
2020-03-30 15:03:00,2437.754170738371,0.0006733274395180677
2020-03-30 15:04:00,2438.9126105601777,0.000714032576728099
2020-03-30 15:05:00,2438.590617694732,0.000774879936874036
2020-03-30 15:06:00,2441.9943199577033,0.0007806124518718241
2020-03-30 15:07:00,2437.2002738679157,0.0008061792976288853
2020-03-30 15:08:00,2437.9923160825374,0.000782126809257036
2020-03-30 15:09:00,2439.470219433423,0.000781536623673144
2020-03-30 15:10:00,2440.4696552429523,0.0007453582430906769
2020-03-30 15:11:00,2437.3635579114753,0.0007497758323949173
2020-03-30 15:12:00,2436.5730907189018,0.0007459212139902317
2020-03-30 15:13:00,2438.682527160216,0.0007317118008357491
2020-03-30 15:14:00,2439.8634492839747,0.0007492072299210347
2020-03-30 15:15:00,2437.470021063851,0.0007891298577898301
2020-03-30 15:16:00,2439.758371408285,0.0007151101268702501
2020-03-30 15:17:00,2439.417037712237,0.0006846525571241
2020-03-30 15:18:00,2439.350137350375,0.0007136930065707502
2020-03-30 15:19:00,2442.777554948773,0.0007242096498908232
2020-03-30 15:20:00,2441.9585437363753,0.0007059796815180306
2020-03-30 15:21:00,2441.0262185583774,0.0006903968165515253
2020-03-30 15:22:00,2441.612526501875,0.0007052411288436179
2020-03-30 15:23:00,2441.7059388549196,0.00069804684783085
2020-03-30 15:24:00,2443.070820462753,0.0007006463460785292
2020-03-30 15:25:00,2444.2243220573223,0.0006943771348108085
2020-03-30 15:26:00,2441.506422592508,0.0007133256756663034
2020-03-30 15:27:00,2439.307161416576,0.0007531414272655279
2020-03-30 15:28:00,2440.6856053826177,0.0007441204052760735
2020-03-30 15:29:00,2436.318426261016,0.0006600735560710434
2020-03-30 15:30:00,2439.194720032847,0.0005843097266618429
2020-03-30 15:31:00,2441.556974920103,0.0005899563532419647
2020-03-30 15:32:00,2442.2080084066138,0.0005905955321786934
2020-03-30 15:33:00,2442.5931018788497,0.000587841311467583
2020-03-30 15:34:00,2443.9458650823003,0.0005418428702673523
2020-03-30 15:35:00,2446.168469927044,0.0005158145904585273
2020-03-30 15:36:00,2444.906969310601,0.0005173101459524422
2020-03-30 15:37:00,2445.1753173799198,0.0004899770076725395
2020-03-30 15:38:00,2444.844737490989,0.000505428472750941
2020-03-30 15:39:00,2444.5507444916734,0.0005120171317723933
2020-03-30 15:40:00,2445.589749443523,0.0004787643775460795
2020-03-30 15:41:00,2446.4658404632487,0.0004314698363264923
2020-03-30 15:42:00,2445.454632681786,0.0004472694447840381
2020-03-30 15:43:00,2445.599867538841,0.000451195878650499
2020-03-30 15:44:00,2446.3241770166,0.00045183393104874207
2020-03-30 15:45:00,2447.65924660803,0.00047100779857543485
2020-03-30 15:46:00,2445.96430561582,0.00046680651120876044
2020-03-30 15:47:00,2447.2999616006723,0.0004463283442209175
2020-03-30 15:48:00,2447.694840599635,0.0004475205736489078
2020-03-30 15:49:00,2447.4374100493937,0.00047051107155402297
2020-03-30 15:50:00,2447.98055134256,0.0004882961832399966
2020-03-30 15:51:00,2447.4087950010903,0.0005065505302429437
2020-03-30 15:52:00,2446.2037725364576,0.0005381660584253878
2020-03-30 15:53:00,2444.3788089434133,0.0005340029179594893
2020-03-30 15:54:00,2445.4741570141396,0.0005344476722490642
2020-03-30 15:55:00,2446.915162879166,0.00056619890082767
2020-03-30 15:56:00,2445.698263191885,0.0005714656930636294
2020-03-30 15:57:00,2444.934859479509,0.000550603983594094
2020-03-30 15:58:00,2444.6522244878665,0.0005182769720747385
2020-03-30 15:59:00,2442.5770035175456,0.0005569313678020742
2020-03-30 16:00:00,2440.3360254630034,0.0005326495406198821
2020-03-30 16:01:00,2442.820519562669,0.0005553635343637167
2020-03-30 16:02:00,2443.0798509323536,0.0005713155256339405
2020-03-30 16:03:00,2444.5107889401065,0.0005780822356179394
2020-03-30 16:04:00,2443.3110121502414,0.000617604213528445
2020-03-30 16:05:00,2440.719534579644,0.0006676560567714087
2020-03-30 16:06:00,2440.748916214711,0.0006399568403925247
2020-03-30 16:07:00,2438.9352279813065,0.0006709124483720471
2020-03-30 16:08:00,2437.5481868305856,0.0006990065965256007
2020-03-30 16:09:00,2436.3150037679575,0.0007258318923931959
2020-03-30 16:10:00,2433.1220011931496,0.0006986486237041224
2020-03-30 16:11:00,2432.3005944532692,0.0006530569180973361
2020-03-30 16:12:00,2433.188049844663,0.0006469047939414597
2020-03-30 16:13:00,2431.862777660983,0.000725149466604623
2020-03-30 16:14:00,2434.479577796982,0.0007169799090011704
2020-03-30 16:15:00,2437.33407400038,0.0007005841282455585
2020-03-30 16:16:00,2437.735350864555,0.0006854765560448007
2020-03-30 16:17:00,2436.9908169120135,0.0007070672700076831
2020-03-30 16:18:00,2436.172022970461,0.000690115930559809
2020-03-30 16:19:00,2435.6148907971906,0.0006555683652885751
2020-03-30 16:20:00,2437.6991440648712,0.0006612283243019088
2020-03-30 16:21:00,2438.2923448745814,0.0006486505353940769
2020-03-30 16:22:00,2437.8373946885376,0.0006997634490899324
2020-03-30 16:23:00,2438.9948866836007,0.0007370672630011612
2020-03-30 16:24:00,2440.5578272728076,0.0007476356799182036
2020-03-30 16:25:00,2442.4001714083543,0.0008389835808715427
2020-03-30 16:26:00,2444.3183583256714,0.0008817084739069505
2020-03-30 16:27:00,2445.4308365529964,0.0009344166321826841
2020-03-30 16:28:00,2445.7878977458267,0.0008816291085834293
2020-03-30 16:29:00,2445.563982574468,0.000913666266615401
2020-03-30 16:30:00,2447.8496803701537,0.0009768945910149601
2020-03-30 16:31:00,2450.467290965045,0.000931543892231058
2020-03-30 16:32:00,2451.8224349768375,0.0009829233372388162
2020-03-30 16:33:00,2454.740496873972,0.0010140786354415057
2020-03-30 16:34:00,2452.1633497702687,0.0010114436979459344
2020-03-30 16:35:00,2448.036733172448,0.001021261360679337
2020-03-30 16:36:00,2447.561438054139,0.0009394756128570118
2020-03-30 16:37:00,2444.7946704219376,0.000968849571604982
2020-03-30 16:38:00,2448.035464567409,0.0009186075879244774
2020-03-30 16:39:00,2451.4094420948572,0.0009756638333112295
2020-03-30 16:40:00,2447.069895409123,0.0010286635208226675
2020-03-30 16:41:00,2445.791735965497,0.0009773778385974165
2020-03-30 16:42:00,2443.6845624554353,0.00102093652179763
2020-03-30 16:43:00,2445.092556053673,0.0010667903205173438
2020-03-30 16:44:00,2443.6163500105117,0.0010798378014084092
2020-03-30 16:45:00,2443.9396713268407,0.0011018957131693733
2020-03-30 16:46:00,2441.5854900351374,0.001116813949845517
2020-03-30 16:47:00,2443.848100490235,0.0010626978382202203
2020-03-30 16:48:00,2444.3777312968546,0.0010593964457837248
2020-03-30 16:49:00,2437.066380371887,0.0011417856532037298
2020-03-30 16:50:00,2437.5783672741736,0.0011119382162961483
2020-03-30 16:51:00,2434.1491033964858,0.001173270194661544
2020-03-30 16:52:00,2433.7225148413613,0.0012236408328582902
2020-03-30 16:53:00,2430.4470491982643,0.001197694380017409
2020-03-30 16:54:00,2429.7046178952223,0.0011918055978311641
2020-03-30 16:55:00,2429.462141927652,0.0011939656024848003
2020-03-30 16:56:00,2433.954028079004,0.0011507014021170264
2020-03-30 16:57:00,2432.7616129630364,0.0011039548057504768
2020-03-30 16:58:00,2432.999879220394,0.0010897452757469316
2020-03-30 16:59:00,2432.8160432772543,0.001142840784581285
2020-03-30 17:00:00,2433.5891358650674,0.0011810796839683776
2020-03-30 17:01:00,2431.7245891349753,0.0011965937841330251
2020-03-30 17:02:00,2430.308500387528,0.0012893615709165616
2020-03-30 17:03:00,2431.3104476704534,0.0013135067811215922
2020-03-30 17:04:00,2433.013187176728,0.0013227341679293968
2020-03-30 17:05:00,2429.6616391019566,0.00130662371884196
2020-03-30 17:06:00,2432.283562871338,0.0012781991228515176
2020-03-30 17:07:00,2433.5100602596644,0.0013548212231685242
2020-03-30 17:08:00,2433.8655589419513,0.001465145270651707
2020-03-30 17:09:00,2435.170492358398,0.0015377981176576514
2020-03-30 17:10:00,2432.251068553019,0.0015882128611103225
2020-03-30 17:11:00,2429.1864479112337,0.0015294443278542462
2020-03-30 17:12:00,2434.081192557123,0.0016362328767602127
2020-03-30 17:13:00,2427.9094860645578,0.001670953417212337
2020-03-30 17:14:00,2418.457437927518,0.0016355929067020678
2020-03-30 17:15:00,2414.685487982615,0.0017457343164440963
2020-03-30 17:16:00,2408.903612628513,0.0017472336016601132
2020-03-30 17:17:00,2410.8645187755674,0.0017469596593946706
2020-03-30 17:18:00,2406.721257608718,0.001787334615402712
2020-03-30 17:19:00,2402.6223962897147,0.0018841745858214332
2020-03-30 17:20:00,2410.4462152887468,0.0016998925312113286
2020-03-30 17:21:00,2412.1965074147356,0.0017109662701935851
2020-03-30 17:22:00,2407.40037402314,0.0017105515060954082
2020-03-30 17:23:00,2402.199516247141,0.0018289393952600058
2020-03-30 17:24:00,2406.784031557058,0.0017601940334673516
2020-03-30 17:25:00,2412.801383481157,0.0018597222905635201
2020-03-30 17:26:00,2415.9994610054887,0.0018063113869937043
2020-03-30 17:27:00,2416.830785778154,0.0017015327814701214
2020-03-30 17:28:00,2417.570547044946,0.0017440223806013738
2020-03-30 17:29:00,2417.922885051622,0.0018414576585170858
2020-03-30 17:30:00,2420.144979407028,0.0017916303302557902
2020-03-30 17:31:00,2428.960639715088,0.0018518039225546665
2020-03-30 17:32:00,2428.95703766769,0.0017880793401253844
2020-03-30 17:33:00,2426.361326531419,0.0017500688627498694
2020-03-30 17:34:00,2427.030522227181,0.0017585630533924355
2020-03-30 17:35:00,2433.169781323636,0.0017059597385541876
2020-03-30 17:36:00,2427.5254732500002,0.001672476759592696
2020-03-30 17:37:00,2431.6941388604855,0.0017514789191883028
2020-03-30 17:38:00,2432.8848483918205,0.0016988760239501975
2020-03-30 17:39:00,2431.665207864945,0.0018235134867469272
2020-03-30 17:40:00,2421.570822027095,0.0018841040392448389
2020-03-30 17:41:00,2411.318709241903,0.0019536328711080805
2020-03-30 17:42:00,2409.8549669281733,0.002052914201136113
2020-03-30 17:43:00,2406.3384257174293,0.002119482060644227
2020-03-30 17:44:00,2403.2429291780445,0.0020995587980096146
2020-03-30 17:45:00,2402.256975056337,0.0020890347284057906
2020-03-30 17:46:00,2400.0514435077707,0.001994495093447352
2020-03-30 17:47:00,2396.0138646677124,0.001961841854127978
2020-03-30 17:48:00,2395.557232523914,0.001874004390693503
2020-03-30 17:49:00,2393.389898590204,0.0017964331006830232
2020-03-30 17:50:00,2389.7164424670445,0.0017404403339418774
2020-03-30 17:51:00,2385.3488517999135,0.0016785378082023366
2020-03-30 17:52:00,2389.132094467969,0.0016912239069127157
2020-03-30 17:53:00,2395.1777429690233,0.0016725046623330478
2020-03-30 17:54:00,2399.2038600367077,0.001686532407277656
2020-03-30 17:55:00,2400.819414755691,0.0016705043813997253
2020-03-30 17:56:00,2405.1524450305433,0.0017359241407044485
2020-03-30 17:57:00,2404.808591586254,0.0017005985017916336
2020-03-30 17:58:00,2407.6623957252223,0.0017246149018783619
2020-03-30 17:59:00,2413.8308512476497,0.0017014544229951487
2020-03-30 18:00:00,2415.239931153693,0.0016946135449882928
2020-03-30 18:01:00,2410.862528479929,0.001837538265930173
2020-03-30 18:02:00,2413.632159847733,0.0018869577341212595
2020-03-30 18:03:00,2417.3419786933578,0.002033781480902428
2020-03-30 18:04:00,2424.6879407012307,0.0018621911151853446
2020-03-30 18:05:00,2420.3362665226796,0.0018003677768272382
2020-03-30 18:06:00,2422.6463554924712,0.0018632549681974983
2020-03-30 18:07:00,2420.4234067328007,0.002036107779793974
2020-03-30 18:08:00,2411.581001515151,0.0021180212394707747
2020-03-30 18:09:00,2410.9101151512305,0.0020745565425725828
2020-03-30 18:10:00,2403.611283937028,0.002074921065454194
2020-03-30 18:11:00,2408.3903367031644,0.0021565638366980527
2020-03-30 18:12:00,2407.7307926453877,0.002086051515615195
2020-03-30 18:13:00,2404.7950480802674,0.002014140670496403
2020-03-30 18:14:00,2407.5154888602137,0.0022195518066187993
2020-03-30 18:15:00,2420.5469462418237,0.00209851543241257
2020-03-30 18:16:00,2422.888615672804,0.0022629494562480226
2020-03-30 18:17:00,2430.472069452829,0.0023439410162717353
2020-03-30 18:18:00,2423.1119185196485,0.0021890273213487636
2020-03-30 18:19:00,2428.3123160885248,0.0021326505654925103
2020-03-30 18:20:00,2433.7347152441994,0.0021837250178783764
2020-03-30 18:21:00,2438.951501332191,0.0022867900105920445
2020-03-30 18:22:00,2434.2334144710635,0.002188788415035875
2020-03-30 18:23:00,2434.1111753667105,0.002101916592684409
2020-03-30 18:24:00,2429.087019165308,0.002013996580358964
2020-03-30 18:25:00,2435.012184896329,0.0019448839663697038
2020-03-30 18:26:00,2432.556553006165,0.0019131348183677043
2020-03-30 18:27:00,2428.8341866477467,0.0018824590247312459
2020-03-30 18:28:00,2436.7454705710984,0.001952805819892353
2020-03-30 18:29:00,2433.6599309654575,0.0019173773800459436
2020-03-30 18:30:00,2435.8075421443355,0.0019237299541735335
2020-03-30 18:31:00,2441.6557298398357,0.001815897352691456
2020-03-30 18:32:00,2434.7335705020832,0.0018229723787982135
2020-03-30 18:33:00,2435.619039279215,0.001836903320464028
2020-03-30 18:34:00,2435.5559785943524,0.001897320994945581
2020-03-30 18:35:00,2438.944248965891,0.0017694958921698665
2020-03-30 18:36:00,2439.841520273411,0.0017384987534566076
2020-03-30 18:37:00,2439.6666281519315,0.0017329436930598476
2020-03-30 18:38:00,2436.515876096844,0.001693709004289088
2020-03-30 18:39:00,2441.6639052427035,0.0017932417092244015
2020-03-30 18:40:00,2438.427506037212,0.0017016993066883163
2020-03-30 18:41:00,2436.320293706761,0.0017920910334001988
2020-03-30 18:42:00,2446.0903494460467,0.001734556466597842
2020-03-30 18:43:00,2444.5628578162414,0.0018523070405032367
2020-03-30 18:44:00,2443.802625616148,0.0016783247561779069
2020-03-30 18:45:00,2451.2438171854255,0.0016650391919803425
2020-03-30 18:46:00,2446.2059659058573,0.001583880540997649
2020-03-30 18:47:00,2442.5293244636136,0.001604666888001337
2020-03-30 18:48:00,2447.391441766643,0.0017049097813844271
2020-03-30 18:49:00,2446.499297866187,0.0016704116599336198
2020-03-30 18:50:00,2452.5216852908047,0.0016651124814336725
2020-03-30 18:51:00,2453.220967329147,0.001701692872083544
2020-03-30 18:52:00,2453.3836190399998,0.0016954156008539615
2020-03-30 18:53:00,2459.360008654369,0.0016291805565755485
2020-03-30 18:54:00,2464.567105778076,0.00163879152004863
2020-03-30 18:55:00,2464.3308847364815,0.0015777981896174776
2020-03-30 18:56:00,2461.8304213110823,0.0015021729404026151
2020-03-30 18:57:00,2459.0474808000217,0.0016492519696607456
2020-03-30 18:58:00,2462.3626324671154,0.001525271298515551
2020-03-30 18:59:00,2464.876802841988,0.0016055882956347199
2020-03-30 19:00:00,2467.466969066182,0.001627198405056628
2020-03-30 19:01:00,2462.29406351699,0.001586874128224694
2020-03-30 19:02:00,2463.4108040601595,0.0014356349864527052
2020-03-30 19:03:00,2462.560767631423,0.0013792624670113174
2020-03-30 19:04:00,2459.827595759684,0.0013579527530795173
2020-03-30 19:05:00,2454.6732417984117,0.0012546603671767177
2020-03-30 19:06:00,2457.8535840486666,0.0012403681023864974
2020-03-30 19:07:00,2460.077916643209,0.001216222612883759
2020-03-30 19:08:00,2458.9971098313345,0.001191064285552048
2020-03-30 19:09:00,2460.4944043741766,0.001180246177298627
2020-03-30 19:10:00,2455.516010880078,0.0011964658331578614
2020-03-30 19:11:00,2455.0094443076923,0.0011139511806439457
2020-03-30 19:12:00,2454.2725706173414,0.0010717301035244272
2020-03-30 19:13:00,2451.3295013931124,0.0011203694628614815
2020-03-30 19:14:00,2454.128564114632,0.0011593580542689573
2020-03-30 19:15:00,2455.234630610284,0.0011373195384860354
2020-03-30 19:16:00,2453.916063281531,0.0010897525982081755
2020-03-30 19:17:00,2457.3761515194396,0.0011106790968836702
2020-03-30 19:18:00,2455.570194429437,0.0011769932430613483
2020-03-30 19:19:00,2457.100548732798,0.0011713025091363656
2020-03-30 19:20:00,2457.2951544812927,0.0012440837171488527
2020-03-30 19:21:00,2457.333359318512,0.001291909440050178
2020-03-30 19:22:00,2458.4689896776054,0.0013949306058442805
2020-03-30 19:23:00,2460.977531139919,0.0013535366228422164
2020-03-30 19:24:00,2464.104049877934,0.0012909504235423838
2020-03-30 19:25:00,2463.163949825995,0.0013429892931247692
2020-03-30 19:26:00,2467.649926655065,0.0013117878529224668
2020-03-30 19:27:00,2467.866381399091,0.0012503704710497999
2020-03-30 19:28:00,2472.9892090715653,0.0012649476989362292
2020-03-30 19:29:00,2471.6208698357527,0.0011581078691531024
2020-03-30 19:30:00,2472.815237475911,0.0012110776512440362
2020-03-30 19:31:00,2470.9673716189154,0.0011375572955797553
2020-03-30 19:32:00,2468.3337278459853,0.0010518760102734624
2020-03-30 19:33:00,2467.7437161209273,0.0010725875839420569
2020-03-30 19:34:00,2465.648605927685,0.0010371984945993942
2020-03-30 19:35:00,2464.336961187929,0.0009662099995865846
2020-03-30 19:36:00,2467.917961054147,0.0009565503748377776
2020-03-30 19:37:00,2467.191673692498,0.0009477245536421334
2020-03-30 19:38:00,2464.098342591996,0.000993833632398913
2020-03-30 19:39:00,2467.6927196446345,0.000888688818060287
2020-03-30 19:40:00,2462.434735795924,0.0008749777883623021
2020-03-30 19:41:00,2463.425140964843,0.0008382416653286701
2020-03-30 19:42:00,2462.8049659935664,0.0008238864894401593
2020-03-30 19:43:00,2465.388548263939,0.0008236661907673075
2020-03-30 19:44:00,2466.1931113980577,0.0008523331649067944
2020-03-30 19:45:00,2468.3936980836806,0.000915180751475936
2020-03-30 19:46:00,2469.1859884247074,0.000947961144494673
2020-03-30 19:47:00,2467.223940820427,0.0010047448142517274
2020-03-30 19:48:00,2470.6701675415075,0.0010411921335510778
2020-03-30 19:49:00,2469.88628352354,0.0010165042794223
2020-03-30 19:50:00,2468.118001081789,0.0009408626467429853
2020-03-30 19:51:00,2467.629784783835,0.000980194526318384
2020-03-30 19:52:00,2465.569491144301,0.0009403143187968953
2020-03-30 19:53:00,2465.110056441655,0.0010274753400194131
2020-03-30 19:54:00,2463.716213346363,0.0010873813908915154
2020-03-30 19:55:00,2462.673906888612,0.0012340195126466496
2020-03-30 19:56:00,2461.251169720114,0.0011935560791521138
2020-03-30 19:57:00,2461.632627091091,0.001162273958327576
2020-03-30 19:58:00,2466.203452923751,0.0011775549928192382
2020-03-30 19:59:00,2468.374112360134,0.001210951260225417
2020-03-31 13:30:00,2494.892903817102,0.001222953674594424
2020-03-31 13:31:00,2494.5298831883724,0.0011033010460027727
2020-03-31 13:32:00,2493.5414361611256,0.0010359764781548808
2020-03-31 13:33:00,2496.7368052605334,0.0010422407043692377
2020-03-31 13:34:00,2500.7030572503495,0.0009653474319825037
2020-03-31 13:35:00,2501.2138770563124,0.0010255732818409188
2020-03-31 13:36:00,2501.539153253133,0.0009957139685600775
2020-03-31 13:37:00,2503.2120856494867,0.0010727401048426888
2020-03-31 13:38:00,2504.1561879607375,0.0010721729712758797
2020-03-31 13:39:00,2506.043532878256,0.0009876756384128763
2020-03-31 13:40:00,2507.0881955528553,0.0009849984330287942
2020-03-31 13:41:00,2509.910141928163,0.000993417594274933
2020-03-31 13:42:00,2507.342311592551,0.0010255070281053437
2020-03-31 13:43:00,2506.849036452108,0.0010281042958042643
2020-03-31 13:44:00,2502.5189999980234,0.0009899434547096379
2020-03-31 13:45:00,2502.554305421891,0.0008953374429867283
2020-03-31 13:46:00,2505.0674695634343,0.0008368939789564705
2020-03-31 13:47:00,2508.874229601137,0.0007819300150559913
2020-03-31 13:48:00,2510.151796349762,0.0007991686871060328
2020-03-31 13:49:00,2512.436157762838,0.0008026115447021914
2020-03-31 13:50:00,2511.43239907385,0.0007719253763240855
2020-03-31 13:51:00,2510.3067758247903,0.0007956226292940209
2020-03-31 13:52:00,2506.446958166352,0.0007783724399732297
2020-03-31 13:53:00,2509.0381574964695,0.0007621869831684581
2020-03-31 13:54:00,2513.1353414916243,0.0007383143850727315
2020-03-31 13:55:00,2512.829975606641,0.000742287795228251
2020-03-31 13:56:00,2515.2447711520026,0.000756475931891362
2020-03-31 13:57:00,2515.425948197253,0.0007568645254502034
2020-03-31 13:58:00,2516.21868635564,0.0007403160998611785
2020-03-31 13:59:00,2515.6300392568505,0.0007767318789879345
2020-03-31 14:00:00,2514.8052253528485,0.0007825060137005338
2020-03-31 14:01:00,2512.2486207797956,0.0007616032278284041
2020-03-31 14:02:00,2512.49619575575,0.0007345537977481561
2020-03-31 14:03:00,2510.584114727066,0.0008199505095855217
2020-03-31 14:04:00,2509.290695837467,0.0007964997776986558
2020-03-31 14:05:00,2508.182444608967,0.0007969023326757867
2020-03-31 14:06:00,2507.111251630292,0.0008067603955641797
2020-03-31 14:07:00,2509.640580547452,0.0007516322293117278
2020-03-31 14:08:00,2512.438124456396,0.0007516804012158207
2020-03-31 14:09:00,2513.8099404507343,0.0007717964200713969
2020-03-31 14:10:00,2512.0709055901993,0.0007332434849723677
2020-03-31 14:11:00,2510.7410414335604,0.0006793159748003588
2020-03-31 14:12:00,2508.1976265913413,0.0006493876941896133
2020-03-31 14:13:00,2508.001374012958,0.0006953423478913299
2020-03-31 14:14:00,2510.188405135733,0.0006920130929938433
2020-03-31 14:15:00,2509.018950183568,0.0006539818274617674
2020-03-31 14:16:00,2509.9337701447344,0.0006584021907028706
2020-03-31 14:17:00,2508.520546939289,0.00066467551354629
2020-03-31 14:18:00,2508.488412644384,0.0006655298874482348
2020-03-31 14:19:00,2509.8766314344766,0.0007085487111483709
2020-03-31 14:20:00,2509.6376420008523,0.000658818883590243
2020-03-31 14:21:00,2509.7552402310525,0.0006648108164808936
2020-03-31 14:22:00,2510.832144627221,0.0006422529858969531
2020-03-31 14:23:00,2511.9628257269064,0.0006522236531494543
2020-03-31 14:24:00,2508.271095658248,0.0006623137989270197
2020-03-31 14:25:00,2507.0103243759495,0.0006343374594529968
2020-03-31 14:26:00,2508.5199823058047,0.0006400845770621598
2020-03-31 14:27:00,2510.552924542233,0.0006292991499630472
2020-03-31 14:28:00,2511.8820084081754,0.0006578485983595305
2020-03-31 14:29:00,2511.759485411311,0.0006556784449433047
2020-03-31 14:30:00,2514.272757266172,0.0006431460698982052
2020-03-31 14:31:00,2515.9192831121195,0.0006177644416344469
2020-03-31 14:32:00,2514.9687314389203,0.0005896485006402946
2020-03-31 14:33:00,2515.3972037232097,0.0006188522109819582
2020-03-31 14:34:00,2514.9640230688588,0.0006631999407778009
2020-03-31 14:35:00,2513.7088892664324,0.0006634030754758015
2020-03-31 14:36:00,2512.2617977321256,0.0006991369003978387
2020-03-31 14:37:00,2510.785449348672,0.000707298665214238
2020-03-31 14:38:00,2509.3333927955114,0.00072532226257617
2020-03-31 14:39:00,2508.1127671404915,0.0006826846569566358
2020-03-31 14:40:00,2508.214731875588,0.0006615808073690905
2020-03-31 14:41:00,2508.4871229950522,0.0006505431371800967
2020-03-31 14:42:00,2508.21855103949,0.0006578603587136441
2020-03-31 14:43:00,2506.608977310455,0.0006618633366482639
2020-03-31 14:44:00,2507.9976728468605,0.0006117171646736279
2020-03-31 14:45:00,2508.454754691193,0.0005615273287872459
2020-03-31 14:46:00,2511.3582077064043,0.0005853639926187845
2020-03-31 14:47:00,2510.176741811474,0.0005682875509182098
2020-03-31 14:48:00,2510.658241923691,0.0005885221239235288
2020-03-31 14:49:00,2510.103899692557,0.0005960131134272946
2020-03-31 14:50:00,2511.4613364346865,0.0005963008622430401
2020-03-31 14:51:00,2509.924560900405,0.0006375499891131079
2020-03-31 14:52:00,2511.084245773539,0.0006643936065003486
2020-03-31 14:53:00,2509.5041860445413,0.0006603623196919356
2020-03-31 14:54:00,2508.3309673833205,0.0006620968832438797
2020-03-31 14:55:00,2508.455806559384,0.0006700621314451411
2020-03-31 14:56:00,2507.667586479336,0.0006006596331665924
2020-03-31 14:57:00,2509.9597158786087,0.0005999337256834077
2020-03-31 14:58:00,2509.614623933856,0.000565500154219695
2020-03-31 14:59:00,2510.772120791202,0.0005639988448260566
2020-03-31 15:00:00,2507.6245376504717,0.0005411431597411087
2020-03-31 15:01:00,2506.8062334042506,0.0005804830163872383
2020-03-31 15:02:00,2508.403491812993,0.000579803377219977
2020-03-31 15:03:00,2511.0392049467946,0.0005683494505244669
2020-03-31 15:04:00,2512.1104613975263,0.0005753759974225093
2020-03-31 15:05:00,2512.1377292876036,0.0006098784745123385
2020-03-31 15:06:00,2510.805959111349,0.0006029067946001305
2020-03-31 15:07:00,2510.844427072607,0.0006033236994642023
2020-03-31 15:08:00,2513.104613771755,0.000575220662333584
2020-03-31 15:09:00,2512.477428694214,0.0005822840724976814
2020-03-31 15:10:00,2514.5150515892537,0.000594613910164893
2020-03-31 15:11:00,2518.2007814458316,0.0006087539632783906
2020-03-31 15:12:00,2514.76572058172,0.0006166937361454094
2020-03-31 15:13:00,2518.913762029934,0.0006351863673103974
2020-03-31 15:14:00,2516.276679743241,0.0006347570863683319
2020-03-31 15:15:00,2518.265066725127,0.0006188472911951873
2020-03-31 15:16:00,2518.5456698981275,0.0005911584759743002
2020-03-31 15:17:00,2519.7833903523715,0.0005356480332130469
2020-03-31 15:18:00,2520.192186369477,0.000510763847565761
2020-03-31 15:19:00,2517.499006349041,0.0005017467422958881
2020-03-31 15:20:00,2517.6211999995367,0.0005309095535938873
2020-03-31 15:21:00,2515.782229485065,0.0005159422164379451
2020-03-31 15:22:00,2515.765531490747,0.0005327230807770835
2020-03-31 15:23:00,2516.273094452567,0.0005509020855493261
2020-03-31 15:24:00,2517.3358157885245,0.0005906994376751053
2020-03-31 15:25:00,2517.3947803862243,0.0006298269039846582
2020-03-31 15:26:00,2517.0656264279505,0.0006456523955484797
2020-03-31 15:27:00,2518.9053100341125,0.0006329933507330636
2020-03-31 15:28:00,2520.1414228038966,0.0006228445166661683
2020-03-31 15:29:00,2519.25911096136,0.0005686162386464964
2020-03-31 15:30:00,2519.29672912978,0.0005857225413497503
2020-03-31 15:31:00,2519.5213662971396,0.0006176031892993906
2020-03-31 15:32:00,2518.3269894683954,0.0006111845274502677
2020-03-31 15:33:00,2520.287961500437,0.0006332804822470913
2020-03-31 15:34:00,2519.4488537436046,0.0006708661606389966
2020-03-31 15:35:00,2521.5716257885065,0.0006496445873594379
2020-03-31 15:36:00,2523.1311178749374,0.0006687904611587061
2020-03-31 15:37:00,2523.2741667906403,0.0006227507836438667
2020-03-31 15:38:00,2523.3311736924265,0.0006146738522601518
2020-03-31 15:39:00,2524.346016035345,0.0006391256522412049
2020-03-31 15:40:00,2523.3490129455377,0.0006277304917483595
2020-03-31 15:41:00,2524.9787807954863,0.0006213962107502427
2020-03-31 15:42:00,2525.3376739853934,0.0006521258550663265
2020-03-31 15:43:00,2525.4063080206597,0.0006336569292145525
2020-03-31 15:44:00,2525.5469424861126,0.0006215150586007906
2020-03-31 15:45:00,2526.8895199845874,0.0006518509256579774
2020-03-31 15:46:00,2528.5782550126514,0.0006855673854440159
2020-03-31 15:47:00,2528.8049528996535,0.0006356609153126406
2020-03-31 15:48:00,2530.05972458159,0.0006115976446561633
2020-03-31 15:49:00,2531.001805400196,0.0006307493188649695
2020-03-31 15:50:00,2530.643295556323,0.0006391625687365876
2020-03-31 15:51:00,2531.594049768484,0.000659123156829107
2020-03-31 15:52:00,2528.613047557499,0.0006511141757553479
2020-03-31 15:53:00,2526.2998505076666,0.0006338931116463979
2020-03-31 15:54:00,2525.840538466995,0.0006937865723325185
2020-03-31 15:55:00,2523.355464330055,0.000708909450568272
2020-03-31 15:56:00,2524.485490255054,0.0006858587160230434
2020-03-31 15:57:00,2526.0468527172948,0.000752019290146348
2020-03-31 15:58:00,2527.8402228413483,0.0006796559352605302
2020-03-31 15:59:00,2524.339345127963,0.000699267629456875
2020-03-31 16:00:00,2525.609217527789,0.0006709766404305715
2020-03-31 16:01:00,2527.548993376151,0.0006485171288766405
2020-03-31 16:02:00,2528.982056608645,0.0006405554295430296
2020-03-31 16:03:00,2529.6653412230253,0.0006512499984663043
2020-03-31 16:04:00,2530.9261859466556,0.0006617892998835676
2020-03-31 16:05:00,2529.1934197733417,0.0006885239326098079
2020-03-31 16:06:00,2528.497639605809,0.0006696766996761103
2020-03-31 16:07:00,2529.937803011405,0.0007232252988495701
2020-03-31 16:08:00,2528.442036479401,0.0007655080731274731
2020-03-31 16:09:00,2525.925479296255,0.0007721884502490354
2020-03-31 16:10:00,2527.6598256888137,0.0008244337060852959
2020-03-31 16:11:00,2528.6087018030657,0.0008067718246051262
2020-03-31 16:12:00,2527.3257338995118,0.0007899210097158137
2020-03-31 16:13:00,2525.141504233644,0.0007218188828965884
2020-03-31 16:14:00,2524.1155515081373,0.0007050801789325723
2020-03-31 16:15:00,2524.3902222815072,0.0006304791763418778
2020-03-31 16:16:00,2524.096245798751,0.0005860988291437387
2020-03-31 16:17:00,2523.955344888399,0.0005889110528155781
2020-03-31 16:18:00,2524.4802982471083,0.0006016177773609559
2020-03-31 16:19:00,2523.646636258112,0.0006164613696295264
2020-03-31 16:20:00,2522.294446044966,0.0005962583552688647
2020-03-31 16:21:00,2523.6402397181955,0.0005872198033975382
2020-03-31 16:22:00,2522.486913814494,0.0006146077294575012
2020-03-31 16:23:00,2524.0970173668616,0.0006292891032417582
2020-03-31 16:24:00,2526.3295169668313,0.0006081191174965196
2020-03-31 16:25:00,2526.1986680991376,0.0005787383043115838
2020-03-31 16:26:00,2527.9156245191034,0.0005368552748692241
2020-03-31 16:27:00,2525.352837981763,0.0005342891425763497
2020-03-31 16:28:00,2526.843386113377,0.0005295483814089537
2020-03-31 16:29:00,2527.4299507671835,0.000528386202409825
2020-03-31 16:30:00,2527.979379419872,0.0005238892396492649
2020-03-31 16:31:00,2527.8364769054097,0.000561450660626475
2020-03-31 16:32:00,2528.358667538292,0.0005459951798942334
2020-03-31 16:33:00,2530.5157497242067,0.000589561853766995
2020-03-31 16:34:00,2532.122488278322,0.0006233557528223702
2020-03-31 16:35:00,2531.3320327668666,0.0005806127027610191
2020-03-31 16:36:00,2533.0071970769877,0.0005550171552643276
2020-03-31 16:37:00,2532.145498308412,0.0005356032349011747
2020-03-31 16:38:00,2532.0392376017385,0.0005427562957556997
2020-03-31 16:39:00,2533.178329671632,0.0005576998889956093
2020-03-31 16:40:00,2536.316820678011,0.0005674963952785509
2020-03-31 16:41:00,2537.6511413851454,0.0005889325785816631
2020-03-31 16:42:00,2537.069683591444,0.0005568441084812733
2020-03-31 16:43:00,2537.530678450382,0.0005273361301788968
2020-03-31 16:44:00,2536.1285946245443,0.000478546329464085
2020-03-31 16:45:00,2535.3534821687126,0.00046104509167996114
2020-03-31 16:46:00,2536.8039765423705,0.0004223516405043379
2020-03-31 16:47:00,2538.265749024841,0.0004316745591585634
2020-03-31 16:48:00,2537.1818272446503,0.0004188483624386189
2020-03-31 16:49:00,2537.0790629986177,0.0004092294075535487
2020-03-31 16:50:00,2537.019346572302,0.00041162307349647346
2020-03-31 16:51:00,2536.9539953940985,0.0004394620011889685
2020-03-31 16:52:00,2538.1723216033524,0.00045762213633934116
2020-03-31 16:53:00,2537.644722152272,0.00048051273748067695
2020-03-31 16:54:00,2535.987527811048,0.00047230087719175455
2020-03-31 16:55:00,2536.616182523838,0.0004904816755834147
2020-03-31 16:56:00,2534.582292589036,0.0005197595244107587
2020-03-31 16:57:00,2533.614031364788,0.000490109040617229
2020-03-31 16:58:00,2533.722663249285,0.00045884659912144566
2020-03-31 16:59:00,2532.7412224054583,0.0004449279201085668
2020-03-31 17:00:00,2533.655907292275,0.0004664732601525559
2020-03-31 17:01:00,2533.235654544478,0.000473970080184788
2020-03-31 17:02:00,2533.9425743970114,0.0004872516392663786
2020-03-31 17:03:00,2533.594802615507,0.00048677531323766953
2020-03-31 17:04:00,2533.9677406132455,0.0005267297493928876
2020-03-31 17:05:00,2533.271440973914,0.0005231499579381319
2020-03-31 17:06:00,2533.591765951351,0.0005393443817836969
2020-03-31 17:07:00,2533.9521699775296,0.0005473714718201707
2020-03-31 17:08:00,2536.2340385758157,0.0005235868647108803
2020-03-31 17:09:00,2537.0760587714367,0.0005150495600798899
2020-03-31 17:10:00,2534.711881647982,0.0005030068948870686
2020-03-31 17:11:00,2532.7239166320587,0.0004941781979178668
2020-03-31 17:12:00,2534.271760261281,0.0005034890230829123
2020-03-31 17:13:00,2535.2597172312517,0.0004940285528697427
2020-03-31 17:14:00,2536.6449563180745,0.000512151268910573
2020-03-31 17:15:00,2536.033613417811,0.0005214878427851874
2020-03-31 17:16:00,2538.107811432793,0.000543792270744962
2020-03-31 17:17:00,2537.4064946788385,0.0005431172123206674
2020-03-31 17:18:00,2536.423197272521,0.0005455173593705573
2020-03-31 17:19:00,2535.3090529603624,0.0005466420212184625
2020-03-31 17:20:00,2533.58697052374,0.0005902910294014377
2020-03-31 17:21:00,2531.9357784375447,0.0005899895189122204
2020-03-31 17:22:00,2534.2336730507773,0.0005951361354802069
2020-03-31 17:23:00,2535.6639828489406,0.00059151106154626
2020-03-31 17:24:00,2535.7539629274916,0.0006229518726284806
2020-03-31 17:25:00,2537.8150064173246,0.0006443454179195975
2020-03-31 17:26:00,2535.530788940942,0.0006489257450615781
2020-03-31 17:27:00,2535.145307296453,0.0006496802483741142
2020-03-31 17:28:00,2534.9789453660856,0.0006237181401155648
2020-03-31 17:29:00,2533.0162239761953,0.0006128812352855317
2020-03-31 17:30:00,2533.6379696216695,0.0006015306347041886
2020-03-31 17:31:00,2533.545418408114,0.0006181925681543794
2020-03-31 17:32:00,2532.809613767689,0.0005917816832463989
2020-03-31 17:33:00,2531.0649834884807,0.0005615494722076377
2020-03-31 17:34:00,2531.7470824388965,0.0005518283959374094
2020-03-31 17:35:00,2532.7626402454644,0.0005809086070074044
2020-03-31 17:36:00,2530.835961332393,0.0005625897445588164
2020-03-31 17:37:00,2530.2071856105235,0.0005175938481658192
2020-03-31 17:38:00,2528.5215709638874,0.0005218761037696586
2020-03-31 17:39:00,2528.3919390980077,0.0005078119618349419
2020-03-31 17:40:00,2528.0791619550037,0.0005177593730436287
2020-03-31 17:41:00,2527.903662757497,0.0005385798206870663
2020-03-31 17:42:00,2528.1293417782463,0.0005691522640430477
2020-03-31 17:43:00,2529.901687947452,0.0005663522469600633
2020-03-31 17:44:00,2529.103645162062,0.0006068047389948225
2020-03-31 17:45:00,2527.650337552264,0.0005957550063856893
2020-03-31 17:46:00,2528.635620626952,0.0005925033005784834
2020-03-31 17:47:00,2528.964591441382,0.0006052111518331494
2020-03-31 17:48:00,2528.6340993959843,0.0006113677513629887
2020-03-31 17:49:00,2530.1944570778373,0.0005782868132437523
2020-03-31 17:50:00,2532.1891214941547,0.0005502363365140091
2020-03-31 17:51:00,2530.8313963383343,0.0005767578459616405
2020-03-31 17:52:00,2531.9143098171267,0.000606070010743207
2020-03-31 17:53:00,2533.6779746440398,0.0005809444650784991
2020-03-31 17:54:00,2533.2801098111095,0.0005547827791027519
2020-03-31 17:55:00,2533.384641027063,0.0005455749468108241
2020-03-31 17:56:00,2534.6040274493257,0.0005354348163159182
2020-03-31 17:57:00,2535.8968768726345,0.0005710665125230603
2020-03-31 17:58:00,2535.86331259682,0.0005422848388728711
2020-03-31 17:59:00,2535.887165371901,0.0004987216129224119
2020-03-31 18:00:00,2536.8334616998904,0.0005057915076236537
2020-03-31 18:01:00,2534.6045341240483,0.0005364263217616222
2020-03-31 18:02:00,2534.6943392334656,0.0005335448758357852
2020-03-31 18:03:00,2534.0297588142034,0.0005536693567379347
2020-03-31 18:04:00,2532.9279760182076,0.0005430156893900472
2020-03-31 18:05:00,2533.1832746466544,0.0005312245394924068
2020-03-31 18:06:00,2530.580780539766,0.0005255482085488085
2020-03-31 18:07:00,2532.022553584797,0.000552111029945659
2020-03-31 18:08:00,2529.926165190516,0.0005223935724806513
2020-03-31 18:09:00,2530.716255054372,0.000527429547380781
2020-03-31 18:10:00,2532.3244756924387,0.0005138740180152704
2020-03-31 18:11:00,2532.0157039369224,0.0005122238411366035
2020-03-31 18:12:00,2531.8550520311755,0.0005139008630019913
2020-03-31 18:13:00,2531.826739384769,0.00051223029497327
2020-03-31 18:14:00,2530.0597700264357,0.00047778865207278676
2020-03-31 18:15:00,2532.2295840944203,0.0005213301689578546
2020-03-31 18:16:00,2534.4507903693698,0.0005032565886174055
2020-03-31 18:17:00,2533.6348378356925,0.0005191532262359001
2020-03-31 18:18:00,2533.2215657668185,0.0005147715768903878
2020-03-31 18:19:00,2534.3466942830873,0.0005254982340717585
2020-03-31 18:20:00,2535.466070441054,0.0005128467587034571
2020-03-31 18:21:00,2534.016786632451,0.0005059754188590514
2020-03-31 18:22:00,2533.519721612981,0.0005073758626973487
2020-03-31 18:23:00,2532.473426381773,0.0005111634905583586
2020-03-31 18:24:00,2532.3202243515657,0.0005431953595007368
2020-03-31 18:25:00,2532.369630013139,0.000563361099754367
2020-03-31 18:26:00,2533.073769197921,0.0005608950118485718
2020-03-31 18:27:00,2532.8816662823574,0.000559606053496401
2020-03-31 18:28:00,2531.6269101063244,0.0005633975179067512
2020-03-31 18:29:00,2531.981031633483,0.0005822935935921444
2020-03-31 18:30:00,2532.061812663051,0.0005768460412419038
2020-03-31 18:31:00,2531.321228263035,0.0005707858450709
2020-03-31 18:32:00,2533.422282867708,0.0005582463616082935
2020-03-31 18:33:00,2534.3244621945296,0.0005836753294872514
2020-03-31 18:34:00,2532.7593876657293,0.0005739725660108146
2020-03-31 18:35:00,2530.871346628515,0.0006083981088913173
2020-03-31 18:36:00,2532.9954044961046,0.0006353189969851734
2020-03-31 18:37:00,2535.2603334605847,0.0006274257434713723
2020-03-31 18:38:00,2532.7583028330027,0.0006345913157450683
2020-03-31 18:39:00,2531.337320223055,0.0006125631081052045
2020-03-31 18:40:00,2529.9019875933104,0.0006268629753512871
2020-03-31 18:41:00,2529.3360766757737,0.0006388364661632157
2020-03-31 18:42:00,2529.9620876233657,0.0007009957285492119
2020-03-31 18:43:00,2532.1879850213622,0.0006996718815813005
2020-03-31 18:44:00,2533.888532070324,0.0007661090575795417
2020-03-31 18:45:00,2533.3212727002315,0.0007959680803013975
2020-03-31 18:46:00,2538.793993919987,0.0007916337816148867
2020-03-31 18:47:00,2542.9300175612166,0.0007931074274200842
2020-03-31 18:48:00,2542.6327379797885,0.0007877222485562479
2020-03-31 18:49:00,2539.809917026009,0.0008369681877215888
2020-03-31 18:50:00,2537.381443580495,0.0007960714352001049
2020-03-31 18:51:00,2536.0414304064934,0.00076578855585867
2020-03-31 18:52:00,2537.411855294889,0.0008054688269757859
2020-03-31 18:53:00,2539.3295161654323,0.0008070647571115999
2020-03-31 18:54:00,2537.1402946538356,0.0007980843427638872
2020-03-31 18:55:00,2537.076860499513,0.0007622890344316373
2020-03-31 18:56:00,2536.578578418846,0.0007834520695190304
2020-03-31 18:57:00,2537.1018683932252,0.0007464070718970728
2020-03-31 18:58:00,2540.0715588601215,0.0007237521754213917
2020-03-31 18:59:00,2540.678746476246,0.0006864717209945876
2020-03-31 19:00:00,2541.2345839478253,0.0006772531188046222
2020-03-31 19:01:00,2541.3216316494904,0.0006277063942780115
2020-03-31 19:02:00,2540.966018234277,0.0006379938603069507
2020-03-31 19:03:00,2537.5742607061825,0.0006362223889010912
2020-03-31 19:04:00,2536.4284048453787,0.000637786651997238
2020-03-31 19:05:00,2536.9432478706844,0.0006705563067648549
2020-03-31 19:06:00,2537.1519592808822,0.0007043529882511226
2020-03-31 19:07:00,2537.057163149321,0.0006798400755097696
2020-03-31 19:08:00,2535.8815843651782,0.0006936331867850234
2020-03-31 19:09:00,2536.0520906815846,0.000677266237640079
2020-03-31 19:10:00,2535.767076343924,0.0007046245595620663
2020-03-31 19:11:00,2532.990007673326,0.0006863208742344927
2020-03-31 19:12:00,2535.6014031774853,0.000685677537959781
2020-03-31 19:13:00,2536.097250854521,0.0007000776188960404
2020-03-31 19:14:00,2537.1495806836124,0.0007303474093103671
2020-03-31 19:15:00,2536.7311328110036,0.0006873394122511559
2020-03-31 19:16:00,2533.519655031657,0.0006727388857502615
2020-03-31 19:17:00,2533.216576138355,0.0006883542684591761
2020-03-31 19:18:00,2533.5806194320808,0.000665369536330544
2020-03-31 19:19:00,2532.562594532264,0.0006598111654549908
2020-03-31 19:20:00,2531.6107580324647,0.0006705627528327003
2020-03-31 19:21:00,2531.459747122557,0.0007267079984637278
2020-03-31 19:22:00,2530.3760387511606,0.0007468043672820874
2020-03-31 19:23:00,2532.102308670143,0.0007349897879535378
2020-03-31 19:24:00,2532.9222373380608,0.0007330653097756951
2020-03-31 19:25:00,2531.728026444019,0.0007288195326753565
2020-03-31 19:26:00,2531.3373887416888,0.00075151561517447
2020-03-31 19:27:00,2533.7660511498475,0.0007233981800504158
2020-03-31 19:28:00,2532.2346831768973,0.0006716849889427006
2020-03-31 19:29:00,2531.2263860691864,0.0006812045632397103
2020-03-31 19:30:00,2531.4567303866042,0.0006819951852926588
2020-03-31 19:31:00,2530.02119649374,0.0006293786449310603
2020-03-31 19:32:00,2528.9467175282452,0.000644581336342458
2020-03-31 19:33:00,2529.558292617679,0.0006505579522692253
2020-03-31 19:34:00,2527.1233534242638,0.0006290971520700586
2020-03-31 19:35:00,2526.527944647175,0.0006299800872290841
2020-03-31 19:36:00,2526.7836443034053,0.0006344145551879109
2020-03-31 19:37:00,2524.6446189936364,0.0006622822956093859
2020-03-31 19:38:00,2525.476419386075,0.0007266435921292162
2020-03-31 19:39:00,2526.6879203757726,0.0006658727081925208
2020-03-31 19:40:00,2527.2989242784,0.0006669278836044315
2020-03-31 19:41:00,2523.9957713103177,0.0006931381280243133
2020-03-31 19:42:00,2523.2254149137116,0.0007296173333257764
2020-03-31 19:43:00,2523.071114434774,0.0007009803598876965
2020-03-31 19:44:00,2522.112540030282,0.0007477360837015185
2020-03-31 19:45:00,2518.085373930905,0.0007732861607383758
2020-03-31 19:46:00,2522.4838151227505,0.0007496961251759876
2020-03-31 19:47:00,2523.305315638465,0.0007238286530993289
2020-03-31 19:48:00,2524.2724267198714,0.0007455008186172085
2020-03-31 19:49:00,2526.463516901511,0.0007511704362103246
2020-03-31 19:50:00,2526.630524265215,0.0007713944410240735
2020-03-31 19:51:00,2525.6659288870223,0.00082572834811075
2020-03-31 19:52:00,2526.5720445499105,0.0007924081947550986
2020-03-31 19:53:00,2526.498656146804,0.000762420967162333
2020-03-31 19:54:00,2523.5179133653933,0.0007597602940988273
2020-03-31 19:55:00,2523.2995016586838,0.000674516109259652
2020-03-31 19:56:00,2522.0411177939363,0.0006238659999856365
2020-03-31 19:57:00,2522.553168723107,0.0006068947463426603
2020-03-31 19:58:00,2521.15730170549,0.0006155387600629285
2020-03-31 19:59:00,2520.144557358645,0.0006192803419182712
2020-04-01 13:30:00,2522.073649513969,0.0006362341250457158
2020-04-01 13:31:00,2521.5915162865576,0.0006208611940075864
2020-04-01 13:32:00,2521.208596108069,0.0005943142376259418
2020-04-01 13:33:00,2519.087479342698,0.0006126039391135178
2020-04-01 13:34:00,2519.3263924318176,0.0006305637212052636
2020-04-01 13:35:00,2520.0523479336534,0.0006690579460098275
2020-04-01 13:36:00,2519.750218518914,0.0006616955240363625
2020-04-01 13:37:00,2519.551973804936,0.0006266596800684119
2020-04-01 13:38:00,2521.243428369008,0.000593949017093459
2020-04-01 13:39:00,2521.54419013183,0.0005839509701120207
2020-04-01 13:40:00,2520.2068097512115,0.0005856461451584148
2020-04-01 13:41:00,2519.609507557026,0.0005897737198331528
2020-04-01 13:42:00,2521.7862579389302,0.0005982639802898117
2020-04-01 13:43:00,2520.505101225733,0.0006133440510884004
2020-04-01 13:44:00,2520.495607232077,0.0006596922233980203
2020-04-01 13:45:00,2517.6968794194686,0.0006179574608009532
2020-04-01 13:46:00,2519.5483491307186,0.0006402511842513574
2020-04-01 13:47:00,2518.92378503276,0.0005896877289457466
2020-04-01 13:48:00,2520.997089510521,0.0005525929445972266
2020-04-01 13:49:00,2522.1226432699427,0.0005292032609638213
2020-04-01 13:50:00,2525.766508103743,0.0005447672612093466
2020-04-01 13:51:00,2523.882118531948,0.000539665334097634
2020-04-01 13:52:00,2523.428095242432,0.0004982728049464754
2020-04-01 13:53:00,2523.9504455277056,0.00047972887031245515
2020-04-01 13:54:00,2523.3360146635555,0.0004900946853085932
2020-04-01 13:55:00,2523.6029925876883,0.0005108792866205438
2020-04-01 13:56:00,2524.467169194625,0.0004909509544752429
2020-04-01 13:57:00,2524.7889480431827,0.0004951121470558215
2020-04-01 13:58:00,2522.831058563621,0.0004801816351970213
2020-04-01 13:59:00,2522.232578318654,0.0004925805131127294
2020-04-01 14:00:00,2522.917659671925,0.0004917775940953751
2020-04-01 14:01:00,2523.289067983825,0.0005155315570923856
2020-04-01 14:02:00,2522.9246566621077,0.0005218739352671306
2020-04-01 14:03:00,2522.7307277028917,0.0005059787893853905
2020-04-01 14:04:00,2522.7191701145107,0.0005307921627384129
2020-04-01 14:05:00,2523.450243076414,0.0005369510067648403
2020-04-01 14:06:00,2523.5385885445535,0.0005666895365284306
2020-04-01 14:07:00,2522.6636012178055,0.0005505213227237231
2020-04-01 14:08:00,2524.5568535493803,0.0005196082609177983
2020-04-01 14:09:00,2524.706373704358,0.000546047284635523
2020-04-01 14:10:00,2523.110885581983,0.0005528098971355336
2020-04-01 14:11:00,2520.772099981972,0.000561854752792049
2020-04-01 14:12:00,2519.4864874536715,0.0005456635645113497
2020-04-01 14:13:00,2519.002293120782,0.000552972564462963
2020-04-01 14:14:00,2521.992482070212,0.0005600837255781864
2020-04-01 14:15:00,2522.021710095966,0.0005719638355847433
2020-04-01 14:16:00,2519.7834694260087,0.0005869690359226058
2020-04-01 14:17:00,2519.973582391308,0.0005588242963401197
2020-04-01 14:18:00,2519.501608224536,0.0005760161500450479
2020-04-01 14:19:00,2523.3777450908383,0.0005777039193396796
2020-04-01 14:20:00,2522.887243262956,0.0005737978412460398
2020-04-01 14:21:00,2523.9506628965682,0.0005585757287037068
2020-04-01 14:22:00,2523.005551107876,0.0005318878687660588
2020-04-01 14:23:00,2521.7312204182826,0.0005493057275828554
2020-04-01 14:24:00,2519.2211330900263,0.0005549500086176325
2020-04-01 14:25:00,2520.135666665853,0.0005667862106358926
2020-04-01 14:26:00,2522.069371931988,0.0005813530365065859
2020-04-01 14:27:00,2521.358419697278,0.0006215769505906945
2020-04-01 14:28:00,2519.1512808504694,0.0005840024343338824
2020-04-01 14:29:00,2516.378233311304,0.0006148298845905144
2020-04-01 14:30:00,2514.2750939823536,0.0005917726684100793
2020-04-01 14:31:00,2513.90025387913,0.0005970917628795374
2020-04-01 14:32:00,2513.554406831023,0.000579751841863867
2020-04-01 14:33:00,2511.35685432112,0.000550565871468801
2020-04-01 14:34:00,2514.148636421939,0.000553332489178387
2020-04-01 14:35:00,2512.896260124015,0.0005684852927023349
2020-04-01 14:36:00,2511.276500286284,0.0005532433717708803
2020-04-01 14:37:00,2512.192297284131,0.0005325047548159868
2020-04-01 14:38:00,2513.789784639467,0.0005384075489078108
2020-04-01 14:39:00,2513.1336553630754,0.0005550675313325937
2020-04-01 14:40:00,2511.423482863602,0.0005577426618052732
2020-04-01 14:41:00,2513.0818923612633,0.000593305908734901
2020-04-01 14:42:00,2513.28070263429,0.0005973714666673939
2020-04-01 14:43:00,2515.231097585883,0.0005760645341048856
2020-04-01 14:44:00,2514.889909662743,0.0005496044412635963
2020-04-01 14:45:00,2514.71787639626,0.0005425975854801636
2020-04-01 14:46:00,2512.499080539323,0.0005417681112891334
2020-04-01 14:47:00,2511.141783988217,0.000544374693966092
2020-04-01 14:48:00,2511.911469009877,0.0005252567830551439
2020-04-01 14:49:00,2511.233901278153,0.000515704630374211
2020-04-01 14:50:00,2512.9349178414445,0.0005152601859091648
2020-04-01 14:51:00,2512.370233018746,0.0005761247499031718
2020-04-01 14:52:00,2512.048782072767,0.0005627358293444469
2020-04-01 14:53:00,2511.4662917133405,0.0005145129270009307
2020-04-01 14:54:00,2512.235844953347,0.0004950393221587302
2020-04-01 14:55:00,2512.871768085454,0.0004964634878854589
2020-04-01 14:56:00,2510.4063025432893,0.0004994041446978838
2020-04-01 14:57:00,2512.0792355754143,0.0005141095449186575
2020-04-01 14:58:00,2512.961648277275,0.0004918731487384173
2020-04-01 14:59:00,2512.1082673957935,0.0005154700393743639
2020-04-01 15:00:00,2513.568099537432,0.0005162410034802535
2020-04-01 15:01:00,2513.9774554245264,0.0005111222747255654
2020-04-01 15:02:00,2514.7757822367266,0.0005013594158960538
2020-04-01 15:03:00,2517.4657845385823,0.000494263464902822
2020-04-01 15:04:00,2516.451894498044,0.0004981974602155021
2020-04-01 15:05:00,2516.1798644809705,0.0004962174325292939
2020-04-01 15:06:00,2515.873231912231,0.0005023517786245868
2020-04-01 15:07:00,2516.8353989697016,0.0005285333069756897
2020-04-01 15:08:00,2515.559956290668,0.0005357307597085575
2020-04-01 15:09:00,2514.856949509063,0.0005303916947924564
2020-04-01 15:10:00,2512.9099536581007,0.0005425117156027992
2020-04-01 15:11:00,2515.9017926164224,0.00057415827198309
2020-04-01 15:12:00,2516.9655713799298,0.0005671962375165593
2020-04-01 15:13:00,2517.7393631399377,0.0005590290375518585
2020-04-01 15:14:00,2519.642289595622,0.0005433729665198458
2020-04-01 15:15:00,2520.3647722347523,0.000518335582861259
2020-04-01 15:16:00,2520.079671328745,0.0005306406750120869
2020-04-01 15:17:00,2520.5311845019255,0.0005322781832300011
2020-04-01 15:18:00,2520.6509704591494,0.0005505804896194257
2020-04-01 15:19:00,2517.830258284884,0.0005199577170403388
2020-04-01 15:20:00,2517.0497465161206,0.0004717457063327149
2020-04-01 15:21:00,2515.0618335626773,0.0005025137586073151
2020-04-01 15:22:00,2514.057965304091,0.00046455066620714315
2020-04-01 15:23:00,2515.7856308388323,0.00045166610928127
2020-04-01 15:24:00,2514.799581286967,0.00046232505602354185
2020-04-01 15:25:00,2515.0935362653927,0.00047068762521249106
2020-04-01 15:26:00,2512.318893169874,0.0004913329863302891
2020-04-01 15:27:00,2513.0578341217088,0.0005040244608145172
2020-04-01 15:28:00,2511.6044886178197,0.0005254759261755338
2020-04-01 15:29:00,2513.006915516121,0.0005174973426237093
2020-04-01 15:30:00,2514.585992768553,0.000523323451892256
2020-04-01 15:31:00,2517.72155267921,0.0005060499484889147
2020-04-01 15:32:00,2515.856757115414,0.0004777528843125766
2020-04-01 15:33:00,2515.566092101249,0.0005323236627076534
2020-04-01 15:34:00,2512.4216812760337,0.0005497400651453651
2020-04-01 15:35:00,2511.4935529246122,0.000558478438642456
2020-04-01 15:36:00,2511.875027486954,0.0005937378231551196
2020-04-01 15:37:00,2513.1123660227872,0.0006254637747937369
2020-04-01 15:38:00,2513.627860473497,0.0006463904694102876
2020-04-01 15:39:00,2514.412694800544,0.0005760976513561535
2020-04-01 15:40:00,2514.050589596457,0.0005740520459011728
2020-04-01 15:41:00,2511.168081564275,0.0005973551850102144
2020-04-01 15:42:00,2510.202293773776,0.0005833923656036736
2020-04-01 15:43:00,2508.13850873072,0.0006117268114498573
2020-04-01 15:44:00,2507.838097667342,0.0005675216307764819
2020-04-01 15:45:00,2505.8446612684156,0.0005780915535352477
2020-04-01 15:46:00,2505.7651060576436,0.0005705696750610461
2020-04-01 15:47:00,2505.71932962929,0.0005896179340636525
2020-04-01 15:48:00,2506.453930915837,0.0005933917105616751
2020-04-01 15:49:00,2506.4459498823967,0.0005659205057807613
2020-04-01 15:50:00,2507.230450519469,0.0005770744323218033
2020-04-01 15:51:00,2505.6840211778454,0.0005731917643021678
2020-04-01 15:52:00,2505.59757660322,0.000560895050944924
2020-04-01 15:53:00,2507.16776654536,0.0005489859412795805
2020-04-01 15:54:00,2507.201446453328,0.0004959790596018593
2020-04-01 15:55:00,2507.3966698278455,0.0004856432414556486
2020-04-01 15:56:00,2509.82981833756,0.00046449341314844684
2020-04-01 15:57:00,2509.0249792681157,0.0004577713999281655
2020-04-01 15:58:00,2510.3992099969937,0.0005176373050817341
2020-04-01 15:59:00,2510.976965796576,0.0005153989316503643
2020-04-01 16:00:00,2511.89205812821,0.000529510555093846
2020-04-01 16:01:00,2512.0786746931735,0.0005098389617608192
2020-04-01 16:02:00,2512.8746936806515,0.0004958856904076656
2020-04-01 16:03:00,2515.1048620521306,0.0005201284618378707
2020-04-01 16:04:00,2517.3387439697667,0.0005282727745904379
2020-04-01 16:05:00,2519.103190392851,0.000535828187660737
2020-04-01 16:06:00,2518.2576409215367,0.000494216615951493
2020-04-01 16:07:00,2518.054024272088,0.00048744364280714643
2020-04-01 16:08:00,2518.4661997352223,0.0005459759280515
2020-04-01 16:09:00,2519.10535377376,0.0005270538439989351
2020-04-01 16:10:00,2517.6781996287473,0.0005106997894760509
2020-04-01 16:11:00,2519.0543975055475,0.0005023631390291938
2020-04-01 16:12:00,2519.1322136751232,0.0005186033119680733
2020-04-01 16:13:00,2521.132600433773,0.0005487110589988281
2020-04-01 16:14:00,2522.10088155375,0.000611196343672369
2020-04-01 16:15:00,2520.3395036080015,0.0006418568172685774
2020-04-01 16:16:00,2521.3701068704618,0.0006766311760467011
2020-04-01 16:17:00,2521.2428047183234,0.0006768386703496125
2020-04-01 16:18:00,2519.162930652107,0.0006379504860352723
2020-04-01 16:19:00,2519.911103690415,0.0006151210456798856
2020-04-01 16:20:00,2516.6784974121165,0.0005952272717771863
2020-04-01 16:21:00,2515.868830638457,0.0006020132262779552
2020-04-01 16:22:00,2515.7433049041315,0.0006314268637438522
2020-04-01 16:23:00,2515.2281854679322,0.0006056112471195516
2020-04-01 16:24:00,2516.406847533006,0.0005884307219950448
2020-04-01 16:25:00,2516.6000619535534,0.0005850933650613912
2020-04-01 16:26:00,2516.2902287482193,0.0006026374186556012
2020-04-01 16:27:00,2514.9040365355017,0.0006008156305153852
2020-04-01 16:28:00,2514.3098583309975,0.0006015979213313952
2020-04-01 16:29:00,2516.004404018788,0.0006054930953777717
2020-04-01 16:30:00,2515.6494111984134,0.0005849345216611197
2020-04-01 16:31:00,2515.7128642429507,0.0006112626638546254
2020-04-01 16:32:00,2516.9349028055576,0.0005931326689277524
2020-04-01 16:33:00,2518.0493234406094,0.0006009896149158032
2020-04-01 16:34:00,2517.187440996659,0.0005782264514551935
2020-04-01 16:35:00,2515.7247181291755,0.0005376313715545442
2020-04-01 16:36:00,2515.3848418796606,0.0005351177299403952
2020-04-01 16:37:00,2514.757571535269,0.0005466198046295687
2020-04-01 16:38:00,2516.470645437335,0.0005232112741791079
2020-04-01 16:39:00,2515.126096753852,0.00048394896624245784
2020-04-01 16:40:00,2511.9774904491446,0.00045921595496770806
2020-04-01 16:41:00,2511.525029060621,0.0005177446551080711
2020-04-01 16:42:00,2510.4033966788393,0.0005048495471791696
2020-04-01 16:43:00,2510.206663066713,0.00048161662022811727
2020-04-01 16:44:00,2510.9075880265896,0.0004082816771132628
2020-04-01 16:45:00,2509.647495428729,0.00041894821650041025
2020-04-01 16:46:00,2509.0719768062936,0.0003783841519299182
2020-04-01 16:47:00,2509.7773554756927,0.0003974994669814565
2020-04-01 16:48:00,2509.6529853270554,0.00038882060475645055
2020-04-01 16:49:00,2509.612448407122,0.00039100321032092345
2020-04-01 16:50:00,2509.1533762825948,0.00036532983365634677
2020-04-01 16:51:00,2509.484007582702,0.0003666258922804538
2020-04-01 16:52:00,2508.5279241592825,0.00039622826934805296
2020-04-01 16:53:00,2508.6176737776027,0.0003652993007546249
2020-04-01 16:54:00,2508.893351218572,0.00036687363035598647
2020-04-01 16:55:00,2510.1076152465007,0.0003598685136831397
2020-04-01 16:56:00,2510.3855943193976,0.0003861663807409862
2020-04-01 16:57:00,2510.1477084024486,0.00039657516475281526
2020-04-01 16:58:00,2510.625671988297,0.0003972129297101811
2020-04-01 16:59:00,2511.9125899234273,0.0003838898185655218
2020-04-01 17:00:00,2512.1026806104574,0.00037537261333347706
2020-04-01 17:01:00,2513.9483779814486,0.0003753785513432418
2020-04-01 17:02:00,2514.845475279607,0.00035287344081705524
2020-04-01 17:03:00,2516.665280476182,0.0003494657800319291
2020-04-01 17:04:00,2515.604878930745,0.0003283235943181495
2020-04-01 17:05:00,2515.9358065927368,0.00034080528453936935
2020-04-01 17:06:00,2517.105361842818,0.0003242367377968975
2020-04-01 17:07:00,2517.7211641164254,0.0003329455585132191
2020-04-01 17:08:00,2516.7219099820136,0.0003288518058612527
2020-04-01 17:09:00,2516.7945953225294,0.00032469951787097117
2020-04-01 17:10:00,2516.6713951876845,0.00031892957139430125
2020-04-01 17:11:00,2515.8891108817575,0.00034109311013859567
2020-04-01 17:12:00,2515.629429671874,0.0003391257320044808
2020-04-01 17:13:00,2514.314903230015,0.0003259927035852928
2020-04-01 17:14:00,2513.886699497569,0.0003163502885265762
2020-04-01 17:15:00,2512.9141956773365,0.0003093666743065636
2020-04-01 17:16:00,2514.0064247273917,0.0003011801548156626
2020-04-01 17:17:00,2512.0156441340887,0.00030634730180552344
2020-04-01 17:18:00,2512.4535780565207,0.00030520179961249656
2020-04-01 17:19:00,2511.326706197933,0.0003185885552972357
2020-04-01 17:20:00,2511.4390362679164,0.0003234437317015796
2020-04-01 17:21:00,2513.065905383438,0.00030667025921692374
2020-04-01 17:22:00,2512.327453559481,0.0003074027669226699
2020-04-01 17:23:00,2513.066842855711,0.0003030965365743024
2020-04-01 17:24:00,2512.600928192681,0.0003054559215880216
2020-04-01 17:25:00,2512.44530947744,0.00030959295514666583
2020-04-01 17:26:00,2513.439783671713,0.00029978896550510316
2020-04-01 17:27:00,2513.240230023714,0.00029449540366458275
2020-04-01 17:28:00,2514.109823972111,0.0002795058335440423
2020-04-01 17:29:00,2514.1629652780102,0.00028422166610067616
2020-04-01 17:30:00,2514.5582919073404,0.0002804359704605103
2020-04-01 17:31:00,2514.1025235503134,0.0002764289088122748
2020-04-01 17:32:00,2514.2754349712427,0.00027985231509623814
2020-04-01 17:33:00,2512.499337193821,0.0002996246834153435
2020-04-01 17:34:00,2512.5587710124682,0.0003066856809816352
2020-04-01 17:35:00,2512.154771376689,0.00029348361955166554
2020-04-01 17:36:00,2511.299685400709,0.00029548268687881106
2020-04-01 17:37:00,2511.2478148032496,0.000283866364283532
2020-04-01 17:38:00,2512.059984778256,0.00028289812476064806
2020-04-01 17:39:00,2511.2989550128023,0.00027079717923431535
2020-04-01 17:40:00,2511.2352248686843,0.0002506254972829797
2020-04-01 17:41:00,2511.990841041012,0.00022954048430396567
2020-04-01 17:42:00,2512.0936881029684,0.00022799008206751423
2020-04-01 17:43:00,2511.639533205332,0.00023119010401487667
2020-04-01 17:44:00,2510.944548624076,0.00022253989358638957
2020-04-01 17:45:00,2510.119254729928,0.00020042434213403661
2020-04-01 17:46:00,2510.594154563654,0.00020611783146977302
2020-04-01 17:47:00,2510.848334679971,0.00021486280071046946
2020-04-01 17:48:00,2511.4851232273795,0.00022012446012635296
2020-04-01 17:49:00,2512.370429418626,0.00023321526353173845
2020-04-01 17:50:00,2511.2429618378164,0.00022829676768453395
2020-04-01 17:51:00,2510.4800045999086,0.00022592782020588965
2020-04-01 17:52:00,2510.2139690821273,0.00021632574559509439
2020-04-01 17:53:00,2510.9643072324434,0.00021892723734842276
2020-04-01 17:54:00,2510.2850575161965,0.00020669256760391392
2020-04-01 17:55:00,2509.525870976856,0.00021413138905089003
2020-04-01 17:56:00,2509.520172268146,0.0002388389462723971
2020-04-01 17:57:00,2508.3300672065693,0.00023346535436665104
2020-04-01 17:58:00,2507.300902746824,0.00022504160541045936
2020-04-01 17:59:00,2507.4391787246177,0.00022825848154655717
2020-04-01 18:00:00,2506.6163029580803,0.00023799428731168903
2020-04-01 18:01:00,2507.880963209567,0.00024274643507684243
2020-04-01 18:02:00,2507.7156057560937,0.0002562137700027716
2020-04-01 18:03:00,2506.749323501619,0.0002640647202487193
2020-04-01 18:04:00,2506.3773093587465,0.00026299810680006886
2020-04-01 18:05:00,2507.1901815615124,0.00026080881205018086
2020-04-01 18:06:00,2506.2399177097695,0.00028004265649317394
2020-04-01 18:07:00,2507.370464894338,0.000284250564017406
2020-04-01 18:08:00,2506.721049932232,0.00029864263488985044
2020-04-01 18:09:00,2505.0682830427504,0.00030305973044909845
2020-04-01 18:10:00,2505.5348587143817,0.0003069006644944175
2020-04-01 18:11:00,2505.4704200125097,0.00031705518037344085
2020-04-01 18:12:00,2506.0505794388723,0.00031951730415539413
2020-04-01 18:13:00,2505.2026594884087,0.00032383144335518135
2020-04-01 18:14:00,2504.3081009597227,0.0002955536599240176
2020-04-01 18:15:00,2503.968885000362,0.00028567888212467044
2020-04-01 18:16:00,2504.07729746161,0.0002719210449432664
2020-04-01 18:17:00,2504.1879014994706,0.00025741180089416087
2020-04-01 18:18:00,2504.9294329379522,0.00026783584179108997
2020-04-01 18:19:00,2504.6474982973264,0.00025790195543193913
2020-04-01 18:20:00,2503.72244591604,0.0002451665757415738
2020-04-01 18:21:00,2502.7675065362014,0.00022941038606147498
2020-04-01 18:22:00,2502.1344157942945,0.00022756913135424451
2020-04-01 18:23:00,2502.6741113218663,0.00023283896771023472
2020-04-01 18:24:00,2503.096321340137,0.00024026767999403247
2020-04-01 18:25:00,2502.460228527604,0.00023451494511692652
2020-04-01 18:26:00,2502.17765349047,0.00024198767952480525
2020-04-01 18:27:00,2502.4130008362526,0.00023565016807635837
2020-04-01 18:28:00,2502.5315561482016,0.00023205145776989644
2020-04-01 18:29:00,2502.044560911681,0.00024035685428261175
2020-04-01 18:30:00,2501.440952606589,0.00024947939268712743
2020-04-01 18:31:00,2501.9319345182184,0.0002469897161702101
2020-04-01 18:32:00,2501.797813872789,0.00021973304991627546
2020-04-01 18:33:00,2501.328837759558,0.0002107741071829906
2020-04-01 18:34:00,2501.6687354804412,0.00021781920805722922
2020-04-01 18:35:00,2501.7760672393447,0.00023377050825570893
2020-04-01 18:36:00,2501.5423255942706,0.0002394198640083095
2020-04-01 18:37:00,2501.9637702687037,0.00023528827575325666
2020-04-01 18:38:00,2501.396826048252,0.00022668076311934543
2020-04-01 18:39:00,2500.1052180312518,0.00021878306150228033
2020-04-01 18:40:00,2499.5791756893227,0.00021441097943641956
2020-04-01 18:41:00,2500.4976139326254,0.00020709955079470594
2020-04-01 18:42:00,2500.7705430204637,0.00020706980997905542
2020-04-01 18:43:00,2500.5833622382606,0.00019834715137264635
2020-04-01 18:44:00,2501.2141459657737,0.00019134892499179942
2020-04-01 18:45:00,2501.495357348985,0.00020424592365209286
2020-04-01 18:46:00,2501.4875221525344,0.00021771397885112523
2020-04-01 18:47:00,2502.0618676721638,0.00022225134896146302
2020-04-01 18:48:00,2502.2024348503437,0.00022302068941484725
2020-04-01 18:49:00,2502.7516332393593,0.0002316614996283441
2020-04-01 18:50:00,2502.876083890185,0.0002166189972969281
2020-04-01 18:51:00,2502.58092239011,0.00020504832023725646
2020-04-01 18:52:00,2502.371188907335,0.00021617314776278004
2020-04-01 18:53:00,2502.435828154113,0.0002232276360902645
2020-04-01 18:54:00,2502.3461148906317,0.00021803577297661668
2020-04-01 18:55:00,2502.2805238200212,0.00021841523655420097
2020-04-01 18:56:00,2502.1525376642207,0.00022896886236789334
2020-04-01 18:57:00,2501.9943079870536,0.0002248258891106484
2020-04-01 18:58:00,2501.5052174921193,0.00022598786175532325
2020-04-01 18:59:00,2501.3110422214822,0.0002403614558005848
2020-04-01 19:00:00,2499.8217927663404,0.0002276401445167463
2020-04-01 19:01:00,2500.156028733449,0.0002165115224900305
2020-04-01 19:02:00,2499.8385578319744,0.00021428622290319745
2020-04-01 19:03:00,2498.2894188705664,0.00021216394932245154
2020-04-01 19:04:00,2498.2646591956054,0.00021046176929806864
2020-04-01 19:05:00,2497.9650286229426,0.0002232364836760944
2020-04-01 19:06:00,2498.0393147890827,0.00022775585168668887
2020-04-01 19:07:00,2497.797775146593,0.00022488733830091943
2020-04-01 19:08:00,2498.433553673832,0.00023453583203409325
2020-04-01 19:09:00,2498.7387041273932,0.0002449746925069589
2020-04-01 19:10:00,2498.6830408416445,0.00024006943543043236
2020-04-01 19:11:00,2497.9789088203397,0.00022510057261696336
2020-04-01 19:12:00,2497.838746002586,0.00023880422680887695
2020-04-01 19:13:00,2497.3729795756744,0.00023760864260525795
2020-04-01 19:14:00,2496.7850531078952,0.00024211031687720655
2020-04-01 19:15:00,2497.4377067117457,0.00025483342057266225
2020-04-01 19:16:00,2496.67080985909,0.0002684683148806436
2020-04-01 19:17:00,2497.2218476830863,0.00029643056962044405
2020-04-01 19:18:00,2496.1432614038595,0.00030420837709390535
2020-04-01 19:19:00,2496.9047524010803,0.0003150991961356244
2020-04-01 19:20:00,2496.409703346684,0.0003353594335442476
2020-04-01 19:21:00,2494.9888184840074,0.00034353052002992595
2020-04-01 19:22:00,2493.5613036299683,0.0003519904711348552
2020-04-01 19:23:00,2493.87610585697,0.0003237855638110216
2020-04-01 19:24:00,2493.8870663019793,0.00032638620628072234
2020-04-01 19:25:00,2493.801004292141,0.00030996404853899696
2020-04-01 19:26:00,2493.9067521226534,0.00031629433598457524
2020-04-01 19:27:00,2493.3594298656703,0.0003301976801334724
2020-04-01 19:28:00,2492.7460865016456,0.00030576224547483523
2020-04-01 19:29:00,2492.551144425527,0.0003041793877228466
2020-04-01 19:30:00,2492.796947583216,0.00029873660651529813
2020-04-01 19:31:00,2492.338413473465,0.00027685954453646124
2020-04-01 19:32:00,2491.9049819676047,0.0002706096272744828
2020-04-01 19:33:00,2492.216080484868,0.0002824872436186066
2020-04-01 19:34:00,2492.6276199111203,0.0002615461441653346
2020-04-01 19:35:00,2492.059969533381,0.0002520185117861755
2020-04-01 19:36:00,2491.6104800636117,0.0002540650963893796
2020-04-01 19:37:00,2491.348353394983,0.0002530338824118571
2020-04-01 19:38:00,2491.62361887196,0.0002538627388372331
2020-04-01 19:39:00,2491.8452667775955,0.00023824827555381378
2020-04-01 19:40:00,2492.4002421559244,0.00023190876386052682
2020-04-01 19:41:00,2492.9034039415506,0.0002357932111521631
2020-04-01 19:42:00,2492.8730728525993,0.0002287989864748083
2020-04-01 19:43:00,2492.2325624126006,0.0002365593267740664
2020-04-01 19:44:00,2493.751577578888,0.0002325854737801968
2020-04-01 19:45:00,2493.6850210160283,0.00023119176515034765
2020-04-01 19:46:00,2494.3714834993766,0.0002294893427337978
2020-04-01 19:47:00,2493.765645490503,0.00022359566344289027
2020-04-01 19:48:00,2493.1491150599622,0.00023284473329611
2020-04-01 19:49:00,2492.80081596982,0.00022668577896634964
2020-04-01 19:50:00,2492.9735916972745,0.00022635785984431709
2020-04-01 19:51:00,2492.8965420546433,0.00022828296567088167
2020-04-01 19:52:00,2491.975003596853,0.00023604799258365426
2020-04-01 19:53:00,2491.5432123189867,0.00023547679433204746
2020-04-01 19:54:00,2490.4772262566344,0.00022829214679403383
2020-04-01 19:55:00,2490.5321212299773,0.0002344850513599876
2020-04-01 19:56:00,2489.449061033347,0.00024003210838667558
2020-04-01 19:57:00,2488.7252888848275,0.000260994619960626
2020-04-01 19:58:00,2488.5988469275076,0.000263065446313554
2020-04-01 19:59:00,2487.461443100883,0.00024721264522936876
2020-04-02 13:30:00,2499.952842537158,0.0002261570061208241
2020-04-02 13:31:00,2500.337251575762,0.00021374106918741796
2020-04-02 13:32:00,2500.479843119357,0.00021077896347348115
2020-04-02 13:33:00,2500.5164601891183,0.00020554610346828488
2020-04-02 13:34:00,2500.6043747026156,0.00019540674284041783
2020-04-02 13:35:00,2500.2520822901665,0.0001966257874585629
2020-04-02 13:36:00,2500.420911385033,0.0001864487191169064
2020-04-02 13:37:00,2499.8952796854733,0.00017019104498423792
2020-04-02 13:38:00,2500.3156885338904,0.00017406023590323772
2020-04-02 13:39:00,2500.5752018117655,0.00015660016943731746
2020-04-02 13:40:00,2500.5264475289955,0.00016519676394800194
2020-04-02 13:41:00,2500.1735897359617,0.00017038582522274658
2020-04-02 13:42:00,2499.6587371212254,0.000169866205537736
2020-04-02 13:43:00,2499.402416500207,0.0001718934887566565
2020-04-02 13:44:00,2499.611132881974,0.00017461071328784704
2020-04-02 13:45:00,2500.396066466806,0.00017956377245732693
2020-04-02 13:46:00,2500.3304610516066,0.00016606823563302019
2020-04-02 13:47:00,2500.6987280774847,0.0001613049347130441
2020-04-02 13:48:00,2499.8926370023755,0.0001574071443238113
2020-04-02 13:49:00,2500.2336341251275,0.00015773594305907088
2020-04-02 13:50:00,2500.2150200385186,0.00016572708850113327
2020-04-02 13:51:00,2499.939727683687,0.0001616371548337576
2020-04-02 13:52:00,2500.2238253273413,0.00014689101069586353
2020-04-02 13:53:00,2499.9778938942795,0.0001452112334461516
2020-04-02 13:54:00,2500.12439754862,0.000146598826179636
2020-04-02 13:55:00,2499.7886484298506,0.00013016170941225664
2020-04-02 13:56:00,2500.274151828077,0.0001317084851285843
2020-04-02 13:57:00,2500.3217866567934,0.0001283553106044492
2020-04-02 13:58:00,2500.1776349338293,0.00013202974768951683
2020-04-02 13:59:00,2500.247223734599,0.00013864191524353645
2020-04-02 14:00:00,2499.9996827475175,0.00014474456763066262
2020-04-02 14:01:00,2499.8218406300634,0.00015050603064846755
2020-04-02 14:02:00,2499.1411474790707,0.00015262917955243555
2020-04-02 14:03:00,2499.191234600309,0.00014687191331195454
2020-04-02 14:04:00,2499.3389820913417,0.00015583843496309963
2020-04-02 14:05:00,2499.57997681577,0.00016870431423223056
2020-04-02 14:06:00,2499.339704092986,0.00016195660039485364
2020-04-02 14:07:00,2499.073983941963,0.00015387913646537898
2020-04-02 14:08:00,2499.226542771334,0.00015605978665550658
2020-04-02 14:09:00,2499.387771678125,0.0001625915113103405
2020-04-02 14:10:00,2499.622052593076,0.00016244681364615824
2020-04-02 14:11:00,2499.976099912219,0.00017134582947488165
2020-04-02 14:12:00,2500.207174760382,0.00017151004254882535
2020-04-02 14:13:00,2499.8639064871336,0.00015582267248168965
2020-04-02 14:14:00,2500.4655550095395,0.0001578723011266611
2020-04-02 14:15:00,2499.642177491624,0.00016442826759570223
2020-04-02 14:16:00,2499.66331744526,0.00016649632198692177
2020-04-02 14:17:00,2499.7487688666943,0.0001709760497380133
2020-04-02 14:18:00,2499.7204297952635,0.00017655643208724768
2020-04-02 14:19:00,2500.2440057899144,0.00018593544633989636
2020-04-02 14:20:00,2500.2506417813906,0.00017966814636565542
2020-04-02 14:21:00,2500.4524056304595,0.0001798006758138209
2020-04-02 14:22:00,2500.4056844743254,0.00018083785289877625
2020-04-02 14:23:00,2500.3148778843893,0.00016559416678319096
2020-04-02 14:24:00,2499.495326390072,0.0001551378526896231
2020-04-02 14:25:00,2498.957648255971,0.00015510388169356573
2020-04-02 14:26:00,2499.4501510605432,0.0001470593868387174
2020-04-02 14:27:00,2499.360137722848,0.00014804428271038308
2020-04-02 14:28:00,2499.09441868811,0.00014544878557388595
2020-04-02 14:29:00,2498.7129633962313,0.00014006820504552022
2020-04-02 14:30:00,2498.720589944322,0.00014085359182315762
2020-04-02 14:31:00,2498.7705206544915,0.00013279669923952522
2020-04-02 14:32:00,2498.271565013711,0.00013740278478593495
2020-04-02 14:33:00,2498.24087200695,0.0001292178251119959
2020-04-02 14:34:00,2498.162315317258,0.00013685910617156717
2020-04-02 14:35:00,2498.1438173943025,0.0001365515414425822
2020-04-02 14:36:00,2497.9080490460897,0.0001454686076299312
2020-04-02 14:37:00,2497.5898204724335,0.00014405942290263572
2020-04-02 14:38:00,2497.203505326331,0.0001454384646765747
2020-04-02 14:39:00,2497.6262008681856,0.0001525611264873303
2020-04-02 14:40:00,2497.7326624658203,0.0001551093505508058
2020-04-02 14:41:00,2497.9279916330197,0.00016978356970638475
2020-04-02 14:42:00,2498.2533219022484,0.00017599065794301748
2020-04-02 14:43:00,2497.9502044723063,0.0001844648834046442
2020-04-02 14:44:00,2497.9947327578116,0.00019829406436329278
2020-04-02 14:45:00,2498.44121753144,0.00020933377240646054
2020-04-02 14:46:00,2498.3068358155383,0.00021827040291732853
2020-04-02 14:47:00,2498.4999917053583,0.00021007894855836493
2020-04-02 14:48:00,2498.2444350134074,0.00022155993874640274
2020-04-02 14:49:00,2497.7530219159166,0.00020209337365931202
2020-04-02 14:50:00,2497.983627198356,0.00018756005538632915
2020-04-02 14:51:00,2497.692474309871,0.00017994328276538146
2020-04-02 14:52:00,2497.44066870401,0.00019197493237311117
2020-04-02 14:53:00,2496.8698813157644,0.00019933903534566702
2020-04-02 14:54:00,2497.349821594255,0.00020785423266633785
2020-04-02 14:55:00,2496.7443391909464,0.00021158773693651111
2020-04-02 14:56:00,2496.6590634475874,0.00020365647199752513
2020-04-02 14:57:00,2495.577441120311,0.00019517655556921772
2020-04-02 14:58:00,2495.2898188725894,0.00020136610722486033
2020-04-02 14:59:00,2495.516777809047,0.00019308054113439366
2020-04-02 15:00:00,2495.549988336971,0.0001939594192494145
2020-04-02 15:01:00,2495.5287251863897,0.00020440761466520755
2020-04-02 15:02:00,2494.9395257636106,0.00021583477241746322
2020-04-02 15:03:00,2495.346433590314,0.00023088226849225929
2020-04-02 15:04:00,2495.1380117849717,0.0002308394384088473
2020-04-02 15:05:00,2495.723195968024,0.00025047432640465156
2020-04-02 15:06:00,2495.7648120876497,0.00023370299886320246
2020-04-02 15:07:00,2496.5414649419995,0.0002404298301154475
2020-04-02 15:08:00,2495.9955041344406,0.00027449530022977933
2020-04-02 15:09:00,2495.987597634301,0.00028012302318647424
2020-04-02 15:10:00,2496.0084230698553,0.0002831822859449227
2020-04-02 15:11:00,2496.7161470845595,0.00027252841579169254
2020-04-02 15:12:00,2497.0468932965064,0.0002595378073507154
2020-04-02 15:13:00,2498.0012069260156,0.00026533943361832957
2020-04-02 15:14:00,2498.1796421313616,0.00025961062604460387
2020-04-02 15:15:00,2499.1210261837828,0.00026140839018070093
2020-04-02 15:16:00,2499.7433794394806,0.0002635247629518586
2020-04-02 15:17:00,2498.9397750739363,0.00026538387923087946
2020-04-02 15:18:00,2499.1042763158016,0.0002560004769678275
2020-04-02 15:19:00,2498.220859469974,0.00024951418203685504
2020-04-02 15:20:00,2498.9221712692024,0.0002674447668024733
2020-04-02 15:21:00,2497.7398551985807,0.00025900361332704394
2020-04-02 15:22:00,2498.513731711878,0.00025585292024507794
2020-04-02 15:23:00,2497.78517258736,0.00026094432452966344
2020-04-02 15:24:00,2497.093925374442,0.0002730578451005653
2020-04-02 15:25:00,2496.935996296016,0.00027657430102659403
2020-04-02 15:26:00,2497.299424889847,0.00029054926740767985
2020-04-02 15:27:00,2498.1788925146398,0.0002849458036473422
2020-04-02 15:28:00,2498.4344993938644,0.00025707459558035596
2020-04-02 15:29:00,2498.2380547221687,0.00026647416183789443
2020-04-02 15:30:00,2499.603757363542,0.00025639940466562136
2020-04-02 15:31:00,2498.971539479476,0.0002532886154385984
2020-04-02 15:32:00,2499.1249808770312,0.0002541660740078161
2020-04-02 15:33:00,2498.7256667685438,0.00024153084600587278
2020-04-02 15:34:00,2499.050876237248,0.0002594783190776627
2020-04-02 15:35:00,2499.1311820391247,0.00027307030676349453
2020-04-02 15:36:00,2498.5679574745322,0.00029921317858069705
2020-04-02 15:37:00,2498.505388220145,0.00028629263018632294
2020-04-02 15:38:00,2499.2800595046047,0.0002857766605832472
2020-04-02 15:39:00,2499.2485362579137,0.00029809658143894953
2020-04-02 15:40:00,2499.0809754656702,0.0002867284796970952
2020-04-02 15:41:00,2499.583041137922,0.000307391049901885
2020-04-02 15:42:00,2498.547238497849,0.0003211519489719897
2020-04-02 15:43:00,2498.0486277148584,0.00032465255491467967
2020-04-02 15:44:00,2498.0682731099228,0.0003255335979954356
2020-04-02 15:45:00,2498.5755877144,0.00032906477949639707
2020-04-02 15:46:00,2497.9760404452413,0.0003523454337681708
2020-04-02 15:47:00,2499.4189718723046,0.00036392552740975256
2020-04-02 15:48:00,2499.043374197825,0.000376156422635295
2020-04-02 15:49:00,2499.9515869905676,0.00035834043194789034
2020-04-02 15:50:00,2500.972680992129,0.00036702658856750057
2020-04-02 15:51:00,2500.063085089927,0.00036099126846275296
2020-04-02 15:52:00,2500.706700910991,0.0003661881404824307
2020-04-02 15:53:00,2501.8610704894577,0.00038974422167572555
2020-04-02 15:54:00,2502.771856441102,0.0003846139782041736
2020-04-02 15:55:00,2500.812677431585,0.000389774921049041
2020-04-02 15:56:00,2500.743286411988,0.0003704659484435114
2020-04-02 15:57:00,2501.699406392153,0.00040271276162244426
2020-04-02 15:58:00,2501.8312645981505,0.00040346235377389456
2020-04-02 15:59:00,2502.065435163088,0.0004084809519494701
2020-04-02 16:00:00,2501.570302700425,0.00042681878151683945
2020-04-02 16:01:00,2499.900482288593,0.0004668665409266672
2020-04-02 16:02:00,2500.758940848505,0.00047502570021141626
2020-04-02 16:03:00,2500.0230891472224,0.0004763879145882701
2020-04-02 16:04:00,2498.931637668299,0.0004914081621132611
2020-04-02 16:05:00,2497.684856698112,0.00045750544336752084
2020-04-02 16:06:00,2496.774906032302,0.0005056196420140997
2020-04-02 16:07:00,2496.712209166333,0.0005281244026192943
2020-04-02 16:08:00,2495.1192229325857,0.000535724849582162
2020-04-02 16:09:00,2495.2323821336313,0.0005098136237844845
2020-04-02 16:10:00,2496.150878454147,0.0004902260912946107
2020-04-02 16:11:00,2495.875919764811,0.0005130482435131929
2020-04-02 16:12:00,2495.0929030962257,0.0004998298870188448
2020-04-02 16:13:00,2497.2992696075767,0.0005178028434286205
2020-04-02 16:14:00,2499.0013451214595,0.0004903475398423097
2020-04-02 16:15:00,2499.382854337208,0.0004800376876864111
2020-04-02 16:16:00,2500.482160508065,0.000473296835879094
2020-04-02 16:17:00,2501.867574143574,0.0004618088619845507
2020-04-02 16:18:00,2500.592845226189,0.0004849824635916211
2020-04-02 16:19:00,2499.225955841444,0.00047801838883440226
2020-04-02 16:20:00,2500.6373907356756,0.0004775828852754001
2020-04-02 16:21:00,2500.441056869264,0.0004925856832905954
2020-04-02 16:22:00,2498.1622355129016,0.00050887039838877
2020-04-02 16:23:00,2499.305004881517,0.00048280750836592144
2020-04-02 16:24:00,2499.2894705101958,0.0004829628706433464
2020-04-02 16:25:00,2500.070071626046,0.0005024711792123375
2020-04-02 16:26:00,2499.776870241197,0.0005210700383383147
2020-04-02 16:27:00,2496.578632649442,0.0004861928641749696
2020-04-02 16:28:00,2497.2123465065883,0.0005024595404408075
2020-04-02 16:29:00,2497.1735772140073,0.0004840357158227263
2020-04-02 16:30:00,2495.514627026184,0.00046497026114787393
2020-04-02 16:31:00,2495.053808662379,0.0004508454494708339
2020-04-02 16:32:00,2495.0662546949998,0.00044720172047748273
2020-04-02 16:33:00,2496.424011796179,0.0004435994660233888
2020-04-02 16:34:00,2498.3070879150614,0.0004491204552798233
2020-04-02 16:35:00,2498.077958077268,0.0004436498520169625
2020-04-02 16:36:00,2496.5997768231814,0.00041814467720043257
2020-04-02 16:37:00,2497.8272371214057,0.0004266385922283962
2020-04-02 16:38:00,2497.7300649736353,0.0004149125607921872
2020-04-02 16:39:00,2496.2889731086066,0.000403653652361841
2020-04-02 16:40:00,2496.7394515004044,0.00043047535342159536
2020-04-02 16:41:00,2495.4194953793517,0.0004427356007595506
2020-04-02 16:42:00,2496.098589570778,0.00044223210078042153
2020-04-02 16:43:00,2495.3621922281973,0.0004634090426180076
2020-04-02 16:44:00,2495.6955018062777,0.00045403973705901896
2020-04-02 16:45:00,2494.318702740535,0.00045752918957282497
2020-04-02 16:46:00,2494.8355789858724,0.0004935174951736229
2020-04-02 16:47:00,2492.923563674924,0.0005199583157210769
2020-04-02 16:48:00,2494.229034517156,0.0005195666882096853
2020-04-02 16:49:00,2494.630062379696,0.0005546654529199267
2020-04-02 16:50:00,2493.320764231203,0.0005725522032219688
2020-04-02 16:51:00,2492.3605079624963,0.0005613663263939669
2020-04-02 16:52:00,2492.9449755894016,0.0005585399821662334
2020-04-02 16:53:00,2494.434414264055,0.0005663560825894329
2020-04-02 16:54:00,2494.487489533196,0.000544525373187533
2020-04-02 16:55:00,2495.2579360639193,0.0005483115346879462
2020-04-02 16:56:00,2494.1325111605042,0.0005740402788597787
2020-04-02 16:57:00,2494.092723185439,0.0005375401253608946
2020-04-02 16:58:00,2494.4384794091206,0.0005516777968332208
2020-04-02 16:59:00,2492.422090783905,0.0005827604502715402
2020-04-02 17:00:00,2493.1729192172456,0.0006034585170758527
2020-04-02 17:01:00,2492.4359362601976,0.0005897083788166766
2020-04-02 17:02:00,2489.7969078173523,0.0006270799549043663
2020-04-02 17:03:00,2490.5528341361633,0.0006245520989871928
2020-04-02 17:04:00,2490.704870084268,0.0006884521373153773
2020-04-02 17:05:00,2490.9213106001043,0.000668591592770282
2020-04-02 17:06:00,2490.2216119839895,0.0006721605126358242
2020-04-02 17:07:00,2490.9282416512283,0.0006700936010254846
2020-04-02 17:08:00,2490.338923692153,0.0007010717598639629
2020-04-02 17:09:00,2488.620955766792,0.0007188633478531552
2020-04-02 17:10:00,2486.71117795036,0.0007072055793210482
2020-04-02 17:11:00,2484.6163689257796,0.0006898484662933647
2020-04-02 17:12:00,2483.5482145253372,0.0006960126967145432
2020-04-02 17:13:00,2483.4887936614523,0.000712607068194087
2020-04-02 17:14:00,2486.0948558500463,0.0006684480129055819
2020-04-02 17:15:00,2487.0431556289905,0.0006970725956046162
2020-04-02 17:16:00,2488.2242607389207,0.0007349759819643405
2020-04-02 17:17:00,2488.674899891567,0.0007147980612766471
2020-04-02 17:18:00,2490.9039883418864,0.0007060519917073064
2020-04-02 17:19:00,2490.2671919882273,0.0006768164338256057
2020-04-02 17:20:00,2487.5755845722992,0.0006831997040061038
2020-04-02 17:21:00,2484.629843408071,0.0006975290170563729
2020-04-02 17:22:00,2486.6912272175036,0.000668695831128585
2020-04-02 17:23:00,2487.4105551327434,0.0006370803023838112
2020-04-02 17:24:00,2487.717970238216,0.0006341646880329571
2020-04-02 17:25:00,2486.2733617710146,0.0006380005667416652
2020-04-02 17:26:00,2484.2706736390624,0.0006014086600249334
2020-04-02 17:27:00,2484.922726242695,0.0006132769823304483
2020-04-02 17:28:00,2484.1412806239723,0.000621106442635949
2020-04-02 17:29:00,2485.3660038423723,0.0006295762371115031
2020-04-02 17:30:00,2483.8634261921234,0.0006063942413009998
2020-04-02 17:31:00,2484.659616885133,0.0005852452978375685
2020-04-02 17:32:00,2483.470145157061,0.000583384979998887
2020-04-02 17:33:00,2484.134633589586,0.000570811917578171
2020-04-02 17:34:00,2484.576045043991,0.0006238747976904967
2020-04-02 17:35:00,2482.248123045488,0.000598272868318154
2020-04-02 17:36:00,2477.5313311310056,0.0005563967503420588
2020-04-02 17:37:00,2476.809715320332,0.0006370637384065205
2020-04-02 17:38:00,2475.3007735733113,0.0006105652412239892
2020-04-02 17:39:00,2477.0383365192442,0.0006387567060274394
2020-04-02 17:40:00,2477.431985698136,0.0006247466824347451
2020-04-02 17:41:00,2476.5505989457465,0.0006167167840816488
2020-04-02 17:42:00,2478.1450509306337,0.000642941706693572
2020-04-02 17:43:00,2478.0575339755005,0.0006198790336657965
2020-04-02 17:44:00,2478.2852839352754,0.0005686343993148363
2020-04-02 17:45:00,2477.9159452306853,0.0005931372785646053
2020-04-02 17:46:00,2477.4358821719397,0.000593876276506547
2020-04-02 17:47:00,2474.3286941207434,0.0005648552669691242
2020-04-02 17:48:00,2475.8407121674427,0.0005728219179187704
2020-04-02 17:49:00,2476.999442150866,0.0006012478179613313
2020-04-02 17:50:00,2473.528061707369,0.0006117423302110633
2020-04-02 17:51:00,2473.3356727254813,0.0005877674059239373
2020-04-02 17:52:00,2473.0663944363273,0.0005780463980805497
2020-04-02 17:53:00,2472.6878976637345,0.0005665584845236114
2020-04-02 17:54:00,2471.902805514441,0.0005483820984882015
2020-04-02 17:55:00,2471.670716011286,0.0005939602425491563
2020-04-02 17:56:00,2470.3264163200683,0.0006117154846384677
2020-04-02 17:57:00,2469.7768195324584,0.0005809240605985297
2020-04-02 17:58:00,2467.1407708931874,0.0005748044246141631
2020-04-02 17:59:00,2466.9912366848,0.0005447507367497427
2020-04-02 18:00:00,2469.5770020826776,0.0005669685553174408
2020-04-02 18:01:00,2470.762401964761,0.0005831985582604146
2020-04-02 18:02:00,2471.540918717098,0.0005917527247312002
2020-04-02 18:03:00,2471.673618041596,0.00061966403096948
2020-04-02 18:04:00,2471.288912416329,0.0006154379886012142
2020-04-02 18:05:00,2472.408964256209,0.0006091338957526098
2020-04-02 18:06:00,2469.994237829398,0.0006002532672980177
2020-04-02 18:07:00,2470.2166807407207,0.0005824812024797496
2020-04-02 18:08:00,2471.577076530667,0.0005702400682328497
2020-04-02 18:09:00,2470.27504797817,0.0005868847549145326
2020-04-02 18:10:00,2468.6671185651726,0.0006076094247638322
2020-04-02 18:11:00,2466.0611829998297,0.0006060287768910198
2020-04-02 18:12:00,2464.2183666811825,0.0005675094917580745
2020-04-02 18:13:00,2462.934913526682,0.0005653504710327722
2020-04-02 18:14:00,2460.234085828952,0.0005908880109217043
2020-04-02 18:15:00,2460.1814993623693,0.0005495911781405098
2020-04-02 18:16:00,2459.988239569541,0.0005751734639171275
2020-04-02 18:17:00,2459.675639979251,0.0005666886555620047
2020-04-02 18:18:00,2459.3527096777693,0.0005362973335460243
2020-04-02 18:19:00,2458.398519673775,0.0005218121093768081
2020-04-02 18:20:00,2458.5546721548108,0.00054217512641749
2020-04-02 18:21:00,2457.7314757204667,0.0005206133873580203
2020-04-02 18:22:00,2455.2971727836093,0.0005308690562580936
2020-04-02 18:23:00,2454.2141300688777,0.0005394847666954301
2020-04-02 18:24:00,2453.0517876330814,0.0005657010652798692
2020-04-02 18:25:00,2455.3015883092753,0.0005563094783534525
2020-04-02 18:26:00,2455.888389908739,0.0005779346022139355
2020-04-02 18:27:00,2454.9503757204643,0.0005329188099982834
2020-04-02 18:28:00,2452.293157349719,0.0005994640169855284
2020-04-02 18:29:00,2450.6527968768573,0.0006656974368056553
2020-04-02 18:30:00,2452.1719402042836,0.0006809347766200533
2020-04-02 18:31:00,2449.796995708449,0.000594076153791847
2020-04-02 18:32:00,2451.5519373270417,0.0005813294292830106
2020-04-02 18:33:00,2451.100320235069,0.0005789299983147505
2020-04-02 18:34:00,2451.083019435943,0.0006031255195173893
2020-04-02 18:35:00,2450.5165117664824,0.0005870656978563477
2020-04-02 18:36:00,2450.3762821312725,0.0005913927313325411
2020-04-02 18:37:00,2448.108344475109,0.0005674451996681531
2020-04-02 18:38:00,2449.5353640189533,0.0005849960921032894
2020-04-02 18:39:00,2450.670027699195,0.0006370411428220928
2020-04-02 18:40:00,2453.733281492365,0.0006210405871105451
2020-04-02 18:41:00,2453.993868191052,0.0006794160071707713
2020-04-02 18:42:00,2453.385025082202,0.0006862696659050002
2020-04-02 18:43:00,2450.79263506165,0.0007397833475599526
2020-04-02 18:44:00,2447.739899836182,0.0008117282747485485
2020-04-02 18:45:00,2444.732059367425,0.0007761073025148086
2020-04-02 18:46:00,2440.689344235935,0.0008043309840029551
2020-04-02 18:47:00,2439.7991698369,0.0007759452538353107
2020-04-02 18:48:00,2435.363820838663,0.0008036002269360135
2020-04-02 18:49:00,2436.243126141587,0.0008278347351421211
2020-04-02 18:50:00,2436.940578829134,0.0008385245058919648
2020-04-02 18:51:00,2440.284598693382,0.0008733073230821606
2020-04-02 18:52:00,2439.575042323239,0.0008814230263154916
2020-04-02 18:53:00,2439.845077374431,0.0009108443912636614
2020-04-02 18:54:00,2440.2621533703596,0.000943169880155337
2020-04-02 18:55:00,2437.6121392329605,0.0009709373965518048
2020-04-02 18:56:00,2438.1914848319507,0.0009924696809382422
2020-04-02 18:57:00,2441.0219597352884,0.0010333446384304863
2020-04-02 18:58:00,2445.6974332614595,0.0010947210355709992
2020-04-02 18:59:00,2447.5779084068226,0.0010768266011233723
2020-04-02 19:00:00,2449.3313017116984,0.001154322201580622
2020-04-02 19:01:00,2449.1322272696957,0.0012041548810955646
2020-04-02 19:02:00,2448.2941633438163,0.0011669722160320508
2020-04-02 19:03:00,2446.5790877230843,0.0011451481078109853
2020-04-02 19:04:00,2447.3853994528477,0.0011580183898307526
2020-04-02 19:05:00,2446.6598851093067,0.0012371671950619195
2020-04-02 19:06:00,2446.1980297285404,0.0012453838788142205
2020-04-02 19:07:00,2450.1284325077636,0.0012011683248302854
2020-04-02 19:08:00,2446.9623028819683,0.0011275781114236194
2020-04-02 19:09:00,2446.1162514072284,0.0010844993861209814
2020-04-02 19:10:00,2447.507670210574,0.001099807749766489
2020-04-02 19:11:00,2445.159635384195,0.0011028814433986208
2020-04-02 19:12:00,2444.3418318997956,0.0011623663255925345
2020-04-02 19:13:00,2443.1656206726598,0.0012598893125754613
2020-04-02 19:14:00,2444.0265199420173,0.0012552414110297042
2020-04-02 19:15:00,2445.4041495969354,0.0012845754069720514
2020-04-02 19:16:00,2444.2549540069554,0.0011272663381153838
2020-04-02 19:17:00,2442.504696323337,0.0011385895188302264
2020-04-02 19:18:00,2438.117204999434,0.0011395321266176972
2020-04-02 19:19:00,2433.437371910087,0.0011229956197217688
2020-04-02 19:20:00,2433.2468456482443,0.0012310655339159767
2020-04-02 19:21:00,2431.156194032774,0.0012396753484743748
2020-04-02 19:22:00,2433.631575841815,0.001283578181386193
2020-04-02 19:23:00,2436.723279471184,0.0012536345331113053
2020-04-02 19:24:00,2438.7959701276955,0.001327725680309341
2020-04-02 19:25:00,2441.1805111371186,0.0014070443024423432
2020-04-02 19:26:00,2441.567199990166,0.0014427702104326348
2020-04-02 19:27:00,2433.2397889318777,0.0015391841258660273
2020-04-02 19:28:00,2436.1589676794038,0.0015152141075722475
2020-04-02 19:29:00,2434.146951153229,0.001556683017370398
2020-04-02 19:30:00,2441.5481498725208,0.0015181356314700124
2020-04-02 19:31:00,2445.6214241517714,0.0016046535529422416
2020-04-02 19:32:00,2448.6993108262036,0.0015659941413475988
2020-04-02 19:33:00,2449.315160940784,0.0016530061854381534
2020-04-02 19:34:00,2449.8620935116746,0.001611343483012563
2020-04-02 19:35:00,2447.608785088053,0.0016133990933450363
2020-04-02 19:36:00,2443.2082761689685,0.001587929735006107
2020-04-02 19:37:00,2445.110271647046,0.0017595349570437824
2020-04-02 19:38:00,2450.1887704933024,0.0017591559616511648
2020-04-02 19:39:00,2444.2940442716917,0.0017719611719852855
2020-04-02 19:40:00,2441.8105844795764,0.0017618219192052514
2020-04-02 19:41:00,2437.880065094486,0.001736584133526484
2020-04-02 19:42:00,2443.945966522016,0.001877693793741394
2020-04-02 19:43:00,2437.6580994998667,0.0018284606421630142
2020-04-02 19:44:00,2438.7879857478524,0.0017476784231598864
2020-04-02 19:45:00,2435.9369756930423,0.0017186507609496982
2020-04-02 19:46:00,2436.306273797511,0.0016494323056401256
2020-04-02 19:47:00,2431.4492357823524,0.0016226671152506109
2020-04-02 19:48:00,2427.1268256915146,0.0015515535832695236
2020-04-02 19:49:00,2425.93431593966,0.0016458135618653475
2020-04-02 19:50:00,2422.7791327247405,0.0015564221216505369
2020-04-02 19:51:00,2425.678011881983,0.0015752603636917358
2020-04-02 19:52:00,2419.6915402754307,0.001523385595908146
2020-04-02 19:53:00,2418.416465738966,0.0014984163848237163
2020-04-02 19:54:00,2419.960783210446,0.0015068615449720611
2020-04-02 19:55:00,2420.276986790841,0.0014622727756279593
2020-04-02 19:56:00,2417.8340390159233,0.0013186022338440766
2020-04-02 19:57:00,2411.737799274182,0.0014002962129799042
2020-04-02 19:58:00,2408.4154276941413,0.0014241005032349405
2020-04-02 19:59:00,2409.8934416986763,0.0014758316255070452
2020-04-03 13:30:00,2264.8514829285336,0.0015307866539376112
2020-04-03 13:31:00,2263.071132521897,0.0015499712320316186
2020-04-03 13:32:00,2264.587979026458,0.0016733599464357832
2020-04-03 13:33:00,2257.9921051099845,0.0017929531614463607
2020-04-03 13:34:00,2258.739348259562,0.0016729701503785262
2020-04-03 13:35:00,2255.817987366474,0.001733272340544076
2020-04-03 13:36:00,2254.8013389167813,0.0018610645966911014
2020-04-03 13:37:00,2256.0718533022155,0.0018551140367323055
2020-04-03 13:38:00,2250.5567905651874,0.0018601923341861806
2020-04-03 13:39:00,2247.3025043534967,0.0019825106158738127
2020-04-03 13:40:00,2248.8788407971383,0.0020337948678814943
2020-04-03 13:41:00,2250.514127826916,0.002015662846935404
2020-04-03 13:42:00,2243.106085008939,0.002071662747733932
2020-04-03 13:43:00,2239.07369072412,0.0019895672611415973
2020-04-03 13:44:00,2235.0864366893784,0.0019048767840392372
2020-04-03 13:45:00,2231.8328037818637,0.0017434969577497723
2020-04-03 13:46:00,2234.283707647575,0.0015900732742273106
2020-04-03 13:47:00,2236.36854354382,0.0016180607754565578
2020-04-03 13:48:00,2234.731018250768,0.0015802099105371916
2020-04-03 13:49:00,2234.3764137384833,0.0015870650061479074
2020-04-03 13:50:00,2234.0918503242715,0.0016122214531954766
2020-04-03 13:51:00,2233.61726991826,0.0015984959620105527
2020-04-03 13:52:00,2232.7859824608454,0.001534345688617616
2020-04-03 13:53:00,2230.434249332984,0.001493967695521555
2020-04-03 13:54:00,2227.7813556180413,0.0015038527049081824
2020-04-03 13:55:00,2228.946185837335,0.0015125528383333128
2020-04-03 13:56:00,2229.3541992508235,0.0014441007678494603
2020-04-03 13:57:00,2223.5106009499455,0.0014584983359638318
2020-04-03 13:58:00,2225.255202957548,0.0014135285956961112
2020-04-03 13:59:00,2225.6936703545352,0.0014101863201748165
2020-04-03 14:00:00,2226.8103526399395,0.0013883549795690345
2020-04-03 14:01:00,2227.2857699375713,0.0013469493998309043
2020-04-03 14:02:00,2231.0460988016234,0.001312220618031
2020-04-03 14:03:00,2235.676865444712,0.0012594186203459348
2020-04-03 14:04:00,2236.110852475973,0.0012519255290230635
2020-04-03 14:05:00,2240.210633305379,0.001183250928116489
2020-04-03 14:06:00,2236.039819445462,0.0011669593423859232
2020-04-03 14:07:00,2232.828438881516,0.0010918635468412333
2020-04-03 14:08:00,2234.9404121554953,0.001221725603175738
2020-04-03 14:09:00,2233.218639364501,0.0012675319912136543
2020-04-03 14:10:00,2233.452467232184,0.001282164804862285
2020-04-03 14:11:00,2237.4364089468295,0.0014408293886356406
2020-04-03 14:12:00,2239.337136597316,0.0014264729799270876
2020-04-03 14:13:00,2237.354400771111,0.0013468919658705775
2020-04-03 14:14:00,2239.112388871363,0.0013952903344657329
2020-04-03 14:15:00,2240.7909759559175,0.0012866410032266813
2020-04-03 14:16:00,2244.7071472075195,0.0013354202054875958
2020-04-03 14:17:00,2242.6906538408234,0.001302135550852533
2020-04-03 14:18:00,2243.1851761641547,0.0012949974735095215
2020-04-03 14:19:00,2242.880655122416,0.0013446244128161471
2020-04-03 14:20:00,2237.612274403098,0.001402853888562512
2020-04-03 14:21:00,2232.884098659246,0.001478888512382023
2020-04-03 14:22:00,2228.7700640372586,0.001416945618210992
2020-04-03 14:23:00,2228.1062099178444,0.0013752565833130045
2020-04-03 14:24:00,2228.9365043114794,0.0013755365075249118
2020-04-03 14:25:00,2231.6593696577916,0.0013409757303922969
2020-04-03 14:26:00,2224.622354029704,0.0014094875935551517
2020-04-03 14:27:00,2225.1363666998973,0.0014036441904389236
2020-04-03 14:28:00,2229.1518884558636,0.0014598528341501105
2020-04-03 14:29:00,2224.2711824277403,0.0016154898167799682
2020-04-03 14:30:00,2223.3820036112693,0.0016243610559070398
2020-04-03 14:31:00,2221.4338747861107,0.0016024628297110037
2020-04-03 14:32:00,2224.0735768250283,0.0014839110058782795
2020-04-03 14:33:00,2223.4083445240403,0.0014572552312580775
2020-04-03 14:34:00,2224.8773906406664,0.0015176422627988372
2020-04-03 14:35:00,2223.3238961642555,0.001524631449780594
2020-04-03 14:36:00,2215.298874273038,0.0015304958013401882
2020-04-03 14:37:00,2217.2588342303916,0.0015623713376826489
2020-04-03 14:38:00,2214.8883233708907,0.0016060816548988553
2020-04-03 14:39:00,2212.465994808502,0.001502205580720748
2020-04-03 14:40:00,2213.0394146896388,0.0015575536860882593
2020-04-03 14:41:00,2215.7531425133066,0.0015592332618929719
2020-04-03 14:42:00,2210.0729414999496,0.001452661245588467
2020-04-03 14:43:00,2209.5601281646013,0.001406575674457987
2020-04-03 14:44:00,2215.657838307852,0.0013514868198849634
2020-04-03 14:45:00,2215.8502419656716,0.001442141509697761
2020-04-03 14:46:00,2219.3544698732444,0.0013741734905439902
2020-04-03 14:47:00,2216.272799725783,0.0014075524573252693
2020-04-03 14:48:00,2219.852599117914,0.0013478622655903427
2020-04-03 14:49:00,2220.1813913834603,0.0012492502399085897
2020-04-03 14:50:00,2221.6962863274666,0.001184075942154029
2020-04-03 14:51:00,2222.522998593974,0.0011350952183664168
2020-04-03 14:52:00,2221.155718386311,0.0011107249549085355
2020-04-03 14:53:00,2224.6036085857822,0.0011062077560446948
2020-04-03 14:54:00,2225.236630949408,0.001047435556345446
2020-04-03 14:55:00,2223.2222758894336,0.0010665812293995322
2020-04-03 14:56:00,2221.7247888088204,0.0009971653055811359
2020-04-03 14:57:00,2222.571376551935,0.0009441067169551902
2020-04-03 14:58:00,2219.357931677796,0.0009614473622928749
2020-04-03 14:59:00,2222.7790241208495,0.0009998098435794417
2020-04-03 15:00:00,2220.6176538488703,0.0010157229701754156
2020-04-03 15:01:00,2221.3628849053985,0.001044136088488047
2020-04-03 15:02:00,2224.331584709309,0.0010796708514319003
2020-04-03 15:03:00,2223.706584572669,0.0011342629786760532
2020-04-03 15:04:00,2222.5132396638846,0.0011553693015520215
2020-04-03 15:05:00,2223.5818991143374,0.0011743476719692939
2020-04-03 15:06:00,2224.0228517813307,0.0011946841144352123
2020-04-03 15:07:00,2219.83782193649,0.0011457012705657248
2020-04-03 15:08:00,2224.235051246404,0.0011686986447752832
2020-04-03 15:09:00,2223.7593707367105,0.0011617877871196115
2020-04-03 15:10:00,2225.0629826934896,0.001198828848604821
2020-04-03 15:11:00,2224.389210388495,0.0012376470314594689
2020-04-03 15:12:00,2229.071738044218,0.0011273400560549633
2020-04-03 15:13:00,2226.8794039964855,0.00110542374932557
2020-04-03 15:14:00,2228.0343223670657,0.0010743912265731076
2020-04-03 15:15:00,2228.5314840315527,0.001119697049478688
2020-04-03 15:16:00,2230.8325240488284,0.0011987489448842261
2020-04-03 15:17:00,2234.605292564407,0.0010898299064109446
2020-04-03 15:18:00,2238.5532754477176,0.0011153463776456074
2020-04-03 15:19:00,2240.7799664623954,0.001077422260475318
2020-04-03 15:20:00,2239.6708799646212,0.0010299616923186775
2020-04-03 15:21:00,2239.034177257886,0.0010049693747064777
2020-04-03 15:22:00,2244.5300499923546,0.0010126254424607495
2020-04-03 15:23:00,2245.415815770464,0.0009556610005821762
2020-04-03 15:24:00,2247.185299629391,0.000997859227292418
2020-04-03 15:25:00,2247.0636977727822,0.0010831819488301665
2020-04-03 15:26:00,2245.1564340690597,0.0010860468095304889
2020-04-03 15:27:00,2243.638892459139,0.001098264923440941
2020-04-03 15:28:00,2240.2892521902804,0.0011026426389451212
2020-04-03 15:29:00,2238.2286338022445,0.0011456796051789056
2020-04-03 15:30:00,2237.104622993459,0.001138577908639889
2020-04-03 15:31:00,2242.7744815709752,0.001224684107131207
2020-04-03 15:32:00,2244.931628765935,0.0012494911674294715
2020-04-03 15:33:00,2241.4124552710396,0.001351500116758057
2020-04-03 15:34:00,2244.6267431450838,0.001397611890694477
2020-04-03 15:35:00,2244.1073163583483,0.0013089591719345297
2020-04-03 15:36:00,2242.244846725173,0.0012699425175172591
2020-04-03 15:37:00,2244.9267114528125,0.0013391148233679645
2020-04-03 15:38:00,2248.7534170908884,0.0013086343353834553
2020-04-03 15:39:00,2250.078631628683,0.0014503249683542048
2020-04-03 15:40:00,2250.7376768543104,0.001521432427594788
2020-04-03 15:41:00,2252.9662328783807,0.0017331289408291373
2020-04-03 15:42:00,2256.4738290343685,0.0017882472488289548
2020-04-03 15:43:00,2256.3495904944625,0.001772978711362687
2020-04-03 15:44:00,2259.2038721527088,0.0016743871518099306
2020-04-03 15:45:00,2264.244718879629,0.0016501192498418501
2020-04-03 15:46:00,2262.303359290996,0.0017974292325064118
2020-04-03 15:47:00,2259.0055889962473,0.0018170151544746884
2020-04-03 15:48:00,2261.9403901758214,0.0018877091704468131
2020-04-03 15:49:00,2262.155639925457,0.0019121509588644738
2020-04-03 15:50:00,2265.7663020517775,0.0019104141486966585
2020-04-03 15:51:00,2269.0105057368755,0.0019058452981931037
2020-04-03 15:52:00,2282.0296560051797,0.0018206119608598754
2020-04-03 15:53:00,2282.6795367798827,0.0016945260193061162
2020-04-03 15:54:00,2287.595278387089,0.0017558910617328568
2020-04-03 15:55:00,2290.457037026827,0.0017747226672427474
2020-04-03 15:56:00,2297.551564922221,0.0017205114009719662
2020-04-03 15:57:00,2298.7633909820183,0.0018675894887767229
2020-04-03 15:58:00,2302.7564068563524,0.001989746165099882
2020-04-03 15:59:00,2299.457325604527,0.00195962847422279
2020-04-03 16:00:00,2300.2490435511963,0.001840813054420828
2020-04-03 16:01:00,2295.4561742346496,0.001739808045999301
2020-04-03 16:02:00,2295.479658159043,0.0016607891432322977
2020-04-03 16:03:00,2293.912799082267,0.0017242114655198948
2020-04-03 16:04:00,2303.047541269119,0.0016645794259455575
2020-04-03 16:05:00,2308.4209553849155,0.0015575988047669277
2020-04-03 16:06:00,2306.3769116388303,0.0015150351472622832
2020-04-03 16:07:00,2306.773502951308,0.0015183588847265976
2020-04-03 16:08:00,2302.968331963797,0.0015816157043105268
2020-04-03 16:09:00,2298.756332742528,0.0016827160298123205
2020-04-03 16:10:00,2303.7824628829467,0.0016199020943346964
2020-04-03 16:11:00,2302.5951271494305,0.0015819661766231403
2020-04-03 16:12:00,2304.1411210997976,0.001609576442405651
2020-04-03 16:13:00,2309.3494565370324,0.0016091234587464636
2020-04-03 16:14:00,2306.5261264860364,0.0016894124412055254
2020-04-03 16:15:00,2304.5823334838583,0.0016583208886483004
2020-04-03 16:16:00,2305.9580873557907,0.0015848923037413505
2020-04-03 16:17:00,2309.5686979227994,0.0015178546820561413
2020-04-03 16:18:00,2306.2618702133495,0.0016589493594081838
2020-04-03 16:19:00,2307.201945493945,0.0016057652330610836
2020-04-03 16:20:00,2313.485128360566,0.0016538626369699296
2020-04-03 16:21:00,2312.9954043919474,0.0016961882656380597
2020-04-03 16:22:00,2311.58147928934,0.0017105014406570275
2020-04-03 16:23:00,2314.6050300396896,0.0015579460877331614
2020-04-03 16:24:00,2311.8711527035944,0.001669941816176897
2020-04-03 16:25:00,2310.9452216060863,0.0017483338784801874
2020-04-03 16:26:00,2303.0725073409353,0.0017532241383918716
2020-04-03 16:27:00,2296.988014637095,0.0017920512293544202
2020-04-03 16:28:00,2296.6175290684955,0.0018167258052298205
2020-04-03 16:29:00,2301.425959293859,0.0017830601722452646
2020-04-03 16:30:00,2301.54713607183,0.0016512022776293822
2020-04-03 16:31:00,2298.9917467266223,0.0016869108356901384
2020-04-03 16:32:00,2302.894371909274,0.001683706190153185
2020-04-03 16:33:00,2302.587458837224,0.0016714130396300304
2020-04-03 16:34:00,2300.182717579217,0.0014541970887907252
2020-04-03 16:35:00,2304.2437533107786,0.0014581072196821264
2020-04-03 16:36:00,2303.6336736909657,0.0013992549264681396
2020-04-03 16:37:00,2303.942869131083,0.0014215188990347124
2020-04-03 16:38:00,2303.321850736859,0.0013706696102609424
2020-04-03 16:39:00,2302.478679215244,0.0013112124053039744
2020-04-03 16:40:00,2303.0968156856284,0.0013523910093931667
2020-04-03 16:41:00,2301.445100273266,0.001360802945571593
2020-04-03 16:42:00,2301.682207614626,0.0013120732094554792
2020-04-03 16:43:00,2303.191710272889,0.0013160445155047374
2020-04-03 16:44:00,2301.1803051226584,0.00123955180061189
2020-04-03 16:45:00,2306.458168941987,0.0012357668103698456
2020-04-03 16:46:00,2308.7056456975547,0.0012668689221417085
2020-04-03 16:47:00,2305.8203164448264,0.0012255891057299545
2020-04-03 16:48:00,2302.4508523338595,0.0011893785664370774
2020-04-03 16:49:00,2297.8687413903326,0.001252612088297362
2020-04-03 16:50:00,2292.6811382727556,0.001219715928852484
2020-04-03 16:51:00,2290.041496137292,0.0012719700559211127
2020-04-03 16:52:00,2290.3632742578616,0.0012994379892364634
2020-04-03 16:53:00,2287.2613528799798,0.0012909503045989005
2020-04-03 16:54:00,2288.3591601720696,0.00131436627808372
2020-04-03 16:55:00,2291.580621713986,0.0013138367267301442
2020-04-03 16:56:00,2285.056788279068,0.0013313395737594477
2020-04-03 16:57:00,2288.080833461482,0.0013146404734213576
2020-04-03 16:58:00,2287.7243565991917,0.0012376459724564297
2020-04-03 16:59:00,2287.868593056137,0.0012430664978433604
2020-04-03 17:00:00,2290.1513736495353,0.0013525170864726486
2020-04-03 17:01:00,2287.0224955834738,0.0013447722461303907
2020-04-03 17:02:00,2284.0595099976517,0.0012862181680273167
2020-04-03 17:03:00,2289.8520915344743,0.001367886934011657
2020-04-03 17:04:00,2292.326802392767,0.0013421295194727368
2020-04-03 17:05:00,2289.80877423053,0.00126405429285916
2020-04-03 17:06:00,2291.0905496213795,0.0012500978071346193
2020-04-03 17:07:00,2288.585040629566,0.001209761539208871
2020-04-03 17:08:00,2288.9206097967694,0.0012288272417186451
2020-04-03 17:09:00,2290.1495350768528,0.0012211086042108168
2020-04-03 17:10:00,2286.650268494735,0.0012945990334180377
2020-04-03 17:11:00,2289.5644282991484,0.0012026772578040597
2020-04-03 17:12:00,2296.0092695212534,0.0011391397333462836
2020-04-03 17:13:00,2294.313798974562,0.0011214014856146559
2020-04-03 17:14:00,2291.070931528043,0.0011438146749328598
2020-04-03 17:15:00,2292.938404127821,0.001067912940822094
2020-04-03 17:16:00,2293.3823770059767,0.000990056546451978
2020-04-03 17:17:00,2292.007828453806,0.0009852786915654382
2020-04-03 17:18:00,2292.578219529422,0.0010048830443828126
2020-04-03 17:19:00,2294.305082260692,0.0009911701945360615
2020-04-03 17:20:00,2289.9052584989054,0.0010391893898213885
2020-04-03 17:21:00,2289.9885286917465,0.0010018702113665815
2020-04-03 17:22:00,2285.677322541074,0.0009778163073063447
2020-04-03 17:23:00,2284.8864685496906,0.0010280958405607965
2020-04-03 17:24:00,2281.7406048635194,0.001032014849937113
2020-04-03 17:25:00,2279.8570043831073,0.0010698646963175561
2020-04-03 17:26:00,2277.013996158606,0.0009885487784703488
2020-04-03 17:27:00,2275.1948974713223,0.001036712520148992
2020-04-03 17:28:00,2275.8727256234224,0.0010579608900828624
2020-04-03 17:29:00,2273.0850658665004,0.0010296316967623776
2020-04-03 17:30:00,2272.6936496817593,0.0010953696788605577
2020-04-03 17:31:00,2275.2452780662834,0.0011831086925419908
2020-04-03 17:32:00,2276.046221562272,0.0011731185870194095
2020-04-03 17:33:00,2280.541180465829,0.0011171177237184551
2020-04-03 17:34:00,2282.464506676075,0.0011625931051953862
2020-04-03 17:35:00,2285.2154803306817,0.001177597918317086
2020-04-03 17:36:00,2284.786034980187,0.0011426339490405403
2020-04-03 17:37:00,2286.4810949017756,0.0011655128960419761
2020-04-03 17:38:00,2285.8456296654313,0.0011000956455759655
2020-04-03 17:39:00,2285.0405100001926,0.0010499527839861105
2020-04-03 17:40:00,2286.6098299200517,0.0010865460706843343
2020-04-03 17:41:00,2284.249914626895,0.0011247996693925133
2020-04-03 17:42:00,2281.446251295166,0.0010896104932819894
2020-04-03 17:43:00,2278.601369884856,0.0010766005657534754
2020-04-03 17:44:00,2278.803317182366,0.0010662189756838086
2020-04-03 17:45:00,2280.527308676915,0.001060220872721757
2020-04-03 17:46:00,2284.9175546821793,0.0010729863371446919
2020-04-03 17:47:00,2286.1653691744514,0.0011286773720191785
2020-04-03 17:48:00,2285.6681791626315,0.0010763764534747837
2020-04-03 17:49:00,2288.3243647147056,0.0010117582294896467
2020-04-03 17:50:00,2293.3940860490075,0.001026962458225785
2020-04-03 17:51:00,2290.2346083362054,0.0010259393090049566
2020-04-03 17:52:00,2289.5636994810698,0.0010697917618310209
2020-04-03 17:53:00,2287.8807652488003,0.0010424218493462823
2020-04-03 17:54:00,2288.2582107066655,0.0010137889382219893
2020-04-03 17:55:00,2283.2385173025887,0.0010662522302801723
2020-04-03 17:56:00,2287.3218355355407,0.0012057940052355872
2020-04-03 17:57:00,2287.4487006043823,0.001220442316835837
2020-04-03 17:58:00,2288.350999430594,0.0011874331791762794
2020-04-03 17:59:00,2293.0930552924233,0.0010254495989715626
2020-04-03 18:00:00,2289.671606873249,0.0010926160503377754
2020-04-03 18:01:00,2285.7887773027073,0.0012374718816281032
2020-04-03 18:02:00,2288.292916999366,0.001288850982976685
2020-04-03 18:03:00,2293.5965788731755,0.0012366690458079812
2020-04-03 18:04:00,2293.8145245518303,0.0012213088397882719
2020-04-03 18:05:00,2295.4428522005705,0.0012851034833155262
2020-04-03 18:06:00,2296.3727677581396,0.0014348811227116469
2020-04-03 18:07:00,2298.446210113475,0.001391532013568904
2020-04-03 18:08:00,2299.9605449768246,0.0013605616113362329
2020-04-03 18:09:00,2301.858252220963,0.0013184199043584832
2020-04-03 18:10:00,2299.5286750436635,0.001301678085200264
2020-04-03 18:11:00,2297.742513584385,0.0012826831774432666
2020-04-03 18:12:00,2296.1853750235678,0.001328570649509946
2020-04-03 18:13:00,2294.7118390805113,0.0012826737467679227
2020-04-03 18:14:00,2293.9137442995734,0.0013352021391670266
2020-04-03 18:15:00,2290.0390826274347,0.0012211629231916594
2020-04-03 18:16:00,2292.40089606038,0.0012084851716268978
2020-04-03 18:17:00,2289.8138611885524,0.0012280654201855272
2020-04-03 18:18:00,2286.4965971695015,0.0011846351763970526
2020-04-03 18:19:00,2286.59818522911,0.0011211118570162574
2020-04-03 18:20:00,2282.3467689644613,0.0010159789227371947
2020-04-03 18:21:00,2288.3303926576596,0.0010064476358966606
2020-04-03 18:22:00,2290.3799843588877,0.0010535245069707964
2020-04-03 18:23:00,2292.868627841281,0.001096695232396929
2020-04-03 18:24:00,2291.8476182467084,0.0010667078506816283
2020-04-03 18:25:00,2289.8134318897946,0.001091271921749508
2020-04-03 18:26:00,2292.4796256263194,0.0010709389808319992
2020-04-03 18:27:00,2287.8916693738015,0.0010510824002163816
2020-04-03 18:28:00,2288.6535168973296,0.0010630954822287238
2020-04-03 18:29:00,2289.2509937100676,0.0010368216397789707
2020-04-03 18:30:00,2289.7953751065893,0.0010551755460202047
2020-04-03 18:31:00,2290.5366226681713,0.0010150810590242026
2020-04-03 18:32:00,2290.9214573426298,0.001032179185077242
2020-04-03 18:33:00,2290.102420578524,0.0009480430414229858
2020-04-03 18:34:00,2286.261489565953,0.0010760993187207799
2020-04-03 18:35:00,2285.006713138376,0.0010389362666677001
2020-04-03 18:36:00,2281.546610707167,0.0009829509864690538
2020-04-03 18:37:00,2278.7876370544727,0.0009468994990467549
2020-04-03 18:38:00,2277.8116141797773,0.0009124473535563199
2020-04-03 18:39:00,2278.3988890316805,0.0009507397776360909
2020-04-03 18:40:00,2279.7659555722207,0.0009127700622967937
2020-04-03 18:41:00,2278.0160440407226,0.000841570211905713
2020-04-03 18:42:00,2280.0759998654025,0.0008326359954338028
2020-04-03 18:43:00,2280.3261153154203,0.0008120677015012041
2020-04-03 18:44:00,2278.699251133702,0.000821782878445865
2020-04-03 18:45:00,2279.176202673521,0.0007956640708043601
2020-04-03 18:46:00,2279.4893692833484,0.0007468890590227228
2020-04-03 18:47:00,2278.148707962834,0.0007364933139675545
2020-04-03 18:48:00,2276.7839620279565,0.0007243336806945399
2020-04-03 18:49:00,2274.4936783442354,0.0007267158611325387
2020-04-03 18:50:00,2270.1628321436965,0.0007007216985393369
2020-04-03 18:51:00,2274.089024679987,0.0007835809739478661
2020-04-03 18:52:00,2277.4163118614683,0.0007619064691265264
2020-04-03 18:53:00,2278.937889740094,0.0007336978023129848
2020-04-03 18:54:00,2280.2574508963667,0.000775264257294878
2020-04-03 18:55:00,2286.0549061342113,0.0008167503860066234
2020-04-03 18:56:00,2283.870021509621,0.0009288728155531779
2020-04-03 18:57:00,2288.711028554396,0.0008997540470926515
2020-04-03 18:58:00,2286.915489828731,0.0009337482613243431
2020-04-03 18:59:00,2288.005374809874,0.0009022542052365917
2020-04-03 19:00:00,2286.251477741944,0.000913731309416174
2020-04-03 19:01:00,2285.6792585843186,0.0008822906551968471
2020-04-03 19:02:00,2284.967097137076,0.0008985765694812112
2020-04-03 19:03:00,2284.3294779495554,0.0008800306269804067
2020-04-03 19:04:00,2281.968908760182,0.0009001554224851972
2020-04-03 19:05:00,2280.8391078372338,0.0008942556832377974
2020-04-03 19:06:00,2280.2306975633214,0.0008497673184325135
2020-04-03 19:07:00,2279.647258032205,0.000817301516695073
2020-04-03 19:08:00,2279.410342336451,0.0008413868050960863
2020-04-03 19:09:00,2282.0030249417955,0.000850562436838465
2020-04-03 19:10:00,2282.219323110317,0.0008442518896283611
2020-04-03 19:11:00,2282.0420386963415,0.000918298773200726
2020-04-03 19:12:00,2284.2038668297337,0.0008574267800164528
2020-04-03 19:13:00,2284.6263830521093,0.0008637227053993231
2020-04-03 19:14:00,2283.164151435501,0.0009043036897690303
2020-04-03 19:15:00,2283.5585742005724,0.0008513442926508939
2020-04-03 19:16:00,2283.911183452085,0.000829595236812687
2020-04-03 19:17:00,2280.910272146631,0.0008115705042107877
2020-04-03 19:18:00,2280.3590110716523,0.0008101406188230783
2020-04-03 19:19:00,2281.804944806364,0.0007988089396502225
2020-04-03 19:20:00,2282.36993034907,0.000801123198071828
2020-04-03 19:21:00,2282.176299872271,0.0008165302215182881
2020-04-03 19:22:00,2280.097522530271,0.0007939349610454318
2020-04-03 19:23:00,2281.752328269385,0.000831074692965854
2020-04-03 19:24:00,2278.260317265067,0.0007749066954775256
2020-04-03 19:25:00,2275.6173061570985,0.0008337138336968901
2020-04-03 19:26:00,2276.012573052767,0.0007904504175458151
2020-04-03 19:27:00,2274.7490819717514,0.0007336048773541825
2020-04-03 19:28:00,2272.692459653712,0.0007261505416138056
2020-04-03 19:29:00,2272.7134533058393,0.0007672929881140984
2020-04-03 19:30:00,2276.473258329458,0.0007759567449908739
2020-04-03 19:31:00,2275.1207148983212,0.0008437680587608396
2020-04-03 19:32:00,2275.0015260624305,0.000838841247123598
2020-04-03 19:33:00,2273.799787424309,0.0007984479147388458
2020-04-03 19:34:00,2273.024404881125,0.0007880838512640076
2020-04-03 19:35:00,2274.3606466081396,0.0007606273698476539
2020-04-03 19:36:00,2273.2794048742644,0.0008052231718567112
2020-04-03 19:37:00,2271.6331626604033,0.0008404980215925729
2020-04-03 19:38:00,2272.4209776218418,0.0008074248020906184
2020-04-03 19:39:00,2272.40453739447,0.0007947417661116499
2020-04-03 19:40:00,2269.9163927423424,0.0008201214322501637
2020-04-03 19:41:00,2269.8225078899836,0.0008417119750063525
2020-04-03 19:42:00,2269.5810229962544,0.0008664219509542659
2020-04-03 19:43:00,2271.3837544594776,0.000837402541129185
2020-04-03 19:44:00,2272.030116633041,0.0007452131169508006
2020-04-03 19:45:00,2268.8735401606145,0.0007170147998126439
2020-04-03 19:46:00,2266.6862362827346,0.0007069290445780121
2020-04-03 19:47:00,2267.7723708563517,0.0007209774196372525
2020-04-03 19:48:00,2269.4762427006635,0.0007682624389578125
2020-04-03 19:49:00,2267.7580781645215,0.0006953023854934471
2020-04-03 19:50:00,2270.5943649565074,0.0006361848095333086
2020-04-03 19:51:00,2270.747915595167,0.0005921527868536866
2020-04-03 19:52:00,2269.8935781739424,0.0006135674029335168
2020-04-03 19:53:00,2270.5493559291963,0.0006382773589600607
2020-04-03 19:54:00,2269.8324544773013,0.0006394182710490098
2020-04-03 19:55:00,2271.307712179386,0.000646056016711387
2020-04-03 19:56:00,2269.9518736498294,0.0006451639114662594
2020-04-03 19:57:00,2269.1079691023524,0.000660852126079166
2020-04-03 19:58:00,2270.0738817155325,0.0007008049947693365
2020-04-03 19:59:00,2273.0864993075265,0.000710437212774811
2020-04-06 13:30:00,2319.0093397820497,0.0006988744181305028
2020-04-06 13:31:00,2319.871680043979,0.00070269184367138
2020-04-06 13:32:00,2318.9359139045455,0.000670064119289318
2020-04-06 13:33:00,2318.819498159268,0.0006208035851328387
2020-04-06 13:34:00,2320.6663496817487,0.0006353852351094956
2020-04-06 13:35:00,2320.521880979158,0.0006422571424215773
2020-04-06 13:36:00,2319.912501004473,0.0006170544537018549
2020-04-06 13:37:00,2317.861569509885,0.0005790882134982713
2020-04-06 13:38:00,2317.094420396187,0.0005850755337783863
2020-04-06 13:39:00,2316.040410934734,0.0005901281015328395
2020-04-06 13:40:00,2315.767769351545,0.0005873824149630267
2020-04-06 13:41:00,2316.3954269245987,0.0005210061957682325
2020-04-06 13:42:00,2316.9711051197132,0.0005041375759221405
2020-04-06 13:43:00,2316.762285989042,0.0005039314097061262
2020-04-06 13:44:00,2316.3836993893974,0.0005100756187815046
2020-04-06 13:45:00,2318.1066296497715,0.0005018205954739869
2020-04-06 13:46:00,2318.1134783184702,0.0004914014948780771
2020-04-06 13:47:00,2315.8540126554212,0.0005176816134579809
2020-04-06 13:48:00,2317.055825639028,0.000530474505827327
2020-04-06 13:49:00,2318.064078696005,0.0005336181202517319
2020-04-06 13:50:00,2315.80417114948,0.0005456082700787019
2020-04-06 13:51:00,2317.3377179702543,0.000553729748194151
2020-04-06 13:52:00,2316.21929121238,0.0005773813260537732
2020-04-06 13:53:00,2316.038168413665,0.0005854148067483704
2020-04-06 13:54:00,2316.536561806507,0.0005741603082376861
2020-04-06 13:55:00,2314.434115215601,0.0005703011429474148
2020-04-06 13:56:00,2313.204790247427,0.0006003516477256286
2020-04-06 13:57:00,2314.3606756633553,0.0006537509806611989
2020-04-06 13:58:00,2313.0516358071413,0.0006076830574628077
2020-04-06 13:59:00,2311.117229881338,0.0006124370265976473
2020-04-06 14:00:00,2311.0804130958327,0.0005667118470327651
2020-04-06 14:01:00,2310.4044463269297,0.0005777126448053465
2020-04-06 14:02:00,2310.0281066979824,0.000599214493464971
2020-04-06 14:03:00,2311.566280393675,0.0005963565166730938
2020-04-06 14:04:00,2312.1555854277394,0.0006229300266418701
2020-04-06 14:05:00,2312.2118308528643,0.00063228414954586
2020-04-06 14:06:00,2311.889930020052,0.0006401795750468075
2020-04-06 14:07:00,2311.160441948828,0.0006115741435809176
2020-04-06 14:08:00,2311.440943115196,0.0006261750889565081
2020-04-06 14:09:00,2312.321408301881,0.000625156540458036
2020-04-06 14:10:00,2310.3501601178295,0.0006598052783000012
2020-04-06 14:11:00,2311.131085994543,0.000613725192169538
2020-04-06 14:12:00,2310.3404303461507,0.0006248828812534569
2020-04-06 14:13:00,2309.310425023148,0.0006322648221721848
2020-04-06 14:14:00,2308.428227521502,0.0006687901800317247
2020-04-06 14:15:00,2309.9262116609816,0.0006446074797971967
2020-04-06 14:16:00,2309.2646122240544,0.0006548562490958248
2020-04-06 14:17:00,2311.0158768686497,0.000624129085949423
2020-04-06 14:18:00,2310.0132639755734,0.0006140293403681117
2020-04-06 14:19:00,2310.668423032764,0.0006371931863698093
2020-04-06 14:20:00,2309.7481808683497,0.000648579789332109
2020-04-06 14:21:00,2311.069940563789,0.0006358707220259944
2020-04-06 14:22:00,2310.7677997700685,0.000606357401032517
2020-04-06 14:23:00,2310.0178950930876,0.0006244180919269303
2020-04-06 14:24:00,2311.803154599963,0.0006582666512598758
2020-04-06 14:25:00,2315.3580141686302,0.0006628379191369077
2020-04-06 14:26:00,2315.4719617584965,0.0006551443842662118
2020-04-06 14:27:00,2315.4258820009304,0.0007033956099533504
2020-04-06 14:28:00,2314.6587302707385,0.0006966640698626909
2020-04-06 14:29:00,2315.182240655564,0.0007009248816626785
2020-04-06 14:30:00,2312.3746161299337,0.000649025667713036
2020-04-06 14:31:00,2310.6277741161766,0.0006636292096002424
2020-04-06 14:32:00,2310.5091051046543,0.0006548736674717331
2020-04-06 14:33:00,2308.4593963382636,0.0006522691283655159
2020-04-06 14:34:00,2306.7830654747795,0.0006772675267236016
2020-04-06 14:35:00,2306.9027338614683,0.0006862218633033107
2020-04-06 14:36:00,2305.6190686768427,0.0007622657794864798
2020-04-06 14:37:00,2306.8551574096305,0.0007124425989584167
2020-04-06 14:38:00,2308.058601937119,0.0007156914536833263
2020-04-06 14:39:00,2308.011782709911,0.0006722635227628756
2020-04-06 14:40:00,2310.5714027127824,0.0007064626959621716
2020-04-06 14:41:00,2311.7590240684876,0.0007289215554505655
2020-04-06 14:42:00,2310.811814157756,0.0007271084757108514
2020-04-06 14:43:00,2313.964246241248,0.0007371402813524102
2020-04-06 14:44:00,2314.749125365078,0.0007331881853915883
2020-04-06 14:45:00,2314.6196819113284,0.000755436740847088
2020-04-06 14:46:00,2313.5305839085554,0.000798825176486626
2020-04-06 14:47:00,2312.1992450733824,0.0008163604669278086
2020-04-06 14:48:00,2313.8195018299307,0.0008407047308239504
2020-04-06 14:49:00,2317.5083789382447,0.0008225810703318947
2020-04-06 14:50:00,2317.2619795516566,0.0007530731390279251
2020-04-06 14:51:00,2318.1754765347223,0.0008047066894074834
2020-04-06 14:52:00,2317.8671312684314,0.0007856054299558076
2020-04-06 14:53:00,2313.8319926184977,0.0007350612645097507
2020-04-06 14:54:00,2311.9794591449668,0.0007449426114648809
2020-04-06 14:55:00,2312.219715605581,0.0007587112982232201
2020-04-06 14:56:00,2310.801640763739,0.0007362135330478898
2020-04-06 14:57:00,2311.0826625600585,0.0007351985769279258
2020-04-06 14:58:00,2309.204846028165,0.0007992354511046073
2020-04-06 14:59:00,2309.994056305729,0.0008211858640680482
2020-04-06 15:00:00,2307.5386592048735,0.0008135289896459263
2020-04-06 15:01:00,2307.2927032891407,0.0008033069416428282
2020-04-06 15:02:00,2307.4163921231743,0.0008686735279080251
2020-04-06 15:03:00,2308.2742332006883,0.000800443435956818
2020-04-06 15:04:00,2308.1284913100485,0.0007946522177212933
2020-04-06 15:05:00,2312.4608200446737,0.0008202632133523101
2020-04-06 15:06:00,2312.7759321855724,0.0008314786535666396
2020-04-06 15:07:00,2314.002372296838,0.0008464804280439146
2020-04-06 15:08:00,2317.240554386086,0.0008660888588168009
2020-04-06 15:09:00,2320.218164885316,0.0008694853100216909
2020-04-06 15:10:00,2317.3596912838275,0.0008342212400846412
2020-04-06 15:11:00,2316.4189130060695,0.0008522431384822027
2020-04-06 15:12:00,2313.450902568995,0.0008304627092498691
2020-04-06 15:13:00,2310.405252822847,0.0008939282564344501
2020-04-06 15:14:00,2311.5089240670422,0.0008986933695649093
2020-04-06 15:15:00,2313.245447940071,0.0008438064735837821
2020-04-06 15:16:00,2314.965056477581,0.000845762702979283
2020-04-06 15:17:00,2316.8256399576685,0.0008271201871395135
2020-04-06 15:18:00,2317.017254262135,0.0008558689033161236
2020-04-06 15:19:00,2318.175063913283,0.000846185577612714
2020-04-06 15:20:00,2320.298361805533,0.0008775021344681487
2020-04-06 15:21:00,2321.069726343813,0.0008945966544056484
2020-04-06 15:22:00,2323.353722242869,0.0009277475919259794
2020-04-06 15:23:00,2325.0400593610443,0.0008754758421800208
2020-04-06 15:24:00,2323.5618835243317,0.0009256450318016877
2020-04-06 15:25:00,2322.7731878325844,0.0008632967883953465
2020-04-06 15:26:00,2322.9164698813147,0.0008639579505531718
2020-04-06 15:27:00,2323.6927208156853,0.0009491006959934669
2020-04-06 15:28:00,2327.6900226965126,0.0010029155608892355
2020-04-06 15:29:00,2327.4597921687277,0.0009807731178363137
2020-04-06 15:30:00,2328.5937794675315,0.0009922243181527408
2020-04-06 15:31:00,2331.354812302682,0.00095499311455031
2020-04-06 15:32:00,2333.1457688883065,0.0009231974255006383
2020-04-06 15:33:00,2336.0140689530076,0.0009347013931617465
2020-04-06 15:34:00,2337.8008419284797,0.0009001292076521331
2020-04-06 15:35:00,2341.4951190517663,0.0008565341686596877
2020-04-06 15:36:00,2339.412121922844,0.0008079566263509485
2020-04-06 15:37:00,2339.6864674725343,0.0007706598373988245
2020-04-06 15:38:00,2341.5796496136336,0.0007482203760295495
2020-04-06 15:39:00,2341.6313505689855,0.0008242285395921995
2020-04-06 15:40:00,2340.310367462316,0.000888577774204538
2020-04-06 15:41:00,2337.8568143486564,0.0008686565042549888
2020-04-06 15:42:00,2333.819542468758,0.0008886016227241901
2020-04-06 15:43:00,2337.7771990860015,0.0009212196797893335
2020-04-06 15:44:00,2339.7156675174733,0.0009357421943109809
2020-04-06 15:45:00,2338.8150896460315,0.0009495353850196322
2020-04-06 15:46:00,2338.9201990801434,0.0009567421770041637
2020-04-06 15:47:00,2337.756096750345,0.0009705188547323659
2020-04-06 15:48:00,2333.3525057978345,0.0009221685739629633
2020-04-06 15:49:00,2331.761958171651,0.0009472464094895648
2020-04-06 15:50:00,2327.660197619268,0.0009188368815750023
2020-04-06 15:51:00,2327.8845191928594,0.0008870008008307555
2020-04-06 15:52:00,2330.840909716623,0.0009019847627607581
2020-04-06 15:53:00,2333.8882075069646,0.0008831336929870083
2020-04-06 15:54:00,2333.433909616167,0.0008614984308024828
2020-04-06 15:55:00,2335.668659514656,0.0009291596189139741
2020-04-06 15:56:00,2332.781370661569,0.0009606010470403574
2020-04-06 15:57:00,2331.2610039918027,0.0010586357588866207
2020-04-06 15:58:00,2333.7109330926405,0.0011431581921161145
2020-04-06 15:59:00,2332.4766517054923,0.0010690577894268097
2020-04-06 16:00:00,2335.544416889692,0.0010369215033194158
2020-04-06 16:01:00,2336.4009025758796,0.0010037005130241064
2020-04-06 16:02:00,2339.7938331596242,0.0009626079356008534
2020-04-06 16:03:00,2340.3301998951656,0.0009208542161566784
2020-04-06 16:04:00,2337.52275429819,0.0009684799638451574
2020-04-06 16:05:00,2336.7144314229367,0.000974985917829039
2020-04-06 16:06:00,2336.266233283042,0.0010017391503584828
2020-04-06 16:07:00,2335.43665957688,0.000982545434467246
2020-04-06 16:08:00,2335.241898704876,0.0009919382750671146
2020-04-06 16:09:00,2334.298138049286,0.0010088678086051482
2020-04-06 16:10:00,2334.6508082142495,0.0009658344645743376
2020-04-06 16:11:00,2336.170447787139,0.0009549078178570506
2020-04-06 16:12:00,2339.3039877939354,0.0009537852448846314
2020-04-06 16:13:00,2338.229902406669,0.0009196589536357032
2020-04-06 16:14:00,2340.6256986693334,0.0009543221759782374
2020-04-06 16:15:00,2343.6012554538115,0.0009008355570758063
2020-04-06 16:16:00,2343.018903019453,0.0008862533001141401
2020-04-06 16:17:00,2342.6288543946703,0.0008704673939716277
2020-04-06 16:18:00,2342.2360839873354,0.0008479704479833513
2020-04-06 16:19:00,2342.6042655143615,0.0008231201347841943
2020-04-06 16:20:00,2342.7586992260717,0.0008737012677149759
2020-04-06 16:21:00,2341.861375583775,0.0008335428991779741
2020-04-06 16:22:00,2343.0560709862716,0.0008024874149627331
2020-04-06 16:23:00,2344.8692592053494,0.0008038297957452997
2020-04-06 16:24:00,2343.283212359996,0.0007749316632150173
2020-04-06 16:25:00,2343.21065650843,0.000781430079139971
2020-04-06 16:26:00,2342.6868277663593,0.0007314814717175374
2020-04-06 16:27:00,2346.315193724457,0.0006578119823091336
2020-04-06 16:28:00,2344.331888290073,0.0007291799576081012
2020-04-06 16:29:00,2344.6600917661663,0.0007293924745144064
2020-04-06 16:30:00,2342.5271433107605,0.0007747627798851708
2020-04-06 16:31:00,2347.6574642292117,0.0008008358913331151
2020-04-06 16:32:00,2346.737025189215,0.0007780494915342605
2020-04-06 16:33:00,2343.9171063078556,0.000748230417651315
2020-04-06 16:34:00,2343.519868684643,0.0007488499865841951
2020-04-06 16:35:00,2343.699365084166,0.000811009580692931
2020-04-06 16:36:00,2343.9440536236357,0.0007838549752739314
2020-04-06 16:37:00,2343.583408480604,0.0007619677467378897
2020-04-06 16:38:00,2343.0288794855314,0.000745680442705812
2020-04-06 16:39:00,2343.1291986617584,0.0007723439668154587
2020-04-06 16:40:00,2343.107574189265,0.0008227986800573787
2020-04-06 16:41:00,2343.8760261046887,0.0008333502191320052
2020-04-06 16:42:00,2339.6221605765622,0.0008380297313048932
2020-04-06 16:43:00,2340.391730429503,0.0009296422285885182
2020-04-06 16:44:00,2339.315291041896,0.0010130367608226463
2020-04-06 16:45:00,2339.8110681515564,0.0009618048960794768
2020-04-06 16:46:00,2336.5812977620667,0.0010129123553413316
2020-04-06 16:47:00,2335.2297003352487,0.0010408177986905016
2020-04-06 16:48:00,2334.1767730459956,0.0010935300217363004
2020-04-06 16:49:00,2334.2611370501922,0.0010499689345647982
2020-04-06 16:50:00,2333.538325736478,0.0011007372098065602
2020-04-06 16:51:00,2328.3547411758013,0.0010594193478921583
2020-04-06 16:52:00,2327.5690559151776,0.0009891501195744205
2020-04-06 16:53:00,2326.416991938562,0.0009644688552353884
2020-04-06 16:54:00,2325.4809894403706,0.001026562420103384
2020-04-06 16:55:00,2326.2946521746285,0.001064937031826784
2020-04-06 16:56:00,2323.8734733423876,0.0010202041325999783
2020-04-06 16:57:00,2322.7130033499598,0.000950200035289086
2020-04-06 16:58:00,2322.381950261462,0.0009096480109070818
2020-04-06 16:59:00,2321.9159679283403,0.000860798142664629
2020-04-06 17:00:00,2318.893800038988,0.0008171455113224038
2020-04-06 17:01:00,2321.4742539310355,0.0008827987546600823
2020-04-06 17:02:00,2323.010952413735,0.0008564754546494075
2020-04-06 17:03:00,2320.6918532080845,0.0008140663333407462
2020-04-06 17:04:00,2317.5203724779367,0.000780160022611156
2020-04-06 17:05:00,2318.275352011518,0.0007550147132427363
2020-04-06 17:06:00,2320.1531748470784,0.0007334563911378981
2020-04-06 17:07:00,2323.033212244083,0.0007308798160178472
2020-04-06 17:08:00,2323.1926939329633,0.0006832997454708408
2020-04-06 17:09:00,2325.0246346100666,0.0007291049628222364
2020-04-06 17:10:00,2326.707521710125,0.0006636029188730909
2020-04-06 17:11:00,2326.211416658536,0.0006767781146649111
2020-04-06 17:12:00,2328.1732825223116,0.000678847584821223
2020-04-06 17:13:00,2325.2387486673815,0.0006514058403746921
2020-04-06 17:14:00,2324.372800570151,0.0007108493057528021
2020-04-06 17:15:00,2323.0129721745807,0.0007111746446987612
2020-04-06 17:16:00,2322.7872577833823,0.000661767387448882
2020-04-06 17:17:00,2320.589378413082,0.0006793759447427789
2020-04-06 17:18:00,2320.79056785185,0.0006790081099303249
2020-04-06 17:19:00,2318.382002100065,0.0007032059453016544
2020-04-06 17:20:00,2316.842365112563,0.0006419355754197815
2020-04-06 17:21:00,2319.5628189589374,0.0006423118815396558
2020-04-06 17:22:00,2319.52674064881,0.0006461199781080557
2020-04-06 17:23:00,2317.7956765521094,0.0006211146779414483
2020-04-06 17:24:00,2318.875090659127,0.0006505283690407326
2020-04-06 17:25:00,2318.3590881926343,0.0006027548617816509
2020-04-06 17:26:00,2318.055872638398,0.0006192462522446231
2020-04-06 17:27:00,2318.76666379094,0.0006721124509496913
2020-04-06 17:28:00,2321.4911234776937,0.0006644915021150532
2020-04-06 17:29:00,2322.9622194100316,0.0006422031963966349
2020-04-06 17:30:00,2323.46226334337,0.0006253286813065556
2020-04-06 17:31:00,2323.185480924118,0.0006811990079604027
2020-04-06 17:32:00,2320.865445877502,0.0007125072688193447
2020-04-06 17:33:00,2322.106224486731,0.0007199893109899586
2020-04-06 17:34:00,2322.498458169314,0.0007453611766931874
2020-04-06 17:35:00,2321.861040747189,0.0007148022155390196
2020-04-06 17:36:00,2322.301125243319,0.0007010410062200939
2020-04-06 17:37:00,2320.5082705752898,0.0006940657131981103
2020-04-06 17:38:00,2323.2156661762633,0.0006772549546805597
2020-04-06 17:39:00,2322.6248380498555,0.0007229317230992391
2020-04-06 17:40:00,2323.818669055914,0.000709270135501205
2020-04-06 17:41:00,2325.8821582518453,0.0007440494325010435
2020-04-06 17:42:00,2328.104103872278,0.0006752431610256159
2020-04-06 17:43:00,2326.4302555268555,0.0006858022510698045
2020-04-06 17:44:00,2328.418033371842,0.0007131426854722558
2020-04-06 17:45:00,2328.155530573124,0.0006708659125283693
2020-04-06 17:46:00,2330.014214437623,0.0006638597032705619
2020-04-06 17:47:00,2327.3955644666644,0.0006813475544360903
2020-04-06 17:48:00,2324.7593464477814,0.0006939523468036477
2020-04-06 17:49:00,2323.0698832334083,0.0006996129748087791
2020-04-06 17:50:00,2320.088452538904,0.0007446677947263526
2020-04-06 17:51:00,2319.564370127635,0.0007494597117884359
2020-04-06 17:52:00,2321.103734398387,0.0007437976419973186
2020-04-06 17:53:00,2321.65925253232,0.0007323882326041924
2020-04-06 17:54:00,2321.958831275481,0.0007526132115085511
2020-04-06 17:55:00,2324.7117838835234,0.0007472615044031655
2020-04-06 17:56:00,2325.8554212935387,0.0007374735325648029
2020-04-06 17:57:00,2323.836214255758,0.0007215248938148638
2020-04-06 17:58:00,2323.8462936047636,0.0007312801630339019
2020-04-06 17:59:00,2320.378402022653,0.0007284798149015354
2020-04-06 18:00:00,2321.2940046936424,0.0006937367389463221
2020-04-06 18:01:00,2320.4974948940653,0.0006917257590884188
2020-04-06 18:02:00,2319.8968182012336,0.000659585663696249
2020-04-06 18:03:00,2322.1996698370417,0.0006969305833888316
2020-04-06 18:04:00,2322.264622456818,0.00065771071174211
2020-04-06 18:05:00,2323.5403820156494,0.0005940699434290286
2020-04-06 18:06:00,2325.5423856040998,0.000556918689575796
2020-04-06 18:07:00,2320.7313222669463,0.0005780552411568066
2020-04-06 18:08:00,2320.9357167407934,0.0006327279996129354
2020-04-06 18:09:00,2322.036307438863,0.0006533074260975413
2020-04-06 18:10:00,2321.6613854147404,0.0006174059905575218
2020-04-06 18:11:00,2323.593569712075,0.0006108307433047929
2020-04-06 18:12:00,2324.5882195471754,0.0006086485157723303
2020-04-06 18:13:00,2323.5843119926158,0.000598460702427311
2020-04-06 18:14:00,2323.2095245713335,0.0005866455189005995
2020-04-06 18:15:00,2325.4714844712444,0.000555014596299039
2020-04-06 18:16:00,2329.08009127016,0.0005709649794359143
2020-04-06 18:17:00,2331.8240630008377,0.0005773687087154461
2020-04-06 18:18:00,2334.9732580864984,0.000551534254022497
2020-04-06 18:19:00,2334.1451002065414,0.0005247218760121955
2020-04-06 18:20:00,2333.867248496321,0.0005121402997729867
2020-04-06 18:21:00,2333.781837158165,0.00046168551702138917
2020-04-06 18:22:00,2335.3956523918914,0.00046159247334064417
2020-04-06 18:23:00,2335.7602613676686,0.00048753301926376106
2020-04-06 18:24:00,2336.2246195540374,0.000491283904936516
2020-04-06 18:25:00,2335.7059097083147,0.0004791245665919902
2020-04-06 18:26:00,2335.9577306666806,0.0004815800757714165
2020-04-06 18:27:00,2335.0396788682006,0.00045370187826690965
2020-04-06 18:28:00,2335.419981841095,0.00044283489829794403
2020-04-06 18:29:00,2337.236788037302,0.00042613988175680155
2020-04-06 18:30:00,2338.175609001787,0.0004393019836782326
2020-04-06 18:31:00,2337.7536152548996,0.0004139910013794277
2020-04-06 18:32:00,2337.1959572255273,0.00041419474782006233
2020-04-06 18:33:00,2336.488477371674,0.0004058631283140232
2020-04-06 18:34:00,2336.4333743344932,0.00041945791882257524
2020-04-06 18:35:00,2335.6733017985284,0.0004153245727534091
2020-04-06 18:36:00,2336.001480779882,0.00041177918784314
2020-04-06 18:37:00,2335.152537148799,0.0004172980666321333
2020-04-06 18:38:00,2334.990454419548,0.0004195260283001342
2020-04-06 18:39:00,2334.212998151821,0.0004152392107723594
2020-04-06 18:40:00,2332.8507626687942,0.0004354694923984475
2020-04-06 18:41:00,2333.4117873896853,0.0004444752557916728
2020-04-06 18:42:00,2334.4282381603475,0.00046351719197945993
2020-04-06 18:43:00,2335.104485307881,0.00045555093085933795
2020-04-06 18:44:00,2334.4527420849745,0.0004334942910020603
2020-04-06 18:45:00,2335.088443310989,0.0004309236299487065
2020-04-06 18:46:00,2335.5121846744837,0.00041630053141370783
2020-04-06 18:47:00,2334.6960642099016,0.00042558480789154263
2020-04-06 18:48:00,2335.5558841650136,0.0004507946397152883
2020-04-06 18:49:00,2335.434794796571,0.000429832316404093
2020-04-06 18:50:00,2334.3107936208007,0.0004360474301663714
2020-04-06 18:51:00,2335.166244530615,0.00044540148179212486
2020-04-06 18:52:00,2334.91487419483,0.0004684287977272125
2020-04-06 18:53:00,2334.270617427248,0.0004931869697498099
2020-04-06 18:54:00,2334.9404327795055,0.0005196329951638704
2020-04-06 18:55:00,2335.5151455734554,0.0005043262872868064
2020-04-06 18:56:00,2334.680319201344,0.0005014720811045503
2020-04-06 18:57:00,2335.954487260842,0.0004778391419398673
2020-04-06 18:58:00,2335.6190081888126,0.0004905239286153479
2020-04-06 18:59:00,2335.050820122187,0.0005093998420724736
2020-04-06 19:00:00,2333.7139540544063,0.0005326862307883993
2020-04-06 19:01:00,2333.8987978294003,0.000490726000038289
2020-04-06 19:02:00,2332.192888464222,0.0004563055175429459
2020-04-06 19:03:00,2332.339554797298,0.00042960990519738586
2020-04-06 19:04:00,2332.4569732918812,0.0004413688567959925
2020-04-06 19:05:00,2331.7552270131087,0.00045003796230653754
2020-04-06 19:06:00,2331.3612271946613,0.000480919489818974
2020-04-06 19:07:00,2331.7385475528135,0.0004734590176463904
2020-04-06 19:08:00,2332.3983113220033,0.0004840167401073562
2020-04-06 19:09:00,2333.656247349282,0.0004889630390843236
2020-04-06 19:10:00,2335.4939112846514,0.000482468549096513
2020-04-06 19:11:00,2336.4582064680535,0.0004953782534022485
2020-04-06 19:12:00,2335.655904368108,0.0005135755936763495
2020-04-06 19:13:00,2335.2552651065735,0.0005187790407217224
2020-04-06 19:14:00,2335.9910037996574,0.0005533135755867634
2020-04-06 19:15:00,2336.2231170915497,0.0005597887101464102
2020-04-06 19:16:00,2336.572094689542,0.0005408409560047289
2020-04-06 19:17:00,2336.7621067654236,0.0005202036470440556
2020-04-06 19:18:00,2338.1690294184464,0.0005428899480506217
2020-04-06 19:19:00,2338.3330009322717,0.000542512097328865
2020-04-06 19:20:00,2339.3036857830716,0.0005560293905974319
2020-04-06 19:21:00,2337.6203795803644,0.0005596048938566808
2020-04-06 19:22:00,2338.261393717689,0.0005982015849992415
2020-04-06 19:23:00,2339.5453074324732,0.0005693083471206647
2020-04-06 19:24:00,2338.7725381428495,0.0004935227860890574
2020-04-06 19:25:00,2336.4373420164693,0.0004726494203560256
2020-04-06 19:26:00,2336.8226411863575,0.0004937957452406476
2020-04-06 19:27:00,2339.216012059311,0.0004784346267755041
2020-04-06 19:28:00,2339.0424262646397,0.0005051050058698631
2020-04-06 19:29:00,2337.857332190515,0.0005431221527227777
2020-04-06 19:30:00,2337.624130148646,0.0005128937657363029
2020-04-06 19:31:00,2339.1830014900324,0.000523257646441182
2020-04-06 19:32:00,2339.234514490138,0.0004991880799021623
2020-04-06 19:33:00,2338.903729170336,0.0004965631690619546
2020-04-06 19:34:00,2340.460284136024,0.0004721566976355115
2020-04-06 19:35:00,2338.4188927201485,0.0004656360845399097
2020-04-06 19:36:00,2336.8408004932403,0.00045651433882232744
2020-04-06 19:37:00,2336.2337486044607,0.0004975919960720806
2020-04-06 19:38:00,2335.9160548001905,0.0004994820483449777
2020-04-06 19:39:00,2335.8450594234773,0.0005120894699101493
2020-04-06 19:40:00,2335.946042990251,0.00053804387293074
2020-04-06 19:41:00,2335.5978636100162,0.0005361384482507505
2020-04-06 19:42:00,2336.509810997318,0.00047667316653019436
2020-04-06 19:43:00,2335.0948385124884,0.0004920971168162765
2020-04-06 19:44:00,2335.0314101708777,0.00047102978220130745
2020-04-06 19:45:00,2335.105189916373,0.0004619086147313772
2020-04-06 19:46:00,2333.8416152668237,0.0004451768214282771
2020-04-06 19:47:00,2335.477055161175,0.0004614594156937632
2020-04-06 19:48:00,2335.702846477847,0.00041829768922569207
2020-04-06 19:49:00,2336.2593977446836,0.00042208078963726364
2020-04-06 19:50:00,2335.7545131039124,0.00041207405146452184
2020-04-06 19:51:00,2335.5435759197844,0.0004125251897103557
2020-04-06 19:52:00,2334.3062010326853,0.00045095394486986093
2020-04-06 19:53:00,2334.0899758663654,0.0004590965049225526
2020-04-06 19:54:00,2333.9922051834424,0.00046124570529932377
2020-04-06 19:55:00,2332.4024265638245,0.00045778814981485273
2020-04-06 19:56:00,2332.278239254027,0.00042644855779963353
2020-04-06 19:57:00,2330.863748318919,0.0004219999268937888
2020-04-06 19:58:00,2332.3644370035204,0.0003934344547445665
2020-04-06 19:59:00,2331.2855080448185,0.0003853133942289224
2020-04-07 13:30:00,2236.3090668265586,0.0003903941890032007
2020-04-07 13:31:00,2238.079206602728,0.00038612454331019426
2020-04-07 13:32:00,2237.0356345225764,0.00037416372443320136
2020-04-07 13:33:00,2237.6568304094026,0.00037034213381855597
2020-04-07 13:34:00,2237.6834947247603,0.00036681101877881486
2020-04-07 13:35:00,2237.6330490482483,0.0003886041360078133
2020-04-07 13:36:00,2237.76890081585,0.0003723129330136357
2020-04-07 13:37:00,2237.5731876186446,0.00038750232525705725
2020-04-07 13:38:00,2238.097470533564,0.00039763339316408933
2020-04-07 13:39:00,2239.078269683472,0.00038995173878210573
2020-04-07 13:40:00,2239.198555936743,0.00038641580025695937
2020-04-07 13:41:00,2240.418700747883,0.00038439756907923396
2020-04-07 13:42:00,2241.9411535051777,0.0003786771792975803
2020-04-07 13:43:00,2241.822816725752,0.000371128776945345
2020-04-07 13:44:00,2242.4457416432383,0.00039819954353363695
2020-04-07 13:45:00,2242.9612090922155,0.0003932995942073297
2020-04-07 13:46:00,2242.4158322068092,0.0003874914352488525
2020-04-07 13:47:00,2242.211572776557,0.0003961265665923396
2020-04-07 13:48:00,2240.591164129743,0.0004046418018735282
2020-04-07 13:49:00,2241.334249949054,0.00042313459917224495
2020-04-07 13:50:00,2240.4818317476675,0.0004545084889945924
2020-04-07 13:51:00,2241.438655982319,0.0004391539927327372
2020-04-07 13:52:00,2242.9108893774874,0.00046713611995090966
2020-04-07 13:53:00,2242.136504528669,0.00045477501367716415
2020-04-07 13:54:00,2242.2756983620807,0.00043389782100154315
2020-04-07 13:55:00,2241.279491181239,0.0004193852210333633
2020-04-07 13:56:00,2242.4661648535475,0.0004029053246044356
2020-04-07 13:57:00,2242.6314039584554,0.0003959412287108167
2020-04-07 13:58:00,2242.2636087270575,0.00039238852100100717
2020-04-07 13:59:00,2241.6075080216383,0.00038552673957977114
2020-04-07 14:00:00,2241.570433816856,0.0003705996854055377
2020-04-07 14:01:00,2241.5637520103965,0.0004100115018973521
2020-04-07 14:02:00,2239.390825627941,0.00040389935152998745
2020-04-07 14:03:00,2239.194543862538,0.00042847955382412214
2020-04-07 14:04:00,2240.570679078276,0.00047200443275420215
2020-04-07 14:05:00,2241.696102443098,0.0004976930486325282
2020-04-07 14:06:00,2239.180978991565,0.0004618740760212521
2020-04-07 14:07:00,2239.3124093162955,0.00047789035550773937
2020-04-07 14:08:00,2239.5760239308856,0.0004850216418911713
2020-04-07 14:09:00,2238.5213607354685,0.0004686348728058436
2020-04-07 14:10:00,2239.6959039327808,0.00046968890438111433
2020-04-07 14:11:00,2238.8978715995395,0.0004414576800305403
2020-04-07 14:12:00,2239.7053081078443,0.000444574503308924
2020-04-07 14:13:00,2239.0669520983415,0.00042090065014821975
2020-04-07 14:14:00,2237.543874523334,0.0004248100581500092
2020-04-07 14:15:00,2239.135893449061,0.0004347821639871215
2020-04-07 14:16:00,2237.86409480782,0.00046833141260698883
2020-04-07 14:17:00,2238.172900337458,0.0004466581808664422
2020-04-07 14:18:00,2237.2687989875544,0.0004401750396503559
2020-04-07 14:19:00,2238.894759798241,0.00042869105721141955
2020-04-07 14:20:00,2238.579852998079,0.00042746913163185855
2020-04-07 14:21:00,2239.930016751063,0.0004126799227173365
2020-04-07 14:22:00,2240.0856071854005,0.00044532547362084875
2020-04-07 14:23:00,2239.543775147026,0.0004769728596062662
2020-04-07 14:24:00,2239.0258652755083,0.0004590812340515452
2020-04-07 14:25:00,2240.4526026610492,0.00044313953348963496
2020-04-07 14:26:00,2240.3660944300123,0.00044366686758745593
2020-04-07 14:27:00,2238.0944006014433,0.0004262948369606955
2020-04-07 14:28:00,2238.815386519631,0.0004184979862523069
2020-04-07 14:29:00,2236.823177988957,0.000426693087307073
2020-04-07 14:30:00,2239.3072186079153,0.00041119342958223596
2020-04-07 14:31:00,2237.8191358802114,0.0004092710665795698
2020-04-07 14:32:00,2237.8568204395724,0.0004195133905745482
2020-04-07 14:33:00,2238.7975379390655,0.0003814770438606712
2020-04-07 14:34:00,2238.6212111066193,0.000372435642803381
2020-04-07 14:35:00,2239.093040984145,0.00037920557676451985
2020-04-07 14:36:00,2238.278761802948,0.00037279916512888614
2020-04-07 14:37:00,2238.9320893556946,0.0003694348736349644
2020-04-07 14:38:00,2237.5365966254944,0.00038605636857521084
2020-04-07 14:39:00,2236.704340545487,0.0004043379939906667
2020-04-07 14:40:00,2238.2812614117847,0.0004096787331658345
2020-04-07 14:41:00,2238.581768163367,0.00041237348743502946
2020-04-07 14:42:00,2237.677407675154,0.0004003058459407246
2020-04-07 14:43:00,2236.5275883267004,0.00037838555723383396
2020-04-07 14:44:00,2237.3388676154727,0.00035145735499558486
2020-04-07 14:45:00,2237.858319956864,0.00034436677432969794
2020-04-07 14:46:00,2236.4227975923486,0.0003548345175300451
2020-04-07 14:47:00,2234.9353478457324,0.000370527478985033
2020-04-07 14:48:00,2235.374464510264,0.000381778187162305
2020-04-07 14:49:00,2234.8150967584897,0.00037067506712616606
2020-04-07 14:50:00,2235.381481918937,0.0003654552360158309
2020-04-07 14:51:00,2235.3676122016955,0.00036301972613573245
2020-04-07 14:52:00,2237.5784531895465,0.00037313807483436116
2020-04-07 14:53:00,2238.0083187057635,0.00040297912150967583
2020-04-07 14:54:00,2237.4702661912715,0.0003911669768947756
2020-04-07 14:55:00,2237.373137309557,0.00037997084697443946
2020-04-07 14:56:00,2235.9127800087485,0.0004107580677197242
2020-04-07 14:57:00,2234.3842684941624,0.00044195488229309713
2020-04-07 14:58:00,2234.4378901265213,0.0004479142145755638
2020-04-07 14:59:00,2234.3602254331104,0.0004361683922709312
2020-04-07 15:00:00,2234.6106664191793,0.00045571217603645087
2020-04-07 15:01:00,2236.6739515610284,0.0004848667532554935
2020-04-07 15:02:00,2236.4740563851806,0.00045211330540300543
2020-04-07 15:03:00,2237.7322674990833,0.0004432025416202735
2020-04-07 15:04:00,2237.8066571024574,0.0004152911557387464
2020-04-07 15:05:00,2237.347772316126,0.0004072741821701642
2020-04-07 15:06:00,2238.564511365916,0.00039407966293278476
2020-04-07 15:07:00,2239.264559827877,0.0003860764989180081
2020-04-07 15:08:00,2238.860466888084,0.0003971569710336923
2020-04-07 15:09:00,2239.4912096223998,0.0004046229049084564
2020-04-07 15:10:00,2239.0719811920967,0.00040019047514799623
2020-04-07 15:11:00,2237.4653767207415,0.0004067365323576808
2020-04-07 15:12:00,2236.6105523016113,0.0003957213719241048
2020-04-07 15:13:00,2236.8894618048103,0.0004058861178284773
2020-04-07 15:14:00,2235.0276817321114,0.00039751027821926377
2020-04-07 15:15:00,2236.7423997430674,0.00039145125660742304
2020-04-07 15:16:00,2236.84151521411,0.0003916286480847403
2020-04-07 15:17:00,2238.462200036345,0.00041434067272324323
2020-04-07 15:18:00,2238.2088380855193,0.00042176698923782074
2020-04-07 15:19:00,2238.395412895586,0.00038967577300307976
2020-04-07 15:20:00,2238.0178091725234,0.0003839049511473188
2020-04-07 15:21:00,2238.4380820634656,0.0003744424206561302
2020-04-07 15:22:00,2238.516199400725,0.0003576922228320981
2020-04-07 15:23:00,2239.373077071446,0.00037650508394418956
2020-04-07 15:24:00,2238.7539460550993,0.0003757742529224354
2020-04-07 15:25:00,2239.6913622330326,0.0003925833250574003
2020-04-07 15:26:00,2239.7977333867902,0.0003909592853577762
2020-04-07 15:27:00,2239.9225364595677,0.00036298826883160174
2020-04-07 15:28:00,2239.21545775913,0.0003431279857044104
2020-04-07 15:29:00,2239.440686640022,0.00033743666041551474
2020-04-07 15:30:00,2238.825206461785,0.0003294878197817483
2020-04-07 15:31:00,2238.91208078416,0.00034053655583510603
2020-04-07 15:32:00,2238.9170774346153,0.00033872134526791484
2020-04-07 15:33:00,2237.889329085472,0.0003241871681472078
2020-04-07 15:34:00,2237.833879286692,0.00032874582684441235
2020-04-07 15:35:00,2237.021059002061,0.0003398307368915148
2020-04-07 15:36:00,2236.947983266514,0.0003507562802612797
2020-04-07 15:37:00,2237.323494760224,0.00036076030110055406
2020-04-07 15:38:00,2236.5105399981544,0.0003903219962313257
2020-04-07 15:39:00,2237.755494336119,0.00038910155334401177
2020-04-07 15:40:00,2236.496603709311,0.00038762956076905143
2020-04-07 15:41:00,2235.831068832166,0.0003708044771043877
2020-04-07 15:42:00,2237.306088680987,0.0003601714077637523
2020-04-07 15:43:00,2237.1911409821673,0.0003510230914537197
2020-04-07 15:44:00,2237.929548707275,0.0003641166727268403
2020-04-07 15:45:00,2236.0246532131746,0.0003642542697693288
2020-04-07 15:46:00,2235.911421926016,0.0003892097025848086
2020-04-07 15:47:00,2235.920984601266,0.0003728445654299683
2020-04-07 15:48:00,2234.847722238338,0.0003397175667533313
2020-04-07 15:49:00,2233.935089037635,0.00032514569375725134
2020-04-07 15:50:00,2233.6867918755756,0.0003581710030176614
2020-04-07 15:51:00,2234.1438642739317,0.00035799486863326475
2020-04-07 15:52:00,2233.935633095469,0.0003476574703400772
2020-04-07 15:53:00,2233.983266052044,0.0003515844155233604
2020-04-07 15:54:00,2234.2945251941615,0.0003336929347714437
2020-04-07 15:55:00,2233.259627404255,0.0003342277444898974
2020-04-07 15:56:00,2233.283742939748,0.0003099651381115009
2020-04-07 15:57:00,2233.119887792831,0.0003112092518163272
2020-04-07 15:58:00,2232.6323585209357,0.0003160090658472961
2020-04-07 15:59:00,2233.4670489117034,0.00032051569743437545
2020-04-07 16:00:00,2234.65079790021,0.0003318302707166341
2020-04-07 16:01:00,2235.312811106246,0.0003431727258608361
2020-04-07 16:02:00,2235.539372204854,0.0003296450392862408
2020-04-07 16:03:00,2235.136556092608,0.0003283317986750314
2020-04-07 16:04:00,2235.59677920667,0.00033734616838433467
2020-04-07 16:05:00,2233.94316112888,0.0003377471062955797
2020-04-07 16:06:00,2233.965272084533,0.0003490242191431493
2020-04-07 16:07:00,2235.0113433563097,0.0003624675012836799
2020-04-07 16:08:00,2235.603614714888,0.00034593586872954155
2020-04-07 16:09:00,2236.609983905748,0.00033878712164173966
2020-04-07 16:10:00,2237.815683937701,0.0003163324921569302
2020-04-07 16:11:00,2237.290918503566,0.0003058906436653713
2020-04-07 16:12:00,2237.483027980459,0.00031404213126428763
2020-04-07 16:13:00,2237.3183684880014,0.00032499516632172437
2020-04-07 16:14:00,2237.9685279158434,0.0003447854100818803
2020-04-07 16:15:00,2237.993378662101,0.0003618860331733648
2020-04-07 16:16:00,2235.8643816096624,0.00036279971994402754
2020-04-07 16:17:00,2237.4099896261605,0.0003659799097220142
2020-04-07 16:18:00,2237.4335383598273,0.0003787625810752907
2020-04-07 16:19:00,2236.5978237516483,0.00038329398246772376
2020-04-07 16:20:00,2236.8414959545494,0.0003615377315692722
2020-04-07 16:21:00,2236.383733201693,0.0003471651848784822
2020-04-07 16:22:00,2236.1914690385224,0.0003371512950148466
2020-04-07 16:23:00,2236.8508032936197,0.0003341939890218988
2020-04-07 16:24:00,2236.5049266930923,0.00032978752651344044
2020-04-07 16:25:00,2235.263661762007,0.0003237158306501384
2020-04-07 16:26:00,2236.2539802367696,0.00032934681199778157
2020-04-07 16:27:00,2237.57548484101,0.00034933902690413896
2020-04-07 16:28:00,2237.6306184213618,0.000362953276751064
2020-04-07 16:29:00,2237.3011923158792,0.00032460069674013843
2020-04-07 16:30:00,2238.35937037249,0.00033480586377608
2020-04-07 16:31:00,2238.2909284309458,0.00033580540549432985
2020-04-07 16:32:00,2239.4305863756463,0.00031297827775125813
2020-04-07 16:33:00,2239.2507987132026,0.00029471815480095826
2020-04-07 16:34:00,2239.476804807584,0.00029018494409929464
2020-04-07 16:35:00,2239.075362831259,0.00028874427395736245
2020-04-07 16:36:00,2238.77064406397,0.0002901509951447388
2020-04-07 16:37:00,2239.4558578533465,0.00030034505837031806
2020-04-07 16:38:00,2240.068386423941,0.00029494230710074275
2020-04-07 16:39:00,2238.5293585917416,0.0003045083524050664
2020-04-07 16:40:00,2239.0870923841608,0.00031039969835018535
2020-04-07 16:41:00,2239.90532322519,0.00031519862952263176
2020-04-07 16:42:00,2239.7570523072955,0.0003366664239906478
2020-04-07 16:43:00,2239.058356375962,0.0003364436868121678
2020-04-07 16:44:00,2238.777311707776,0.0003198056687914614
2020-04-07 16:45:00,2238.3480590458053,0.00032495810553768463
2020-04-07 16:46:00,2238.317132518607,0.0003019610179362722
2020-04-07 16:47:00,2238.351554624527,0.0003000842142738705
2020-04-07 16:48:00,2238.183294237419,0.00028552003389597613
2020-04-07 16:49:00,2238.6085825706077,0.00030225419337880636
2020-04-07 16:50:00,2240.368936302197,0.00031181764679916115
2020-04-07 16:51:00,2239.9473610095993,0.0002849149147506296
2020-04-07 16:52:00,2239.6391130441207,0.0002849322641637719
2020-04-07 16:53:00,2240.715646172863,0.0002779593063070479
2020-04-07 16:54:00,2239.4065165673837,0.0002868950040068324
2020-04-07 16:55:00,2239.4753330630674,0.0002957829364827334
2020-04-07 16:56:00,2239.7999387259456,0.00030151279408663974
2020-04-07 16:57:00,2239.2940949450635,0.00029151176530465417
2020-04-07 16:58:00,2237.9230051945674,0.00029312177282291463
2020-04-07 16:59:00,2236.560557621944,0.0002855600352014684
2020-04-07 17:00:00,2237.1453412284422,0.0002791103964017058
2020-04-07 17:01:00,2237.2601444115217,0.0002657064320470861
2020-04-07 17:02:00,2237.932366404864,0.00026679316345524216
2020-04-07 17:03:00,2238.095130769612,0.0002640572211254817
2020-04-07 17:04:00,2238.369878641791,0.0002729610196363253
2020-04-07 17:05:00,2239.092838626053,0.00025962661270839953
2020-04-07 17:06:00,2239.945750265617,0.0002587162979106557
2020-04-07 17:07:00,2239.4184085917686,0.00024973978971116757
2020-04-07 17:08:00,2239.1210700382385,0.0002638228699079105
2020-04-07 17:09:00,2239.2726766703863,0.0002589505869428199
2020-04-07 17:10:00,2238.933508283158,0.00026508557473009617
2020-04-07 17:11:00,2238.659515508159,0.00029338174182750134
2020-04-07 17:12:00,2238.9483386535426,0.0002912250697970582
2020-04-07 17:13:00,2238.982144273597,0.00029202534658952407
2020-04-07 17:14:00,2239.4740099376563,0.0002760498323759421
2020-04-07 17:15:00,2238.838923730434,0.00026708120951461737
2020-04-07 17:16:00,2239.1660431032547,0.00026384729147312786
2020-04-07 17:17:00,2239.717963389877,0.00023810562328623524
2020-04-07 17:18:00,2238.9775811612994,0.00023711482471993923
2020-04-07 17:19:00,2238.7046315742136,0.000247256551446276
2020-04-07 17:20:00,2238.414928758803,0.0002378873743793909
2020-04-07 17:21:00,2239.757624242783,0.00023992201867780585
2020-04-07 17:22:00,2239.4804897457407,0.0002349688147145965
2020-04-07 17:23:00,2240.70056306182,0.00023133993435631349
2020-04-07 17:24:00,2241.3346311704263,0.00023068338732007825
2020-04-07 17:25:00,2240.3961068339827,0.00023985278741576143
2020-04-07 17:26:00,2240.415284266439,0.00024803111314783817
2020-04-07 17:27:00,2239.8433703888127,0.0002489841484807476
2020-04-07 17:28:00,2239.4573677512803,0.00026087930116898157
2020-04-07 17:29:00,2238.2382952256985,0.00024675714276818574
2020-04-07 17:30:00,2238.137302071264,0.00026837972826304895
2020-04-07 17:31:00,2239.2690445489907,0.00027950463275000845
2020-04-07 17:32:00,2238.637380629117,0.00026638296156886713
2020-04-07 17:33:00,2238.7865508906007,0.0002653161877252737
2020-04-07 17:34:00,2237.7777598060557,0.00025193605010698564
2020-04-07 17:35:00,2237.2540642048875,0.0002581100292440951
2020-04-07 17:36:00,2237.677317804127,0.00023519095952242525
2020-04-07 17:37:00,2237.9275401487644,0.0002471834996952672
2020-04-07 17:38:00,2236.70484568207,0.0002505421834373247
2020-04-07 17:39:00,2235.9455276408685,0.00024029552593497845
2020-04-07 17:40:00,2235.624851241342,0.000251919656985346
2020-04-07 17:41:00,2235.411613577979,0.0002461542562723455
2020-04-07 17:42:00,2235.6081878757755,0.0002581832028965647
2020-04-07 17:43:00,2235.216003394071,0.00025852011262780117
2020-04-07 17:44:00,2235.3006583109777,0.00023656463526798268
2020-04-07 17:45:00,2234.66918283168,0.0002405343669622045
2020-04-07 17:46:00,2235.0361631107676,0.0002432721193319768
2020-04-07 17:47:00,2234.5819044472873,0.00023040842685378656
2020-04-07 17:48:00,2235.128764771121,0.00023080126003364692
2020-04-07 17:49:00,2235.5258583641134,0.00023010550077883047
2020-04-07 17:50:00,2235.2064675918778,0.00023596588158798293
2020-04-07 17:51:00,2235.1060840127684,0.0002471794102993631
2020-04-07 17:52:00,2235.7314298767465,0.0002626752733639913
2020-04-07 17:53:00,2235.0372078728747,0.00026162163257004053
2020-04-07 17:54:00,2236.0731671957774,0.00026173391545574376
2020-04-07 17:55:00,2236.4692124439284,0.00026441013119184403
2020-04-07 17:56:00,2236.802097598778,0.00027133183564810516
2020-04-07 17:57:00,2236.6609139496572,0.0002463247450951636
2020-04-07 17:58:00,2236.4618647926027,0.0002331086516835099
2020-04-07 17:59:00,2235.912404812673,0.0002380079138703394
2020-04-07 18:00:00,2236.604319857291,0.0002456423492720609
2020-04-07 18:01:00,2236.3065909447064,0.0002467324035671803
2020-04-07 18:02:00,2235.9196135564393,0.0002359028830722606
2020-04-07 18:03:00,2235.386553356921,0.00028528107208548517
2020-04-07 18:04:00,2235.325146109763,0.0002900945331424159
2020-04-07 18:05:00,2234.5971962253866,0.0002743385236652576
2020-04-07 18:06:00,2234.5909787905725,0.0002498123629461467
2020-04-07 18:07:00,2235.377542239024,0.0002523203967803873
2020-04-07 18:08:00,2234.5758424012442,0.0002400287892339624
2020-04-07 18:09:00,2235.3326252356246,0.0002342142617574418
2020-04-07 18:10:00,2234.887267056379,0.00023098500507241014
2020-04-07 18:11:00,2234.461484538453,0.00021204555347501024
2020-04-07 18:12:00,2235.334509581365,0.00020378485109233353
2020-04-07 18:13:00,2235.0504265463983,0.00020552340237552712
2020-04-07 18:14:00,2235.7457786458126,0.00020503612991944886
2020-04-07 18:15:00,2236.2120933435876,0.00021391786211150498
2020-04-07 18:16:00,2236.3414076273357,0.00021116500491247792
2020-04-07 18:17:00,2236.1277981298445,0.000210768939604545
2020-04-07 18:18:00,2235.544619251424,0.0002156779808501531
2020-04-07 18:19:00,2234.0196028665955,0.00022125100617733677
2020-04-07 18:20:00,2233.501613291477,0.00022492176958758593
2020-04-07 18:21:00,2233.252600677972,0.00021247841255401248
2020-04-07 18:22:00,2232.6781840688445,0.0002156714998905558
2020-04-07 18:23:00,2232.023783465506,0.0002253735097108849
2020-04-07 18:24:00,2232.613235336333,0.00024122435769122278
2020-04-07 18:25:00,2232.9497367083636,0.00024888641167288337
2020-04-07 18:26:00,2232.9765653531626,0.0002520476215961475
2020-04-07 18:27:00,2233.193103079026,0.0002412154319074572
2020-04-07 18:28:00,2233.2191543281124,0.00023056350844732453
2020-04-07 18:29:00,2234.50696155093,0.00023342325643296776
2020-04-07 18:30:00,2235.0123197011285,0.00023876176502679098
2020-04-07 18:31:00,2234.979076990212,0.00024819545983627566
2020-04-07 18:32:00,2235.3012370307206,0.0002581625881380937
2020-04-07 18:33:00,2235.088936160835,0.000233989365473238
2020-04-07 18:34:00,2235.4706778128416,0.00023180427079826094
2020-04-07 18:35:00,2235.7412841048654,0.00021484630339858006
2020-04-07 18:36:00,2235.745293445144,0.0001967651657859902
2020-04-07 18:37:00,2235.9312314257945,0.00020589472940523617
2020-04-07 18:38:00,2236.6888339185234,0.0001940197411261258
2020-04-07 18:39:00,2236.441103308667,0.00019729297283833347
2020-04-07 18:40:00,2237.3099422672476,0.00020769166532160315
2020-04-07 18:41:00,2237.269372981321,0.0002097012024330477
2020-04-07 18:42:00,2238.0993575829866,0.00020477318629880795
2020-04-07 18:43:00,2238.4848889626724,0.0002067922130406239
2020-04-07 18:44:00,2238.2388625729595,0.00018963551480679876
2020-04-07 18:45:00,2237.956694870965,0.000198260694013979
2020-04-07 18:46:00,2237.4765643423175,0.00019018351878983395
2020-04-07 18:47:00,2236.5716963501964,0.00017674424628945376
2020-04-07 18:48:00,2236.9651895118814,0.00018206102447570403
2020-04-07 18:49:00,2236.267490004254,0.00018113632438726047
2020-04-07 18:50:00,2235.5222619791157,0.0001988915645298319
2020-04-07 18:51:00,2235.016147538334,0.00022354809030454727
2020-04-07 18:52:00,2234.550017934598,0.00022060520996450278
2020-04-07 18:53:00,2234.5183477304927,0.00021117082260997718
2020-04-07 18:54:00,2234.7441911062388,0.00020840208475779638
2020-04-07 18:55:00,2234.9554147465033,0.00021707789391771186
2020-04-07 18:56:00,2234.9295824874134,0.00020225653115754744
2020-04-07 18:57:00,2234.324990393521,0.00019522793951405438
2020-04-07 18:58:00,2234.203963904228,0.00019190528350088564
2020-04-07 18:59:00,2234.147109785019,0.00019483866210265964
2020-04-07 19:00:00,2233.4401618847096,0.00018733673598104656
2020-04-07 19:01:00,2233.847584303211,0.00017859853551553808
2020-04-07 19:02:00,2234.358499634062,0.00019613561301963742
2020-04-07 19:03:00,2234.7968412608425,0.0001939511619242433
2020-04-07 19:04:00,2234.9060419776965,0.00019709804614312113
2020-04-07 19:05:00,2233.4054262986533,0.00019500960535468375
2020-04-07 19:06:00,2233.928598590031,0.00018832185755196973
2020-04-07 19:07:00,2233.08304063985,0.0001930335738869659
2020-04-07 19:08:00,2233.2923844418815,0.00019624721907205467
2020-04-07 19:09:00,2232.991085010898,0.00019971902941721536
2020-04-07 19:10:00,2232.566206557653,0.00019672362164137915
2020-04-07 19:11:00,2232.546190477226,0.00018858734910231597
2020-04-07 19:12:00,2232.2992426049955,0.00020714763813409984
2020-04-07 19:13:00,2232.9866301067796,0.00018786172712500487
2020-04-07 19:14:00,2233.614993688946,0.00018085675979410848
2020-04-07 19:15:00,2233.497397205672,0.00019142895533033507
2020-04-07 19:16:00,2233.67945832602,0.00017959412797991458
2020-04-07 19:17:00,2233.26922440699,0.00018189440481235753
2020-04-07 19:18:00,2232.821596753324,0.00018148979963766268
2020-04-07 19:19:00,2232.1880291935063,0.00017962483527422788
2020-04-07 19:20:00,2232.3955825076296,0.00017596945073597867
2020-04-07 19:21:00,2231.6020457065183,0.0001852718840253482
2020-04-07 19:22:00,2231.318322106907,0.0001753637318934321
2020-04-07 19:23:00,2231.414976216774,0.00018189883823445925
2020-04-07 19:24:00,2231.604805289161,0.00017730115052420022
2020-04-07 19:25:00,2231.1361893503504,0.0001857288696525868
2020-04-07 19:26:00,2230.947839039713,0.00019525458685639384
2020-04-07 19:27:00,2230.80480970021,0.00019331441429944424
2020-04-07 19:28:00,2231.3343537788514,0.00019534296383485824
2020-04-07 19:29:00,2231.0785849096674,0.00019435661681521207
2020-04-07 19:30:00,2231.3489259693447,0.00019389606148840504
2020-04-07 19:31:00,2230.8855737143754,0.00019528242830433375
2020-04-07 19:32:00,2231.009535492965,0.00021677825648118275
2020-04-07 19:33:00,2230.8629633340765,0.0002315772708432804
2020-04-07 19:34:00,2231.6321969903142,0.0002256284587934705
2020-04-07 19:35:00,2231.265447923558,0.00023096899079105588
2020-04-07 19:36:00,2231.3821447788573,0.00022265456664392097
2020-04-07 19:37:00,2231.261959267265,0.00023701592701630948
2020-04-07 19:38:00,2231.4504185856013,0.00024024678015124225
2020-04-07 19:39:00,2231.922743788137,0.00024167085565895955
2020-04-07 19:40:00,2231.056416078185,0.00024298107105854232
2020-04-07 19:41:00,2231.144901620474,0.00024352108023960084
2020-04-07 19:42:00,2231.2306277021517,0.00024142979730681184
2020-04-07 19:43:00,2231.9648725030834,0.00023701833930771647
2020-04-07 19:44:00,2232.0693780984434,0.00022509336601932834
2020-04-07 19:45:00,2232.438772343491,0.00022113403708230213
2020-04-07 19:46:00,2231.9485318644065,0.00021662473370918754
2020-04-07 19:47:00,2231.8576852677347,0.0002239218240253134
2020-04-07 19:48:00,2231.918342370501,0.00023201626026189703
2020-04-07 19:49:00,2231.5495588788185,0.00024273045741106945
2020-04-07 19:50:00,2231.622235307722,0.0002493743990705048
2020-04-07 19:51:00,2232.190968158792,0.00023830053112783035
2020-04-07 19:52:00,2231.8364576134104,0.00023530627668486053
2020-04-07 19:53:00,2231.6739400295264,0.00022866570276500805
2020-04-07 19:54:00,2230.754913766376,0.00022350602209623649
2020-04-07 19:55:00,2230.3352895959947,0.00022641694790540207
2020-04-07 19:56:00,2231.511140569619,0.00024268256510202627
2020-04-07 19:57:00,2231.685354430027,0.00025409407174740794
2020-04-07 19:58:00,2231.503917734628,0.00024372537319138798
2020-04-07 19:59:00,2232.2410051687875,0.00024118070530306226
2020-04-08 13:30:00,2179.002722674041,0.00024148435164293827
2020-04-08 13:31:00,2178.818791584158,0.00025015209040946487
2020-04-08 13:32:00,2178.8851692959856,0.00024284975841651468
2020-04-08 13:33:00,2179.0731174426282,0.0002532570218377627
2020-04-08 13:34:00,2179.3795782576635,0.00026174129307957045
2020-04-08 13:35:00,2178.5528287481206,0.00027148038509130194
2020-04-08 13:36:00,2177.9823759377323,0.0002623141914722799
2020-04-08 13:37:00,2177.865206816627,0.0002761910186731203
2020-04-08 13:38:00,2178.1152763810514,0.0002688763156960495
2020-04-08 13:39:00,2178.422587046346,0.0002656883854854224
2020-04-08 13:40:00,2179.0385716254905,0.00028906893671976633
2020-04-08 13:41:00,2180.2381194925792,0.0003010537235288843
2020-04-08 13:42:00,2180.1293726435174,0.000288741610000066
2020-04-08 13:43:00,2180.3995923358148,0.000301961545146682
2020-04-08 13:44:00,2179.789903040319,0.0003039447563525034
2020-04-08 13:45:00,2178.7238926199025,0.00032994686989884297
2020-04-08 13:46:00,2178.22869452671,0.00031955684999003645
2020-04-08 13:47:00,2177.5016193096217,0.0003095198924229375
2020-04-08 13:48:00,2177.7510724281206,0.00031445180124065254
2020-04-08 13:49:00,2177.015915788927,0.0003027970731044234
2020-04-08 13:50:00,2175.725107609368,0.0003054906076702814
2020-04-08 13:51:00,2174.8467663550728,0.00029604714130700155
2020-04-08 13:52:00,2175.031527585739,0.0002901007823992719
2020-04-08 13:53:00,2174.419641949221,0.0002831097775827575
2020-04-08 13:54:00,2174.1028711623667,0.0002819528518685865
2020-04-08 13:55:00,2173.008128768917,0.0002856920361315757
2020-04-08 13:56:00,2172.669495970133,0.0002765552299498753
2020-04-08 13:57:00,2171.7523799721357,0.0002578147614207379
2020-04-08 13:58:00,2171.8718364215,0.0002701549522008739
2020-04-08 13:59:00,2171.607055025956,0.00030776269984806356
2020-04-08 14:00:00,2170.8482255979507,0.0003077620710118131
2020-04-08 14:01:00,2169.488105085856,0.0003126400483412051
2020-04-08 14:02:00,2169.2929417617224,0.00029901363560154415
2020-04-08 14:03:00,2170.332888815215,0.000283296250563629
2020-04-08 14:04:00,2170.7066842868417,0.00027516838830765687
2020-04-08 14:05:00,2170.3420524875182,0.0003028064958899073
2020-04-08 14:06:00,2171.0955525461272,0.0002851565578660127
2020-04-08 14:07:00,2170.9868433309966,0.00029995967109706847
2020-04-08 14:08:00,2171.751282069086,0.00030690630456618387
2020-04-08 14:09:00,2171.4519507091886,0.00033469306637600203
2020-04-08 14:10:00,2170.6436889693,0.000350413052545335
2020-04-08 14:11:00,2170.6239885015602,0.00036516007335664086
2020-04-08 14:12:00,2171.0695235382714,0.0003264733262951158
2020-04-08 14:13:00,2172.1289960724007,0.0003135694796688314
2020-04-08 14:14:00,2172.5519007085436,0.00032017183060258005
2020-04-08 14:15:00,2172.7951344571884,0.0003209950938971648
2020-04-08 14:16:00,2172.8138974672956,0.00034268144091344313
2020-04-08 14:17:00,2173.2069423211983,0.0003451637292114624
2020-04-08 14:18:00,2172.723892373474,0.0003476410273070285
2020-04-08 14:19:00,2173.7317214637396,0.0003934790226568681
2020-04-08 14:20:00,2174.0829616120177,0.0003620329702475085
2020-04-08 14:21:00,2173.1241167630083,0.00037366071697382633
2020-04-08 14:22:00,2172.1078278480886,0.0003545196213541484
2020-04-08 14:23:00,2171.805814120338,0.00036345239892857903
2020-04-08 14:24:00,2172.3668572620763,0.0003875550575174859
2020-04-08 14:25:00,2172.431524905451,0.0003990472532302511
2020-04-08 14:26:00,2173.6676664920155,0.00042015158134140005
2020-04-08 14:27:00,2175.5575764835394,0.0003870631796385161
2020-04-08 14:28:00,2177.250122450608,0.0003886111813675943
2020-04-08 14:29:00,2177.6190714247678,0.00037288158532307797
2020-04-08 14:30:00,2177.479588332829,0.00037348885077446883
2020-04-08 14:31:00,2176.338184416038,0.0003868599812359902
2020-04-08 14:32:00,2177.6690782610444,0.0003989436970264176
2020-04-08 14:33:00,2177.020612301406,0.0003800193699763942
2020-04-08 14:34:00,2178.459930553373,0.0003774534473329529
2020-04-08 14:35:00,2177.6820746666026,0.0003565539010794923
2020-04-08 14:36:00,2176.9874249548893,0.0003583658513456837
2020-04-08 14:37:00,2176.334266539533,0.00039177432349523717
2020-04-08 14:38:00,2175.897034518683,0.00039890637396347534
2020-04-08 14:39:00,2175.574733695337,0.00041150178207679025
2020-04-08 14:40:00,2174.51866972018,0.0004775193087817318
2020-04-08 14:41:00,2173.29836069924,0.0005327645586356356
2020-04-08 14:42:00,2170.861060149263,0.0005446264633224742
2020-04-08 14:43:00,2172.1452304123895,0.0005817303221934904
2020-04-08 14:44:00,2173.3766992985466,0.0005588538309162836
2020-04-08 14:45:00,2174.8346098637935,0.000585551365699515
2020-04-08 14:46:00,2175.1098491935463,0.0005628668892667007
2020-04-08 14:47:00,2176.5396331288694,0.0005350944940075215
2020-04-08 14:48:00,2176.5904665735006,0.0005167308877060471
2020-04-08 14:49:00,2176.7479562589792,0.0004924672398436517
2020-04-08 14:50:00,2177.2347075359507,0.0004894010387617909
2020-04-08 14:51:00,2176.0367879484816,0.0004781109738967268
2020-04-08 14:52:00,2177.0295030775274,0.0004658955691764685
2020-04-08 14:53:00,2176.700681703851,0.00042548990610765704
2020-04-08 14:54:00,2176.459145012921,0.0004401765283058851
2020-04-08 14:55:00,2175.6716695474556,0.00044564926801186135
2020-04-08 14:56:00,2175.1840770434383,0.00047977028530840214
2020-04-08 14:57:00,2175.679644563214,0.0004541855631367436
2020-04-08 14:58:00,2174.8275744887137,0.0004324287765207478
2020-04-08 14:59:00,2175.7981655038516,0.0003889257454437923
2020-04-08 15:00:00,2176.034670320115,0.0003736205811940564
2020-04-08 15:01:00,2174.533049949038,0.0003882665950486817
2020-04-08 15:02:00,2175.3471192502775,0.0003633106491677343
2020-04-08 15:03:00,2176.5643420874612,0.0003874748157764793
2020-04-08 15:04:00,2174.441220206603,0.0004147192268780202
2020-04-08 15:05:00,2174.724716566501,0.00042581777669235235
2020-04-08 15:06:00,2174.7540186865645,0.0004376999551659775
2020-04-08 15:07:00,2174.222529239861,0.00042455628248828497
2020-04-08 15:08:00,2172.2025596564845,0.0004319325981355338
2020-04-08 15:09:00,2171.9669338277,0.0004461926088087645
2020-04-08 15:10:00,2173.481412060229,0.0003916901606290653
2020-04-08 15:11:00,2172.0374197465367,0.0003645554685914588
2020-04-08 15:12:00,2170.646543728123,0.00035761133658526923
2020-04-08 15:13:00,2170.42861181597,0.0003310088720490231
2020-04-08 15:14:00,2169.629829763575,0.0003309766652722667
2020-04-08 15:15:00,2168.421360693595,0.0003354157671473083
2020-04-08 15:16:00,2168.7628075688895,0.00030738870025101827
2020-04-08 15:17:00,2168.7683660902567,0.00031309570929285177
2020-04-08 15:18:00,2168.4157733736447,0.0003376533965019848
2020-04-08 15:19:00,2168.741209322035,0.00032449250370148315
2020-04-08 15:20:00,2167.626452419405,0.00035723000084130196
2020-04-08 15:21:00,2167.6181007719892,0.00035748338992175127
2020-04-08 15:22:00,2168.029841256823,0.00038660327213005624
2020-04-08 15:23:00,2167.701450184583,0.0003855687779335306
2020-04-08 15:24:00,2168.59968147907,0.00041003290421110536
2020-04-08 15:25:00,2169.241077343004,0.00039809117764032584
2020-04-08 15:26:00,2167.7678670216005,0.0003911589972035309
2020-04-08 15:27:00,2168.5318782929485,0.0004196510692146664
2020-04-08 15:28:00,2169.909076818674,0.0004177985779307406
2020-04-08 15:29:00,2169.070545987101,0.0004165868734488902
2020-04-08 15:30:00,2169.986295028487,0.00042439914197970924
2020-04-08 15:31:00,2170.7793561043163,0.00043503861277181875
2020-04-08 15:32:00,2171.7081477350393,0.0004329026274257747
2020-04-08 15:33:00,2171.861268953168,0.0004162542287133122
2020-04-08 15:34:00,2171.2910681618455,0.0004072217995689255
2020-04-08 15:35:00,2169.556932905975,0.00039110240171549545
2020-04-08 15:36:00,2167.3040655805535,0.00040933673491865485
2020-04-08 15:37:00,2167.188502002865,0.0003863543153060197
2020-04-08 15:38:00,2166.8786622984794,0.0003754985621312854
2020-04-08 15:39:00,2166.951003940356,0.00040062357100049885
2020-04-08 15:40:00,2166.9460299222937,0.0003799246309035289
2020-04-08 15:41:00,2167.5534950777337,0.00035706872654681104
2020-04-08 15:42:00,2166.701104319933,0.00033885288482067176
2020-04-08 15:43:00,2167.8211971105975,0.0003148359246744333
2020-04-08 15:44:00,2166.6721684893478,0.00032945139037539285
2020-04-08 15:45:00,2167.870145655761,0.0003403473478948852
2020-04-08 15:46:00,2167.4493623255953,0.00034878420426832885
2020-04-08 15:47:00,2168.0144691540413,0.00035661818529241927
2020-04-08 15:48:00,2168.0381138150874,0.0003738999583916053
2020-04-08 15:49:00,2168.4228888252956,0.0003622066205584149
2020-04-08 15:50:00,2167.5176212263113,0.0003670867851316709
2020-04-08 15:51:00,2167.764061202074,0.00037065663191720554
2020-04-08 15:52:00,2167.797032803063,0.0003568546736825011
2020-04-08 15:53:00,2167.668589950879,0.0003705903800158955
2020-04-08 15:54:00,2168.3807597167647,0.0003760493580255491
2020-04-08 15:55:00,2168.4224778256057,0.0003819650737355111
2020-04-08 15:56:00,2167.058550538286,0.0003686656706271831
2020-04-08 15:57:00,2167.0222022236885,0.0003832274852471195
2020-04-08 15:58:00,2167.2608598405595,0.0003763431093623036
2020-04-08 15:59:00,2167.3975027896145,0.0003749084488696351
2020-04-08 16:00:00,2167.097845197888,0.00039341491621392404
2020-04-08 16:01:00,2165.3298283726017,0.00038542943852653297
2020-04-08 16:02:00,2164.3630310797935,0.0003977464887338249
2020-04-08 16:03:00,2164.2103438814675,0.00038405822529514
2020-04-08 16:04:00,2164.20144684141,0.00038800454021216613
2020-04-08 16:05:00,2164.2885415077963,0.00037328881468313985
2020-04-08 16:06:00,2166.1401329591154,0.0003557524512897941
2020-04-08 16:07:00,2166.4586412854565,0.0003537615460968908
2020-04-08 16:08:00,2167.42257642578,0.0003516518087644258
2020-04-08 16:09:00,2167.3856328409356,0.0003737858170260891
2020-04-08 16:10:00,2166.134251331752,0.0003809455132096231
2020-04-08 16:11:00,2167.4945314858574,0.00040603461828089425
2020-04-08 16:12:00,2166.561855925919,0.00043480304220394313
2020-04-08 16:13:00,2166.741318356223,0.0004326742531073898
2020-04-08 16:14:00,2166.9746334520078,0.0004303597419871457
2020-04-08 16:15:00,2168.1725668373024,0.00046071024633062357
2020-04-08 16:16:00,2168.6897270825675,0.00047432181879332534
2020-04-08 16:17:00,2168.4078759223507,0.00045612990096276674
2020-04-08 16:18:00,2166.9133582518875,0.00048037344348162136
2020-04-08 16:19:00,2168.2360125603373,0.0004986880570163507
2020-04-08 16:20:00,2168.279836047747,0.0005235203909365172
2020-04-08 16:21:00,2168.9665321063017,0.0004921641117459997
2020-04-08 16:22:00,2169.356682789726,0.0004925930683692182
2020-04-08 16:23:00,2170.855189735485,0.0005155582900653998
2020-04-08 16:24:00,2170.893372275957,0.0005512361481701956
2020-04-08 16:25:00,2172.6435590878336,0.0005213865529008691
2020-04-08 16:26:00,2173.559242209557,0.000545021079834935
2020-04-08 16:27:00,2171.042513168203,0.0005607299147845549
2020-04-08 16:28:00,2171.2313271724142,0.0005378135436145336
2020-04-08 16:29:00,2170.2789861358738,0.0005216367907631725
2020-04-08 16:30:00,2170.726198734253,0.0005135268517914188
2020-04-08 16:31:00,2171.224594341642,0.0005419766275425108
2020-04-08 16:32:00,2171.2484327483767,0.0005329877837323159
2020-04-08 16:33:00,2171.341357383499,0.0005540354753872046
2020-04-08 16:34:00,2173.267869165439,0.0005525572624724952
2020-04-08 16:35:00,2171.6863055723556,0.0005217973751920942
2020-04-08 16:36:00,2171.298017749072,0.0005558646467349855
2020-04-08 16:37:00,2171.1510440662864,0.0005439850015620699
2020-04-08 16:38:00,2169.3133186593805,0.0005553833857095981
2020-04-08 16:39:00,2169.0141764514783,0.0005719635844626947
2020-04-08 16:40:00,2169.7131256913754,0.0005913285571803144
2020-04-08 16:41:00,2171.532354257111,0.0005885161370480733
2020-04-08 16:42:00,2170.9236131920757,0.0005865448151800056
2020-04-08 16:43:00,2169.1781827648842,0.0005505819880275594
2020-04-08 16:44:00,2168.0411814601066,0.000507085094951708
2020-04-08 16:45:00,2167.722119386342,0.0005033700264863813
2020-04-08 16:46:00,2167.73573775713,0.0005044857746755522
2020-04-08 16:47:00,2166.1914480431637,0.000505506926406066
2020-04-08 16:48:00,2168.001120771379,0.00048255622615951086
2020-04-08 16:49:00,2168.728436184069,0.0004570188597902405
2020-04-08 16:50:00,2168.8221312254973,0.00045656390136791124
2020-04-08 16:51:00,2167.962149705867,0.0004696227090857302
2020-04-08 16:52:00,2168.189409607343,0.0004749863710448043
2020-04-08 16:53:00,2168.5871333802274,0.0004910773999203185
2020-04-08 16:54:00,2170.321784017449,0.00047780636539879526
2020-04-08 16:55:00,2170.6400610631395,0.00048065084390013917
2020-04-08 16:56:00,2170.4022443409285,0.0004944121381486218
2020-04-08 16:57:00,2168.6139235826463,0.0004913377877262478
2020-04-08 16:58:00,2168.602061889366,0.0004572855982254077
2020-04-08 16:59:00,2167.8750768510117,0.00045161063941115425
2020-04-08 17:00:00,2167.6894235114373,0.0004443582517640855
2020-04-08 17:01:00,2167.925826990297,0.0004959094897795482
2020-04-08 17:02:00,2168.2497950880884,0.0004618807311807459
2020-04-08 17:03:00,2169.7104715626538,0.00044754198328698794
2020-04-08 17:04:00,2170.691348029271,0.0004659972377262669
2020-04-08 17:05:00,2171.1235532067767,0.00046958544553710554
2020-04-08 17:06:00,2170.9274743496867,0.0004762618366048746
2020-04-08 17:07:00,2172.1423126800505,0.0004478879019255238
2020-04-08 17:08:00,2171.569142784608,0.00040852549740546916
2020-04-08 17:09:00,2172.7659156230684,0.0004186384859257691
2020-04-08 17:10:00,2172.067434639845,0.00044121570381547965
2020-04-08 17:11:00,2172.2709303447527,0.00040924425621386036
2020-04-08 17:12:00,2172.274727161401,0.00040065423834867816
2020-04-08 17:13:00,2170.1192418272294,0.00038622612437818634
2020-04-08 17:14:00,2170.4107783733866,0.00037410792470705045
2020-04-08 17:15:00,2170.512838851974,0.0003936403711734656
2020-04-08 17:16:00,2170.814244862087,0.00043588938423385026
2020-04-08 17:17:00,2170.4599276352624,0.00042923096304763644
2020-04-08 17:18:00,2172.3055273282152,0.00041720978872900874
2020-04-08 17:19:00,2172.2219362216456,0.00041249939882267517
2020-04-08 17:20:00,2172.7478475616895,0.00041671613686492534
2020-04-08 17:21:00,2171.9183917421797,0.000411105750930391
2020-04-08 17:22:00,2171.8683741384916,0.0003954443286105602
2020-04-08 17:23:00,2171.370298339698,0.00036753396144336597
2020-04-08 17:24:00,2170.6701932381998,0.0004002214694335805
2020-04-08 17:25:00,2170.1135753155063,0.0003846498213246892
2020-04-08 17:26:00,2169.4415950819903,0.00036147868542166526
2020-04-08 17:27:00,2170.710706310197,0.0003780006203197258
2020-04-08 17:28:00,2169.5932979281474,0.00039819961949161926
2020-04-08 17:29:00,2169.028917915905,0.000380153449188856
2020-04-08 17:30:00,2170.1680989165193,0.00036064007026115786
2020-04-08 17:31:00,2170.9169827402693,0.000359419229791114
2020-04-08 17:32:00,2170.580954818463,0.000316634406930215
2020-04-08 17:33:00,2169.821129279938,0.00029711248533190605
2020-04-08 17:34:00,2169.866259710307,0.0002884304394907747
2020-04-08 17:35:00,2169.674415857687,0.0002879327179880615
2020-04-08 17:36:00,2169.7357479288403,0.00028778738263440627
2020-04-08 17:37:00,2170.2284681873116,0.0003138024402033292
2020-04-08 17:38:00,2170.933465434661,0.0002994844319609601
2020-04-08 17:39:00,2171.2038806028927,0.00031326949473285074
2020-04-08 17:40:00,2171.5926445357973,0.000310035072004017
2020-04-08 17:41:00,2171.7176135738114,0.00031101533445089183
2020-04-08 17:42:00,2171.862874795054,0.00031674640902629636
2020-04-08 17:43:00,2170.170285236026,0.00032058226341695
2020-04-08 17:44:00,2170.894166618663,0.0003142127678275364
2020-04-08 17:45:00,2169.467865357244,0.00030495073461806805
2020-04-08 17:46:00,2169.4235375504104,0.0003180848898484196
2020-04-08 17:47:00,2170.2473970294523,0.0003580838281949548
2020-04-08 17:48:00,2169.9979090534416,0.00035386875582319675
2020-04-08 17:49:00,2169.5226730773757,0.00037343952783695767
2020-04-08 17:50:00,2170.1294059470774,0.00038446587109430716
2020-04-08 17:51:00,2170.475146783148,0.00038128999624815465
2020-04-08 17:52:00,2171.058097529239,0.0003999640975394319
2020-04-08 17:53:00,2170.7793670867063,0.00037153318239666164
2020-04-08 17:54:00,2169.484271160144,0.00039047830625851
2020-04-08 17:55:00,2169.861701768226,0.00038899493649287536
2020-04-08 17:56:00,2169.334402335455,0.00040061606723303957
2020-04-08 17:57:00,2168.37857876642,0.00042283112969253696
2020-04-08 17:58:00,2168.237569193914,0.0004718841883502959
2020-04-08 17:59:00,2167.765755085444,0.00045747793518986844
2020-04-08 18:00:00,2167.016752668952,0.0004465421690222079
2020-04-08 18:01:00,2167.745290619435,0.0004556771538337997
2020-04-08 18:02:00,2169.6187073956476,0.00041694531595020773
2020-04-08 18:03:00,2171.054990499624,0.00039072422156967126
2020-04-08 18:04:00,2170.3958969088767,0.00037666038817039076
2020-04-08 18:05:00,2169.462514119772,0.00037283337582931557
2020-04-08 18:06:00,2171.2820703639986,0.00036973811146386455
2020-04-08 18:07:00,2172.89443528577,0.0003457759870726257
2020-04-08 18:08:00,2172.5825825117386,0.0003379383241566359
2020-04-08 18:09:00,2171.482110145103,0.0003378107042100669
2020-04-08 18:10:00,2170.9804901666857,0.0003336987692191577
2020-04-08 18:11:00,2170.5923773283503,0.0003091520429392641
2020-04-08 18:12:00,2171.052369999989,0.0003308282063361367
2020-04-08 18:13:00,2170.9349389677504,0.0003365484270978762
2020-04-08 18:14:00,2171.2147398038196,0.00034475097919688157
2020-04-08 18:15:00,2169.595035137213,0.0003806315887934512
2020-04-08 18:16:00,2169.075000484131,0.00039663120027100984
2020-04-08 18:17:00,2170.272832136059,0.0003974773361398567
2020-04-08 18:18:00,2169.4773095074497,0.0004128012210279331
2020-04-08 18:19:00,2171.1206828924574,0.0004245572411997771
2020-04-08 18:20:00,2172.0138274984506,0.000431405304257716
2020-04-08 18:21:00,2171.409119310876,0.0004408237417070776
2020-04-08 18:22:00,2170.972113837519,0.0004704645797928673
2020-04-08 18:23:00,2169.4539078580124,0.00044119616361085125
2020-04-08 18:24:00,2168.122267977877,0.00043893546220435167
2020-04-08 18:25:00,2168.329050700937,0.00041607371675115337
2020-04-08 18:26:00,2168.206445947737,0.0004291880746242922
2020-04-08 18:27:00,2167.503058468698,0.0004142269239388205
2020-04-08 18:28:00,2169.1635760688578,0.0004258041495862808
2020-04-08 18:29:00,2170.6080552387275,0.0004157157672140213
2020-04-08 18:30:00,2169.1927405553165,0.0004114681997081741
2020-04-08 18:31:00,2168.6494749258336,0.00040272016834351525
2020-04-08 18:32:00,2167.5917154433255,0.0004008855025215711
2020-04-08 18:33:00,2166.2827469406843,0.0004040891078416569
2020-04-08 18:34:00,2166.4203548170954,0.000383833145463479
2020-04-08 18:35:00,2166.753493777097,0.0003836196646957548
2020-04-08 18:36:00,2168.0178085806606,0.0003855003384613858
2020-04-08 18:37:00,2167.898662156871,0.00039087711971413767
2020-04-08 18:38:00,2168.9912994152533,0.00039129499498284436
2020-04-08 18:39:00,2167.84250128065,0.0004149722088443303
2020-04-08 18:40:00,2168.6571989639906,0.00040740371808033887
2020-04-08 18:41:00,2169.5971907679223,0.00039687610937135697
2020-04-08 18:42:00,2167.914584729531,0.00038256361686176814
2020-04-08 18:43:00,2168.8626665546844,0.0003590371852230234
2020-04-08 18:44:00,2166.7268745777883,0.00037438801001122483
2020-04-08 18:45:00,2167.7400698835763,0.00034257084409938603
2020-04-08 18:46:00,2167.6762676582694,0.0003423204496946412
2020-04-08 18:47:00,2168.1348882524267,0.00034756445108816505
2020-04-08 18:48:00,2169.7368093187074,0.00034619887952286896
2020-04-08 18:49:00,2170.246991459288,0.00034883219292282505
2020-04-08 18:50:00,2170.4525710979588,0.0003390620140262916
2020-04-08 18:51:00,2168.9526979922666,0.000356830264524652
2020-04-08 18:52:00,2168.5809105367653,0.0003141833176234795
2020-04-08 18:53:00,2168.8158772534557,0.00032177494228530104
2020-04-08 18:54:00,2169.427711856087,0.00033835661957431595
2020-04-08 18:55:00,2170.3756714485385,0.00032566802833760926
2020-04-08 18:56:00,2170.2106389293203,0.00033027878907480597
2020-04-08 18:57:00,2168.8626860426693,0.00031146752761615227
2020-04-08 18:58:00,2169.0974498470687,0.0002991822116190141
2020-04-08 18:59:00,2169.209486585322,0.00030662689095742486
2020-04-08 19:00:00,2169.9975210474568,0.0003131285819224756
2020-04-08 19:01:00,2170.0180893359257,0.00033393911886077924
2020-04-08 19:02:00,2170.0316427963226,0.00033020106956238126
2020-04-08 19:03:00,2170.90749591152,0.00032337515458396676
2020-04-08 19:04:00,2170.413060969006,0.00032678704350097885
2020-04-08 19:05:00,2171.5715248585034,0.0003370323875164942
2020-04-08 19:06:00,2171.5353291190045,0.00036028761333650234
2020-04-08 19:07:00,2170.603379663358,0.0003820952686793256
2020-04-08 19:08:00,2171.0644194484885,0.00039700577653499616
2020-04-08 19:09:00,2172.3529403121424,0.000391452947819597
2020-04-08 19:10:00,2171.852750223041,0.0003842745201808568
2020-04-08 19:11:00,2172.1849443687133,0.0003831302483480242
2020-04-08 19:12:00,2172.5672024710993,0.00039065295934173063
2020-04-08 19:13:00,2173.3416565277535,0.00036799597374376794
2020-04-08 19:14:00,2174.295917596905,0.0003569316556023785
2020-04-08 19:15:00,2174.006393218818,0.0003529368501160921
2020-04-08 19:16:00,2174.8498751575944,0.0003659368323011268
2020-04-08 19:17:00,2174.0454463034866,0.00038816618808430774
2020-04-08 19:18:00,2173.709992366645,0.00038781139427421284
2020-04-08 19:19:00,2172.547630064987,0.00039076096768401466
2020-04-08 19:20:00,2173.2597659237053,0.0003676752840794011
2020-04-08 19:21:00,2172.820622140712,0.0003595312507254767
2020-04-08 19:22:00,2173.2056166016796,0.00038058956785555953
2020-04-08 19:23:00,2172.4529391889873,0.0003952694806735277
2020-04-08 19:24:00,2172.4745597592496,0.0003942212528058124
2020-04-08 19:25:00,2172.8968133882736,0.0003876947557939829
2020-04-08 19:26:00,2172.396827730143,0.00038040050694800195
2020-04-08 19:27:00,2171.680801618629,0.0003934856400112606
2020-04-08 19:28:00,2170.7987473743756,0.00038191608733057863
2020-04-08 19:29:00,2170.65352388755,0.00037370345405761667
2020-04-08 19:30:00,2169.9464966855367,0.0003728599007317776
2020-04-08 19:31:00,2170.1522849471257,0.000357202135876591
2020-04-08 19:32:00,2170.9826578148804,0.0003784800858146159
2020-04-08 19:33:00,2171.1909582189523,0.00036969554238034877
2020-04-08 19:34:00,2170.8145383591655,0.0003720096889042547
2020-04-08 19:35:00,2170.721807527844,0.00036014535612474143
2020-04-08 19:36:00,2170.8883466579705,0.0003378240586015181
2020-04-08 19:37:00,2170.8406432594543,0.0003346370183187224
2020-04-08 19:38:00,2169.974040243288,0.0003432400308716658
2020-04-08 19:39:00,2171.0371047282792,0.0003735596225840676
2020-04-08 19:40:00,2171.3122299433885,0.00037026656801458535
2020-04-08 19:41:00,2172.3605367578757,0.00034032696683046156
2020-04-08 19:42:00,2172.240886593306,0.0003343864086258269
2020-04-08 19:43:00,2173.4559324944685,0.0003398298802589626
2020-04-08 19:44:00,2172.8862021270056,0.0003440296882644719
2020-04-08 19:45:00,2170.6015355523277,0.0003787740484247786
2020-04-08 19:46:00,2171.212589567133,0.00037634825522913165
2020-04-08 19:47:00,2171.8015888311625,0.00035367013454970525
2020-04-08 19:48:00,2170.466961327199,0.0003550266325524556
2020-04-08 19:49:00,2171.088099688337,0.0003680728623899442
2020-04-08 19:50:00,2170.1607238257025,0.0003613240159651031
2020-04-08 19:51:00,2170.014984156476,0.00035224543672914395
2020-04-08 19:52:00,2170.499526808392,0.00033972568305162376
2020-04-08 19:53:00,2170.9745951113623,0.00035479312253397234
2020-04-08 19:54:00,2172.5467592487275,0.00034416003704956224
2020-04-08 19:55:00,2173.3473196060672,0.0003392699490566791
2020-04-08 19:56:00,2172.555350848696,0.0003086354948140692
2020-04-08 19:57:00,2173.4915759368596,0.00029424306365285406
2020-04-08 19:58:00,2173.2103832111816,0.0002923810693968447
2020-04-08 19:59:00,2173.1149242516317,0.00030423655144964256
2020-04-09 13:30:00,2098.223122398846,0.00030966920889695956
2020-04-09 13:31:00,2098.104243129229,0.0003364526075409933
2020-04-09 13:32:00,2099.6229210639403,0.0003062457921103609
2020-04-09 13:33:00,2099.8904028949996,0.00030959871852851475
2020-04-09 13:34:00,2099.699291865868,0.0003154556749199539
2020-04-09 13:35:00,2100.4742917497883,0.0003199185738100604
2020-04-09 13:36:00,2101.2136239012693,0.00033001772672185034
2020-04-09 13:37:00,2100.6972753381897,0.00032416037859844116
2020-04-09 13:38:00,2100.636041102183,0.0003127896125188348
2020-04-09 13:39:00,2100.550350915017,0.0003279166827228011
2020-04-09 13:40:00,2100.0269471704014,0.00034560899925300696
2020-04-09 13:41:00,2100.2683810542953,0.0003456109840551856
2020-04-09 13:42:00,2100.4075902891336,0.00036565520336586104
2020-04-09 13:43:00,2100.491999069897,0.00035498573652172636
2020-04-09 13:44:00,2100.267628469784,0.0003308093363254529
2020-04-09 13:45:00,2099.8536562350123,0.00031331990567954644
2020-04-09 13:46:00,2100.568460970891,0.0003328106974882902
2020-04-09 13:47:00,2100.8818808635533,0.0003620621381652433
2020-04-09 13:48:00,2100.551378806776,0.0003320783597849905
2020-04-09 13:49:00,2100.631255481034,0.0003471691638945389
2020-04-09 13:50:00,2100.3765206614685,0.00033645098132798466
2020-04-09 13:51:00,2100.5943615058827,0.00033537480188623725
2020-04-09 13:52:00,2101.0474933807977,0.0003336739188052126
2020-04-09 13:53:00,2100.9863539834587,0.0003103184661626734
2020-04-09 13:54:00,2102.3455407870792,0.0003253204184227344
2020-04-09 13:55:00,2103.7386798921966,0.0003451208803557452
2020-04-09 13:56:00,2103.6485239845974,0.00033674847863653345
2020-04-09 13:57:00,2102.5526228933513,0.000345580362201835
2020-04-09 13:58:00,2103.1679954579736,0.00036159924691450023
2020-04-09 13:59:00,2102.643009587967,0.00037899193648117425
2020-04-09 14:00:00,2101.9232247304376,0.00036240371340276185
2020-04-09 14:01:00,2100.690032724468,0.0003421944340632045
2020-04-09 14:02:00,2101.647059161608,0.00033401841768319326
2020-04-09 14:03:00,2102.0270163324126,0.00033912253885692216
2020-04-09 14:04:00,2101.5450721068714,0.000312261704962853
2020-04-09 14:05:00,2101.914083663181,0.00032593481082978797
2020-04-09 14:06:00,2102.193303704996,0.0003227801876137376
2020-04-09 14:07:00,2101.9300922769294,0.00034007625364223994
2020-04-09 14:08:00,2102.2987728382814,0.00035071495007180727
2020-04-09 14:09:00,2101.756587895121,0.00036228094751799243
2020-04-09 14:10:00,2101.7761051955786,0.0003674131682493842
2020-04-09 14:11:00,2101.48165597572,0.0003568888822048486
2020-04-09 14:12:00,2101.1648938255166,0.00034772496438692984
2020-04-09 14:13:00,2100.6008161547556,0.000326363348918161
2020-04-09 14:14:00,2101.2284041218095,0.0003357887195702666
2020-04-09 14:15:00,2100.8044714246203,0.00031356569339042084
2020-04-09 14:16:00,2099.50633649202,0.0003179880171301518
2020-04-09 14:17:00,2100.8406581931404,0.0003302695550763346
2020-04-09 14:18:00,2100.4274680150606,0.00031886009093983945
2020-04-09 14:19:00,2099.368691707903,0.00030058615480400353
2020-04-09 14:20:00,2099.2660396502265,0.0003009764884156555
2020-04-09 14:21:00,2099.989397446588,0.0003099971743354943
2020-04-09 14:22:00,2099.021470988992,0.0003497944437862333
2020-04-09 14:23:00,2098.2196854447066,0.00038292749860426684
2020-04-09 14:24:00,2098.875919489849,0.00039084594603231424
2020-04-09 14:25:00,2098.879645832478,0.0003818002368173793
2020-04-09 14:26:00,2099.1781054309913,0.00037512944735994345
2020-04-09 14:27:00,2097.782656091375,0.0003869969947653558
2020-04-09 14:28:00,2098.4227687445054,0.0003915861443935397
2020-04-09 14:29:00,2097.5934768497223,0.00036037558795437796
2020-04-09 14:30:00,2097.1605530468973,0.000361396194962262
2020-04-09 14:31:00,2096.3121449106866,0.00038426130713671656
2020-04-09 14:32:00,2096.608303579685,0.0003867457519225749
2020-04-09 14:33:00,2097.1073743746747,0.00039919930024109613
2020-04-09 14:34:00,2096.283224397699,0.00042737754356010773
2020-04-09 14:35:00,2096.8758779100986,0.00043822185865236295
2020-04-09 14:36:00,2096.4438802054888,0.00043699939193921544
2020-04-09 14:37:00,2097.475464992453,0.0004305407775664567
2020-04-09 14:38:00,2098.3318354627368,0.0004356295397184254
2020-04-09 14:39:00,2098.2318001950753,0.0004738481383433422
2020-04-09 14:40:00,2098.1472793203843,0.0004904838148337273
2020-04-09 14:41:00,2098.460492057001,0.0004904369585184065
2020-04-09 14:42:00,2098.779091600254,0.0005009326183290781
2020-04-09 14:43:00,2098.2772818048566,0.000512904433105783
2020-04-09 14:44:00,2097.697991459012,0.0005165508024624161
2020-04-09 14:45:00,2097.7552079023953,0.0005313583504007333
2020-04-09 14:46:00,2096.4559461556632,0.0005023531971021444
2020-04-09 14:47:00,2094.9154793284065,0.0005119725673619015
2020-04-09 14:48:00,2096.3345519103927,0.0005340591404503698
2020-04-09 14:49:00,2097.4680096820402,0.0005645766928123406
2020-04-09 14:50:00,2096.472975201587,0.000575477289470989
2020-04-09 14:51:00,2095.6327417967022,0.0006083517972906182
2020-04-09 14:52:00,2097.5481422963035,0.000613593062744203
2020-04-09 14:53:00,2098.12526749774,0.0006399143068046212
2020-04-09 14:54:00,2100.1281780107315,0.0006702223769903883
2020-04-09 14:55:00,2098.5670392153943,0.000688388193588088
2020-04-09 14:56:00,2098.8293883037218,0.0007308724888873577
2020-04-09 14:57:00,2099.7160142623356,0.0006814876209691311
2020-04-09 14:58:00,2102.76326967971,0.0006650469451628623
2020-04-09 14:59:00,2101.4235374877117,0.0006416184990300256
2020-04-09 15:00:00,2103.896086334811,0.0006268713439005351
2020-04-09 15:01:00,2104.379349057443,0.0006311517008916429
2020-04-09 15:02:00,2101.422249288829,0.0006270333134193178
2020-04-09 15:03:00,2103.4340161387768,0.0006262332574507335
2020-04-09 15:04:00,2102.4452105405235,0.0006599713038984204
2020-04-09 15:05:00,2099.5999256273426,0.0006210284093386774
2020-04-09 15:06:00,2101.039262126178,0.000628737894754547
2020-04-09 15:07:00,2101.01542397254,0.0006277382202653953
2020-04-09 15:08:00,2100.8840587926293,0.0006090279449615175
2020-04-09 15:09:00,2098.6890137863065,0.0006155838398693476
2020-04-09 15:10:00,2098.4913014085314,0.0006180733609643402
2020-04-09 15:11:00,2096.381068057353,0.0006121914706504028
2020-04-09 15:12:00,2096.4670467250944,0.0006202554419932856
2020-04-09 15:13:00,2095.814015320964,0.0006124368664293939
2020-04-09 15:14:00,2096.0245988922943,0.0005713945261607077
2020-04-09 15:15:00,2096.752814804634,0.0006078587031094289
2020-04-09 15:16:00,2096.747212306625,0.0005895695774656881
2020-04-09 15:17:00,2095.963219014458,0.0005700698227355804
2020-04-09 15:18:00,2094.6090306642773,0.0005916320255546438
2020-04-09 15:19:00,2093.718303872361,0.0006045501331343854
2020-04-09 15:20:00,2094.6140063421585,0.0006147178260035314
2020-04-09 15:21:00,2094.0614204622216,0.0006514226594715462
2020-04-09 15:22:00,2094.8961908703773,0.0006365614794502124
2020-04-09 15:23:00,2095.6524646542107,0.0006555191511380467
2020-04-09 15:24:00,2096.5699645296745,0.0006637081745942459
2020-04-09 15:25:00,2096.6043221279506,0.0006954831531648929
2020-04-09 15:26:00,2097.5910043686595,0.0007051398794184867
2020-04-09 15:27:00,2100.4385962470283,0.0006575329779879334
2020-04-09 15:28:00,2101.3514467573914,0.0006937857301244629
2020-04-09 15:29:00,2101.213797672624,0.0006875388473431304
2020-04-09 15:30:00,2101.342963957539,0.0006349660374743819
2020-04-09 15:31:00,2100.9387663696493,0.0006253389486785315
2020-04-09 15:32:00,2101.5158841644306,0.0005878482819601115
2020-04-09 15:33:00,2102.6848350566256,0.0006171305474575343
2020-04-09 15:34:00,2104.458363086583,0.0005407640593846776
2020-04-09 15:35:00,2104.3171409641545,0.000540727353446589
2020-04-09 15:36:00,2103.969011157966,0.0005455810526373261
2020-04-09 15:37:00,2104.2002451899466,0.0005834037050505328
2020-04-09 15:38:00,2102.5677518063794,0.0005839219943054166
2020-04-09 15:39:00,2101.173502342796,0.0005836681745390182
2020-04-09 15:40:00,2101.7068652757207,0.0006112535940686423
2020-04-09 15:41:00,2102.681365752011,0.0006477680750929467
2020-04-09 15:42:00,2103.15843364828,0.000665903728971953
2020-04-09 15:43:00,2104.958583358422,0.0006635338624530413
2020-04-09 15:44:00,2102.334443663986,0.000693483822114393
2020-04-09 15:45:00,2100.801433867077,0.0006669517706162525
2020-04-09 15:46:00,2101.022183286639,0.0006390330003932868
2020-04-09 15:47:00,2102.299210378742,0.0006214219857282036
2020-04-09 15:48:00,2098.8158402416116,0.0005914963248446911
2020-04-09 15:49:00,2096.9109290624833,0.000634449810774395
2020-04-09 15:50:00,2098.940125848226,0.0006759535047479671
2020-04-09 15:51:00,2099.8048059915586,0.0006824892265296295
2020-04-09 15:52:00,2099.7829372194724,0.0006704318846326605
2020-04-09 15:53:00,2101.5745278849067,0.0006478397918870251
2020-04-09 15:54:00,2100.568469611674,0.0006842507093427785
2020-04-09 15:55:00,2099.680047596225,0.0006575468863362164
2020-04-09 15:56:00,2098.601778456895,0.0006241358679094322
2020-04-09 15:57:00,2093.940090907632,0.0005980403870377108
2020-04-09 15:58:00,2093.229930591634,0.0005706348112885425
2020-04-09 15:59:00,2094.067640302635,0.0005726108771938995
2020-04-09 16:00:00,2094.9699744089557,0.0005690337079003357
2020-04-09 16:01:00,2096.162111294539,0.0005539520455098025
2020-04-09 16:02:00,2095.465916395115,0.0005482731725618609
2020-04-09 16:03:00,2095.149492005761,0.0005734788596808871
2020-04-09 16:04:00,2091.1879841803884,0.0005614336874113968
2020-04-09 16:05:00,2089.7143092336964,0.0005740177922641676
2020-04-09 16:06:00,2088.8380369882593,0.000564994141354044
2020-04-09 16:07:00,2089.735379238311,0.0005665838726893135
2020-04-09 16:08:00,2089.052716555257,0.0005586405043510367
2020-04-09 16:09:00,2088.1850350565373,0.000577127997663521
2020-04-09 16:10:00,2088.175829879633,0.0006015542966228101
2020-04-09 16:11:00,2086.263361973266,0.0005754630025065913
2020-04-09 16:12:00,2086.4171867070695,0.0005956845106224389
2020-04-09 16:13:00,2085.394811743316,0.0005950604891268701
2020-04-09 16:14:00,2086.806975674256,0.000553455393611911
2020-04-09 16:15:00,2087.025411309825,0.0005611536887205746
2020-04-09 16:16:00,2087.046464484096,0.0005812739842864392
2020-04-09 16:17:00,2087.3240128224093,0.0006106729413076534
2020-04-09 16:18:00,2086.366638668618,0.0005718651640561791
2020-04-09 16:19:00,2086.6896456080667,0.000594237849743519
2020-04-09 16:20:00,2086.3316681645797,0.0005467678124682088
2020-04-09 16:21:00,2087.8578417039375,0.0005449793614496212
2020-04-09 16:22:00,2090.219673669131,0.000543900474974796
2020-04-09 16:23:00,2090.0293114811298,0.000597950660058836
2020-04-09 16:24:00,2091.073015064375,0.0005999111578655185
2020-04-09 16:25:00,2089.6485940922316,0.0006065046557339203
2020-04-09 16:26:00,2091.8797438273155,0.0005949474331100272
2020-04-09 16:27:00,2092.8023459568394,0.0006100019592006841
2020-04-09 16:28:00,2093.6417807542803,0.0006109182924178043
2020-04-09 16:29:00,2092.6856560788374,0.0006367018228413874
2020-04-09 16:30:00,2089.652217529067,0.000674384485683403
2020-04-09 16:31:00,2089.980511798531,0.0006482780359105368
2020-04-09 16:32:00,2090.8114211092557,0.0006514729030679075
2020-04-09 16:33:00,2089.248661661934,0.0007028957030739886
2020-04-09 16:34:00,2089.031087268245,0.0006626969727682158
2020-04-09 16:35:00,2090.2316705222365,0.0006616894769079859
2020-04-09 16:36:00,2087.7490575172997,0.0006896283454705931
2020-04-09 16:37:00,2091.4119059308064,0.0007012925836105407
2020-04-09 16:38:00,2088.9030027918575,0.0006874750380149604
2020-04-09 16:39:00,2089.02231710353,0.0006787886992943843
2020-04-09 16:40:00,2090.41254606542,0.000631415588696526
2020-04-09 16:41:00,2091.3343972629336,0.0006173548408734059
2020-04-09 16:42:00,2090.841675200642,0.0006033644103859332
2020-04-09 16:43:00,2089.4008411794766,0.0006029378026908704
2020-04-09 16:44:00,2089.3061378672205,0.000551477208066978
2020-04-09 16:45:00,2089.2308827648408,0.0005252412722301934
2020-04-09 16:46:00,2089.4627333285644,0.0005329419086687839
2020-04-09 16:47:00,2088.758301502393,0.0005486573893941735
2020-04-09 16:48:00,2087.2912552465964,0.0005476385261316241
2020-04-09 16:49:00,2087.8953523621994,0.0005265880281608112
2020-04-09 16:50:00,2087.937831971727,0.000514155336193706
2020-04-09 16:51:00,2088.8152342504955,0.000525199999133136
2020-04-09 16:52:00,2087.422325911212,0.0005553276452684751
2020-04-09 16:53:00,2087.277537030215,0.0005548573768568069
2020-04-09 16:54:00,2085.228053720292,0.0005321296182460065
2020-04-09 16:55:00,2087.9941506723726,0.0005167188449893873
2020-04-09 16:56:00,2087.2658985352728,0.0005087925861491582
2020-04-09 16:57:00,2087.4259794560267,0.000531234720576825
2020-04-09 16:58:00,2087.17235602268,0.0005131451221600301
2020-04-09 16:59:00,2087.7305000791184,0.0004973064082894679
2020-04-09 17:00:00,2088.6088100363268,0.00048459086070352036
2020-04-09 17:01:00,2088.9243781295854,0.00043466163432370763
2020-04-09 17:02:00,2089.1746401491937,0.00046499201348040327
2020-04-09 17:03:00,2089.9253765963745,0.0004665332109311564
2020-04-09 17:04:00,2090.9131002619392,0.0004427484723359341
2020-04-09 17:05:00,2092.1346903786407,0.0004964671410078913
2020-04-09 17:06:00,2091.134212612523,0.000470178420740904
2020-04-09 17:07:00,2090.8495300141544,0.00047651519425207195
2020-04-09 17:08:00,2091.0263475251413,0.0004787856408879491
2020-04-09 17:09:00,2090.262831947878,0.0004651631862531112
2020-04-09 17:10:00,2089.642184784995,0.0004606771904403083
2020-04-09 17:11:00,2089.4278433457143,0.0005131951946136111
2020-04-09 17:12:00,2086.5904439573546,0.0005419529300000439
2020-04-09 17:13:00,2085.7224887769676,0.0005311062688040637
2020-04-09 17:14:00,2086.0762111839713,0.0005474657408810527
2020-04-09 17:15:00,2086.7445360025245,0.0005452787714395966
2020-04-09 17:16:00,2086.7805612198927,0.0005750526784433348
2020-04-09 17:17:00,2087.3540820450885,0.0005734176764391405
2020-04-09 17:18:00,2087.859068462529,0.0005877975066564203
2020-04-09 17:19:00,2088.695255885097,0.0005700538923304141
2020-04-09 17:20:00,2089.240960149772,0.0005798984585814005
2020-04-09 17:21:00,2090.113230637001,0.0005572645663486851
2020-04-09 17:22:00,2091.5497288136867,0.0005433571771654831
2020-04-09 17:23:00,2090.517501801689,0.0005036163311114896
2020-04-09 17:24:00,2089.6091883383647,0.00047170285217567096
2020-04-09 17:25:00,2090.464227628899,0.0005232527329428261
2020-04-09 17:26:00,2088.910436481187,0.0005432004691781926
2020-04-09 17:27:00,2089.691502520046,0.0005097121269282529
2020-04-09 17:28:00,2093.8084470486106,0.0005397661414298682
2020-04-09 17:29:00,2094.8388025125546,0.0005707896156389333
2020-04-09 17:30:00,2095.493489949172,0.0005634165216925412
2020-04-09 17:31:00,2096.4984865560155,0.0005524302082743568
2020-04-09 17:32:00,2096.084430928353,0.00057335294710723
2020-04-09 17:33:00,2096.6975184973285,0.000581187892870409
2020-04-09 17:34:00,2094.8968163432614,0.0005929113875724379
2020-04-09 17:35:00,2094.316993078532,0.000584241978005293
2020-04-09 17:36:00,2094.6991040170897,0.0005828834228497424
2020-04-09 17:37:00,2094.005855410903,0.0005868270951974258
2020-04-09 17:38:00,2095.598815375036,0.0006101576207240729
2020-04-09 17:39:00,2094.6336007847076,0.0005558653602980145
2020-04-09 17:40:00,2095.0555782823303,0.0005543789463413091
2020-04-09 17:41:00,2094.8095317142916,0.0005489929740751843
2020-04-09 17:42:00,2093.8006644770003,0.0004988622009410733
2020-04-09 17:43:00,2094.821969888889,0.0005126065974676908
2020-04-09 17:44:00,2095.659824760217,0.00048266780550581384
2020-04-09 17:45:00,2095.929309251899,0.00047218990363195987
2020-04-09 17:46:00,2095.3358088750224,0.0004592432442552168
2020-04-09 17:47:00,2095.5999829709544,0.00045165785670758595
2020-04-09 17:48:00,2094.738538060026,0.0004274913063473512
2020-04-09 17:49:00,2094.7020766797436,0.0004378339955130041
2020-04-09 17:50:00,2094.2396934050116,0.00041360765147156053
2020-04-09 17:51:00,2095.064801053904,0.00040375011188132016
2020-04-09 17:52:00,2094.172055375933,0.0004218270570396016
2020-04-09 17:53:00,2093.8299788816894,0.000407216108149505
2020-04-09 17:54:00,2093.7637839880294,0.000393234777752203
2020-04-09 17:55:00,2093.4574088839972,0.00042255722875090456
2020-04-09 17:56:00,2092.915016690795,0.00040593353344526857
2020-04-09 17:57:00,2094.266121157676,0.00041321690544589534
2020-04-09 17:58:00,2095.6080494055914,0.0004344337807088149
2020-04-09 17:59:00,2096.2912411374805,0.0004236955408825343
2020-04-09 18:00:00,2096.200540551144,0.00045434810183645055
2020-04-09 18:01:00,2096.9100173379124,0.0004507523565153455
2020-04-09 18:02:00,2095.4226479485146,0.0004682999421166509
2020-04-09 18:03:00,2096.7292296960277,0.0004579838784313038
2020-04-09 18:04:00,2097.984929387688,0.00046130733176033025
2020-04-09 18:05:00,2096.3353482355583,0.00045248151149998773
2020-04-09 18:06:00,2097.4160321978547,0.0004538406628965609
2020-04-09 18:07:00,2097.433466501497,0.0004698516882192936
2020-04-09 18:08:00,2095.8418205977405,0.000455647603675906
2020-04-09 18:09:00,2094.403367244775,0.00045507206240518426
2020-04-09 18:10:00,2094.2269631986883,0.0004853744764903259
2020-04-09 18:11:00,2095.6018679520002,0.00046821642067050194
2020-04-09 18:12:00,2095.1047451308536,0.00047432556861310045
2020-04-09 18:13:00,2096.3706128456665,0.0004934434201020159
2020-04-09 18:14:00,2096.126636406233,0.0005020480388561867
2020-04-09 18:15:00,2097.4154899122577,0.0005052367267145347
2020-04-09 18:16:00,2095.891639003769,0.0005502112499512027
2020-04-09 18:17:00,2095.94760912999,0.0005583138575840424
2020-04-09 18:18:00,2096.1624762505035,0.0005575594701949732
2020-04-09 18:19:00,2097.859000513319,0.0005483488692102163
2020-04-09 18:20:00,2098.3127369863623,0.0005406517603578755
2020-04-09 18:21:00,2096.5871195171344,0.0005278595134811258
2020-04-09 18:22:00,2097.4660216389707,0.0005240359301662719
2020-04-09 18:23:00,2098.9604634600714,0.0005444358822310415
2020-04-09 18:24:00,2100.098897209138,0.0005687321777283902
2020-04-09 18:25:00,2099.258291638958,0.0005793466487669517
2020-04-09 18:26:00,2098.572679024454,0.0005721568364971841
2020-04-09 18:27:00,2099.06119406837,0.0005841699751224374
2020-04-09 18:28:00,2099.898373434816,0.0005689457311655122
2020-04-09 18:29:00,2098.634178693431,0.0005914837729706004
2020-04-09 18:30:00,2097.5514671732035,0.0005938083775063517
2020-04-09 18:31:00,2099.6687386711715,0.0005628975767418984
2020-04-09 18:32:00,2096.1866550097134,0.0005971811023471431
2020-04-09 18:33:00,2094.8179250715793,0.0006455154876423717
2020-04-09 18:34:00,2096.622652534203,0.0006581294830573578
2020-04-09 18:35:00,2097.463937121588,0.0006620399971043516
2020-04-09 18:36:00,2100.548880501846,0.0006770851232849136
2020-04-09 18:37:00,2100.8322269560376,0.0006980696315050409
2020-04-09 18:38:00,2100.446047302934,0.0007293538966543099
2020-04-09 18:39:00,2101.0303810677933,0.0007205085713809803
2020-04-09 18:40:00,2099.7492142134042,0.000753783176451558
2020-04-09 18:41:00,2101.3323988388643,0.0008118547094561247
2020-04-09 18:42:00,2099.502292275622,0.0008584878335083553
2020-04-09 18:43:00,2098.68593713108,0.0008222685645068804
2020-04-09 18:44:00,2099.255501678591,0.000837911993857906
2020-04-09 18:45:00,2100.457053559223,0.0009317844871767341
2020-04-09 18:46:00,2101.393234561668,0.0009640937761014
2020-04-09 18:47:00,2098.932140320356,0.0009529349284754803
2020-04-09 18:48:00,2102.663286134898,0.0009213056050728799
2020-04-09 18:49:00,2105.072014836218,0.0009125925250371917
2020-04-09 18:50:00,2105.0534882119123,0.0009770418203859078
2020-04-09 18:51:00,2106.1019491193892,0.0008981975808820907
2020-04-09 18:52:00,2109.602248073778,0.0008876562880902627
2020-04-09 18:53:00,2109.2271555225893,0.0008299801178839967
2020-04-09 18:54:00,2106.5217138987023,0.0009287606570539682
2020-04-09 18:55:00,2105.1938872181872,0.0009604962289488196
2020-04-09 18:56:00,2105.1445990411635,0.0009047340121722654
2020-04-09 18:57:00,2104.851357851166,0.0008547739679494936
2020-04-09 18:58:00,2103.648321750421,0.0008537515979824091
2020-04-09 18:59:00,2103.828791167902,0.0008868155588152974
2020-04-09 19:00:00,2103.2755194455963,0.0008546684895646079
2020-04-09 19:01:00,2100.9118436862,0.0008527418777261296
2020-04-09 19:02:00,2103.9395371915407,0.0009344838083062491
2020-04-09 19:03:00,2105.426940045657,0.0009218218397697036
2020-04-09 19:04:00,2102.9424585649977,0.0009244393653258272
2020-04-09 19:05:00,2103.0892734263684,0.0009653089768219955
2020-04-09 19:06:00,2103.8152217231254,0.001064066983415275
2020-04-09 19:07:00,2101.4483052582123,0.0010519726959198872
2020-04-09 19:08:00,2100.848267439593,0.0009396435515627573
2020-04-09 19:09:00,2101.778707591103,0.0010130423593364447
2020-04-09 19:10:00,2102.645233996567,0.0009702831105298266
2020-04-09 19:11:00,2100.1208327718246,0.0010340119259526779
2020-04-09 19:12:00,2099.865619134118,0.001106315877730554
2020-04-09 19:13:00,2099.4566938614557,0.0011294942715515644
2020-04-09 19:14:00,2094.991075410728,0.0011151086820413642
2020-04-09 19:15:00,2095.964268714627,0.0011257824199518596
2020-04-09 19:16:00,2094.1397785761583,0.001054914216204019
2020-04-09 19:17:00,2092.4067234899003,0.0010316206068287335
2020-04-09 19:18:00,2090.352750075938,0.0010909546359121373
2020-04-09 19:19:00,2091.415619816793,0.0009807905633201922
2020-04-09 19:20:00,2088.3835774850813,0.000998407510749608
2020-04-09 19:21:00,2090.7109961042534,0.0010023228557051948
2020-04-09 19:22:00,2090.3179585185717,0.0010933164620616483
2020-04-09 19:23:00,2088.521736217813,0.001094049852525734
2020-04-09 19:24:00,2090.019190979876,0.0011090771026680836
2020-04-09 19:25:00,2093.4461780424544,0.0010137973385750314
2020-04-09 19:26:00,2093.698133557563,0.0009524526925011797
2020-04-09 19:27:00,2091.567829319907,0.000842541562955646
2020-04-09 19:28:00,2094.530142758113,0.0007949766474668788
2020-04-09 19:29:00,2094.758619257079,0.0007974822718933407
2020-04-09 19:30:00,2097.8297770379513,0.0008233573975532544
2020-04-09 19:31:00,2095.5238184605487,0.0008132471907294383
2020-04-09 19:32:00,2096.441629109027,0.0007749863696714959
2020-04-09 19:33:00,2096.907465092382,0.0007718095705949603
2020-04-09 19:34:00,2097.50838244215,0.0008228483931795556
2020-04-09 19:35:00,2096.782667227592,0.0008387267065573685
2020-04-09 19:36:00,2096.516532467033,0.000790073178911505
2020-04-09 19:37:00,2099.1361441860013,0.0007529770656128039
2020-04-09 19:38:00,2100.065448507953,0.0007435641224404637
2020-04-09 19:39:00,2098.2834023354726,0.0007582071349877692
2020-04-09 19:40:00,2099.960434357793,0.0007641202400700371
2020-04-09 19:41:00,2103.1298668482914,0.0007769133009951543
2020-04-09 19:42:00,2102.353796291139,0.0007598257164594246
2020-04-09 19:43:00,2100.8417694161376,0.0007594679380535041
2020-04-09 19:44:00,2098.9856724000088,0.0007059061643276992
2020-04-09 19:45:00,2100.138242819212,0.0006823863917903185
2020-04-09 19:46:00,2099.747674200583,0.0006948666459451818
2020-04-09 19:47:00,2100.3259670949064,0.000630385778359935
2020-04-09 19:48:00,2101.142554744932,0.0006233828712681132
2020-04-09 19:49:00,2102.243018136359,0.000586782689472953
2020-04-09 19:50:00,2101.33521019426,0.0005244565494479243
2020-04-09 19:51:00,2100.6525062861633,0.0005214931230338032
2020-04-09 19:52:00,2101.10985374377,0.0005018156046774872
2020-04-09 19:53:00,2102.7614561020964,0.000492370163553438
2020-04-09 19:54:00,2101.8786971888335,0.0005117285609794623
2020-04-09 19:55:00,2102.265827725488,0.0005068300590123892
2020-04-09 19:56:00,2102.397333823221,0.0004935606794094301
2020-04-09 19:57:00,2101.444623233188,0.00047422984229667674
2020-04-09 19:58:00,2102.416091722518,0.0004696243510080435
2020-04-09 19:59:00,2100.8512439241654,0.0004740276841956427
2020-04-10 13:30:00,2103.7963194840527,0.0004738097060999395
2020-04-10 13:31:00,2105.0051245176014,0.00047787756236611665
2020-04-10 13:32:00,2106.4469856101455,0.0004316169958305444
2020-04-10 13:33:00,2106.747171913621,0.00044722138186751887
2020-04-10 13:34:00,2105.770924709648,0.00043310031832563886
2020-04-10 13:35:00,2106.0209258124405,0.00042791447801907565
2020-04-10 13:36:00,2105.8841850478025,0.0004354319493777316
2020-04-10 13:37:00,2104.4969452241453,0.00046068163250075116
2020-04-10 13:38:00,2103.732922160392,0.00045602989562721654
2020-04-10 13:39:00,2102.9056221484807,0.0004777442998709625
2020-04-10 13:40:00,2103.75959517873,0.00046604471804037617
2020-04-10 13:41:00,2103.8698990603166,0.0004621892321884404
2020-04-10 13:42:00,2103.428559492242,0.000450691873269308
2020-04-10 13:43:00,2101.6796746517743,0.00048086038669776815
2020-04-10 13:44:00,2101.3015791824696,0.0004649554760590705
2020-04-10 13:45:00,2100.546685800363,0.0004359477725364738
2020-04-10 13:46:00,2099.2416208257646,0.00041114105398012285
2020-04-10 13:47:00,2098.2752117226332,0.00041442299085490454
2020-04-10 13:48:00,2098.915669881886,0.0003927759617001517
2020-04-10 13:49:00,2098.574002056547,0.0003930833694893383
2020-04-10 13:50:00,2097.821137834532,0.0003849007408728372
2020-04-10 13:51:00,2097.7541035461436,0.0004399164236927297
2020-04-10 13:52:00,2098.864770751535,0.00043215618307197045
2020-04-10 13:53:00,2098.3358105542247,0.0004155240111321742
2020-04-10 13:54:00,2098.2438203568668,0.00040850091709289377
2020-04-10 13:55:00,2098.2034957021897,0.00040212733886424396
2020-04-10 13:56:00,2098.4697860450747,0.00039604113479921544
2020-04-10 13:57:00,2099.3437638798605,0.00038832608914258007
2020-04-10 13:58:00,2098.2039401416528,0.000381067285675369
2020-04-10 13:59:00,2098.2504904139487,0.00036912837423351227
2020-04-10 14:00:00,2098.1825653920764,0.0003685429271627361
2020-04-10 14:01:00,2098.548822269836,0.0003530051159434276
2020-04-10 14:02:00,2098.3942213332452,0.00037154816812691086
2020-04-10 14:03:00,2097.9189514402415,0.0003843095373385347
2020-04-10 14:04:00,2096.2779031385185,0.00039922709189502955
2020-04-10 14:05:00,2097.1326581365156,0.0003956464281162944
2020-04-10 14:06:00,2096.010208023376,0.0004112875242314033
2020-04-10 14:07:00,2095.5485337950813,0.00040435397862550174
2020-04-10 14:08:00,2095.0496866269114,0.0004122012263574489
2020-04-10 14:09:00,2095.6567175721443,0.00039724725098031567
2020-04-10 14:10:00,2096.3055009996006,0.0004095727747979713
2020-04-10 14:11:00,2095.2585686984125,0.00043021258073778855
2020-04-10 14:12:00,2094.439226588962,0.00040500888614489997
2020-04-10 14:13:00,2094.953115532634,0.00041335054169815946
2020-04-10 14:14:00,2093.7126399031745,0.0004153869142253201
2020-04-10 14:15:00,2093.0710333015973,0.00044772892789777673
2020-04-10 14:16:00,2093.0536104888424,0.00045583145654741074
2020-04-10 14:17:00,2092.707887320103,0.0004484667499033315
2020-04-10 14:18:00,2091.848129622327,0.00047781261779657566
2020-04-10 14:19:00,2092.236098484053,0.00045624753132342304
2020-04-10 14:20:00,2092.200301974546,0.0004705655418697939
2020-04-10 14:21:00,2090.780306467495,0.0004757280487981492
2020-04-10 14:22:00,2092.2404824822647,0.0005067390445174539
2020-04-10 14:23:00,2094.0986947248953,0.0004972132688440918
2020-04-10 14:24:00,2092.1896974776905,0.0004943009162923014
2020-04-10 14:25:00,2091.5415390116013,0.0004740235628435323
2020-04-10 14:26:00,2091.887357680744,0.000495907405192388
2020-04-10 14:27:00,2092.5475309365115,0.0004943956433472945
2020-04-10 14:28:00,2094.5541819888813,0.0004785937637423451
2020-04-10 14:29:00,2093.886210305288,0.0004719544983036537
2020-04-10 14:30:00,2093.749379953337,0.00046632521748439846
2020-04-10 14:31:00,2093.4809233841993,0.0005137933211354195
2020-04-10 14:32:00,2092.480995265002,0.0005224331721227108
2020-04-10 14:33:00,2091.606458111567,0.0005145047640598652
2020-04-10 14:34:00,2091.3627480097643,0.000480059831461483
2020-04-10 14:35:00,2090.0967314999634,0.00047568282828581386
2020-04-10 14:36:00,2090.657243059112,0.00046807557859158993
2020-04-10 14:37:00,2089.9143784313032,0.0004804854276430756
2020-04-10 14:38:00,2089.2383002577662,0.00048347092502679974
2020-04-10 14:39:00,2088.7659633422295,0.0004841239421047174
2020-04-10 14:40:00,2089.7311655305803,0.00047825437286027256
2020-04-10 14:41:00,2089.2239226964098,0.0004556322220721069
2020-04-10 14:42:00,2089.320290776062,0.0004883193747461566
2020-04-10 14:43:00,2089.6962857501235,0.0005307690222274606
2020-04-10 14:44:00,2089.02826549465,0.0004988860162392778
2020-04-10 14:45:00,2089.856646784263,0.00045767278549742774
2020-04-10 14:46:00,2090.9486895517434,0.00044491972698224654
2020-04-10 14:47:00,2090.6391608313556,0.00047204246097986874
2020-04-10 14:48:00,2088.2310729595183,0.00044353568986615476
2020-04-10 14:49:00,2087.4072686617424,0.0004643020814389042
2020-04-10 14:50:00,2086.95300029443,0.00045215483526191803
2020-04-10 14:51:00,2087.404104361259,0.0004936305688783789
2020-04-10 14:52:00,2089.2136495248583,0.0004532377419788856
2020-04-10 14:53:00,2088.222407607909,0.00046285978538643745
2020-04-10 14:54:00,2087.41159306546,0.0004485963775321827
2020-04-10 14:55:00,2087.4309013115885,0.00044010524795274887
2020-04-10 14:56:00,2087.081670303603,0.00041987038912680546
2020-04-10 14:57:00,2086.0724414133238,0.000414545157503854
2020-04-10 14:58:00,2085.996359963501,0.0004211132677454737
2020-04-10 14:59:00,2086.3465499401154,0.0003999412158496898
2020-04-10 15:00:00,2086.6274885923817,0.0003952152086616781
2020-04-10 15:01:00,2086.8668472769373,0.0003832695273264101
2020-04-10 15:02:00,2086.0787452835684,0.00037363720351561827
2020-04-10 15:03:00,2086.923175809005,0.00036253525738004597
2020-04-10 15:04:00,2086.9335669364327,0.0003714245936113711
2020-04-10 15:05:00,2086.759129493367,0.0003649021937768352
2020-04-10 15:06:00,2084.922999060966,0.00035612975987485564
2020-04-10 15:07:00,2085.306203984625,0.0003605442600843484
2020-04-10 15:08:00,2085.1630527449825,0.00041301157258172923
2020-04-10 15:09:00,2086.022699271943,0.0004032703428657449
2020-04-10 15:10:00,2085.645152908973,0.0003967449283097754
2020-04-10 15:11:00,2086.746498250127,0.00039255978487748246
2020-04-10 15:12:00,2086.1816982723603,0.0003882703163374786
2020-04-10 15:13:00,2086.629174698766,0.0003825544054508489
2020-04-10 15:14:00,2086.419746831306,0.00039381550780481507
2020-04-10 15:15:00,2086.2908416712103,0.0003915886630653421
2020-04-10 15:16:00,2084.940630345651,0.0003968880074955338
2020-04-10 15:17:00,2085.3556993216666,0.00039366578125954205
2020-04-10 15:18:00,2083.595878700923,0.0003836913884865936
2020-04-10 15:19:00,2084.8229749369093,0.00037523192348273376
2020-04-10 15:20:00,2084.740300470648,0.0003537031956035129
2020-04-10 15:21:00,2085.0011370488137,0.0003568717855273214
2020-04-10 15:22:00,2083.7115743370146,0.00035620881143953677
2020-04-10 15:23:00,2083.3934353755176,0.0003507745253589169
2020-04-10 15:24:00,2083.42285025154,0.00033810150076930297
2020-04-10 15:25:00,2082.4714801912182,0.00035927253710555843
2020-04-10 15:26:00,2082.0140439107417,0.0003564209011678246
2020-04-10 15:27:00,2082.59781939539,0.00037023679129803027
2020-04-10 15:28:00,2082.6596022562176,0.00035906839613287497
2020-04-10 15:29:00,2082.631556147802,0.0003379614240117466
2020-04-10 15:30:00,2083.578881637129,0.0003501586425673431
2020-04-10 15:31:00,2083.3182929417776,0.0003356846563939105
2020-04-10 15:32:00,2083.9942132919628,0.00033147799183714486
2020-04-10 15:33:00,2083.9991072320795,0.000338435229649036
2020-04-10 15:34:00,2084.690170844048,0.0003169684081001811
2020-04-10 15:35:00,2084.5571451148926,0.00030579526611761984
2020-04-10 15:36:00,2084.316804202588,0.0002995979690570155
2020-04-10 15:37:00,2083.5605146422336,0.0002938820606617104
2020-04-10 15:38:00,2083.282101653909,0.00028117253630040675
2020-04-10 15:39:00,2082.773347711278,0.00027598145908527746
2020-04-10 15:40:00,2081.4275538929514,0.0002784888156317098
2020-04-10 15:41:00,2081.153047289544,0.00028191569432571095
2020-04-10 15:42:00,2081.6049358417613,0.00030044605494649977
2020-04-10 15:43:00,2081.6131600382796,0.00029540732728679806
2020-04-10 15:44:00,2081.8754901670845,0.0002893362562737898
2020-04-10 15:45:00,2082.1242262147675,0.00030734214278954386
2020-04-10 15:46:00,2082.226022429327,0.0003411348875640897
2020-04-10 15:47:00,2081.2350221659226,0.0003775018808762845
2020-04-10 15:48:00,2080.219664673512,0.00037282391928555663
2020-04-10 15:49:00,2080.1297726595376,0.00035184436131100854
2020-04-10 15:50:00,2079.6637136158183,0.0003607739044147593
2020-04-10 15:51:00,2079.513196596529,0.00036181756300407235
2020-04-10 15:52:00,2079.7599320636277,0.00033050723152404105
2020-04-10 15:53:00,2079.8399645510585,0.0003255362102406795
2020-04-10 15:54:00,2078.1497529332732,0.00034164816382238833
2020-04-10 15:55:00,2078.028394896902,0.0003426982266912934
2020-04-10 15:56:00,2078.4870522696297,0.0003270436185056354
2020-04-10 15:57:00,2078.5369219121103,0.0003273165108361368
2020-04-10 15:58:00,2078.6135454215505,0.0003265438315334737
2020-04-10 15:59:00,2078.378305431159,0.00031707902180242136
2020-04-10 16:00:00,2078.318712054645,0.0003129076463596101
2020-04-10 16:01:00,2079.146443752785,0.0002941493979982092
2020-04-10 16:02:00,2079.772602079525,0.0002650611523291331
2020-04-10 16:03:00,2079.671023836275,0.00026662663947883794
2020-04-10 16:04:00,2080.0875335605447,0.00025666949576437915
2020-04-10 16:05:00,2079.2903411584957,0.00028220450188709534
2020-04-10 16:06:00,2078.933960708028,0.00028607411748446816
2020-04-10 16:07:00,2079.424516214481,0.0002819570283859048
2020-04-10 16:08:00,2080.485888124792,0.0002985890562029131
2020-04-10 16:09:00,2079.5380768538544,0.0003001427872964903
2020-04-10 16:10:00,2079.3288554013,0.000296659284787279
2020-04-10 16:11:00,2079.5978916866684,0.00028530040532848274
2020-04-10 16:12:00,2079.9859376084773,0.0002745340997103931
2020-04-10 16:13:00,2079.6973206468924,0.0002908975781957627
2020-04-10 16:14:00,2079.823127667067,0.00030711175066493407
2020-04-10 16:15:00,2079.8799896707387,0.00031064410828328246
2020-04-10 16:16:00,2079.7762890356553,0.00030689866591589995
2020-04-10 16:17:00,2079.8643679106435,0.0002947261697086823
2020-04-10 16:18:00,2079.654463907444,0.0002954862158118564
2020-04-10 16:19:00,2079.4181657209774,0.0002921118333274524
2020-04-10 16:20:00,2079.7123936865823,0.0002850182244156487
2020-04-10 16:21:00,2080.3507880989523,0.00028471186011668663
2020-04-10 16:22:00,2079.576019032143,0.0002798514862984473
2020-04-10 16:23:00,2079.9404126752793,0.0002896511359043279
2020-04-10 16:24:00,2080.569606060118,0.0003034269298962111
2020-04-10 16:25:00,2080.779153493632,0.00029547311334148006
2020-04-10 16:26:00,2081.3951842805072,0.00030657639717145775
2020-04-10 16:27:00,2080.728399397435,0.0003015170702019898
2020-04-10 16:28:00,2080.312042174233,0.000273566621394789
2020-04-10 16:29:00,2081.0731575564037,0.000278570529996193
2020-04-10 16:30:00,2080.38676497914,0.0002838394431697463
2020-04-10 16:31:00,2080.0181092175603,0.00028471300935101315
2020-04-10 16:32:00,2080.0855016435507,0.00028037437940449383
2020-04-10 16:33:00,2079.871591758449,0.000289557894755849
2020-04-10 16:34:00,2079.0994681969937,0.00030814488580417556
2020-04-10 16:35:00,2078.4103606960707,0.00028316256384236185
2020-04-10 16:36:00,2078.9107020380725,0.0002772157563407755
2020-04-10 16:37:00,2078.835152038419,0.00025251173792292206
2020-04-10 16:38:00,2079.0978534286396,0.0002559528980581634
2020-04-10 16:39:00,2079.301915947444,0.00026802106018365224
2020-04-10 16:40:00,2078.8315114961865,0.0002636780888246272
2020-04-10 16:41:00,2078.6552217475714,0.0002731050957298974
2020-04-10 16:42:00,2078.386242024839,0.00027063700055153387
2020-04-10 16:43:00,2077.617883211079,0.0002885373404802354
2020-04-10 16:44:00,2078.5161661177153,0.0002936218690919574
2020-04-10 16:45:00,2078.166850163555,0.00031060651153680407
2020-04-10 16:46:00,2078.4298799923367,0.0003193973310412925
2020-04-10 16:47:00,2077.807226584858,0.0003250685389480054
2020-04-10 16:48:00,2077.575138457404,0.00035968439886038605
2020-04-10 16:49:00,2076.830081197461,0.00038656966351735013
2020-04-10 16:50:00,2076.8321081874037,0.0003661443411276061
2020-04-10 16:51:00,2076.164915098326,0.00037453071049973487
2020-04-10 16:52:00,2076.2282844502442,0.0003639708852223521
2020-04-10 16:53:00,2076.2290369581874,0.0003433900615460824
2020-04-10 16:54:00,2076.1024660079215,0.00032850565402283056
2020-04-10 16:55:00,2076.10733237845,0.0003203248175598667
2020-04-10 16:56:00,2074.840291297519,0.0003226292841290388
2020-04-10 16:57:00,2075.6564496592773,0.0003174523241968274
2020-04-10 16:58:00,2075.9042357162225,0.00030767084034575014
2020-04-10 16:59:00,2076.850352341536,0.0003069216370619747
2020-04-10 17:00:00,2076.8724388396545,0.0003183964025181271
2020-04-10 17:01:00,2076.961537817493,0.00031349172563624873
2020-04-10 17:02:00,2077.7064118227054,0.0003137772613589265
2020-04-10 17:03:00,2077.5214489198233,0.00033208513591859574
2020-04-10 17:04:00,2077.909964539857,0.00034022332475000674
2020-04-10 17:05:00,2077.9534220654887,0.00032427600620862056
2020-04-10 17:06:00,2077.468976622019,0.0003413170946850944
2020-04-10 17:07:00,2078.0494607833384,0.000331819127053639
2020-04-10 17:08:00,2078.108164400941,0.0003308626664912447
2020-04-10 17:09:00,2077.8774103229352,0.0003367646061491628
2020-04-10 17:10:00,2078.2845090830997,0.0003832464452645105
2020-04-10 17:11:00,2079.242487854295,0.00039589736942648304
2020-04-10 17:12:00,2079.606293976752,0.0003819543100040607
2020-04-10 17:13:00,2078.727891124491,0.0004079377635549208
2020-04-10 17:14:00,2080.925585386968,0.0004415112715936517
2020-04-10 17:15:00,2080.8837058596564,0.0004507519219988192
2020-04-10 17:16:00,2079.154960541565,0.0004583862653639266
2020-04-10 17:17:00,2079.8029996791925,0.00046199249973416506
2020-04-10 17:18:00,2080.150185390468,0.00043293430641611904
2020-04-10 17:19:00,2079.3831088429847,0.00043904171722653287
2020-04-10 17:20:00,2081.107180523492,0.00042813694632166737
2020-04-10 17:21:00,2080.751742834677,0.00041564228313453706
2020-04-10 17:22:00,2078.224093074326,0.0004316726943773113
2020-04-10 17:23:00,2078.785822982319,0.00043240937612060935
2020-04-10 17:24:00,2078.4172256572137,0.00042054233156409545
2020-04-10 17:25:00,2079.130306724124,0.0004270341894682567
2020-04-10 17:26:00,2079.5027737955734,0.0004302812395994239
2020-04-10 17:27:00,2080.6365137174284,0.00042677419416129126
2020-04-10 17:28:00,2080.150667025284,0.000441281692917843
2020-04-10 17:29:00,2080.7907878286624,0.00043421892968792977
2020-04-10 17:30:00,2080.7287760642166,0.0004275025729928726
2020-04-10 17:31:00,2081.2334977722526,0.0004542910255303818
2020-04-10 17:32:00,2081.8254800097275,0.00043691846421586503
2020-04-10 17:33:00,2081.741434518634,0.000454556963587665
2020-04-10 17:34:00,2081.313284384391,0.0004258193931342422
2020-04-10 17:35:00,2081.7173962515308,0.0004450450988785946
2020-04-10 17:36:00,2080.392831593839,0.0004450533543405817
2020-04-10 17:37:00,2081.036018006816,0.000418414054490541
2020-04-10 17:38:00,2081.3583745692563,0.0004356639651113198
2020-04-10 17:39:00,2081.4954683274555,0.0004150025838784641
2020-04-10 17:40:00,2081.101136155633,0.00039559432932887936
2020-04-10 17:41:00,2081.253770037841,0.0003952270763801284
2020-04-10 17:42:00,2083.249464244596,0.0003813795168867836
2020-04-10 17:43:00,2083.4425272562385,0.0003707473648185881
2020-04-10 17:44:00,2082.951486265728,0.00035220652312467697
2020-04-10 17:45:00,2082.304207947888,0.0003449644257494939
2020-04-10 17:46:00,2083.3060032521803,0.00036714339466539575
2020-04-10 17:47:00,2084.5678221454027,0.0003690363732414424
2020-04-10 17:48:00,2085.6873361516473,0.000376321479444225
2020-04-10 17:49:00,2087.087331864192,0.0004064893068016878
2020-04-10 17:50:00,2087.237437816427,0.0004098663872701478
2020-04-10 17:51:00,2087.5306322355145,0.00038280749329406514
2020-04-10 17:52:00,2087.807675841017,0.0003768239608834701
2020-04-10 17:53:00,2088.140310324318,0.00036628299358074676
2020-04-10 17:54:00,2087.5197997731457,0.00035648262919797414
2020-04-10 17:55:00,2087.7985836094795,0.00034789710197573255
2020-04-10 17:56:00,2087.0513302614263,0.00037073990700022376
2020-04-10 17:57:00,2087.47217717391,0.0003807202954319283
2020-04-10 17:58:00,2086.4389086210795,0.00038653590759578094
2020-04-10 17:59:00,2086.3967016159627,0.00039238345587719906
2020-04-10 18:00:00,2085.6643167212346,0.00040943797262553693
2020-04-10 18:01:00,2084.584964774127,0.0003747582931816549
2020-04-10 18:02:00,2086.121323538332,0.0003893398222976458
2020-04-10 18:03:00,2086.5800447297956,0.00040447557679254716
2020-04-10 18:04:00,2087.324663892293,0.00040291768768461594
2020-04-10 18:05:00,2087.433118564438,0.0004088386510049785
2020-04-10 18:06:00,2086.368798648972,0.00039599874429045956
2020-04-10 18:07:00,2085.527700417644,0.0004211816857834226
2020-04-10 18:08:00,2085.4417322540103,0.0004250194342958468
2020-04-10 18:09:00,2084.3032606005695,0.0004237012081663243
2020-04-10 18:10:00,2083.3561943794184,0.0004304055973932206
2020-04-10 18:11:00,2083.862676026769,0.00040706183028874673
2020-04-10 18:12:00,2084.037007095438,0.0004108219494215457
2020-04-10 18:13:00,2084.1203193789756,0.0004307714572842167
2020-04-10 18:14:00,2084.4056210172353,0.0004393600657468477
2020-04-10 18:15:00,2085.0598995220325,0.0004228471131734821
2020-04-10 18:16:00,2085.9209592239445,0.00042646176441105994
2020-04-10 18:17:00,2086.4921862875995,0.000441327334055821
2020-04-10 18:18:00,2085.7709402989785,0.0004292064735855561
2020-04-10 18:19:00,2086.6499755743507,0.0004118074100574603
2020-04-10 18:20:00,2085.7014830036637,0.0004035347944943328
2020-04-10 18:21:00,2085.9725803270408,0.0004206981980672442
2020-04-10 18:22:00,2086.3004094126004,0.00039919099793153017
2020-04-10 18:23:00,2087.585858731039,0.00040992054634908265
2020-04-10 18:24:00,2087.129146413903,0.0004274858938056473
2020-04-10 18:25:00,2088.2361870444593,0.00041344113906112504
2020-04-10 18:26:00,2087.647192042123,0.00041483867788958605
2020-04-10 18:27:00,2088.064113396824,0.00040207497239486096
2020-04-10 18:28:00,2087.100559828542,0.0004033978928612439
2020-04-10 18:29:00,2087.87409773205,0.0004101758899603974
2020-04-10 18:30:00,2087.78926616232,0.00041706694177869047
2020-04-10 18:31:00,2088.951651963245,0.0004313854083577613
2020-04-10 18:32:00,2088.3462429506953,0.0003916132996196987
2020-04-10 18:33:00,2088.803596479514,0.0003832119404349837
2020-04-10 18:34:00,2090.5091606196756,0.0004003529340427311
2020-04-10 18:35:00,2090.4810779317813,0.00042051391037613257
2020-04-10 18:36:00,2091.6447829982926,0.0003951334170837614
2020-04-10 18:37:00,2093.642442319633,0.00039582244433356836
2020-04-10 18:38:00,2094.004951797203,0.0003616349897266572
2020-04-10 18:39:00,2093.193589529154,0.0003673901951492748
2020-04-10 18:40:00,2092.685424996076,0.00036735932622093177
2020-04-10 18:41:00,2093.3297746704543,0.0003830458230141167
2020-04-10 18:42:00,2093.9797505052456,0.00037314658604190373
2020-04-10 18:43:00,2094.423361507588,0.000336496931994509
2020-04-10 18:44:00,2093.944783344976,0.0003470176954467074
2020-04-10 18:45:00,2094.928998978387,0.00036511478676812774
2020-04-10 18:46:00,2094.4705019436524,0.0003770334773676247
2020-04-10 18:47:00,2094.132080526988,0.00036456913852626644
2020-04-10 18:48:00,2093.8449052900874,0.00035425040387176824
2020-04-10 18:49:00,2094.127688586378,0.00034066553360855055
2020-04-10 18:50:00,2093.722774627623,0.0003397857752786979
2020-04-10 18:51:00,2093.7364924744115,0.00030541648368882795
2020-04-10 18:52:00,2094.7954766656107,0.00026683253144292856
2020-04-10 18:53:00,2094.809267684504,0.0002624248523691899
2020-04-10 18:54:00,2095.248242084124,0.0002686810415043341
2020-04-10 18:55:00,2095.4979856700697,0.0002388499137194798
2020-04-10 18:56:00,2095.396113917695,0.00025538343183130794
2020-04-10 18:57:00,2094.5243883117705,0.0002465833440440327
2020-04-10 18:58:00,2094.424114841754,0.000258015633128274
2020-04-10 18:59:00,2095.108712626045,0.00025514561332881663
2020-04-10 19:00:00,2095.1824293483714,0.0002651413995535072
2020-04-10 19:01:00,2095.8694522729716,0.00026341004618290803
2020-04-10 19:02:00,2096.199090550138,0.0002783929791347279
2020-04-10 19:03:00,2096.6482198200524,0.00029208067870572303
2020-04-10 19:04:00,2096.368695511812,0.0002983357338302768
2020-04-10 19:05:00,2096.6096904880683,0.0003123772839912043
2020-04-10 19:06:00,2096.2274229398813,0.0003199486630377092
2020-04-10 19:07:00,2096.987517324913,0.00031999449966126287
2020-04-10 19:08:00,2097.5081883487696,0.0003186402212247615
2020-04-10 19:09:00,2096.4416502723193,0.00031792935990249984
2020-04-10 19:10:00,2096.7932320861237,0.0003126554054481437
2020-04-10 19:11:00,2095.552266391583,0.00031888212045000553
2020-04-10 19:12:00,2095.8879718547287,0.0003238008428514577
2020-04-10 19:13:00,2096.334925067067,0.00032188957341132017
2020-04-10 19:14:00,2096.857720698941,0.0003161570848982015
2020-04-10 19:15:00,2097.071644421268,0.00030407162576634434
2020-04-10 19:16:00,2096.469891583665,0.00029706421486479267
2020-04-10 19:17:00,2096.200220216874,0.0002889120794364492
2020-04-10 19:18:00,2096.071548313794,0.0003013462461486142
2020-04-10 19:19:00,2095.932669701143,0.0002905259618242093
2020-04-10 19:20:00,2096.9526075918384,0.00028089029402463705
2020-04-10 19:21:00,2096.4688807674684,0.00026215978266680033
2020-04-10 19:22:00,2096.811408678577,0.00027540438447907394
2020-04-10 19:23:00,2097.8123045683155,0.000291185244725529
2020-04-10 19:24:00,2097.200835528765,0.00030106100748203386
2020-04-10 19:25:00,2097.5915204889557,0.00029415029904983337
2020-04-10 19:26:00,2097.186681285763,0.0002841172229566554
2020-04-10 19:27:00,2095.939623514515,0.0002977836597271516
2020-04-10 19:28:00,2095.402857759058,0.00028478357174825414
2020-04-10 19:29:00,2094.541148814585,0.0002686089057637622
2020-04-10 19:30:00,2094.6529293018634,0.0002733978401699086
2020-04-10 19:31:00,2093.772307726991,0.00029123875968109
2020-04-10 19:32:00,2093.8795992217842,0.0002799985406573787
2020-04-10 19:33:00,2093.303614902147,0.0002809418708766032
2020-04-10 19:34:00,2092.909707848606,0.00027640823095398826
2020-04-10 19:35:00,2092.7743793261793,0.00026768450083882687
2020-04-10 19:36:00,2092.926802778266,0.00026548357813826
2020-04-10 19:37:00,2092.701629044245,0.00026339328502005064
2020-04-10 19:38:00,2092.9203979126864,0.00027567708694816107
2020-04-10 19:39:00,2093.305615891911,0.0002711272186252971
2020-04-10 19:40:00,2093.222288971831,0.0002661377988042588
2020-04-10 19:41:00,2091.7398411185836,0.00025449312437415567
2020-04-10 19:42:00,2092.191004837973,0.0002573091973020437
2020-04-10 19:43:00,2091.676521283289,0.0002662803534691857
2020-04-10 19:44:00,2091.193298373871,0.0002572897967994903
2020-04-10 19:45:00,2090.195521965915,0.00025873715722524393
2020-04-10 19:46:00,2090.433322739178,0.000283790548760641
2020-04-10 19:47:00,2089.6379169101383,0.00029177267510318357
2020-04-10 19:48:00,2088.4787742010317,0.00027994706149944774
2020-04-10 19:49:00,2088.884336977486,0.0002942349053347424
2020-04-10 19:50:00,2089.1150947542264,0.0003050624069974626
2020-04-10 19:51:00,2088.891103098404,0.00031175121100635484
2020-04-10 19:52:00,2089.345284054417,0.00030474661761075084
2020-04-10 19:53:00,2089.511306018442,0.0003065769811081291
2020-04-10 19:54:00,2089.9944029339044,0.00030094133835923244
2020-04-10 19:55:00,2090.1152219290725,0.00029151944825619384
2020-04-10 19:56:00,2091.077116057518,0.00030634167368233687
2020-04-10 19:57:00,2090.441142469213,0.0003226418712610425
2020-04-10 19:58:00,2089.8632055115913,0.0003162016698676758
2020-04-10 19:59:00,2089.2113562318777,0.00029384321345790365
2020-04-13 13:30:00,2039.3842882240956,0.00031166783771978873
2020-04-13 13:31:00,2039.2365428218786,0.0003088022015315571
2020-04-13 13:32:00,2039.5540502756378,0.00029885854099509686
2020-04-13 13:33:00,2039.3074038429547,0.00030208408694556906
2020-04-13 13:34:00,2038.8298362807866,0.0002938840351461539
2020-04-13 13:35:00,2039.1893798384851,0.00029165134944509827
2020-04-13 13:36:00,2038.4929041525243,0.0003080368740770652
2020-04-13 13:37:00,2039.2564041285623,0.0003011819211410825
2020-04-13 13:38:00,2039.417672796282,0.0002729795926225321
2020-04-13 13:39:00,2039.496642463076,0.00027794393347623685
2020-04-13 13:40:00,2039.6497106558172,0.000286616453005497
2020-04-13 13:41:00,2040.493306085521,0.00027450437322417575
2020-04-13 13:42:00,2040.664685121984,0.0002613910378715638
2020-04-13 13:43:00,2040.9897722990545,0.000250397189599948
2020-04-13 13:44:00,2041.0586923324079,0.00023848164900566794
2020-04-13 13:45:00,2041.7176655826088,0.00024484753182596377
2020-04-13 13:46:00,2040.986110533269,0.0002682824026677042
2020-04-13 13:47:00,2041.4298529321015,0.00025863070906449335
2020-04-13 13:48:00,2041.5772388923506,0.00025932757114014
2020-04-13 13:49:00,2041.5689079422218,0.0002694171737093454
2020-04-13 13:50:00,2041.7035311468592,0.000259052989609823
2020-04-13 13:51:00,2041.688786449272,0.0002573985192612868
2020-04-13 13:52:00,2041.399069764,0.0002600397576940131
2020-04-13 13:53:00,2041.9469397935125,0.0002625429699090562
2020-04-13 13:54:00,2041.1788207304617,0.00025442975070795687
2020-04-13 13:55:00,2040.9040307243051,0.00025308284750014224
2020-04-13 13:56:00,2040.7300196936417,0.00024745204933028644
2020-04-13 13:57:00,2039.9832914692531,0.00025000664228968736
2020-04-13 13:58:00,2039.1341732693231,0.00026399399953859666
2020-04-13 13:59:00,2039.4060926367747,0.00026483238675206115
2020-04-13 14:00:00,2039.3948901374872,0.000261936534415601
2020-04-13 14:01:00,2039.0567778878667,0.00026272089784691306
2020-04-13 14:02:00,2038.7344550385865,0.0002471044825774795
2020-04-13 14:03:00,2038.7964872204157,0.0002566428995383817
2020-04-13 14:04:00,2038.7927726568855,0.00025201424872501807
2020-04-13 14:05:00,2038.8241707897075,0.00024382930294561948
2020-04-13 14:06:00,2039.2548827359567,0.00022837326824530626
2020-04-13 14:07:00,2038.8592524149133,0.0002327357030350637
2020-04-13 14:08:00,2038.6713398420868,0.0002492217970071644
2020-04-13 14:09:00,2037.7421360371338,0.00025378157603046054
2020-04-13 14:10:00,2038.462820932248,0.0002588789290101753
2020-04-13 14:11:00,2037.9151789247535,0.00023764620906220434
2020-04-13 14:12:00,2037.413499794992,0.00024263712231158174
2020-04-13 14:13:00,2036.4772271601123,0.00025110649824882286
2020-04-13 14:14:00,2036.6528357037184,0.00025823591820447415
2020-04-13 14:15:00,2036.2383706549224,0.0002651081012380029
2020-04-13 14:16:00,2036.4178299939858,0.0002612117420401181
2020-04-13 14:17:00,2036.2836464806298,0.00023673998045741095
2020-04-13 14:18:00,2036.4690590453554,0.0002227335445598859
2020-04-13 14:19:00,2035.6477606979329,0.00022016921370342164
2020-04-13 14:20:00,2035.4426722026828,0.00021894521285523264
2020-04-13 14:21:00,2035.541686287758,0.00022307011934266917
2020-04-13 14:22:00,2035.7067629992948,0.00021677335309175423
2020-04-13 14:23:00,2036.2566833622473,0.00021557099930971896
2020-04-13 14:24:00,2036.632132039174,0.000213409196248857
2020-04-13 14:25:00,2036.4295889595835,0.00022263213207872567
2020-04-13 14:26:00,2036.422925031582,0.00023218565504619764
2020-04-13 14:27:00,2036.1857686274452,0.00022556519062376883
2020-04-13 14:28:00,2036.7302004879684,0.00022763706769395536
2020-04-13 14:29:00,2037.2062544650114,0.00022157743597289102
2020-04-13 14:30:00,2036.5133855081124,0.00022805864292464042
2020-04-13 14:31:00,2035.7246488336784,0.00022713342494931382
2020-04-13 14:32:00,2036.2516149994149,0.00023183000835932293
2020-04-13 14:33:00,2035.7724696056478,0.00022328838417043638
2020-04-13 14:34:00,2036.3804969358175,0.0002309028505289446
2020-04-13 14:35:00,2035.8482317171824,0.00023274617197242142
2020-04-13 14:36:00,2036.2757624415692,0.00023035709442774402
2020-04-13 14:37:00,2036.370239873893,0.00023477276070166646
2020-04-13 14:38:00,2036.3316641185704,0.00023084167625850497
2020-04-13 14:39:00,2036.6170048182983,0.0002219510485224647
2020-04-13 14:40:00,2037.0619828882327,0.0002295075133762793
2020-04-13 14:41:00,2037.2536841338901,0.00022041047913945084
2020-04-13 14:42:00,2038.2027633726873,0.00022363499815471682
2020-04-13 14:43:00,2038.9415768232507,0.00023064178124124345
2020-04-13 14:44:00,2038.8509829349407,0.00024211052574953605
2020-04-13 14:45:00,2038.6250024632322,0.00023151071140941633
2020-04-13 14:46:00,2038.4199382673064,0.00022768157618940717
2020-04-13 14:47:00,2038.107855297448,0.00024624755806193575
2020-04-13 14:48:00,2037.6334490766112,0.00024633415741385806
2020-04-13 14:49:00,2038.0689001211533,0.00025359088744302796
2020-04-13 14:50:00,2037.9217748715764,0.00025772582072823433
2020-04-13 14:51:00,2038.1352923655045,0.00024910502204669846
2020-04-13 14:52:00,2037.7940144103313,0.0002512376016738356
2020-04-13 14:53:00,2037.3634441598683,0.0002608976409472015
2020-04-13 14:54:00,2036.698510963102,0.00025935158966654314
2020-04-13 14:55:00,2036.8094248812704,0.00025957560684322666
2020-04-13 14:56:00,2036.4943211822115,0.0002646264221367309
2020-04-13 14:57:00,2036.2307849645986,0.00027387633797510693
2020-04-13 14:58:00,2035.8820122367601,0.0002676485411543302
2020-04-13 14:59:00,2035.838038625838,0.0002700445497287134
2020-04-13 15:00:00,2036.196555881719,0.0002592733789834687
2020-04-13 15:01:00,2035.5662562126897,0.00027167337855769734
2020-04-13 15:02:00,2035.6115198780415,0.00026743640625156013
2020-04-13 15:03:00,2035.3739912401093,0.000274608457765839
2020-04-13 15:04:00,2035.8485287840763,0.0002953860592882749
2020-04-13 15:05:00,2035.8511385480958,0.00030974393663222243
2020-04-13 15:06:00,2035.8785104669716,0.00029967823124685836
2020-04-13 15:07:00,2036.385004477644,0.0003146269609800225
2020-04-13 15:08:00,2037.075004154752,0.00028890604236330954
2020-04-13 15:09:00,2037.5263912918101,0.0002886672594735959
2020-04-13 15:10:00,2037.3990812486857,0.0002868233765909115
2020-04-13 15:11:00,2036.8331151151428,0.00030752939253417635
2020-04-13 15:12:00,2036.794536082089,0.0002876497186494998
2020-04-13 15:13:00,2036.2496199631894,0.00028411420439548884
2020-04-13 15:14:00,2035.419805676878,0.00029556738915208566
2020-04-13 15:15:00,2035.1582312760208,0.00030606849912079764
2020-04-13 15:16:00,2036.2481586595338,0.00032102046751534993
2020-04-13 15:17:00,2035.3961923093389,0.0003435122171986239
2020-04-13 15:18:00,2035.4612540385278,0.00035622460560240826
2020-04-13 15:19:00,2036.1294239753383,0.0003344120222189149
2020-04-13 15:20:00,2035.1032737307867,0.000328809207017636
2020-04-13 15:21:00,2035.0988717732,0.00034094636360945094
2020-04-13 15:22:00,2034.4223614770283,0.0003163410488168723
2020-04-13 15:23:00,2034.2566500168289,0.00030199078307754397
2020-04-13 15:24:00,2033.6821841705887,0.0002936371806306842
2020-04-13 15:25:00,2032.9237411580746,0.0002941664598888942
2020-04-13 15:26:00,2032.3075438265737,0.00032265950335142514
2020-04-13 15:27:00,2033.593122939461,0.0003363593420824998
2020-04-13 15:28:00,2032.4473146257749,0.00033004072404170726
2020-04-13 15:29:00,2033.2085772906955,0.000335902331823456
2020-04-13 15:30:00,2032.5546020921713,0.0003363136659766995
2020-04-13 15:31:00,2031.6641947575247,0.0003235135575822462
2020-04-13 15:32:00,2031.6232968572901,0.0003031240742024395
2020-04-13 15:33:00,2030.8381686978366,0.0003112327018889864
2020-04-13 15:34:00,2031.1929690771722,0.00031339478693706086
2020-04-13 15:35:00,2031.0060884237641,0.0003291505618888751
2020-04-13 15:36:00,2031.3773278356834,0.00032540410946058584
2020-04-13 15:37:00,2031.3151980273656,0.0003214483600790189
2020-04-13 15:38:00,2030.485703741535,0.00033786507641569356
2020-04-13 15:39:00,2032.2304519593893,0.00034433285458938546
2020-04-13 15:40:00,2031.8314752630622,0.0003380391239147761
2020-04-13 15:41:00,2032.0426182220872,0.0003243654847425767
2020-04-13 15:42:00,2032.757028697315,0.00031529472053108806
2020-04-13 15:43:00,2033.0194669600053,0.0003220263440409924
2020-04-13 15:44:00,2032.9380401160488,0.00032195497984073714
2020-04-13 15:45:00,2033.6645220598782,0.0003099295803917089
2020-04-13 15:46:00,2033.5340896738157,0.0003169211193624615
2020-04-13 15:47:00,2032.9970279705433,0.0003080431894540098
2020-04-13 15:48:00,2033.8168316855117,0.00032513639502858283
2020-04-13 15:49:00,2033.7248922063593,0.0003322492141710185
2020-04-13 15:50:00,2034.270498998603,0.00033902531024015807
2020-04-13 15:51:00,2034.4712898327277,0.0003048067848980161
2020-04-13 15:52:00,2034.5766680662564,0.00031334614128608943
2020-04-13 15:53:00,2033.8673496757717,0.0003279314797370937
2020-04-13 15:54:00,2033.3958328063811,0.00033741602063558883
2020-04-13 15:55:00,2033.7474935730454,0.0003150690178373004
2020-04-13 15:56:00,2033.319681792732,0.0003251369979095059
2020-04-13 15:57:00,2033.611385379304,0.000318317710697142
2020-04-13 15:58:00,2032.9892285610113,0.00033966063157723966
2020-04-13 15:59:00,2033.690089205191,0.0003595300351103198
2020-04-13 16:00:00,2034.9270121048191,0.0003629532420242771
2020-04-13 16:01:00,2034.2844161370613,0.00037105914990262447
2020-04-13 16:02:00,2035.0999935114764,0.0003813030324841206
2020-04-13 16:03:00,2034.6753700185202,0.00036541509399858047
2020-04-13 16:04:00,2033.3986636727866,0.0003806133447872011
2020-04-13 16:05:00,2034.3513681285813,0.0003720935090337171
2020-04-13 16:06:00,2035.3258462474935,0.0003582326850462894
2020-04-13 16:07:00,2036.0399541102329,0.0003580033913483505
2020-04-13 16:08:00,2035.2233362858333,0.0003594724361108125
2020-04-13 16:09:00,2034.9693056693775,0.0003625840797804705
2020-04-13 16:10:00,2033.6397429983813,0.00036926230201601764
2020-04-13 16:11:00,2034.0522522934675,0.0003902313838944102
2020-04-13 16:12:00,2033.734133059361,0.00039580212552863155
2020-04-13 16:13:00,2034.2220192686636,0.0004107562552235857
2020-04-13 16:14:00,2033.4474491300748,0.0003929567529450878
2020-04-13 16:15:00,2032.8628166621763,0.0004129777354408584
2020-04-13 16:16:00,2032.567858570045,0.0003941555393443587
2020-04-13 16:17:00,2033.4863610228895,0.0003970814620281199
2020-04-13 16:18:00,2033.7681030730462,0.000419913816743986
2020-04-13 16:19:00,2033.2073001325905,0.00040000371427536716
2020-04-13 16:20:00,2033.194714564081,0.00036952609513352087
2020-04-13 16:21:00,2034.152597798895,0.0003626136428181703
2020-04-13 16:22:00,2035.6922688452726,0.00033875086172005953
2020-04-13 16:23:00,2035.6775730099332,0.00032362560690805606
2020-04-13 16:24:00,2035.270933630613,0.0003138975053674071
2020-04-13 16:25:00,2036.5711706765014,0.0002950935911185198
2020-04-13 16:26:00,2035.7233395499156,0.00029220162303652587
2020-04-13 16:27:00,2036.4700048414554,0.0003017204957616442
2020-04-13 16:28:00,2036.3172722422298,0.0002996435750974272
2020-04-13 16:29:00,2037.118993525516,0.00028949739052310224
2020-04-13 16:30:00,2037.5035777742214,0.00031739034029198396
2020-04-13 16:31:00,2037.9511595064523,0.00033533640817096116
2020-04-13 16:32:00,2037.9829699800673,0.000338730682632658
2020-04-13 16:33:00,2038.797020577604,0.00034441413985874766
2020-04-13 16:34:00,2038.1368761255753,0.0003493203331232589
2020-04-13 16:35:00,2039.1231034821258,0.00035727956803351563
2020-04-13 16:36:00,2038.510769653847,0.00035665163265501267
2020-04-13 16:37:00,2038.6725531424377,0.00034531776114434334
2020-04-13 16:38:00,2037.2315679591725,0.00035149211765038224
2020-04-13 16:39:00,2038.8059661348518,0.0003287937888043733
2020-04-13 16:40:00,2039.255948965921,0.0003294546005771162
2020-04-13 16:41:00,2038.8957955890962,0.0003218444660048816
2020-04-13 16:42:00,2038.6160387111702,0.00033725558968512105
2020-04-13 16:43:00,2039.3068318415571,0.00036280092726563763
2020-04-13 16:44:00,2041.572664402325,0.0003528954234187617
2020-04-13 16:45:00,2041.367102375451,0.00034424568429356807
2020-04-13 16:46:00,2041.0723614991757,0.00031663148133206844
2020-04-13 16:47:00,2040.6401730119642,0.00033902641673278145
2020-04-13 16:48:00,2039.8374667460926,0.00034607081990444325
2020-04-13 16:49:00,2040.6701560088065,0.0003395631821406863
2020-04-13 16:50:00,2041.311022093372,0.00033839614983405725
2020-04-13 16:51:00,2041.0920266695477,0.0003182816436639495
2020-04-13 16:52:00,2041.6204739843852,0.0003280225302221733
2020-04-13 16:53:00,2041.7047596037291,0.0003472725619846134
2020-04-13 16:54:00,2040.763376925852,0.00034813649595688247
2020-04-13 16:55:00,2038.3004314768714,0.0003478673397646223
2020-04-13 16:56:00,2038.3173823608158,0.00033928524509547705
2020-04-13 16:57:00,2038.5052746645172,0.0003279910588534834
2020-04-13 16:58:00,2037.819343061091,0.00032469632945426516
2020-04-13 16:59:00,2036.9147885296065,0.00033984749205079063
2020-04-13 17:00:00,2037.493131308636,0.00033137247243458085
2020-04-13 17:01:00,2038.8192214841054,0.00033968287506965097
2020-04-13 17:02:00,2038.8852575812211,0.00035023993627914923
2020-04-13 17:03:00,2037.7065028112172,0.0003634631716227114
2020-04-13 17:04:00,2037.4385595223396,0.0003652870515008595
2020-04-13 17:05:00,2036.848340857256,0.00035369723456892314
2020-04-13 17:06:00,2036.492737419324,0.0003374510622374583
2020-04-13 17:07:00,2035.7360714010651,0.0003331396474983219
2020-04-13 17:08:00,2035.5962032410232,0.00031632171677879197
2020-04-13 17:09:00,2037.0728091174115,0.00032844899773782276
2020-04-13 17:10:00,2036.5009573323757,0.0003139094504001974
2020-04-13 17:11:00,2036.5242913653042,0.0003273912386380251
2020-04-13 17:12:00,2036.4671076171237,0.0003377088495157417
2020-04-13 17:13:00,2036.4775053351805,0.00032544202592068455
2020-04-13 17:14:00,2037.8639919157854,0.00033720468642729876
2020-04-13 17:15:00,2037.978569947403,0.0003629471994876862
2020-04-13 17:16:00,2037.1964878421013,0.000360145910550259
2020-04-13 17:17:00,2036.1739800685086,0.00037227574988997047
2020-04-13 17:18:00,2036.9823448066677,0.00034539166240754625
2020-04-13 17:19:00,2035.977577708966,0.0003556695274393514
2020-04-13 17:20:00,2036.0043361325074,0.0003548389642823688
2020-04-13 17:21:00,2036.839472010697,0.0003343489034300005
2020-04-13 17:22:00,2036.693433957272,0.00033499266487325123
2020-04-13 17:23:00,2036.6754313597007,0.0003384160465744797
2020-04-13 17:24:00,2037.0405856947768,0.00032882576531671564
2020-04-13 17:25:00,2037.1952676582714,0.00034528586309699326
2020-04-13 17:26:00,2037.5660900450644,0.00034021666529694233
2020-04-13 17:27:00,2038.8395219768743,0.0003369859893441176
2020-04-13 17:28:00,2038.2170370282959,0.000311613375644093
2020-04-13 17:29:00,2037.3033144114793,0.0003202445569411027
2020-04-13 17:30:00,2037.4271073765512,0.0003279324413590612
2020-04-13 17:31:00,2038.550773157556,0.0003298811985437531
2020-04-13 17:32:00,2039.2417133347126,0.0003420003898603848
2020-04-13 17:33:00,2038.5746562018717,0.0003298394749112456
2020-04-13 17:34:00,2040.4232218603338,0.0003371804622141739
2020-04-13 17:35:00,2040.206960656628,0.0003177779281926979
2020-04-13 17:36:00,2039.2934565968296,0.00033614655377580186
2020-04-13 17:37:00,2037.7531822608155,0.00032461926689980364
2020-04-13 17:38:00,2037.0337353131779,0.0003185044596160004
2020-04-13 17:39:00,2036.0277843880706,0.0003382578609639535
2020-04-13 17:40:00,2037.2708886937778,0.00035601770566552566
2020-04-13 17:41:00,2037.4113188197516,0.0003542216508057528
2020-04-13 17:42:00,2037.1249407202304,0.0003421840392433374
2020-04-13 17:43:00,2038.8393847461305,0.0003530162833109775
2020-04-13 17:44:00,2039.0655454855525,0.0003160637014230863
2020-04-13 17:45:00,2038.8260463451538,0.00030391501333930474
2020-04-13 17:46:00,2038.0832646831525,0.00030446160686585744
2020-04-13 17:47:00,2038.1701412271789,0.00031194281875018126
2020-04-13 17:48:00,2040.0221546042799,0.00032061992855356706
2020-04-13 17:49:00,2039.347684439616,0.0003068902049803906
2020-04-13 17:50:00,2040.3474474523152,0.0003149357976756817
2020-04-13 17:51:00,2040.3976545073706,0.00032073653964932166
2020-04-13 17:52:00,2040.7302843122259,0.0003359375959464269
2020-04-13 17:53:00,2039.7960063193282,0.0003336557322659742
2020-04-13 17:54:00,2039.8649924083898,0.00035018084073914894
2020-04-13 17:55:00,2039.643664188099,0.0003181804702137123
2020-04-13 17:56:00,2038.5333961306333,0.00031061168063703997
2020-04-13 17:57:00,2039.5111986238478,0.0002962691818810701
2020-04-13 17:58:00,2040.2855460194762,0.0003166641106604433
2020-04-13 17:59:00,2040.434739354776,0.00029912699623681796
2020-04-13 18:00:00,2040.4897989785131,0.0003054022357825411
2020-04-13 18:01:00,2041.3123560716667,0.0003060213626658418
2020-04-13 18:02:00,2040.6871778866796,0.00029966285233291976
2020-04-13 18:03:00,2040.8545860365023,0.00029899647892327056
2020-04-13 18:04:00,2042.1730953238573,0.0002903829973770248
2020-04-13 18:05:00,2042.0859067289657,0.0002836635510718743
2020-04-13 18:06:00,2041.775439987177,0.000290115766248574
2020-04-13 18:07:00,2041.353835523092,0.00029808316336259514
2020-04-13 18:08:00,2041.7149888216102,0.00027470641515201107
2020-04-13 18:09:00,2041.1863125125317,0.0002814631719292484
2020-04-13 18:10:00,2041.3470196858423,0.0002991322360372127
2020-04-13 18:11:00,2040.8831061573574,0.00029760973541699293
2020-04-13 18:12:00,2040.43179281718,0.00029058736719118173
2020-04-13 18:13:00,2040.45293654849,0.0003030684439771089
2020-04-13 18:14:00,2040.6720510097534,0.0003273269835305213
2020-04-13 18:15:00,2040.7625582170701,0.00030956664465520557
2020-04-13 18:16:00,2041.0871485749863,0.000329455459394318
2020-04-13 18:17:00,2040.9018960989006,0.00032200974651062507
2020-04-13 18:18:00,2040.9154745647754,0.0003118336031348576
2020-04-13 18:19:00,2041.4782846793316,0.00032312435636002476
2020-04-13 18:20:00,2039.752668511094,0.00033012805329152886
2020-04-13 18:21:00,2039.5816676019042,0.0003270225057704862
2020-04-13 18:22:00,2040.094170019451,0.0003310539040049317
2020-04-13 18:23:00,2039.9600394898503,0.00035474932603254494
2020-04-13 18:24:00,2040.4613977934016,0.00035059985618501405
2020-04-13 18:25:00,2041.7834257964842,0.00037577012225837203
2020-04-13 18:26:00,2041.4061396051702,0.0003912672876768944
2020-04-13 18:27:00,2041.708289674809,0.0004089483267019544
2020-04-13 18:28:00,2043.9359091514439,0.0004012734241430502
2020-04-13 18:29:00,2042.9280165973755,0.0003910740791634037
2020-04-13 18:30:00,2043.5890794930117,0.0004248988731187701
2020-04-13 18:31:00,2042.6846502127225,0.00045064070977856826
2020-04-13 18:32:00,2043.0648961525128,0.0004656264732873769
2020-04-13 18:33:00,2042.9680475028401,0.0004525262325532471
2020-04-13 18:34:00,2043.838751906364,0.0004825487728785602
2020-04-13 18:35:00,2041.6692499300082,0.0004989599642525748
2020-04-13 18:36:00,2041.5463109080185,0.0005214376954261875
2020-04-13 18:37:00,2041.2635279128704,0.0005035961787542327
2020-04-13 18:38:00,2041.3568126784435,0.0005029638625976051
2020-04-13 18:39:00,2041.8867876990155,0.0004981428154746125
2020-04-13 18:40:00,2042.0624094429875,0.0005463222102476345
2020-04-13 18:41:00,2043.5422138747763,0.0005738425316052069
2020-04-13 18:42:00,2042.7092358521884,0.0005595345966382705
2020-04-13 18:43:00,2041.7515360727448,0.0005232425584425339
2020-04-13 18:44:00,2040.8460446965025,0.0005121340655663056
2020-04-13 18:45:00,2041.3841148719914,0.0005195124792674135
2020-04-13 18:46:00,2041.2771829419348,0.0005427739040226555
2020-04-13 18:47:00,2041.3698445400066,0.000540116125836119
2020-04-13 18:48:00,2042.1402883349024,0.0005278416845558244
2020-04-13 18:49:00,2043.6504709586477,0.0005307281287787929
2020-04-13 18:50:00,2042.6262273787627,0.0005188370700609187
2020-04-13 18:51:00,2041.5831797075343,0.0005310949200275813
2020-04-13 18:52:00,2041.3227140588065,0.0005265462812349517
2020-04-13 18:53:00,2041.1545403674693,0.0005171445298117929
2020-04-13 18:54:00,2040.0296312520777,0.0005387877941391409
2020-04-13 18:55:00,2040.8232891353641,0.00057285771949186
2020-04-13 18:56:00,2039.6679119459313,0.0006068608495306301
2020-04-13 18:57:00,2039.9401559019575,0.0005743794721866911
2020-04-13 18:58:00,2040.2848373432291,0.0005595159947188241
2020-04-13 18:59:00,2039.5596721147147,0.0005542714068259674
2020-04-13 19:00:00,2039.593873182578,0.0005767745098827487
2020-04-13 19:01:00,2041.0340431449258,0.0005258234350015638
2020-04-13 19:02:00,2038.703248243222,0.0005253866289418879
2020-04-13 19:03:00,2038.8413760838225,0.0005350826823692546
2020-04-13 19:04:00,2040.0792442947231,0.0005381400100956901
2020-04-13 19:05:00,2040.7548056080632,0.0005336441166935265
2020-04-13 19:06:00,2042.7321450999857,0.0005300621281797527
2020-04-13 19:07:00,2041.6620308683,0.0005321229956906935
2020-04-13 19:08:00,2040.679756247568,0.0005010718012502419
2020-04-13 19:09:00,2039.4480887904763,0.0005379306393689011
2020-04-13 19:10:00,2040.3317321980187,0.0005626745244431363
2020-04-13 19:11:00,2040.0965134752398,0.0005472664490277369
2020-04-13 19:12:00,2039.4775558003112,0.0005601356697064729
2020-04-13 19:13:00,2040.6706169858433,0.0005995252619509914
2020-04-13 19:14:00,2042.7765711878653,0.0005930236252678215
2020-04-13 19:15:00,2042.6706609753887,0.0005952005120198775
2020-04-13 19:16:00,2043.0579147617482,0.0005973519466807434
2020-04-13 19:17:00,2042.263101630356,0.0005641014079494168
2020-04-13 19:18:00,2043.1174668540116,0.0005745521219326458
2020-04-13 19:19:00,2043.2182832362373,0.0005893625152531559
2020-04-13 19:20:00,2041.9903707560063,0.0005679041396420241
2020-04-13 19:21:00,2042.977079775675,0.0005899865115906876
2020-04-13 19:22:00,2041.4957302941084,0.0006071555362211949
2020-04-13 19:23:00,2040.3897074415127,0.0006095813242281314
2020-04-13 19:24:00,2040.609561816703,0.0005969948207628243
2020-04-13 19:25:00,2040.367852812734,0.0006258107467442183
2020-04-13 19:26:00,2036.2100447541668,0.000620100205252066
2020-04-13 19:27:00,2037.2694995723245,0.0006367580268333424
2020-04-13 19:28:00,2039.7441498655737,0.0006305703112842512
2020-04-13 19:29:00,2038.1438328912552,0.0006529460899144216
2020-04-13 19:30:00,2038.798869486467,0.0007027051091581365
2020-04-13 19:31:00,2039.7582060291363,0.0006645983797687724
2020-04-13 19:32:00,2039.2276864402252,0.000669264721331606
2020-04-13 19:33:00,2039.5612657373513,0.0006516219949852047
2020-04-13 19:34:00,2041.3059048703142,0.0006661005692613825
2020-04-13 19:35:00,2039.967373481966,0.0006829167232025261
2020-04-13 19:36:00,2040.6259682197333,0.0007194584286065014
2020-04-13 19:37:00,2042.8745941883567,0.0007148956643910543
2020-04-13 19:38:00,2039.8780903570473,0.0007473629773793638
2020-04-13 19:39:00,2038.6281985961675,0.0007503399764142879
2020-04-13 19:40:00,2040.6982358664193,0.0007498134925917395
2020-04-13 19:41:00,2042.9503019596314,0.0007417422383696606
2020-04-13 19:42:00,2043.5163088841857,0.0007578841186739996
2020-04-13 19:43:00,2043.389100319502,0.0007938496708935356
2020-04-13 19:44:00,2047.0883217418248,0.0008138182975969454
2020-04-13 19:45:00,2046.6650406739898,0.0007489895014344226
2020-04-13 19:46:00,2045.4905181290846,0.0007439910727730006
2020-04-13 19:47:00,2044.3202191141688,0.0007135401838265786
2020-04-13 19:48:00,2045.301972003599,0.0007305512694045722
2020-04-13 19:49:00,2045.5056649427297,0.0007236149722300209
2020-04-13 19:50:00,2047.208687887118,0.0007627246685310654
2020-04-13 19:51:00,2049.1497167642174,0.0007361140628343099
2020-04-13 19:52:00,2048.994305395414,0.0007113997314913699
2020-04-13 19:53:00,2047.3122137970736,0.0007151089365720935
2020-04-13 19:54:00,2047.6819015828596,0.000704140433812306
2020-04-13 19:55:00,2049.5107692294373,0.0007488000375818671
2020-04-13 19:56:00,2050.154248094423,0.0007798966982960283
2020-04-13 19:57:00,2048.8474150266675,0.0007651412450327188
2020-04-13 19:58:00,2051.195889531371,0.000771725226461729
2020-04-13 19:59:00,2049.5011188293906,0.0007879320322483706
2020-04-14 13:30:00,2056.596617901295,0.0007746348605147952
2020-04-14 13:31:00,2055.017125277986,0.0007364746836542535
2020-04-14 13:32:00,2052.52124842186,0.0006956655264821746
2020-04-14 13:33:00,2051.22981764325,0.0006694826095113997
2020-04-14 13:34:00,2050.6223803788994,0.0006576216213854279
2020-04-14 13:35:00,2050.2767551814813,0.0005837708184410241
2020-04-14 13:36:00,2050.03374300279,0.0005538940749926332
2020-04-14 13:37:00,2049.542907481169,0.0005322285835416602
2020-04-14 13:38:00,2050.469829039013,0.000514364854865872
2020-04-14 13:39:00,2050.9486284111613,0.000535872033257381
2020-04-14 13:40:00,2051.335232278668,0.0005603515400964199
2020-04-14 13:41:00,2051.600928536318,0.0005640353358008619
2020-04-14 13:42:00,2051.289063789852,0.000579163567841543
2020-04-14 13:43:00,2052.775387565184,0.0006039533320526488
2020-04-14 13:44:00,2050.7671147839474,0.000579973947813809
2020-04-14 13:45:00,2050.9114788265188,0.0005902557903046757
2020-04-14 13:46:00,2052.8563276274895,0.0005689723457065018
2020-04-14 13:47:00,2053.247502101297,0.0006037984378546066
2020-04-14 13:48:00,2050.7138484677635,0.0006209458790573832
2020-04-14 13:49:00,2049.0350106607602,0.0006261688888085024
2020-04-14 13:50:00,2050.308866222595,0.000576292947665581
2020-04-14 13:51:00,2049.8147097986034,0.0005700046356264427
2020-04-14 13:52:00,2051.0613587988346,0.0005908935326226872
2020-04-14 13:53:00,2050.1867297311164,0.0006162315988079864
2020-04-14 13:54:00,2050.605764632996,0.0006214710016477599
2020-04-14 13:55:00,2053.623530901803,0.0006107522265767526
2020-04-14 13:56:00,2054.298270828615,0.0006473994977627192
2020-04-14 13:57:00,2055.376130411476,0.0006704611739063032
2020-04-14 13:58:00,2058.3314365626993,0.0006645925100175382
2020-04-14 13:59:00,2057.5475958987668,0.0006556069552987839
2020-04-14 14:00:00,2056.8648169009994,0.0006707163764767763
2020-04-14 14:01:00,2055.3749943034322,0.0006786842311610524
2020-04-14 14:02:00,2053.0361086648127,0.0006981254060133551
2020-04-14 14:03:00,2052.540951717769,0.0007055733667407042
2020-04-14 14:04:00,2051.6786807988988,0.0006514144454181922
2020-04-14 14:05:00,2052.8186705099088,0.0006426677438361003
2020-04-14 14:06:00,2050.8344104303833,0.0006819237941139069
2020-04-14 14:07:00,2052.6067334489735,0.000698837091242823
2020-04-14 14:08:00,2053.405137772206,0.0007151542791245639
2020-04-14 14:09:00,2053.8992558413147,0.000777936451775063
2020-04-14 14:10:00,2054.7507785713615,0.000786689412226631
2020-04-14 14:11:00,2055.6785488608434,0.000817815461824015
2020-04-14 14:12:00,2054.3382983892566,0.0008425629099677313
2020-04-14 14:13:00,2052.3788712899172,0.0009406859811346361
2020-04-14 14:14:00,2051.0420807895593,0.000948550166028708
2020-04-14 14:15:00,2051.0123606267707,0.000957594463821496
2020-04-14 14:16:00,2050.8604337407587,0.0009393199966337802
2020-04-14 14:17:00,2049.059768230997,0.0009200831081671367
2020-04-14 14:18:00,2046.7745085534962,0.000868232762980383
2020-04-14 14:19:00,2049.749163321086,0.0009230315499656237
2020-04-14 14:20:00,2052.038234244217,0.000970643956406784
2020-04-14 14:21:00,2050.8238561877597,0.0009752350608085634
2020-04-14 14:22:00,2052.7267222371124,0.0008840273062122935
2020-04-14 14:23:00,2050.5054531777864,0.0009200014120088028
2020-04-14 14:24:00,2050.440041940645,0.0009408739957793643
2020-04-14 14:25:00,2047.5951239574986,0.0009499101535941601
2020-04-14 14:26:00,2045.8512693183754,0.000979459547544526
2020-04-14 14:27:00,2048.439734830142,0.0009752358353160199
2020-04-14 14:28:00,2049.8767884865492,0.0010012931603041247
2020-04-14 14:29:00,2048.0531176941977,0.000966149479742601
2020-04-14 14:30:00,2044.764587776176,0.0009418063622004311
2020-04-14 14:31:00,2043.1240392526388,0.0008706705428671384
2020-04-14 14:32:00,2041.0496960931846,0.0008023593631766513
2020-04-14 14:33:00,2039.693446999297,0.0007989260466356757
2020-04-14 14:34:00,2039.7005934505967,0.000806204702027642
2020-04-14 14:35:00,2038.130945678733,0.0008159604446717263
2020-04-14 14:36:00,2037.0017559313605,0.0008046237350775555
2020-04-14 14:37:00,2037.6175933845648,0.0008596145024777975
2020-04-14 14:38:00,2034.7568405285858,0.0007922117429784332
2020-04-14 14:39:00,2033.4303272673965,0.0008264131300229475
2020-04-14 14:40:00,2034.301292644497,0.0008432033458549103
2020-04-14 14:41:00,2033.6033048638596,0.000873886348418774
2020-04-14 14:42:00,2033.4303496262753,0.000878171750212143
2020-04-14 14:43:00,2036.2263819299342,0.0009123156005447109
2020-04-14 14:44:00,2035.093669727441,0.0009492271068635831
2020-04-14 14:45:00,2035.9829488619212,0.0009214925081782459
2020-04-14 14:46:00,2038.3989797615611,0.0009000364674168879
2020-04-14 14:47:00,2037.0196158181218,0.0008757578936536911
2020-04-14 14:48:00,2039.0136342933558,0.0009238015637413133
2020-04-14 14:49:00,2038.3471845263412,0.0009262527867633336
2020-04-14 14:50:00,2040.7594941721818,0.0009395532410217755
2020-04-14 14:51:00,2040.6788109552851,0.0009023455903088372
2020-04-14 14:52:00,2040.9899572573945,0.0009159804377030154
2020-04-14 14:53:00,2043.7707616343062,0.0008730249568480854
2020-04-14 14:54:00,2041.9453257654195,0.0008627149204466642
2020-04-14 14:55:00,2043.3823376361065,0.000845318298916026
2020-04-14 14:56:00,2043.6930292910524,0.0008571994165006939
2020-04-14 14:57:00,2044.2006933795433,0.0009076521715640884
2020-04-14 14:58:00,2042.1031422921492,0.0009345193263614235
2020-04-14 14:59:00,2038.6464589590737,0.0009089517328719837
2020-04-14 15:00:00,2038.1702255081477,0.000948057006973092
2020-04-14 15:01:00,2040.6524027069897,0.0009706843179950093
2020-04-14 15:02:00,2043.4067481282036,0.0009164249101988288
2020-04-14 15:03:00,2042.3534669228684,0.0008794082757314632
2020-04-14 15:04:00,2042.2238839756837,0.0007797122630102911
2020-04-14 15:05:00,2042.0084560082942,0.000819229123351899
2020-04-14 15:06:00,2040.890947766942,0.0007772611254854308
2020-04-14 15:07:00,2040.0736390242587,0.0007200162285300337
2020-04-14 15:08:00,2041.3251679134603,0.0007519044939895963
2020-04-14 15:09:00,2041.9767042937578,0.0007305034442216114
2020-04-14 15:10:00,2040.455027613664,0.000735753532858852
2020-04-14 15:11:00,2041.8160985719442,0.000745695723059862
2020-04-14 15:12:00,2041.7713505000436,0.0007228021960094707
2020-04-14 15:13:00,2040.3274797871602,0.0006947755715808867
2020-04-14 15:14:00,2038.7420214574624,0.0006662263418860336
2020-04-14 15:15:00,2038.0192435730655,0.0006975789312041272
2020-04-14 15:16:00,2042.0141367961535,0.0007339528546256436
2020-04-14 15:17:00,2043.2440996842765,0.0007116518734080922
2020-04-14 15:18:00,2042.749379964395,0.0006844278155382126
2020-04-14 15:19:00,2043.5891371865318,0.000691109499334022
2020-04-14 15:20:00,2043.2271354445925,0.000748311102004785
2020-04-14 15:21:00,2042.1423295321777,0.0007624868881178535
2020-04-14 15:22:00,2041.126109972978,0.0007421855367968399
2020-04-14 15:23:00,2042.532311098851,0.0006863698489083732
2020-04-14 15:24:00,2042.0358522545782,0.0007579944045243757
2020-04-14 15:25:00,2042.265492219105,0.0007655637137674045
2020-04-14 15:26:00,2042.481127691687,0.0007735937064170281
2020-04-14 15:27:00,2042.256632940998,0.0008108197266351438
2020-04-14 15:28:00,2043.4588105174644,0.0008181508717605722
2020-04-14 15:29:00,2044.014261369062,0.0008322752456428125
2020-04-14 15:30:00,2046.2027094048437,0.0007623648546828201
2020-04-14 15:31:00,2049.0692429674564,0.0008287718926643388
2020-04-14 15:32:00,2049.2451487942253,0.0007859189338290868
2020-04-14 15:33:00,2048.129530225356,0.0008510023299769901
2020-04-14 15:34:00,2048.908644557912,0.0008679647088608073
2020-04-14 15:35:00,2048.396325475984,0.0009128568418653914
2020-04-14 15:36:00,2048.550202870624,0.0008853241001919156
2020-04-14 15:37:00,2048.6641438265747,0.0008745719480583956
2020-04-14 15:38:00,2050.125758771979,0.00079098007380739
2020-04-14 15:39:00,2049.655335536451,0.0008337124045685063
2020-04-14 15:40:00,2048.2501133082446,0.0008801686008402737
2020-04-14 15:41:00,2048.601797322462,0.0008665642349642872
2020-04-14 15:42:00,2050.3786780249457,0.0008712029523657844
2020-04-14 15:43:00,2051.450067779163,0.000821032047306862
2020-04-14 15:44:00,2052.219937453753,0.0008612081646226361
2020-04-14 15:45:00,2050.6378340374135,0.0008662624736028219
2020-04-14 15:46:00,2049.9970851553044,0.0008068388542129865
2020-04-14 15:47:00,2050.343341550062,0.0008215489723458673
2020-04-14 15:48:00,2049.2690861552683,0.0008184949014893723
2020-04-14 15:49:00,2048.2159970825014,0.0008332842129855168
2020-04-14 15:50:00,2049.1020995696713,0.0007921797773098484
2020-04-14 15:51:00,2047.2680579224052,0.0008075468054661441
2020-04-14 15:52:00,2047.8820780316955,0.0007816871239816036
2020-04-14 15:53:00,2048.452355888769,0.0008532855159090905
2020-04-14 15:54:00,2046.4363464934597,0.0008779493965843876
2020-04-14 15:55:00,2047.5979850450544,0.0008587381776662719
2020-04-14 15:56:00,2048.14068456734,0.0009488702917269872
2020-04-14 15:57:00,2046.8779313995833,0.0009308313140821139
2020-04-14 15:58:00,2047.0425183954696,0.0009528668596174783
2020-04-14 15:59:00,2047.6404748202212,0.0009885213585257029
2020-04-14 16:00:00,2048.286915111904,0.0010313721595867644
2020-04-14 16:01:00,2045.4002598693946,0.0010806314764358431
2020-04-14 16:02:00,2043.1350102567405,0.0010916368366701748
2020-04-14 16:03:00,2047.0572314376818,0.0011054481641640669
2020-04-14 16:04:00,2048.694032633346,0.0010664952788964626
2020-04-14 16:05:00,2047.5434213285787,0.0010195508412066115
2020-04-14 16:06:00,2047.8351934534637,0.0009604134386908253
2020-04-14 16:07:00,2047.4996117272321,0.0010704488729327056
2020-04-14 16:08:00,2046.0515259934637,0.0011016514722120988
2020-04-14 16:09:00,2045.501138318818,0.0010210828461236273
2020-04-14 16:10:00,2041.7782381138868,0.001009691056570607
2020-04-14 16:11:00,2042.3914692403107,0.001078742491043665
2020-04-14 16:12:00,2047.7675062313708,0.0010099941221751586
2020-04-14 16:13:00,2048.7847291671483,0.0009868311330375966
2020-04-14 16:14:00,2053.143481115196,0.0009907403018600946
2020-04-14 16:15:00,2049.75177142346,0.0009768412704746659
2020-04-14 16:16:00,2049.710829950119,0.0009874383295415143
2020-04-14 16:17:00,2052.2823817013077,0.0010406665362032157
2020-04-14 16:18:00,2053.384503505194,0.0009960850765208028
2020-04-14 16:19:00,2053.5052817689316,0.0009879463251728324
2020-04-14 16:20:00,2050.111127038124,0.0009595530218441468
2020-04-14 16:21:00,2049.8230199717605,0.0009272060390544099
2020-04-14 16:22:00,2048.797947338583,0.0008947073554706329
2020-04-14 16:23:00,2048.206927362906,0.0008842170989718733
2020-04-14 16:24:00,2048.0027731806354,0.0008517519245882559
2020-04-14 16:25:00,2045.991635343908,0.000919567784970606
2020-04-14 16:26:00,2045.3309833267285,0.0009103181725707715
2020-04-14 16:27:00,2047.5825326211805,0.0008952408449791882
2020-04-14 16:28:00,2048.7487504673927,0.0008453702135888347
2020-04-14 16:29:00,2049.9044942024607,0.0009047317703298233
2020-04-14 16:30:00,2047.0068350239874,0.0008568757393389286
2020-04-14 16:31:00,2046.6784207318103,0.0008097510924244953
2020-04-14 16:32:00,2048.0091609943684,0.0008264231372215246
2020-04-14 16:33:00,2048.814063897826,0.0008389555127890748
2020-04-14 16:34:00,2049.6074437310367,0.0009503647718605016
2020-04-14 16:35:00,2051.109312979463,0.000877349971361307
2020-04-14 16:36:00,2051.844328338962,0.000808916195096381
2020-04-14 16:37:00,2052.8941785641996,0.0007766935079553262
2020-04-14 16:38:00,2053.43458020387,0.00078154060894756
2020-04-14 16:39:00,2050.8448901467514,0.0007558329921747418
2020-04-14 16:40:00,2047.351521966275,0.0007654061187445688
2020-04-14 16:41:00,2047.2291849030394,0.0007040879016058294
2020-04-14 16:42:00,2049.8080465834364,0.0006613716700720304
2020-04-14 16:43:00,2051.046956868538,0.0006531590994968222
2020-04-14 16:44:00,2050.3102152889637,0.000663229499702915
2020-04-14 16:45:00,2050.2160170711763,0.0007267737931102382
2020-04-14 16:46:00,2050.2284178276605,0.0007598820102012456
2020-04-14 16:47:00,2045.3958980107038,0.0007320834246211601
2020-04-14 16:48:00,2043.4537219526414,0.0007129760231035633
2020-04-14 16:49:00,2041.859409353049,0.0007115663191724458
2020-04-14 16:50:00,2042.689849342256,0.0006687816964282963
2020-04-14 16:51:00,2042.5227680554149,0.0006574720804950836
2020-04-14 16:52:00,2041.4653156399468,0.0006410334548541001
2020-04-14 16:53:00,2042.22319395295,0.0006364832172864059
2020-04-14 16:54:00,2041.1093265742527,0.0006089482764904331
2020-04-14 16:55:00,2041.964958559281,0.0005864116076049447
2020-04-14 16:56:00,2041.4697515629357,0.0005662299958435487
2020-04-14 16:57:00,2041.9228433193064,0.0005466874480880192
2020-04-14 16:58:00,2042.1707011274655,0.0005067779474120635
2020-04-14 16:59:00,2041.9975239749504,0.0005089804461498569
2020-04-14 17:00:00,2042.7834408699155,0.0004894035897691396
2020-04-14 17:01:00,2044.697875244643,0.0005406622751773218
2020-04-14 17:02:00,2046.3722495160835,0.0005234883447830265
2020-04-14 17:03:00,2046.0810145339724,0.000539163052900677
2020-04-14 17:04:00,2045.3837860755527,0.0005033836246890862
2020-04-14 17:05:00,2044.5110470238858,0.0004896765618782043
2020-04-14 17:06:00,2046.293884201794,0.0004622873249073005
2020-04-14 17:07:00,2046.2305719714184,0.0004592277037819806
2020-04-14 17:08:00,2046.5553821433284,0.00046528030774891987
2020-04-14 17:09:00,2047.1195416636267,0.00046324266099837143
2020-04-14 17:10:00,2047.1412985653553,0.00044200571673363884
2020-04-14 17:11:00,2047.7182602975931,0.0004402027292918284
2020-04-14 17:12:00,2047.7360890233745,0.0004779471419499118
2020-04-14 17:13:00,2048.160528420584,0.00047046112205235014
2020-04-14 17:14:00,2046.4207949816016,0.0004828815969050448
2020-04-14 17:15:00,2046.9543427235676,0.0005009218166540841
2020-04-14 17:16:00,2045.4142555457513,0.0005346124496755978
2020-04-14 17:17:00,2045.7782120158975,0.0005530598093801111
2020-04-14 17:18:00,2046.2968273920883,0.0005547594022523309
2020-04-14 17:19:00,2047.4521932675968,0.0005457019546626678
2020-04-14 17:20:00,2049.04314335127,0.0005836162870859933
2020-04-14 17:21:00,2047.6219924156826,0.0005576499529195384
2020-04-14 17:22:00,2046.9128450130313,0.0005322726406338682
2020-04-14 17:23:00,2048.7461806097076,0.0005217997940345468
2020-04-14 17:24:00,2048.2262097837806,0.0004964791863886181
2020-04-14 17:25:00,2047.4329509462286,0.0005361380017989888
2020-04-14 17:26:00,2048.015234033296,0.0005438365252293017
2020-04-14 17:27:00,2049.0527395268678,0.0005911062723544093
2020-04-14 17:28:00,2049.106466939026,0.0005764192303414834
2020-04-14 17:29:00,2048.4639231988954,0.0005663226701193937
2020-04-14 17:30:00,2048.4076096010867,0.0006025707307832321
2020-04-14 17:31:00,2049.6883827497118,0.0006166550035400836
2020-04-14 17:32:00,2050.6515511943157,0.0006109861973573526
2020-04-14 17:33:00,2050.4756098940325,0.0006285882109878822
2020-04-14 17:34:00,2051.0444840400455,0.0006275904771079556
2020-04-14 17:35:00,2050.8262180373576,0.0006374284392592378
2020-04-14 17:36:00,2051.4902194410192,0.0006358723953215821
2020-04-14 17:37:00,2051.50904036809,0.0006086787442152412
2020-04-14 17:38:00,2053.7295842758745,0.0005991131633253272
2020-04-14 17:39:00,2052.7282880075104,0.0005915917597227201
2020-04-14 17:40:00,2051.536063385344,0.000579043468638272
2020-04-14 17:41:00,2052.866779565872,0.0005899846576626302
2020-04-14 17:42:00,2052.6654193704385,0.0005698869010201938
2020-04-14 17:43:00,2052.6777476436678,0.000625818817640414
2020-04-14 17:44:00,2055.2963974192917,0.0006406969324709037
2020-04-14 17:45:00,2055.2042611385914,0.0006614763712316977
2020-04-14 17:46:00,2057.941963126338,0.0006278954536483646
2020-04-14 17:47:00,2057.437698874644,0.0005687058571542427
2020-04-14 17:48:00,2056.7567179301413,0.0005536293127088973
2020-04-14 17:49:00,2056.102054727447,0.0006169262678980659
2020-04-14 17:50:00,2055.7728684575263,0.0006467280367845301
2020-04-14 17:51:00,2055.701911900528,0.0006274068614984465
2020-04-14 17:52:00,2056.503788405593,0.0005860139039956773
2020-04-14 17:53:00,2057.1053166203183,0.0005909627208501252
2020-04-14 17:54:00,2055.9626564176574,0.000566884191412352
2020-04-14 17:55:00,2055.488180845593,0.0005339424740345259
2020-04-14 17:56:00,2055.254099974851,0.0005292302718333308
2020-04-14 17:57:00,2056.06378040259,0.0005573966612518405
2020-04-14 17:58:00,2055.2307954789417,0.0005248978001342477
2020-04-14 17:59:00,2053.2034612942016,0.0005122157716177344
2020-04-14 18:00:00,2054.5307379979977,0.0005136451393704705
2020-04-14 18:01:00,2055.296867132982,0.0005586201827419926
2020-04-14 18:02:00,2054.9475167088726,0.0005662533288894159
2020-04-14 18:03:00,2053.70252789846,0.0005667131641441316
2020-04-14 18:04:00,2053.0625490076854,0.000611963351990403
2020-04-14 18:05:00,2052.661010360573,0.0006190404420255282
2020-04-14 18:06:00,2054.9966683741814,0.0006494847943724699
2020-04-14 18:07:00,2054.863048596409,0.0006327009338223418
2020-04-14 18:08:00,2056.5858506973186,0.0006191165027437779
2020-04-14 18:09:00,2056.7990080484133,0.0005691915176014709
2020-04-14 18:10:00,2058.1688861327925,0.000530384852632773
2020-04-14 18:11:00,2058.4792896490653,0.0005529837710629425
2020-04-14 18:12:00,2060.526836540539,0.0005396465343174578
2020-04-14 18:13:00,2062.539176173404,0.0005403558062269592
2020-04-14 18:14:00,2061.487448612465,0.0004861717725393545
2020-04-14 18:15:00,2061.3174859249593,0.0004885581404355783
2020-04-14 18:16:00,2061.625936784704,0.000491127057535884
2020-04-14 18:17:00,2061.8320602553435,0.0004817936632954103
2020-04-14 18:18:00,2060.736894185998,0.00048783129503616074
2020-04-14 18:19:00,2060.8444545287784,0.0004965639101479028
2020-04-14 18:20:00,2061.0895140362045,0.0005230698419531715
2020-04-14 18:21:00,2061.020321083241,0.0005113806515418735
2020-04-14 18:22:00,2061.3762494132593,0.0005279888828225304
2020-04-14 18:23:00,2060.916804907155,0.0005461955734515818
2020-04-14 18:24:00,2060.399709238242,0.0005246713800795929
2020-04-14 18:25:00,2058.8205853773206,0.0005142055335666742
2020-04-14 18:26:00,2059.145635841476,0.000491241085536588
2020-04-14 18:27:00,2058.6853200870896,0.0005111846235876186
2020-04-14 18:28:00,2057.40075636777,0.000528590150241243
2020-04-14 18:29:00,2060.3871655154203,0.0005745777638798134
2020-04-14 18:30:00,2060.4052718084317,0.0005707986224958436
2020-04-14 18:31:00,2060.8622312487237,0.0005954437857157415
2020-04-14 18:32:00,2061.911661239309,0.0005413118895205226
2020-04-14 18:33:00,2062.5875808260075,0.0005216851890049993
2020-04-14 18:34:00,2062.7194514223784,0.0005214563813674471
2020-04-14 18:35:00,2063.7137803076243,0.0005470067304634202
2020-04-14 18:36:00,2063.5508255503673,0.0005519520480157571
2020-04-14 18:37:00,2063.2653508946732,0.0005711377084443237
2020-04-14 18:38:00,2062.117580552137,0.000604736301320594
2020-04-14 18:39:00,2061.8358193908434,0.0006092586694449274
2020-04-14 18:40:00,2062.82731235651,0.0006123869761999123
2020-04-14 18:41:00,2063.543618294136,0.0006434781647001395
2020-04-14 18:42:00,2064.7354113020087,0.000690073458129061
2020-04-14 18:43:00,2062.257271402729,0.0007587139531808051
2020-04-14 18:44:00,2064.186501573567,0.0007488583590786783
2020-04-14 18:45:00,2064.385713675784,0.0007775257056249181
2020-04-14 18:46:00,2062.536125476744,0.0007669743944915754
2020-04-14 18:47:00,2060.6010448013285,0.0007134496896447532
2020-04-14 18:48:00,2061.428526691929,0.0006699012889174833
2020-04-14 18:49:00,2061.8066634896913,0.00063962885983536
2020-04-14 18:50:00,2062.211705845373,0.0006588921894107238
2020-04-14 18:51:00,2061.599258069737,0.0006914367869669304
2020-04-14 18:52:00,2061.9593284404496,0.0007071367426765046
2020-04-14 18:53:00,2062.4017854679955,0.0007188675649396346
2020-04-14 18:54:00,2060.6953265998204,0.0007255367645220818
2020-04-14 18:55:00,2058.7002434188507,0.0007584235789829863
2020-04-14 18:56:00,2059.168273812445,0.0007055258542600101
2020-04-14 18:57:00,2059.1034228813314,0.0006971433931926422
2020-04-14 18:58:00,2057.4579558179253,0.0007171754077300596
2020-04-14 18:59:00,2057.9323867239405,0.0007056767755587871
2020-04-14 19:00:00,2058.419740817147,0.0007557021835109257
2020-04-14 19:01:00,2060.2364518435697,0.0007675229160123268
2020-04-14 19:02:00,2059.4633376513984,0.0007465502459080706
2020-04-14 19:03:00,2061.583008329093,0.0006785876603781654
2020-04-14 19:04:00,2062.244048993547,0.0006661110763482527
2020-04-14 19:05:00,2060.780369205386,0.0006593454802090212
2020-04-14 19:06:00,2058.906906457141,0.0006550906964171017
2020-04-14 19:07:00,2057.8534716404215,0.000652440002846947
2020-04-14 19:08:00,2059.2536430027885,0.000671706536502892
2020-04-14 19:09:00,2060.138671688154,0.0006500771757503741
2020-04-14 19:10:00,2058.4980180547445,0.000658710602675715
2020-04-14 19:11:00,2056.3840587824134,0.000690549433882409
2020-04-14 19:12:00,2057.2773453504656,0.0006408174585227574
2020-04-14 19:13:00,2055.6030542010903,0.0006688458748611614
2020-04-14 19:14:00,2056.9273545173332,0.0006188590729917423
2020-04-14 19:15:00,2055.7188527065623,0.0006199570407683866
2020-04-14 19:16:00,2056.2400063545642,0.0006276290474406925
2020-04-14 19:17:00,2055.770306264071,0.0006399228445841666
2020-04-14 19:18:00,2057.5059963081244,0.0006308531729577469
2020-04-14 19:19:00,2057.9677983328174,0.0006249273590865871
2020-04-14 19:20:00,2058.3640320448435,0.0006401716086364685
2020-04-14 19:21:00,2060.869548637979,0.000632354235971928
2020-04-14 19:22:00,2059.1036285835685,0.0006148439492816411
2020-04-14 19:23:00,2060.8738730742516,0.0006210576337197088
2020-04-14 19:24:00,2062.197205443631,0.0006404799095436197
2020-04-14 19:25:00,2062.74085376755,0.0006490804230923761
2020-04-14 19:26:00,2062.87878434279,0.0006952076522565119
2020-04-14 19:27:00,2062.8221634475453,0.0006942558763112233
2020-04-14 19:28:00,2061.328726552352,0.0006631197424913577
2020-04-14 19:29:00,2060.2808069990106,0.0006928494703138098
2020-04-14 19:30:00,2060.862201330473,0.0007169150427512626
2020-04-14 19:31:00,2061.6544796176995,0.0006810528843923251
2020-04-14 19:32:00,2059.7084572047697,0.000688087467485997
2020-04-14 19:33:00,2058.7983322980695,0.000692978379428852
2020-04-14 19:34:00,2059.964421014966,0.0006827541207034245
2020-04-14 19:35:00,2058.6705611503885,0.0007032192718694761
2020-04-14 19:36:00,2061.157620721803,0.0006927328359464361
2020-04-14 19:37:00,2060.310665853383,0.0007188128630531152
2020-04-14 19:38:00,2062.631871390091,0.0007531422914142568
2020-04-14 19:39:00,2061.391135862346,0.000722844805667523
2020-04-14 19:40:00,2060.127642297206,0.0006827335106109941
2020-04-14 19:41:00,2058.9046991429122,0.0007368176321727974
2020-04-14 19:42:00,2057.1513707665,0.0007255317233909869
2020-04-14 19:43:00,2057.0549315442886,0.0007531045900303772
2020-04-14 19:44:00,2055.75212840299,0.0007299720560713659
2020-04-14 19:45:00,2056.0522150632482,0.0007046212736183731
2020-04-14 19:46:00,2055.33234380004,0.0006616527219030541
2020-04-14 19:47:00,2053.8334498637228,0.0006894943432777943
2020-04-14 19:48:00,2052.907483125473,0.00066104078416485
2020-04-14 19:49:00,2052.7922338343046,0.0006688925747268482
2020-04-14 19:50:00,2052.4533397187724,0.0006907191551004466
2020-04-14 19:51:00,2053.9496688690137,0.0007111473922785156
2020-04-14 19:52:00,2054.350252254035,0.0006967936630008781
2020-04-14 19:53:00,2055.1246925800406,0.0007329330837580059
2020-04-14 19:54:00,2055.7809837837385,0.0007101392866104517
2020-04-14 19:55:00,2055.1807702104484,0.0006513316841941414
2020-04-14 19:56:00,2055.4080542387765,0.0006188200359170927
2020-04-14 19:57:00,2055.387796689905,0.0006687477133547094
2020-04-14 19:58:00,2055.490206031265,0.0006607744930617075
2020-04-14 19:59:00,2056.407185967381,0.0006563148378908262
2020-04-15 13:30:00,2027.066521022842,0.0006545966922737397
2020-04-15 13:31:00,2026.770548837163,0.000652527325477331
2020-04-15 13:32:00,2027.223728813841,0.0006178837740337477
2020-04-15 13:33:00,2025.7786890508853,0.0005972800225435656
2020-04-15 13:34:00,2024.558588872946,0.0005737825897722795
2020-04-15 13:35:00,2024.5154400093354,0.0005696144790497702
2020-04-15 13:36:00,2024.594460776482,0.0006078021611061593
2020-04-15 13:37:00,2023.9482282614788,0.0006209164525348451
2020-04-15 13:38:00,2024.4992342247647,0.0006388623169498124
2020-04-15 13:39:00,2023.9277049420102,0.0006382783481582087
2020-04-15 13:40:00,2022.4676696227243,0.0006629152125692058
2020-04-15 13:41:00,2020.8509837710992,0.0006509560267082481
2020-04-15 13:42:00,2019.1430992744542,0.0006631649153645124
2020-04-15 13:43:00,2017.7512724539038,0.0006213898594575908
2020-04-15 13:44:00,2018.5867840139656,0.0006148147472855017
2020-04-15 13:45:00,2016.7479841359302,0.0006549809729131406
2020-04-15 13:46:00,2016.8465946541087,0.0006160205285819278
2020-04-15 13:47:00,2016.5233254817813,0.0006355622115816791
2020-04-15 13:48:00,2017.7960488449726,0.000675563466532962
2020-04-15 13:49:00,2016.4280353935394,0.0006761500065424171
2020-04-15 13:50:00,2015.0729814950455,0.0006710186666372542
2020-04-15 13:51:00,2015.5655979722405,0.000633886470548431
2020-04-15 13:52:00,2016.2654467863185,0.0006317638292566976
2020-04-15 13:53:00,2016.5993416433141,0.0006466579771710922
2020-04-15 13:54:00,2015.824745856222,0.0005950224717231295
2020-04-15 13:55:00,2014.4326506343689,0.0005988618669007102
2020-04-15 13:56:00,2014.6984546219842,0.0005992588336171154
2020-04-15 13:57:00,2013.0504538378539,0.0006151564920981412
2020-04-15 13:58:00,2012.6557466188008,0.0006195554771884838
2020-04-15 13:59:00,2013.1238156366915,0.0005425410154499312
2020-04-15 14:00:00,2013.5834030638407,0.0005386149337845159
2020-04-15 14:01:00,2014.3305814566781,0.0005657513721065851
2020-04-15 14:02:00,2014.7339951404942,0.0006177375483536442
2020-04-15 14:03:00,2014.293869139753,0.0006256588427274018
2020-04-15 14:04:00,2015.612443686895,0.0005969759474483646
2020-04-15 14:05:00,2013.462667645318,0.0006594838577034893
2020-04-15 14:06:00,2013.6634104241077,0.0006752873616955208
2020-04-15 14:07:00,2014.4786940891518,0.0006810227291444166
2020-04-15 14:08:00,2016.0027508474536,0.0006747996078164632
2020-04-15 14:09:00,2016.5415669716726,0.0006802045814538514
2020-04-15 14:10:00,2017.0486391833047,0.0006484511305850742
2020-04-15 14:11:00,2016.6458312524408,0.0006394537787666871
2020-04-15 14:12:00,2015.8625411894839,0.0006324476547480169
2020-04-15 14:13:00,2014.1776900659042,0.0006552061125024945
2020-04-15 14:14:00,2014.5430121456957,0.0006414610711973019
2020-04-15 14:15:00,2013.4217312542778,0.000651334590077756
2020-04-15 14:16:00,2014.2214107114328,0.0006810272332114235
2020-04-15 14:17:00,2013.1991815992817,0.0007343126258921267
2020-04-15 14:18:00,2011.756903753345,0.0006735475607412419
2020-04-15 14:19:00,2011.260741070485,0.0006479775250083608
2020-04-15 14:20:00,2008.3710305079248,0.0006261859295505051
2020-04-15 14:21:00,2006.810512527743,0.0006258065276687797
2020-04-15 14:22:00,2003.925483268414,0.0006299320678221661
2020-04-15 14:23:00,2005.7038753903475,0.000587466673119899
2020-04-15 14:24:00,2005.2784919563005,0.0005953453291390042
2020-04-15 14:25:00,2005.0322942648315,0.0005471753557176271
2020-04-15 14:26:00,2004.4868614948505,0.0004966099005263107
2020-04-15 14:27:00,2003.8322918097053,0.0004959927120614
2020-04-15 14:28:00,2003.00961461587,0.0004658413747659239
2020-04-15 14:29:00,2003.9038737494334,0.0004695297825994275
2020-04-15 14:30:00,2003.912827115662,0.00047937961928377535
2020-04-15 14:31:00,2004.5497371939807,0.0005003218882662966
2020-04-15 14:32:00,2005.2318391956912,0.00047490246169246586
2020-04-15 14:33:00,2004.6650615723966,0.0004964708405709736
2020-04-15 14:34:00,2005.1901836085326,0.0005109155557018559
2020-04-15 14:35:00,2004.3682733249802,0.00048528627131199005
2020-04-15 14:36:00,2004.3330324408107,0.00044878014069227426
2020-04-15 14:37:00,2004.7538957998408,0.00045416287283000335
2020-04-15 14:38:00,2005.1037885615563,0.00047008257999114656
2020-04-15 14:39:00,2005.9577014354788,0.00048201656293368295
2020-04-15 14:40:00,2007.002234600676,0.00047973644063087096
2020-04-15 14:41:00,2007.9986170967807,0.000487694937244176
2020-04-15 14:42:00,2008.4154566030827,0.0004698635811247959
2020-04-15 14:43:00,2006.549027690152,0.0004941154114013183
2020-04-15 14:44:00,2007.023326377525,0.0004902056665923049
2020-04-15 14:45:00,2005.786224985425,0.000457662733330927
2020-04-15 14:46:00,2004.9931907123298,0.0004642867856390159
2020-04-15 14:47:00,2003.6096385814362,0.00046062773472476965
2020-04-15 14:48:00,2002.8278847127876,0.000446656628684735
2020-04-15 14:49:00,2003.98823651186,0.00044419278809235157
2020-04-15 14:50:00,2003.0175169360134,0.0004400874615516255
2020-04-15 14:51:00,2001.0839740622475,0.00047306225975878073
2020-04-15 14:52:00,2000.3804370292344,0.0004958995998043312
2020-04-15 14:53:00,1999.8518016894723,0.000505933991527708
2020-04-15 14:54:00,2000.4373473053872,0.0004473392012141145
2020-04-15 14:55:00,1999.2295953904124,0.0004360558777428407
2020-04-15 14:56:00,1999.8557173750146,0.00040884799508162376
2020-04-15 14:57:00,2000.9669630040712,0.0004101740807392378
2020-04-15 14:58:00,2001.0865478437634,0.0004167679718879585
2020-04-15 14:59:00,2000.689233118445,0.00039884239537983044
2020-04-15 15:00:00,2000.823604991038,0.00040377240569173617
2020-04-15 15:01:00,2001.0833857813918,0.00042412227380159655
2020-04-15 15:02:00,2000.5502192096237,0.00043466388177188376
2020-04-15 15:03:00,2002.1119639361684,0.00042054503774601793
2020-04-15 15:04:00,2001.6349748071902,0.0003907020482887595
2020-04-15 15:05:00,2001.7978631491198,0.00040820483533247974
2020-04-15 15:06:00,2002.6801561619827,0.0004095934383495145
2020-04-15 15:07:00,2003.0483400255005,0.0003739725308138773
2020-04-15 15:08:00,2003.46521998834,0.000373978382630272
2020-04-15 15:09:00,2004.179202184823,0.00041355378449199593
2020-04-15 15:10:00,2004.1130336414244,0.00042454222577499774
2020-04-15 15:11:00,2004.484206949396,0.0003952809418794094
2020-04-15 15:12:00,2002.748169649763,0.00042218608190934103
2020-04-15 15:13:00,2003.776638319328,0.00040697858761773383
2020-04-15 15:14:00,2003.9868351450266,0.0003714591359217641
2020-04-15 15:15:00,2004.2594902447122,0.0003694301920240037
2020-04-15 15:16:00,2003.2255186894513,0.00036459270354720423
2020-04-15 15:17:00,2003.679615127934,0.0003701223916141
2020-04-15 15:18:00,2004.0372772670771,0.00035499199279873155
2020-04-15 15:19:00,2003.1898855542252,0.00034224544127140145
2020-04-15 15:20:00,2002.3552036728006,0.00037484719722405917
2020-04-15 15:21:00,2001.688348564988,0.0003680698824962593
2020-04-15 15:22:00,2002.177197881538,0.0003686668356104003
2020-04-15 15:23:00,2002.5384935930601,0.00036978223977428883
2020-04-15 15:24:00,2002.3843532272663,0.0003734929396962387
2020-04-15 15:25:00,2001.7949828762328,0.0004122773110175698
2020-04-15 15:26:00,2002.3967873891127,0.00042715704757948305
2020-04-15 15:27:00,2002.9651614281318,0.0004665115574923777
2020-04-15 15:28:00,2000.6606958953932,0.0005157534496651301
2020-04-15 15:29:00,1997.9582359809406,0.0005122993002771667
2020-04-15 15:30:00,1997.4668651673085,0.0004750781383011112
2020-04-15 15:31:00,1998.6402783398225,0.0004632282683902126
2020-04-15 15:32:00,1997.2979674300934,0.0005076528068482939
2020-04-15 15:33:00,1996.9186936107922,0.0005297173499215123
2020-04-15 15:34:00,1997.7017055146223,0.0005246717873233042
2020-04-15 15:35:00,1998.0276745544002,0.0005312552419612024
2020-04-15 15:36:00,1995.637692481564,0.0005642266193785059
2020-04-15 15:37:00,1994.5700597782093,0.0005358098684413018
2020-04-15 15:38:00,1995.1681017340786,0.0004862110111418727
2020-04-15 15:39:00,1996.0086800988513,0.0004620740653172623
2020-04-15 15:40:00,1996.5906324802709,0.0004615779538099923
2020-04-15 15:41:00,1996.328075346846,0.00044858393916164365
2020-04-15 15:42:00,1996.4771580562133,0.00045618750499062607
2020-04-15 15:43:00,1997.4824364502888,0.0004946796899077873
2020-04-15 15:44:00,1997.664327125608,0.0005276046021108491
2020-04-15 15:45:00,1997.3187691481103,0.000573289947714345
2020-04-15 15:46:00,1998.4105562929033,0.0005557109584536235
2020-04-15 15:47:00,1998.7347113393107,0.0005300297311073856
2020-04-15 15:48:00,1998.4144094830745,0.0005727414151345557
2020-04-15 15:49:00,1997.5479524874854,0.0005590062279952358
2020-04-15 15:50:00,1997.541099426922,0.0005329908687747738
2020-04-15 15:51:00,1997.5001245164538,0.0005244893607406361
2020-04-15 15:52:00,1996.6583829132837,0.000498094803606407
2020-04-15 15:53:00,1996.6530867357515,0.0005069850412749626
2020-04-15 15:54:00,1995.6247793205307,0.0004964729260871563
2020-04-15 15:55:00,1995.5182888945592,0.00047966419660330886
2020-04-15 15:56:00,1995.0896743588112,0.0004645181016411858
2020-04-15 15:57:00,1998.0106966657247,0.00047609145072328464
2020-04-15 15:58:00,1996.9736949962041,0.00046422783753983414
2020-04-15 15:59:00,1995.8967307835615,0.00043813057098389364
2020-04-15 16:00:00,1995.6507473631123,0.00042848801093745345
2020-04-15 16:01:00,1995.6832620755108,0.00042976353808535833
2020-04-15 16:02:00,1995.4276884537253,0.0004519304565944296
2020-04-15 16:03:00,1996.7795744097236,0.0004590025133457398
2020-04-15 16:04:00,1997.0981904276634,0.0004428482028585959
2020-04-15 16:05:00,1996.1806916619623,0.0004295894917959585
2020-04-15 16:06:00,1994.0714278328232,0.0003984992829991544
2020-04-15 16:07:00,1995.5523218241426,0.0004024723965758519
2020-04-15 16:08:00,1994.883535779386,0.0004289248309383825
2020-04-15 16:09:00,1995.173224618091,0.00043003729169381713
2020-04-15 16:10:00,1994.905959883846,0.00040640403490439136
2020-04-15 16:11:00,1995.812129875078,0.00043837786105544905
2020-04-15 16:12:00,1996.4037106142664,0.0004476554811962481
2020-04-15 16:13:00,1995.257556066056,0.0004357031996343599
2020-04-15 16:14:00,1994.800637255622,0.0004481686746657343
2020-04-15 16:15:00,1993.2741710146981,0.0004725936041351288
2020-04-15 16:16:00,1992.635427126933,0.0004726900212335703
2020-04-15 16:17:00,1991.2689903310345,0.0004721887068587613
2020-04-15 16:18:00,1991.7961248999027,0.00046330255461031917
2020-04-15 16:19:00,1992.3304554469294,0.0004604152740541327
2020-04-15 16:20:00,1992.5538435477856,0.0004436115180597281
2020-04-15 16:21:00,1992.3376651461713,0.0004093534425917664
2020-04-15 16:22:00,1992.1597697277273,0.00041433855318800836
2020-04-15 16:23:00,1992.0177900734047,0.00040352000099582326
2020-04-15 16:24:00,1992.8258684172847,0.00043399982593419107
2020-04-15 16:25:00,1993.1897848402868,0.00044696629574809727
2020-04-15 16:26:00,1993.860082992822,0.0004439968095044177
2020-04-15 16:27:00,1993.8885608023277,0.0004496439972272695
2020-04-15 16:28:00,1994.9476527569045,0.00042392720351470573
2020-04-15 16:29:00,1994.4365101883798,0.00038488672153137325
2020-04-15 16:30:00,1995.131506260981,0.00039397721919400133
2020-04-15 16:31:00,1994.6468694088865,0.0003832377197467684
2020-04-15 16:32:00,1994.7525036082584,0.0004116246720768853
2020-04-15 16:33:00,1993.3563835778216,0.00040663605457029445
2020-04-15 16:34:00,1993.9382301786686,0.00038231782223386614
2020-04-15 16:35:00,1992.8548258920275,0.0003841180165924574
2020-04-15 16:36:00,1993.4362474462494,0.00038886648638869795
2020-04-15 16:37:00,1993.641644741134,0.00041088097335480206
2020-04-15 16:38:00,1993.854471747805,0.00040009308425261565
2020-04-15 16:39:00,1994.5907550479874,0.00040193134056203805
2020-04-15 16:40:00,1995.294836086092,0.0003691863294385789
2020-04-15 16:41:00,1995.8595271524543,0.00035097197834433084
2020-04-15 16:42:00,1995.7960725575197,0.0003644386425078876
2020-04-15 16:43:00,1997.7135504403814,0.0003640517826879028
2020-04-15 16:44:00,1997.621390765858,0.0003327156645287554
2020-04-15 16:45:00,1997.7880038727608,0.0003196563095367887
2020-04-15 16:46:00,1997.7494559810095,0.000329776903026701
2020-04-15 16:47:00,1998.5408737972168,0.0003451372081848178
2020-04-15 16:48:00,1998.4334701389625,0.0003367494675653452
2020-04-15 16:49:00,1998.414904598318,0.0003204846501165219
2020-04-15 16:50:00,1998.6845416194071,0.00033139736686818593
2020-04-15 16:51:00,1998.780317157224,0.00035989117461275973
2020-04-15 16:52:00,1999.4980460417626,0.0003312259156964906
2020-04-15 16:53:00,2000.6802649099022,0.0003420363206778038
2020-04-15 16:54:00,2000.4331400715585,0.00034199365093550923
2020-04-15 16:55:00,1999.6249143820132,0.0003520228032019842
2020-04-15 16:56:00,1999.2633314095385,0.00034510385321388505
2020-04-15 16:57:00,2000.4056166611626,0.00034309855228593943
2020-04-15 16:58:00,2000.7557669243242,0.00036840754538088885
2020-04-15 16:59:00,2001.076954043378,0.0003857552469495803
2020-04-15 17:00:00,1999.851148446655,0.00037692214727882615
2020-04-15 17:01:00,1998.6902813144764,0.00037234489335906114
2020-04-15 17:02:00,1997.6222867119666,0.00037447664108766456
2020-04-15 17:03:00,1994.5743329309958,0.0004259067697049925
2020-04-15 17:04:00,1995.3788000093991,0.0004016347367455925
2020-04-15 17:05:00,1994.0716893394167,0.00038093474469582197
2020-04-15 17:06:00,1994.086621188121,0.00037667564598927816
2020-04-15 17:07:00,1994.3149245159561,0.00033118310356030397
2020-04-15 17:08:00,1994.0495117137239,0.00032968867686240946
2020-04-15 17:09:00,1994.5842977025206,0.00030490984017561806
2020-04-15 17:10:00,1995.2063675757615,0.00028658180738997275
2020-04-15 17:11:00,1994.649927890793,0.00029454296287336943
2020-04-15 17:12:00,1994.761507952515,0.0002982576287241506
2020-04-15 17:13:00,1994.6878060543877,0.0003087152471795765
2020-04-15 17:14:00,1994.7773161423495,0.000307312563120353
2020-04-15 17:15:00,1995.3712509516029,0.0003313164780974487
2020-04-15 17:16:00,1995.1101728226647,0.0003336835145092422
2020-04-15 17:17:00,1994.626519547683,0.00032795726668628317
2020-04-15 17:18:00,1994.533665335235,0.00034908519057356285
2020-04-15 17:19:00,1993.86002500171,0.0003276023344412475
2020-04-15 17:20:00,1994.9806081510928,0.0003176380366669201
2020-04-15 17:21:00,1994.970785402271,0.00032338268487009454
2020-04-15 17:22:00,1994.2896541515724,0.0003294415749488998
2020-04-15 17:23:00,1994.3776367210655,0.00031931024533049664
2020-04-15 17:24:00,1994.6790102455711,0.00031652853397469736
2020-04-15 17:25:00,1994.0280533279151,0.0003218284812844842
2020-04-15 17:26:00,1994.045000171261,0.00033822510954247833
2020-04-15 17:27:00,1994.458446248638,0.0003407059414461942
2020-04-15 17:28:00,1993.8433750894385,0.00034422212056042523
2020-04-15 17:29:00,1993.430352624154,0.00033962865846524746
2020-04-15 17:30:00,1992.3516692506998,0.0003429739551308357
2020-04-15 17:31:00,1992.477269772304,0.00033929476572837754
2020-04-15 17:32:00,1992.2641071179744,0.000323907588791604
2020-04-15 17:33:00,1992.0378264005196,0.0003431544151772492
2020-04-15 17:34:00,1992.4727557799413,0.0003436165004655081
2020-04-15 17:35:00,1990.2892623792823,0.0003540251217144412
2020-04-15 17:36:00,1989.816549726684,0.0003267642008273406
2020-04-15 17:37:00,1989.16229850271,0.0003077675883375312
2020-04-15 17:38:00,1988.0762464293757,0.00028950253103422524
2020-04-15 17:39:00,1987.9609768683006,0.00029257602593235805
2020-04-15 17:40:00,1987.6224297289925,0.0002761108624974361
2020-04-15 17:41:00,1987.1065698917528,0.0002711728137858422
2020-04-15 17:42:00,1986.655812725023,0.00026935806128155744
2020-04-15 17:43:00,1986.8459950590068,0.0002625118829070827
2020-04-15 17:44:00,1986.7186493392994,0.00026537560283833387
2020-04-15 17:45:00,1987.048142215874,0.0002533291628592539
2020-04-15 17:46:00,1986.8582289985682,0.00023680711801445692
2020-04-15 17:47:00,1987.2670190493322,0.0002312761923199838
2020-04-15 17:48:00,1987.6672336725142,0.00021944769920608485
2020-04-15 17:49:00,1986.7704690183664,0.00022381083508702643
2020-04-15 17:50:00,1986.0004429899918,0.0002250027262693916
2020-04-15 17:51:00,1986.2385360872825,0.00023561790688913714
2020-04-15 17:52:00,1985.9130326006775,0.0002476195312231846
2020-04-15 17:53:00,1985.981670743052,0.0002489984842292363
2020-04-15 17:54:00,1986.0416516355226,0.00023745695031088333
2020-04-15 17:55:00,1986.742641403263,0.00023758980574322983
2020-04-15 17:56:00,1985.870845834328,0.0002295617442921739
2020-04-15 17:57:00,1985.9013843231685,0.00022315639523828567
2020-04-15 17:58:00,1985.750922302234,0.00022478234350951261
2020-04-15 17:59:00,1985.2300392336497,0.00021116810291322817
2020-04-15 18:00:00,1984.934435308658,0.000220669594166846
2020-04-15 18:01:00,1985.2507896014747,0.000244722589815048
2020-04-15 18:02:00,1984.8531135638525,0.0002492726070559127
2020-04-15 18:03:00,1985.7571315065743,0.00024953109574418563
2020-04-15 18:04:00,1986.5967301689295,0.0002449672654805384
2020-04-15 18:05:00,1986.207870298626,0.00024979762143135137
2020-04-15 18:06:00,1987.3746754299711,0.00025464603518628577
2020-04-15 18:07:00,1986.4451119041155,0.0002496956500908367
2020-04-15 18:08:00,1986.712010085686,0.00024272840198575756
2020-04-15 18:09:00,1986.1934149475803,0.00023938997199395752
2020-04-15 18:10:00,1985.2323860191982,0.000247165321714712
2020-04-15 18:11:00,1985.6607352032204,0.0002595382317275289
2020-04-15 18:12:00,1984.2657803414434,0.00028164367606994817
2020-04-15 18:13:00,1984.3476614534177,0.0002893711546336966
2020-04-15 18:14:00,1985.1622723930807,0.0002987846932892077
2020-04-15 18:15:00,1985.5134022996908,0.00030378916192760316
2020-04-15 18:16:00,1986.2092091511247,0.00030552748159192003
2020-04-15 18:17:00,1986.6224164375178,0.0002972321559750054
2020-04-15 18:18:00,1985.649903827314,0.00031948326149433955
2020-04-15 18:19:00,1985.4859634997706,0.00032706504609030646
2020-04-15 18:20:00,1985.7931411047848,0.00034173883756514383
2020-04-15 18:21:00,1986.4709860534406,0.00037463858648157413
2020-04-15 18:22:00,1987.2881902200663,0.000383734200690659
2020-04-15 18:23:00,1987.1461625353106,0.00035461409278636686
2020-04-15 18:24:00,1987.680341468226,0.00036454680882375443
2020-04-15 18:25:00,1987.6695757121336,0.00035061795938997405
2020-04-15 18:26:00,1987.2293848028633,0.0003519628116601249
2020-04-15 18:27:00,1986.614706211321,0.0003336605348985302
2020-04-15 18:28:00,1986.4875420663575,0.0003183452095715647
2020-04-15 18:29:00,1985.9243487841393,0.0003122993412144375
2020-04-15 18:30:00,1984.747253246176,0.0003213365245596922
2020-04-15 18:31:00,1985.5882846043273,0.00035271706761917095
2020-04-15 18:32:00,1984.1019111812932,0.00036913456195160647
2020-04-15 18:33:00,1984.7758169327144,0.0003789726260150088
2020-04-15 18:34:00,1983.939903163391,0.0003590600207073277
2020-04-15 18:35:00,1984.148168071991,0.0003604346052248021
2020-04-15 18:36:00,1984.2339302365842,0.00036162554161918523
2020-04-15 18:37:00,1984.2925017693515,0.0003586326491349727
2020-04-15 18:38:00,1984.0529437354953,0.00035062446684929946
2020-04-15 18:39:00,1982.960892545154,0.0003580545482986776
2020-04-15 18:40:00,1982.3903194324052,0.0003654596276503902
2020-04-15 18:41:00,1982.4035283302328,0.00033977806538407803
2020-04-15 18:42:00,1980.2859677682272,0.0003364386681600274
2020-04-15 18:43:00,1981.6214793389856,0.0003438484650857264
2020-04-15 18:44:00,1981.5224388595225,0.0003334407526659578
2020-04-15 18:45:00,1981.2591813904908,0.00032512624807758323
2020-04-15 18:46:00,1981.7674968177253,0.00032811651529839
2020-04-15 18:47:00,1982.1867751649745,0.00032710791689304536
2020-04-15 18:48:00,1983.3739860733128,0.00034279551030453324
2020-04-15 18:49:00,1982.9673982513025,0.0003340851180249993
2020-04-15 18:50:00,1981.9638560641993,0.00033013856906907583
2020-04-15 18:51:00,1980.9910105769027,0.00033001376791269495
2020-04-15 18:52:00,1980.514162018777,0.00035668775970829324
2020-04-15 18:53:00,1979.8081852887835,0.00035935287422250397
2020-04-15 18:54:00,1979.9555613299158,0.0003154855814722327
2020-04-15 18:55:00,1979.7339725978495,0.00030047575525760334
2020-04-15 18:56:00,1979.8263984516616,0.0002946377941959902
2020-04-15 18:57:00,1979.476337413456,0.0002973919192777371
2020-04-15 18:58:00,1979.1907825890107,0.0003011608363933562
2020-04-15 18:59:00,1979.1967206523782,0.0003042779069216887
2020-04-15 19:00:00,1978.7708372292493,0.00030381796213798924
2020-04-15 19:01:00,1979.1727185654715,0.0003049622036978502
2020-04-15 19:02:00,1979.065093452201,0.00033266255649004757
2020-04-15 19:03:00,1980.2132908610013,0.00032581504916395256
2020-04-15 19:04:00,1979.6823475077488,0.0003348640149497832
2020-04-15 19:05:00,1980.063734011921,0.00035533423834704757
2020-04-15 19:06:00,1980.2501325623182,0.00037642002133175996
2020-04-15 19:07:00,1980.38869953935,0.00039189612113784187
2020-04-15 19:08:00,1979.6594177355876,0.00039089296145805233
2020-04-15 19:09:00,1978.7659455246749,0.0003886370875550547
2020-04-15 19:10:00,1978.3218726035202,0.000380840574418831
2020-04-15 19:11:00,1978.1112326403506,0.0003970506379064844
2020-04-15 19:12:00,1977.6383572444706,0.0004001839779461344
2020-04-15 19:13:00,1978.4539888407164,0.00040570069594091806
2020-04-15 19:14:00,1977.319014980802,0.000432193659632241
2020-04-15 19:15:00,1977.5402026328463,0.00045561574489062486
2020-04-15 19:16:00,1976.654210484936,0.0004319856737293032
2020-04-15 19:17:00,1976.9814772534505,0.00044326467924114626
2020-04-15 19:18:00,1978.1894600862802,0.00044193367956557735
2020-04-15 19:19:00,1978.2159996923624,0.000445445159214473
2020-04-15 19:20:00,1978.6059138435435,0.0004357468662147181
2020-04-15 19:21:00,1978.0644331208202,0.00042374146490860016
2020-04-15 19:22:00,1978.4143038355794,0.0004239415469840723
2020-04-15 19:23:00,1978.5855150813993,0.0004035002632371542
2020-04-15 19:24:00,1978.2183714622747,0.00041015314392437466
2020-04-15 19:25:00,1978.0642033491224,0.000432588881801342
2020-04-15 19:26:00,1978.0520179636349,0.00042610113410833963
2020-04-15 19:27:00,1977.1657920926425,0.0004077394631036534
2020-04-15 19:28:00,1977.844919256466,0.00043572306183990516
2020-04-15 19:29:00,1979.911386632656,0.0004213261842878614
2020-04-15 19:30:00,1979.2272255256769,0.00039762679368512136
2020-04-15 19:31:00,1978.0460243588102,0.0003752469196769461
2020-04-15 19:32:00,1977.1259466887234,0.0003822131166866154
2020-04-15 19:33:00,1978.2874679917566,0.00037189184185065007
2020-04-15 19:34:00,1978.1773323808882,0.00035869507744218284
2020-04-15 19:35:00,1979.4151965224482,0.0003809870357396897
2020-04-15 19:36:00,1979.5012256507412,0.000388210041050135
2020-04-15 19:37:00,1979.4225542839717,0.0003787852181849257
2020-04-15 19:38:00,1979.2432807261757,0.00037707568088797674
2020-04-15 19:39:00,1978.3322296268548,0.00037969341872328436
2020-04-15 19:40:00,1978.4372263071525,0.00037116568526384297
2020-04-15 19:41:00,1978.5030297195403,0.0003602298717048748
2020-04-15 19:42:00,1980.068941258754,0.0003601878072266234
2020-04-15 19:43:00,1979.5946749339364,0.00035183109668796735
2020-04-15 19:44:00,1979.2175574416187,0.0003583821825084153
2020-04-15 19:45:00,1979.0668723052006,0.00035635530071028137
2020-04-15 19:46:00,1979.8073337741166,0.00035970961473226595
2020-04-15 19:47:00,1980.1201349508913,0.0003446922524513165
2020-04-15 19:48:00,1980.2335187000413,0.00035041935881566076
2020-04-15 19:49:00,1979.7755745762367,0.00036017238762330863
2020-04-15 19:50:00,1979.7219015211501,0.00033592408982165487
2020-04-15 19:51:00,1980.108118420298,0.0003542776145647033
2020-04-15 19:52:00,1980.697865580865,0.0003532182320328661
2020-04-15 19:53:00,1980.8977390258053,0.00035753284791368407
2020-04-15 19:54:00,1980.4627860752676,0.0003719564110630041
2020-04-15 19:55:00,1980.5139005066483,0.0003851787404665724
2020-04-15 19:56:00,1979.9683483540746,0.00037732463300807413
2020-04-15 19:57:00,1980.785389785393,0.0004106328587672319
2020-04-15 19:58:00,1981.0244243484854,0.000396309829474725
2020-04-15 19:59:00,1980.9038827572974,0.00037935058158910937
2020-04-16 13:30:00,1975.4005812676235,0.0003832977572549772
2020-04-16 13:31:00,1974.9233484870524,0.0004021980871398447
2020-04-16 13:32:00,1974.8278028239056,0.0003983223618415708
2020-04-16 13:33:00,1974.4458187998466,0.00037765765775320086
2020-04-16 13:34:00,1972.7607820338485,0.00035986662060414075
2020-04-16 13:35:00,1972.6007624755318,0.000353770370048037
2020-04-16 13:36:00,1971.7735183621332,0.00033710023601154116
2020-04-16 13:37:00,1971.161083835574,0.0003187772725871863
2020-04-16 13:38:00,1972.5004170590255,0.0002989818067868128
2020-04-16 13:39:00,1972.8051697896249,0.00030199924596848696
2020-04-16 13:40:00,1972.7364775913359,0.00030114114196618387
2020-04-16 13:41:00,1972.2257104645466,0.0002987244986527003
2020-04-16 13:42:00,1972.600704158564,0.0002832491080561938
2020-04-16 13:43:00,1972.4272144633371,0.0003005075886305676
2020-04-16 13:44:00,1972.5335811410346,0.00028665041866074973
2020-04-16 13:45:00,1972.6708143716323,0.00028358016335005
2020-04-16 13:46:00,1972.938447035377,0.0002688846757079741
2020-04-16 13:47:00,1972.5491445286968,0.0002630895777387832
2020-04-16 13:48:00,1972.6319704129448,0.00025814422360511384
2020-04-16 13:49:00,1972.1820817150451,0.0002831845783850891
2020-04-16 13:50:00,1970.8890791238937,0.0002741125381060401
2020-04-16 13:51:00,1970.595444711871,0.0002800756517444761
2020-04-16 13:52:00,1970.595810003222,0.0002721733410566693
2020-04-16 13:53:00,1969.7173454493486,0.00026813961249715236
2020-04-16 13:54:00,1969.932215341723,0.000257400517060214
2020-04-16 13:55:00,1969.2854649996345,0.0002515738562308651
2020-04-16 13:56:00,1968.791177613776,0.00024690220888815625
2020-04-16 13:57:00,1968.5575710466912,0.0002296535406382279
2020-04-16 13:58:00,1968.9815577626994,0.00023087553983498584
2020-04-16 13:59:00,1969.1418404761614,0.0002150343965910519
2020-04-16 14:00:00,1968.967323323867,0.00020816657908014904
2020-04-16 14:01:00,1968.5846727514668,0.0001939054855240102
2020-04-16 14:02:00,1968.9679593271194,0.00020097302477222788
2020-04-16 14:03:00,1968.6464752501402,0.000211085696893655
2020-04-16 14:04:00,1967.8691189985873,0.0002240975783295791
2020-04-16 14:05:00,1967.5275756141605,0.00022995016190216185
2020-04-16 14:06:00,1967.6169456431944,0.00021428555699984855
2020-04-16 14:07:00,1967.726459506884,0.00021010315621867488
2020-04-16 14:08:00,1967.7585547789022,0.0002187238638487929
2020-04-16 14:09:00,1968.1897783999616,0.00021373182144276113
2020-04-16 14:10:00,1968.3230819670227,0.00019953085732945855
2020-04-16 14:11:00,1968.0014918273275,0.00020422716287565802
2020-04-16 14:12:00,1968.4931483737112,0.00021092852741072356
2020-04-16 14:13:00,1968.4828344299465,0.0002194996196679326
2020-04-16 14:14:00,1968.1745982495565,0.0002254137934123338
2020-04-16 14:15:00,1967.490848378698,0.0002165462433138673
2020-04-16 14:16:00,1967.9242110155312,0.0002028843623160199
2020-04-16 14:17:00,1967.800703968753,0.00018926704617913396
2020-04-16 14:18:00,1967.802307412649,0.00019579858540926326
2020-04-16 14:19:00,1967.9451595183039,0.00020952845851212587
2020-04-16 14:20:00,1967.7865801702067,0.00021842065112127917
2020-04-16 14:21:00,1967.9972678030563,0.0002269816774143243
2020-04-16 14:22:00,1968.217112396259,0.00022025465463887004
2020-04-16 14:23:00,1968.2367940655747,0.0002272995317086622
2020-04-16 14:24:00,1968.3911824244183,0.00023696762227632222
2020-04-16 14:25:00,1968.5963828230904,0.0002459310041584166
2020-04-16 14:26:00,1968.4127343071,0.0002466853490087247
2020-04-16 14:27:00,1968.0716135673513,0.0002491289438804478
2020-04-16 14:28:00,1968.2281592032843,0.00023762274881902835
2020-04-16 14:29:00,1968.2812666608638,0.0002437135328903887
2020-04-16 14:30:00,1968.2862150479675,0.00024540948535916457
2020-04-16 14:31:00,1967.520195731319,0.00023931010794115052
2020-04-16 14:32:00,1967.082802449763,0.00021713834178970843
2020-04-16 14:33:00,1966.627206611373,0.00023378563120831419
2020-04-16 14:34:00,1967.34869845748,0.0002585098522505057
2020-04-16 14:35:00,1967.0885622272285,0.00024120682432690727
2020-04-16 14:36:00,1967.056934938317,0.00023760899729080587
2020-04-16 14:37:00,1966.3441311027038,0.00024110028756043654
2020-04-16 14:38:00,1967.0315622068497,0.00023012513151068564
2020-04-16 14:39:00,1966.6204304925475,0.0002342850862701905
2020-04-16 14:40:00,1966.0635584067863,0.00023862969245093616
2020-04-16 14:41:00,1966.1523978705432,0.00023286522489044135
2020-04-16 14:42:00,1965.7488339277872,0.000227843948629393
2020-04-16 14:43:00,1965.5992770722512,0.00023318946215260538
2020-04-16 14:44:00,1966.6714077266581,0.0002305868249347928
2020-04-16 14:45:00,1966.8781521499602,0.00023774173088065998
2020-04-16 14:46:00,1967.1488242673645,0.00023904824684245916
2020-04-16 14:47:00,1966.894946307274,0.00022446198045217048
2020-04-16 14:48:00,1966.4898579931075,0.0002221955947649294
2020-04-16 14:49:00,1966.2451789332788,0.0002341319880131704
2020-04-16 14:50:00,1966.4957787481583,0.00023128939562405454
2020-04-16 14:51:00,1966.7884722133508,0.00024136277432921372
2020-04-16 14:52:00,1967.203560967926,0.00023219660087242213
2020-04-16 14:53:00,1966.744501645468,0.00024586178121326725
2020-04-16 14:54:00,1966.32657001556,0.000252970245904871
2020-04-16 14:55:00,1966.3891975646625,0.0002433606646336116
2020-04-16 14:56:00,1965.9681762714079,0.00025345937323555405
2020-04-16 14:57:00,1966.909652820918,0.0002693411221904991
2020-04-16 14:58:00,1966.8353069584653,0.0002699330435487402
2020-04-16 14:59:00,1966.7062627106538,0.0002611906488453662
2020-04-16 15:00:00,1967.2338317142915,0.0002580259897509941
2020-04-16 15:01:00,1966.4478615731434,0.0002751138343287123
2020-04-16 15:02:00,1967.416642228865,0.0002645119703162487
2020-04-16 15:03:00,1967.827353524106,0.00027967339775581833
2020-04-16 15:04:00,1968.043601062969,0.0002834957035586201
2020-04-16 15:05:00,1968.2641464979179,0.00027493529818915015
2020-04-16 15:06:00,1967.9310374871322,0.0003063055358070665
2020-04-16 15:07:00,1968.114403475717,0.0003341877676733748
2020-04-16 15:08:00,1967.428154805585,0.0003429577027795688
2020-04-16 15:09:00,1966.8908420101338,0.0003596558891163707
2020-04-16 15:10:00,1967.129827476456,0.0003600679607039988
2020-04-16 15:11:00,1968.5836281486604,0.00038301369786130507
2020-04-16 15:12:00,1968.1506431536104,0.0003770011127340399
2020-04-16 15:13:00,1968.2048296108076,0.0003921299269784342
2020-04-16 15:14:00,1969.385115089704,0.000362770803091156
2020-04-16 15:15:00,1969.206408290743,0.00035943373541617743
2020-04-16 15:16:00,1969.318605854587,0.00035974519019673875
2020-04-16 15:17:00,1970.2456026079792,0.000366323392110259
2020-04-16 15:18:00,1970.7949710210796,0.0003743409417311541
2020-04-16 15:19:00,1971.7393665790455,0.00037823145614855055
2020-04-16 15:20:00,1971.5860668936946,0.0003866120145230086
2020-04-16 15:21:00,1970.2757252127858,0.00038272526944897186
2020-04-16 15:22:00,1971.6889382720326,0.00037611461266556936
2020-04-16 15:23:00,1971.8745391909542,0.00039006122451705396
2020-04-16 15:24:00,1971.579478440021,0.0003792499788361804
2020-04-16 15:25:00,1971.6092832131776,0.0003903339481551631
2020-04-16 15:26:00,1972.4409062594268,0.00040399796261521233
2020-04-16 15:27:00,1972.7968942992877,0.0004227675224954139
2020-04-16 15:28:00,1974.3372955154102,0.0004236618840096826
2020-04-16 15:29:00,1973.667356934009,0.0004141539217438047
2020-04-16 15:30:00,1974.3194836417797,0.0004028914363685199
2020-04-16 15:31:00,1975.5912154567543,0.00040179642554606453
2020-04-16 15:32:00,1974.8444480354037,0.000392039120091546
2020-04-16 15:33:00,1974.045056711557,0.0004113754257627296
2020-04-16 15:34:00,1974.2649490849617,0.00042049916764670616
2020-04-16 15:35:00,1974.6143333479793,0.00041802069982383523
2020-04-16 15:36:00,1973.3658869681879,0.00040264749044301287
2020-04-16 15:37:00,1972.5167209246088,0.0004091016691757692
2020-04-16 15:38:00,1972.6593716568182,0.0004066864794882806
2020-04-16 15:39:00,1973.6536364914662,0.00039388927283169454
2020-04-16 15:40:00,1973.3656944454804,0.00038870096940438935
2020-04-16 15:41:00,1973.2096913952619,0.00040305644788307606
2020-04-16 15:42:00,1973.8212876943985,0.0003805244898564282
2020-04-16 15:43:00,1973.9435473842238,0.00036703825033475166
2020-04-16 15:44:00,1974.7649572295402,0.00037792030812775125
2020-04-16 15:45:00,1975.9088075921795,0.0003587028915726701
2020-04-16 15:46:00,1975.889995105561,0.00035368040384772836
2020-04-16 15:47:00,1975.3684697442059,0.0003667444231521367
2020-04-16 15:48:00,1975.9435474523102,0.00034235669533279426
2020-04-16 15:49:00,1975.8974270680774,0.00035668365462207774
2020-04-16 15:50:00,1976.3065217179822,0.00034251251300274126
2020-04-16 15:51:00,1976.002014848423,0.0003408537534054042
2020-04-16 15:52:00,1976.7896219645504,0.00033413634901094126
2020-04-16 15:53:00,1976.3084695665318,0.0003041608230006407
2020-04-16 15:54:00,1976.8062547513173,0.0003103464133762118
2020-04-16 15:55:00,1977.601833770224,0.00032197914970333834
2020-04-16 15:56:00,1977.4417653718995,0.00032557812275661686
2020-04-16 15:57:00,1977.124901241331,0.0003368280290881317
2020-04-16 15:58:00,1977.312802557481,0.0003402995255816949
2020-04-16 15:59:00,1977.1418705452832,0.0003460176355246312
2020-04-16 16:00:00,1978.2638686804894,0.00037111672501543495
2020-04-16 16:01:00,1977.8909781132586,0.0003910179241100534
2020-04-16 16:02:00,1977.8490124965876,0.0004227042354979857
2020-04-16 16:03:00,1977.8721221079477,0.0004163266827778153
2020-04-16 16:04:00,1979.0024663713025,0.00042215098913034793
2020-04-16 16:05:00,1980.2393439959185,0.0003973536555674982
2020-04-16 16:06:00,1979.6576441105915,0.0003702007444951913
2020-04-16 16:07:00,1979.759184876178,0.00033683599118306933
2020-04-16 16:08:00,1979.4152309786093,0.00034884551305726765
2020-04-16 16:09:00,1978.0615964154886,0.0003665128378527114
2020-04-16 16:10:00,1977.3037846442926,0.0003279921597087556
2020-04-16 16:11:00,1978.503153766226,0.0003057239926940556
2020-04-16 16:12:00,1978.1280958089178,0.0003023451709907225
2020-04-16 16:13:00,1978.1405960131908,0.00030520518837668135
2020-04-16 16:14:00,1978.4249808357754,0.0003111791645970561
2020-04-16 16:15:00,1977.7061612074356,0.0003181251653921471
2020-04-16 16:16:00,1977.9912123772908,0.0003081105925960756
2020-04-16 16:17:00,1977.3892592975985,0.00028355484903288094
2020-04-16 16:18:00,1977.9736242242834,0.00029670282438618993
2020-04-16 16:19:00,1977.3003640951401,0.00030220778164380716
2020-04-16 16:20:00,1976.7030109090892,0.0002922808774298348
2020-04-16 16:21:00,1976.4646140148157,0.00028643401716600507
2020-04-16 16:22:00,1976.9307353716367,0.0002748047651881242
2020-04-16 16:23:00,1977.377153502981,0.000292427152370921
2020-04-16 16:24:00,1977.70621214603,0.00028542645244752007
2020-04-16 16:25:00,1976.7673555354907,0.0002892528843099154
2020-04-16 16:26:00,1975.1546189686799,0.00028658366495006564
2020-04-16 16:27:00,1975.4320423741617,0.00029997247232304344
2020-04-16 16:28:00,1974.8549686629076,0.00026887026061914523
2020-04-16 16:29:00,1974.1601738788609,0.00025218339214095855
2020-04-16 16:30:00,1974.2184548777268,0.00024335885585563433
2020-04-16 16:31:00,1974.015756480595,0.0002610429889574671
2020-04-16 16:32:00,1974.8359774884211,0.0002507975121692692
2020-04-16 16:33:00,1974.5554100918428,0.0002581599133926175
2020-04-16 16:34:00,1973.9259709732805,0.00025796228181714913
2020-04-16 16:35:00,1973.645179708738,0.000264354613406344
2020-04-16 16:36:00,1973.864769500461,0.0002635087281704409
2020-04-16 16:37:00,1972.9971906420926,0.0002863862597830397
2020-04-16 16:38:00,1973.8920154363962,0.0002671108497108393
2020-04-16 16:39:00,1974.7622521900958,0.0002618321202810064
2020-04-16 16:40:00,1974.702398377168,0.00026865981463322246
2020-04-16 16:41:00,1974.7953061982885,0.0002798557297334125
2020-04-16 16:42:00,1975.184343687141,0.0003053260073643216
2020-04-16 16:43:00,1975.5237879592335,0.00030348729316970023
2020-04-16 16:44:00,1975.4504885971369,0.00029293108477959016
2020-04-16 16:45:00,1974.6915572801743,0.00029142594231918194
2020-04-16 16:46:00,1975.1086374705362,0.000285145037350816
2020-04-16 16:47:00,1976.0115865627636,0.0003067572744854383
2020-04-16 16:48:00,1975.7059951806207,0.00030839533803219034
2020-04-16 16:49:00,1974.875266860197,0.0003096853910020796
2020-04-16 16:50:00,1975.035615099167,0.0003291612329965821
2020-04-16 16:51:00,1976.3517927308453,0.00034291371533145295
2020-04-16 16:52:00,1977.4380199114212,0.00035425665959913904
2020-04-16 16:53:00,1978.5558564494456,0.0003705857009028081
2020-04-16 16:54:00,1978.224206624912,0.00037321711501240424
2020-04-16 16:55:00,1978.0587423568554,0.0003543300639431757
2020-04-16 16:56:00,1977.2689726200997,0.0003770081254960706
2020-04-16 16:57:00,1975.793884233031,0.00039347365194685753
2020-04-16 16:58:00,1975.7264761050433,0.00040809646597432937
2020-04-16 16:59:00,1974.6218789545521,0.0003852065432008396
2020-04-16 17:00:00,1974.9829325797318,0.000409061007154462
2020-04-16 17:01:00,1974.783878478121,0.00043250026205498063
2020-04-16 17:02:00,1974.5896028219906,0.00041025177290562507
2020-04-16 17:03:00,1975.361755855125,0.0004193325010607959
2020-04-16 17:04:00,1976.194877311677,0.00042175774542180727
2020-04-16 17:05:00,1975.8178259715269,0.000439259380822188
2020-04-16 17:06:00,1975.4919393440966,0.000441861340071978
2020-04-16 17:07:00,1974.0386102594687,0.0004363257365496539
2020-04-16 17:08:00,1974.3725258205902,0.00042197766671786676
2020-04-16 17:09:00,1974.297708599373,0.0003927858527532614
2020-04-16 17:10:00,1974.355058274081,0.0003919677585149182
2020-04-16 17:11:00,1975.2220526905292,0.0003791314981333454
2020-04-16 17:12:00,1974.488093156571,0.0003910103549627053
2020-04-16 17:13:00,1974.459657041906,0.00037844958869508893
2020-04-16 17:14:00,1973.0285990932052,0.00038808337256212314
2020-04-16 17:15:00,1974.238872706217,0.000381696372849273
2020-04-16 17:16:00,1974.523328439531,0.0003702568840990029
2020-04-16 17:17:00,1974.7942152284927,0.0003655456514598267
2020-04-16 17:18:00,1974.9328773305663,0.00034555010545906344
2020-04-16 17:19:00,1974.974935945282,0.0003443271023387719
2020-04-16 17:20:00,1976.0751298583652,0.00036067856012633704
2020-04-16 17:21:00,1977.4791280366449,0.00034469133376772195
2020-04-16 17:22:00,1976.8340307617057,0.0003310147565830201
2020-04-16 17:23:00,1976.570618405246,0.0003592394600974028
2020-04-16 17:24:00,1976.707234082756,0.0003870653871259716
2020-04-16 17:25:00,1976.2803108052108,0.0003782344412775634
2020-04-16 17:26:00,1976.0483842755386,0.00036351945460720494
2020-04-16 17:27:00,1975.911387968717,0.0003352704343592935
2020-04-16 17:28:00,1976.0840520534143,0.00031799089276505897
2020-04-16 17:29:00,1976.5914684005156,0.00030318665823368424
2020-04-16 17:30:00,1976.59163432515,0.00034156343069484087
2020-04-16 17:31:00,1976.1417399402587,0.0003239051961887626
2020-04-16 17:32:00,1976.3335531125508,0.00031577893399636415
2020-04-16 17:33:00,1975.2308624573682,0.00031651971419171556
2020-04-16 17:34:00,1975.0654604187466,0.00031897843140144455
2020-04-16 17:35:00,1974.766641962084,0.00028495835098472043
2020-04-16 17:36:00,1975.1309195137576,0.0002582739471618768
2020-04-16 17:37:00,1974.8454696460508,0.00023970000181075058
2020-04-16 17:38:00,1973.7066837474786,0.0002515889833063551
2020-04-16 17:39:00,1972.8594858867493,0.00027824373079153174
2020-04-16 17:40:00,1972.3690418878266,0.000279456239167859
2020-04-16 17:41:00,1972.4853096008974,0.00029756983226039707
2020-04-16 17:42:00,1972.408073798006,0.00031129882589394476
2020-04-16 17:43:00,1972.1471127949944,0.00033561557313173726
2020-04-16 17:44:00,1973.174607372852,0.0003409805372475821
2020-04-16 17:45:00,1973.3199145213275,0.00034826015760368464
2020-04-16 17:46:00,1974.0648957870226,0.0003781466281822122
2020-04-16 17:47:00,1973.8723404247796,0.00037449533696913513
2020-04-16 17:48:00,1972.4854654752548,0.0003785381330458698
2020-04-16 17:49:00,1972.87223061012,0.0003631350728856697
2020-04-16 17:50:00,1972.916850116218,0.000357084072157692
2020-04-16 17:51:00,1974.2784766941368,0.00036388499366114883
2020-04-16 17:52:00,1975.2621917252955,0.00036386182230041634
2020-04-16 17:53:00,1975.1607627442777,0.0003430137365646337
2020-04-16 17:54:00,1975.6900784678328,0.000350075697710163
2020-04-16 17:55:00,1974.6487028101171,0.0003682093256729678
2020-04-16 17:56:00,1974.8806915574767,0.00035758243619484116
2020-04-16 17:57:00,1974.8842020748762,0.000344037589930573
2020-04-16 17:58:00,1974.9277546422518,0.00033447593214596647
2020-04-16 17:59:00,1975.5873602042213,0.00034111262855021103
2020-04-16 18:00:00,1976.6373004933837,0.000327327630919832
2020-04-16 18:01:00,1976.427249929882,0.00036186880143691
2020-04-16 18:02:00,1977.2478086290148,0.0003507945976828382
2020-04-16 18:03:00,1976.4816869811955,0.00034894653577308057
2020-04-16 18:04:00,1976.5907895756934,0.00033178084669365345
2020-04-16 18:05:00,1976.4153589084806,0.0003315301651340495
2020-04-16 18:06:00,1975.9135021691047,0.00036646341341224696
2020-04-16 18:07:00,1974.6505188988801,0.00036557505009223736
2020-04-16 18:08:00,1975.3250747403945,0.00037491058157623455
2020-04-16 18:09:00,1975.3446468531026,0.00037870199216534994
2020-04-16 18:10:00,1975.5124547464259,0.00036916825214006535
2020-04-16 18:11:00,1975.1272367211363,0.0003740292501614125
2020-04-16 18:12:00,1974.97347497021,0.0004017050996228225
2020-04-16 18:13:00,1975.3192157027763,0.00038143444315151
2020-04-16 18:14:00,1975.968159387803,0.0004166823298716976
2020-04-16 18:15:00,1975.585590287887,0.00041917153995769425
2020-04-16 18:16:00,1974.54842002272,0.00044358958506307273
2020-04-16 18:17:00,1973.4837308272145,0.00043457810886424946
2020-04-16 18:18:00,1973.6118932271895,0.00044217376166154034
2020-04-16 18:19:00,1974.102764464387,0.0004237127081705727
2020-04-16 18:20:00,1974.7013736473873,0.00041879023345920644
2020-04-16 18:21:00,1975.405249030741,0.00041229123575864385
2020-04-16 18:22:00,1975.4419960776595,0.0004097334449495733
2020-04-16 18:23:00,1974.7626577418855,0.0004157260234350887
2020-04-16 18:24:00,1975.0950008562568,0.0003889721861137378
2020-04-16 18:25:00,1976.587491470702,0.000415099607948719
2020-04-16 18:26:00,1975.5699834473803,0.0004177960839542818
2020-04-16 18:27:00,1976.2513218460467,0.0004324740237260583
2020-04-16 18:28:00,1975.2989005525098,0.0004596586744629703
2020-04-16 18:29:00,1974.2108292108294,0.00043705105781247485
2020-04-16 18:30:00,1974.0123248719144,0.00041683273446464043
2020-04-16 18:31:00,1973.911859777267,0.0003960359042020673
2020-04-16 18:32:00,1974.1417953853154,0.00040202107461373345
2020-04-16 18:33:00,1974.255708730572,0.00039154271246517387
2020-04-16 18:34:00,1974.559302656437,0.00038689979854162595
2020-04-16 18:35:00,1976.1791987691593,0.0003822509874951557
2020-04-16 18:36:00,1975.6879322906882,0.000378642216662655
2020-04-16 18:37:00,1975.797580043422,0.00037248521631622896
2020-04-16 18:38:00,1976.7306747253124,0.00039086287964163553
2020-04-16 18:39:00,1976.5259871878234,0.0004016834707879196
2020-04-16 18:40:00,1976.4219152247515,0.0004147264258488651
2020-04-16 18:41:00,1976.7189622579135,0.0004213261754423202
2020-04-16 18:42:00,1977.4329068293016,0.00044991964209417775
2020-04-16 18:43:00,1976.4990635803763,0.000433627441818606
2020-04-16 18:44:00,1976.9236291624638,0.00046031775980533087
2020-04-16 18:45:00,1976.1838838359097,0.0004823705040523049
2020-04-16 18:46:00,1975.3908374905243,0.0004718129425063616
2020-04-16 18:47:00,1976.1302872733104,0.0004714182261738681
2020-04-16 18:48:00,1977.0527179818703,0.0004453964261390151
2020-04-16 18:49:00,1976.0583407279948,0.0004243189151771724
2020-04-16 18:50:00,1976.2164172011985,0.0004596340554195084
2020-04-16 18:51:00,1974.568888091699,0.000496112506961602
2020-04-16 18:52:00,1974.9204097462034,0.0005423351983679069
2020-04-16 18:53:00,1975.0073523931687,0.0005382766246768897
2020-04-16 18:54:00,1973.3668854748378,0.0005343927541898295
2020-04-16 18:55:00,1972.7115206477943,0.0005880563777808665
2020-04-16 18:56:00,1972.394667407807,0.0005769796693166738
2020-04-16 18:57:00,1973.0987727426866,0.0005404082981822057
2020-04-16 18:58:00,1973.7711589685534,0.000567823690204773
2020-04-16 18:59:00,1972.5951996335295,0.0006099049986454269
2020-04-16 19:00:00,1973.7502294498054,0.0006089313455036418
2020-04-16 19:01:00,1971.4720701492927,0.0006093367850119245
2020-04-16 19:02:00,1972.7289563052054,0.0006374268964808474
2020-04-16 19:03:00,1973.4158853257798,0.0006842162478626439
2020-04-16 19:04:00,1971.7602000085385,0.0006740603009101772
2020-04-16 19:05:00,1972.2554196136612,0.0006370246780480724
2020-04-16 19:06:00,1973.8973748686885,0.0006371073061766609
2020-04-16 19:07:00,1975.400726982169,0.0006868520484117146
2020-04-16 19:08:00,1975.026055651145,0.0007019528502417929
2020-04-16 19:09:00,1974.4656125288031,0.0006910224293804198
2020-04-16 19:10:00,1971.4648224559521,0.0007400070911927066
2020-04-16 19:11:00,1970.760610251957,0.000734331300576757
2020-04-16 19:12:00,1970.506993455167,0.0007344886673674065
2020-04-16 19:13:00,1969.6831839498266,0.0006812749063058924
2020-04-16 19:14:00,1968.58266922741,0.0007104078136523428
2020-04-16 19:15:00,1968.1874807403544,0.0006876690949251179
2020-04-16 19:16:00,1967.4577416176858,0.0007480534783020107
2020-04-16 19:17:00,1968.5686897175185,0.0008107099756822177
2020-04-16 19:18:00,1971.9558996268363,0.0008185400040356947
2020-04-16 19:19:00,1971.3458502557592,0.0007288122760342266
2020-04-16 19:20:00,1974.0645713390998,0.0007261016319885777
2020-04-16 19:21:00,1974.704059837241,0.0006929573590853328
2020-04-16 19:22:00,1977.2890250358982,0.000706258314180807
2020-04-16 19:23:00,1977.3565888823225,0.0006783027730671717
2020-04-16 19:24:00,1975.8196259042631,0.0007377623589946143
2020-04-16 19:25:00,1973.8002107008306,0.0007610124550358389
2020-04-16 19:26:00,1974.539168763906,0.0007467643659147695
2020-04-16 19:27:00,1973.6074853165817,0.0007162592532886195
2020-04-16 19:28:00,1973.7143588119277,0.0007051595426857756
2020-04-16 19:29:00,1975.7050035674856,0.0007114489561823448
2020-04-16 19:30:00,1975.6978612374896,0.0006901561043304485
2020-04-16 19:31:00,1974.632270500798,0.000692833556146517
2020-04-16 19:32:00,1974.837762876658,0.0007541529537916849
2020-04-16 19:33:00,1974.1689336531535,0.0007139850239635407
2020-04-16 19:34:00,1974.5739833185453,0.000716953468234872
2020-04-16 19:35:00,1974.7451055425352,0.0007002280498344649
2020-04-16 19:36:00,1975.9710167184867,0.0007371895107336695
2020-04-16 19:37:00,1977.9416827086282,0.0007684606022551706
2020-04-16 19:38:00,1977.2430884724047,0.0008119188742203856
2020-04-16 19:39:00,1977.2230598563303,0.0007339081640307374
2020-04-16 19:40:00,1979.9062900941406,0.0007079630333665252
2020-04-16 19:41:00,1979.856260144804,0.0006541070518515347
2020-04-16 19:42:00,1981.606403271758,0.0006762757458771984
2020-04-16 19:43:00,1979.912947561704,0.0006394451602720481
2020-04-16 19:44:00,1981.1798936134235,0.0006271014057682277
2020-04-16 19:45:00,1980.592552187132,0.0006696722747626104
2020-04-16 19:46:00,1982.1958470729908,0.0006667049549534468
2020-04-16 19:47:00,1980.7899112205341,0.0006808824216119703
2020-04-16 19:48:00,1981.5082983832294,0.0006601111686061265
2020-04-16 19:49:00,1981.2048554853734,0.0006344367914756454
2020-04-16 19:50:00,1982.1443052560667,0.0006585496655944232
2020-04-16 19:51:00,1984.256621148876,0.0006527923654740807
2020-04-16 19:52:00,1984.054469790894,0.0006607882175584094
2020-04-16 19:53:00,1985.1593227349672,0.0006362245890660158
2020-04-16 19:54:00,1983.7909224279636,0.0006810820664701727
2020-04-16 19:55:00,1983.6349461337416,0.0006737905327302238
2020-04-16 19:56:00,1982.137153385408,0.0006688994824404607
2020-04-16 19:57:00,1980.0175269776603,0.0006567989741416287
2020-04-16 19:58:00,1980.482618240689,0.0006356873661442617
2020-04-16 19:59:00,1981.9002642354549,0.0006741711493322255
2020-04-17 13:30:00,2013.5221961727752,0.0006327510432825197
2020-04-17 13:31:00,2015.065108973035,0.0006381281490207859
2020-04-17 13:32:00,2015.0910877931556,0.0006685802834911896
2020-04-17 13:33:00,2015.669063209791,0.0006651128927719689
2020-04-17 13:34:00,2017.2890369415356,0.0006225609860464067
2020-04-17 13:35:00,2017.153040526123,0.0006370182127123201
2020-04-17 13:36:00,2017.439096273504,0.0006420062135514313
2020-04-17 13:37:00,2019.4378963870017,0.0006593754582191182
2020-04-17 13:38:00,2021.5823588651642,0.0006521360812343735
2020-04-17 13:39:00,2021.1105440963024,0.0006909973050701299
2020-04-17 13:40:00,2020.6193282127197,0.0006783052321371527
2020-04-17 13:41:00,2021.6005851202885,0.0006706690062499044
2020-04-17 13:42:00,2021.7316790383272,0.0006629568345973797
2020-04-17 13:43:00,2022.3179988511233,0.0006922897034484239
2020-04-17 13:44:00,2023.7114000839922,0.0006788196591809683
2020-04-17 13:45:00,2024.1985943718228,0.0007039985005375328
2020-04-17 13:46:00,2022.3156687810356,0.0007123185956444336
2020-04-17 13:47:00,2024.5138250224409,0.0007084960473685115
2020-04-17 13:48:00,2024.023122829716,0.0006891177990453407
2020-04-17 13:49:00,2024.7420432871593,0.000690880462657504
2020-04-17 13:50:00,2024.3395809598203,0.000725827939268602
2020-04-17 13:51:00,2025.8806178670527,0.0007099052328277072
2020-04-17 13:52:00,2025.3077840316141,0.0006825627580793452
2020-04-17 13:53:00,2025.3473602617466,0.0006641405495132272
2020-04-17 13:54:00,2024.842769320664,0.000650952688171841
2020-04-17 13:55:00,2025.935990963423,0.0006559205365857735
2020-04-17 13:56:00,2023.7228274731503,0.0007037658280578656
2020-04-17 13:57:00,2022.9457434232268,0.0006740596569933098
2020-04-17 13:58:00,2021.5312007052516,0.0007073235435117773
2020-04-17 13:59:00,2022.3874980631897,0.0007193309790536444
2020-04-17 14:00:00,2021.9396444954166,0.0006957111967084464
2020-04-17 14:01:00,2023.1666335171628,0.0006242930726710859
2020-04-17 14:02:00,2023.2628293900516,0.0005894030753150164
2020-04-17 14:03:00,2023.6265336944903,0.0005906089368158376
2020-04-17 14:04:00,2026.5939440801155,0.0006256858384587269
2020-04-17 14:05:00,2026.983054991521,0.0005811739731828612
2020-04-17 14:06:00,2026.878136633885,0.0006090464709585194
2020-04-17 14:07:00,2029.0958320845925,0.0005932904117993818
2020-04-17 14:08:00,2027.7317584713687,0.0005796860159638813
2020-04-17 14:09:00,2026.52011752656,0.0005828152914009336
2020-04-17 14:10:00,2027.4417440777306,0.0005648106790178017
2020-04-17 14:11:00,2028.0175336054242,0.000604437173169212
2020-04-17 14:12:00,2026.3247780728736,0.0005980334041109606
2020-04-17 14:13:00,2025.5235954093184,0.0006010040975169734
2020-04-17 14:14:00,2027.980700323136,0.0005888517791004493
2020-04-17 14:15:00,2029.4600789965853,0.0006163444299198904
2020-04-17 14:16:00,2029.3931931876775,0.0006456196733393194
2020-04-17 14:17:00,2028.1232007005112,0.0006222665270089886
2020-04-17 14:18:00,2027.4902285805993,0.0006136206839488358
2020-04-17 14:19:00,2027.517733879571,0.0005962283583890404
2020-04-17 14:20:00,2029.2427914517227,0.000617097418968559
2020-04-17 14:21:00,2029.2965141970121,0.0005835134853444503
2020-04-17 14:22:00,2028.054853386227,0.0005971623313072272
2020-04-17 14:23:00,2029.96330704304,0.0005949356469941788
2020-04-17 14:24:00,2028.4777338866534,0.0006215551593123055
2020-04-17 14:25:00,2027.1940543113888,0.0006320606788587564
2020-04-17 14:26:00,2027.3702681025406,0.0006451496722037366
2020-04-17 14:27:00,2025.7161554053255,0.0006326956683077
2020-04-17 14:28:00,2024.4628816633171,0.0007109457454011307
2020-04-17 14:29:00,2024.3400578118121,0.0006885211584319072
2020-04-17 14:30:00,2024.6928988310651,0.0006245871979280454
2020-04-17 14:31:00,2024.8521027499687,0.0006328647664275501
2020-04-17 14:32:00,2025.6865993122844,0.0006305600408518387
2020-04-17 14:33:00,2025.5949936920101,0.000602212217393612
2020-04-17 14:34:00,2026.0404345886893,0.0005692817803915945
2020-04-17 14:35:00,2027.406317297232,0.0006199877276549793
2020-04-17 14:36:00,2029.0326700403848,0.0006447618274497968
2020-04-17 14:37:00,2027.8152439507742,0.0006940232423687586
2020-04-17 14:38:00,2028.8303545090191,0.0007311666324946952
2020-04-17 14:39:00,2030.5395433233737,0.0006833421894504788
2020-04-17 14:40:00,2029.9275381328202,0.0006873353472021878
2020-04-17 14:41:00,2030.121344108641,0.0006632125088528035
2020-04-17 14:42:00,2031.5719303806861,0.0007355549469121359
2020-04-17 14:43:00,2033.786530694273,0.0007506435293161513
2020-04-17 14:44:00,2034.6527889926717,0.0008481664726876988
2020-04-17 14:45:00,2035.8268394909928,0.0008239363791987022
2020-04-17 14:46:00,2037.1026988684266,0.0008215243078949601
2020-04-17 14:47:00,2038.8088126999542,0.0007936629958616656
2020-04-17 14:48:00,2038.0936640485186,0.0008081375051229053
2020-04-17 14:49:00,2038.1793383586216,0.0007952078448398082
2020-04-17 14:50:00,2038.9316693841834,0.0008234997892445002
2020-04-17 14:51:00,2036.64637662765,0.0008511708985403149
2020-04-17 14:52:00,2033.4214566060657,0.0008694575283113368
2020-04-17 14:53:00,2035.2223070162722,0.0008812986562909896
2020-04-17 14:54:00,2033.598153516064,0.000850893147812284
2020-04-17 14:55:00,2033.8778070151316,0.0008153219037602023
2020-04-17 14:56:00,2035.2479649284178,0.0008088980266969881
2020-04-17 14:57:00,2038.1520207945503,0.0007698562655702443
2020-04-17 14:58:00,2037.4393480013055,0.0007457492258350874
2020-04-17 14:59:00,2039.3247039788162,0.000729054035574823
2020-04-17 15:00:00,2038.4023858916212,0.0007184206694832067
2020-04-17 15:01:00,2039.747530568329,0.0006723242540417535
2020-04-17 15:02:00,2041.3818928935564,0.0007416780110576642
2020-04-17 15:03:00,2043.3609724631551,0.0007060191326271494
2020-04-17 15:04:00,2043.9328025324655,0.0007647262756326908
2020-04-17 15:05:00,2043.204792614822,0.0007714547490091647
2020-04-17 15:06:00,2044.1396234789668,0.0007484389937664334
2020-04-17 15:07:00,2043.4977267099707,0.0007351786358934366
2020-04-17 15:08:00,2044.1360383550025,0.0006932082150141331
2020-04-17 15:09:00,2043.1147843162964,0.0006875021200452073
2020-04-17 15:10:00,2043.8372997367135,0.000692238505428876
2020-04-17 15:11:00,2044.3967100387079,0.000708574127924374
2020-04-17 15:12:00,2041.9376655508054,0.0007863675065599643
2020-04-17 15:13:00,2040.1565486593263,0.0007917989913031826
2020-04-17 15:14:00,2042.0126560180518,0.0007625313669417009
2020-04-17 15:15:00,2043.791133457079,0.0007425119483834892
2020-04-17 15:16:00,2048.8850282228386,0.0007879187758186185
2020-04-17 15:17:00,2047.552952726064,0.0008136047385941424
2020-04-17 15:18:00,2046.5155982925867,0.0007664878717931765
2020-04-17 15:19:00,2043.7284808258921,0.000691466873446461
2020-04-17 15:20:00,2042.0839861098696,0.000702015215194692
2020-04-17 15:21:00,2043.7360535458888,0.0006856942650230449
2020-04-17 15:22:00,2044.505651359561,0.0007184463947965244
2020-04-17 15:23:00,2043.8080771725433,0.0006413290481092071
2020-04-17 15:24:00,2045.6344306153046,0.0006230994201331469
2020-04-17 15:25:00,2045.8454625537288,0.0006581907174343276
2020-04-17 15:26:00,2045.858305407446,0.0006817888682321364
2020-04-17 15:27:00,2046.182958206691,0.0006862344135261404
2020-04-17 15:28:00,2047.0566696274243,0.0006514864294099647
2020-04-17 15:29:00,2044.8080529802753,0.0006504187414832491
2020-04-17 15:30:00,2046.7217805759315,0.0006635249130865589
2020-04-17 15:31:00,2047.6669186404633,0.0007075202397958599
2020-04-17 15:32:00,2048.4047947867693,0.0006921896630907403
2020-04-17 15:33:00,2047.6668019974907,0.0006605573348128212
2020-04-17 15:34:00,2048.4663924386978,0.0007599365852071634
2020-04-17 15:35:00,2047.0352996180588,0.0008099422085409301
2020-04-17 15:36:00,2048.033378254223,0.0008885961218363583
2020-04-17 15:37:00,2051.441201920715,0.0008937761758467356
2020-04-17 15:38:00,2051.6265011842274,0.0008895202670567336
2020-04-17 15:39:00,2051.405286500773,0.0008661912709253736
2020-04-17 15:40:00,2052.435873636776,0.0008265370856421195
2020-04-17 15:41:00,2053.5490573356346,0.0008344276942784827
2020-04-17 15:42:00,2054.106378743275,0.0008313145397120836
2020-04-17 15:43:00,2057.62461421094,0.000830932518867506
2020-04-17 15:44:00,2059.952623410573,0.0008929361623482205
2020-04-17 15:45:00,2061.496139975584,0.0008803787161392262
2020-04-17 15:46:00,2064.413560840404,0.0008613910852945149
2020-04-17 15:47:00,2064.019939032452,0.0008193507587056113
2020-04-17 15:48:00,2064.0268477494683,0.000837627779948327
2020-04-17 15:49:00,2064.93874595796,0.0008320547148048443
2020-04-17 15:50:00,2063.3290326313713,0.0007725816221103286
2020-04-17 15:51:00,2061.7052358400138,0.0008162813094308446
2020-04-17 15:52:00,2062.66409516812,0.0008308518501170149
2020-04-17 15:53:00,2064.138407854267,0.0007748021163664462
2020-04-17 15:54:00,2063.945655801879,0.0007507287994261257
2020-04-17 15:55:00,2066.012971799051,0.0007137048713181332
2020-04-17 15:56:00,2068.154285468901,0.0007322632875569013
2020-04-17 15:57:00,2068.6039322383176,0.0007695753350885028
2020-04-17 15:58:00,2068.898816346936,0.0007556136860467414
2020-04-17 15:59:00,2071.192358880348,0.0007010038533592247
2020-04-17 16:00:00,2071.284620652917,0.0007103503732117729
2020-04-17 16:01:00,2071.5404461214393,0.0007004169971621078
2020-04-17 16:02:00,2071.309978550625,0.0006838018100241553
2020-04-17 16:03:00,2067.998845692794,0.0007099328368381445
2020-04-17 16:04:00,2071.0928934525805,0.0007020830458374121
2020-04-17 16:05:00,2074.9181593637386,0.0007136292303527404
2020-04-17 16:06:00,2075.563730278425,0.0006834040253704702
2020-04-17 16:07:00,2072.63559532163,0.0007025717036185735
2020-04-17 16:08:00,2074.1099232459383,0.0006766411412570031
2020-04-17 16:09:00,2074.406950680582,0.0006742927463390255
2020-04-17 16:10:00,2073.2811826619118,0.000682980369585136
2020-04-17 16:11:00,2072.407109038127,0.0006623917290750443
2020-04-17 16:12:00,2070.4668715305224,0.0006260079358916084
2020-04-17 16:13:00,2071.584993328143,0.0006554224668009886
2020-04-17 16:14:00,2071.0877371590745,0.0006304741823276649
2020-04-17 16:15:00,2069.394273674581,0.0006450101956140642
2020-04-17 16:16:00,2070.4807058749016,0.0006380787784770552
2020-04-17 16:17:00,2069.9348564934085,0.0006369081121794565
2020-04-17 16:18:00,2068.4983303390923,0.0006550635146378284
2020-04-17 16:19:00,2070.783105635677,0.0006291271507441311
2020-04-17 16:20:00,2070.9033285585533,0.0005832372860465837
2020-04-17 16:21:00,2069.918840667528,0.0006260304185179704
2020-04-17 16:22:00,2068.8930184866094,0.0005857164511061483
2020-04-17 16:23:00,2067.505488052766,0.0005984096348360045
2020-04-17 16:24:00,2068.250858691656,0.0005722631024842803
2020-04-17 16:25:00,2069.688397852137,0.0005641605332432214
2020-04-17 16:26:00,2068.8830682258267,0.0006001651477620556
2020-04-17 16:27:00,2068.933978914349,0.0006131110719336744
2020-04-17 16:28:00,2070.0157684418164,0.0005716195176375871
2020-04-17 16:29:00,2068.380599795981,0.0005426087190889646
2020-04-17 16:30:00,2068.6667606390943,0.0005647936833801423
2020-04-17 16:31:00,2069.2247448891744,0.0005778561666793218
2020-04-17 16:32:00,2070.0331679551596,0.0005640511103339581
2020-04-17 16:33:00,2070.2505156963557,0.0005413198974873679
2020-04-17 16:34:00,2067.998808596889,0.0005263116649657105
2020-04-17 16:35:00,2067.8987733068934,0.0005193499052781878
2020-04-17 16:36:00,2068.016407648279,0.0005114282334174652
2020-04-17 16:37:00,2067.174757747255,0.000502944826351335
2020-04-17 16:38:00,2066.5897722227555,0.0005016367769749977
2020-04-17 16:39:00,2065.8603515383975,0.0004805433544597691
2020-04-17 16:40:00,2066.2157797061877,0.0004956420916143932
2020-04-17 16:41:00,2064.2747080731533,0.0004940372432446731
2020-04-17 16:42:00,2064.2848808572016,0.0005011760047999861
2020-04-17 16:43:00,2062.6968690486133,0.0005000013308723424
2020-04-17 16:44:00,2063.0170984823267,0.0005121090706725463
2020-04-17 16:45:00,2062.2623966250426,0.00048068835198815255
2020-04-17 16:46:00,2062.8921955253845,0.0004676469113343523
2020-04-17 16:47:00,2063.58554040335,0.0004125440945802746
2020-04-17 16:48:00,2062.6729962374598,0.0004181743551410563
2020-04-17 16:49:00,2062.428521820449,0.0004469825370197526
2020-04-17 16:50:00,2062.672670444772,0.0004700831466825183
2020-04-17 16:51:00,2064.0816397260824,0.00046938738869350136
2020-04-17 16:52:00,2063.4142973187036,0.0004870533819809422
2020-04-17 16:53:00,2062.5975029753763,0.0005029169333373943
2020-04-17 16:54:00,2060.4112615591584,0.0005017936226829419
2020-04-17 16:55:00,2061.5148005719534,0.0005185294654096692
2020-04-17 16:56:00,2063.5364242641012,0.0004926054079958766
2020-04-17 16:57:00,2062.835036384386,0.00047986707558157554
2020-04-17 16:58:00,2061.826048909673,0.0004719865010454339
2020-04-17 16:59:00,2062.3838154851474,0.0004572157110969022
2020-04-17 17:00:00,2062.3992740774934,0.00047210837947784937
2020-04-17 17:01:00,2061.574405811944,0.00047307981701185265
2020-04-17 17:02:00,2061.6855458949262,0.0004730923519660186
2020-04-17 17:03:00,2062.459405572717,0.0004591091521489833
2020-04-17 17:04:00,2062.9280976903133,0.00045002386731630897
2020-04-17 17:05:00,2062.304843375351,0.00046876160195731114
2020-04-17 17:06:00,2063.9013685147766,0.0004703021173303447
2020-04-17 17:07:00,2061.2388931434034,0.0004909105064306982
2020-04-17 17:08:00,2060.9186287001853,0.00047913708589594653
2020-04-17 17:09:00,2059.835775126322,0.0004896132262944001
2020-04-17 17:10:00,2060.78805911414,0.000512371249375963
2020-04-17 17:11:00,2060.3301565781803,0.0005257748144780525
2020-04-17 17:12:00,2061.225351200196,0.000537161178941897
2020-04-17 17:13:00,2061.4416519862407,0.0005402033641841021
2020-04-17 17:14:00,2061.164887636636,0.0005522189539335177
2020-04-17 17:15:00,2061.0402820131358,0.0005559160168744821
2020-04-17 17:16:00,2062.3043215933526,0.000595357617507777
2020-04-17 17:17:00,2061.2728193112607,0.0005764983600058472
2020-04-17 17:18:00,2062.8328324929817,0.0005619048993514584
2020-04-17 17:19:00,2062.841869150352,0.0005250623016038792
2020-04-17 17:20:00,2062.3403818536904,0.0005004125011363723
2020-04-17 17:21:00,2062.07983061565,0.0004961487128734506
2020-04-17 17:22:00,2061.380430487984,0.0005323962285459077
2020-04-17 17:23:00,2062.6608859511134,0.0005833152823798284
2020-04-17 17:24:00,2062.7779203137334,0.0005970999625721088
2020-04-17 17:25:00,2063.5175613999295,0.0005828198810973539
2020-04-17 17:26:00,2064.9788471529682,0.0006029931859371082
2020-04-17 17:27:00,2065.6005437036283,0.0005974568764505689
2020-04-17 17:28:00,2066.7994071951275,0.0006241765326654239
2020-04-17 17:29:00,2067.830345054275,0.0006195711365407111
2020-04-17 17:30:00,2067.3388012445707,0.0006231772822347067
2020-04-17 17:31:00,2067.1055973316384,0.0005715036158805192
2020-04-17 17:32:00,2066.9085174574884,0.0005602418106790363
2020-04-17 17:33:00,2067.228105889716,0.000574903835831626
2020-04-17 17:34:00,2065.492400682709,0.0006124930162368361
2020-04-17 17:35:00,2065.3859298415746,0.000617134779576199
2020-04-17 17:36:00,2065.4537811923765,0.0006139844561575966
2020-04-17 17:37:00,2066.2119371868835,0.0006161511161832804
2020-04-17 17:38:00,2067.800810558414,0.0006290738427979687
2020-04-17 17:39:00,2066.3165494022887,0.0005852496121890789
2020-04-17 17:40:00,2064.2470558435352,0.00056620357446881
2020-04-17 17:41:00,2062.5439375939363,0.0005655089239523687
2020-04-17 17:42:00,2062.046272067426,0.0005764090796737212
2020-04-17 17:43:00,2062.607247860613,0.0005576111999515232
2020-04-17 17:44:00,2064.434469576991,0.0005527249935774353
2020-04-17 17:45:00,2063.8185632024674,0.000556169577387134
2020-04-17 17:46:00,2063.1255261748256,0.0005298247791858046
2020-04-17 17:47:00,2062.1660167262094,0.0005386773587703011
2020-04-17 17:48:00,2061.837060692109,0.0005393831604363126
2020-04-17 17:49:00,2064.635685123458,0.0005690700381879946
2020-04-17 17:50:00,2064.8330249986275,0.0005567691556149143
2020-04-17 17:51:00,2066.3352327930456,0.0005694668795175506
2020-04-17 17:52:00,2065.6043915542464,0.0006067283060144454
2020-04-17 17:53:00,2064.0936530592057,0.000601363893881252
2020-04-17 17:54:00,2064.9803646705504,0.0006013895986699842
2020-04-17 17:55:00,2065.042816075285,0.0005964114202478871
2020-04-17 17:56:00,2062.9672409560267,0.0005690541008209255
2020-04-17 17:57:00,2063.799300161098,0.0005986245912995549
2020-04-17 17:58:00,2064.7388479977535,0.0006387460830374195
2020-04-17 17:59:00,2065.5042203931935,0.0006343381686914627
2020-04-17 18:00:00,2063.6897049185272,0.0006367949712008562
2020-04-17 18:01:00,2064.597690314674,0.0006517257563669297
2020-04-17 18:02:00,2061.57000565698,0.0006485325332444881
2020-04-17 18:03:00,2062.4971913621007,0.0006280409352587899
2020-04-17 18:04:00,2062.6289180400345,0.0006283513976930413
2020-04-17 18:05:00,2061.170315577525,0.0006119806498684342
2020-04-17 18:06:00,2062.0325272793943,0.0005851901758871083
2020-04-17 18:07:00,2060.896043172932,0.000555217298469557
2020-04-17 18:08:00,2060.6442813520744,0.000550092959466291
2020-04-17 18:09:00,2061.3065296121695,0.0005514930101455764
2020-04-17 18:10:00,2059.8341731207074,0.0005041223435255917
2020-04-17 18:11:00,2059.230715412098,0.0004933048757077794
2020-04-17 18:12:00,2059.480931003929,0.00044805214385077607
2020-04-17 18:13:00,2060.1655207093477,0.00040344061405989855
2020-04-17 18:14:00,2062.8955065435453,0.0004132868113958318
2020-04-17 18:15:00,2063.5186769292427,0.00041381853565785253
2020-04-17 18:16:00,2062.7024567384324,0.0004143634282647584
2020-04-17 18:17:00,2062.768279663984,0.000402006457907038
2020-04-17 18:18:00,2061.1094988898026,0.00042803325179182814
2020-04-17 18:19:00,2061.888734994122,0.00041169186445284996
2020-04-17 18:20:00,2062.695364806171,0.0003948656078921995
2020-04-17 18:21:00,2063.2241346915534,0.00041357067242849563
2020-04-17 18:22:00,2063.9168965122103,0.0004033654252622772
2020-04-17 18:23:00,2064.146222960653,0.00036288982409467746
2020-04-17 18:24:00,2064.3025051818727,0.0003766863214275976
2020-04-17 18:25:00,2064.2686051383366,0.0003650188632234098
2020-04-17 18:26:00,2063.411104883171,0.0003513079610375131
2020-04-17 18:27:00,2064.117347765322,0.0003411750734658654
2020-04-17 18:28:00,2063.9475109166237,0.00033653588888093273
2020-04-17 18:29:00,2064.677249531272,0.0003454001998863075
2020-04-17 18:30:00,2064.3986959279346,0.00033504211897122385
2020-04-17 18:31:00,2063.342596738779,0.00033746518393111476
2020-04-17 18:32:00,2064.021079029153,0.0003385633875449883
2020-04-17 18:33:00,2062.9354907296206,0.0003522984444339348
2020-04-17 18:34:00,2062.9891627242164,0.0003455454717591438
2020-04-17 18:35:00,2063.652220056309,0.0003623767707156334
2020-04-17 18:36:00,2063.888132780645,0.00036725435812064335
2020-04-17 18:37:00,2064.20741009054,0.0003815693219372401
2020-04-17 18:38:00,2063.7119629042013,0.0003760359038206288
2020-04-17 18:39:00,2064.040267528282,0.0003553068583480053
2020-04-17 18:40:00,2064.5259607632047,0.0003857530529891254
2020-04-17 18:41:00,2064.131817240287,0.000358630578926088
2020-04-17 18:42:00,2063.3904441459013,0.0003511263049967392
2020-04-17 18:43:00,2062.631472885054,0.0003714829978301901
2020-04-17 18:44:00,2062.127959454852,0.0003556587703050598
2020-04-17 18:45:00,2061.3025303099935,0.00034385255472948724
2020-04-17 18:46:00,2060.9202223111483,0.00035162865537896745
2020-04-17 18:47:00,2061.763641460582,0.00035706202362875374
2020-04-17 18:48:00,2063.1246016192213,0.00037152528659085596
2020-04-17 18:49:00,2063.702112684581,0.0003532528167797851
2020-04-17 18:50:00,2064.2824555331117,0.00036662674260959263
2020-04-17 18:51:00,2064.313086458334,0.00035826775425248204
2020-04-17 18:52:00,2064.2459411352447,0.00035654505252565635
2020-04-17 18:53:00,2063.5533583788697,0.0003716380412301579
2020-04-17 18:54:00,2063.5011616623133,0.0003735640338588975
2020-04-17 18:55:00,2063.2991656017407,0.00035528056989953715
2020-04-17 18:56:00,2063.4339352726506,0.00036967521088178694
2020-04-17 18:57:00,2062.682316685442,0.0003785121014923439
2020-04-17 18:58:00,2062.0716212167326,0.0003933930701057566
2020-04-17 18:59:00,2063.5690340132574,0.0004065673584396345
2020-04-17 19:00:00,2063.0210962602137,0.0004154448307593695
2020-04-17 19:01:00,2063.060299118616,0.00041738196278764543
2020-04-17 19:02:00,2063.3071757491484,0.00041449622085512546
2020-04-17 19:03:00,2064.558139830337,0.0004130827064098485
2020-04-17 19:04:00,2064.252627504627,0.0004173273486669524
2020-04-17 19:05:00,2063.0752384319844,0.0004421524144674503
2020-04-17 19:06:00,2063.6114108353713,0.00042754725055038135
2020-04-17 19:07:00,2064.2132016090177,0.0004262060193545961
2020-04-17 19:08:00,2064.24911121962,0.0004235404036958776
2020-04-17 19:09:00,2065.950140220988,0.0004155760108909339
2020-04-17 19:10:00,2065.411070195059,0.00042280623045913633
2020-04-17 19:11:00,2066.9235170354887,0.0004099284335654316
2020-04-17 19:12:00,2065.8618752732496,0.0004325057846702499
2020-04-17 19:13:00,2066.446563072605,0.00042201424069947794
2020-04-17 19:14:00,2065.529671102527,0.00041979554325421233
2020-04-17 19:15:00,2064.8269639681844,0.0004117842102969044
2020-04-17 19:16:00,2064.7273007417193,0.00040366727253564674
2020-04-17 19:17:00,2065.3931480257843,0.0004027120434622266
2020-04-17 19:18:00,2065.691577369929,0.00039331184009928086
2020-04-17 19:19:00,2066.617828199031,0.00037644074196695816
2020-04-17 19:20:00,2067.2416105162833,0.0003564151364459386
2020-04-17 19:21:00,2065.9302584037205,0.0003924765469643889
2020-04-17 19:22:00,2064.5673780754437,0.0004019386689154048
2020-04-17 19:23:00,2064.4584071210693,0.000390565858617069
2020-04-17 19:24:00,2064.7003402933524,0.00042328532732648473
2020-04-17 19:25:00,2064.046158687569,0.00039910223152690136
2020-04-17 19:26:00,2064.888292141909,0.00041844770620761806
2020-04-17 19:27:00,2064.542947646422,0.0004225225868619069
2020-04-17 19:28:00,2063.826238566609,0.0003928557663331803
2020-04-17 19:29:00,2064.5746831560086,0.00041259962012704486
2020-04-17 19:30:00,2065.4539503669566,0.0004089460003733457
2020-04-17 19:31:00,2064.4286333735504,0.0004203799772152213
2020-04-17 19:32:00,2063.7938914080446,0.0003862026303106436
2020-04-17 19:33:00,2062.870549090968,0.00037150896031734555
2020-04-17 19:34:00,2063.002589097594,0.00037524885888747553
2020-04-17 19:35:00,2062.748511301131,0.00034269820535245504
2020-04-17 19:36:00,2062.1098959762476,0.0003351876293261205
2020-04-17 19:37:00,2061.3385441115856,0.00035155163180042206
2020-04-17 19:38:00,2062.8909273463014,0.0003361460714224396
2020-04-17 19:39:00,2063.488697648958,0.00034467476994292696
2020-04-17 19:40:00,2063.781989265294,0.0003272878872826743
2020-04-17 19:41:00,2063.0391808706386,0.00031131602290177955
2020-04-17 19:42:00,2063.052918180546,0.0003312738841804553
2020-04-17 19:43:00,2061.496491303064,0.00033394046914086246
2020-04-17 19:44:00,2060.6767656011752,0.0003219701741349977
2020-04-17 19:45:00,2061.2593109611566,0.0003334007620760691
2020-04-17 19:46:00,2061.4572220708637,0.0003590198320901433
2020-04-17 19:47:00,2060.887355660653,0.00036623732367399076
2020-04-17 19:48:00,2060.448548492368,0.0003305973713185519
2020-04-17 19:49:00,2060.3051423270463,0.00034535424915340746
2020-04-17 19:50:00,2060.215275132856,0.0003355943234598851
2020-04-17 19:51:00,2059.260801350156,0.0003691922350154516
2020-04-17 19:52:00,2058.875302570991,0.0003755681198983567
2020-04-17 19:53:00,2058.376769262681,0.0003756938073157677
2020-04-17 19:54:00,2059.4604785785655,0.0003883848039236979
2020-04-17 19:55:00,2058.8487227884725,0.0003659899835943285
2020-04-17 19:56:00,2058.1604315615245,0.0003918051244288136
2020-04-17 19:57:00,2056.89477197533,0.00039140440677480436
2020-04-17 19:58:00,2056.2408391926137,0.00039309763687543105
2020-04-17 19:59:00,2057.1928830440056,0.0003785620028113462
2020-04-20 13:30:00,1953.157817938182,0.00039089254173356973
2020-04-20 13:31:00,1952.3214506059962,0.00039429731777154687
2020-04-20 13:32:00,1952.5164009963898,0.0003971426171972863
2020-04-20 13:33:00,1951.713750704952,0.00038172929168564485
2020-04-20 13:34:00,1952.9335437431218,0.00038271307624849723
2020-04-20 13:35:00,1952.285033571961,0.00037427259029213243
2020-04-20 13:36:00,1952.870944907943,0.0003748182922366309
2020-04-20 13:37:00,1952.9860828676112,0.00036981446606568273
2020-04-20 13:38:00,1952.4137160584476,0.0003686570002298301
2020-04-20 13:39:00,1951.272060793761,0.000379907747780922
2020-04-20 13:40:00,1950.958611125745,0.0003462121484742393
2020-04-20 13:41:00,1951.1797533436722,0.00036206778560886365
2020-04-20 13:42:00,1951.9834649596773,0.0003622200411022693
2020-04-20 13:43:00,1951.309872528315,0.0003530675985784568
2020-04-20 13:44:00,1951.2466630064837,0.0003356566102826997
2020-04-20 13:45:00,1951.5985067634704,0.00033712757280140104
2020-04-20 13:46:00,1951.8494360352308,0.00034262016862061126
2020-04-20 13:47:00,1952.4594686602652,0.0003675999338215632
2020-04-20 13:48:00,1953.094696369103,0.00035898491247863965
2020-04-20 13:49:00,1952.9873096137128,0.00039730494282558173
2020-04-20 13:50:00,1952.390803717681,0.0004089976676306751
2020-04-20 13:51:00,1952.7323075315462,0.0004079549727918511
2020-04-20 13:52:00,1953.2912913149873,0.00039904534720982475
2020-04-20 13:53:00,1952.2815452268987,0.00037485017456202036
2020-04-20 13:54:00,1952.2692845226875,0.0003631768494315358
2020-04-20 13:55:00,1953.0463254507831,0.00035190373675203046
2020-04-20 13:56:00,1952.7292500252365,0.0003584221884308442
2020-04-20 13:57:00,1953.2704025983362,0.000365403170299846
2020-04-20 13:58:00,1953.1014701775796,0.00035494596113199296
2020-04-20 13:59:00,1952.989663250981,0.0003509206931065289
2020-04-20 14:00:00,1952.8552259951127,0.0003654333385761752
2020-04-20 14:01:00,1952.097394767943,0.00037479848284600723
2020-04-20 14:02:00,1951.0313430836584,0.00038034630091891267
2020-04-20 14:03:00,1951.0348701250437,0.00038062108686200526
2020-04-20 14:04:00,1951.0182411023588,0.0003829432573245661
2020-04-20 14:05:00,1950.3115577226429,0.0003912419747105239
2020-04-20 14:06:00,1949.5593403809844,0.00038974150664073385
2020-04-20 14:07:00,1950.4602817150676,0.0004122447011547516
2020-04-20 14:08:00,1950.2442054224473,0.00039634352484345766
2020-04-20 14:09:00,1951.075394883858,0.0003579340938014537
2020-04-20 14:10:00,1950.334441245942,0.0003784701521368109
2020-04-20 14:11:00,1950.602455048455,0.0003866585235735548
2020-04-20 14:12:00,1950.3156408357481,0.00038138914769805094
2020-04-20 14:13:00,1950.8532022837792,0.0003559997462276238
2020-04-20 14:14:00,1950.7113850293972,0.00035209858249229525
2020-04-20 14:15:00,1951.1456519599367,0.0003559438250318535
2020-04-20 14:16:00,1950.5685288288723,0.00034003470421841017
2020-04-20 14:17:00,1950.339222685255,0.0003564477927461748
2020-04-20 14:18:00,1950.055251096806,0.00035846217179299556
2020-04-20 14:19:00,1950.5804966609944,0.0003479278866905507
2020-04-20 14:20:00,1950.2456106188743,0.0003728298895427973
2020-04-20 14:21:00,1950.6640274720507,0.00036146955908105674
2020-04-20 14:22:00,1950.1615895053349,0.00035826675944415723
2020-04-20 14:23:00,1950.4273314657696,0.00033007358030958647
2020-04-20 14:24:00,1949.394409156207,0.0003537614342275645
2020-04-20 14:25:00,1948.870127791291,0.0003479300354439709
2020-04-20 14:26:00,1948.0205246591902,0.0003120770413710792
2020-04-20 14:27:00,1948.021244247252,0.0003171023858577744
2020-04-20 14:28:00,1947.6267906459805,0.00030339076771522744
2020-04-20 14:29:00,1947.4113473523028,0.00029923144279070244
2020-04-20 14:30:00,1946.9734800586277,0.00031935988144484205
2020-04-20 14:31:00,1945.9648481032214,0.0003134781042488042
2020-04-20 14:32:00,1946.4457952302012,0.0003037394713006377
2020-04-20 14:33:00,1947.2273715463275,0.0003057010545313945
2020-04-20 14:34:00,1946.952107018886,0.00029360682436615696
2020-04-20 14:35:00,1947.5630878306388,0.00030341572545111755
2020-04-20 14:36:00,1948.3403487511391,0.00026205546968044766
2020-04-20 14:37:00,1948.5651998453836,0.00027221847054268345
2020-04-20 14:38:00,1947.9147839740613,0.00030046866442089745
2020-04-20 14:39:00,1947.42032476861,0.0003108107542490687
2020-04-20 14:40:00,1947.2254830310992,0.00030804581353041925
2020-04-20 14:41:00,1946.7576054386016,0.0002878684086952727
2020-04-20 14:42:00,1946.7405680480517,0.0002849712002436989
2020-04-20 14:43:00,1946.4028605015417,0.0003113447084929995
2020-04-20 14:44:00,1946.7695621436358,0.00029847372411838423
2020-04-20 14:45:00,1947.2192159423316,0.00028339892814505325
2020-04-20 14:46:00,1946.8889640829968,0.0002967248651153644
2020-04-20 14:47:00,1946.6833169901138,0.00032504947741597546
2020-04-20 14:48:00,1946.6810828205744,0.0003206350083114336
2020-04-20 14:49:00,1946.7258146782747,0.00030460379094643473
2020-04-20 14:50:00,1946.2877599652961,0.00031157124020057223
2020-04-20 14:51:00,1945.8675615180846,0.0003323842991547885
2020-04-20 14:52:00,1945.1427576011558,0.00033482888473938095
2020-04-20 14:53:00,1944.6758207890675,0.000333095515621597
2020-04-20 14:54:00,1944.437583042243,0.00032343185219278346
2020-04-20 14:55:00,1944.1572402501565,0.0003120779690280772
2020-04-20 14:56:00,1944.8845175443441,0.0003249295965312405
2020-04-20 14:57:00,1944.8261569968552,0.00031459960558267254
2020-04-20 14:58:00,1943.9622524963463,0.00032652155429492975
2020-04-20 14:59:00,1944.1924802616177,0.0003352590016152635
2020-04-20 15:00:00,1943.6200316796946,0.00032739340441378966
2020-04-20 15:01:00,1943.6538664399818,0.00036207450687431687
2020-04-20 15:02:00,1943.9900237424288,0.0003612656239447633
2020-04-20 15:03:00,1944.4090318404994,0.00035452114472710243
2020-04-20 15:04:00,1943.3937837118322,0.00037862944315863886
2020-04-20 15:05:00,1943.019125977537,0.00037704937359256456
2020-04-20 15:06:00,1941.1178259776184,0.00038629245525003986
2020-04-20 15:07:00,1941.384242098483,0.0003765110243910421
2020-04-20 15:08:00,1942.6113360948232,0.0003745924882639444
2020-04-20 15:09:00,1942.7316672265072,0.0003775016050370524
2020-04-20 15:10:00,1943.8636922282249,0.00038476363472025784
2020-04-20 15:11:00,1943.8367422542872,0.00039366572056416207
2020-04-20 15:12:00,1944.6151718695112,0.0003747252906611956
2020-04-20 15:13:00,1945.7473400114095,0.00037613582528996824
2020-04-20 15:14:00,1945.7744991144311,0.0003913725871821567
2020-04-20 15:15:00,1945.776878123742,0.0004051178036462075
2020-04-20 15:16:00,1945.9177011091888,0.00043877201018944427
2020-04-20 15:17:00,1946.1214646315166,0.0004365363707038497
2020-04-20 15:18:00,1944.9513004404619,0.0004307083667362907
2020-04-20 15:19:00,1942.7567076813677,0.0004012645698036135
2020-04-20 15:20:00,1943.6683559603775,0.0003685775132021892
2020-04-20 15:21:00,1944.0669268239715,0.0003638492299251158
2020-04-20 15:22:00,1944.9955269537727,0.0003534338021405136
2020-04-20 15:23:00,1944.2396510861638,0.00034561290619786607
2020-04-20 15:24:00,1943.7494784086755,0.0003543335229040896
2020-04-20 15:25:00,1943.7246926362423,0.00033945226450720413
2020-04-20 15:26:00,1945.0768539258706,0.00032472009333478025
2020-04-20 15:27:00,1946.1585021036349,0.0003119033383654842
2020-04-20 15:28:00,1946.1031180522577,0.0003290963776734958
2020-04-20 15:29:00,1946.1041945351733,0.00032681002806820187
2020-04-20 15:30:00,1946.3449752412105,0.0003188837377355285
2020-04-20 15:31:00,1947.0222034159497,0.0003036270081403848
2020-04-20 15:32:00,1946.0248838381958,0.0003086048147014658
2020-04-20 15:33:00,1945.3199616125162,0.00030734440613832716
2020-04-20 15:34:00,1945.2597867800232,0.00029817295803316146
2020-04-20 15:35:00,1945.849480999938,0.00028243393195389916
2020-04-20 15:36:00,1945.8282534109585,0.00026436906535310013
2020-04-20 15:37:00,1945.3039127844013,0.0002616752792040156
2020-04-20 15:38:00,1944.4116611752622,0.0002749471129014234
2020-04-20 15:39:00,1944.1198095323984,0.00028300773572950233
2020-04-20 15:40:00,1944.5595644124114,0.00028456488643569455
2020-04-20 15:41:00,1944.550853782319,0.0003068455435282759
2020-04-20 15:42:00,1944.8330471857926,0.0003204469782465202
2020-04-20 15:43:00,1945.5490429506253,0.00032922075439447714
2020-04-20 15:44:00,1946.6186705412558,0.00031662188638850367
2020-04-20 15:45:00,1946.379267911077,0.0003041029167713002
2020-04-20 15:46:00,1946.8529234415792,0.0002947024919038724
2020-04-20 15:47:00,1947.3594652142745,0.00029272308746759165
2020-04-20 15:48:00,1947.4740998909535,0.00027640000233528187
2020-04-20 15:49:00,1946.8689758035714,0.00029993023991750373
2020-04-20 15:50:00,1946.453575220432,0.00030675137292436507
2020-04-20 15:51:00,1945.810377480391,0.0002886291401606909
2020-04-20 15:52:00,1946.6200545125625,0.00027680623300188
2020-04-20 15:53:00,1946.5952820897342,0.0002765410311145545
2020-04-20 15:54:00,1945.2951868948342,0.0002877122974111917
2020-04-20 15:55:00,1945.4179285244973,0.00028848269068856413
2020-04-20 15:56:00,1945.2829415901533,0.00029081098371455346
2020-04-20 15:57:00,1945.2100408565973,0.0003174428204829269
2020-04-20 15:58:00,1945.7975620036725,0.0003353950818084777
2020-04-20 15:59:00,1946.5949542137835,0.0003060383391519757
2020-04-20 16:00:00,1946.9313462203668,0.0002905157857185477
2020-04-20 16:01:00,1947.9033494374135,0.0002969327296877139
2020-04-20 16:02:00,1947.5049493430117,0.00030820519983034144
2020-04-20 16:03:00,1946.5425515401957,0.00031113571753551986
2020-04-20 16:04:00,1946.1186836903948,0.0003168765033905393
2020-04-20 16:05:00,1946.3767832380186,0.000312658861204256
2020-04-20 16:06:00,1945.6597249377926,0.00029571440039307447
2020-04-20 16:07:00,1945.898002718897,0.00029285517179632506
2020-04-20 16:08:00,1945.6897381870717,0.00030442715030781466
2020-04-20 16:09:00,1945.8685357960517,0.0002965417654502711
2020-04-20 16:10:00,1945.0908524461645,0.00031950283184902254
2020-04-20 16:11:00,1944.8002854314636,0.00030865425609768164
2020-04-20 16:12:00,1943.952153289302,0.00032289084636095305
2020-04-20 16:13:00,1943.8626060354231,0.00031809427208765546
2020-04-20 16:14:00,1944.0771199623794,0.0003198161514296197
2020-04-20 16:15:00,1943.2973019745064,0.0003410259329008436
2020-04-20 16:16:00,1942.920348116645,0.00031376658819209203
2020-04-20 16:17:00,1941.7481246344182,0.00033338959547417373
2020-04-20 16:18:00,1942.5811670555502,0.000328872333241428
2020-04-20 16:19:00,1942.9719235162001,0.00032899106575121176
2020-04-20 16:20:00,1943.1065408851346,0.00032273155755830723
2020-04-20 16:21:00,1943.8894015476596,0.0003244422114037244
2020-04-20 16:22:00,1943.904725230227,0.00032159223058069917
2020-04-20 16:23:00,1945.0004058168383,0.00030632192082532416
2020-04-20 16:24:00,1944.3309311628361,0.0002959275282922591
2020-04-20 16:25:00,1943.8640837297492,0.0002950581484298152
2020-04-20 16:26:00,1943.5353353636567,0.00032014117555611345
2020-04-20 16:27:00,1943.1111597812737,0.00032885134373265124
2020-04-20 16:28:00,1942.8760579905515,0.0003426440526253714
2020-04-20 16:29:00,1942.819699183748,0.0003414688671367129
2020-04-20 16:30:00,1942.7642979176144,0.00033977975673835255
2020-04-20 16:31:00,1942.7835682898703,0.000354251953328207
2020-04-20 16:32:00,1943.159672650798,0.00035214635140064145
2020-04-20 16:33:00,1943.062452514202,0.0003612479680019717
2020-04-20 16:34:00,1942.4357666847663,0.00036402852188847847
2020-04-20 16:35:00,1942.2853676932452,0.0004000356794537253
2020-04-20 16:36:00,1943.0343805631521,0.00040253865718696644
2020-04-20 16:37:00,1943.2033118197644,0.00042316407362489103
2020-04-20 16:38:00,1943.018511075693,0.00042831964578659724
2020-04-20 16:39:00,1943.099247117137,0.0004236780036215785
2020-04-20 16:40:00,1943.6097718365481,0.00042956893117150076
2020-04-20 16:41:00,1943.5511129378083,0.00042949641071455587
2020-04-20 16:42:00,1944.562772591976,0.00045904605358403007
2020-04-20 16:43:00,1943.6906494668588,0.0004447623122847309
2020-04-20 16:44:00,1942.9571613372614,0.0004481644923607009
2020-04-20 16:45:00,1943.2487341775634,0.0004913019937519697
2020-04-20 16:46:00,1941.9160916332291,0.0004904323351506321
2020-04-20 16:47:00,1944.242143715082,0.0005029800936227749
2020-04-20 16:48:00,1942.0484357141938,0.0005261049640735331
2020-04-20 16:49:00,1940.7693543008497,0.0005452745136802947
2020-04-20 16:50:00,1940.086001619104,0.0005616884137159591
2020-04-20 16:51:00,1940.3198914267816,0.0005778603046191654
2020-04-20 16:52:00,1940.2633428930067,0.0006114535813381404
2020-04-20 16:53:00,1940.8887032785146,0.0006296051187967241
2020-04-20 16:54:00,1942.1524396749833,0.0006350496479929766
2020-04-20 16:55:00,1941.7296914984754,0.0006535474742815415
2020-04-20 16:56:00,1943.9410869062638,0.0006457077909241298
2020-04-20 16:57:00,1942.1493349759432,0.0006558393828962767
2020-04-20 16:58:00,1942.8491069858871,0.0006415710813605113
2020-04-20 16:59:00,1941.7904659269252,0.0006849445838978906
2020-04-20 17:00:00,1942.3266729736408,0.0006333612681126682
2020-04-20 17:01:00,1944.7584073526682,0.0006553303869599381
2020-04-20 17:02:00,1942.7048640041364,0.0006775919220593169
2020-04-20 17:03:00,1942.4049545134294,0.000655156762665517
2020-04-20 17:04:00,1943.1397937392035,0.0006592113630817969
2020-04-20 17:05:00,1943.428903366938,0.0006842379408862348
2020-04-20 17:06:00,1946.0206983532503,0.0006671280708132183
2020-04-20 17:07:00,1945.8303894209218,0.0006411349182075919
2020-04-20 17:08:00,1945.737407714009,0.0006567174665766608
2020-04-20 17:09:00,1946.2565234983144,0.000628986880973532
2020-04-20 17:10:00,1947.5388987568099,0.0006552320492160189
2020-04-20 17:11:00,1947.463393883906,0.0006795898570391644
2020-04-20 17:12:00,1947.8270012684277,0.000622524042616672
2020-04-20 17:13:00,1946.5004301132476,0.0006250686813136123
2020-04-20 17:14:00,1945.990413310349,0.0005885734786562736
2020-04-20 17:15:00,1947.2108509361526,0.000610321161268261
2020-04-20 17:16:00,1946.0896860400273,0.000627126528053941
2020-04-20 17:17:00,1947.7465481944384,0.0006418501325158205
2020-04-20 17:18:00,1948.0500370861398,0.0006121701081303164
2020-04-20 17:19:00,1948.2558896559726,0.0006351311086528371
2020-04-20 17:20:00,1947.3160611380652,0.0006471628971075274
2020-04-20 17:21:00,1947.9496721554713,0.0006972784209587383
2020-04-20 17:22:00,1948.304741341745,0.0007597294576515648
2020-04-20 17:23:00,1946.1352267800341,0.0007163953585851179
2020-04-20 17:24:00,1946.5526941750393,0.000756653697962356
2020-04-20 17:25:00,1944.9423634673228,0.000728298847707636
2020-04-20 17:26:00,1947.7975887473874,0.0007220159846547046
2020-04-20 17:27:00,1948.1039187081033,0.0006507709856883501
2020-04-20 17:28:00,1947.9201149164646,0.0006652090758733966
2020-04-20 17:29:00,1948.8765290203046,0.0006988349570080103
2020-04-20 17:30:00,1947.8269840051275,0.0006416139983904392
2020-04-20 17:31:00,1950.8851390792067,0.0006238042408032397
2020-04-20 17:32:00,1950.0686884093432,0.0005797331459530305
2020-04-20 17:33:00,1951.6338935002977,0.0005833958493112959
2020-04-20 17:34:00,1948.928307027613,0.0006057858486844835
2020-04-20 17:35:00,1950.2951354666145,0.0005947681478499128
2020-04-20 17:36:00,1948.8036025982572,0.0005973976454818604
2020-04-20 17:37:00,1948.263316225554,0.000605061887066033
2020-04-20 17:38:00,1949.3141797628134,0.0006022434159610997
2020-04-20 17:39:00,1947.6746220744035,0.0006178383525087592
2020-04-20 17:40:00,1946.5283759769493,0.0005901772345890392
2020-04-20 17:41:00,1947.5036135955318,0.000614014932429534
2020-04-20 17:42:00,1947.239176959288,0.0006071446350134409
2020-04-20 17:43:00,1944.7578679165288,0.0005725467671828397
2020-04-20 17:44:00,1944.2849182982757,0.0005941518172749065
2020-04-20 17:45:00,1944.2701993999428,0.0005782033765932056
2020-04-20 17:46:00,1943.0896795081314,0.0005411286376315163
2020-04-20 17:47:00,1944.9661401354101,0.0005723732784832301
2020-04-20 17:48:00,1944.3967455183258,0.000579374919364613
2020-04-20 17:49:00,1944.245591240696,0.0005744731596839338
2020-04-20 17:50:00,1945.457473530771,0.0006223992129242586
2020-04-20 17:51:00,1944.6283024515585,0.0006007475131079729
2020-04-20 17:52:00,1942.8894115227909,0.0006320527200908963
2020-04-20 17:53:00,1941.900011401986,0.000622909649148555
2020-04-20 17:54:00,1941.5982033291564,0.0006230435570651312
2020-04-20 17:55:00,1943.378427487105,0.0006091920725174733
2020-04-20 17:56:00,1940.6484363668603,0.0006188380762900915
2020-04-20 17:57:00,1941.6900259052595,0.0005620282551656556
2020-04-20 17:58:00,1942.692001320629,0.0005854992687708634
2020-04-20 17:59:00,1945.1125140086458,0.0006079669545174573
2020-04-20 18:00:00,1945.876589435524,0.0005834578654216352
2020-04-20 18:01:00,1944.7847661950768,0.0006055115617735387
2020-04-20 18:02:00,1943.7005885262108,0.0006223801562083506
2020-04-20 18:03:00,1944.0153770785876,0.0006266393501795623
2020-04-20 18:04:00,1945.4672490045157,0.0006588217136039684
2020-04-20 18:05:00,1945.4980956374507,0.0006875346335248379
2020-04-20 18:06:00,1946.1515682053598,0.000698677318275398
2020-04-20 18:07:00,1948.0717203372526,0.0007176014862232607
2020-04-20 18:08:00,1947.072366117449,0.0007000892530961781
2020-04-20 18:09:00,1946.4120631975347,0.0007158857820443869
2020-04-20 18:10:00,1946.2191791947912,0.0007027349711111564
2020-04-20 18:11:00,1943.9015388272594,0.0007193951172362661
2020-04-20 18:12:00,1942.1763181971535,0.000748474417022324
2020-04-20 18:13:00,1944.7283410540256,0.00077899175603672
2020-04-20 18:14:00,1945.840326027093,0.0008241710934488901
2020-04-20 18:15:00,1943.6689506243183,0.0007937308947355901
2020-04-20 18:16:00,1942.6443008382578,0.0008260532296033103
2020-04-20 18:17:00,1941.9990485503927,0.0008580627615453623
2020-04-20 18:18:00,1946.0449861452896,0.0009174505356908237
2020-04-20 18:19:00,1947.3718232722006,0.0009339892780219089
2020-04-20 18:20:00,1948.2163285768556,0.0009386185475027598
2020-04-20 18:21:00,1946.9460432448464,0.0009315973841083312
2020-04-20 18:22:00,1943.8124207335009,0.0009002940683743172
2020-04-20 18:23:00,1944.8758803695307,0.0009185715783140616
2020-04-20 18:24:00,1944.2346678280344,0.000978579928580567
2020-04-20 18:25:00,1945.4712862984736,0.0010308198320955818
2020-04-20 18:26:00,1945.7752477862884,0.001013845453440465
2020-04-20 18:27:00,1945.0936121245527,0.0009864515567958086
2020-04-20 18:28:00,1941.9075361081927,0.0009493554086553163
2020-04-20 18:29:00,1941.5294894913307,0.0009275457143153394
2020-04-20 18:30:00,1942.4616687268365,0.0009318130064143517
2020-04-20 18:31:00,1940.5505425762037,0.0009009481180263513
2020-04-20 18:32:00,1940.5922225260408,0.0008876749629555768
2020-04-20 18:33:00,1942.0030438476124,0.0008814450780002118
2020-04-20 18:34:00,1942.5571265882008,0.0008593601638929103
2020-04-20 18:35:00,1942.6589162650146,0.0008466887405621152
2020-04-20 18:36:00,1944.4087689228754,0.0009213120579663454
2020-04-20 18:37:00,1947.6826988894288,0.0008332236383932089
2020-04-20 18:38:00,1947.5872654565842,0.0008125434302814528
2020-04-20 18:39:00,1946.4307933009745,0.0008218984067221844
2020-04-20 18:40:00,1943.4726845199195,0.0007706360942360411
2020-04-20 18:41:00,1943.7142833035105,0.0007157405846036417
2020-04-20 18:42:00,1942.2906525671601,0.000705051843389818
2020-04-20 18:43:00,1943.4549447107358,0.0006685659602502798
2020-04-20 18:44:00,1942.5181018338444,0.0006404076947680175
2020-04-20 18:45:00,1945.1081486761557,0.0005856075220900477
2020-04-20 18:46:00,1946.4886761393777,0.0005992500483957961
2020-04-20 18:47:00,1948.303399893545,0.0005888879661936998
2020-04-20 18:48:00,1948.254098974751,0.0006199245404257404
2020-04-20 18:49:00,1949.499915046186,0.0006556786872718475
2020-04-20 18:50:00,1949.2892833228047,0.0007077226568267614
2020-04-20 18:51:00,1948.1625567978463,0.0006621502739308205
2020-04-20 18:52:00,1945.6518813155342,0.0006377252776299454
2020-04-20 18:53:00,1944.7988319256967,0.0006632255246474369
2020-04-20 18:54:00,1945.2430677622797,0.0006639316638975703
2020-04-20 18:55:00,1947.6901826595931,0.0006590711201087815
2020-04-20 18:56:00,1948.660058511483,0.0006352867891421752
2020-04-20 18:57:00,1947.5099591003773,0.0006486126122942101
2020-04-20 18:58:00,1948.7637984217197,0.0006382562950456077
2020-04-20 18:59:00,1948.1063237714357,0.0007008146160429363
2020-04-20 19:00:00,1944.971071836512,0.0006851503153314957
2020-04-20 19:01:00,1945.5870924592796,0.0006608810955944944
2020-04-20 19:02:00,1946.9624463149269,0.0006826524922338529
2020-04-20 19:03:00,1946.015416764454,0.0007044194853729984
2020-04-20 19:04:00,1948.2936148009917,0.0006732225240325985
2020-04-20 19:05:00,1947.4535232896778,0.0006626407016757218
2020-04-20 19:06:00,1947.1094573186629,0.0006213372483596596
2020-04-20 19:07:00,1947.7537486117003,0.0005690985516419401
2020-04-20 19:08:00,1949.131880520173,0.0005828213956294378
2020-04-20 19:09:00,1949.6994802141844,0.0005724921361199927
2020-04-20 19:10:00,1949.9934474605948,0.0005850397729305314
2020-04-20 19:11:00,1949.2629982877475,0.0005736915187358758
2020-04-20 19:12:00,1950.3263684123456,0.0005440039212284494
2020-04-20 19:13:00,1952.2493863961217,0.0005373540584652295
2020-04-20 19:14:00,1951.088243419453,0.0005449046115731298
2020-04-20 19:15:00,1952.2065143079512,0.0005530307416619656
2020-04-20 19:16:00,1952.8030177874473,0.0005086722127141832
2020-04-20 19:17:00,1952.6038436276035,0.0005432117729786581
2020-04-20 19:18:00,1953.3323890893125,0.0005704837719321514
2020-04-20 19:19:00,1952.1378054286429,0.000590317215966359
2020-04-20 19:20:00,1950.6719897112323,0.0006298916645437327
2020-04-20 19:21:00,1952.3961802015099,0.0005869892698511534
2020-04-20 19:22:00,1950.2502457991811,0.0006237399938568874
2020-04-20 19:23:00,1950.8164377936555,0.0005705798300727613
2020-04-20 19:24:00,1950.9830761895453,0.0005487722662246572
2020-04-20 19:25:00,1951.9917937666796,0.0005500413160541515
2020-04-20 19:26:00,1951.2474897333427,0.0005696005289539585
2020-04-20 19:27:00,1949.407944847957,0.0005405743091341066
2020-04-20 19:28:00,1950.7427367588466,0.0005215523661025068
2020-04-20 19:29:00,1950.0158723461016,0.0005214600042479856
2020-04-20 19:30:00,1947.2079095100162,0.0005220524919949377
2020-04-20 19:31:00,1947.5233254706075,0.0005228212262585288
2020-04-20 19:32:00,1947.9409285732493,0.0004650638145806665
2020-04-20 19:33:00,1947.473748631003,0.00046777947620082924
2020-04-20 19:34:00,1947.1314808240372,0.0004892034907810911
2020-04-20 19:35:00,1946.7281209819032,0.0004808901268974564
2020-04-20 19:36:00,1946.9284609311026,0.00044697938664648394
2020-04-20 19:37:00,1946.856811620009,0.00045313207879781785
2020-04-20 19:38:00,1947.2427802868312,0.0004251304826302861
2020-04-20 19:39:00,1947.2473704872248,0.00044440980100845026
2020-04-20 19:40:00,1946.4067199341225,0.0004679417946460034
2020-04-20 19:41:00,1946.1938910597376,0.00047725263303584185
2020-04-20 19:42:00,1946.4516503520854,0.00048731223283791534
2020-04-20 19:43:00,1945.3891914254862,0.0004538554158983304
2020-04-20 19:44:00,1946.0756877358535,0.0004672692663927728
2020-04-20 19:45:00,1945.595130152065,0.0004725693979869226
2020-04-20 19:46:00,1947.2223444216006,0.00046386856046122695
2020-04-20 19:47:00,1946.8250868477232,0.0004655508577685496
2020-04-20 19:48:00,1946.8207205953083,0.000442792652571123
2020-04-20 19:49:00,1947.0778170746548,0.00042276386177863396
2020-04-20 19:50:00,1946.7010202269241,0.00041536488373087124
2020-04-20 19:51:00,1947.08530408733,0.0004237592126235179
2020-04-20 19:52:00,1946.7321912468449,0.0004371964342146839
2020-04-20 19:53:00,1946.7457293528391,0.00042715813829407543
2020-04-20 19:54:00,1947.1353068609224,0.0004089265326297699
2020-04-20 19:55:00,1947.5872367252434,0.000399989823572715
2020-04-20 19:56:00,1947.4262361548263,0.00040779277345048554
2020-04-20 19:57:00,1946.257052042913,0.00039203148582887007
2020-04-20 19:58:00,1946.1555356253464,0.0003797438604239411
2020-04-20 19:59:00,1945.7760231415218,0.0003889976627480402
2020-04-21 13:30:00,1973.5838583273467,0.0004082406326849295
2020-04-21 13:31:00,1974.2801705276102,0.00040174651030059196
2020-04-21 13:32:00,1974.7730068818448,0.0004212499421402077
2020-04-21 13:33:00,1974.7041635853448,0.00040021361485666077
2020-04-21 13:34:00,1974.7319464568043,0.00039177499421862963
2020-04-21 13:35:00,1973.497758205564,0.00037158125061974447
2020-04-21 13:36:00,1973.971624000413,0.0003446288617451718
2020-04-21 13:37:00,1972.9448086715033,0.0003436823198106339
2020-04-21 13:38:00,1972.6506489814412,0.0003357196288333762
2020-04-21 13:39:00,1972.7052285393797,0.00034543804014514615
2020-04-21 13:40:00,1972.2973975638001,0.00034761214939947447
2020-04-21 13:41:00,1973.4765804462904,0.00036991363925222275
2020-04-21 13:42:00,1973.6276917811426,0.00035926460983481224
2020-04-21 13:43:00,1973.5940226749806,0.0003507783861479693
2020-04-21 13:44:00,1974.4332632599426,0.00036218677003630796
2020-04-21 13:45:00,1976.0781311421567,0.0003550920884751318
2020-04-21 13:46:00,1975.051905615839,0.000364166940161007
2020-04-21 13:47:00,1973.9563933137113,0.00038085311897973525
2020-04-21 13:48:00,1975.620589162831,0.0004004578322869741
2020-04-21 13:49:00,1976.5479892254555,0.0004015570241912107
2020-04-21 13:50:00,1977.5583213308662,0.0004099339362500903
2020-04-21 13:51:00,1978.497128364247,0.0004021245724651729
2020-04-21 13:52:00,1977.2931562938024,0.0003853019530399389
2020-04-21 13:53:00,1976.7390286640605,0.0003825198153952544
2020-04-21 13:54:00,1975.8499343679655,0.00038821762272758255
2020-04-21 13:55:00,1976.2070274756477,0.0004135221902372374
2020-04-21 13:56:00,1975.8450450883818,0.0004147544956107603
2020-04-21 13:57:00,1975.2561172925427,0.00042224168413543267
2020-04-21 13:58:00,1974.7457207672214,0.0003980585602003382
2020-04-21 13:59:00,1975.4807447851624,0.0004613078336363045
2020-04-21 14:00:00,1976.3521282655786,0.0004519828387225037
2020-04-21 14:01:00,1975.693488929612,0.00042762950632410835
2020-04-21 14:02:00,1975.5392192899305,0.0003796094525469208
2020-04-21 14:03:00,1975.372999186965,0.00035545522460505473
2020-04-21 14:04:00,1974.330133539939,0.00034247129511323063
2020-04-21 14:05:00,1974.8164936477194,0.0003131635745860549
2020-04-21 14:06:00,1975.3955468219274,0.00032972455328432953
2020-04-21 14:07:00,1975.626151462855,0.00032848525009700446
2020-04-21 14:08:00,1976.0782459489935,0.0003359030485339822
2020-04-21 14:09:00,1976.2846312468334,0.00032650488340507135
2020-04-21 14:10:00,1977.357428770614,0.00030824252382025813
2020-04-21 14:11:00,1977.13703933478,0.00030408665098523714
2020-04-21 14:12:00,1977.0946255724787,0.00030209339313932017
2020-04-21 14:13:00,1977.2795400880711,0.000313490973214194
2020-04-21 14:14:00,1977.7859279684553,0.00031176159576312034
2020-04-21 14:15:00,1978.3736597152074,0.00031377617740932913
2020-04-21 14:16:00,1978.2274148612182,0.00031563155663533535
2020-04-21 14:17:00,1978.0285278691424,0.00029855675129049407
2020-04-21 14:18:00,1978.3941355727113,0.00029272624253541367
2020-04-21 14:19:00,1977.8207205602298,0.00030431495479994676
2020-04-21 14:20:00,1977.5227647330826,0.0002850716926855185
2020-04-21 14:21:00,1977.4325893060422,0.0002803776717707731
2020-04-21 14:22:00,1977.7454792594183,0.0002815414987784428
2020-04-21 14:23:00,1977.9301011041798,0.00027291831055385485
2020-04-21 14:24:00,1978.051085591369,0.00028763540405576514
2020-04-21 14:25:00,1977.733410863833,0.0002792552960579034
2020-04-21 14:26:00,1978.2348023585705,0.00028157777222560565
2020-04-21 14:27:00,1978.825658324439,0.00028495850668964616
2020-04-21 14:28:00,1978.2641548265085,0.00027835538974921314
2020-04-21 14:29:00,1977.3837959693549,0.0002759255740333246
2020-04-21 14:30:00,1977.8038178564084,0.00027785243831354885
2020-04-21 14:31:00,1977.5604393256851,0.00028559966316749253
2020-04-21 14:32:00,1978.5532044749987,0.0002777675853891521
2020-04-21 14:33:00,1978.8580389408146,0.00029259610142600594
2020-04-21 14:34:00,1978.917903190621,0.000301289383901858
2020-04-21 14:35:00,1978.4120418593977,0.00032532342878646844
2020-04-21 14:36:00,1978.5433479537016,0.00031244261053667006
2020-04-21 14:37:00,1977.6390180058336,0.0003119485451342102
2020-04-21 14:38:00,1976.7859734113838,0.0003050223746176965
2020-04-21 14:39:00,1976.5424665832695,0.0002802113152520639
2020-04-21 14:40:00,1976.4983149734448,0.00028106239981954054
2020-04-21 14:41:00,1976.840589331552,0.00029007010351455106
2020-04-21 14:42:00,1977.7049087941882,0.0002917006742529581
2020-04-21 14:43:00,1978.0247458008832,0.0002994044117789163
2020-04-21 14:44:00,1978.394161244761,0.00028468302825653203
2020-04-21 14:45:00,1977.9294153734786,0.0002846768810106338
2020-04-21 14:46:00,1978.621506216406,0.00027584257642583967
2020-04-21 14:47:00,1978.9076118319686,0.0002826825658164663
2020-04-21 14:48:00,1979.0788532489173,0.00026364248530646637
2020-04-21 14:49:00,1978.2863900638486,0.00026769694621694534
2020-04-21 14:50:00,1977.8816976444805,0.00025955921136357467
2020-04-21 14:51:00,1977.588543039038,0.00025703248308986886
2020-04-21 14:52:00,1977.6344003084673,0.00026861828102864353
2020-04-21 14:53:00,1977.6194380174234,0.00026927823706384465
2020-04-21 14:54:00,1977.4911118682464,0.0002729463142019071
2020-04-21 14:55:00,1977.9144453063884,0.0002880031094086819
2020-04-21 14:56:00,1978.192703920574,0.0002836641866299938
2020-04-21 14:57:00,1978.2094406595954,0.00030132430716143236
2020-04-21 14:58:00,1977.8388422291232,0.00029884805450687655
2020-04-21 14:59:00,1977.5250929516385,0.0002810908941499615
2020-04-21 15:00:00,1977.7735622423647,0.0002847671914661895
2020-04-21 15:01:00,1977.0674276790908,0.0002686373206577273
2020-04-21 15:02:00,1976.7640562227875,0.00026898418142742224
2020-04-21 15:03:00,1976.5899527317697,0.00029090339037052217
2020-04-21 15:04:00,1977.0832383629156,0.0002738532271955438
2020-04-21 15:05:00,1976.991307200748,0.0002882743908299279
2020-04-21 15:06:00,1977.0309170450928,0.0002711639288655921
2020-04-21 15:07:00,1976.9285197786724,0.00025442921960260696
2020-04-21 15:08:00,1976.4301189872654,0.00025572940245955917
2020-04-21 15:09:00,1976.2630851063025,0.00025078798916246844
2020-04-21 15:10:00,1976.7261762617125,0.00023748403295590148
2020-04-21 15:11:00,1976.568944567052,0.00023832429583530213
2020-04-21 15:12:00,1976.9150347446387,0.00023414241547497803
2020-04-21 15:13:00,1977.3725120251024,0.00024238263705181418
2020-04-21 15:14:00,1977.1749346591916,0.00024298622057724277
2020-04-21 15:15:00,1977.477457183237,0.00024044016890496507
2020-04-21 15:16:00,1976.1979415409646,0.0002505935744094467
2020-04-21 15:17:00,1976.560100713441,0.0002531393090831789
2020-04-21 15:18:00,1976.769238563514,0.00027060122729232573
2020-04-21 15:19:00,1976.7221619081304,0.0002613185294201404
2020-04-21 15:20:00,1976.772662791958,0.00027554536037389813
2020-04-21 15:21:00,1976.0982105642806,0.00028927975813256723
2020-04-21 15:22:00,1976.2131809033788,0.0002863741826407831
2020-04-21 15:23:00,1976.2335539190437,0.00028450446993477023
2020-04-21 15:24:00,1977.3533470560994,0.0002959923645661707
2020-04-21 15:25:00,1978.220947142399,0.00031143711970796573
2020-04-21 15:26:00,1976.683799256662,0.00031962735416238936
2020-04-21 15:27:00,1976.2812938003894,0.0003256542869222379
2020-04-21 15:28:00,1976.2306509304608,0.0003661749848519953
2020-04-21 15:29:00,1976.1349865216398,0.0003834344600390076
2020-04-21 15:30:00,1975.5570209382886,0.0003773693339200989
2020-04-21 15:31:00,1976.1429532057743,0.0003698841430031276
2020-04-21 15:32:00,1976.697998199713,0.0003678813579618826
2020-04-21 15:33:00,1975.7173018778506,0.0003654378051686097
2020-04-21 15:34:00,1976.5366382611517,0.00036444354914922137
2020-04-21 15:35:00,1976.084145151425,0.0003513992335014974
2020-04-21 15:36:00,1976.7131036397975,0.0003422110472964702
2020-04-21 15:37:00,1977.0503033402688,0.000332028067218397
2020-04-21 15:38:00,1977.1313600737776,0.0003367534245006681
2020-04-21 15:39:00,1977.6793051715126,0.00034189573812992756
2020-04-21 15:40:00,1977.4920144700354,0.0003483012852444312
2020-04-21 15:41:00,1976.0451920384287,0.00034801111766234765
2020-04-21 15:42:00,1975.0793240179548,0.0003396543308544352
2020-04-21 15:43:00,1974.908091330651,0.00034667171693760884
2020-04-21 15:44:00,1974.6188793808694,0.00036996145089175387
2020-04-21 15:45:00,1974.4567364210968,0.0003847929965774833
2020-04-21 15:46:00,1973.8420002252637,0.0003887199839613138
2020-04-21 15:47:00,1974.6496460468768,0.00039496348899915813
2020-04-21 15:48:00,1974.3987520247265,0.0003823349957870762
2020-04-21 15:49:00,1973.8751812409107,0.00039312007210812633
2020-04-21 15:50:00,1974.2283694458613,0.0003781766309817186
2020-04-21 15:51:00,1973.0790397430526,0.00037150233301016134
2020-04-21 15:52:00,1973.727971827618,0.00038412307655706944
2020-04-21 15:53:00,1973.5468485011663,0.00039731008136879116
2020-04-21 15:54:00,1975.6826964523086,0.00041065891782029464
2020-04-21 15:55:00,1973.5845721953376,0.0004305914230377288
2020-04-21 15:56:00,1973.589477610611,0.0004956336107092447
2020-04-21 15:57:00,1973.1228814361075,0.0005197557621279924
2020-04-21 15:58:00,1973.9629565022415,0.0004944915180877606
2020-04-21 15:59:00,1975.9838384024897,0.0005180583958098695
2020-04-21 16:00:00,1975.1701966834764,0.0004875287441506999
2020-04-21 16:01:00,1975.1908911900405,0.0004975232073316941
2020-04-21 16:02:00,1977.3738643382296,0.00046891155881819985
2020-04-21 16:03:00,1978.7221070296703,0.00045830328255449116
2020-04-21 16:04:00,1978.804720710732,0.0004472608344867349
2020-04-21 16:05:00,1977.0693819284318,0.0004231111393155329
2020-04-21 16:06:00,1974.6570824852404,0.000493153389932529
2020-04-21 16:07:00,1974.4829936994738,0.000488754142977219
2020-04-21 16:08:00,1974.8669808174063,0.0004719893197139443
2020-04-21 16:09:00,1974.059935851266,0.00044763593216732824
2020-04-21 16:10:00,1973.9439841928604,0.0004453620778234558
2020-04-21 16:11:00,1974.8924068224544,0.0004084263832137048
2020-04-21 16:12:00,1973.9232148939639,0.0004178152147442219
2020-04-21 16:13:00,1973.594876564792,0.00040597194538841114
2020-04-21 16:14:00,1974.1175325920944,0.0003903929159843997
2020-04-21 16:15:00,1972.988445008319,0.00038335365742157975
2020-04-21 16:16:00,1973.8245040566835,0.00039022034408585306
2020-04-21 16:17:00,1972.7924333122646,0.00036916352696563794
2020-04-21 16:18:00,1972.3489404934148,0.0003620555149419158
2020-04-21 16:19:00,1971.9532846249092,0.0003652142112290147
2020-04-21 16:20:00,1973.0500582616928,0.0003465163614973888
2020-04-21 16:21:00,1973.3483866011184,0.00035256964421224714
2020-04-21 16:22:00,1973.4758197922708,0.00034304366617079264
2020-04-21 16:23:00,1973.6296506120696,0.00035650399208345595
2020-04-21 16:24:00,1974.2069757943682,0.0003593505641820552
2020-04-21 16:25:00,1974.1422516842972,0.0003948428948759009
2020-04-21 16:26:00,1973.481254335026,0.00041579717572077086
2020-04-21 16:27:00,1971.8742944315813,0.000423539416066156
2020-04-21 16:28:00,1971.9987016159137,0.00043895679619870343
2020-04-21 16:29:00,1971.9067031326815,0.0004179215439451313
2020-04-21 16:30:00,1972.0282217386373,0.0004365907868111236
2020-04-21 16:31:00,1973.4980709745646,0.0005143496751214509
2020-04-21 16:32:00,1973.8046509534372,0.0005188421733127031
2020-04-21 16:33:00,1974.0874994937863,0.0005157280093967894
2020-04-21 16:34:00,1973.4857466747778,0.0005065685642983013
2020-04-21 16:35:00,1972.1664213739718,0.0004936886842382707
2020-04-21 16:36:00,1973.3676750106374,0.0004957811204924312
2020-04-21 16:37:00,1974.7985591183378,0.0004790486349838163
2020-04-21 16:38:00,1976.637662198954,0.00048744754839740877
2020-04-21 16:39:00,1976.671436270509,0.0005037469480670354
2020-04-21 16:40:00,1977.643104603132,0.000572479672261709
2020-04-21 16:41:00,1977.7121503091785,0.0005800944496136538
2020-04-21 16:42:00,1976.978172043322,0.0005619361354542607
2020-04-21 16:43:00,1976.5826310233163,0.0005950997464537524
2020-04-21 16:44:00,1976.104135965342,0.0005937882391093992
2020-04-21 16:45:00,1975.4873769010603,0.0005697963576473355
2020-04-21 16:46:00,1976.814662904668,0.0005965172004141951
2020-04-21 16:47:00,1976.2033001698887,0.0006088344990657452
2020-04-21 16:48:00,1975.885365286479,0.0006038774938569408
2020-04-21 16:49:00,1974.9790201659239,0.0006269821494827296
2020-04-21 16:50:00,1973.0760803050014,0.00065494202980014
2020-04-21 16:51:00,1973.7953503931976,0.000689919218763979
2020-04-21 16:52:00,1974.807580383913,0.0007093369195125389
2020-04-21 16:53:00,1977.5023294451373,0.0006780458897617215
2020-04-21 16:54:00,1979.5064358722423,0.0006579205976830159
2020-04-21 16:55:00,1979.919718287647,0.0006371759420351074
2020-04-21 16:56:00,1981.637932455142,0.0006237354896573614
2020-04-21 16:57:00,1982.878162340644,0.0005501462401975962
2020-04-21 16:58:00,1983.7238391682604,0.0005593735246843697
2020-04-21 16:59:00,1983.0497369998375,0.0005247974440725629
2020-04-21 17:00:00,1983.577085660221,0.0005039492085157098
2020-04-21 17:01:00,1983.6081557013156,0.0005013354969822841
2020-04-21 17:02:00,1982.9423632833357,0.00048403272908226935
2020-04-21 17:03:00,1983.171165415937,0.00048610549162358263
2020-04-21 17:04:00,1981.6583287577143,0.0004584626185227517
2020-04-21 17:05:00,1981.9524658989221,0.0004442925361803711
2020-04-21 17:06:00,1982.4422374586259,0.00048658229461648496
2020-04-21 17:07:00,1982.907145863508,0.00046248789600599914
2020-04-21 17:08:00,1983.5644680546504,0.0004948060993257503
2020-04-21 17:09:00,1983.9023890151593,0.0004838631092430502
2020-04-21 17:10:00,1982.726976536794,0.0004858249492186181
2020-04-21 17:11:00,1983.8081310253333,0.0005101783570752617
2020-04-21 17:12:00,1985.3651543063418,0.0005220050694485604
2020-04-21 17:13:00,1983.833049521104,0.0005240085402993625
2020-04-21 17:14:00,1983.4410259842336,0.0005155009218100107
2020-04-21 17:15:00,1983.1351187083844,0.0005360717399042239
2020-04-21 17:16:00,1983.658729773996,0.0005630041117471023
2020-04-21 17:17:00,1983.8850196128208,0.0005753398292292798
2020-04-21 17:18:00,1983.0828420463747,0.0005915468698369227
2020-04-21 17:19:00,1983.035720266636,0.0006386121624590961
2020-04-21 17:20:00,1982.8507339068012,0.0006205053717881982
2020-04-21 17:21:00,1981.949160780457,0.0005554981088348353
2020-04-21 17:22:00,1981.1546125224563,0.0005354897223786506
2020-04-21 17:23:00,1981.1943128978924,0.0005475602573974984
2020-04-21 17:24:00,1980.7358181184668,0.0005604552568234672
2020-04-21 17:25:00,1980.2372200177608,0.0005573021402419917
2020-04-21 17:26:00,1981.1105251136048,0.0005723136470653904
2020-04-21 17:27:00,1982.2488495538023,0.0006047966519967838
2020-04-21 17:28:00,1982.9525299016555,0.0006396789207705742
2020-04-21 17:29:00,1984.2226187313229,0.0006224691712371218
2020-04-21 17:30:00,1986.0288338985579,0.0006472856697932666
2020-04-21 17:31:00,1986.3759488231544,0.0006204907139260296
2020-04-21 17:32:00,1985.4090620352563,0.0005951347277976359
2020-04-21 17:33:00,1985.5842480218366,0.0006102426169362315
2020-04-21 17:34:00,1986.0988972247465,0.0005765064591101365
2020-04-21 17:35:00,1987.057255388028,0.0006170988853364961
2020-04-21 17:36:00,1988.4971795591525,0.0006110835696390529
2020-04-21 17:37:00,1989.6718335128912,0.000608420165697113
2020-04-21 17:38:00,1990.3812483988852,0.0005883017098528149
2020-04-21 17:39:00,1989.8715493019552,0.000612026205750138
2020-04-21 17:40:00,1990.6769222841021,0.0006096426815520619
2020-04-21 17:41:00,1991.0464536368388,0.0006040041289480544
2020-04-21 17:42:00,1990.5505755417064,0.0006270979226501968
2020-04-21 17:43:00,1991.3503451708098,0.0006270984114220112
2020-04-21 17:44:00,1992.0148883220095,0.0005972798945560384
2020-04-21 17:45:00,1993.213188308911,0.0005511293679629478
2020-04-21 17:46:00,1992.9360995211919,0.0005564632988232723
2020-04-21 17:47:00,1992.543126328353,0.0005246202438436761
2020-04-21 17:48:00,1992.519205567241,0.0005257996359210071
2020-04-21 17:49:00,1992.4322594186676,0.0005259426157973134
2020-04-21 17:50:00,1992.0425717590053,0.0005588628839671403
2020-04-21 17:51:00,1991.496416479952,0.0005651390300976486
2020-04-21 17:52:00,1990.9770390061465,0.000525220342471475
2020-04-21 17:53:00,1989.3669145307729,0.0005044526046561868
2020-04-21 17:54:00,1987.8158567260768,0.0004900028333687614
2020-04-21 17:55:00,1986.9062647271169,0.0005295699532142736
2020-04-21 17:56:00,1987.0505180919795,0.0005332117041816463
2020-04-21 17:57:00,1988.2562585826447,0.0005975249407293427
2020-04-21 17:58:00,1989.2205688369984,0.0005990024996307366
2020-04-21 17:59:00,1988.598323924899,0.0006086809295235678
2020-04-21 18:00:00,1991.0211302795142,0.0006010105013250001
2020-04-21 18:01:00,1991.209711438808,0.0006186006798730308
2020-04-21 18:02:00,1991.6068900027462,0.0006271286365737557
2020-04-21 18:03:00,1992.4757467478044,0.0005982099396321948
2020-04-21 18:04:00,1992.2632417590194,0.0006439382100105823
2020-04-21 18:05:00,1993.8360677957844,0.0006964678617443188
2020-04-21 18:06:00,1994.6647325034917,0.0006709147278349407
2020-04-21 18:07:00,1993.9546646886074,0.0006417634487867335
2020-04-21 18:08:00,1994.4103071558359,0.0006042679046879178
2020-04-21 18:09:00,1993.1999933568889,0.000596732550280638
2020-04-21 18:10:00,1992.965075465052,0.0005931259507732017
2020-04-21 18:11:00,1992.93232528182,0.0006136679547004026
2020-04-21 18:12:00,1993.9236524607197,0.0006528386279952952
2020-04-21 18:13:00,1993.439653282185,0.0006794354606050626
2020-04-21 18:14:00,1990.565486095178,0.0006410955640502305
2020-04-21 18:15:00,1988.772383005871,0.0006533284880908122
2020-04-21 18:16:00,1987.2339930306077,0.0006483817824026103
2020-04-21 18:17:00,1989.0041496432132,0.000598727783604669
2020-04-21 18:18:00,1991.6725722309666,0.0006520547985294869
2020-04-21 18:19:00,1991.51923866461,0.0006850194520773511
2020-04-21 18:20:00,1989.6964305362947,0.0006494664698522891
2020-04-21 18:21:00,1988.3854261463346,0.0006035481424184537
2020-04-21 18:22:00,1988.7587910373109,0.0006643294749997333
2020-04-21 18:23:00,1989.2096410058398,0.0006793785329020019
2020-04-21 18:24:00,1989.48551653988,0.0007197587927874695
2020-04-21 18:25:00,1991.0772804356473,0.0007428535014107099
2020-04-21 18:26:00,1991.8910683153158,0.0007250995494166816
2020-04-21 18:27:00,1992.2831032912547,0.000738884801432031
2020-04-21 18:28:00,1991.528684153355,0.0007506437449037858
2020-04-21 18:29:00,1991.4463790089546,0.0007266995779320542
2020-04-21 18:30:00,1990.1451404262941,0.0007460155215516588
2020-04-21 18:31:00,1988.9539476118846,0.0007688817912216312
2020-04-21 18:32:00,1987.4433245909233,0.000746798986430361
2020-04-21 18:33:00,1986.4103988492998,0.0007739585476701262
2020-04-21 18:34:00,1985.8684087105796,0.0007190396698920483
2020-04-21 18:35:00,1986.8573891762942,0.0007278306722850532
2020-04-21 18:36:00,1985.3392765938606,0.0007242844582844871
2020-04-21 18:37:00,1985.629995950067,0.0007436263769758166
2020-04-21 18:38:00,1983.6862157334847,0.0007472299472333407
2020-04-21 18:39:00,1982.2135643893903,0.0007341736059788483
2020-04-21 18:40:00,1979.182292794371,0.0007177599650531485
2020-04-21 18:41:00,1979.0996864508897,0.0007627936784131209
2020-04-21 18:42:00,1977.4378381983279,0.0007856316044901844
2020-04-21 18:43:00,1977.0249744332546,0.0007716530050961139
2020-04-21 18:44:00,1976.0857596448445,0.000768439909790609
2020-04-21 18:45:00,1976.1795776111833,0.0007764100024322757
2020-04-21 18:46:00,1977.4714714552083,0.0008761891606295051
2020-04-21 18:47:00,1978.682714564662,0.0008758431078674676
2020-04-21 18:48:00,1979.0834530577981,0.0008663880573045001
2020-04-21 18:49:00,1981.0745295963677,0.0008867565689795174
2020-04-21 18:50:00,1981.9042987908729,0.000880605040459028
2020-04-21 18:51:00,1981.231318817964,0.0008410574612155785
2020-04-21 18:52:00,1982.7252346941682,0.0008239085561547419
2020-04-21 18:53:00,1982.377433429137,0.0008618866621597492
2020-04-21 18:54:00,1982.7675756772137,0.0008022907569288591
2020-04-21 18:55:00,1980.3278095706141,0.0008236356204747551
2020-04-21 18:56:00,1980.9273553817134,0.0007472788631162927
2020-04-21 18:57:00,1981.8500650811968,0.0007830677321495711
2020-04-21 18:58:00,1981.9513227043153,0.0007904819393637235
2020-04-21 18:59:00,1979.1950872163684,0.0007801085111643661
2020-04-21 19:00:00,1977.9547413129628,0.0008371331833487191
2020-04-21 19:01:00,1977.3904548619296,0.0008018996365399781
2020-04-21 19:02:00,1977.301184799781,0.0008153375815151317
2020-04-21 19:03:00,1977.2106742653646,0.0008598554123215612
2020-04-21 19:04:00,1976.0208785864468,0.000858544877430887
2020-04-21 19:05:00,1978.5220495243188,0.0009110415000097936
2020-04-21 19:06:00,1979.3042215816524,0.0009053550210657032
2020-04-21 19:07:00,1978.7065874065383,0.0008334117308959224
2020-04-21 19:08:00,1977.1829999904853,0.000853816536535539
2020-04-21 19:09:00,1976.5596553457544,0.0008666265299587922
2020-04-21 19:10:00,1977.6353265873788,0.0009072843386469374
2020-04-21 19:11:00,1976.3627625804215,0.0009284229188978466
2020-04-21 19:12:00,1975.1041844657461,0.0008862571690737185
2020-04-21 19:13:00,1973.4522084424375,0.0008705578744801031
2020-04-21 19:14:00,1972.0727272806046,0.0008377981191513128
2020-04-21 19:15:00,1975.0438238181619,0.0008918517017302491
2020-04-21 19:16:00,1974.3489565140826,0.0008901747048619304
2020-04-21 19:17:00,1971.8881275240526,0.0008808167139353464
2020-04-21 19:18:00,1970.2247575389208,0.0009630766239446719
2020-04-21 19:19:00,1970.8759858104493,0.0009363415531417039
2020-04-21 19:20:00,1971.3443553813331,0.0010260536515557383
2020-04-21 19:21:00,1968.0971919667838,0.001091299255057342
2020-04-21 19:22:00,1969.641458558832,0.0010548135815760997
2020-04-21 19:23:00,1969.9204138475538,0.0010686546747282605
2020-04-21 19:24:00,1974.4973971602965,0.0011003233357028148
2020-04-21 19:25:00,1972.9096760630061,0.0010748026859972374
2020-04-21 19:26:00,1971.6482915611932,0.0010452689211583458
2020-04-21 19:27:00,1971.5407091238224,0.0009700710982746752
2020-04-21 19:28:00,1977.054553851891,0.0009478159095704874
2020-04-21 19:29:00,1976.4392430040555,0.0009474784048336576
2020-04-21 19:30:00,1978.1802584736188,0.0009401669299533
2020-04-21 19:31:00,1973.3827817530623,0.0008905269205014496
2020-04-21 19:32:00,1976.3493715505094,0.0009447333628512502
2020-04-21 19:33:00,1977.091086472699,0.0009981702092080665
2020-04-21 19:34:00,1977.0000311631686,0.0010371755497379774
2020-04-21 19:35:00,1976.1659325941941,0.0010596016721084048
2020-04-21 19:36:00,1977.299394106936,0.0010605610664236233
2020-04-21 19:37:00,1974.5097358753783,0.0010717050110091479
2020-04-21 19:38:00,1976.224298722664,0.0010212714887007485
2020-04-21 19:39:00,1974.7322352263482,0.0010461863533236682
2020-04-21 19:40:00,1974.9757519218947,0.001037989158909894
2020-04-21 19:41:00,1976.9398672791162,0.0010093662819848196
2020-04-21 19:42:00,1977.41815705106,0.0010377054531580648
2020-04-21 19:43:00,1978.9535075509302,0.0010547633028420822
2020-04-21 19:44:00,1981.521427484866,0.0010375006702181167
2020-04-21 19:45:00,1978.763223510915,0.0010608818840717113
2020-04-21 19:46:00,1978.3137111913998,0.0010884238400615852
2020-04-21 19:47:00,1979.9663567438745,0.0010025304695241307
2020-04-21 19:48:00,1980.4759660726206,0.000960676410540652
2020-04-21 19:49:00,1977.4973611691883,0.00093085056994298
2020-04-21 19:50:00,1974.8042571146182,0.0009639726222890513
2020-04-21 19:51:00,1976.3435886103903,0.0009146882001751143
2020-04-21 19:52:00,1977.5305854822666,0.0009325078286877402
2020-04-21 19:53:00,1976.5661088288664,0.0009566376879513751
2020-04-21 19:54:00,1976.5839447544372,0.0009465341651493497
2020-04-21 19:55:00,1974.0594924970055,0.0008851350724312616
2020-04-21 19:56:00,1972.9542091364453,0.0009487828008528331
2020-04-21 19:57:00,1970.6694107350784,0.0009529957397117126
2020-04-21 19:58:00,1969.8542660408925,0.000944636710381955
2020-04-21 19:59:00,1968.1971488652728,0.0009618998324816406
