ts,V_smooth,sigma_t
2020-02-24 13:30:00,3387.375000000002,0.0005097744404115578
2020-02-24 13:31:00,3387.6813660607177,0.0005226227048961445
2020-02-24 13:32:00,3388.684356206727,0.0005401145003621412
2020-02-24 13:33:00,3387.5421036414477,0.000525332789790915
2020-02-24 13:34:00,3386.3164227291395,0.0004911178552311849
2020-02-24 13:35:00,3385.9844064857525,0.000513902122656556
2020-02-24 13:36:00,3387.51599134009,0.0005212791535574792
2020-02-24 13:37:00,3386.3227100957665,0.0005442564198393202
2020-02-24 13:38:00,3383.0756864147434,0.0005540027859819802
2020-02-24 13:39:00,3381.3056570261047,0.0005817662067268236
2020-02-24 13:40:00,3380.365648239232,0.0005567014691168298
2020-02-24 13:41:00,3374.8388636792934,0.000545671812631975
2020-02-24 13:42:00,3376.0644505564146,0.0005675857885569117
2020-02-24 13:43:00,3375.910592129891,0.0005351866270560461
2020-02-24 13:44:00,3377.4195392945026,0.0005152868296494196
2020-02-24 13:45:00,3377.257987554512,0.000528822034830557
2020-02-24 13:46:00,3377.301438092944,0.0004999333189540864
2020-02-24 13:47:00,3377.8865594503936,0.0004557522528137431
2020-02-24 13:48:00,3374.0405665988487,0.0004809725895170532
2020-02-24 13:49:00,3377.279217053342,0.0004924783184345075
2020-02-24 13:50:00,3376.6240358899176,0.0004921781535087998
2020-02-24 13:51:00,3375.568145504081,0.0005241449256534555
2020-02-24 13:52:00,3372.0795570904993,0.0005183764454647405
2020-02-24 13:53:00,3375.6551343553256,0.00047423556681534676
2020-02-24 13:54:00,3376.273652216556,0.0004691361828383561
2020-02-24 13:55:00,3374.3454686044242,0.0004743346424667676
2020-02-24 13:56:00,3374.6220192537603,0.00047094191356883755
2020-02-24 13:57:00,3374.7145688774576,0.00045879784958028985
2020-02-24 13:58:00,3372.7190225733298,0.0004552107202242559
2020-02-24 13:59:00,3372.366675163392,0.0004684551695882391
2020-02-24 14:00:00,3373.4398838508596,0.00045799388110704444
2020-02-24 14:01:00,3372.5978191273643,0.0004611462900860147
2020-02-24 14:02:00,3375.136888271559,0.00044129655115183385
2020-02-24 14:03:00,3374.8939755131155,0.0004447728456742055
2020-02-24 14:04:00,3375.9363617890717,0.0004240011917441098
2020-02-24 14:05:00,3375.320346680094,0.0004266324811699592
2020-02-24 14:06:00,3374.6399161245045,0.00042327702396130707
2020-02-24 14:07:00,3376.1409347101435,0.0004106448562507689
2020-02-24 14:08:00,3377.203894008835,0.00038815777203316074
2020-02-24 14:09:00,3377.040792655409,0.0004043155394033683
2020-02-24 14:10:00,3376.798904576912,0.000397347799524768
2020-02-24 14:11:00,3378.953380775877,0.00039800181088604563
2020-02-24 14:12:00,3378.8827664882187,0.0004338118964876947
2020-02-24 14:13:00,3377.02064823397,0.0004257435948748299
2020-02-24 14:14:00,3377.2026058041274,0.0004474392677235607
2020-02-24 14:15:00,3376.7076042322597,0.00044591560765996224
2020-02-24 14:16:00,3379.586241588276,0.00044385384549943915
2020-02-24 14:17:00,3379.3306944654187,0.0004661239036125167
2020-02-24 14:18:00,3379.0676387476924,0.0004914783185101592
2020-02-24 14:19:00,3380.282295254964,0.00046880114450004493
2020-02-24 14:20:00,3378.0767853211087,0.00047420462885941684
2020-02-24 14:21:00,3377.2232029421975,0.0004656147460015132
2020-02-24 14:22:00,3379.21781070228,0.0004466395949520575
2020-02-24 14:23:00,3380.3407781153055,0.0004114211995530727
2020-02-24 14:24:00,3378.8315273690505,0.00042841931677595413
2020-02-24 14:25:00,3379.7822063520275,0.0004128884771006438
2020-02-24 14:26:00,3380.7682203708832,0.0004459439044851264
2020-02-24 14:27:00,3379.5346660282257,0.00044568965854426045
2020-02-24 14:28:00,3379.489580357463,0.00044012317692958557
2020-02-24 14:29:00,3379.520449788237,0.00041115740628601513
2020-02-24 14:30:00,3380.6695985448405,0.0004054697518583635
2020-02-24 14:31:00,3378.801817988298,0.00044313761455144383
2020-02-24 14:32:00,3380.5850886396665,0.0004358886379534163
2020-02-24 14:33:00,3379.4629352382494,0.00042946214411906426
2020-02-24 14:34:00,3377.6624114370725,0.0004136347899875854
2020-02-24 14:35:00,3377.289937868015,0.00036881872450531797
2020-02-24 14:36:00,3377.5760032724684,0.00037040758227218035
2020-02-24 14:37:00,3377.9693111938636,0.00041124458378757737
2020-02-24 14:38:00,3379.4294330946204,0.00041502296143878923
2020-02-24 14:39:00,3376.973016508947,0.00043640681795884635
2020-02-24 14:40:00,3376.1310152847063,0.0004495600365513516
2020-02-24 14:41:00,3375.8979076742735,0.0004394200603239366
2020-02-24 14:42:00,3376.0735624315466,0.00041342142020794507
2020-02-24 14:43:00,3378.453581528203,0.000432310234221515
2020-02-24 14:44:00,3377.658406449983,0.00040157031981381163
2020-02-24 14:45:00,3378.841391800209,0.00040061672466696686
2020-02-24 14:46:00,3381.146395876123,0.00041334923979081506
2020-02-24 14:47:00,3378.821244608607,0.00039494280596911476
2020-02-24 14:48:00,3379.627229299186,0.00040350985162940635
2020-02-24 14:49:00,3381.692384577766,0.000403515555005087
2020-02-24 14:50:00,3381.57579045334,0.0004068091682458723
2020-02-24 14:51:00,3381.694982258191,0.00040408463913838407
2020-02-24 14:52:00,3381.6813108027136,0.0004208706625137745
2020-02-24 14:53:00,3381.365551854436,0.0004437289266951623
2020-02-24 14:54:00,3381.1016380699944,0.0005039634858528716
2020-02-24 14:55:00,3378.6179128566864,0.000503372019147857
2020-02-24 14:56:00,3377.576629075902,0.0005125668631583784
2020-02-24 14:57:00,3378.5938030245147,0.0005225760977059292
2020-02-24 14:58:00,3375.682251364536,0.0005240576990321134
2020-02-24 14:59:00,3377.7773946902944,0.0005381714372479638
2020-02-24 15:00:00,3377.052925681286,0.0005209366812206804
2020-02-24 15:01:00,3377.347360439766,0.0005151294084581557
2020-02-24 15:02:00,3376.078444109591,0.0005119076575654942
2020-02-24 15:03:00,3378.074674465858,0.0005511967549178046
2020-02-24 15:04:00,3378.3996997918366,0.00056426214551448
2020-02-24 15:05:00,3379.413789475639,0.0005451750527908678
2020-02-24 15:06:00,3380.974773785109,0.0005466519828464393
2020-02-24 15:07:00,3381.078021400313,0.0005105054504387934
2020-02-24 15:08:00,3379.1137761654327,0.0005057905283363781
2020-02-24 15:09:00,3380.577389722964,0.0005298364542197391
2020-02-24 15:10:00,3381.2923931326563,0.0005575302160111963
2020-02-24 15:11:00,3380.977480186388,0.0005845896819447652
2020-02-24 15:12:00,3381.9929452514903,0.0005885293836768365
2020-02-24 15:13:00,3384.1987358376227,0.0005899408848973526
2020-02-24 15:14:00,3385.6670291620435,0.000552603955654832
2020-02-24 15:15:00,3385.350376482957,0.0005878573286880467
2020-02-24 15:16:00,3383.6047670243133,0.0005751794101471507
2020-02-24 15:17:00,3385.227340625006,0.0005897960277016155
2020-02-24 15:18:00,3386.200517091627,0.0006394069562194533
2020-02-24 15:19:00,3383.761458627103,0.0006260091830689191
2020-02-24 15:20:00,3381.8945751725405,0.0006251721197441157
2020-02-24 15:21:00,3381.9155637873946,0.000574584638876913
2020-02-24 15:22:00,3381.688786017387,0.0005382843374101335
2020-02-24 15:23:00,3380.0841105455165,0.0005696075665206443
2020-02-24 15:24:00,3380.0272572938916,0.00060360433060758
2020-02-24 15:25:00,3375.3552069441043,0.0006412593254143753
2020-02-24 15:26:00,3371.9201553678045,0.0006300946352744211
2020-02-24 15:27:00,3369.39104322129,0.0005762793312975031
2020-02-24 15:28:00,3367.434319768006,0.0006259830270702942
2020-02-24 15:29:00,3369.0497424554887,0.0006508429451421902
2020-02-24 15:30:00,3368.7473190322066,0.0006735420092989922
2020-02-24 15:31:00,3367.7354555521724,0.0006964180103548418
2020-02-24 15:32:00,3366.7951874679584,0.000698436070664837
2020-02-24 15:33:00,3367.081824425867,0.0006461519345245804
2020-02-24 15:34:00,3367.513023432035,0.000650579420723082
2020-02-24 15:35:00,3369.1870536440156,0.0006875419806548244
2020-02-24 15:36:00,3371.241473611154,0.0007197455754770792
2020-02-24 15:37:00,3369.707489239836,0.000753455595173097
2020-02-24 15:38:00,3368.6528100240316,0.0007345448503878988
2020-02-24 15:39:00,3370.826535576275,0.0007272459870344473
2020-02-24 15:40:00,3372.474500244675,0.0007032859677657071
2020-02-24 15:41:00,3373.0813578628477,0.0006790515164134503
2020-02-24 15:42:00,3371.911959762629,0.0006326927897927029
2020-02-24 15:43:00,3372.558257335151,0.0006119527121057755
2020-02-24 15:44:00,3368.2329929419116,0.0006434702912252785
2020-02-24 15:45:00,3369.5797753927145,0.0006172875547250375
2020-02-24 15:46:00,3368.7848167391135,0.0006350361267465342
2020-02-24 15:47:00,3368.1010189833814,0.0006093181412549556
2020-02-24 15:48:00,3363.7430722806225,0.0006285360406673671
2020-02-24 15:49:00,3366.5653316856415,0.0006731088335133581
2020-02-24 15:50:00,3365.1572795156244,0.000697563257483391
2020-02-24 15:51:00,3365.4815981571564,0.000708530521076433
2020-02-24 15:52:00,3363.1634155060997,0.0007510981988682562
2020-02-24 15:53:00,3366.532352076312,0.0007474234337497678
2020-02-24 15:54:00,3366.8257713038665,0.0007168683350679642
2020-02-24 15:55:00,3367.6162220842084,0.0007137255779735267
2020-02-24 15:56:00,3367.9389177207677,0.0006747974687207371
2020-02-24 15:57:00,3367.86783026089,0.000678035836114218
2020-02-24 15:58:00,3368.2829122673256,0.0007049782622451583
2020-02-24 15:59:00,3364.9042824453527,0.000710409150303466
2020-02-24 16:00:00,3367.068180891109,0.0007745870590413522
2020-02-24 16:01:00,3372.686303484208,0.0007307855465414639
2020-02-24 16:02:00,3375.1680026100676,0.0007559278458160562
2020-02-24 16:03:00,3376.8717354833766,0.0007687527665710485
2020-02-24 16:04:00,3371.5781745616264,0.0007355721272188313
2020-02-24 16:05:00,3374.5643102732856,0.0007858232786173476
2020-02-24 16:06:00,3369.64379492228,0.000786809634099331
2020-02-24 16:07:00,3371.151011868428,0.0008637880019904715
2020-02-24 16:08:00,3367.7758606767534,0.0008865319215245649
2020-02-24 16:09:00,3365.279857749486,0.0008516011482182336
2020-02-24 16:10:00,3367.5249804826785,0.0008011692085111675
2020-02-24 16:11:00,3367.7433775379563,0.0008081004918331936
2020-02-24 16:12:00,3365.5642627646057,0.0007692999549711017
2020-02-24 16:13:00,3366.5485937191916,0.0007952390472370738
2020-02-24 16:14:00,3366.6550785382624,0.0008025765618361016
2020-02-24 16:15:00,3366.457572556768,0.0007936488872586672
2020-02-24 16:16:00,3366.9104729223454,0.0008129175610303889
2020-02-24 16:17:00,3363.6827996087573,0.0009030400730979385
2020-02-24 16:18:00,3360.2886688850563,0.0008972205463491849
2020-02-24 16:19:00,3360.913245685719,0.0008868352539077987
2020-02-24 16:20:00,3357.768509856165,0.0009548730528836379
2020-02-24 16:21:00,3356.949544199307,0.00102017771248479
2020-02-24 16:22:00,3355.8702559058283,0.001105239917435438
2020-02-24 16:23:00,3357.506187478286,0.0011258972854168983
2020-02-24 16:24:00,3350.3689673141157,0.0011808199920398778
2020-02-24 16:25:00,3348.1236300520354,0.0011354491756774571
2020-02-24 16:26:00,3341.9835410993487,0.0011317337246306426
2020-02-24 16:27:00,3345.3772675581044,0.0010239244009091638
2020-02-24 16:28:00,3336.4864920804234,0.0010462257119833685
2020-02-24 16:29:00,3336.2438953140036,0.001062010142972955
2020-02-24 16:30:00,3335.4008919396615,0.0010511888839067323
2020-02-24 16:31:00,3333.407712265965,0.0009858984486064127
2020-02-24 16:32:00,3331.8328958484494,0.0009440017981555862
2020-02-24 16:33:00,3331.359007069967,0.0009688194325513695
2020-02-24 16:34:00,3328.1356294278994,0.0009919907759925798
2020-02-24 16:35:00,3330.966577604904,0.0009614765378246548
2020-02-24 16:36:00,3332.353090428048,0.0009743649930127071
2020-02-24 16:37:00,3334.223051107251,0.0009890978404937206
2020-02-24 16:38:00,3332.617865136498,0.000994903103192395
2020-02-24 16:39:00,3330.31614172028,0.0009659725575171392
2020-02-24 16:40:00,3329.573486791272,0.0009148050178223216
2020-02-24 16:41:00,3326.5528177732594,0.0009149606058424092
2020-02-24 16:42:00,3329.318247253946,0.0009717267662248836
2020-02-24 16:43:00,3325.1564479076847,0.0008846955172872325
2020-02-24 16:44:00,3320.226149158155,0.0009169289770026635
2020-02-24 16:45:00,3325.9497158299746,0.0009257753933285545
2020-02-24 16:46:00,3319.787518745785,0.0009465672630734771
2020-02-24 16:47:00,3317.223590290959,0.000933144785972299
2020-02-24 16:48:00,3313.957843105899,0.0009596792976042166
2020-02-24 16:49:00,3311.9675620247704,0.001015999762134938
2020-02-24 16:50:00,3308.4343764466894,0.0010698188944999853
2020-02-24 16:51:00,3305.312503725043,0.0011664333399537164
2020-02-24 16:52:00,3308.8604547420628,0.0011323141863994583
2020-02-24 16:53:00,3306.4900686015585,0.0011752243319893409
2020-02-24 16:54:00,3308.0478143323526,0.0011817376429730114
2020-02-24 16:55:00,3309.260573621613,0.0011819575062694018
2020-02-24 16:56:00,3311.1234974857175,0.0011407104115783253
2020-02-24 16:57:00,3309.8601484306987,0.0011227147239305346
2020-02-24 16:58:00,3308.012736809518,0.0011806411363162054
2020-02-24 16:59:00,3306.576444485952,0.0011754242024761903
2020-02-24 17:00:00,3311.9587445736597,0.001125877305479008
2020-02-24 17:01:00,3313.0359942993255,0.0012253698297567679
2020-02-24 17:02:00,3310.109653731894,0.0012098491081199176
2020-02-24 17:03:00,3312.404619829285,0.0011788304689301487
2020-02-24 17:04:00,3313.174314406836,0.0011625669893661904
2020-02-24 17:05:00,3309.152996395273,0.0010993376744955457
2020-02-24 17:06:00,3306.010949725979,0.001077476363298084
2020-02-24 17:07:00,3309.2871602120204,0.0010840597176333794
2020-02-24 17:08:00,3306.0608129038865,0.0010982859003865547
2020-02-24 17:09:00,3304.5929763002905,0.0011022713336583335
2020-02-24 17:10:00,3301.163354321889,0.0010785046111146765
2020-02-24 17:11:00,3298.4672268601657,0.0011483831372760412
2020-02-24 17:12:00,3295.8462204424254,0.0011222369184319793
2020-02-24 17:13:00,3297.8277882611487,0.0011137318695764835
2020-02-24 17:14:00,3301.100944969073,0.0011398007738765935
2020-02-24 17:15:00,3300.444890581828,0.0011414479146981842
2020-02-24 17:16:00,3305.9222887263545,0.001229506066936848
2020-02-24 17:17:00,3300.664704396252,0.0012551805352912363
2020-02-24 17:18:00,3303.9329274561537,0.001195640667356745
2020-02-24 17:19:00,3305.3445837101212,0.001143074000970631
2020-02-24 17:20:00,3304.4211866297355,0.001119355299947305
2020-02-24 17:21:00,3305.431267639699,0.0010911468048907785
2020-02-24 17:22:00,3303.7350961054854,0.0011772198109592663
2020-02-24 17:23:00,3304.4974933561934,0.001199703057359063
2020-02-24 17:24:00,3312.1203983432247,0.0012163029832421945
2020-02-24 17:25:00,3309.782944312691,0.0012353039648316032
2020-02-24 17:26:00,3311.691308543579,0.0012214399558550051
2020-02-24 17:27:00,3309.6191928572593,0.0012923541648158841
2020-02-24 17:28:00,3307.9146858637173,0.0012710662881866214
2020-02-24 17:29:00,3307.4322592234876,0.0012600098738822201
2020-02-24 17:30:00,3301.643117547343,0.001260026318330544
2020-02-24 17:31:00,3300.2454604403833,0.0012657480846285036
2020-02-24 17:32:00,3304.1046962173377,0.001202987110239657
2020-02-24 17:33:00,3304.025824786426,0.0012196943370081286
2020-02-24 17:34:00,3302.2188794371414,0.001188737621603839
2020-02-24 17:35:00,3303.056813587636,0.0011962289868180996
2020-02-24 17:36:00,3305.5445613020042,0.0012703816441302495
2020-02-24 17:37:00,3305.1343920951676,0.0011887282250557956
2020-02-24 17:38:00,3307.1447044343304,0.0011605648999353205
2020-02-24 17:39:00,3307.6192995252904,0.0011314878667324831
2020-02-24 17:40:00,3313.7271565020596,0.0011327472525334797
2020-02-24 17:41:00,3308.8463310683887,0.001071257804074221
2020-02-24 17:42:00,3307.685223919942,0.0010779523763011628
2020-02-24 17:43:00,3305.526457708303,0.001017078868582474
2020-02-24 17:44:00,3303.871282705768,0.0010981149930961375
2020-02-24 17:45:00,3304.4291906623407,0.0011334185656757057
2020-02-24 17:46:00,3302.4235873603593,0.0011288783622095885
2020-02-24 17:47:00,3293.5136156851568,0.0011226091868655045
2020-02-24 17:48:00,3289.5702011738585,0.0012162945021489866
2020-02-24 17:49:00,3295.651927106443,0.0012539285764928813
2020-02-24 17:50:00,3294.9723157433873,0.0012444618408717207
2020-02-24 17:51:00,3293.9633407502824,0.0012014848883834745
2020-02-24 17:52:00,3289.4963472629033,0.001301101933063442
2020-02-24 17:53:00,3290.6556178455467,0.0012155103708051075
2020-02-24 17:54:00,3281.7468301363665,0.0012251087451803123
2020-02-24 17:55:00,3277.467707493145,0.0012190937428364543
2020-02-24 17:56:00,3279.466553564926,0.0011575893195845653
2020-02-24 17:57:00,3279.994125204567,0.0011690086762121009
2020-02-24 17:58:00,3276.2902675792993,0.0011196503729113663
2020-02-24 17:59:00,3278.7605728314575,0.0012187529776161226
2020-02-24 18:00:00,3283.2983708472693,0.0012212440390227273
2020-02-24 18:01:00,3284.2763182394433,0.001211215510446903
2020-02-24 18:02:00,3280.46579531734,0.0011489592801741148
2020-02-24 18:03:00,3284.4131068767333,0.001135613197785333
2020-02-24 18:04:00,3290.504512651301,0.0011059175734717138
2020-02-24 18:05:00,3297.788220385209,0.0010873706106409363
2020-02-24 18:06:00,3300.489097170415,0.0010734927420866368
2020-02-24 18:07:00,3298.334652498937,0.001086323504752862
2020-02-24 18:08:00,3300.248033847636,0.0010557812195866013
2020-02-24 18:09:00,3305.7722498726657,0.0010124535797336345
2020-02-24 18:10:00,3306.2251488622833,0.001051793529218615
2020-02-24 18:11:00,3311.0607728943705,0.001068467400814618
2020-02-24 18:12:00,3312.3476993818585,0.0010296344436974145
2020-02-24 18:13:00,3311.7109616841103,0.0009842769238757043
2020-02-24 18:14:00,3311.0649021763234,0.0009866230979810454
2020-02-24 18:15:00,3314.7903854926963,0.0009858529384653267
2020-02-24 18:16:00,3317.979539181444,0.0011139936276886653
2020-02-24 18:17:00,3325.1788791591925,0.0010667272926395766
2020-02-24 18:18:00,3329.128521217424,0.0010861647681106158
2020-02-24 18:19:00,3330.939590628871,0.0010995789168273215
2020-02-24 18:20:00,3328.178635658932,0.0011488705544232098
2020-02-24 18:21:00,3329.129833050479,0.0012554788417799357
2020-02-24 18:22:00,3322.0969409796526,0.0011995442563087228
2020-02-24 18:23:00,3320.878201936091,0.0011816401251673928
2020-02-24 18:24:00,3317.534030701086,0.0011769864277190384
2020-02-24 18:25:00,3325.958727623122,0.0011577967355694125
2020-02-24 18:26:00,3328.0297054582156,0.0011400432975386674
2020-02-24 18:27:00,3332.271824668325,0.0012199576405323416
2020-02-24 18:28:00,3331.2247904581914,0.0012225597971139732
2020-02-24 18:29:00,3337.7496403656232,0.0012273736127409913
2020-02-24 18:30:00,3334.10140657503,0.0012883585477432564
2020-02-24 18:31:00,3337.8632511263186,0.0013253857243542887
2020-02-24 18:32:00,3341.176153902303,0.0013135821691450645
2020-02-24 18:33:00,3341.185728999944,0.0012926939191132162
2020-02-24 18:34:00,3340.762924015551,0.0012299162245956751
2020-02-24 18:35:00,3334.373846390136,0.0012757006051488454
2020-02-24 18:36:00,3328.2427957380132,0.0012878384381471532
2020-02-24 18:37:00,3328.8935573705385,0.0012571456217151534
2020-02-24 18:38:00,3329.193135153639,0.0011767905108864814
2020-02-24 18:39:00,3334.297586658242,0.0011187650903139272
2020-02-24 18:40:00,3331.6123486247134,0.00120464108735891
2020-02-24 18:41:00,3333.5433277659604,0.001235452797153132
2020-02-24 18:42:00,3326.310524296976,0.0012565837545273962
2020-02-24 18:43:00,3326.233031900407,0.0013306694543546316
2020-02-24 18:44:00,3330.775168768435,0.001367892477698816
2020-02-24 18:45:00,3329.97151477443,0.0012902341222220195
2020-02-24 18:46:00,3331.6115166094637,0.0013132081426630929
2020-02-24 18:47:00,3327.2204237795177,0.0013169800476704485
2020-02-24 18:48:00,3326.4867821448693,0.0013647545033270549
2020-02-24 18:49:00,3333.6281697228565,0.0013420332800678878
2020-02-24 18:50:00,3340.2408279270267,0.0012883036197791583
2020-02-24 18:51:00,3338.439964888631,0.0012910290599497736
2020-02-24 18:52:00,3337.8563163003278,0.0013810947293336076
2020-02-24 18:53:00,3342.799264396591,0.0013665871945763982
2020-02-24 18:54:00,3338.9202593016207,0.0013326869400958812
2020-02-24 18:55:00,3341.94658765633,0.0013221191100885484
2020-02-24 18:56:00,3338.3687230711057,0.001315422558818548
2020-02-24 18:57:00,3339.0238055908535,0.0013779734593191298
2020-02-24 18:58:00,3340.874925015132,0.0013545397115153298
2020-02-24 18:59:00,3334.3841958573557,0.0013440131172259531
2020-02-24 19:00:00,3336.822823872714,0.0014472408861871797
2020-02-24 19:01:00,3336.783039261099,0.001378270818395461
2020-02-24 19:02:00,3335.49885512498,0.0014204294816161523
2020-02-24 19:03:00,3337.243780718969,0.0013326665503296618
2020-02-24 19:04:00,3341.634058148285,0.0013926410135680582
2020-02-24 19:05:00,3345.5782214313904,0.0013191117913017845
2020-02-24 19:06:00,3348.903129175165,0.0012699321077100877
2020-02-24 19:07:00,3354.1441775272224,0.0013561202424333162
2020-02-24 19:08:00,3351.964178859793,0.0012873043985138345
2020-02-24 19:09:00,3354.4526262183617,0.001369062375742017
2020-02-24 19:10:00,3357.3011151305427,0.0013183139980147973
2020-02-24 19:11:00,3355.349931552636,0.0012542340748241646
2020-02-24 19:12:00,3354.013846067893,0.0012140923030942966
2020-02-24 19:13:00,3350.9821782471754,0.001185960747786046
2020-02-24 19:14:00,3352.89447178717,0.001229241185712731
2020-02-24 19:15:00,3354.6703864218557,0.0012508337309621964
2020-02-24 19:16:00,3347.9639514245605,0.0012261099368457184
2020-02-24 19:17:00,3348.967172940138,0.0011623814209674886
2020-02-24 19:18:00,3348.1315173707562,0.0012792313879472273
2020-02-24 19:19:00,3347.1919364722207,0.001246020940912461
2020-02-24 19:20:00,3349.619232961387,0.0013443529829834247
2020-02-24 19:21:00,3350.7620860876777,0.0014121999847497477
2020-02-24 19:22:00,3351.3511537296304,0.0014610938830014915
2020-02-24 19:23:00,3350.283622580258,0.0013741622307516116
2020-02-24 19:24:00,3346.0378460819593,0.0013514621675236056
2020-02-24 19:25:00,3343.773526622957,0.0014600998094744528
2020-02-24 19:26:00,3346.0564459953625,0.0014563074039477925
2020-02-24 19:27:00,3351.5837073774856,0.0013288479581868983
2020-02-24 19:28:00,3345.2290127366214,0.0012524724169634736
2020-02-24 19:29:00,3345.4279087664927,0.001231796931116521
2020-02-24 19:30:00,3348.759982618822,0.0011494383912495263
2020-02-24 19:31:00,3347.1707564228923,0.0011117866558418162
2020-02-24 19:32:00,3348.617038148464,0.0010725713768388518
2020-02-24 19:33:00,3344.106230627562,0.0010628218069069493
2020-02-24 19:34:00,3346.149928070739,0.0009461966322897046
2020-02-24 19:35:00,3348.8791804438047,0.0009476486530251198
2020-02-24 19:36:00,3347.9152196746195,0.0009828168791427756
2020-02-24 19:37:00,3345.648955626947,0.0010204640503717873
2020-02-24 19:38:00,3341.7845502690557,0.0010269129428612592
2020-02-24 19:39:00,3346.750739320408,0.0010711104136937937
2020-02-24 19:40:00,3350.8934299132325,0.0010356345858947838
2020-02-24 19:41:00,3350.8109853647125,0.0009936976279491365
2020-02-24 19:42:00,3354.4818823641735,0.0009830095949987894
2020-02-24 19:43:00,3347.2490159256654,0.0010242332458822744
2020-02-24 19:44:00,3347.1278891353227,0.0010615185999825654
2020-02-24 19:45:00,3342.3429452732958,0.0010327375772195032
2020-02-24 19:46:00,3340.052532553317,0.0010695622496390998
2020-02-24 19:47:00,3340.420377395194,0.0010260071193635724
2020-02-24 19:48:00,3336.978761275393,0.0010105133828865562
2020-02-24 19:49:00,3334.312298663722,0.0009949334290766951
2020-02-24 19:50:00,3335.0746585085053,0.0010005126703641896
2020-02-24 19:51:00,3337.7340772327198,0.000997161065262595
2020-02-24 19:52:00,3337.013656133639,0.0009860414141804154
2020-02-24 19:53:00,3337.1965527988896,0.0009369438282216613
2020-02-24 19:54:00,3338.000734408389,0.0009423126595526513
2020-02-24 19:55:00,3333.9047567790194,0.0009445094098154792
2020-02-24 19:56:00,3329.3062705603393,0.001032703478909422
2020-02-24 19:57:00,3325.6349821390877,0.0009453425089969971
2020-02-24 19:58:00,3326.2596765278504,0.0009488911778049318
2020-02-24 19:59:00,3327.150639646749,0.000991538955764491
2020-02-25 13:30:00,3523.693559964403,0.00092992556594009
2020-02-25 13:31:00,3528.018052276437,0.0009246725638683708
2020-02-25 13:32:00,3527.9930064735845,0.0009107350716629322
2020-02-25 13:33:00,3534.289525247355,0.0009848652126894025
2020-02-25 13:34:00,3534.361372848955,0.0010547933943972968
2020-02-25 13:35:00,3535.2207930857435,0.0010210335690048254
2020-02-25 13:36:00,3534.302224821766,0.001048290613753359
2020-02-25 13:37:00,3535.760845092143,0.0010454940497726447
2020-02-25 13:38:00,3533.339470144287,0.0009743990364166399
2020-02-25 13:39:00,3531.908373147499,0.0010139301896421305
2020-02-25 13:40:00,3537.64448802611,0.000992976882722296
2020-02-25 13:41:00,3541.8351090703686,0.0008611186515480825
2020-02-25 13:42:00,3541.4343384213657,0.0008274961872497846
2020-02-25 13:43:00,3545.5603833942887,0.0007937341494415466
2020-02-25 13:44:00,3540.733054858266,0.0008431505887837423
2020-02-25 13:45:00,3544.9885450055904,0.0008340106119452002
2020-02-25 13:46:00,3544.226690189305,0.0008108708074138934
2020-02-25 13:47:00,3544.2321435277513,0.0008531748898811996
2020-02-25 13:48:00,3541.5366241916117,0.0008327929881501784
2020-02-25 13:49:00,3542.464381371437,0.000876197555725172
2020-02-25 13:50:00,3547.3019361326756,0.0009036218060832724
2020-02-25 13:51:00,3552.018393487698,0.0008714343860137711
2020-02-25 13:52:00,3553.1825753723356,0.0007962711740406629
2020-02-25 13:53:00,3556.5057927296084,0.0007679145792670272
2020-02-25 13:54:00,3552.1673263682155,0.0007409589255804931
2020-02-25 13:55:00,3551.607002615949,0.000710480925878283
2020-02-25 13:56:00,3546.941186646685,0.0006718090465963793
2020-02-25 13:57:00,3547.3073316431496,0.0006477030216700989
2020-02-25 13:58:00,3545.7979963244734,0.0006243312369147138
2020-02-25 13:59:00,3544.480651741279,0.0006073615482594077
2020-02-25 14:00:00,3546.161541438462,0.0006044780222425526
2020-02-25 14:01:00,3546.975933359051,0.0006206122063574814
2020-02-25 14:02:00,3551.143176985952,0.000616478021075117
2020-02-25 14:03:00,3547.3613957215166,0.0006551691813628501
2020-02-25 14:04:00,3550.2354070152337,0.0007324108443810912
2020-02-25 14:05:00,3549.6842811144083,0.0007578051411692799
2020-02-25 14:06:00,3548.262220685819,0.0007233297185338601
2020-02-25 14:07:00,3545.8668945752947,0.000634504254200797
2020-02-25 14:08:00,3548.2461314601346,0.0006394216047634943
2020-02-25 14:09:00,3550.9026119579235,0.0007000827293195077
2020-02-25 14:10:00,3553.7845885154925,0.0007064779189708119
2020-02-25 14:11:00,3552.536584855302,0.0007004554673981654
2020-02-25 14:12:00,3551.678049316135,0.0007273588358007354
2020-02-25 14:13:00,3551.080933545937,0.0006861531207518338
2020-02-25 14:14:00,3551.0282322481958,0.000680362292969922
2020-02-25 14:15:00,3549.7034962361963,0.0006387058309437586
2020-02-25 14:16:00,3544.2473788164016,0.0006678529175416129
2020-02-25 14:17:00,3543.8986667883596,0.0006988909320812968
2020-02-25 14:18:00,3545.4863359989645,0.0007063220803902742
2020-02-25 14:19:00,3548.162770896016,0.000712202433406513
2020-02-25 14:20:00,3547.147729004995,0.0007310516124799599
2020-02-25 14:21:00,3551.124240856331,0.0007604359675519724
2020-02-25 14:22:00,3551.0006480889983,0.0007351809106220261
2020-02-25 14:23:00,3550.633305388755,0.0007476574074707828
2020-02-25 14:24:00,3550.9474913526774,0.0007294161658967264
2020-02-25 14:25:00,3551.2841984050065,0.0007928269573801191
2020-02-25 14:26:00,3546.744775808368,0.0007667152316452642
2020-02-25 14:27:00,3544.398712055998,0.0008008175844945572
2020-02-25 14:28:00,3538.277178220297,0.0007783097100443317
2020-02-25 14:29:00,3536.897465921369,0.0007122400439558195
2020-02-25 14:30:00,3533.287825203254,0.0006504080297174291
2020-02-25 14:31:00,3534.7617066448925,0.0006734430863863797
2020-02-25 14:32:00,3534.798468191654,0.000671833139473186
2020-02-25 14:33:00,3533.5720817832434,0.0007329047674554
2020-02-25 14:34:00,3528.601380235246,0.0007202305290598434
2020-02-25 14:35:00,3527.5559313520494,0.0007403613656471643
2020-02-25 14:36:00,3526.392534553074,0.0007908904535214687
2020-02-25 14:37:00,3520.9198009261627,0.0007887533980612363
2020-02-25 14:38:00,3518.490832582898,0.0008118044839613414
2020-02-25 14:39:00,3514.32868344482,0.0007641106443948884
2020-02-25 14:40:00,3513.7081506297013,0.0007620041597774523
2020-02-25 14:41:00,3509.783366781706,0.0007539559616749991
2020-02-25 14:42:00,3510.482477866204,0.0007260517543317048
2020-02-25 14:43:00,3508.22464028622,0.0007020070564733043
2020-02-25 14:44:00,3508.477881485744,0.0007235780345440814
2020-02-25 14:45:00,3511.6532512671356,0.0007387310192427286
2020-02-25 14:46:00,3510.9309054057917,0.0007077777977895058
2020-02-25 14:47:00,3509.8119074197093,0.000704178153707984
2020-02-25 14:48:00,3509.6692316260855,0.0006911046638992943
2020-02-25 14:49:00,3512.129159874588,0.0006970357013606807
2020-02-25 14:50:00,3512.281316688649,0.0006937668966217976
2020-02-25 14:51:00,3510.2940815638967,0.0007431784426773311
2020-02-25 14:52:00,3509.5733131120733,0.0007301270390335079
2020-02-25 14:53:00,3510.6331133064677,0.0007517472909116308
2020-02-25 14:54:00,3512.832362206724,0.0007839706512570865
2020-02-25 14:55:00,3512.0535950037806,0.0007483609987975127
2020-02-25 14:56:00,3514.3834085104527,0.0007530647562364184
2020-02-25 14:57:00,3517.1567712739584,0.000768986855628234
2020-02-25 14:58:00,3519.8721960065927,0.0007734460405607003
2020-02-25 14:59:00,3518.197698647661,0.0008085029177641718
2020-02-25 15:00:00,3524.809149146611,0.0007705304332374774
2020-02-25 15:01:00,3525.5789318821076,0.0007585320322181345
2020-02-25 15:02:00,3527.9235303239107,0.0007856860800218144
2020-02-25 15:03:00,3525.0424530935284,0.0007815721954874384
2020-02-25 15:04:00,3527.274427154008,0.0007265183984310241
2020-02-25 15:05:00,3525.808258907327,0.0007165757650220726
2020-02-25 15:06:00,3520.452030880453,0.0007272759382145781
2020-02-25 15:07:00,3520.2580619962246,0.000726209771186448
2020-02-25 15:08:00,3517.0796442713995,0.0007607903082709431
2020-02-25 15:09:00,3520.3926839786586,0.0007954678261017401
2020-02-25 15:10:00,3523.023494036331,0.0007697953835543099
2020-02-25 15:11:00,3526.645559093307,0.0007702362777993082
2020-02-25 15:12:00,3528.2857797829156,0.0007644561724452268
2020-02-25 15:13:00,3530.2662002477477,0.0008047816932973514
2020-02-25 15:14:00,3533.6615155939467,0.0007944665195091113
2020-02-25 15:15:00,3536.6287381736406,0.0007266567857838458
2020-02-25 15:16:00,3536.3087623222928,0.0007500630382109375
2020-02-25 15:17:00,3534.9620614736677,0.0006994616356799487
2020-02-25 15:18:00,3536.007385209745,0.0007051132420369049
2020-02-25 15:19:00,3541.82719092121,0.0007090700992377212
2020-02-25 15:20:00,3544.3306615304305,0.0007160519837613987
2020-02-25 15:21:00,3545.418192459923,0.0006949144554632384
2020-02-25 15:22:00,3547.1856248149265,0.0007239831172943868
2020-02-25 15:23:00,3545.973719313501,0.0007161165380741147
2020-02-25 15:24:00,3545.630483025988,0.0007606927032376617
2020-02-25 15:25:00,3542.474401978812,0.0007235928921678976
2020-02-25 15:26:00,3540.7426637646863,0.0006861488523322528
2020-02-25 15:27:00,3541.9563570001483,0.0007085236779807815
2020-02-25 15:28:00,3536.044901692995,0.0007821391452046629
2020-02-25 15:29:00,3539.9467888833124,0.000762197450286089
2020-02-25 15:30:00,3543.663001990123,0.0007343539097359184
2020-02-25 15:31:00,3545.2352249738497,0.0006828039322044173
2020-02-25 15:32:00,3546.691992317006,0.0006952196838696859
2020-02-25 15:33:00,3546.5371258552645,0.0006378674404769472
2020-02-25 15:34:00,3545.4743702377637,0.0006211384467087151
2020-02-25 15:35:00,3543.2036106102064,0.0006333981851092777
2020-02-25 15:36:00,3543.5154216045034,0.0006353590364933221
2020-02-25 15:37:00,3544.179021927358,0.0006579965767967022
2020-02-25 15:38:00,3542.6589455851017,0.0006462699238583672
2020-02-25 15:39:00,3545.975690180584,0.0006691583245583721
2020-02-25 15:40:00,3544.564714176593,0.0005793095566252258
2020-02-25 15:41:00,3541.9609289282457,0.0004986390695374747
2020-02-25 15:42:00,3542.937798756903,0.0005544461705151115
2020-02-25 15:43:00,3542.7115011173055,0.0005405091875346111
2020-02-25 15:44:00,3543.8022409783866,0.0005197159393088482
2020-02-25 15:45:00,3542.9090840440117,0.0004757572150683381
2020-02-25 15:46:00,3543.978209512853,0.00046000044372304503
2020-02-25 15:47:00,3543.4980086378455,0.00047399828438916315
2020-02-25 15:48:00,3544.4920514244795,0.00048155854859377727
2020-02-25 15:49:00,3544.8152415984155,0.00046653969465551147
2020-02-25 15:50:00,3544.6042013687156,0.00046335358900533724
2020-02-25 15:51:00,3545.964738844201,0.00041509908894932354
2020-02-25 15:52:00,3546.2436801107747,0.00038877277817347435
2020-02-25 15:53:00,3546.699697296556,0.00039323369760599797
2020-02-25 15:54:00,3546.3084151643434,0.0004274045314997567
2020-02-25 15:55:00,3545.943732628341,0.00040651230202563816
2020-02-25 15:56:00,3543.591048396047,0.00042068376647339846
2020-02-25 15:57:00,3541.595111471149,0.00040700664751189226
2020-02-25 15:58:00,3541.404913876161,0.000450946235027275
2020-02-25 15:59:00,3541.652106387899,0.00047886771120162353
2020-02-25 16:00:00,3545.098632675533,0.000501728343730641
2020-02-25 16:01:00,3545.0292202373807,0.0005087807391479255
2020-02-25 16:02:00,3549.0188082815002,0.00046543516437008047
2020-02-25 16:03:00,3548.189557619045,0.00046207405249463926
2020-02-25 16:04:00,3547.97678183344,0.0004808030215566369
2020-02-25 16:05:00,3545.9087706021587,0.0005220246784892581
2020-02-25 16:06:00,3546.310549934704,0.0005287353494105846
2020-02-25 16:07:00,3546.0070541121504,0.0005176958022496293
2020-02-25 16:08:00,3545.6164312104142,0.0004962900687576109
2020-02-25 16:09:00,3545.114891403782,0.0005369652487194748
2020-02-25 16:10:00,3545.507804729228,0.0005508654353331762
2020-02-25 16:11:00,3545.4806690809005,0.0005695451959016868
2020-02-25 16:12:00,3543.9627665674743,0.0005624068901626436
2020-02-25 16:13:00,3540.7101105130446,0.0005002541774910719
2020-02-25 16:14:00,3540.65954082041,0.0005072141216046519
2020-02-25 16:15:00,3536.779546719803,0.0004809940697563061
2020-02-25 16:16:00,3539.2026262442437,0.00046997578877447626
2020-02-25 16:17:00,3539.780564647811,0.0004663003198163351
2020-02-25 16:18:00,3538.1522915776736,0.0004800681521488346
2020-02-25 16:19:00,3537.588521634315,0.0004912922634208621
2020-02-25 16:20:00,3538.2460170498207,0.0005007576202396869
2020-02-25 16:21:00,3538.1783398175776,0.0005185933993523899
2020-02-25 16:22:00,3536.7491122848733,0.0005260368081493805
2020-02-25 16:23:00,3538.0757921434365,0.0005204367512319837
2020-02-25 16:24:00,3537.670822282151,0.0005341223832055599
2020-02-25 16:25:00,3538.6361078516534,0.0005571601292520756
2020-02-25 16:26:00,3532.7881812996084,0.0005554342308993204
2020-02-25 16:27:00,3535.9908962617246,0.000562059291003252
2020-02-25 16:28:00,3538.3566128284974,0.000526515070374135
2020-02-25 16:29:00,3536.7676874925273,0.0005149025461772657
2020-02-25 16:30:00,3534.9463206863707,0.0004993133065356661
2020-02-25 16:31:00,3534.801986326665,0.0005139191226986615
2020-02-25 16:32:00,3530.6050472339753,0.0005394883140422256
2020-02-25 16:33:00,3529.279440897611,0.0005517655008774489
2020-02-25 16:34:00,3530.3381487787137,0.0005646635971904015
2020-02-25 16:35:00,3529.7809695403857,0.0005418412181443742
2020-02-25 16:36:00,3530.480771650243,0.0005787439096649713
2020-02-25 16:37:00,3528.989877383244,0.000539160910693661
2020-02-25 16:38:00,3528.615922621232,0.0004909858948978207
2020-02-25 16:39:00,3528.299067488961,0.0004742584019961851
2020-02-25 16:40:00,3529.8800586292064,0.0005223275961640818
2020-02-25 16:41:00,3529.700874076386,0.0004835609705361995
2020-02-25 16:42:00,3532.040125366041,0.0005219503028832933
2020-02-25 16:43:00,3537.37702775173,0.0005360260380787555
2020-02-25 16:44:00,3534.4365198271553,0.0005043161198722499
2020-02-25 16:45:00,3535.6666972802986,0.0005116317982131415
2020-02-25 16:46:00,3535.263967139055,0.000536327124730522
2020-02-25 16:47:00,3534.234801207354,0.0005210977975748793
2020-02-25 16:48:00,3535.1401240995056,0.0005092555401776497
2020-02-25 16:49:00,3536.4048874560062,0.0004900853945131539
2020-02-25 16:50:00,3536.932031279801,0.00046617592044409956
2020-02-25 16:51:00,3537.371044196961,0.0004515204932008376
2020-02-25 16:52:00,3535.63600307255,0.00044407361227928913
2020-02-25 16:53:00,3536.031625527231,0.00041772961787140637
2020-02-25 16:54:00,3536.0853037607767,0.00045968169054403133
2020-02-25 16:55:00,3534.966230628918,0.0004342934960936614
2020-02-25 16:56:00,3533.9014238368177,0.0004273995002364711
2020-02-25 16:57:00,3533.377451333568,0.00042772110708581184
2020-02-25 16:58:00,3536.1770509096314,0.00042444622799731144
2020-02-25 16:59:00,3536.2804884666257,0.0004423247158167775
2020-02-25 17:00:00,3537.0888131593592,0.00041519088934817883
2020-02-25 17:01:00,3537.652600846598,0.00043199826491047795
2020-02-25 17:02:00,3542.7298827690647,0.0004173285567266208
2020-02-25 17:03:00,3542.26316251554,0.0004284969991621181
2020-02-25 17:04:00,3544.5759675325717,0.0004474852864547741
2020-02-25 17:05:00,3543.957237444502,0.00046038335844343875
2020-02-25 17:06:00,3543.63401637594,0.0004750979017162795
2020-02-25 17:07:00,3543.371732837021,0.0004948759412417287
2020-02-25 17:08:00,3544.4319520774743,0.000498471874252808
2020-02-25 17:09:00,3546.70548436975,0.00047470490054157556
2020-02-25 17:10:00,3546.424996547707,0.00046667994469691586
2020-02-25 17:11:00,3546.3890489803716,0.0005032513559225414
2020-02-25 17:12:00,3547.1894490446352,0.000502669125942386
2020-02-25 17:13:00,3548.0891401485333,0.000496451586521685
2020-02-25 17:14:00,3548.9121216930407,0.0004943025032187431
2020-02-25 17:15:00,3548.529350869128,0.0004827130841945127
2020-02-25 17:16:00,3547.955977129983,0.0005125686451146426
2020-02-25 17:17:00,3549.3565288496484,0.0004804248736649173
2020-02-25 17:18:00,3548.2643281974656,0.0004928162145015499
2020-02-25 17:19:00,3547.2666925331814,0.000523516786362336
2020-02-25 17:20:00,3547.914171864137,0.0005508800289889509
2020-02-25 17:21:00,3548.6368977778416,0.0005473847863619784
2020-02-25 17:22:00,3548.144367057901,0.0005367312738019371
2020-02-25 17:23:00,3549.8746856430885,0.0005261564044870873
2020-02-25 17:24:00,3547.809731488684,0.0005123464764627326
2020-02-25 17:25:00,3548.0047396806003,0.0005049290281533775
2020-02-25 17:26:00,3549.319336124739,0.00047340236228914524
2020-02-25 17:27:00,3549.782363024152,0.000453426065976072
2020-02-25 17:28:00,3549.818868064608,0.00047086734689530635
2020-02-25 17:29:00,3551.7319887450644,0.0005004558596896091
2020-02-25 17:30:00,3552.1323809080295,0.0004964508749798912
2020-02-25 17:31:00,3554.2941804996376,0.0004940538718000605
2020-02-25 17:32:00,3555.1400640328275,0.0004930475759804152
2020-02-25 17:33:00,3552.9811870302797,0.0004850879803974215
2020-02-25 17:34:00,3553.8634714788063,0.0004617492500529969
2020-02-25 17:35:00,3555.7337674450223,0.00047591234506028036
2020-02-25 17:36:00,3553.735495409783,0.0004886950077145884
2020-02-25 17:37:00,3554.149250867709,0.0005051640494692072
2020-02-25 17:38:00,3554.0528401884526,0.0005296031223433349
2020-02-25 17:39:00,3554.0068289248698,0.0005454711299902172
2020-02-25 17:40:00,3555.301138541305,0.0005344452105207728
2020-02-25 17:41:00,3557.21115903016,0.0005116334607097234
2020-02-25 17:42:00,3555.224728471543,0.0005216296278045304
2020-02-25 17:43:00,3555.9605116234065,0.0005105123521648516
2020-02-25 17:44:00,3554.2853371473884,0.0005398900023293795
2020-02-25 17:45:00,3554.4950172253393,0.0004844460894650022
2020-02-25 17:46:00,3553.745525540977,0.00046594390444860913
2020-02-25 17:47:00,3553.519880731862,0.0004644097507774353
2020-02-25 17:48:00,3551.9566822047564,0.0004487639284965153
2020-02-25 17:49:00,3551.067491417761,0.00045862041998436827
2020-02-25 17:50:00,3550.9229651437986,0.0004488091517935677
2020-02-25 17:51:00,3552.197851816277,0.00042098240980446367
2020-02-25 17:52:00,3551.1538599131813,0.00043140801515782756
2020-02-25 17:53:00,3551.9556916512224,0.00043359255676599865
2020-02-25 17:54:00,3553.1544659333604,0.0004909690275728774
2020-02-25 17:55:00,3555.4567831895,0.0005150415987283056
2020-02-25 17:56:00,3556.574931642846,0.00047090302698559827
2020-02-25 17:57:00,3555.2703760016248,0.0004900426068349536
2020-02-25 17:58:00,3554.7524459996425,0.00047658880558848796
2020-02-25 17:59:00,3553.3735740684842,0.00048521770625795986
2020-02-25 18:00:00,3553.602474945477,0.0004864475556447187
2020-02-25 18:01:00,3553.9336545366887,0.0004884773660979642
2020-02-25 18:02:00,3550.749288924389,0.0004743369987592979
2020-02-25 18:03:00,3548.0364393924256,0.0004324724829229968
2020-02-25 18:04:00,3543.789793060902,0.0004043845753202698
2020-02-25 18:05:00,3542.339013263549,0.0004233212322201318
2020-02-25 18:06:00,3542.596856481897,0.00043773064738110255
2020-02-25 18:07:00,3543.147695218588,0.00046378569217209897
2020-02-25 18:08:00,3542.8720427445205,0.0004874274483000552
2020-02-25 18:09:00,3540.8962994509607,0.0004727454092040277
2020-02-25 18:10:00,3541.641279762869,0.00048660372429143694
2020-02-25 18:11:00,3541.049925460346,0.00046660140092989223
2020-02-25 18:12:00,3542.449169888214,0.00048822990690291216
2020-02-25 18:13:00,3541.866898769019,0.0004791762285686971
2020-02-25 18:14:00,3542.6193443782286,0.0005015628300342897
2020-02-25 18:15:00,3541.4808774111048,0.0004871342860697427
2020-02-25 18:16:00,3539.1617979149046,0.0004828950235836813
2020-02-25 18:17:00,3538.9945583461035,0.0004726625083456055
2020-02-25 18:18:00,3537.2981380474275,0.00044458991122543995
2020-02-25 18:19:00,3536.016387410812,0.00044157149770072463
2020-02-25 18:20:00,3539.7211752597746,0.00040728736196886156
2020-02-25 18:21:00,3540.7673076680617,0.0004063890201276979
2020-02-25 18:22:00,3538.1465706815216,0.0004003489360663175
2020-02-25 18:23:00,3537.9241633136025,0.00038488332470743356
2020-02-25 18:24:00,3539.229249581662,0.0003683907305060751
2020-02-25 18:25:00,3541.0596800446224,0.000378470741838015
2020-02-25 18:26:00,3542.6216342068856,0.00037579836108800346
2020-02-25 18:27:00,3539.508481363689,0.00037805704578731193
2020-02-25 18:28:00,3539.974576316739,0.00037326783197430015
2020-02-25 18:29:00,3540.9455002629434,0.0003662909792487596
2020-02-25 18:30:00,3542.8670289433717,0.0003835439221174363
2020-02-25 18:31:00,3542.350640633744,0.0003563836655475139
2020-02-25 18:32:00,3539.4832425071,0.00034417174923777604
2020-02-25 18:33:00,3539.0884299754825,0.0003285143633729741
2020-02-25 18:34:00,3540.6923161405334,0.0003708371109805587
2020-02-25 18:35:00,3540.3023564364316,0.0003974854436987812
2020-02-25 18:36:00,3538.9985082653784,0.00037930618039069814
2020-02-25 18:37:00,3539.1879527739497,0.0004038941923400282
2020-02-25 18:38:00,3536.8803933598133,0.0004042768008723397
2020-02-25 18:39:00,3534.993129746815,0.000402474030912057
2020-02-25 18:40:00,3536.8095647304544,0.00039272672648858867
2020-02-25 18:41:00,3535.3132215989235,0.00038325387755517914
2020-02-25 18:42:00,3534.081961189457,0.00035718341518467165
2020-02-25 18:43:00,3534.499755955064,0.0003301773159818757
2020-02-25 18:44:00,3533.8390805858,0.0003293434744163504
2020-02-25 18:45:00,3534.0188317712336,0.0003473411210397159
2020-02-25 18:46:00,3534.8887309517336,0.00033394008367270404
2020-02-25 18:47:00,3536.4234902485323,0.0003230820607006856
2020-02-25 18:48:00,3536.820356751849,0.00031765792092726213
2020-02-25 18:49:00,3537.016692245431,0.00029300233243772546
2020-02-25 18:50:00,3535.306965690464,0.00031735350615275646
2020-02-25 18:51:00,3537.0305900132935,0.00030763958616282375
2020-02-25 18:52:00,3537.255858533241,0.0003162852729367075
2020-02-25 18:53:00,3537.543025220911,0.00029344978851447777
2020-02-25 18:54:00,3537.5331300077046,0.0002672882690754665
2020-02-25 18:55:00,3536.653541989523,0.0002471399350900472
2020-02-25 18:56:00,3535.959270532967,0.00024130156592938858
2020-02-25 18:57:00,3536.1381512817375,0.00025249653182780006
2020-02-25 18:58:00,3536.390954878366,0.00025845464637693004
2020-02-25 18:59:00,3535.4095804171425,0.0002699441194319244
2020-02-25 19:00:00,3534.2545495970403,0.0002522251263922439
2020-02-25 19:01:00,3534.7162767836116,0.000247776726320944
2020-02-25 19:02:00,3534.185034374692,0.00024207230463507422
2020-02-25 19:03:00,3533.5810057464782,0.0002446400931010161
2020-02-25 19:04:00,3532.444889229803,0.00023867109411395885
2020-02-25 19:05:00,3532.394733316582,0.00023247734301689622
2020-02-25 19:06:00,3532.9281828050416,0.00021165121289309818
2020-02-25 19:07:00,3532.5058245328764,0.00020161618225929278
2020-02-25 19:08:00,3532.1600376470697,0.00021755470941516416
2020-02-25 19:09:00,3533.4362406367977,0.00023144024775861518
2020-02-25 19:10:00,3533.181781478192,0.0002253690546067078
2020-02-25 19:11:00,3532.691449018585,0.00022167006659228427
2020-02-25 19:12:00,3532.1044941262267,0.00023280075780681653
2020-02-25 19:13:00,3530.044510088731,0.00023155686206571534
2020-02-25 19:14:00,3529.0881351158882,0.00023069995990786943
2020-02-25 19:15:00,3529.6815692602718,0.00024176429310363535
2020-02-25 19:16:00,3529.8966656341186,0.0002298348237905674
2020-02-25 19:17:00,3528.76270464837,0.00021087770398839066
2020-02-25 19:18:00,3529.2673446054823,0.00020994634074495363
2020-02-25 19:19:00,3529.0936408585667,0.00021068084749613074
2020-02-25 19:20:00,3529.0133662326407,0.00019992992094490638
2020-02-25 19:21:00,3528.7978942133204,0.00020791614119220514
2020-02-25 19:22:00,3528.8056863624142,0.00020992771248261866
2020-02-25 19:23:00,3528.468333935382,0.00020686167155869935
2020-02-25 19:24:00,3528.655921462437,0.00020994372257330908
2020-02-25 19:25:00,3528.2792041531147,0.00022476572331483729
2020-02-25 19:26:00,3527.983216234197,0.00022943920841749012
2020-02-25 19:27:00,3527.26876965538,0.00021685684205100862
2020-02-25 19:28:00,3526.712654972477,0.0002064645884612094
2020-02-25 19:29:00,3526.3290316209846,0.0002066671117239774
2020-02-25 19:30:00,3526.786530812133,0.000206869009431112
2020-02-25 19:31:00,3525.616645455545,0.00020974613169256792
2020-02-25 19:32:00,3524.877989057715,0.00021527043843168786
2020-02-25 19:33:00,3525.4545040639473,0.00023246206435918737
2020-02-25 19:34:00,3522.838819206576,0.00023767470953381476
2020-02-25 19:35:00,3521.95355456486,0.00023223493429036553
2020-02-25 19:36:00,3522.8450206185366,0.00023901148118371534
2020-02-25 19:37:00,3521.3882201613565,0.0002455251199307854
2020-02-25 19:38:00,3519.863076578935,0.00025480228718588975
2020-02-25 19:39:00,3518.132075400455,0.0002545894198707787
2020-02-25 19:40:00,3518.394428771737,0.0002668271359138812
2020-02-25 19:41:00,3517.8638797764634,0.0002612282180797437
2020-02-25 19:42:00,3517.8452012628245,0.0002512881897336151
2020-02-25 19:43:00,3519.306349796082,0.00025333296111665197
2020-02-25 19:44:00,3519.0860297711497,0.0002499493315332349
2020-02-25 19:45:00,3519.446429494081,0.0002492906815398467
2020-02-25 19:46:00,3520.3762445818925,0.0002570631905510409
2020-02-25 19:47:00,3520.109780283706,0.00024361750267982982
2020-02-25 19:48:00,3519.1394552158877,0.00023077008873784825
2020-02-25 19:49:00,3520.3877619041104,0.00024573010469682233
2020-02-25 19:50:00,3520.7535870423717,0.000250629950812833
2020-02-25 19:51:00,3520.580981355639,0.00024206392735979295
2020-02-25 19:52:00,3518.289976099162,0.00023734159612669848
2020-02-25 19:53:00,3517.6198757215243,0.00023875802529925091
2020-02-25 19:54:00,3516.252888687108,0.00024677168111843006
2020-02-25 19:55:00,3516.9575758945284,0.00023126682680688404
2020-02-25 19:56:00,3516.956934265223,0.00021871469349312418
2020-02-25 19:57:00,3517.7704517031884,0.00021542023745667717
2020-02-25 19:58:00,3516.588797164163,0.00020388089393804466
2020-02-25 19:59:00,3516.4624993754196,0.00019755393631925834
2020-02-26 13:30:00,3535.4498778817665,0.00018930002759262704
2020-02-26 13:31:00,3534.6794016335843,0.0001955364991294674
2020-02-26 13:32:00,3533.911828762103,0.00018476811643432852
2020-02-26 13:33:00,3534.0543504541165,0.00019314470711802865
2020-02-26 13:34:00,3533.4629240830927,0.00020207012535083062
2020-02-26 13:35:00,3532.3827242314833,0.00018668995480439186
2020-02-26 13:36:00,3532.816760408849,0.00020223619159337916
2020-02-26 13:37:00,3533.0768677727406,0.00020466015775262009
2020-02-26 13:38:00,3533.1400230755125,0.00021503676996684215
2020-02-26 13:39:00,3533.1608930272114,0.00020506992739382967
2020-02-26 13:40:00,3532.6140650629704,0.00020302710126038494
2020-02-26 13:41:00,3532.593677039972,0.00020837924795373658
2020-02-26 13:42:00,3531.873422571935,0.00021198477959571545
2020-02-26 13:43:00,3531.978092763404,0.00021226981447406486
2020-02-26 13:44:00,3531.1846962342993,0.00020725626619150006
2020-02-26 13:45:00,3530.682508303969,0.00020724682052659522
2020-02-26 13:46:00,3531.1387703146306,0.00020309299993525906
2020-02-26 13:47:00,3530.622669919308,0.00020206048665310968
2020-02-26 13:48:00,3531.076738584606,0.00020215045993563063
2020-02-26 13:49:00,3531.3520012207705,0.0002046139331394193
2020-02-26 13:50:00,3531.5968881961353,0.00019910590937919858
2020-02-26 13:51:00,3532.145985732378,0.00019306433946183606
2020-02-26 13:52:00,3532.127714586196,0.00018970025567829448
2020-02-26 13:53:00,3531.334140509048,0.00019779911446930523
2020-02-26 13:54:00,3532.7941680159292,0.00020707643751341294
2020-02-26 13:55:00,3534.1781721585094,0.0002069902267058017
2020-02-26 13:56:00,3534.318434131746,0.0002069583463723155
2020-02-26 13:57:00,3535.781485395988,0.000195807721297622
2020-02-26 13:58:00,3536.4954303410577,0.00020354680739879963
2020-02-26 13:59:00,3535.7330813605417,0.0001903826465201219
2020-02-26 14:00:00,3535.254806120245,0.00019391849243869272
2020-02-26 14:01:00,3534.5930422866672,0.00018653784960091164
2020-02-26 14:02:00,3534.5660239468843,0.00019293138584982046
2020-02-26 14:03:00,3534.105535421524,0.00018927299352708521
2020-02-26 14:04:00,3534.2769812286565,0.0001926580564920705
2020-02-26 14:05:00,3533.7809125564486,0.00019635897534661193
2020-02-26 14:06:00,3533.4070575328074,0.00018338058784377945
2020-02-26 14:07:00,3533.1553069038223,0.00016836863030994005
2020-02-26 14:08:00,3532.4978216402797,0.00018317346470941224
2020-02-26 14:09:00,3532.337185911347,0.00017213760994859025
2020-02-26 14:10:00,3532.4144016227942,0.00016769766209553805
2020-02-26 14:11:00,3532.0399327198406,0.00015907378383123608
2020-02-26 14:12:00,3531.3708215201423,0.000169394696118093
2020-02-26 14:13:00,3530.689884652238,0.00017520641532418774
2020-02-26 14:14:00,3529.48720742984,0.00019101786706573153
2020-02-26 14:15:00,3528.50933286341,0.00019163487034467897
2020-02-26 14:16:00,3528.686859344546,0.00019374516132628986
2020-02-26 14:17:00,3528.751691063546,0.00019188036341759876
2020-02-26 14:18:00,3528.8924472819267,0.00019528595729458435
2020-02-26 14:19:00,3528.742572280694,0.00020001601823485107
2020-02-26 14:20:00,3528.1905866216116,0.000210051139188565
2020-02-26 14:21:00,3526.6968872958732,0.00021611414673716284
2020-02-26 14:22:00,3526.7118321443154,0.00020757484307400942
2020-02-26 14:23:00,3527.25473951537,0.00021028004812336407
2020-02-26 14:24:00,3526.0665197722087,0.00021332368759159232
2020-02-26 14:25:00,3526.022330412631,0.00022145472419690286
2020-02-26 14:26:00,3524.2297634957913,0.000232348198116733
2020-02-26 14:27:00,3523.8104003439,0.00021330989988094763
2020-02-26 14:28:00,3523.781162912152,0.00020656576775079756
2020-02-26 14:29:00,3523.642552335541,0.00020434489738784263
2020-02-26 14:30:00,3523.980247167861,0.0002172478647432718
2020-02-26 14:31:00,3522.5609330283373,0.00022161678680733245
2020-02-26 14:32:00,3523.207869140757,0.00022053777712057872
2020-02-26 14:33:00,3522.530218652281,0.0002183997565462876
2020-02-26 14:34:00,3524.141822157023,0.00021430191276790035
2020-02-26 14:35:00,3522.9977264102877,0.00021527425133760676
2020-02-26 14:36:00,3523.7821986565077,0.0002262128976797353
2020-02-26 14:37:00,3522.7738191727817,0.00022063090510325692
2020-02-26 14:38:00,3522.0606124626215,0.00021044299669836932
2020-02-26 14:39:00,3522.911026150813,0.00020978797817263554
2020-02-26 14:40:00,3521.8448366833873,0.00019632815059905206
2020-02-26 14:41:00,3522.2788552228794,0.00020684716915282336
2020-02-26 14:42:00,3520.7033663101133,0.00020828962580565844
2020-02-26 14:43:00,3519.601754178729,0.00020864782478380718
2020-02-26 14:44:00,3519.150925911975,0.00021047273573179858
2020-02-26 14:45:00,3519.2125026934796,0.00021751279359563178
2020-02-26 14:46:00,3519.634466300085,0.00020792595316067734
2020-02-26 14:47:00,3519.9300781371285,0.00020078724923159715
2020-02-26 14:48:00,3520.4837832803696,0.0002049625582477674
2020-02-26 14:49:00,3520.495514326526,0.00021486235956336686
2020-02-26 14:50:00,3520.217125742212,0.00021634423212542895
2020-02-26 14:51:00,3519.5232110822694,0.0002195915542057722
2020-02-26 14:52:00,3519.963345121444,0.00024144198154579468
2020-02-26 14:53:00,3518.7801563765865,0.0002466999501711618
2020-02-26 14:54:00,3519.1760391419502,0.00024039439622749046
2020-02-26 14:55:00,3518.122904459939,0.00025240900788973817
2020-02-26 14:56:00,3517.6093088650946,0.00024108202453725034
2020-02-26 14:57:00,3518.3329431780903,0.0002231909109815121
2020-02-26 14:58:00,3519.680906886444,0.00021154741350370068
2020-02-26 14:59:00,3519.448745994687,0.00020901736857708328
2020-02-26 15:00:00,3519.841569762453,0.00020170784259604982
2020-02-26 15:01:00,3520.1706040465574,0.00019545971962518002
2020-02-26 15:02:00,3519.5723869759213,0.00018967869176453916
2020-02-26 15:03:00,3519.7561187744136,0.00018443117713514188
2020-02-26 15:04:00,3519.911355209184,0.00019577238975043045
2020-02-26 15:05:00,3520.605732254343,0.00019254932239768006
2020-02-26 15:06:00,3520.4264306604105,0.0001914059975865539
2020-02-26 15:07:00,3519.646573784323,0.0001894637809962535
2020-02-26 15:08:00,3519.7105454475895,0.00018093693886592465
2020-02-26 15:09:00,3518.2227542430564,0.00018203737765890062
2020-02-26 15:10:00,3517.818749802182,0.000176909785607638
2020-02-26 15:11:00,3518.652179133532,0.00016877766017778798
2020-02-26 15:12:00,3518.818164726549,0.00017273848051772365
2020-02-26 15:13:00,3517.685591897477,0.0001803618068849361
2020-02-26 15:14:00,3518.0611625520714,0.00018235492991943225
2020-02-26 15:15:00,3517.608720663726,0.00017058711170482382
2020-02-26 15:16:00,3517.7258031689853,0.00017626286348727238
2020-02-26 15:17:00,3517.1301185878056,0.00017858763373805543
2020-02-26 15:18:00,3516.7686453338188,0.00018059599221465682
2020-02-26 15:19:00,3517.5788483801025,0.00017822343841350974
2020-02-26 15:20:00,3517.5095540852312,0.00018007357062075515
2020-02-26 15:21:00,3518.0645825913716,0.00017981037610534026
2020-02-26 15:22:00,3518.2884459174293,0.00017068253580461876
2020-02-26 15:23:00,3517.7824365719684,0.00016903894609995146
2020-02-26 15:24:00,3517.1506175474933,0.00016405232234292984
2020-02-26 15:25:00,3516.4513291073436,0.00016280276228581415
2020-02-26 15:26:00,3517.171725066966,0.00015107944417905528
2020-02-26 15:27:00,3516.2126320078387,0.00016653906410809212
2020-02-26 15:28:00,3515.8885153248,0.00016354896598899185
2020-02-26 15:29:00,3515.4495656740523,0.00017447751362989998
2020-02-26 15:30:00,3516.8497153540725,0.00018150873523137018
2020-02-26 15:31:00,3517.360398088173,0.00019746273107227314
2020-02-26 15:32:00,3517.382303131055,0.0001852262850871041
2020-02-26 15:33:00,3518.4888887082216,0.00019619525022582043
2020-02-26 15:34:00,3518.761393694018,0.00019641665196902096
2020-02-26 15:35:00,3517.919619373889,0.0001978817969947445
2020-02-26 15:36:00,3518.672710588138,0.00019416949976547797
2020-02-26 15:37:00,3517.864066189794,0.0001881648261449082
2020-02-26 15:38:00,3518.194595714688,0.00018105834661458214
2020-02-26 15:39:00,3517.1993247938817,0.0001754599454374796
2020-02-26 15:40:00,3517.3185410058536,0.00018535440066371367
2020-02-26 15:41:00,3516.9723228535267,0.00018577794409456403
2020-02-26 15:42:00,3516.627661184858,0.00018960195320287846
2020-02-26 15:43:00,3516.372426571965,0.00018670247912166876
2020-02-26 15:44:00,3515.9729035136747,0.00019070262777380742
2020-02-26 15:45:00,3516.272337720439,0.00017228916837938143
2020-02-26 15:46:00,3515.827563960072,0.00016091224237494992
2020-02-26 15:47:00,3515.622021399397,0.0001618086871223851
2020-02-26 15:48:00,3515.2462756623727,0.0001750761310979186
2020-02-26 15:49:00,3514.3573292592723,0.00017732000585570748
2020-02-26 15:50:00,3514.527787560814,0.00017978591515865119
2020-02-26 15:51:00,3514.5032285238844,0.00018844883858064565
2020-02-26 15:52:00,3514.0767223381117,0.0001930348874277369
2020-02-26 15:53:00,3513.3524460358735,0.00019129708579851106
2020-02-26 15:54:00,3514.253979522159,0.00019548028758107011
2020-02-26 15:55:00,3513.7254844302447,0.00020453586453165727
2020-02-26 15:56:00,3513.7420196777152,0.00019854762998783263
2020-02-26 15:57:00,3513.0220745582965,0.00018969401874578657
2020-02-26 15:58:00,3512.321255587567,0.00019258365516715224
2020-02-26 15:59:00,3511.770178418487,0.00019240077241879853
2020-02-26 16:00:00,3511.425823192376,0.0001979925205427036
2020-02-26 16:01:00,3511.88969266157,0.00018943831264459156
2020-02-26 16:02:00,3510.807435164848,0.00019441367981399502
2020-02-26 16:03:00,3509.5833185991105,0.0002044598171511538
2020-02-26 16:04:00,3510.764180290816,0.00019774778990191418
2020-02-26 16:05:00,3510.906068979521,0.0001864427159287692
2020-02-26 16:06:00,3511.0204762739004,0.0001769723685754881
2020-02-26 16:07:00,3509.970860851541,0.0001670321554235232
2020-02-26 16:08:00,3510.66450451044,0.0001737052593586071
2020-02-26 16:09:00,3510.657413715924,0.0001715331788865869
2020-02-26 16:10:00,3510.5499321929783,0.0001729873550421478
2020-02-26 16:11:00,3509.6905886756763,0.00017847168560071358
2020-02-26 16:12:00,3508.1602092204826,0.0001773676496312012
2020-02-26 16:13:00,3508.441121834515,0.00018338024823790842
2020-02-26 16:14:00,3508.5546654284008,0.0001825747167507687
2020-02-26 16:15:00,3508.488389938646,0.00018387671826656133
2020-02-26 16:16:00,3509.0961867038395,0.00019438103094637468
2020-02-26 16:17:00,3508.8629342686118,0.00019858272262825163
2020-02-26 16:18:00,3508.1145687744465,0.00019805656683192927
2020-02-26 16:19:00,3509.5323157202965,0.00020700350356569035
2020-02-26 16:20:00,3509.5783810053385,0.00021699652132039504
2020-02-26 16:21:00,3510.0921792315326,0.0002142400606293228
2020-02-26 16:22:00,3509.339130792727,0.0002246828132998545
2020-02-26 16:23:00,3509.1798800944116,0.00022611476734980105
2020-02-26 16:24:00,3509.4496511211173,0.00021640557086809566
2020-02-26 16:25:00,3508.9049020192106,0.00022738434369120965
2020-02-26 16:26:00,3508.8035302485337,0.00023261920613329329
2020-02-26 16:27:00,3508.633496883453,0.00023421463523666476
2020-02-26 16:28:00,3507.250298028452,0.0002370489465509314
2020-02-26 16:29:00,3507.770264053409,0.00023059568998146557
2020-02-26 16:30:00,3506.1366022996235,0.0002434476290223235
2020-02-26 16:31:00,3507.4000342527347,0.00023925179496214101
2020-02-26 16:32:00,3507.8022141458696,0.00024040865818355316
2020-02-26 16:33:00,3507.2854343426193,0.0002458527276000954
2020-02-26 16:34:00,3508.7305346536787,0.0002537988261640954
2020-02-26 16:35:00,3508.494744196251,0.0002377754414918096
2020-02-26 16:36:00,3508.2353907735333,0.00022221840371525284
2020-02-26 16:37:00,3508.671094437986,0.00021263963499014535
2020-02-26 16:38:00,3509.48734067807,0.00020277534655075826
2020-02-26 16:39:00,3510.857324268195,0.00021239938236301736
2020-02-26 16:40:00,3510.7530233278626,0.000195908865210792
2020-02-26 16:41:00,3511.424072825157,0.00019893945520486634
2020-02-26 16:42:00,3510.446836075896,0.00019692425953840207
2020-02-26 16:43:00,3510.963778776484,0.00018373859784023182
2020-02-26 16:44:00,3511.523009021997,0.0001822690542358545
2020-02-26 16:45:00,3511.6444316260126,0.00018354209520051143
2020-02-26 16:46:00,3511.1702735565186,0.0001862312439717018
2020-02-26 16:47:00,3511.313227219362,0.00018971242476992713
2020-02-26 16:48:00,3510.4150709212495,0.00019428755689931214
2020-02-26 16:49:00,3511.3169429786944,0.00020076710388513573
2020-02-26 16:50:00,3510.3620741907607,0.0002082617466491459
2020-02-26 16:51:00,3509.4801787566803,0.00019743268312372148
2020-02-26 16:52:00,3508.323958189143,0.00018803451385016964
2020-02-26 16:53:00,3508.720408973183,0.00017851292107415285
2020-02-26 16:54:00,3509.4795801319897,0.0001672333352730352
2020-02-26 16:55:00,3508.7650059517096,0.00017915160203473614
2020-02-26 16:56:00,3507.9591604575003,0.00017764750815484594
2020-02-26 16:57:00,3507.2627102571355,0.00016920908687360656
2020-02-26 16:58:00,3508.3588338984737,0.00018216784683731816
2020-02-26 16:59:00,3507.706422369241,0.0001787343472898283
2020-02-26 17:00:00,3507.0815961177404,0.00019251663266458982
2020-02-26 17:01:00,3506.1159916982688,0.00020076012846239835
2020-02-26 17:02:00,3505.545616714992,0.00018764253885609553
2020-02-26 17:03:00,3505.831042151653,0.0001970696667326299
2020-02-26 17:04:00,3504.566794943446,0.0001966666503396089
2020-02-26 17:05:00,3504.8099618098017,0.00021447538424301872
2020-02-26 17:06:00,3503.6415919129595,0.00020503170459251638
2020-02-26 17:07:00,3503.2685979320727,0.000206573859339128
2020-02-26 17:08:00,3502.4635114981047,0.0001954118860428085
2020-02-26 17:09:00,3502.527868756029,0.00021051006395815785
2020-02-26 17:10:00,3502.0261543596507,0.0002015420571403925
2020-02-26 17:11:00,3502.318033454029,0.00020687475356647188
2020-02-26 17:12:00,3502.6586164997034,0.00021004344548876391
2020-02-26 17:13:00,3503.144679887955,0.00021295814164824372
2020-02-26 17:14:00,3503.283115529172,0.00020569062678660953
2020-02-26 17:15:00,3503.067080149715,0.0002038748602490875
2020-02-26 17:16:00,3502.267315697245,0.00020551555829455978
2020-02-26 17:17:00,3501.4339532735758,0.0002161939142730345
2020-02-26 17:18:00,3501.0445203886347,0.00023520964052379408
2020-02-26 17:19:00,3501.940340150615,0.00024184273806832464
2020-02-26 17:20:00,3502.480219654069,0.0002300162344670463
2020-02-26 17:21:00,3501.308740715038,0.00022145213582647577
2020-02-26 17:22:00,3500.817221173409,0.00021322370616391062
2020-02-26 17:23:00,3499.47227291347,0.000213038603960986
2020-02-26 17:24:00,3500.2816659949717,0.00020759495422782666
2020-02-26 17:25:00,3500.6953038410275,0.00019433567770139467
2020-02-26 17:26:00,3501.2236336865544,0.00019490107738435008
2020-02-26 17:27:00,3501.0118619439786,0.00020083599830483052
2020-02-26 17:28:00,3501.6293967864526,0.0001973423330406285
2020-02-26 17:29:00,3502.586554398952,0.00018663217162027685
2020-02-26 17:30:00,3502.369420330188,0.00017899753016624974
2020-02-26 17:31:00,3502.143369075419,0.0001843269395475531
2020-02-26 17:32:00,3503.2292020270565,0.00018308748972854287
2020-02-26 17:33:00,3503.277398321705,0.00017715523721245716
2020-02-26 17:34:00,3503.8692783837955,0.00017833317578104822
2020-02-26 17:35:00,3504.0106563458453,0.00017164488073122936
2020-02-26 17:36:00,3503.547405967732,0.00017790922271336725
2020-02-26 17:37:00,3504.0875071844043,0.00018203506955966853
2020-02-26 17:38:00,3504.8357312105363,0.00018438802174289127
2020-02-26 17:39:00,3504.158054360937,0.0001804914494128545
2020-02-26 17:40:00,3503.6179050135693,0.00018920602061787387
2020-02-26 17:41:00,3504.038664375381,0.00018448791753010042
2020-02-26 17:42:00,3502.6468970161486,0.0001905778390771385
2020-02-26 17:43:00,3502.286047198366,0.0001802007235441672
2020-02-26 17:44:00,3502.898317487119,0.00019689994630924852
2020-02-26 17:45:00,3502.4698042723003,0.00020762807875091718
2020-02-26 17:46:00,3500.769259524841,0.00021432651145109852
2020-02-26 17:47:00,3500.393546545101,0.00020562063993620301
2020-02-26 17:48:00,3499.670970682989,0.00018701908109350162
2020-02-26 17:49:00,3499.135653192548,0.00019525870475198604
2020-02-26 17:50:00,3498.510071323845,0.00018123821103843818
2020-02-26 17:51:00,3499.5178142943387,0.00018512225736880996
2020-02-26 17:52:00,3499.545334654729,0.00020147324285967012
2020-02-26 17:53:00,3500.623437698462,0.0002053862720602865
2020-02-26 17:54:00,3500.0546861490916,0.00019997415857379278
2020-02-26 17:55:00,3500.736436909517,0.0002048210413353997
2020-02-26 17:56:00,3501.329499639765,0.00020969603527411148
2020-02-26 17:57:00,3499.66240641755,0.00020537111643986294
2020-02-26 17:58:00,3500.444158015073,0.0002219117704158275
2020-02-26 17:59:00,3501.781748676506,0.00023068097345378677
2020-02-26 18:00:00,3502.043417112608,0.0002165483247185653
2020-02-26 18:01:00,3502.0341300274895,0.00020522745969255154
2020-02-26 18:02:00,3501.447622655882,0.00020805613686811206
2020-02-26 18:03:00,3500.996644631653,0.00019719410517879177
2020-02-26 18:04:00,3501.466439648245,0.0002056141625901305
2020-02-26 18:05:00,3501.751893059165,0.00019088815083711494
2020-02-26 18:06:00,3500.5453596876423,0.00018366640251811853
2020-02-26 18:07:00,3501.900739043771,0.00019521190058744407
2020-02-26 18:08:00,3499.5974281707813,0.0002041723127440795
2020-02-26 18:09:00,3499.1617783851175,0.00019808620812078855
2020-02-26 18:10:00,3499.8923871798706,0.00019762035618297783
2020-02-26 18:11:00,3500.1548315595855,0.00018468029443735536
2020-02-26 18:12:00,3500.318385307718,0.00018471867138241763
2020-02-26 18:13:00,3501.5960478907277,0.00018527691607359478
2020-02-26 18:14:00,3501.6124319821315,0.00017067467168977173
2020-02-26 18:15:00,3502.4059073106437,0.00017543670671908295
2020-02-26 18:16:00,3502.509100483462,0.0001860129328378572
2020-02-26 18:17:00,3503.2797481112807,0.00018950510072604415
2020-02-26 18:18:00,3503.052152473612,0.0001899820705175661
2020-02-26 18:19:00,3503.5254709014525,0.00019843347817526265
2020-02-26 18:20:00,3503.9080376904662,0.00020020907053090148
2020-02-26 18:21:00,3503.859534703826,0.00020562009759633068
2020-02-26 18:22:00,3502.7642334666134,0.00022106846828280155
2020-02-26 18:23:00,3504.1078161087676,0.0002255265859309377
2020-02-26 18:24:00,3504.4962746599854,0.0002163928896683801
2020-02-26 18:25:00,3503.9137642913297,0.00021519808917487465
2020-02-26 18:26:00,3504.168879153894,0.0002172926128604094
2020-02-26 18:27:00,3504.069295423873,0.00022770071752021228
2020-02-26 18:28:00,3504.2024426324197,0.0002244552645499261
2020-02-26 18:29:00,3502.9343566617745,0.0002322719712249981
2020-02-26 18:30:00,3503.6896404613176,0.00024129060846840857
2020-02-26 18:31:00,3503.460857387673,0.00024630482279941343
2020-02-26 18:32:00,3504.006223690885,0.0002527882959591649
2020-02-26 18:33:00,3504.8088289593597,0.0002591075895450751
2020-02-26 18:34:00,3503.712770168347,0.00025119776613528736
2020-02-26 18:35:00,3503.440664447309,0.00023911936369247713
2020-02-26 18:36:00,3504.2652751169016,0.00026006166752905483
2020-02-26 18:37:00,3503.9234039550715,0.0002521511751314326
2020-02-26 18:38:00,3504.3246642964846,0.00022989493822906732
2020-02-26 18:39:00,3503.995996476065,0.0002292661782912642
2020-02-26 18:40:00,3503.5860127864244,0.00024253544715226546
2020-02-26 18:41:00,3503.762171361958,0.00023427536650394155
2020-02-26 18:42:00,3504.4398973519733,0.0002401633296282425
2020-02-26 18:43:00,3503.3603531032672,0.00024046561902766255
2020-02-26 18:44:00,3503.2746910052556,0.0002354864992852917
2020-02-26 18:45:00,3503.4654071294385,0.00023797032893080363
2020-02-26 18:46:00,3503.5684330501404,0.00023059236420223212
2020-02-26 18:47:00,3503.4874915380324,0.000252847292909873
2020-02-26 18:48:00,3501.524200536095,0.00024510903615309633
2020-02-26 18:49:00,3500.2253549884567,0.00023179752894557994
2020-02-26 18:50:00,3501.500221143575,0.0002352226580530031
2020-02-26 18:51:00,3500.581823615533,0.00024653636496812896
2020-02-26 18:52:00,3498.8535567100694,0.00025103656728286733
2020-02-26 18:53:00,3499.0276719611315,0.0002665833147930537
2020-02-26 18:54:00,3499.336597296426,0.00026400091918065034
2020-02-26 18:55:00,3499.7180619693345,0.00026807598588551607
2020-02-26 18:56:00,3501.425762608319,0.0002651473284229715
2020-02-26 18:57:00,3501.6210339012828,0.00024404509955953154
2020-02-26 18:58:00,3502.1800028544717,0.0002382878355492262
2020-02-26 18:59:00,3501.8439526476964,0.00024223233121694506
2020-02-26 19:00:00,3502.3399716317026,0.0002397191173871744
2020-02-26 19:01:00,3502.715687734439,0.00025670705504151974
2020-02-26 19:02:00,3501.7497725446024,0.0002554704884300786
2020-02-26 19:03:00,3502.7762478088453,0.00026126017256214364
2020-02-26 19:04:00,3503.073097880631,0.0002560787967786519
2020-02-26 19:05:00,3503.452768271992,0.0002450480864692433
2020-02-26 19:06:00,3502.667787502444,0.00024117426668755675
2020-02-26 19:07:00,3503.584963720347,0.00024902252676087537
2020-02-26 19:08:00,3504.048984137594,0.00025794940235028123
2020-02-26 19:09:00,3504.3432061565986,0.00025723055217620363
2020-02-26 19:10:00,3505.0420749253262,0.0002727527454007295
2020-02-26 19:11:00,3504.9821988780764,0.0002709661340759654
2020-02-26 19:12:00,3503.57149925134,0.00029374133809158617
2020-02-26 19:13:00,3502.618486126419,0.0003070081783558989
2020-02-26 19:14:00,3501.225994215443,0.00032363384237250534
2020-02-26 19:15:00,3501.067624812215,0.0003373883077814991
2020-02-26 19:16:00,3502.9648620084554,0.0003246939947867848
2020-02-26 19:17:00,3504.2085538588485,0.0003113492834195385
2020-02-26 19:18:00,3502.6434666155596,0.000318867903251022
2020-02-26 19:19:00,3502.4977306627775,0.0003556698971370296
2020-02-26 19:20:00,3502.2307889212148,0.0003591161254481991
2020-02-26 19:21:00,3500.610234709728,0.00036839807169739567
2020-02-26 19:22:00,3499.4908210543977,0.00037577929300035555
2020-02-26 19:23:00,3499.0155118484945,0.0003800646277099129
2020-02-26 19:24:00,3499.511579341611,0.0004177532993225201
2020-02-26 19:25:00,3498.842001579396,0.0004462808403887505
2020-02-26 19:26:00,3497.8253413429584,0.000434211680444214
2020-02-26 19:27:00,3497.757511554901,0.0004245881892270898
2020-02-26 19:28:00,3498.8143495503014,0.00040082204732410666
2020-02-26 19:29:00,3500.162382687247,0.0003962444644912361
2020-02-26 19:30:00,3499.5213305864895,0.0004365405218542565
2020-02-26 19:31:00,3500.4668155723693,0.00044730259494750723
2020-02-26 19:32:00,3498.7244510044225,0.000449370860240328
2020-02-26 19:33:00,3499.405358735243,0.00043099489789777103
2020-02-26 19:34:00,3500.2714857373207,0.0004369827494793285
2020-02-26 19:35:00,3500.63060237727,0.00045077716381917207
2020-02-26 19:36:00,3499.499712840682,0.0004212159472769932
2020-02-26 19:37:00,3498.646240687401,0.00042648395520310516
2020-02-26 19:38:00,3497.824925992254,0.00044544783775786185
2020-02-26 19:39:00,3497.0018450255434,0.00043347949900535674
2020-02-26 19:40:00,3499.061022721731,0.00042014202292520815
2020-02-26 19:41:00,3499.3330770541165,0.00041515287158310176
2020-02-26 19:42:00,3502.0151926378367,0.0004427881445887432
2020-02-26 19:43:00,3500.6803238168286,0.00045100666249236424
2020-02-26 19:44:00,3500.40956873432,0.00045690023313919165
2020-02-26 19:45:00,3498.751554991694,0.00047335044750228646
2020-02-26 19:46:00,3499.7374185348235,0.00047256533851107154
2020-02-26 19:47:00,3502.5908438432725,0.0004549418509201162
2020-02-26 19:48:00,3501.0517250549765,0.0004494218334368742
2020-02-26 19:49:00,3501.484329326083,0.0004476792995394127
2020-02-26 19:50:00,3499.5370639208536,0.00039589979034874485
2020-02-26 19:51:00,3498.7101544382344,0.0003952552787983157
2020-02-26 19:52:00,3500.487821360716,0.00039037365062147527
2020-02-26 19:53:00,3499.443215541382,0.0003698643487524607
2020-02-26 19:54:00,3498.936262842898,0.0003619543107341865
2020-02-26 19:55:00,3499.0143794410333,0.0003522342840931518
2020-02-26 19:56:00,3499.6627176913526,0.00034867179077640464
2020-02-26 19:57:00,3498.8571687314734,0.00032121600654408584
2020-02-26 19:58:00,3499.0367632387224,0.0003144737284819533
2020-02-26 19:59:00,3499.0248162830635,0.0003206943667143013
2020-02-27 13:30:00,3412.2683210800146,0.00032487501457266845
2020-02-27 13:31:00,3413.226938755952,0.00032942576667181414
2020-02-27 13:32:00,3413.558502746862,0.00030035105399902094
2020-02-27 13:33:00,3412.6682827873024,0.0002811329437105736
2020-02-27 13:34:00,3412.1304972240323,0.000286923534810874
2020-02-27 13:35:00,3412.1067253905476,0.0003015639237810584
2020-02-27 13:36:00,3412.2668159220525,0.00027151938018812985
2020-02-27 13:37:00,3411.6779826658158,0.0002715774708644902
2020-02-27 13:38:00,3412.2919911056306,0.00029167119373141006
2020-02-27 13:39:00,3413.789951939858,0.00029477138305383115
2020-02-27 13:40:00,3412.9175269937627,0.00029664857471190464
2020-02-27 13:41:00,3414.481178189189,0.00030951533289166135
2020-02-27 13:42:00,3413.9369345582977,0.0002967858205678189
2020-02-27 13:43:00,3413.0516518023887,0.00029112699671166796
2020-02-27 13:44:00,3413.285271452674,0.0002997715042968831
2020-02-27 13:45:00,3412.9938910786723,0.0003041718571719325
2020-02-27 13:46:00,3412.681488116842,0.00029234224062012784
2020-02-27 13:47:00,3412.1171819804367,0.00029433253273273625
2020-02-27 13:48:00,3413.5379698874335,0.00028843609245205126
2020-02-27 13:49:00,3413.2966205869648,0.00028569429503666976
2020-02-27 13:50:00,3412.5367311618734,0.00030235911560511477
2020-02-27 13:51:00,3412.1277958532614,0.00028686083894294794
2020-02-27 13:52:00,3411.242451769077,0.0002833913136064463
2020-02-27 13:53:00,3411.6172374675284,0.0002894048768993147
2020-02-27 13:54:00,3411.832252665521,0.0003005278615050484
2020-02-27 13:55:00,3412.823926201658,0.0002968763825385671
2020-02-27 13:56:00,3412.662898155523,0.000304337470211902
2020-02-27 13:57:00,3411.243233564648,0.00031508871689268263
2020-02-27 13:58:00,3411.8221661542284,0.0003131055894628689
2020-02-27 13:59:00,3410.2528218058433,0.00031342551352663884
2020-02-27 14:00:00,3409.5703551359284,0.00031274176383134405
2020-02-27 14:01:00,3409.123840411087,0.0003254377747933213
2020-02-27 14:02:00,3408.309395765136,0.00031838990862140894
2020-02-27 14:03:00,3408.8216826088146,0.00033102503377672126
2020-02-27 14:04:00,3408.6090697779364,0.00034402627939765854
2020-02-27 14:05:00,3409.131100096446,0.0003380527329966773
2020-02-27 14:06:00,3408.6881163871985,0.0003260867560591168
2020-02-27 14:07:00,3408.818183896651,0.00029970564557552315
2020-02-27 14:08:00,3408.5218187767546,0.00029908022363298167
2020-02-27 14:09:00,3410.265581654948,0.00031814656266678453
2020-02-27 14:10:00,3411.628936836895,0.0002824735037567848
2020-02-27 14:11:00,3411.9266410422415,0.00029490374557826645
2020-02-27 14:12:00,3411.5598151845184,0.0003014003561728946
2020-02-27 14:13:00,3411.2919166363663,0.00030932788626830823
2020-02-27 14:14:00,3410.765168180481,0.0003218376036288878
2020-02-27 14:15:00,3410.5521013420316,0.00031193631926759735
2020-02-27 14:16:00,3411.6749108842,0.00031322789170819477
2020-02-27 14:17:00,3410.588319833099,0.0003439802614577126
2020-02-27 14:18:00,3413.3571120663187,0.0003501658690200275
2020-02-27 14:19:00,3413.1183461831793,0.0003317328911776284
2020-02-27 14:20:00,3415.9307277429775,0.0003272528409115201
2020-02-27 14:21:00,3417.1244508651416,0.00032203982447392916
2020-02-27 14:22:00,3418.2434012544113,0.0002983793477171426
2020-02-27 14:23:00,3419.121562884415,0.00030133475777580564
2020-02-27 14:24:00,3419.086276888822,0.00031257294266150024
2020-02-27 14:25:00,3421.0892853624077,0.0003017445192829951
2020-02-27 14:26:00,3420.350197043864,0.00029890126237325796
2020-02-27 14:27:00,3419.7284250654407,0.0002956287909275975
2020-02-27 14:28:00,3420.710577559805,0.0002822272952806357
2020-02-27 14:29:00,3420.521476413783,0.00029743523755588547
2020-02-27 14:30:00,3419.019194783545,0.00032359111502084547
2020-02-27 14:31:00,3418.6516887996195,0.00032523483896153835
2020-02-27 14:32:00,3419.143888226685,0.00032736455561915357
2020-02-27 14:33:00,3418.305025083741,0.00032668225470000416
2020-02-27 14:34:00,3417.6444428255277,0.00034839088419235363
2020-02-27 14:35:00,3417.5525755439126,0.0003352058606367337
2020-02-27 14:36:00,3416.10155980959,0.0003461313610383594
2020-02-27 14:37:00,3414.187334391859,0.00034778448918179014
2020-02-27 14:38:00,3412.8050882662355,0.000345409551402387
2020-02-27 14:39:00,3411.966558633183,0.0003275152070777481
2020-02-27 14:40:00,3412.249354083702,0.00033260655431778486
2020-02-27 14:41:00,3410.5494854792423,0.00034859051022852324
2020-02-27 14:42:00,3410.3062632269075,0.00032785005729278366
2020-02-27 14:43:00,3410.6034652431226,0.0003315300760324115
2020-02-27 14:44:00,3411.450654889827,0.0003520983100214802
2020-02-27 14:45:00,3410.3462558021547,0.00036729005943223473
2020-02-27 14:46:00,3407.9496786412883,0.0003801104369841508
2020-02-27 14:47:00,3408.847542301929,0.00038488654588865386
2020-02-27 14:48:00,3410.8854716343008,0.00039199165656404413
2020-02-27 14:49:00,3410.6899937770854,0.0003861894611530565
2020-02-27 14:50:00,3410.4939517320113,0.0003748574880812191
2020-02-27 14:51:00,3409.9359138781692,0.0003876593325963991
2020-02-27 14:52:00,3409.6901754685628,0.000395375127487392
2020-02-27 14:53:00,3409.9033499157545,0.0004027400291358181
2020-02-27 14:54:00,3411.286655136858,0.0003837761645201045
2020-02-27 14:55:00,3411.1679602200047,0.00038945854208835513
2020-02-27 14:56:00,3410.2548222446294,0.00037742552403075035
2020-02-27 14:57:00,3410.0261334142706,0.0003704466870568108
2020-02-27 14:58:00,3409.460679007637,0.00035563760564021307
2020-02-27 14:59:00,3409.2993614203388,0.00034694720852313394
2020-02-27 15:00:00,3411.144968478196,0.0003400126077433202
2020-02-27 15:01:00,3412.6870898310585,0.00032890433786798975
2020-02-27 15:02:00,3410.4928214032752,0.00035061663394118193
2020-02-27 15:03:00,3409.1281469721016,0.00033149793207040235
2020-02-27 15:04:00,3409.851019955564,0.00033793304823951883
2020-02-27 15:05:00,3408.346204732526,0.0003617955175745701
2020-02-27 15:06:00,3410.318520392697,0.0003825620776397092
2020-02-27 15:07:00,3410.3080393707883,0.0003662864315243247
2020-02-27 15:08:00,3408.6697029894376,0.00035263306627678087
2020-02-27 15:09:00,3409.216111273536,0.0003710853923318011
2020-02-27 15:10:00,3407.8298287145312,0.0003731190021489487
2020-02-27 15:11:00,3406.607139127642,0.0003493246488234316
2020-02-27 15:12:00,3406.536855760413,0.0003519688890045062
2020-02-27 15:13:00,3405.722539178725,0.00037571407390552675
2020-02-27 15:14:00,3404.5598418901404,0.0003440833608691693
2020-02-27 15:15:00,3404.248070327992,0.0003379536314788412
2020-02-27 15:16:00,3404.359221232022,0.00033085387486613736
2020-02-27 15:17:00,3406.1494138463586,0.0003491117778963868
2020-02-27 15:18:00,3406.0485892593388,0.0003472561078488141
2020-02-27 15:19:00,3404.519316872865,0.00035083023120552787
2020-02-27 15:20:00,3404.7166236143876,0.00032736094212930595
2020-02-27 15:21:00,3404.3799111023395,0.00033466153710896656
2020-02-27 15:22:00,3403.1570608100574,0.0003393976345621497
2020-02-27 15:23:00,3403.5894408874947,0.00031968879774482744
2020-02-27 15:24:00,3403.4202646904046,0.0003209976390491565
2020-02-27 15:25:00,3403.0237512004915,0.00035480987126408896
2020-02-27 15:26:00,3403.1504387120112,0.00035977754565644714
2020-02-27 15:27:00,3402.9832272747467,0.0003914367274874374
2020-02-27 15:28:00,3400.8418840027666,0.0003834161003703418
2020-02-27 15:29:00,3400.641684967201,0.00036738194068150704
2020-02-27 15:30:00,3400.5768987667616,0.00035841418056688055
2020-02-27 15:31:00,3401.2953711072223,0.00035953025318889443
2020-02-27 15:32:00,3400.679815253243,0.0003529019901481126
2020-02-27 15:33:00,3400.9551620047628,0.0003515024475692583
2020-02-27 15:34:00,3402.824221507635,0.00034418874633988946
2020-02-27 15:35:00,3403.82291581401,0.0003418301497448323
2020-02-27 15:36:00,3404.9465735694284,0.0003476504189759029
2020-02-27 15:37:00,3406.5708703328164,0.0003519635758425978
2020-02-27 15:38:00,3406.4718560341453,0.00034359287361581016
2020-02-27 15:39:00,3406.5585409399155,0.0003713344776296982
2020-02-27 15:40:00,3405.556999174553,0.0003615510977624985
2020-02-27 15:41:00,3404.088306342887,0.00036835703398526196
2020-02-27 15:42:00,3404.858460469266,0.00034362990861076456
2020-02-27 15:43:00,3405.708220872679,0.000373505995316919
2020-02-27 15:44:00,3404.979153722434,0.00037118449487869324
2020-02-27 15:45:00,3405.0121111701797,0.00036943050965127254
2020-02-27 15:46:00,3404.0193073926516,0.00036043219674328263
2020-02-27 15:47:00,3401.744412501487,0.00035898175876766244
2020-02-27 15:48:00,3401.8658350500054,0.00035877040084598163
2020-02-27 15:49:00,3402.1604890029867,0.0003459145967537221
2020-02-27 15:50:00,3404.7864004324615,0.0003601224354533429
2020-02-27 15:51:00,3403.2638597600917,0.00039133229612806303
2020-02-27 15:52:00,3403.9692274556282,0.00039240872290161754
2020-02-27 15:53:00,3403.0992756782266,0.00039366208954714425
2020-02-27 15:54:00,3403.055026512787,0.00040226948628468875
2020-02-27 15:55:00,3401.787932751819,0.0004166207906727583
2020-02-27 15:56:00,3404.75504328599,0.0004479409696834766
2020-02-27 15:57:00,3403.3882583675068,0.0004416393856202723
2020-02-27 15:58:00,3402.720593230286,0.00040941757185110735
2020-02-27 15:59:00,3404.8474365546244,0.00040575220147239736
2020-02-27 16:00:00,3405.7053248994353,0.00042881885388847753
2020-02-27 16:01:00,3408.0173679569107,0.00043839244138139255
2020-02-27 16:02:00,3406.1147883531785,0.000440887000059879
2020-02-27 16:03:00,3405.182892527882,0.00044683367491281725
2020-02-27 16:04:00,3408.072129474397,0.00045276318835782696
2020-02-27 16:05:00,3405.2789566691768,0.0004270428715044955
2020-02-27 16:06:00,3402.783211486673,0.00041697759940017345
2020-02-27 16:07:00,3404.9244626480954,0.0003981530702460473
2020-02-27 16:08:00,3404.484717912156,0.0003953176086305449
2020-02-27 16:09:00,3402.2846685485692,0.00041074996667417183
2020-02-27 16:10:00,3403.3308832868406,0.00041762747830209314
2020-02-27 16:11:00,3401.517091904674,0.0004179211252884132
2020-02-27 16:12:00,3400.4054986395117,0.00041021716662894696
2020-02-27 16:13:00,3401.2883737255447,0.00040464207256025954
2020-02-27 16:14:00,3400.4412521773584,0.0004061933069012331
2020-02-27 16:15:00,3399.12382070903,0.00038566383378354455
2020-02-27 16:16:00,3399.2372676836717,0.0003885939413204833
2020-02-27 16:17:00,3397.09221911818,0.0003487121135830715
2020-02-27 16:18:00,3395.553567323516,0.0003515384411100411
2020-02-27 16:19:00,3395.3543324533907,0.00034255907842654584
2020-02-27 16:20:00,3394.34061865172,0.0003513580086227358
2020-02-27 16:21:00,3394.152984470067,0.0003425308504402107
2020-02-27 16:22:00,3394.7609618116867,0.00031058631566884513
2020-02-27 16:23:00,3395.9798259221025,0.00031332009469926185
2020-02-27 16:24:00,3394.536984056098,0.0003275460555763206
2020-02-27 16:25:00,3392.8689288413034,0.0003334601948585831
2020-02-27 16:26:00,3391.421520378137,0.00032725270849120753
2020-02-27 16:27:00,3392.5661282857195,0.0003466884283940436
2020-02-27 16:28:00,3390.568601508171,0.00035273733403638573
2020-02-27 16:29:00,3390.362764460178,0.0003624304281421487
2020-02-27 16:30:00,3390.763800803801,0.0003798933978058451
2020-02-27 16:31:00,3392.1739159846898,0.0003746525850650658
2020-02-27 16:32:00,3392.995305881584,0.00033730760446622893
2020-02-27 16:33:00,3390.842486926176,0.0003905255863136561
2020-02-27 16:34:00,3387.6320033358334,0.00038636218051741223
2020-02-27 16:35:00,3386.7721856223534,0.0003742282777940951
2020-02-27 16:36:00,3385.767336850473,0.00034545255555516724
2020-02-27 16:37:00,3387.267356703965,0.00037903933561067387
2020-02-27 16:38:00,3386.828040872657,0.0003953044657637204
2020-02-27 16:39:00,3385.6103748911364,0.0003973903909351063
2020-02-27 16:40:00,3386.008797509313,0.00039623785159771175
2020-02-27 16:41:00,3386.8975035320304,0.00039599963895253483
2020-02-27 16:42:00,3385.798129277948,0.0003878767383492765
2020-02-27 16:43:00,3385.4124066310287,0.000370641037363412
2020-02-27 16:44:00,3386.1604910064866,0.0003889177635477463
2020-02-27 16:45:00,3387.3549509094178,0.00038760441563016114
2020-02-27 16:46:00,3386.5062009997646,0.00036776874197863845
2020-02-27 16:47:00,3386.5787157406376,0.0003688491187664582
2020-02-27 16:48:00,3385.315024436883,0.00037124861721951754
2020-02-27 16:49:00,3384.144868754915,0.00038261345101874516
2020-02-27 16:50:00,3385.8425900926118,0.00038286048514698796
2020-02-27 16:51:00,3384.832011565506,0.0003992374887546778
2020-02-27 16:52:00,3386.457530210864,0.00042848580704327893
2020-02-27 16:53:00,3386.8956042751615,0.0003998385833018333
2020-02-27 16:54:00,3387.5423295152714,0.00042162280603945845
2020-02-27 16:55:00,3389.0050731373044,0.0004274706410096462
2020-02-27 16:56:00,3389.612301178084,0.000417010812011256
2020-02-27 16:57:00,3386.591211312421,0.0004534427134549858
2020-02-27 16:58:00,3386.3620289503488,0.00047101537732635986
2020-02-27 16:59:00,3389.3329227593736,0.0004914227137642244
2020-02-27 17:00:00,3389.643237190034,0.00047908099970591375
2020-02-27 17:01:00,3390.793596191235,0.0004482348486487671
2020-02-27 17:02:00,3391.0606768684934,0.00045496335941157143
2020-02-27 17:03:00,3391.9146768289297,0.00044003564634696187
2020-02-27 17:04:00,3390.907904172768,0.0004473028298404685
2020-02-27 17:05:00,3392.2372632369847,0.00047721230918760556
2020-02-27 17:06:00,3392.7188028239952,0.0005188653018219188
2020-02-27 17:07:00,3389.5983852104446,0.0005401387298539276
2020-02-27 17:08:00,3392.3921554111744,0.0005582726003560648
2020-02-27 17:09:00,3393.7438068096767,0.0006057562440916603
2020-02-27 17:10:00,3393.284868400342,0.0006213058460518759
2020-02-27 17:11:00,3394.4002156026136,0.0006314110266397777
2020-02-27 17:12:00,3396.38422106447,0.0006629469096429769
2020-02-27 17:13:00,3395.3202356960946,0.0006851101203580495
2020-02-27 17:14:00,3402.3998262837617,0.0006554622614151521
2020-02-27 17:15:00,3399.6880165511984,0.000633055753112226
2020-02-27 17:16:00,3400.516230588574,0.0006126209376235051
2020-02-27 17:17:00,3398.589026931755,0.0006491218933500362
2020-02-27 17:18:00,3400.3964308577342,0.0006070148085855836
2020-02-27 17:19:00,3396.2817588988382,0.0005621623711456608
2020-02-27 17:20:00,3394.7277029512884,0.0006026246369703635
2020-02-27 17:21:00,3396.639215539059,0.0005710674128590041
2020-02-27 17:22:00,3394.6838085006593,0.0005728824458412752
2020-02-27 17:23:00,3395.9704946643387,0.0006077628257323037
2020-02-27 17:24:00,3395.9855005413388,0.0006064981403900187
2020-02-27 17:25:00,3394.821040706135,0.00059279684478734
2020-02-27 17:26:00,3394.98222370029,0.0006377277713414509
2020-02-27 17:27:00,3397.7988315931407,0.0006231633737038717
2020-02-27 17:28:00,3398.426485874245,0.0006422098053680157
2020-02-27 17:29:00,3399.5990079982544,0.0006189645354553448
2020-02-27 17:30:00,3401.0078014083374,0.0005951897167337299
2020-02-27 17:31:00,3400.678286098404,0.0005786499902902668
2020-02-27 17:32:00,3399.107321981964,0.00060641972907501
2020-02-27 17:33:00,3394.923037274996,0.0006196581598834592
2020-02-27 17:34:00,3392.9678796717153,0.000609002053535908
2020-02-27 17:35:00,3395.7204909124957,0.0006123340703121981
2020-02-27 17:36:00,3392.568497195142,0.0005860529914382566
2020-02-27 17:37:00,3394.6139064322824,0.0005761633570018357
2020-02-27 17:38:00,3394.8048663662566,0.0006141226556322937
2020-02-27 17:39:00,3394.089230320186,0.0006645285000869208
2020-02-27 17:40:00,3393.528974192411,0.0006482138153339167
2020-02-27 17:41:00,3397.2112750577367,0.0006357185824284118
2020-02-27 17:42:00,3396.557679036217,0.0006345847217542328
2020-02-27 17:43:00,3393.4028849444735,0.0006539958707940209
2020-02-27 17:44:00,3393.321171013503,0.0006574106658520713
2020-02-27 17:45:00,3399.0662185544716,0.0006263803656321276
2020-02-27 17:46:00,3399.5386921887984,0.0006343827921115635
2020-02-27 17:47:00,3399.1382419455217,0.0006401959387999492
2020-02-27 17:48:00,3397.1119481060005,0.000600561589649329
2020-02-27 17:49:00,3395.1681055726517,0.0006341847203045932
2020-02-27 17:50:00,3393.432055162881,0.0006314728209774894
2020-02-27 17:51:00,3392.1328196833615,0.0006063354041296204
2020-02-27 17:52:00,3389.2357061628054,0.0005759199438386363
2020-02-27 17:53:00,3389.606465429514,0.0005714494765840498
2020-02-27 17:54:00,3392.1366784319293,0.0005575748440792176
2020-02-27 17:55:00,3392.1379564939302,0.0005384873394748766
2020-02-27 17:56:00,3395.5475732864234,0.0005859465632352047
2020-02-27 17:57:00,3397.6411777240714,0.0006019228339869831
2020-02-27 17:58:00,3398.3674681431617,0.0006840690106673029
2020-02-27 17:59:00,3398.0202902844067,0.0006733315231668798
2020-02-27 18:00:00,3403.7811846908266,0.0007188256898557541
2020-02-27 18:01:00,3401.862110085211,0.0007491400578218627
2020-02-27 18:02:00,3406.6347148741306,0.000771077956797752
2020-02-27 18:03:00,3408.1955689623755,0.0007878844835726019
2020-02-27 18:04:00,3407.2516588425487,0.0007529902134323049
2020-02-27 18:05:00,3407.4253941502157,0.0007439241021899064
2020-02-27 18:06:00,3406.794724114104,0.0007228849019436069
2020-02-27 18:07:00,3403.2851455103337,0.0007379378550510979
2020-02-27 18:08:00,3406.9910897159116,0.0007544046382778107
2020-02-27 18:09:00,3407.4347031135694,0.0007473211780098947
2020-02-27 18:10:00,3409.083066668344,0.0007636548680538507
2020-02-27 18:11:00,3408.693199695694,0.0007677874223430543
2020-02-27 18:12:00,3409.188878382516,0.0007706088792683093
2020-02-27 18:13:00,3410.887163589648,0.0007502276233061706
2020-02-27 18:14:00,3411.332424112319,0.0007820097635277249
2020-02-27 18:15:00,3411.7900319347173,0.000755744016617964
2020-02-27 18:16:00,3408.640738143224,0.0006906088650216092
2020-02-27 18:17:00,3410.0799360197684,0.0007269822906671483
2020-02-27 18:18:00,3410.6753547411095,0.0007364199633924401
2020-02-27 18:19:00,3408.9351191088176,0.0007800274630362286
2020-02-27 18:20:00,3409.5314679542507,0.0007571394379564834
2020-02-27 18:21:00,3405.8456870933746,0.0007426310286272209
2020-02-27 18:22:00,3405.689708247829,0.0007319381023422206
2020-02-27 18:23:00,3403.045698402561,0.0007189178367763394
2020-02-27 18:24:00,3404.7365787443828,0.000695835365182297
2020-02-27 18:25:00,3407.1108906649542,0.0006949516744677308
2020-02-27 18:26:00,3407.5039044276714,0.0006889239963194927
2020-02-27 18:27:00,3406.7815376424865,0.0006993506878027087
2020-02-27 18:28:00,3405.4781433358303,0.0007055580235981868
2020-02-27 18:29:00,3406.3718475017754,0.0007110902072472044
2020-02-27 18:30:00,3404.49774624002,0.0007279190776833819
2020-02-27 18:31:00,3405.16543720028,0.0007349908004211184
2020-02-27 18:32:00,3401.5404390118592,0.0007064446182332258
2020-02-27 18:33:00,3399.9034770271032,0.0006897462890057019
2020-02-27 18:34:00,3395.8538926566675,0.0006797050518214231
2020-02-27 18:35:00,3392.964527664921,0.0006683482615040351
2020-02-27 18:36:00,3393.763111359756,0.0006869586442091711
2020-02-27 18:37:00,3396.555160692619,0.0006208437312528927
2020-02-27 18:38:00,3393.7653136117806,0.0005957402989553278
2020-02-27 18:39:00,3396.629711223457,0.0005902531083454417
2020-02-27 18:40:00,3398.3173577815664,0.0006059036578089678
2020-02-27 18:41:00,3398.2429125963945,0.000634480603586027
2020-02-27 18:42:00,3399.964663590369,0.0006274529664858735
2020-02-27 18:43:00,3399.777746566988,0.0006300844233320708
2020-02-27 18:44:00,3398.5732072790433,0.0006422818951126473
2020-02-27 18:45:00,3400.851132310611,0.0006013978867371049
2020-02-27 18:46:00,3402.399350195524,0.0006153986909679098
2020-02-27 18:47:00,3404.838910248839,0.0006206918260612832
2020-02-27 18:48:00,3400.8897301280704,0.0006289533404385412
2020-02-27 18:49:00,3400.3917099512923,0.00063097047640373
2020-02-27 18:50:00,3399.919918762665,0.000654166914469163
2020-02-27 18:51:00,3395.7831705085996,0.0006265261869281022
2020-02-27 18:52:00,3397.1346141046947,0.0006634635476141504
2020-02-27 18:53:00,3397.531079629894,0.0007034324976216027
2020-02-27 18:54:00,3394.8949320130146,0.0007224669086241271
2020-02-27 18:55:00,3394.033657339517,0.0007398196272004691
2020-02-27 18:56:00,3394.0543063345563,0.0007168971374738729
2020-02-27 18:57:00,3392.612946122099,0.00072773689734224
2020-02-27 18:58:00,3390.654864095188,0.0007224619927341302
2020-02-27 18:59:00,3393.19517201167,0.0007577425662467634
2020-02-27 19:00:00,3395.169443251975,0.0007303895917425125
2020-02-27 19:01:00,3396.4341802910044,0.0006600287414934856
2020-02-27 19:02:00,3401.5276128274495,0.0007136349070276367
2020-02-27 19:03:00,3402.605682582993,0.0007213532214723059
2020-02-27 19:04:00,3402.3565642047033,0.0007117559760370627
2020-02-27 19:05:00,3403.5863249195495,0.0007093719870645284
2020-02-27 19:06:00,3401.5643019798467,0.0006709744974799545
2020-02-27 19:07:00,3404.4551085028997,0.000653341317386656
2020-02-27 19:08:00,3407.7999482020987,0.0006599773073566695
2020-02-27 19:09:00,3407.776165036085,0.000721230464958241
2020-02-27 19:10:00,3408.519697635408,0.0006937426691964485
2020-02-27 19:11:00,3410.1440868106693,0.0006914292754352502
2020-02-27 19:12:00,3410.5353119101096,0.0006663902004009537
2020-02-27 19:13:00,3411.0572452669535,0.0006839480898545957
2020-02-27 19:14:00,3409.8814009757525,0.0006993157688282705
2020-02-27 19:15:00,3414.3951216301184,0.0006761657593276411
2020-02-27 19:16:00,3415.256000442802,0.0007092561834313421
2020-02-27 19:17:00,3418.5094342568,0.0006625953368254651
2020-02-27 19:18:00,3420.6094718928284,0.0006529385295596306
2020-02-27 19:19:00,3419.402576485777,0.0005992841844431826
2020-02-27 19:20:00,3418.020011868146,0.0005665042066844533
2020-02-27 19:21:00,3415.1741108740575,0.0005904291607663805
2020-02-27 19:22:00,3414.4538767801837,0.0006032378968597864
2020-02-27 19:23:00,3413.6593310713974,0.0006408400575060152
2020-02-27 19:24:00,3414.1039462914287,0.0006272877062559486
2020-02-27 19:25:00,3416.684839480517,0.0006064255028130769
2020-02-27 19:26:00,3418.1731107993846,0.0006239244006759143
2020-02-27 19:27:00,3414.440016271038,0.000638027651174779
2020-02-27 19:28:00,3415.909844292371,0.0006344157410643115
2020-02-27 19:29:00,3415.036763074347,0.000643943222091341
2020-02-27 19:30:00,3416.269377454369,0.0006362789865567118
2020-02-27 19:31:00,3417.488757975948,0.000688042534964216
2020-02-27 19:32:00,3415.1906453962683,0.0006721615345506608
2020-02-27 19:33:00,3412.696449979385,0.0006744231664687551
2020-02-27 19:34:00,3412.8944671379395,0.000674207361694052
2020-02-27 19:35:00,3414.038636188312,0.0006649326721377437
2020-02-27 19:36:00,3413.7183491287765,0.0006527910867194174
2020-02-27 19:37:00,3413.76190097563,0.0006449513453150087
2020-02-27 19:38:00,3415.2060456670897,0.0006383885247955529
2020-02-27 19:39:00,3415.0419220338667,0.0006408939938518968
2020-02-27 19:40:00,3412.784944996357,0.0006727627784946765
2020-02-27 19:41:00,3411.1823866277764,0.0006703921277713553
2020-02-27 19:42:00,3410.0633132606995,0.0007030877480324393
2020-02-27 19:43:00,3409.257442339791,0.0007101711795745536
2020-02-27 19:44:00,3412.1854299094725,0.0007000779511201484
2020-02-27 19:45:00,3413.7799900107134,0.0007133433302853754
2020-02-27 19:46:00,3411.8461161488517,0.000708804479919088
2020-02-27 19:47:00,3409.804781811846,0.0007154173425095803
2020-02-27 19:48:00,3412.814051433575,0.0006919828498987438
2020-02-27 19:49:00,3412.8856493186777,0.0007501209790065247
2020-02-27 19:50:00,3416.5243301289174,0.000741011163030825
2020-02-27 19:51:00,3414.622337096207,0.0007448380599144861
2020-02-27 19:52:00,3415.129965104645,0.0007416365965680395
2020-02-27 19:53:00,3414.3496567324455,0.0007371412561396163
2020-02-27 19:54:00,3415.398164210806,0.0007285303507006862
2020-02-27 19:55:00,3415.4187346207837,0.0007131339308995155
2020-02-27 19:56:00,3413.592265631815,0.0007032395260453387
2020-02-27 19:57:00,3411.728776472429,0.0006813462012115656
2020-02-27 19:58:00,3412.956452116046,0.0006684281753745102
2020-02-27 19:59:00,3415.2863942186814,0.0007087110167306817
2020-02-28 13:30:00,3330.606149512151,0.0006574841132616339
2020-02-28 13:31:00,3331.130673553809,0.000658107244114882
2020-02-28 13:32:00,3331.618379460246,0.0007050987888856852
2020-02-28 13:33:00,3333.4579467010312,0.000745878130087706
2020-02-28 13:34:00,3333.413987360935,0.000741967476216508
2020-02-28 13:35:00,3337.605199715043,0.000741662491342907
2020-02-28 13:36:00,3342.2082253865506,0.0006868058347635875
2020-02-28 13:37:00,3339.8333488371786,0.0006458548115896782
2020-02-28 13:38:00,3341.324567124167,0.0006182352275034066
2020-02-28 13:39:00,3340.147809923688,0.0006149423179037768
2020-02-28 13:40:00,3342.143655236203,0.000682653610181951
2020-02-28 13:41:00,3342.5158508554973,0.000657390098409572
2020-02-28 13:42:00,3341.755967645648,0.0007000342455519899
2020-02-28 13:43:00,3344.3826826640766,0.0007399698213226643
2020-02-28 13:44:00,3342.6672479351896,0.0007136379929488353
2020-02-28 13:45:00,3344.6217762340902,0.0007284111846143578
2020-02-28 13:46:00,3347.7648644938818,0.0007125997732301056
2020-02-28 13:47:00,3347.7108448346594,0.0007095063350635849
2020-02-28 13:48:00,3344.7318895838207,0.000756555808843475
2020-02-28 13:49:00,3343.7789599578555,0.00080410380025814
2020-02-28 13:50:00,3342.8200774387974,0.000739607950024056
2020-02-28 13:51:00,3341.5358215982433,0.0008004248251966938
2020-02-28 13:52:00,3339.2743061049696,0.0008221924576977138
2020-02-28 13:53:00,3336.9797883337396,0.0008043402672644418
2020-02-28 13:54:00,3335.80302135409,0.0008153137325431423
2020-02-28 13:55:00,3335.9412619533505,0.0007879037507680385
2020-02-28 13:56:00,3336.5445661308763,0.0007800260644452449
2020-02-28 13:57:00,3338.403575906989,0.0006930577192506688
2020-02-28 13:58:00,3339.1564463811806,0.000709253430781223
2020-02-28 13:59:00,3341.732691103039,0.0007045591606582428
2020-02-28 14:00:00,3336.84859405406,0.000747621329796556
2020-02-28 14:01:00,3340.062433046306,0.0007339474434026936
2020-02-28 14:02:00,3340.3559924831266,0.0007562636902225608
2020-02-28 14:03:00,3342.953222385765,0.0007523625149586668
2020-02-28 14:04:00,3344.7006730739813,0.0007318445543371995
2020-02-28 14:05:00,3343.6180573797583,0.0007714793190670826
2020-02-28 14:06:00,3342.038931910976,0.0007443749649914349
2020-02-28 14:07:00,3344.7686521743103,0.0007222022301176745
2020-02-28 14:08:00,3348.774658869846,0.0007574778145183113
2020-02-28 14:09:00,3346.4522994099316,0.0008174599057625427
2020-02-28 14:10:00,3346.5062113032905,0.0007729966073354566
2020-02-28 14:11:00,3347.732082087639,0.000818149625872394
2020-02-28 14:12:00,3344.8453704849067,0.0008544569945377307
2020-02-28 14:13:00,3342.395249893028,0.0007851056948750699
2020-02-28 14:14:00,3339.3735923259296,0.0007889351940214085
2020-02-28 14:15:00,3338.1877428528105,0.0008259791837714685
2020-02-28 14:16:00,3335.1174834497456,0.0008244750820566115
2020-02-28 14:17:00,3334.650936850281,0.0007472435678947976
2020-02-28 14:18:00,3332.795970571149,0.000709340963894788
2020-02-28 14:19:00,3332.2550387206447,0.000718785888922577
2020-02-28 14:20:00,3332.9460633308513,0.0006760750898942678
2020-02-28 14:21:00,3327.5684821463997,0.0007007286780406973
2020-02-28 14:22:00,3329.3747694510735,0.0007211346743041838
2020-02-28 14:23:00,3330.395137939025,0.0007339847246277678
2020-02-28 14:24:00,3331.6265399565455,0.0007783716099875663
2020-02-28 14:25:00,3330.180123448949,0.0007978657923869401
2020-02-28 14:26:00,3328.352623608119,0.0007620069083729845
2020-02-28 14:27:00,3322.588134784995,0.0007817978198823216
2020-02-28 14:28:00,3315.194250119213,0.000776118487992947
2020-02-28 14:29:00,3314.0915266764023,0.0007537935217709785
2020-02-28 14:30:00,3314.4920895781765,0.000744979656018536
2020-02-28 14:31:00,3312.395159347731,0.0006964065022951215
2020-02-28 14:32:00,3311.5743167648193,0.0006930031410853102
2020-02-28 14:33:00,3310.74409585582,0.0006501892287076704
2020-02-28 14:34:00,3308.8354184756613,0.0005895119004857473
2020-02-28 14:35:00,3309.6701697682875,0.0006082859955865454
2020-02-28 14:36:00,3304.2954588165785,0.0006753329220744952
2020-02-28 14:37:00,3302.0685791477104,0.0006530167064399571
2020-02-28 14:38:00,3302.6193622465644,0.0006087852043204032
2020-02-28 14:39:00,3300.6836850974614,0.0005678489905965286
2020-02-28 14:40:00,3304.4137112493636,0.000556886854844713
2020-02-28 14:41:00,3307.832018668219,0.0006030138201220993
2020-02-28 14:42:00,3307.8398908883737,0.000637071788467584
2020-02-28 14:43:00,3307.1774448397305,0.0006528239928410021
2020-02-28 14:44:00,3307.0635005917807,0.0006581255932957284
2020-02-28 14:45:00,3306.893036353926,0.0006231621577250488
2020-02-28 14:46:00,3306.48152239472,0.0006649001087025636
2020-02-28 14:47:00,3303.170148744254,0.0006830436535660366
2020-02-28 14:48:00,3300.587880920319,0.0006972797123175728
2020-02-28 14:49:00,3299.497221685026,0.0007209194583043052
2020-02-28 14:50:00,3300.834621138502,0.0007175219451778227
2020-02-28 14:51:00,3297.745211060002,0.0007304517465252394
2020-02-28 14:52:00,3294.797892784135,0.000728516295184033
2020-02-28 14:53:00,3292.6720824485446,0.0008028957184086444
2020-02-28 14:54:00,3291.261823608516,0.00087788242192222
2020-02-28 14:55:00,3289.262870208491,0.0009080718771160959
2020-02-28 14:56:00,3287.76206374276,0.0008786989656013575
2020-02-28 14:57:00,3292.160143513033,0.0008917149333100257
2020-02-28 14:58:00,3294.5424681055742,0.000915590142032786
2020-02-28 14:59:00,3297.9257598954587,0.0008920661977762722
2020-02-28 15:00:00,3293.2655305950616,0.0008875157980011819
2020-02-28 15:01:00,3290.7931084968272,0.0009457127992941476
2020-02-28 15:02:00,3293.948133748418,0.000983792247772234
2020-02-28 15:03:00,3291.4870574745187,0.0009497395850184259
2020-02-28 15:04:00,3290.5137004520484,0.0009285843111544811
2020-02-28 15:05:00,3289.389670235937,0.0008989865356456412
2020-02-28 15:06:00,3289.5899263880506,0.0008646905775010556
2020-02-28 15:07:00,3292.6858307543775,0.0008462296261629765
2020-02-28 15:08:00,3293.1664249109135,0.0009142250481367831
2020-02-28 15:09:00,3296.850803381,0.0009243656688709797
2020-02-28 15:10:00,3299.6523372608176,0.0009602084103086719
2020-02-28 15:11:00,3297.5762251759033,0.0009997096990222835
2020-02-28 15:12:00,3301.6100858318605,0.0010130874862052312
2020-02-28 15:13:00,3301.5197720133465,0.001022061935136701
2020-02-28 15:14:00,3305.657603791569,0.0010042283793460349
2020-02-28 15:15:00,3301.9245127959857,0.0009918593128976573
2020-02-28 15:16:00,3304.8161382833987,0.0009141244043774647
2020-02-28 15:17:00,3304.275228202221,0.0009527091736633794
2020-02-28 15:18:00,3309.038563333457,0.0009729689293995702
2020-02-28 15:19:00,3312.0505074765597,0.0009636372332199816
2020-02-28 15:20:00,3311.6383489652903,0.0008804772704065408
2020-02-28 15:21:00,3307.368416609206,0.0009257616934295229
2020-02-28 15:22:00,3306.3016939305785,0.0010019012154301005
2020-02-28 15:23:00,3303.7523209841947,0.000996190314746565
2020-02-28 15:24:00,3304.0069206169755,0.0009675429688992181
2020-02-28 15:25:00,3306.700032305107,0.001020274675031862
2020-02-28 15:26:00,3307.3097055945586,0.0009926867017343876
2020-02-28 15:27:00,3307.9367716604015,0.0009938052889230454
2020-02-28 15:28:00,3305.3093818678994,0.0010256845411107428
2020-02-28 15:29:00,3305.783684391378,0.0011106084650261945
2020-02-28 15:30:00,3307.3680890814676,0.0010711098485906895
2020-02-28 15:31:00,3303.9127265052775,0.0011088933682617478
2020-02-28 15:32:00,3301.4480437080188,0.0010738490208742784
2020-02-28 15:33:00,3294.762480128707,0.0010926896089288266
2020-02-28 15:34:00,3291.551248345695,0.0011374573725698564
2020-02-28 15:35:00,3292.431264293342,0.0011248942363425662
2020-02-28 15:36:00,3296.515245654384,0.001091825125947356
2020-02-28 15:37:00,3297.12480829646,0.0011434228140867345
2020-02-28 15:38:00,3306.941363294155,0.0012564714138952133
2020-02-28 15:39:00,3301.265429567463,0.0012840263979989226
2020-02-28 15:40:00,3307.688933091629,0.001258608596957738
2020-02-28 15:41:00,3310.7572341546406,0.001174625723778045
2020-02-28 15:42:00,3314.3263411508806,0.0011721709210767925
2020-02-28 15:43:00,3319.439473573535,0.0012097151976113163
2020-02-28 15:44:00,3320.6044538312844,0.0012585373250877604
2020-02-28 15:45:00,3324.6047460547748,0.0012485991819012518
2020-02-28 15:46:00,3323.578791862007,0.0012763694242051442
2020-02-28 15:47:00,3322.284209382229,0.001214756657873475
2020-02-28 15:48:00,3328.4543902222144,0.0011962330619009484
2020-02-28 15:49:00,3328.9418077299033,0.0011920578664282053
2020-02-28 15:50:00,3325.3057883650313,0.001232098729209257
2020-02-28 15:51:00,3323.7101964137737,0.001292904619636926
2020-02-28 15:52:00,3325.013846431004,0.0012646089269372643
2020-02-28 15:53:00,3323.524854710371,0.00128067591961582
2020-02-28 15:54:00,3317.4711462521823,0.001278013372090965
2020-02-28 15:55:00,3319.6474187655454,0.001301771415002549
2020-02-28 15:56:00,3323.5307646113233,0.0012679923597392223
2020-02-28 15:57:00,3323.8521855762237,0.0012031560949802818
2020-02-28 15:58:00,3332.899832065659,0.001240205133200734
2020-02-28 15:59:00,3331.542705173699,0.0012947975809920488
2020-02-28 16:00:00,3334.9427415640234,0.0013044574388991815
2020-02-28 16:01:00,3334.0321329905955,0.0012891684801922376
2020-02-28 16:02:00,3329.246922612402,0.0012237280272728423
2020-02-28 16:03:00,3331.3029557497307,0.0011565507557293945
2020-02-28 16:04:00,3330.4953215726546,0.0011068610838483493
2020-02-28 16:05:00,3341.4306592870616,0.0011361441470150225
2020-02-28 16:06:00,3347.8531256008228,0.0011631969203343788
2020-02-28 16:07:00,3348.436477504908,0.0011406017434751764
2020-02-28 16:08:00,3349.1720642717205,0.0011696017016814776
2020-02-28 16:09:00,3350.6227347114886,0.0011693626972779643
2020-02-28 16:10:00,3348.583396418269,0.001128282051823243
2020-02-28 16:11:00,3348.7153998447975,0.0011049423499306834
2020-02-28 16:12:00,3347.116913142491,0.0011194095739432467
2020-02-28 16:13:00,3343.68157646526,0.0011420692915159747
2020-02-28 16:14:00,3341.5040827254384,0.0011743904111281881
2020-02-28 16:15:00,3344.262686253451,0.0012440755431692874
2020-02-28 16:16:00,3341.840970654535,0.001178207514746685
2020-02-28 16:17:00,3346.220208029146,0.0011493377021235963
2020-02-28 16:18:00,3342.6359809052215,0.0011409319455776613
2020-02-28 16:19:00,3343.086665794296,0.0010573650626546853
2020-02-28 16:20:00,3340.0921817028766,0.0010784094142297896
2020-02-28 16:21:00,3342.3706064854805,0.0011486567175381323
2020-02-28 16:22:00,3343.0386001881593,0.001124268722264668
2020-02-28 16:23:00,3340.265137970273,0.0011316581115156535
2020-02-28 16:24:00,3332.4061487503154,0.001068033934082492
2020-02-28 16:25:00,3333.3695681036666,0.0010568046504702377
2020-02-28 16:26:00,3329.0518683386294,0.001053747743594598
2020-02-28 16:27:00,3330.2610471264934,0.001061266483859057
2020-02-28 16:28:00,3331.512179896593,0.001066194529336036
2020-02-28 16:29:00,3333.2979393442797,0.001136357647749985
2020-02-28 16:30:00,3331.69949044078,0.001122031233402989
2020-02-28 16:31:00,3332.3860011325382,0.0010684376736494515
2020-02-28 16:32:00,3330.6223746688743,0.001003439187854265
2020-02-28 16:33:00,3324.2475931424374,0.0009961352309678937
2020-02-28 16:34:00,3321.073534254927,0.0010205257724915148
2020-02-28 16:35:00,3320.0555507039885,0.0010093305101501603
2020-02-28 16:36:00,3321.227952409944,0.0009929197484522465
2020-02-28 16:37:00,3315.256286019958,0.0009667042335202478
2020-02-28 16:38:00,3312.6532702172067,0.0009595672899102526
2020-02-28 16:39:00,3311.9373737572546,0.0009202938364161108
2020-02-28 16:40:00,3313.9959061490185,0.0009192256284541219
2020-02-28 16:41:00,3313.2784773579147,0.0009835541353187974
2020-02-28 16:42:00,3314.929953731722,0.0010020472420858547
2020-02-28 16:43:00,3316.405410895895,0.0010529241138701208
2020-02-28 16:44:00,3310.543588314767,0.0010820573773423741
2020-02-28 16:45:00,3313.32112033325,0.001121234085533241
2020-02-28 16:46:00,3313.9211455667055,0.0011134782964032821
2020-02-28 16:47:00,3313.194977533228,0.0011348532038782447
2020-02-28 16:48:00,3310.322168694828,0.001152149757150857
2020-02-28 16:49:00,3314.89930704463,0.0011444129948719828
2020-02-28 16:50:00,3315.307647074687,0.0010948104574574305
2020-02-28 16:51:00,3315.4003682873813,0.0011257020330459914
2020-02-28 16:52:00,3307.926008406976,0.0010306428082583218
2020-02-28 16:53:00,3312.451162324154,0.0010843965391047193
2020-02-28 16:54:00,3312.7916164444136,0.001095724134062861
2020-02-28 16:55:00,3312.264060087675,0.0010967691851798702
2020-02-28 16:56:00,3310.313307342141,0.0010340751887212972
2020-02-28 16:57:00,3312.7655645590116,0.0010372408344408272
2020-02-28 16:58:00,3314.136898214717,0.001018149311954798
2020-02-28 16:59:00,3314.428895646681,0.0009563099769790183
2020-02-28 17:00:00,3319.2604810593975,0.0009624545344855463
2020-02-28 17:01:00,3324.1817303508737,0.0008923336700950688
2020-02-28 17:02:00,3325.5404825275823,0.0009131929362054347
2020-02-28 17:03:00,3327.8881115958234,0.0008627540214831906
2020-02-28 17:04:00,3328.1972947338427,0.000868848019140185
2020-02-28 17:05:00,3323.2722584505436,0.0007836892129528673
2020-02-28 17:06:00,3320.059879724293,0.0007899836087756172
2020-02-28 17:07:00,3324.9572222538577,0.0008622133974862627
2020-02-28 17:08:00,3321.8813958560268,0.0008108807281236223
2020-02-28 17:09:00,3322.6774664626364,0.0007871586397068452
2020-02-28 17:10:00,3323.508899610385,0.0008112213629834757
2020-02-28 17:11:00,3328.07707716008,0.0007867566197307595
2020-02-28 17:12:00,3326.9059661936817,0.0007905649773817283
2020-02-28 17:13:00,3327.0254948696083,0.0007757055631060402
2020-02-28 17:14:00,3325.352709597481,0.0008078425175819719
2020-02-28 17:15:00,3325.8532216336257,0.0008232457599510008
2020-02-28 17:16:00,3322.3371312625027,0.000795590723030044
2020-02-28 17:17:00,3319.2298037438345,0.0007983355940691528
2020-02-28 17:18:00,3322.941118758609,0.0007733399735413847
2020-02-28 17:19:00,3322.059137899433,0.0006872382539984352
2020-02-28 17:20:00,3322.8913820537205,0.0007001386276264108
2020-02-28 17:21:00,3324.669575472634,0.0007147236880265426
2020-02-28 17:22:00,3323.3047524514727,0.000684131651299017
2020-02-28 17:23:00,3322.8216451342005,0.0006359669093239886
2020-02-28 17:24:00,3324.593052706466,0.0006029819558998322
2020-02-28 17:25:00,3320.0861491404557,0.000603967221451697
2020-02-28 17:26:00,3319.332826921004,0.0005871848665746121
2020-02-28 17:27:00,3321.2864418017743,0.0006063675538225769
2020-02-28 17:28:00,3318.899700381314,0.00061372941344448
2020-02-28 17:29:00,3314.832692871563,0.0006138268601298755
2020-02-28 17:30:00,3317.7130229221543,0.0005680160916948963
2020-02-28 17:31:00,3317.5498792489443,0.0005136912832259227
2020-02-28 17:32:00,3317.197229138528,0.0005216245478561189
2020-02-28 17:33:00,3322.244734846483,0.0005321992387377109
2020-02-28 17:34:00,3320.0665241876873,0.0005050750322105672
2020-02-28 17:35:00,3321.0963960697673,0.00048412827445166616
2020-02-28 17:36:00,3322.3157175467,0.0005110476852671427
2020-02-28 17:37:00,3322.646007488692,0.0005004484316601447
2020-02-28 17:38:00,3323.6517449025628,0.0005217931579551287
2020-02-28 17:39:00,3325.1620692941174,0.0005127959444132793
2020-02-28 17:40:00,3324.5957046477215,0.000502001848845443
2020-02-28 17:41:00,3323.965298620137,0.0005267308923396177
2020-02-28 17:42:00,3324.20639432348,0.0005072417703082029
2020-02-28 17:43:00,3323.7568445766246,0.000499556942777442
2020-02-28 17:44:00,3322.8175360454957,0.0004718326715125039
2020-02-28 17:45:00,3322.8744597879395,0.0004847943978610887
2020-02-28 17:46:00,3322.457432081836,0.00048787256970029804
2020-02-28 17:47:00,3322.831219379358,0.0004995035191791698
2020-02-28 17:48:00,3323.6871521134576,0.0005052160498115505
2020-02-28 17:49:00,3323.3031589783236,0.0005401161951781213
2020-02-28 17:50:00,3324.129185534105,0.0005351594158167195
2020-02-28 17:51:00,3320.8779378709883,0.0005708155998980875
2020-02-28 17:52:00,3321.9554559240637,0.0005490379998166745
2020-02-28 17:53:00,3321.6853914544404,0.0005139624104737851
2020-02-28 17:54:00,3322.1031943169887,0.0005485489683697442
2020-02-28 17:55:00,3322.232355543119,0.0005612266820608396
2020-02-28 17:56:00,3321.299717429024,0.0005446756542820041
2020-02-28 17:57:00,3320.0169424659753,0.000543530999253936
2020-02-28 17:58:00,3321.4067030432175,0.0005493020848232412
2020-02-28 17:59:00,3318.3506598300996,0.0005599466700956657
2020-02-28 18:00:00,3320.4082924372783,0.0005387633930638149
2020-02-28 18:01:00,3321.2014475900314,0.0005164765882077801
2020-02-28 18:02:00,3320.029276823814,0.0004900822698435224
2020-02-28 18:03:00,3318.0167614098227,0.00047248497408117115
2020-02-28 18:04:00,3317.1751463118044,0.00043357085844137304
2020-02-28 18:05:00,3316.359841746747,0.00043954793958082307
2020-02-28 18:06:00,3316.125752678952,0.0004653531813814801
2020-02-28 18:07:00,3316.9420107569686,0.0004649914602527129
2020-02-28 18:08:00,3315.2114761328785,0.00047940298236796494
2020-02-28 18:09:00,3315.6915484175865,0.0004886178586955261
2020-02-28 18:10:00,3312.924810937583,0.00046740527206544407
2020-02-28 18:11:00,3313.113314144609,0.00046718298747405225
2020-02-28 18:12:00,3313.1658217424724,0.0004714624655060065
2020-02-28 18:13:00,3312.8304690629598,0.0004738742907111852
2020-02-28 18:14:00,3309.617709858168,0.00048147161304323686
2020-02-28 18:15:00,3309.1632667794147,0.0004720808135418636
2020-02-28 18:16:00,3308.938328537455,0.0004544415729370638
2020-02-28 18:17:00,3310.3880855469333,0.0004894554315599378
2020-02-28 18:18:00,3312.633140742869,0.0005235192998409849
2020-02-28 18:19:00,3314.580493213139,0.0005070218034344561
2020-02-28 18:20:00,3314.1626654014003,0.0004611589147980708
2020-02-28 18:21:00,3313.496383164758,0.0004897485951605396
2020-02-28 18:22:00,3315.4829294844235,0.00048489668517119275
2020-02-28 18:23:00,3316.783293903114,0.00045854068645425445
2020-02-28 18:24:00,3318.287287039698,0.0004563377816737925
2020-02-28 18:25:00,3317.6146611796944,0.00045508839401660795
2020-02-28 18:26:00,3319.5489135234925,0.00048153527256540444
2020-02-28 18:27:00,3321.7325961518964,0.0004520460188728528
2020-02-28 18:28:00,3321.970127007642,0.0004348118936301308
2020-02-28 18:29:00,3322.342558793893,0.000431350955972554
2020-02-28 18:30:00,3319.9283305047024,0.00042946445709110195
2020-02-28 18:31:00,3319.3166517673503,0.0004341214599801266
2020-02-28 18:32:00,3317.350568984845,0.0004279633887584571
2020-02-28 18:33:00,3315.8839323079164,0.0004757195054544153
2020-02-28 18:34:00,3318.3997263812753,0.0004756649478459754
2020-02-28 18:35:00,3316.781362896869,0.0004588834200971253
2020-02-28 18:36:00,3317.4052654339325,0.00043644086121448646
2020-02-28 18:37:00,3316.293725817444,0.0004086282889053955
2020-02-28 18:38:00,3314.915562932607,0.00041049148972642627
2020-02-28 18:39:00,3314.458667543655,0.0004155095679239241
2020-02-28 18:40:00,3312.8656143453045,0.0003934165932506046
2020-02-28 18:41:00,3313.5844343709086,0.0003756331571763228
2020-02-28 18:42:00,3311.740820163651,0.0004134094493443602
2020-02-28 18:43:00,3312.1788040474057,0.0004307834954356248
2020-02-28 18:44:00,3311.2976837056394,0.000413968643710907
2020-02-28 18:45:00,3311.2779534525544,0.00037785498421832967
2020-02-28 18:46:00,3310.9358007567243,0.000376735558175898
2020-02-28 18:47:00,3310.6231528080657,0.000368888856048882
2020-02-28 18:48:00,3312.6390406796163,0.00034356947437698946
2020-02-28 18:49:00,3312.000658830647,0.00032021311336177344
2020-02-28 18:50:00,3312.220600585664,0.00032087642719502496
2020-02-28 18:51:00,3313.846453771032,0.00030927192117933525
2020-02-28 18:52:00,3314.0325456535475,0.0003063808319257316
2020-02-28 18:53:00,3313.1074649076913,0.00030180138140571504
2020-02-28 18:54:00,3315.0641775557874,0.000343049284582653
2020-02-28 18:55:00,3312.860507955019,0.0003148043975792436
2020-02-28 18:56:00,3311.6181153792336,0.00031736552144305904
2020-02-28 18:57:00,3310.212464532824,0.0002959736154573688
2020-02-28 18:58:00,3308.921929160829,0.0002908847726524298
2020-02-28 18:59:00,3308.8683403698465,0.00030145284583773456
2020-02-28 19:00:00,3307.0920311173095,0.0002803756071049232
2020-02-28 19:01:00,3304.219605712258,0.00028479104964351413
2020-02-28 19:02:00,3304.5951519212545,0.00028396911953304445
2020-02-28 19:03:00,3304.5216113705055,0.0002943623264803817
2020-02-28 19:04:00,3304.916793527745,0.0003220436520786742
2020-02-28 19:05:00,3302.8141724323355,0.0003245714151238935
2020-02-28 19:06:00,3303.498080622257,0.0003141743691535456
2020-02-28 19:07:00,3303.3602454203633,0.00029392691500215067
2020-02-28 19:08:00,3302.457983894114,0.00029436230904226297
2020-02-28 19:09:00,3302.02828905842,0.0002855324134074135
2020-02-28 19:10:00,3301.833897436901,0.00030524918284779534
2020-02-28 19:11:00,3301.779921699292,0.0003044641069082396
2020-02-28 19:12:00,3300.253136678952,0.0003119044912867145
2020-02-28 19:13:00,3301.3101568424513,0.00030622318324951024
2020-02-28 19:14:00,3301.453026596861,0.00028380315244807587
2020-02-28 19:15:00,3300.3171890709814,0.0002920434393920348
2020-02-28 19:16:00,3302.1503789566714,0.00027616759586451383
2020-02-28 19:17:00,3302.647590327921,0.0002717541962772097
2020-02-28 19:18:00,3303.0098473501534,0.000292603294025911
2020-02-28 19:19:00,3302.568527226302,0.00030280629094718076
2020-02-28 19:20:00,3302.4065403717186,0.00030293032099112547
2020-02-28 19:21:00,3303.572621782636,0.0002888416902583947
2020-02-28 19:22:00,3302.986438337303,0.0003016615377786566
2020-02-28 19:23:00,3304.552984578189,0.00030454465725205775
2020-02-28 19:24:00,3303.578521220765,0.0002974570722000545
2020-02-28 19:25:00,3303.4337077927585,0.0003012092766624086
2020-02-28 19:26:00,3302.655927133386,0.00030760228995214956
2020-02-28 19:27:00,3301.6607984226603,0.00030542535275752177
2020-02-28 19:28:00,3301.814774077767,0.00029482045145585046
2020-02-28 19:29:00,3302.0579044946326,0.00029059293055268406
2020-02-28 19:30:00,3300.992543470524,0.00026635438099379354
2020-02-28 19:31:00,3301.1074583114046,0.00026882099993846327
2020-02-28 19:32:00,3300.078541094057,0.0002630812263146264
2020-02-28 19:33:00,3299.4244477405928,0.00026754999181542206
2020-02-28 19:34:00,3298.821590490683,0.0002596816247937737
2020-02-28 19:35:00,3298.636528686606,0.0002657549528035784
2020-02-28 19:36:00,3297.422390168759,0.0002561064906634072
2020-02-28 19:37:00,3296.8029811483298,0.0002625597115351266
2020-02-28 19:38:00,3296.3463222550604,0.0002811038495519207
2020-02-28 19:39:00,3295.774759602864,0.0002826396657223304
2020-02-28 19:40:00,3297.1331452142645,0.00029159687447973714
2020-02-28 19:41:00,3296.5436060405345,0.0002973169492089579
2020-02-28 19:42:00,3294.968459749922,0.0003080278890574581
2020-02-28 19:43:00,3296.5068718727193,0.00028215173122787975
2020-02-28 19:44:00,3297.0661178222363,0.00026481403600585123
2020-02-28 19:45:00,3297.921836556318,0.00026461616578952465
2020-02-28 19:46:00,3297.566929537679,0.000274711238774679
2020-02-28 19:47:00,3297.887179116889,0.00027768334960119
2020-02-28 19:48:00,3296.7434057855826,0.0002608370075643333
2020-02-28 19:49:00,3296.6884064671185,0.0002545652661122288
2020-02-28 19:50:00,3296.323240721024,0.000260780566439855
2020-02-28 19:51:00,3295.6242176657734,0.0002561049733400443
2020-02-28 19:52:00,3294.962582529942,0.0002621447006900377
2020-02-28 19:53:00,3294.637389165073,0.0002580218330742605
2020-02-28 19:54:00,3294.627297057131,0.00025182617587153096
2020-02-28 19:55:00,3294.925976119487,0.0002506300438587368
2020-02-28 19:56:00,3295.595469389562,0.00025628519713017165
2020-02-28 19:57:00,3295.4455716875873,0.0002447205578230344
2020-02-28 19:58:00,3296.2075165964443,0.0002675351862086688
2020-02-28 19:59:00,3296.000121961569,0.0002634424770675098
2020-03-02 13:30:00,3332.5552552645036,0.0002527243196303284
2020-03-02 13:31:00,3332.492397967533,0.0002472742732904308
2020-03-02 13:32:00,3331.378107562037,0.0002332614204806032
2020-03-02 13:33:00,3331.4092001220893,0.000205056629217284
2020-03-02 13:34:00,3331.6828410291732,0.00021355323768492706
2020-03-02 13:35:00,3331.2618463971244,0.0002057931967727343
2020-03-02 13:36:00,3331.1437758966667,0.00019309372275597335
2020-03-02 13:37:00,3332.052961050555,0.0002038264387373406
2020-03-02 13:38:00,3332.6168499632995,0.0002053832771778845
2020-03-02 13:39:00,3333.10330054586,0.00019718724035612414
2020-03-02 13:40:00,3334.172356645713,0.0001970983655395171
2020-03-02 13:41:00,3335.2293210624703,0.0001992541520409025
2020-03-02 13:42:00,3335.1271858526993,0.00020800903917991514
2020-03-02 13:43:00,3334.5370864089714,0.00021478182487520987
2020-03-02 13:44:00,3334.251963356895,0.0002198217886859523
2020-03-02 13:45:00,3334.0109311197843,0.00023614218734832658
2020-03-02 13:46:00,3333.935724350921,0.00021764508537450763
2020-03-02 13:47:00,3333.7444563572485,0.0002106621466681351
2020-03-02 13:48:00,3333.6798788922997,0.0001965803332678509
2020-03-02 13:49:00,3334.4622742667234,0.0001877176453955174
2020-03-02 13:50:00,3334.194322385595,0.00019261058216693154
2020-03-02 13:51:00,3333.531622003133,0.0002044548112428116
2020-03-02 13:52:00,3333.603006449111,0.0002069641990328815
2020-03-02 13:53:00,3335.086324254328,0.00020955256321407697
2020-03-02 13:54:00,3334.4205045637345,0.00020022282358851
2020-03-02 13:55:00,3333.7630364365305,0.00020714428741551736
2020-03-02 13:56:00,3332.4852163917817,0.0002043344841210084
2020-03-02 13:57:00,3331.328490163892,0.00019766233230187686
2020-03-02 13:58:00,3330.9877836072105,0.00020635144134936799
2020-03-02 13:59:00,3330.380367472887,0.00021596168029217386
2020-03-02 14:00:00,3330.9551905300023,0.0002011422124994956
2020-03-02 14:01:00,3331.118731737057,0.00020662296641540086
2020-03-02 14:02:00,3330.6257174835823,0.00020266512513587344
2020-03-02 14:03:00,3330.7017974494865,0.0002143583823856643
2020-03-02 14:04:00,3330.131468618488,0.0001991612741444635
2020-03-02 14:05:00,3329.822678743297,0.00019494062253954373
2020-03-02 14:06:00,3330.8571581768465,0.00017748936985867306
2020-03-02 14:07:00,3330.6331329984096,0.00017321850191942895
2020-03-02 14:08:00,3331.101469007893,0.00017800595328023035
2020-03-02 14:09:00,3332.150829401463,0.0001829036028172602
2020-03-02 14:10:00,3332.2129466463316,0.0001878079123674263
2020-03-02 14:11:00,3332.0053577424146,0.00019884128207087924
2020-03-02 14:12:00,3331.97333693535,0.00020600759472562034
2020-03-02 14:13:00,3332.5484234684795,0.0001911670265768489
2020-03-02 14:14:00,3332.736095602192,0.00018422667586188315
2020-03-02 14:15:00,3332.973136086249,0.00018265137155835416
2020-03-02 14:16:00,3333.5482049104353,0.00018486692074590595
2020-03-02 14:17:00,3333.096155141,0.00018157295313095265
2020-03-02 14:18:00,3334.0584650475075,0.00018839690250337446
2020-03-02 14:19:00,3333.859019633587,0.00019368792251038672
2020-03-02 14:20:00,3334.632299188066,0.00019363779319198792
2020-03-02 14:21:00,3334.2873427549525,0.0001973720098698821
2020-03-02 14:22:00,3334.042588323153,0.00020385046746730496
2020-03-02 14:23:00,3333.496428327361,0.0001991880500353671
2020-03-02 14:24:00,3333.666437546584,0.00020785589299137736
2020-03-02 14:25:00,3333.425188051663,0.00021471615558138918
2020-03-02 14:26:00,3333.637388498097,0.000220312583572391
2020-03-02 14:27:00,3334.0895132018636,0.00022519116335439538
2020-03-02 14:28:00,3334.681340409844,0.0002104528873094371
2020-03-02 14:29:00,3333.779871849936,0.00020751572647369006
2020-03-02 14:30:00,3334.115751162868,0.00021184360965793888
2020-03-02 14:31:00,3333.200319524979,0.00022285542779381322
2020-03-02 14:32:00,3333.2645079583044,0.00023080294444940698
2020-03-02 14:33:00,3334.2735578979255,0.00024207928225710988
2020-03-02 14:34:00,3333.166005561787,0.00024784092491362544
2020-03-02 14:35:00,3333.6463154680678,0.000249861577816751
2020-03-02 14:36:00,3334.0444511568926,0.00024123457202654682
2020-03-02 14:37:00,3334.3393762429823,0.0002586575399678587
2020-03-02 14:38:00,3334.0267683440557,0.00023902143440276827
2020-03-02 14:39:00,3335.1012568190094,0.00023704474059771304
2020-03-02 14:40:00,3335.8543981374805,0.00022154643713442323
2020-03-02 14:41:00,3336.1215745508275,0.00023720515059620623
2020-03-02 14:42:00,3334.9664841904532,0.00023197548500399634
2020-03-02 14:43:00,3336.049067643678,0.000228870609417027
2020-03-02 14:44:00,3335.8492951444473,0.0002355728233132534
2020-03-02 14:45:00,3334.3964376159497,0.00024377989078891882
2020-03-02 14:46:00,3334.3728202265083,0.00026418061191527565
2020-03-02 14:47:00,3333.648579379083,0.0002722801574323966
2020-03-02 14:48:00,3332.307129271949,0.00027443073410296444
2020-03-02 14:49:00,3335.0586525209933,0.0002697514999753491
2020-03-02 14:50:00,3333.9436397889663,0.0002582619494963547
2020-03-02 14:51:00,3333.753894342271,0.00023925318221734154
2020-03-02 14:52:00,3334.9430907888127,0.00023856143697739145
2020-03-02 14:53:00,3335.3761927656765,0.00024820671098276165
2020-03-02 14:54:00,3334.763326907463,0.000257260390494586
2020-03-02 14:55:00,3334.340276343849,0.0002480824443384735
2020-03-02 14:56:00,3333.1468802483582,0.0002391358603460113
2020-03-02 14:57:00,3333.075591978884,0.0002211141001416562
2020-03-02 14:58:00,3332.7280782613498,0.00022318752843809492
2020-03-02 14:59:00,3332.971272646859,0.00022167851434205308
2020-03-02 15:00:00,3332.3601489784996,0.00023893177498821662
2020-03-02 15:01:00,3332.6137758471377,0.00021807409789137064
2020-03-02 15:02:00,3332.7118727351067,0.00022505404207999897
2020-03-02 15:03:00,3333.4692340272054,0.00022514496187910795
2020-03-02 15:04:00,3332.5541754874134,0.00020206901028608766
2020-03-02 15:05:00,3332.3617850642677,0.00020862825170228232
2020-03-02 15:06:00,3333.49294265288,0.00019417090444773092
2020-03-02 15:07:00,3333.736341775731,0.00019702908921351037
2020-03-02 15:08:00,3333.1448369906525,0.00019293557466298767
2020-03-02 15:09:00,3333.1336949571382,0.00021303961759994833
2020-03-02 15:10:00,3332.9260681511355,0.00020391516425272976
2020-03-02 15:11:00,3333.2764946601733,0.00018360721840019704
2020-03-02 15:12:00,3333.55837033351,0.00018149456070497722
2020-03-02 15:13:00,3333.498048478495,0.00018347807051676622
2020-03-02 15:14:00,3332.127164566662,0.0001829247775332702
2020-03-02 15:15:00,3331.5691719013353,0.00019122485356413147
2020-03-02 15:16:00,3332.0874531548557,0.00017805710083781043
2020-03-02 15:17:00,3332.197812935378,0.00017709951496111588
2020-03-02 15:18:00,3332.0497498633003,0.00017587940228348041
2020-03-02 15:19:00,3332.006713297248,0.00018471295446002373
2020-03-02 15:20:00,3333.0943389629456,0.00017230791119706663
2020-03-02 15:21:00,3332.632863765882,0.00018283847524035312
2020-03-02 15:22:00,3331.549995265428,0.00018307119431607496
2020-03-02 15:23:00,3331.6826505059194,0.00018560325975341846
2020-03-02 15:24:00,3330.554005037967,0.00019086379907778334
2020-03-02 15:25:00,3332.019734165283,0.0001892634295553102
2020-03-02 15:26:00,3332.587741666967,0.00019521338163545074
2020-03-02 15:27:00,3332.266836031736,0.00018477885831042626
2020-03-02 15:28:00,3332.364351246831,0.0001850970839397259
2020-03-02 15:29:00,3332.330390798726,0.00018726923301159
2020-03-02 15:30:00,3332.626758709128,0.000186546401408343
2020-03-02 15:31:00,3332.168536813528,0.00018747189213980068
2020-03-02 15:32:00,3331.1184546744653,0.00019021450977870307
2020-03-02 15:33:00,3331.0525210607466,0.00017519598074863796
2020-03-02 15:34:00,3330.3623700647804,0.00019047228011427668
2020-03-02 15:35:00,3330.7460751187145,0.0001801954639063822
2020-03-02 15:36:00,3330.3990266649607,0.00017935663563348986
2020-03-02 15:37:00,3329.8390881927717,0.00017520936162660205
2020-03-02 15:38:00,3330.183507185934,0.000174732420563036
2020-03-02 15:39:00,3329.2997620847354,0.0001601548477752323
2020-03-02 15:40:00,3328.9931349854683,0.00016428058382363076
2020-03-02 15:41:00,3328.2164404886084,0.0001673140836852445
2020-03-02 15:42:00,3328.30906978102,0.00016132656943259225
2020-03-02 15:43:00,3328.4655322636686,0.00018130154008054146
2020-03-02 15:44:00,3327.001802600042,0.00018838703235453272
2020-03-02 15:45:00,3327.13691315515,0.00019685276672595575
2020-03-02 15:46:00,3326.666754261697,0.00018983091709579827
2020-03-02 15:47:00,3325.348503425638,0.00019585303889083086
2020-03-02 15:48:00,3326.1416118069064,0.00019831370644977816
2020-03-02 15:49:00,3326.073162442192,0.00018540079293729688
2020-03-02 15:50:00,3325.611916307751,0.00018646527888158837
2020-03-02 15:51:00,3326.243472542264,0.00019842254840583506
2020-03-02 15:52:00,3327.4570327462707,0.00020730523273628152
2020-03-02 15:53:00,3327.7167274939147,0.0002115862033376303
2020-03-02 15:54:00,3328.482369057769,0.00021739479615363207
2020-03-02 15:55:00,3327.1569393922655,0.00022894734897587474
2020-03-02 15:56:00,3326.419094983174,0.0002209468984954462
2020-03-02 15:57:00,3327.1046588579165,0.00022421644189366414
2020-03-02 15:58:00,3326.7135079796417,0.0002095874052311915
2020-03-02 15:59:00,3327.390492649587,0.00021767780651744736
2020-03-02 16:00:00,3327.1872816114533,0.00020909583582881218
2020-03-02 16:01:00,3327.3124717532096,0.0002131137852708933
2020-03-02 16:02:00,3327.496572106813,0.0002086834646343324
2020-03-02 16:03:00,3327.823554314516,0.00022285943066559935
2020-03-02 16:04:00,3327.9337774493097,0.00020834903974067338
2020-03-02 16:05:00,3327.617413169842,0.00021309382960375215
2020-03-02 16:06:00,3328.45646581686,0.00021300374709353617
2020-03-02 16:07:00,3328.536802937651,0.0002085136060775157
2020-03-02 16:08:00,3328.686595582137,0.00021386650774276193
2020-03-02 16:09:00,3328.4064916140424,0.0002247290044501102
2020-03-02 16:10:00,3328.262694442363,0.00022019127848792598
2020-03-02 16:11:00,3328.591349667366,0.00023695178612208426
2020-03-02 16:12:00,3327.2572245629976,0.0002455790324914767
2020-03-02 16:13:00,3328.0385032960185,0.00026253325089709494
2020-03-02 16:14:00,3327.351422452632,0.00026911383765328357
2020-03-02 16:15:00,3325.3024310581345,0.0002662111023384776
2020-03-02 16:16:00,3325.26789636343,0.00027712285996352783
2020-03-02 16:17:00,3324.9133294733274,0.0002848066880666624
2020-03-02 16:18:00,3325.4634845744695,0.0003003528743787606
2020-03-02 16:19:00,3325.980426059652,0.00029465740145064896
2020-03-02 16:20:00,3327.171121363599,0.0003007083002838927
2020-03-02 16:21:00,3325.953050416588,0.0002970084662167426
2020-03-02 16:22:00,3325.006320884618,0.0002970085583170713
2020-03-02 16:23:00,3325.91319078881,0.0003073560863620114
2020-03-02 16:24:00,3325.577139897131,0.00029594259645759896
2020-03-02 16:25:00,3326.6880550330466,0.0003061384640217694
2020-03-02 16:26:00,3324.464592888392,0.00029849338787544275
2020-03-02 16:27:00,3324.2347988792253,0.00031243849135686975
2020-03-02 16:28:00,3323.132959190585,0.0003080948437566091
2020-03-02 16:29:00,3323.6485939203435,0.0003158239978572122
2020-03-02 16:30:00,3322.7233391814943,0.0003348994745216915
2020-03-02 16:31:00,3324.480937428707,0.00033037776786247144
2020-03-02 16:32:00,3325.2051505635736,0.00030303278095411714
2020-03-02 16:33:00,3326.2718071312124,0.0003050239482769087
2020-03-02 16:34:00,3325.185581933504,0.0003128016957283602
2020-03-02 16:35:00,3324.4529277334545,0.00035207903929386275
2020-03-02 16:36:00,3324.4822689836965,0.0003629203211504906
2020-03-02 16:37:00,3326.2968866054694,0.00035052670799461507
2020-03-02 16:38:00,3328.181250429665,0.0003583452368050405
2020-03-02 16:39:00,3326.2459001243715,0.00037619074120330456
2020-03-02 16:40:00,3324.678000301378,0.0003718758676481974
2020-03-02 16:41:00,3324.812287966855,0.00038710207720674133
2020-03-02 16:42:00,3326.379003925292,0.0004060413663478182
2020-03-02 16:43:00,3324.419367966906,0.000393109143528066
2020-03-02 16:44:00,3326.5001673173065,0.000396612047654228
2020-03-02 16:45:00,3327.8473987898246,0.00041955870148029903
2020-03-02 16:46:00,3328.1859131306,0.0004345970215959807
2020-03-02 16:47:00,3328.1793577828776,0.0004420897481203479
2020-03-02 16:48:00,3328.1049776806144,0.0004286680683609166
2020-03-02 16:49:00,3328.04760965058,0.00044004607160350273
2020-03-02 16:50:00,3328.7747713994318,0.0003894317571151281
2020-03-02 16:51:00,3327.329658463452,0.00037062310832058535
2020-03-02 16:52:00,3328.7420990911746,0.0003654582054386423
2020-03-02 16:53:00,3329.518303439615,0.00035896705725026445
2020-03-02 16:54:00,3328.9796177108315,0.00038456633624369384
2020-03-02 16:55:00,3330.4939506328847,0.0004215377452973407
2020-03-02 16:56:00,3332.1247123698417,0.0004182746272221159
2020-03-02 16:57:00,3333.6476455874904,0.00042926408989867455
2020-03-02 16:58:00,3333.8101362725206,0.00043222952940327096
2020-03-02 16:59:00,3333.6494109726477,0.000420735332975604
2020-03-02 17:00:00,3333.9829115407115,0.00044164726374596494
2020-03-02 17:01:00,3333.734326882403,0.0004622424106338257
2020-03-02 17:02:00,3334.534419887478,0.00045673776634687303
2020-03-02 17:03:00,3332.6762297824375,0.00044219655752152055
2020-03-02 17:04:00,3332.1754583775887,0.0004458784079281635
2020-03-02 17:05:00,3330.9641237387923,0.0004245304709999966
2020-03-02 17:06:00,3328.183864150971,0.00042608239466013085
2020-03-02 17:07:00,3326.798928900481,0.00043305889895571786
2020-03-02 17:08:00,3326.9130206105524,0.00046680043508962727
2020-03-02 17:09:00,3328.217819980355,0.00046238252876132575
2020-03-02 17:10:00,3330.6545230228344,0.0004386885772262222
2020-03-02 17:11:00,3327.7161539048097,0.00044374169937683335
2020-03-02 17:12:00,3330.7917325599337,0.00041336844615381285
2020-03-02 17:13:00,3331.63768083099,0.00041284670034656923
2020-03-02 17:14:00,3332.4731886689974,0.0004110578568339211
2020-03-02 17:15:00,3332.578156825733,0.000402377234899913
2020-03-02 17:16:00,3332.955270640192,0.00043937667432903185
2020-03-02 17:17:00,3334.4679780421943,0.00042545559032726107
2020-03-02 17:18:00,3334.0749069615545,0.0004196661901034322
2020-03-02 17:19:00,3335.87465831518,0.0004181084003672084
2020-03-02 17:20:00,3335.1521002280047,0.0004137491536606136
2020-03-02 17:21:00,3336.544289800407,0.00043178807989060905
2020-03-02 17:22:00,3338.203885000095,0.00042971986556244833
2020-03-02 17:23:00,3337.117304689183,0.00043024326801940503
2020-03-02 17:24:00,3336.5036681123825,0.00042752933364855963
2020-03-02 17:25:00,3337.7845966044906,0.0004336530642801616
2020-03-02 17:26:00,3340.430444456803,0.0004410682158817087
2020-03-02 17:27:00,3340.0795115321725,0.0004215961102992562
2020-03-02 17:28:00,3340.0873331098164,0.000401558716376249
2020-03-02 17:29:00,3341.4823374555435,0.00041963407229696177
2020-03-02 17:30:00,3340.7958124123065,0.00039297023987499256
2020-03-02 17:31:00,3343.2925724442007,0.00039110897839874064
2020-03-02 17:32:00,3342.4930374381406,0.00039883493375286614
2020-03-02 17:33:00,3342.809422838675,0.000373555002617805
2020-03-02 17:34:00,3342.092089732067,0.0003532686366033995
2020-03-02 17:35:00,3342.0711635901966,0.0003535237577858144
2020-03-02 17:36:00,3341.6726731181,0.00036830394818901065
2020-03-02 17:37:00,3339.9200129229826,0.00034900643681696754
2020-03-02 17:38:00,3340.4340147548446,0.00033851990521891037
2020-03-02 17:39:00,3336.5988823255907,0.0003455703140326506
2020-03-02 17:40:00,3336.5046372206098,0.0003580760422231997
2020-03-02 17:41:00,3335.257625161045,0.00034723590438476157
2020-03-02 17:42:00,3338.0692880799634,0.00034419156226230056
2020-03-02 17:43:00,3337.75781180684,0.0003754159187477926
2020-03-02 17:44:00,3339.628388338515,0.000369011200607129
2020-03-02 17:45:00,3338.305713306297,0.00038427391442915514
2020-03-02 17:46:00,3337.012106712016,0.0003845451107042921
2020-03-02 17:47:00,3336.8170396964974,0.00037502908005324347
2020-03-02 17:48:00,3336.8358760053825,0.0003793072857982142
2020-03-02 17:49:00,3337.578031916723,0.0003660328236130017
2020-03-02 17:50:00,3337.2093558692895,0.000367691633304802
2020-03-02 17:51:00,3337.736117390795,0.00037602731128932653
2020-03-02 17:52:00,3337.7527115556,0.00036313715097857874
2020-03-02 17:53:00,3336.47669190656,0.0003708844738061972
2020-03-02 17:54:00,3338.82974941446,0.0003799777893741471
2020-03-02 17:55:00,3339.4978706958773,0.0003637763712503978
2020-03-02 17:56:00,3338.5068170066693,0.00034947671922328004
2020-03-02 17:57:00,3337.3597417081373,0.00038539866380763317
2020-03-02 17:58:00,3336.3272391550786,0.0004058708364062107
2020-03-02 17:59:00,3334.074079330911,0.00041256584261204073
2020-03-02 18:00:00,3333.2016646340667,0.00041699964455416084
2020-03-02 18:01:00,3332.566168783254,0.00038568661584899105
2020-03-02 18:02:00,3332.901872758754,0.00036383843305350935
2020-03-02 18:03:00,3333.317490053671,0.0003418601769280563
2020-03-02 18:04:00,3332.995503843608,0.0003297488742170921
2020-03-02 18:05:00,3333.0566880414594,0.00030774835745418387
2020-03-02 18:06:00,3332.3245464622664,0.00031394411347780054
2020-03-02 18:07:00,3332.338741684654,0.0003032294855151676
2020-03-02 18:08:00,3333.314825232833,0.00030743311602323916
2020-03-02 18:09:00,3334.091323239837,0.00030121247919067865
2020-03-02 18:10:00,3334.412028064529,0.0003083609244877449
2020-03-02 18:11:00,3334.1246136664413,0.0003200132675807389
2020-03-02 18:12:00,3333.5223518745033,0.0003334336982511079
2020-03-02 18:13:00,3332.7322740484374,0.0003281983355144933
2020-03-02 18:14:00,3331.019632040922,0.0003460183350925993
2020-03-02 18:15:00,3330.4739581747094,0.00036084939933255216
2020-03-02 18:16:00,3329.3005728923695,0.00033975571533670547
2020-03-02 18:17:00,3330.4177080891354,0.0003449438325550765
2020-03-02 18:18:00,3329.7149148552166,0.0003424963120893592
2020-03-02 18:19:00,3331.0819102260853,0.00034308588025371624
2020-03-02 18:20:00,3330.9301063514736,0.0003679584823456505
2020-03-02 18:21:00,3330.504329524263,0.00036534158483786925
2020-03-02 18:22:00,3331.9225454672746,0.00036430726879983777
2020-03-02 18:23:00,3331.287749418662,0.0003544231784931329
2020-03-02 18:24:00,3329.70597609667,0.0003637509857920613
2020-03-02 18:25:00,3330.407163462763,0.0003489876144122825
2020-03-02 18:26:00,3330.2960289568778,0.0003518286504386572
2020-03-02 18:27:00,3329.6993960093696,0.0003567357852569502
2020-03-02 18:28:00,3329.886720021305,0.0003296347229108776
2020-03-02 18:29:00,3331.518692336008,0.00031317376354200553
2020-03-02 18:30:00,3330.7921316248016,0.00031092987706423053
2020-03-02 18:31:00,3330.1947117342525,0.0003079780663442873
2020-03-02 18:32:00,3330.299431741235,0.0003405836276456072
2020-03-02 18:33:00,3330.6272925952576,0.0003643523692333833
2020-03-02 18:34:00,3329.7552784925488,0.0003736192186685066
2020-03-02 18:35:00,3332.1396303133706,0.0003861995842284745
2020-03-02 18:36:00,3331.908380823144,0.0003539254565871599
2020-03-02 18:37:00,3331.1591482469535,0.0003490895624940516
2020-03-02 18:38:00,3332.0539308380044,0.00036198639832964044
2020-03-02 18:39:00,3331.726485371746,0.0003620712770381164
2020-03-02 18:40:00,3331.5666574836087,0.00034924900321329773
2020-03-02 18:41:00,3332.1118555080557,0.00032983508216024893
2020-03-02 18:42:00,3331.2318795961446,0.0003332175304751533
2020-03-02 18:43:00,3329.7808807316915,0.0003445823126050973
2020-03-02 18:44:00,3328.764550246539,0.0003772466766720534
2020-03-02 18:45:00,3331.106627310081,0.0003797922666818175
2020-03-02 18:46:00,3331.5457999563205,0.0003873159935292193
2020-03-02 18:47:00,3330.1293744542013,0.00039584899388722016
2020-03-02 18:48:00,3330.987588351027,0.0003951604349674758
2020-03-02 18:49:00,3329.5696708882715,0.00040348247843629035
2020-03-02 18:50:00,3330.7210837491666,0.00042384449995068197
2020-03-02 18:51:00,3332.811148551303,0.0004288444086171933
2020-03-02 18:52:00,3332.2221304193117,0.0004517919640978536
2020-03-02 18:53:00,3333.4221901325304,0.00044431046531697593
2020-03-02 18:54:00,3331.8639371114687,0.0004441305662464326
2020-03-02 18:55:00,3333.827323488107,0.00045351407162472576
2020-03-02 18:56:00,3332.443883131175,0.0004192460111715893
2020-03-02 18:57:00,3331.632135116896,0.00038385961103289443
2020-03-02 18:58:00,3331.5032178571096,0.0003963530042333723
2020-03-02 18:59:00,3331.2454312406157,0.0004101128771733601
2020-03-02 19:00:00,3332.0683500749124,0.00039835275492312573
2020-03-02 19:01:00,3332.4528598266907,0.0003995603637454899
2020-03-02 19:02:00,3334.0449196284094,0.0004095948554029533
2020-03-02 19:03:00,3331.0235174285644,0.0004229102704424792
2020-03-02 19:04:00,3330.344304101796,0.00040332697567533135
2020-03-02 19:05:00,3328.0790914930367,0.00039591599000487256
2020-03-02 19:06:00,3327.5762590118143,0.00038762526847357475
2020-03-02 19:07:00,3328.1496885717224,0.0003971005061128461
2020-03-02 19:08:00,3327.465922364718,0.0004077065481203749
2020-03-02 19:09:00,3331.255149993056,0.00042895320636214166
2020-03-02 19:10:00,3334.848300799786,0.00044583028219222784
2020-03-02 19:11:00,3334.237607239277,0.00045175498043512497
2020-03-02 19:12:00,3333.5042403367743,0.0004411865677794505
2020-03-02 19:13:00,3332.725256393601,0.0004646318962931954
2020-03-02 19:14:00,3332.8485768551577,0.00046134928135961134
2020-03-02 19:15:00,3336.2483471673154,0.00048014010703891305
2020-03-02 19:16:00,3336.0373464308586,0.00045122882352597525
2020-03-02 19:17:00,3334.9111622102478,0.00044099368071328363
2020-03-02 19:18:00,3334.266265756925,0.00043654947860337465
2020-03-02 19:19:00,3332.8992912865897,0.00042145169191821786
2020-03-02 19:20:00,3332.297724746236,0.00038920950803797134
2020-03-02 19:21:00,3332.160256846381,0.00040138342646920533
2020-03-02 19:22:00,3331.2148108843576,0.0003785319848212978
2020-03-02 19:23:00,3330.899863928342,0.0003895646582438552
2020-03-02 19:24:00,3332.1987693637275,0.0003967451365973714
2020-03-02 19:25:00,3332.7351784603893,0.00040584317591493087
2020-03-02 19:26:00,3332.9947575748115,0.00043946577447171565
2020-03-02 19:27:00,3333.8793136729387,0.0004170994133726903
2020-03-02 19:28:00,3333.9108482395354,0.00043549591604398583
2020-03-02 19:29:00,3336.0443193851693,0.00043245723506103907
2020-03-02 19:30:00,3335.0681874987877,0.00043461282478736386
2020-03-02 19:31:00,3332.2826701729578,0.00042867991541680015
2020-03-02 19:32:00,3335.3024132647392,0.00041104499674640075
2020-03-02 19:33:00,3335.058167596819,0.0004551666298592172
2020-03-02 19:34:00,3335.3192673656586,0.0004490101082903772
2020-03-02 19:35:00,3335.7304073656774,0.0004994254873085648
2020-03-02 19:36:00,3335.2971748525565,0.0004904044497458441
2020-03-02 19:37:00,3331.4804166603617,0.00046835752620280364
2020-03-02 19:38:00,3331.45239681577,0.000457086582142562
2020-03-02 19:39:00,3331.333224832056,0.0004504248615532277
2020-03-02 19:40:00,3330.2283309314025,0.00046344998539685526
2020-03-02 19:41:00,3331.4545905224786,0.00046411720320706375
2020-03-02 19:42:00,3330.778504145096,0.00046279868197983106
2020-03-02 19:43:00,3332.496350227953,0.0004812002635428513
2020-03-02 19:44:00,3331.59639755147,0.000523517642048094
2020-03-02 19:45:00,3328.811911227996,0.0005087216579246729
2020-03-02 19:46:00,3328.1619851700934,0.0005747323257139437
2020-03-02 19:47:00,3325.615974190783,0.000556666215281251
2020-03-02 19:48:00,3323.560229285544,0.000553450921049287
2020-03-02 19:49:00,3324.2858843953127,0.0005495310439544212
2020-03-02 19:50:00,3319.7312642447537,0.0005682954484532299
2020-03-02 19:51:00,3317.5449854981202,0.0005748580844600132
2020-03-02 19:52:00,3315.9686472710487,0.000540379376848333
2020-03-02 19:53:00,3318.014961937598,0.0005136254199454103
2020-03-02 19:54:00,3316.0666979064445,0.0005152107146800409
2020-03-02 19:55:00,3315.4502201166647,0.000475885659984496
2020-03-02 19:56:00,3315.6873677340213,0.0004684479184093186
2020-03-02 19:57:00,3314.6955009329563,0.0004544756340909909
2020-03-02 19:58:00,3315.456511738865,0.0004370122210260242
2020-03-02 19:59:00,3313.8081747084184,0.0004581652892530879
2020-03-03 13:30:00,3254.9525873021003,0.00044295079487035346
2020-03-03 13:31:00,3255.5920109868084,0.00040668999594056625
2020-03-03 13:32:00,3255.9385240597762,0.0003889389702749961
2020-03-03 13:33:00,3255.6403616234106,0.0003621197085118794
2020-03-03 13:34:00,3257.403120097824,0.000384536934860558
2020-03-03 13:35:00,3258.5057751603845,0.00036282968607000176
2020-03-03 13:36:00,3257.8989024024886,0.0003676980007540621
2020-03-03 13:37:00,3258.421699139673,0.0003821251483853389
2020-03-03 13:38:00,3258.475270603304,0.0003659810972671045
2020-03-03 13:39:00,3258.0487706648933,0.0004004993095775151
2020-03-03 13:40:00,3261.0474750027847,0.0004069011018925729
2020-03-03 13:41:00,3262.1879746883806,0.0003955581846777628
2020-03-03 13:42:00,3261.6702796213563,0.00037540665678410264
2020-03-03 13:43:00,3259.3950243830323,0.0003727271832357105
2020-03-03 13:44:00,3260.1680914909557,0.0003783969070297849
2020-03-03 13:45:00,3261.411376145374,0.00034815784436181374
2020-03-03 13:46:00,3261.0326700678434,0.00034294333140462934
2020-03-03 13:47:00,3261.5132787955317,0.0003350883604930499
2020-03-03 13:48:00,3261.9814724419844,0.0003495790982322969
2020-03-03 13:49:00,3262.5958164336744,0.00032364671005816285
2020-03-03 13:50:00,3262.630951696838,0.0003176600663671486
2020-03-03 13:51:00,3261.138842604521,0.0003167076623991079
2020-03-03 13:52:00,3259.9357243182703,0.00033004956669414756
2020-03-03 13:53:00,3259.041664292222,0.0003547576456936946
2020-03-03 13:54:00,3258.7331216402727,0.00032641167298272654
2020-03-03 13:55:00,3258.2176859754195,0.0003027157747389137
2020-03-03 13:56:00,3258.8592926200345,0.0002984922354596136
2020-03-03 13:57:00,3259.2389316611716,0.0003049233307631448
2020-03-03 13:58:00,3257.981497979562,0.0002834788078684683
2020-03-03 13:59:00,3258.560652935334,0.00027946550010587355
2020-03-03 14:00:00,3259.31174588272,0.00027261638132138695
2020-03-03 14:01:00,3259.6477021885503,0.00027171414247759347
2020-03-03 14:02:00,3259.5232235995886,0.0002995845070911042
2020-03-03 14:03:00,3258.7705001048403,0.0002926289314594073
2020-03-03 14:04:00,3257.718018566167,0.0003026453848187985
2020-03-03 14:05:00,3256.8880679377,0.00030446915608063526
2020-03-03 14:06:00,3257.0942820552555,0.0003150707143143617
2020-03-03 14:07:00,3256.5926990599773,0.00034251387473403913
2020-03-03 14:08:00,3257.734511397606,0.00034529598175278033
2020-03-03 14:09:00,3257.999079622103,0.00033428409403767864
2020-03-03 14:10:00,3257.4734443664543,0.00033838558223792814
2020-03-03 14:11:00,3257.6007069089674,0.0003376524278829685
2020-03-03 14:12:00,3256.765534439334,0.00031145209397228523
2020-03-03 14:13:00,3257.10924337238,0.0003110265502280008
2020-03-03 14:14:00,3256.156747291695,0.0002845506353903839
2020-03-03 14:15:00,3256.9190049448835,0.00028659524757982774
2020-03-03 14:16:00,3258.4701385095736,0.0002966319323746445
2020-03-03 14:17:00,3258.63051748049,0.00030789825936163533
2020-03-03 14:18:00,3259.576238697304,0.0003152524156322457
2020-03-03 14:19:00,3258.058733985524,0.000300980305219784
2020-03-03 14:20:00,3257.9413266860356,0.0002961310323644808
2020-03-03 14:21:00,3258.485588266742,0.00030438724572591475
2020-03-03 14:22:00,3257.8408046873838,0.00031735670709428544
2020-03-03 14:23:00,3256.389109739764,0.0003305712118065544
2020-03-03 14:24:00,3257.09571292897,0.0003429264650738121
2020-03-03 14:25:00,3259.1745803959593,0.0003311764107664044
2020-03-03 14:26:00,3259.5899686567304,0.00033345403533771025
2020-03-03 14:27:00,3258.7123025167607,0.00031723869213003207
2020-03-03 14:28:00,3259.218423491787,0.00029731263897981696
2020-03-03 14:29:00,3258.4118602663275,0.0002833067752018534
2020-03-03 14:30:00,3258.365172718535,0.00026673562084158234
2020-03-03 14:31:00,3257.6681147945415,0.0002469278975196758
2020-03-03 14:32:00,3257.7423693184323,0.00022818589746435687
2020-03-03 14:33:00,3256.728589043785,0.00022935151083975923
2020-03-03 14:34:00,3256.9303239929,0.00024355268628715372
2020-03-03 14:35:00,3257.117148458609,0.00024311683224555723
2020-03-03 14:36:00,3258.1329587025675,0.0002489127241387657
2020-03-03 14:37:00,3258.0133063644794,0.0002629628429566089
2020-03-03 14:38:00,3258.1084396269885,0.00026145452657094716
2020-03-03 14:39:00,3257.8177954903035,0.00027045686466925555
2020-03-03 14:40:00,3257.737165756787,0.0002604454227922695
2020-03-03 14:41:00,3257.305029152243,0.00025088562972389874
2020-03-03 14:42:00,3256.4396589957482,0.0002484888348014438
2020-03-03 14:43:00,3255.8930728950613,0.00024331519928608684
2020-03-03 14:44:00,3255.464269638584,0.0002476086159926795
2020-03-03 14:45:00,3255.457437507585,0.00024643894167139757
2020-03-03 14:46:00,3255.6947258068403,0.00023284834495906301
2020-03-03 14:47:00,3255.621453914221,0.0002290579224309578
2020-03-03 14:48:00,3255.7896216754593,0.00024699069087986167
2020-03-03 14:49:00,3255.409275141764,0.00026152511148900415
2020-03-03 14:50:00,3256.5245060714356,0.0002620864894694964
2020-03-03 14:51:00,3255.505960027594,0.00026813378312853456
2020-03-03 14:52:00,3256.409811608183,0.0002589131098698244
2020-03-03 14:53:00,3256.1034689292082,0.00024370797299958627
2020-03-03 14:54:00,3256.816170041394,0.00023972417737672688
2020-03-03 14:55:00,3256.6448353324786,0.00022241597000103447
2020-03-03 14:56:00,3255.768412618546,0.0002174601218431144
2020-03-03 14:57:00,3256.445106770379,0.00023773712029316556
2020-03-03 14:58:00,3255.7489346416214,0.00022535730510417313
2020-03-03 14:59:00,3254.0738279899447,0.00022201532239122179
2020-03-03 15:00:00,3253.6806127208015,0.00021751926481743006
2020-03-03 15:01:00,3253.317844054867,0.00022944719763581242
2020-03-03 15:02:00,3252.6985827881444,0.00023549195370832412
2020-03-03 15:03:00,3251.618875279204,0.00025264013450560185
2020-03-03 15:04:00,3251.0150290063734,0.0002485617621771268
2020-03-03 15:05:00,3250.3770573917554,0.000258895868577365
2020-03-03 15:06:00,3249.111074890222,0.00025174926540308753
2020-03-03 15:07:00,3250.339720428312,0.0002427356086617753
2020-03-03 15:08:00,3249.409902770032,0.00023673967717664947
2020-03-03 15:09:00,3249.4109514329893,0.0002455595322120501
2020-03-03 15:10:00,3249.615288844107,0.000255784896198046
2020-03-03 15:11:00,3251.0911296801783,0.0002565531848088835
2020-03-03 15:12:00,3250.873479927623,0.00027014846834808623
2020-03-03 15:13:00,3250.5819074292262,0.00026162705577981437
2020-03-03 15:14:00,3250.051179370471,0.00025589355236448806
2020-03-03 15:15:00,3248.7683937842876,0.0002683857392925923
2020-03-03 15:16:00,3249.8027300295016,0.0002860609601541099
2020-03-03 15:17:00,3250.509681240899,0.00029677228943496167
2020-03-03 15:18:00,3250.122347993878,0.000305482106347327
2020-03-03 15:19:00,3250.263632737775,0.000280128036036298
2020-03-03 15:20:00,3249.1223863521423,0.00028610773564267255
2020-03-03 15:21:00,3248.0765606474097,0.0002886984651233886
2020-03-03 15:22:00,3247.1202709673234,0.0002842279341202825
2020-03-03 15:23:00,3245.9677903862394,0.0002941915473564232
2020-03-03 15:24:00,3244.323190809112,0.00029501130597624925
2020-03-03 15:25:00,3245.129212518298,0.0002927003844375706
2020-03-03 15:26:00,3245.3816871630115,0.00031314759143850825
2020-03-03 15:27:00,3245.600754131975,0.00031545926785264374
2020-03-03 15:28:00,3243.57684551372,0.00031195145881508796
2020-03-03 15:29:00,3244.050210634334,0.0003076144159433349
2020-03-03 15:30:00,3244.0789721897695,0.0002998425127405907
2020-03-03 15:31:00,3243.960290671079,0.00029851368870426965
2020-03-03 15:32:00,3242.3311472018527,0.00032271288420629586
2020-03-03 15:33:00,3242.4062516926388,0.0003265862399735201
2020-03-03 15:34:00,3241.653862313347,0.0003479578822456792
2020-03-03 15:35:00,3242.093715550698,0.0003569406972471171
2020-03-03 15:36:00,3243.445097160465,0.0003269165230991053
2020-03-03 15:37:00,3244.847189112476,0.0003284383178791947
2020-03-03 15:38:00,3245.590820506677,0.0003450035599897695
2020-03-03 15:39:00,3245.1136836073206,0.000340452360655169
2020-03-03 15:40:00,3244.543327301862,0.00035780107691923903
2020-03-03 15:41:00,3242.423025038609,0.0003591209606116186
2020-03-03 15:42:00,3241.97542604628,0.0003820814875592657
2020-03-03 15:43:00,3240.7997964105875,0.00038655785045121834
2020-03-03 15:44:00,3239.685147034203,0.00041669604409522794
2020-03-03 15:45:00,3240.1046305793448,0.00042667269645912026
2020-03-03 15:46:00,3241.877666947099,0.00043481942518948895
2020-03-03 15:47:00,3241.321772584925,0.0004179900364977912
2020-03-03 15:48:00,3236.7615986827673,0.0004552813447219713
2020-03-03 15:49:00,3236.127085744581,0.00048273830588337145
2020-03-03 15:50:00,3237.1512105292722,0.0004540082159445613
2020-03-03 15:51:00,3238.170409360785,0.0004632620204751944
2020-03-03 15:52:00,3237.120832646474,0.00046466357936804164
2020-03-03 15:53:00,3233.8264381624936,0.0005045338728799089
2020-03-03 15:54:00,3230.9228150774766,0.0005108687579969643
2020-03-03 15:55:00,3230.0692892260026,0.000501876376687112
2020-03-03 15:56:00,3231.875836966355,0.00048203808784755866
2020-03-03 15:57:00,3232.9775015272025,0.0004390526505389587
2020-03-03 15:58:00,3230.432954499099,0.0004711534986005484
2020-03-03 15:59:00,3227.488766963378,0.0004568693279665411
2020-03-03 16:00:00,3228.3122237279963,0.0004686966793812493
2020-03-03 16:01:00,3227.9152610912597,0.00044508511851032765
2020-03-03 16:02:00,3226.881473935598,0.0004399339386715461
2020-03-03 16:03:00,3225.703575256935,0.00046746182768745684
2020-03-03 16:04:00,3226.663510301429,0.0004974533691776079
2020-03-03 16:05:00,3223.761566263353,0.0005061831562420401
2020-03-03 16:06:00,3223.862238211815,0.0004647200363544921
2020-03-03 16:07:00,3221.7683682243824,0.0004618062157494287
2020-03-03 16:08:00,3223.9636128031343,0.0004877371364281374
2020-03-03 16:09:00,3221.1299266821943,0.00048469010052466376
2020-03-03 16:10:00,3222.628631179695,0.00046892953431181244
2020-03-03 16:11:00,3224.257555825482,0.0004669534852691339
2020-03-03 16:12:00,3225.202382447233,0.0005022505596879174
2020-03-03 16:13:00,3222.8759912664927,0.0004568653449699425
2020-03-03 16:14:00,3221.936420914825,0.00048272941284446894
2020-03-03 16:15:00,3224.4023593173765,0.0005049737234091857
2020-03-03 16:16:00,3227.156325372134,0.0004964846702922257
2020-03-03 16:17:00,3230.3089571097917,0.0005301802966162123
2020-03-03 16:18:00,3230.5224376390192,0.0005469765750975819
2020-03-03 16:19:00,3230.9745612202523,0.0005568193658873328
2020-03-03 16:20:00,3230.9309812839047,0.0006058288501749278
2020-03-03 16:21:00,3229.286561299848,0.0006254946624855309
2020-03-03 16:22:00,3228.9105169883337,0.0006603524079322326
2020-03-03 16:23:00,3225.604065498935,0.0007071983632364157
2020-03-03 16:24:00,3225.7531712083064,0.0006835560964717045
2020-03-03 16:25:00,3225.247242675932,0.0007012682085663556
2020-03-03 16:26:00,3226.0687772047886,0.0007318835355236757
2020-03-03 16:27:00,3225.0470253587737,0.000735096624648216
2020-03-03 16:28:00,3223.1415343762264,0.000774012343123468
2020-03-03 16:29:00,3222.455724022107,0.0007897736626338078
2020-03-03 16:30:00,3221.7416344230905,0.0008229917390276506
2020-03-03 16:31:00,3220.747944776204,0.0008481592274574627
2020-03-03 16:32:00,3217.143821196143,0.0008125566873338979
2020-03-03 16:33:00,3218.594195501822,0.0008160104464055293
2020-03-03 16:34:00,3213.8013080204064,0.0008121878728441073
2020-03-03 16:35:00,3219.873531832696,0.000822106432408611
2020-03-03 16:36:00,3222.710086775995,0.0008520994143741235
2020-03-03 16:37:00,3224.100055356719,0.0008905837946449637
2020-03-03 16:38:00,3231.5127439299026,0.000850406418924872
2020-03-03 16:39:00,3227.176083466788,0.0007902145981467745
2020-03-03 16:40:00,3228.711914833389,0.0008267960769410641
2020-03-03 16:41:00,3225.2081781666207,0.000876818454863552
2020-03-03 16:42:00,3220.4480728095987,0.0009215277058638606
2020-03-03 16:43:00,3218.3503396005167,0.0009473246712611683
2020-03-03 16:44:00,3220.1403486491145,0.000863366771178539
2020-03-03 16:45:00,3223.045680748797,0.0008429272267478453
2020-03-03 16:46:00,3224.835583839178,0.0008252310036342475
2020-03-03 16:47:00,3223.650390009828,0.0008637940257895469
2020-03-03 16:48:00,3222.8861423144795,0.0008483643039530103
2020-03-03 16:49:00,3223.115240923384,0.0008508043121221242
2020-03-03 16:50:00,3227.215916876093,0.0007912310630360335
2020-03-03 16:51:00,3230.5677800623416,0.0008042946519808241
2020-03-03 16:52:00,3230.7142037841054,0.0008095250006249924
2020-03-03 16:53:00,3232.02842801518,0.0008068443161916574
2020-03-03 16:54:00,3234.8402621387145,0.000793386313310993
2020-03-03 16:55:00,3234.427977740116,0.0007601023090175041
2020-03-03 16:56:00,3230.6812575854797,0.0007567641238388205
2020-03-03 16:57:00,3227.2534642523356,0.0007942784307796537
2020-03-03 16:58:00,3225.053746607231,0.0007956883814173073
2020-03-03 16:59:00,3225.6138132466963,0.0007212296419241638
2020-03-03 17:00:00,3221.275600667187,0.0007172201857452125
2020-03-03 17:01:00,3219.198559347526,0.0007485233394373172
2020-03-03 17:02:00,3223.2670642302432,0.0007679188023426655
2020-03-03 17:03:00,3227.1325990183923,0.0007447600093985145
2020-03-03 17:04:00,3224.976894452303,0.000726692827467799
2020-03-03 17:05:00,3222.4825870171203,0.0007642920950065862
2020-03-03 17:06:00,3223.8192861788507,0.0008035195378493534
2020-03-03 17:07:00,3230.6861075664515,0.0007839720130685731
2020-03-03 17:08:00,3233.720384213777,0.0007793201694169557
2020-03-03 17:09:00,3237.948619362925,0.0008542532759935236
2020-03-03 17:10:00,3244.3369952878816,0.0008637598736398266
2020-03-03 17:11:00,3243.4548542701427,0.000929488034246838
2020-03-03 17:12:00,3241.8284961279637,0.0009639477744129397
2020-03-03 17:13:00,3242.468346840299,0.0009930877998269609
2020-03-03 17:14:00,3245.247860889267,0.0010010561422975897
2020-03-03 17:15:00,3246.88143759868,0.0010285957534295492
2020-03-03 17:16:00,3243.7507730929633,0.0010405641001793925
2020-03-03 17:17:00,3239.4508097529633,0.001039927424871043
2020-03-03 17:18:00,3239.9513540927614,0.0010111757036252598
2020-03-03 17:19:00,3239.6793049181165,0.0010053369552203689
2020-03-03 17:20:00,3245.7843620037033,0.0009373873327652334
2020-03-03 17:21:00,3240.193252771604,0.0009224756985543623
2020-03-03 17:22:00,3242.067229487343,0.0009124606546219172
2020-03-03 17:23:00,3239.6712131451145,0.0009343097787873737
2020-03-03 17:24:00,3242.596490505911,0.0008297915243411402
2020-03-03 17:25:00,3240.347698701185,0.0008081356165206727
2020-03-03 17:26:00,3237.520023943904,0.0007920752049191946
2020-03-03 17:27:00,3239.924607232728,0.0007708482156686529
2020-03-03 17:28:00,3240.6368643088977,0.0007870774043644971
2020-03-03 17:29:00,3240.252722830479,0.0007903845363439861
2020-03-03 17:30:00,3242.133326139635,0.000770527511410166
2020-03-03 17:31:00,3240.8088322089507,0.0007357320326584047
2020-03-03 17:32:00,3237.405244409399,0.0007280505974810208
2020-03-03 17:33:00,3236.0036075534767,0.0008356056036214897
2020-03-03 17:34:00,3235.3753142876926,0.0008789234005020591
2020-03-03 17:35:00,3238.9561888633684,0.000962185777191627
2020-03-03 17:36:00,3240.7934641387287,0.0009964544151677358
2020-03-03 17:37:00,3244.7271072835774,0.0009276366169935348
2020-03-03 17:38:00,3247.8827590991827,0.0009840058674493019
2020-03-03 17:39:00,3249.6713834398433,0.0009798788532982532
2020-03-03 17:40:00,3249.3408278732995,0.000902931853017141
2020-03-03 17:41:00,3249.141537172845,0.0008352246578737593
2020-03-03 17:42:00,3249.4502530618165,0.0008436478028165105
2020-03-03 17:43:00,3246.6082990582254,0.0009006522417468884
2020-03-03 17:44:00,3243.385755030016,0.0008532575901891832
2020-03-03 17:45:00,3239.4228640065417,0.0009114176589242989
2020-03-03 17:46:00,3235.166050172087,0.0009557253871418402
2020-03-03 17:47:00,3230.966174783443,0.0009796207743807063
2020-03-03 17:48:00,3229.4057533769887,0.0009980099806148536
2020-03-03 17:49:00,3228.9235867879925,0.0009398887178620269
2020-03-03 17:50:00,3227.330748448292,0.0009423225767232787
2020-03-03 17:51:00,3231.405591631531,0.00090251929822712
2020-03-03 17:52:00,3234.778647023344,0.0008948973708943341
2020-03-03 17:53:00,3234.4304687150834,0.000924972799226846
2020-03-03 17:54:00,3231.6647019040934,0.0009042562517366325
2020-03-03 17:55:00,3230.3625458046918,0.0009417053282577192
2020-03-03 17:56:00,3233.186849610135,0.000960642400838396
2020-03-03 17:57:00,3229.634651762429,0.0009658685445729792
2020-03-03 17:58:00,3226.6195122822123,0.0009202996263943254
2020-03-03 17:59:00,3225.6443851874033,0.0009165517464869497
2020-03-03 18:00:00,3224.3656221472734,0.0009815748219706942
2020-03-03 18:01:00,3225.200945463867,0.0009650470551987867
2020-03-03 18:02:00,3225.4828349011455,0.0008987899023253012
2020-03-03 18:03:00,3226.378212232671,0.0009344739409297164
2020-03-03 18:04:00,3228.759918414731,0.000975823263019324
2020-03-03 18:05:00,3229.9411116736724,0.000931550649308543
2020-03-03 18:06:00,3233.490569258678,0.001041140859098067
2020-03-03 18:07:00,3233.902991183843,0.0010472729512341326
2020-03-03 18:08:00,3231.132389924983,0.0010057679741286333
2020-03-03 18:09:00,3232.5835837129753,0.0009750370364642632
2020-03-03 18:10:00,3230.203363368285,0.000917256543266999
2020-03-03 18:11:00,3232.165303243309,0.0008797994432165664
2020-03-03 18:12:00,3234.3880762913486,0.0008761276608909077
2020-03-03 18:13:00,3230.5178142031573,0.0008417600098653373
2020-03-03 18:14:00,3230.9469313020345,0.0008626202626445109
2020-03-03 18:15:00,3234.4377619558186,0.0008325323614605953
2020-03-03 18:16:00,3232.6403860147057,0.0007979298839131024
2020-03-03 18:17:00,3235.3859080673005,0.000842242866454394
2020-03-03 18:18:00,3237.538277145059,0.0008505788714222933
2020-03-03 18:19:00,3235.093347150347,0.0008046338093164262
2020-03-03 18:20:00,3234.2831575996493,0.0008119955682038766
2020-03-03 18:21:00,3230.3110997930708,0.0007518934806707471
2020-03-03 18:22:00,3231.953939013138,0.0007396265892822998
2020-03-03 18:23:00,3232.079660421135,0.0007065165790722602
2020-03-03 18:24:00,3234.1573941598595,0.0007520288542024653
2020-03-03 18:25:00,3234.2773067737235,0.0007944663925423702
2020-03-03 18:26:00,3233.0229481042234,0.000820166328194719
2020-03-03 18:27:00,3232.260291544633,0.0007974312833257204
2020-03-03 18:28:00,3231.3904504632987,0.0007912649172009713
2020-03-03 18:29:00,3233.479108008267,0.0007710525757849762
2020-03-03 18:30:00,3233.318349388885,0.0007029696435167292
2020-03-03 18:31:00,3230.919667954358,0.000692795230526898
2020-03-03 18:32:00,3231.8508091433764,0.0006922357990287232
2020-03-03 18:33:00,3233.2767723522634,0.0006869701151486786
2020-03-03 18:34:00,3233.5435601419126,0.0006475054634976247
2020-03-03 18:35:00,3232.5728225815615,0.0006718321439108451
2020-03-03 18:36:00,3229.2183277207005,0.0006478252837109007
2020-03-03 18:37:00,3228.3291068928006,0.0006559553236021967
2020-03-03 18:38:00,3226.2515869195954,0.000587048483053173
2020-03-03 18:39:00,3225.91899486899,0.0005728833102767208
2020-03-03 18:40:00,3224.9790024515196,0.000570602190470727
2020-03-03 18:41:00,3224.408951310491,0.0005938284126320383
2020-03-03 18:42:00,3223.073646535949,0.0005836550586566267
2020-03-03 18:43:00,3225.1646812201143,0.000629877141746738
2020-03-03 18:44:00,3224.9116034139793,0.0006322320719327563
2020-03-03 18:45:00,3224.3146473020106,0.0005767638231543116
2020-03-03 18:46:00,3218.4502158319056,0.0005466605202486886
2020-03-03 18:47:00,3219.3826057298566,0.0005400452601328466
2020-03-03 18:48:00,3217.930586553929,0.0005440435066290427
2020-03-03 18:49:00,3218.5755725277336,0.0005740692150718212
2020-03-03 18:50:00,3217.0251559497256,0.0005727852692161817
2020-03-03 18:51:00,3214.6935952324225,0.0005995972484885189
2020-03-03 18:52:00,3215.0855894793544,0.0005567722418271154
2020-03-03 18:53:00,3217.131432404324,0.0005099120810261908
2020-03-03 18:54:00,3216.129674653283,0.0005004604591262342
2020-03-03 18:55:00,3216.79709845612,0.0004902252716194941
2020-03-03 18:56:00,3215.9776880410805,0.0005116190737390724
2020-03-03 18:57:00,3213.888185015427,0.0005145284372171028
2020-03-03 18:58:00,3214.862299476843,0.0005090930213713059
2020-03-03 18:59:00,3213.3422717311846,0.0005401660577978494
2020-03-03 19:00:00,3215.976206181649,0.0005346523762820691
2020-03-03 19:01:00,3218.480076770869,0.0005498837999695837
2020-03-03 19:02:00,3219.1793444436726,0.0005121170424964418
2020-03-03 19:03:00,3223.030436983235,0.0005317337398981402
2020-03-03 19:04:00,3222.823313878596,0.0005362301741036365
2020-03-03 19:05:00,3223.1047315860033,0.0005070004523741621
2020-03-03 19:06:00,3226.1349557271906,0.00047343716853327994
2020-03-03 19:07:00,3225.8389135133557,0.00046060266758088186
2020-03-03 19:08:00,3227.169626224756,0.00047592567213384997
2020-03-03 19:09:00,3225.134266171662,0.0005013041202287252
2020-03-03 19:10:00,3225.214513681844,0.0004783049931269823
2020-03-03 19:11:00,3226.1787846444995,0.0004839266108261
2020-03-03 19:12:00,3226.1914404791705,0.0004687683416730417
2020-03-03 19:13:00,3227.9834604544058,0.00042375309444604974
2020-03-03 19:14:00,3229.619361654473,0.0004371019902910327
2020-03-03 19:15:00,3230.060883141302,0.0004314393922686048
2020-03-03 19:16:00,3229.6794574694736,0.0004551199957877046
2020-03-03 19:17:00,3231.420336821405,0.0004609444870756398
2020-03-03 19:18:00,3232.742385402369,0.0004594247384751055
2020-03-03 19:19:00,3231.7513810108035,0.00046598202449126127
2020-03-03 19:20:00,3233.5410267035454,0.00048380153487154046
2020-03-03 19:21:00,3230.4411739794186,0.0004804515102706324
2020-03-03 19:22:00,3230.6171191850626,0.0004839074445029112
2020-03-03 19:23:00,3233.2940882034277,0.00045474189792462554
2020-03-03 19:24:00,3235.6539927313424,0.000496161967958648
2020-03-03 19:25:00,3235.731984674634,0.0004888712673318816
2020-03-03 19:26:00,3232.6590314639698,0.0005331526518932534
2020-03-03 19:27:00,3232.755444587932,0.0005392262322593843
2020-03-03 19:28:00,3231.81812207568,0.0005115308513119884
2020-03-03 19:29:00,3230.1289051961935,0.0005032285393297873
2020-03-03 19:30:00,3233.0940609038894,0.0005042332294745415
2020-03-03 19:31:00,3231.9365134884442,0.0004973009977913108
2020-03-03 19:32:00,3230.8912252267637,0.0004908851016783624
2020-03-03 19:33:00,3226.671260335752,0.0005095458124184789
2020-03-03 19:34:00,3226.1804407964364,0.0004994374248399858
2020-03-03 19:35:00,3229.128382561631,0.0005358151251715681
2020-03-03 19:36:00,3231.442620123742,0.0005297765399937399
2020-03-03 19:37:00,3230.8106104083354,0.0005422882603913757
2020-03-03 19:38:00,3230.264657661488,0.0005606857838727554
2020-03-03 19:39:00,3230.242034849428,0.0005891764800353659
2020-03-03 19:40:00,3229.3392822756205,0.0006313776862832822
2020-03-03 19:41:00,3227.8742567320273,0.0006471113366752777
2020-03-03 19:42:00,3229.23405514108,0.0006573110585811113
2020-03-03 19:43:00,3230.458230634516,0.000675205364175736
2020-03-03 19:44:00,3228.2090513298212,0.0006633265730695472
2020-03-03 19:45:00,3223.825039261427,0.0006794872060642746
2020-03-03 19:46:00,3224.3975400708605,0.0006897087526802075
2020-03-03 19:47:00,3227.8374259407833,0.0006983012443991905
2020-03-03 19:48:00,3230.262209443482,0.0006833522047033333
2020-03-03 19:49:00,3227.761038774083,0.0007274770646516953
2020-03-03 19:50:00,3227.2074485892776,0.0007112649707666405
2020-03-03 19:51:00,3230.0035322614126,0.0007422771419556162
2020-03-03 19:52:00,3228.191816563182,0.0007866531840862271
2020-03-03 19:53:00,3230.161414078524,0.0007486510141101423
2020-03-03 19:54:00,3228.929439819425,0.0007497948375909365
2020-03-03 19:55:00,3231.863038092836,0.0008007822711660359
2020-03-03 19:56:00,3229.2287966378994,0.0007704121949395664
2020-03-03 19:57:00,3228.3090204007926,0.0007453224139027491
2020-03-03 19:58:00,3225.5022163089866,0.0007581530138019094
2020-03-03 19:59:00,3227.7754487966454,0.0007322394532393838
2020-03-04 13:30:00,3216.136199513984,0.0007369314549936496
2020-03-04 13:31:00,3212.1111813529915,0.0007130131437473816
2020-03-04 13:32:00,3211.27696681208,0.0007176199165748837
2020-03-04 13:33:00,3212.9212494269136,0.000708032553715814
2020-03-04 13:34:00,3213.770090064821,0.0007090505476548877
2020-03-04 13:35:00,3211.324490077404,0.0007451386790548991
2020-03-04 13:36:00,3208.933154097097,0.0007536876369813277
2020-03-04 13:37:00,3212.3212345816696,0.000723057115258211
2020-03-04 13:38:00,3210.9230630550082,0.0007249874982078371
2020-03-04 13:39:00,3209.3735464320966,0.0006929280276646062
2020-03-04 13:40:00,3209.99464594184,0.0006812553749754295
2020-03-04 13:41:00,3204.813853944051,0.0006775250793767706
2020-03-04 13:42:00,3204.78204367837,0.0006813852414532969
2020-03-04 13:43:00,3204.997751571148,0.0006721355716635484
2020-03-04 13:44:00,3204.9004611524806,0.0006240600122333701
2020-03-04 13:45:00,3206.21262027274,0.0006638901293463971
2020-03-04 13:46:00,3205.9407871293583,0.0006191373368378555
2020-03-04 13:47:00,3206.217696797962,0.0006225704078864102
2020-03-04 13:48:00,3207.2673431406106,0.0005871985548254057
2020-03-04 13:49:00,3206.7510042011404,0.0006558552611212505
2020-03-04 13:50:00,3204.333306842049,0.0006874976040055032
2020-03-04 13:51:00,3204.399982917344,0.0006702247336249677
2020-03-04 13:52:00,3207.4277941068794,0.0006130951018188679
2020-03-04 13:53:00,3209.723505277253,0.0005850397466480412
2020-03-04 13:54:00,3208.733744519897,0.0006094717429225882
2020-03-04 13:55:00,3208.8002091986523,0.0005952517584256802
2020-03-04 13:56:00,3210.5536906064385,0.0005525615338823739
2020-03-04 13:57:00,3212.915259442306,0.0005649358666882788
2020-03-04 13:58:00,3213.840049691726,0.0005740288393106961
2020-03-04 13:59:00,3211.662184627244,0.0005335062734582458
2020-03-04 14:00:00,3212.3829156748475,0.0005423290348925275
2020-03-04 14:01:00,3212.856045915746,0.0005399884526834531
2020-03-04 14:02:00,3211.8492894014926,0.0005100277011528059
2020-03-04 14:03:00,3214.7607814429507,0.0005140449130803093
2020-03-04 14:04:00,3212.7237371370443,0.0005028995108065275
2020-03-04 14:05:00,3215.101729717691,0.0004702802464201442
2020-03-04 14:06:00,3216.9988455475145,0.0004744056759296774
2020-03-04 14:07:00,3217.3000487309014,0.0004868392766113214
2020-03-04 14:08:00,3217.179729848768,0.0005003225947579735
2020-03-04 14:09:00,3214.337057469604,0.0004911902473756016
2020-03-04 14:10:00,3216.4609546821343,0.0005379532321783374
2020-03-04 14:11:00,3215.0652954375337,0.0005529107104337476
2020-03-04 14:12:00,3215.180349660112,0.0005417006276035194
2020-03-04 14:13:00,3215.743875535946,0.0005355011039913127
2020-03-04 14:14:00,3213.211631574047,0.0005493372785292656
2020-03-04 14:15:00,3210.315802569425,0.000516220308280215
2020-03-04 14:16:00,3210.0853495396623,0.000520176602557613
2020-03-04 14:17:00,3209.1497320502067,0.0005460446195679955
2020-03-04 14:18:00,3210.7647173340997,0.0005679519439346558
2020-03-04 14:19:00,3212.7276640933574,0.0005750000469980921
2020-03-04 14:20:00,3212.3397342379208,0.0005251498539537889
2020-03-04 14:21:00,3212.233296253827,0.0005130986349206942
2020-03-04 14:22:00,3213.479252272898,0.0005222468328174747
2020-03-04 14:23:00,3213.194010962795,0.0004964665971900883
2020-03-04 14:24:00,3210.7224858671925,0.0004857218901869331
2020-03-04 14:25:00,3208.236779240851,0.0004301153123160385
2020-03-04 14:26:00,3209.0727085235108,0.00039684517756063584
2020-03-04 14:27:00,3207.543562440632,0.0003868131010936809
2020-03-04 14:28:00,3207.719772834509,0.0003761551399064721
2020-03-04 14:29:00,3208.0496222907464,0.0003836860882453206
2020-03-04 14:30:00,3209.1612790920954,0.0003902797650700441
2020-03-04 14:31:00,3208.7354936476163,0.0004164225539813832
2020-03-04 14:32:00,3206.349105039091,0.0004197783284345107
2020-03-04 14:33:00,3207.5822893121117,0.0004081314376696021
2020-03-04 14:34:00,3208.9143573612396,0.0003938577084479837
2020-03-04 14:35:00,3208.148588274978,0.0003756379728032432
2020-03-04 14:36:00,3205.8714564813804,0.00036749806382600986
2020-03-04 14:37:00,3204.9505873573044,0.0003615300467399776
2020-03-04 14:38:00,3205.318939718386,0.00035161364004118295
2020-03-04 14:39:00,3205.6159033151757,0.0003355716337027747
2020-03-04 14:40:00,3205.2938378751123,0.0003265011134635692
2020-03-04 14:41:00,3205.9980036590346,0.0003070718161670328
2020-03-04 14:42:00,3205.0831439269136,0.00031585920406518043
2020-03-04 14:43:00,3205.699527634994,0.0003060007022415332
2020-03-04 14:44:00,3205.7382387707803,0.00030721501963964804
2020-03-04 14:45:00,3204.1099253973643,0.0003218587957331324
2020-03-04 14:46:00,3205.090654194323,0.0003219075721692617
2020-03-04 14:47:00,3205.956543693221,0.0003540849072120442
2020-03-04 14:48:00,3205.476566094826,0.00035890500269679853
2020-03-04 14:49:00,3204.9279810830826,0.0003453985489353269
2020-03-04 14:50:00,3204.9910589309047,0.0003445817144957892
2020-03-04 14:51:00,3204.017524594927,0.0003602937235074599
2020-03-04 14:52:00,3203.8979228531152,0.00037224660246551754
2020-03-04 14:53:00,3203.190758509895,0.0003705366475905209
2020-03-04 14:54:00,3204.085080335306,0.00037692162562486886
2020-03-04 14:55:00,3204.1401675199054,0.0003853135746376398
2020-03-04 14:56:00,3204.5281004158564,0.00037892411997812996
2020-03-04 14:57:00,3205.6481503046743,0.0003563051981556498
2020-03-04 14:58:00,3203.4888165522275,0.00036181541258003386
2020-03-04 14:59:00,3204.4105726639227,0.0003382966022833331
2020-03-04 15:00:00,3206.7119305340498,0.0003476080373415156
2020-03-04 15:01:00,3206.292384093434,0.000343787175685445
2020-03-04 15:02:00,3205.674267662023,0.00035245953158318617
2020-03-04 15:03:00,3204.13154128664,0.00036309464539750004
2020-03-04 15:04:00,3206.241561021245,0.00034452781606588735
2020-03-04 15:05:00,3206.034089025729,0.0003288769294025356
2020-03-04 15:06:00,3205.971203652195,0.0003332727118946164
2020-03-04 15:07:00,3205.814602165595,0.0003498138342274924
2020-03-04 15:08:00,3206.302313776301,0.00033706869678204655
2020-03-04 15:09:00,3206.8058194695236,0.0003287318347610485
2020-03-04 15:10:00,3204.9439512007393,0.0003217687385262302
2020-03-04 15:11:00,3204.1877878615464,0.0003203405142889711
2020-03-04 15:12:00,3205.366726130216,0.0003175356644404757
2020-03-04 15:13:00,3206.9053606997327,0.00031637035802415135
2020-03-04 15:14:00,3207.661815232865,0.0003176146429656691
2020-03-04 15:15:00,3209.806084642677,0.0003154564802012731
2020-03-04 15:16:00,3210.5530617060363,0.0003192692588218549
2020-03-04 15:17:00,3210.7557911022177,0.0003136135141739655
2020-03-04 15:18:00,3209.4236819925363,0.00031990469944120464
2020-03-04 15:19:00,3208.6378632327874,0.000309731142858523
2020-03-04 15:20:00,3209.3741744003755,0.0003055083896909191
2020-03-04 15:21:00,3209.590329927403,0.0003354792726276539
2020-03-04 15:22:00,3209.169898041801,0.0003133247172008232
2020-03-04 15:23:00,3209.0667527219543,0.00032688203545780235
2020-03-04 15:24:00,3210.50733377109,0.0003278504891003556
2020-03-04 15:25:00,3210.6510385315883,0.0003420372143853916
2020-03-04 15:26:00,3210.038969836709,0.0003412782597287198
2020-03-04 15:27:00,3211.239135277135,0.00035177333433642
2020-03-04 15:28:00,3210.3490788206345,0.00037465507945623293
2020-03-04 15:29:00,3208.877726930664,0.00035659247821996924
2020-03-04 15:30:00,3209.059495717651,0.00036043935781235635
2020-03-04 15:31:00,3207.50607694497,0.0003704750988589111
2020-03-04 15:32:00,3206.978179588324,0.0004016301974836878
2020-03-04 15:33:00,3204.751059852348,0.0003897820395066567
2020-03-04 15:34:00,3203.475322924299,0.00040416119429468906
2020-03-04 15:35:00,3202.491650348885,0.0004273138838046476
2020-03-04 15:36:00,3201.7718762374616,0.00041651147288003824
2020-03-04 15:37:00,3203.7274458200372,0.0004202607976125518
2020-03-04 15:38:00,3201.674740995578,0.00044724553265509633
2020-03-04 15:39:00,3201.14002809966,0.0004557975279959139
2020-03-04 15:40:00,3201.6005328085894,0.0004486714361457823
2020-03-04 15:41:00,3201.006833663536,0.0004659116864441613
2020-03-04 15:42:00,3201.7658297567186,0.0004323208618412872
2020-03-04 15:43:00,3204.1725839050796,0.00042377861496921925
2020-03-04 15:44:00,3205.5465953658004,0.00044923220325116816
2020-03-04 15:45:00,3207.617965143037,0.0004258339074880117
2020-03-04 15:46:00,3208.031399179785,0.0004546976582576632
2020-03-04 15:47:00,3209.06312381998,0.0004793505009791623
2020-03-04 15:48:00,3208.956410854988,0.00046668120013851556
2020-03-04 15:49:00,3209.2451222742156,0.0005173959549715405
2020-03-04 15:50:00,3208.3891631945608,0.0005449678575058177
2020-03-04 15:51:00,3203.402001368121,0.0005175475991574011
2020-03-04 15:52:00,3203.908556622581,0.0005223268805430234
2020-03-04 15:53:00,3203.302314516157,0.0005139595944977495
2020-03-04 15:54:00,3201.5548458515386,0.0005323263072692174
2020-03-04 15:55:00,3206.0937350003264,0.0005511672829377867
2020-03-04 15:56:00,3205.2027836691714,0.0005143771084789772
2020-03-04 15:57:00,3207.031665278109,0.0005152251046913028
2020-03-04 15:58:00,3207.9860106123224,0.00047586693509261995
2020-03-04 15:59:00,3209.063519942953,0.0004951926449775248
2020-03-04 16:00:00,3209.494812643455,0.0005066856322468148
2020-03-04 16:01:00,3209.5825946006084,0.0005410634929424159
2020-03-04 16:02:00,3209.0031301909708,0.0005614298850837625
2020-03-04 16:03:00,3209.0295844429847,0.0005303914392807947
2020-03-04 16:04:00,3208.4294995775226,0.0005235640557559346
2020-03-04 16:05:00,3209.0104236748307,0.0005085526552159588
2020-03-04 16:06:00,3210.863167047576,0.0005044373573672641
2020-03-04 16:07:00,3211.976910052346,0.0005082149360378542
2020-03-04 16:08:00,3211.515366229103,0.0005288875163601521
2020-03-04 16:09:00,3210.5942729420344,0.0005249288135201865
2020-03-04 16:10:00,3210.211041998826,0.0005082147930372547
2020-03-04 16:11:00,3207.601039748359,0.0004929548485884143
2020-03-04 16:12:00,3207.568053377455,0.0004910983711338276
2020-03-04 16:13:00,3208.113866871316,0.0004662651061576464
2020-03-04 16:14:00,3207.3231441210437,0.0004929476523774407
2020-03-04 16:15:00,3205.5324182410855,0.0005070984913605768
2020-03-04 16:16:00,3201.813825190907,0.0005274719270886956
2020-03-04 16:17:00,3201.967808150766,0.0005262161880198023
2020-03-04 16:18:00,3204.029139216852,0.0005202168458573587
2020-03-04 16:19:00,3205.964867433856,0.0005368735897226182
2020-03-04 16:20:00,3208.7154842990653,0.0005147518123534884
2020-03-04 16:21:00,3207.9675847680383,0.0005191873005201156
2020-03-04 16:22:00,3208.7258633819392,0.0005033111367846938
2020-03-04 16:23:00,3210.6407373790353,0.0004969671022510533
2020-03-04 16:24:00,3210.7353285944228,0.0005084685670131287
2020-03-04 16:25:00,3211.826279092159,0.0005229770937837481
2020-03-04 16:26:00,3211.855697854365,0.0005115105935567227
2020-03-04 16:27:00,3211.6039103767375,0.0005483771117872342
2020-03-04 16:28:00,3210.1751007549724,0.0005800098685450245
2020-03-04 16:29:00,3211.3406851896084,0.0005797049078249039
2020-03-04 16:30:00,3210.971375877617,0.0005973118785112076
2020-03-04 16:31:00,3208.0488470247565,0.0005383156199076635
2020-03-04 16:32:00,3207.222800366996,0.0005675093111418631
2020-03-04 16:33:00,3206.8908892700115,0.0005916480154918058
2020-03-04 16:34:00,3204.810598890916,0.0005675556727529092
2020-03-04 16:35:00,3207.3637548472557,0.0006214928979319729
2020-03-04 16:36:00,3204.5280096767183,0.0006445349233071773
2020-03-04 16:37:00,3199.969228656762,0.0006587004639835037
2020-03-04 16:38:00,3201.6321378728076,0.0006412942879415095
2020-03-04 16:39:00,3203.94362687534,0.0006361853507269778
2020-03-04 16:40:00,3204.978390416549,0.0006214478940638335
2020-03-04 16:41:00,3208.0892642225645,0.0006513895445862868
2020-03-04 16:42:00,3208.765895313382,0.0006451107418299478
2020-03-04 16:43:00,3208.4832809054897,0.0006507888885969721
2020-03-04 16:44:00,3213.5911162616135,0.0006905469008703246
2020-03-04 16:45:00,3209.726188628594,0.0007309472412711091
2020-03-04 16:46:00,3217.2349736577785,0.000747655199766058
2020-03-04 16:47:00,3219.8497952407,0.0007361040340250896
2020-03-04 16:48:00,3221.492491295425,0.0007481735777323358
2020-03-04 16:49:00,3220.2503146710956,0.0007707559813773537
2020-03-04 16:50:00,3222.0737080687722,0.000740255816947923
2020-03-04 16:51:00,3225.0367144371817,0.0006985200891385642
2020-03-04 16:52:00,3226.3413889231047,0.0006881629261807825
2020-03-04 16:53:00,3225.037330929272,0.0007045533511600465
2020-03-04 16:54:00,3229.059456299433,0.0006965622314703036
2020-03-04 16:55:00,3233.6417655238283,0.0007172968904891968
2020-03-04 16:56:00,3234.001786114397,0.0007143710485841474
2020-03-04 16:57:00,3230.7731817064437,0.0007354243294293164
2020-03-04 16:58:00,3239.009067800464,0.0008160343286596767
2020-03-04 16:59:00,3240.6289535114506,0.0007064700371842769
2020-03-04 17:00:00,3240.702795929663,0.0006737767716877057
2020-03-04 17:01:00,3237.0591323859944,0.0006614002671574879
2020-03-04 17:02:00,3235.3516890982614,0.0007072662024041668
2020-03-04 17:03:00,3233.7823549495374,0.00068445190503424
2020-03-04 17:04:00,3234.958244823282,0.0006634484653590916
2020-03-04 17:05:00,3237.2752754716976,0.0006756196717956876
2020-03-04 17:06:00,3235.6350974007246,0.0007163361448813009
2020-03-04 17:07:00,3234.0087498659154,0.0006999386415157652
2020-03-04 17:08:00,3230.9459102200153,0.0007274788687224924
2020-03-04 17:09:00,3231.960467055529,0.0007615930699173337
2020-03-04 17:10:00,3229.576656317009,0.0007452030599646586
2020-03-04 17:11:00,3232.3431319499723,0.0007794413333528149
2020-03-04 17:12:00,3232.750380243667,0.000806974388710003
2020-03-04 17:13:00,3238.5311027305625,0.0008334796292730096
2020-03-04 17:14:00,3243.505693885399,0.0008758978950331552
2020-03-04 17:15:00,3240.899723187981,0.000876530980763732
2020-03-04 17:16:00,3238.810878459256,0.0008734196154478752
2020-03-04 17:17:00,3238.784522579541,0.000836451841437763
2020-03-04 17:18:00,3242.9508008353314,0.0008050407071103112
2020-03-04 17:19:00,3248.0492311500852,0.0007955874911472226
2020-03-04 17:20:00,3251.4915346103967,0.0007732035154937888
2020-03-04 17:21:00,3251.4562175187557,0.0007863591902663817
2020-03-04 17:22:00,3257.857390258672,0.0007475989026151384
2020-03-04 17:23:00,3257.42408254599,0.0007898960129090623
2020-03-04 17:24:00,3259.218168293821,0.0007449185604853329
2020-03-04 17:25:00,3258.157275968051,0.0007328856115363608
2020-03-04 17:26:00,3257.2731909215204,0.000732457399976342
2020-03-04 17:27:00,3257.220009181738,0.0007305196491511857
2020-03-04 17:28:00,3262.6230616023313,0.000752003351785154
2020-03-04 17:29:00,3256.34294786249,0.0007277251070119839
2020-03-04 17:30:00,3254.9167555497093,0.0007614400125259493
2020-03-04 17:31:00,3258.495181754697,0.0007554476782970349
2020-03-04 17:32:00,3259.0333188202367,0.0007847470414309453
2020-03-04 17:33:00,3257.481007417135,0.0008350094909658521
2020-03-04 17:34:00,3260.5466008052786,0.0008108105599542986
2020-03-04 17:35:00,3258.462028352861,0.0007661286380146351
2020-03-04 17:36:00,3253.940742620628,0.000723266757097288
2020-03-04 17:37:00,3251.200743014729,0.0007094680432879809
2020-03-04 17:38:00,3250.039215593465,0.0006867388403366635
2020-03-04 17:39:00,3249.8031159098514,0.0007138494562480684
2020-03-04 17:40:00,3252.0498733635086,0.0007554102853044806
2020-03-04 17:41:00,3249.5904287878743,0.0007948617602436361
2020-03-04 17:42:00,3243.6811055701896,0.0008076342350116343
2020-03-04 17:43:00,3243.4350625902252,0.0007910572563604347
2020-03-04 17:44:00,3242.8374247208385,0.0007851307649757309
2020-03-04 17:45:00,3244.663524366623,0.0007428339772403275
2020-03-04 17:46:00,3247.0792068146325,0.0007359267036646335
2020-03-04 17:47:00,3247.9347202536737,0.0007772930589854843
2020-03-04 17:48:00,3246.932410916266,0.0008069020474672779
2020-03-04 17:49:00,3248.722724929549,0.0007595854905142188
2020-03-04 17:50:00,3250.702644196801,0.0008266764898161406
2020-03-04 17:51:00,3249.1820999643523,0.0008356466549458371
2020-03-04 17:52:00,3251.2551591370125,0.0008807365924415984
2020-03-04 17:53:00,3252.7469234594655,0.000835718869484565
2020-03-04 17:54:00,3253.590128858749,0.0008744938908323898
2020-03-04 17:55:00,3250.2438617582957,0.0008910550633008561
2020-03-04 17:56:00,3247.401019577698,0.0008336595339035351
2020-03-04 17:57:00,3243.300781805073,0.0008656164393628988
2020-03-04 17:58:00,3241.06808277531,0.0008399239445470422
2020-03-04 17:59:00,3239.553467263539,0.0008103640087712301
2020-03-04 18:00:00,3238.612437781722,0.0007929757588997247
2020-03-04 18:01:00,3236.838004460568,0.0007815404337169188
2020-03-04 18:02:00,3239.426221508493,0.0006801320409173996
2020-03-04 18:03:00,3240.052673994386,0.0006643631829905182
2020-03-04 18:04:00,3239.601182485764,0.0006640430277218304
2020-03-04 18:05:00,3237.199001879488,0.0006333366722562455
2020-03-04 18:06:00,3232.6266896374646,0.0006542114176834935
2020-03-04 18:07:00,3232.0943052272164,0.0006910197689400673
2020-03-04 18:08:00,3230.6738344188016,0.0006683770737018616
2020-03-04 18:09:00,3229.703707497586,0.0006889438515543779
2020-03-04 18:10:00,3229.0641374404845,0.0006445373939894695
2020-03-04 18:11:00,3228.6851519855177,0.0006823753358283903
2020-03-04 18:12:00,3229.655311753869,0.000717250612000755
2020-03-04 18:13:00,3227.5612029880444,0.0007108525413732319
2020-03-04 18:14:00,3230.7987006219882,0.0007491497342198668
2020-03-04 18:15:00,3230.579567292781,0.0007657944964166154
2020-03-04 18:16:00,3231.2721552651346,0.0007811580133162709
2020-03-04 18:17:00,3230.0705973810855,0.0007859944523966402
2020-03-04 18:18:00,3230.0221328710813,0.0008089974838008026
2020-03-04 18:19:00,3235.971542791937,0.000875299993329833
2020-03-04 18:20:00,3236.2737005592585,0.0007903048266316505
2020-03-04 18:21:00,3237.8526311311925,0.0007946708765438132
2020-03-04 18:22:00,3232.9468547434712,0.0007597807818703747
2020-03-04 18:23:00,3236.6822225523097,0.000763703723088601
2020-03-04 18:24:00,3233.716266677592,0.0007383590090422951
2020-03-04 18:25:00,3231.0670252269815,0.0006721705568031072
2020-03-04 18:26:00,3233.8271381330255,0.0006706473647467088
2020-03-04 18:27:00,3231.7785238529614,0.0007184454851170576
2020-03-04 18:28:00,3229.7895193572717,0.0007554699674728515
2020-03-04 18:29:00,3228.021223913382,0.0007584098628635213
2020-03-04 18:30:00,3230.0301612351755,0.000802799395195654
2020-03-04 18:31:00,3230.15550417247,0.0007683702947495431
2020-03-04 18:32:00,3227.8381952101627,0.0007570787052605711
2020-03-04 18:33:00,3228.5753676935797,0.0008013126727951656
2020-03-04 18:34:00,3232.742222105582,0.0008439032441691296
2020-03-04 18:35:00,3229.077535076496,0.0008850723232314386
2020-03-04 18:36:00,3227.48986886408,0.000883156853997739
2020-03-04 18:37:00,3224.9673841109175,0.000890021511971675
2020-03-04 18:38:00,3220.9093578910606,0.00094787927171712
2020-03-04 18:39:00,3218.3211634219165,0.0009955450548366903
2020-03-04 18:40:00,3218.5406798364597,0.0010174301404366553
2020-03-04 18:41:00,3219.637662381778,0.0010121804743089076
2020-03-04 18:42:00,3222.7518760167104,0.0009479552702655359
2020-03-04 18:43:00,3220.542673528217,0.0009607607395550984
2020-03-04 18:44:00,3223.769692952393,0.0009021417776953476
2020-03-04 18:45:00,3224.3318929346938,0.0008522169099286781
2020-03-04 18:46:00,3223.3028235843726,0.0008384173976554481
2020-03-04 18:47:00,3224.6014431132066,0.0008731884053613793
2020-03-04 18:48:00,3223.5804194973744,0.0009267863084744288
2020-03-04 18:49:00,3224.1689917506133,0.0009662036601409002
2020-03-04 18:50:00,3225.6335581610065,0.0009826456696877233
2020-03-04 18:51:00,3226.5363939269682,0.0009237859429021176
2020-03-04 18:52:00,3226.6251813535423,0.0008978265381434116
2020-03-04 18:53:00,3225.691773618774,0.0008958460137144974
2020-03-04 18:54:00,3228.3310066937825,0.0009210475338421802
2020-03-04 18:55:00,3226.2250662981487,0.0008996612411080062
2020-03-04 18:56:00,3226.061484483854,0.0008626524764531524
2020-03-04 18:57:00,3225.044732295228,0.0008500400005545548
2020-03-04 18:58:00,3224.019501901099,0.0008729263660437743
2020-03-04 18:59:00,3223.115538042558,0.0009046510511691334
2020-03-04 19:00:00,3222.7349948805568,0.000901340319732355
2020-03-04 19:01:00,3224.791364373896,0.0008685187257591341
2020-03-04 19:02:00,3226.7733617896865,0.0008565095783722363
2020-03-04 19:03:00,3230.347345163405,0.0009184674010472605
2020-03-04 19:04:00,3230.7826575146464,0.0009921677460002201
2020-03-04 19:05:00,3229.768489921007,0.0009880221544806955
2020-03-04 19:06:00,3234.194286035009,0.0009800237380495392
2020-03-04 19:07:00,3234.4062617768477,0.0010111278215782006
2020-03-04 19:08:00,3238.4173050816225,0.0010069345391641412
2020-03-04 19:09:00,3236.381947480348,0.0010136433107148831
2020-03-04 19:10:00,3233.4843935621725,0.0010328517047349976
2020-03-04 19:11:00,3229.6305192635878,0.001016457752026299
2020-03-04 19:12:00,3230.1356663457,0.0011003582622821436
2020-03-04 19:13:00,3230.3856026668504,0.0011407268929715755
2020-03-04 19:14:00,3228.636982018758,0.0010189393737437
2020-03-04 19:15:00,3232.4978698488094,0.0010780155355180894
2020-03-04 19:16:00,3233.177910712935,0.0012007230956501244
2020-03-04 19:17:00,3236.2667431436953,0.0012672264353705907
2020-03-04 19:18:00,3241.328750704752,0.0012730932409818672
2020-03-04 19:19:00,3244.6457870141303,0.0012539633752800892
2020-03-04 19:20:00,3245.9337041519684,0.0011971698180272914
2020-03-04 19:21:00,3239.904972419904,0.0011949715400503334
2020-03-04 19:22:00,3239.694437397922,0.0011807840930523718
2020-03-04 19:23:00,3240.148225485958,0.0011878152353869905
2020-03-04 19:24:00,3240.304868505917,0.0011369890884918756
2020-03-04 19:25:00,3240.57213096382,0.0011616521763255616
2020-03-04 19:26:00,3240.3164595178564,0.0011376561321547328
2020-03-04 19:27:00,3239.5830131422476,0.0011354469920989855
2020-03-04 19:28:00,3235.979143649232,0.0011413755673254698
2020-03-04 19:29:00,3237.3800483443365,0.0010826159203197825
2020-03-04 19:30:00,3231.638750035556,0.0010851245351478963
2020-03-04 19:31:00,3235.1540883470184,0.0010818720653124885
2020-03-04 19:32:00,3238.951704485046,0.0011121077154694942
2020-03-04 19:33:00,3238.809341473216,0.0011641443255734252
2020-03-04 19:34:00,3236.930126054284,0.00111274039558304
2020-03-04 19:35:00,3240.06118892983,0.0011203323590487624
2020-03-04 19:36:00,3241.0019497730896,0.0011176034765742852
2020-03-04 19:37:00,3244.2719456759855,0.0010690424178371233
2020-03-04 19:38:00,3242.6352959787537,0.0010123278389224297
2020-03-04 19:39:00,3241.742261680994,0.0010401693579521038
2020-03-04 19:40:00,3239.2132100117624,0.0010415808360740176
2020-03-04 19:41:00,3238.711303396568,0.0010706825884477444
2020-03-04 19:42:00,3232.176903689174,0.0010422615509919663
2020-03-04 19:43:00,3227.763546545522,0.001102516354050239
2020-03-04 19:44:00,3224.257376521695,0.0011371411928665885
2020-03-04 19:45:00,3226.3440445383994,0.001189103889195237
2020-03-04 19:46:00,3228.708918484029,0.001240080100327424
2020-03-04 19:47:00,3226.1117349972083,0.0011629832507231627
2020-03-04 19:48:00,3228.1713840006964,0.0011957965788857198
2020-03-04 19:49:00,3227.2264964604606,0.0011311278894954922
2020-03-04 19:50:00,3223.604468189518,0.0011586931248806663
2020-03-04 19:51:00,3222.784907649938,0.0011306891363046941
2020-03-04 19:52:00,3223.0753696457305,0.0011392654634831002
2020-03-04 19:53:00,3223.9367240800025,0.0011434470582406947
2020-03-04 19:54:00,3226.2692861800265,0.0012385122253630683
2020-03-04 19:55:00,3223.1996732725233,0.0012282385249890618
2020-03-04 19:56:00,3229.8544652128535,0.001197436696542119
2020-03-04 19:57:00,3235.3718816954533,0.0012563374427285185
2020-03-04 19:58:00,3229.6590681657667,0.0012832560759633317
2020-03-04 19:59:00,3232.0791893905116,0.0011809066366451865
2020-03-05 13:30:00,3266.8027888508436,0.001267868005098617
2020-03-05 13:31:00,3266.955020592349,0.0012700481888885883
2020-03-05 13:32:00,3269.6205984258204,0.001264402791354511
2020-03-05 13:33:00,3271.2270358739634,0.0012563340920578735
2020-03-05 13:34:00,3278.2652306505684,0.0012291382955477573
2020-03-05 13:35:00,3283.47134576076,0.0012097926618551216
2020-03-05 13:36:00,3281.2622429129974,0.0011777379989811349
2020-03-05 13:37:00,3276.70053941271,0.001124817903041524
2020-03-05 13:38:00,3278.8709278773404,0.0011503316562258867
2020-03-05 13:39:00,3276.421177736465,0.0011228760697944047
2020-03-05 13:40:00,3283.2111231946014,0.001060605556227632
2020-03-05 13:41:00,3279.4981653255786,0.0011555409011975778
2020-03-05 13:42:00,3280.7868386012483,0.0012074513082007067
2020-03-05 13:43:00,3281.422340855995,0.0012940434461955206
2020-03-05 13:44:00,3279.173209215805,0.0012842595422784156
2020-03-05 13:45:00,3276.7006141088586,0.00133157909576838
2020-03-05 13:46:00,3277.3995061554333,0.0012955476852291722
2020-03-05 13:47:00,3282.7487293578133,0.001288679223238221
2020-03-05 13:48:00,3279.1995024122816,0.0012423270237474804
2020-03-05 13:49:00,3284.153089063592,0.0013213164687900635
2020-03-05 13:50:00,3287.6872480718243,0.0012962139165449888
2020-03-05 13:51:00,3286.638225727164,0.0012194484221079095
2020-03-05 13:52:00,3289.607514209751,0.0011663135464164232
2020-03-05 13:53:00,3292.233234126781,0.00111492060144155
2020-03-05 13:54:00,3295.3076421474493,0.0011780704810296075
2020-03-05 13:55:00,3294.144086394024,0.0011897145504075866
2020-03-05 13:56:00,3294.064329088149,0.0011778759892275123
2020-03-05 13:57:00,3292.351424754543,0.0012091385536505458
2020-03-05 13:58:00,3288.0235690517,0.0012656672483656102
2020-03-05 13:59:00,3288.3156406581643,0.0012594861775489124
2020-03-05 14:00:00,3288.9122964309595,0.001146061941764217
2020-03-05 14:01:00,3288.1567851793934,0.0012293068253339265
2020-03-05 14:02:00,3287.780693057566,0.0012316278520176254
2020-03-05 14:03:00,3279.192395155067,0.0011783424271556882
2020-03-05 14:04:00,3277.780539619407,0.0012665956240160293
2020-03-05 14:05:00,3283.746287372428,0.0013211071882228006
2020-03-05 14:06:00,3282.072755198707,0.0013909321896306587
2020-03-05 14:07:00,3291.2685387273223,0.0015168312633904713
2020-03-05 14:08:00,3293.822454905547,0.0013710969393204283
2020-03-05 14:09:00,3291.7353599135786,0.0013803922837835236
2020-03-05 14:10:00,3284.535299929808,0.0013086071849637726
2020-03-05 14:11:00,3283.1346373097813,0.0012859593933641279
2020-03-05 14:12:00,3283.6069394583797,0.0012706012405047336
2020-03-05 14:13:00,3278.8890133539144,0.0012573878099553606
2020-03-05 14:14:00,3284.487603434788,0.0012302264625515954
2020-03-05 14:15:00,3282.9980184036867,0.0012006844908197592
2020-03-05 14:16:00,3284.761716605943,0.0012206106189271099
2020-03-05 14:17:00,3284.6678749915045,0.0011765539336658067
2020-03-05 14:18:00,3283.8906132099264,0.001197689627761582
2020-03-05 14:19:00,3279.61022335181,0.001126143455591006
2020-03-05 14:20:00,3275.8652938674836,0.0011331981489538245
2020-03-05 14:21:00,3276.3739085270236,0.001147811459162372
2020-03-05 14:22:00,3285.719871623931,0.0011184498347669642
2020-03-05 14:23:00,3288.7535811795283,0.0011727609262558235
2020-03-05 14:24:00,3280.060771423598,0.0012123039307771265
2020-03-05 14:25:00,3278.8668130618944,0.0012419364813400526
2020-03-05 14:26:00,3282.0573556852974,0.0012344874595259672
2020-03-05 14:27:00,3276.6592806065055,0.0012545208355721886
2020-03-05 14:28:00,3283.1139612279594,0.0011882695312198154
2020-03-05 14:29:00,3285.902587671083,0.0012090031606242398
2020-03-05 14:30:00,3289.9335538010873,0.0011203814686983973
2020-03-05 14:31:00,3301.715935046557,0.0010605275213526055
2020-03-05 14:32:00,3302.662725604644,0.0010488162487987877
2020-03-05 14:33:00,3300.1773617098615,0.0011547990475649576
2020-03-05 14:34:00,3304.752322291824,0.00111281093331743
2020-03-05 14:35:00,3305.9743671077044,0.0011216610744322875
2020-03-05 14:36:00,3300.7674088252284,0.0011363672871686592
2020-03-05 14:37:00,3295.512422924841,0.001202629148711121
2020-03-05 14:38:00,3291.9710073511237,0.001226331968859997
2020-03-05 14:39:00,3285.9242092371514,0.0012510274996860088
2020-03-05 14:40:00,3274.8201543481164,0.001405274457009908
2020-03-05 14:41:00,3277.615586673843,0.0014561269224581202
2020-03-05 14:42:00,3280.4820840273214,0.0015070097530419414
2020-03-05 14:43:00,3281.640543558444,0.0014674231150716055
2020-03-05 14:44:00,3278.927555963993,0.0014920598462039066
2020-03-05 14:45:00,3273.867980363337,0.0014581477832684244
2020-03-05 14:46:00,3274.353749267658,0.0014422605105304145
2020-03-05 14:47:00,3274.875793563307,0.0014542965780320162
2020-03-05 14:48:00,3276.021435810264,0.0014556875684022745
2020-03-05 14:49:00,3274.7417630989175,0.0015269860346375783
2020-03-05 14:50:00,3278.2331634397665,0.0015832308235645336
2020-03-05 14:51:00,3268.9679807396533,0.001582089594643029
2020-03-05 14:52:00,3267.878606251178,0.0014743278098940213
2020-03-05 14:53:00,3266.7814659834153,0.0014992991100614497
2020-03-05 14:54:00,3263.313103580508,0.0016324967183648585
2020-03-05 14:55:00,3264.5988212401244,0.0017068176777396888
2020-03-05 14:56:00,3257.5336577264575,0.0016353370258081542
2020-03-05 14:57:00,3256.4784716336735,0.0016086066616464905
2020-03-05 14:58:00,3264.653578167498,0.0015813964766969763
2020-03-05 14:59:00,3254.231435004334,0.0016143733297853756
2020-03-05 15:00:00,3257.6296182446135,0.0016875342118980023
2020-03-05 15:01:00,3259.80935743051,0.0016937583216883121
2020-03-05 15:02:00,3260.2725320637014,0.0016380657737255554
2020-03-05 15:03:00,3246.61358734059,0.0016670534221283862
2020-03-05 15:04:00,3236.2622253066675,0.0016216942186189878
2020-03-05 15:05:00,3237.6506164525017,0.0015883512728331048
2020-03-05 15:06:00,3244.143198991919,0.0015297939346704363
2020-03-05 15:07:00,3244.9408231124175,0.0014987483015771067
2020-03-05 15:08:00,3242.0417546981507,0.001585522007992538
2020-03-05 15:09:00,3241.094100868014,0.001592507376646367
2020-03-05 15:10:00,3252.1415607555537,0.0015895471701506511
2020-03-05 15:11:00,3253.702330692888,0.0015989026790985282
2020-03-05 15:12:00,3253.396778736558,0.0014998408418845132
2020-03-05 15:13:00,3249.787041692074,0.0014791993151103476
2020-03-05 15:14:00,3253.0881240673143,0.0015243204156837845
2020-03-05 15:15:00,3252.020754965543,0.0014703140711237843
2020-03-05 15:16:00,3250.748688642541,0.001493934243226437
2020-03-05 15:17:00,3242.9090268847694,0.0014697087873914497
2020-03-05 15:18:00,3236.017587413722,0.0015395470662116235
2020-03-05 15:19:00,3229.40981693428,0.0013915774487195359
2020-03-05 15:20:00,3227.4925896867103,0.001414425093063982
2020-03-05 15:21:00,3225.433669916847,0.001417442409583621
2020-03-05 15:22:00,3222.286189037232,0.0013618102124088162
2020-03-05 15:23:00,3214.3972439848444,0.0013943336756671464
2020-03-05 15:24:00,3208.5976968238547,0.0014743053737257498
2020-03-05 15:25:00,3210.4973124706416,0.001529863204224121
2020-03-05 15:26:00,3213.9907934986963,0.0015404840011032828
2020-03-05 15:27:00,3200.0940347258356,0.0016010746788226017
2020-03-05 15:28:00,3196.359492534951,0.0017331937021732157
2020-03-05 15:29:00,3202.361218903045,0.001719639198869255
2020-03-05 15:30:00,3204.401080507034,0.001714770997244164
2020-03-05 15:31:00,3200.6350978125224,0.001650731160488843
2020-03-05 15:32:00,3194.731462285772,0.0017647634860648792
2020-03-05 15:33:00,3195.525490847556,0.0016848721596472102
2020-03-05 15:34:00,3196.2996588207443,0.0017481002920423446
2020-03-05 15:35:00,3196.7919774637267,0.0016818483748866522
2020-03-05 15:36:00,3196.051883520755,0.001763926961517317
2020-03-05 15:37:00,3187.256462908496,0.001761657607459904
2020-03-05 15:38:00,3185.009773233562,0.0016370014547861362
2020-03-05 15:39:00,3178.891291272888,0.0016690105795878095
2020-03-05 15:40:00,3185.8387122619474,0.0016997513851756143
2020-03-05 15:41:00,3192.2557831174313,0.001606942297887468
2020-03-05 15:42:00,3191.0944919155063,0.0015352400878543256
2020-03-05 15:43:00,3188.627305810287,0.0015635850291744458
2020-03-05 15:44:00,3195.8010995972923,0.0016115634145512563
2020-03-05 15:45:00,3202.912176400568,0.0016117939712089497
2020-03-05 15:46:00,3201.2499494655267,0.0015889741187950477
2020-03-05 15:47:00,3205.5658487007454,0.0014570402862128034
2020-03-05 15:48:00,3201.5485580091627,0.0014319255322527526
2020-03-05 15:49:00,3205.952767960268,0.0013726383782062589
2020-03-05 15:50:00,3204.407121942421,0.0012714019513684748
2020-03-05 15:51:00,3199.9259846035247,0.00122792619684184
2020-03-05 15:52:00,3199.6072334736796,0.001200549016821119
2020-03-05 15:53:00,3200.424789100347,0.001232665386785762
2020-03-05 15:54:00,3201.006951787688,0.0011376466422771498
2020-03-05 15:55:00,3198.381482175108,0.0012006423220869986
2020-03-05 15:56:00,3196.21923319308,0.0012103305305351073
2020-03-05 15:57:00,3193.6274123033145,0.0012123886111018954
2020-03-05 15:58:00,3199.7983483948,0.0012128246843795408
2020-03-05 15:59:00,3197.757364566204,0.0011566925434467665
2020-03-05 16:00:00,3189.751244929252,0.0011099672117613547
2020-03-05 16:01:00,3186.2325545197937,0.001096179850258581
2020-03-05 16:02:00,3187.543597204656,0.0010603112041397318
2020-03-05 16:03:00,3187.4417441229316,0.0009999442792808701
2020-03-05 16:04:00,3183.826350738564,0.0010282102779040334
2020-03-05 16:05:00,3182.5279325995916,0.0009756306359571828
2020-03-05 16:06:00,3181.31325852953,0.0009062746458714044
2020-03-05 16:07:00,3182.888154749228,0.0009062115180138863
2020-03-05 16:08:00,3182.8664458380904,0.0009161260686419198
2020-03-05 16:09:00,3182.1813407964396,0.0009041638299999522
2020-03-05 16:10:00,3182.7856624221217,0.0009332125962506198
2020-03-05 16:11:00,3180.373813039994,0.0009814869749611849
2020-03-05 16:12:00,3180.562463465173,0.0009794815664034148
2020-03-05 16:13:00,3181.7576609098483,0.001002537656933689
2020-03-05 16:14:00,3181.8199019903045,0.0009358851301769417
2020-03-05 16:15:00,3182.91893128078,0.0009021803069549598
2020-03-05 16:16:00,3180.963793282233,0.0008984909683112963
2020-03-05 16:17:00,3183.0291070313197,0.0008957541244552515
2020-03-05 16:18:00,3178.5766362981863,0.0008300252307349781
2020-03-05 16:19:00,3179.130860787286,0.0008448962660259359
2020-03-05 16:20:00,3180.195069195851,0.0009050486781604575
2020-03-05 16:21:00,3176.4965412792094,0.000937234187419981
2020-03-05 16:22:00,3180.8376898024985,0.0009047452065055368
2020-03-05 16:23:00,3183.0968513171406,0.0009313136254113947
2020-03-05 16:24:00,3177.385224419657,0.0009708059606566283
2020-03-05 16:25:00,3175.0939217122586,0.0009444594678820854
2020-03-05 16:26:00,3174.1163457960915,0.0009305136305557804
2020-03-05 16:27:00,3173.141150288382,0.0008638907208570085
2020-03-05 16:28:00,3172.6039791505136,0.0008380173752525006
2020-03-05 16:29:00,3172.1274695624743,0.0008814712273207025
2020-03-05 16:30:00,3172.9277823680673,0.0008988859322784106
2020-03-05 16:31:00,3176.44486734825,0.0009204175171504988
2020-03-05 16:32:00,3172.826007944195,0.0008957778064077138
2020-03-05 16:33:00,3172.0415574452004,0.0009196665452563016
2020-03-05 16:34:00,3170.365482028829,0.0008855080361828642
2020-03-05 16:35:00,3173.0798239124933,0.0008305450112090654
2020-03-05 16:36:00,3172.041274048607,0.000845513357031803
2020-03-05 16:37:00,3173.978222656565,0.0008374353868404506
2020-03-05 16:38:00,3173.274449541891,0.0008790320210352131
2020-03-05 16:39:00,3175.039803321762,0.0008631346339358862
2020-03-05 16:40:00,3172.8961164057378,0.0008381154939578413
2020-03-05 16:41:00,3172.8197419427865,0.000793845527641655
2020-03-05 16:42:00,3179.9989004645263,0.0008143798127996428
2020-03-05 16:43:00,3183.4530763838607,0.000816637069653827
2020-03-05 16:44:00,3183.0187760960525,0.0008126461052559192
2020-03-05 16:45:00,3181.623933200902,0.0007836056472597775
2020-03-05 16:46:00,3182.7407116469913,0.0007916899774961742
2020-03-05 16:47:00,3180.5747707410046,0.0007741402596060341
2020-03-05 16:48:00,3183.495362829584,0.0007982216715546898
2020-03-05 16:49:00,3182.8023547855805,0.0007897133739035964
2020-03-05 16:50:00,3188.7599133255867,0.0007998155766822701
2020-03-05 16:51:00,3187.3167083675557,0.0007847260520835029
2020-03-05 16:52:00,3188.7896046896485,0.0007616042586483822
2020-03-05 16:53:00,3188.727126209836,0.0007553372539524384
2020-03-05 16:54:00,3189.1226823126667,0.0008518621594633077
2020-03-05 16:55:00,3187.432207250099,0.0008282304203381608
2020-03-05 16:56:00,3191.485917158908,0.0008509677094512661
2020-03-05 16:57:00,3195.5665034489152,0.0008413816026925371
2020-03-05 16:58:00,3192.676619574751,0.0008950857777690012
2020-03-05 16:59:00,3196.2197785399835,0.0009078371346307552
2020-03-05 17:00:00,3195.6673179233235,0.0008991571004540145
2020-03-05 17:01:00,3196.2534170027766,0.0008902727212501271
2020-03-05 17:02:00,3191.5000856691718,0.0008675806845710379
2020-03-05 17:03:00,3190.1165236872803,0.0008446624626658871
2020-03-05 17:04:00,3191.8001537631108,0.0008431484680450042
2020-03-05 17:05:00,3190.912931885332,0.000773776984493109
2020-03-05 17:06:00,3192.2808718807923,0.0007799666038025884
2020-03-05 17:07:00,3189.7632385828456,0.000778466849329955
2020-03-05 17:08:00,3190.5630330830118,0.0007508394767820874
2020-03-05 17:09:00,3192.2624993347445,0.0007614118218625536
2020-03-05 17:10:00,3191.6078785604404,0.0007448370951720805
2020-03-05 17:11:00,3193.015514086984,0.0007029761774401252
2020-03-05 17:12:00,3193.890158392494,0.000746074238652866
2020-03-05 17:13:00,3191.489323618959,0.0007717879035954258
2020-03-05 17:14:00,3196.320668290766,0.0008150340991268806
2020-03-05 17:15:00,3193.0462647499007,0.0008159358025638925
2020-03-05 17:16:00,3191.0931289311366,0.0007852188854337745
2020-03-05 17:17:00,3187.776051770531,0.000842890166819846
2020-03-05 17:18:00,3187.933232650422,0.0008363200706105765
2020-03-05 17:19:00,3190.7810575641734,0.000871416613513113
2020-03-05 17:20:00,3196.0593111695375,0.0008267564531084232
2020-03-05 17:21:00,3195.295604322878,0.0007740650000740264
2020-03-05 17:22:00,3190.1994399316395,0.0007826404908468767
2020-03-05 17:23:00,3192.2166256153746,0.0007311286282727019
2020-03-05 17:24:00,3193.063047594823,0.0007702293248990936
2020-03-05 17:25:00,3191.356465595598,0.000773098933186896
2020-03-05 17:26:00,3191.1163885571223,0.0007382009747454816
2020-03-05 17:27:00,3189.0097504264386,0.0007403316858688378
2020-03-05 17:28:00,3187.6849491786297,0.0007442284919005369
2020-03-05 17:29:00,3185.20437189496,0.0007138817619753698
2020-03-05 17:30:00,3186.2698568079236,0.0007301294260041844
2020-03-05 17:31:00,3185.4951473647398,0.0007433367378154456
2020-03-05 17:32:00,3188.4274785970606,0.0007453135637512166
2020-03-05 17:33:00,3193.5181656026516,0.0007648655942089349
2020-03-05 17:34:00,3194.005618836841,0.000779170960395091
2020-03-05 17:35:00,3193.5047692999387,0.0007341949679676823
2020-03-05 17:36:00,3199.0768400869906,0.0007374626875781855
2020-03-05 17:37:00,3198.6609757578735,0.0006946467197222078
2020-03-05 17:38:00,3200.227088890667,0.0007051487642117086
2020-03-05 17:39:00,3198.96987665903,0.0006960697514269009
2020-03-05 17:40:00,3200.378740457593,0.0006815151002102553
2020-03-05 17:41:00,3196.038077336547,0.0006509689057009501
2020-03-05 17:42:00,3195.8088912462254,0.0006271862118488421
2020-03-05 17:43:00,3196.879778206477,0.0006144604048573829
2020-03-05 17:44:00,3197.6632944058165,0.0006417955674552444
2020-03-05 17:45:00,3198.0699861377016,0.0006953568949694149
2020-03-05 17:46:00,3198.688571994429,0.0007210750363094734
2020-03-05 17:47:00,3201.220212479645,0.0007403329872338668
2020-03-05 17:48:00,3201.6785745072066,0.000718321901143284
2020-03-05 17:49:00,3200.621999670311,0.0007178357765254015
2020-03-05 17:50:00,3200.8228210550856,0.0006712906545415435
2020-03-05 17:51:00,3201.5066326658075,0.0006603116248365955
2020-03-05 17:52:00,3203.366703467734,0.0006632081360431611
2020-03-05 17:53:00,3201.959887274242,0.0006517163342242296
2020-03-05 17:54:00,3203.489822719345,0.000678097251517219
2020-03-05 17:55:00,3202.585286719893,0.0006360885715640996
2020-03-05 17:56:00,3202.659282549439,0.0006295410511211329
2020-03-05 17:57:00,3203.257741114661,0.0006222400105415756
2020-03-05 17:58:00,3206.9347893547665,0.000674949765283039
2020-03-05 17:59:00,3206.0107160778666,0.0006762238751795444
2020-03-05 18:00:00,3206.654973810444,0.0006798791201442695
2020-03-05 18:01:00,3204.5326752582077,0.0006376034303890013
2020-03-05 18:02:00,3207.15072064792,0.0006410427317441003
2020-03-05 18:03:00,3207.5855851497045,0.0006057166327438243
2020-03-05 18:04:00,3207.261120998119,0.0005924062166434602
2020-03-05 18:05:00,3205.083777705111,0.0005803234531557012
2020-03-05 18:06:00,3207.6211203337907,0.0005922018180859442
2020-03-05 18:07:00,3208.93389877967,0.0005767899630114136
2020-03-05 18:08:00,3206.742234860299,0.000572016637868773
2020-03-05 18:09:00,3210.2886087561656,0.0005986855433478702
2020-03-05 18:10:00,3209.221123216844,0.0005997535651358567
2020-03-05 18:11:00,3209.462169913623,0.0006696886166663196
2020-03-05 18:12:00,3207.34636792754,0.0006015459960931761
2020-03-05 18:13:00,3204.4533320169444,0.0005904807170819843
2020-03-05 18:14:00,3204.8991183395106,0.0006478097330170247
2020-03-05 18:15:00,3205.5653183422814,0.0006352838021263561
2020-03-05 18:16:00,3202.9564441734997,0.0006455360263155812
2020-03-05 18:17:00,3201.5648773989465,0.0006350629396886281
2020-03-05 18:18:00,3201.007248930626,0.0006302605285264146
2020-03-05 18:19:00,3199.869881831601,0.000619863161196716
2020-03-05 18:20:00,3199.7755979114663,0.0006376539928647725
2020-03-05 18:21:00,3198.2020155878336,0.0006605221377420388
2020-03-05 18:22:00,3201.530548571894,0.0007170540212629403
2020-03-05 18:23:00,3198.7978595059553,0.0006799751163005921
2020-03-05 18:24:00,3200.7526739697887,0.0006514969225041026
2020-03-05 18:25:00,3199.760136800943,0.0007361072864302124
2020-03-05 18:26:00,3202.1672746656486,0.0007467048471803
2020-03-05 18:27:00,3200.777828137632,0.000781558479864398
2020-03-05 18:28:00,3199.859553064081,0.0007923470958187289
2020-03-05 18:29:00,3201.3386095346623,0.0007904930928911086
2020-03-05 18:30:00,3203.0982507326253,0.0008376689708871155
2020-03-05 18:31:00,3204.9745160735224,0.0008774660922167615
2020-03-05 18:32:00,3204.215184142353,0.0008858211026139487
2020-03-05 18:33:00,3204.8402091361218,0.000875243811895781
2020-03-05 18:34:00,3203.1144740565096,0.0007833215764159102
2020-03-05 18:35:00,3204.487747010295,0.0008518858508383273
2020-03-05 18:36:00,3205.9227483759973,0.0008430634850414117
2020-03-05 18:37:00,3208.9239037512193,0.000830235839519425
2020-03-05 18:38:00,3211.6129152999597,0.0008300858595542101
2020-03-05 18:39:00,3210.8635642126596,0.000811026877593582
2020-03-05 18:40:00,3208.2965296481007,0.00079903084840533
2020-03-05 18:41:00,3207.4722847931803,0.0007904892138358308
2020-03-05 18:42:00,3206.1262347082434,0.0007498870130776919
2020-03-05 18:43:00,3205.316742639737,0.0007616966872832914
2020-03-05 18:44:00,3204.7697976045392,0.000761411270703643
2020-03-05 18:45:00,3198.574520050989,0.0007761921520081567
2020-03-05 18:46:00,3200.2530990418873,0.0007547125872239774
2020-03-05 18:47:00,3202.4947146213212,0.0007194469902702912
2020-03-05 18:48:00,3205.941011793566,0.0007185316466293438
2020-03-05 18:49:00,3207.3149419208835,0.0007121174512740515
2020-03-05 18:50:00,3206.801645723137,0.0007412611450218397
2020-03-05 18:51:00,3209.4403859911067,0.0007547907145828556
2020-03-05 18:52:00,3206.344208370079,0.0007752035615958952
2020-03-05 18:53:00,3209.7333548855668,0.0007796246938963315
2020-03-05 18:54:00,3212.1359689336646,0.0007821783919076004
2020-03-05 18:55:00,3211.1666393276573,0.0007672410655050774
2020-03-05 18:56:00,3207.539436387965,0.0007844264768580837
2020-03-05 18:57:00,3207.7198396914355,0.0008218516465203702
2020-03-05 18:58:00,3205.638186669888,0.0008230377299661726
2020-03-05 18:59:00,3204.209248615456,0.0007855095890225193
2020-03-05 19:00:00,3206.302864671172,0.0008411315444616907
2020-03-05 19:01:00,3209.9922642906113,0.0008722685717247884
2020-03-05 19:02:00,3208.4178440542146,0.0008709982810529156
2020-03-05 19:03:00,3210.7305975381855,0.0009727204550901839
2020-03-05 19:04:00,3212.1367283268382,0.001029163065435194
2020-03-05 19:05:00,3213.4900318747023,0.0010487049090146514
2020-03-05 19:06:00,3212.7970161003323,0.0010335949198505793
2020-03-05 19:07:00,3210.398788697631,0.0010713924505696174
2020-03-05 19:08:00,3204.0033817783356,0.0010521867962383909
2020-03-05 19:09:00,3202.060073482368,0.0009885946319757274
2020-03-05 19:10:00,3204.186815297167,0.0009917207229996343
2020-03-05 19:11:00,3204.9499976317647,0.000975066010048719
2020-03-05 19:12:00,3200.4809286493623,0.0009844996023374343
2020-03-05 19:13:00,3202.4129886657947,0.0009871979935563123
2020-03-05 19:14:00,3204.267975370837,0.0009802566173316212
2020-03-05 19:15:00,3202.0182651594655,0.0009650081464964487
2020-03-05 19:16:00,3207.01376829086,0.0009379594231832382
2020-03-05 19:17:00,3208.6957410056148,0.0009404447336321695
2020-03-05 19:18:00,3205.2702676184995,0.0010152737467765285
2020-03-05 19:19:00,3202.684443482123,0.0009722671618006373
2020-03-05 19:20:00,3209.1684206170426,0.0009594423438026637
2020-03-05 19:21:00,3212.477056806576,0.0010293934957554347
2020-03-05 19:22:00,3214.741810923577,0.0009808777960495264
2020-03-05 19:23:00,3216.353740813026,0.0009336955233325834
2020-03-05 19:24:00,3213.2634601402297,0.0009167433736017129
2020-03-05 19:25:00,3208.486751358297,0.0008934193520296356
2020-03-05 19:26:00,3206.772595889793,0.0008836993215877674
2020-03-05 19:27:00,3207.288959387323,0.0008837954679606567
2020-03-05 19:28:00,3204.143050764492,0.0008829934579901909
2020-03-05 19:29:00,3202.34390239499,0.0009169565155794994
2020-03-05 19:30:00,3200.0167532202026,0.0009203718466767607
2020-03-05 19:31:00,3203.693159427249,0.0010054731070119436
2020-03-05 19:32:00,3209.3559302322938,0.0009678760501418982
2020-03-05 19:33:00,3212.9725403642115,0.0009180485640546792
2020-03-05 19:34:00,3217.5301921380164,0.000912561166744105
2020-03-05 19:35:00,3218.274634457092,0.0009470792536881181
2020-03-05 19:36:00,3221.458889777643,0.0009279172235436109
2020-03-05 19:37:00,3220.2613966355107,0.0009242059814724011
2020-03-05 19:38:00,3219.0010521746167,0.0009265308798210515
2020-03-05 19:39:00,3220.9243036774105,0.0009545343962560299
2020-03-05 19:40:00,3225.0592915851935,0.0009584142561373047
2020-03-05 19:41:00,3230.007442175357,0.0009644537446482013
2020-03-05 19:42:00,3229.749101727575,0.000957269836964951
2020-03-05 19:43:00,3231.5102009534444,0.0009818984877326886
2020-03-05 19:44:00,3231.9946100083953,0.0009219641331705187
2020-03-05 19:45:00,3235.19728492154,0.0009710671022411502
2020-03-05 19:46:00,3237.1182726331344,0.0009922443175574653
2020-03-05 19:47:00,3240.256885245608,0.0010332942767817218
2020-03-05 19:48:00,3245.4358844050985,0.0011128392797874276
2020-03-05 19:49:00,3244.27187726431,0.001163602276147807
2020-03-05 19:50:00,3250.4948406512303,0.0011981997577068771
2020-03-05 19:51:00,3252.3332037883574,0.0011365107782429988
2020-03-05 19:52:00,3250.375112554345,0.0011282245578124815
2020-03-05 19:53:00,3255.612834561617,0.0010837480817187466
2020-03-05 19:54:00,3251.88815402306,0.001055199215273976
2020-03-05 19:55:00,3247.575072237981,0.0010024382722362726
2020-03-05 19:56:00,3249.6786085723506,0.001043256977435269
2020-03-05 19:57:00,3248.524497055004,0.0010418960494870911
2020-03-05 19:58:00,3249.1082978440786,0.0010179217879955973
2020-03-05 19:59:00,3243.2364080605416,0.0010265959176853656
2020-03-06 13:30:00,3048.038830756809,0.0009800813453062368
2020-03-06 13:31:00,3046.1330964660833,0.0010629329507546661
2020-03-06 13:32:00,3049.3739585791,0.0011045955569825151
2020-03-06 13:33:00,3045.351196793243,0.0011207954067886789
2020-03-06 13:34:00,3043.6180037495824,0.0011394655537202954
2020-03-06 13:35:00,3046.6064366855207,0.0011691887977727771
2020-03-06 13:36:00,3044.091203786552,0.0012087618145569226
2020-03-06 13:37:00,3043.3621634916694,0.001205973540152046
2020-03-06 13:38:00,3041.127211573199,0.0012028732240398695
2020-03-06 13:39:00,3045.171307063192,0.0012645077345406724
2020-03-06 13:40:00,3043.725096007597,0.001237220908317697
2020-03-06 13:41:00,3042.228377739821,0.0011592792998518428
2020-03-06 13:42:00,3044.515655823353,0.0011174574435128062
2020-03-06 13:43:00,3046.2152705412304,0.0010889736307501299
2020-03-06 13:44:00,3047.673965366957,0.0010976861239145265
2020-03-06 13:45:00,3048.1546917556147,0.0011496294029889086
2020-03-06 13:46:00,3053.5887900240764,0.001187435582655257
2020-03-06 13:47:00,3043.4731427961774,0.0012496657761058723
2020-03-06 13:48:00,3039.958261188309,0.001204626408023066
2020-03-06 13:49:00,3040.2740674024667,0.0011263718383545107
2020-03-06 13:50:00,3039.2638904348037,0.0010666707802193661
2020-03-06 13:51:00,3035.5355342542543,0.001025672448756034
2020-03-06 13:52:00,3034.542152603579,0.0010625598984498929
2020-03-06 13:53:00,3032.7182666808358,0.0011134438563661765
2020-03-06 13:54:00,3035.4329166247717,0.0011217625390952785
2020-03-06 13:55:00,3031.7293127112666,0.0011867269992816647
2020-03-06 13:56:00,3030.5928037097015,0.0011706777459203949
2020-03-06 13:57:00,3031.966168830456,0.0012273713530234816
2020-03-06 13:58:00,3036.597698528248,0.00126891199468862
2020-03-06 13:59:00,3038.197583699154,0.0012044323147906572
2020-03-06 14:00:00,3037.5486156232887,0.001328554924752621
2020-03-06 14:01:00,3035.2676499308463,0.001434471470016446
2020-03-06 14:02:00,3032.9058736185393,0.0014733869505480744
2020-03-06 14:03:00,3033.623184480769,0.001454297561531787
2020-03-06 14:04:00,3033.8938880610576,0.00155107259921658
2020-03-06 14:05:00,3026.362144268466,0.0015357236130357796
2020-03-06 14:06:00,3032.6150124092997,0.001563731019233827
2020-03-06 14:07:00,3032.4697313241686,0.0014317187691915585
2020-03-06 14:08:00,3031.5607699688403,0.0013795102418083607
2020-03-06 14:09:00,3020.276964735267,0.0014550767262651238
2020-03-06 14:10:00,3016.2471766003364,0.0013928414207678525
2020-03-06 14:11:00,3023.9357571306305,0.0012951088472448918
2020-03-06 14:12:00,3027.518471460826,0.0012966104571460993
2020-03-06 14:13:00,3028.6977497376843,0.0013304763101039067
2020-03-06 14:14:00,3035.3301135335428,0.0013446793129194507
2020-03-06 14:15:00,3039.158016882172,0.0013986075656255098
2020-03-06 14:16:00,3026.077915249478,0.0014515760065165243
2020-03-06 14:17:00,3017.147596921992,0.0015350300062156666
2020-03-06 14:18:00,3008.6119380659266,0.0015317791140195835
2020-03-06 14:19:00,3012.4891224553553,0.0014899657708978525
2020-03-06 14:20:00,3014.7417763986186,0.0014591338597221633
2020-03-06 14:21:00,3010.515246091562,0.0014142911725234552
2020-03-06 14:22:00,3008.7058909372267,0.0013818424834963687
2020-03-06 14:23:00,3008.130672463789,0.0013844703408265138
2020-03-06 14:24:00,3016.1200593686854,0.0014182605060875041
2020-03-06 14:25:00,3014.7195453893814,0.0013866300075506869
2020-03-06 14:26:00,3014.1954446652126,0.0014099380985343512
2020-03-06 14:27:00,3012.6576229275374,0.0014265686730819873
2020-03-06 14:28:00,3019.1398280180997,0.0014130874342607256
2020-03-06 14:29:00,3023.4765299084124,0.0014223441622365103
2020-03-06 14:30:00,3026.9233754290563,0.0013622143978998151
2020-03-06 14:31:00,3023.4020129067635,0.0013961588204990274
2020-03-06 14:32:00,3020.659411701581,0.001360369333547757
2020-03-06 14:33:00,3020.124272150887,0.0013490766072357103
2020-03-06 14:34:00,3023.018007766222,0.0013703285648185878
2020-03-06 14:35:00,3025.8740241045252,0.0013918586451138666
2020-03-06 14:36:00,3027.652594913811,0.001368981465257706
2020-03-06 14:37:00,3028.4140937217257,0.0014324888877620906
2020-03-06 14:38:00,3027.2568049327574,0.0014307092974920072
2020-03-06 14:39:00,3027.6708463503473,0.001396382448625749
2020-03-06 14:40:00,3025.7756498092663,0.0014166030907557892
2020-03-06 14:41:00,3021.1672959124194,0.0014807338512099158
2020-03-06 14:42:00,3025.497130572128,0.0014381374459138693
2020-03-06 14:43:00,3028.838337133929,0.0013684806489385767
2020-03-06 14:44:00,3026.0057884941707,0.0012830804372777045
2020-03-06 14:45:00,3028.0514470518533,0.0012654601562646962
2020-03-06 14:46:00,3023.9298748390975,0.0012667235479473684
2020-03-06 14:47:00,3020.73423157655,0.0013290801501185982
2020-03-06 14:48:00,3023.6695360206645,0.001312480193976599
2020-03-06 14:49:00,3018.514790070462,0.0013380263780820502
2020-03-06 14:50:00,3017.157240759825,0.0012934264885115234
2020-03-06 14:51:00,3015.0117737291935,0.0013061328206927718
2020-03-06 14:52:00,3014.473382800043,0.0012519364808515926
2020-03-06 14:53:00,3014.220716483065,0.0011431436061055784
2020-03-06 14:54:00,3005.4777687677492,0.0012171493030652858
2020-03-06 14:55:00,3006.8821356129297,0.0012060014300289872
2020-03-06 14:56:00,3007.510623420003,0.0011398575504555453
2020-03-06 14:57:00,3006.0798003669875,0.001132375448859679
2020-03-06 14:58:00,3000.7747411315618,0.00112209768645333
2020-03-06 14:59:00,3004.8362463300173,0.0011982177442448495
2020-03-06 15:00:00,3007.854654992401,0.0012638475714295337
2020-03-06 15:01:00,3013.292828840769,0.0012903893361359922
2020-03-06 15:02:00,3014.4315559519137,0.0012888738643482968
2020-03-06 15:03:00,3021.076398546327,0.0013068340439570615
2020-03-06 15:04:00,3014.6620357287675,0.0012669899527063097
2020-03-06 15:05:00,3016.894484339491,0.0012589658249132344
2020-03-06 15:06:00,3018.4889242939125,0.001201410290661732
2020-03-06 15:07:00,3018.1387323790004,0.001282500753309983
2020-03-06 15:08:00,3025.8792711432243,0.0014160133868077686
2020-03-06 15:09:00,3028.0686326110767,0.0013090564971393
2020-03-06 15:10:00,3035.416124622496,0.0013974581465731049
2020-03-06 15:11:00,3044.6294839253464,0.001380700243874884
2020-03-06 15:12:00,3045.351059036012,0.0013220141389993078
2020-03-06 15:13:00,3044.802304768718,0.0013924919752619344
2020-03-06 15:14:00,3041.2727943027194,0.0013100785679983679
2020-03-06 15:15:00,3043.6972843240005,0.0013191394749936956
2020-03-06 15:16:00,3045.625930309228,0.0012898498716090345
2020-03-06 15:17:00,3045.66971873025,0.0012781412333572751
2020-03-06 15:18:00,3046.8605278547648,0.0012634074192789358
2020-03-06 15:19:00,3050.785575485833,0.0013371082923877024
2020-03-06 15:20:00,3047.5822256489305,0.0012827176981873962
2020-03-06 15:21:00,3048.8963630958683,0.0013641290473319191
2020-03-06 15:22:00,3048.7143099712316,0.0012972577830478369
2020-03-06 15:23:00,3046.7373620097783,0.0012164738972315345
2020-03-06 15:24:00,3047.8241013285256,0.0011869463156691728
2020-03-06 15:25:00,3047.595638048035,0.0011996686128621713
2020-03-06 15:26:00,3049.1350094636455,0.0012514181709174243
2020-03-06 15:27:00,3044.0427210707253,0.0012369651785783067
2020-03-06 15:28:00,3041.169803018948,0.0012124936889118117
2020-03-06 15:29:00,3036.2787788652395,0.0011951581314820815
2020-03-06 15:30:00,3034.3309114934727,0.0011092030891489556
2020-03-06 15:31:00,3034.3537947422783,0.0010937109695385988
2020-03-06 15:32:00,3029.0050759866667,0.0011556154007241726
2020-03-06 15:33:00,3025.481947966058,0.0011874899118561807
2020-03-06 15:34:00,3023.586483300235,0.0011549694858286753
2020-03-06 15:35:00,3019.0748102178623,0.0011854735798395492
2020-03-06 15:36:00,3017.467519298511,0.0012196511677205505
2020-03-06 15:37:00,3017.3757849034787,0.0012422954695515398
2020-03-06 15:38:00,3014.9358753190904,0.0013016047606455616
2020-03-06 15:39:00,3009.34142905344,0.0013101988784249465
2020-03-06 15:40:00,3010.5565161282984,0.0013428097725711528
2020-03-06 15:41:00,3011.0855423809903,0.0013020584485959887
2020-03-06 15:42:00,3009.431559423139,0.0013357220109284588
2020-03-06 15:43:00,3005.77656298183,0.0013104203334316118
2020-03-06 15:44:00,2999.1499115105084,0.0013352816777234921
2020-03-06 15:45:00,2992.8869599522986,0.0012351754116915652
2020-03-06 15:46:00,2991.8720477206475,0.0011738001319067473
2020-03-06 15:47:00,2994.436787076886,0.0011661378288178375
2020-03-06 15:48:00,2997.509776525933,0.001131242921551142
2020-03-06 15:49:00,3001.560422408131,0.001119353646389478
2020-03-06 15:50:00,2996.5039202313556,0.001063261357068462
2020-03-06 15:51:00,2992.0311294384815,0.0010837936532349546
2020-03-06 15:52:00,2993.9077973739436,0.001037938217157873
2020-03-06 15:53:00,2995.748521631081,0.0009625166429286569
2020-03-06 15:54:00,2995.6869811250986,0.001018493955640832
2020-03-06 15:55:00,2998.020446540953,0.000992078528544635
2020-03-06 15:56:00,2995.996806466339,0.0009230150615789933
2020-03-06 15:57:00,3000.2248726402972,0.0008854853901006452
2020-03-06 15:58:00,3000.8333631968176,0.0008836721804196642
2020-03-06 15:59:00,3002.3235544108175,0.0008514220811231943
2020-03-06 16:00:00,3002.0697144910832,0.0008037452884420505
2020-03-06 16:01:00,3000.506158532453,0.0008222623680536626
2020-03-06 16:02:00,3003.242023905719,0.0008192606422299986
2020-03-06 16:03:00,2999.4980349419257,0.0008590138252115707
2020-03-06 16:04:00,2998.189893125432,0.0008603837710417472
2020-03-06 16:05:00,2998.2464290073804,0.0008612152378570734
2020-03-06 16:06:00,2996.435990081397,0.0008209737409055675
2020-03-06 16:07:00,2996.5634443137205,0.0007966639895930154
2020-03-06 16:08:00,2994.200466308214,0.0008118732264351033
2020-03-06 16:09:00,2994.448676819458,0.0007839035894628962
2020-03-06 16:10:00,2997.084382507347,0.0007749725972663004
2020-03-06 16:11:00,2992.6931754948523,0.0007262591525639167
2020-03-06 16:12:00,2992.3784177282223,0.0006894225910321733
2020-03-06 16:13:00,2990.5599723342057,0.0006389244472683063
2020-03-06 16:14:00,2989.1065516063995,0.0006739816258702388
2020-03-06 16:15:00,2990.1224223273784,0.0006304660384146272
2020-03-06 16:16:00,2993.4134655255484,0.0006084688168174971
2020-03-06 16:17:00,2994.053062990638,0.0005815275247240152
2020-03-06 16:18:00,2997.749309186293,0.0005607108963643946
2020-03-06 16:19:00,2999.154992775619,0.0006165277449784389
2020-03-06 16:20:00,2996.6440777239336,0.0005770353417753638
2020-03-06 16:21:00,2998.114342715659,0.0005724937288603208
2020-03-06 16:22:00,2997.4002402776437,0.0005637165265871043
2020-03-06 16:23:00,2995.54049245885,0.0006397555572915333
2020-03-06 16:24:00,2996.023606698934,0.0006243112406340448
2020-03-06 16:25:00,2995.306212678599,0.0006250566805182199
2020-03-06 16:26:00,2997.293226699385,0.0006211706484132629
2020-03-06 16:27:00,2997.1540340839497,0.0006871845471824474
2020-03-06 16:28:00,2998.5632982713387,0.0006778839831676983
2020-03-06 16:29:00,2996.6313738699714,0.0006866832611438303
2020-03-06 16:30:00,2997.825806853465,0.0007196722659714814
2020-03-06 16:31:00,2997.3976057950877,0.0007151361959383581
2020-03-06 16:32:00,3000.1061630260547,0.0007166236531578682
2020-03-06 16:33:00,2999.450846663843,0.0007418940094477808
2020-03-06 16:34:00,3001.377888752105,0.0006935118558066237
2020-03-06 16:35:00,2998.4200128894972,0.0006815716454319866
2020-03-06 16:36:00,3000.846721135709,0.0006738066690926976
2020-03-06 16:37:00,2999.5981686863233,0.0005876636371959192
2020-03-06 16:38:00,3000.872001302168,0.0005966776537938831
2020-03-06 16:39:00,3003.3538281107085,0.0005874310077843976
2020-03-06 16:40:00,3005.872429353458,0.0005851819220179355
2020-03-06 16:41:00,3009.287710656033,0.0005893877776073758
2020-03-06 16:42:00,3006.0764609928733,0.0005374994781666238
2020-03-06 16:43:00,3006.7800347993543,0.0005165833975133255
2020-03-06 16:44:00,3004.2841311810093,0.00057860714292773
2020-03-06 16:45:00,3005.164453611573,0.000550292741985895
2020-03-06 16:46:00,3008.7015121635127,0.000539146786408301
2020-03-06 16:47:00,3008.6768416150385,0.0005950647803890617
2020-03-06 16:48:00,3008.2460877221984,0.0005727976572346657
2020-03-06 16:49:00,3009.31184370808,0.000584071912529522
2020-03-06 16:50:00,3009.037845424481,0.0005682988942548211
2020-03-06 16:51:00,3007.4034754918493,0.0005641103856794182
2020-03-06 16:52:00,3008.6801200669693,0.0005472297062687157
2020-03-06 16:53:00,3008.2825531261938,0.0005264677194521662
2020-03-06 16:54:00,3008.8979749820774,0.0005432806899757221
2020-03-06 16:55:00,3010.96225390377,0.0005684071021849079
2020-03-06 16:56:00,3009.843979122991,0.0005731660362183021
2020-03-06 16:57:00,3010.4813062219114,0.0005964588308517957
2020-03-06 16:58:00,3008.7889874595303,0.0005839030987211974
2020-03-06 16:59:00,3010.8272908494814,0.0005803744927900074
2020-03-06 17:00:00,3010.6403330740527,0.000531602502679871
2020-03-06 17:01:00,3010.7324702424107,0.000508859469734461
2020-03-06 17:02:00,3009.389751027531,0.0005035477630553585
2020-03-06 17:03:00,3010.968256234733,0.000558507594446051
2020-03-06 17:04:00,3013.725707487659,0.0005473062680825347
2020-03-06 17:05:00,3012.5955793435833,0.0005146807088441033
2020-03-06 17:06:00,3013.7402566661394,0.0005565292554945725
2020-03-06 17:07:00,3013.9722425834857,0.0005433683217778341
2020-03-06 17:08:00,3014.440084347492,0.0005069866217724208
2020-03-06 17:09:00,3013.7654825232553,0.0005201985303070959
2020-03-06 17:10:00,3014.5688282443143,0.0005366357434342243
2020-03-06 17:11:00,3015.5040675101873,0.0005714464512845505
2020-03-06 17:12:00,3014.144711317354,0.0005868664044335855
2020-03-06 17:13:00,3013.127397671957,0.0006158204320651406
2020-03-06 17:14:00,3012.7875985237515,0.0006215191269780562
2020-03-06 17:15:00,3015.726524082748,0.0006210104227570829
2020-03-06 17:16:00,3017.1077081433023,0.0006156349912749491
2020-03-06 17:17:00,3016.734855934529,0.000645428438706262
2020-03-06 17:18:00,3016.3105073840406,0.000636563539181313
2020-03-06 17:19:00,3017.408331870399,0.0006494534394876012
2020-03-06 17:20:00,3016.9676833710428,0.0006720125041586618
2020-03-06 17:21:00,3021.546430834186,0.0006817141792310281
2020-03-06 17:22:00,3020.7428852458183,0.0006810076560365717
2020-03-06 17:23:00,3022.0434856712877,0.0006867356868373525
2020-03-06 17:24:00,3021.7345864974404,0.0006944625693343164
2020-03-06 17:25:00,3022.240439099699,0.0007268715972564043
2020-03-06 17:26:00,3023.6371400499993,0.0007737424619108212
2020-03-06 17:27:00,3025.793845112732,0.0007324795481295739
2020-03-06 17:28:00,3026.0967493758767,0.0007154979702929703
2020-03-06 17:29:00,3028.2450795563695,0.000692774102502764
2020-03-06 17:30:00,3029.719017256066,0.000728177138409754
2020-03-06 17:31:00,3031.765878346268,0.0007589990863507168
2020-03-06 17:32:00,3035.694950863273,0.0007308113092255546
2020-03-06 17:33:00,3033.613502797753,0.0007314376233353644
2020-03-06 17:34:00,3035.4912995121726,0.0007397138010241088
2020-03-06 17:35:00,3034.676869780296,0.0007759432949083327
2020-03-06 17:36:00,3033.4616674180556,0.0007623728377053463
2020-03-06 17:37:00,3032.8268510781686,0.0008135308681604068
2020-03-06 17:38:00,3028.1750022045408,0.000771960990129903
2020-03-06 17:39:00,3033.0966134355376,0.0006981800171701217
2020-03-06 17:40:00,3030.7434883351293,0.0007228020472891695
2020-03-06 17:41:00,3029.993380424135,0.0007569057435426795
2020-03-06 17:42:00,3027.9924410422345,0.0007143177600759302
2020-03-06 17:43:00,3027.3788962761387,0.0007017500784888503
2020-03-06 17:44:00,3029.3955975307463,0.0007095828606218888
2020-03-06 17:45:00,3033.9286005868357,0.000747053742223629
2020-03-06 17:46:00,3030.9702414855606,0.0007372743601113367
2020-03-06 17:47:00,3033.2993730076378,0.0006990958852512228
2020-03-06 17:48:00,3033.0087648691037,0.0007055134685189758
2020-03-06 17:49:00,3035.2233181498955,0.0007039337624144266
2020-03-06 17:50:00,3033.063268288117,0.0006803655731544624
2020-03-06 17:51:00,3033.329773466281,0.0006704565491196697
2020-03-06 17:52:00,3030.074019192315,0.0006513484550028249
2020-03-06 17:53:00,3031.420852819185,0.0006648851506386718
2020-03-06 17:54:00,3035.8226696856163,0.0006947912556223175
2020-03-06 17:55:00,3037.703340097703,0.0006872500570662567
2020-03-06 17:56:00,3038.38666913463,0.0006674609895461414
2020-03-06 17:57:00,3039.3351900182342,0.0006330988030038843
2020-03-06 17:58:00,3039.057518025078,0.0006271190670781731
2020-03-06 17:59:00,3036.845990647694,0.0006465209375713743
2020-03-06 18:00:00,3038.757555008412,0.0006126749398402728
2020-03-06 18:01:00,3041.105378357492,0.0006359000094693501
2020-03-06 18:02:00,3042.11606956225,0.0006362020943427183
2020-03-06 18:03:00,3041.005668243236,0.0006767556817195783
2020-03-06 18:04:00,3040.706199540881,0.0006916134339433463
2020-03-06 18:05:00,3043.606305406658,0.0007200287934967728
2020-03-06 18:06:00,3045.388202498033,0.0007419763491246307
2020-03-06 18:07:00,3045.1502502128074,0.000756753216524315
2020-03-06 18:08:00,3044.9089301963318,0.0007487505694985038
2020-03-06 18:09:00,3044.524246264872,0.0007342702266656003
2020-03-06 18:10:00,3044.818158354057,0.0007183010350045916
2020-03-06 18:11:00,3043.0698439514904,0.0007219212512550083
2020-03-06 18:12:00,3040.1190722178085,0.0006636303697656958
2020-03-06 18:13:00,3040.0399780335956,0.0006114461257209268
2020-03-06 18:14:00,3040.551129245995,0.0006032893386606341
2020-03-06 18:15:00,3041.6671742163408,0.0006068366525531005
2020-03-06 18:16:00,3040.5754189723953,0.0006249675825807629
2020-03-06 18:17:00,3040.990464723128,0.0005418649686886915
2020-03-06 18:18:00,3038.9750488909244,0.000559981092920836
2020-03-06 18:19:00,3038.5981878278485,0.0005852272340554057
2020-03-06 18:20:00,3041.0017014717405,0.0005885826512201263
2020-03-06 18:21:00,3038.685723159452,0.0006206333528858662
2020-03-06 18:22:00,3036.406625662881,0.0006366005653687709
2020-03-06 18:23:00,3034.6150832640715,0.0006476517738920538
2020-03-06 18:24:00,3031.6962279521517,0.000619651259726066
2020-03-06 18:25:00,3027.6183633515748,0.0005999225383644223
2020-03-06 18:26:00,3028.163954427542,0.0005882014973831417
2020-03-06 18:27:00,3027.7792628998727,0.0005748411964693714
2020-03-06 18:28:00,3024.339774267511,0.0005428292120502491
2020-03-06 18:29:00,3026.307269226526,0.000557139055677277
2020-03-06 18:30:00,3027.4857483743544,0.0005300575461268049
2020-03-06 18:31:00,3027.3233661991676,0.00047821977827515585
2020-03-06 18:32:00,3030.119797882929,0.00048510180970977936
2020-03-06 18:33:00,3028.7754569797967,0.0004874478634386152
2020-03-06 18:34:00,3027.5130667900653,0.00048771635924654393
2020-03-06 18:35:00,3027.5051448937697,0.0004890823015882951
2020-03-06 18:36:00,3029.057206700157,0.00044262888432149063
2020-03-06 18:37:00,3030.203738867102,0.0004529273912084099
2020-03-06 18:38:00,3031.6704440622784,0.0004865793346990051
2020-03-06 18:39:00,3031.947069928455,0.0005100420002936677
2020-03-06 18:40:00,3033.22737491511,0.0005346725140274074
2020-03-06 18:41:00,3033.2060033917646,0.000528466733251025
2020-03-06 18:42:00,3035.6980427281815,0.0004987197890255083
2020-03-06 18:43:00,3034.839132404598,0.0005017669127492005
2020-03-06 18:44:00,3036.2923711454905,0.0005227769540062052
2020-03-06 18:45:00,3038.763777657793,0.0005230406728552857
2020-03-06 18:46:00,3036.572654865704,0.0005136685650946626
2020-03-06 18:47:00,3035.63254456593,0.0004900826082462428
2020-03-06 18:48:00,3033.8225331180515,0.0005246451964959751
2020-03-06 18:49:00,3032.2407619674477,0.0005430036330716109
2020-03-06 18:50:00,3032.345647175756,0.0005256016294207604
2020-03-06 18:51:00,3030.7463960937325,0.0005321972543977962
2020-03-06 18:52:00,3028.9592749333797,0.0005239415762496888
2020-03-06 18:53:00,3029.165897158624,0.0005545074565762742
2020-03-06 18:54:00,3029.1898448291954,0.0005266519272360325
2020-03-06 18:55:00,3025.074478986532,0.0004917917780163035
2020-03-06 18:56:00,3023.8679524815534,0.0005055335538894677
2020-03-06 18:57:00,3022.754010583828,0.00048011398848531856
2020-03-06 18:58:00,3021.502484795192,0.0005023815415086159
2020-03-06 18:59:00,3018.992940124094,0.0004853563389152918
2020-03-06 19:00:00,3017.192266447912,0.0004955625068716991
2020-03-06 19:01:00,3017.519930883955,0.000536251726000642
2020-03-06 19:02:00,3015.63255040285,0.000519857204637209
2020-03-06 19:03:00,3013.9340526027427,0.0005543492139146222
2020-03-06 19:04:00,3013.5658083529943,0.0005386831497510521
2020-03-06 19:05:00,3012.2105923107056,0.0005457476100765927
2020-03-06 19:06:00,3013.548104136004,0.0005362895061339951
2020-03-06 19:07:00,3012.5870541314175,0.0005087493484396894
2020-03-06 19:08:00,3011.5098667417747,0.0005210421655419698
2020-03-06 19:09:00,3011.3948147601145,0.000561529203355261
2020-03-06 19:10:00,3011.212230251707,0.0005443504604357463
2020-03-06 19:11:00,3011.509870418952,0.0005137991892325794
2020-03-06 19:12:00,3011.79203046047,0.0004955042458276531
2020-03-06 19:13:00,3010.5612192390454,0.0004962228209193064
2020-03-06 19:14:00,3010.6815865346425,0.0005195297192053462
2020-03-06 19:15:00,3010.551777326602,0.0004949299393992053
2020-03-06 19:16:00,3011.20624383278,0.0004675598300204941
2020-03-06 19:17:00,3012.8154018438604,0.00045813151912521815
2020-03-06 19:18:00,3012.3594969000546,0.0004610017431478267
2020-03-06 19:19:00,3011.718062383559,0.0004577227573030352
2020-03-06 19:20:00,3011.6968724351823,0.0005105441506067247
2020-03-06 19:21:00,3013.2256106738487,0.000511139564560039
2020-03-06 19:22:00,3009.7502972622206,0.0005351133786414503
2020-03-06 19:23:00,3008.640844772227,0.000550857014671884
2020-03-06 19:24:00,3008.6850793902026,0.0005328704913071747
2020-03-06 19:25:00,3009.2053788955504,0.0005315697790863108
2020-03-06 19:26:00,3007.1238035038377,0.000556526002163304
2020-03-06 19:27:00,3003.5679813477705,0.000543736689757551
2020-03-06 19:28:00,3001.71546483884,0.0005290231059150017
2020-03-06 19:29:00,3001.012466481648,0.0005150784358481924
2020-03-06 19:30:00,2997.815355169579,0.0005316497395824968
2020-03-06 19:31:00,2998.6701367270343,0.0005131678590123383
2020-03-06 19:32:00,2999.7143886911485,0.0005085202956371298
2020-03-06 19:33:00,3000.5663246103645,0.0005815463999072652
2020-03-06 19:34:00,3004.3007511987926,0.0005685542690820004
2020-03-06 19:35:00,3004.182445982238,0.0006168824726147917
2020-03-06 19:36:00,3004.059925649535,0.0006606279283262693
2020-03-06 19:37:00,3003.6923104110356,0.0006961975931794682
2020-03-06 19:38:00,3005.2429429975627,0.0007103321620706508
2020-03-06 19:39:00,3010.7725305,0.0007719940730717617
2020-03-06 19:40:00,3007.8588936356336,0.0007835238894992309
2020-03-06 19:41:00,3005.697288586163,0.0007220399472061409
2020-03-06 19:42:00,3005.283212377243,0.0007117522323344877
2020-03-06 19:43:00,3006.04301639512,0.0007378424553230639
2020-03-06 19:44:00,3007.559097996792,0.0007274369007688269
2020-03-06 19:45:00,3008.1681616875007,0.0006838704602702406
2020-03-06 19:46:00,3004.1237207118575,0.000701632835496781
2020-03-06 19:47:00,3000.909479108855,0.0006590813163167562
2020-03-06 19:48:00,3001.547088377767,0.0006458360485614097
2020-03-06 19:49:00,2998.5184085039664,0.0006586565726272047
2020-03-06 19:50:00,2997.761722470877,0.0007136778879935464
2020-03-06 19:51:00,2998.3589176126843,0.0006851927572444105
2020-03-06 19:52:00,2994.877972019722,0.0007108983907295674
2020-03-06 19:53:00,2994.677193613349,0.0007071779854210254
2020-03-06 19:54:00,2994.8335732329847,0.0007240621961034699
2020-03-06 19:55:00,2993.994653145296,0.0006950949468594318
2020-03-06 19:56:00,2993.9664474120955,0.0006690458121939704
2020-03-06 19:57:00,2995.436620177609,0.0006682782804246728
2020-03-06 19:58:00,2996.2999161971816,0.0007318508147074545
2020-03-06 19:59:00,2998.635449448728,0.000726700835471633
2020-03-09 13:30:00,2927.1188879363917,0.0007300094564959641
2020-03-09 13:31:00,2929.0050112597246,0.000723380156634856
2020-03-09 13:32:00,2930.234397590516,0.0007114772893701935
2020-03-09 13:33:00,2932.6223006283767,0.0007736596675149623
2020-03-09 13:34:00,2933.4125056798407,0.0007496265322965099
2020-03-09 13:35:00,2933.0003145308674,0.0007420720048638499
2020-03-09 13:36:00,2929.023862359164,0.0007596799370248727
2020-03-09 13:37:00,2930.0250464584383,0.0007433996152519343
2020-03-09 13:38:00,2926.771893262566,0.0007641365924726555
2020-03-09 13:39:00,2926.5953307591344,0.0007800483252859744
2020-03-09 13:40:00,2926.559126037514,0.0007855351565124935
2020-03-09 13:41:00,2924.0306568033425,0.0008597052264124027
2020-03-09 13:42:00,2926.024539073575,0.000848498919105536
2020-03-09 13:43:00,2925.4051385310554,0.000786197887809393
2020-03-09 13:44:00,2922.277941818816,0.0008026346049853464
2020-03-09 13:45:00,2924.2652863618314,0.0007901503129194639
2020-03-09 13:46:00,2924.7247299549226,0.0008677060688825776
2020-03-09 13:47:00,2922.7813603116015,0.0008701199113508503
2020-03-09 13:48:00,2922.8947599482008,0.0008932815029346023
2020-03-09 13:49:00,2922.915584947619,0.0008305095734555531
2020-03-09 13:50:00,2924.8584929510416,0.0008123910156080164
2020-03-09 13:51:00,2922.20611320108,0.0008662016365704615
2020-03-09 13:52:00,2921.735136201115,0.0009093129527889651
2020-03-09 13:53:00,2924.2283736999266,0.0009114047856883795
2020-03-09 13:54:00,2931.484922177864,0.0009433090244879948
2020-03-09 13:55:00,2928.935833393865,0.0009283184597651348
2020-03-09 13:56:00,2928.623359687896,0.0009401924576047259
2020-03-09 13:57:00,2926.3926036576627,0.0009629092731621082
2020-03-09 13:58:00,2931.7175148613114,0.0009584842170446123
2020-03-09 13:59:00,2930.5757382228453,0.0009678747753617329
2020-03-09 14:00:00,2935.507446116948,0.0009911391586485915
2020-03-09 14:01:00,2935.9097979992853,0.0009807536546735873
2020-03-09 14:02:00,2934.9882007417486,0.0009666969740211343
2020-03-09 14:03:00,2936.2438040218735,0.0009885068985458574
2020-03-09 14:04:00,2937.31386736645,0.0009940819435667078
2020-03-09 14:05:00,2935.566147461213,0.0010097965137448482
2020-03-09 14:06:00,2931.9704514661717,0.0009863230862318356
2020-03-09 14:07:00,2930.6011443351954,0.0010628106273234505
2020-03-09 14:08:00,2931.7440992680577,0.0010580437653904806
2020-03-09 14:09:00,2929.8995766536127,0.0010836086416929134
2020-03-09 14:10:00,2933.807526037379,0.00116556009099194
2020-03-09 14:11:00,2942.6962804664677,0.0011934767645006008
2020-03-09 14:12:00,2939.2712787962537,0.0012081144952963657
2020-03-09 14:13:00,2940.4552194348807,0.0011799229860732356
2020-03-09 14:14:00,2937.1889182428004,0.0012117116570041508
2020-03-09 14:15:00,2938.0777621514612,0.0012287207532233572
2020-03-09 14:16:00,2936.983124987934,0.0012465785818449745
2020-03-09 14:17:00,2936.3514591908115,0.0012705125229653797
2020-03-09 14:18:00,2932.007415351438,0.0012210191476903617
2020-03-09 14:19:00,2929.127210428439,0.0012405394084729162
2020-03-09 14:20:00,2925.2695562093368,0.0012197328332589712
2020-03-09 14:21:00,2921.1822638510525,0.0012083492994200006
2020-03-09 14:22:00,2920.6472467950693,0.0012479451703173083
2020-03-09 14:23:00,2919.678719857809,0.0012289343215796374
2020-03-09 14:24:00,2919.809085732348,0.0011993613596830623
2020-03-09 14:25:00,2916.6702386680686,0.001280600079917667
2020-03-09 14:26:00,2914.0652971950253,0.001394108543599905
2020-03-09 14:27:00,2914.87581134392,0.00142395635319933
2020-03-09 14:28:00,2912.4599886141295,0.0013962535186040673
2020-03-09 14:29:00,2914.104997210452,0.0014395604098595683
2020-03-09 14:30:00,2916.8595188047198,0.0013642711693332788
2020-03-09 14:31:00,2914.4270127306854,0.001266785998981949
2020-03-09 14:32:00,2916.983013617891,0.00117949054763239
2020-03-09 14:33:00,2915.2967741285356,0.0012447703395807189
2020-03-09 14:34:00,2919.0431230714553,0.0011575053751771132
2020-03-09 14:35:00,2914.2548166972865,0.0011292422265209952
2020-03-09 14:36:00,2911.097748003462,0.0011561124092033506
2020-03-09 14:37:00,2907.1826674816657,0.001160603071852906
2020-03-09 14:38:00,2912.4374339012443,0.0011198564463892628
2020-03-09 14:39:00,2910.6925704637742,0.0011434907647847286
2020-03-09 14:40:00,2904.00620505374,0.001100809958903356
2020-03-09 14:41:00,2903.7760578062193,0.00110660580875257
2020-03-09 14:42:00,2900.3693000451794,0.001155155660591636
2020-03-09 14:43:00,2903.795086611988,0.0011188666851709567
2020-03-09 14:44:00,2903.524358592893,0.0011744757693205432
2020-03-09 14:45:00,2902.6901615335273,0.0011002525837178808
2020-03-09 14:46:00,2903.165041078466,0.0011046059205844431
2020-03-09 14:47:00,2903.7779027809393,0.001058683642976883
2020-03-09 14:48:00,2896.741577411743,0.001000843731942623
2020-03-09 14:49:00,2898.027410408279,0.001034614324282904
2020-03-09 14:50:00,2900.564638931673,0.0010613400315808799
2020-03-09 14:51:00,2898.5085168817186,0.0010088949394271086
2020-03-09 14:52:00,2902.0288628772073,0.0009981198852057225
2020-03-09 14:53:00,2895.431207996068,0.0009840876028729864
2020-03-09 14:54:00,2894.4028072723277,0.0009783879520888538
2020-03-09 14:55:00,2895.685262810157,0.0009072315192548305
2020-03-09 14:56:00,2896.1608972578833,0.0009190444246811565
2020-03-09 14:57:00,2898.117360982772,0.0009396413139221392
2020-03-09 14:58:00,2897.374778595403,0.0009201677399220519
2020-03-09 14:59:00,2898.359328288498,0.000862321816168559
2020-03-09 15:00:00,2901.847922870795,0.0008897510057252882
2020-03-09 15:01:00,2906.0020822188726,0.0008584602041957871
2020-03-09 15:02:00,2909.0096672023433,0.0008734795563912747
2020-03-09 15:03:00,2906.0051428838797,0.0008117755950497038
2020-03-09 15:04:00,2909.7961998277246,0.000896949883081856
2020-03-09 15:05:00,2909.348547906363,0.0008781322842194438
2020-03-09 15:06:00,2910.2973642378734,0.0008789531142402669
2020-03-09 15:07:00,2909.8369848295083,0.000885751712047829
2020-03-09 15:08:00,2914.142461534445,0.0008840530809801284
2020-03-09 15:09:00,2911.1874122325844,0.0007736338014720229
2020-03-09 15:10:00,2909.7754851216628,0.000802528590558713
2020-03-09 15:11:00,2908.8196460086233,0.0007831649132726288
2020-03-09 15:12:00,2909.83484805349,0.0008089279485243633
2020-03-09 15:13:00,2908.7791379742057,0.0007925993663100536
2020-03-09 15:14:00,2909.086163732202,0.0007969264424138519
2020-03-09 15:15:00,2907.6299775080474,0.0008250750440707903
2020-03-09 15:16:00,2910.189367500306,0.0007852176350323683
2020-03-09 15:17:00,2907.041540536581,0.0007421175329031093
2020-03-09 15:18:00,2903.727755171442,0.0007830539622384926
2020-03-09 15:19:00,2904.3886499474875,0.0007641643457923973
2020-03-09 15:20:00,2902.5151310182387,0.0007214135961880245
2020-03-09 15:21:00,2902.5539125556443,0.0006796566457716718
2020-03-09 15:22:00,2901.7636056744773,0.0007266101799590534
2020-03-09 15:23:00,2900.077809363813,0.000711904753524332
2020-03-09 15:24:00,2900.6924768850813,0.0007209735297263762
2020-03-09 15:25:00,2902.940012493435,0.000763887116155368
2020-03-09 15:26:00,2906.616361915558,0.0008418629714580462
2020-03-09 15:27:00,2903.674449477762,0.000834987367081336
2020-03-09 15:28:00,2906.01850556806,0.0008964289001041175
2020-03-09 15:29:00,2908.799099186466,0.0009224273301959064
2020-03-09 15:30:00,2910.9741089965673,0.0009194560688424837
2020-03-09 15:31:00,2912.6418731121144,0.0009823743203213747
2020-03-09 15:32:00,2914.1042055633898,0.0009440942948923821
2020-03-09 15:33:00,2910.2135464958624,0.0009017953303450797
2020-03-09 15:34:00,2909.3068371853483,0.0007870403365246977
2020-03-09 15:35:00,2910.8618596762294,0.0008280809816890935
2020-03-09 15:36:00,2908.8516912257287,0.0008712170166285422
2020-03-09 15:37:00,2905.5214104683105,0.0008467985618638337
2020-03-09 15:38:00,2909.067511759518,0.0007909182752411257
2020-03-09 15:39:00,2907.8736044856596,0.0007208908688850234
2020-03-09 15:40:00,2904.8850069196847,0.0006907321670057802
2020-03-09 15:41:00,2905.0733926791017,0.0007502820911316043
2020-03-09 15:42:00,2907.2074737797784,0.0007515988197870819
2020-03-09 15:43:00,2907.655321063645,0.0007245391883688217
2020-03-09 15:44:00,2905.755548856264,0.000786746010564149
2020-03-09 15:45:00,2905.2453765975683,0.0008071214929279166
2020-03-09 15:46:00,2903.9701502245293,0.0008360016899326146
2020-03-09 15:47:00,2904.7513072758397,0.0008525098477228509
2020-03-09 15:48:00,2903.015002477808,0.0008072882130131217
2020-03-09 15:49:00,2896.69626108256,0.0008086145932946613
2020-03-09 15:50:00,2898.181144614111,0.000815503598705526
2020-03-09 15:51:00,2898.183141677758,0.0007649500288402952
2020-03-09 15:52:00,2899.6602589549157,0.0008057396467590628
2020-03-09 15:53:00,2903.9877509194334,0.0007795645260317567
2020-03-09 15:54:00,2902.0140110766756,0.0007754669185195341
2020-03-09 15:55:00,2899.279530577112,0.0007445018655936051
2020-03-09 15:56:00,2900.3396762197444,0.0007723305164940457
2020-03-09 15:57:00,2902.226972838878,0.0008251211806740037
2020-03-09 15:58:00,2905.2640070474567,0.0008128936920467105
2020-03-09 15:59:00,2903.9595813745664,0.0007740356825247102
2020-03-09 16:00:00,2898.4138843193286,0.0007685490306533065
2020-03-09 16:01:00,2897.955547617669,0.0007970076870858111
2020-03-09 16:02:00,2898.377014517821,0.0008342787284857099
2020-03-09 16:03:00,2897.9356433479543,0.000881039233218549
2020-03-09 16:04:00,2894.696436412102,0.0008751677085873412
2020-03-09 16:05:00,2895.2597400584364,0.0009016911260449263
2020-03-09 16:06:00,2895.2078811315923,0.0008716537736876437
2020-03-09 16:07:00,2896.3481153068765,0.0008993005218253691
2020-03-09 16:08:00,2896.60119612893,0.0008820608219338657
2020-03-09 16:09:00,2898.444871583578,0.0008467467445985173
2020-03-09 16:10:00,2901.188642726629,0.0007945353936133452
2020-03-09 16:11:00,2899.2339785949607,0.000780117472421711
2020-03-09 16:12:00,2899.3387877689674,0.0008102155817369493
2020-03-09 16:13:00,2900.6955496958967,0.0007631304079743931
2020-03-09 16:14:00,2903.189319075262,0.0007662981081833795
2020-03-09 16:15:00,2903.7029770700055,0.0007594683459707229
2020-03-09 16:16:00,2902.2878265664203,0.0007155191276069122
2020-03-09 16:17:00,2901.9706445684806,0.0007557712267224531
2020-03-09 16:18:00,2902.714250887906,0.000761542144607114
2020-03-09 16:19:00,2904.1131250724598,0.0008129810906575841
2020-03-09 16:20:00,2903.5197257574832,0.0008149649045244695
2020-03-09 16:21:00,2901.1976926292537,0.000810105858747795
2020-03-09 16:22:00,2900.7782107841217,0.0008358543868307519
2020-03-09 16:23:00,2901.4410437976553,0.0008249000560091841
2020-03-09 16:24:00,2905.153611645895,0.0008289104389219027
2020-03-09 16:25:00,2909.957612230721,0.0008108635239525804
2020-03-09 16:26:00,2913.631057819329,0.0007515862512918152
2020-03-09 16:27:00,2911.208061729172,0.0007231406190604514
2020-03-09 16:28:00,2911.8245094107806,0.0007250207497571037
2020-03-09 16:29:00,2911.538948204926,0.0006669545462842514
2020-03-09 16:30:00,2912.023963749063,0.0007007904141622638
2020-03-09 16:31:00,2913.2951318022065,0.000669151636162248
2020-03-09 16:32:00,2908.4476609070734,0.0006186861110552595
2020-03-09 16:33:00,2910.1480995612565,0.0006344618759293426
2020-03-09 16:34:00,2910.5093018678035,0.0006129106375945585
2020-03-09 16:35:00,2911.3906282950047,0.0006315389138497026
2020-03-09 16:36:00,2913.0336161439136,0.00060820318037878
2020-03-09 16:37:00,2913.558439278792,0.0006096166695692587
2020-03-09 16:38:00,2911.471686140791,0.0005827993591199553
2020-03-09 16:39:00,2912.08285566411,0.0006254078517057758
2020-03-09 16:40:00,2909.4587720987292,0.0006322081723824362
2020-03-09 16:41:00,2909.1492362734607,0.0006068613012889479
2020-03-09 16:42:00,2911.141614986708,0.0005701020170111524
2020-03-09 16:43:00,2911.258931359272,0.0005727612059958985
2020-03-09 16:44:00,2909.4145504617995,0.0005815854445536429
2020-03-09 16:45:00,2905.355023155115,0.0005860351972647482
2020-03-09 16:46:00,2905.458123774602,0.0005540344779109543
2020-03-09 16:47:00,2905.843457739067,0.0005311044403445918
2020-03-09 16:48:00,2904.847210813231,0.0005592375453942183
2020-03-09 16:49:00,2902.8171720489095,0.0005791877177308988
2020-03-09 16:50:00,2902.700935158117,0.0005717872936262263
2020-03-09 16:51:00,2902.3195547600453,0.0005475406203487895
2020-03-09 16:52:00,2904.8920930936247,0.0005154142069532833
2020-03-09 16:53:00,2904.363191099213,0.0005014461373410775
2020-03-09 16:54:00,2902.6625414079176,0.0004869206470025781
2020-03-09 16:55:00,2902.395014769477,0.0005000992728094572
2020-03-09 16:56:00,2902.2224954083367,0.0004921190751796649
2020-03-09 16:57:00,2899.4871295257412,0.0004883740486316422
2020-03-09 16:58:00,2900.00111029261,0.000463148928856935
2020-03-09 16:59:00,2901.0314618773245,0.0004621596916706547
2020-03-09 17:00:00,2903.6598556408576,0.00046152614874993693
2020-03-09 17:01:00,2905.131240797844,0.0004529724556994312
2020-03-09 17:02:00,2904.92447075258,0.0004245547812378374
2020-03-09 17:03:00,2903.985105941451,0.00041971502590249475
2020-03-09 17:04:00,2902.5658527236583,0.00041112610144868836
2020-03-09 17:05:00,2904.5607717898456,0.00042203030283001296
2020-03-09 17:06:00,2904.903449825068,0.0003988226264579073
2020-03-09 17:07:00,2904.8985815331,0.0003837195280783952
2020-03-09 17:08:00,2904.7339373026316,0.00039616340494581505
2020-03-09 17:09:00,2904.2271812865292,0.00041247402280825243
2020-03-09 17:10:00,2904.894590338988,0.0004319352135209243
2020-03-09 17:11:00,2903.553978237406,0.00044277792113603344
2020-03-09 17:12:00,2901.7747709436076,0.00043955760909268924
2020-03-09 17:13:00,2899.0205088142843,0.00039930657879717435
2020-03-09 17:14:00,2898.462317920168,0.00042009322964923216
2020-03-09 17:15:00,2897.699196139204,0.0003775486666771955
2020-03-09 17:16:00,2898.3161911483394,0.00038624880842184103
2020-03-09 17:17:00,2897.1551828448864,0.000373861876749873
2020-03-09 17:18:00,2895.320931789351,0.00037927574922523637
2020-03-09 17:19:00,2895.698383414154,0.00037194007738234225
2020-03-09 17:20:00,2894.543953486395,0.0003813851735100306
2020-03-09 17:21:00,2895.0005852746763,0.000389643552597826
2020-03-09 17:22:00,2895.960056538704,0.00038238320159717247
2020-03-09 17:23:00,2897.186474066091,0.0003845138175995728
2020-03-09 17:24:00,2895.0862078813802,0.00039904675520667445
2020-03-09 17:25:00,2894.8738913722714,0.00041724171157893553
2020-03-09 17:26:00,2892.8976538069737,0.0004241825869124358
2020-03-09 17:27:00,2893.6793006593093,0.0004551586682681045
2020-03-09 17:28:00,2894.3207215688262,0.0004528989082083715
2020-03-09 17:29:00,2892.6884630661925,0.0004610255038929547
2020-03-09 17:30:00,2893.6103622744326,0.00045444501947927447
2020-03-09 17:31:00,2892.811334557047,0.0004612287638931501
2020-03-09 17:32:00,2896.3461805893444,0.0004910633320195907
2020-03-09 17:33:00,2897.70729766377,0.0005056712930564593
2020-03-09 17:34:00,2897.495755032659,0.0004693105485142213
2020-03-09 17:35:00,2896.573492604922,0.0005103327829231593
2020-03-09 17:36:00,2898.1523498989077,0.0005139712024801814
2020-03-09 17:37:00,2896.426048636248,0.0005244503757783188
2020-03-09 17:38:00,2897.9226587824396,0.0005155913617930573
2020-03-09 17:39:00,2898.0702206699125,0.000518220778299266
2020-03-09 17:40:00,2896.517860144797,0.0005150401392686056
2020-03-09 17:41:00,2898.5196505059116,0.0004909644559502958
2020-03-09 17:42:00,2896.6476258402995,0.00046422265522331373
2020-03-09 17:43:00,2899.7532053546975,0.0004824692738776435
2020-03-09 17:44:00,2901.8442174311763,0.00046566551646927195
2020-03-09 17:45:00,2901.937820071774,0.0004595146076479455
2020-03-09 17:46:00,2904.971335820802,0.0004772518681138046
2020-03-09 17:47:00,2906.2558972669276,0.00047184226188768356
2020-03-09 17:48:00,2908.2926026288123,0.0004538266843333655
2020-03-09 17:49:00,2910.7141355210615,0.00047946035146583855
2020-03-09 17:50:00,2912.320224175585,0.0004682550763791941
2020-03-09 17:51:00,2911.184675352949,0.0005047526346565925
2020-03-09 17:52:00,2913.333574951536,0.0005238324783985709
2020-03-09 17:53:00,2914.140331094823,0.0005250211430723959
2020-03-09 17:54:00,2913.9579140423125,0.0005440454576749143
2020-03-09 17:55:00,2912.486852994344,0.0005161079031991666
2020-03-09 17:56:00,2913.1551605496534,0.0005369967730698175
2020-03-09 17:57:00,2911.742392234663,0.0005224125038912012
2020-03-09 17:58:00,2912.5152245518375,0.0005271290927771017
2020-03-09 17:59:00,2913.560220096141,0.0005315969026175654
2020-03-09 18:00:00,2912.63483555055,0.0005263936447548336
2020-03-09 18:01:00,2912.600946378495,0.000505502277588251
2020-03-09 18:02:00,2912.6894311736705,0.0005053414174436405
2020-03-09 18:03:00,2910.9764285838564,0.0005164316132250155
2020-03-09 18:04:00,2910.5409351140293,0.000491101756143206
2020-03-09 18:05:00,2912.9212806509913,0.0005049631290091924
2020-03-09 18:06:00,2911.4117789264205,0.0005055904594032288
2020-03-09 18:07:00,2910.497398440021,0.0005310818397469899
2020-03-09 18:08:00,2910.773342980503,0.0004990166090496198
2020-03-09 18:09:00,2911.3581217380442,0.0004903462480234928
2020-03-09 18:10:00,2911.4755317738077,0.0004680485625396503
2020-03-09 18:11:00,2913.235772884614,0.0004283713280847509
2020-03-09 18:12:00,2913.157364309491,0.00042927888197977313
2020-03-09 18:13:00,2915.841084111779,0.00044222989545505845
2020-03-09 18:14:00,2916.0489022482275,0.00041829728323850306
2020-03-09 18:15:00,2918.25320209785,0.0004383107838175788
2020-03-09 18:16:00,2917.9415318018914,0.0004303394815969432
2020-03-09 18:17:00,2917.7393395405766,0.0004117866861084766
2020-03-09 18:18:00,2917.1606482521615,0.0004092831704600374
2020-03-09 18:19:00,2918.0677451157967,0.00041375014525281195
2020-03-09 18:20:00,2919.8122946337967,0.0003963639662916467
2020-03-09 18:21:00,2919.8087690579423,0.00040277315448549524
2020-03-09 18:22:00,2919.829481666517,0.00041882654019652485
2020-03-09 18:23:00,2918.496462989534,0.00040305779156426586
2020-03-09 18:24:00,2916.601002590733,0.00042207158672186265
2020-03-09 18:25:00,2915.1511892813346,0.00047441702175737773
2020-03-09 18:26:00,2913.646394436386,0.0005026613259783457
2020-03-09 18:27:00,2914.483414149861,0.0005055118890684132
2020-03-09 18:28:00,2913.292241444684,0.0004918494897798941
2020-03-09 18:29:00,2912.483106680583,0.0005147322743592552
2020-03-09 18:30:00,2912.741305100087,0.000569411209080222
2020-03-09 18:31:00,2912.368379172776,0.0005761178340278251
2020-03-09 18:32:00,2913.3664980282997,0.0006183712916754906
2020-03-09 18:33:00,2914.4906715290263,0.0006077476724406954
2020-03-09 18:34:00,2914.6722097363527,0.0006280157356635208
2020-03-09 18:35:00,2911.9377484170104,0.0006487522743866764
2020-03-09 18:36:00,2914.501332741739,0.0006031452844538348
2020-03-09 18:37:00,2915.3062840356715,0.0005864715821064697
2020-03-09 18:38:00,2919.8193551487248,0.0005890240141752041
2020-03-09 18:39:00,2919.2372640590124,0.0006381380572294287
2020-03-09 18:40:00,2919.7733780670173,0.0006269215469900821
2020-03-09 18:41:00,2919.131773175698,0.0005987645860682512
2020-03-09 18:42:00,2916.727496125304,0.0006425336523881834
2020-03-09 18:43:00,2918.287454116215,0.0006643516943823012
2020-03-09 18:44:00,2917.9878875330674,0.0006690485141254474
2020-03-09 18:45:00,2918.125833638907,0.0006809344807989159
2020-03-09 18:46:00,2914.5718629589906,0.0006926335222939186
2020-03-09 18:47:00,2914.5357468480124,0.0006919815723756595
2020-03-09 18:48:00,2915.242034579681,0.0007086400024406132
2020-03-09 18:49:00,2915.5818145642193,0.0007229439780208325
2020-03-09 18:50:00,2918.0138340583258,0.0007986753722764836
2020-03-09 18:51:00,2917.2285366863302,0.000757000816558344
2020-03-09 18:52:00,2920.223879257851,0.0007093658487253451
2020-03-09 18:53:00,2921.9972802477346,0.0007325396567213836
2020-03-09 18:54:00,2921.7782908129698,0.0007225525396394213
2020-03-09 18:55:00,2921.211231139972,0.0007234594179501094
2020-03-09 18:56:00,2919.2417508431313,0.0007865412655934451
2020-03-09 18:57:00,2921.772527522015,0.0007739196851252756
2020-03-09 18:58:00,2919.617311173704,0.0008530781276723698
2020-03-09 18:59:00,2922.619796082308,0.0008839955659680584
2020-03-09 19:00:00,2922.897506890116,0.0008838018604213006
2020-03-09 19:01:00,2926.1045917574766,0.000850595500087583
2020-03-09 19:02:00,2922.86832039564,0.000842435780809859
2020-03-09 19:03:00,2923.511795812547,0.0008870379072484269
2020-03-09 19:04:00,2924.0936240921974,0.0008527791442734027
2020-03-09 19:05:00,2924.4585184047737,0.0008858454982452423
2020-03-09 19:06:00,2926.8724525363778,0.0009490686903723184
2020-03-09 19:07:00,2926.203161541249,0.0008912032632082011
2020-03-09 19:08:00,2923.5179481435002,0.0008834061889982073
2020-03-09 19:09:00,2925.0471231662314,0.0008731085318440463
2020-03-09 19:10:00,2922.8620088223133,0.0008885561643183379
2020-03-09 19:11:00,2919.0018087367826,0.0009133231167814167
2020-03-09 19:12:00,2916.8011897149713,0.0008478992462387908
2020-03-09 19:13:00,2915.2681774689977,0.000851774956453429
2020-03-09 19:14:00,2913.966515725771,0.0008717752305103214
2020-03-09 19:15:00,2917.3753024194434,0.0008422368157094141
2020-03-09 19:16:00,2918.2943563410013,0.0008178804673354322
2020-03-09 19:17:00,2920.6513047560975,0.0008751084523898252
2020-03-09 19:18:00,2918.5020228670564,0.0008618937633686321
2020-03-09 19:19:00,2919.4726826561123,0.0008407488915820171
2020-03-09 19:20:00,2923.643466222613,0.0008137001252323507
2020-03-09 19:21:00,2923.7561903209494,0.0008309125057150717
2020-03-09 19:22:00,2923.223894116532,0.0008029911103927304
2020-03-09 19:23:00,2919.737370778999,0.0008013211269442562
2020-03-09 19:24:00,2919.1630166732843,0.0007952736423983251
2020-03-09 19:25:00,2922.2792299483494,0.0007164740100447051
2020-03-09 19:26:00,2921.637154357962,0.0007199143175152492
2020-03-09 19:27:00,2921.501182813052,0.0007170044510368066
2020-03-09 19:28:00,2921.9860608990916,0.0006535626562528004
2020-03-09 19:29:00,2923.825170141936,0.0006854873180154498
2020-03-09 19:30:00,2926.0450923371277,0.0006856252748034014
2020-03-09 19:31:00,2923.6544947436955,0.0006624858006696968
2020-03-09 19:32:00,2925.477083832108,0.0006935916903807811
2020-03-09 19:33:00,2923.9955780997343,0.0006900396626080446
2020-03-09 19:34:00,2928.4898943131966,0.0007364014872989556
2020-03-09 19:35:00,2925.850589696297,0.0007195781206982879
2020-03-09 19:36:00,2925.934033517915,0.00069224560688901
2020-03-09 19:37:00,2926.6472702347874,0.0006153762423281788
2020-03-09 19:38:00,2925.3559988963143,0.0006255971924697773
2020-03-09 19:39:00,2925.2096864822124,0.0006288610028697071
2020-03-09 19:40:00,2920.899988941855,0.0006659509768931151
2020-03-09 19:41:00,2920.8552594379007,0.0006839187109727352
2020-03-09 19:42:00,2920.222816282508,0.0006827523751933338
2020-03-09 19:43:00,2920.81903496718,0.000668037574276628
2020-03-09 19:44:00,2924.659078195742,0.0006826409348387472
2020-03-09 19:45:00,2925.1009097016045,0.0006954887914645664
2020-03-09 19:46:00,2925.350163293296,0.0007225726837553332
2020-03-09 19:47:00,2927.205296560479,0.0007631580072861598
2020-03-09 19:48:00,2922.144816393014,0.0007695055533540939
2020-03-09 19:49:00,2918.117227182402,0.0007846209307670568
2020-03-09 19:50:00,2917.624473553181,0.0007906019820716291
2020-03-09 19:51:00,2917.0102609215846,0.0008547230435663693
2020-03-09 19:52:00,2912.4182828128887,0.0008453424127875731
2020-03-09 19:53:00,2914.108608464565,0.0008015871932584857
2020-03-09 19:54:00,2912.736112518622,0.0007894558178274766
2020-03-09 19:55:00,2912.3151728049456,0.0007402174435835241
2020-03-09 19:56:00,2913.254687623669,0.0007387783855652814
2020-03-09 19:57:00,2916.5456767522787,0.0007012339891103728
2020-03-09 19:58:00,2918.582892335192,0.0006501938500272742
2020-03-09 19:59:00,2917.354497716486,0.0006418684846207074
2020-03-10 13:30:00,2909.249570721824,0.0006539645234237083
2020-03-10 13:31:00,2911.1322451690653,0.0006262444147401133
2020-03-10 13:32:00,2912.4496778834123,0.0006426934943402693
2020-03-10 13:33:00,2911.6186498611537,0.0006482817274483071
2020-03-10 13:34:00,2914.675092596301,0.000643651958083316
2020-03-10 13:35:00,2913.575515497281,0.0006192088922718009
2020-03-10 13:36:00,2915.1831467816537,0.0006155442692644673
2020-03-10 13:37:00,2913.561303481936,0.0006156162961765246
2020-03-10 13:38:00,2908.5568295995986,0.0006486052750416168
2020-03-10 13:39:00,2908.8530868867692,0.0006489538298862101
2020-03-10 13:40:00,2909.7152699163134,0.0006362345502553788
2020-03-10 13:41:00,2912.6824346906546,0.0006533548567813348
2020-03-10 13:42:00,2909.5876090809775,0.0006788153707170701
2020-03-10 13:43:00,2914.961931106934,0.0006951308706528784
2020-03-10 13:44:00,2915.03915868667,0.0006699396199944011
2020-03-10 13:45:00,2912.5244644049353,0.0007044084500175446
2020-03-10 13:46:00,2910.704428570365,0.0007289721122299503
2020-03-10 13:47:00,2913.0569871330863,0.0007400229199298114
2020-03-10 13:48:00,2910.849345741084,0.0007023468715300685
2020-03-10 13:49:00,2909.0192324755562,0.0006451884939557407
2020-03-10 13:50:00,2907.4537752858446,0.000707725164137075
2020-03-10 13:51:00,2908.104507015738,0.0007430115918232732
2020-03-10 13:52:00,2909.4683668520415,0.0007550338269376059
2020-03-10 13:53:00,2910.422224002841,0.0008043941842375041
2020-03-10 13:54:00,2909.992042530756,0.0008154565568827611
2020-03-10 13:55:00,2912.426995264411,0.0008250420802938353
2020-03-10 13:56:00,2916.694964001428,0.0008231787010995036
2020-03-10 13:57:00,2917.230606719329,0.0008198806450635406
2020-03-10 13:58:00,2918.864355177282,0.0008909067056961045
2020-03-10 13:59:00,2922.8475095456815,0.0009663416055291173
2020-03-10 14:00:00,2925.9456081004028,0.0010337698477193003
2020-03-10 14:01:00,2926.706168546278,0.0010536638992845015
2020-03-10 14:02:00,2927.5381521133063,0.0010422230985447796
2020-03-10 14:03:00,2927.839029848189,0.001005916430366251
2020-03-10 14:04:00,2925.4105571869873,0.0010310018116241552
2020-03-10 14:05:00,2923.7473000842165,0.0009986886787667305
2020-03-10 14:06:00,2923.9995040768904,0.0010415691233037826
2020-03-10 14:07:00,2926.1045785961487,0.0010201569265040696
2020-03-10 14:08:00,2924.191873733897,0.0009713149717120944
2020-03-10 14:09:00,2922.7868271719108,0.0009613741077853529
2020-03-10 14:10:00,2921.9991032463977,0.0009741781675784407
2020-03-10 14:11:00,2924.4946267204214,0.000911740624840675
2020-03-10 14:12:00,2926.99668141709,0.0008443487636282537
2020-03-10 14:13:00,2924.065675199318,0.0008257509199506872
2020-03-10 14:14:00,2923.031461124162,0.0007642000043330997
2020-03-10 14:15:00,2924.3292906710462,0.0007750931794707356
2020-03-10 14:16:00,2921.2342846133324,0.0007266413888231941
2020-03-10 14:17:00,2920.063634653818,0.0007070089813054505
2020-03-10 14:18:00,2919.7724574424215,0.0006922906236602148
2020-03-10 14:19:00,2919.53995067611,0.0007001344006570317
2020-03-10 14:20:00,2922.686646160946,0.0006850521152478163
2020-03-10 14:21:00,2922.954857603871,0.0006596370959285011
2020-03-10 14:22:00,2921.7570881506826,0.0006983344541271156
2020-03-10 14:23:00,2920.9502746800918,0.0007215191121440869
2020-03-10 14:24:00,2921.6131764083952,0.000709106970776236
2020-03-10 14:25:00,2924.8350216332333,0.0006848577236019887
2020-03-10 14:26:00,2925.431528867367,0.0007160363448380681
2020-03-10 14:27:00,2921.7387068793587,0.0006849986857240531
2020-03-10 14:28:00,2921.1519935806036,0.0006799288028012377
2020-03-10 14:29:00,2920.7310573057107,0.0006502442652157952
2020-03-10 14:30:00,2919.7154092038263,0.0006800367590240583
2020-03-10 14:31:00,2916.5248355307367,0.0007035629915494149
2020-03-10 14:32:00,2921.373816768454,0.0006609188135531143
2020-03-10 14:33:00,2923.0442961019,0.0006830483715461346
2020-03-10 14:34:00,2921.71430999997,0.0006355653592200333
2020-03-10 14:35:00,2918.415026897305,0.0006349930287984753
2020-03-10 14:36:00,2918.3769486357082,0.0006236593819011523
2020-03-10 14:37:00,2915.771595510316,0.0006280058060982459
2020-03-10 14:38:00,2915.692598406957,0.0006346576415464501
2020-03-10 14:39:00,2917.1553618708735,0.0006055427018959282
2020-03-10 14:40:00,2919.341961329381,0.000608500755557286
2020-03-10 14:41:00,2919.7311085899705,0.0005976773763342589
2020-03-10 14:42:00,2916.856703198599,0.0005870066860042286
2020-03-10 14:43:00,2917.118987205034,0.0005720140887959233
2020-03-10 14:44:00,2915.7589896957174,0.0006177483733419346
2020-03-10 14:45:00,2915.517650205245,0.0006068867942124236
2020-03-10 14:46:00,2917.143193552635,0.0006570441125317203
2020-03-10 14:47:00,2917.3688583830335,0.000672223794519345
2020-03-10 14:48:00,2918.817845560156,0.0006650522170345571
2020-03-10 14:49:00,2919.3382360842616,0.0006411062402024675
2020-03-10 14:50:00,2917.466118780852,0.0006267740691096657
2020-03-10 14:51:00,2917.8393512293865,0.0006081675680835265
2020-03-10 14:52:00,2920.697012619303,0.0006373205967011264
2020-03-10 14:53:00,2919.850969272598,0.0007018684268207834
2020-03-10 14:54:00,2920.342152817167,0.0006763848910723762
2020-03-10 14:55:00,2915.441823476414,0.0006823066245058172
2020-03-10 14:56:00,2917.9492058933843,0.0006624439153508738
2020-03-10 14:57:00,2915.4001295134876,0.000687164014174904
2020-03-10 14:58:00,2912.9515768159995,0.0007181861076523325
2020-03-10 14:59:00,2914.1606973234016,0.0006142131323290451
2020-03-10 15:00:00,2915.5776494793126,0.0006510146255066267
2020-03-10 15:01:00,2919.177000585124,0.0006412451551546719
2020-03-10 15:02:00,2918.700146451787,0.0006349242517855027
2020-03-10 15:03:00,2921.243955198095,0.0006253066374540089
2020-03-10 15:04:00,2924.2631918248944,0.0005579632769263226
2020-03-10 15:05:00,2921.2121600134938,0.0005545511953479177
2020-03-10 15:06:00,2919.508430662467,0.0006051100802688767
2020-03-10 15:07:00,2919.143956679298,0.0006531642305164961
2020-03-10 15:08:00,2918.936741684479,0.0006342370293263014
2020-03-10 15:09:00,2920.2225839645857,0.0006361219264872705
2020-03-10 15:10:00,2921.3059752335407,0.0005753043457817149
2020-03-10 15:11:00,2918.955866889966,0.0005672524756117526
2020-03-10 15:12:00,2918.1481202950836,0.0005701157403394709
2020-03-10 15:13:00,2918.8491811928197,0.0005836822581350737
2020-03-10 15:14:00,2919.9237542023493,0.0005664151767399018
2020-03-10 15:15:00,2918.9991714125154,0.0005689058315539237
2020-03-10 15:16:00,2916.6587996008675,0.0005638579544321515
2020-03-10 15:17:00,2916.274540202101,0.0005875583192314072
2020-03-10 15:18:00,2919.259431698268,0.000573998268474207
2020-03-10 15:19:00,2920.052400479498,0.0005544780614800871
2020-03-10 15:20:00,2921.2709923927864,0.0005436523173062517
2020-03-10 15:21:00,2921.425091680117,0.0005447688792949074
2020-03-10 15:22:00,2921.9255678398044,0.0005396968373850217
2020-03-10 15:23:00,2922.8606262929807,0.0005240923507224641
2020-03-10 15:24:00,2923.43327001515,0.0005395578237500142
2020-03-10 15:25:00,2925.4735251334246,0.0005514925163807973
2020-03-10 15:26:00,2925.4993852722723,0.0005675640333339557
2020-03-10 15:27:00,2926.4213489970166,0.0006247902804339878
2020-03-10 15:28:00,2924.593904885558,0.0006126064720286866
2020-03-10 15:29:00,2924.400908254051,0.0006205927640274196
2020-03-10 15:30:00,2923.199384311002,0.0006540867842305162
2020-03-10 15:31:00,2923.887226966377,0.0006752636947013754
2020-03-10 15:32:00,2920.649913075189,0.0006969831829286787
2020-03-10 15:33:00,2920.650555473226,0.0007436208764424928
2020-03-10 15:34:00,2918.6087253384458,0.0007351193063094542
2020-03-10 15:35:00,2919.866439482369,0.0007416732303017716
2020-03-10 15:36:00,2920.6277745041893,0.0007208686182150114
2020-03-10 15:37:00,2922.5964948071164,0.0007128577121301531
2020-03-10 15:38:00,2920.9024029244047,0.0006981354144424329
2020-03-10 15:39:00,2922.601922264398,0.0006716157294786305
2020-03-10 15:40:00,2924.9586558879864,0.0006236278991408849
2020-03-10 15:41:00,2925.844727175368,0.000677815203262259
2020-03-10 15:42:00,2924.722990979705,0.0006644383429064766
2020-03-10 15:43:00,2925.777543022476,0.0006432869217627474
2020-03-10 15:44:00,2926.3162648062394,0.000620570888858209
2020-03-10 15:45:00,2927.2722221393615,0.0006385645377024481
2020-03-10 15:46:00,2925.78147306129,0.0006360074399848598
2020-03-10 15:47:00,2924.3084658430084,0.0006361435374499736
2020-03-10 15:48:00,2921.640015619816,0.0005921175733623924
2020-03-10 15:49:00,2921.0600477401354,0.0006007177937700314
2020-03-10 15:50:00,2922.1706261198133,0.0005762885905800231
2020-03-10 15:51:00,2920.547704981728,0.0005739820842300587
2020-03-10 15:52:00,2919.685991527702,0.0006052068797222261
2020-03-10 15:53:00,2919.85016701448,0.0006435101521147537
2020-03-10 15:54:00,2917.817061091726,0.0006917386930967646
2020-03-10 15:55:00,2917.3097988105737,0.000703043437235838
2020-03-10 15:56:00,2920.535238270504,0.0006723694716440253
2020-03-10 15:57:00,2920.591937806101,0.0006534469232938334
2020-03-10 15:58:00,2922.3800962539212,0.000668311464897027
2020-03-10 15:59:00,2923.817047511,0.0006874687519597049
2020-03-10 16:00:00,2924.8385388016172,0.0006438822080331948
2020-03-10 16:01:00,2928.189347082446,0.0006650061091129882
2020-03-10 16:02:00,2927.675598232099,0.0006742920016392267
2020-03-10 16:03:00,2929.800541972996,0.0007083026639828594
2020-03-10 16:04:00,2926.0505761797967,0.000704987318888222
2020-03-10 16:05:00,2927.044757641381,0.0006506837853899358
2020-03-10 16:06:00,2930.376787713467,0.0006507959832001623
2020-03-10 16:07:00,2932.4676200711524,0.0006403067645563724
2020-03-10 16:08:00,2930.987784779953,0.0006254093063179934
2020-03-10 16:09:00,2932.622316239532,0.0006081737486657054
2020-03-10 16:10:00,2934.921913154242,0.0005906513034938511
2020-03-10 16:11:00,2932.969113033124,0.0005617676723123885
2020-03-10 16:12:00,2931.513347213519,0.0005777146313068767
2020-03-10 16:13:00,2933.442579507411,0.0005634688564293481
2020-03-10 16:14:00,2931.2519452527654,0.0005610845778865884
2020-03-10 16:15:00,2934.596984175124,0.00061517998576226
2020-03-10 16:16:00,2935.240268693887,0.0005808570808399152
2020-03-10 16:17:00,2934.2779295110686,0.0006050936284182166
2020-03-10 16:18:00,2934.6079317749827,0.0006241182370074216
2020-03-10 16:19:00,2933.6827950471315,0.0005786590357036582
2020-03-10 16:20:00,2928.9455599531993,0.0005910053626634839
2020-03-10 16:21:00,2929.983722648235,0.0005715113503530738
2020-03-10 16:22:00,2929.2154866046158,0.0005331534008752058
2020-03-10 16:23:00,2927.585839210642,0.0005613740055872129
2020-03-10 16:24:00,2926.5520446295995,0.0005713205186315156
2020-03-10 16:25:00,2923.968872211304,0.0005758241799980321
2020-03-10 16:26:00,2922.898409047157,0.0005754413050927673
2020-03-10 16:27:00,2926.09005010938,0.0005654620663768034
2020-03-10 16:28:00,2927.7690489064967,0.0005362859376843274
2020-03-10 16:29:00,2929.0363408933063,0.0005438278207658721
2020-03-10 16:30:00,2928.0223396393276,0.0005751312381220498
2020-03-10 16:31:00,2926.8927134401983,0.0005701504712274538
2020-03-10 16:32:00,2926.3842853137435,0.000581397511033416
2020-03-10 16:33:00,2927.256751321399,0.0005436603469913577
2020-03-10 16:34:00,2926.7879639372118,0.000557320365535719
2020-03-10 16:35:00,2927.6425112351167,0.0005377816180962488
2020-03-10 16:36:00,2926.0133430848937,0.000521412450878297
2020-03-10 16:37:00,2923.3807012655584,0.0005380677085057105
2020-03-10 16:38:00,2924.331848787126,0.0005650514195211409
2020-03-10 16:39:00,2924.429352969214,0.0005633249811977726
2020-03-10 16:40:00,2924.951456292707,0.000551553275433997
2020-03-10 16:41:00,2924.6386509621566,0.0005652621636103394
2020-03-10 16:42:00,2926.0263863698165,0.000618887112326339
2020-03-10 16:43:00,2925.5162472182005,0.00061566530801513
2020-03-10 16:44:00,2926.3743639438285,0.0005974168728534652
2020-03-10 16:45:00,2927.725330361285,0.0006022710756743512
2020-03-10 16:46:00,2930.802981277013,0.0005944965094967559
2020-03-10 16:47:00,2932.024659043411,0.0006323040053492615
2020-03-10 16:48:00,2930.659983785345,0.0006086214582245872
2020-03-10 16:49:00,2930.610358411875,0.0006454327296182248
2020-03-10 16:50:00,2932.5641552643992,0.0006629715973151802
2020-03-10 16:51:00,2933.263678960208,0.0006555640706962828
2020-03-10 16:52:00,2932.315152983771,0.0006487310673124117
2020-03-10 16:53:00,2929.6797867701457,0.0006599647130692849
2020-03-10 16:54:00,2929.329226732376,0.0006877883809456965
2020-03-10 16:55:00,2930.251557427291,0.0006201201986713743
2020-03-10 16:56:00,2930.072796809673,0.0006351746679545816
2020-03-10 16:57:00,2932.5040203778267,0.0006595667752861276
2020-03-10 16:58:00,2933.1088337227015,0.000653634463419488
2020-03-10 16:59:00,2930.6138714166714,0.0006611291766311254
2020-03-10 17:00:00,2930.4475068380707,0.0006707209281372791
2020-03-10 17:01:00,2928.4372903454428,0.0006710693034125181
2020-03-10 17:02:00,2926.5142377985726,0.0006608054243548277
2020-03-10 17:03:00,2924.552437952952,0.0007146610875197499
2020-03-10 17:04:00,2919.3436925363,0.0007406918913041271
2020-03-10 17:05:00,2919.367156964293,0.0007408160370391462
2020-03-10 17:06:00,2917.515164307142,0.0007202978865927283
2020-03-10 17:07:00,2914.21257149625,0.0006824065944814728
2020-03-10 17:08:00,2911.050595697847,0.0006293325082776058
2020-03-10 17:09:00,2912.0482790613205,0.0006346922066722493
2020-03-10 17:10:00,2912.7721385725836,0.0005853592500626645
2020-03-10 17:11:00,2915.061908321615,0.0005822094647355345
2020-03-10 17:12:00,2918.1369554531784,0.0006001295385027217
2020-03-10 17:13:00,2916.9407032811114,0.0006452422081023861
2020-03-10 17:14:00,2917.194578557493,0.0006507463642005563
2020-03-10 17:15:00,2919.6552021368398,0.000680761118607626
2020-03-10 17:16:00,2917.7399772198155,0.0007191830012610428
2020-03-10 17:17:00,2917.08347324669,0.0007806874924075727
2020-03-10 17:18:00,2914.473347668677,0.000787106266940906
2020-03-10 17:19:00,2919.801074820383,0.0007668089705531156
2020-03-10 17:20:00,2919.6968751809263,0.000762614322632904
2020-03-10 17:21:00,2921.053073420486,0.0007087026432229343
2020-03-10 17:22:00,2918.321834635974,0.0007658158362353002
2020-03-10 17:23:00,2918.5170217157365,0.000741940149670946
2020-03-10 17:24:00,2915.9384822859547,0.0007235744844025358
2020-03-10 17:25:00,2917.299668140882,0.0006818411513634869
2020-03-10 17:26:00,2917.731551290929,0.0007106698616610087
2020-03-10 17:27:00,2918.8420638770144,0.0007536769730953364
2020-03-10 17:28:00,2920.3643342378755,0.0007640614773733661
2020-03-10 17:29:00,2915.1944990774573,0.0007524142772533778
2020-03-10 17:30:00,2920.40019177099,0.0007225596504398796
2020-03-10 17:31:00,2923.9766333372672,0.0007631204517853383
2020-03-10 17:32:00,2921.642311153437,0.0007377826793483516
2020-03-10 17:33:00,2921.4750940977733,0.0007662061582649254
2020-03-10 17:34:00,2922.5929335615215,0.0007739323589843818
2020-03-10 17:35:00,2924.7110164524956,0.0007552218317483805
2020-03-10 17:36:00,2924.261445010374,0.0007518711838913405
2020-03-10 17:37:00,2926.3922207917412,0.0007467784276005268
2020-03-10 17:38:00,2924.576909648126,0.0007814663594131084
2020-03-10 17:39:00,2926.7075369477725,0.000829967591945452
2020-03-10 17:40:00,2927.0052515253287,0.0008652115678405972
2020-03-10 17:41:00,2923.1362277640537,0.0009022047684175039
2020-03-10 17:42:00,2919.565132436031,0.000920970586494303
2020-03-10 17:43:00,2923.431702540105,0.0009218217226607123
2020-03-10 17:44:00,2926.53497060933,0.0009029156572979909
2020-03-10 17:45:00,2924.6844424556466,0.0008665809780711962
2020-03-10 17:46:00,2925.9350080365016,0.0008627944130572047
2020-03-10 17:47:00,2926.608690562353,0.0008027137072612668
2020-03-10 17:48:00,2925.0412159388234,0.0007923443350607924
2020-03-10 17:49:00,2927.7928255900924,0.0008186846124142616
2020-03-10 17:50:00,2923.9397313404647,0.0007904938486763871
2020-03-10 17:51:00,2922.7732726691793,0.0007899171033603194
2020-03-10 17:52:00,2920.50501730304,0.0008102037892895566
2020-03-10 17:53:00,2921.914936263377,0.0008434725407771561
2020-03-10 17:54:00,2920.800985995883,0.000877845925640486
2020-03-10 17:55:00,2919.3141754365097,0.0008876793870740957
2020-03-10 17:56:00,2919.4050354679293,0.0008256371183711156
2020-03-10 17:57:00,2918.2614466508808,0.00081733226430768
2020-03-10 17:58:00,2916.84565432569,0.000779295599148598
2020-03-10 17:59:00,2915.296371726494,0.0008194105695297519
2020-03-10 18:00:00,2908.789646847077,0.0008514057065765948
2020-03-10 18:01:00,2908.617176908234,0.0008276962879408575
2020-03-10 18:02:00,2906.3426306271203,0.0008830484792305103
2020-03-10 18:03:00,2910.5968833230577,0.0009280394188823513
2020-03-10 18:04:00,2903.88256477929,0.0008582997351119123
2020-03-10 18:05:00,2902.367884770806,0.0008487931294367881
2020-03-10 18:06:00,2901.605421428627,0.0008714015180754264
2020-03-10 18:07:00,2904.0422701469106,0.0009226266180088591
2020-03-10 18:08:00,2904.5081665552334,0.0009832615961618324
2020-03-10 18:09:00,2896.7645293047094,0.0009730265996055082
2020-03-10 18:10:00,2896.6454098762133,0.0008816874234716068
2020-03-10 18:11:00,2898.173540296527,0.0008687199512115349
2020-03-10 18:12:00,2896.8187000430353,0.0008914600501274118
2020-03-10 18:13:00,2898.7099898249257,0.000875590076173227
2020-03-10 18:14:00,2898.5099407893467,0.0008264865913788288
2020-03-10 18:15:00,2895.644932465473,0.000863492676712434
2020-03-10 18:16:00,2895.785575674465,0.0009217767437526542
2020-03-10 18:17:00,2898.4930583320643,0.0009468022805131205
2020-03-10 18:18:00,2901.3427881121215,0.000926813283963791
2020-03-10 18:19:00,2899.9676971001318,0.0009389007711220716
2020-03-10 18:20:00,2904.9222415363724,0.0009888134275899707
2020-03-10 18:21:00,2906.7499062356924,0.0009864219262515276
2020-03-10 18:22:00,2901.1199138920592,0.0010084655757997137
2020-03-10 18:23:00,2901.717443650523,0.0010167684297252304
2020-03-10 18:24:00,2905.192431988472,0.001083159776311978
2020-03-10 18:25:00,2908.9152795135874,0.0011419883193153598
2020-03-10 18:26:00,2906.1586997910126,0.0011447777401668265
2020-03-10 18:27:00,2907.538665502373,0.0011014319723491501
2020-03-10 18:28:00,2901.758509691651,0.0011069310379529997
2020-03-10 18:29:00,2895.890629124866,0.0010586393323735565
2020-03-10 18:30:00,2895.390943045694,0.0010668628181842194
2020-03-10 18:31:00,2898.0198452011646,0.0009718450492705058
2020-03-10 18:32:00,2900.0849280774464,0.0009782156314244086
2020-03-10 18:33:00,2898.827979944958,0.0009024334783241327
2020-03-10 18:34:00,2899.0150893291448,0.0008950209188669805
2020-03-10 18:35:00,2893.196943293036,0.0009424797885241142
2020-03-10 18:36:00,2895.6711208606607,0.0009659992184779245
2020-03-10 18:37:00,2894.942338064081,0.0010890798251895373
2020-03-10 18:38:00,2895.7500423444485,0.001144114136789571
2020-03-10 18:39:00,2896.191805805239,0.0010717032449650292
2020-03-10 18:40:00,2889.8523844450665,0.0010805216612551974
2020-03-10 18:41:00,2891.995303042206,0.0011481909055915045
2020-03-10 18:42:00,2890.855029474123,0.0011043237314179977
2020-03-10 18:43:00,2888.6896035260866,0.0011419963762620982
2020-03-10 18:44:00,2891.207235991611,0.001092685130741731
2020-03-10 18:45:00,2895.768718883371,0.0010384253521459334
2020-03-10 18:46:00,2894.0037936432127,0.0009828440923089154
2020-03-10 18:47:00,2892.1488193076325,0.0009737326606534847
2020-03-10 18:48:00,2891.798882601892,0.0010020989286436924
2020-03-10 18:49:00,2894.357424752382,0.0010527219885858698
2020-03-10 18:50:00,2894.6305879003003,0.0010547411062779251
2020-03-10 18:51:00,2890.234141784419,0.0010253720520261578
2020-03-10 18:52:00,2892.6713807227065,0.0010745757936320266
2020-03-10 18:53:00,2888.9357550106233,0.0010111994909187837
2020-03-10 18:54:00,2890.267137758077,0.0009757347391003792
2020-03-10 18:55:00,2891.481249024324,0.0010450318848067976
2020-03-10 18:56:00,2890.094773812474,0.0010774705754121906
2020-03-10 18:57:00,2893.074478315567,0.0010655677040847618
2020-03-10 18:58:00,2891.98368315029,0.0011145356014903897
2020-03-10 18:59:00,2883.574754539927,0.0012327857827446297
2020-03-10 19:00:00,2887.546599362283,0.0012204006926237933
2020-03-10 19:01:00,2886.727898440526,0.0012048557573236232
2020-03-10 19:02:00,2887.0000361993775,0.0011441080643633807
2020-03-10 19:03:00,2886.4750808649055,0.0011009931793792447
2020-03-10 19:04:00,2891.539641523235,0.001090212787011508
2020-03-10 19:05:00,2895.5232838049283,0.0010942511433595893
2020-03-10 19:06:00,2898.5319760927578,0.0010841642856012897
2020-03-10 19:07:00,2907.69685116906,0.0010989403079441087
2020-03-10 19:08:00,2906.573211558879,0.0010552417579610775
2020-03-10 19:09:00,2905.4425716109554,0.001027087438815948
2020-03-10 19:10:00,2902.6924131789774,0.0009867343320536352
2020-03-10 19:11:00,2898.5003605638117,0.0009257874951746683
2020-03-10 19:12:00,2895.748797194949,0.0009461793911542925
2020-03-10 19:13:00,2897.16236513714,0.0009295710183066354
2020-03-10 19:14:00,2895.5735184881364,0.0008908032311829647
2020-03-10 19:15:00,2894.265103348914,0.0008340017923343525
2020-03-10 19:16:00,2896.3451708860143,0.0008246691729400473
2020-03-10 19:17:00,2901.7525197385403,0.0008411772216442792
2020-03-10 19:18:00,2901.948756831473,0.0008785516226932931
2020-03-10 19:19:00,2904.5704542865496,0.0008085901128797095
2020-03-10 19:20:00,2905.769851331258,0.0007604764645139546
2020-03-10 19:21:00,2904.5971431754515,0.0007372285397023586
2020-03-10 19:22:00,2903.65721488268,0.0007309059247713129
2020-03-10 19:23:00,2902.2395261762426,0.0006917438020156744
2020-03-10 19:24:00,2897.96936930438,0.0006339469092964936
2020-03-10 19:25:00,2901.713618508294,0.0006025697894927347
2020-03-10 19:26:00,2903.2184593138577,0.0006075578493203324
2020-03-10 19:27:00,2901.8995287615357,0.0005812791812750108
2020-03-10 19:28:00,2901.5321344414033,0.0005448606178268693
2020-03-10 19:29:00,2899.8143022424583,0.00053183708519213
2020-03-10 19:30:00,2901.0677255664077,0.0005807081317193698
2020-03-10 19:31:00,2901.6650241087955,0.0005900435401776077
2020-03-10 19:32:00,2901.160799024941,0.0006166124006133283
2020-03-10 19:33:00,2901.3639139345273,0.0005798691564227388
2020-03-10 19:34:00,2901.5604267606054,0.0005726523173377832
2020-03-10 19:35:00,2901.5881940271092,0.0005927401413648817
2020-03-10 19:36:00,2899.0284444635963,0.0006101198215654697
2020-03-10 19:37:00,2898.6944965226003,0.000666684426972839
2020-03-10 19:38:00,2898.840581023434,0.0006660951920642117
2020-03-10 19:39:00,2898.5515413851563,0.0006358218148266555
2020-03-10 19:40:00,2899.3512718099864,0.0006659583221898738
2020-03-10 19:41:00,2899.444652006017,0.0006576407134120514
2020-03-10 19:42:00,2900.1743548215786,0.000637647247469361
2020-03-10 19:43:00,2899.3701372828264,0.0006662547375481449
2020-03-10 19:44:00,2896.131156114637,0.0006771783564906729
2020-03-10 19:45:00,2896.571917531825,0.0006622715037679526
2020-03-10 19:46:00,2893.5436613475517,0.0006758333253704166
2020-03-10 19:47:00,2893.7337269276168,0.0006503056064684343
2020-03-10 19:48:00,2894.6235156725684,0.0006018656008997917
2020-03-10 19:49:00,2895.335482652148,0.0005859549066609076
2020-03-10 19:50:00,2897.1654748520095,0.0005971628251001421
2020-03-10 19:51:00,2898.7107397371155,0.0005916874804976205
2020-03-10 19:52:00,2897.6910707628062,0.000612783608215312
2020-03-10 19:53:00,2900.3557258587052,0.0006623111242340773
2020-03-10 19:54:00,2900.2297490581873,0.0007101547445902956
2020-03-10 19:55:00,2899.9964397474987,0.0007156535870788948
2020-03-10 19:56:00,2899.0549556116575,0.0007189881974490493
2020-03-10 19:57:00,2896.7141211396697,0.0007071730348624836
2020-03-10 19:58:00,2895.7529927708047,0.0007097772182272124
2020-03-10 19:59:00,2895.1134548992527,0.0007281116296902216
2020-03-11 13:30:00,2899.1719658974894,0.000722500947553689
2020-03-11 13:31:00,2896.5321222624652,0.0007185256526579832
2020-03-11 13:32:00,2898.7884364345978,0.0007526346665817592
2020-03-11 13:33:00,2899.2885088651187,0.0007694764386694007
2020-03-11 13:34:00,2897.113532790063,0.0007784748162940918
2020-03-11 13:35:00,2894.3040296085615,0.0008011046811210973
2020-03-11 13:36:00,2890.50128606271,0.000777074912876204
2020-03-11 13:37:00,2892.695040027972,0.0007785681126622718
2020-03-11 13:38:00,2893.2893796282974,0.0007562734141320077
2020-03-11 13:39:00,2892.59067048087,0.0007218263131445761
2020-03-11 13:40:00,2889.79483055352,0.0007584822678730782
2020-03-11 13:41:00,2889.747124450492,0.0007088815698002048
2020-03-11 13:42:00,2892.038327065671,0.0007052035175712035
2020-03-11 13:43:00,2890.5722209030573,0.0007587029585374312
2020-03-11 13:44:00,2890.4867369568915,0.00074848561221347
2020-03-11 13:45:00,2889.556068012509,0.0007925003377850086
2020-03-11 13:46:00,2887.902981804204,0.0008382953177198205
2020-03-11 13:47:00,2886.801789495179,0.000846520492360382
2020-03-11 13:48:00,2887.0485211851706,0.000842669225455374
2020-03-11 13:49:00,2888.3436088242756,0.000815214216202413
2020-03-11 13:50:00,2886.568289094848,0.000787610801800297
2020-03-11 13:51:00,2890.680653812917,0.0008162988849261064
2020-03-11 13:52:00,2889.4137688929136,0.0008431135090583799
2020-03-11 13:53:00,2892.043317383871,0.000885414430775554
2020-03-11 13:54:00,2895.568799189501,0.0008763583122981948
2020-03-11 13:55:00,2897.711504086919,0.0008230052632867262
2020-03-11 13:56:00,2893.4374409023135,0.0007773539018803631
2020-03-11 13:57:00,2896.4538063938526,0.0007611589845838297
2020-03-11 13:58:00,2896.799541865082,0.0007506307241175402
2020-03-11 13:59:00,2894.3625726563755,0.0007399673379052052
2020-03-11 14:00:00,2896.735864884518,0.0007116831762896712
2020-03-11 14:01:00,2893.17826807465,0.0007660168695604557
2020-03-11 14:02:00,2894.194653758837,0.0006905850052312746
2020-03-11 14:03:00,2891.5510631683237,0.0006978514542230283
2020-03-11 14:04:00,2888.0807804055075,0.0006888884433540638
2020-03-11 14:05:00,2889.2524837606775,0.0006733110394851278
2020-03-11 14:06:00,2884.560375281667,0.0007074276877566303
2020-03-11 14:07:00,2885.8799500757073,0.0007325195273110998
2020-03-11 14:08:00,2887.0023387564174,0.0007506161277881958
2020-03-11 14:09:00,2889.0711474013992,0.0008026271174125496
2020-03-11 14:10:00,2887.5998406076255,0.0008333045913259673
2020-03-11 14:11:00,2891.947180799896,0.0007595571656416037
2020-03-11 14:12:00,2890.569191326545,0.0007392421981244878
2020-03-11 14:13:00,2890.384751613791,0.0007122472762551889
2020-03-11 14:14:00,2887.334007661274,0.0007414486828457059
2020-03-11 14:15:00,2887.0675385191716,0.000711405504646919
2020-03-11 14:16:00,2885.3531763076944,0.0007017737744418203
2020-03-11 14:17:00,2883.1141155245205,0.0006918336568080722
2020-03-11 14:18:00,2884.887638386728,0.0007278616282194021
2020-03-11 14:19:00,2885.0711584304017,0.000770357357106633
2020-03-11 14:20:00,2887.6045868385563,0.000717398666710414
2020-03-11 14:21:00,2883.849626146694,0.0006952162367992397
2020-03-11 14:22:00,2882.6274993763404,0.0006985750345084261
2020-03-11 14:23:00,2883.0372997295713,0.0006685473560177958
2020-03-11 14:24:00,2883.251257022895,0.0006908685888646917
2020-03-11 14:25:00,2881.8710133566906,0.000724918832747744
2020-03-11 14:26:00,2880.0716771847083,0.0007350241625982937
2020-03-11 14:27:00,2878.4186730918836,0.0007121065046332345
2020-03-11 14:28:00,2878.002895155795,0.0006990267338394841
2020-03-11 14:29:00,2878.6368204232263,0.0007520036046674305
2020-03-11 14:30:00,2876.86922831307,0.000724850116456191
2020-03-11 14:31:00,2878.6132886391406,0.0007237550876553442
2020-03-11 14:32:00,2877.846671458984,0.0007425757523314093
2020-03-11 14:33:00,2877.207018820017,0.0007664508520456447
2020-03-11 14:34:00,2875.0625760372304,0.0007379251871823907
2020-03-11 14:35:00,2870.466395180978,0.0007027196020317033
2020-03-11 14:36:00,2871.3884168168,0.0007420130377924607
2020-03-11 14:37:00,2872.8485036978204,0.0007428774140807511
2020-03-11 14:38:00,2876.1623235196835,0.0007894211911936587
2020-03-11 14:39:00,2875.027328683564,0.0008643503216275871
2020-03-11 14:40:00,2880.1722120102113,0.0008665215844629248
2020-03-11 14:41:00,2877.6996204239163,0.0008327825327633294
2020-03-11 14:42:00,2877.5637497053176,0.0008524132758815454
2020-03-11 14:43:00,2877.7494556976835,0.0008427355743455123
2020-03-11 14:44:00,2875.7635189049342,0.0008328454309756099
2020-03-11 14:45:00,2873.2517982491504,0.000887380401617411
2020-03-11 14:46:00,2873.619613813072,0.0009403113517353434
2020-03-11 14:47:00,2871.346614242701,0.0009106986305601762
2020-03-11 14:48:00,2873.263460572447,0.0008833149426538799
2020-03-11 14:49:00,2871.0387186976277,0.0009301712714718405
2020-03-11 14:50:00,2871.185754398587,0.0009218335129978731
2020-03-11 14:51:00,2870.6978534189398,0.0009120854403353255
2020-03-11 14:52:00,2873.606161368789,0.0009328090221747018
2020-03-11 14:53:00,2873.7330045230265,0.0009031993012855574
2020-03-11 14:54:00,2869.3662378973686,0.0009228074326460291
2020-03-11 14:55:00,2873.982721452311,0.0008547484771713395
2020-03-11 14:56:00,2869.731264947506,0.0008946245851726359
2020-03-11 14:57:00,2871.146048608428,0.0008761498198739902
2020-03-11 14:58:00,2871.328844463636,0.000842983296602411
2020-03-11 14:59:00,2869.4435956500024,0.0008753808688808153
2020-03-11 15:00:00,2868.098130905206,0.0008473180212592218
2020-03-11 15:01:00,2866.5892009153135,0.0008384237212901089
2020-03-11 15:02:00,2869.3804535613585,0.000913057808831625
2020-03-11 15:03:00,2869.4157346818793,0.0009818180574605899
2020-03-11 15:04:00,2868.9310066315434,0.0010565025078891586
2020-03-11 15:05:00,2865.1519602168405,0.0010697153002965489
2020-03-11 15:06:00,2866.257271321677,0.0011106618639304968
2020-03-11 15:07:00,2860.184808896329,0.0011975592646895146
2020-03-11 15:08:00,2858.969235963519,0.0011485749392550941
2020-03-11 15:09:00,2864.1323454486546,0.0010799132466608344
2020-03-11 15:10:00,2867.690272239607,0.0010876638895942884
2020-03-11 15:11:00,2869.791238829851,0.0010358376586075654
2020-03-11 15:12:00,2866.6161516850975,0.0010216739057361112
2020-03-11 15:13:00,2866.001863748925,0.0010479187738443832
2020-03-11 15:14:00,2867.205892242281,0.0010363253042700127
2020-03-11 15:15:00,2862.915945873086,0.000992641856383797
2020-03-11 15:16:00,2864.3303172150404,0.0009871852259588
2020-03-11 15:17:00,2864.264834857248,0.0009882335160016364
2020-03-11 15:18:00,2864.74045005844,0.0010569873991328805
2020-03-11 15:19:00,2864.054038144627,0.0010121772673151665
2020-03-11 15:20:00,2865.7348312991753,0.0009830916988717892
2020-03-11 15:21:00,2867.696079782641,0.0010336583563891697
2020-03-11 15:22:00,2871.0378274842938,0.0009874481765161235
2020-03-11 15:23:00,2873.8806084318576,0.0009946414871554322
2020-03-11 15:24:00,2872.674217598735,0.0009752081923700993
2020-03-11 15:25:00,2874.784259693008,0.0010415480518074665
2020-03-11 15:26:00,2876.1240304276557,0.0010779024338631541
2020-03-11 15:27:00,2877.2291776653415,0.0010164663688586814
2020-03-11 15:28:00,2875.6254536426336,0.0010799734908855678
2020-03-11 15:29:00,2872.2973770101,0.0010921603475219327
2020-03-11 15:30:00,2873.69974174105,0.0011675675727004602
2020-03-11 15:31:00,2877.9027704559244,0.0010720598111385344
2020-03-11 15:32:00,2877.53312768336,0.0011245342440877124
2020-03-11 15:33:00,2871.768962800038,0.0011547722013199946
2020-03-11 15:34:00,2870.748657400796,0.0011384891505119774
2020-03-11 15:35:00,2868.1352463225207,0.0011924629836040804
2020-03-11 15:36:00,2867.594037478011,0.0012120604291992034
2020-03-11 15:37:00,2867.42493167279,0.0011620677303356445
2020-03-11 15:38:00,2862.8606910035533,0.0010850248774661728
2020-03-11 15:39:00,2854.794547038952,0.0011001931564709293
2020-03-11 15:40:00,2850.510687593962,0.0010954157863514303
2020-03-11 15:41:00,2844.2577174407143,0.0009850091440991196
2020-03-11 15:42:00,2847.084282873718,0.0010045921744399895
2020-03-11 15:43:00,2843.47710304058,0.001062088103027615
2020-03-11 15:44:00,2843.2441324471397,0.0010221275663695704
2020-03-11 15:45:00,2840.663542801336,0.0010024815469145735
2020-03-11 15:46:00,2842.1772469756324,0.0010330991782223464
2020-03-11 15:47:00,2839.5351345792237,0.0010640002286917362
2020-03-11 15:48:00,2841.6831583393323,0.0010309348890091565
2020-03-11 15:49:00,2844.590812879182,0.0010254529742495598
2020-03-11 15:50:00,2842.5722332604323,0.0011522189612115108
2020-03-11 15:51:00,2846.4458134552456,0.0011826549675784674
2020-03-11 15:52:00,2843.895168710003,0.0011901332407429745
2020-03-11 15:53:00,2844.5550413538485,0.0011544424961606595
2020-03-11 15:54:00,2845.419300327036,0.0011179235951392875
2020-03-11 15:55:00,2847.989228295346,0.0011465603230273336
2020-03-11 15:56:00,2847.9764482137057,0.0011377565071873051
2020-03-11 15:57:00,2849.0606332351103,0.0010939327364605069
2020-03-11 15:58:00,2855.5250102558625,0.001139942144083642
2020-03-11 15:59:00,2852.3762581095084,0.0011780486202691927
2020-03-11 16:00:00,2850.189460549906,0.0011717819920349282
2020-03-11 16:01:00,2849.5874132609533,0.0011829597524581664
2020-03-11 16:02:00,2851.8941116721326,0.0011542073175254894
2020-03-11 16:03:00,2855.639278403092,0.0011901342590301567
2020-03-11 16:04:00,2857.8651742400775,0.0011700309906095127
2020-03-11 16:05:00,2858.175561086154,0.0012288170062356874
2020-03-11 16:06:00,2853.7854069659193,0.0010933189084816862
2020-03-11 16:07:00,2850.902141297908,0.0009724365683802159
2020-03-11 16:08:00,2851.6392547697483,0.001041732012868984
2020-03-11 16:09:00,2848.7403432545434,0.001030370403647061
2020-03-11 16:10:00,2843.982871365082,0.0010479785470905662
2020-03-11 16:11:00,2841.0827789954124,0.0010893751713464525
2020-03-11 16:12:00,2842.7052826985046,0.0010764851913451063
2020-03-11 16:13:00,2839.096328366939,0.0011045598239132085
2020-03-11 16:14:00,2847.634975440043,0.0011444254681086572
2020-03-11 16:15:00,2847.760583393046,0.0012180621059090355
2020-03-11 16:16:00,2846.139712919488,0.0011880118338310837
2020-03-11 16:17:00,2842.9390232822,0.0012003403198985415
2020-03-11 16:18:00,2843.2471793067757,0.0011721626629280274
2020-03-11 16:19:00,2842.0999461723995,0.0011438270688296605
2020-03-11 16:20:00,2839.0373532621816,0.001176258112333776
2020-03-11 16:21:00,2844.364364158682,0.0012753168414823938
2020-03-11 16:22:00,2840.7755695060246,0.0013149478779329003
2020-03-11 16:23:00,2835.883808956411,0.001301936738130781
2020-03-11 16:24:00,2838.8774446402103,0.0012589474144298258
2020-03-11 16:25:00,2843.411069313461,0.001280779137848605
2020-03-11 16:26:00,2844.0854646774346,0.0011728199478112894
2020-03-11 16:27:00,2849.5962216283383,0.0012306897180371652
2020-03-11 16:28:00,2852.452084047579,0.0012214975391003139
2020-03-11 16:29:00,2850.617758662363,0.0012688724572769735
2020-03-11 16:30:00,2847.255498808489,0.001253452943046435
2020-03-11 16:31:00,2847.9777798302293,0.0012374400696459978
2020-03-11 16:32:00,2851.257376185809,0.0012958908849818487
2020-03-11 16:33:00,2845.736054011041,0.001340068423827761
2020-03-11 16:34:00,2847.658066128371,0.0013853327870195675
2020-03-11 16:35:00,2843.2940251779764,0.001440520018007492
2020-03-11 16:36:00,2849.7464054569414,0.0014608902923516113
2020-03-11 16:37:00,2849.2975527872286,0.0014505027240605624
2020-03-11 16:38:00,2853.008502615585,0.001334601015205802
2020-03-11 16:39:00,2855.1660827126493,0.001302348223082195
2020-03-11 16:40:00,2853.5753243715367,0.001277647708186414
2020-03-11 16:41:00,2855.622125272561,0.001308401977157077
2020-03-11 16:42:00,2855.568943277209,0.0012226324878529793
2020-03-11 16:43:00,2853.06960127621,0.0012084855213967316
2020-03-11 16:44:00,2851.350959185518,0.001192678532756805
2020-03-11 16:45:00,2849.4077322502926,0.001158685776859387
2020-03-11 16:46:00,2850.85200094461,0.001238479443664723
2020-03-11 16:47:00,2846.204344880889,0.001305352257146867
2020-03-11 16:48:00,2849.807635714403,0.0013311194675668407
2020-03-11 16:49:00,2850.118135771955,0.0013709769039176927
2020-03-11 16:50:00,2850.4142138683746,0.001287416513029142
2020-03-11 16:51:00,2846.1224124382743,0.0012316086189209643
2020-03-11 16:52:00,2841.1166813749496,0.0012842249358646122
2020-03-11 16:53:00,2847.299388738804,0.0012249501045831003
2020-03-11 16:54:00,2843.6069506267036,0.0013116340879950061
2020-03-11 16:55:00,2849.529583528565,0.0013847534246488103
2020-03-11 16:56:00,2844.5175240508106,0.0013851040469849282
2020-03-11 16:57:00,2845.1791251866744,0.0013849163547996924
2020-03-11 16:58:00,2840.992209123912,0.001382562881576024
2020-03-11 16:59:00,2845.129004426497,0.0012893130051313208
2020-03-11 17:00:00,2841.420685869351,0.0012544510401631705
2020-03-11 17:01:00,2846.722188642394,0.00122267232718226
2020-03-11 17:02:00,2847.6525793182136,0.0011993553913471936
2020-03-11 17:03:00,2846.9704220369094,0.001193194312969962
2020-03-11 17:04:00,2846.951133337082,0.001112330855750532
2020-03-11 17:05:00,2848.0177375890553,0.0011469581036953785
2020-03-11 17:06:00,2852.99395693823,0.0011185949168097324
2020-03-11 17:07:00,2850.7774901192397,0.001126137627972473
2020-03-11 17:08:00,2848.8871742942265,0.0011239363105149918
2020-03-11 17:09:00,2854.7891600212197,0.0011167395648019793
2020-03-11 17:10:00,2856.641825969608,0.0011034830806161743
2020-03-11 17:11:00,2854.577920809783,0.0010522994862882955
2020-03-11 17:12:00,2859.4038919077934,0.0010187638416178095
2020-03-11 17:13:00,2858.5545413603104,0.0009591396236899484
2020-03-11 17:14:00,2857.1168201185947,0.0008905460549031318
2020-03-11 17:15:00,2861.3458126437913,0.0008795317536700154
2020-03-11 17:16:00,2866.3856873774653,0.0008769071354981444
2020-03-11 17:17:00,2868.1610424124588,0.0008813494852110901
2020-03-11 17:18:00,2865.8565950508223,0.0008547938565461921
2020-03-11 17:19:00,2867.9761452825464,0.000861336921501161
2020-03-11 17:20:00,2865.7583152679235,0.0008661566598295407
2020-03-11 17:21:00,2863.7839302864345,0.0008257595183090939
2020-03-11 17:22:00,2865.6288905433325,0.0008903757989371559
2020-03-11 17:23:00,2865.6900556829432,0.0008574872023528923
2020-03-11 17:24:00,2865.613633219848,0.0008461238163218824
2020-03-11 17:25:00,2867.028647925943,0.0008550789019846044
2020-03-11 17:26:00,2869.8289381051154,0.0008099362142761996
2020-03-11 17:27:00,2867.88989153874,0.0008260028946461638
2020-03-11 17:28:00,2867.9123116163087,0.0008796182624469323
2020-03-11 17:29:00,2867.0506826095266,0.0008238041460852049
2020-03-11 17:30:00,2862.9482385713072,0.0008080015286707775
2020-03-11 17:31:00,2864.8686810165027,0.0007822229865233445
2020-03-11 17:32:00,2862.013576156006,0.0007985744295332125
2020-03-11 17:33:00,2863.3690824973273,0.0008006873974836888
2020-03-11 17:34:00,2862.2412499533502,0.0007746903847020885
2020-03-11 17:35:00,2860.682751189768,0.0008084693715211836
2020-03-11 17:36:00,2857.0155551788357,0.0007678300589799983
2020-03-11 17:37:00,2853.7507316367337,0.0007896175162052241
2020-03-11 17:38:00,2853.6924134593796,0.0008288253811684073
2020-03-11 17:39:00,2855.5606632504896,0.0007718748701206235
2020-03-11 17:40:00,2854.5303651903837,0.0008333938316671485
2020-03-11 17:41:00,2852.4852297117923,0.0008906200218993669
2020-03-11 17:42:00,2851.23556125631,0.0009431638956431826
2020-03-11 17:43:00,2852.91359674836,0.0009376210901117535
2020-03-11 17:44:00,2851.0364806103003,0.0009454065219930247
2020-03-11 17:45:00,2852.401369490805,0.0009082481831329905
2020-03-11 17:46:00,2848.5607854958434,0.0008965892631791457
2020-03-11 17:47:00,2847.034516994728,0.000943846888398864
2020-03-11 17:48:00,2850.187607445349,0.0009013425686032159
2020-03-11 17:49:00,2846.9137382962704,0.0009575519715385962
2020-03-11 17:50:00,2845.851382677776,0.0009676013336370545
2020-03-11 17:51:00,2846.2462326301197,0.0009217428474581338
2020-03-11 17:52:00,2848.5535553504683,0.0009417884681721583
2020-03-11 17:53:00,2847.1198556426993,0.0009217074758254587
2020-03-11 17:54:00,2847.960324530968,0.0009315635927015422
2020-03-11 17:55:00,2844.5826065155343,0.0008988114137699448
2020-03-11 17:56:00,2847.1762923321626,0.0009279310997522875
2020-03-11 17:57:00,2848.2866992262047,0.0010053908221483575
2020-03-11 17:58:00,2845.798544594915,0.0009315260911362047
2020-03-11 17:59:00,2842.923935754219,0.0009371036960765578
2020-03-11 18:00:00,2844.15658415277,0.0009315938606178966
2020-03-11 18:01:00,2837.937919703081,0.0009727416127136695
2020-03-11 18:02:00,2840.770115788853,0.0008943890396016587
2020-03-11 18:03:00,2844.4233177134956,0.0008519673013814857
2020-03-11 18:04:00,2846.632854971841,0.0009016877516131966
2020-03-11 18:05:00,2845.743062415015,0.0009879879745243723
2020-03-11 18:06:00,2850.1064947174823,0.00093799012923359
2020-03-11 18:07:00,2849.63756867554,0.0010253569309266039
2020-03-11 18:08:00,2848.9340680725204,0.0010165972215388436
2020-03-11 18:09:00,2849.6808452092127,0.0009618614318770879
2020-03-11 18:10:00,2847.9965543904414,0.0009870189770288225
2020-03-11 18:11:00,2851.813266549296,0.001033915741268741
2020-03-11 18:12:00,2847.642699073115,0.0010554042472794751
2020-03-11 18:13:00,2848.0865844336713,0.0009993855195422347
2020-03-11 18:14:00,2845.8852822202807,0.0009959555976281564
2020-03-11 18:15:00,2842.71409592428,0.0009817700943125945
2020-03-11 18:16:00,2841.393427135295,0.00092941647036717
2020-03-11 18:17:00,2840.784032778603,0.0008524258890317554
2020-03-11 18:18:00,2843.1111125338093,0.0008561087283356928
2020-03-11 18:19:00,2842.069073277951,0.0009057332646717223
2020-03-11 18:20:00,2841.1485587371053,0.000923380244398443
2020-03-11 18:21:00,2843.0491809831747,0.0009167872509791268
2020-03-11 18:22:00,2844.552116761495,0.0009242245757738062
2020-03-11 18:23:00,2841.854423437421,0.0008883910383933134
2020-03-11 18:24:00,2840.537196813673,0.0008864955120418872
2020-03-11 18:25:00,2838.6080793554106,0.0008226074573301985
2020-03-11 18:26:00,2837.507449040292,0.0008274342074965433
2020-03-11 18:27:00,2835.9671241356828,0.0007757498126851753
2020-03-11 18:28:00,2834.9357297317397,0.0007625480702526378
2020-03-11 18:29:00,2832.379583646757,0.0008012974089568695
2020-03-11 18:30:00,2830.3787639718275,0.0007521104797158777
2020-03-11 18:31:00,2831.301265656284,0.0007378836734757795
2020-03-11 18:32:00,2832.524344859219,0.0008205060614295333
2020-03-11 18:33:00,2834.1857155705493,0.000791303817731045
2020-03-11 18:34:00,2834.675134619175,0.0008044974629712662
2020-03-11 18:35:00,2832.1770892096097,0.0007997755398822295
2020-03-11 18:36:00,2831.4173510698383,0.000817051010475766
2020-03-11 18:37:00,2834.46468932834,0.0007508146162912909
2020-03-11 18:38:00,2832.1203902629322,0.0007351361773973578
2020-03-11 18:39:00,2832.982187796876,0.000752594645460945
2020-03-11 18:40:00,2835.7698773509737,0.0007572369972431163
2020-03-11 18:41:00,2836.6430419582653,0.0007530866580722937
2020-03-11 18:42:00,2838.111544391632,0.0007188179750113546
2020-03-11 18:43:00,2837.945006679103,0.0007075676403723905
2020-03-11 18:44:00,2838.930078631818,0.0007173940659063356
2020-03-11 18:45:00,2836.9506746958937,0.0007282658054755278
2020-03-11 18:46:00,2835.4444267830295,0.0007397874646382007
2020-03-11 18:47:00,2832.943259335512,0.000692246358454346
2020-03-11 18:48:00,2832.4360328838147,0.0007392673182543422
2020-03-11 18:49:00,2833.1431522062435,0.0007520577352961207
2020-03-11 18:50:00,2832.528325086099,0.0008067820402765397
2020-03-11 18:51:00,2833.0827714352954,0.0007503638390499378
2020-03-11 18:52:00,2833.83554730741,0.0007386543035514303
2020-03-11 18:53:00,2837.1151644871325,0.0007490332752885527
2020-03-11 18:54:00,2837.9818558717398,0.0007669084769433131
2020-03-11 18:55:00,2838.9215928262697,0.0007609553883249056
2020-03-11 18:56:00,2842.7884877453116,0.0007162542495841004
2020-03-11 18:57:00,2841.557247374072,0.0007037497255183308
2020-03-11 18:58:00,2842.073454933265,0.0006743214688098102
2020-03-11 18:59:00,2844.0827892452035,0.0006272834959657511
2020-03-11 19:00:00,2846.606104971411,0.0006331400067854656
2020-03-11 19:01:00,2847.099447284102,0.0006466446005276256
2020-03-11 19:02:00,2845.8862994402916,0.0007039005755998232
2020-03-11 19:03:00,2844.8041951362484,0.0006766394032824672
2020-03-11 19:04:00,2844.12259603137,0.0006877754474298555
2020-03-11 19:05:00,2841.888182736042,0.0006802550479032042
2020-03-11 19:06:00,2840.9745882949337,0.0006792190554716465
2020-03-11 19:07:00,2841.5056231493977,0.0007204244517420851
2020-03-11 19:08:00,2837.234383723855,0.0007065964913211159
2020-03-11 19:09:00,2834.8776554552364,0.0007127465321129238
2020-03-11 19:10:00,2834.716833034259,0.0006422151665088788
2020-03-11 19:11:00,2835.6287664908464,0.0006311472582550291
2020-03-11 19:12:00,2834.171621384218,0.0006314789138292024
2020-03-11 19:13:00,2834.3259862778846,0.0006710947148089086
2020-03-11 19:14:00,2834.9914314513226,0.0006796593561107985
2020-03-11 19:15:00,2835.157143350741,0.0006404779395547222
2020-03-11 19:16:00,2831.425929474582,0.000664220187177398
2020-03-11 19:17:00,2831.7999420753563,0.0006551806259303172
2020-03-11 19:18:00,2831.926954795266,0.0006497518889524985
2020-03-11 19:19:00,2831.850105367196,0.0006638540447309267
2020-03-11 19:20:00,2832.0027201494418,0.000639997252188517
2020-03-11 19:21:00,2832.7749110091054,0.0006628765429224624
2020-03-11 19:22:00,2832.815502925661,0.0006124610977800515
2020-03-11 19:23:00,2832.481868362286,0.0005974768779097516
2020-03-11 19:24:00,2833.270590424491,0.0005410320925486149
2020-03-11 19:25:00,2831.2345797098747,0.0005321107122724077
2020-03-11 19:26:00,2832.4894016606427,0.0005401908008911239
2020-03-11 19:27:00,2834.125350278883,0.0005433732322106246
2020-03-11 19:28:00,2833.085165383956,0.0005110893801903332
2020-03-11 19:29:00,2832.430698676875,0.0005165126341307244
2020-03-11 19:30:00,2832.5158205363396,0.0005117726644255957
2020-03-11 19:31:00,2833.4751053622294,0.0004813173964658288
2020-03-11 19:32:00,2831.3281012710445,0.0005029006354932143
2020-03-11 19:33:00,2832.4008864758503,0.0005338628637472958
2020-03-11 19:34:00,2830.672269215457,0.0005299642949798336
2020-03-11 19:35:00,2830.5387783225347,0.0005192848427354444
2020-03-11 19:36:00,2829.006247179059,0.0005558089442676115
2020-03-11 19:37:00,2825.6755211391346,0.0005733240667834556
2020-03-11 19:38:00,2824.038891734956,0.0005613030318145461
2020-03-11 19:39:00,2826.7319971554984,0.000541879548286497
2020-03-11 19:40:00,2829.5647858477196,0.0005757902669283603
2020-03-11 19:41:00,2829.868071141032,0.0006063536853060971
2020-03-11 19:42:00,2830.3950255924456,0.0007011220720763717
2020-03-11 19:43:00,2832.590680098351,0.0006975587266178442
2020-03-11 19:44:00,2832.4448195635996,0.0007361370647723985
2020-03-11 19:45:00,2830.5538022234923,0.0007086752072637763
2020-03-11 19:46:00,2829.2247896493927,0.0006775293845911177
2020-03-11 19:47:00,2826.862358104244,0.0006445318422639366
2020-03-11 19:48:00,2823.5431677507904,0.0006814493252075322
2020-03-11 19:49:00,2822.67964871835,0.0006700203491320214
2020-03-11 19:50:00,2823.2228868375555,0.0006659291507795177
2020-03-11 19:51:00,2825.630211888207,0.0007180746903297823
2020-03-11 19:52:00,2830.69801030771,0.0007697989134312197
2020-03-11 19:53:00,2829.438387124174,0.0008033944331414583
2020-03-11 19:54:00,2831.256351960616,0.0007597188930012595
2020-03-11 19:55:00,2831.3710948621333,0.0007053780514245
2020-03-11 19:56:00,2830.5668041396502,0.0007197646174255015
2020-03-11 19:57:00,2830.150298965808,0.0006912860890413512
2020-03-11 19:58:00,2825.9528428771605,0.000700030225469298
2020-03-11 19:59:00,2827.794119759581,0.0007127131011614767
2020-03-12 13:30:00,2847.283224362298,0.0007006055672810691
2020-03-12 13:31:00,2845.1224767011863,0.0006987231049534751
2020-03-12 13:32:00,2845.139613291191,0.0007008675979827666
2020-03-12 13:33:00,2846.2013771181923,0.0007267456630121423
2020-03-12 13:34:00,2847.2697697268686,0.0006693492693638592
2020-03-12 13:35:00,2847.5290674978087,0.0006731787144636099
2020-03-12 13:36:00,2849.124166643805,0.0006446586478614586
2020-03-12 13:37:00,2846.787234043273,0.0006845798624839137
2020-03-12 13:38:00,2843.8349096699794,0.0006931940616209847
2020-03-12 13:39:00,2841.7537163567863,0.0007476757432825915
2020-03-12 13:40:00,2843.115253082064,0.0007740178764639317
2020-03-12 13:41:00,2844.7253713429254,0.000786064340827126
2020-03-12 13:42:00,2846.963424972977,0.0008571515268688166
2020-03-12 13:43:00,2848.1288057163742,0.0008877704846574747
2020-03-12 13:44:00,2845.317761914472,0.0009177018175010217
2020-03-12 13:45:00,2848.833217415656,0.0008106122605406048
2020-03-12 13:46:00,2849.849720973699,0.0007802827797270746
2020-03-12 13:47:00,2847.341399075915,0.0008195698045849641
2020-03-12 13:48:00,2847.0398587833165,0.0007810475336296096
2020-03-12 13:49:00,2847.2022333816767,0.0007561508439888783
2020-03-12 13:50:00,2849.509216610422,0.0007940366209999599
2020-03-12 13:51:00,2850.2707935123476,0.0008366096150447568
2020-03-12 13:52:00,2848.2028764831284,0.0008415863478958431
2020-03-12 13:53:00,2852.071419270103,0.0008782425100711546
2020-03-12 13:54:00,2850.227946894286,0.0008268058841343322
2020-03-12 13:55:00,2854.200217644703,0.0008047443774105131
2020-03-12 13:56:00,2856.744318743257,0.0007788982423153095
2020-03-12 13:57:00,2854.9992625131104,0.0007707203490606691
2020-03-12 13:58:00,2849.687418628503,0.0007494660354645407
2020-03-12 13:59:00,2850.3932118039215,0.0007524700159204405
2020-03-12 14:00:00,2855.254642091149,0.0007446796531485342
2020-03-12 14:01:00,2851.2725037495934,0.0007204084488654507
2020-03-12 14:02:00,2850.516365620198,0.0007376183563550635
2020-03-12 14:03:00,2852.416822388306,0.0007282962744957931
2020-03-12 14:04:00,2851.572960053645,0.0007229586814567834
2020-03-12 14:05:00,2850.5730279203135,0.0006345817935172965
2020-03-12 14:06:00,2850.922354164431,0.000626771728079584
2020-03-12 14:07:00,2851.494666363576,0.0005788485234177237
2020-03-12 14:08:00,2852.1290636285225,0.0005743919097613504
2020-03-12 14:09:00,2854.0446437582204,0.000604109422332615
2020-03-12 14:10:00,2853.6208729704354,0.0006299232670514594
2020-03-12 14:11:00,2854.1074220555515,0.0005974323759529996
2020-03-12 14:12:00,2855.77432996584,0.0006000486639410092
2020-03-12 14:13:00,2855.9804302433286,0.0006282727229377184
2020-03-12 14:14:00,2853.573021553417,0.0005735701583128134
2020-03-12 14:15:00,2855.550236946157,0.0005875520952062915
2020-03-12 14:16:00,2853.2955799642255,0.000595888216064127
2020-03-12 14:17:00,2854.6619239612246,0.0005837731341141327
2020-03-12 14:18:00,2853.8247137672975,0.0005669066742276595
2020-03-12 14:19:00,2858.070052139572,0.0005830152345427075
2020-03-12 14:20:00,2857.8464560894695,0.0005776326921067586
2020-03-12 14:21:00,2859.0139437439225,0.0005461556294965826
2020-03-12 14:22:00,2859.8307710030867,0.0004898840521598738
2020-03-12 14:23:00,2862.107166545559,0.0004924173340521445
2020-03-12 14:24:00,2861.397179025342,0.0004795278859056861
2020-03-12 14:25:00,2862.8357917036296,0.00047077251191630616
2020-03-12 14:26:00,2861.5866885070673,0.0004666251652988733
2020-03-12 14:27:00,2861.8319370972076,0.0004561464820976652
2020-03-12 14:28:00,2864.21938778442,0.0004627967187896278
2020-03-12 14:29:00,2863.6423318364546,0.0004786973480408912
2020-03-12 14:30:00,2862.3186474020217,0.0004712041959661033
2020-03-12 14:31:00,2862.021352992568,0.000501641954364616
2020-03-12 14:32:00,2860.9995224904246,0.0005019944985179062
2020-03-12 14:33:00,2858.4219857388707,0.0005056708525255909
2020-03-12 14:34:00,2857.512955968578,0.0005101581708556811
2020-03-12 14:35:00,2858.4696199594955,0.0004907627470486974
2020-03-12 14:36:00,2857.9351923465056,0.0005071206842744619
2020-03-12 14:37:00,2860.7213683596506,0.0004928103997266965
2020-03-12 14:38:00,2860.986251400209,0.0004974195971105818
2020-03-12 14:39:00,2860.9677912043867,0.0004850476668499265
2020-03-12 14:40:00,2861.0855610516437,0.0004654243713632155
2020-03-12 14:41:00,2860.290094066692,0.0004969678156745909
2020-03-12 14:42:00,2858.7535982896925,0.0005048165135279372
2020-03-12 14:43:00,2858.8931648267176,0.00048304598664077416
2020-03-12 14:44:00,2858.325240597935,0.00048091539452470154
2020-03-12 14:45:00,2858.5529537846523,0.0004978561540625985
2020-03-12 14:46:00,2857.77452904353,0.00046928167892933695
2020-03-12 14:47:00,2858.470728981262,0.00047436250791253417
2020-03-12 14:48:00,2861.9597682817316,0.00045105241505150783
2020-03-12 14:49:00,2860.377009550073,0.0004516981562034853
2020-03-12 14:50:00,2860.2730799778865,0.0004190685338014607
2020-03-12 14:51:00,2859.472301744198,0.0004010962749358594
2020-03-12 14:52:00,2858.6746537668837,0.00041101126945039616
2020-03-12 14:53:00,2858.55329107738,0.0004032966362582146
2020-03-12 14:54:00,2857.3855674336046,0.0004136249866740905
2020-03-12 14:55:00,2856.767881304062,0.0003776345122007692
2020-03-12 14:56:00,2856.5479174564684,0.00035301602805190563
2020-03-12 14:57:00,2856.389107659739,0.0003699224410568703
2020-03-12 14:58:00,2856.2623087337083,0.0003597852341516417
2020-03-12 14:59:00,2856.1360881680584,0.0003406285859982692
2020-03-12 15:00:00,2853.78274722198,0.0003313595243963191
2020-03-12 15:01:00,2853.8110994945805,0.0003301530187236023
2020-03-12 15:02:00,2853.242488705971,0.00035266632484542054
2020-03-12 15:03:00,2852.7753644980453,0.00032931700477292796
2020-03-12 15:04:00,2852.0728072803763,0.00033573803695640216
2020-03-12 15:05:00,2853.599230293634,0.0003542186933934369
2020-03-12 15:06:00,2854.8159008544108,0.00032961813996412536
2020-03-12 15:07:00,2855.241270984145,0.0003438164224038512
2020-03-12 15:08:00,2855.160900191103,0.0003500490033625707
2020-03-12 15:09:00,2856.5357960507035,0.000367300247138174
2020-03-12 15:10:00,2855.5290313962364,0.0003454046482706346
2020-03-12 15:11:00,2855.7600946543607,0.0003646282438038083
2020-03-12 15:12:00,2855.0794943145625,0.00036699105042909395
2020-03-12 15:13:00,2854.946039252457,0.0003644672043559844
2020-03-12 15:14:00,2854.3151114883776,0.000361065137013783
2020-03-12 15:15:00,2854.6006959304914,0.0003443135191713062
2020-03-12 15:16:00,2856.709762622503,0.00034271862324914304
2020-03-12 15:17:00,2856.5303008509914,0.0003449748677625983
2020-03-12 15:18:00,2856.3899895287013,0.00034110443650694637
2020-03-12 15:19:00,2856.7255736806637,0.00036405396320605363
2020-03-12 15:20:00,2857.311025395254,0.0003678667268604532
2020-03-12 15:21:00,2857.3026744599624,0.00036478386939651835
2020-03-12 15:22:00,2855.6851441716885,0.0003690858981064505
2020-03-12 15:23:00,2856.805035394442,0.000345569379358378
2020-03-12 15:24:00,2856.177444079351,0.0003778624460752083
2020-03-12 15:25:00,2856.241097564039,0.0003748797382820837
2020-03-12 15:26:00,2856.5363806515284,0.0003769339105681205
2020-03-12 15:27:00,2857.2936034235354,0.0003696385216166303
2020-03-12 15:28:00,2856.734390647337,0.0003743872495118798
2020-03-12 15:29:00,2858.46727590655,0.0004185663168136192
2020-03-12 15:30:00,2857.4392973353783,0.00042388169542880116
2020-03-12 15:31:00,2855.2076177282283,0.0004311149754127067
2020-03-12 15:32:00,2853.3554135253416,0.00044435558299844955
2020-03-12 15:33:00,2853.4684516729244,0.0004253496451935387
2020-03-12 15:34:00,2854.1672672387353,0.0004638018241912717
2020-03-12 15:35:00,2852.1167724560955,0.000489581743630189
2020-03-12 15:36:00,2852.9040557891794,0.00044140288600918743
2020-03-12 15:37:00,2855.200282011823,0.0004582002299189288
2020-03-12 15:38:00,2853.8890381476153,0.0004438312836853339
2020-03-12 15:39:00,2853.0574777415945,0.0004261567540344459
2020-03-12 15:40:00,2852.6488772913526,0.00040871193331467785
2020-03-12 15:41:00,2852.308190072942,0.0003836587970069386
2020-03-12 15:42:00,2852.6643434180605,0.0003754864464497137
2020-03-12 15:43:00,2851.602515755977,0.00037532960789474185
2020-03-12 15:44:00,2850.7615678365696,0.00036697442397117387
2020-03-12 15:45:00,2850.9149152635464,0.000368245867245275
2020-03-12 15:46:00,2849.135375783944,0.0003624817473383456
2020-03-12 15:47:00,2847.5632949915375,0.0003295158365992629
2020-03-12 15:48:00,2848.1181319033635,0.000344749369115494
2020-03-12 15:49:00,2846.695204702959,0.0003320096905257853
2020-03-12 15:50:00,2846.111653262967,0.00034275748778585913
2020-03-12 15:51:00,2846.386168010265,0.00033584511944578663
2020-03-12 15:52:00,2846.757681892301,0.00032375155167137834
2020-03-12 15:53:00,2846.531986731579,0.0003356964803117758
2020-03-12 15:54:00,2846.177898296409,0.00031090919766593045
2020-03-12 15:55:00,2845.674559061628,0.00029144734467782905
2020-03-12 15:56:00,2844.812314075988,0.00030167034554250127
2020-03-12 15:57:00,2846.1432320770386,0.00030428848843191525
2020-03-12 15:58:00,2846.4273282309964,0.0002915157984179441
2020-03-12 15:59:00,2846.6382616037495,0.00029516015007694234
2020-03-12 16:00:00,2846.7335732367983,0.0003141117490410842
2020-03-12 16:01:00,2849.2466632334513,0.00033908381610741115
2020-03-12 16:02:00,2849.9601049887306,0.00034786692660508195
2020-03-12 16:03:00,2849.4364784098834,0.00034867292592460404
2020-03-12 16:04:00,2848.737393027071,0.00036683409570862274
2020-03-12 16:05:00,2848.9158144197922,0.00040631965393161354
2020-03-12 16:06:00,2848.535832260847,0.00038847841946601676
2020-03-12 16:07:00,2848.7370641142065,0.0003695200961119212
2020-03-12 16:08:00,2847.6987391837806,0.00037749389829085366
2020-03-12 16:09:00,2848.0329844981898,0.00038934635300012625
2020-03-12 16:10:00,2849.51335033589,0.000393210321699846
2020-03-12 16:11:00,2850.2114360447017,0.00041824689900914896
2020-03-12 16:12:00,2850.9437893090962,0.00043835473673107904
2020-03-12 16:13:00,2849.784632005154,0.00043651746339519747
2020-03-12 16:14:00,2849.491728264462,0.0004429451492485417
2020-03-12 16:15:00,2848.5046456582277,0.00040733495439886194
2020-03-12 16:16:00,2848.1311788069693,0.00042198797252960033
2020-03-12 16:17:00,2847.5185715917773,0.00043422386766409554
2020-03-12 16:18:00,2848.064834002585,0.0004168022264728116
2020-03-12 16:19:00,2848.1751451199493,0.000411729465410736
2020-03-12 16:20:00,2849.780832032694,0.0004157486811486957
2020-03-12 16:21:00,2849.916803322118,0.0004045657378302196
2020-03-12 16:22:00,2850.286281477471,0.0004040994425694664
2020-03-12 16:23:00,2852.8867716780846,0.0004079039403423584
2020-03-12 16:24:00,2849.260404975701,0.00042402253723433246
2020-03-12 16:25:00,2848.9915064265397,0.00044159826234740305
2020-03-12 16:26:00,2848.5324524951084,0.00043971202885141934
2020-03-12 16:27:00,2848.307210344081,0.00044766379333169455
2020-03-12 16:28:00,2849.940728991628,0.0004420840890463635
2020-03-12 16:29:00,2851.9715016683663,0.000410462911543812
2020-03-12 16:30:00,2851.3650677016126,0.0004230388907278833
2020-03-12 16:31:00,2851.4258116310248,0.0004018096551507695
2020-03-12 16:32:00,2850.047633600304,0.000411909955606626
2020-03-12 16:33:00,2850.3675595386117,0.0003804098221512486
2020-03-12 16:34:00,2849.4424288735127,0.0003556068188479549
2020-03-12 16:35:00,2851.6449680110995,0.0003657756443378944
2020-03-12 16:36:00,2852.119272829958,0.00035618061527646454
2020-03-12 16:37:00,2852.600477047767,0.0003423177775068129
2020-03-12 16:38:00,2852.4191585043527,0.00032948450390978044
2020-03-12 16:39:00,2854.4696341585777,0.0003191085032624614
2020-03-12 16:40:00,2854.6552214042695,0.00033460758562468926
2020-03-12 16:41:00,2853.0147663155117,0.00032434854427366565
2020-03-12 16:42:00,2852.357058770598,0.0003445292238967892
2020-03-12 16:43:00,2854.325232751797,0.00034592883809580024
2020-03-12 16:44:00,2852.352204922277,0.0003336937022663342
2020-03-12 16:45:00,2851.984363834184,0.00034612534561652165
2020-03-12 16:46:00,2850.2971225432498,0.00037325707537155296
2020-03-12 16:47:00,2849.9584600966277,0.00036493726658708484
2020-03-12 16:48:00,2851.417042140164,0.00036917040231816684
2020-03-12 16:49:00,2851.5664472551102,0.00034419132840528765
2020-03-12 16:50:00,2850.61888994654,0.0003582329573908702
2020-03-12 16:51:00,2849.4863419613876,0.0003679582612461835
2020-03-12 16:52:00,2849.307104715675,0.0003733170665326296
2020-03-12 16:53:00,2849.468407487595,0.0003763298634401724
2020-03-12 16:54:00,2849.5757493209094,0.00040351155488814493
2020-03-12 16:55:00,2849.290428942626,0.000406389525853413
2020-03-12 16:56:00,2849.674700436941,0.0004111665606058067
2020-03-12 16:57:00,2850.52900508143,0.0004030088492593605
2020-03-12 16:58:00,2851.554911153944,0.00036366151712769146
2020-03-12 16:59:00,2851.3876145058093,0.0003713194723182109
2020-03-12 17:00:00,2852.181105183529,0.00035336519923614577
2020-03-12 17:01:00,2851.0787603092745,0.0003389903174283483
2020-03-12 17:02:00,2851.4289213927686,0.0003385687384470824
2020-03-12 17:03:00,2851.126948722294,0.0003458780610443423
2020-03-12 17:04:00,2849.8090633759684,0.0003314747776242081
2020-03-12 17:05:00,2850.2717998490343,0.00032722389394707025
2020-03-12 17:06:00,2849.403215876875,0.00033420804784190514
2020-03-12 17:07:00,2848.679161103638,0.000331825715707289
2020-03-12 17:08:00,2848.979081600731,0.0003397592605154871
2020-03-12 17:09:00,2848.2843558794925,0.00031222089919646483
2020-03-12 17:10:00,2848.2889967008286,0.00030694127797843414
2020-03-12 17:11:00,2849.121690596357,0.00031150364280371686
2020-03-12 17:12:00,2847.717058563513,0.0003083658727237456
2020-03-12 17:13:00,2849.0628442972234,0.0003063915883823924
2020-03-12 17:14:00,2850.3028932261013,0.000317731918956588
2020-03-12 17:15:00,2849.7917716377224,0.00032988659136430203
2020-03-12 17:16:00,2850.132821776812,0.0003179523430044853
2020-03-12 17:17:00,2849.7049515505587,0.00031391899971923095
2020-03-12 17:18:00,2849.8122722310222,0.000349257892808577
2020-03-12 17:19:00,2849.1681012585946,0.00034622963203751714
2020-03-12 17:20:00,2849.7441976745004,0.00037711500074656706
2020-03-12 17:21:00,2850.299586698637,0.0003662558218381333
2020-03-12 17:22:00,2850.1938321498264,0.0003660960651492124
2020-03-12 17:23:00,2850.7834062328634,0.00041401426201074403
2020-03-12 17:24:00,2851.7481666247827,0.0004095900693859337
2020-03-12 17:25:00,2850.6502017866896,0.00040338165712855753
2020-03-12 17:26:00,2849.9711781178144,0.0004285925187556808
2020-03-12 17:27:00,2849.6545657827805,0.0004039388764817424
2020-03-12 17:28:00,2848.733625564922,0.0003827198094359802
2020-03-12 17:29:00,2848.9521660461737,0.000369538273269969
2020-03-12 17:30:00,2847.569830373172,0.0003896976917842874
2020-03-12 17:31:00,2851.055259596373,0.0003920572939560321
2020-03-12 17:32:00,2850.3616997244353,0.000405260708813327
2020-03-12 17:33:00,2851.0842914960963,0.00040308956481153644
2020-03-12 17:34:00,2851.8978643961304,0.0004164825993734919
2020-03-12 17:35:00,2851.685279518614,0.0004028104296165396
2020-03-12 17:36:00,2850.942809325193,0.00041587283488805536
2020-03-12 17:37:00,2850.067844623826,0.00041978599893904893
2020-03-12 17:38:00,2850.5208374060485,0.00041317642355653773
2020-03-12 17:39:00,2848.3087525712863,0.00041791524591656797
2020-03-12 17:40:00,2847.0204135246076,0.00041857554403316224
2020-03-12 17:41:00,2846.2052838348773,0.00041654514956109554
2020-03-12 17:42:00,2845.9806660816344,0.0003967316319286936
2020-03-12 17:43:00,2845.8931969053306,0.0003841721654563279
2020-03-12 17:44:00,2844.939324814809,0.00037689132798747514
2020-03-12 17:45:00,2844.189748983101,0.0003963954350621903
2020-03-12 17:46:00,2845.46364376039,0.00039425349818801006
2020-03-12 17:47:00,2846.0749177978864,0.0003655207749703217
2020-03-12 17:48:00,2847.057711604667,0.000385199298432848
2020-03-12 17:49:00,2846.825392666394,0.00039778730415665443
2020-03-12 17:50:00,2846.483778753634,0.00041635220174899055
2020-03-12 17:51:00,2843.20554576294,0.0004064408803091163
2020-03-12 17:52:00,2845.4102114777115,0.00041055631263149867
2020-03-12 17:53:00,2845.9081614490024,0.00041835876798147976
2020-03-12 17:54:00,2845.666778389157,0.00042553722796012916
2020-03-12 17:55:00,2846.348360007005,0.000399415190098092
2020-03-12 17:56:00,2846.981656099818,0.0004065573516434873
2020-03-12 17:57:00,2846.512799923409,0.000427439682388817
2020-03-12 17:58:00,2844.6235349668923,0.0004245824772397754
2020-03-12 17:59:00,2843.841777504735,0.0004128325966070155
2020-03-12 18:00:00,2845.2076356509438,0.00041829507159294284
2020-03-12 18:01:00,2845.6554666344728,0.0004453388033911518
2020-03-12 18:02:00,2847.06335829745,0.00045567397826008164
2020-03-12 18:03:00,2848.511885198708,0.0004589196082956023
2020-03-12 18:04:00,2850.0566700049453,0.00042540276937059817
2020-03-12 18:05:00,2849.069247101116,0.0004090543699646485
2020-03-12 18:06:00,2849.2170107770435,0.0003935830793563648
2020-03-12 18:07:00,2848.635505672016,0.00039690157006527484
2020-03-12 18:08:00,2848.712380734567,0.00041921650826123104
2020-03-12 18:09:00,2849.7902752699,0.00041556147993860703
2020-03-12 18:10:00,2850.7341537585344,0.00039863926545562374
2020-03-12 18:11:00,2853.1763851455303,0.0003971630603411907
2020-03-12 18:12:00,2853.071308138649,0.0003995500471692288
2020-03-12 18:13:00,2852.715397006734,0.00042008613313426204
2020-03-12 18:14:00,2854.301869894807,0.00042740534976953696
2020-03-12 18:15:00,2854.4618098523392,0.0003854080671104357
2020-03-12 18:16:00,2853.7272316789536,0.00036427964019039024
2020-03-12 18:17:00,2853.044008518163,0.00034960527135044636
2020-03-12 18:18:00,2853.46042015992,0.00033243783580193096
2020-03-12 18:19:00,2852.1763418056626,0.0003381278256477881
2020-03-12 18:20:00,2851.935826417642,0.00036402861425744094
2020-03-12 18:21:00,2852.43482350866,0.00038720335457850943
2020-03-12 18:22:00,2852.3109648527643,0.0003855215015981332
2020-03-12 18:23:00,2852.1578889497955,0.00038353674945017176
2020-03-12 18:24:00,2851.205636128235,0.0003788220895077948
2020-03-12 18:25:00,2852.0929271938226,0.00036364010924325613
2020-03-12 18:26:00,2852.1043492240083,0.0003664109492264729
2020-03-12 18:27:00,2852.244602536765,0.0003560600769544433
2020-03-12 18:28:00,2852.3998144340308,0.0003857354810334586
2020-03-12 18:29:00,2851.3917886018594,0.00036518590216545104
2020-03-12 18:30:00,2849.3716817828995,0.00037097920548201147
2020-03-12 18:31:00,2847.5365804362687,0.0003594838888192499
2020-03-12 18:32:00,2849.051067886641,0.00036029093205797684
2020-03-12 18:33:00,2849.024242402854,0.0003727316647973136
2020-03-12 18:34:00,2846.0338404452773,0.0003816006897367861
2020-03-12 18:35:00,2845.794786084988,0.0003725574833190253
2020-03-12 18:36:00,2846.8311118011743,0.00036623434815098325
2020-03-12 18:37:00,2847.203716133609,0.0003554564628162794
2020-03-12 18:38:00,2848.307842276608,0.0003604857485593848
2020-03-12 18:39:00,2849.9664432260847,0.00037061241744345977
2020-03-12 18:40:00,2850.2732997776866,0.0003739861793652019
2020-03-12 18:41:00,2849.850112078948,0.00036127908848686236
2020-03-12 18:42:00,2849.361648929837,0.00036878979891566264
2020-03-12 18:43:00,2847.888182787404,0.000371637981208529
2020-03-12 18:44:00,2846.4988371104037,0.0003739627216895856
2020-03-12 18:45:00,2846.838002606086,0.0003611849594810323
2020-03-12 18:46:00,2848.3781308188045,0.00036023463652459006
2020-03-12 18:47:00,2847.583991013873,0.00037123443672403065
2020-03-12 18:48:00,2846.639886893955,0.000368100822489936
2020-03-12 18:49:00,2847.779676510917,0.0003594685943345976
2020-03-12 18:50:00,2847.607616544399,0.0003651441668093882
2020-03-12 18:51:00,2849.7617574232395,0.00036358493162268364
2020-03-12 18:52:00,2850.9779429112155,0.000365453095544547
2020-03-12 18:53:00,2851.494830242136,0.00036958235029761223
2020-03-12 18:54:00,2851.389302652599,0.0003634356677634468
2020-03-12 18:55:00,2852.7833667081477,0.0003807569096393651
2020-03-12 18:56:00,2851.8840722379873,0.0003833806863318591
2020-03-12 18:57:00,2852.0383793950105,0.0003969633803568514
2020-03-12 18:58:00,2852.117600770226,0.0003718180312335865
2020-03-12 18:59:00,2851.983292737874,0.0003558762084215733
2020-03-12 19:00:00,2851.260874441903,0.0003900650207321691
2020-03-12 19:01:00,2852.70862200481,0.0003679839767999127
2020-03-12 19:02:00,2851.6348929089336,0.00035885254218191996
2020-03-12 19:03:00,2852.889146028839,0.0003354677363774761
2020-03-12 19:04:00,2854.619486149468,0.0003430376280664983
2020-03-12 19:05:00,2856.1234070551195,0.0003317094457136574
2020-03-12 19:06:00,2855.132001511449,0.00033276199024564183
2020-03-12 19:07:00,2855.7063327774435,0.00034471843650387405
2020-03-12 19:08:00,2855.0216571503834,0.0003362929027813746
2020-03-12 19:09:00,2853.6386007903984,0.00034569206905997745
2020-03-12 19:10:00,2853.188269169793,0.0003447510254495957
2020-03-12 19:11:00,2852.3012790193393,0.0003357798031610224
2020-03-12 19:12:00,2852.5173097421875,0.00031637066718882243
2020-03-12 19:13:00,2853.6704835100277,0.0003171633818642147
2020-03-12 19:14:00,2853.8495040565576,0.0002998291476470433
2020-03-12 19:15:00,2852.5136951938975,0.00029511309070389205
2020-03-12 19:16:00,2851.0869591065753,0.0002810915328852519
2020-03-12 19:17:00,2851.0251008826453,0.0002610148777517801
2020-03-12 19:18:00,2851.6968031589468,0.0002641174872691033
2020-03-12 19:19:00,2850.589770962027,0.00025310457359785604
2020-03-12 19:20:00,2850.897064303316,0.00025042116765251033
2020-03-12 19:21:00,2852.6199731640004,0.0002587328472235413
2020-03-12 19:22:00,2851.8866472656046,0.0002649006097282756
2020-03-12 19:23:00,2850.754433087331,0.00026824489206238994
2020-03-12 19:24:00,2849.637518862925,0.00027569292438439717
2020-03-12 19:25:00,2849.467637596048,0.0003051514326027666
2020-03-12 19:26:00,2849.510875776316,0.00029624294026776084
2020-03-12 19:27:00,2850.46772163393,0.00031420023917808467
2020-03-12 19:28:00,2849.7437438157713,0.00033398387891082866
2020-03-12 19:29:00,2849.081433658108,0.00033783447844988184
2020-03-12 19:30:00,2849.0103401725823,0.00034486018586262797
2020-03-12 19:31:00,2848.885062620788,0.0003524456617990657
2020-03-12 19:32:00,2850.5232710775012,0.00037277214731159847
2020-03-12 19:33:00,2847.8098572704184,0.0004135934152839215
2020-03-12 19:34:00,2846.889225497963,0.00040286324263354324
2020-03-12 19:35:00,2849.8231622834637,0.0003940051413870531
2020-03-12 19:36:00,2852.6870611213485,0.0003851046308096969
2020-03-12 19:37:00,2854.4447996378294,0.00042049984864756467
2020-03-12 19:38:00,2853.295530841331,0.0004178137182364455
2020-03-12 19:39:00,2852.74681054194,0.0004290102735901421
2020-03-12 19:40:00,2853.342850896916,0.0003908290403280433
2020-03-12 19:41:00,2854.0496950433703,0.00040648231220804317
2020-03-12 19:42:00,2854.849290982093,0.00039131863163826495
2020-03-12 19:43:00,2854.2463024202766,0.00040464903660268435
2020-03-12 19:44:00,2852.207836837625,0.00040425790656004496
2020-03-12 19:45:00,2853.399600175581,0.0004260517284544111
2020-03-12 19:46:00,2852.2427496912837,0.00043266636450065764
2020-03-12 19:47:00,2851.6008444853574,0.0003972376455487731
2020-03-12 19:48:00,2851.0059974684737,0.00038631243592493616
2020-03-12 19:49:00,2850.3491650321994,0.0003554745444678552
2020-03-12 19:50:00,2851.0166594443353,0.00035378531004001695
2020-03-12 19:51:00,2851.7270415404305,0.00037529579188729775
2020-03-12 19:52:00,2851.4948937198583,0.00038421249861815765
2020-03-12 19:53:00,2849.6713295346663,0.0003993754054566161
2020-03-12 19:54:00,2849.661043071942,0.00042251084695057924
2020-03-12 19:55:00,2851.474885906488,0.00042412502036489014
2020-03-12 19:56:00,2850.6468072513157,0.0004066302811559237
2020-03-12 19:57:00,2849.979105742899,0.00038687798651415833
2020-03-12 19:58:00,2850.4916551204014,0.0003777545112541626
2020-03-12 19:59:00,2851.366290786842,0.00033270170400312335
2020-03-13 13:30:00,2908.972034935218,0.00033280933467321177
2020-03-13 13:31:00,2908.3743117580407,0.00033739527874094216
2020-03-13 13:32:00,2908.177335777585,0.00032695623588428426
2020-03-13 13:33:00,2909.6859822836777,0.0003052439823788788
2020-03-13 13:34:00,2911.0453343211157,0.00029569831172983547
2020-03-13 13:35:00,2911.057011618142,0.0003038388644187125
2020-03-13 13:36:00,2910.7812126218205,0.0003022220913439475
2020-03-13 13:37:00,2909.7404677917584,0.000307949818870891
2020-03-13 13:38:00,2910.641573546569,0.0003331843264557766
2020-03-13 13:39:00,2910.954868343209,0.0003311215034280577
2020-03-13 13:40:00,2910.847691446033,0.00035213352084087984
2020-03-13 13:41:00,2909.9776027592366,0.00036068236739579383
2020-03-13 13:42:00,2908.847203594408,0.00036074955517881606
2020-03-13 13:43:00,2909.0319265697267,0.00032660298407765845
2020-03-13 13:44:00,2909.38894139501,0.00033343226747900193
2020-03-13 13:45:00,2909.389834821264,0.000350804856703341
2020-03-13 13:46:00,2908.4301245150045,0.0003375198595841923
2020-03-13 13:47:00,2909.4546785169396,0.0003398977213991506
2020-03-13 13:48:00,2908.4688118856197,0.00034447569560766783
2020-03-13 13:49:00,2907.1147376278923,0.0003590664314632257
2020-03-13 13:50:00,2906.0493788518033,0.0003527060617801459
2020-03-13 13:51:00,2904.165540625225,0.0003765286548377354
2020-03-13 13:52:00,2903.9523140787865,0.00038658774040947774
2020-03-13 13:53:00,2902.834492863292,0.0003610086591598581
2020-03-13 13:54:00,2901.6361305581327,0.0003694844023126782
2020-03-13 13:55:00,2901.5768967053104,0.00037605733854549134
2020-03-13 13:56:00,2901.608837761282,0.0003414859617716047
2020-03-13 13:57:00,2903.4554714709298,0.000335706396603208
2020-03-13 13:58:00,2903.97163871744,0.0003074347117071369
2020-03-13 13:59:00,2904.3233626685387,0.0003171453142448787
2020-03-13 14:00:00,2904.906327440253,0.00032869640007462936
2020-03-13 14:01:00,2905.130883642346,0.00034862843436917276
2020-03-13 14:02:00,2905.548282675963,0.0003562615023315147
2020-03-13 14:03:00,2905.752131677947,0.0003437406699803186
2020-03-13 14:04:00,2904.7888845820235,0.000336396740306653
2020-03-13 14:05:00,2904.1136539158592,0.00033859554875990863
2020-03-13 14:06:00,2904.9458478266124,0.000357382416328349
2020-03-13 14:07:00,2905.3404007307904,0.00034198555443148537
2020-03-13 14:08:00,2904.7609172364027,0.00036213128009612107
2020-03-13 14:09:00,2903.9358521587174,0.00038235511786994717
2020-03-13 14:10:00,2904.012012840639,0.0003732997325121992
2020-03-13 14:11:00,2903.2308928774087,0.0003644791700710939
2020-03-13 14:12:00,2902.855014489125,0.0003532397496157564
2020-03-13 14:13:00,2902.3074257941657,0.0003560489778665274
2020-03-13 14:14:00,2899.744563425343,0.00036552629650069023
2020-03-13 14:15:00,2900.288269319389,0.0003585431997001385
2020-03-13 14:16:00,2901.248739696284,0.00033962469900006807
2020-03-13 14:17:00,2900.980743497648,0.00035726103215338536
2020-03-13 14:18:00,2899.8858058542214,0.0003801936745518982
2020-03-13 14:19:00,2898.886481333285,0.00038076885648322085
2020-03-13 14:20:00,2898.473684003655,0.0003690533981563792
2020-03-13 14:21:00,2897.25809182144,0.0003833150977104848
2020-03-13 14:22:00,2898.6763949592255,0.00037214636541349044
2020-03-13 14:23:00,2897.656764715307,0.00035794953235831193
2020-03-13 14:24:00,2898.519089846522,0.0003443707043344653
2020-03-13 14:25:00,2898.441494096385,0.00035135079014125614
2020-03-13 14:26:00,2897.789158050313,0.0003371645425109422
2020-03-13 14:27:00,2897.5961376387086,0.0003472416900484424
2020-03-13 14:28:00,2898.1861177726837,0.00036417186126435616
2020-03-13 14:29:00,2898.4352805184662,0.000361721223487211
2020-03-13 14:30:00,2899.5141141865174,0.0003771643832675994
2020-03-13 14:31:00,2900.2679207652304,0.0003694236341103894
2020-03-13 14:32:00,2901.0945378192278,0.0003594448288002334
2020-03-13 14:33:00,2901.709077002306,0.00035887685480869697
2020-03-13 14:34:00,2900.8692543543193,0.000356279293969728
2020-03-13 14:35:00,2900.553225016555,0.000348948780487321
2020-03-13 14:36:00,2900.7250807631726,0.0003322831184506607
2020-03-13 14:37:00,2901.174094665906,0.00032651850829364197
2020-03-13 14:38:00,2901.6760052491204,0.0003636317306792217
2020-03-13 14:39:00,2902.0623491950773,0.0003909370516983803
2020-03-13 14:40:00,2903.2334490760813,0.00035533532335844275
2020-03-13 14:41:00,2902.9316332466947,0.0003481664783352195
2020-03-13 14:42:00,2904.406150255551,0.00035007453448627574
2020-03-13 14:43:00,2905.479964042266,0.00034073009962498917
2020-03-13 14:44:00,2906.614760441563,0.00035747118975415634
2020-03-13 14:45:00,2907.1191812171332,0.0003664296268188108
2020-03-13 14:46:00,2906.9867154668896,0.00037599172768788174
2020-03-13 14:47:00,2905.3039646860607,0.00038363679077106443
2020-03-13 14:48:00,2903.1660583418898,0.00039164270833166897
2020-03-13 14:49:00,2905.03688328086,0.0004048986248203448
2020-03-13 14:50:00,2905.2479546892005,0.0004405688096899089
2020-03-13 14:51:00,2904.644848268366,0.0005028213387552891
2020-03-13 14:52:00,2902.5752367726604,0.0005104472239760784
2020-03-13 14:53:00,2903.585871798351,0.0005411427780142686
2020-03-13 14:54:00,2906.4255850761565,0.0005404944418644199
2020-03-13 14:55:00,2906.0609310645614,0.0005417666995253779
2020-03-13 14:56:00,2904.488705238244,0.0004986694045272659
2020-03-13 14:57:00,2905.8553820421653,0.0005519874822268523
2020-03-13 14:58:00,2904.4030969707674,0.0005373715515399686
2020-03-13 14:59:00,2903.833701502547,0.0005318548529984466
2020-03-13 15:00:00,2905.2871277852328,0.0004867132555493393
2020-03-13 15:01:00,2907.227967853809,0.0004899995975395625
2020-03-13 15:02:00,2906.8028040214,0.0005169083035507158
2020-03-13 15:03:00,2906.7817077571203,0.0005073370125699494
2020-03-13 15:04:00,2906.0977005471063,0.0004897628943948234
2020-03-13 15:05:00,2905.065474008423,0.0004882767366745955
2020-03-13 15:06:00,2904.248637534449,0.0005251980986330766
2020-03-13 15:07:00,2903.061729115939,0.0005363727258436364
2020-03-13 15:08:00,2903.7398537951967,0.0005320972864112601
2020-03-13 15:09:00,2903.369702981472,0.0005256025879701122
2020-03-13 15:10:00,2901.591784143853,0.0005170788965607578
2020-03-13 15:11:00,2900.9579340831474,0.0004991414005667488
2020-03-13 15:12:00,2900.151731368343,0.0005361955806289652
2020-03-13 15:13:00,2899.9438210265903,0.0005360474351274984
2020-03-13 15:14:00,2899.9454613054786,0.0005822866805813104
2020-03-13 15:15:00,2900.8069891727578,0.0005509790021542222
2020-03-13 15:16:00,2901.052074411178,0.0005292458363812243
2020-03-13 15:17:00,2902.1671158286317,0.0005074484546096922
2020-03-13 15:18:00,2903.4622604277893,0.00048322101339215814
2020-03-13 15:19:00,2905.0687740221647,0.0004939297463449807
2020-03-13 15:20:00,2906.932730267892,0.0005086319998626532
2020-03-13 15:21:00,2905.8634461647684,0.0005364127924845913
2020-03-13 15:22:00,2906.4051479842797,0.0005320638023396966
2020-03-13 15:23:00,2905.6133583561336,0.0005389225578133061
2020-03-13 15:24:00,2906.0433176043275,0.000519675336051313
2020-03-13 15:25:00,2904.159734987508,0.0004942665017316306
2020-03-13 15:26:00,2902.6108948469364,0.0004660746181135621
2020-03-13 15:27:00,2903.091512742546,0.00048437366106428737
2020-03-13 15:28:00,2902.832223795579,0.0005305173706151846
2020-03-13 15:29:00,2902.788355639236,0.0005504378588443385
2020-03-13 15:30:00,2901.5967997752664,0.0005579164557733782
2020-03-13 15:31:00,2900.874252502511,0.0006072631048496827
2020-03-13 15:32:00,2900.920809938378,0.0005847668269415924
2020-03-13 15:33:00,2901.9186966466177,0.0006028479905213979
2020-03-13 15:34:00,2903.290513511987,0.0005755223978964327
2020-03-13 15:35:00,2904.0505186944333,0.000553676589827932
2020-03-13 15:36:00,2902.924077583282,0.000538054035316368
2020-03-13 15:37:00,2904.3776295995594,0.0005596754754622403
2020-03-13 15:38:00,2904.668361420806,0.0006402571993357738
2020-03-13 15:39:00,2902.9927753185843,0.0006286313091016802
2020-03-13 15:40:00,2903.781190206064,0.0006237035943278761
2020-03-13 15:41:00,2904.9682526827733,0.0006462747473210666
2020-03-13 15:42:00,2904.7969933668505,0.0006092251710350229
2020-03-13 15:43:00,2905.9331594961536,0.000624153018171377
2020-03-13 15:44:00,2910.1478769201035,0.0006436233459918266
2020-03-13 15:45:00,2911.36597169953,0.0006431486308387103
2020-03-13 15:46:00,2910.669537402275,0.0006308560140698569
2020-03-13 15:47:00,2910.5222348753878,0.0006781936201755275
2020-03-13 15:48:00,2909.1616001145185,0.0007099750739299207
2020-03-13 15:49:00,2908.155760513349,0.0006816059482115147
2020-03-13 15:50:00,2909.0397394398824,0.0007463717022173597
2020-03-13 15:51:00,2911.7199732312665,0.0007634913116425333
2020-03-13 15:52:00,2911.774770103298,0.0008072125597777061
2020-03-13 15:53:00,2911.378390607114,0.0008229252174516486
2020-03-13 15:54:00,2915.1078073219933,0.0008573859228319516
2020-03-13 15:55:00,2913.889951565464,0.0008491887483242458
2020-03-13 15:56:00,2915.0602264737076,0.0008655824170784285
2020-03-13 15:57:00,2918.2951592565587,0.000896916346088273
2020-03-13 15:58:00,2921.3748465184685,0.0009550244416522874
2020-03-13 15:59:00,2923.9536188168436,0.000968244141956087
2020-03-13 16:00:00,2926.6682478591433,0.0009607411965684448
2020-03-13 16:01:00,2925.7993757706067,0.000943677502233073
2020-03-13 16:02:00,2922.418412153835,0.0009919602410176592
2020-03-13 16:03:00,2922.390532085635,0.001008517138274167
2020-03-13 16:04:00,2926.664695914796,0.0009501110784678127
2020-03-13 16:05:00,2924.3141347668006,0.000979543040648301
2020-03-13 16:06:00,2927.4494087741186,0.0009825161471383374
2020-03-13 16:07:00,2928.493457836893,0.0010103501491643427
2020-03-13 16:08:00,2926.725975313749,0.0009990447971792756
2020-03-13 16:09:00,2925.6979749778393,0.0011099617031446862
2020-03-13 16:10:00,2921.9063495495207,0.0011410370609412812
2020-03-13 16:11:00,2919.283634428701,0.0010818981605870282
2020-03-13 16:12:00,2918.3597590351824,0.0010639929831427434
2020-03-13 16:13:00,2917.7259309989663,0.0010406641554993022
2020-03-13 16:14:00,2918.9355059784266,0.0009944934870293348
2020-03-13 16:15:00,2921.1812691268706,0.0009422089418842535
2020-03-13 16:16:00,2921.9006868186934,0.0009527045706873326
2020-03-13 16:17:00,2925.2635636151767,0.0010066792622629049
2020-03-13 16:18:00,2918.2268117086637,0.0009864646869904006
2020-03-13 16:19:00,2920.990536054019,0.000958544013273425
2020-03-13 16:20:00,2920.406265516017,0.0010064216604075615
2020-03-13 16:21:00,2919.630703258783,0.000998110828189019
2020-03-13 16:22:00,2920.867106749685,0.0010608754628316619
2020-03-13 16:23:00,2921.098006481575,0.0010346288858131705
2020-03-13 16:24:00,2922.138714826088,0.000993590725324653
2020-03-13 16:25:00,2922.787257961978,0.0008944518855512847
2020-03-13 16:26:00,2925.291489351013,0.0009640914216651983
2020-03-13 16:27:00,2927.0143217451346,0.0009164450093263454
2020-03-13 16:28:00,2921.396701472273,0.0009145869446041491
2020-03-13 16:29:00,2918.863335906321,0.0009584885549320294
2020-03-13 16:30:00,2917.323997903389,0.0009421523158039487
2020-03-13 16:31:00,2921.080892482182,0.0009205920025879562
2020-03-13 16:32:00,2915.6870396836316,0.000905105909575605
2020-03-13 16:33:00,2913.0140684300386,0.0009759569359147083
2020-03-13 16:34:00,2909.7696415038467,0.000984970466303936
2020-03-13 16:35:00,2912.1231988013164,0.0009294825941093904
2020-03-13 16:36:00,2917.1741240905512,0.0009491460553776494
2020-03-13 16:37:00,2919.3180744968763,0.0009786408887131435
2020-03-13 16:38:00,2917.430316241728,0.0010264635377681137
2020-03-13 16:39:00,2913.6712322120293,0.0010347520847135557
2020-03-13 16:40:00,2920.196553350772,0.0010706801006430833
2020-03-13 16:41:00,2916.443774182717,0.0009778918052910912
2020-03-13 16:42:00,2912.822926648853,0.0009075817082656717
2020-03-13 16:43:00,2913.436015142256,0.0008652088100649311
2020-03-13 16:44:00,2916.024529499408,0.0008987666428520614
2020-03-13 16:45:00,2914.53526834177,0.0008884433534322127
2020-03-13 16:46:00,2914.627374606688,0.0008990057599300045
2020-03-13 16:47:00,2914.1702254512124,0.0009224321862933001
2020-03-13 16:48:00,2917.7661106654136,0.0010014706400550699
2020-03-13 16:49:00,2917.43782822011,0.0010536409283151923
2020-03-13 16:50:00,2919.370581860634,0.0010783132252493767
2020-03-13 16:51:00,2916.527219302361,0.0010545623036038875
2020-03-13 16:52:00,2911.6500832748075,0.0010605243878500784
2020-03-13 16:53:00,2908.4579552972673,0.0010109939708589488
2020-03-13 16:54:00,2907.8838859317743,0.0010644397721518346
2020-03-13 16:55:00,2907.7706754331452,0.0011140833468901077
2020-03-13 16:56:00,2904.5596228843783,0.0011368984873215662
2020-03-13 16:57:00,2906.2743784121985,0.0011446344528282205
2020-03-13 16:58:00,2906.2974877565525,0.0012064333225320174
2020-03-13 16:59:00,2906.6839842751133,0.0012423604074606976
2020-03-13 17:00:00,2904.1564076496015,0.0011119727617083233
2020-03-13 17:01:00,2907.706123634397,0.0011193506295970647
2020-03-13 17:02:00,2911.7490038515866,0.0009959916818159786
2020-03-13 17:03:00,2912.1796468959856,0.0010218818393011512
2020-03-13 17:04:00,2910.1089672260964,0.0009766105062363937
2020-03-13 17:05:00,2914.2035400258364,0.000928848417168468
2020-03-13 17:06:00,2913.993472294187,0.0008926419635196664
2020-03-13 17:07:00,2916.507642530634,0.0009457187971271325
2020-03-13 17:08:00,2918.036366305408,0.0009342631634084576
2020-03-13 17:09:00,2918.3530040613646,0.0009435961810222681
2020-03-13 17:10:00,2920.994222312292,0.0010055762856233349
2020-03-13 17:11:00,2915.9840248860355,0.0009537332541795242
2020-03-13 17:12:00,2914.3044699131265,0.0009179535224599577
2020-03-13 17:13:00,2915.4145035714205,0.0009428145391991478
2020-03-13 17:14:00,2914.8650063505247,0.0009074432936466909
2020-03-13 17:15:00,2918.298213055689,0.001037215726199942
2020-03-13 17:16:00,2917.543768660205,0.0010256902693321225
2020-03-13 17:17:00,2914.0051906682315,0.0010184843395353333
2020-03-13 17:18:00,2908.881033217923,0.0010177797874245552
2020-03-13 17:19:00,2905.0160588410495,0.0009844141396015875
2020-03-13 17:20:00,2907.0077117869478,0.0009901615344272466
2020-03-13 17:21:00,2902.069811045508,0.0010209572135164513
2020-03-13 17:22:00,2899.863339136689,0.001035908557105647
2020-03-13 17:23:00,2905.3519849731415,0.00105069995974266
2020-03-13 17:24:00,2897.6584175401777,0.0010601233739694078
2020-03-13 17:25:00,2897.2421895777156,0.0010184349252949417
2020-03-13 17:26:00,2892.0210270281086,0.0010018502035062102
2020-03-13 17:27:00,2897.781594925258,0.0009318830761973016
2020-03-13 17:28:00,2905.2796445968506,0.0009737614442302059
2020-03-13 17:29:00,2905.448984197648,0.0010331273209448313
2020-03-13 17:30:00,2902.2122194679964,0.0009680646074158957
2020-03-13 17:31:00,2899.7534613323023,0.0008881865799861956
2020-03-13 17:32:00,2899.933741315239,0.0008502367166464587
2020-03-13 17:33:00,2902.8961873230105,0.0008618484703841108
2020-03-13 17:34:00,2898.6606189075806,0.0008918858627890104
2020-03-13 17:35:00,2900.9745423389463,0.0009026728791398189
2020-03-13 17:36:00,2900.51118002654,0.0009088600516354274
2020-03-13 17:37:00,2899.765780641818,0.0008391453165107693
2020-03-13 17:38:00,2898.137737450579,0.0008197667193705042
2020-03-13 17:39:00,2896.6424108038423,0.0007988346227130859
2020-03-13 17:40:00,2901.8109237768226,0.0008570167282210714
2020-03-13 17:41:00,2899.514201030373,0.0008078442998169711
2020-03-13 17:42:00,2903.1869513125484,0.0008160398077031414
2020-03-13 17:43:00,2905.105509659971,0.0007881645300559845
2020-03-13 17:44:00,2904.7745853265787,0.0007741577120097565
2020-03-13 17:45:00,2903.8989527427393,0.0007881175253706937
2020-03-13 17:46:00,2903.3215081068,0.0007537735064380288
2020-03-13 17:47:00,2906.11593577924,0.0007509778103798295
2020-03-13 17:48:00,2909.7556089179334,0.0007882660128355391
2020-03-13 17:49:00,2908.986076885747,0.000766656138943542
2020-03-13 17:50:00,2910.488041675817,0.000731089560586504
2020-03-13 17:51:00,2909.2258681422786,0.000753920186047222
2020-03-13 17:52:00,2910.5163726655505,0.0007831799385957909
2020-03-13 17:53:00,2910.3650506957592,0.0007797663703101357
2020-03-13 17:54:00,2914.5968468922206,0.0007370686852005745
2020-03-13 17:55:00,2912.400134715944,0.00076397477641423
2020-03-13 17:56:00,2909.178814299692,0.0007762703557894748
2020-03-13 17:57:00,2906.9105252832123,0.0007926612119925231
2020-03-13 17:58:00,2907.0510145773906,0.0007204093977825912
2020-03-13 17:59:00,2909.2990802865866,0.0006927292092750177
2020-03-13 18:00:00,2906.622397503055,0.000732748398944745
2020-03-13 18:01:00,2907.0055326830907,0.000755202804848587
2020-03-13 18:02:00,2907.4715854558276,0.0007558357643688275
2020-03-13 18:03:00,2905.898942797903,0.000740249453070873
2020-03-13 18:04:00,2905.4335770760044,0.0006868901149367964
2020-03-13 18:05:00,2905.8228637808497,0.000670244439507486
2020-03-13 18:06:00,2908.3003792245504,0.0006589213473250903
2020-03-13 18:07:00,2908.29744217397,0.0006751552185016179
2020-03-13 18:08:00,2906.2795446244554,0.00066625945576735
2020-03-13 18:09:00,2904.716390074128,0.0006753474017651066
2020-03-13 18:10:00,2905.71070929146,0.0006791768488486603
2020-03-13 18:11:00,2905.247049152181,0.0007042134455884869
2020-03-13 18:12:00,2908.3345041536927,0.0006888563024762242
2020-03-13 18:13:00,2907.2187822293836,0.0006803101874831368
2020-03-13 18:14:00,2908.388247142746,0.0006548906210336367
2020-03-13 18:15:00,2909.0116450740447,0.0006903401013357177
2020-03-13 18:16:00,2907.661717435419,0.0006855713598252503
2020-03-13 18:17:00,2908.377247621991,0.000667257435919881
2020-03-13 18:18:00,2908.6449525456105,0.0006798586098716721
2020-03-13 18:19:00,2910.313308983103,0.0007019822389683872
2020-03-13 18:20:00,2911.7126954391647,0.0006837773908468482
2020-03-13 18:21:00,2911.2381203025134,0.0006529553451764522
2020-03-13 18:22:00,2911.3200899785334,0.0005985886041437263
2020-03-13 18:23:00,2911.6498405206976,0.0005994280083319731
2020-03-13 18:24:00,2911.4720430084867,0.0005235005524299122
2020-03-13 18:25:00,2909.6959931042547,0.0005510161775003674
2020-03-13 18:26:00,2909.8353421338124,0.0005139467751366681
2020-03-13 18:27:00,2911.8888196862495,0.0005432890633350389
2020-03-13 18:28:00,2913.806226183028,0.0005537683434409721
2020-03-13 18:29:00,2914.8705815248522,0.0005549180104521752
2020-03-13 18:30:00,2913.8607058712855,0.000555063364664899
2020-03-13 18:31:00,2913.530216641158,0.0005457902172281978
2020-03-13 18:32:00,2916.7218786964954,0.000543961728191706
2020-03-13 18:33:00,2914.627969614267,0.0005577055656920091
2020-03-13 18:34:00,2914.8396947766346,0.0006058402768497928
2020-03-13 18:35:00,2915.1240464724206,0.0006180980739119447
2020-03-13 18:36:00,2919.408356835785,0.0006371277918458436
2020-03-13 18:37:00,2919.88686980193,0.000653125315265235
2020-03-13 18:38:00,2918.331810688963,0.0006559452020958866
2020-03-13 18:39:00,2915.265105896581,0.000670348204674601
2020-03-13 18:40:00,2916.888014433155,0.0006745592643189253
2020-03-13 18:41:00,2918.03258550333,0.0006651334811070075
2020-03-13 18:42:00,2918.0270382508047,0.0006630814603830179
2020-03-13 18:43:00,2914.7482400826566,0.0006646886474734427
2020-03-13 18:44:00,2919.935157158129,0.0006534710200545396
2020-03-13 18:45:00,2920.036775692272,0.0006353697926708874
2020-03-13 18:46:00,2918.9001726779597,0.0006656632713379334
2020-03-13 18:47:00,2917.990339424669,0.0006958031403370551
2020-03-13 18:48:00,2916.384146136212,0.0006927279410250127
2020-03-13 18:49:00,2915.209441008799,0.0006930589481516233
2020-03-13 18:50:00,2916.8785955468484,0.0006949889252076415
2020-03-13 18:51:00,2912.2981554566527,0.0007442710925308692
2020-03-13 18:52:00,2910.6012198212698,0.0007655232017176704
2020-03-13 18:53:00,2909.2714465958657,0.0007220358011252877
2020-03-13 18:54:00,2909.1557540077993,0.0006862488113959898
2020-03-13 18:55:00,2909.6931745337506,0.0006480552842172263
2020-03-13 18:56:00,2906.765486498447,0.000638668472003986
2020-03-13 18:57:00,2906.0462424408097,0.0006656157786326185
2020-03-13 18:58:00,2904.6970184864613,0.0006537125028424755
2020-03-13 18:59:00,2904.210516891981,0.0006598565311030852
2020-03-13 19:00:00,2904.9392853280706,0.0006255664490809
2020-03-13 19:01:00,2905.2441491219347,0.0006368458956242427
2020-03-13 19:02:00,2906.690628723978,0.0006290199599576057
2020-03-13 19:03:00,2902.830043434483,0.0006391261430435426
2020-03-13 19:04:00,2901.402940417357,0.0006518453205741025
2020-03-13 19:05:00,2902.1490166375797,0.0006438090444310529
2020-03-13 19:06:00,2900.3215362318024,0.0006784699971730669
2020-03-13 19:07:00,2898.3535387600923,0.0006913481096517349
2020-03-13 19:08:00,2897.5386294438995,0.0007026257219929486
2020-03-13 19:09:00,2898.967190782315,0.0007058025594868856
2020-03-13 19:10:00,2898.8541686503427,0.0007641180279971103
2020-03-13 19:11:00,2901.0785939989155,0.0007168728460812526
2020-03-13 19:12:00,2902.817982402094,0.0006809399899871426
2020-03-13 19:13:00,2902.3957499424396,0.000683570093809239
2020-03-13 19:14:00,2905.320535729679,0.0007388695665008711
2020-03-13 19:15:00,2905.0563567881936,0.0007109203737547554
2020-03-13 19:16:00,2905.9882882591614,0.0006974801700344342
2020-03-13 19:17:00,2906.9317239663346,0.0006793172661263233
2020-03-13 19:18:00,2909.1249874724645,0.000718031022990985
2020-03-13 19:19:00,2911.192021017949,0.0007480917701753783
2020-03-13 19:20:00,2912.094338122576,0.000761916087869491
2020-03-13 19:21:00,2908.940335092581,0.0007320352917679661
2020-03-13 19:22:00,2905.5143861595234,0.000680554810079259
2020-03-13 19:23:00,2908.1182409205994,0.0006793618617376756
2020-03-13 19:24:00,2905.5438621210237,0.0007274759090092057
2020-03-13 19:25:00,2903.7496566340305,0.000736435080604983
2020-03-13 19:26:00,2903.962952355447,0.000753114468942994
2020-03-13 19:27:00,2904.058369291438,0.0006921116775720443
2020-03-13 19:28:00,2901.4554884549707,0.0006956080333333889
2020-03-13 19:29:00,2902.636770162,0.0006935262809116183
2020-03-13 19:30:00,2903.050803159613,0.0006541889589630206
2020-03-13 19:31:00,2904.9660902247274,0.0006531229425881433
2020-03-13 19:32:00,2902.6299337478886,0.0006414590057365748
2020-03-13 19:33:00,2903.5950026153746,0.0006345825794039769
2020-03-13 19:34:00,2902.4241865165204,0.0006621109379195231
2020-03-13 19:35:00,2901.8452976207595,0.0007228216424237851
2020-03-13 19:36:00,2899.8610238878528,0.0006878726981033383
2020-03-13 19:37:00,2901.166118653115,0.000697391678770603
2020-03-13 19:38:00,2898.31757900213,0.0006713993285032779
2020-03-13 19:39:00,2898.40888765478,0.0007043194008134328
2020-03-13 19:40:00,2898.3358766910255,0.0007083477863271698
2020-03-13 19:41:00,2896.0111819722906,0.0006932166143873768
2020-03-13 19:42:00,2897.4136772366696,0.0006663382388939366
2020-03-13 19:43:00,2895.277163230806,0.0007062497744131393
2020-03-13 19:44:00,2896.2178972276884,0.000674322332183704
2020-03-13 19:45:00,2897.89411932343,0.0006653708216136729
2020-03-13 19:46:00,2900.1026621936708,0.0006208336309979656
2020-03-13 19:47:00,2898.8645148208893,0.0006420177412592079
2020-03-13 19:48:00,2897.5237462650484,0.0006552419161900545
2020-03-13 19:49:00,2899.94803753162,0.0006421984891879528
2020-03-13 19:50:00,2898.0894671072706,0.0006647376932095307
2020-03-13 19:51:00,2896.960960076969,0.0006816322505244498
2020-03-13 19:52:00,2895.395868240221,0.0006496021628130856
2020-03-13 19:53:00,2896.1417274964583,0.0006304218070974704
2020-03-13 19:54:00,2899.1491377891116,0.0006042436705577448
2020-03-13 19:55:00,2898.9536255944427,0.0006049429480161997
2020-03-13 19:56:00,2900.378826073256,0.0006252820913849352
2020-03-13 19:57:00,2899.204041716112,0.000646734899714123
2020-03-13 19:58:00,2901.149495789425,0.0006754092094242801
2020-03-13 19:59:00,2899.991324720797,0.0006507432494855097
2020-03-16 13:30:00,2934.054357079222,0.0006421216060690088
2020-03-16 13:31:00,2934.701809268537,0.0006602354972527535
2020-03-16 13:32:00,2934.501867932845,0.0006838412250460286
2020-03-16 13:33:00,2935.5969501043733,0.0007020162241109061
2020-03-16 13:34:00,2934.097636947475,0.0006699694504874277
2020-03-16 13:35:00,2932.3311402986105,0.0006748060598926066
2020-03-16 13:36:00,2934.00935452403,0.0007053889509619604
2020-03-16 13:37:00,2935.190295722107,0.0007593817020478796
2020-03-16 13:38:00,2935.487597505772,0.0007559264441930735
2020-03-16 13:39:00,2933.0580229109414,0.000724797040658726
2020-03-16 13:40:00,2931.0482658884525,0.0007237637903610012
2020-03-16 13:41:00,2931.3193821057694,0.0007590028638655441
2020-03-16 13:42:00,2930.4484599779566,0.0007043281427102213
2020-03-16 13:43:00,2929.3226792122923,0.000676134916091963
2020-03-16 13:44:00,2925.857865760656,0.0006656300474540157
2020-03-16 13:45:00,2924.7106310751615,0.0006744062708372733
2020-03-16 13:46:00,2926.937432950861,0.000615824596697946
2020-03-16 13:47:00,2927.3653713624676,0.0006355781472364089
2020-03-16 13:48:00,2924.44553830389,0.0006277463741587686
2020-03-16 13:49:00,2921.8955735963164,0.0006398268452482508
2020-03-16 13:50:00,2920.753897403068,0.0006187373408089186
2020-03-16 13:51:00,2921.6235786378743,0.0006374600962733192
2020-03-16 13:52:00,2923.477840340883,0.0006552101295516739
2020-03-16 13:53:00,2923.0090806048684,0.0006538412752616271
2020-03-16 13:54:00,2923.318641396914,0.0007026600462616951
2020-03-16 13:55:00,2922.0513582276953,0.0006954791611092356
2020-03-16 13:56:00,2922.3658540560336,0.0006858920117067051
2020-03-16 13:57:00,2920.943853850232,0.0006767474431589505
2020-03-16 13:58:00,2922.7214226231763,0.0007159787419999692
2020-03-16 13:59:00,2923.904581721603,0.000691633962091736
2020-03-16 14:00:00,2923.552373940344,0.0006831671593480998
2020-03-16 14:01:00,2924.6200600570137,0.0007193226241135395
2020-03-16 14:02:00,2922.8955160477153,0.0006988041255415198
2020-03-16 14:03:00,2922.05066934086,0.000709895025257444
2020-03-16 14:04:00,2922.0053213850815,0.0007644970757860464
2020-03-16 14:05:00,2923.3273207501315,0.0007633848574826166
2020-03-16 14:06:00,2922.197575703508,0.000776886823387715
2020-03-16 14:07:00,2920.8795410882744,0.0006824526632127726
2020-03-16 14:08:00,2916.05793120766,0.0007229808612266192
2020-03-16 14:09:00,2917.7369737179406,0.0007168846955751913
2020-03-16 14:10:00,2917.964526814289,0.0007189628479669675
2020-03-16 14:11:00,2922.7150917522677,0.0007408809134324217
2020-03-16 14:12:00,2925.050818143754,0.0006949130552364697
2020-03-16 14:13:00,2926.186883520273,0.0007361705432499576
2020-03-16 14:14:00,2923.4215229951365,0.000772458922976325
2020-03-16 14:15:00,2920.8935279777506,0.0007409491004835914
2020-03-16 14:16:00,2917.2669433235815,0.0007195867130994033
2020-03-16 14:17:00,2916.5914751548044,0.0007275852281625618
2020-03-16 14:18:00,2916.2051811852325,0.0007378699915482923
2020-03-16 14:19:00,2913.2553560983856,0.0007076209802395739
2020-03-16 14:20:00,2912.3491743665945,0.0006911254882745981
2020-03-16 14:21:00,2910.432590886453,0.0006919881427628563
2020-03-16 14:22:00,2913.2817244846233,0.0006493884277301949
2020-03-16 14:23:00,2915.94567396996,0.0007170378677152157
2020-03-16 14:24:00,2917.473865309179,0.0007476806227663294
2020-03-16 14:25:00,2917.8145299531834,0.0007043689915465315
2020-03-16 14:26:00,2917.9187922482483,0.0006847229105457132
2020-03-16 14:27:00,2921.0494941941256,0.0006790810020630109
2020-03-16 14:28:00,2921.043895115415,0.0006922322136151866
2020-03-16 14:29:00,2921.424605932746,0.0007598134773587094
2020-03-16 14:30:00,2919.830036421235,0.0007360214426512529
2020-03-16 14:31:00,2919.6535232053975,0.000724474653340811
2020-03-16 14:32:00,2921.9811065609642,0.0007704871823879442
2020-03-16 14:33:00,2922.2639120177287,0.000808340615124827
2020-03-16 14:34:00,2921.8440248968495,0.0008669801953375049
2020-03-16 14:35:00,2922.094599479543,0.0008683804999167949
2020-03-16 14:36:00,2916.979954830608,0.000946704654755168
2020-03-16 14:37:00,2913.047646671538,0.0010001687064585653
2020-03-16 14:38:00,2911.2105664286,0.0009672891868305727
2020-03-16 14:39:00,2907.1737380989593,0.0009432704821110058
2020-03-16 14:40:00,2909.9787591763234,0.0009588930084318006
2020-03-16 14:41:00,2906.539199482306,0.0009971067927091021
2020-03-16 14:42:00,2906.9822602732993,0.0010311509886490853
2020-03-16 14:43:00,2906.624959931287,0.0009521070500699899
2020-03-16 14:44:00,2911.707095707246,0.0009054826944348705
2020-03-16 14:45:00,2910.2563157679547,0.0010112465777311792
2020-03-16 14:46:00,2912.7133672257073,0.0010669949595756088
2020-03-16 14:47:00,2908.1978814180598,0.0010088429588492166
2020-03-16 14:48:00,2909.678279748198,0.001009797101034309
2020-03-16 14:49:00,2912.836809839873,0.0010036016385278348
2020-03-16 14:50:00,2918.259266911882,0.0010522976888942125
2020-03-16 14:51:00,2921.9656537547776,0.0010831024681508847
2020-03-16 14:52:00,2923.204126687469,0.0010976120935054453
2020-03-16 14:53:00,2925.520739861798,0.001053901983071743
2020-03-16 14:54:00,2928.1004127462943,0.001089343202178671
2020-03-16 14:55:00,2927.673483602062,0.0010189066533492495
2020-03-16 14:56:00,2924.3276835064485,0.0010064899011505602
2020-03-16 14:57:00,2923.4237350410986,0.0010311196073644426
2020-03-16 14:58:00,2921.931937146462,0.0010446755884179794
2020-03-16 14:59:00,2915.6308696612714,0.0010473478003840296
2020-03-16 15:00:00,2919.0970019001943,0.0009601720448223752
2020-03-16 15:01:00,2920.948100079968,0.0010817049187654777
2020-03-16 15:02:00,2923.707858171853,0.0009395254858109832
2020-03-16 15:03:00,2920.0738537492834,0.0009183464495431905
2020-03-16 15:04:00,2917.557720261659,0.0009319183141898634
2020-03-16 15:05:00,2916.16635544344,0.000929825387151728
2020-03-16 15:06:00,2914.244452964602,0.0009410702981915656
2020-03-16 15:07:00,2913.8101283300343,0.0009300053776533876
2020-03-16 15:08:00,2917.1520407926673,0.0008729787200647478
2020-03-16 15:09:00,2920.0446574801335,0.0008487477453886585
2020-03-16 15:10:00,2921.4664412834222,0.0008820597600866429
2020-03-16 15:11:00,2922.8949928110724,0.0008219158020252662
2020-03-16 15:12:00,2919.343128917101,0.0007991498173601595
2020-03-16 15:13:00,2919.273460629037,0.0008451846377235129
2020-03-16 15:14:00,2916.001430316216,0.0008433013339942672
2020-03-16 15:15:00,2913.5614316267465,0.0007798252099976926
2020-03-16 15:16:00,2912.2500323648055,0.0008019834049077622
2020-03-16 15:17:00,2910.705166683391,0.0008071238851348941
2020-03-16 15:18:00,2910.471985910211,0.0007806948755285136
2020-03-16 15:19:00,2910.1632827102344,0.0007405859000801972
2020-03-16 15:20:00,2907.4854144642904,0.0007204397433531656
2020-03-16 15:21:00,2905.661918672684,0.0007578331943547058
2020-03-16 15:22:00,2903.3331124355573,0.0007652603826123783
2020-03-16 15:23:00,2901.899529186826,0.0007701914353240177
2020-03-16 15:24:00,2900.493893807337,0.0007496486853573792
2020-03-16 15:25:00,2898.9844660755984,0.0007780958137117252
2020-03-16 15:26:00,2901.977606866934,0.0007914273591537519
2020-03-16 15:27:00,2901.6301203659064,0.0007745112450011434
2020-03-16 15:28:00,2901.0967158880767,0.0007557285510061002
2020-03-16 15:29:00,2897.9008186031315,0.0008265038924426581
2020-03-16 15:30:00,2900.7185462190428,0.0008055361129616846
2020-03-16 15:31:00,2901.641792238901,0.0008252224860538136
2020-03-16 15:32:00,2898.798632893093,0.0007946507420740197
2020-03-16 15:33:00,2899.7847280382052,0.0008276956509388426
2020-03-16 15:34:00,2902.3159287754943,0.0008203352476156292
2020-03-16 15:35:00,2901.021203650565,0.0008212450352657114
2020-03-16 15:36:00,2900.9490578324576,0.0008162176591618732
2020-03-16 15:37:00,2903.0404415520725,0.0007930643453774812
2020-03-16 15:38:00,2898.939002087816,0.0007894759531738354
2020-03-16 15:39:00,2899.40445083434,0.0008049768799605708
2020-03-16 15:40:00,2895.6488916760695,0.0008281005172227322
2020-03-16 15:41:00,2897.039379872547,0.000838949208857465
2020-03-16 15:42:00,2897.344750816256,0.0008183525609076197
2020-03-16 15:43:00,2896.421792606315,0.0008542878502717047
2020-03-16 15:44:00,2898.0610534678717,0.0008339597019152897
2020-03-16 15:45:00,2896.5690604616457,0.0008790854638168749
2020-03-16 15:46:00,2896.990709053363,0.000915841623513372
2020-03-16 15:47:00,2895.321002036023,0.0009061088089232404
2020-03-16 15:48:00,2894.708400308031,0.0008951554235905644
2020-03-16 15:49:00,2895.080139595111,0.0009353564166357713
2020-03-16 15:50:00,2891.48859122744,0.0009306787187774567
2020-03-16 15:51:00,2893.976807610112,0.0009096630324467128
2020-03-16 15:52:00,2895.609312031456,0.0009003905279187144
2020-03-16 15:53:00,2896.041106056201,0.0009361742378595869
2020-03-16 15:54:00,2899.461563856001,0.0009453281884558446
2020-03-16 15:55:00,2898.0599332566135,0.0009333682596895365
2020-03-16 15:56:00,2899.78495069048,0.0009505532654531712
2020-03-16 15:57:00,2906.555775468756,0.000947944902287806
2020-03-16 15:58:00,2905.9524639819733,0.000919276411739867
2020-03-16 15:59:00,2908.656362332502,0.0009815886495733912
2020-03-16 16:00:00,2904.467516354087,0.0010180053276588365
2020-03-16 16:01:00,2907.914448635122,0.0009627398276729582
2020-03-16 16:02:00,2901.6808234828227,0.0009816174774105802
2020-03-16 16:03:00,2901.3609218347656,0.0010480559623810358
2020-03-16 16:04:00,2901.0853107098837,0.0010812649385427398
2020-03-16 16:05:00,2898.7563416929447,0.0010734928384774855
2020-03-16 16:06:00,2901.7196626480863,0.0010243314278867428
2020-03-16 16:07:00,2901.4505653106394,0.0009708786026122326
2020-03-16 16:08:00,2899.1515700854966,0.0009810139758927696
2020-03-16 16:09:00,2902.0038622107604,0.0009861447474215164
2020-03-16 16:10:00,2909.358168991501,0.0010291489941840564
2020-03-16 16:11:00,2913.1609417119375,0.0009499427900011719
2020-03-16 16:12:00,2913.3539798743814,0.0009096596813509909
2020-03-16 16:13:00,2910.812824248545,0.0008417280338237037
2020-03-16 16:14:00,2912.6323856092554,0.0008660474174896589
2020-03-16 16:15:00,2915.1230431084873,0.0009325304986596455
2020-03-16 16:16:00,2919.3926024869897,0.0009064086550759978
2020-03-16 16:17:00,2920.600863803715,0.000924504658746042
2020-03-16 16:18:00,2919.9472990076424,0.0008870549920469899
2020-03-16 16:19:00,2919.3701877633844,0.0008598812303945158
2020-03-16 16:20:00,2923.0288640845406,0.0008166611594947915
2020-03-16 16:21:00,2922.1713900866303,0.0008216988280343394
2020-03-16 16:22:00,2923.2566088829785,0.0007875473195546338
2020-03-16 16:23:00,2922.6508208680257,0.0007779377154726018
2020-03-16 16:24:00,2922.386214624388,0.0007740268227941332
2020-03-16 16:25:00,2921.3252031735597,0.000797510480003124
2020-03-16 16:26:00,2921.8538946751464,0.0007310403540802637
2020-03-16 16:27:00,2922.0245240535755,0.0007610212102673894
2020-03-16 16:28:00,2920.750053890199,0.0007639329675873011
2020-03-16 16:29:00,2917.1252591625957,0.0007714632300071478
2020-03-16 16:30:00,2915.731390159469,0.0007624719414945743
2020-03-16 16:31:00,2917.071511614005,0.0007943455461444285
2020-03-16 16:32:00,2919.3278094745456,0.0007966344138939222
2020-03-16 16:33:00,2918.198531192079,0.0008086941472999216
2020-03-16 16:34:00,2918.8564818259615,0.0008097872719852668
2020-03-16 16:35:00,2914.6276125287545,0.000803634182201666
2020-03-16 16:36:00,2914.2917969483324,0.0007615343897810371
2020-03-16 16:37:00,2911.638038264698,0.0007058998087157739
2020-03-16 16:38:00,2912.1919511703986,0.000694385907747439
2020-03-16 16:39:00,2912.1711100854845,0.0007129748918948287
2020-03-16 16:40:00,2912.4854847040174,0.0007133712329704551
2020-03-16 16:41:00,2911.927775620966,0.0006585775817095783
2020-03-16 16:42:00,2915.6802606997676,0.0006583842920440224
2020-03-16 16:43:00,2914.2374397912204,0.000681635365638573
2020-03-16 16:44:00,2914.2886838671266,0.0006827349961648457
2020-03-16 16:45:00,2912.4021131297804,0.0006603349191327509
2020-03-16 16:46:00,2909.224122259066,0.0007315432558693124
2020-03-16 16:47:00,2906.2353386971877,0.0007016063650426475
2020-03-16 16:48:00,2910.6300041261456,0.000674405243183905
2020-03-16 16:49:00,2910.378728613141,0.0006423341035151759
2020-03-16 16:50:00,2908.643241558215,0.0006118054076835448
2020-03-16 16:51:00,2906.889554643859,0.0006372022869101794
2020-03-16 16:52:00,2907.6632303446977,0.0006423837481135272
2020-03-16 16:53:00,2908.432163524273,0.0006586549851382444
2020-03-16 16:54:00,2907.336188067597,0.0006867904769245997
2020-03-16 16:55:00,2909.1403372625364,0.0006493592148880721
2020-03-16 16:56:00,2911.467470965545,0.0006980466302025219
2020-03-16 16:57:00,2907.7673858144612,0.0007473344642490517
2020-03-16 16:58:00,2906.9556652843894,0.00072557734253546
2020-03-16 16:59:00,2905.237042472211,0.0007653077734646334
2020-03-16 17:00:00,2907.1676580028006,0.0007185516893450765
2020-03-16 17:01:00,2905.7897210319816,0.0007122410404595014
2020-03-16 17:02:00,2905.4518918309363,0.0007656514474592319
2020-03-16 17:03:00,2903.3328153525376,0.0007238929856759704
2020-03-16 17:04:00,2904.1893661755767,0.0007035166133811275
2020-03-16 17:05:00,2907.9987453914446,0.0007275806797826392
2020-03-16 17:06:00,2906.2406122658717,0.0007291465784255948
2020-03-16 17:07:00,2906.949935245359,0.0007141821522961638
2020-03-16 17:08:00,2908.237714897405,0.000718288382327914
2020-03-16 17:09:00,2912.479641714515,0.0007484260003713701
2020-03-16 17:10:00,2909.8827257497746,0.0007847136472836732
2020-03-16 17:11:00,2906.967715265039,0.0007840089003696136
2020-03-16 17:12:00,2909.3882568871204,0.0008667552911268254
2020-03-16 17:13:00,2910.7494700959505,0.0008204162620632207
2020-03-16 17:14:00,2908.7477366875933,0.0007720835131658472
2020-03-16 17:15:00,2907.2360728883928,0.0007745516424161497
2020-03-16 17:16:00,2911.151662437648,0.0008049526934447829
2020-03-16 17:17:00,2911.542178799465,0.0007576195937413825
2020-03-16 17:18:00,2912.45972262164,0.0007539088992187725
2020-03-16 17:19:00,2912.674116497943,0.0008405329906340869
2020-03-16 17:20:00,2912.3560067633034,0.0008690931111844923
2020-03-16 17:21:00,2913.51157119829,0.0008731045823695208
2020-03-16 17:22:00,2916.8852991911485,0.0008803848510023963
2020-03-16 17:23:00,2920.686160141055,0.0008697635121866194
2020-03-16 17:24:00,2920.005247738612,0.0008596062365909498
2020-03-16 17:25:00,2921.488158676037,0.0008455227228563439
2020-03-16 17:26:00,2924.487862898169,0.0008548819094266324
2020-03-16 17:27:00,2922.2398489631873,0.0009009025725354444
2020-03-16 17:28:00,2925.87544445556,0.0008915597563432595
2020-03-16 17:29:00,2926.483630256277,0.0008802560043164172
2020-03-16 17:30:00,2928.5029987493344,0.0008276087024161522
2020-03-16 17:31:00,2924.503010738271,0.0007650039164328923
2020-03-16 17:32:00,2926.0952125019044,0.000770899876789037
2020-03-16 17:33:00,2929.298282238437,0.0008217828432068298
2020-03-16 17:34:00,2932.1912999282695,0.000810896273066819
2020-03-16 17:35:00,2927.368785776911,0.0008433524962230146
2020-03-16 17:36:00,2928.054939571042,0.0008294753321006932
2020-03-16 17:37:00,2926.0455779735253,0.0008269837836289953
2020-03-16 17:38:00,2924.522251355029,0.0007797235917483805
2020-03-16 17:39:00,2927.4007179677105,0.0007716378362387793
2020-03-16 17:40:00,2928.4003876564584,0.000803365014513319
2020-03-16 17:41:00,2930.651104905721,0.0008199783179711674
2020-03-16 17:42:00,2933.414081899855,0.0008351026434118417
2020-03-16 17:43:00,2934.06275016955,0.0008736857952147956
2020-03-16 17:44:00,2938.7505797178624,0.0008388379347493605
2020-03-16 17:45:00,2942.0149414728908,0.0008880921458177813
2020-03-16 17:46:00,2942.6250326653103,0.0009377403255601662
2020-03-16 17:47:00,2944.1630793264767,0.0009258932436423812
2020-03-16 17:48:00,2942.1346406503567,0.0009558416994549208
2020-03-16 17:49:00,2945.852892716626,0.0009272226743988113
2020-03-16 17:50:00,2947.5229971286226,0.0009011201590535678
2020-03-16 17:51:00,2944.7824470281316,0.000871795456307274
2020-03-16 17:52:00,2948.167257304434,0.0008607357052691921
2020-03-16 17:53:00,2949.597430358248,0.0008061002127067817
2020-03-16 17:54:00,2949.561878092573,0.000849284057020798
2020-03-16 17:55:00,2950.1677613356746,0.0008392516565288499
2020-03-16 17:56:00,2951.001025026629,0.000875111861544745
2020-03-16 17:57:00,2956.3774741106636,0.0008200384292683945
2020-03-16 17:58:00,2959.767633182439,0.0007977071760353842
2020-03-16 17:59:00,2957.368296788105,0.0008025259391128589
2020-03-16 18:00:00,2955.792722603818,0.0008282113691922431
2020-03-16 18:01:00,2955.7053816221805,0.0008040636999018341
2020-03-16 18:02:00,2954.7431867058963,0.0007993437290796946
2020-03-16 18:03:00,2956.2403622090146,0.0007495521941448698
2020-03-16 18:04:00,2953.7798343777017,0.0007369331423468579
2020-03-16 18:05:00,2953.0138327845452,0.0007245512996445661
2020-03-16 18:06:00,2953.793502480572,0.0006949957709717782
2020-03-16 18:07:00,2952.5701359800137,0.0006634075452847196
2020-03-16 18:08:00,2953.964051180719,0.0006571409633948543
2020-03-16 18:09:00,2953.8005319210724,0.0006705010851145132
2020-03-16 18:10:00,2952.7229075550413,0.0007023737612685797
2020-03-16 18:11:00,2955.8315460215676,0.0006953694505032768
2020-03-16 18:12:00,2955.33295331234,0.0006904349363864808
2020-03-16 18:13:00,2953.581733641369,0.0007614207988541382
2020-03-16 18:14:00,2953.40877305316,0.0007705550324475828
2020-03-16 18:15:00,2955.739378718322,0.0007779375593817911
2020-03-16 18:16:00,2952.2015671833155,0.0007694145629455887
2020-03-16 18:17:00,2952.6496779343897,0.0006881757029028462
2020-03-16 18:18:00,2951.035542117476,0.0006509601636418825
2020-03-16 18:19:00,2951.810203318307,0.0006373828393884795
2020-03-16 18:20:00,2949.9007961015036,0.0006239765358321828
2020-03-16 18:21:00,2952.7621749201408,0.0006445288147670884
2020-03-16 18:22:00,2953.5414212299706,0.000675540396037543
2020-03-16 18:23:00,2952.9319394373797,0.00067031943528767
2020-03-16 18:24:00,2953.855870704034,0.0007262767288181254
2020-03-16 18:25:00,2957.2750289479354,0.0007125224746306738
2020-03-16 18:26:00,2956.4587014168337,0.0007358545073276215
2020-03-16 18:27:00,2955.2260599809433,0.0007442736484394076
2020-03-16 18:28:00,2953.0792810833154,0.0007580626948137331
2020-03-16 18:29:00,2958.1896872193593,0.0007518813241593729
2020-03-16 18:30:00,2958.7866236249993,0.0007675650149106371
2020-03-16 18:31:00,2955.046103774783,0.0007996536311333359
2020-03-16 18:32:00,2956.7923941488725,0.0007784996084960092
2020-03-16 18:33:00,2955.1667755878216,0.0007160372723230067
2020-03-16 18:34:00,2958.0001239717794,0.0007299571631865666
2020-03-16 18:35:00,2958.2862726761687,0.0007527796792296539
2020-03-16 18:36:00,2956.5205181437123,0.0008061807766757076
2020-03-16 18:37:00,2957.8152590215877,0.0008412168561470515
2020-03-16 18:38:00,2952.709323562038,0.0008366182362310187
2020-03-16 18:39:00,2954.5060251789164,0.0008270605595734078
2020-03-16 18:40:00,2954.4589627165915,0.0008292612169614385
2020-03-16 18:41:00,2956.683107843861,0.0008072725879123461
2020-03-16 18:42:00,2958.2269654834436,0.0008308944516585816
2020-03-16 18:43:00,2959.5688605445803,0.0008067099992094977
2020-03-16 18:44:00,2960.8313557484375,0.0007741682568535694
2020-03-16 18:45:00,2962.9127817454173,0.0007767147567542943
2020-03-16 18:46:00,2961.3301014001845,0.000751924618412809
2020-03-16 18:47:00,2961.233201769522,0.0007764373193087296
2020-03-16 18:48:00,2962.4884253400364,0.0007226746946072471
2020-03-16 18:49:00,2961.912152884604,0.0007491563201990931
2020-03-16 18:50:00,2960.7968770005955,0.0007148476863175466
2020-03-16 18:51:00,2960.8147855692146,0.0006710734452499882
2020-03-16 18:52:00,2961.8498814509844,0.0006233275009708603
2020-03-16 18:53:00,2964.122161137109,0.0006160278379501141
2020-03-16 18:54:00,2966.892568934333,0.0005952922005472458
2020-03-16 18:55:00,2963.460358798474,0.0006210133873163379
2020-03-16 18:56:00,2965.979127637795,0.0006621927033011835
2020-03-16 18:57:00,2967.10919369806,0.0006476545090833836
2020-03-16 18:58:00,2965.780663081238,0.0006483836406041988
2020-03-16 18:59:00,2963.6979501387755,0.0006332637095484767
2020-03-16 19:00:00,2964.1137759673093,0.0006460147137359269
2020-03-16 19:01:00,2963.0420731264553,0.0006235229963299536
2020-03-16 19:02:00,2963.8769930005637,0.000621842227756808
2020-03-16 19:03:00,2963.366597625577,0.00061610863284909
2020-03-16 19:04:00,2963.1998662825677,0.0006080437099100754
2020-03-16 19:05:00,2958.7289163796513,0.000607032162582405
2020-03-16 19:06:00,2957.36675306677,0.0006167890923855511
2020-03-16 19:07:00,2956.76456195529,0.0006365578720281273
2020-03-16 19:08:00,2955.3752651427967,0.0006187346587671281
2020-03-16 19:09:00,2957.0289221480607,0.0006327747419055112
2020-03-16 19:10:00,2956.1561882192213,0.0005944149753939282
2020-03-16 19:11:00,2957.6585950459853,0.0006052366857512754
2020-03-16 19:12:00,2958.0834012793994,0.0006191168368175515
2020-03-16 19:13:00,2954.1314090726564,0.0006045281668010164
2020-03-16 19:14:00,2954.859398458489,0.0006068220029919146
2020-03-16 19:15:00,2953.725046089489,0.0005555890026398449
2020-03-16 19:16:00,2954.3049645721585,0.0005708988476066256
2020-03-16 19:17:00,2957.3823961504922,0.0005660124796895965
2020-03-16 19:18:00,2958.676181482305,0.0005754155613098075
2020-03-16 19:19:00,2957.4174991719806,0.0005876981760510496
2020-03-16 19:20:00,2956.9929207249534,0.0005523868302461621
2020-03-16 19:21:00,2954.5656570739293,0.0005452920675469568
2020-03-16 19:22:00,2952.5658098226336,0.0005732664924234212
2020-03-16 19:23:00,2955.109458092922,0.0005524373640311513
2020-03-16 19:24:00,2953.3684379132105,0.0005406321075461097
2020-03-16 19:25:00,2953.5479702281455,0.0005188081276681222
2020-03-16 19:26:00,2952.8857103157925,0.0004906076548916582
2020-03-16 19:27:00,2951.0580754823563,0.0005088824162235879
2020-03-16 19:28:00,2948.440742701637,0.0005210324065803578
2020-03-16 19:29:00,2949.358890410039,0.0005124831777246256
2020-03-16 19:30:00,2949.856387616979,0.0005231601748002781
2020-03-16 19:31:00,2949.856346763137,0.0005570337691830193
2020-03-16 19:32:00,2949.739238790008,0.0005427924791243809
2020-03-16 19:33:00,2951.183987068886,0.0005281385205649305
2020-03-16 19:34:00,2950.4476741074764,0.0005521769024442963
2020-03-16 19:35:00,2950.2144954871187,0.0005700938241891606
2020-03-16 19:36:00,2948.7988444883204,0.0005331884269943153
2020-03-16 19:37:00,2944.1192964900533,0.0004953231834046692
2020-03-16 19:38:00,2943.8367387676417,0.0005100440140655084
2020-03-16 19:39:00,2946.1022197806537,0.0005171201330933572
2020-03-16 19:40:00,2945.0759603202996,0.0005286109749369506
2020-03-16 19:41:00,2944.7718376119547,0.0005239752956736532
2020-03-16 19:42:00,2943.533791701032,0.0005596146177248764
2020-03-16 19:43:00,2943.8990374776995,0.0005354917364696906
2020-03-16 19:44:00,2943.4605922150463,0.0005742082103060739
2020-03-16 19:45:00,2944.8665506389198,0.0005893247596696639
2020-03-16 19:46:00,2948.521418151568,0.000630877397038705
2020-03-16 19:47:00,2949.884999469637,0.000654360916190651
2020-03-16 19:48:00,2951.9713965748183,0.000632155007380774
2020-03-16 19:49:00,2952.900262706828,0.0006570766921185695
2020-03-16 19:50:00,2951.448795252751,0.0006706563066155645
2020-03-16 19:51:00,2951.733668545645,0.0006437173123401126
2020-03-16 19:52:00,2953.0168442698446,0.0006450723007719336
2020-03-16 19:53:00,2953.5584094930687,0.000636297468508048
2020-03-16 19:54:00,2954.8229369764,0.000637249085098365
2020-03-16 19:55:00,2953.3980977758747,0.0005918417107314542
2020-03-16 19:56:00,2949.7413230928487,0.0006113146678651323
2020-03-16 19:57:00,2947.7497313600543,0.000636578994737677
2020-03-16 19:58:00,2948.240935171021,0.0006064003434174432
2020-03-16 19:59:00,2944.6908524756327,0.0005930801200251743
2020-03-17 13:30:00,2760.689645274191,0.0005593932580204434
2020-03-17 13:31:00,2762.2555140688496,0.0005501026855683506
2020-03-17 13:32:00,2762.231349453082,0.0005168326548721192
2020-03-17 13:33:00,2761.551669431041,0.0005719082560367926
2020-03-17 13:34:00,2760.7978703472018,0.0005822903024046074
2020-03-17 13:35:00,2762.64877005332,0.0005801991440338945
2020-03-17 13:36:00,2759.2185605869017,0.0005984593380728234
2020-03-17 13:37:00,2756.809810183149,0.0005798493983742713
2020-03-17 13:38:00,2755.4236047728978,0.0005720024520192573
2020-03-17 13:39:00,2754.756432511273,0.0005889842246768227
2020-03-17 13:40:00,2755.9669594718034,0.0005671653539849296
2020-03-17 13:41:00,2754.523161649979,0.0006219211387185025
2020-03-17 13:42:00,2758.0789321586926,0.0006466646397303487
2020-03-17 13:43:00,2756.6279607753168,0.000625343295857531
2020-03-17 13:44:00,2757.0517805483955,0.0006312085282661882
2020-03-17 13:45:00,2756.845630101572,0.0006228772529945364
2020-03-17 13:46:00,2756.952029404655,0.0005914441562088136
2020-03-17 13:47:00,2756.741262141993,0.0005831166060305366
2020-03-17 13:48:00,2757.21269743759,0.0005601662579895337
2020-03-17 13:49:00,2756.6145014819754,0.0005308126137838946
2020-03-17 13:50:00,2757.3029995278266,0.0005640362287703171
2020-03-17 13:51:00,2755.5465388900716,0.000551821105923537
2020-03-17 13:52:00,2755.733772801243,0.000521208712662467
2020-03-17 13:53:00,2755.2406257663756,0.0004969797390370745
2020-03-17 13:54:00,2756.0955219911784,0.000488947836029874
2020-03-17 13:55:00,2755.9234146237636,0.0005026492478745208
2020-03-17 13:56:00,2755.712707993442,0.00046505683637396107
2020-03-17 13:57:00,2756.287916032256,0.0004681463357894491
2020-03-17 13:58:00,2757.4907411131185,0.0004736341336272797
2020-03-17 13:59:00,2755.789466440229,0.0004891700882581908
2020-03-17 14:00:00,2754.889548181837,0.0005167451112622699
2020-03-17 14:01:00,2755.870724030431,0.000558089630536597
2020-03-17 14:02:00,2757.661158098631,0.0005756153712073356
2020-03-17 14:03:00,2759.1323630848133,0.0005638406100654901
2020-03-17 14:04:00,2759.0965209445244,0.0005389413743921477
2020-03-17 14:05:00,2758.1573906523654,0.0005354726535606294
2020-03-17 14:06:00,2757.3783381610133,0.0005096301304608261
2020-03-17 14:07:00,2756.5713103621165,0.000513726419206321
2020-03-17 14:08:00,2755.5754208719386,0.0005081598729995253
2020-03-17 14:09:00,2754.2578012270856,0.00047313620750327946
2020-03-17 14:10:00,2752.9066285935255,0.00046221359122604924
2020-03-17 14:11:00,2753.209944318323,0.0005134151695957567
2020-03-17 14:12:00,2751.2744376961487,0.00047533182669254396
2020-03-17 14:13:00,2751.2930586980438,0.0005023209977291187
2020-03-17 14:14:00,2750.5873853348075,0.0005416851277029015
2020-03-17 14:15:00,2748.580450685089,0.0005530492073305852
2020-03-17 14:16:00,2748.767302748849,0.0005713676699859676
2020-03-17 14:17:00,2749.7972078119196,0.0005895956400924405
2020-03-17 14:18:00,2748.967528539915,0.0005926648144128728
2020-03-17 14:19:00,2747.3164679973393,0.0005855863259692914
2020-03-17 14:20:00,2747.7963785129164,0.0005871613224135187
2020-03-17 14:21:00,2748.9907917280857,0.0005746516609810552
2020-03-17 14:22:00,2749.2406535448035,0.0005789693417016362
2020-03-17 14:23:00,2746.232384075514,0.0005858133358604462
2020-03-17 14:24:00,2746.926676925504,0.0006187060371127611
2020-03-17 14:25:00,2747.4248024731164,0.000674037825731154
2020-03-17 14:26:00,2749.8012229409496,0.0006748408933082738
2020-03-17 14:27:00,2750.9505541794947,0.0006175975864613976
2020-03-17 14:28:00,2749.273170282288,0.0006895404124709083
2020-03-17 14:29:00,2749.078024406331,0.0007110929168772545
2020-03-17 14:30:00,2746.5542368029496,0.0007362454797611693
2020-03-17 14:31:00,2742.3973356201823,0.0007458650167420887
2020-03-17 14:32:00,2745.6540578164195,0.0007383636644647514
2020-03-17 14:33:00,2745.1784108332977,0.0007059544602833649
2020-03-17 14:34:00,2743.6406508574605,0.0007210330339582392
2020-03-17 14:35:00,2742.925857150922,0.0007206175818780835
2020-03-17 14:36:00,2742.970948756666,0.000746425073064471
2020-03-17 14:37:00,2743.896433851799,0.0007260084770205756
2020-03-17 14:38:00,2744.0123982144014,0.0007084652424969531
2020-03-17 14:39:00,2743.6510813684763,0.0006766690556795284
2020-03-17 14:40:00,2743.3246596632384,0.0007090553142647806
2020-03-17 14:41:00,2744.2493685696345,0.0007195009762109118
2020-03-17 14:42:00,2744.9517574597203,0.0006911642984267482
2020-03-17 14:43:00,2743.8031995314045,0.0006704810342637416
2020-03-17 14:44:00,2744.386696435618,0.0006685650428594488
2020-03-17 14:45:00,2743.962734967172,0.0006277545301186643
2020-03-17 14:46:00,2745.6553210426423,0.0006960026864560664
2020-03-17 14:47:00,2745.1553080579006,0.0006975347855722848
2020-03-17 14:48:00,2744.396923175437,0.0006764294396064416
2020-03-17 14:49:00,2744.6020121447555,0.000676448149361611
2020-03-17 14:50:00,2745.2369360102275,0.0006996587319101313
2020-03-17 14:51:00,2746.756150128682,0.0007312632581213526
2020-03-17 14:52:00,2743.8011191837936,0.0007175530105181635
2020-03-17 14:53:00,2744.8812234935353,0.0007176848326790933
2020-03-17 14:54:00,2739.4279698442324,0.0007684385232509989
2020-03-17 14:55:00,2736.627512151091,0.0007508710059116249
2020-03-17 14:56:00,2737.7073681589854,0.0007443698909209527
2020-03-17 14:57:00,2740.2331265124035,0.0008196858348738126
2020-03-17 14:58:00,2744.808134775782,0.0008407213695750801
2020-03-17 14:59:00,2747.369070387159,0.0008252497921894077
2020-03-17 15:00:00,2751.172108048276,0.000862422189131515
2020-03-17 15:01:00,2754.6244475350372,0.0008865163754390693
2020-03-17 15:02:00,2751.042070148186,0.0008569155134583957
2020-03-17 15:03:00,2754.1740543895926,0.0008567920693897713
2020-03-17 15:04:00,2753.0911579387175,0.0008093485648150011
2020-03-17 15:05:00,2753.0040541125136,0.0007630941992982414
2020-03-17 15:06:00,2750.038822881062,0.0007602388430139202
2020-03-17 15:07:00,2746.0811571276913,0.0007313221165509897
2020-03-17 15:08:00,2746.1873237712102,0.0007074397288558245
2020-03-17 15:09:00,2744.926905913946,0.0007251057826140773
2020-03-17 15:10:00,2745.769132239331,0.0007891378485049733
2020-03-17 15:11:00,2748.3445162941325,0.000824623584400606
2020-03-17 15:12:00,2748.45892855165,0.0007824901792165476
2020-03-17 15:13:00,2745.368160444593,0.0008157647566879089
2020-03-17 15:14:00,2743.439957050305,0.0008229655000882787
2020-03-17 15:15:00,2747.3460468089415,0.0007887395144927198
2020-03-17 15:16:00,2745.407306993476,0.0007776540902541966
2020-03-17 15:17:00,2742.863017191219,0.0007603443792614505
2020-03-17 15:18:00,2743.8332032998464,0.0007362570258541227
2020-03-17 15:19:00,2743.0142813488196,0.0007632506547487459
2020-03-17 15:20:00,2739.0323996675306,0.0008151369020870121
2020-03-17 15:21:00,2737.5772193982007,0.0007706319699813889
2020-03-17 15:22:00,2738.7590960051934,0.0007331363632125472
2020-03-17 15:23:00,2738.798516394758,0.0007568152943390173
2020-03-17 15:24:00,2736.903090902579,0.0007634943093012354
2020-03-17 15:25:00,2738.0042382769348,0.0007677430615914544
2020-03-17 15:26:00,2733.914953572158,0.0007251976392099701
2020-03-17 15:27:00,2735.0142719036066,0.0007349322283000247
2020-03-17 15:28:00,2733.6177651241433,0.0007275767455852159
2020-03-17 15:29:00,2732.3519479826896,0.0007061888580074693
2020-03-17 15:30:00,2732.0672086228838,0.0006880942334716958
2020-03-17 15:31:00,2732.544535683912,0.0006540470697010901
2020-03-17 15:32:00,2733.9757688691925,0.0006359963088068665
2020-03-17 15:33:00,2733.4976840319196,0.0006207165031710832
2020-03-17 15:34:00,2731.5708075213824,0.0006011232528867846
2020-03-17 15:35:00,2729.835062439797,0.0006137326924434089
2020-03-17 15:36:00,2726.0720271413215,0.0006042830081433318
2020-03-17 15:37:00,2726.1205114295017,0.0006210061220656828
2020-03-17 15:38:00,2725.3545570085976,0.000646418502546876
2020-03-17 15:39:00,2725.718654711522,0.0006889250214242377
2020-03-17 15:40:00,2724.368930640671,0.0007038021598129915
2020-03-17 15:41:00,2720.512977912843,0.0007386379346744049
2020-03-17 15:42:00,2720.4849918183486,0.0007489994851689188
2020-03-17 15:43:00,2723.0614967661872,0.000763465383768732
2020-03-17 15:44:00,2722.5965247426866,0.0007424074062475324
2020-03-17 15:45:00,2724.3830443110546,0.0007350433492562463
2020-03-17 15:46:00,2725.816765152179,0.0007435047652232023
2020-03-17 15:47:00,2724.9790756747984,0.0007966853085419664
2020-03-17 15:48:00,2720.804294762328,0.0008544086591862739
2020-03-17 15:49:00,2720.7617781273602,0.0008853520067015734
2020-03-17 15:50:00,2721.3540926971127,0.0009269746668096971
2020-03-17 15:51:00,2721.2663391061596,0.0009093431546957028
2020-03-17 15:52:00,2722.7526887990994,0.0009045470244128782
2020-03-17 15:53:00,2720.500036686324,0.0008611846858729975
2020-03-17 15:54:00,2722.381721382824,0.0008515760456327585
2020-03-17 15:55:00,2720.184762773455,0.0008011238603001871
2020-03-17 15:56:00,2720.9836041528256,0.0008017811114107636
2020-03-17 15:57:00,2723.8292833741234,0.0008344565540624571
2020-03-17 15:58:00,2725.5169572780665,0.0008180651481489032
2020-03-17 15:59:00,2724.2465940371912,0.0008322815458330558
2020-03-17 16:00:00,2722.313174082906,0.0008518755830463172
2020-03-17 16:01:00,2723.193126930892,0.0008611208696229883
2020-03-17 16:02:00,2726.030370934596,0.0009014373816486931
2020-03-17 16:03:00,2727.0952704915535,0.0008379780587687338
2020-03-17 16:04:00,2730.987351480999,0.0008596094443210149
2020-03-17 16:05:00,2732.5898405930875,0.0008896322241175603
2020-03-17 16:06:00,2731.3715450847753,0.0009496734611193005
2020-03-17 16:07:00,2731.449513425567,0.0009239955030523989
2020-03-17 16:08:00,2736.2566536087993,0.0009447391745410663
2020-03-17 16:09:00,2734.9129116800063,0.000934218921840551
2020-03-17 16:10:00,2733.6187443564636,0.0010220858472573117
2020-03-17 16:11:00,2736.4655368366466,0.0009975817683591987
2020-03-17 16:12:00,2735.2008952449205,0.0009690653538052165
2020-03-17 16:13:00,2735.4016021923576,0.0009598724935234125
2020-03-17 16:14:00,2731.496229807703,0.0009329858201684951
2020-03-17 16:15:00,2727.705796271324,0.0008937038024690071
2020-03-17 16:16:00,2721.397750379033,0.0009031157660051446
2020-03-17 16:17:00,2719.871703392309,0.0009109042422889076
2020-03-17 16:18:00,2715.50907634359,0.0008842949876069165
2020-03-17 16:19:00,2715.339435993953,0.0009035352972141238
2020-03-17 16:20:00,2719.6685307446523,0.0009004362264186838
2020-03-17 16:21:00,2718.5713059795507,0.0009349282937189161
2020-03-17 16:22:00,2716.9494299851717,0.0009359809164239073
2020-03-17 16:23:00,2718.502593384559,0.0009327021134831688
2020-03-17 16:24:00,2715.7493751468146,0.0008319517523185697
2020-03-17 16:25:00,2718.925272668809,0.0008565147950418782
2020-03-17 16:26:00,2716.956978637413,0.0009581656809416592
2020-03-17 16:27:00,2714.4641293678224,0.000994036596128785
2020-03-17 16:28:00,2710.4250309090685,0.0009598190735299486
2020-03-17 16:29:00,2713.3105785884086,0.0009070621601940781
2020-03-17 16:30:00,2716.060461447907,0.0008436281890949651
2020-03-17 16:31:00,2714.4141224135774,0.0008492406666207164
2020-03-17 16:32:00,2710.729727066698,0.000882331979224174
2020-03-17 16:33:00,2706.9688481770636,0.0009371645906463999
2020-03-17 16:34:00,2708.9731239837024,0.0009328222044937829
2020-03-17 16:35:00,2709.6694500729445,0.0009238514023323873
2020-03-17 16:36:00,2708.792875683828,0.0008989511877651534
2020-03-17 16:37:00,2707.1796682790605,0.00087324217272437
2020-03-17 16:38:00,2709.939713118459,0.0008344125524013508
2020-03-17 16:39:00,2709.647746292413,0.000802929303228284
2020-03-17 16:40:00,2707.3833636576333,0.0008082837864946946
2020-03-17 16:41:00,2706.278299269284,0.0008356506911579429
2020-03-17 16:42:00,2707.2164420689187,0.0008801939756423173
2020-03-17 16:43:00,2707.755297062394,0.0008673753116345783
2020-03-17 16:44:00,2709.365606465881,0.0008685950180097555
2020-03-17 16:45:00,2709.179943270618,0.0008313097737903016
2020-03-17 16:46:00,2712.8863799102633,0.0008901423202674285
2020-03-17 16:47:00,2709.8430567159994,0.0009374234330426228
2020-03-17 16:48:00,2710.5732167310157,0.0009789200352121003
2020-03-17 16:49:00,2715.20268564417,0.0010198832364012775
2020-03-17 16:50:00,2712.291743955003,0.0010300043823649667
2020-03-17 16:51:00,2711.580891113645,0.0009431971328845098
2020-03-17 16:52:00,2713.5388437699844,0.000936667975631406
2020-03-17 16:53:00,2711.4394462564323,0.0009596648879028952
2020-03-17 16:54:00,2712.7080393244214,0.0010040561644296961
2020-03-17 16:55:00,2712.7006562744077,0.0010178128819997281
2020-03-17 16:56:00,2715.6544384564363,0.0010554458849588366
2020-03-17 16:57:00,2713.9069553423565,0.001077604005319367
2020-03-17 16:58:00,2710.851748492137,0.0010871141142083638
2020-03-17 16:59:00,2712.866422135858,0.001015787083321406
2020-03-17 17:00:00,2711.326018770649,0.0010638883349115748
2020-03-17 17:01:00,2707.58654802996,0.001009235514739249
2020-03-17 17:02:00,2711.7628756081867,0.0009157461949317934
2020-03-17 17:03:00,2717.606872212062,0.0009329989167237943
2020-03-17 17:04:00,2715.968239236984,0.000906078102492445
2020-03-17 17:05:00,2721.1703040315347,0.0010292250868325808
2020-03-17 17:06:00,2719.1021470836513,0.0010664515782671954
2020-03-17 17:07:00,2718.1365758375796,0.0010924460741773146
2020-03-17 17:08:00,2715.446030812635,0.0010681990830377856
2020-03-17 17:09:00,2715.3483708598696,0.000999620560154932
2020-03-17 17:10:00,2718.2785368987193,0.0010675662657234524
2020-03-17 17:11:00,2717.357773115273,0.0009998812258617648
2020-03-17 17:12:00,2715.8752914387937,0.0009972360332086985
2020-03-17 17:13:00,2717.6121750431603,0.0010087564176445572
2020-03-17 17:14:00,2717.2769803140563,0.0010675153537016062
2020-03-17 17:15:00,2715.9439742325103,0.0011361374472729092
2020-03-17 17:16:00,2713.6382149977785,0.0010911042173505788
2020-03-17 17:17:00,2713.937966406071,0.0010198364510168284
2020-03-17 17:18:00,2708.148461559986,0.0009549872515754082
2020-03-17 17:19:00,2705.075915024342,0.0009392341414880346
2020-03-17 17:20:00,2706.040074568379,0.0009929849302827728
2020-03-17 17:21:00,2705.019295886543,0.001012266638875244
2020-03-17 17:22:00,2709.5096360662387,0.0009803250777305809
2020-03-17 17:23:00,2704.8544883604973,0.0009865670304729853
2020-03-17 17:24:00,2702.391226092203,0.0011633383160434007
2020-03-17 17:25:00,2700.0454062991075,0.0011406834429038052
2020-03-17 17:26:00,2694.9333774277934,0.0011684822439981804
2020-03-17 17:27:00,2692.668401674633,0.0010454328388046694
2020-03-17 17:28:00,2690.0234253560725,0.000978425722369449
2020-03-17 17:29:00,2689.8629639891174,0.0010448035029985714
2020-03-17 17:30:00,2692.685644024785,0.0009862068205908152
2020-03-17 17:31:00,2694.9007567662443,0.000975330517111957
2020-03-17 17:32:00,2695.6633843829486,0.0009750057061272572
2020-03-17 17:33:00,2694.1187373891266,0.0009467396536093498
2020-03-17 17:34:00,2695.220103614214,0.0010336344353754265
2020-03-17 17:35:00,2694.3622899971188,0.0011050544164476826
2020-03-17 17:36:00,2693.8347062710754,0.0010838239620844278
2020-03-17 17:37:00,2696.4955578340455,0.0010739856661027317
2020-03-17 17:38:00,2693.1854910675092,0.0010582556288468907
2020-03-17 17:39:00,2693.0925556076845,0.0011121379259180996
2020-03-17 17:40:00,2694.60742200902,0.0011372925953365533
2020-03-17 17:41:00,2693.17629084873,0.0011633824446462063
2020-03-17 17:42:00,2688.1398633716385,0.0011305870724197785
2020-03-17 17:43:00,2687.876937244483,0.0010771425001390627
2020-03-17 17:44:00,2687.3511820796234,0.0011296690518384485
2020-03-17 17:45:00,2688.8317276201683,0.001074070191448383
2020-03-17 17:46:00,2688.6662106214535,0.001149418439216764
2020-03-17 17:47:00,2691.6392736311077,0.001108484311383921
2020-03-17 17:48:00,2695.056325551092,0.0011887296739505452
2020-03-17 17:49:00,2696.326188219352,0.0012032427837937636
2020-03-17 17:50:00,2696.622398605122,0.0012224400189248855
2020-03-17 17:51:00,2699.354935210201,0.0012762102093944608
2020-03-17 17:52:00,2703.0606746373055,0.0012214997063336266
2020-03-17 17:53:00,2707.803179132664,0.0012598456564869094
2020-03-17 17:54:00,2711.1013435462937,0.0013070019761096986
2020-03-17 17:55:00,2714.1862015958595,0.0012487355631516383
2020-03-17 17:56:00,2712.9974086919974,0.0013826554110417527
2020-03-17 17:57:00,2711.7428442099,0.001406305893659316
2020-03-17 17:58:00,2709.3856168541834,0.0014606890958824693
2020-03-17 17:59:00,2709.7492846534083,0.001502340129269158
2020-03-17 18:00:00,2708.070838556595,0.0014864562539977186
2020-03-17 18:01:00,2703.788743439034,0.0013911792225735815
2020-03-17 18:02:00,2700.506119970039,0.001424054724680035
2020-03-17 18:03:00,2707.279840089734,0.0015370357161489318
2020-03-17 18:04:00,2705.652376732954,0.0016454796191466366
2020-03-17 18:05:00,2705.9098523049274,0.0015925263810176438
2020-03-17 18:06:00,2704.3219875353443,0.001535414524071352
2020-03-17 18:07:00,2708.2189663791837,0.0015978128849445624
2020-03-17 18:08:00,2709.8659348196343,0.0015740948917584477
2020-03-17 18:09:00,2711.616052921681,0.0015181726407280283
2020-03-17 18:10:00,2711.5559659716673,0.0016649149902047862
2020-03-17 18:11:00,2712.529790524891,0.001579002451097572
2020-03-17 18:12:00,2715.5626293720447,0.0015550472053171764
2020-03-17 18:13:00,2716.6674228849697,0.0016156313563230702
2020-03-17 18:14:00,2712.6885066186624,0.001651884245686455
2020-03-17 18:15:00,2717.383735710335,0.0018342902799793088
2020-03-17 18:16:00,2724.8860105992144,0.0017897790441199555
2020-03-17 18:17:00,2724.122718729214,0.001739484773350372
2020-03-17 18:18:00,2725.8055441228257,0.0016719623550967733
2020-03-17 18:19:00,2731.381959612513,0.0018611723650060943
2020-03-17 18:20:00,2732.300414430557,0.001994008252232096
2020-03-17 18:21:00,2727.898360482053,0.0019802299424780336
2020-03-17 18:22:00,2725.161066854235,0.0019131408686037473
2020-03-17 18:23:00,2733.175069714738,0.001964954667856691
2020-03-17 18:24:00,2733.259023859037,0.002102577272874649
2020-03-17 18:25:00,2725.9013529296053,0.002205559336527373
2020-03-17 18:26:00,2722.0558391104437,0.002177481453280876
2020-03-17 18:27:00,2710.6218827659095,0.002171583156410249
2020-03-17 18:28:00,2717.2626863258365,0.002162451600767452
2020-03-17 18:29:00,2720.213720012906,0.002228510528625302
2020-03-17 18:30:00,2715.4387349342105,0.0023808389315561757
2020-03-17 18:31:00,2720.2347411154474,0.002614193209766172
2020-03-17 18:32:00,2724.0743666414596,0.0025185938080588156
2020-03-17 18:33:00,2721.53708724559,0.0023313599461093795
2020-03-17 18:34:00,2732.914427115837,0.0022663865624068715
2020-03-17 18:35:00,2730.223630465591,0.002251199599875531
2020-03-17 18:36:00,2728.344731479527,0.0023294938917409647
2020-03-17 18:37:00,2726.2435168356865,0.0023647782485940088
2020-03-17 18:38:00,2718.2025809200686,0.0022842616025635035
2020-03-17 18:39:00,2721.1571231917783,0.0022654058763564616
2020-03-17 18:40:00,2724.2258324462578,0.002190730147065897
2020-03-17 18:41:00,2731.0603647081675,0.002204421245238566
2020-03-17 18:42:00,2733.59906485742,0.0022666731095641788
2020-03-17 18:43:00,2740.391549142008,0.002220604172584986
2020-03-17 18:44:00,2739.5476358471306,0.0022786922209472806
2020-03-17 18:45:00,2745.326500728979,0.0022079903608388475
2020-03-17 18:46:00,2741.90140425687,0.0021939941651750346
2020-03-17 18:47:00,2754.8989339823333,0.0021921314346569527
2020-03-17 18:48:00,2765.0740702768344,0.0023169894055084816
2020-03-17 18:49:00,2759.821700105296,0.002465167065775967
2020-03-17 18:50:00,2761.0184458168314,0.002563482584528914
2020-03-17 18:51:00,2769.78162491883,0.0026103349535111318
2020-03-17 18:52:00,2770.1461743797254,0.002590715848748216
2020-03-17 18:53:00,2777.6398949774953,0.002374328900017557
2020-03-17 18:54:00,2784.6953987708694,0.0024539132849704525
2020-03-17 18:55:00,2798.8523826270366,0.0025660318684841946
2020-03-17 18:56:00,2795.6570261107377,0.0025811286111516183
2020-03-17 18:57:00,2792.7978046113067,0.0028181330106820095
2020-03-17 18:58:00,2788.586478620522,0.0030076012084792863
2020-03-17 18:59:00,2801.8038460590355,0.0028676676494372674
2020-03-17 19:00:00,2797.1162153468713,0.002801741309628092
2020-03-17 19:01:00,2793.213144949204,0.0027973920089009643
2020-03-17 19:02:00,2784.169340081659,0.0028759596723431646
2020-03-17 19:03:00,2780.6468940507966,0.002841414697093882
2020-03-17 19:04:00,2786.4831395251967,0.0029880119213631477
2020-03-17 19:05:00,2783.25098185303,0.003105010697285255
2020-03-17 19:06:00,2786.0557457561836,0.002935729952946613
2020-03-17 19:07:00,2782.5484741490454,0.0028770885134241715
2020-03-17 19:08:00,2791.4008435299156,0.0027519638190099858
2020-03-17 19:09:00,2786.8080198192383,0.0026823314304223046
2020-03-17 19:10:00,2791.088628567653,0.002767373640775325
2020-03-17 19:11:00,2795.3766160472915,0.0027383492152299117
2020-03-17 19:12:00,2800.606450089269,0.0026044362787425064
2020-03-17 19:13:00,2795.421245955863,0.002721111259225737
2020-03-17 19:14:00,2799.076119214659,0.0026611793994261303
2020-03-17 19:15:00,2796.256795366817,0.002507619835057257
2020-03-17 19:16:00,2789.3347996460816,0.002492591818745886
2020-03-17 19:17:00,2784.9083621349796,0.0024607719296022732
2020-03-17 19:18:00,2782.4064554715205,0.0024364696490298985
2020-03-17 19:19:00,2776.7976526887046,0.0022989580203440826
2020-03-17 19:20:00,2787.4137770337866,0.0023502077892067247
2020-03-17 19:21:00,2783.1390843821446,0.0023217527943246983
2020-03-17 19:22:00,2787.1657582517046,0.002337559484972066
2020-03-17 19:23:00,2784.451423502453,0.002348985260446258
2020-03-17 19:24:00,2791.8352132880837,0.002219738141374885
2020-03-17 19:25:00,2795.7230302565117,0.002162694389449067
2020-03-17 19:26:00,2801.5074856810998,0.0020455215654500646
2020-03-17 19:27:00,2795.851713338371,0.0018878716871357831
2020-03-17 19:28:00,2792.7179488663496,0.0019348600452563799
2020-03-17 19:29:00,2798.1911894422133,0.0018160482369502387
2020-03-17 19:30:00,2795.8439091326336,0.0017208009880795953
2020-03-17 19:31:00,2797.5120447757467,0.0016582529104271309
2020-03-17 19:32:00,2795.148466675093,0.0016727018653317188
2020-03-17 19:33:00,2792.963987868236,0.0017411737437929779
2020-03-17 19:34:00,2798.8037246179997,0.0017405653103614361
2020-03-17 19:35:00,2803.4383430280473,0.0017299126190526675
2020-03-17 19:36:00,2809.0945009640873,0.001607104310542945
2020-03-17 19:37:00,2808.2755143091454,0.001641671409934148
2020-03-17 19:38:00,2803.7988429964025,0.0016234792094124853
2020-03-17 19:39:00,2807.803414010607,0.0016382091181989852
2020-03-17 19:40:00,2803.6061939558967,0.0016122758011511364
2020-03-17 19:41:00,2806.4647317826425,0.0016486729814362477
2020-03-17 19:42:00,2814.5927740464726,0.0017254084346725249
2020-03-17 19:43:00,2810.7859154210655,0.0018975833578492004
2020-03-17 19:44:00,2817.7194182494563,0.0019194000875485456
2020-03-17 19:45:00,2813.108454459511,0.00186908068778681
2020-03-17 19:46:00,2819.228693899511,0.0018662781356404597
2020-03-17 19:47:00,2821.0973359799864,0.0017865535696912347
2020-03-17 19:48:00,2819.5409853301185,0.0017914938700853695
2020-03-17 19:49:00,2816.079913758871,0.0017223212429156663
2020-03-17 19:50:00,2815.890249994525,0.001773130554569117
2020-03-17 19:51:00,2811.6616001849025,0.0016801881927386822
2020-03-17 19:52:00,2812.019387078615,0.0016449505108740176
2020-03-17 19:53:00,2810.2945922050876,0.0016066003965142515
2020-03-17 19:54:00,2802.7340496910124,0.0015646183405051454
2020-03-17 19:55:00,2796.7130021792204,0.0015365305391470308
2020-03-17 19:56:00,2794.3746833815344,0.00153060228847367
2020-03-17 19:57:00,2793.6864911690022,0.0015566443523779515
2020-03-17 19:58:00,2796.946012196785,0.001597406743432731
2020-03-17 19:59:00,2801.7603087749153,0.0016136279277629761
2020-03-18 13:30:00,2852.540531314841,0.0015033544028045288
2020-03-18 13:31:00,2853.2818141290018,0.0015004843990595869
2020-03-18 13:32:00,2854.791909503308,0.001486623279489746
2020-03-18 13:33:00,2854.3529302328266,0.001469106204242165
2020-03-18 13:34:00,2854.1064671145227,0.0015422370112126193
2020-03-18 13:35:00,2842.4646752621106,0.001586869383138726
2020-03-18 13:36:00,2841.516098986808,0.0016211962338745058
2020-03-18 13:37:00,2850.5636948217875,0.0017445115271511188
2020-03-18 13:38:00,2850.728165447613,0.0018063075917999288
2020-03-18 13:39:00,2858.9997056563448,0.0018302718704370918
2020-03-18 13:40:00,2863.6539719403163,0.001859880801941681
2020-03-18 13:41:00,2871.6039633330593,0.001946026210430245
2020-03-18 13:42:00,2871.997765878539,0.0019232386174398797
2020-03-18 13:43:00,2881.1084258781225,0.0019368629124869715
2020-03-18 13:44:00,2884.414856160007,0.0019615454229646033
2020-03-18 13:45:00,2890.8665415172673,0.0019845773431824377
2020-03-18 13:46:00,2890.112705099592,0.0019632497797331706
2020-03-18 13:47:00,2889.597301960125,0.002022963704443739
2020-03-18 13:48:00,2903.369710238355,0.0021022067992249663
2020-03-18 13:49:00,2897.8697193066373,0.0021649436091102908
2020-03-18 13:50:00,2888.629230660962,0.002213869861905053
2020-03-18 13:51:00,2890.415926354479,0.0020829183628533476
2020-03-18 13:52:00,2878.388761099383,0.0020451738823464914
2020-03-18 13:53:00,2880.6879572005682,0.002138023194153047
2020-03-18 13:54:00,2879.189494948051,0.0021986002431016866
2020-03-18 13:55:00,2879.0590133573714,0.002202375396124084
2020-03-18 13:56:00,2883.4670014767535,0.00212182985855371
2020-03-18 13:57:00,2887.0254447558686,0.001927353148725896
2020-03-18 13:58:00,2895.607710084576,0.0019922419062413997
2020-03-18 13:59:00,2892.2493948138035,0.0019554004677420516
2020-03-18 14:00:00,2883.8229585328863,0.001972256241869098
2020-03-18 14:01:00,2883.604043885421,0.002042707529360486
2020-03-18 14:02:00,2877.326781644192,0.0019218891810609518
2020-03-18 14:03:00,2872.6900908760595,0.0018680132485588534
2020-03-18 14:04:00,2863.6060007165725,0.0018813176842618297
2020-03-18 14:05:00,2864.2515011023684,0.0018584292545193136
2020-03-18 14:06:00,2867.238272608815,0.0018110294074182116
2020-03-18 14:07:00,2867.142941486342,0.0016762228918399224
2020-03-18 14:08:00,2860.648617067435,0.001687169592632444
2020-03-18 14:09:00,2863.8803911554246,0.0016688282591269586
2020-03-18 14:10:00,2863.181752598309,0.0016576571556376147
2020-03-18 14:11:00,2861.184290386847,0.001617729350567621
2020-03-18 14:12:00,2862.0538851347687,0.0016271073572785085
2020-03-18 14:13:00,2861.8357080200917,0.0016730717701052525
2020-03-18 14:14:00,2859.6774517583012,0.0015139019083585553
2020-03-18 14:15:00,2865.6479623607493,0.0015268578218979503
2020-03-18 14:16:00,2864.142878754475,0.001530006552064566
2020-03-18 14:17:00,2862.9859579673043,0.001491762891723666
2020-03-18 14:18:00,2863.9194955898747,0.001616562137870313
2020-03-18 14:19:00,2855.284941333799,0.0017997577975698447
2020-03-18 14:20:00,2852.595556705646,0.0017504082266428095
2020-03-18 14:21:00,2854.4024113180517,0.001707784530352906
2020-03-18 14:22:00,2853.9795678625374,0.0018051206648976653
2020-03-18 14:23:00,2855.728762595154,0.0017386230143778695
2020-03-18 14:24:00,2849.0283373798607,0.0018251550921058503
2020-03-18 14:25:00,2845.352091169933,0.0018531847353466641
2020-03-18 14:26:00,2844.9571720463396,0.001966499080851529
2020-03-18 14:27:00,2838.204139947029,0.002001163491776736
2020-03-18 14:28:00,2840.926193320307,0.001943109469648682
2020-03-18 14:29:00,2845.315891220856,0.002092934121415714
2020-03-18 14:30:00,2839.125598864334,0.002069399999208947
2020-03-18 14:31:00,2827.0044775264823,0.0022220336800251295
2020-03-18 14:32:00,2831.8502358862406,0.002254167934891845
2020-03-18 14:33:00,2825.5049599961008,0.0022603474043577775
2020-03-18 14:34:00,2820.3327002076203,0.002383634959228898
2020-03-18 14:35:00,2822.0265594387893,0.0025289812279109362
2020-03-18 14:36:00,2820.750774844073,0.002471641186494421
2020-03-18 14:37:00,2819.182438947671,0.002338897579315994
2020-03-18 14:38:00,2829.3001473589557,0.0022546102257873886
2020-03-18 14:39:00,2824.703903468112,0.0021611629058453674
2020-03-18 14:40:00,2819.7399502949916,0.0022504623780932424
2020-03-18 14:41:00,2827.4181785429428,0.0021429856363973086
2020-03-18 14:42:00,2827.9111728997473,0.002222614564233203
2020-03-18 14:43:00,2826.5431350535673,0.0022629377558431706
2020-03-18 14:44:00,2832.836878875903,0.0024947397542188277
2020-03-18 14:45:00,2828.42928022563,0.0025148304507998636
2020-03-18 14:46:00,2824.007936016638,0.0026064299445199587
2020-03-18 14:47:00,2826.1663980610388,0.0025441895471370454
2020-03-18 14:48:00,2823.442387257069,0.002622028678370506
2020-03-18 14:49:00,2813.0850728998817,0.0024613980236560585
2020-03-18 14:50:00,2805.5876290172014,0.002434072776918748
2020-03-18 14:51:00,2813.0493511230184,0.00251288166918788
2020-03-18 14:52:00,2819.641366119889,0.0023519040882019984
2020-03-18 14:53:00,2827.0757038865036,0.002282137327110236
2020-03-18 14:54:00,2824.365756319592,0.0023267576170428175
2020-03-18 14:55:00,2828.7391815623514,0.002304879212851498
2020-03-18 14:56:00,2833.4505184292707,0.0024349533825869366
2020-03-18 14:57:00,2825.997256669216,0.00261080443038789
2020-03-18 14:58:00,2829.641241021619,0.0026282985858195915
2020-03-18 14:59:00,2837.051230012799,0.002566365593771656
2020-03-18 15:00:00,2838.7688435334,0.002698023235047666
2020-03-18 15:01:00,2839.1381885975384,0.002772707482999012
2020-03-18 15:02:00,2842.343661077949,0.0025667468916652112
2020-03-18 15:03:00,2843.9781661488073,0.00243396233854464
2020-03-18 15:04:00,2836.5704526635195,0.0026347486492156917
2020-03-18 15:05:00,2834.026492341903,0.002725438809881048
2020-03-18 15:06:00,2838.6030816751427,0.002723365162164413
2020-03-18 15:07:00,2833.913431743204,0.002788424247983581
2020-03-18 15:08:00,2826.0939169565077,0.0029826881221806417
2020-03-18 15:09:00,2829.1578490453003,0.0030312677602929764
2020-03-18 15:10:00,2831.5127599661837,0.0031429127529730054
2020-03-18 15:11:00,2822.4354194384227,0.0030946207968175917
2020-03-18 15:12:00,2821.4266626467706,0.003223619934076699
2020-03-18 15:13:00,2818.586616886957,0.003302113016930433
2020-03-18 15:14:00,2816.5992904678337,0.0032409449428098245
2020-03-18 15:15:00,2806.058461199365,0.0032549499118697573
2020-03-18 15:16:00,2796.087357918618,0.0032098795162802795
2020-03-18 15:17:00,2787.425192377697,0.0033700528279137624
2020-03-18 15:18:00,2767.903623924119,0.0033849702483395028
2020-03-18 15:19:00,2761.813657241115,0.003266414571867676
2020-03-18 15:20:00,2754.4151055123534,0.003209784646603543
2020-03-18 15:21:00,2755.309148693089,0.0032407705709127
2020-03-18 15:22:00,2748.1885838458747,0.003404510167493893
2020-03-18 15:23:00,2757.586191262253,0.003439992335382202
2020-03-18 15:24:00,2763.5676101387953,0.0034313260581631286
2020-03-18 15:25:00,2755.0203237984306,0.0034604724667786444
2020-03-18 15:26:00,2760.1114589482527,0.0031474116058267535
2020-03-18 15:27:00,2757.1836235292576,0.0030345022022695662
2020-03-18 15:28:00,2746.597703877744,0.0030357599524126777
2020-03-18 15:29:00,2737.7073207701283,0.0028895949641026416
2020-03-18 15:30:00,2743.806881983857,0.0031108904757809817
2020-03-18 15:31:00,2733.3203044970674,0.0029160463605649
2020-03-18 15:32:00,2728.3261530565446,0.0027773810262181203
2020-03-18 15:33:00,2725.6155112646675,0.0028950497696001195
2020-03-18 15:34:00,2717.293158389306,0.0026943223243296893
2020-03-18 15:35:00,2719.926425875206,0.002607335299583111
2020-03-18 15:36:00,2715.825731115363,0.002529513130516416
2020-03-18 15:37:00,2706.9856149340826,0.002701382452788925
2020-03-18 15:38:00,2701.9218304405586,0.0025856666161751954
2020-03-18 15:39:00,2702.514384770765,0.0026509788166227993
2020-03-18 15:40:00,2700.113745972972,0.0026779664259312503
2020-03-18 15:41:00,2699.186783326639,0.002592561557522372
2020-03-18 15:42:00,2703.7702537366467,0.0027345746121643704
2020-03-18 15:43:00,2699.5273659868203,0.00255358969968458
2020-03-18 15:44:00,2694.9162862096327,0.002506444614531217
2020-03-18 15:45:00,2704.82785104663,0.0026188021914162586
2020-03-18 15:46:00,2699.510380508956,0.002563059967725625
2020-03-18 15:47:00,2703.5848258183073,0.0023320542865764844
2020-03-18 15:48:00,2705.0100027906196,0.0022195515879850636
2020-03-18 15:49:00,2706.3781239548316,0.002243810541639458
2020-03-18 15:50:00,2714.072568693232,0.002050671931243423
2020-03-18 15:51:00,2714.583587189197,0.0020188111709494396
2020-03-18 15:52:00,2714.953916421242,0.0020892039980530816
2020-03-18 15:53:00,2709.7926991629406,0.0018845488887861454
2020-03-18 15:54:00,2712.5121861203183,0.0016244937539888872
2020-03-18 15:55:00,2716.340802433229,0.00161231965765228
2020-03-18 15:56:00,2718.998596373016,0.0016932766335946256
2020-03-18 15:57:00,2724.0783435611966,0.001723582891168188
2020-03-18 15:58:00,2721.713797158462,0.001601216118176037
2020-03-18 15:59:00,2721.7628719863096,0.0015986439980136768
2020-03-18 16:00:00,2715.5247327097723,0.0015912058247829612
2020-03-18 16:01:00,2718.149886967989,0.0014539832305688531
2020-03-18 16:02:00,2714.6313779746965,0.0014978328278007227
2020-03-18 16:03:00,2717.3479715748545,0.0013780148822246448
2020-03-18 16:04:00,2712.9122326032716,0.0012737891098606655
2020-03-18 16:05:00,2717.216268434275,0.0013165670142271412
2020-03-18 16:06:00,2721.7862266112807,0.0012305288535023483
2020-03-18 16:07:00,2716.750789440143,0.0012053232474141065
2020-03-18 16:08:00,2717.4778970434004,0.0012093342173561104
2020-03-18 16:09:00,2717.7937933779244,0.0012949119061286818
2020-03-18 16:10:00,2718.300683399944,0.0013209284242873683
2020-03-18 16:11:00,2720.376944793679,0.0013593130528277398
2020-03-18 16:12:00,2720.4596383205558,0.0013464341728032553
2020-03-18 16:13:00,2717.8406048325382,0.001464451939327934
2020-03-18 16:14:00,2719.5546478837946,0.0013999664519591482
2020-03-18 16:15:00,2720.787165935247,0.0014366898063910005
2020-03-18 16:16:00,2729.7630990615926,0.001476815636395548
2020-03-18 16:17:00,2734.6649696813197,0.0014576179263776814
2020-03-18 16:18:00,2736.3381600647135,0.0013806472342160418
2020-03-18 16:19:00,2732.5645514330895,0.001408933566590693
2020-03-18 16:20:00,2728.5716363219044,0.001379478985968941
2020-03-18 16:21:00,2721.298494732528,0.0013432158702219395
2020-03-18 16:22:00,2718.397966459656,0.0013792994125479856
2020-03-18 16:23:00,2712.3994241200044,0.001414508434262992
2020-03-18 16:24:00,2718.756539853055,0.0013490582309492196
2020-03-18 16:25:00,2718.491199726109,0.0014047135212353443
2020-03-18 16:26:00,2715.8387346210397,0.0013992409375860246
2020-03-18 16:27:00,2713.604412193779,0.0014967424513703741
2020-03-18 16:28:00,2716.650320454651,0.0015084813158952708
2020-03-18 16:29:00,2724.349272067598,0.0015498434547449665
2020-03-18 16:30:00,2725.7106005643504,0.0015707894701957373
2020-03-18 16:31:00,2723.130479692436,0.0015855247201536347
2020-03-18 16:32:00,2723.6014701925974,0.0015147669253342754
2020-03-18 16:33:00,2726.926518640707,0.0017635946927826978
2020-03-18 16:34:00,2729.3029710426504,0.0017498017583113448
2020-03-18 16:35:00,2724.3321350775714,0.0016297447776878072
2020-03-18 16:36:00,2726.9380337307,0.0015982592355473228
2020-03-18 16:37:00,2717.9333834219433,0.0015373920657273663
2020-03-18 16:38:00,2717.031789450414,0.0015070816644757977
2020-03-18 16:39:00,2717.169326458827,0.0015078559149976042
2020-03-18 16:40:00,2714.9588465077527,0.0016242973486793435
2020-03-18 16:41:00,2711.9077795116227,0.0016935958673412555
2020-03-18 16:42:00,2712.5088131169045,0.0016966069939687107
2020-03-18 16:43:00,2713.13101842794,0.0017278590695390492
2020-03-18 16:44:00,2711.5543384869234,0.0017007598280926104
2020-03-18 16:45:00,2713.6241702932853,0.001701502927259254
2020-03-18 16:46:00,2717.0260486856528,0.0017592000109342683
2020-03-18 16:47:00,2728.644856375211,0.0017376635942229577
2020-03-18 16:48:00,2731.6460201781724,0.0016643454511130337
2020-03-18 16:49:00,2733.903120163735,0.0016845720191000066
2020-03-18 16:50:00,2727.4079700860584,0.0015866142003451602
2020-03-18 16:51:00,2732.0970765974594,0.001568744950600999
2020-03-18 16:52:00,2728.538932762031,0.001385865723471085
2020-03-18 16:53:00,2725.6681695057096,0.0013825656065071174
2020-03-18 16:54:00,2718.438459292461,0.0014891210235021023
2020-03-18 16:55:00,2720.1456170925435,0.0014532079377831426
2020-03-18 16:56:00,2719.1972780826245,0.001392857952485122
2020-03-18 16:57:00,2716.0130021956606,0.001374575633657331
2020-03-18 16:58:00,2712.5334255377434,0.0014213271083846728
2020-03-18 16:59:00,2714.964160099572,0.0014048644093535958
2020-03-18 17:00:00,2718.7314007383707,0.0013384081751502941
2020-03-18 17:01:00,2711.0673776448,0.0012484868582290647
2020-03-18 17:02:00,2709.8537351373466,0.0011782871659507341
2020-03-18 17:03:00,2710.5455042128597,0.0011013052019676597
2020-03-18 17:04:00,2711.9234067345024,0.0010765211022615516
2020-03-18 17:05:00,2713.819229999475,0.0011098569955833165
2020-03-18 17:06:00,2713.705652578474,0.0011289069277342866
2020-03-18 17:07:00,2712.4378802237657,0.0011692492983149019
2020-03-18 17:08:00,2710.1371770003852,0.001098984806073249
2020-03-18 17:09:00,2709.5727148146793,0.0011420418721327136
2020-03-18 17:10:00,2705.2697936557365,0.0012294435972718123
2020-03-18 17:11:00,2701.6961590415585,0.001192712880947729
2020-03-18 17:12:00,2699.130830413346,0.0011101429994003242
2020-03-18 17:13:00,2692.9815861674983,0.0010526412029032467
2020-03-18 17:14:00,2690.432496284421,0.001051886623421258
2020-03-18 17:15:00,2693.383683949729,0.0009822185358620854
2020-03-18 17:16:00,2694.957307954853,0.0009577723240758885
2020-03-18 17:17:00,2694.3783580071,0.0009931236094717145
2020-03-18 17:18:00,2694.541694457049,0.001017655946316752
2020-03-18 17:19:00,2697.2343586209263,0.001158267051607157
2020-03-18 17:20:00,2700.1262255883553,0.0010822960519363877
2020-03-18 17:21:00,2704.346554294829,0.0010701436519075407
2020-03-18 17:22:00,2704.9622317220433,0.001091268750700855
2020-03-18 17:23:00,2703.3632064518692,0.001055762023753408
2020-03-18 17:24:00,2705.3652455870056,0.0010642948426565618
2020-03-18 17:25:00,2702.3848226370624,0.0010206178574519596
2020-03-18 17:26:00,2704.2964981444907,0.0010075413365261865
2020-03-18 17:27:00,2710.1701291129834,0.001012664080343739
2020-03-18 17:28:00,2713.3697889509626,0.001031384900480636
2020-03-18 17:29:00,2714.4816459201334,0.0011634643157890554
2020-03-18 17:30:00,2716.5577264359117,0.0012001817720088527
2020-03-18 17:31:00,2717.607260353803,0.0012014980098835864
2020-03-18 17:32:00,2714.8725959816147,0.0012216224409799209
2020-03-18 17:33:00,2714.6628649028544,0.0012076058668866064
2020-03-18 17:34:00,2717.2638275196073,0.0011387996525269318
2020-03-18 17:35:00,2717.609082232015,0.0011485722498877921
2020-03-18 17:36:00,2715.7953666330213,0.0010458051719983816
2020-03-18 17:37:00,2713.197874362943,0.00105211306085042
2020-03-18 17:38:00,2713.9670586049624,0.000986141229237011
2020-03-18 17:39:00,2711.2871319226,0.0008954099520624233
2020-03-18 17:40:00,2710.855269133896,0.0008984806694509363
2020-03-18 17:41:00,2712.042977895618,0.0009241148109035723
2020-03-18 17:42:00,2710.8441947436804,0.0009559534330083406
2020-03-18 17:43:00,2709.935378478821,0.0009264869341283319
2020-03-18 17:44:00,2712.4920834491286,0.0009451175035345841
2020-03-18 17:45:00,2710.4174163735333,0.0009272041818211416
2020-03-18 17:46:00,2711.0333137249977,0.0009388614062572357
2020-03-18 17:47:00,2708.2069620346756,0.0009764027134618863
2020-03-18 17:48:00,2712.4952308945767,0.0009907020062923002
2020-03-18 17:49:00,2710.891300028194,0.0009645143356212902
2020-03-18 17:50:00,2708.248834733321,0.0009278645459542975
2020-03-18 17:51:00,2704.149871847286,0.0009924242573636736
2020-03-18 17:52:00,2707.517142529043,0.0009529799381171222
2020-03-18 17:53:00,2707.5786280751045,0.0009167489741125832
2020-03-18 17:54:00,2707.9197820816717,0.0008754157542960925
2020-03-18 17:55:00,2708.8378125856,0.0008476818770471394
2020-03-18 17:56:00,2704.471344788785,0.000883154878831917
2020-03-18 17:57:00,2702.718300793525,0.0007913395959318047
2020-03-18 17:58:00,2702.076518599404,0.000790754558536986
2020-03-18 17:59:00,2698.313784782242,0.0008017628065225766
2020-03-18 18:00:00,2698.2209439407297,0.0008342011068622817
2020-03-18 18:01:00,2696.944888340111,0.0008502807851297389
2020-03-18 18:02:00,2695.7573621641436,0.0008923770068744088
2020-03-18 18:03:00,2697.488441448705,0.0009243713658297839
2020-03-18 18:04:00,2696.3403997490154,0.0009367197683435798
2020-03-18 18:05:00,2696.857748588603,0.0008987835468883668
2020-03-18 18:06:00,2700.746894844003,0.000916280695576509
2020-03-18 18:07:00,2701.1448522864166,0.0008772417606958227
2020-03-18 18:08:00,2701.966987288581,0.0008686676737807145
2020-03-18 18:09:00,2701.4802282673377,0.0008837855457944551
2020-03-18 18:10:00,2700.797981307865,0.0009238925107374274
2020-03-18 18:11:00,2701.182359088753,0.0009347559615433559
2020-03-18 18:12:00,2702.2648176279267,0.0009669365380684013
2020-03-18 18:13:00,2701.1892454136723,0.0009428934557224976
2020-03-18 18:14:00,2703.545168091497,0.0009873521777994739
2020-03-18 18:15:00,2698.5004475142205,0.0009797835520320654
2020-03-18 18:16:00,2698.265528693939,0.0010300126045479632
2020-03-18 18:17:00,2697.9150895861762,0.000946369502674893
2020-03-18 18:18:00,2697.721272218699,0.0009129124979771914
2020-03-18 18:19:00,2698.2090657880535,0.0009172987684817572
2020-03-18 18:20:00,2697.0538310331576,0.0009049251630992762
2020-03-18 18:21:00,2700.740758745223,0.0008876749974173315
2020-03-18 18:22:00,2700.28690144619,0.0009363305725349184
2020-03-18 18:23:00,2699.870585396144,0.000885984977562559
2020-03-18 18:24:00,2696.4047634871486,0.0008955711230624085
2020-03-18 18:25:00,2698.463316239643,0.000943881986324556
2020-03-18 18:26:00,2699.1175317971324,0.0009950460084381374
2020-03-18 18:27:00,2699.7441662980364,0.0009685827073773688
2020-03-18 18:28:00,2700.4836991114835,0.0009896357763772544
2020-03-18 18:29:00,2701.2821192006436,0.0009536124318346183
2020-03-18 18:30:00,2702.262925272463,0.0009604974074573307
2020-03-18 18:31:00,2702.2244302188697,0.0009204009038777074
2020-03-18 18:32:00,2706.1308760351017,0.0008782316398055497
2020-03-18 18:33:00,2703.415684423833,0.0008858399081091771
2020-03-18 18:34:00,2707.4317881928405,0.0009422181131872642
2020-03-18 18:35:00,2702.9148848931814,0.0009685496888253324
2020-03-18 18:36:00,2698.617112711745,0.0009999657440654787
2020-03-18 18:37:00,2693.786959638961,0.001053294689816434
2020-03-18 18:38:00,2692.4405313152597,0.0010627734383350975
2020-03-18 18:39:00,2697.210973663033,0.0010294062565307455
2020-03-18 18:40:00,2696.4395958766786,0.0010542997594811122
2020-03-18 18:41:00,2694.1201067934594,0.0010991038391481582
2020-03-18 18:42:00,2693.0490334840683,0.001098614578980194
2020-03-18 18:43:00,2695.2491965689455,0.0011351092056060303
2020-03-18 18:44:00,2691.735999412157,0.0011174531364989597
2020-03-18 18:45:00,2693.317591923112,0.0010525048820221807
2020-03-18 18:46:00,2690.4145547031126,0.0010821195117848047
2020-03-18 18:47:00,2693.9210656255245,0.0010380797129164372
2020-03-18 18:48:00,2695.7048901187545,0.0010056733651517156
2020-03-18 18:49:00,2697.7881033216036,0.0009688463917553309
2020-03-18 18:50:00,2698.449050134322,0.0008720362242606907
2020-03-18 18:51:00,2699.574860569726,0.0009248905091204873
2020-03-18 18:52:00,2699.711471757129,0.000951808593742529
2020-03-18 18:53:00,2700.716140485189,0.0009015018903532413
2020-03-18 18:54:00,2699.99116627987,0.0008947743967145655
2020-03-18 18:55:00,2701.3828588938914,0.0008637102280856956
2020-03-18 18:56:00,2701.068082947212,0.0009374059700420372
2020-03-18 18:57:00,2698.670386223488,0.0010031202496427005
2020-03-18 18:58:00,2697.1631729126843,0.000952608115749503
2020-03-18 18:59:00,2696.1646760615386,0.0008828934057083497
2020-03-18 19:00:00,2698.655451667819,0.0008556787479379925
2020-03-18 19:01:00,2701.5137102400295,0.000833645005591751
2020-03-18 19:02:00,2701.690954264588,0.0008474328743235094
2020-03-18 19:03:00,2705.206464482523,0.0008979341946206836
2020-03-18 19:04:00,2699.837254252146,0.000899113280999097
2020-03-18 19:05:00,2700.943331777176,0.0008761528590395453
2020-03-18 19:06:00,2700.9308836907485,0.0008747393407078821
2020-03-18 19:07:00,2701.678329594492,0.0009311295058138041
2020-03-18 19:08:00,2705.4499908988887,0.000981711551609947
2020-03-18 19:09:00,2704.110739231659,0.0009922814922644265
2020-03-18 19:10:00,2702.5357621557773,0.0010094106547314963
2020-03-18 19:11:00,2704.781558005468,0.001079091153626185
2020-03-18 19:12:00,2699.1957839384227,0.001075910239777902
2020-03-18 19:13:00,2696.9890805839473,0.0010761070972772507
2020-03-18 19:14:00,2698.4595944324833,0.0010689338822514537
2020-03-18 19:15:00,2698.0663166018044,0.0010597931688863368
2020-03-18 19:16:00,2696.6221434066656,0.0010461078225888789
2020-03-18 19:17:00,2691.276033075046,0.001056171280350792
2020-03-18 19:18:00,2690.6629984199603,0.000971180549934467
2020-03-18 19:19:00,2690.5075581954798,0.0009450933636853261
2020-03-18 19:20:00,2688.944253963111,0.0009274116466493136
2020-03-18 19:21:00,2689.747768012089,0.0008700712119395693
2020-03-18 19:22:00,2691.751686442616,0.0008486544030785642
2020-03-18 19:23:00,2691.755420250867,0.000898442183303745
2020-03-18 19:24:00,2688.695289177105,0.0008660491131795946
2020-03-18 19:25:00,2686.6543787101114,0.0008888037829308775
2020-03-18 19:26:00,2686.5910327687384,0.0008794664076667319
2020-03-18 19:27:00,2689.2366157523597,0.0008913725673638382
2020-03-18 19:28:00,2687.5554532437154,0.0008484921816661727
2020-03-18 19:29:00,2692.779474984505,0.000853354810615744
2020-03-18 19:30:00,2694.3101172785778,0.0008391140502414095
2020-03-18 19:31:00,2694.340305344895,0.0008154561785895933
2020-03-18 19:32:00,2698.5917796974713,0.0008592298264846031
2020-03-18 19:33:00,2700.309649244135,0.0008930657906218218
2020-03-18 19:34:00,2695.862994084061,0.0008358495234300508
2020-03-18 19:35:00,2696.9132667242766,0.0009255195897798392
2020-03-18 19:36:00,2696.9828761043377,0.0009548545368525504
2020-03-18 19:37:00,2693.715283262248,0.0009712070805296815
2020-03-18 19:38:00,2692.6523133604446,0.0008888502970506014
2020-03-18 19:39:00,2688.9142666509656,0.000951007432726346
2020-03-18 19:40:00,2691.392419008939,0.0009503893861085479
2020-03-18 19:41:00,2689.0262447774603,0.0009058358794629271
2020-03-18 19:42:00,2689.555915046729,0.0009201801341640603
2020-03-18 19:43:00,2690.509324343149,0.0009511197555532353
2020-03-18 19:44:00,2690.1469314768115,0.0009255519800021663
2020-03-18 19:45:00,2692.18784635025,0.0009775496528225502
2020-03-18 19:46:00,2692.338286508925,0.0010055471960915287
2020-03-18 19:47:00,2698.099800594354,0.001008838322648512
2020-03-18 19:48:00,2696.240424903858,0.0009606285158389896
2020-03-18 19:49:00,2699.844610516326,0.00096739065438489
2020-03-18 19:50:00,2701.236046692902,0.0009666814451095148
2020-03-18 19:51:00,2702.6682958954343,0.0010109935101001379
2020-03-18 19:52:00,2703.8646258034696,0.0010385989527218157
2020-03-18 19:53:00,2709.1307870156074,0.0010273028669558243
2020-03-18 19:54:00,2706.349295926025,0.0010186518435792242
2020-03-18 19:55:00,2709.817241971302,0.0010249983153872582
2020-03-18 19:56:00,2713.115989709503,0.001022527050557886
2020-03-18 19:57:00,2712.8106223144005,0.0009542946221587467
2020-03-18 19:58:00,2709.8704569604397,0.0009724998146268817
2020-03-18 19:59:00,2708.0976994526036,0.0009958618115418288
2020-03-19 13:30:00,2680.7707801846664,0.0009327125390041073
2020-03-19 13:31:00,2680.900426545529,0.0008938397582812572
2020-03-19 13:32:00,2681.4672603628997,0.0008791677141926184
2020-03-19 13:33:00,2679.0597404886707,0.0009326216621920992
2020-03-19 13:34:00,2679.5106884387906,0.0009387249340395195
2020-03-19 13:35:00,2681.1079223930337,0.0008784789742303783
2020-03-19 13:36:00,2678.3528966147937,0.0008765597828142917
2020-03-19 13:37:00,2677.7710674048944,0.0008790063625660765
2020-03-19 13:38:00,2677.2417231385107,0.0009522812680570785
2020-03-19 13:39:00,2678.5838372117846,0.0009090127522501529
2020-03-19 13:40:00,2678.9895479554584,0.001003009781296837
2020-03-19 13:41:00,2679.931082867848,0.001044509737427352
2020-03-19 13:42:00,2681.721546814368,0.001099232742886577
2020-03-19 13:43:00,2685.849520485119,0.0010589655075662402
2020-03-19 13:44:00,2683.350358406206,0.0010075589884163843
2020-03-19 13:45:00,2684.024524040038,0.0009936987946893518
2020-03-19 13:46:00,2685.6982037029943,0.0009928457640453556
2020-03-19 13:47:00,2683.930587264164,0.0009564751750960864
2020-03-19 13:48:00,2679.915167836478,0.0009393027557585231
2020-03-19 13:49:00,2679.584381574301,0.0009756256889917832
2020-03-19 13:50:00,2677.6948798141984,0.0010356478310868632
2020-03-19 13:51:00,2674.91782313095,0.001053227407074127
2020-03-19 13:52:00,2676.3512453324047,0.0010232918000813516
2020-03-19 13:53:00,2678.7968228971904,0.0010894884867157302
2020-03-19 13:54:00,2673.91113480418,0.0010174871712384634
2020-03-19 13:55:00,2671.7428540862816,0.0010881715958817675
2020-03-19 13:56:00,2673.943135539531,0.0010630135078040944
2020-03-19 13:57:00,2669.919385620606,0.0010442815974160968
2020-03-19 13:58:00,2673.776239847423,0.0010825781726949246
2020-03-19 13:59:00,2680.6646905834336,0.0010921820653601259
2020-03-19 14:00:00,2680.8261648463404,0.0011480770692998865
2020-03-19 14:01:00,2683.060243982524,0.0012454947140540344
2020-03-19 14:02:00,2676.393604670865,0.0012439511613026113
2020-03-19 14:03:00,2679.0041393843676,0.001205659008956081
2020-03-19 14:04:00,2679.7848513405024,0.0012567200726229899
2020-03-19 14:05:00,2675.198037961813,0.0012351014621878157
2020-03-19 14:06:00,2670.5672664144854,0.0011658739500859864
2020-03-19 14:07:00,2666.2794946281415,0.001152579651066442
2020-03-19 14:08:00,2664.3901665519916,0.0011835502492839511
2020-03-19 14:09:00,2666.4849761048904,0.0012012357135525937
2020-03-19 14:10:00,2666.026225188604,0.0011257931812509456
2020-03-19 14:11:00,2663.492365647631,0.001126436572108746
2020-03-19 14:12:00,2667.826700220541,0.0011239534603371276
2020-03-19 14:13:00,2665.2633253877384,0.0011775213266010827
2020-03-19 14:14:00,2667.9400904543686,0.0011575789034544103
2020-03-19 14:15:00,2669.8753551802206,0.001089789576843235
2020-03-19 14:16:00,2669.499785977551,0.001086733566259383
2020-03-19 14:17:00,2667.8209976092417,0.0010938416870045324
2020-03-19 14:18:00,2661.604971023543,0.001119660317821983
2020-03-19 14:19:00,2660.781711764795,0.0011392163847027692
2020-03-19 14:20:00,2661.3394408083886,0.0010873397473443933
2020-03-19 14:21:00,2658.467945396923,0.0011544938270794541
2020-03-19 14:22:00,2663.3011739856524,0.0011489471216706826
2020-03-19 14:23:00,2665.6214993305302,0.0011420461067295226
2020-03-19 14:24:00,2668.5597770387462,0.001148865664526733
2020-03-19 14:25:00,2669.0610042933663,0.0011163127759113432
2020-03-19 14:26:00,2669.5927033459648,0.0010063778993390257
2020-03-19 14:27:00,2667.056301713167,0.0009730250356653033
2020-03-19 14:28:00,2665.7256901694623,0.0009417287148448926
2020-03-19 14:29:00,2665.097748089308,0.000902704977443982
2020-03-19 14:30:00,2661.041158777814,0.0009268467108557949
2020-03-19 14:31:00,2662.200151336938,0.0008939623986072826
2020-03-19 14:32:00,2661.0914893155136,0.0009224227230177896
2020-03-19 14:33:00,2659.1382450634396,0.0008934976947992642
2020-03-19 14:34:00,2661.247365896825,0.0009241653373380094
2020-03-19 14:35:00,2661.93428004014,0.0009509501498016792
2020-03-19 14:36:00,2656.3285333383164,0.0009565768490689389
2020-03-19 14:37:00,2655.5025164031263,0.0009389912895515757
2020-03-19 14:38:00,2653.242348451787,0.0009745458113719518
2020-03-19 14:39:00,2651.175544788322,0.0010355590804491486
2020-03-19 14:40:00,2647.918398047881,0.0010254440190862607
2020-03-19 14:41:00,2645.476921350083,0.0009864269888964117
2020-03-19 14:42:00,2647.5899010774488,0.0010088378469913198
2020-03-19 14:43:00,2649.458435930575,0.0010516552815527714
2020-03-19 14:44:00,2651.182138465309,0.0010273197533530742
2020-03-19 14:45:00,2655.6746211647855,0.001052340439912779
2020-03-19 14:46:00,2649.1270406769286,0.001159446744568048
2020-03-19 14:47:00,2650.7487905341386,0.0011689154893752697
2020-03-19 14:48:00,2650.360506358437,0.0011634720682825984
2020-03-19 14:49:00,2651.9451219425714,0.0010780492246313424
2020-03-19 14:50:00,2655.918556682529,0.0010514111238168998
2020-03-19 14:51:00,2655.8650169707234,0.0010096849516331979
2020-03-19 14:52:00,2656.5236367744237,0.0009824302388948415
2020-03-19 14:53:00,2657.8502715584204,0.001018998514565879
2020-03-19 14:54:00,2657.607376530499,0.0010386512548906722
2020-03-19 14:55:00,2658.2048587323025,0.0010494916636932111
2020-03-19 14:56:00,2661.571189557804,0.0009855070607841128
2020-03-19 14:57:00,2662.510069144872,0.0009608822901674323
2020-03-19 14:58:00,2664.125456686455,0.0009504072300559135
2020-03-19 14:59:00,2664.2696487846943,0.000984246830557573
2020-03-19 15:00:00,2663.79076484628,0.0009664756172325607
2020-03-19 15:01:00,2664.9761317159437,0.0009696615585103295
2020-03-19 15:02:00,2669.5822547923376,0.0009488328094639628
2020-03-19 15:03:00,2666.401900132966,0.0009597700583901986
2020-03-19 15:04:00,2662.468444394342,0.000883061964545579
2020-03-19 15:05:00,2666.6781098057418,0.0008230867564580947
2020-03-19 15:06:00,2668.648776670667,0.0008412455264710532
2020-03-19 15:07:00,2669.497687523006,0.0008189152724110694
2020-03-19 15:08:00,2667.1413838370618,0.0008377370384452359
2020-03-19 15:09:00,2667.544701985077,0.000853933280815781
2020-03-19 15:10:00,2663.4223982815474,0.0008279583587247006
2020-03-19 15:11:00,2660.3361995851824,0.0008215000605464186
2020-03-19 15:12:00,2661.7849104910124,0.0008520477053259936
2020-03-19 15:13:00,2658.1352443571996,0.0008899998697133916
2020-03-19 15:14:00,2660.840756812854,0.0008684678086219307
2020-03-19 15:15:00,2660.4785436082493,0.0008286554235416595
2020-03-19 15:16:00,2661.4053697945806,0.0008180227281091315
2020-03-19 15:17:00,2659.0696621508214,0.0008629033170450737
2020-03-19 15:18:00,2660.818141625299,0.0008521982886559111
2020-03-19 15:19:00,2663.0584477891407,0.0008493496867951141
2020-03-19 15:20:00,2664.117014126724,0.0009038122430851381
2020-03-19 15:21:00,2661.539780737933,0.0008581231047080156
2020-03-19 15:22:00,2658.7812336176403,0.0008714982991427682
2020-03-19 15:23:00,2661.0864649056666,0.000867571120918885
2020-03-19 15:24:00,2664.0925881124517,0.0008776870434681905
2020-03-19 15:25:00,2661.90854874838,0.0008730019553491637
2020-03-19 15:26:00,2661.5551847896013,0.0008353202860553921
2020-03-19 15:27:00,2661.5271965076604,0.0008160699709390815
2020-03-19 15:28:00,2657.818585770289,0.0008312393388339546
2020-03-19 15:29:00,2658.117090176287,0.0008556523781231091
2020-03-19 15:30:00,2658.1693821427807,0.0008695524114743164
2020-03-19 15:31:00,2654.7208608272335,0.0008589090726667131
2020-03-19 15:32:00,2655.657259796888,0.0008304543325305563
2020-03-19 15:33:00,2654.3576808033654,0.0007725885269682331
2020-03-19 15:34:00,2654.784030922583,0.0007383791927974518
2020-03-19 15:35:00,2651.34553926755,0.000738828611080173
2020-03-19 15:36:00,2651.7157423457193,0.0006815896490962712
2020-03-19 15:37:00,2652.9180986727692,0.0007194862918251521
2020-03-19 15:38:00,2652.7597475362036,0.0007465935857253606
2020-03-19 15:39:00,2652.102662320771,0.0007529381890522959
2020-03-19 15:40:00,2654.4757275920015,0.0007552514971167418
2020-03-19 15:41:00,2651.5762340157767,0.0007277977547052166
2020-03-19 15:42:00,2654.023370851901,0.0007298044039230994
2020-03-19 15:43:00,2653.4390030150994,0.0007489081615606593
2020-03-19 15:44:00,2654.161605337085,0.0007490057023076805
2020-03-19 15:45:00,2655.58235037664,0.0007527928698890812
2020-03-19 15:46:00,2656.133310594371,0.000742427473487263
2020-03-19 15:47:00,2656.349100601434,0.0007191526059934715
2020-03-19 15:48:00,2656.101324414239,0.0007331797409006487
2020-03-19 15:49:00,2653.7322378879835,0.0006652117423926228
2020-03-19 15:50:00,2654.9011428680433,0.0006717947059913037
2020-03-19 15:51:00,2654.475431091716,0.0006511055542454633
2020-03-19 15:52:00,2656.0694444537517,0.0005895123720454499
2020-03-19 15:53:00,2654.5049912416252,0.000578064136574812
2020-03-19 15:54:00,2653.5176899761727,0.0005743226235399668
2020-03-19 15:55:00,2650.136548401767,0.000612518190395833
2020-03-19 15:56:00,2650.6125527120657,0.0006334614716008967
2020-03-19 15:57:00,2648.838205836002,0.0006841545761102777
2020-03-19 15:58:00,2649.9530468219377,0.0006629974225992413
2020-03-19 15:59:00,2649.227383669915,0.0006393852016857822
2020-03-19 16:00:00,2653.6582031909434,0.0006242355075271839
2020-03-19 16:01:00,2652.9540100933436,0.0006124560873797857
2020-03-19 16:02:00,2652.180143032733,0.0006315445575784101
2020-03-19 16:03:00,2653.1780352093256,0.0006305825990366558
2020-03-19 16:04:00,2653.4950320560656,0.000621341340628754
2020-03-19 16:05:00,2654.2544070995637,0.0006231310513404179
2020-03-19 16:06:00,2653.520674704649,0.0006366094680817207
2020-03-19 16:07:00,2656.3882345532315,0.0005976732464940824
2020-03-19 16:08:00,2654.328022997533,0.0005822202634910594
2020-03-19 16:09:00,2654.0162993247586,0.0006056038936720887
2020-03-19 16:10:00,2653.1608068199835,0.0006583348071803294
2020-03-19 16:11:00,2649.613756819195,0.0006564297118096752
2020-03-19 16:12:00,2649.3783066936576,0.0006583026591357559
2020-03-19 16:13:00,2649.8671289289546,0.000678137143103373
2020-03-19 16:14:00,2651.407543974905,0.0006687853711803657
2020-03-19 16:15:00,2648.7035171237985,0.000618160035326068
2020-03-19 16:16:00,2648.673906879543,0.0006049418616858098
2020-03-19 16:17:00,2648.8069671361404,0.0006101113869319142
2020-03-19 16:18:00,2649.028729616793,0.0005874028495868936
2020-03-19 16:19:00,2647.236001386981,0.0006063650504053081
2020-03-19 16:20:00,2645.784125854117,0.0006052143651246144
2020-03-19 16:21:00,2645.33162766805,0.0006124874909712902
2020-03-19 16:22:00,2644.946445779564,0.0006257708219209306
2020-03-19 16:23:00,2644.930362013183,0.0006604541897157645
2020-03-19 16:24:00,2642.3564441803383,0.0006148459033566751
2020-03-19 16:25:00,2644.919643392605,0.0006486931478508235
2020-03-19 16:26:00,2645.4995526910525,0.0006372485021263421
2020-03-19 16:27:00,2646.797504375831,0.000664991950561891
2020-03-19 16:28:00,2644.704750695263,0.0007208550907019532
2020-03-19 16:29:00,2644.218070605564,0.0007143052328883858
2020-03-19 16:30:00,2648.2290719104453,0.0007186290952263092
2020-03-19 16:31:00,2649.8442796146696,0.000714150418911568
2020-03-19 16:32:00,2650.2662891913747,0.0007558226883155806
2020-03-19 16:33:00,2648.399581604627,0.0006885355343366824
2020-03-19 16:34:00,2647.410989169024,0.0007064934768549307
2020-03-19 16:35:00,2648.0534338087946,0.0007325436387070765
2020-03-19 16:36:00,2649.8728162114985,0.0007489497239686874
2020-03-19 16:37:00,2649.742245299273,0.0007266121287356916
2020-03-19 16:38:00,2654.5003332922806,0.0007068236112981293
2020-03-19 16:39:00,2652.338701297669,0.000708577644279073
2020-03-19 16:40:00,2654.7105228878936,0.0006567169884373713
2020-03-19 16:41:00,2656.4573324016064,0.0006210922902162061
2020-03-19 16:42:00,2655.115435081768,0.0006027094822103999
2020-03-19 16:43:00,2654.2488744040597,0.0006368498101240415
2020-03-19 16:44:00,2655.8589931699657,0.0006300433962813062
2020-03-19 16:45:00,2652.734438450769,0.0006648362445204869
2020-03-19 16:46:00,2653.400354508694,0.0006992531523233645
2020-03-19 16:47:00,2654.8591530260887,0.0007093488838639855
2020-03-19 16:48:00,2654.5004331256555,0.0006631922908471103
2020-03-19 16:49:00,2655.270579659553,0.0006974949868051244
2020-03-19 16:50:00,2654.418405725649,0.0006857732669144431
2020-03-19 16:51:00,2649.456593071142,0.0006902300787123191
2020-03-19 16:52:00,2647.508819195871,0.0006640221411758457
2020-03-19 16:53:00,2648.966730745418,0.0006936514076867911
2020-03-19 16:54:00,2649.6743785253175,0.0006570765077618455
2020-03-19 16:55:00,2649.131719858801,0.0006430646927361006
2020-03-19 16:56:00,2650.4850757123077,0.0006235386860406919
2020-03-19 16:57:00,2650.5513695060567,0.0005945402491766027
2020-03-19 16:58:00,2652.652594417445,0.0005930034473304469
2020-03-19 16:59:00,2654.223637886594,0.0005814469199140466
2020-03-19 17:00:00,2654.5923376100213,0.0005462049012092656
2020-03-19 17:01:00,2653.0420145075163,0.0005235245246551448
2020-03-19 17:02:00,2654.627688068676,0.0004887516638931995
2020-03-19 17:03:00,2656.7947853227056,0.000511227557658403
2020-03-19 17:04:00,2656.0130728787376,0.0005215550009055414
2020-03-19 17:05:00,2657.142070585783,0.000546841669731921
2020-03-19 17:06:00,2657.2941872588294,0.0005198448689177888
2020-03-19 17:07:00,2658.754703265316,0.0005347122343974649
2020-03-19 17:08:00,2658.605365033148,0.0005009951225373583
2020-03-19 17:09:00,2659.489270789809,0.0005052030197206164
2020-03-19 17:10:00,2659.110964539339,0.0005459948977730704
2020-03-19 17:11:00,2660.302884595997,0.000571377061183795
2020-03-19 17:12:00,2657.618862713608,0.0005729809521708843
2020-03-19 17:13:00,2657.144008971607,0.0005002802886477575
2020-03-19 17:14:00,2656.136911050352,0.0005200856462884796
2020-03-19 17:15:00,2656.1558594453363,0.0004987546317459361
2020-03-19 17:16:00,2653.711184614291,0.0005170562942331204
2020-03-19 17:17:00,2652.564667525166,0.0005279876649338574
2020-03-19 17:18:00,2653.2325694817987,0.0005713327604528538
2020-03-19 17:19:00,2651.3415505705407,0.0005748774802071762
2020-03-19 17:20:00,2652.4176487572286,0.0005331827419081133
2020-03-19 17:21:00,2652.336690907568,0.0005417224620823429
2020-03-19 17:22:00,2652.377440614038,0.0005211626565277056
2020-03-19 17:23:00,2652.381326821236,0.000510938946966125
2020-03-19 17:24:00,2652.7387407706897,0.0005032648481454906
2020-03-19 17:25:00,2651.382005472033,0.00047367515894055614
2020-03-19 17:26:00,2650.544316071815,0.00046333173013299826
2020-03-19 17:27:00,2651.6486495148506,0.00047587553384512523
2020-03-19 17:28:00,2651.522805158801,0.0004904947081884388
2020-03-19 17:29:00,2651.6808157287096,0.0004960958453329005
2020-03-19 17:30:00,2652.13315787921,0.0004767754661768103
2020-03-19 17:31:00,2654.1451934686106,0.0004796556220471895
2020-03-19 17:32:00,2650.7542894538647,0.0005135573336961612
2020-03-19 17:33:00,2649.4402137918746,0.0005180649629730005
2020-03-19 17:34:00,2648.2440800941927,0.0005466192208572024
2020-03-19 17:35:00,2650.032852103416,0.0005686272542126433
2020-03-19 17:36:00,2650.1832610195893,0.0005711499693731725
2020-03-19 17:37:00,2648.908233431654,0.0005645511032821416
2020-03-19 17:38:00,2650.0631483751336,0.0005534570512756053
2020-03-19 17:39:00,2649.942441239785,0.0005325351279486121
2020-03-19 17:40:00,2647.495610305978,0.0005056577744165618
2020-03-19 17:41:00,2648.579515541527,0.0004990213761650267
2020-03-19 17:42:00,2649.8000184809,0.0005298174440445441
2020-03-19 17:43:00,2649.9619606114643,0.0005246211033079527
2020-03-19 17:44:00,2652.374891151355,0.000530358852069114
2020-03-19 17:45:00,2655.5896695409037,0.00049860147013034
2020-03-19 17:46:00,2654.9702956764195,0.0004947510565234173
2020-03-19 17:47:00,2651.8940211064464,0.0004948611390966039
2020-03-19 17:48:00,2652.887462934511,0.000530493598115565
2020-03-19 17:49:00,2652.125974681119,0.0005495227637017134
2020-03-19 17:50:00,2652.5939591743822,0.0005337882675886535
2020-03-19 17:51:00,2654.155854250311,0.0005310029074928951
2020-03-19 17:52:00,2651.4239248243075,0.0005353315844804924
2020-03-19 17:53:00,2652.7917517942856,0.0005036755231279006
2020-03-19 17:54:00,2654.5595315787723,0.000524444491819655
2020-03-19 17:55:00,2653.9488496431372,0.0005500935989895441
2020-03-19 17:56:00,2654.0488247266667,0.0005579811530633143
2020-03-19 17:57:00,2654.09746926301,0.0005619041636520767
2020-03-19 17:58:00,2654.9707679082712,0.0006076916129903103
2020-03-19 17:59:00,2656.848818619881,0.0005887728630924934
2020-03-19 18:00:00,2654.7392033801534,0.0005868772560474161
2020-03-19 18:01:00,2653.630420667037,0.0006348367473566752
2020-03-19 18:02:00,2653.4611501990908,0.0006296875185216615
2020-03-19 18:03:00,2650.239277001704,0.0005962956960923292
2020-03-19 18:04:00,2652.7134284269746,0.0006420669406567856
2020-03-19 18:05:00,2653.347739115271,0.0006546962155084482
2020-03-19 18:06:00,2653.5868219824415,0.0007021836627203498
2020-03-19 18:07:00,2653.144611300118,0.0007303634370868191
2020-03-19 18:08:00,2655.598883391051,0.0006892677964094756
2020-03-19 18:09:00,2656.2201792414326,0.0006790798138851038
2020-03-19 18:10:00,2655.3312006332,0.0006921651019480601
2020-03-19 18:11:00,2654.12004317393,0.0007216859701551466
2020-03-19 18:12:00,2655.9918476649227,0.0006983919971152381
2020-03-19 18:13:00,2659.1701658733737,0.0007120512195296999
2020-03-19 18:14:00,2658.7616602630505,0.0006991660892199625
2020-03-19 18:15:00,2659.9922172198208,0.0007049508909641086
2020-03-19 18:16:00,2658.8093446074054,0.0007067489450373214
2020-03-19 18:17:00,2658.4817277661305,0.0007027690517020232
2020-03-19 18:18:00,2657.4039238980777,0.0006802167856387709
2020-03-19 18:19:00,2659.299385293522,0.0007075652737267185
2020-03-19 18:20:00,2660.2211937814154,0.0007312650132694005
2020-03-19 18:21:00,2661.44625994106,0.0007649826946370505
2020-03-19 18:22:00,2660.16075108904,0.0007676274797971037
2020-03-19 18:23:00,2657.831591345823,0.000756898452108732
2020-03-19 18:24:00,2660.388584192046,0.0007060843173340837
2020-03-19 18:25:00,2663.958612477023,0.0007365176065663445
2020-03-19 18:26:00,2663.621679127427,0.0007611391211532879
2020-03-19 18:27:00,2663.732352096566,0.000756373072684376
2020-03-19 18:28:00,2665.776643732551,0.000752055409755723
2020-03-19 18:29:00,2667.0393108515163,0.0007753367901341682
2020-03-19 18:30:00,2665.527810891508,0.0007868742510828057
2020-03-19 18:31:00,2663.3655796585326,0.0007878072968392386
2020-03-19 18:32:00,2661.5453956279835,0.000890341736843831
2020-03-19 18:33:00,2663.8049511856584,0.0009550903315730747
2020-03-19 18:34:00,2670.8551007863525,0.0009275200165122982
2020-03-19 18:35:00,2666.486345975017,0.0009137907094792313
2020-03-19 18:36:00,2666.231681036394,0.0008310673948014898
2020-03-19 18:37:00,2669.4429699086268,0.000827353698015548
2020-03-19 18:38:00,2670.9869917569113,0.0008547876155241703
2020-03-19 18:39:00,2671.9391459873123,0.0008380185242932582
2020-03-19 18:40:00,2670.127094545122,0.0008806321685635604
2020-03-19 18:41:00,2667.356423478969,0.0008867303538087021
2020-03-19 18:42:00,2668.460928892297,0.0009007617070224562
2020-03-19 18:43:00,2667.5186440678967,0.000895079698063374
2020-03-19 18:44:00,2665.216927804441,0.000883863289211307
2020-03-19 18:45:00,2664.402703295411,0.0008931022891777815
2020-03-19 18:46:00,2664.4240317583995,0.0008945683300964056
2020-03-19 18:47:00,2665.2681517982664,0.0009232148107229508
2020-03-19 18:48:00,2664.4428710501384,0.0009477963504996308
2020-03-19 18:49:00,2667.883088894221,0.0009836079881267003
2020-03-19 18:50:00,2667.5624600202227,0.0009658401872506306
2020-03-19 18:51:00,2665.341603166259,0.0009677381077846921
2020-03-19 18:52:00,2667.3388586502897,0.0009789113232335101
2020-03-19 18:53:00,2668.532684150738,0.0009510604569997858
2020-03-19 18:54:00,2672.4298623724408,0.0009015351772405472
2020-03-19 18:55:00,2674.9233913620224,0.0008829581308805722
2020-03-19 18:56:00,2675.6168011675354,0.0008511091014334443
2020-03-19 18:57:00,2673.810725214033,0.0008900018718688297
2020-03-19 18:58:00,2675.567174983455,0.0008697465869360845
2020-03-19 18:59:00,2675.7733279138674,0.0008267579246141207
2020-03-19 19:00:00,2677.860631328592,0.0007427852508244334
2020-03-19 19:01:00,2677.7064220282145,0.0007321550684698074
2020-03-19 19:02:00,2676.466162484417,0.0007619390262131883
2020-03-19 19:03:00,2672.407233733567,0.0007431356490856944
2020-03-19 19:04:00,2674.8320241097344,0.0007314693903527355
2020-03-19 19:05:00,2673.0340075457134,0.0006897523713022177
2020-03-19 19:06:00,2670.187361380495,0.0007063189524233687
2020-03-19 19:07:00,2670.584689054701,0.0007073610660945296
2020-03-19 19:08:00,2670.7429730338094,0.0006982956910435278
2020-03-19 19:09:00,2669.705907119044,0.0006782719278169954
2020-03-19 19:10:00,2670.8655775079023,0.0007148341932826714
2020-03-19 19:11:00,2669.657504479628,0.0006772150154569295
2020-03-19 19:12:00,2670.022633535383,0.0007194940749722158
2020-03-19 19:13:00,2668.37594370334,0.0007335678598138166
2020-03-19 19:14:00,2666.2739376264312,0.0007226907622269391
2020-03-19 19:15:00,2665.2249131571725,0.0007198048530072984
2020-03-19 19:16:00,2665.2819304516606,0.0007175835088621338
2020-03-19 19:17:00,2667.9249758408046,0.0006961897748900932
2020-03-19 19:18:00,2667.179873092896,0.0006734155338437883
2020-03-19 19:19:00,2667.011745261684,0.0006889380287545626
2020-03-19 19:20:00,2667.8989642274605,0.0006828121869294516
2020-03-19 19:21:00,2669.034276317944,0.0007072464415581207
2020-03-19 19:22:00,2670.2309691717696,0.0007152612309015141
2020-03-19 19:23:00,2670.3920663456856,0.000727037717058947
2020-03-19 19:24:00,2667.6900251576503,0.0007370658075015778
2020-03-19 19:25:00,2667.908248253209,0.0007744394343013288
2020-03-19 19:26:00,2670.4692630378213,0.0007731767940644163
2020-03-19 19:27:00,2672.4185155985356,0.0007888698135681361
2020-03-19 19:28:00,2675.086387311477,0.000756837286118559
2020-03-19 19:29:00,2677.489007541598,0.0007785491207788154
2020-03-19 19:30:00,2678.3709196260093,0.0008502109904129757
2020-03-19 19:31:00,2679.859876006531,0.0008336353628376755
2020-03-19 19:32:00,2681.303895213516,0.0008602141906488165
2020-03-19 19:33:00,2679.105835020667,0.000820890047498931
2020-03-19 19:34:00,2677.477939283848,0.0008311083403301175
2020-03-19 19:35:00,2675.2070750836892,0.000845197859368579
2020-03-19 19:36:00,2677.5335520372246,0.000900356395127872
2020-03-19 19:37:00,2679.078325418951,0.0008823700967773699
2020-03-19 19:38:00,2678.108914281959,0.0009146107162938773
2020-03-19 19:39:00,2673.769887884985,0.0009445509681819069
2020-03-19 19:40:00,2673.2222135308334,0.0009688601961757854
2020-03-19 19:41:00,2667.6883681446407,0.0010344059519947976
2020-03-19 19:42:00,2668.9244383118225,0.0009251876999135827
2020-03-19 19:43:00,2671.0097337015445,0.0009741272213424166
2020-03-19 19:44:00,2665.3191214400063,0.0009756813521971181
2020-03-19 19:45:00,2663.2088665987267,0.0009815449226085687
2020-03-19 19:46:00,2662.7174909772484,0.0009617859291044071
2020-03-19 19:47:00,2667.5843472536408,0.0009681162013944654
2020-03-19 19:48:00,2670.921223668246,0.0010415774037529097
2020-03-19 19:49:00,2670.0244787264746,0.0010316615783687742
2020-03-19 19:50:00,2670.1367341096825,0.0010563904060397376
2020-03-19 19:51:00,2671.2462987269155,0.0009624011956843418
2020-03-19 19:52:00,2672.2805143543546,0.0010027602609400748
2020-03-19 19:53:00,2672.132119726859,0.0010328617498780292
2020-03-19 19:54:00,2665.095379804475,0.0010893022558488993
2020-03-19 19:55:00,2665.3810288943105,0.0010783344939557652
2020-03-19 19:56:00,2666.6582082752666,0.0010195032036773755
2020-03-19 19:57:00,2665.958024194801,0.0010108048727095998
2020-03-19 19:58:00,2662.3798086893476,0.000974713592605584
2020-03-19 19:59:00,2660.061917635022,0.0010278924154475291
2020-03-20 13:30:00,2662.098112171165,0.001040607918643204
2020-03-20 13:31:00,2663.8782243206074,0.0010091081840647926
2020-03-20 13:32:00,2667.589348537322,0.0009748432972827771
2020-03-20 13:33:00,2669.9374398263562,0.001006133551052229
2020-03-20 13:34:00,2669.7932611700035,0.0010881564422155338
2020-03-20 13:35:00,2672.354143688601,0.0012014653597003794
2020-03-20 13:36:00,2668.71747277205,0.0011336692624794784
2020-03-20 13:37:00,2672.2209818937913,0.0010978612067577896
2020-03-20 13:38:00,2675.7622846654904,0.00114504151105066
2020-03-20 13:39:00,2673.2142796272287,0.001076582606251741
2020-03-20 13:40:00,2671.9233397476146,0.0010612198972690698
2020-03-20 13:41:00,2674.0275295087654,0.0009711564034287814
2020-03-20 13:42:00,2671.8253701097397,0.0009591097910777983
2020-03-20 13:43:00,2672.6636400519196,0.0009384444606126961
2020-03-20 13:44:00,2673.0149029345575,0.0009491505643699059
2020-03-20 13:45:00,2672.4694031881763,0.0009112334137517885
2020-03-20 13:46:00,2672.5901985355827,0.0008703726352062385
2020-03-20 13:47:00,2669.682468251211,0.000867414692623919
2020-03-20 13:48:00,2669.1973191554266,0.0008316532135221205
2020-03-20 13:49:00,2670.2928869796106,0.000839651062369783
2020-03-20 13:50:00,2668.959788646918,0.0008055438201138055
2020-03-20 13:51:00,2668.6028459434206,0.0007530415490460301
2020-03-20 13:52:00,2668.290944120284,0.0007114836266769797
2020-03-20 13:53:00,2667.02651766611,0.0006502478622834046
2020-03-20 13:54:00,2668.266547048585,0.0006430643580806573
2020-03-20 13:55:00,2665.4814980820756,0.0006154539790537627
2020-03-20 13:56:00,2667.5101257179467,0.0006248783769101975
2020-03-20 13:57:00,2668.860791917728,0.0006760488858499589
2020-03-20 13:58:00,2669.5274316014816,0.0007070659596002714
2020-03-20 13:59:00,2672.360851954428,0.0007293647583153722
2020-03-20 14:00:00,2668.837881377511,0.0007167543128440433
2020-03-20 14:01:00,2667.648140757657,0.0007166188319445194
2020-03-20 14:02:00,2673.2216145265097,0.0007404316302269948
2020-03-20 14:03:00,2670.775775975258,0.0007130148110660062
2020-03-20 14:04:00,2671.8602705477188,0.0007372665494252674
2020-03-20 14:05:00,2672.5535481790967,0.0007282129033428413
2020-03-20 14:06:00,2672.882724980559,0.0007051714014148587
2020-03-20 14:07:00,2674.137009009338,0.0006413199568312953
2020-03-20 14:08:00,2674.706299795078,0.0006092235258328678
2020-03-20 14:09:00,2675.1862850901975,0.0006333676979614174
2020-03-20 14:10:00,2673.792076479421,0.0006604275890872212
2020-03-20 14:11:00,2675.4702853310228,0.0006293133728873845
2020-03-20 14:12:00,2671.1054112912575,0.000647815299295931
2020-03-20 14:13:00,2667.987392229182,0.0006334291577454707
2020-03-20 14:14:00,2668.7633208345555,0.0006168905533632543
2020-03-20 14:15:00,2669.546847979227,0.0006368991691497618
2020-03-20 14:16:00,2669.9363255158983,0.0006544551520039389
2020-03-20 14:17:00,2670.055558975507,0.0006268406625952246
2020-03-20 14:18:00,2671.836242568559,0.0006383811724697651
2020-03-20 14:19:00,2671.1137217089426,0.0006412487475218413
2020-03-20 14:20:00,2670.0390026234877,0.0006546719593995936
2020-03-20 14:21:00,2670.7768430223173,0.0006873905968623924
2020-03-20 14:22:00,2669.476884978183,0.0006992283884784676
2020-03-20 14:23:00,2666.7562632963795,0.0006699030909235456
2020-03-20 14:24:00,2667.4629538105683,0.0007267489544336285
2020-03-20 14:25:00,2666.399340877075,0.0007108817744050142
2020-03-20 14:26:00,2670.159325771148,0.0007318687944383395
2020-03-20 14:27:00,2667.421152647886,0.0007734119527550617
2020-03-20 14:28:00,2669.2582775728793,0.0007312365624083293
2020-03-20 14:29:00,2669.998390709982,0.000756347540087243
2020-03-20 14:30:00,2669.4783653640143,0.0007686754506061863
2020-03-20 14:31:00,2670.139545821227,0.0007623598214543303
2020-03-20 14:32:00,2670.774273333665,0.0007587783177700229
2020-03-20 14:33:00,2669.410194490142,0.0007495201949205313
2020-03-20 14:34:00,2670.361535987636,0.0007808196082797826
2020-03-20 14:35:00,2672.692424034448,0.0007909739701273683
2020-03-20 14:36:00,2672.532230477021,0.0007732145718076465
2020-03-20 14:37:00,2669.9898630322864,0.0008396107841120454
2020-03-20 14:38:00,2667.3294229561634,0.0008256027220489027
2020-03-20 14:39:00,2665.1183062067244,0.0008250522435554414
2020-03-20 14:40:00,2666.3491937805366,0.0008270925902266582
2020-03-20 14:41:00,2667.353342443386,0.0007884488588003463
2020-03-20 14:42:00,2664.9680516335243,0.0007901139040632348
2020-03-20 14:43:00,2663.5887871935656,0.000792354214176471
2020-03-20 14:44:00,2662.3128506934845,0.0008516476870235852
2020-03-20 14:45:00,2661.543022143997,0.0008056466309912083
2020-03-20 14:46:00,2661.208574597602,0.0007804314802523194
2020-03-20 14:47:00,2661.3593782539274,0.0007517895406401907
2020-03-20 14:48:00,2663.3829030984934,0.0007342557880085232
2020-03-20 14:49:00,2664.4798765703054,0.0007504760585351605
2020-03-20 14:50:00,2662.2717453469063,0.0007401889229203801
2020-03-20 14:51:00,2663.8747862676114,0.000691320240840005
2020-03-20 14:52:00,2661.231411702295,0.000695575854563362
2020-03-20 14:53:00,2662.102088378251,0.0007018609701380233
2020-03-20 14:54:00,2661.715562784442,0.0007377056695270414
2020-03-20 14:55:00,2660.454520275852,0.0007110701733247305
2020-03-20 14:56:00,2662.5511975274694,0.0006679035717688719
2020-03-20 14:57:00,2664.755108475845,0.0006656368018988392
2020-03-20 14:58:00,2663.5810405253387,0.0006908962319261277
2020-03-20 14:59:00,2663.102478552002,0.0007277664486836979
2020-03-20 15:00:00,2667.751096616453,0.0006875772681202264
2020-03-20 15:01:00,2668.2277108837598,0.0006687330421362867
2020-03-20 15:02:00,2667.2418791489317,0.000699126519575949
2020-03-20 15:03:00,2666.9256136387917,0.0007419535605880194
2020-03-20 15:04:00,2666.684620149467,0.0007617753371815393
2020-03-20 15:05:00,2668.1022444873715,0.0007672267678786739
2020-03-20 15:06:00,2666.7604974666924,0.0007508428352791045
2020-03-20 15:07:00,2668.8075097724136,0.0008057708912863171
2020-03-20 15:08:00,2671.384798286505,0.0008135429962125964
2020-03-20 15:09:00,2670.2324824232874,0.0007988860837158165
2020-03-20 15:10:00,2670.9264933030468,0.0007569444075450147
2020-03-20 15:11:00,2671.10435431192,0.0006923006115806359
2020-03-20 15:12:00,2671.011126717563,0.0006484328949898659
2020-03-20 15:13:00,2670.510558114266,0.000626821136879768
2020-03-20 15:14:00,2670.4241778230926,0.0005815936328399189
2020-03-20 15:15:00,2670.3268492225893,0.0005802900380989651
2020-03-20 15:16:00,2669.8543713627887,0.0005860151898308419
2020-03-20 15:17:00,2669.938058319109,0.0005465875840654
2020-03-20 15:18:00,2669.326734819769,0.0005726308875359034
2020-03-20 15:19:00,2668.217693438588,0.0005925813120826407
2020-03-20 15:20:00,2668.541688396149,0.0006184513875672593
2020-03-20 15:21:00,2667.3082585007432,0.0006711878049914924
2020-03-20 15:22:00,2664.9944905301545,0.0006783732485137016
2020-03-20 15:23:00,2661.641912472674,0.0006861030696994223
2020-03-20 15:24:00,2662.2770788923895,0.0006570261969477679
2020-03-20 15:25:00,2662.992135961039,0.0006581052682911767
2020-03-20 15:26:00,2664.5925561319586,0.0006717327165909358
2020-03-20 15:27:00,2663.0940150661486,0.0006665916606110285
2020-03-20 15:28:00,2663.635963397132,0.000655670932038931
2020-03-20 15:29:00,2662.9652059623186,0.0006494314348532756
2020-03-20 15:30:00,2663.9289289926933,0.0006688175745400147
2020-03-20 15:31:00,2665.006963182978,0.0006729551464339332
2020-03-20 15:32:00,2667.4818108720315,0.0006710594155558574
2020-03-20 15:33:00,2666.998965742069,0.0006831877362172938
2020-03-20 15:34:00,2667.6382067555055,0.000667196466345033
2020-03-20 15:35:00,2668.381964145689,0.0006591271279467645
2020-03-20 15:36:00,2668.099961350065,0.0005750843318156811
2020-03-20 15:37:00,2668.342654235845,0.0005735953906549079
2020-03-20 15:38:00,2667.18904031511,0.0005432538863343529
2020-03-20 15:39:00,2667.136554711578,0.0005760428789850004
2020-03-20 15:40:00,2666.7190378131622,0.0005686574606691847
2020-03-20 15:41:00,2667.1418883262736,0.000575973430579965
2020-03-20 15:42:00,2667.086274974279,0.000625299153523285
2020-03-20 15:43:00,2664.5744894443583,0.0005809081381086032
2020-03-20 15:44:00,2665.955255223826,0.000623760798614396
2020-03-20 15:45:00,2666.8434057473883,0.0006574254253911356
2020-03-20 15:46:00,2664.979539689205,0.0007015812641968861
2020-03-20 15:47:00,2664.935671946134,0.0006824971336967281
2020-03-20 15:48:00,2667.5182907342305,0.0006919609049963086
2020-03-20 15:49:00,2668.1195094273426,0.0007197893153593763
2020-03-20 15:50:00,2668.3572097451624,0.0007239105021741216
2020-03-20 15:51:00,2668.447796137428,0.0007232269513619617
2020-03-20 15:52:00,2669.577324620161,0.0007239899421452151
2020-03-20 15:53:00,2671.5309533070667,0.0007038672707012627
2020-03-20 15:54:00,2672.5525067706676,0.0006859115875001664
2020-03-20 15:55:00,2671.013802898586,0.0007383872727828439
2020-03-20 15:56:00,2670.498897409855,0.0007447996815434672
2020-03-20 15:57:00,2670.9057475555956,0.0007162467027093243
2020-03-20 15:58:00,2671.4003404117584,0.0006860122770799155
2020-03-20 15:59:00,2674.5714353919484,0.0006814391744965608
2020-03-20 16:00:00,2677.4764934572086,0.0007153870032599839
2020-03-20 16:01:00,2676.865366574431,0.000687838676221089
2020-03-20 16:02:00,2676.5195512250207,0.0006554371866546318
2020-03-20 16:03:00,2675.6101530355522,0.0006521989388299264
2020-03-20 16:04:00,2677.1914393570205,0.0006716027914659486
2020-03-20 16:05:00,2674.790046200827,0.000700929849741306
2020-03-20 16:06:00,2675.2279489971397,0.0007311311121022524
2020-03-20 16:07:00,2671.8278659298253,0.0007529300052407842
2020-03-20 16:08:00,2672.900588745023,0.0007453112350783453
2020-03-20 16:09:00,2669.1973789024046,0.000733263566426889
2020-03-20 16:10:00,2666.465393551972,0.0006932291168811901
2020-03-20 16:11:00,2668.1802871208965,0.0006875256198407877
2020-03-20 16:12:00,2671.409379102948,0.0007299859972333131
2020-03-20 16:13:00,2669.592489756801,0.0007461457407406952
2020-03-20 16:14:00,2668.1288198620878,0.0007701831922313111
2020-03-20 16:15:00,2669.2102538170016,0.0007470118361951677
2020-03-20 16:16:00,2667.07407551832,0.0007049172443985594
2020-03-20 16:17:00,2663.901742514727,0.0006727269964093936
2020-03-20 16:18:00,2665.885947229832,0.0006647857689294634
2020-03-20 16:19:00,2666.259159384919,0.0006982100490549639
2020-03-20 16:20:00,2666.802152158528,0.0006759346481474865
2020-03-20 16:21:00,2667.0294333853926,0.0006564701396646864
2020-03-20 16:22:00,2665.1455676663845,0.0006813415479904058
2020-03-20 16:23:00,2664.9651602860954,0.000648124059293146
2020-03-20 16:24:00,2667.205271844101,0.0006124532057409235
2020-03-20 16:25:00,2668.9561371867035,0.0006537891890086172
2020-03-20 16:26:00,2671.927821072588,0.0006235391166073557
2020-03-20 16:27:00,2670.6446879086934,0.0006144455094935549
2020-03-20 16:28:00,2668.7704641098844,0.0006096088461264326
2020-03-20 16:29:00,2669.9209993135773,0.0006610705407786183
2020-03-20 16:30:00,2670.483430612991,0.0006559371505098926
2020-03-20 16:31:00,2670.4419284550045,0.0006194937926140604
2020-03-20 16:32:00,2668.7768053007767,0.0006070832678087136
2020-03-20 16:33:00,2667.5427714974703,0.0005996643652834566
2020-03-20 16:34:00,2665.5944220907577,0.0005991475147828565
2020-03-20 16:35:00,2666.245058367178,0.0006143648991539122
2020-03-20 16:36:00,2663.4572217881496,0.0006916898875477768
2020-03-20 16:37:00,2661.446728100061,0.0006819509489190029
2020-03-20 16:38:00,2662.7015392215503,0.0006661076053876302
2020-03-20 16:39:00,2662.5913320459763,0.0006683302896575564
2020-03-20 16:40:00,2659.7811045733956,0.0007086942674211109
2020-03-20 16:41:00,2659.96189571933,0.0007533918254868982
2020-03-20 16:42:00,2662.5690164900902,0.0007224296898960327
2020-03-20 16:43:00,2662.5105568848367,0.0007628893883890957
2020-03-20 16:44:00,2660.0375797504503,0.0007834558243720981
2020-03-20 16:45:00,2662.973735599424,0.0007686002517610332
2020-03-20 16:46:00,2660.02030127057,0.0007667768622629337
2020-03-20 16:47:00,2660.8005759874313,0.0007933248152372517
2020-03-20 16:48:00,2659.826857722801,0.0008133315751120668
2020-03-20 16:49:00,2662.6822382914906,0.0008017340395181542
2020-03-20 16:50:00,2661.691121296068,0.000770810019329558
2020-03-20 16:51:00,2662.9223357809133,0.0007409023717872732
2020-03-20 16:52:00,2662.131225537255,0.0006718754951986071
2020-03-20 16:53:00,2662.540368416432,0.0006690905911389827
2020-03-20 16:54:00,2660.5862130838586,0.000671680338492285
2020-03-20 16:55:00,2659.946417121319,0.0006486744939142053
2020-03-20 16:56:00,2661.6303788675195,0.0005747414374699997
2020-03-20 16:57:00,2663.302925440784,0.0005777931109012227
2020-03-20 16:58:00,2662.81477761679,0.0005128349383591881
2020-03-20 16:59:00,2661.9279421972283,0.00047841025614331345
2020-03-20 17:00:00,2661.186991673525,0.0004888180378827931
2020-03-20 17:01:00,2663.5019093770406,0.0005232918653723126
2020-03-20 17:02:00,2664.8210839497856,0.000543499545316197
2020-03-20 17:03:00,2664.147779470244,0.0004922970900402995
2020-03-20 17:04:00,2664.7425228472157,0.0005034520277201136
2020-03-20 17:05:00,2664.387885134147,0.00048016259752159076
2020-03-20 17:06:00,2666.017676029223,0.00046387389889889234
2020-03-20 17:07:00,2668.6417704863497,0.0005077073501807923
2020-03-20 17:08:00,2668.790041415913,0.0005117627786399554
2020-03-20 17:09:00,2668.052938935905,0.0005267432070400932
2020-03-20 17:10:00,2665.9481634695594,0.0005598908423179256
2020-03-20 17:11:00,2665.115237060581,0.000587992455334867
2020-03-20 17:12:00,2666.991708282769,0.0006117467053257768
2020-03-20 17:13:00,2668.494862701223,0.000580308437540034
2020-03-20 17:14:00,2666.4750715293735,0.0006139372930409214
2020-03-20 17:15:00,2665.3813101362616,0.0006013110114400122
2020-03-20 17:16:00,2665.8926938351597,0.000596842194665924
2020-03-20 17:17:00,2664.6575466304535,0.0005788399602692148
2020-03-20 17:18:00,2663.7868268826064,0.0005639884422397102
2020-03-20 17:19:00,2664.2559355736817,0.0005851753433866122
2020-03-20 17:20:00,2663.5043163525556,0.0005891486375809421
2020-03-20 17:21:00,2665.1389986470444,0.000632968931192908
2020-03-20 17:22:00,2668.884327506036,0.0006374852592672177
2020-03-20 17:23:00,2666.3532388976696,0.000689196926510909
2020-03-20 17:24:00,2669.6221594124486,0.0007074854628154242
2020-03-20 17:25:00,2669.5768476913504,0.0007241765750361594
2020-03-20 17:26:00,2666.7160169575545,0.0007202542589442846
2020-03-20 17:27:00,2667.9429374270785,0.000726799979578512
2020-03-20 17:28:00,2666.6795126141697,0.0007355547597079088
2020-03-20 17:29:00,2668.7846515117562,0.0006934952878141446
2020-03-20 17:30:00,2667.7297765647963,0.0006963043220738543
2020-03-20 17:31:00,2668.043509634196,0.0006646495664065311
2020-03-20 17:32:00,2667.73584789343,0.0006201687169764357
2020-03-20 17:33:00,2668.610953153002,0.0006192629586992106
2020-03-20 17:34:00,2664.606242437495,0.0006336104336300595
2020-03-20 17:35:00,2665.743373752118,0.0006509642455487123
2020-03-20 17:36:00,2666.706054666861,0.0006292511008121493
2020-03-20 17:37:00,2668.32383628911,0.000644390422871276
2020-03-20 17:38:00,2668.4467774815794,0.0006520416204982679
2020-03-20 17:39:00,2666.2021240693434,0.0006603167809279463
2020-03-20 17:40:00,2665.8070739972936,0.0006493117476705576
2020-03-20 17:41:00,2666.571680060632,0.000651831715114656
2020-03-20 17:42:00,2666.1875726421613,0.0007079518300520576
2020-03-20 17:43:00,2667.9592319939857,0.0007027543027794443
2020-03-20 17:44:00,2667.1647941847805,0.0006667911311176684
2020-03-20 17:45:00,2667.909386765366,0.0006154715383047313
2020-03-20 17:46:00,2667.0033804345926,0.0005891121972338522
2020-03-20 17:47:00,2665.8821317486454,0.0006234220137010509
2020-03-20 17:48:00,2665.2852113672825,0.0006455908601813419
2020-03-20 17:49:00,2661.4693280941556,0.0006320688081933556
2020-03-20 17:50:00,2661.1575638856684,0.0006677903890270968
2020-03-20 17:51:00,2658.6314373795267,0.0006544569580891606
2020-03-20 17:52:00,2658.1990898368304,0.0006100976932843577
2020-03-20 17:53:00,2659.160738412248,0.0006068675008305183
2020-03-20 17:54:00,2661.30093298248,0.0006224761668444317
2020-03-20 17:55:00,2658.078159775088,0.0006415729704550343
2020-03-20 17:56:00,2657.089000762022,0.0006296262719336275
2020-03-20 17:57:00,2657.980612023936,0.000617550481939515
2020-03-20 17:58:00,2657.0340098279817,0.0006509203412878739
2020-03-20 17:59:00,2656.5090503772813,0.0006710287055359204
2020-03-20 18:00:00,2656.213454183512,0.0006593252330628073
2020-03-20 18:01:00,2656.4793082903902,0.0006618834667874923
2020-03-20 18:02:00,2658.3609233273237,0.0006401958314097161
2020-03-20 18:03:00,2657.0108136596696,0.0007091939366022783
2020-03-20 18:04:00,2658.9621348002966,0.0006731175954927392
2020-03-20 18:05:00,2662.2944927475723,0.0007473190583103912
2020-03-20 18:06:00,2663.3285814891087,0.000711570036905076
2020-03-20 18:07:00,2664.057816201911,0.0007331767388448488
2020-03-20 18:08:00,2662.0415104308345,0.0007265958422932708
2020-03-20 18:09:00,2659.8601771342537,0.0007405358102214874
2020-03-20 18:10:00,2662.661113388911,0.0007107731776567415
2020-03-20 18:11:00,2661.5179224264166,0.0006925824719410196
2020-03-20 18:12:00,2659.646853281209,0.000727806638761965
2020-03-20 18:13:00,2661.3340187805284,0.00071741085008248
2020-03-20 18:14:00,2661.0866496038384,0.0008138288322398558
2020-03-20 18:15:00,2663.1501762322514,0.0007985994447107894
2020-03-20 18:16:00,2663.500648895043,0.0008050687339470123
2020-03-20 18:17:00,2665.015091115818,0.0008053250579098587
2020-03-20 18:18:00,2666.265058080281,0.0007560829452509365
2020-03-20 18:19:00,2661.6493652262725,0.0007421869198574964
2020-03-20 18:20:00,2663.35815040268,0.0007378868897372924
2020-03-20 18:21:00,2660.765954875766,0.0007177339853504385
2020-03-20 18:22:00,2662.383733830669,0.0006916466254880416
2020-03-20 18:23:00,2661.3923976300866,0.0007033947598192959
2020-03-20 18:24:00,2659.75419233005,0.0007135241148407834
2020-03-20 18:25:00,2658.6794697990645,0.0007513619690131173
2020-03-20 18:26:00,2654.466407010817,0.0007364696687107481
2020-03-20 18:27:00,2655.555852222683,0.000717030087915431
2020-03-20 18:28:00,2657.6078132412317,0.0006965910619225018
2020-03-20 18:29:00,2658.508116630707,0.0007596833456723967
2020-03-20 18:30:00,2660.341271729524,0.0007679148291079817
2020-03-20 18:31:00,2661.7722727736177,0.0008438453957452895
2020-03-20 18:32:00,2662.514327114252,0.0008342001571722558
2020-03-20 18:33:00,2661.5751591504227,0.0008190415004061899
2020-03-20 18:34:00,2658.7493052972986,0.0008119767756206846
2020-03-20 18:35:00,2660.6641966502925,0.0007882499733932962
2020-03-20 18:36:00,2659.4617967658646,0.0007534433742457233
2020-03-20 18:37:00,2659.0545229071868,0.0007613626362483331
2020-03-20 18:38:00,2657.5779973137933,0.0008115054869091189
2020-03-20 18:39:00,2658.280150765939,0.0007970727924426768
2020-03-20 18:40:00,2656.044239777357,0.0007824716605097183
2020-03-20 18:41:00,2654.738911950029,0.0007291580510673022
2020-03-20 18:42:00,2657.052685126131,0.0006852443423015329
2020-03-20 18:43:00,2656.080269473527,0.0006592158831504326
2020-03-20 18:44:00,2655.628255773084,0.0006243989441908047
2020-03-20 18:45:00,2655.4825591120666,0.0006098883178450326
2020-03-20 18:46:00,2655.593665023652,0.0005982462486878753
2020-03-20 18:47:00,2656.197015896676,0.0005852440257841734
2020-03-20 18:48:00,2656.72496854631,0.0005750891275318274
2020-03-20 18:49:00,2656.205373039929,0.0005806874005950322
2020-03-20 18:50:00,2657.1408006618785,0.0005720505112819396
2020-03-20 18:51:00,2658.0934467816,0.0005368684049381576
2020-03-20 18:52:00,2659.580168278486,0.0005157154428858719
2020-03-20 18:53:00,2658.2922673748426,0.0005278775334892508
2020-03-20 18:54:00,2657.2887315002313,0.0004803976301127683
2020-03-20 18:55:00,2656.29697784224,0.0004992444620203817
2020-03-20 18:56:00,2655.27618874174,0.0005041743970835724
2020-03-20 18:57:00,2653.750543562158,0.0005088573366693531
2020-03-20 18:58:00,2656.3508893021203,0.00047109025437099054
2020-03-20 18:59:00,2656.0238115632,0.0005159407122880855
2020-03-20 19:00:00,2655.9298913236835,0.0005336130080065339
2020-03-20 19:01:00,2653.496512014898,0.0005861244509210078
2020-03-20 19:02:00,2653.6497153096248,0.000561849877394728
2020-03-20 19:03:00,2651.6368375075867,0.0005380003724193285
2020-03-20 19:04:00,2652.6409884511195,0.0005206121552569456
2020-03-20 19:05:00,2654.5885775352153,0.0005421943865706141
2020-03-20 19:06:00,2653.206724715671,0.0005751169057056732
2020-03-20 19:07:00,2652.944505967124,0.0005555942108918005
2020-03-20 19:08:00,2654.662028871012,0.000574981605964822
2020-03-20 19:09:00,2653.948956321551,0.0005796789985081879
2020-03-20 19:10:00,2652.8233600599306,0.0005842533533153539
2020-03-20 19:11:00,2654.785848741017,0.0005728391459525334
2020-03-20 19:12:00,2655.002394188387,0.0005769443293317932
2020-03-20 19:13:00,2655.010463939644,0.0005915013589544681
2020-03-20 19:14:00,2658.4006404544725,0.0005842712713660096
2020-03-20 19:15:00,2659.9841473321594,0.0005769114060984538
2020-03-20 19:16:00,2658.3873183999167,0.0005830544973962858
2020-03-20 19:17:00,2660.7040415586457,0.0005773779120477871
2020-03-20 19:18:00,2659.396343913423,0.0005407068623868201
2020-03-20 19:19:00,2659.5106533146104,0.0005422663755127281
2020-03-20 19:20:00,2660.903633568743,0.0005479171178680854
2020-03-20 19:21:00,2657.6080807992585,0.0005814154348341449
2020-03-20 19:22:00,2659.918283767925,0.0005235453066288248
2020-03-20 19:23:00,2657.615952429102,0.0005227350206842163
2020-03-20 19:24:00,2658.6406809258087,0.0005145576695286795
2020-03-20 19:25:00,2659.4884777524735,0.0005208569443615994
2020-03-20 19:26:00,2660.4431810998935,0.0005274901813589824
2020-03-20 19:27:00,2659.186658583099,0.0005334751402456207
2020-03-20 19:28:00,2662.3474094949215,0.0005105549014794919
2020-03-20 19:29:00,2662.593937400941,0.0005028320756121515
2020-03-20 19:30:00,2662.9897033831603,0.0005236339188457297
2020-03-20 19:31:00,2662.3856543513343,0.00048792032386149576
2020-03-20 19:32:00,2660.6734229906024,0.00043615128199912427
2020-03-20 19:33:00,2661.410860728523,0.0004008114020547855
2020-03-20 19:34:00,2661.8785878592234,0.0004097952578191379
2020-03-20 19:35:00,2662.163682196928,0.00042522887603950015
2020-03-20 19:36:00,2664.553824241493,0.00043957103499106737
2020-03-20 19:37:00,2663.0106990995646,0.00043430591336713383
2020-03-20 19:38:00,2662.352018385119,0.00040853017479135386
2020-03-20 19:39:00,2662.263138954506,0.000439722043537446
2020-03-20 19:40:00,2661.1251919580036,0.00044339199193463183
2020-03-20 19:41:00,2660.772712675918,0.0004538229802151045
2020-03-20 19:42:00,2661.257275499589,0.00044299968297142184
2020-03-20 19:43:00,2661.888391107736,0.00045994241517352546
2020-03-20 19:44:00,2660.9409500103843,0.00046957274177938246
2020-03-20 19:45:00,2659.151219271322,0.00046483823060471894
2020-03-20 19:46:00,2658.14832596199,0.00047951473911676817
2020-03-20 19:47:00,2657.752314501018,0.0004601132824844316
2020-03-20 19:48:00,2658.5303841933637,0.0004438347056338048
2020-03-20 19:49:00,2657.2982573743684,0.0004334752716432866
2020-03-20 19:50:00,2655.1277682528844,0.00043597738780880416
2020-03-20 19:51:00,2657.739655484463,0.00044880181458362557
2020-03-20 19:52:00,2659.4994050347614,0.0004291765692213352
2020-03-20 19:53:00,2661.6169419431585,0.00042351477545805654
2020-03-20 19:54:00,2663.147848963875,0.00039835602518640206
2020-03-20 19:55:00,2663.4163908272694,0.00039599825059537816
2020-03-20 19:56:00,2664.574779018364,0.00041898954921546335
2020-03-20 19:57:00,2663.406614502725,0.00040719239884962744
2020-03-20 19:58:00,2663.5477143263724,0.0004238143806754909
2020-03-20 19:59:00,2664.3307379478124,0.0004310338957893417
2020-03-23 13:30:00,2657.254423324172,0.0004450790454847577
2020-03-23 13:31:00,2656.901506174349,0.0004455727675014856
2020-03-23 13:32:00,2656.38918265409,0.0003863235407540551
2020-03-23 13:33:00,2655.9253653500955,0.0003789300687484638
2020-03-23 13:34:00,2657.050614503313,0.00038540447982052944
2020-03-23 13:35:00,2657.2248386941546,0.0003891373674613496
2020-03-23 13:36:00,2656.1122129080727,0.00038720230381874605
2020-03-23 13:37:00,2654.4153639482915,0.00038418984398126595
2020-03-23 13:38:00,2654.995081364527,0.0003960144854896581
2020-03-23 13:39:00,2655.5085301181034,0.00041677856400866727
2020-03-23 13:40:00,2655.018590733524,0.0003993006021256527
2020-03-23 13:41:00,2655.314004267415,0.0004274974902425645
2020-03-23 13:42:00,2654.8736726181564,0.0004200262956161953
2020-03-23 13:43:00,2654.919192133616,0.00044235164989858835
2020-03-23 13:44:00,2654.089054298289,0.0004237766861566217
2020-03-23 13:45:00,2654.9257459733603,0.0004485999720708682
2020-03-23 13:46:00,2656.7711828946703,0.0004563720470610519
2020-03-23 13:47:00,2657.199433399146,0.0004672330940914462
2020-03-23 13:48:00,2656.413519991457,0.00047550762366240775
2020-03-23 13:49:00,2657.930374414735,0.0004843150242234945
2020-03-23 13:50:00,2660.03666787256,0.0005064029027155274
2020-03-23 13:51:00,2661.4067407663765,0.0005181010162751248
2020-03-23 13:52:00,2661.8186240414816,0.0005147736426172209
2020-03-23 13:53:00,2662.1197499083996,0.0005192987711887624
2020-03-23 13:54:00,2661.319020666521,0.000493086480004415
2020-03-23 13:55:00,2662.3603089881935,0.0004847850652760633
2020-03-23 13:56:00,2661.697267325721,0.00048747358337842466
2020-03-23 13:57:00,2660.7188897448577,0.0005133286421579202
2020-03-23 13:58:00,2662.034195424225,0.0005281868112253325
2020-03-23 13:59:00,2660.5482872613757,0.000560833880978417
2020-03-23 14:00:00,2665.717415728837,0.0005831507629682937
2020-03-23 14:01:00,2666.87636490286,0.0006036237533886394
2020-03-23 14:02:00,2665.291593053415,0.0006003103738767891
2020-03-23 14:03:00,2665.6715588143147,0.0005986856039968902
2020-03-23 14:04:00,2666.0278682028065,0.00058674135327949
2020-03-23 14:05:00,2666.4853590632624,0.0006043544861132904
2020-03-23 14:06:00,2665.437252494195,0.0006333198202678825
2020-03-23 14:07:00,2665.2059176244024,0.0006581331826827717
2020-03-23 14:08:00,2666.62068458177,0.0007048919105604516
2020-03-23 14:09:00,2666.0980014247293,0.0007244732820837174
2020-03-23 14:10:00,2664.526137865032,0.0007708614660899417
2020-03-23 14:11:00,2665.839550900186,0.000764409431007184
2020-03-23 14:12:00,2664.627297312343,0.0007785261298570339
2020-03-23 14:13:00,2663.528244964387,0.00076243256965809
2020-03-23 14:14:00,2660.9278985322712,0.000735060526742111
2020-03-23 14:15:00,2662.147171981403,0.0007051870461196829
2020-03-23 14:16:00,2659.2767075071492,0.0007848617721790586
2020-03-23 14:17:00,2659.907435589699,0.0007539367257309052
2020-03-23 14:18:00,2657.127429419523,0.0007628293262434066
2020-03-23 14:19:00,2657.4736291680824,0.0008379942637802132
2020-03-23 14:20:00,2657.7647310105785,0.0008032471564241386
2020-03-23 14:21:00,2657.248136037091,0.0008279904885706307
2020-03-23 14:22:00,2656.3564234484816,0.0008102225740012291
2020-03-23 14:23:00,2656.306240009134,0.0007964394354429122
2020-03-23 14:24:00,2654.237225273094,0.0008037381558670782
2020-03-23 14:25:00,2654.075461822777,0.0008207030941340849
2020-03-23 14:26:00,2652.9493917027116,0.0007352408113551279
2020-03-23 14:27:00,2653.2871402986366,0.0007210232308480834
2020-03-23 14:28:00,2652.993591152302,0.0006820072518775779
2020-03-23 14:29:00,2652.911128282549,0.0006861658838097834
2020-03-23 14:30:00,2649.412944156777,0.0007006033862842392
2020-03-23 14:31:00,2648.3125496396556,0.0007092611441353761
2020-03-23 14:32:00,2650.3512701577592,0.0007061984377765196
2020-03-23 14:33:00,2650.7814438211003,0.0007349488571784348
2020-03-23 14:34:00,2651.493338505033,0.0007012653842584719
2020-03-23 14:35:00,2651.3246704807384,0.0006016496787855533
2020-03-23 14:36:00,2648.2927607937922,0.0006252353481759145
2020-03-23 14:37:00,2649.497486812927,0.0006232921842556657
2020-03-23 14:38:00,2650.495911609824,0.0006047472537883888
2020-03-23 14:39:00,2650.6018760143825,0.0006390151158871116
2020-03-23 14:40:00,2652.5487086254875,0.0006252443517354005
2020-03-23 14:41:00,2650.222934009518,0.0006065526485116433
2020-03-23 14:42:00,2649.836591294491,0.0005742783855015329
2020-03-23 14:43:00,2650.1501440335624,0.0005306454680219616
2020-03-23 14:44:00,2646.7202704215906,0.0005237633423959298
2020-03-23 14:45:00,2645.429704100198,0.0005299343250817549
2020-03-23 14:46:00,2643.5892988071596,0.0004975578860533921
2020-03-23 14:47:00,2645.503003938037,0.0004930292817181542
2020-03-23 14:48:00,2645.1568733082586,0.0005272742104036563
2020-03-23 14:49:00,2644.761568049886,0.0005610451089861884
2020-03-23 14:50:00,2644.1376687885686,0.0005326924526588717
2020-03-23 14:51:00,2642.9293716312377,0.0005616910530745045
2020-03-23 14:52:00,2642.506339129965,0.0005754843661433484
2020-03-23 14:53:00,2643.3856074838445,0.0005563844927430429
2020-03-23 14:54:00,2640.342521353461,0.0005713720532177885
2020-03-23 14:55:00,2642.0163183953423,0.0005622765651030292
2020-03-23 14:56:00,2641.3383318746387,0.0005259183375916565
2020-03-23 14:57:00,2640.1876029987015,0.000509719405258394
2020-03-23 14:58:00,2640.5456959967305,0.0004697626689087269
2020-03-23 14:59:00,2640.7434033448394,0.0004582702688943392
2020-03-23 15:00:00,2640.782160430621,0.0004664210374622142
2020-03-23 15:01:00,2641.5551227632104,0.0004600069071322655
2020-03-23 15:02:00,2639.1164049097333,0.00044969077220888764
2020-03-23 15:03:00,2642.0200357985404,0.00047787979776314955
2020-03-23 15:04:00,2644.722055226683,0.0004669394519759039
2020-03-23 15:05:00,2643.5558959111027,0.0004517653488077726
2020-03-23 15:06:00,2643.584216467387,0.0004664520396020455
2020-03-23 15:07:00,2645.0094207938673,0.0004820076314192332
2020-03-23 15:08:00,2645.3752098299774,0.00048716357469304563
2020-03-23 15:09:00,2646.988027049898,0.0004948615271714421
2020-03-23 15:10:00,2648.236508387916,0.0004534088326983681
2020-03-23 15:11:00,2647.173199517766,0.0004791992914324065
2020-03-23 15:12:00,2645.3615460725987,0.00046306164691396724
2020-03-23 15:13:00,2645.9861604982048,0.000456036558660608
2020-03-23 15:14:00,2647.5920107968777,0.0004293113341316768
2020-03-23 15:15:00,2648.36143885361,0.00043797148256622445
2020-03-23 15:16:00,2649.46309744483,0.00044654708580875235
2020-03-23 15:17:00,2650.2076209630536,0.00048161208568969196
2020-03-23 15:18:00,2652.098689283135,0.00046613678186785125
2020-03-23 15:19:00,2651.623757949945,0.00044749621740166256
2020-03-23 15:20:00,2653.763285268801,0.0004766019601297019
2020-03-23 15:21:00,2652.372945141846,0.0004666463663358876
2020-03-23 15:22:00,2652.3982501946007,0.0004687735140299647
2020-03-23 15:23:00,2655.6580121062902,0.0004966214032986138
2020-03-23 15:24:00,2654.0358872098286,0.0005013051462692551
2020-03-23 15:25:00,2653.614996690317,0.0005332391986711726
2020-03-23 15:26:00,2654.6739199408507,0.0005504703538377915
2020-03-23 15:27:00,2653.8976731218213,0.0005396619536307806
2020-03-23 15:28:00,2652.380009438209,0.000559501153349689
2020-03-23 15:29:00,2652.0749789341867,0.0005329357949586952
2020-03-23 15:30:00,2651.442729363412,0.0005779509173568871
2020-03-23 15:31:00,2649.906736913031,0.0005918474628448596
2020-03-23 15:32:00,2650.26613040461,0.0005934749495096422
2020-03-23 15:33:00,2653.117257565043,0.0006158364095687472
2020-03-23 15:34:00,2653.6947503370448,0.0006347017748617176
2020-03-23 15:35:00,2654.4028196844993,0.0006104606710506008
2020-03-23 15:36:00,2654.1811803154633,0.0006556431880883989
2020-03-23 15:37:00,2656.306610568035,0.0006684885869049418
2020-03-23 15:38:00,2660.21773223692,0.0006561796659157027
2020-03-23 15:39:00,2661.3428416404095,0.0006297088118191153
2020-03-23 15:40:00,2662.5380969780495,0.0005973876784613907
2020-03-23 15:41:00,2661.765189734261,0.0006166392184463147
2020-03-23 15:42:00,2662.1154480293867,0.0006269493156473495
2020-03-23 15:43:00,2663.1568759151737,0.0005922614956715329
2020-03-23 15:44:00,2661.74349365956,0.0005873463732973419
2020-03-23 15:45:00,2661.8952197230183,0.0006105945413547605
2020-03-23 15:46:00,2664.304314575606,0.0006040632541973414
2020-03-23 15:47:00,2663.9220563973026,0.0005925786224864258
2020-03-23 15:48:00,2662.7399585850126,0.0005570219881730372
2020-03-23 15:49:00,2661.158500948839,0.0005469459321570213
2020-03-23 15:50:00,2662.6940852587322,0.0005387403664272522
2020-03-23 15:51:00,2662.7526912928724,0.0005485027196824096
2020-03-23 15:52:00,2664.761617521969,0.0004949192938694573
2020-03-23 15:53:00,2665.712517363075,0.00048123620978337926
2020-03-23 15:54:00,2664.7621487485762,0.00044928965697502393
2020-03-23 15:55:00,2666.0322777753317,0.00045764937966376014
2020-03-23 15:56:00,2666.983839367489,0.00043175591992006767
2020-03-23 15:57:00,2667.5147418492375,0.00042006689847668186
2020-03-23 15:58:00,2666.315722559151,0.0004217318699139196
2020-03-23 15:59:00,2665.9295794725335,0.00045181434779763583
2020-03-23 16:00:00,2668.9765957649925,0.000426316661596643
2020-03-23 16:01:00,2668.367967104543,0.0003936764927814777
2020-03-23 16:02:00,2668.5493713868864,0.0004017487243829943
2020-03-23 16:03:00,2669.1930698615533,0.0004037829995678641
2020-03-23 16:04:00,2669.6285930650874,0.0004090448940731211
2020-03-23 16:05:00,2670.1816079690693,0.000406149209523665
2020-03-23 16:06:00,2670.7893506417804,0.000361724470808745
2020-03-23 16:07:00,2671.1825969251267,0.0003605614909137847
2020-03-23 16:08:00,2670.9440724161395,0.00037433591206250267
2020-03-23 16:09:00,2670.6452040162067,0.0003609513746646604
2020-03-23 16:10:00,2669.1027545147895,0.00037600636980107335
2020-03-23 16:11:00,2667.3430735304814,0.0004006726456718039
2020-03-23 16:12:00,2667.029054956185,0.00041596258985154193
2020-03-23 16:13:00,2666.4470186544063,0.00042245976094796504
2020-03-23 16:14:00,2666.579622194017,0.0004325067054922451
2020-03-23 16:15:00,2667.3171746295725,0.0004273299646170047
2020-03-23 16:16:00,2664.9370867829352,0.00044105869651025944
2020-03-23 16:17:00,2665.20377360793,0.00044758333295798176
2020-03-23 16:18:00,2665.1375779709974,0.0004323847609577733
2020-03-23 16:19:00,2664.233809888839,0.0004524421065084526
2020-03-23 16:20:00,2661.5234963927837,0.0004738350843665275
2020-03-23 16:21:00,2661.6263471241705,0.0004898627410260869
2020-03-23 16:22:00,2663.703124376575,0.0004943512801534155
2020-03-23 16:23:00,2664.4589901467616,0.0005121848791675251
2020-03-23 16:24:00,2662.709511543058,0.000500468805122933
2020-03-23 16:25:00,2661.077058626849,0.0004974218620560232
2020-03-23 16:26:00,2658.661116615195,0.0004647493627830834
2020-03-23 16:27:00,2658.688524479499,0.0004690245171428862
2020-03-23 16:28:00,2657.367055247539,0.00047101611062253293
2020-03-23 16:29:00,2656.21340092473,0.0004830971342013555
2020-03-23 16:30:00,2655.672032376419,0.0004466858694466274
2020-03-23 16:31:00,2657.533590529391,0.000466269701772937
2020-03-23 16:32:00,2657.9836415367604,0.000486988618979706
2020-03-23 16:33:00,2657.7029805998673,0.0004572827064707581
2020-03-23 16:34:00,2658.2081275906407,0.0004504980420174261
2020-03-23 16:35:00,2657.9027945231273,0.0004583340109285786
2020-03-23 16:36:00,2657.3919118539116,0.0004382431176615685
2020-03-23 16:37:00,2656.842316209163,0.0004342497024019089
2020-03-23 16:38:00,2658.4008004901975,0.0004449569856340448
2020-03-23 16:39:00,2659.406634793779,0.00046596114889151504
2020-03-23 16:40:00,2658.669910415567,0.0004425949874292241
2020-03-23 16:41:00,2659.5822156241743,0.0004781042822362087
2020-03-23 16:42:00,2658.6666598019997,0.00048265314577004625
2020-03-23 16:43:00,2659.6307426286676,0.00046131951424849987
2020-03-23 16:44:00,2659.078199089694,0.0004664968598783256
2020-03-23 16:45:00,2661.708260642767,0.00044425610320751406
2020-03-23 16:46:00,2662.8105680610693,0.00040409162225785687
2020-03-23 16:47:00,2662.2967639537947,0.0004228978051547897
2020-03-23 16:48:00,2662.865093645038,0.00041879163685671646
2020-03-23 16:49:00,2663.8799408266077,0.0004453390373445027
2020-03-23 16:50:00,2662.0656016066137,0.00043921786919443235
2020-03-23 16:51:00,2661.165346046141,0.00042441376017088214
2020-03-23 16:52:00,2660.8568761140714,0.00042087686482380327
2020-03-23 16:53:00,2662.3442047867593,0.000442443192390591
2020-03-23 16:54:00,2660.7493766405178,0.0004153264179148848
2020-03-23 16:55:00,2662.3050455798843,0.0003985714066020365
2020-03-23 16:56:00,2663.207881837449,0.00041274480600290373
2020-03-23 16:57:00,2665.072576439863,0.00040651078913661387
2020-03-23 16:58:00,2666.1867390051366,0.00040826477036831117
2020-03-23 16:59:00,2664.5272927648457,0.0004006044235287379
2020-03-23 17:00:00,2663.3263048030312,0.0003979574615985021
2020-03-23 17:01:00,2663.292530309145,0.0003838049967090338
2020-03-23 17:02:00,2662.188033262144,0.0003845851603277503
2020-03-23 17:03:00,2661.264188848601,0.0003807671840479306
2020-03-23 17:04:00,2661.0811275522387,0.0003620871113051553
2020-03-23 17:05:00,2660.9124408984194,0.00035615508487378024
2020-03-23 17:06:00,2661.6421694181263,0.00036724889161545007
2020-03-23 17:07:00,2660.038155377854,0.00035912869140791454
2020-03-23 17:08:00,2660.948285747827,0.00038166685861696666
2020-03-23 17:09:00,2660.986798365149,0.0003978567649669041
2020-03-23 17:10:00,2662.0780569110875,0.0003825383648406315
2020-03-23 17:11:00,2661.176633623773,0.00037252356295726645
2020-03-23 17:12:00,2663.141762303377,0.0003856505996974025
2020-03-23 17:13:00,2663.950001455381,0.0003635810234715226
2020-03-23 17:14:00,2666.2220484305385,0.00036302466179743287
2020-03-23 17:15:00,2666.6144875181403,0.0003734287221645249
2020-03-23 17:16:00,2665.389316278689,0.00034898760478128374
2020-03-23 17:17:00,2665.900871519579,0.0003346659701812061
2020-03-23 17:18:00,2665.701796379503,0.00035339056339642877
2020-03-23 17:19:00,2664.0945945623093,0.00033260694579201767
2020-03-23 17:20:00,2664.024654157771,0.0003275766311798666
2020-03-23 17:21:00,2663.7576891815133,0.00033189873919856907
2020-03-23 17:22:00,2662.84679566522,0.0003135045883991686
2020-03-23 17:23:00,2662.8910132520937,0.00030560818314107047
2020-03-23 17:24:00,2662.444505412444,0.0003089990485436818
2020-03-23 17:25:00,2663.250936139239,0.00029407076569293067
2020-03-23 17:26:00,2661.4628591782425,0.00031934944775678724
2020-03-23 17:27:00,2662.383461168465,0.0003190568437778962
2020-03-23 17:28:00,2662.200498076703,0.00031738362039274094
2020-03-23 17:29:00,2663.4035967550376,0.0003186208293106601
2020-03-23 17:30:00,2663.360179686696,0.0003298420513471752
2020-03-23 17:31:00,2663.4648331790927,0.00033536406389859323
2020-03-23 17:32:00,2663.2229142527794,0.0003254867915658939
2020-03-23 17:33:00,2662.575575170083,0.00033102289640273106
2020-03-23 17:34:00,2662.4620771048662,0.00032536314023340476
2020-03-23 17:35:00,2662.697568303842,0.0003084534046063772
2020-03-23 17:36:00,2663.6965522375162,0.000302249406986742
2020-03-23 17:37:00,2662.470329367959,0.0003080938505268792
2020-03-23 17:38:00,2662.074141531296,0.000310770696033887
2020-03-23 17:39:00,2662.4949287579716,0.00031508762152856963
2020-03-23 17:40:00,2661.4284822186532,0.0002855219786640591
2020-03-23 17:41:00,2661.8753713559545,0.0002917013158750695
2020-03-23 17:42:00,2661.9349406990923,0.00029246795742706263
2020-03-23 17:43:00,2661.4074448249953,0.0003064486852971903
2020-03-23 17:44:00,2660.238653648353,0.00032077390530767784
2020-03-23 17:45:00,2659.534401148967,0.0003456051292539009
2020-03-23 17:46:00,2660.36042196015,0.00032853037194239474
2020-03-23 17:47:00,2661.1474152627525,0.0003078348776537341
2020-03-23 17:48:00,2661.3472446069845,0.0002865109990258722
2020-03-23 17:49:00,2661.20629288054,0.0002918929365053811
2020-03-23 17:50:00,2660.333730051224,0.0003058535448184215
2020-03-23 17:51:00,2660.190859368954,0.00027412564255420825
2020-03-23 17:52:00,2659.6090210034827,0.00025844526784059584
2020-03-23 17:53:00,2658.601873814299,0.0002442276094537885
2020-03-23 17:54:00,2659.1848485848477,0.00026712542558992924
2020-03-23 17:55:00,2658.100028640148,0.0002620847089497836
2020-03-23 17:56:00,2658.594415643919,0.00027164425152703
2020-03-23 17:57:00,2658.4041553282336,0.00027133700567214084
2020-03-23 17:58:00,2658.3319888145606,0.00025393323972638986
2020-03-23 17:59:00,2658.3546175884317,0.00026413210237985593
2020-03-23 18:00:00,2657.4342759581923,0.0002538440525261683
2020-03-23 18:01:00,2656.6919402681724,0.0002635478920991563
2020-03-23 18:02:00,2656.8548721793736,0.00025271782502839864
2020-03-23 18:03:00,2657.1683193969993,0.00026179018988647143
2020-03-23 18:04:00,2657.8846710539538,0.00025092841893976974
2020-03-23 18:05:00,2657.887505207205,0.00024956726767101596
2020-03-23 18:06:00,2657.4457405679486,0.0002519468397481116
2020-03-23 18:07:00,2657.092681158449,0.0002592628389319437
2020-03-23 18:08:00,2657.4946122242313,0.0002662452732095949
2020-03-23 18:09:00,2657.7276933476014,0.0002483284858925315
2020-03-23 18:10:00,2656.9421516548496,0.0002577538579413457
2020-03-23 18:11:00,2656.798084152095,0.0002594780074579343
2020-03-23 18:12:00,2656.7156555645643,0.0002579454722922446
2020-03-23 18:13:00,2657.2743624108552,0.00025216485255943134
2020-03-23 18:14:00,2657.2562259109873,0.0002529877395504003
2020-03-23 18:15:00,2658.5410145517453,0.000266704110609073
2020-03-23 18:16:00,2658.6696457205708,0.00026282488851534625
2020-03-23 18:17:00,2658.5405595636585,0.00025728085194096014
2020-03-23 18:18:00,2657.650597003846,0.0002624183488768597
2020-03-23 18:19:00,2656.20017418633,0.0002742197497812044
2020-03-23 18:20:00,2655.933827458012,0.0002879093705110226
2020-03-23 18:21:00,2656.134849743242,0.00030612980580630806
2020-03-23 18:22:00,2656.156231903293,0.0003074949036035512
2020-03-23 18:23:00,2656.6534930514354,0.00029646432855987
2020-03-23 18:24:00,2656.508421228951,0.0002945018542328707
2020-03-23 18:25:00,2656.745082828316,0.00030345995516128265
2020-03-23 18:26:00,2655.945861169586,0.00031211214043466734
2020-03-23 18:27:00,2655.7455531770534,0.0003318885162567368
2020-03-23 18:28:00,2655.848954462748,0.0003292929615311305
2020-03-23 18:29:00,2655.5993764764053,0.00034315885803092093
2020-03-23 18:30:00,2655.535519443265,0.0003322106340776502
2020-03-23 18:31:00,2656.7504946444983,0.0003429058848988573
2020-03-23 18:32:00,2656.5223868400494,0.000364844608723494
2020-03-23 18:33:00,2653.7865410722507,0.00039854804922326054
2020-03-23 18:34:00,2655.1779420790904,0.000401788204744847
2020-03-23 18:35:00,2655.6113148605364,0.0003722754292548119
2020-03-23 18:36:00,2654.5663091475194,0.00034360068688114566
2020-03-23 18:37:00,2652.8651200571608,0.0003295302230002861
2020-03-23 18:38:00,2653.2732818348163,0.000330525368833918
2020-03-23 18:39:00,2652.722456408012,0.00034754416534000013
2020-03-23 18:40:00,2651.863757549883,0.0003350336156967224
2020-03-23 18:41:00,2651.0374982397266,0.0003192241643149956
2020-03-23 18:42:00,2651.662161473376,0.0003106856534114338
2020-03-23 18:43:00,2650.305430690187,0.00032518206236820455
2020-03-23 18:44:00,2648.5264500974904,0.0003147759298159194
2020-03-23 18:45:00,2648.5048991483345,0.0003161502700578572
2020-03-23 18:46:00,2648.3569567490636,0.0003126139777883751
2020-03-23 18:47:00,2647.500295662925,0.00028659588977777517
2020-03-23 18:48:00,2647.878624408826,0.0002905044609459052
2020-03-23 18:49:00,2648.646022282813,0.000260885612247023
2020-03-23 18:50:00,2649.6172826473808,0.0002495980658950727
2020-03-23 18:51:00,2649.6495237051995,0.00024435053631130104
2020-03-23 18:52:00,2649.540199254077,0.00024534005631564765
2020-03-23 18:53:00,2648.8413908585117,0.00024024747437626228
2020-03-23 18:54:00,2648.8078547882337,0.00024167373180091745
2020-03-23 18:55:00,2648.0067682800322,0.0002314839207062618
2020-03-23 18:56:00,2647.9783948682416,0.00022766051079939925
2020-03-23 18:57:00,2647.9312185856065,0.0002325803449940938
2020-03-23 18:58:00,2648.037731302512,0.00022987853421531357
2020-03-23 18:59:00,2648.481896700063,0.0002232348635817072
2020-03-23 19:00:00,2648.067421034886,0.00022020236081298245
2020-03-23 19:01:00,2647.9976696172075,0.00023143167627153436
2020-03-23 19:02:00,2648.1026905013555,0.00022815490337737816
2020-03-23 19:03:00,2647.8918173719485,0.00021428696881780628
2020-03-23 19:04:00,2647.3980480944765,0.00021694078747512772
2020-03-23 19:05:00,2647.9748115726443,0.00021464807719565908
2020-03-23 19:06:00,2647.9889045359196,0.0002271063318933661
2020-03-23 19:07:00,2647.7943380880806,0.00023342034176409063
2020-03-23 19:08:00,2647.227568096178,0.0002265222298468504
2020-03-23 19:09:00,2646.1835806104896,0.00022647932785436
2020-03-23 19:10:00,2647.0372596597094,0.00022860648379138696
2020-03-23 19:11:00,2646.9262200384264,0.00023320126014005454
2020-03-23 19:12:00,2646.502862605593,0.0002428914954122592
2020-03-23 19:13:00,2647.619172683559,0.00025187790511605515
2020-03-23 19:14:00,2648.055792034578,0.00023456819172858512
2020-03-23 19:15:00,2647.3117084429846,0.0002315450935281693
2020-03-23 19:16:00,2648.05818900849,0.0002049916641158076
2020-03-23 19:17:00,2647.77158784327,0.00020739395308584223
2020-03-23 19:18:00,2648.598883446889,0.00019925296798757185
2020-03-23 19:19:00,2649.1658077412617,0.0001747747619952725
2020-03-23 19:20:00,2649.7449807425915,0.0001755456628250093
2020-03-23 19:21:00,2649.9462122860373,0.00017326395255353163
2020-03-23 19:22:00,2649.3312830762425,0.00017836902273770506
2020-03-23 19:23:00,2649.4410135068424,0.00018092332644960527
2020-03-23 19:24:00,2649.2433147842607,0.00019277087849852928
2020-03-23 19:25:00,2648.3430315687683,0.00019516977170805223
2020-03-23 19:26:00,2648.6538322657657,0.0001872352554700924
2020-03-23 19:27:00,2648.5526281200414,0.00017201240026525847
2020-03-23 19:28:00,2648.496001994646,0.00017974208135623519
2020-03-23 19:29:00,2648.66954654713,0.00018340930840334688
2020-03-23 19:30:00,2649.193518810607,0.00018957963271915633
2020-03-23 19:31:00,2649.4213726504995,0.00019198885739045172
2020-03-23 19:32:00,2649.385466238425,0.00018228133842995874
2020-03-23 19:33:00,2649.996752438106,0.00018888578546027334
2020-03-23 19:34:00,2649.4321225936687,0.00017732059766238642
2020-03-23 19:35:00,2649.63822666789,0.00016662446098616212
2020-03-23 19:36:00,2649.185325915557,0.00017484712911454168
2020-03-23 19:37:00,2649.047896310945,0.00018678580324302352
2020-03-23 19:38:00,2648.544526006837,0.00019318008692354553
2020-03-23 19:39:00,2648.7134956304317,0.00019467985948966088
2020-03-23 19:40:00,2648.1185294736424,0.00020238596419594219
2020-03-23 19:41:00,2648.528034002169,0.00019519217476351953
2020-03-23 19:42:00,2647.451931714088,0.0001874097246200003
2020-03-23 19:43:00,2647.741443871807,0.00017274766173532157
2020-03-23 19:44:00,2648.2922434545726,0.00017390959657810506
2020-03-23 19:45:00,2647.349822977577,0.0001710136758750661
2020-03-23 19:46:00,2647.543063798732,0.00016444304853306376
2020-03-23 19:47:00,2647.2894588056706,0.0001598381832947887
2020-03-23 19:48:00,2646.901106357925,0.00016086645009841212
2020-03-23 19:49:00,2646.5686393450446,0.00015389596768977765
2020-03-23 19:50:00,2645.958232426405,0.00016671109120071427
2020-03-23 19:51:00,2645.890507561169,0.00017731648842359783
2020-03-23 19:52:00,2645.9528324186376,0.00016681628880311206
2020-03-23 19:53:00,2646.044549302719,0.0001660858426617309
2020-03-23 19:54:00,2645.9984979403953,0.00016394340294294572
2020-03-23 19:55:00,2645.852143473098,0.00015538217045993382
2020-03-23 19:56:00,2645.426242917512,0.00014204654228929217
2020-03-23 19:57:00,2645.375413774171,0.00014150251935894
2020-03-23 19:58:00,2645.251267202456,0.0001477401193497453
2020-03-23 19:59:00,2645.0520102351625,0.0001390436433958751
2020-03-24 13:30:00,2622.3361177957468,0.00014483486704738136
2020-03-24 13:31:00,2621.8839140646937,0.0001562626371136511
2020-03-24 13:32:00,2621.346172204842,0.00015922624530248532
2020-03-24 13:33:00,2621.869922979982,0.00015750102048727582
2020-03-24 13:34:00,2622.026342784984,0.00014907971493838254
2020-03-24 13:35:00,2621.9284641290496,0.00014772214233660976
2020-03-24 13:36:00,2621.9283590365285,0.0001417415541521824
2020-03-24 13:37:00,2622.155823385017,0.00014953129406480766
2020-03-24 13:38:00,2622.393290939674,0.00014055879543044652
2020-03-24 13:39:00,2622.492057663757,0.00015225411540817824
2020-03-24 13:40:00,2621.6608538037,0.00016184833061243898
2020-03-24 13:41:00,2621.597361330302,0.00015680211717415592
2020-03-24 13:42:00,2621.1299501918425,0.00016179577790799567
2020-03-24 13:43:00,2620.710063068819,0.00016110207698786638
2020-03-24 13:44:00,2620.8738675641043,0.00016682238586393408
2020-03-24 13:45:00,2620.285475824622,0.00016768708651110627
2020-03-24 13:46:00,2620.124129536806,0.0001631039501054033
2020-03-24 13:47:00,2620.2092211886356,0.0001672969298441219
2020-03-24 13:48:00,2620.881836402063,0.0001777353697680262
2020-03-24 13:49:00,2621.477039871394,0.00017997462488783007
2020-03-24 13:50:00,2621.4457978492765,0.00017033967148471243
2020-03-24 13:51:00,2621.861975085998,0.00016559768122363202
2020-03-24 13:52:00,2622.782919506473,0.00016251174784104474
2020-03-24 13:53:00,2621.6360896613746,0.0001675692105437612
2020-03-24 13:54:00,2621.5729841022862,0.00014889696950956156
2020-03-24 13:55:00,2621.2274184577423,0.00014934148655839732
2020-03-24 13:56:00,2620.934557450479,0.00015665291086163554
2020-03-24 13:57:00,2620.5491741069277,0.0001578989344040773
2020-03-24 13:58:00,2620.129590298245,0.00016213510175292194
2020-03-24 13:59:00,2619.611465004873,0.00016499078546683467
2020-03-24 14:00:00,2619.395311716902,0.00016805697889354015
2020-03-24 14:01:00,2619.5219125057274,0.00017004483492299882
2020-03-24 14:02:00,2618.961725854409,0.00017830113890746028
2020-03-24 14:03:00,2619.135060495242,0.0001844655400910034
2020-03-24 14:04:00,2619.763825911096,0.0001823687896761779
2020-03-24 14:05:00,2620.463155303283,0.00018467667587792241
2020-03-24 14:06:00,2620.27191454094,0.00017080166981113504
2020-03-24 14:07:00,2621.390136953398,0.00018512655253553702
2020-03-24 14:08:00,2621.509655096222,0.00017465581737797844
2020-03-24 14:09:00,2621.140300026323,0.00016092062320090735
2020-03-24 14:10:00,2621.127563656331,0.00015791752552518198
2020-03-24 14:11:00,2621.123936766097,0.00015687719351981327
2020-03-24 14:12:00,2620.8791843433023,0.00017706406036294733
2020-03-24 14:13:00,2620.501573058424,0.00017891685477020396
2020-03-24 14:14:00,2620.337794132785,0.0001792712851233561
2020-03-24 14:15:00,2620.591935594214,0.00017830606092631668
2020-03-24 14:16:00,2620.5257789212305,0.00018086931697245445
2020-03-24 14:17:00,2620.583265690511,0.00017957695700634825
2020-03-24 14:18:00,2620.818657076009,0.0001752335068284178
2020-03-24 14:19:00,2621.08944782454,0.0001794805329517129
2020-03-24 14:20:00,2621.6323345765377,0.00018148035112732657
2020-03-24 14:21:00,2621.824328758972,0.0001818570794150694
2020-03-24 14:22:00,2621.9758154649744,0.0001905235049846275
2020-03-24 14:23:00,2621.3376875162203,0.00019145898402197922
2020-03-24 14:24:00,2621.0104377201797,0.00021625461702348505
2020-03-24 14:25:00,2621.4702579211603,0.00021176897831440403
2020-03-24 14:26:00,2620.424758453717,0.0002135639842179969
2020-03-24 14:27:00,2620.416985255252,0.00022458839012101415
2020-03-24 14:28:00,2620.6951951232854,0.00022958329742860554
2020-03-24 14:29:00,2620.4847665191246,0.0002439863071331687
2020-03-24 14:30:00,2619.8283411173184,0.00023202749497444107
2020-03-24 14:31:00,2618.647029520839,0.0002515781461291176
2020-03-24 14:32:00,2617.7013105193173,0.00025780387016092755
2020-03-24 14:33:00,2618.261583376757,0.0002411436351454609
2020-03-24 14:34:00,2619.0889650561226,0.00026731224839052545
2020-03-24 14:35:00,2618.0382898323414,0.0002905691251075005
2020-03-24 14:36:00,2617.607801924689,0.0002911758007305992
2020-03-24 14:37:00,2617.448804619489,0.0002711473598341936
2020-03-24 14:38:00,2617.634867854408,0.00028085739058073824
2020-03-24 14:39:00,2618.1886308420553,0.00028376540229702176
2020-03-24 14:40:00,2618.8584820864567,0.0002706708812890502
2020-03-24 14:41:00,2619.841509882431,0.0002507932676298559
2020-03-24 14:42:00,2619.274043396298,0.00025041921508215135
2020-03-24 14:43:00,2619.845010696672,0.0002591145347358352
2020-03-24 14:44:00,2619.6710500242853,0.00024532688461623674
2020-03-24 14:45:00,2619.4110551879166,0.00025267854836011995
2020-03-24 14:46:00,2619.589627690938,0.00024456355354179313
2020-03-24 14:47:00,2619.808986459615,0.00025689663015755206
2020-03-24 14:48:00,2620.459719379113,0.00025936751446257387
2020-03-24 14:49:00,2621.097948507251,0.0002628586784612119
2020-03-24 14:50:00,2621.229716244432,0.000256173987119341
2020-03-24 14:51:00,2621.7199906592923,0.0002521929914809044
2020-03-24 14:52:00,2621.764580735423,0.0002519034979903271
2020-03-24 14:53:00,2621.068610007489,0.0002549868698489426
2020-03-24 14:54:00,2621.859756795659,0.00026609819794394876
2020-03-24 14:55:00,2622.8879809271807,0.0002728818107508931
2020-03-24 14:56:00,2622.6006457456224,0.0002723817878851449
2020-03-24 14:57:00,2622.7005103053107,0.00026072520454937566
2020-03-24 14:58:00,2624.05997580785,0.00027264664452409683
2020-03-24 14:59:00,2624.031580062845,0.00027880326432754216
2020-03-24 15:00:00,2624.3655977777225,0.00028489112622772636
2020-03-24 15:01:00,2625.1221221071232,0.00031804326587336597
2020-03-24 15:02:00,2624.2648863884115,0.00032099451593551725
2020-03-24 15:03:00,2624.447597546197,0.00032573529991729685
2020-03-24 15:04:00,2624.0895485249334,0.0003363178161060194
2020-03-24 15:05:00,2624.8368349757843,0.00032655521590267195
2020-03-24 15:06:00,2625.110856369619,0.0003404534163349089
2020-03-24 15:07:00,2625.607966914312,0.000329201984854769
2020-03-24 15:08:00,2625.5312971733397,0.00031933865087506273
2020-03-24 15:09:00,2623.437491692083,0.0003278657008609129
2020-03-24 15:10:00,2625.379933558061,0.0003326357934052208
2020-03-24 15:11:00,2625.0582080565264,0.0003752007323856547
2020-03-24 15:12:00,2624.699969319007,0.0003526658238008387
2020-03-24 15:13:00,2625.4536536552428,0.0003647162391702784
2020-03-24 15:14:00,2625.3717063614386,0.0003692322616331694
2020-03-24 15:15:00,2624.2726723646215,0.0003562478722377105
2020-03-24 15:16:00,2625.2456616012932,0.00036026469892800814
2020-03-24 15:17:00,2625.05037995676,0.00038778753845526167
2020-03-24 15:18:00,2625.031526106217,0.0003549549056885831
2020-03-24 15:19:00,2625.232772790144,0.00035836518833482953
2020-03-24 15:20:00,2626.094144465244,0.0003374436126254078
2020-03-24 15:21:00,2625.6489029147715,0.00031540241258804825
2020-03-24 15:22:00,2626.2723478078,0.0003072903637404844
2020-03-24 15:23:00,2627.0236030890924,0.00029493769184767106
2020-03-24 15:24:00,2625.5187890715747,0.0003212669136816496
2020-03-24 15:25:00,2626.8460441061975,0.00031119811109656066
2020-03-24 15:26:00,2625.732048246327,0.0003307543213159259
2020-03-24 15:27:00,2627.4225672798248,0.0003393626694103622
2020-03-24 15:28:00,2625.960360971299,0.0003329420597826189
2020-03-24 15:29:00,2627.0004639493404,0.0003037856439756505
2020-03-24 15:30:00,2626.3701385443037,0.0002980832512746193
2020-03-24 15:31:00,2626.6329403721256,0.00030184024513781315
2020-03-24 15:32:00,2625.0031443453745,0.00030396770289583327
2020-03-24 15:33:00,2625.152644956423,0.0003053838997518907
2020-03-24 15:34:00,2625.1886048881697,0.0002956061246929364
2020-03-24 15:35:00,2624.715132656432,0.0002789521438784806
2020-03-24 15:36:00,2624.8445530877657,0.0002974001864110947
2020-03-24 15:37:00,2624.8941872836044,0.00029496718699392174
2020-03-24 15:38:00,2623.5277056997684,0.0002914160892187613
2020-03-24 15:39:00,2622.495873006497,0.0002903990756660065
2020-03-24 15:40:00,2622.4423764321145,0.00027346531890334164
2020-03-24 15:41:00,2623.1164095068953,0.0002641150103566501
2020-03-24 15:42:00,2623.421203415203,0.0002557919053412478
2020-03-24 15:43:00,2622.572453056519,0.00024589473476395083
2020-03-24 15:44:00,2622.1026272931213,0.0002523524196269185
2020-03-24 15:45:00,2622.7627093558885,0.0002530005467476162
2020-03-24 15:46:00,2622.8024007110757,0.0002633416556625072
2020-03-24 15:47:00,2621.7413721715943,0.00026418039479489354
2020-03-24 15:48:00,2622.5052770493976,0.000270360343340914
2020-03-24 15:49:00,2622.3960741618557,0.0002793895488053516
2020-03-24 15:50:00,2621.8980816029357,0.0002781875128389343
2020-03-24 15:51:00,2622.7707728594255,0.0002922355373885388
2020-03-24 15:52:00,2621.793109025063,0.00030045177820105614
2020-03-24 15:53:00,2622.415167414411,0.00029306904011052224
2020-03-24 15:54:00,2622.864046654423,0.00031778302890812343
2020-03-24 15:55:00,2621.660786393725,0.0003029547502944181
2020-03-24 15:56:00,2621.1378622661396,0.0003128110426914237
2020-03-24 15:57:00,2621.8066295044828,0.0003179282586142509
2020-03-24 15:58:00,2621.309562870007,0.0003179247190144224
2020-03-24 15:59:00,2619.6911888330383,0.0003135812794993702
2020-03-24 16:00:00,2620.2135495567236,0.0003171477020513257
2020-03-24 16:01:00,2619.9650429415087,0.0003205302616772436
2020-03-24 16:02:00,2620.8183601741607,0.0003342761587551922
2020-03-24 16:03:00,2620.9157008045845,0.00035208994391063166
2020-03-24 16:04:00,2622.6265612206057,0.00035766763249322163
2020-03-24 16:05:00,2622.287150131463,0.0003883630958653423
2020-03-24 16:06:00,2620.5767959020786,0.00041301654326572764
2020-03-24 16:07:00,2619.607662461969,0.0003975419299499586
2020-03-24 16:08:00,2618.427962180455,0.0003734092785940918
2020-03-24 16:09:00,2618.751830637627,0.0003801724167171061
2020-03-24 16:10:00,2619.728817169396,0.00039325836904851593
2020-03-24 16:11:00,2618.768984855229,0.0003924992110676828
2020-03-24 16:12:00,2619.5150712701306,0.0003728032472638917
2020-03-24 16:13:00,2620.25721481676,0.00037063843560064855
2020-03-24 16:14:00,2617.6180751198244,0.0003482991474670168
2020-03-24 16:15:00,2618.185842193472,0.0003511110257895116
2020-03-24 16:16:00,2618.0523160982784,0.0003701038591066695
2020-03-24 16:17:00,2618.970503042449,0.00040772848663559054
2020-03-24 16:18:00,2618.794236523405,0.00042310562947261456
2020-03-24 16:19:00,2620.4767220654703,0.00044967586911057666
2020-03-24 16:20:00,2621.841616075968,0.0004726833985027324
2020-03-24 16:21:00,2622.5550481770697,0.0004692738926869257
2020-03-24 16:22:00,2622.438029595487,0.0004765364462265269
2020-03-24 16:23:00,2622.51939135793,0.00047459728281557483
2020-03-24 16:24:00,2621.082979565006,0.00048273304025770906
2020-03-24 16:25:00,2619.621551697471,0.00047315873357006954
2020-03-24 16:26:00,2619.29864232981,0.0004314041426069801
2020-03-24 16:27:00,2618.9887072417396,0.00043268116859023815
2020-03-24 16:28:00,2621.907640531279,0.00043325205375549644
2020-03-24 16:29:00,2622.669984527305,0.0004509143012927919
2020-03-24 16:30:00,2624.738622635773,0.00043297251788533336
2020-03-24 16:31:00,2623.3601998424074,0.0004463561972742224
2020-03-24 16:32:00,2624.538373935468,0.0004248080377672951
2020-03-24 16:33:00,2623.5358074124447,0.00041793150947420156
2020-03-24 16:34:00,2624.0443140023585,0.00040560799597048566
2020-03-24 16:35:00,2623.2371590776625,0.0004150422264187273
2020-03-24 16:36:00,2622.510579839608,0.00042710052531069455
2020-03-24 16:37:00,2622.1792362929036,0.0004180002079680008
2020-03-24 16:38:00,2622.367972667262,0.00042694991850032206
2020-03-24 16:39:00,2622.096170437111,0.0004213011660879063
2020-03-24 16:40:00,2621.904827694724,0.0004358401954987198
2020-03-24 16:41:00,2622.402142276083,0.0004267670050929951
2020-03-24 16:42:00,2620.6561031905712,0.0004735889656796626
2020-03-24 16:43:00,2621.9989842841082,0.000479690918532682
2020-03-24 16:44:00,2620.482478476778,0.0004726365088505374
2020-03-24 16:45:00,2620.0903421123667,0.0004946535338656266
2020-03-24 16:46:00,2618.8137386867184,0.0005155128459591637
2020-03-24 16:47:00,2617.273684519561,0.0005148166166632076
2020-03-24 16:48:00,2618.637607099351,0.0005219310066482719
2020-03-24 16:49:00,2618.7892053530354,0.0005126647705468049
2020-03-24 16:50:00,2618.4584946295063,0.0005190337547809105
2020-03-24 16:51:00,2617.989004443807,0.000495987682313082
2020-03-24 16:52:00,2616.146503649833,0.0004833987815809997
2020-03-24 16:53:00,2615.2701011474896,0.0004861210768067189
2020-03-24 16:54:00,2618.966270550394,0.0004654528447263368
2020-03-24 16:55:00,2620.100174567651,0.00044571029225574596
2020-03-24 16:56:00,2620.890365915016,0.0004511350647628334
2020-03-24 16:57:00,2621.674325065482,0.0004232588287954703
2020-03-24 16:58:00,2620.904997573983,0.0004188379619202544
2020-03-24 16:59:00,2621.8885404444322,0.0003915839954181903
2020-03-24 17:00:00,2623.4435758552554,0.0003816421517009174
2020-03-24 17:01:00,2622.8908355152435,0.00037172885158354976
2020-03-24 17:02:00,2622.258451792739,0.0003276543385618918
2020-03-24 17:03:00,2624.9706030435827,0.00034860002319788346
2020-03-24 17:04:00,2624.123153582127,0.000338042786758943
2020-03-24 17:05:00,2623.9710377509386,0.00036428111712004656
2020-03-24 17:06:00,2625.445424123918,0.0003655180173108173
2020-03-24 17:07:00,2624.8687276055475,0.0003430758884507874
2020-03-24 17:08:00,2624.2174658269355,0.00034075579889091847
2020-03-24 17:09:00,2624.475570204362,0.00036676639706317073
2020-03-24 17:10:00,2625.5813203917824,0.00035749065723443416
2020-03-24 17:11:00,2626.3381543567007,0.00035394173599827093
2020-03-24 17:12:00,2626.1915885400495,0.00036630168721599237
2020-03-24 17:13:00,2623.9235243995918,0.0003899125786780725
2020-03-24 17:14:00,2624.6831823591965,0.00038771965260899605
2020-03-24 17:15:00,2624.018733456254,0.00046110742398737607
2020-03-24 17:16:00,2624.045758404176,0.00044565719645362346
2020-03-24 17:17:00,2624.3614330080322,0.00045335838750955884
2020-03-24 17:18:00,2623.150804978989,0.00047573264694190947
2020-03-24 17:19:00,2620.045825123659,0.0004844534119025804
2020-03-24 17:20:00,2618.496130344922,0.0005344348670360069
2020-03-24 17:21:00,2616.4435451388076,0.0005488413424352726
2020-03-24 17:22:00,2617.878735874775,0.000565053076295903
2020-03-24 17:23:00,2619.8687268056365,0.0005577139999729236
2020-03-24 17:24:00,2615.933364831891,0.0005390706247212736
2020-03-24 17:25:00,2615.8844111645135,0.0005433641599777352
2020-03-24 17:26:00,2617.144474521574,0.0005606277990588874
2020-03-24 17:27:00,2617.624270760482,0.0005705999139470886
2020-03-24 17:28:00,2617.6830814368004,0.0005629078390814087
2020-03-24 17:29:00,2617.810334627332,0.0005484559826647664
2020-03-24 17:30:00,2618.375483004033,0.0005712205158015833
2020-03-24 17:31:00,2616.935762807767,0.0005530004260301448
2020-03-24 17:32:00,2617.197184380774,0.0005311416847165601
2020-03-24 17:33:00,2616.0747791963754,0.0004998301051485629
2020-03-24 17:34:00,2616.989418612973,0.0005165094449989907
2020-03-24 17:35:00,2618.976425803413,0.0005697800535012771
2020-03-24 17:36:00,2617.9807089408127,0.0005362126281399556
2020-03-24 17:37:00,2616.707898029465,0.0005603461876955999
2020-03-24 17:38:00,2615.4686471401837,0.0005690691748863883
2020-03-24 17:39:00,2613.4509837076525,0.0005743300186206017
2020-03-24 17:40:00,2614.7924478841246,0.0005829816608721208
2020-03-24 17:41:00,2618.184125916861,0.0006102000377858888
2020-03-24 17:42:00,2615.3228032695015,0.0006266289555650895
2020-03-24 17:43:00,2616.4993712692412,0.0006312365084771456
2020-03-24 17:44:00,2615.6954537449196,0.0005930818011678409
2020-03-24 17:45:00,2616.9720910235774,0.0006232707208697218
2020-03-24 17:46:00,2616.589804864253,0.0006376626917020462
2020-03-24 17:47:00,2618.711056120632,0.0005805200554997449
2020-03-24 17:48:00,2618.317362919815,0.0005929483968352333
2020-03-24 17:49:00,2616.422817961135,0.000577364304913868
2020-03-24 17:50:00,2618.0842680383757,0.0005817197871219953
2020-03-24 17:51:00,2616.39500070432,0.000616723518906098
2020-03-24 17:52:00,2618.1338068472714,0.0006044041556293184
2020-03-24 17:53:00,2615.9809629091646,0.0005797053621605015
2020-03-24 17:54:00,2614.4468860201464,0.0005563982383487133
2020-03-24 17:55:00,2615.4672270092797,0.0005894992104055328
2020-03-24 17:56:00,2614.2082547596738,0.0005773647527821073
2020-03-24 17:57:00,2616.1984377558515,0.0005698071749942714
2020-03-24 17:58:00,2616.8312908392973,0.0005817691335016103
2020-03-24 17:59:00,2616.6523067773624,0.0005536449230775451
2020-03-24 18:00:00,2617.445761536521,0.0005552137093656676
2020-03-24 18:01:00,2617.5067809244315,0.0005624324023514311
2020-03-24 18:02:00,2613.952810588495,0.0005711304235885779
2020-03-24 18:03:00,2614.878457695929,0.0005768030863321048
2020-03-24 18:04:00,2613.570219611055,0.0005694360271948044
2020-03-24 18:05:00,2614.3255971279273,0.0005623517780336578
2020-03-24 18:06:00,2612.9858545148572,0.0005752501120768776
2020-03-24 18:07:00,2611.1798852631546,0.0005574337883832155
2020-03-24 18:08:00,2610.8992789021936,0.0005290447039136271
2020-03-24 18:09:00,2611.108708044961,0.0005277903689495084
2020-03-24 18:10:00,2610.3637434368216,0.0005340063888026585
2020-03-24 18:11:00,2609.3461635640606,0.0005214379412747955
2020-03-24 18:12:00,2611.0554224362945,0.0005788630759832807
2020-03-24 18:13:00,2609.783843016928,0.000587405266129194
2020-03-24 18:14:00,2608.783811248377,0.0005910653444155285
2020-03-24 18:15:00,2608.725109291634,0.0005124985950686541
2020-03-24 18:16:00,2609.2736285024343,0.000553866686749961
2020-03-24 18:17:00,2607.8651461107156,0.0005784284086538472
2020-03-24 18:18:00,2603.938984068255,0.000591834844290687
2020-03-24 18:19:00,2604.4008666342547,0.0005691169335734906
2020-03-24 18:20:00,2604.3873193583095,0.0005532527041687193
2020-03-24 18:21:00,2604.490152026567,0.0005630038363801981
2020-03-24 18:22:00,2604.4720710565466,0.0005223662738088605
2020-03-24 18:23:00,2603.2846504644535,0.0005217051328645819
2020-03-24 18:24:00,2603.491913749964,0.0005244178750732321
2020-03-24 18:25:00,2604.7781480648828,0.0005526017104563492
2020-03-24 18:26:00,2603.6035221400352,0.0005377225358336252
2020-03-24 18:27:00,2605.0439524480585,0.0005152365695826514
2020-03-24 18:28:00,2605.5128597850075,0.0005353826532602025
2020-03-24 18:29:00,2605.2216700165795,0.0005003039456160956
2020-03-24 18:30:00,2604.0443417896595,0.0004993616568973493
2020-03-24 18:31:00,2602.5911095328797,0.0004971019143953535
2020-03-24 18:32:00,2603.5700096214937,0.0004972008350510738
2020-03-24 18:33:00,2602.4845182812096,0.0004707456152465464
2020-03-24 18:34:00,2604.2897267387516,0.0004567272757085056
2020-03-24 18:35:00,2602.3339446833406,0.00043082847799744405
2020-03-24 18:36:00,2603.9751860365604,0.00043728753258701433
2020-03-24 18:37:00,2604.851433684304,0.0004045538235667098
2020-03-24 18:38:00,2605.4763042809805,0.0004152434295815608
2020-03-24 18:39:00,2605.102488048332,0.00040900352061260637
2020-03-24 18:40:00,2603.2510780096236,0.0004300679648997007
2020-03-24 18:41:00,2603.1380093233615,0.00045320500960643515
2020-03-24 18:42:00,2603.924607693809,0.00047244577632265714
2020-03-24 18:43:00,2604.392502178233,0.00047845982861022913
2020-03-24 18:44:00,2602.4876476963364,0.00044874180087439166
2020-03-24 18:45:00,2605.1775494148837,0.00045706570599528463
2020-03-24 18:46:00,2605.979033082493,0.00047231551897082146
2020-03-24 18:47:00,2605.923022378969,0.0004751635341787747
2020-03-24 18:48:00,2603.863732730026,0.0004842971727744715
2020-03-24 18:49:00,2603.832825568374,0.0005011000718809368
2020-03-24 18:50:00,2604.809272197671,0.0005025026045299932
2020-03-24 18:51:00,2604.020578846607,0.000506039270525319
2020-03-24 18:52:00,2606.8164332886404,0.0004909163772985427
2020-03-24 18:53:00,2606.109488844328,0.00051229782699424
2020-03-24 18:54:00,2604.92767332571,0.000491785720906274
2020-03-24 18:55:00,2605.420357581413,0.000513285316508618
2020-03-24 18:56:00,2603.711215379044,0.0005021250826540549
2020-03-24 18:57:00,2602.7060800755144,0.0005100144525008589
2020-03-24 18:58:00,2603.1043891754666,0.000503937869732424
2020-03-24 18:59:00,2605.206844224534,0.00048672199159768386
2020-03-24 19:00:00,2605.2593044852238,0.0005224620251515233
2020-03-24 19:01:00,2605.70143490238,0.0005064830058876283
2020-03-24 19:02:00,2606.1466536092566,0.0005019629649508727
2020-03-24 19:03:00,2603.1510905649475,0.0005130725831816009
2020-03-24 19:04:00,2602.9555425140697,0.0005334867816926914
2020-03-24 19:05:00,2603.1825106253295,0.0005351699978626086
2020-03-24 19:06:00,2602.0833203809607,0.0005372701372532511
2020-03-24 19:07:00,2604.6258904986275,0.0005733205342155384
2020-03-24 19:08:00,2606.370765089428,0.000583777903273879
2020-03-24 19:09:00,2603.2481876035204,0.0005969916256112351
2020-03-24 19:10:00,2602.512166779018,0.0005557219770208333
2020-03-24 19:11:00,2603.2162624283014,0.0005938824687859465
2020-03-24 19:12:00,2602.917890880919,0.0005732730101428037
2020-03-24 19:13:00,2603.8236521859544,0.0005428467950302599
2020-03-24 19:14:00,2602.5289345268034,0.0004947420485792586
2020-03-24 19:15:00,2602.8378002707177,0.0005317421620770312
2020-03-24 19:16:00,2603.542600544501,0.0005084298516529182
2020-03-24 19:17:00,2604.140582399858,0.0004981088603472062
2020-03-24 19:18:00,2603.9016763734758,0.0005171001414843505
2020-03-24 19:19:00,2605.6222408377926,0.0005453444725379866
2020-03-24 19:20:00,2607.615398722527,0.0005320014353739105
2020-03-24 19:21:00,2606.383026083564,0.0005529633369491218
2020-03-24 19:22:00,2604.4505808525923,0.0005424329455358506
2020-03-24 19:23:00,2605.7280617616275,0.0005147023663092411
2020-03-24 19:24:00,2608.6827982451514,0.0005481420874421991
2020-03-24 19:25:00,2608.2019993363265,0.0005862635648593137
2020-03-24 19:26:00,2608.1689469897706,0.0005686049031281236
2020-03-24 19:27:00,2608.303039488745,0.0005687072260574241
2020-03-24 19:28:00,2607.950267330264,0.0005319054951276564
2020-03-24 19:29:00,2607.6786208941458,0.0005477340713488596
2020-03-24 19:30:00,2608.252180786694,0.0005482849654597283
2020-03-24 19:31:00,2607.9400506235093,0.0005748212697279237
2020-03-24 19:32:00,2608.6615612334185,0.0005130837991262242
2020-03-24 19:33:00,2608.6466639949585,0.000482090006028514
2020-03-24 19:34:00,2606.574137278076,0.0004925876448852467
2020-03-24 19:35:00,2608.5072398471343,0.0005223850486235093
2020-03-24 19:36:00,2609.841012795101,0.0005021888414266905
2020-03-24 19:37:00,2608.1721017347895,0.0005238346046699268
2020-03-24 19:38:00,2608.9369007342493,0.0004924028075031227
2020-03-24 19:39:00,2609.0669298764706,0.0005132868096061897
2020-03-24 19:40:00,2608.936836887432,0.000519134490463356
2020-03-24 19:41:00,2610.840821970369,0.000525582006088635
2020-03-24 19:42:00,2608.260635712687,0.00047772566993951974
2020-03-24 19:43:00,2608.2076824888236,0.0004660031834176576
2020-03-24 19:44:00,2607.986574554618,0.0004764514860109558
2020-03-24 19:45:00,2606.602601563341,0.0004895380105470994
2020-03-24 19:46:00,2606.6256852101233,0.0005170417826404238
2020-03-24 19:47:00,2607.0556525264083,0.0005107221562858225
2020-03-24 19:48:00,2607.1179716104525,0.0005125326256573931
2020-03-24 19:49:00,2603.2421955677864,0.0005710322379513511
2020-03-24 19:50:00,2601.7154445809097,0.0005759569465475214
2020-03-24 19:51:00,2599.241402711187,0.0005491921947847108
2020-03-24 19:52:00,2599.7856545780987,0.0005403504063912827
2020-03-24 19:53:00,2598.836497256526,0.0005227428113124462
2020-03-24 19:54:00,2599.167807152582,0.000483642061187084
2020-03-24 19:55:00,2599.695491416366,0.00048217951593015017
2020-03-24 19:56:00,2600.7805573117657,0.000476101817328321
2020-03-24 19:57:00,2600.0240205652844,0.00047672422238150306
2020-03-24 19:58:00,2601.222657059935,0.00047688028595358715
2020-03-24 19:59:00,2600.945892988861,0.0004644370444470484
2020-03-25 13:30:00,2513.13525933768,0.0005010523798190732
2020-03-25 13:31:00,2513.9731577417233,0.0005494451584461083
2020-03-25 13:32:00,2512.657677648494,0.0005443883449173025
2020-03-25 13:33:00,2512.5235980222897,0.0005572603682293234
2020-03-25 13:34:00,2513.3947348794004,0.0005797176867884111
2020-03-25 13:35:00,2515.8878568098867,0.0005850201898799857
2020-03-25 13:36:00,2517.0931765116056,0.0006434817353254637
2020-03-25 13:37:00,2517.154842549418,0.0006580853236110313
2020-03-25 13:38:00,2516.311023244974,0.0006491638648297426
2020-03-25 13:39:00,2517.1413899675404,0.0006312110158818407
2020-03-25 13:40:00,2516.764358165934,0.0006081213364317564
2020-03-25 13:41:00,2519.3059184127046,0.0006106525788605151
2020-03-25 13:42:00,2520.03053965993,0.0006156739393382474
2020-03-25 13:43:00,2519.49180323589,0.0006353043109081876
2020-03-25 13:44:00,2520.530371230355,0.0006697805592446167
2020-03-25 13:45:00,2519.6404086340776,0.0006742017419794086
2020-03-25 13:46:00,2518.199723621917,0.0006668676652758188
2020-03-25 13:47:00,2514.594101075948,0.0006664608980906589
2020-03-25 13:48:00,2515.2016520075117,0.0006660652272786601
2020-03-25 13:49:00,2515.572241247506,0.0005950627887339335
2020-03-25 13:50:00,2516.335862062271,0.0006160503689250205
2020-03-25 13:51:00,2515.636661558232,0.0006229552651819532
2020-03-25 13:52:00,2514.834534498223,0.0006578611369687075
2020-03-25 13:53:00,2514.5710671095217,0.0006405729747628898
2020-03-25 13:54:00,2515.606274054916,0.0006530741293736135
2020-03-25 13:55:00,2514.932100017695,0.0005885110635468764
2020-03-25 13:56:00,2512.2417739747725,0.0005792090876376202
2020-03-25 13:57:00,2510.353824786982,0.0005483997240517735
2020-03-25 13:58:00,2511.8139372808955,0.0005641427797255624
2020-03-25 13:59:00,2513.5229931783374,0.0005622007834061823
2020-03-25 14:00:00,2513.697966756995,0.0005760661101863574
2020-03-25 14:01:00,2511.4026183197875,0.0006117691669089776
2020-03-25 14:02:00,2513.0924024380674,0.000576115338609934
2020-03-25 14:03:00,2514.484836167414,0.0006086218547634302
2020-03-25 14:04:00,2515.3280666004316,0.0006142722845653661
2020-03-25 14:05:00,2517.273758888079,0.0006087323404984363
2020-03-25 14:06:00,2514.9908513696605,0.0006061923781700498
2020-03-25 14:07:00,2512.8365641901064,0.0006009844918612833
2020-03-25 14:08:00,2513.1508120186645,0.0006026970433162444
2020-03-25 14:09:00,2515.5381945736353,0.0005675902692437306
2020-03-25 14:10:00,2516.2313120691606,0.0005522927433850719
2020-03-25 14:11:00,2516.8706369073484,0.0005129563068714359
2020-03-25 14:12:00,2516.055789644016,0.0005045512348982728
2020-03-25 14:13:00,2515.0641779065522,0.0005317371316604914
2020-03-25 14:14:00,2514.592506227592,0.0005286168592096631
2020-03-25 14:15:00,2514.3203024625377,0.0005358486049697499
2020-03-25 14:16:00,2512.1818516716903,0.0005434511087406705
2020-03-25 14:17:00,2511.165445537911,0.0005555057454571987
2020-03-25 14:18:00,2510.5452800091757,0.0005677374467516961
2020-03-25 14:19:00,2511.55163513336,0.0005553089870380434
2020-03-25 14:20:00,2511.363837985166,0.0005523207341860865
2020-03-25 14:21:00,2513.840648076237,0.0005465238704001426
2020-03-25 14:22:00,2512.996313764291,0.000537061811573265
2020-03-25 14:23:00,2512.345319130165,0.0005480185296276882
2020-03-25 14:24:00,2512.9201896075733,0.0005243068707934595
2020-03-25 14:25:00,2513.101078379123,0.0005196393417186402
2020-03-25 14:26:00,2513.524985654742,0.0005298249474330004
2020-03-25 14:27:00,2512.887433160281,0.0004984707955806092
2020-03-25 14:28:00,2512.2035723250333,0.0004891070623238282
2020-03-25 14:29:00,2510.280436947022,0.0004947115830293487
2020-03-25 14:30:00,2510.469406641253,0.0004972193298204013
2020-03-25 14:31:00,2513.035247205761,0.00048234997494780903
2020-03-25 14:32:00,2511.688858170941,0.000464936411199088
2020-03-25 14:33:00,2511.006985650812,0.00046456450567054574
2020-03-25 14:34:00,2511.407485119822,0.0004697461193897137
2020-03-25 14:35:00,2511.5461049081846,0.0004606978439912452
2020-03-25 14:36:00,2513.152463768947,0.000476943478392994
2020-03-25 14:37:00,2513.822781477101,0.000504576518010474
2020-03-25 14:38:00,2515.4358138082825,0.0005699147018345574
2020-03-25 14:39:00,2513.852067829234,0.0005747691049290513
2020-03-25 14:40:00,2516.24684847228,0.0005892472451883413
2020-03-25 14:41:00,2516.313020480425,0.000579460366998229
2020-03-25 14:42:00,2515.212550071956,0.0005805844728807711
2020-03-25 14:43:00,2515.8532809035273,0.0005774227753926383
2020-03-25 14:44:00,2516.706334525907,0.0006441808051160872
2020-03-25 14:45:00,2518.617873003708,0.0006363006653745998
2020-03-25 14:46:00,2518.6977585928403,0.0006126276667449777
2020-03-25 14:47:00,2519.6882435195503,0.0006086184798354482
2020-03-25 14:48:00,2520.3532847034576,0.0005932021993628215
2020-03-25 14:49:00,2519.4729743162684,0.0006536936636832634
2020-03-25 14:50:00,2517.224753246516,0.0006203366064010185
2020-03-25 14:51:00,2519.9255227610292,0.0006319274105652184
2020-03-25 14:52:00,2519.8362737739844,0.0006122910936267776
2020-03-25 14:53:00,2519.186368989759,0.0006461382685504201
2020-03-25 14:54:00,2521.78712480944,0.0006563941129757756
2020-03-25 14:55:00,2521.1495767501674,0.0006734466788530638
2020-03-25 14:56:00,2523.342048729529,0.0007176989512747261
2020-03-25 14:57:00,2520.014429074518,0.0007301519661847432
2020-03-25 14:58:00,2519.2273353461437,0.0007371173745841453
2020-03-25 14:59:00,2518.479163924029,0.0007629467769581114
2020-03-25 15:00:00,2517.554347266351,0.0007220445546394091
2020-03-25 15:01:00,2515.439870652223,0.0007028978268291157
2020-03-25 15:02:00,2515.9528110564306,0.0007305386723156149
2020-03-25 15:03:00,2520.8001684107926,0.0006929716490125937
2020-03-25 15:04:00,2522.755396728287,0.0006934577287286068
2020-03-25 15:05:00,2521.586311655879,0.0006763696784031551
2020-03-25 15:06:00,2521.6510393939993,0.0006424483832329117
2020-03-25 15:07:00,2521.076882858995,0.0006651369329090326
2020-03-25 15:08:00,2519.6414129391005,0.0007215219604330458
2020-03-25 15:09:00,2517.0951192478556,0.0007038819729512875
2020-03-25 15:10:00,2518.4744792805686,0.0007037184141837406
2020-03-25 15:11:00,2520.5932687695463,0.000714015815420672
2020-03-25 15:12:00,2519.5812047434847,0.0007297807573655683
2020-03-25 15:13:00,2518.0565640114905,0.0006612663949910337
2020-03-25 15:14:00,2520.828831670641,0.0006971875420111557
2020-03-25 15:15:00,2520.472608430002,0.0007356263735657987
2020-03-25 15:16:00,2518.2811793825554,0.0006851204412604987
2020-03-25 15:17:00,2518.4181374943123,0.0006300310348515675
2020-03-25 15:18:00,2516.816451900512,0.0006430268726996939
2020-03-25 15:19:00,2515.6463448513064,0.0006468634670261442
2020-03-25 15:20:00,2516.8353323473516,0.0007211602349889757
2020-03-25 15:21:00,2514.497894966839,0.0007454100662690682
2020-03-25 15:22:00,2517.7671896134675,0.0007363186801624372
2020-03-25 15:23:00,2518.1323650758277,0.000717137102243348
2020-03-25 15:24:00,2518.898913575869,0.0006901289230910459
2020-03-25 15:25:00,2522.276958952932,0.0006379417076489822
2020-03-25 15:26:00,2522.2740721682544,0.000619605613870465
2020-03-25 15:27:00,2522.1629195620535,0.0006061921404572414
2020-03-25 15:28:00,2522.8699135454176,0.000595050193143605
2020-03-25 15:29:00,2521.923376776174,0.0005504335412407263
2020-03-25 15:30:00,2520.6803842246386,0.0005237325913754231
2020-03-25 15:31:00,2518.884324145304,0.0005138519407627222
2020-03-25 15:32:00,2516.9939282037344,0.0005129951520135098
2020-03-25 15:33:00,2516.0057721786507,0.0005105060711816603
2020-03-25 15:34:00,2515.1249528210155,0.0005536462593779262
2020-03-25 15:35:00,2513.586709693973,0.0005609852773829747
2020-03-25 15:36:00,2513.6889878611346,0.00054930140578218
2020-03-25 15:37:00,2513.0450456821363,0.000556645124947525
2020-03-25 15:38:00,2511.3027570362306,0.0005610693526699611
2020-03-25 15:39:00,2511.62983395512,0.0005763501015578262
2020-03-25 15:40:00,2511.325980630589,0.0005915644292065296
2020-03-25 15:41:00,2511.039225018006,0.0005858462111679543
2020-03-25 15:42:00,2511.836892526859,0.0005631163704411085
2020-03-25 15:43:00,2511.6554564684884,0.0005438513395923131
2020-03-25 15:44:00,2511.323616809025,0.0005614995893208665
2020-03-25 15:45:00,2509.6935189640276,0.0005317759887683596
2020-03-25 15:46:00,2509.0102063013155,0.0005348186716907127
2020-03-25 15:47:00,2508.55813501738,0.0005246957051704349
2020-03-25 15:48:00,2507.142462118794,0.0005452883004166394
2020-03-25 15:49:00,2505.410719150344,0.000547509800377848
2020-03-25 15:50:00,2504.708866831051,0.0005889664722849987
2020-03-25 15:51:00,2506.9195365597147,0.0005752713943660545
2020-03-25 15:52:00,2507.6253218793286,0.0005632463769006935
2020-03-25 15:53:00,2508.8746558650655,0.0005427251707746199
2020-03-25 15:54:00,2507.6051781953915,0.000518131724267745
2020-03-25 15:55:00,2507.1005589494594,0.0004979515575259699
2020-03-25 15:56:00,2506.6142534084242,0.00048479832679747806
2020-03-25 15:57:00,2508.3118283840754,0.0005090048089486987
2020-03-25 15:58:00,2508.778412675383,0.0005242355298419504
2020-03-25 15:59:00,2509.1568894217553,0.0005658966562434608
2020-03-25 16:00:00,2508.546077436672,0.0005834560780869052
2020-03-25 16:01:00,2506.103555391208,0.0005977599241480877
2020-03-25 16:02:00,2505.656718241002,0.0006073327337367944
2020-03-25 16:03:00,2506.287646034488,0.0005861279722276905
2020-03-25 16:04:00,2506.639402686177,0.0006146665740909209
2020-03-25 16:05:00,2504.814306118026,0.0006061050616815449
2020-03-25 16:06:00,2504.1732885841743,0.0005530052484758045
2020-03-25 16:07:00,2503.0985808060645,0.0004989245447870532
2020-03-25 16:08:00,2501.5270139867653,0.0005206295489412912
2020-03-25 16:09:00,2498.97144142807,0.0005137972921024197
2020-03-25 16:10:00,2500.121279228805,0.0005062886542676803
2020-03-25 16:11:00,2499.9252795169955,0.0004915614302405665
2020-03-25 16:12:00,2499.5332781393627,0.0005111781000833885
2020-03-25 16:13:00,2498.771902723574,0.0005468363789110203
2020-03-25 16:14:00,2497.944390082581,0.0005787382693057739
2020-03-25 16:15:00,2497.5208283013762,0.0005650416550494398
2020-03-25 16:16:00,2496.9346262563854,0.0005673901957846559
2020-03-25 16:17:00,2497.209736119154,0.0005592299395599547
2020-03-25 16:18:00,2498.119375889922,0.0005793612754692565
2020-03-25 16:19:00,2497.8744819288786,0.0006092590511006898
2020-03-25 16:20:00,2497.0285665849538,0.0005803305560096922
2020-03-25 16:21:00,2498.7557031578476,0.0006329278533329641
2020-03-25 16:22:00,2499.8319562654624,0.0006710250506037852
2020-03-25 16:23:00,2500.1044909724883,0.0006287109374499876
2020-03-25 16:24:00,2500.4569253572545,0.0006352282527145531
2020-03-25 16:25:00,2501.231965543367,0.000711313617585285
2020-03-25 16:26:00,2501.544680731786,0.0006783009312218934
2020-03-25 16:27:00,2500.20432280681,0.0006822802889424163
2020-03-25 16:28:00,2499.6866011924376,0.0006960451911449888
2020-03-25 16:29:00,2499.4303863584796,0.0007008016781761191
2020-03-25 16:30:00,2500.8827748280446,0.0007293093330678187
2020-03-25 16:31:00,2497.0577804968034,0.0007001076425467348
2020-03-25 16:32:00,2500.3912917628013,0.0006657823364767435
2020-03-25 16:33:00,2502.5279876719214,0.0007087357088011669
2020-03-25 16:34:00,2503.5508788681827,0.0006939235555231818
2020-03-25 16:35:00,2506.1364742354185,0.0007048332599892927
2020-03-25 16:36:00,2505.9827446650106,0.0007199445457086341
2020-03-25 16:37:00,2502.1978587621893,0.0007413951155287279
2020-03-25 16:38:00,2503.9021557886044,0.0007255858300189556
2020-03-25 16:39:00,2504.031592565117,0.0007423140476465986
2020-03-25 16:40:00,2503.63182653803,0.000736840086301999
2020-03-25 16:41:00,2501.7300172869627,0.0007077268623025825
2020-03-25 16:42:00,2503.0105643299958,0.0007427722588563136
2020-03-25 16:43:00,2503.831896550613,0.0008055997299412342
2020-03-25 16:44:00,2504.0013115194442,0.0007931440661093968
2020-03-25 16:45:00,2500.0400354754265,0.000807762389938055
2020-03-25 16:46:00,2500.644120843211,0.0008076772938309165
2020-03-25 16:47:00,2497.7383366521253,0.000841966716814974
2020-03-25 16:48:00,2497.4022457915476,0.0008129800540792515
2020-03-25 16:49:00,2498.0584590763065,0.000801454475403309
2020-03-25 16:50:00,2501.1370862344147,0.0008706654144775768
2020-03-25 16:51:00,2501.2330462131126,0.0008406385766768088
2020-03-25 16:52:00,2499.093852728547,0.0008418566518281156
2020-03-25 16:53:00,2500.267061151718,0.0007961574238606056
2020-03-25 16:54:00,2498.281000983763,0.0008268057611708854
2020-03-25 16:55:00,2496.7898682838018,0.0007924944742723972
2020-03-25 16:56:00,2493.691749599452,0.0007408966864713691
2020-03-25 16:57:00,2493.8714418224063,0.0007474573811492257
2020-03-25 16:58:00,2497.015192083596,0.0007390393224137125
2020-03-25 16:59:00,2495.003779398411,0.0007639627681953109
2020-03-25 17:00:00,2497.4687798306477,0.000796765452034184
2020-03-25 17:01:00,2495.5275479210068,0.0008378908226605385
2020-03-25 17:02:00,2495.180976087928,0.0008923677759605264
2020-03-25 17:03:00,2495.2747180145498,0.0008835642730873298
2020-03-25 17:04:00,2494.669165950961,0.0008637605161038649
2020-03-25 17:05:00,2496.1506978171087,0.0009495364021024046
2020-03-25 17:06:00,2497.1015052259568,0.0008982542489564858
2020-03-25 17:07:00,2493.4480021779937,0.0009382086903646845
2020-03-25 17:08:00,2490.7491549166202,0.0008904694876808173
2020-03-25 17:09:00,2488.068732653194,0.000931934343658624
2020-03-25 17:10:00,2487.1630713427758,0.0008992970880493186
2020-03-25 17:11:00,2485.361465008292,0.000887511780197204
2020-03-25 17:12:00,2482.854711166279,0.0008546164332881994
2020-03-25 17:13:00,2485.90786831601,0.0007810001094459701
2020-03-25 17:14:00,2486.530273172638,0.0008333171196221067
2020-03-25 17:15:00,2486.2998325001436,0.0007778504223227117
2020-03-25 17:16:00,2489.277487839923,0.0007760294797799792
2020-03-25 17:17:00,2489.552882507425,0.0007700284684298518
2020-03-25 17:18:00,2488.2248396477326,0.0007726740374501044
2020-03-25 17:19:00,2487.9430971623256,0.000783222304610408
2020-03-25 17:20:00,2485.2085609133424,0.0007327094008171369
2020-03-25 17:21:00,2484.2067466936887,0.0007171025805016719
2020-03-25 17:22:00,2482.6089202149788,0.0007523198637232777
2020-03-25 17:23:00,2484.6564570468813,0.0007445617714009147
2020-03-25 17:24:00,2485.598052594558,0.0007364780030866008
2020-03-25 17:25:00,2482.157042658944,0.0007380483095313274
2020-03-25 17:26:00,2481.59785926819,0.0007365511165062139
2020-03-25 17:27:00,2478.8857099362885,0.0007567258138246526
2020-03-25 17:28:00,2477.7604006432166,0.0007482209996096292
2020-03-25 17:29:00,2477.861107370774,0.0006869557075851372
2020-03-25 17:30:00,2477.792996785105,0.0006747438425479334
2020-03-25 17:31:00,2476.9657447018867,0.0006869723992080543
2020-03-25 17:32:00,2477.950415955693,0.000723678984739811
2020-03-25 17:33:00,2479.3820168948664,0.0007675322396254546
2020-03-25 17:34:00,2476.522660017805,0.00080422141601451
2020-03-25 17:35:00,2482.050662964333,0.0007746520415901182
2020-03-25 17:36:00,2481.8119855112304,0.000698294011377121
2020-03-25 17:37:00,2480.9868693951594,0.0007293729562232083
2020-03-25 17:38:00,2483.1262143578306,0.0006890836861199354
2020-03-25 17:39:00,2484.002816947437,0.0006694993329399051
2020-03-25 17:40:00,2482.6625738163275,0.0006498763818480096
2020-03-25 17:41:00,2482.5048356199095,0.0006808080637840591
2020-03-25 17:42:00,2483.238599327357,0.0006669879746331011
2020-03-25 17:43:00,2483.282459107428,0.0006447368337847224
2020-03-25 17:44:00,2482.3963835030286,0.0006259441454978675
2020-03-25 17:45:00,2482.4652735307895,0.0006385296617851053
2020-03-25 17:46:00,2482.1021447267567,0.0007019018526900172
2020-03-25 17:47:00,2483.3448089952267,0.0006643463718814949
2020-03-25 17:48:00,2485.191160759342,0.0007205836149595877
2020-03-25 17:49:00,2486.653125690841,0.0007438000965213282
2020-03-25 17:50:00,2489.871472078671,0.0007856805975340576
2020-03-25 17:51:00,2491.4930324975553,0.000787770143480829
2020-03-25 17:52:00,2493.333223852983,0.0008023889953233918
2020-03-25 17:53:00,2493.5002309284255,0.0008080097596138642
2020-03-25 17:54:00,2494.7154135397827,0.0008361159855359542
2020-03-25 17:55:00,2492.8034383003837,0.0008081464361845665
2020-03-25 17:56:00,2491.0441781546347,0.0007950775194481452
2020-03-25 17:57:00,2492.531854361608,0.0008190875029572231
2020-03-25 17:58:00,2495.1562717617044,0.0007433702419410595
2020-03-25 17:59:00,2496.021479819979,0.000731758592820992
2020-03-25 18:00:00,2494.834487414058,0.0007079651637706841
2020-03-25 18:01:00,2489.1935197956664,0.0007476168183493711
2020-03-25 18:02:00,2490.398079711382,0.0007518536948317973
2020-03-25 18:03:00,2491.4661048119146,0.0007481957147750593
2020-03-25 18:04:00,2491.608705542501,0.0007766851695509489
2020-03-25 18:05:00,2491.0491860534157,0.0007356814101131263
2020-03-25 18:06:00,2494.378368146782,0.0007071919755734442
2020-03-25 18:07:00,2493.2787546560535,0.0007325430888492045
2020-03-25 18:08:00,2493.611616028623,0.0007230459114773239
2020-03-25 18:09:00,2491.4158424018765,0.0007263652991217627
2020-03-25 18:10:00,2490.1623653390593,0.0007198369487543312
2020-03-25 18:11:00,2489.061747929402,0.00068344258006843
2020-03-25 18:12:00,2488.5924041280014,0.0006760117450999406
2020-03-25 18:13:00,2490.2120410552598,0.0006838427886457665
2020-03-25 18:14:00,2488.516756838088,0.0006820891696862572
2020-03-25 18:15:00,2486.581663014111,0.0007514994726655266
2020-03-25 18:16:00,2482.8510256500954,0.000808653220024679
2020-03-25 18:17:00,2483.0349745225726,0.0008336178254063788
2020-03-25 18:18:00,2482.4306706059742,0.0007643212265084676
2020-03-25 18:19:00,2482.304715667238,0.000758767202071311
2020-03-25 18:20:00,2480.3138013534767,0.0007298623234726194
2020-03-25 18:21:00,2480.1771341515487,0.0007507118891349453
2020-03-25 18:22:00,2482.7505801751,0.0007906406241687963
2020-03-25 18:23:00,2478.9219670993953,0.0008181287116025646
2020-03-25 18:24:00,2478.5480883955165,0.0008427778426194442
2020-03-25 18:25:00,2479.298766664125,0.0008517213039878777
2020-03-25 18:26:00,2481.612921327807,0.0008379497172053624
2020-03-25 18:27:00,2478.628624765131,0.0008158040348791538
2020-03-25 18:28:00,2480.1366801994823,0.0008667338706257551
2020-03-25 18:29:00,2481.1577224531125,0.0009357591571653222
2020-03-25 18:30:00,2484.233540534255,0.0010002327915122886
2020-03-25 18:31:00,2486.4861121238177,0.0009551578631487863
2020-03-25 18:32:00,2485.75590368318,0.0008606673457975497
2020-03-25 18:33:00,2488.1428587333357,0.0007937450234903792
2020-03-25 18:34:00,2484.6008477252176,0.0007970463094707126
2020-03-25 18:35:00,2484.9501918606265,0.0008296519319928782
2020-03-25 18:36:00,2483.7543480465147,0.0008507199297970181
2020-03-25 18:37:00,2485.441096829774,0.0008718194971699525
2020-03-25 18:38:00,2484.3543175237014,0.0008873564163901583
2020-03-25 18:39:00,2487.221381684956,0.0008528010709237403
2020-03-25 18:40:00,2491.2830166170565,0.0008791761889580002
2020-03-25 18:41:00,2491.289891978847,0.0008754167820421081
2020-03-25 18:42:00,2491.4849104166365,0.0008040758120036955
2020-03-25 18:43:00,2490.6614295484906,0.0007761737040011088
2020-03-25 18:44:00,2494.2209093755305,0.0008492687916541806
2020-03-25 18:45:00,2491.644137232649,0.0008334472338694418
2020-03-25 18:46:00,2491.057194143296,0.0008719235615010759
2020-03-25 18:47:00,2483.8154872240066,0.0008773826326964056
2020-03-25 18:48:00,2482.26723598141,0.0008991323100800181
2020-03-25 18:49:00,2478.663347632377,0.0008521129423224723
2020-03-25 18:50:00,2480.147605181411,0.0008347221774225209
2020-03-25 18:51:00,2479.0161266863943,0.0008089969420851586
2020-03-25 18:52:00,2482.481249318258,0.0008062804373357352
2020-03-25 18:53:00,2481.0088357526547,0.0008134278745469747
2020-03-25 18:54:00,2479.8269660124633,0.0007937583002975394
2020-03-25 18:55:00,2474.875499253837,0.0007883432788550409
2020-03-25 18:56:00,2473.1111724464167,0.0008007710487535079
2020-03-25 18:57:00,2471.588642015263,0.0007728078331726821
2020-03-25 18:58:00,2470.379190636906,0.0007553559965805842
2020-03-25 18:59:00,2468.0393193018876,0.0007721140971559776
2020-03-25 19:00:00,2468.3001024557184,0.0008207490194458151
2020-03-25 19:01:00,2468.610601306703,0.0007640147791307746
2020-03-25 19:02:00,2467.678069897549,0.0007868703847349197
2020-03-25 19:03:00,2470.5552175570624,0.0008195622088259548
2020-03-25 19:04:00,2470.128814150525,0.0008767148206930514
2020-03-25 19:05:00,2471.7842288183183,0.0008178647144917799
2020-03-25 19:06:00,2471.1849046688963,0.000776104184768351
2020-03-25 19:07:00,2472.1093493712574,0.0007407106525874833
2020-03-25 19:08:00,2472.6813683500413,0.000747481505257767
2020-03-25 19:09:00,2472.762228776717,0.0007220500956778427
2020-03-25 19:10:00,2472.237833526417,0.0007191612016973738
2020-03-25 19:11:00,2470.56129639023,0.0007316603718097042
2020-03-25 19:12:00,2468.4045510567457,0.0007107345348301025
2020-03-25 19:13:00,2470.7325536680105,0.0007219330861249997
2020-03-25 19:14:00,2468.909669106357,0.0007390782380655711
2020-03-25 19:15:00,2468.289776138425,0.0007352586621627133
2020-03-25 19:16:00,2467.053484883206,0.0006962676628666346
2020-03-25 19:17:00,2466.998116740313,0.0007212473898732809
2020-03-25 19:18:00,2464.8350993978224,0.000740192782248813
2020-03-25 19:19:00,2461.6534273125217,0.0007327806101849794
2020-03-25 19:20:00,2462.7951500725103,0.000721367471553746
2020-03-25 19:21:00,2462.0245602949863,0.000700214457105391
2020-03-25 19:22:00,2463.149380679692,0.0006508074925819038
2020-03-25 19:23:00,2465.044406102165,0.0006560231825662035
2020-03-25 19:24:00,2465.0962843879115,0.0006514073467254447
2020-03-25 19:25:00,2466.9300206974467,0.0006991742436556705
2020-03-25 19:26:00,2464.748966604216,0.00069370213942417
2020-03-25 19:27:00,2464.627966746211,0.0007052763354725157
2020-03-25 19:28:00,2465.2191193854405,0.0006661666268467202
2020-03-25 19:29:00,2463.0060058030735,0.0006677609586441163
2020-03-25 19:30:00,2461.8918578278863,0.0006455568186739742
2020-03-25 19:31:00,2460.0024749061326,0.0006563133033688483
2020-03-25 19:32:00,2458.49738578751,0.0006397347032656819
2020-03-25 19:33:00,2459.029545685552,0.0006224801234416604
2020-03-25 19:34:00,2457.308150384308,0.0005944870348384874
2020-03-25 19:35:00,2455.1380670062,0.0006021706830098975
2020-03-25 19:36:00,2455.6184875836548,0.0005733185279139256
2020-03-25 19:37:00,2454.285023756505,0.0005773353990978782
2020-03-25 19:38:00,2453.9422911161732,0.0005996392003960767
2020-03-25 19:39:00,2454.206770703417,0.0006118465038711335
2020-03-25 19:40:00,2452.863383821058,0.0006270038725638157
2020-03-25 19:41:00,2451.731092346215,0.0006083601925816754
2020-03-25 19:42:00,2449.6852389995875,0.0006059629166266221
2020-03-25 19:43:00,2452.7888853493623,0.0005797963617220234
2020-03-25 19:44:00,2452.753815576338,0.0005213317720359665
2020-03-25 19:45:00,2451.768523145751,0.0004913538213447344
2020-03-25 19:46:00,2452.5964672149457,0.0005126916535883189
2020-03-25 19:47:00,2452.0056489334283,0.000523232562060577
2020-03-25 19:48:00,2452.370500214729,0.0004999890137224001
2020-03-25 19:49:00,2451.302251700789,0.0004889843955724605
2020-03-25 19:50:00,2450.524420207813,0.0004813691014938082
2020-03-25 19:51:00,2449.3092152393347,0.0005378564058058448
2020-03-25 19:52:00,2449.263548935333,0.0005127638580383415
2020-03-25 19:53:00,2449.083920645114,0.0005348381480173844
2020-03-25 19:54:00,2451.4168462202865,0.0005443599623508864
2020-03-25 19:55:00,2450.428391328861,0.000555393713913736
2020-03-25 19:56:00,2449.186254530332,0.0005656929440911067
2020-03-25 19:57:00,2449.6605741424255,0.0005482315700657132
2020-03-25 19:58:00,2451.8896407403936,0.0005344886021326627
2020-03-25 19:59:00,2452.55470538805,0.000522567507364998
2020-03-26 13:30:00,2507.9871270892722,0.0005353235930274953
2020-03-26 13:31:00,2509.0024232795295,0.0005366776416225714
2020-03-26 13:32:00,2509.0703626238815,0.0005704938862937111
2020-03-26 13:33:00,2510.7113883307097,0.0005687121272991716
2020-03-26 13:34:00,2511.5428612841415,0.0006072055455770319
2020-03-26 13:35:00,2514.438124616946,0.0005849386730372006
2020-03-26 13:36:00,2512.030352638924,0.0005824938576709524
2020-03-26 13:37:00,2510.1798432667847,0.000571369069094165
2020-03-26 13:38:00,2510.699835142132,0.000561465374958864
2020-03-26 13:39:00,2510.8572447514753,0.0005857496940958665
2020-03-26 13:40:00,2514.7165170586463,0.0006037993583749796
2020-03-26 13:41:00,2516.7034866088266,0.0006153835579904203
2020-03-26 13:42:00,2515.482156280399,0.000631286115595903
2020-03-26 13:43:00,2514.702785080918,0.000644922224266768
2020-03-26 13:44:00,2514.9693766004157,0.000672918422963445
2020-03-26 13:45:00,2513.2007540572577,0.0007026651398432571
2020-03-26 13:46:00,2513.50573762439,0.000661551777613174
2020-03-26 13:47:00,2513.9758039894127,0.0006408392682833419
2020-03-26 13:48:00,2514.918255293762,0.0006611518811831621
2020-03-26 13:49:00,2514.8088294111926,0.0006844329696067459
2020-03-26 13:50:00,2514.479240196318,0.0006775922457679658
2020-03-26 13:51:00,2512.5890654065574,0.0006920028663616868
2020-03-26 13:52:00,2511.2329785271804,0.0006682774540776893
2020-03-26 13:53:00,2513.3521596024975,0.0006886942552175135
2020-03-26 13:54:00,2514.005111935371,0.0007076706906016843
2020-03-26 13:55:00,2514.166829000216,0.0007685803175376345
2020-03-26 13:56:00,2516.4864356892463,0.0007621538416539523
2020-03-26 13:57:00,2516.3086059995735,0.0007463241904483285
2020-03-26 13:58:00,2513.0038719669465,0.0007415463168076813
2020-03-26 13:59:00,2516.2711974912213,0.0007706805213048641
2020-03-26 14:00:00,2517.7462518343727,0.000760423505283025
2020-03-26 14:01:00,2519.1616703596114,0.0007668145884627012
2020-03-26 14:02:00,2518.5350115947404,0.0007358982685887698
2020-03-26 14:03:00,2518.244387026281,0.0007290814078441351
2020-03-26 14:04:00,2517.838579891809,0.0007246404940676403
2020-03-26 14:05:00,2515.378891998372,0.000705653908323038
2020-03-26 14:06:00,2516.038703897756,0.0006877221439881185
2020-03-26 14:07:00,2517.419228268747,0.0006690650623241588
2020-03-26 14:08:00,2518.24436995613,0.0006978063237292505
2020-03-26 14:09:00,2517.587582640443,0.0006809442432888232
2020-03-26 14:10:00,2515.972382771281,0.0006876287068432543
2020-03-26 14:11:00,2515.0429454487007,0.0007003424045050584
2020-03-26 14:12:00,2514.7398402376043,0.000753163169404403
2020-03-26 14:13:00,2514.432372794498,0.0007552509634860322
2020-03-26 14:14:00,2517.235488324704,0.0007673030768903242
2020-03-26 14:15:00,2517.46754093032,0.0007729942051057283
2020-03-26 14:16:00,2520.30388868005,0.0007791510809736427
2020-03-26 14:17:00,2514.160408997452,0.0007642793248012967
2020-03-26 14:18:00,2512.3491197434796,0.0007423425823646914
2020-03-26 14:19:00,2510.5737521388996,0.0006908291319914676
2020-03-26 14:20:00,2510.629001988531,0.000665970757802059
2020-03-26 14:21:00,2509.8162570190966,0.000637462950649901
2020-03-26 14:22:00,2511.64167819489,0.0006652786236796666
2020-03-26 14:23:00,2512.501164911635,0.0006785644338863069
2020-03-26 14:24:00,2511.5450181008187,0.0006498671002635656
2020-03-26 14:25:00,2515.1288665001325,0.0007152875960316668
2020-03-26 14:26:00,2512.2697830554116,0.0007476989216231826
2020-03-26 14:27:00,2510.1720010189715,0.0008006629768716427
2020-03-26 14:28:00,2514.848399568945,0.0007924544450008638
2020-03-26 14:29:00,2511.4795709880864,0.0007771348491572734
2020-03-26 14:30:00,2512.650887054677,0.0007673763829649383
2020-03-26 14:31:00,2511.1519078753063,0.0007393705842206643
2020-03-26 14:32:00,2511.74143671893,0.0007354987276337351
2020-03-26 14:33:00,2510.6814006024997,0.0007421176515631214
2020-03-26 14:34:00,2514.791329787116,0.0007993287924351459
2020-03-26 14:35:00,2515.9612058931357,0.0007676550728687862
2020-03-26 14:36:00,2510.6384913808715,0.00076952333897029
2020-03-26 14:37:00,2509.113775615836,0.0007668760837822734
2020-03-26 14:38:00,2510.2313812401467,0.0008013548818989157
2020-03-26 14:39:00,2510.0670950147996,0.000838003124712528
2020-03-26 14:40:00,2509.7516444717426,0.000870394082229044
2020-03-26 14:41:00,2505.8689528815084,0.0008127358472338232
2020-03-26 14:42:00,2503.994533431039,0.0008081591059187118
2020-03-26 14:43:00,2500.033604445816,0.0008129816573436464
2020-03-26 14:44:00,2499.4987707727123,0.0007817136689869844
2020-03-26 14:45:00,2499.9516490676842,0.0007280426120830515
2020-03-26 14:46:00,2500.9458816455817,0.0006835463449057944
2020-03-26 14:47:00,2501.1848948239517,0.0006693145933837993
2020-03-26 14:48:00,2501.7292748926407,0.0006809098690957357
2020-03-26 14:49:00,2503.543538551972,0.0006725979226392533
2020-03-26 14:50:00,2505.5266676407828,0.0006781085548942294
2020-03-26 14:51:00,2507.740862589911,0.0006725467636077738
2020-03-26 14:52:00,2508.402381662991,0.0006990485961666872
2020-03-26 14:53:00,2506.7013286248534,0.0007318084453979449
2020-03-26 14:54:00,2507.218504670439,0.0007105381157575697
2020-03-26 14:55:00,2506.7445220404925,0.0007159157135813295
2020-03-26 14:56:00,2508.7676246099286,0.0007673435936049108
2020-03-26 14:57:00,2508.7791746175535,0.000742933722070236
2020-03-26 14:58:00,2509.9770214433374,0.0008513673397990834
2020-03-26 14:59:00,2509.6329225975305,0.0008134957130287685
2020-03-26 15:00:00,2510.396824032034,0.0008072326512980367
2020-03-26 15:01:00,2512.4736415087254,0.0007608102376531811
2020-03-26 15:02:00,2511.698147687167,0.0008292777632046196
2020-03-26 15:03:00,2512.106444916043,0.0008272967364439522
2020-03-26 15:04:00,2513.826305167968,0.0008097035620555871
2020-03-26 15:05:00,2512.546384615876,0.0007969843492707752
2020-03-26 15:06:00,2513.451602625905,0.000828318725827863
2020-03-26 15:07:00,2514.0529721036596,0.0007780819051096065
2020-03-26 15:08:00,2514.3523171303746,0.0007445700498003387
2020-03-26 15:09:00,2514.331105266382,0.0007518733410804055
2020-03-26 15:10:00,2513.0830061799497,0.0007519581524151399
2020-03-26 15:11:00,2511.2027894660328,0.0007587066275570081
2020-03-26 15:12:00,2508.6064399802854,0.0007692314447675937
2020-03-26 15:13:00,2508.6164724047376,0.0008159111239668347
2020-03-26 15:14:00,2509.8963046183735,0.0007863554316549782
2020-03-26 15:15:00,2507.8865151766317,0.0008100291318413294
2020-03-26 15:16:00,2509.022807863441,0.0007547813993736799
2020-03-26 15:17:00,2508.3779379141924,0.0007194913602678108
2020-03-26 15:18:00,2506.8163299259254,0.0007081980374046503
2020-03-26 15:19:00,2505.967876422933,0.0007662392593905385
2020-03-26 15:20:00,2504.2418323554443,0.0007724469190893577
2020-03-26 15:21:00,2502.8260615102013,0.0008089155125580461
2020-03-26 15:22:00,2500.2360743271797,0.0008161320494590079
2020-03-26 15:23:00,2502.728312364491,0.0008529471399579431
2020-03-26 15:24:00,2501.6434731665304,0.0008834714673373643
2020-03-26 15:25:00,2497.152570948021,0.0008455227434138638
2020-03-26 15:26:00,2491.579963109335,0.0008919396517341111
2020-03-26 15:27:00,2495.124363447631,0.000992103285027262
2020-03-26 15:28:00,2493.5964770271044,0.0009511213107369383
2020-03-26 15:29:00,2496.9178187464036,0.0009725026288646168
2020-03-26 15:30:00,2498.7220332312977,0.0009235154287518785
2020-03-26 15:31:00,2498.5985321635603,0.0009612913337817701
2020-03-26 15:32:00,2501.3437283141234,0.0009848860285145574
2020-03-26 15:33:00,2498.365924583528,0.0009360446215582946
2020-03-26 15:34:00,2499.558405859266,0.0009319981841823088
2020-03-26 15:35:00,2498.236160077646,0.0009021907413488857
2020-03-26 15:36:00,2499.013567919066,0.0009357153684045625
2020-03-26 15:37:00,2499.165592700231,0.0009121293305437967
2020-03-26 15:38:00,2497.972948785144,0.0009327930935130071
2020-03-26 15:39:00,2495.462014880829,0.0009379196183673393
2020-03-26 15:40:00,2494.1693731370005,0.0009445773065848384
2020-03-26 15:41:00,2494.700138981975,0.0009207684770332164
2020-03-26 15:42:00,2495.6072235961315,0.0008374237652711447
2020-03-26 15:43:00,2497.6692295033668,0.0007492293966519361
2020-03-26 15:44:00,2498.1515778189623,0.0007255193715827173
2020-03-26 15:45:00,2499.1044674759933,0.0007860859965225334
2020-03-26 15:46:00,2503.5294429626288,0.0008232700472022445
2020-03-26 15:47:00,2503.012258282765,0.0008781568230134776
2020-03-26 15:48:00,2503.97832926104,0.0008313662473629808
2020-03-26 15:49:00,2502.0851274208753,0.0008387545896163934
2020-03-26 15:50:00,2501.2588901738714,0.0008291866505732633
2020-03-26 15:51:00,2501.3137956017695,0.0008380866232648521
2020-03-26 15:52:00,2499.6117498555777,0.0008806098875048161
2020-03-26 15:53:00,2501.400439629859,0.0008863210108670175
2020-03-26 15:54:00,2497.7997185639206,0.0008418473175438012
2020-03-26 15:55:00,2499.4492446473314,0.0008003866692526281
2020-03-26 15:56:00,2497.2988207857866,0.0007976114436830004
2020-03-26 15:57:00,2497.8888568735956,0.000786523388633117
2020-03-26 15:58:00,2497.9855854252087,0.0008201462062200941
2020-03-26 15:59:00,2497.3077336489273,0.0008382601353773087
2020-03-26 16:00:00,2498.6709476972665,0.0008618792731535801
2020-03-26 16:01:00,2496.9944872995197,0.0008676350740111909
2020-03-26 16:02:00,2496.314137772066,0.0008296541080382126
2020-03-26 16:03:00,2493.9902322316943,0.0008353665415671304
2020-03-26 16:04:00,2492.509186012427,0.0007989606710149601
2020-03-26 16:05:00,2491.163070098767,0.0007856709421971449
2020-03-26 16:06:00,2489.737081628112,0.0008496757589398665
2020-03-26 16:07:00,2491.045920251029,0.0007820656149468617
2020-03-26 16:08:00,2491.7547097166957,0.0007828586925271329
2020-03-26 16:09:00,2491.142001514403,0.0007762770984035588
2020-03-26 16:10:00,2489.8962384135584,0.0007647146878775761
2020-03-26 16:11:00,2488.096928260963,0.0007669964879427109
2020-03-26 16:12:00,2488.5287349256096,0.0008018294945609441
2020-03-26 16:13:00,2486.415364762134,0.0008121607581553
2020-03-26 16:14:00,2484.809497382868,0.0007606977320580425
2020-03-26 16:15:00,2486.4014994358695,0.0007528041662665151
2020-03-26 16:16:00,2487.6367090977355,0.0007319808050641175
2020-03-26 16:17:00,2486.7591328698463,0.0007525004062806031
2020-03-26 16:18:00,2488.1818722645917,0.0007668015873886621
2020-03-26 16:19:00,2484.377944236383,0.0007377661602963558
2020-03-26 16:20:00,2483.4935285567667,0.0007408671754376593
2020-03-26 16:21:00,2483.4606129271165,0.0007658560482011483
2020-03-26 16:22:00,2485.016336183072,0.0007540997183855801
2020-03-26 16:23:00,2481.6537073842564,0.0007639961944384426
2020-03-26 16:24:00,2481.9217388068537,0.0007852631688181575
2020-03-26 16:25:00,2479.023294772919,0.0007834237961390816
2020-03-26 16:26:00,2479.9460324419465,0.0007819566371979535
2020-03-26 16:27:00,2478.052657247894,0.0007743254763885703
2020-03-26 16:28:00,2477.9449476946415,0.0007542252970618614
2020-03-26 16:29:00,2477.905422069251,0.000771189463342325
2020-03-26 16:30:00,2476.138785449346,0.0007487415651779384
2020-03-26 16:31:00,2473.8244450152583,0.0007330438427127035
2020-03-26 16:32:00,2473.555841269562,0.0007580465343297988
2020-03-26 16:33:00,2472.9337499785865,0.0007121782725672906
2020-03-26 16:34:00,2474.094999369324,0.0007253196651516337
2020-03-26 16:35:00,2474.8847720857243,0.0007284060656195709
2020-03-26 16:36:00,2475.5395404122637,0.0006867659630774236
2020-03-26 16:37:00,2475.6816177533246,0.000675574402899493
2020-03-26 16:38:00,2474.350454513598,0.0007322068363342945
2020-03-26 16:39:00,2472.5871313078806,0.0007409321134729283
2020-03-26 16:40:00,2473.6405507417808,0.0007344417374993968
2020-03-26 16:41:00,2474.410065117461,0.0007504022073103466
2020-03-26 16:42:00,2475.910341763118,0.000722447182453151
2020-03-26 16:43:00,2478.3576520372308,0.000721693222299587
2020-03-26 16:44:00,2476.4807253732706,0.0007141442091575395
2020-03-26 16:45:00,2476.7342544844046,0.0007393251599342024
2020-03-26 16:46:00,2480.570540964821,0.0007250098647381222
2020-03-26 16:47:00,2483.9467087912717,0.0007320043889855072
2020-03-26 16:48:00,2483.7186147203756,0.0007485293304927197
2020-03-26 16:49:00,2480.805863526391,0.000687154838079245
2020-03-26 16:50:00,2482.4035850825276,0.0006274620533355253
2020-03-26 16:51:00,2480.1731205732167,0.0005639390227508485
2020-03-26 16:52:00,2480.768208237084,0.0005801620638641092
2020-03-26 16:53:00,2483.7933031171005,0.0005886327466587278
2020-03-26 16:54:00,2483.069146625097,0.0005599811104983046
2020-03-26 16:55:00,2482.766781277835,0.0005508609098705168
2020-03-26 16:56:00,2483.9390981812344,0.0005559369043384283
2020-03-26 16:57:00,2482.2535729843644,0.0005565368015919653
2020-03-26 16:58:00,2483.2731406508647,0.0006480609299016729
2020-03-26 16:59:00,2483.2976598325718,0.0006140058404811833
2020-03-26 17:00:00,2482.942920816539,0.0005815151764453012
2020-03-26 17:01:00,2485.75698643561,0.0005715520493333106
2020-03-26 17:02:00,2483.709991447744,0.0005646836774033853
2020-03-26 17:03:00,2484.0307374707963,0.0005500571874935715
2020-03-26 17:04:00,2483.9184316296155,0.00052483897347681
2020-03-26 17:05:00,2483.2025998434606,0.0005260621202002058
2020-03-26 17:06:00,2485.085734472601,0.0005136662362543912
2020-03-26 17:07:00,2485.147914539492,0.0005399695984253545
2020-03-26 17:08:00,2486.3013145277932,0.0005466345661998618
2020-03-26 17:09:00,2488.5816542527486,0.0005425888943223681
2020-03-26 17:10:00,2488.860824589552,0.000581824996949505
2020-03-26 17:11:00,2489.771409653834,0.0005770323766773021
2020-03-26 17:12:00,2491.550167676452,0.0005949834856270432
2020-03-26 17:13:00,2491.176539325511,0.0005846025461982428
2020-03-26 17:14:00,2491.5123253519196,0.000609938698763114
2020-03-26 17:15:00,2490.4081006399924,0.0006297502803520261
2020-03-26 17:16:00,2490.123404465026,0.0006285073529125192
2020-03-26 17:17:00,2492.7898983058303,0.0006466112022329016
2020-03-26 17:18:00,2494.24512405824,0.0005879498240378967
2020-03-26 17:19:00,2491.5849011009304,0.0005957987420750041
2020-03-26 17:20:00,2491.453093083789,0.0006183548691511289
2020-03-26 17:21:00,2490.053721582763,0.0006275428390548872
2020-03-26 17:22:00,2491.027974591653,0.0006286974628773489
2020-03-26 17:23:00,2491.315989163807,0.0006335515004601842
2020-03-26 17:24:00,2491.5927076094176,0.0006682370732922646
2020-03-26 17:25:00,2490.9201283206553,0.000639967610567294
2020-03-26 17:26:00,2491.1395260703075,0.0006740944937823836
2020-03-26 17:27:00,2493.8432694018265,0.0006554345945033582
2020-03-26 17:28:00,2492.0808509610806,0.00061501283610426
2020-03-26 17:29:00,2492.6180306966817,0.0006090770170388186
2020-03-26 17:30:00,2490.7145682899704,0.0006068075652831364
2020-03-26 17:31:00,2489.579172632504,0.0006476149187299787
2020-03-26 17:32:00,2489.756944417427,0.0006610556821902389
2020-03-26 17:33:00,2489.5024500339073,0.0006040859613383056
2020-03-26 17:34:00,2490.7010157818895,0.0005845360581071337
2020-03-26 17:35:00,2492.4893305328833,0.0005920804943462631
2020-03-26 17:36:00,2491.952167489838,0.0006146568670684077
2020-03-26 17:37:00,2492.2660441853554,0.0005623901471658322
2020-03-26 17:38:00,2494.126191191562,0.0005776365022359147
2020-03-26 17:39:00,2491.8826217620376,0.0005674787889869992
2020-03-26 17:40:00,2491.4720374046146,0.0005432415959524852
2020-03-26 17:41:00,2491.244520597721,0.0004989789662415
2020-03-26 17:42:00,2493.5481807567394,0.0005343443811053585
2020-03-26 17:43:00,2494.4631924398195,0.0005291205862353405
2020-03-26 17:44:00,2495.132858083862,0.0005166222412559503
2020-03-26 17:45:00,2494.2242509198604,0.0004893937426815837
2020-03-26 17:46:00,2495.8266194423227,0.0004675705363518987
2020-03-26 17:47:00,2494.867203227372,0.000472751108704079
2020-03-26 17:48:00,2494.133669709064,0.00047560933395895835
2020-03-26 17:49:00,2493.090173145384,0.00048427650613694774
2020-03-26 17:50:00,2494.608822593839,0.000473512651579947
2020-03-26 17:51:00,2494.2071501252303,0.0004736783258360585
2020-03-26 17:52:00,2494.1193805824614,0.00044856258720460754
2020-03-26 17:53:00,2492.1352487789545,0.00043907465939374535
2020-03-26 17:54:00,2491.7698831452294,0.00045189055319448093
2020-03-26 17:55:00,2491.323422202275,0.0004688715615172048
2020-03-26 17:56:00,2489.5513189609765,0.00047186441602315197
2020-03-26 17:57:00,2490.044674971978,0.0004797745358953451
2020-03-26 17:58:00,2489.0718267467687,0.0004944805977181784
2020-03-26 17:59:00,2488.800122419378,0.0005189722606024935
2020-03-26 18:00:00,2489.2570778444097,0.0005190468102519564
2020-03-26 18:01:00,2487.2199579350845,0.0004955555535855573
2020-03-26 18:02:00,2486.3674015672273,0.0005055995897790375
2020-03-26 18:03:00,2489.244229202912,0.0004986377711665439
2020-03-26 18:04:00,2488.56498005468,0.0004852620040966134
2020-03-26 18:05:00,2486.931966801991,0.0004526038474323296
2020-03-26 18:06:00,2487.779003095424,0.0004630793895553132
2020-03-26 18:07:00,2487.8590573134306,0.0004526078244574312
2020-03-26 18:08:00,2488.0975166579906,0.000437292439754642
2020-03-26 18:09:00,2486.2726810515956,0.00041387512119451543
2020-03-26 18:10:00,2486.4641929085615,0.00041718129035508
2020-03-26 18:11:00,2485.6457226972016,0.0004144752203398218
2020-03-26 18:12:00,2484.569136062321,0.00039939422456678495
2020-03-26 18:13:00,2485.4617993965426,0.0003921956073713423
2020-03-26 18:14:00,2487.947341761367,0.0004024208778194349
2020-03-26 18:15:00,2487.440921752134,0.000406702092142115
2020-03-26 18:16:00,2486.8707207512757,0.0003893243167231605
2020-03-26 18:17:00,2487.3588868762404,0.0003990021928446129
2020-03-26 18:18:00,2487.142513457528,0.0004042078340060511
2020-03-26 18:19:00,2485.373858709444,0.0004194591382120209
2020-03-26 18:20:00,2483.121365202129,0.00040022802797702383
2020-03-26 18:21:00,2483.100212687833,0.0003950129492068738
2020-03-26 18:22:00,2484.0158693500316,0.0004186587614599332
2020-03-26 18:23:00,2483.522739443307,0.0004193005187913246
2020-03-26 18:24:00,2484.568585323784,0.00042027479149721753
2020-03-26 18:25:00,2484.2681799395714,0.00041227016020815486
2020-03-26 18:26:00,2484.495583468969,0.0004363906720481963
2020-03-26 18:27:00,2486.203900724296,0.0004359279278760099
2020-03-26 18:28:00,2485.1549220733787,0.00045592616539314655
2020-03-26 18:29:00,2484.563540454478,0.00042275142534433985
2020-03-26 18:30:00,2483.485205774016,0.0004234662190575351
2020-03-26 18:31:00,2482.409626410406,0.00039880211063282015
2020-03-26 18:32:00,2482.1858718864955,0.00039882978305237046
2020-03-26 18:33:00,2482.2971982714507,0.00040249757651455347
2020-03-26 18:34:00,2482.733927109931,0.0004384206440922965
2020-03-26 18:35:00,2481.8939007034437,0.00045511138602369723
2020-03-26 18:36:00,2483.981851268381,0.00045306195916551887
2020-03-26 18:37:00,2485.4200850040693,0.00044783142197023934
2020-03-26 18:38:00,2484.2277345626335,0.0004248683813485796
2020-03-26 18:39:00,2484.3842740290693,0.00042132373942839225
2020-03-26 18:40:00,2484.8911629917934,0.00041181840539141515
2020-03-26 18:41:00,2485.038275825711,0.00041667957538746276
2020-03-26 18:42:00,2485.3613223875636,0.00044735400755598314
2020-03-26 18:43:00,2484.9730238084458,0.0004285426770694486
2020-03-26 18:44:00,2485.217063660635,0.0004280787025352443
2020-03-26 18:45:00,2484.921113536863,0.0004495585077624131
2020-03-26 18:46:00,2484.0745935320388,0.00046707808606259374
2020-03-26 18:47:00,2484.495023864012,0.00047805002814184155
2020-03-26 18:48:00,2485.5559289446755,0.0004617929351110513
2020-03-26 18:49:00,2485.2801022653002,0.00047725197477512345
2020-03-26 18:50:00,2485.3040518866837,0.000490568368004367
2020-03-26 18:51:00,2486.435813712682,0.0005001317870104207
2020-03-26 18:52:00,2487.575232107041,0.0005100541998220267
2020-03-26 18:53:00,2489.177888824238,0.000517077090128158
2020-03-26 18:54:00,2491.1398315957085,0.0005057326011371146
2020-03-26 18:55:00,2488.7128662529467,0.0005312468404855379
2020-03-26 18:56:00,2486.9224302314883,0.0005384446994355492
2020-03-26 18:57:00,2486.5105475476225,0.0004894562002565586
2020-03-26 18:58:00,2486.546234750806,0.000459150428220821
2020-03-26 18:59:00,2488.834335605919,0.0004264296126494201
2020-03-26 19:00:00,2489.293794242565,0.00046245200104413204
2020-03-26 19:01:00,2490.2531693512346,0.00047001199721583936
2020-03-26 19:02:00,2490.8189122736276,0.00043301071517391635
2020-03-26 19:03:00,2490.207939500649,0.00042943016475412404
2020-03-26 19:04:00,2491.3959100265597,0.00041783153031886984
2020-03-26 19:05:00,2489.441886295082,0.00039928762637964646
2020-03-26 19:06:00,2489.7621221814784,0.0003954896371485817
2020-03-26 19:07:00,2488.3832792207536,0.0004028357446957493
2020-03-26 19:08:00,2487.9869323547027,0.0003925409703148018
2020-03-26 19:09:00,2487.4599481674095,0.0003782750857814129
2020-03-26 19:10:00,2487.438064458311,0.00035444201592362256
2020-03-26 19:11:00,2487.457066562245,0.00034498923720442404
2020-03-26 19:12:00,2488.3343103258426,0.0003685872570224907
2020-03-26 19:13:00,2487.5435806310393,0.0003358849914773539
2020-03-26 19:14:00,2488.027930140263,0.00032432834473944785
2020-03-26 19:15:00,2488.664652775557,0.00033282209681333885
2020-03-26 19:16:00,2488.589813869449,0.0003363930555223512
2020-03-26 19:17:00,2487.92837721853,0.0003510833436605985
2020-03-26 19:18:00,2487.062013709376,0.0003673817620992744
2020-03-26 19:19:00,2487.6985624129,0.00038207187135696233
2020-03-26 19:20:00,2486.6780012433755,0.0004141221606551818
2020-03-26 19:21:00,2485.6888681009577,0.00041100929780530293
2020-03-26 19:22:00,2485.414303136129,0.00041251429933188496
2020-03-26 19:23:00,2484.147166948522,0.00044751026462989865
2020-03-26 19:24:00,2483.906822304229,0.0004314504391618575
2020-03-26 19:25:00,2483.8108542810182,0.00046449140219655176
2020-03-26 19:26:00,2483.7579108319924,0.00045094096958273326
2020-03-26 19:27:00,2484.7893284386582,0.00043613017675657
2020-03-26 19:28:00,2485.0971660483206,0.0004553967176065669
2020-03-26 19:29:00,2485.7301064305716,0.00045305661726300576
2020-03-26 19:30:00,2487.8008693827765,0.00043983478643659635
2020-03-26 19:31:00,2486.080645847492,0.0004528857519849685
2020-03-26 19:32:00,2488.978158123036,0.0004686133553166045
2020-03-26 19:33:00,2490.1869675490916,0.0004877260705771914
2020-03-26 19:34:00,2490.2195481576837,0.0005121160395791523
2020-03-26 19:35:00,2490.2271215599185,0.0005161421421636965
2020-03-26 19:36:00,2489.3050510273974,0.0005115359862985153
2020-03-26 19:37:00,2489.2203860485893,0.0004830267894996191
2020-03-26 19:38:00,2488.326952879802,0.0004815199222659745
2020-03-26 19:39:00,2489.137785631342,0.00048564118440815344
2020-03-26 19:40:00,2489.487405200578,0.0005129509992153551
2020-03-26 19:41:00,2489.0402339635575,0.0004805567522285202
2020-03-26 19:42:00,2490.021439079155,0.0004836919051713978
2020-03-26 19:43:00,2487.8763288700056,0.000452108017518929
2020-03-26 19:44:00,2490.1327184465335,0.0004472582471207955
2020-03-26 19:45:00,2490.372540754871,0.0004370563191053824
2020-03-26 19:46:00,2488.615124314857,0.00042124199273888197
2020-03-26 19:47:00,2489.283849743368,0.00038899108225841475
2020-03-26 19:48:00,2489.907875296723,0.00037227080379036566
2020-03-26 19:49:00,2489.714293541181,0.0003481238520794385
2020-03-26 19:50:00,2490.2779956916306,0.0003603453351496934
2020-03-26 19:51:00,2489.243277610791,0.0003583730630056857
2020-03-26 19:52:00,2488.1675078725707,0.0003981290293828016
2020-03-26 19:53:00,2487.35648578541,0.00039557131382838217
2020-03-26 19:54:00,2487.061672304674,0.0004143823632421229
2020-03-26 19:55:00,2486.291558921219,0.00040127302084697
2020-03-26 19:56:00,2487.117857247143,0.0004035560357359784
2020-03-26 19:57:00,2486.6217134814055,0.0003954173020744252
2020-03-26 19:58:00,2486.011605448777,0.00039421335312874085
2020-03-26 19:59:00,2487.688677223625,0.00037945229862653573
2020-03-27 13:30:00,2521.329128978306,0.0003939936942955902
2020-03-27 13:31:00,2520.2328326427346,0.00041949658765052237
2020-03-27 13:32:00,2519.9032016557317,0.00040560422237106693
2020-03-27 13:33:00,2518.3668538459538,0.0004405313825408912
2020-03-27 13:34:00,2515.966279579865,0.00045191528024847156
2020-03-27 13:35:00,2516.571488520877,0.0004644416226629056
2020-03-27 13:36:00,2516.5391007428298,0.0004600758174418524
2020-03-27 13:37:00,2519.592717397858,0.00046148306237615643
2020-03-27 13:38:00,2519.4333791393838,0.0004796957140966576
2020-03-27 13:39:00,2519.918931074512,0.0004942300915106588
2020-03-27 13:40:00,2519.6159419776304,0.0004986181247796899
2020-03-27 13:41:00,2518.923419565375,0.00046728834491315826
2020-03-27 13:42:00,2518.474610519319,0.0004538729064853937
2020-03-27 13:43:00,2517.9757644790484,0.0004415801168815058
2020-03-27 13:44:00,2518.054194598084,0.0004565521885805979
2020-03-27 13:45:00,2517.626313368567,0.0004299737702524467
2020-03-27 13:46:00,2516.7315793405587,0.000417282166405242
2020-03-27 13:47:00,2515.7761756412797,0.0004332307647032361
2020-03-27 13:48:00,2514.9053354945054,0.00042761015094764266
2020-03-27 13:49:00,2514.433573892574,0.00040961311360328885
2020-03-27 13:50:00,2512.60560990944,0.0004173737936349572
2020-03-27 13:51:00,2511.5509491599505,0.000412387187758525
2020-03-27 13:52:00,2512.7233568984598,0.00041566873696136195
2020-03-27 13:53:00,2511.791573735296,0.0004339154901519808
2020-03-27 13:54:00,2512.3871579723486,0.00043198747668367636
2020-03-27 13:55:00,2512.0190894140005,0.00041337714864172554
2020-03-27 13:56:00,2511.2280154922046,0.0004089018347351996
2020-03-27 13:57:00,2510.3487237492745,0.0004363463226150867
2020-03-27 13:58:00,2510.39977027887,0.0004073728508069137
2020-03-27 13:59:00,2509.936436778172,0.00039542502720829744
2020-03-27 14:00:00,2511.230786632742,0.00041297114365000084
2020-03-27 14:01:00,2509.798076383471,0.00040458339764861144
2020-03-27 14:02:00,2510.050549535347,0.0004379137567319507
2020-03-27 14:03:00,2510.3655829199574,0.0004426183686238253
2020-03-27 14:04:00,2510.3082122546916,0.00042492252592456653
2020-03-27 14:05:00,2510.036489234995,0.0004521458665862321
2020-03-27 14:06:00,2512.4989539054304,0.00046808680935840857
2020-03-27 14:07:00,2513.142286116484,0.00046196113906728405
2020-03-27 14:08:00,2512.647892436018,0.0004660044982000674
2020-03-27 14:09:00,2513.0601600754085,0.0004916424456292796
2020-03-27 14:10:00,2512.2997004985536,0.0004801276842822208
2020-03-27 14:11:00,2512.760347011651,0.00046093872753636875
2020-03-27 14:12:00,2510.96690628983,0.0004555963736019247
2020-03-27 14:13:00,2509.74107592765,0.00044566177254232566
2020-03-27 14:14:00,2509.505508841914,0.00044095843715892806
2020-03-27 14:15:00,2507.7600971204083,0.00041219384384787633
2020-03-27 14:16:00,2508.3809496671756,0.00041833640276674476
2020-03-27 14:17:00,2508.488704791942,0.00038286477073627283
2020-03-27 14:18:00,2507.7656810816566,0.0003594725981915786
2020-03-27 14:19:00,2508.4928747913405,0.0003375990793396491
2020-03-27 14:20:00,2508.5307819862023,0.0003328330328089783
2020-03-27 14:21:00,2507.9726797879657,0.00033376282240726786
2020-03-27 14:22:00,2508.5324038397575,0.0003178700295970713
2020-03-27 14:23:00,2509.14383433821,0.000315770964140745
2020-03-27 14:24:00,2508.4702856647514,0.0002946314259902668
2020-03-27 14:25:00,2509.7233385873083,0.0002986982893411196
2020-03-27 14:26:00,2510.645007536962,0.0003036275050065319
2020-03-27 14:27:00,2511.0160367618673,0.0002913720886052272
2020-03-27 14:28:00,2510.576759596729,0.0002988606548963894
2020-03-27 14:29:00,2510.7437252262157,0.0003000306813549742
2020-03-27 14:30:00,2510.5047899369674,0.0003071399602182586
2020-03-27 14:31:00,2510.2174719122386,0.00028862223784368034
2020-03-27 14:32:00,2511.2875084089587,0.00027930099905412953
2020-03-27 14:33:00,2509.894555448293,0.00027952161790740636
2020-03-27 14:34:00,2510.2414822007077,0.00028416012885856384
2020-03-27 14:35:00,2509.840001333981,0.0002638304815521973
2020-03-27 14:36:00,2509.4980771284763,0.0002574130890474254
2020-03-27 14:37:00,2509.6924373509473,0.00025106603820942866
2020-03-27 14:38:00,2510.078122405603,0.0002441960221420444
2020-03-27 14:39:00,2510.247244098133,0.00023798318051227843
2020-03-27 14:40:00,2510.17045044804,0.000232185681470471
2020-03-27 14:41:00,2509.538538789163,0.0002255393054427056
2020-03-27 14:42:00,2509.5993696614023,0.00024435504593202243
2020-03-27 14:43:00,2508.902170256911,0.00025496551099720626
2020-03-27 14:44:00,2508.2725770880684,0.0002614764450545739
2020-03-27 14:45:00,2508.162144323103,0.0002719897156392499
2020-03-27 14:46:00,2508.051393884993,0.0002659867025531665
2020-03-27 14:47:00,2507.1753403084876,0.000271017588671134
2020-03-27 14:48:00,2508.023272442875,0.00025778181167841714
2020-03-27 14:49:00,2508.065289030748,0.00026041676791677354
2020-03-27 14:50:00,2508.5820714708984,0.0002669780451845688
2020-03-27 14:51:00,2507.925631483353,0.0002602144012006598
2020-03-27 14:52:00,2508.3317379941413,0.00026473950129975323
2020-03-27 14:53:00,2508.8771712007815,0.0002553028628573509
2020-03-27 14:54:00,2508.7460320742657,0.0002384057934880134
2020-03-27 14:55:00,2508.7449277805317,0.00023157494174209171
2020-03-27 14:56:00,2507.43230790203,0.00022697398232467678
2020-03-27 14:57:00,2507.628211495639,0.00023014911424625712
2020-03-27 14:58:00,2507.2778863585963,0.0002530398638942763
2020-03-27 14:59:00,2506.427894926968,0.0002489378155050479
2020-03-27 15:00:00,2505.7384556366537,0.0002498885041542435
2020-03-27 15:01:00,2506.55458093236,0.00024489268173326703
2020-03-27 15:02:00,2506.6830818932244,0.0002358150156778736
2020-03-27 15:03:00,2506.166467903602,0.00023097099598203872
2020-03-27 15:04:00,2506.1951275885085,0.0002404310234910382
2020-03-27 15:05:00,2506.4512690854513,0.0002365718939093433
2020-03-27 15:06:00,2506.705981417731,0.00022463739281771013
2020-03-27 15:07:00,2506.8824809668467,0.00023765794637808926
2020-03-27 15:08:00,2507.4869614419385,0.00023479139199878658
2020-03-27 15:09:00,2507.372634772162,0.0002290329103998428
2020-03-27 15:10:00,2507.3312055961333,0.0002371951524455316
2020-03-27 15:11:00,2506.5355755875103,0.00026092616560074636
2020-03-27 15:12:00,2506.56862369876,0.00026713833969674663
2020-03-27 15:13:00,2506.4869373132833,0.00026741049847456446
2020-03-27 15:14:00,2506.8959816216543,0.00027486777451466164
2020-03-27 15:15:00,2506.160265846751,0.00027366178672625773
2020-03-27 15:16:00,2506.3684347022245,0.0003054499879253324
2020-03-27 15:17:00,2506.867521565727,0.00030278399041279213
2020-03-27 15:18:00,2506.9334148908497,0.00029383510394553864
2020-03-27 15:19:00,2507.0148375141744,0.0002865712972422247
2020-03-27 15:20:00,2507.316263498773,0.0002804435255725072
2020-03-27 15:21:00,2507.1526195362417,0.00029926970176007926
2020-03-27 15:22:00,2506.922190320747,0.0002969604799468851
2020-03-27 15:23:00,2506.127170823768,0.0002807641661403858
2020-03-27 15:24:00,2505.3440454802185,0.0002664122469176154
2020-03-27 15:25:00,2505.8430508619417,0.00028002961805694595
2020-03-27 15:26:00,2506.903492630546,0.00029852320041812646
2020-03-27 15:27:00,2505.971782179262,0.00029816743186994145
2020-03-27 15:28:00,2505.011309485076,0.00031187650232449986
2020-03-27 15:29:00,2504.0830085489024,0.0003428584512536035
2020-03-27 15:30:00,2504.572556417474,0.00032834086363870666
2020-03-27 15:31:00,2503.7244298806213,0.0003295422046566949
2020-03-27 15:32:00,2504.2852415423567,0.00033737054389249314
2020-03-27 15:33:00,2504.137941714647,0.000335557405651851
2020-03-27 15:34:00,2502.6632743292444,0.000345804585571261
2020-03-27 15:35:00,2502.1924759481017,0.0003808206551045798
2020-03-27 15:36:00,2502.243520499146,0.000377835838731775
2020-03-27 15:37:00,2503.672707509864,0.0003740823413448813
2020-03-27 15:38:00,2502.861675386813,0.0003569066854738219
2020-03-27 15:39:00,2502.0539945718638,0.00034437619265412423
2020-03-27 15:40:00,2502.977978738514,0.00034591986027604016
2020-03-27 15:41:00,2503.1769241011743,0.000351270032099962
2020-03-27 15:42:00,2503.5743254419804,0.00033533688301638575
2020-03-27 15:43:00,2502.304974292217,0.00035317288664470163
2020-03-27 15:44:00,2502.5822993591396,0.0003453659371248205
2020-03-27 15:45:00,2501.7351088940854,0.00034508273489136014
2020-03-27 15:46:00,2501.5695486300638,0.0003491103183842981
2020-03-27 15:47:00,2501.177044867879,0.0003491641040738499
2020-03-27 15:48:00,2502.1073636649044,0.00037421396321265854
2020-03-27 15:49:00,2502.5215863131257,0.00036158240480867285
2020-03-27 15:50:00,2502.016660438271,0.00035070485564246814
2020-03-27 15:51:00,2501.5540968336536,0.0003543234646742244
2020-03-27 15:52:00,2501.3944297688704,0.0003328190265423841
2020-03-27 15:53:00,2501.0746246534077,0.0003465179705546549
2020-03-27 15:54:00,2500.5489197654415,0.00031950160673450506
2020-03-27 15:55:00,2499.9792120510347,0.00030884273210680805
2020-03-27 15:56:00,2499.36037531117,0.0003035770609217201
2020-03-27 15:57:00,2499.4839691355105,0.00029515786035439883
2020-03-27 15:58:00,2499.2727380167044,0.00030586386205008954
2020-03-27 15:59:00,2498.827430245071,0.0003504541406750572
2020-03-27 16:00:00,2498.3522183013342,0.0003579476063475337
2020-03-27 16:01:00,2499.455373736714,0.0003375816597067432
2020-03-27 16:02:00,2499.1966776241998,0.0003244507430386053
2020-03-27 16:03:00,2499.1396095157697,0.0003249873715571823
2020-03-27 16:04:00,2497.4088436673774,0.00033640840490897257
2020-03-27 16:05:00,2498.0255467588636,0.00034349414736435196
2020-03-27 16:06:00,2497.904253966814,0.0003377049432491448
2020-03-27 16:07:00,2497.8684666414615,0.0003562885062663354
2020-03-27 16:08:00,2497.0056334300566,0.00036147068587446553
2020-03-27 16:09:00,2495.173974905197,0.00035415421332579575
2020-03-27 16:10:00,2493.759804991856,0.00036818616049148355
2020-03-27 16:11:00,2492.967546168444,0.0003507036837969452
2020-03-27 16:12:00,2493.409495398409,0.00033348111027462754
2020-03-27 16:13:00,2494.9096474687367,0.00032710421261601094
2020-03-27 16:14:00,2495.4741603261223,0.0003400525473478613
2020-03-27 16:15:00,2496.34403679963,0.00033527394712265843
2020-03-27 16:16:00,2496.6659831454194,0.00031872879011153116
2020-03-27 16:17:00,2496.682553658035,0.0003436908606138748
2020-03-27 16:18:00,2495.719140550499,0.0003617685120281184
2020-03-27 16:19:00,2496.486022462973,0.00037024737536111126
2020-03-27 16:20:00,2496.2018063447936,0.00034997424041926373
2020-03-27 16:21:00,2495.872491979516,0.0003484231976568996
2020-03-27 16:22:00,2496.2662204925573,0.00032690583184720283
2020-03-27 16:23:00,2498.975448355883,0.0003273021881465708
2020-03-27 16:24:00,2498.0075526169176,0.0003335255442190612
2020-03-27 16:25:00,2496.2652343472123,0.0003460815588595814
2020-03-27 16:26:00,2495.5007990383356,0.0003292656426949596
2020-03-27 16:27:00,2496.0313372859323,0.00033713596077182344
2020-03-27 16:28:00,2495.9983275616173,0.00035248741055742737
2020-03-27 16:29:00,2496.9178379517903,0.0003515898759162479
2020-03-27 16:30:00,2495.7552887297556,0.00036667340676585275
2020-03-27 16:31:00,2494.652865057202,0.0003295590841328658
2020-03-27 16:32:00,2492.415946941936,0.00032269833608286055
2020-03-27 16:33:00,2492.1637107782913,0.00033205402633270455
2020-03-27 16:34:00,2491.698508641514,0.0003348382821589338
2020-03-27 16:35:00,2492.1724144828454,0.00033257495847108785
2020-03-27 16:36:00,2492.232734822115,0.0003380238845681964
2020-03-27 16:37:00,2490.2921653508615,0.0003248068400132693
2020-03-27 16:38:00,2489.331179113294,0.00032386396498442394
2020-03-27 16:39:00,2488.584751797411,0.0003366713816274904
2020-03-27 16:40:00,2489.1749881657643,0.00035207980395286873
2020-03-27 16:41:00,2489.893598380217,0.0003721602019060965
2020-03-27 16:42:00,2490.824350790592,0.00037074059864853986
2020-03-27 16:43:00,2490.4125229163997,0.00035346008389172966
2020-03-27 16:44:00,2491.661639766259,0.00033778680070719713
2020-03-27 16:45:00,2491.322729776028,0.00033386626499345203
2020-03-27 16:46:00,2493.1510326765665,0.0003359871541484556
2020-03-27 16:47:00,2493.541876508491,0.000317921959156177
2020-03-27 16:48:00,2493.3054298071806,0.00031751150961166805
2020-03-27 16:49:00,2494.3348723322865,0.00031974346860787694
2020-03-27 16:50:00,2493.7358166403087,0.00031626386699254064
2020-03-27 16:51:00,2494.1241547673553,0.00030048699580886075
2020-03-27 16:52:00,2494.2490525928624,0.0002902544777287853
2020-03-27 16:53:00,2495.0243188748364,0.00028311721421592055
2020-03-27 16:54:00,2494.8856485860565,0.0002683974815288
2020-03-27 16:55:00,2496.200246609977,0.00027843778629759645
2020-03-27 16:56:00,2497.0983097402827,0.00027479760090151715
2020-03-27 16:57:00,2497.9974416667797,0.00026842659876727637
2020-03-27 16:58:00,2498.7292338156767,0.00026712870827691384
2020-03-27 16:59:00,2498.3400102538762,0.00026311871328241036
2020-03-27 17:00:00,2498.008315351803,0.000240440459687782
2020-03-27 17:01:00,2497.4595976345477,0.00025567706468619813
2020-03-27 17:02:00,2497.0378465783515,0.00025403491941501834
2020-03-27 17:03:00,2497.7688604169066,0.0002419143909371491
2020-03-27 17:04:00,2497.7791083906563,0.0002337182979254122
2020-03-27 17:05:00,2497.329754580686,0.00022252264868903633
2020-03-27 17:06:00,2496.467894686947,0.00021870544100417556
2020-03-27 17:07:00,2497.1339164706383,0.00020451927154797146
2020-03-27 17:08:00,2497.5289592143,0.00021363389304694804
2020-03-27 17:09:00,2497.3816237989263,0.00020903702320227942
2020-03-27 17:10:00,2498.668288663556,0.00020108077497134506
2020-03-27 17:11:00,2499.1244957152358,0.00019505378179690298
2020-03-27 17:12:00,2499.1008125388744,0.0001884973515648347
2020-03-27 17:13:00,2499.138576483855,0.0001805168642050501
2020-03-27 17:14:00,2499.293855968751,0.00017372233057528244
2020-03-27 17:15:00,2499.1763174736916,0.0001817619294147091
2020-03-27 17:16:00,2499.038795229364,0.00018494341499752505
2020-03-27 17:17:00,2498.51568784018,0.00018512984457723621
2020-03-27 17:18:00,2498.7808992592027,0.0001791038554784848
2020-03-27 17:19:00,2497.9707376673696,0.00018400985481570675
2020-03-27 17:20:00,2497.8715564953673,0.0001875252798919934
2020-03-27 17:21:00,2497.8957756149853,0.00019618631190080954
2020-03-27 17:22:00,2498.263295421243,0.00020056137647422168
2020-03-27 17:23:00,2498.2546611945722,0.00020600880440680363
2020-03-27 17:24:00,2498.040574747082,0.00022315788966531267
2020-03-27 17:25:00,2497.6817627091145,0.00019785923914525331
2020-03-27 17:26:00,2498.263005587573,0.00021425882392102052
2020-03-27 17:27:00,2498.2991912101206,0.00020372527793383126
2020-03-27 17:28:00,2497.8685059684885,0.00020111226231560306
2020-03-27 17:29:00,2497.529160402108,0.00021182152721008318
2020-03-27 17:30:00,2497.5710131079345,0.0002168445849952417
2020-03-27 17:31:00,2497.4737391538806,0.00021895406993133776
2020-03-27 17:32:00,2497.1597918814477,0.00023587121985262985
2020-03-27 17:33:00,2497.7266264145483,0.00022988053281293127
2020-03-27 17:34:00,2497.5289957658624,0.00024516573736058035
2020-03-27 17:35:00,2497.8110987067503,0.0002240135176124957
2020-03-27 17:36:00,2498.7264634271455,0.00021572904503630458
2020-03-27 17:37:00,2498.759646982882,0.00021575051516762775
2020-03-27 17:38:00,2498.878465773518,0.00020045496730144776
2020-03-27 17:39:00,2499.0733012855167,0.00018457191422552543
2020-03-27 17:40:00,2498.6873772860154,0.0001657385861614152
2020-03-27 17:41:00,2498.626988374735,0.00015795750194583572
2020-03-27 17:42:00,2497.7848233481,0.0001584641289108816
2020-03-27 17:43:00,2498.003920618883,0.00016565165794490974
2020-03-27 17:44:00,2497.7122684309065,0.00017391183886070137
2020-03-27 17:45:00,2497.5812584182067,0.00017523036195059915
2020-03-27 17:46:00,2498.137714219882,0.000164155048470988
2020-03-27 17:47:00,2498.09800998129,0.00015808005944693195
2020-03-27 17:48:00,2498.2624525858246,0.00016172331343686642
2020-03-27 17:49:00,2497.834923418096,0.00015113162285825902
2020-03-27 17:50:00,2498.345838841339,0.00014565155201887333
2020-03-27 17:51:00,2499.051344872387,0.00015520660126743977
2020-03-27 17:52:00,2498.0584836780486,0.0001541000069879508
2020-03-27 17:53:00,2497.77531820096,0.0001525954644138924
2020-03-27 17:54:00,2497.5026185674296,0.00015712187150977648
2020-03-27 17:55:00,2497.586297929304,0.00015402882073123518
2020-03-27 17:56:00,2497.429707450014,0.00014659219077316178
2020-03-27 17:57:00,2496.9478878742416,0.00014947840997624648
2020-03-27 17:58:00,2496.183880345676,0.0001503673012869342
2020-03-27 17:59:00,2495.333658939485,0.0001574970514636822
2020-03-27 18:00:00,2494.727703566489,0.0001641045006916935
2020-03-27 18:01:00,2494.5855360759438,0.0001607643009905299
2020-03-27 18:02:00,2494.4329992822827,0.0001576875982509952
2020-03-27 18:03:00,2495.0767473626906,0.00016706787557650238
2020-03-27 18:04:00,2495.533714850236,0.00016113817523823325
2020-03-27 18:05:00,2495.688572813302,0.0001528616496374986
2020-03-27 18:06:00,2495.396334951038,0.00014637679865520247
2020-03-27 18:07:00,2495.008646531796,0.00013569207349473512
2020-03-27 18:08:00,2494.890317598222,0.00012882753254466695
2020-03-27 18:09:00,2494.8909144880477,0.00012605062601468483
2020-03-27 18:10:00,2494.6925215778388,0.00012605351600090655
2020-03-27 18:11:00,2494.8098206502077,0.00012707541176223156
2020-03-27 18:12:00,2495.0741880842097,0.000126648703946679
2020-03-27 18:13:00,2495.6091413791873,0.000128498373496503
2020-03-27 18:14:00,2495.7781198007815,0.00013591378893511175
2020-03-27 18:15:00,2496.53423460153,0.00013682089137720385
2020-03-27 18:16:00,2496.80538363991,0.0001279590413628048
2020-03-27 18:17:00,2496.818076358838,0.00012492930655538632
2020-03-27 18:18:00,2496.6505222995206,0.00012436306763005832
2020-03-27 18:19:00,2496.4542812422856,0.00011878452843628471
2020-03-27 18:20:00,2496.9325345959273,0.0001251610900620586
2020-03-27 18:21:00,2497.2926878041494,0.00012454448897556764
2020-03-27 18:22:00,2497.3057281591978,0.00013062110465112512
2020-03-27 18:23:00,2497.3058794455123,0.00012785982305132726
2020-03-27 18:24:00,2497.0290691868313,0.000125479013568158
2020-03-27 18:25:00,2496.9344274724776,0.00012104501346596188
2020-03-27 18:26:00,2497.020498753943,0.00013163669161024469
2020-03-27 18:27:00,2496.8920015915273,0.00012048532486603457
2020-03-27 18:28:00,2496.8031027445636,0.00012047833619262281
2020-03-27 18:29:00,2496.5365000430943,0.00012181294638408944
2020-03-27 18:30:00,2496.8994837420137,0.00012075675895911155
2020-03-27 18:31:00,2496.628185841405,0.00012137557998774912
2020-03-27 18:32:00,2496.448373238846,0.00011818462136379598
2020-03-27 18:33:00,2496.359077617511,0.00012223789340596767
2020-03-27 18:34:00,2496.075350811217,0.00012980952601511622
2020-03-27 18:35:00,2495.7494591816567,0.0001288089607119977
2020-03-27 18:36:00,2495.71821968673,0.00013511032697568315
2020-03-27 18:37:00,2495.691416038139,0.00012980378264629923
2020-03-27 18:38:00,2495.2313397225707,0.00012527123360554673
2020-03-27 18:39:00,2495.0424941973733,0.00012751855481512862
2020-03-27 18:40:00,2495.579697410473,0.0001240461538393959
2020-03-27 18:41:00,2495.497802623877,0.00012829498717542462
2020-03-27 18:42:00,2495.1650382722632,0.0001172022024407425
2020-03-27 18:43:00,2495.0570949621188,0.00012397765783660872
2020-03-27 18:44:00,2495.1634454112573,0.00011367188161180673
2020-03-27 18:45:00,2494.735156584086,0.00010873074683379631
2020-03-27 18:46:00,2494.715032311334,0.00010303271365821342
2020-03-27 18:47:00,2494.8185322643567,0.00010003969805671726
2020-03-27 18:48:00,2494.8326142753745,0.00010771481301564133
2020-03-27 18:49:00,2494.6102012459132,0.00010749581789779414
2020-03-27 18:50:00,2494.6529565500173,0.00010393776956220605
2020-03-27 18:51:00,2494.5794471343715,0.00011149601932508722
2020-03-27 18:52:00,2494.0090116584233,0.00011848660973232297
2020-03-27 18:53:00,2493.764833873947,0.00012252514180683668
2020-03-27 18:54:00,2493.9254273368324,0.00012197540687290432
2020-03-27 18:55:00,2493.76500804498,0.00011913374300288535
2020-03-27 18:56:00,2493.677293329706,0.00012663919479892542
2020-03-27 18:57:00,2493.7109059059,0.0001238948029571229
2020-03-27 18:58:00,2493.9708801077345,0.00013466366192958136
2020-03-27 18:59:00,2493.8755268643413,0.0001237396405142078
2020-03-27 19:00:00,2493.2846757538505,0.00011698959523067332
2020-03-27 19:01:00,2492.918501283973,0.0001086473861764533
2020-03-27 19:02:00,2493.0907163953907,0.00010919976714296474
2020-03-27 19:03:00,2493.1564265401084,0.00011493089125708997
2020-03-27 19:04:00,2493.13786450266,0.00011414584776051157
2020-03-27 19:05:00,2493.2851801936667,0.00011849648866408618
2020-03-27 19:06:00,2492.980920693714,0.00011779361233326214
2020-03-27 19:07:00,2492.8955988476023,0.0001075535902865312
2020-03-27 19:08:00,2493.1644107259012,0.00010691597032946192
2020-03-27 19:09:00,2493.0126968959316,9.588906378021008e-05
2020-03-27 19:10:00,2492.8225342477526,9.682481284485594e-05
2020-03-27 19:11:00,2493.410463726962,9.578652407644238e-05
2020-03-27 19:12:00,2493.321662692705,9.56816748396044e-05
2020-03-27 19:13:00,2493.3683869254496,8.790277541509781e-05
2020-03-27 19:14:00,2493.221248622061,8.721920076557915e-05
2020-03-27 19:15:00,2493.211674219199,8.389371078747656e-05
2020-03-27 19:16:00,2493.1830849546022,7.87279412278546e-05
2020-03-27 19:17:00,2492.9643224998144,8.328669366959868e-05
2020-03-27 19:18:00,2492.8530594389495,8.250507882957236e-05
2020-03-27 19:19:00,2492.877196012555,7.907589371607696e-05
2020-03-27 19:20:00,2492.6276528243793,7.776039110865104e-05
2020-03-27 19:21:00,2492.6363711968675,8.507899652183342e-05
2020-03-27 19:22:00,2492.4386694557875,7.863600978528456e-05
2020-03-27 19:23:00,2492.358814244105,8.157421496582733e-05
2020-03-27 19:24:00,2492.2741897508954,8.593026647195633e-05
2020-03-27 19:25:00,2492.169421239498,8.663119943596194e-05
2020-03-27 19:26:00,2492.1462871810018,8.626862606171385e-05
2020-03-27 19:27:00,2492.0732612400707,9.076641313766628e-05
2020-03-27 19:28:00,2492.036999661948,8.857362344834169e-05
2020-03-27 19:29:00,2492.160336582466,8.64949481216298e-05
2020-03-27 19:30:00,2492.032769649816,8.56247888511249e-05
2020-03-27 19:31:00,2491.762526851266,8.684488677615679e-05
2020-03-27 19:32:00,2491.4280572521366,8.477718110541749e-05
2020-03-27 19:33:00,2491.4718359525195,8.809925654289413e-05
2020-03-27 19:34:00,2491.1191337347773,9.071064387245113e-05
2020-03-27 19:35:00,2491.0045998555333,9.461550403994791e-05
2020-03-27 19:36:00,2491.138788434638,8.994991324025499e-05
2020-03-27 19:37:00,2491.341796088495,8.702827168463816e-05
2020-03-27 19:38:00,2491.4517157464566,8.252148238640661e-05
2020-03-27 19:39:00,2491.654553488979,8.237988635002542e-05
2020-03-27 19:40:00,2491.936170738112,8.981808163367019e-05
2020-03-27 19:41:00,2491.8715793336446,9.643930634493232e-05
2020-03-27 19:42:00,2492.2070471671504,9.761892322647128e-05
2020-03-27 19:43:00,2492.1271868134113,0.00010242473712399769
2020-03-27 19:44:00,2492.097232039042,9.560840243588594e-05
2020-03-27 19:45:00,2492.090244795686,9.658425158250263e-05
2020-03-27 19:46:00,2491.541932930473,0.00010231139355772163
2020-03-27 19:47:00,2491.2854687766276,9.913242671667095e-05
2020-03-27 19:48:00,2491.1041665656367,0.00010628693691630766
2020-03-27 19:49:00,2490.7998597423652,0.0001190538513593347
2020-03-27 19:50:00,2490.6299304582385,0.00011282883614734586
2020-03-27 19:51:00,2490.618489616739,0.00011791741912031367
2020-03-27 19:52:00,2491.1107367344466,0.0001199670505167945
2020-03-27 19:53:00,2490.3967148407296,0.00010953064917414535
2020-03-27 19:54:00,2490.4216729504456,0.000109052518148112
2020-03-27 19:55:00,2490.460990351359,0.00011389628355226281
2020-03-27 19:56:00,2490.353711166769,0.00011643415559409462
2020-03-27 19:57:00,2490.119735617514,0.00012311451620387672
2020-03-27 19:58:00,2490.160275274185,0.00012762457106013043
2020-03-27 19:59:00,2489.796729925592,0.0001276772838876566
2020-03-30 13:30:00,2493.287048204717,0.00012002730438118376
2020-03-30 13:31:00,2493.1418587751796,0.00011050809094874809
2020-03-30 13:32:00,2493.1799377225097,0.00010803929850175768
2020-03-30 13:33:00,2492.935108924916,0.00010711653371809658
2020-03-30 13:34:00,2493.33359451179,0.00010703470294516715
2020-03-30 13:35:00,2493.139009920316,0.00010950465218030599
2020-03-30 13:36:00,2492.7997819290244,0.00010470900361870411
2020-03-30 13:37:00,2492.783848374478,0.0001017010443804394
2020-03-30 13:38:00,2492.484646233376,0.00010405412169369426
2020-03-30 13:39:00,2492.9151693050894,9.949586009020366e-05
2020-03-30 13:40:00,2492.8957896470506,9.571967976494947e-05
2020-03-30 13:41:00,2492.9803643788623,9.606263210157593e-05
2020-03-30 13:42:00,2492.6321330067663,9.5881677209397e-05
2020-03-30 13:43:00,2492.5250672882776,9.874186377740324e-05
2020-03-30 13:44:00,2492.489393683094,9.587861579983336e-05
2020-03-30 13:45:00,2492.4247263276684,8.569580766685534e-05
2020-03-30 13:46:00,2492.302453594101,8.590182071294272e-05
2020-03-30 13:47:00,2492.1341464514912,8.674228541133014e-05
2020-03-30 13:48:00,2492.1460656523986,8.589881654252111e-05
2020-03-30 13:49:00,2492.0941109362257,8.707796454703262e-05
2020-03-30 13:50:00,2492.351905270783,7.983337983559922e-05
2020-03-30 13:51:00,2492.1563924098086,8.39606562260823e-05
2020-03-30 13:52:00,2492.427647737927,8.508765479597265e-05
2020-03-30 13:53:00,2492.3156308905695,8.96704313053331e-05
2020-03-30 13:54:00,2492.183953334043,9.652847947594798e-05
2020-03-30 13:55:00,2492.1436538502116,9.44498013369833e-05
2020-03-30 13:56:00,2492.478270626,9.100469690143189e-05
2020-03-30 13:57:00,2492.444165464271,9.3089479817116e-05
2020-03-30 13:58:00,2492.4380184428232,8.849001329199945e-05
2020-03-30 13:59:00,2492.2218054857103,8.693797427873623e-05
2020-03-30 14:00:00,2492.555985160031,8.344398359066595e-05
2020-03-30 14:01:00,2492.5349588436657,8.207494308082146e-05
2020-03-30 14:02:00,2492.5797942715676,7.799730561361962e-05
2020-03-30 14:03:00,2492.8382759049796,8.240560151043053e-05
2020-03-30 14:04:00,2493.2208951963944,8.746367691806835e-05
2020-03-30 14:05:00,2493.4155802088117,9.171593091387063e-05
2020-03-30 14:06:00,2493.390503793414,9.603041217893822e-05
2020-03-30 14:07:00,2493.216386543276,9.813685322122915e-05
2020-03-30 14:08:00,2492.9151074179113,9.699939101181769e-05
2020-03-30 14:09:00,2492.7346014682867,0.0001020047358405885
2020-03-30 14:10:00,2492.444593845541,0.00010102526614981943
2020-03-30 14:11:00,2492.4034140590657,9.521275351683412e-05
2020-03-30 14:12:00,2492.44570244767,8.685662772908919e-05
2020-03-30 14:13:00,2492.2859606425045,9.443199152663604e-05
2020-03-30 14:14:00,2492.04269011005,9.588302514584736e-05
2020-03-30 14:15:00,2492.0966681865466,9.130574644515594e-05
2020-03-30 14:16:00,2491.8269679107393,9.004464951276106e-05
2020-03-30 14:17:00,2492.034574327756,8.262893119860731e-05
2020-03-30 14:18:00,2491.9779029088036,7.985131457982931e-05
2020-03-30 14:19:00,2492.2012622199304,8.087880415660726e-05
2020-03-30 14:20:00,2492.1910637283404,7.930800275864742e-05
2020-03-30 14:21:00,2491.6972961309866,7.539241087229909e-05
2020-03-30 14:22:00,2491.573273015149,7.219726483122547e-05
2020-03-30 14:23:00,2491.5679632360807,7.476122649063947e-05
2020-03-30 14:24:00,2491.217425091682,7.459485768127137e-05
2020-03-30 14:25:00,2491.2391365473054,7.340764705720943e-05
2020-03-30 14:26:00,2491.4671043760754,7.179951389119526e-05
2020-03-30 14:27:00,2491.70937731479,7.33847656538857e-05
2020-03-30 14:28:00,2491.7899174400886,6.835273665089638e-05
2020-03-30 14:29:00,2492.0378797417625,6.852973937835378e-05
2020-03-30 14:30:00,2491.9847435577867,6.551594583622745e-05
2020-03-30 14:31:00,2492.1915922310945,6.346236361276533e-05
2020-03-30 14:32:00,2491.977546272807,6.180911473630405e-05
2020-03-30 14:33:00,2492.004346273214,6.025359740576713e-05
2020-03-30 14:34:00,2491.9193830983186,6.146441658570394e-05
2020-03-30 14:35:00,2491.886564477195,6.232856025569977e-05
2020-03-30 14:36:00,2491.993114316774,6.10716855602043e-05
2020-03-30 14:37:00,2491.8748754793273,6.962792910798649e-05
2020-03-30 14:38:00,2491.762380135723,6.950844711058655e-05
2020-03-30 14:39:00,2491.5440185604907,7.110942292062842e-05
2020-03-30 14:40:00,2491.5337140278616,6.898575016642664e-05
2020-03-30 14:41:00,2491.8587798421145,7.092327528245602e-05
2020-03-30 14:42:00,2491.833696215284,7.590043619434348e-05
2020-03-30 14:43:00,2491.8019552417813,8.011425896015017e-05
2020-03-30 14:44:00,2491.855439489179,8.343253445271254e-05
2020-03-30 14:45:00,2491.445885951489,8.17670224847769e-05
2020-03-30 14:46:00,2491.3175423830335,8.675777131231982e-05
2020-03-30 14:47:00,2491.345761562519,8.330244967606122e-05
2020-03-30 14:48:00,2491.4167565187017,8.339844812379418e-05
2020-03-30 14:49:00,2491.285672090814,7.919169653761092e-05
2020-03-30 14:50:00,2491.3450079340446,8.426530035751773e-05
2020-03-30 14:51:00,2491.3486351303204,8.542603753042396e-05
2020-03-30 14:52:00,2491.341760820125,8.503246899416735e-05
2020-03-30 14:53:00,2491.563550065238,9.179527079557054e-05
2020-03-30 14:54:00,2491.1301448764393,9.189487372237236e-05
2020-03-30 14:55:00,2491.0692303435094,9.159205950292643e-05
2020-03-30 14:56:00,2491.137402545006,8.423781482200566e-05
2020-03-30 14:57:00,2491.212364757066,8.207682709258946e-05
2020-03-30 14:58:00,2491.1721801543417,8.232884649629082e-05
2020-03-30 14:59:00,2491.0395087977067,7.920155767129451e-05
2020-03-30 15:00:00,2491.010724466496,7.746888440402629e-05
2020-03-30 15:01:00,2490.734284943575,7.540376105836915e-05
2020-03-30 15:02:00,2490.677404078185,7.444453714470149e-05
2020-03-30 15:03:00,2490.7920179558673,7.609466098401173e-05
2020-03-30 15:04:00,2490.644750932353,7.850981894193703e-05
2020-03-30 15:05:00,2490.7855741035146,7.798216984196737e-05
2020-03-30 15:06:00,2490.5876291708328,7.678565899622358e-05
2020-03-30 15:07:00,2490.876697746687,7.591782481954202e-05
2020-03-30 15:08:00,2491.06550829397,7.633971367230726e-05
2020-03-30 15:09:00,2490.6865095088597,7.406885565127044e-05
2020-03-30 15:10:00,2490.504370466309,7.912094171781937e-05
2020-03-30 15:11:00,2490.828499641337,7.497970228805879e-05
2020-03-30 15:12:00,2490.9076524194616,7.347272063549341e-05
2020-03-30 15:13:00,2490.9524578054034,7.425157825593857e-05
2020-03-30 15:14:00,2491.240025690253,6.821814051090166e-05
2020-03-30 15:15:00,2491.1524310595764,6.703792300606386e-05
2020-03-30 15:16:00,2491.1689553898887,6.631399926861395e-05
2020-03-30 15:17:00,2491.065561458517,7.144853172273241e-05
2020-03-30 15:18:00,2490.667213311601,6.548760491928645e-05
2020-03-30 15:19:00,2490.6703421896846,6.0275052695661224e-05
2020-03-30 15:20:00,2490.603273049224,6.175827242363716e-05
2020-03-30 15:21:00,2490.6791401534356,6.149030461086921e-05
2020-03-30 15:22:00,2490.590135025343,6.507198226063003e-05
2020-03-30 15:23:00,2490.536384488729,6.746005321766515e-05
2020-03-30 15:24:00,2490.589953949785,6.545557342702539e-05
2020-03-30 15:25:00,2490.524085189674,6.148884613639908e-05
2020-03-30 15:26:00,2490.3832537240305,5.715369576272633e-05
2020-03-30 15:27:00,2490.164671410794,5.804341567519857e-05
2020-03-30 15:28:00,2490.0441213611284,5.6410999404919916e-05
2020-03-30 15:29:00,2490.140029642665,5.358140427224632e-05
2020-03-30 15:30:00,2490.0846424044457,5.5321774318455045e-05
2020-03-30 15:31:00,2490.0368441578207,5.66677401709115e-05
2020-03-30 15:32:00,2489.7599351540207,5.3979345778321014e-05
2020-03-30 15:33:00,2489.6240603340448,5.072740767841136e-05
2020-03-30 15:34:00,2489.5203627946453,5.01912580767416e-05
2020-03-30 15:35:00,2489.3693520692227,5.281957452045624e-05
2020-03-30 15:36:00,2489.426434564036,5.250307831807322e-05
2020-03-30 15:37:00,2489.2006865861663,5.378019090229084e-05
2020-03-30 15:38:00,2489.1877384718596,6.000242913408199e-05
2020-03-30 15:39:00,2488.9685012801997,5.869423547665098e-05
2020-03-30 15:40:00,2488.9325821431366,6.198945408543663e-05
2020-03-30 15:41:00,2488.887353715908,6.01609887167283e-05
2020-03-30 15:42:00,2488.840517299998,6.307931834926874e-05
2020-03-30 15:43:00,2488.874138897813,6.135347967890949e-05
2020-03-30 15:44:00,2488.5940803245144,6.34445364615495e-05
2020-03-30 15:45:00,2488.710044871024,6.951138758858771e-05
2020-03-30 15:46:00,2488.5507484012323,6.73983144279248e-05
2020-03-30 15:47:00,2488.3930497049505,6.632108652238331e-05
2020-03-30 15:48:00,2488.662163322359,6.842305660083813e-05
2020-03-30 15:49:00,2488.4115970433063,6.700798290694455e-05
2020-03-30 15:50:00,2488.24455086139,6.842091561746414e-05
2020-03-30 15:51:00,2487.8937355325847,6.42224032643962e-05
2020-03-30 15:52:00,2487.9843775033482,6.495528115003944e-05
2020-03-30 15:53:00,2487.6700177138105,7.04160949837105e-05
2020-03-30 15:54:00,2487.6514668799514,6.818056284148441e-05
2020-03-30 15:55:00,2487.644677844508,6.717773801427661e-05
2020-03-30 15:56:00,2487.499032071768,6.937954685429743e-05
2020-03-30 15:57:00,2487.4646551315145,6.683616689386839e-05
2020-03-30 15:58:00,2487.106110983419,6.969663267877981e-05
2020-03-30 15:59:00,2486.8458074397154,7.727821147035822e-05
2020-03-30 16:00:00,2486.9679899577877,7.33810040967847e-05
2020-03-30 16:01:00,2486.8278005588645,7.216788626130848e-05
2020-03-30 16:02:00,2486.582360795103,6.669552757686009e-05
2020-03-30 16:03:00,2486.6470673622466,6.490659187523574e-05
2020-03-30 16:04:00,2486.4840819613833,6.393942417688314e-05
2020-03-30 16:05:00,2486.505381030402,6.085537137120187e-05
2020-03-30 16:06:00,2486.3517359571197,6.58760929966059e-05
2020-03-30 16:07:00,2486.0998569357553,6.45604524268097e-05
2020-03-30 16:08:00,2486.0374683380123,6.23159972273627e-05
2020-03-30 16:09:00,2485.9897955520637,6.119780145699431e-05
2020-03-30 16:10:00,2486.0912999867733,6.852004024714321e-05
2020-03-30 16:11:00,2485.98354977922,6.779712086109362e-05
2020-03-30 16:12:00,2485.7205159531645,6.856453292950439e-05
2020-03-30 16:13:00,2485.699225339165,6.609731641173904e-05
2020-03-30 16:14:00,2485.5128496260713,6.580054062375835e-05
2020-03-30 16:15:00,2485.573135243485,6.347027131980443e-05
2020-03-30 16:16:00,2485.5774032892805,6.509946018526307e-05
2020-03-30 16:17:00,2485.4588482024146,6.81318371851353e-05
2020-03-30 16:18:00,2485.283502330892,6.42100392579265e-05
2020-03-30 16:19:00,2485.161884376644,6.398775805347326e-05
2020-03-30 16:20:00,2485.022341504577,6.493635032877612e-05
2020-03-30 16:21:00,2484.9990165375402,6.905068716701845e-05
2020-03-30 16:22:00,2484.8944560591044,6.66035628770023e-05
2020-03-30 16:23:00,2484.854470951922,6.40109317884604e-05
2020-03-30 16:24:00,2484.905585070879,7.241714392963578e-05
2020-03-30 16:25:00,2485.07274974885,7.466637348235491e-05
2020-03-30 16:26:00,2484.749888294556,7.698466700904767e-05
2020-03-30 16:27:00,2484.803693220527,7.673000998383828e-05
2020-03-30 16:28:00,2484.9169578740457,6.981599947164958e-05
2020-03-30 16:29:00,2484.9637790415954,7.007450737845577e-05
2020-03-30 16:30:00,2484.907614832569,6.91090780088508e-05
2020-03-30 16:31:00,2484.6787183003053,7.201549705013484e-05
2020-03-30 16:32:00,2484.471988416052,6.81757017041547e-05
2020-03-30 16:33:00,2484.225807418069,6.84224554257844e-05
2020-03-30 16:34:00,2484.1779126054316,6.873410676517656e-05
2020-03-30 16:35:00,2484.196840275164,6.948108078837963e-05
2020-03-30 16:36:00,2484.271898684847,6.284178905083189e-05
2020-03-30 16:37:00,2484.188683385027,6.0662871652772025e-05
2020-03-30 16:38:00,2484.0851153906046,6.0836786234346446e-05
2020-03-30 16:39:00,2483.957056322973,6.446396417279622e-05
2020-03-30 16:40:00,2483.7198603317843,6.870407387407371e-05
2020-03-30 16:41:00,2483.531429193415,6.815609101985072e-05
2020-03-30 16:42:00,2483.4743445139934,6.575774666850643e-05
2020-03-30 16:43:00,2483.552700361542,6.460709667549567e-05
2020-03-30 16:44:00,2483.620091029831,6.517168911126138e-05
2020-03-30 16:45:00,2483.4234237541427,6.536428829073687e-05
2020-03-30 16:46:00,2483.2473965065533,5.9873371779124794e-05
2020-03-30 16:47:00,2483.1720773242832,6.105979054344033e-05
2020-03-30 16:48:00,2483.1774698896634,5.923823931649121e-05
2020-03-30 16:49:00,2482.99984023738,5.768074598734322e-05
2020-03-30 16:50:00,2483.1462981898867,5.785942951287763e-05
2020-03-30 16:51:00,2483.2948359187735,5.525610748779852e-05
2020-03-30 16:52:00,2483.2182789368826,5.722765537542254e-05
2020-03-30 16:53:00,2483.263183878533,5.9376233633931634e-05
2020-03-30 16:54:00,2483.2956785507554,6.261921007931556e-05
2020-03-30 16:55:00,2483.5897008263605,6.624028858232712e-05
2020-03-30 16:56:00,2483.4484365409753,6.702627477576692e-05
2020-03-30 16:57:00,2483.2163877818452,6.645882235530961e-05
2020-03-30 16:58:00,2483.3936267391746,6.654383032191881e-05
2020-03-30 16:59:00,2483.2581728089044,6.362954779112898e-05
2020-03-30 17:00:00,2482.9684150455964,6.545929658180512e-05
2020-03-30 17:01:00,2482.8804864118943,6.227507841093605e-05
2020-03-30 17:02:00,2482.92366092747,6.250784959366547e-05
2020-03-30 17:03:00,2482.996839273127,6.483543647950358e-05
2020-03-30 17:04:00,2482.7739062884075,6.785020196923047e-05
2020-03-30 17:05:00,2482.490263885137,6.948961517312728e-05
2020-03-30 17:06:00,2482.3698227682517,6.461458455153161e-05
2020-03-30 17:07:00,2482.3981606263887,5.979507714763312e-05
2020-03-30 17:08:00,2482.4407528780484,6.055265957144615e-05
2020-03-30 17:09:00,2482.5549032457957,6.267829396932647e-05
2020-03-30 17:10:00,2482.4420847254246,6.406540248395661e-05
2020-03-30 17:11:00,2482.2261598771465,6.837428452018862e-05
2020-03-30 17:12:00,2482.200559662596,6.677396746994843e-05
2020-03-30 17:13:00,2482.4802083080554,6.762103990590406e-05
2020-03-30 17:14:00,2482.5620577179293,6.047081964821282e-05
2020-03-30 17:15:00,2482.597445883989,6.199798874124765e-05
2020-03-30 17:16:00,2482.4083681831294,5.9549546286334415e-05
2020-03-30 17:17:00,2482.266050200477,5.9607464370019326e-05
2020-03-30 17:18:00,2482.3318321830984,5.713052885234678e-05
2020-03-30 17:19:00,2482.377210907513,5.782974018423453e-05
2020-03-30 17:20:00,2482.2400019927145,6.0487915094881997e-05
2020-03-30 17:21:00,2481.934002806996,5.842759424161657e-05
2020-03-30 17:22:00,2481.924456111678,6.22282722935043e-05
2020-03-30 17:23:00,2481.8422222528843,6.0565198111395636e-05
2020-03-30 17:24:00,2481.6793827947668,6.36646874368918e-05
2020-03-30 17:25:00,2481.346098700419,5.9114842850951694e-05
2020-03-30 17:26:00,2481.4184700564683,6.231250302944955e-05
2020-03-30 17:27:00,2481.308266730999,6.270902485488279e-05
2020-03-30 17:28:00,2480.8225237636907,5.737746554321579e-05
2020-03-30 17:29:00,2480.7877460034188,5.729312256012409e-05
2020-03-30 17:30:00,2480.6097378184313,6.002546464871296e-05
2020-03-30 17:31:00,2480.313956484447,6.11859911632078e-05
2020-03-30 17:32:00,2480.1418086977483,5.782421186068322e-05
2020-03-30 17:33:00,2480.023228678648,6.32911128213039e-05
2020-03-30 17:34:00,2479.8408305589,6.643342693468771e-05
2020-03-30 17:35:00,2479.8619625373008,6.503735460932218e-05
2020-03-30 17:36:00,2479.8001933711107,7.092584766656207e-05
2020-03-30 17:37:00,2479.4794100095332,7.472547734664938e-05
2020-03-30 17:38:00,2479.667840639348,7.537533680809932e-05
2020-03-30 17:39:00,2479.7403465042667,7.087896557951483e-05
2020-03-30 17:40:00,2479.395914524667,7.070290576094495e-05
2020-03-30 17:41:00,2479.6166715695285,6.909949836085823e-05
2020-03-30 17:42:00,2479.3383183634796,6.736060457396869e-05
2020-03-30 17:43:00,2479.312631211538,6.709785613201683e-05
2020-03-30 17:44:00,2479.113824289075,6.793444411172152e-05
2020-03-30 17:45:00,2479.474603223099,7.08428899008608e-05
2020-03-30 17:46:00,2479.5452408545366,7.388094046358425e-05
2020-03-30 17:47:00,2479.6163925178944,8.31157870699307e-05
2020-03-30 17:48:00,2479.515682932726,8.273238651585476e-05
2020-03-30 17:49:00,2479.4841568745514,8.157690573556735e-05
2020-03-30 17:50:00,2479.5864873997743,8.101852577245009e-05
2020-03-30 17:51:00,2479.561804850839,8.290542090125952e-05
2020-03-30 17:52:00,2479.65010906552,8.389325937318872e-05
2020-03-30 17:53:00,2479.9733057455446,8.705820891933832e-05
2020-03-30 17:54:00,2479.702158102491,9.028276795197995e-05
2020-03-30 17:55:00,2479.9405197194346,8.364388517669174e-05
2020-03-30 17:56:00,2479.814394407978,8.882981197896932e-05
2020-03-30 17:57:00,2479.6608349974226,9.314002461118755e-05
2020-03-30 17:58:00,2479.216895486864,9.680632164180054e-05
2020-03-30 17:59:00,2478.8535070524554,0.00010101761540846232
2020-03-30 18:00:00,2478.8750800585817,9.745666290986168e-05
2020-03-30 18:01:00,2479.030302422004,0.00010017501005695402
2020-03-30 18:02:00,2478.7981527137367,9.77859757481362e-05
2020-03-30 18:03:00,2478.5885213398888,8.993276423630214e-05
2020-03-30 18:04:00,2478.7080653600874,8.791413787864458e-05
2020-03-30 18:05:00,2478.3888506670714,8.484015829122523e-05
2020-03-30 18:06:00,2478.3223478529685,8.445034671922994e-05
2020-03-30 18:07:00,2478.106383333089,8.140722028930678e-05
2020-03-30 18:08:00,2478.3717409445135,8.102705873735058e-05
2020-03-30 18:09:00,2478.5353763231074,8.064659770969841e-05
2020-03-30 18:10:00,2478.6333029207117,8.163639168896325e-05
2020-03-30 18:11:00,2478.8490989087663,8.68366233566283e-05
2020-03-30 18:12:00,2478.8725647898423,8.245813770291068e-05
2020-03-30 18:13:00,2478.7495800228826,8.744454010888099e-05
2020-03-30 18:14:00,2478.61001250691,7.89099770492498e-05
2020-03-30 18:15:00,2479.091841234972,8.463983469062559e-05
2020-03-30 18:16:00,2478.9188728057084,8.447027706080725e-05
2020-03-30 18:17:00,2478.921771286355,7.949041077515102e-05
2020-03-30 18:18:00,2478.5147902169906,8.051597010905977e-05
2020-03-30 18:19:00,2478.4932083312474,7.929227832378435e-05
2020-03-30 18:20:00,2478.4922375233236,8.015095931454796e-05
2020-03-30 18:21:00,2478.3125367450575,8.330370675055234e-05
2020-03-30 18:22:00,2478.3404703225888,8.691085967452923e-05
2020-03-30 18:23:00,2478.4587186319764,8.783830571980865e-05
2020-03-30 18:24:00,2477.9648328245953,8.667101805044284e-05
2020-03-30 18:25:00,2477.9882053685965,8.311709488547326e-05
2020-03-30 18:26:00,2477.7899025350666,8.25678525673721e-05
2020-03-30 18:27:00,2477.631123046054,7.665482299017142e-05
2020-03-30 18:28:00,2477.742473272999,7.863198283577419e-05
2020-03-30 18:29:00,2477.629873525386,7.96202874130048e-05
2020-03-30 18:30:00,2477.503744932623,7.7629988712753e-05
2020-03-30 18:31:00,2477.7305882762316,7.914961058964586e-05
2020-03-30 18:32:00,2477.5377061589993,7.570513851855904e-05
2020-03-30 18:33:00,2477.259047689724,7.329088740655371e-05
2020-03-30 18:34:00,2476.971133933408,7.587853934661566e-05
2020-03-30 18:35:00,2476.801927642397,7.496382803367931e-05
2020-03-30 18:36:00,2476.847787610784,8.581786487278248e-05
2020-03-30 18:37:00,2477.177631662611,8.915065943753202e-05
2020-03-30 18:38:00,2477.0526478922025,8.918340490781054e-05
2020-03-30 18:39:00,2476.8503527571,9.529183863831163e-05
2020-03-30 18:40:00,2476.7403300152023,9.722808857704038e-05
2020-03-30 18:41:00,2477.0940946886362,0.00010164159807498202
2020-03-30 18:42:00,2476.885564591108,0.00010271856079307424
2020-03-30 18:43:00,2476.8462055889895,0.00011122713933597154
2020-03-30 18:44:00,2477.276576175466,0.00011408568323526608
2020-03-30 18:45:00,2477.4767952028874,0.00011242300712260084
2020-03-30 18:46:00,2477.3773569213313,9.625588137824095e-05
2020-03-30 18:47:00,2477.5086078165,9.868360076738836e-05
2020-03-30 18:48:00,2477.3593769385084,9.525484583589539e-05
2020-03-30 18:49:00,2477.166622644014,9.380480815491222e-05
2020-03-30 18:50:00,2476.969358682972,0.00010478779898793072
2020-03-30 18:51:00,2477.197772062581,0.00011550702606374226
2020-03-30 18:52:00,2477.0299980427235,0.00011495556865348358
2020-03-30 18:53:00,2477.3351261242187,0.00011969373287290683
2020-03-30 18:54:00,2477.80719560937,0.00013660879889525947
2020-03-30 18:55:00,2477.4898432773775,0.00012664102062047712
2020-03-30 18:56:00,2477.182641410204,0.00013133225051261142
2020-03-30 18:57:00,2477.749724929419,0.00012005043281006438
2020-03-30 18:58:00,2477.8281795295998,0.00013052729144400396
2020-03-30 18:59:00,2477.812559798468,0.0001297101404560372
2020-03-30 19:00:00,2477.610975061502,0.00013600615795021412
2020-03-30 19:01:00,2477.3271296664516,0.00014206565072448152
2020-03-30 19:02:00,2476.4996638502134,0.00014531331780152253
2020-03-30 19:03:00,2476.4238565991095,0.000145177871803125
2020-03-30 19:04:00,2475.8661621403844,0.00014844737957614678
2020-03-30 19:05:00,2476.0964242616315,0.00015741477785285362
2020-03-30 19:06:00,2476.506856291082,0.00015453732306464933
2020-03-30 19:07:00,2476.7604646852687,0.00015904806368234131
2020-03-30 19:08:00,2476.3138357747484,0.00017645607682903577
2020-03-30 19:09:00,2476.5636598370443,0.00017050557875186828
2020-03-30 19:10:00,2476.395100602358,0.00016571264540122955
2020-03-30 19:11:00,2476.3287401359257,0.0001534830636804874
2020-03-30 19:12:00,2476.8312002357575,0.00015557686284026944
2020-03-30 19:13:00,2476.9254113540933,0.00015446302818675683
2020-03-30 19:14:00,2476.5464647636727,0.00016185779764707096
2020-03-30 19:15:00,2477.2349706904847,0.00018024151063831002
2020-03-30 19:16:00,2476.186784053947,0.00018866151014628805
2020-03-30 19:17:00,2476.626826435792,0.00020357464843147454
2020-03-30 19:18:00,2476.763868143933,0.0002199144099909337
2020-03-30 19:19:00,2476.4291237083944,0.00022927932405495207
2020-03-30 19:20:00,2476.5863186768656,0.00023896166077637306
2020-03-30 19:21:00,2476.7507495204063,0.0002520198558665524
2020-03-30 19:22:00,2477.186808017795,0.0002558030247590898
2020-03-30 19:23:00,2476.86048740526,0.0002776793356508043
2020-03-30 19:24:00,2475.986532215127,0.0002735938118248387
2020-03-30 19:25:00,2475.865060815456,0.00027652902822872027
2020-03-30 19:26:00,2475.8315031407233,0.0002830018720295814
2020-03-30 19:27:00,2475.6168720580285,0.0002736204878427626
2020-03-30 19:28:00,2475.5509168547824,0.00028018049051247064
2020-03-30 19:29:00,2474.497073755286,0.00029029870628294324
2020-03-30 19:30:00,2474.3595459222443,0.00027270654744208955
2020-03-30 19:31:00,2473.7844227656883,0.00028068475353989743
2020-03-30 19:32:00,2473.3913437746774,0.0002929848528752009
2020-03-30 19:33:00,2474.579516726448,0.00032464207439401784
2020-03-30 19:34:00,2475.0689202420454,0.0003335846183949673
2020-03-30 19:35:00,2474.6688032397074,0.0003359109278574807
2020-03-30 19:36:00,2474.278570246474,0.000335351774752266
2020-03-30 19:37:00,2474.3941025526815,0.00033204008681198455
2020-03-30 19:38:00,2473.6831021062394,0.00033948199460396254
2020-03-30 19:39:00,2474.2319112077075,0.00032556548163060816
2020-03-30 19:40:00,2474.5527466354392,0.00030943369316254414
2020-03-30 19:41:00,2474.8519756357273,0.00030854901589805764
2020-03-30 19:42:00,2474.44875160705,0.00032018203334794633
2020-03-30 19:43:00,2475.235741074236,0.00030995919604332253
2020-03-30 19:44:00,2476.4252275301214,0.00032922522546606167
2020-03-30 19:45:00,2475.284499808338,0.00034187667999952567
2020-03-30 19:46:00,2474.7251624364962,0.0003298906052976522
2020-03-30 19:47:00,2473.97410662689,0.000318714358653787
2020-03-30 19:48:00,2472.9861908304492,0.00032718706844376725
2020-03-30 19:49:00,2471.8195402596084,0.0003465325119908259
2020-03-30 19:50:00,2470.6760627603803,0.0003447464162378796
2020-03-30 19:51:00,2470.675771279011,0.00035320492283816854
2020-03-30 19:52:00,2469.3462750853337,0.0003261078028939836
2020-03-30 19:53:00,2469.327546866056,0.0003123983433287907
2020-03-30 19:54:00,2470.0671591858704,0.00031961652368718606
2020-03-30 19:55:00,2471.0209415648465,0.00031722796535655116
2020-03-30 19:56:00,2472.2052111913104,0.00033367976202547454
2020-03-30 19:57:00,2472.7518430724494,0.0003099706907512953
2020-03-30 19:58:00,2473.345206863893,0.0003309966426694473
2020-03-30 19:59:00,2474.623446474829,0.00034057805993389966
2020-03-31 13:30:00,2504.5032928420255,0.00035724393032126467
2020-03-31 13:31:00,2503.8226037745317,0.0003638374211527652
2020-03-31 13:32:00,2503.352640937537,0.0003717834821211761
2020-03-31 13:33:00,2503.099295135776,0.0003930849145821422
2020-03-31 13:34:00,2503.214824039981,0.0003995995129887843
2020-03-31 13:35:00,2503.3483941573027,0.00037565024408361204
2020-03-31 13:36:00,2503.600182210511,0.00038290306216741594
2020-03-31 13:37:00,2504.585732942876,0.00040693245175855584
2020-03-31 13:38:00,2503.0011134550464,0.0004154970457408584
2020-03-31 13:39:00,2503.0671031649913,0.00041393635585926784
2020-03-31 13:40:00,2502.914443518891,0.0003875514239374347
2020-03-31 13:41:00,2503.193328897468,0.00036610305837747793
2020-03-31 13:42:00,2503.672540937284,0.00034917544799834525
2020-03-31 13:43:00,2503.7927846201537,0.0003286379065130139
2020-03-31 13:44:00,2504.1813176035257,0.0003225629386572594
2020-03-31 13:45:00,2502.819885949378,0.0003122406797830928
2020-03-31 13:46:00,2503.8729600100446,0.0003221681262321037
2020-03-31 13:47:00,2503.3334975536454,0.0003307271557127776
2020-03-31 13:48:00,2503.939776176715,0.00034297158259997593
2020-03-31 13:49:00,2503.0053404641562,0.0003638275433830639
2020-03-31 13:50:00,2503.8128071438846,0.00034712626977383935
2020-03-31 13:51:00,2504.326120345368,0.00034043738500755374
2020-03-31 13:52:00,2504.2091040903797,0.00034036908338573124
2020-03-31 13:53:00,2504.0982515972983,0.00035835207340176545
2020-03-31 13:54:00,2505.0077705891545,0.00033843992783657754
2020-03-31 13:55:00,2506.074001295895,0.0003559829240182098
2020-03-31 13:56:00,2505.886219113556,0.00038085609090659844
2020-03-31 13:57:00,2505.387845353791,0.00035778549151722065
2020-03-31 13:58:00,2505.611338155782,0.0003285036059936753
2020-03-31 13:59:00,2505.738688337897,0.0003553332872792536
2020-03-31 14:00:00,2506.172989418774,0.0003584055334086669
2020-03-31 14:01:00,2505.0991545740326,0.00033854026071090113
2020-03-31 14:02:00,2504.823344128365,0.00031837640867534025
2020-03-31 14:03:00,2504.8545690656706,0.0002999222266253775
2020-03-31 14:04:00,2502.498327817133,0.0002917912301780878
2020-03-31 14:05:00,2501.2944923585396,0.000276965230151281
2020-03-31 14:06:00,2500.5731639084142,0.00028634649200254156
2020-03-31 14:07:00,2499.8943781596367,0.0003087805794407588
2020-03-31 14:08:00,2500.884578211261,0.0003053197765305978
2020-03-31 14:09:00,2500.543946194321,0.0003062041374256344
2020-03-31 14:10:00,2500.687985808881,0.00029374070592193686
2020-03-31 14:11:00,2499.9360281440663,0.0002977443982291898
2020-03-31 14:12:00,2498.6771945889445,0.0002889126256673658
2020-03-31 14:13:00,2499.138378160535,0.0002708821108618887
2020-03-31 14:14:00,2498.919163102794,0.00027116979190308237
2020-03-31 14:15:00,2497.927081748347,0.0002782848673592666
2020-03-31 14:16:00,2496.638818823631,0.00027633975174585546
2020-03-31 14:17:00,2495.8403358224673,0.0002755537219746251
2020-03-31 14:18:00,2494.8008013634376,0.0002897123306311944
2020-03-31 14:19:00,2495.050920171344,0.00028225792347150955
2020-03-31 14:20:00,2495.629212680996,0.00028509251647128433
2020-03-31 14:21:00,2496.7228539765797,0.0003119890221960962
2020-03-31 14:22:00,2496.5945672937355,0.0003196788427216535
2020-03-31 14:23:00,2497.6582001636407,0.0003223095574331764
2020-03-31 14:24:00,2496.9300160840226,0.0003006259888413816
2020-03-31 14:25:00,2496.174274551535,0.0003368172971489865
2020-03-31 14:26:00,2496.5811494162003,0.000342616150259935
2020-03-31 14:27:00,2496.0074418515815,0.0003293449202778537
2020-03-31 14:28:00,2495.3841920116834,0.00030391423834030134
2020-03-31 14:29:00,2494.0297739882017,0.000285212277077474
2020-03-31 14:30:00,2494.337137142139,0.00028771418334495896
2020-03-31 14:31:00,2495.616484989846,0.0002934211214854322
2020-03-31 14:32:00,2495.041848619356,0.00030060461545690234
2020-03-31 14:33:00,2494.50505545045,0.0002851552203658762
2020-03-31 14:34:00,2494.4033424954127,0.0002932100615246845
2020-03-31 14:35:00,2493.283559502511,0.0002951033652728187
2020-03-31 14:36:00,2492.4048810956556,0.0002856515306736856
2020-03-31 14:37:00,2492.1546644849454,0.00030763455491222597
2020-03-31 14:38:00,2491.7906406909815,0.00031626774099263673
2020-03-31 14:39:00,2490.730209520989,0.00032965413298100536
2020-03-31 14:40:00,2490.7204666403304,0.00033653725478706014
2020-03-31 14:41:00,2491.034265823158,0.00034808399156274116
2020-03-31 14:42:00,2490.5017133515216,0.00035098020444233186
2020-03-31 14:43:00,2490.5483193757937,0.00036201372913492773
2020-03-31 14:44:00,2490.3690224311595,0.0003610429189065117
2020-03-31 14:45:00,2490.3920604201026,0.00032889099543172113
2020-03-31 14:46:00,2490.2431338826705,0.0003247854192904999
2020-03-31 14:47:00,2489.9066916391002,0.0003313520843130266
2020-03-31 14:48:00,2488.921648397521,0.00032364075283683783
2020-03-31 14:49:00,2488.863578916573,0.000321202235185115
2020-03-31 14:50:00,2488.554683168208,0.00032415313450312775
2020-03-31 14:51:00,2488.780448869395,0.0003355527297962467
2020-03-31 14:52:00,2489.4312514995063,0.00033523921201949667
2020-03-31 14:53:00,2489.1315037575564,0.00036092404066234213
2020-03-31 14:54:00,2489.279791130676,0.0003530299707800365
2020-03-31 14:55:00,2489.1830168518063,0.00031681476598183076
2020-03-31 14:56:00,2488.6401673914334,0.000311431307767317
2020-03-31 14:57:00,2489.3239263921164,0.00030666625904792345
2020-03-31 14:58:00,2489.784378517217,0.0002950837444556418
2020-03-31 14:59:00,2490.2327349928037,0.00028334550588566756
2020-03-31 15:00:00,2490.0222326543303,0.0002773827996945827
2020-03-31 15:01:00,2488.348138899655,0.0003029553698151928
2020-03-31 15:02:00,2487.0434407837347,0.00028870690550379457
2020-03-31 15:03:00,2486.7950472996986,0.00027364131929235057
2020-03-31 15:04:00,2486.5638068836333,0.0002620769663561895
2020-03-31 15:05:00,2486.0431124446145,0.0002682834465653709
2020-03-31 15:06:00,2486.4322587613315,0.00027233984095879763
2020-03-31 15:07:00,2485.0658893932473,0.0002931765662803505
2020-03-31 15:08:00,2485.11123493623,0.0003034006230465629
2020-03-31 15:09:00,2486.0334422227875,0.0003215187668103027
2020-03-31 15:10:00,2487.3094105103214,0.0003183329367908776
2020-03-31 15:11:00,2487.783795535691,0.000321970415356085
2020-03-31 15:12:00,2488.019067223399,0.00028969184552326004
2020-03-31 15:13:00,2486.4006896147894,0.00030698905013353044
2020-03-31 15:14:00,2485.4724842018645,0.000336661327140742
2020-03-31 15:15:00,2486.2375869173875,0.0003492412521526435
2020-03-31 15:16:00,2486.7886815367524,0.00033875936163050977
2020-03-31 15:17:00,2486.3177061783576,0.00033399083608672144
2020-03-31 15:18:00,2486.4081692965133,0.00036446951495878424
2020-03-31 15:19:00,2486.886908126458,0.0003542858081915171
2020-03-31 15:20:00,2486.9311977179755,0.0003486429322058556
2020-03-31 15:21:00,2486.5883592943064,0.0003280012269248182
2020-03-31 15:22:00,2485.878211065832,0.00034282823602071425
2020-03-31 15:23:00,2485.9586645081185,0.00032095963869190985
2020-03-31 15:24:00,2484.8582491354673,0.0003214202828046187
2020-03-31 15:25:00,2482.796744497605,0.0003392248830339923
2020-03-31 15:26:00,2482.0827642582026,0.0003479283154258404
2020-03-31 15:27:00,2482.119246291395,0.00036055248366586375
2020-03-31 15:28:00,2482.989030782401,0.0003479476454033184
2020-03-31 15:29:00,2482.6902790743975,0.0003467981915189314
2020-03-31 15:30:00,2480.9426679427083,0.0003497737233764962
2020-03-31 15:31:00,2482.6594178878204,0.0003513368409023821
2020-03-31 15:32:00,2483.6987336935317,0.00032882750900386294
2020-03-31 15:33:00,2484.2433644361704,0.00033533039908616006
2020-03-31 15:34:00,2484.0512669558166,0.0003168573007130328
2020-03-31 15:35:00,2483.7302625354105,0.00033750763526478025
2020-03-31 15:36:00,2483.165487836845,0.00032154748926583346
2020-03-31 15:37:00,2483.331299994893,0.00028441365024636366
2020-03-31 15:38:00,2483.5772035441055,0.0002838194551701092
2020-03-31 15:39:00,2483.611696028625,0.000293801465742531
2020-03-31 15:40:00,2483.0695371076276,0.00030416192065457943
2020-03-31 15:41:00,2483.1595624100255,0.00030219047004442773
2020-03-31 15:42:00,2484.2145840501303,0.0002975243601208521
2020-03-31 15:43:00,2484.4304427933635,0.00028741034708034535
2020-03-31 15:44:00,2483.3956017075425,0.0002907262626520977
2020-03-31 15:45:00,2483.1137450933848,0.0002926695227709517
2020-03-31 15:46:00,2482.393817362584,0.0003206323553714744
2020-03-31 15:47:00,2481.738552302354,0.00031736908811085267
2020-03-31 15:48:00,2480.164211506515,0.0003014919111884432
2020-03-31 15:49:00,2480.5777463739087,0.0003175992039290029
2020-03-31 15:50:00,2479.7294354989513,0.00030476544461883657
2020-03-31 15:51:00,2479.3966584098266,0.00032041123146452473
2020-03-31 15:52:00,2478.69837042645,0.00031978458212564666
2020-03-31 15:53:00,2479.3359771212226,0.00031690819190848625
2020-03-31 15:54:00,2479.255517657034,0.00033667805855336607
2020-03-31 15:55:00,2478.563300022348,0.00034202698559962003
2020-03-31 15:56:00,2479.100702304865,0.00034444286783481934
2020-03-31 15:57:00,2478.9670331104235,0.00034302810470107745
2020-03-31 15:58:00,2478.3572905514425,0.00036938846462405457
2020-03-31 15:59:00,2478.01458798411,0.00036262679719651237
2020-03-31 16:00:00,2478.92382658827,0.0003358874544975103
2020-03-31 16:01:00,2479.1135144522636,0.0003447159241279479
2020-03-31 16:02:00,2479.4806416755655,0.0003460515358126985
2020-03-31 16:03:00,2479.1631077825386,0.00033855128416262494
2020-03-31 16:04:00,2479.42860034066,0.0003435701680628787
2020-03-31 16:05:00,2479.9895821562586,0.00034014293885899465
2020-03-31 16:06:00,2480.2603343656833,0.0003368300859290869
2020-03-31 16:07:00,2479.594908914211,0.00033538624081524374
2020-03-31 16:08:00,2478.9857793972924,0.00032368436337500784
2020-03-31 16:09:00,2479.6373180962228,0.0003243554432941898
2020-03-31 16:10:00,2479.1299970305854,0.00029188943263068923
2020-03-31 16:11:00,2479.632224120592,0.00030017502816606043
2020-03-31 16:12:00,2479.040465604603,0.0003055613668266967
2020-03-31 16:13:00,2478.7421755819946,0.0003038923471839313
2020-03-31 16:14:00,2478.824262117883,0.00030274661313066116
2020-03-31 16:15:00,2478.851840831405,0.00029877950498537534
2020-03-31 16:16:00,2480.423661878123,0.00029798401458059747
2020-03-31 16:17:00,2480.4369607438266,0.00027903755485161164
2020-03-31 16:18:00,2479.6916240860996,0.00027285849044063066
2020-03-31 16:19:00,2478.4058011456777,0.0002755063684815781
2020-03-31 16:20:00,2479.947257053787,0.00025597008516164255
2020-03-31 16:21:00,2479.9715078628665,0.00026636403606913585
2020-03-31 16:22:00,2479.4031064854057,0.00026236374005318014
2020-03-31 16:23:00,2478.9227142199175,0.00024718562706915346
2020-03-31 16:24:00,2479.3730280759514,0.00023701163465924646
2020-03-31 16:25:00,2479.552293006378,0.0002398154643555719
2020-03-31 16:26:00,2480.634713886994,0.00023456554966516018
2020-03-31 16:27:00,2481.0367118160966,0.00025232602640193634
2020-03-31 16:28:00,2482.4526924286283,0.0002696210917535948
2020-03-31 16:29:00,2481.900906182239,0.00026577430143804996
2020-03-31 16:30:00,2482.2782639847396,0.0002698898130004587
2020-03-31 16:31:00,2484.0410095830707,0.0002586920331172814
2020-03-31 16:32:00,2483.337503462335,0.00023787782282362233
2020-03-31 16:33:00,2484.3159941436857,0.00024133190798390037
2020-03-31 16:34:00,2484.070739429167,0.0002648378826782942
2020-03-31 16:35:00,2484.2827816305776,0.00026151802509592314
2020-03-31 16:36:00,2484.3625865641243,0.00026465924106352785
2020-03-31 16:37:00,2485.5691486081755,0.0002733753060542809
2020-03-31 16:38:00,2485.093225693743,0.0002801203118289828
2020-03-31 16:39:00,2485.4474620885508,0.00027832977525552374
2020-03-31 16:40:00,2485.6462223398717,0.00027991201756038777
2020-03-31 16:41:00,2485.367402529873,0.0002643554069777654
2020-03-31 16:42:00,2483.6449745925183,0.0002687361303769836
2020-03-31 16:43:00,2483.8688974346996,0.0002554491446810116
2020-03-31 16:44:00,2483.3993434839717,0.0002520257296088679
2020-03-31 16:45:00,2483.572381595037,0.0002707906139865875
2020-03-31 16:46:00,2483.2600563935384,0.0002821320344962252
2020-03-31 16:47:00,2482.712202037313,0.00027321605306977065
2020-03-31 16:48:00,2482.7530172527345,0.0002656783966718094
2020-03-31 16:49:00,2482.47703566443,0.0002738493677808593
2020-03-31 16:50:00,2483.1510112467836,0.00026767144563254273
2020-03-31 16:51:00,2482.014531087978,0.0002491567006220131
2020-03-31 16:52:00,2482.2619617988175,0.0002456166500523477
2020-03-31 16:53:00,2481.126394108723,0.00024174492583166473
2020-03-31 16:54:00,2481.9285221035348,0.00024726062866557637
2020-03-31 16:55:00,2481.2422994711023,0.00025180097082572346
2020-03-31 16:56:00,2481.495219824129,0.0002549610525174177
2020-03-31 16:57:00,2481.526367022037,0.00026077137816792447
2020-03-31 16:58:00,2480.991906141795,0.00026613831579210635
2020-03-31 16:59:00,2481.142247718158,0.00027963195649407504
2020-03-31 17:00:00,2480.405855464863,0.0002826053473373485
2020-03-31 17:01:00,2480.820542559362,0.00027459254234022594
2020-03-31 17:02:00,2481.9019054036244,0.0002680549705973659
2020-03-31 17:03:00,2481.684608526323,0.0002749046184861168
2020-03-31 17:04:00,2481.0873449137734,0.0002830337730874755
2020-03-31 17:05:00,2480.5796028446593,0.0002845376263222076
2020-03-31 17:06:00,2479.5885048737214,0.00028824733971825005
2020-03-31 17:07:00,2478.978871461193,0.0002989971154634445
2020-03-31 17:08:00,2478.9318084713927,0.0002904590172791498
2020-03-31 17:09:00,2478.5725969990813,0.00029989953010319827
2020-03-31 17:10:00,2477.1928577392932,0.0002985662083311367
2020-03-31 17:11:00,2476.602126923679,0.00030091426566807657
2020-03-31 17:12:00,2476.7298082452676,0.00029811129774615157
2020-03-31 17:13:00,2476.5591481039273,0.00030833330119337687
2020-03-31 17:14:00,2476.6887590448073,0.0003106082710255732
2020-03-31 17:15:00,2477.3192593688955,0.00030395432680167225
2020-03-31 17:16:00,2476.3340440175093,0.00031687302635957626
2020-03-31 17:17:00,2475.518790865384,0.00030525218510828173
2020-03-31 17:18:00,2475.8238272737162,0.0002947932281716992
2020-03-31 17:19:00,2475.1024661853958,0.00028374877502266346
2020-03-31 17:20:00,2475.4740483569517,0.00027467446234204234
2020-03-31 17:21:00,2474.689435648794,0.00028712849879924365
2020-03-31 17:22:00,2475.095693160378,0.00030108723622023886
2020-03-31 17:23:00,2475.1586513545385,0.00031125477842093883
2020-03-31 17:24:00,2474.5266088876215,0.00032021054534387246
2020-03-31 17:25:00,2474.133209960219,0.00032604062714685364
2020-03-31 17:26:00,2473.243190631006,0.0003260222712387776
2020-03-31 17:27:00,2472.4339434344793,0.0003367697818471956
2020-03-31 17:28:00,2472.0350566336638,0.00031880689806496434
2020-03-31 17:29:00,2471.467833818812,0.0003028303772526319
2020-03-31 17:30:00,2471.2465474653977,0.00028931261757906765
2020-03-31 17:31:00,2471.307393774991,0.0002883457852275081
2020-03-31 17:32:00,2471.3827515819303,0.0002875373926598501
2020-03-31 17:33:00,2471.0460692992433,0.00026189474779550264
2020-03-31 17:34:00,2470.9855370597406,0.0002498857071162395
2020-03-31 17:35:00,2471.3106665012056,0.00026497633746589853
2020-03-31 17:36:00,2470.5565641906783,0.0002737758012043365
2020-03-31 17:37:00,2469.9742220780486,0.00028311838587434074
2020-03-31 17:38:00,2469.4433319251184,0.00027899884021600807
2020-03-31 17:39:00,2468.934439898007,0.0002769785967665293
2020-03-31 17:40:00,2469.990742844328,0.0002809512499666527
2020-03-31 17:41:00,2469.4023266621366,0.00027582591387698016
2020-03-31 17:42:00,2468.7221553913037,0.0002763868499523253
2020-03-31 17:43:00,2468.2084343985007,0.00026739311362328856
2020-03-31 17:44:00,2468.313614944017,0.0002457810697115214
2020-03-31 17:45:00,2468.3330298476353,0.0002327958988084386
2020-03-31 17:46:00,2469.16348051846,0.00023217477695659062
2020-03-31 17:47:00,2470.1095928551913,0.00022664787309226872
2020-03-31 17:48:00,2470.3593805599926,0.00021806124984267343
2020-03-31 17:49:00,2470.954270574635,0.00021246191444826174
2020-03-31 17:50:00,2470.0906816702054,0.00020413212661664812
2020-03-31 17:51:00,2469.5497887039787,0.000205837884345276
2020-03-31 17:52:00,2469.901960950815,0.00019655566887759787
2020-03-31 17:53:00,2470.264090958315,0.00019314229851081198
2020-03-31 17:54:00,2469.115770471861,0.00019070069524817826
2020-03-31 17:55:00,2469.4753642766054,0.00019271581659898324
2020-03-31 17:56:00,2469.534953404141,0.0001884003715597551
2020-03-31 17:57:00,2469.78482793454,0.00018329799410145918
2020-03-31 17:58:00,2469.296156638848,0.00018960453033708285
2020-03-31 17:59:00,2469.772554540797,0.00018912784563941855
2020-03-31 18:00:00,2469.3431266349708,0.00018739998813720543
2020-03-31 18:01:00,2469.5205394658933,0.00018437968031157523
2020-03-31 18:02:00,2470.332414680439,0.0001906143668247864
2020-03-31 18:03:00,2470.0697282693886,0.00018803146346765598
2020-03-31 18:04:00,2470.4048066087494,0.00018973872755754953
2020-03-31 18:05:00,2470.5568980288,0.00019906215790925033
2020-03-31 18:06:00,2470.612812796247,0.00021904762423572273
2020-03-31 18:07:00,2471.128047558701,0.0002170805455358533
2020-03-31 18:08:00,2471.193040816285,0.00021814079483741894
2020-03-31 18:09:00,2471.1158131236193,0.0002491507631776162
2020-03-31 18:10:00,2471.4093677578335,0.0002624157665920521
2020-03-31 18:11:00,2470.354270091895,0.0002489336192559706
2020-03-31 18:12:00,2470.5711265845166,0.00025504134459900326
2020-03-31 18:13:00,2470.409027079338,0.0002479287074980362
2020-03-31 18:14:00,2469.764435511649,0.0002678388333780973
2020-03-31 18:15:00,2469.0161077017374,0.00026762422195409735
2020-03-31 18:16:00,2469.0238971352514,0.0002677976607994551
2020-03-31 18:17:00,2468.2172418009914,0.00026974876224202156
2020-03-31 18:18:00,2469.3246882499284,0.0002603364894164109
2020-03-31 18:19:00,2469.874223380104,0.00025287865317531646
2020-03-31 18:20:00,2470.6662574931033,0.0002576154450720688
2020-03-31 18:21:00,2470.0457467037786,0.00025319515966033194
2020-03-31 18:22:00,2470.308050401736,0.00024662184137351994
2020-03-31 18:23:00,2470.152294183814,0.0002494637223719711
2020-03-31 18:24:00,2470.1230192816342,0.0002547867805031474
2020-03-31 18:25:00,2469.6664628284175,0.00027047476006462754
2020-03-31 18:26:00,2470.9297851621427,0.0002476295573563326
2020-03-31 18:27:00,2471.8313800915157,0.00024298242753913773
2020-03-31 18:28:00,2472.198496482362,0.0002699023372561324
2020-03-31 18:29:00,2472.1492050176116,0.0002589360366894088
2020-03-31 18:30:00,2471.926088062481,0.00026764588053481894
2020-03-31 18:31:00,2471.888268758199,0.00027630505982712136
2020-03-31 18:32:00,2471.959549048329,0.0002729046245525025
2020-03-31 18:33:00,2472.7900475685674,0.0002676404154533851
2020-03-31 18:34:00,2473.41629399056,0.00026577246538084226
2020-03-31 18:35:00,2472.9717135428855,0.00026803512476915135
2020-03-31 18:36:00,2472.155545686973,0.00027877932747359896
2020-03-31 18:37:00,2472.542671507227,0.00028836584994919486
2020-03-31 18:38:00,2472.1509292313076,0.0002726051579794756
2020-03-31 18:39:00,2472.3252941461874,0.00027957522034258126
2020-03-31 18:40:00,2471.7129243283716,0.00028082206782676505
2020-03-31 18:41:00,2472.268501515772,0.00027775154039898166
2020-03-31 18:42:00,2472.3735044753375,0.0002681666291278048
2020-03-31 18:43:00,2472.535792853731,0.0002820608343977949
2020-03-31 18:44:00,2472.034660078961,0.00027652856369675616
2020-03-31 18:45:00,2471.8526856151034,0.0002848416518172201
2020-03-31 18:46:00,2470.9558670825936,0.00028766820823970677
2020-03-31 18:47:00,2469.7336248100196,0.00027731914197039404
2020-03-31 18:48:00,2469.6518320602395,0.00027092653673298423
2020-03-31 18:49:00,2468.7281772017554,0.00026875585443896123
2020-03-31 18:50:00,2468.5229162629685,0.0002566207331896159
2020-03-31 18:51:00,2467.781015607083,0.00024808910042438
2020-03-31 18:52:00,2468.823955171405,0.0002223972303577317
2020-03-31 18:53:00,2468.8577894981404,0.00023293991586911233
2020-03-31 18:54:00,2468.032328826604,0.0002383173251280807
2020-03-31 18:55:00,2467.124427485452,0.00024161870075090303
2020-03-31 18:56:00,2465.9367557992628,0.0002725073494697325
2020-03-31 18:57:00,2467.045975826777,0.0002553944441893841
2020-03-31 18:58:00,2467.513727428064,0.0002632212697190855
2020-03-31 18:59:00,2468.0383902588346,0.00029104606814463966
2020-03-31 19:00:00,2470.1433284534005,0.0003159467273419081
2020-03-31 19:01:00,2470.9272035812187,0.00030437527406430577
2020-03-31 19:02:00,2471.0641141709616,0.00031477206101922553
2020-03-31 19:03:00,2471.949832910531,0.0003152095181210469
2020-03-31 19:04:00,2471.9336225477055,0.0003110345653474345
2020-03-31 19:05:00,2471.8434944441033,0.00030602228517146243
2020-03-31 19:06:00,2472.48272903006,0.0002971629616158042
2020-03-31 19:07:00,2470.685746979299,0.00028166276529907846
2020-03-31 19:08:00,2470.3697584630117,0.0002998408375115143
2020-03-31 19:09:00,2470.5348112345005,0.0002843293037000156
2020-03-31 19:10:00,2470.6642140883146,0.0003006794551837351
2020-03-31 19:11:00,2471.6622921515545,0.0002997882822316611
2020-03-31 19:12:00,2471.3748197127175,0.00029663827894882194
2020-03-31 19:13:00,2471.711075033694,0.0003200002899737804
2020-03-31 19:14:00,2471.8073673360204,0.00030973921380515274
2020-03-31 19:15:00,2471.150013048191,0.00031382277997745215
2020-03-31 19:16:00,2471.4459389944577,0.00034269964833144985
2020-03-31 19:17:00,2471.683539464967,0.00031931881835195334
2020-03-31 19:18:00,2471.5720967463094,0.0003376760196169884
2020-03-31 19:19:00,2470.3275891670296,0.0003408200917742994
2020-03-31 19:20:00,2471.052504854353,0.0003533262155722197
2020-03-31 19:21:00,2471.428472947885,0.0003574538327671863
2020-03-31 19:22:00,2471.0443100195366,0.00037078406466259936
2020-03-31 19:23:00,2471.658664294922,0.00037927682976013013
2020-03-31 19:24:00,2471.8651821865037,0.00038059228430222517
2020-03-31 19:25:00,2472.091482592964,0.0003725317602316654
2020-03-31 19:26:00,2471.5274297288997,0.00039072568588743016
2020-03-31 19:27:00,2471.0357514124066,0.00038486457168488867
2020-03-31 19:28:00,2469.4305885833182,0.0003818192938025473
2020-03-31 19:29:00,2470.5741337213403,0.0003650758893650079
2020-03-31 19:30:00,2469.314405783217,0.0003748510740060802
2020-03-31 19:31:00,2468.433672122873,0.00036479835690975
2020-03-31 19:32:00,2467.916095405831,0.0003892520018515386
2020-03-31 19:33:00,2469.5518308703663,0.0003772167451505476
2020-03-31 19:34:00,2470.240117632722,0.000374652776762437
2020-03-31 19:35:00,2471.1038181440704,0.00041595014834075667
2020-03-31 19:36:00,2472.210272079414,0.0004021167182577711
2020-03-31 19:37:00,2472.9118889609663,0.0004405049729487505
2020-03-31 19:38:00,2473.6290161263123,0.00042728736730786396
2020-03-31 19:39:00,2472.4086949447897,0.00042516937466659786
2020-03-31 19:40:00,2472.6011699450337,0.00039549791404837526
2020-03-31 19:41:00,2472.617240567679,0.00042118191978597754
2020-03-31 19:42:00,2473.9364788794755,0.0004296417187385939
2020-03-31 19:43:00,2473.4812278518452,0.00043709653876009626
2020-03-31 19:44:00,2473.769073114359,0.00040686308279664404
2020-03-31 19:45:00,2473.517162729106,0.00039710473778922946
2020-03-31 19:46:00,2474.287620432272,0.0003913520923596287
2020-03-31 19:47:00,2474.3320375750886,0.0003973818867584816
2020-03-31 19:48:00,2474.764893818731,0.0003593956422565464
2020-03-31 19:49:00,2475.631137871685,0.00036673156136037346
2020-03-31 19:50:00,2477.1663528946137,0.00036105520911283717
2020-03-31 19:51:00,2476.8263351307,0.00033971042596547775
2020-03-31 19:52:00,2477.391148826711,0.0003225329214458551
2020-03-31 19:53:00,2477.3132521205002,0.0003307495518192692
2020-03-31 19:54:00,2476.8468804588347,0.0003475106975170864
2020-03-31 19:55:00,2476.152987235707,0.00033181215246628245
2020-03-31 19:56:00,2477.8575067884713,0.00035663315300321483
2020-03-31 19:57:00,2477.9315138684997,0.0003476856171081617
2020-03-31 19:58:00,2477.037698081512,0.0003596323524138932
2020-03-31 19:59:00,2477.153467860228,0.00034168877682978207
2020-04-01 13:30:00,2494.2259635963087,0.00033110040575940776
2020-04-01 13:31:00,2495.2659694805234,0.0003195194052699213
2020-04-01 13:32:00,2494.302371297896,0.0003426845859533209
2020-04-01 13:33:00,2493.4077837816517,0.00033297284004616485
2020-04-01 13:34:00,2494.4437311119295,0.0003324222519568304
2020-04-01 13:35:00,2494.3934092448885,0.0003483029912445866
2020-04-01 13:36:00,2493.735178522342,0.00036273025407343294
2020-04-01 13:37:00,2492.8884822986474,0.000367354071941948
2020-04-01 13:38:00,2491.7696910731693,0.00039041963687658194
2020-04-01 13:39:00,2490.557858207741,0.00037625504542765484
2020-04-01 13:40:00,2489.105284301443,0.0003732008918655948
2020-04-01 13:41:00,2489.0967939944017,0.00036490677514569743
2020-04-01 13:42:00,2488.842916058706,0.00039159019639164913
2020-04-01 13:43:00,2489.3843231125234,0.00039460689115809153
2020-04-01 13:44:00,2489.6754244324147,0.00039854775314169687
2020-04-01 13:45:00,2490.6047753726903,0.0004052992006725567
2020-04-01 13:46:00,2491.649567562132,0.000429761192407051
2020-04-01 13:47:00,2490.7162471836396,0.0004022681487483111
2020-04-01 13:48:00,2490.6053858102264,0.0003840482676741812
2020-04-01 13:49:00,2491.219046210078,0.00038010964411366643
2020-04-01 13:50:00,2491.219759705723,0.00037153514172529945
2020-04-01 13:51:00,2490.5236395692364,0.00037238487500157984
2020-04-01 13:52:00,2489.0466519597035,0.00035837302001964804
2020-04-01 13:53:00,2489.304585028418,0.0003517163743111906
2020-04-01 13:54:00,2489.6267144099475,0.0003384262746712308
2020-04-01 13:55:00,2488.9516125181954,0.0003356082257224027
2020-04-01 13:56:00,2487.32753455778,0.0003188383203184972
2020-04-01 13:57:00,2487.296278032728,0.0003002586491102363
2020-04-01 13:58:00,2487.0590224943576,0.00030123652890021857
2020-04-01 13:59:00,2487.4180063307813,0.00029470049474891627
2020-04-01 14:00:00,2487.612024752635,0.0002802909265522489
2020-04-01 14:01:00,2486.1816829831937,0.0002955955259022739
2020-04-01 14:02:00,2485.288562124923,0.00027743218789629573
2020-04-01 14:03:00,2485.7421807940837,0.0003019167793126007
2020-04-01 14:04:00,2484.8371284323002,0.00030588728134853
2020-04-01 14:05:00,2485.0362547313143,0.00031234519090908255
2020-04-01 14:06:00,2484.994544104402,0.00031469432190749834
2020-04-01 14:07:00,2484.1955296580663,0.0003056068892181388
2020-04-01 14:08:00,2484.595530461646,0.00031085066192959885
2020-04-01 14:09:00,2485.541485802781,0.0003099064841020851
2020-04-01 14:10:00,2486.5539917035053,0.000299243538245376
2020-04-01 14:11:00,2486.437622061606,0.0002914835724695287
2020-04-01 14:12:00,2486.585715809402,0.000281551872024804
2020-04-01 14:13:00,2486.8775828760267,0.0002777765612824791
2020-04-01 14:14:00,2488.088716171829,0.00028629514779083973
2020-04-01 14:15:00,2488.584463253316,0.00027401852467975044
2020-04-01 14:16:00,2488.244861638799,0.00027241075308719244
2020-04-01 14:17:00,2488.0322413906933,0.0002645166512595885
2020-04-01 14:18:00,2486.3911614103313,0.00026050021834568245
2020-04-01 14:19:00,2486.2349231971557,0.00024227009751217037
2020-04-01 14:20:00,2485.876575931552,0.0002370292464400286
2020-04-01 14:21:00,2486.8617611419277,0.00023219190224021703
2020-04-01 14:22:00,2486.5239764485004,0.00023670162066319358
2020-04-01 14:23:00,2486.793568538168,0.00022471537413097797
2020-04-01 14:24:00,2486.946944634945,0.0002179818051238736
2020-04-01 14:25:00,2487.3787407368395,0.00023694776013663166
2020-04-01 14:26:00,2488.285325219309,0.0002570483670001041
2020-04-01 14:27:00,2488.2412298013583,0.0002622022150782116
2020-04-01 14:28:00,2487.8194452839725,0.0002555005190714075
2020-04-01 14:29:00,2487.9872756078735,0.0002558395997834146
2020-04-01 14:30:00,2488.145886651299,0.00024497408566875504
2020-04-01 14:31:00,2489.2136755775614,0.00024250275309061406
2020-04-01 14:32:00,2490.2892550356305,0.00024864258641160274
2020-04-01 14:33:00,2490.225690631204,0.0002449058138734179
2020-04-01 14:34:00,2490.236665588672,0.00025199795348228993
2020-04-01 14:35:00,2489.2957146802814,0.0002530083664677191
2020-04-01 14:36:00,2488.6742120205545,0.00025361326572302396
2020-04-01 14:37:00,2489.268388346219,0.000240154544926185
2020-04-01 14:38:00,2489.7376697632703,0.00023810170273238677
2020-04-01 14:39:00,2489.912091059596,0.0002383812142291657
2020-04-01 14:40:00,2491.385828630052,0.0002418460037200448
2020-04-01 14:41:00,2491.1426492986748,0.00023988428844695913
2020-04-01 14:42:00,2490.9045693926537,0.00025121244476702064
2020-04-01 14:43:00,2491.157142682247,0.00024658060289536236
2020-04-01 14:44:00,2492.0566193227733,0.0002457438917630731
2020-04-01 14:45:00,2492.044428896547,0.0002554768960609058
2020-04-01 14:46:00,2493.0607423125093,0.00023872520328061677
2020-04-01 14:47:00,2492.6779797018835,0.0002452691364572066
2020-04-01 14:48:00,2492.5328789145633,0.0002515298652570116
2020-04-01 14:49:00,2491.756417949064,0.00025019818386855133
2020-04-01 14:50:00,2491.9082526939355,0.00025989225470645256
2020-04-01 14:51:00,2491.6556091483617,0.00025345029319119567
2020-04-01 14:52:00,2491.901088900984,0.00023124795429950952
2020-04-01 14:53:00,2491.8129021195828,0.0002496190319954279
2020-04-01 14:54:00,2491.4787452215396,0.00026963759692420595
2020-04-01 14:55:00,2490.7880186028897,0.00027022238660625523
2020-04-01 14:56:00,2490.500360625762,0.0002641141841990596
2020-04-01 14:57:00,2490.22484055278,0.0002513795409318254
2020-04-01 14:58:00,2490.903883944824,0.00024413625157154365
2020-04-01 14:59:00,2491.5547677450263,0.00022000098772463484
2020-04-01 15:00:00,2491.8365277983403,0.00021477918811484522
2020-04-01 15:01:00,2491.1783833333834,0.00021841874172076904
2020-04-01 15:02:00,2491.0350803809306,0.00023592771132285962
2020-04-01 15:03:00,2490.9282005553514,0.00021696794299530162
2020-04-01 15:04:00,2491.1946598257696,0.00023630843482136475
2020-04-01 15:05:00,2491.5560640294934,0.00023046199544741246
2020-04-01 15:06:00,2492.4515797518998,0.00022948456939509101
2020-04-01 15:07:00,2492.231869906089,0.00022866984849318343
2020-04-01 15:08:00,2492.601153844175,0.0002118964160766472
2020-04-01 15:09:00,2492.7524600530955,0.0002147169422316594
2020-04-01 15:10:00,2492.572779322211,0.00022338669169556154
2020-04-01 15:11:00,2492.5989127640983,0.0002191697694054673
2020-04-01 15:12:00,2491.945571623968,0.00021031311262106146
2020-04-01 15:13:00,2491.8148094674957,0.00019655541178044528
2020-04-01 15:14:00,2491.944718745037,0.00020606350007340503
2020-04-01 15:15:00,2491.7958132412155,0.00019695729193448317
2020-04-01 15:16:00,2492.3665063146013,0.00019820234937344039
2020-04-01 15:17:00,2491.6176563470094,0.0001844878875412648
2020-04-01 15:18:00,2492.050527249472,0.00020214009664274886
2020-04-01 15:19:00,2492.253959069525,0.00019938173922071385
2020-04-01 15:20:00,2491.6803825014626,0.0001996449490354821
2020-04-01 15:21:00,2491.658807361517,0.00019656071673551474
2020-04-01 15:22:00,2492.2232646350744,0.00018513082914385499
2020-04-01 15:23:00,2491.6556562766345,0.000184987994303663
2020-04-01 15:24:00,2491.958015412668,0.0001903228383570287
2020-04-01 15:25:00,2492.2213828818353,0.00019936092923443638
2020-04-01 15:26:00,2492.1855830191084,0.00020409402026388341
2020-04-01 15:27:00,2492.9306090324994,0.00020282930198558621
2020-04-01 15:28:00,2493.124937248927,0.0001978254596324225
2020-04-01 15:29:00,2493.518127646761,0.0001882167304643628
2020-04-01 15:30:00,2493.216519424186,0.00018858447458244587
2020-04-01 15:31:00,2493.484251839299,0.0001747035007600052
2020-04-01 15:32:00,2493.1432681418387,0.00017227802379216753
2020-04-01 15:33:00,2493.150413600169,0.00017254183391815321
2020-04-01 15:34:00,2492.924431105778,0.00016329116359175544
2020-04-01 15:35:00,2492.498083847755,0.00016074388286989918
2020-04-01 15:36:00,2493.578451538919,0.00015084325396250937
2020-04-01 15:37:00,2493.5148340832006,0.00015847612160241884
2020-04-01 15:38:00,2493.9220947586405,0.00016339456127778914
2020-04-01 15:39:00,2494.0351674647613,0.00015054730720961358
2020-04-01 15:40:00,2494.486818202753,0.00015728341656813242
2020-04-01 15:41:00,2493.6402206756575,0.0001546498534194905
2020-04-01 15:42:00,2493.4672216920912,0.0001618835152666195
2020-04-01 15:43:00,2492.4188794866504,0.00016826962135042014
2020-04-01 15:44:00,2491.1841505809834,0.00017090757101041564
2020-04-01 15:45:00,2491.5648579737617,0.00015912247516651395
2020-04-01 15:46:00,2491.3858098836586,0.00015371970072798757
2020-04-01 15:47:00,2491.273327917993,0.00015526921561280922
2020-04-01 15:48:00,2491.481449438751,0.0001601661619478782
2020-04-01 15:49:00,2491.4097229214212,0.000162289184562498
2020-04-01 15:50:00,2491.1707649602504,0.00016239577115304083
2020-04-01 15:51:00,2491.1606445669536,0.00016883904627963196
2020-04-01 15:52:00,2491.377448790933,0.00015943459882738356
2020-04-01 15:53:00,2491.944784513252,0.00015804296580978016
2020-04-01 15:54:00,2492.4588012716877,0.00015606575274403547
2020-04-01 15:55:00,2492.4389263437915,0.00014717052201997433
2020-04-01 15:56:00,2492.664152038486,0.0001441000787968716
2020-04-01 15:57:00,2492.267418570881,0.00014242239858082174
2020-04-01 15:58:00,2492.1017022328174,0.0001446693842653438
2020-04-01 15:59:00,2491.4597315237775,0.0001520382131648797
2020-04-01 16:00:00,2491.3384655034733,0.00014567598973914064
2020-04-01 16:01:00,2491.2632987350685,0.00014030808099855526
2020-04-01 16:02:00,2491.6237499377853,0.00013036817768943628
2020-04-01 16:03:00,2491.6689963932877,0.0001260624455506971
2020-04-01 16:04:00,2491.6681958785152,0.00012065900351830942
2020-04-01 16:05:00,2491.1141872872267,0.0001234730192245938
2020-04-01 16:06:00,2490.9363270992935,0.00011407213287506305
2020-04-01 16:07:00,2490.6892252013113,0.00011721455445983916
2020-04-01 16:08:00,2490.31606417735,0.0001113230948293218
2020-04-01 16:09:00,2489.8607914846066,0.00010828957265118078
2020-04-01 16:10:00,2489.869382656393,0.00010612935727756002
2020-04-01 16:11:00,2490.2271935184854,0.00010579091184853678
2020-04-01 16:12:00,2490.569780361391,0.00010805074182765723
2020-04-01 16:13:00,2490.7462938263507,0.00011641089478763294
2020-04-01 16:14:00,2490.853826520416,0.00011858288453636765
2020-04-01 16:15:00,2490.948162393948,0.00011029638699142586
2020-04-01 16:16:00,2491.1056266092983,0.00011081996867458442
2020-04-01 16:17:00,2490.923028118266,0.00012341852799401616
2020-04-01 16:18:00,2491.14943634632,0.00011903359714220135
2020-04-01 16:19:00,2491.345422696751,0.00011837410606234814
2020-04-01 16:20:00,2491.1338110181414,0.00012162621686249583
2020-04-01 16:21:00,2491.3172775918906,0.00012278871575874622
2020-04-01 16:22:00,2491.530770061579,0.00011653973708833529
2020-04-01 16:23:00,2490.772314842543,0.00011924479882105813
2020-04-01 16:24:00,2490.8634749668213,0.00012215419630094875
2020-04-01 16:25:00,2490.6788308216696,0.00011915642726333284
2020-04-01 16:26:00,2490.312386067859,0.00012281734282378043
2020-04-01 16:27:00,2490.4303945952665,0.00011994257491364123
2020-04-01 16:28:00,2490.5623807630623,0.0001206191461256977
2020-04-01 16:29:00,2491.0554428073824,0.00011749187882886705
2020-04-01 16:30:00,2491.1051482109615,0.00011394386864449743
2020-04-01 16:31:00,2491.05472577914,0.00011011383339416651
2020-04-01 16:32:00,2491.111719752664,0.00010452566977375987
2020-04-01 16:33:00,2490.7900049837544,0.00010796980063018431
2020-04-01 16:34:00,2490.718165272087,0.00010088284378925886
2020-04-01 16:35:00,2490.2642727893463,0.00010346441618756528
2020-04-01 16:36:00,2490.2017266069743,9.991395097778798e-05
2020-04-01 16:37:00,2490.5079558738826,0.00010346502138343509
2020-04-01 16:38:00,2490.3455026883094,0.00010328199360425146
2020-04-01 16:39:00,2490.122703190701,0.00010215251544901352
2020-04-01 16:40:00,2490.1773760472643,0.00010703244267899795
2020-04-01 16:41:00,2489.5440033491327,0.00011212378277087466
2020-04-01 16:42:00,2489.545593285848,0.00011074191381325836
2020-04-01 16:43:00,2489.7133043734793,0.00010266011707608469
2020-04-01 16:44:00,2489.395267725181,0.00010673759087872903
2020-04-01 16:45:00,2489.5907196731587,0.00010987540015722192
2020-04-01 16:46:00,2489.4406789896393,0.0001154366093050754
2020-04-01 16:47:00,2489.696319332301,0.00011792101193117138
2020-04-01 16:48:00,2489.3598127757355,0.00011710063779446678
2020-04-01 16:49:00,2489.369465797247,0.00011863806406960797
2020-04-01 16:50:00,2489.6283191288567,0.00012724653627537114
2020-04-01 16:51:00,2489.9151447839645,0.0001275412185152335
2020-04-01 16:52:00,2489.9119512035995,0.00012986440034421016
2020-04-01 16:53:00,2490.313163081491,0.00012513095042439683
2020-04-01 16:54:00,2490.0376504367473,0.00013242220231352706
2020-04-01 16:55:00,2490.1120982796865,0.00012877166001386582
2020-04-01 16:56:00,2490.2386758943076,0.00012381272472879282
2020-04-01 16:57:00,2490.0905517847355,0.00012466042836939558
2020-04-01 16:58:00,2490.390303327418,0.00013293452513882985
2020-04-01 16:59:00,2490.4811324996435,0.00013904663670470492
2020-04-01 17:00:00,2490.7122246013605,0.0001348450933028804
2020-04-01 17:01:00,2490.484456637131,0.00012938508033694316
2020-04-01 17:02:00,2490.57111761464,0.00012895406369230599
2020-04-01 17:03:00,2490.352955079542,0.00013578312341911667
2020-04-01 17:04:00,2490.038073472714,0.00013953142895592666
2020-04-01 17:05:00,2490.2605849259903,0.0001397014249664648
2020-04-01 17:06:00,2490.3912845316513,0.00013383437097563847
2020-04-01 17:07:00,2490.50669805287,0.00013637818153054704
2020-04-01 17:08:00,2490.5561407094424,0.00013902257647523808
2020-04-01 17:09:00,2490.7615172088044,0.00015020504197071885
2020-04-01 17:10:00,2490.5050476053525,0.00015467795740488897
2020-04-01 17:11:00,2490.759979167094,0.00014601681619913975
2020-04-01 17:12:00,2490.919479546988,0.00013634417339197642
2020-04-01 17:13:00,2490.8330586799307,0.0001334705100310091
2020-04-01 17:14:00,2490.501950822835,0.00014663728959465647
2020-04-01 17:15:00,2490.1267379769974,0.00014158974937549668
2020-04-01 17:16:00,2490.6758026608395,0.00015067928606040315
2020-04-01 17:17:00,2490.730781018763,0.00015613846317924992
2020-04-01 17:18:00,2490.7506630839,0.00014891501014043854
2020-04-01 17:19:00,2490.1687461677852,0.00014388720406083728
2020-04-01 17:20:00,2490.738327242951,0.00013626593305867194
2020-04-01 17:21:00,2490.681118296085,0.00013923099717501677
2020-04-01 17:22:00,2490.915908036308,0.00014066594838866293
2020-04-01 17:23:00,2490.7885664778983,0.00014525946265583076
2020-04-01 17:24:00,2490.803922165178,0.00014904645334019487
2020-04-01 17:25:00,2491.154317360972,0.00015413477119045508
2020-04-01 17:26:00,2491.1646908010553,0.00015070985145989
2020-04-01 17:27:00,2491.28037544953,0.00014959380361942567
2020-04-01 17:28:00,2490.8698888841946,0.00015917315482258314
2020-04-01 17:29:00,2490.2934930611236,0.00016713250092108772
2020-04-01 17:30:00,2490.0780841855812,0.00017252758525956825
2020-04-01 17:31:00,2489.726916408338,0.00018065725463585922
2020-04-01 17:32:00,2488.9540506934827,0.00018914825306707965
2020-04-01 17:33:00,2489.3461866649177,0.0001865858740106248
2020-04-01 17:34:00,2488.7340524617334,0.00017960459360579276
2020-04-01 17:35:00,2488.2152051219964,0.00017890105963387257
2020-04-01 17:36:00,2488.0270507155583,0.0001749917339309062
2020-04-01 17:37:00,2487.924736117432,0.0001610385987376289
2020-04-01 17:38:00,2488.3338797441565,0.00016180592933533696
2020-04-01 17:39:00,2488.7542764324003,0.00015778023834865364
2020-04-01 17:40:00,2488.074152777682,0.0001546798055542016
2020-04-01 17:41:00,2487.850757159143,0.00015579482652130017
2020-04-01 17:42:00,2488.0883582241386,0.0001562217664617307
2020-04-01 17:43:00,2488.0299253643834,0.00015137425643535216
2020-04-01 17:44:00,2488.3624947545977,0.00015438322588453784
2020-04-01 17:45:00,2488.4963390754197,0.00016249193368474919
2020-04-01 17:46:00,2488.2535997263267,0.00016251119293990486
2020-04-01 17:47:00,2488.148902388963,0.00015356715495092903
2020-04-01 17:48:00,2488.023409865293,0.0001575984141482873
2020-04-01 17:49:00,2488.131158593202,0.00016082506111649177
2020-04-01 17:50:00,2488.167910877161,0.00016015318305519186
2020-04-01 17:51:00,2488.7391313511944,0.00016190771362020027
2020-04-01 17:52:00,2488.7489220815405,0.00015166147607897944
2020-04-01 17:53:00,2489.071370361309,0.00015610174747293504
2020-04-01 17:54:00,2489.7153074224984,0.00017063382492874343
2020-04-01 17:55:00,2489.430452153318,0.00016800878204661527
2020-04-01 17:56:00,2489.2928345855153,0.00015328755716188125
2020-04-01 17:57:00,2489.3851028403187,0.00016298324706476552
2020-04-01 17:58:00,2490.0103930432538,0.00016909573681692813
2020-04-01 17:59:00,2489.446600477295,0.0001626457153365378
2020-04-01 18:00:00,2489.435675835778,0.0001521376410087857
2020-04-01 18:01:00,2489.241940705025,0.00015633570525695406
2020-04-01 18:02:00,2489.0854630985705,0.00015474474459053128
2020-04-01 18:03:00,2489.4215758917526,0.0001443455942461562
2020-04-01 18:04:00,2489.2686044284987,0.0001381162307358981
2020-04-01 18:05:00,2489.607634884946,0.0001418007030226316
2020-04-01 18:06:00,2489.3837603694155,0.0001598475138008579
2020-04-01 18:07:00,2489.373801225164,0.00016114623433268382
2020-04-01 18:08:00,2488.869657255923,0.00015730807160381925
2020-04-01 18:09:00,2488.5657947528916,0.0001477408574030963
2020-04-01 18:10:00,2488.3208014576285,0.00015828908914529473
2020-04-01 18:11:00,2488.143813178542,0.0001543675219894996
2020-04-01 18:12:00,2487.9378069976724,0.00015553011535246954
2020-04-01 18:13:00,2488.1097875280766,0.00015336210774178466
2020-04-01 18:14:00,2488.398903986723,0.000165467262769939
2020-04-01 18:15:00,2488.093867863007,0.0001661208774201768
2020-04-01 18:16:00,2487.72320001227,0.00016186044436165356
2020-04-01 18:17:00,2487.764635194963,0.00015608364391912224
2020-04-01 18:18:00,2488.008291338212,0.00014599741170870037
2020-04-01 18:19:00,2488.0181049323505,0.0001481020031738906
2020-04-01 18:20:00,2487.2312492277424,0.0001420775086304746
2020-04-01 18:21:00,2487.26069123858,0.00014051396386656248
2020-04-01 18:22:00,2486.503766207366,0.00014301240892208815
2020-04-01 18:23:00,2487.2679345212273,0.00013840381979546995
2020-04-01 18:24:00,2487.2450334365526,0.00013096852058787
2020-04-01 18:25:00,2487.134021454697,0.00012947380899293393
2020-04-01 18:26:00,2487.2505292281785,0.00013072680786443985
2020-04-01 18:27:00,2486.963374841008,0.000125525843548102
2020-04-01 18:28:00,2487.3537660911343,0.00012892223294216072
2020-04-01 18:29:00,2487.3922267893204,0.00013557587289737241
2020-04-01 18:30:00,2487.258710419668,0.0001406932153127218
2020-04-01 18:31:00,2486.855747701505,0.0001394124269252655
2020-04-01 18:32:00,2486.4681261418873,0.0001313577755783045
2020-04-01 18:33:00,2485.9476454510736,0.00012938914516855222
2020-04-01 18:34:00,2486.279626963412,0.00013094163262034902
2020-04-01 18:35:00,2485.915611914122,0.0001389716223646922
2020-04-01 18:36:00,2485.5221911473677,0.00014127251126228081
2020-04-01 18:37:00,2485.71852882622,0.00014329882075199762
2020-04-01 18:38:00,2484.5573746035075,0.00013901389652612182
2020-04-01 18:39:00,2484.476298098662,0.00014630557835147045
2020-04-01 18:40:00,2484.4611426747206,0.00014933141065417491
2020-04-01 18:41:00,2484.2407531950507,0.00016181550207967557
2020-04-01 18:42:00,2484.3158660965246,0.00016607071059555957
2020-04-01 18:43:00,2483.891463649259,0.00016402809762555332
2020-04-01 18:44:00,2484.082703768624,0.00016271063675037044
2020-04-01 18:45:00,2484.1070024133687,0.00016645276655619822
2020-04-01 18:46:00,2484.0785909640426,0.0001540664074002301
2020-04-01 18:47:00,2485.030714473755,0.00015784376654141434
2020-04-01 18:48:00,2485.3113487599708,0.0001634218323428112
2020-04-01 18:49:00,2484.91111293162,0.00015484337336577587
2020-04-01 18:50:00,2484.4876510879985,0.00016050893151035717
2020-04-01 18:51:00,2484.8343767519273,0.00015765431223966207
2020-04-01 18:52:00,2484.9467125248852,0.0001600119780811222
2020-04-01 18:53:00,2485.4884830883566,0.00015180296151525382
2020-04-01 18:54:00,2485.3806892368466,0.00015513874729713466
2020-04-01 18:55:00,2485.697995399305,0.00015007362246197226
2020-04-01 18:56:00,2486.2329158763177,0.00014818270635131157
2020-04-01 18:57:00,2485.9757947886405,0.0001508320694437222
2020-04-01 18:58:00,2485.525917710817,0.00014524231695510733
2020-04-01 18:59:00,2484.9915224939496,0.00015584657707914688
2020-04-01 19:00:00,2484.5066004981063,0.00014580741219620137
2020-04-01 19:01:00,2484.8856419194794,0.00014749428207426785
2020-04-01 19:02:00,2484.9335326517985,0.0001489938452534259
2020-04-01 19:03:00,2485.2000246838497,0.00015702620977391278
2020-04-01 19:04:00,2484.832865494345,0.00015697996789109647
2020-04-01 19:05:00,2484.2477412161516,0.00015655715513206888
2020-04-01 19:06:00,2485.101362666632,0.00015617563772003492
2020-04-01 19:07:00,2484.491476272796,0.00016382812919250606
2020-04-01 19:08:00,2484.546241287635,0.00016395306288281066
2020-04-01 19:09:00,2484.3830092343587,0.00015783571300908832
2020-04-01 19:10:00,2484.219718350863,0.00015491237317285684
2020-04-01 19:11:00,2484.678013216398,0.00015706803327663612
2020-04-01 19:12:00,2485.160784122899,0.00016132688345218252
2020-04-01 19:13:00,2484.8159721500697,0.0001620239818038929
2020-04-01 19:14:00,2484.762785720341,0.00014386530412883889
2020-04-01 19:15:00,2484.8312868966837,0.00015318317671060601
2020-04-01 19:16:00,2485.252056377407,0.00014956346847293313
2020-04-01 19:17:00,2485.0812984923527,0.00014144830106843214
2020-04-01 19:18:00,2485.3262922497297,0.00013484930872617406
2020-04-01 19:19:00,2485.0436151237514,0.0001317465034526814
2020-04-01 19:20:00,2484.592496785466,0.0001354574661677959
2020-04-01 19:21:00,2484.197074944786,0.00013617021821014916
2020-04-01 19:22:00,2484.384263111456,0.00013096036515801172
2020-04-01 19:23:00,2484.817507500774,0.0001361522156921022
2020-04-01 19:24:00,2484.469151650783,0.00015250043953074006
2020-04-01 19:25:00,2484.155671438013,0.00015570295633282605
2020-04-01 19:26:00,2484.1700345195386,0.0001569888450947608
2020-04-01 19:27:00,2483.9969858041545,0.00016854403889404157
2020-04-01 19:28:00,2483.78728230683,0.00018062427881333806
2020-04-01 19:29:00,2483.46625662385,0.0001808990963241644
2020-04-01 19:30:00,2483.262676294323,0.00017253387744797563
2020-04-01 19:31:00,2484.050421056128,0.00016671955826999288
2020-04-01 19:32:00,2483.6990952597084,0.00015869390500700806
2020-04-01 19:33:00,2483.6692296346846,0.00015184105462791618
2020-04-01 19:34:00,2483.5708778565536,0.00014602004730321138
2020-04-01 19:35:00,2483.505122126878,0.00014083184031372112
2020-04-01 19:36:00,2483.7407960591977,0.00014791895925022065
2020-04-01 19:37:00,2483.8885351290473,0.0001408395235185841
2020-04-01 19:38:00,2483.582323773657,0.00012685285293125665
2020-04-01 19:39:00,2483.514608006201,0.0001220538039455398
2020-04-01 19:40:00,2483.119831307909,0.0001272750205428094
2020-04-01 19:41:00,2482.881860647892,0.0001294057299236924
2020-04-01 19:42:00,2482.486768427351,0.00013269798496319535
2020-04-01 19:43:00,2482.0404474930206,0.00012965656674856937
2020-04-01 19:44:00,2481.6732629573507,0.00012885513778375507
2020-04-01 19:45:00,2481.130027946034,0.00013191372035895908
2020-04-01 19:46:00,2481.109532873279,0.00013465348084056982
2020-04-01 19:47:00,2480.8004990053178,0.00015014295529452805
2020-04-01 19:48:00,2481.011272193833,0.00014896158436027517
2020-04-01 19:49:00,2480.8039274989824,0.00014733572784843445
2020-04-01 19:50:00,2480.4812663341654,0.00015448868557543316
2020-04-01 19:51:00,2479.561896097778,0.00015560475753259717
2020-04-01 19:52:00,2479.5304283303794,0.00014269402115171676
2020-04-01 19:53:00,2478.910638791401,0.00014275234209754377
2020-04-01 19:54:00,2479.621690291478,0.00015264532748460565
2020-04-01 19:55:00,2479.106144433007,0.00014967126739670817
2020-04-01 19:56:00,2478.707474927596,0.00014825313791510202
2020-04-01 19:57:00,2478.51112770665,0.00016193391477737756
2020-04-01 19:58:00,2478.916044628097,0.0001602204207631876
2020-04-01 19:59:00,2478.9437670496804,0.00016411436540937377
2020-04-02 13:30:00,2473.2350973785046,0.0001707607144450227
2020-04-02 13:31:00,2472.887099517157,0.00018656393086417342
2020-04-02 13:32:00,2472.2654655914494,0.0001713497175951256
2020-04-02 13:33:00,2471.756012932147,0.000160723414411198
2020-04-02 13:34:00,2471.8287295405366,0.00015428828403212801
2020-04-02 13:35:00,2472.236257477023,0.00015916637284980886
2020-04-02 13:36:00,2471.8458581938967,0.00016912094571482756
2020-04-02 13:37:00,2471.79759200378,0.00017572305154827395
2020-04-02 13:38:00,2472.170491784823,0.00017678292242828805
2020-04-02 13:39:00,2471.420078003059,0.00017063874356709237
2020-04-02 13:40:00,2471.042082236282,0.00018331081290129744
2020-04-02 13:41:00,2471.67448796299,0.0001896800335654943
2020-04-02 13:42:00,2472.132297580343,0.00020758665012796964
2020-04-02 13:43:00,2472.1707482205447,0.00021386483966390129
2020-04-02 13:44:00,2471.772344999571,0.00019869188208328264
2020-04-02 13:45:00,2470.564652968781,0.0002151380860490844
2020-04-02 13:46:00,2470.7554897965424,0.0002133387637645782
2020-04-02 13:47:00,2471.092791916483,0.0002150978642551807
2020-04-02 13:48:00,2470.196474718998,0.00020710489857013795
2020-04-02 13:49:00,2470.6099623921823,0.00020686427104870853
2020-04-02 13:50:00,2470.059325654368,0.00021793206066671964
2020-04-02 13:51:00,2470.227529824605,0.00021421772278725493
2020-04-02 13:52:00,2470.3416437237847,0.00022237322023167246
2020-04-02 13:53:00,2470.191108038312,0.0002194015276533384
2020-04-02 13:54:00,2470.5333034947153,0.00022076184192048668
2020-04-02 13:55:00,2470.857219290822,0.00020704952056820806
2020-04-02 13:56:00,2471.151074846865,0.00021280417076242517
2020-04-02 13:57:00,2470.9612682723487,0.00021015256863690752
2020-04-02 13:58:00,2471.4211498046448,0.0002116191638513126
2020-04-02 13:59:00,2470.723652617869,0.0001958820389588605
2020-04-02 14:00:00,2470.925117498723,0.00019482378127707708
2020-04-02 14:01:00,2470.348985343064,0.0001930141744562144
2020-04-02 14:02:00,2470.8326225462943,0.0001981180776197177
2020-04-02 14:03:00,2470.3686529142583,0.00020086316773541583
2020-04-02 14:04:00,2470.834761674537,0.0002111881964222701
2020-04-02 14:05:00,2470.4090910116956,0.00020878069611501707
2020-04-02 14:06:00,2470.1910247685396,0.00022173277694905434
2020-04-02 14:07:00,2470.1093935446197,0.00020758912775429095
2020-04-02 14:08:00,2470.408715998228,0.000206633307197936
2020-04-02 14:09:00,2469.59560607438,0.0001990159936781962
2020-04-02 14:10:00,2470.402348561932,0.00020056043875438484
2020-04-02 14:11:00,2470.1518117070186,0.00020243624195035045
2020-04-02 14:12:00,2469.6714470384554,0.00020736692003840788
2020-04-02 14:13:00,2468.5845425644416,0.00021651971074193593
2020-04-02 14:14:00,2468.397118174869,0.00020278764899674538
2020-04-02 14:15:00,2468.9802193021164,0.00019135569230069882
2020-04-02 14:16:00,2468.1307354628425,0.0002080489994314012
2020-04-02 14:17:00,2468.2481224222843,0.00021458300405582164
2020-04-02 14:18:00,2468.0132665509063,0.0002140760136910726
2020-04-02 14:19:00,2467.1856978509195,0.00021815186583004013
2020-04-02 14:20:00,2466.9580072483473,0.0002041081103483247
2020-04-02 14:21:00,2465.760855909773,0.00020629552145104042
2020-04-02 14:22:00,2465.209893407129,0.00020044805318596338
2020-04-02 14:23:00,2464.7220447818227,0.00019333803242157013
2020-04-02 14:24:00,2463.8534218951786,0.000179986940998551
2020-04-02 14:25:00,2463.2463913876018,0.00019062160295695257
2020-04-02 14:26:00,2463.71418511001,0.00018671363384535278
2020-04-02 14:27:00,2463.046774497407,0.0001952464492644475
2020-04-02 14:28:00,2462.5489950056076,0.00019836542937296038
2020-04-02 14:29:00,2462.8688245565795,0.00019842416794530536
2020-04-02 14:30:00,2462.7469179067616,0.00020411971915295014
2020-04-02 14:31:00,2463.033673644387,0.0001939665883462141
2020-04-02 14:32:00,2463.048397210904,0.00020573692353747697
2020-04-02 14:33:00,2462.7080036581365,0.00020257832842242475
2020-04-02 14:34:00,2461.7127574801734,0.00019995015272432408
2020-04-02 14:35:00,2461.903123268475,0.00019084457335869146
2020-04-02 14:36:00,2461.499458381348,0.00019468377573880568
2020-04-02 14:37:00,2461.3744454752414,0.00019629318609299282
2020-04-02 14:38:00,2461.72142322103,0.00019829236776235242
2020-04-02 14:39:00,2461.290045932116,0.00020210609411854476
2020-04-02 14:40:00,2461.7779152103544,0.000208327388839635
2020-04-02 14:41:00,2462.3073306968645,0.0002035046964428154
2020-04-02 14:42:00,2462.543830833452,0.0002191236066224606
2020-04-02 14:43:00,2462.7070071905473,0.0002273611371124044
2020-04-02 14:44:00,2461.9369635736675,0.00021661076090206672
2020-04-02 14:45:00,2462.2520723823677,0.0002111775129513202
2020-04-02 14:46:00,2462.6973827670195,0.00020448617619050463
2020-04-02 14:47:00,2462.253392311428,0.00021606108477077482
2020-04-02 14:48:00,2461.51872773495,0.00022569729328541415
2020-04-02 14:49:00,2461.3745590787175,0.0002184722616764912
2020-04-02 14:50:00,2461.384286119839,0.0002247713587181918
2020-04-02 14:51:00,2461.5128659003417,0.0002219387192620996
2020-04-02 14:52:00,2462.074905993757,0.0002158595891821563
2020-04-02 14:53:00,2462.634998247749,0.00020601966103205043
2020-04-02 14:54:00,2462.849721656133,0.00021133892752597303
2020-04-02 14:55:00,2462.3119890249773,0.00020387058377095856
2020-04-02 14:56:00,2462.3199150738055,0.00020096402969316498
2020-04-02 14:57:00,2461.7335124491447,0.00020990802206340798
2020-04-02 14:58:00,2461.014769329316,0.00020930569323587383
2020-04-02 14:59:00,2460.2866011473693,0.00022620246712034146
2020-04-02 15:00:00,2460.715295242757,0.0002306376953777736
2020-04-02 15:01:00,2460.366551250163,0.00022642537354997902
2020-04-02 15:02:00,2459.226058034078,0.00024717552786176204
2020-04-02 15:03:00,2459.9229660414617,0.00023944313369070566
2020-04-02 15:04:00,2460.6567551723188,0.00023862983802458787
2020-04-02 15:05:00,2461.4522530183062,0.00025523785916439215
2020-04-02 15:06:00,2459.761201009545,0.0002648934920732526
2020-04-02 15:07:00,2460.0089955230633,0.00028989960718525236
2020-04-02 15:08:00,2461.21888026402,0.0002857142104583855
2020-04-02 15:09:00,2461.0155672575124,0.0003122790550181623
2020-04-02 15:10:00,2461.609525264284,0.00031354740645776584
2020-04-02 15:11:00,2461.5909560814102,0.0003221500349935067
2020-04-02 15:12:00,2459.9321786685346,0.0003331308820707386
2020-04-02 15:13:00,2460.34707802305,0.000316411535260172
2020-04-02 15:14:00,2460.134038551568,0.0003139853118705656
2020-04-02 15:15:00,2460.4059942170516,0.00034497177231652547
2020-04-02 15:16:00,2460.9404885367985,0.00032635713099175785
2020-04-02 15:17:00,2461.1759443598917,0.0003305198439914108
2020-04-02 15:18:00,2461.4456242839965,0.0003178260344169051
2020-04-02 15:19:00,2461.7262232106964,0.00028103841737345633
2020-04-02 15:20:00,2461.177377018779,0.00029196945253825367
2020-04-02 15:21:00,2462.1854672205523,0.0002850493467079998
2020-04-02 15:22:00,2463.1030740403326,0.00029350906703954125
2020-04-02 15:23:00,2463.3062611529945,0.00028877556097532594
2020-04-02 15:24:00,2464.2187954258684,0.0002928745314218939
2020-04-02 15:25:00,2465.0790782161707,0.0002628535509485794
2020-04-02 15:26:00,2465.748972367851,0.00026244717240469964
2020-04-02 15:27:00,2465.7791937824977,0.00027200739134472366
2020-04-02 15:28:00,2464.8055766528937,0.00028370471665378825
2020-04-02 15:29:00,2465.4960890575167,0.0003058232212262021
2020-04-02 15:30:00,2465.257707007487,0.00030972926859466546
2020-04-02 15:31:00,2465.844623319131,0.0002904578176794953
2020-04-02 15:32:00,2465.7339248594476,0.0002934796750477835
2020-04-02 15:33:00,2465.812524492406,0.0002704348322747169
2020-04-02 15:34:00,2464.898762328955,0.00025666578501993957
2020-04-02 15:35:00,2465.5507409911793,0.0002542122958985751
2020-04-02 15:36:00,2465.5518706622865,0.00026314707663141257
2020-04-02 15:37:00,2467.188479327395,0.00023889690269634465
2020-04-02 15:38:00,2467.400007964896,0.0002487106996983787
2020-04-02 15:39:00,2468.551334758328,0.0002440474105614275
2020-04-02 15:40:00,2469.545849575282,0.00023633949584140636
2020-04-02 15:41:00,2469.30274002732,0.00023048018280731833
2020-04-02 15:42:00,2468.544091953813,0.00021851700206317246
2020-04-02 15:43:00,2468.6060160143006,0.00021463213750266206
2020-04-02 15:44:00,2468.211860607742,0.00023091867977832541
2020-04-02 15:45:00,2468.658580312445,0.00021299764238053888
2020-04-02 15:46:00,2468.4252015308625,0.00020468498001092124
2020-04-02 15:47:00,2468.3563677951747,0.00019930034290913744
2020-04-02 15:48:00,2468.9391702625317,0.00020353219267373764
2020-04-02 15:49:00,2468.718205522645,0.00022725358718106399
2020-04-02 15:50:00,2469.4584120977283,0.00021734953528941653
2020-04-02 15:51:00,2468.9567197420192,0.00023099947725869265
2020-04-02 15:52:00,2469.2950138648835,0.00022461905115195971
2020-04-02 15:53:00,2469.4155600245917,0.00021319952204729178
2020-04-02 15:54:00,2469.6176535588193,0.0002201054621088492
2020-04-02 15:55:00,2468.755034788172,0.00021951519920915112
2020-04-02 15:56:00,2468.803314504352,0.0002151313039308198
2020-04-02 15:57:00,2469.424110923336,0.00021421141136561446
2020-04-02 15:58:00,2469.249578574732,0.00022534826663169909
2020-04-02 15:59:00,2469.606348814744,0.00021241926914635347
2020-04-02 16:00:00,2469.612687308319,0.00021520494593429184
2020-04-02 16:01:00,2468.963734049723,0.00021861250486557057
2020-04-02 16:02:00,2468.500396130602,0.00021212946111805157
2020-04-02 16:03:00,2468.582292618489,0.0001982719251961861
2020-04-02 16:04:00,2468.8520316745467,0.00019673643679087095
2020-04-02 16:05:00,2468.8839515046316,0.000196055458499767
2020-04-02 16:06:00,2469.1618202364875,0.00019494467793642933
2020-04-02 16:07:00,2469.1431060434,0.0001994606768683405
2020-04-02 16:08:00,2468.7396432661244,0.00020062446150047794
2020-04-02 16:09:00,2468.231076291377,0.000194544340773406
2020-04-02 16:10:00,2467.6843871197816,0.0001892735768938228
2020-04-02 16:11:00,2467.361595531038,0.00018477757269520559
2020-04-02 16:12:00,2467.5765713833043,0.00017935014193171708
2020-04-02 16:13:00,2466.9543906657814,0.00018445684947653642
2020-04-02 16:14:00,2466.6469185100973,0.0002012095570603577
2020-04-02 16:15:00,2466.1328801768304,0.00019194400371026768
2020-04-02 16:16:00,2466.2183282018495,0.00019482492548758334
2020-04-02 16:17:00,2466.0987067845776,0.00019776392797892468
2020-04-02 16:18:00,2465.46255824519,0.00018365309407692695
2020-04-02 16:19:00,2465.259233716721,0.00019433213084585867
2020-04-02 16:20:00,2464.5532708494707,0.00018387276056120247
2020-04-02 16:21:00,2464.0164056427852,0.00018991896057490984
2020-04-02 16:22:00,2464.1681591661622,0.00018730870792929387
2020-04-02 16:23:00,2463.6212618093864,0.0001967788876750962
2020-04-02 16:24:00,2463.03031806163,0.0001945327042258628
2020-04-02 16:25:00,2462.9555338864557,0.0001965056799339955
2020-04-02 16:26:00,2463.289758292763,0.00020042008365826563
2020-04-02 16:27:00,2462.9224832584655,0.00020010590241122347
2020-04-02 16:28:00,2462.9808132649714,0.0001993840241897028
2020-04-02 16:29:00,2463.1813967010944,0.0001882719784280545
2020-04-02 16:30:00,2464.1612657585033,0.00018438228920638282
2020-04-02 16:31:00,2464.307263363169,0.00018268545249774083
2020-04-02 16:32:00,2464.855243046681,0.0001808636269968502
2020-04-02 16:33:00,2463.889269466824,0.00017965221313798145
2020-04-02 16:34:00,2463.8234355817945,0.00017771766140136904
2020-04-02 16:35:00,2463.9341980314316,0.0001727785224089295
2020-04-02 16:36:00,2463.407709161171,0.00017377325910513934
2020-04-02 16:37:00,2463.7024232481426,0.0001813487949842147
2020-04-02 16:38:00,2464.3590291386427,0.0001799840898455804
2020-04-02 16:39:00,2464.8937079028037,0.00019069826772554686
2020-04-02 16:40:00,2464.7543605773976,0.00019444098850832534
2020-04-02 16:41:00,2464.045198396879,0.00018881874681700154
2020-04-02 16:42:00,2463.7653109886223,0.00017640701165803988
2020-04-02 16:43:00,2464.4187582737413,0.00018671974501312534
2020-04-02 16:44:00,2464.630212940955,0.00019048993294496703
2020-04-02 16:45:00,2464.4457120904517,0.00017228507919612543
2020-04-02 16:46:00,2464.202771093335,0.00017731476575468357
2020-04-02 16:47:00,2464.2144606638385,0.00018175269693620675
2020-04-02 16:48:00,2464.9193507683194,0.00019046390524293748
2020-04-02 16:49:00,2465.0033990523607,0.00020314464011129903
2020-04-02 16:50:00,2464.6768818173414,0.0001956586313368439
2020-04-02 16:51:00,2465.147519458563,0.0001943883056896566
2020-04-02 16:52:00,2465.058049363199,0.00018387036059063216
2020-04-02 16:53:00,2464.9688095662655,0.00019398315442763984
2020-04-02 16:54:00,2464.1518768964024,0.00018968408719303192
2020-04-02 16:55:00,2463.8526663057255,0.00017515021587706037
2020-04-02 16:56:00,2462.830113750783,0.00019284406852854963
2020-04-02 16:57:00,2464.0240629797677,0.00019434486527113994
2020-04-02 16:58:00,2463.818513437779,0.0002157261059647198
2020-04-02 16:59:00,2464.541342837762,0.00020893665127597857
2020-04-02 17:00:00,2464.9951409980004,0.0002081142922124757
2020-04-02 17:01:00,2465.1645505634756,0.00019470859096215655
2020-04-02 17:02:00,2464.89841420019,0.00018665451831901086
2020-04-02 17:03:00,2465.343207745206,0.00018383918261535446
2020-04-02 17:04:00,2465.4677103082986,0.0001898102464796152
2020-04-02 17:05:00,2466.046379233204,0.00019059940488815215
2020-04-02 17:06:00,2466.2399581475734,0.0001979628049746848
2020-04-02 17:07:00,2465.0723144666827,0.00019516293627412642
2020-04-02 17:08:00,2464.6852775564143,0.00020816789009071819
2020-04-02 17:09:00,2463.640949465466,0.0002084067996727307
2020-04-02 17:10:00,2462.987207953193,0.00020437164677648145
2020-04-02 17:11:00,2463.27604758919,0.0002048964760900571
2020-04-02 17:12:00,2463.214643446526,0.0002003610903980098
2020-04-02 17:13:00,2464.0064708765094,0.00019599463186793304
2020-04-02 17:14:00,2463.720695765133,0.00019386674565718482
2020-04-02 17:15:00,2463.1075669901243,0.00020781699271895466
2020-04-02 17:16:00,2463.381401728443,0.00020552087987232674
2020-04-02 17:17:00,2462.8042139990994,0.00020433450892606443
2020-04-02 17:18:00,2462.5031026600345,0.00019911864487480438
2020-04-02 17:19:00,2461.9226080447434,0.00019495674886719634
2020-04-02 17:20:00,2461.8086557554816,0.00018820604284425392
2020-04-02 17:21:00,2461.9997093511656,0.00016978304467989283
2020-04-02 17:22:00,2462.0568904711827,0.00015166081918786568
2020-04-02 17:23:00,2462.3250447537603,0.0001714299335727062
2020-04-02 17:24:00,2462.4826823164967,0.0001702894744255793
2020-04-02 17:25:00,2463.021686792654,0.000176994839270865
2020-04-02 17:26:00,2463.350306132104,0.0001842550474104241
2020-04-02 17:27:00,2463.2852787464867,0.00017534499748936278
2020-04-02 17:28:00,2463.161896991861,0.00018101527692929842
2020-04-02 17:29:00,2463.1504232223565,0.00019167941488728132
2020-04-02 17:30:00,2463.3199273521473,0.00018829928440507486
2020-04-02 17:31:00,2462.7501765272723,0.00018310163521586962
2020-04-02 17:32:00,2463.0183932282853,0.00019296114773643952
2020-04-02 17:33:00,2463.4288667121195,0.00017933762669905719
2020-04-02 17:34:00,2463.1792344906125,0.00017923011034405546
2020-04-02 17:35:00,2463.2766252184288,0.0001811448063774746
2020-04-02 17:36:00,2462.988751863158,0.00017926683981472173
2020-04-02 17:37:00,2462.7522578829635,0.00015881975696684897
2020-04-02 17:38:00,2462.746930988509,0.00015444262446110386
2020-04-02 17:39:00,2462.041048801275,0.00016909632627249934
2020-04-02 17:40:00,2462.8606855883622,0.0001713945969991038
2020-04-02 17:41:00,2462.871941471413,0.0001720192364589862
2020-04-02 17:42:00,2463.021988439042,0.00017786970206463832
2020-04-02 17:43:00,2462.6079728295913,0.0001700630656309191
2020-04-02 17:44:00,2461.6598219211364,0.00017111481777336515
2020-04-02 17:45:00,2460.4365179075944,0.0001697143373278234
2020-04-02 17:46:00,2459.9796209290557,0.00016369016355018126
2020-04-02 17:47:00,2459.8599442065524,0.00016202885347428434
2020-04-02 17:48:00,2459.7190538505583,0.00015196328311233752
2020-04-02 17:49:00,2459.4561603972684,0.00015086785051759532
2020-04-02 17:50:00,2459.8636600827913,0.00015366994847828977
2020-04-02 17:51:00,2459.6821221077353,0.00014660013830487253
2020-04-02 17:52:00,2460.2047206955554,0.00014295407860647312
2020-04-02 17:53:00,2459.6141181952553,0.00013361507595016525
2020-04-02 17:54:00,2459.6620819442574,0.0001281453743177573
2020-04-02 17:55:00,2459.383207517022,0.00012833838646547123
2020-04-02 17:56:00,2458.9950497747104,0.00013449744552695048
2020-04-02 17:57:00,2459.087766668716,0.00013230015803454245
2020-04-02 17:58:00,2458.9600357716295,0.00013156223092639988
2020-04-02 17:59:00,2458.612962742361,0.0001431526064482707
2020-04-02 18:00:00,2458.37173592529,0.0001467529397895766
2020-04-02 18:01:00,2458.202244237275,0.00014908875664502747
2020-04-02 18:02:00,2458.1854584787216,0.00015140649153936163
2020-04-02 18:03:00,2458.262166725448,0.00014031162766821325
2020-04-02 18:04:00,2458.3479237169554,0.00014127474095192348
2020-04-02 18:05:00,2458.5165399503476,0.0001359412541879148
2020-04-02 18:06:00,2458.8206034439936,0.00014046779234802104
2020-04-02 18:07:00,2458.874174854177,0.00013707704490596929
2020-04-02 18:08:00,2458.686236705257,0.00013735815827841863
2020-04-02 18:09:00,2458.3435523622848,0.0001378151699179452
2020-04-02 18:10:00,2458.0788741297797,0.00014037729834149933
2020-04-02 18:11:00,2457.536570212537,0.00013006645783286244
2020-04-02 18:12:00,2456.9184321766083,0.0001244746563286133
2020-04-02 18:13:00,2456.9740835902885,0.00012486310335475446
2020-04-02 18:14:00,2456.9907213280476,0.0001306666228753835
2020-04-02 18:15:00,2456.934460350645,0.00013567418014571775
2020-04-02 18:16:00,2457.29689725181,0.0001391758847991906
2020-04-02 18:17:00,2457.023253078674,0.00013195077823018858
2020-04-02 18:18:00,2456.908872518971,0.00012542892569351885
2020-04-02 18:19:00,2456.8824659540705,0.00012421368494603625
2020-04-02 18:20:00,2456.6842559334164,0.00013597145559973294
2020-04-02 18:21:00,2455.96240700096,0.00013671427925649411
2020-04-02 18:22:00,2455.97770429388,0.0001392224429245425
2020-04-02 18:23:00,2455.809421855102,0.00013403642367381543
2020-04-02 18:24:00,2455.871740763879,0.00013168776131339055
2020-04-02 18:25:00,2455.383199761687,0.00012931002505825134
2020-04-02 18:26:00,2455.695450220019,0.00012509578383224283
2020-04-02 18:27:00,2455.799057146114,0.00012476545597829642
2020-04-02 18:28:00,2455.4215570158703,0.0001250387152563623
2020-04-02 18:29:00,2455.625335041932,0.00011948127697739309
2020-04-02 18:30:00,2455.672431083622,0.00011750921702146157
2020-04-02 18:31:00,2455.378803972497,0.00011870594821321358
2020-04-02 18:32:00,2454.8811843152084,0.00011447130830923319
2020-04-02 18:33:00,2454.377703384936,0.00012668958907450468
2020-04-02 18:34:00,2454.5944517874314,0.00012076783513226285
2020-04-02 18:35:00,2454.6229786035096,0.0001241317974917988
2020-04-02 18:36:00,2454.6890243351413,0.00012458480236345743
2020-04-02 18:37:00,2454.9160178745697,0.00013284196257557485
2020-04-02 18:38:00,2454.306653258003,0.0001367070119862533
2020-04-02 18:39:00,2454.3744456933628,0.00013182945718071015
2020-04-02 18:40:00,2454.1398510342665,0.00012456388036349072
2020-04-02 18:41:00,2453.7897547928897,0.0001268532051617395
2020-04-02 18:42:00,2453.30167603375,0.00012643236113425298
2020-04-02 18:43:00,2453.5147597540367,0.00012804841880509324
2020-04-02 18:44:00,2453.3570006547834,0.00012905331995950582
2020-04-02 18:45:00,2453.263030442438,0.00012982145054120763
2020-04-02 18:46:00,2453.678520187321,0.00012385430265048677
2020-04-02 18:47:00,2454.254098235995,0.00012197830148998283
2020-04-02 18:48:00,2454.502038996773,0.0001170598411346224
2020-04-02 18:49:00,2454.2216357939246,0.00011319832173324444
2020-04-02 18:50:00,2454.0028735629844,0.00011082118280699949
2020-04-02 18:51:00,2453.429842118069,0.00010354103931404123
2020-04-02 18:52:00,2453.5657868619237,0.00010939152948732598
2020-04-02 18:53:00,2453.7562986148914,0.00010516853845715279
2020-04-02 18:54:00,2453.73685798228,0.00011315677829476197
2020-04-02 18:55:00,2453.8258215323135,0.00011281392491663316
2020-04-02 18:56:00,2454.2505551023464,0.00011170321806490958
2020-04-02 18:57:00,2453.983017810932,0.00011800914557541522
2020-04-02 18:58:00,2454.3356007877132,0.00011982005054965649
2020-04-02 18:59:00,2454.3523753285785,0.00013487101622870428
2020-04-02 19:00:00,2454.135791653351,0.0001376191944795685
2020-04-02 19:01:00,2454.420681520032,0.00015157311796115322
2020-04-02 19:02:00,2454.2609084390515,0.0001443899643117559
2020-04-02 19:03:00,2454.4393052745727,0.00014342433980031946
2020-04-02 19:04:00,2454.2260022483633,0.0001275043091222
2020-04-02 19:05:00,2454.192692064658,0.00012305846504247862
2020-04-02 19:06:00,2454.3275841898553,0.00012460367746129996
2020-04-02 19:07:00,2454.0284481359927,0.00013569940962929514
2020-04-02 19:08:00,2453.6678746425832,0.00013419897925600994
2020-04-02 19:09:00,2454.056732680395,0.00013165990825863663
2020-04-02 19:10:00,2454.1442767351073,0.00013003023182517394
2020-04-02 19:11:00,2454.7606573684884,0.00012409291143511446
2020-04-02 19:12:00,2454.6647007069705,0.0001247461167742578
2020-04-02 19:13:00,2454.851654338433,0.0001211921025591924
2020-04-02 19:14:00,2454.6268814370696,0.00012090590633677472
2020-04-02 19:15:00,2454.7391154359575,0.00011242369130971297
2020-04-02 19:16:00,2454.420477775875,0.00011886727572951708
2020-04-02 19:17:00,2454.1864864783474,0.00011973958792255587
2020-04-02 19:18:00,2453.9522410161253,0.00012378561878530545
2020-04-02 19:19:00,2453.504443705864,0.00012077781097146969
2020-04-02 19:20:00,2453.4400638074853,0.0001235597681151445
2020-04-02 19:21:00,2453.8376271719544,0.00012469628808380902
2020-04-02 19:22:00,2453.528494958368,0.00012519592957087387
2020-04-02 19:23:00,2453.359466225166,0.00012581767410310018
2020-04-02 19:24:00,2453.3853270164204,0.0001247540040694477
2020-04-02 19:25:00,2452.8526643411737,0.00012824915698741134
2020-04-02 19:26:00,2452.7136448683514,0.00012768779450989388
2020-04-02 19:27:00,2452.14657128117,0.00012366100615830957
2020-04-02 19:28:00,2451.7575676126203,0.00013246182953212152
2020-04-02 19:29:00,2451.666984183403,0.00013459771365197587
2020-04-02 19:30:00,2451.7224690336034,0.00013034040967665954
2020-04-02 19:31:00,2451.754147580299,0.000132864188298209
2020-04-02 19:32:00,2451.6021242611023,0.00013398898819816905
2020-04-02 19:33:00,2451.8510852494287,0.00012809214974792357
2020-04-02 19:34:00,2451.6029050042434,0.00012734763706746978
2020-04-02 19:35:00,2452.0046252520606,0.00012563602554265248
2020-04-02 19:36:00,2452.394852146141,0.00013127532353879087
2020-04-02 19:37:00,2452.665296803367,0.00014031010243143173
2020-04-02 19:38:00,2452.7259647312967,0.00014488745985691647
2020-04-02 19:39:00,2452.6411023215933,0.00015130485732257987
2020-04-02 19:40:00,2452.150934182312,0.00014522637539130854
2020-04-02 19:41:00,2452.6742407606366,0.00015617010195379295
2020-04-02 19:42:00,2452.1106031364757,0.00016190490468325752
2020-04-02 19:43:00,2451.8537649483987,0.00016678939991176942
2020-04-02 19:44:00,2451.1418406298567,0.0001593675731284327
2020-04-02 19:45:00,2451.0930557059364,0.0001582967336593487
2020-04-02 19:46:00,2451.241055079748,0.00016908916238569737
2020-04-02 19:47:00,2450.8756013363695,0.0001922095473840805
2020-04-02 19:48:00,2450.6939298723887,0.0001966939877938434
2020-04-02 19:49:00,2450.1604162880753,0.00020338251872572698
2020-04-02 19:50:00,2449.9492305877716,0.00021454889279498392
2020-04-02 19:51:00,2449.591080727429,0.00022045119126150176
2020-04-02 19:52:00,2450.3535972596687,0.00023313638023501464
2020-04-02 19:53:00,2449.471062793286,0.00024029451072581312
2020-04-02 19:54:00,2449.075069786995,0.00024723273295653033
2020-04-02 19:55:00,2448.8970623317177,0.00026860055457210034
2020-04-02 19:56:00,2448.6321141711883,0.0002772369468129141
2020-04-02 19:57:00,2447.89163533323,0.00027209216101999566
2020-04-02 19:58:00,2447.8732590854097,0.00027270770411814163
2020-04-02 19:59:00,2447.6970777941747,0.00027565953904559753
2020-04-03 13:30:00,2300.3798676236797,0.0002657638571121658
2020-04-03 13:31:00,2301.300000973034,0.0002470962014799419
2020-04-03 13:32:00,2300.4418210778463,0.00026754526303746133
2020-04-03 13:33:00,2300.4157485481687,0.0002655006361739758
2020-04-03 13:34:00,2299.239108815991,0.00026745318267142737
2020-04-03 13:35:00,2299.2185733419988,0.00026434296631442294
2020-04-03 13:36:00,2299.610892764146,0.0002699689550221199
2020-04-03 13:37:00,2299.0350713805833,0.0002638770842371681
2020-04-03 13:38:00,2299.414641167234,0.0002484298874600688
2020-04-03 13:39:00,2298.8465471548484,0.0002444667308531979
2020-04-03 13:40:00,2298.5165457128483,0.00024392169108107016
2020-04-03 13:41:00,2298.2700069329553,0.0002289248325994852
2020-04-03 13:42:00,2297.731982150228,0.00022326325974970028
2020-04-03 13:43:00,2297.735666019533,0.0002202297398544415
2020-04-03 13:44:00,2296.451637616195,0.00021494265495481565
2020-04-03 13:45:00,2295.8239862047003,0.00022808408674116908
2020-04-03 13:46:00,2295.6084874181547,0.0002267272476996087
2020-04-03 13:47:00,2295.704016537537,0.0002135633329985182
2020-04-03 13:48:00,2295.7883054751996,0.00019971597491502127
2020-04-03 13:49:00,2295.1164962818602,0.00019612507510023155
2020-04-03 13:50:00,2295.48561374421,0.0001850428083100202
2020-04-03 13:51:00,2294.88433658588,0.0001877666847746297
2020-04-03 13:52:00,2295.141104851322,0.00019886643771865547
2020-04-03 13:53:00,2295.457273597391,0.00019758864867642847
2020-04-03 13:54:00,2295.3193097729177,0.00019705381987238132
2020-04-03 13:55:00,2294.899276008358,0.0001983519755275305
2020-04-03 13:56:00,2295.0078428141546,0.00019003520023933552
2020-04-03 13:57:00,2294.2589660132016,0.00017959812937670458
2020-04-03 13:58:00,2294.0471563755864,0.00017569135326579147
2020-04-03 13:59:00,2294.173571404133,0.00017730642783120177
2020-04-03 14:00:00,2294.378637137639,0.000183975666518355
2020-04-03 14:01:00,2294.558968759074,0.00018882795424582935
2020-04-03 14:02:00,2294.237869209865,0.00018214424629344527
2020-04-03 14:03:00,2293.9032634508467,0.00018921085564854124
2020-04-03 14:04:00,2294.532096367426,0.00019704867481552962
2020-04-03 14:05:00,2294.7355085467266,0.00019435040958062856
2020-04-03 14:06:00,2294.739266172516,0.00019042611869040188
2020-04-03 14:07:00,2295.2773741133688,0.00019891059094834178
2020-04-03 14:08:00,2295.347186665919,0.00018812376751814152
2020-04-03 14:09:00,2294.0735907423996,0.00019788960551103603
2020-04-03 14:10:00,2294.9035212221042,0.00019773818672704128
2020-04-03 14:11:00,2294.0284870243836,0.0001953333244579803
2020-04-03 14:12:00,2293.973805045185,0.00018979652431910088
2020-04-03 14:13:00,2294.776584018511,0.00019740957336393032
2020-04-03 14:14:00,2295.4252454904968,0.0001954885581911106
2020-04-03 14:15:00,2295.6086351901295,0.00018981535006066177
2020-04-03 14:16:00,2295.664041013273,0.00019840500704383646
2020-04-03 14:17:00,2295.8497564968848,0.00020389645368070188
2020-04-03 14:18:00,2296.0197893383265,0.00019130959325314674
2020-04-03 14:19:00,2296.502610779054,0.00017700019774187712
2020-04-03 14:20:00,2296.513160902816,0.00016761091165797841
2020-04-03 14:21:00,2296.8467592688958,0.00016859121007269722
2020-04-03 14:22:00,2296.7673290714106,0.0001703701092101933
2020-04-03 14:23:00,2296.222818572022,0.00017011603706911074
2020-04-03 14:24:00,2296.2162949789536,0.00018504097087833818
2020-04-03 14:25:00,2295.878697224749,0.0001827993064200836
2020-04-03 14:26:00,2295.8158482857057,0.00018923108004154643
2020-04-03 14:27:00,2296.4366832565506,0.00018056789090693923
2020-04-03 14:28:00,2295.777328663319,0.0001779932670410282
2020-04-03 14:29:00,2295.8446660445074,0.00018000283083287812
2020-04-03 14:30:00,2295.4958018634243,0.00016574886761425966
2020-04-03 14:31:00,2295.972236856149,0.00015930531890146157
2020-04-03 14:32:00,2296.005028660495,0.0001545117464179005
2020-04-03 14:33:00,2295.918894867868,0.000145801528733039
2020-04-03 14:34:00,2295.9541454412893,0.0001516866223780037
2020-04-03 14:35:00,2296.4083156878555,0.00015813063595295868
2020-04-03 14:36:00,2296.222084436047,0.00014849217559691184
2020-04-03 14:37:00,2296.3577204927387,0.00014283396294578662
2020-04-03 14:38:00,2295.522775704154,0.00013065754385442624
2020-04-03 14:39:00,2295.534869353034,0.0001307835906512659
2020-04-03 14:40:00,2295.7684806265715,0.00013187049325081253
2020-04-03 14:41:00,2295.573691325322,0.00013444831002278867
2020-04-03 14:42:00,2295.2074907332617,0.0001353623997648932
2020-04-03 14:43:00,2295.3158219149486,0.00013551740576834575
2020-04-03 14:44:00,2295.2014510862023,0.00013222671668178382
2020-04-03 14:45:00,2294.573817437841,0.0001353025706980042
2020-04-03 14:46:00,2294.666939594536,0.0001365054697906984
2020-04-03 14:47:00,2294.513673591034,0.00013573657736151807
2020-04-03 14:48:00,2294.7274109168825,0.00013909830159436102
2020-04-03 14:49:00,2295.160867303795,0.0001398987399260463
2020-04-03 14:50:00,2295.2870444867185,0.00015018492179282578
2020-04-03 14:51:00,2295.065227793537,0.00015294832760684
2020-04-03 14:52:00,2295.203711350465,0.00015932526377423792
2020-04-03 14:53:00,2295.195780047289,0.00015396997893054405
2020-04-03 14:54:00,2294.594464413427,0.00015637315343314115
2020-04-03 14:55:00,2293.748485230121,0.00015261786321906767
2020-04-03 14:56:00,2293.5220599833833,0.00015435620804667467
2020-04-03 14:57:00,2293.6931662270313,0.00015765700546903865
2020-04-03 14:58:00,2294.0224485679278,0.00015227942720929703
2020-04-03 14:59:00,2294.1237876812374,0.00014256435634223951
2020-04-03 15:00:00,2293.7013840928175,0.00014370000773079132
2020-04-03 15:01:00,2293.37223797649,0.0001434144240917404
2020-04-03 15:02:00,2293.2785077740855,0.0001432448303291272
2020-04-03 15:03:00,2293.4366249114923,0.0001415029618866813
2020-04-03 15:04:00,2293.391430880856,0.0001452870760479771
2020-04-03 15:05:00,2293.1707393401903,0.00014455914673986347
2020-04-03 15:06:00,2293.156115938087,0.00014456327647385136
2020-04-03 15:07:00,2293.334135198584,0.00014935539856455576
2020-04-03 15:08:00,2292.7944812670935,0.00015017690132317958
2020-04-03 15:09:00,2293.072895560098,0.00015473457785947884
2020-04-03 15:10:00,2293.4079353351553,0.00015219458659530185
2020-04-03 15:11:00,2293.082723823131,0.00014585482708281579
2020-04-03 15:12:00,2293.447832779526,0.00014781219700089806
2020-04-03 15:13:00,2293.5876537573845,0.00014560190300744085
2020-04-03 15:14:00,2293.671782425546,0.00013082029468527173
2020-04-03 15:15:00,2293.6776439479313,0.00013028990272309084
2020-04-03 15:16:00,2293.559574118476,0.00012629441176559395
2020-04-03 15:17:00,2293.2185463609435,0.00012835302639714784
2020-04-03 15:18:00,2292.6843067550913,0.00012495126400962925
2020-04-03 15:19:00,2292.719264261006,0.0001277632189465087
2020-04-03 15:20:00,2293.045702895842,0.0001310046460191999
2020-04-03 15:21:00,2293.3120346732744,0.00014325186550165453
2020-04-03 15:22:00,2293.1466720355997,0.00013646825651889786
2020-04-03 15:23:00,2293.3769492253095,0.0001304082585216639
2020-04-03 15:24:00,2293.1558902787924,0.0001377205015528469
2020-04-03 15:25:00,2293.1616215345325,0.00015687103877391493
2020-04-03 15:26:00,2293.0405007114955,0.0001597405227899929
2020-04-03 15:27:00,2293.042687509405,0.00014929205606385382
2020-04-03 15:28:00,2293.193165642402,0.0001490076679216677
2020-04-03 15:29:00,2293.905860311858,0.0001455353238214303
2020-04-03 15:30:00,2293.5443762251216,0.00014431808453661243
2020-04-03 15:31:00,2293.8260736559755,0.00013953507754287036
2020-04-03 15:32:00,2294.084625757055,0.00013252412507312787
2020-04-03 15:33:00,2294.069520543394,0.00013572675032051275
2020-04-03 15:34:00,2294.1857121298494,0.0001365881819776276
2020-04-03 15:35:00,2293.984014275202,0.0001275031794864068
2020-04-03 15:36:00,2293.7398709396807,0.00013598010899355911
2020-04-03 15:37:00,2293.541493896796,0.00013973040712782805
2020-04-03 15:38:00,2293.9320623316034,0.00013790761655430869
2020-04-03 15:39:00,2293.9877889892323,0.00014002692979480765
2020-04-03 15:40:00,2294.622821970665,0.00014753968378480566
2020-04-03 15:41:00,2294.5852089913988,0.0001451609067072715
2020-04-03 15:42:00,2294.513873443683,0.00014408165415551408
2020-04-03 15:43:00,2294.733066746077,0.00013856636747800613
2020-04-03 15:44:00,2295.229070845536,0.00013998582551091288
2020-04-03 15:45:00,2294.8207467663674,0.0001351715605976924
2020-04-03 15:46:00,2294.5229517944244,0.0001385152589895207
2020-04-03 15:47:00,2294.292612745151,0.0001488687937729513
2020-04-03 15:48:00,2294.2468130706516,0.0001564864433290175
2020-04-03 15:49:00,2293.9376793905158,0.0001581736905405603
2020-04-03 15:50:00,2293.956271882374,0.0001536088133943202
2020-04-03 15:51:00,2293.832562687097,0.00016923272545188802
2020-04-03 15:52:00,2294.0864160214937,0.00016168449810961667
2020-04-03 15:53:00,2293.5824871876075,0.0001554810458814937
2020-04-03 15:54:00,2293.078450450763,0.0001570722473025235
2020-04-03 15:55:00,2293.1616156900313,0.00015035928272716482
2020-04-03 15:56:00,2293.162951791649,0.00014904583158459572
2020-04-03 15:57:00,2293.3277774210437,0.0001370766073534042
2020-04-03 15:58:00,2293.476912035147,0.00013373487559055833
2020-04-03 15:59:00,2293.2367110375576,0.0001404115205280508
2020-04-03 16:00:00,2292.57604187403,0.0001447130797812781
2020-04-03 16:01:00,2292.0668383301495,0.0001489157669387289
2020-04-03 16:02:00,2291.6219932490876,0.00013782912433417814
2020-04-03 16:03:00,2291.406595670324,0.00013379039028522358
2020-04-03 16:04:00,2291.3131346202067,0.0001337539402686375
2020-04-03 16:05:00,2290.961263934086,0.00013055844902709366
2020-04-03 16:06:00,2290.9692552414285,0.00013253122524610348
2020-04-03 16:07:00,2291.626334744702,0.00013614450633225037
2020-04-03 16:08:00,2291.7888745446908,0.0001406812583319977
2020-04-03 16:09:00,2291.2237999226845,0.00013949190646820022
2020-04-03 16:10:00,2291.0129822999693,0.00013297569161690285
2020-04-03 16:11:00,2291.2005313145046,0.0001320871082869253
2020-04-03 16:12:00,2291.7150334979074,0.00013340709589721784
2020-04-03 16:13:00,2291.792528130048,0.0001290633864797865
2020-04-03 16:14:00,2291.8982194246532,0.00012680520587312873
2020-04-03 16:15:00,2291.9599311063944,0.0001235071802287125
2020-04-03 16:16:00,2292.3947076475424,0.00013023372188517398
2020-04-03 16:17:00,2291.9692803758803,0.00013412949531109322
2020-04-03 16:18:00,2291.9930998442524,0.00012706552973241138
2020-04-03 16:19:00,2291.9158728669177,0.0001185114242812007
2020-04-03 16:20:00,2292.073778315245,0.00012530093382826253
2020-04-03 16:21:00,2292.1489793849314,0.00012138595282172028
2020-04-03 16:22:00,2292.345446376477,0.00012305789334412926
2020-04-03 16:23:00,2292.0839636179094,0.00012521865162789454
2020-04-03 16:24:00,2292.6406283719143,0.0001264289644135486
2020-04-03 16:25:00,2292.842802621415,0.00012330207127130967
2020-04-03 16:26:00,2292.983133047013,0.0001322578839855161
2020-04-03 16:27:00,2292.715532989193,0.00013994120980272793
2020-04-03 16:28:00,2293.1120007033005,0.00013161804618009036
2020-04-03 16:29:00,2292.957629788972,0.00013676199799785726
2020-04-03 16:30:00,2293.0959032121336,0.0001270593716642171
2020-04-03 16:31:00,2293.392618546699,0.0001316216658546128
2020-04-03 16:32:00,2293.1787418916415,0.00012971359116474123
2020-04-03 16:33:00,2293.1943099150053,0.0001249569292313899
2020-04-03 16:34:00,2293.0865858237667,0.00013089355088718372
2020-04-03 16:35:00,2292.3617682825184,0.00012746793832117781
2020-04-03 16:36:00,2292.4332911887122,0.00013359300827449103
2020-04-03 16:37:00,2292.2308745196538,0.00012081143127808172
2020-04-03 16:38:00,2291.7376448855944,0.00011746854547916074
2020-04-03 16:39:00,2291.5148302484754,0.00011749334654475223
2020-04-03 16:40:00,2291.3237873603193,0.00011540754446261323
2020-04-03 16:41:00,2290.97698876329,0.0001106339092742965
2020-04-03 16:42:00,2290.6516810378844,0.00010778685789054094
2020-04-03 16:43:00,2290.6095741419867,0.0001084240157697078
2020-04-03 16:44:00,2290.401508101644,0.00011424028898494562
2020-04-03 16:45:00,2290.1220920363708,0.00011246841354867429
2020-04-03 16:46:00,2289.273001342621,0.00011897743438603152
2020-04-03 16:47:00,2289.4445358596495,0.00012196035530406765
2020-04-03 16:48:00,2289.3331438663545,0.00012431540287765792
2020-04-03 16:49:00,2289.492844071466,0.0001315944794428978
2020-04-03 16:50:00,2288.8871222586104,0.00013649221817629346
2020-04-03 16:51:00,2288.862506732385,0.00013983020033122223
2020-04-03 16:52:00,2288.6420953171946,0.00013866268942737327
2020-04-03 16:53:00,2288.5672367793354,0.00014436688080079118
2020-04-03 16:54:00,2289.0950502716087,0.0001405147301697547
2020-04-03 16:55:00,2288.8290735237824,0.00014159843994350605
2020-04-03 16:56:00,2288.661841065659,0.00014005851358702166
2020-04-03 16:57:00,2288.6820522560456,0.00013821450247581535
2020-04-03 16:58:00,2288.7137252231305,0.00012741994503361333
2020-04-03 16:59:00,2288.340477170441,0.00013157682677822713
2020-04-03 17:00:00,2288.373464997086,0.00011801960899538961
2020-04-03 17:01:00,2288.34545861921,0.00011543507731133535
2020-04-03 17:02:00,2287.963506193231,0.00011016799524879363
2020-04-03 17:03:00,2288.1982001385577,0.00010771449842971844
2020-04-03 17:04:00,2287.958878255443,0.00011202332848864829
2020-04-03 17:05:00,2287.9736164782475,0.00011684869689992377
2020-04-03 17:06:00,2287.9187422282484,0.00011836173732877016
2020-04-03 17:07:00,2287.672891334639,0.00011854611340690957
2020-04-03 17:08:00,2287.568818813995,0.00011929533935670996
2020-04-03 17:09:00,2287.5350204496526,0.00012201509982657004
2020-04-03 17:10:00,2287.5645370226603,0.00012930268379259015
2020-04-03 17:11:00,2287.7922615610782,0.00013600078274579556
2020-04-03 17:12:00,2287.815811227548,0.00013654642998418335
2020-04-03 17:13:00,2287.6380620554173,0.00013488900919170465
2020-04-03 17:14:00,2287.6679447564397,0.0001285214934109669
2020-04-03 17:15:00,2288.0169316862293,0.00013269968869064782
2020-04-03 17:16:00,2287.7447431967153,0.00012793694257007856
2020-04-03 17:17:00,2287.7126143101846,0.00013756864264880878
2020-04-03 17:18:00,2287.894953995208,0.00013569564911264373
2020-04-03 17:19:00,2287.8669175677555,0.00014928705388089016
2020-04-03 17:20:00,2288.181048244402,0.00014723926550213134
2020-04-03 17:21:00,2287.9744338042774,0.00015337329417834918
2020-04-03 17:22:00,2288.194511261884,0.00015685503671404369
2020-04-03 17:23:00,2288.496966757234,0.0001492739477527984
2020-04-03 17:24:00,2288.3485626168845,0.00015361734290405537
2020-04-03 17:25:00,2288.1364775444513,0.00016262193211526263
2020-04-03 17:26:00,2288.3214566611086,0.00017598041679853837
2020-04-03 17:27:00,2288.6505711185687,0.0001799487060280165
2020-04-03 17:28:00,2289.0990595710887,0.00017229725643647779
2020-04-03 17:29:00,2288.556153757757,0.00017432539877944406
2020-04-03 17:30:00,2288.5821968205178,0.00016512451004956362
2020-04-03 17:31:00,2288.693180692164,0.00017284220185479824
2020-04-03 17:32:00,2288.3588543761953,0.00017300791644202544
2020-04-03 17:33:00,2288.548421180739,0.000169002820594145
2020-04-03 17:34:00,2288.2258460378334,0.00017248364180019404
2020-04-03 17:35:00,2288.0022201235006,0.00018031403103051065
2020-04-03 17:36:00,2287.8630718183445,0.0001890801071633438
2020-04-03 17:37:00,2287.7508555004406,0.00017070326060172073
2020-04-03 17:38:00,2287.8555381698134,0.0001750152605873221
2020-04-03 17:39:00,2286.9607298840165,0.00019018587562568822
2020-04-03 17:40:00,2287.607207565515,0.00019474964100624548
2020-04-03 17:41:00,2287.623741031818,0.00020108619079098076
2020-04-03 17:42:00,2287.372715982001,0.00020512640521436662
2020-04-03 17:43:00,2287.1741707256065,0.00019842125116078575
2020-04-03 17:44:00,2286.8556105454827,0.0002147040562796964
2020-04-03 17:45:00,2286.0082156349167,0.00021650986724759777
2020-04-03 17:46:00,2286.0557216091993,0.0002090864891007673
2020-04-03 17:47:00,2286.19381285934,0.000212218016395586
2020-04-03 17:48:00,2285.7367997529254,0.00020613485561397934
2020-04-03 17:49:00,2285.0216860859446,0.0002065287488855036
2020-04-03 17:50:00,2284.687049512383,0.00021320016822730798
2020-04-03 17:51:00,2284.9892157881945,0.00020264395669482868
2020-04-03 17:52:00,2284.530651880354,0.00021894404374867474
2020-04-03 17:53:00,2285.0541003916182,0.00020627337944471201
2020-04-03 17:54:00,2285.0059164063046,0.00020907353956960625
2020-04-03 17:55:00,2284.27382845235,0.00019985259750606316
2020-04-03 17:56:00,2284.835798733827,0.00021187613449835413
2020-04-03 17:57:00,2285.1204883813975,0.0001946712568106659
2020-04-03 17:58:00,2284.5846340053718,0.00019873441526985884
2020-04-03 17:59:00,2283.7349972627294,0.00018728273911677133
2020-04-03 18:00:00,2283.6613799206925,0.0001843180681558191
2020-04-03 18:01:00,2283.86724900078,0.00018498935016209635
2020-04-03 18:02:00,2283.470219182814,0.0001844567002635839
2020-04-03 18:03:00,2283.625817444638,0.000181288318040572
2020-04-03 18:04:00,2283.1176557539197,0.00016947711238213514
2020-04-03 18:05:00,2282.6432729994026,0.00017658976167904172
2020-04-03 18:06:00,2282.912811821233,0.00018272320359970625
2020-04-03 18:07:00,2283.3432749772446,0.000184199550576883
2020-04-03 18:08:00,2283.2885383952466,0.00017990702164732473
2020-04-03 18:09:00,2283.613259074325,0.00018811913881353209
2020-04-03 18:10:00,2283.4278824519174,0.00019836160882307418
2020-04-03 18:11:00,2284.107706122497,0.00019088832738493777
2020-04-03 18:12:00,2283.878652400805,0.00019397979183985174
2020-04-03 18:13:00,2283.5057033788917,0.00019962931869430136
2020-04-03 18:14:00,2283.3656075105587,0.00019497555226442734
2020-04-03 18:15:00,2283.756769758598,0.00020105510697696112
2020-04-03 18:16:00,2282.930663053069,0.00019905603664187153
2020-04-03 18:17:00,2283.0905892860615,0.00019693896647399783
2020-04-03 18:18:00,2282.5075205813973,0.00019754102660304233
2020-04-03 18:19:00,2282.726166625744,0.00018423180866281548
2020-04-03 18:20:00,2282.5054319906376,0.00017922916445038483
2020-04-03 18:21:00,2283.3022019359514,0.00018766815293454477
2020-04-03 18:22:00,2283.323935888534,0.00017957038712146058
2020-04-03 18:23:00,2283.2843894492594,0.00017724498645328162
2020-04-03 18:24:00,2282.9612183949444,0.00017522284549656523
2020-04-03 18:25:00,2282.626848123901,0.00018053453310588468
2020-04-03 18:26:00,2282.0142138163073,0.00017806354166712465
2020-04-03 18:27:00,2281.631060727966,0.00018141428928877706
2020-04-03 18:28:00,2282.3238837737517,0.00017592926929309085
2020-04-03 18:29:00,2281.939216284259,0.00017339509472938147
2020-04-03 18:30:00,2282.1232809149424,0.00016517270805941877
2020-04-03 18:31:00,2282.3984814043847,0.0001573601898850371
2020-04-03 18:32:00,2282.450271722038,0.00015574142978573365
2020-04-03 18:33:00,2282.4458413520533,0.00014871997629061046
2020-04-03 18:34:00,2282.8187866463645,0.00013638320576340315
2020-04-03 18:35:00,2282.473733208407,0.0001372906848120521
2020-04-03 18:36:00,2282.374001598193,0.0001335203086010737
2020-04-03 18:37:00,2281.8931247929013,0.0001339747990059939
2020-04-03 18:38:00,2282.123036733724,0.00013950180756447896
2020-04-03 18:39:00,2282.3743687497226,0.00014394118511496144
2020-04-03 18:40:00,2282.8442737466853,0.00015952475072482914
2020-04-03 18:41:00,2282.99539813319,0.00015970921964105283
2020-04-03 18:42:00,2283.0009856834004,0.00016574312278745356
2020-04-03 18:43:00,2283.3951118969817,0.00017284774197760252
2020-04-03 18:44:00,2282.898216290346,0.00017038282884828646
2020-04-03 18:45:00,2282.726786484188,0.00016787036977071947
2020-04-03 18:46:00,2282.6127302310933,0.00016562799026606357
2020-04-03 18:47:00,2282.9751492669616,0.0001721912803138529
2020-04-03 18:48:00,2283.265566879083,0.0001712219548042085
2020-04-03 18:49:00,2283.108840415789,0.00017671394322455144
2020-04-03 18:50:00,2282.9728335106875,0.00019408483713602954
2020-04-03 18:51:00,2282.7660358116395,0.00019716977061692132
2020-04-03 18:52:00,2282.9599799391635,0.0001912282245633332
2020-04-03 18:53:00,2282.3442818485833,0.000178275164298312
2020-04-03 18:54:00,2282.1521963961336,0.00017964097904716166
2020-04-03 18:55:00,2281.9162888230585,0.0001783155362282729
2020-04-03 18:56:00,2281.296014527233,0.00018730477878447954
2020-04-03 18:57:00,2281.4411770418105,0.0001822377764724814
2020-04-03 18:58:00,2281.16474831567,0.00017660541438239548
2020-04-03 18:59:00,2281.1734747429,0.0001765071773966609
2020-04-03 19:00:00,2281.146378023217,0.00018093653758465087
2020-04-03 19:01:00,2280.9733155393014,0.00017195061991957832
2020-04-03 19:02:00,2280.9922790922697,0.00017702164543810726
2020-04-03 19:03:00,2281.58611429078,0.00016966537790194682
2020-04-03 19:04:00,2281.5734719190013,0.00015734806718186573
2020-04-03 19:05:00,2281.0987248667197,0.00016181326395621508
2020-04-03 19:06:00,2281.0219927185317,0.00016197647848582294
2020-04-03 19:07:00,2280.092292960234,0.00017460610558331304
2020-04-03 19:08:00,2280.463885097733,0.00018299278388500732
2020-04-03 19:09:00,2280.1847077573807,0.00018596721800381041
2020-04-03 19:10:00,2279.717412561904,0.00016393099789189041
2020-04-03 19:11:00,2279.8305954797324,0.0001574993855270494
2020-04-03 19:12:00,2280.496644856738,0.00015394010181101156
2020-04-03 19:13:00,2280.3408917774264,0.00014111053544535592
2020-04-03 19:14:00,2280.575969283301,0.00012879120065047676
2020-04-03 19:15:00,2281.2561505322465,0.00013091441649027295
2020-04-03 19:16:00,2281.7027656958485,0.0001328516999367875
2020-04-03 19:17:00,2282.100634516769,0.00012737544251540208
2020-04-03 19:18:00,2282.1294607569635,0.0001317672238584988
2020-04-03 19:19:00,2281.815953551583,0.00012832519661663157
2020-04-03 19:20:00,2281.6229778330826,0.00012043097851149046
2020-04-03 19:21:00,2280.8003615862012,0.00011286418568130731
2020-04-03 19:22:00,2280.5799813964827,0.00011159911067339127
2020-04-03 19:23:00,2280.3939866288365,0.00011338070247241969
2020-04-03 19:24:00,2280.045567702095,0.00011165210932156385
2020-04-03 19:25:00,2280.0077507206033,0.000111899304247642
2020-04-03 19:26:00,2280.072965229146,0.00012088563612491318
2020-04-03 19:27:00,2279.768461649232,0.00011539682476956194
2020-04-03 19:28:00,2279.877565145174,0.00012059498558763648
2020-04-03 19:29:00,2279.528194290415,0.0001245231038538088
2020-04-03 19:30:00,2279.555979685541,0.0001232176023372285
2020-04-03 19:31:00,2279.649611390692,0.00013027493531706056
2020-04-03 19:32:00,2279.8528208990406,0.00013348969187402352
2020-04-03 19:33:00,2279.9050735270544,0.00014275922706941585
2020-04-03 19:34:00,2279.5144294599186,0.00014138237980459444
2020-04-03 19:35:00,2279.5623634050644,0.0001258150926826757
2020-04-03 19:36:00,2279.6738519353353,0.00012918324728287771
2020-04-03 19:37:00,2279.4444170434735,0.0001392553834146885
2020-04-03 19:38:00,2279.4806321406686,0.00013469038546949457
2020-04-03 19:39:00,2279.081715726392,0.00013107693603553607
2020-04-03 19:40:00,2278.947462410828,0.00012455730003637578
2020-04-03 19:41:00,2278.6698737573074,0.0001280445500077536
2020-04-03 19:42:00,2278.239120486523,0.00013851129005436436
2020-04-03 19:43:00,2277.891754741706,0.00014239717725462265
2020-04-03 19:44:00,2277.7748826048196,0.00015017019375820716
2020-04-03 19:45:00,2278.1795482700113,0.00014305320098537586
2020-04-03 19:46:00,2278.3103033780385,0.00014093869957694584
2020-04-03 19:47:00,2278.1058911512505,0.00014173524627856447
2020-04-03 19:48:00,2278.726711824613,0.0001500192193433617
2020-04-03 19:49:00,2278.6138345739655,0.0001403234626558398
2020-04-03 19:50:00,2278.2416276999325,0.00013564802608723587
2020-04-03 19:51:00,2278.3542774125176,0.00012721440191372017
2020-04-03 19:52:00,2277.9963405476083,0.00012344794037420266
2020-04-03 19:53:00,2278.079739194354,0.00011030652765981884
2020-04-03 19:54:00,2278.3343234415747,0.00010294906178093625
2020-04-03 19:55:00,2278.3620781083637,0.00010348776849931449
2020-04-03 19:56:00,2278.626291938364,0.00010787335656982704
2020-04-03 19:57:00,2278.332638319116,0.00011211517362546633
2020-04-03 19:58:00,2278.0878695716187,0.00010520069216836707
2020-04-03 19:59:00,2278.5998767094766,0.000106902084097716
2020-04-06 13:30:00,2275.2303699824065,0.00010246088911082039
2020-04-06 13:31:00,2275.233406056139,0.00010313682935837951
2020-04-06 13:32:00,2275.34758536641,0.00010942155756503473
2020-04-06 13:33:00,2275.6617981094782,0.00011164313010574726
2020-04-06 13:34:00,2276.3817937488275,0.00010940613578454312
2020-04-06 13:35:00,2276.0995089109038,0.00011038462501548493
2020-04-06 13:36:00,2275.694076168503,0.00011808226630837615
2020-04-06 13:37:00,2275.7047521183754,0.0001176256309094918
2020-04-06 13:38:00,2275.692543523386,0.00011974635216658789
2020-04-06 13:39:00,2275.6877600325165,0.00013621567354339166
2020-04-06 13:40:00,2276.1070229435363,0.00012945115974289184
2020-04-06 13:41:00,2276.747321330417,0.00013022055308955615
2020-04-06 13:42:00,2276.9031331008964,0.00013287122869180582
2020-04-06 13:43:00,2276.9935603048125,0.0001317590765952074
2020-04-06 13:44:00,2276.892798604083,0.00013287950573330015
2020-04-06 13:45:00,2276.7578550815765,0.00013195646202086376
2020-04-06 13:46:00,2276.327240681491,0.00012933902885116662
2020-04-06 13:47:00,2275.7640465343884,0.00013099514983078836
2020-04-06 13:48:00,2275.63894889363,0.00012978062576030118
2020-04-06 13:49:00,2275.084530026365,0.00012111145565180165
2020-04-06 13:50:00,2275.0684816734447,0.00013809320121804602
2020-04-06 13:51:00,2275.2367050621315,0.00014491980645935096
2020-04-06 13:52:00,2275.336472378016,0.000140161988012138
2020-04-06 13:53:00,2275.5482196131143,0.00014146108334713077
2020-04-06 13:54:00,2275.580627736506,0.00015092645449185844
2020-04-06 13:55:00,2276.3231922637997,0.00014990809647991661
2020-04-06 13:56:00,2276.2822116961943,0.0001483160717169838
2020-04-06 13:57:00,2276.3716345607163,0.00015929966107170007
2020-04-06 13:58:00,2275.8121542647286,0.00016970590456379589
2020-04-06 13:59:00,2275.8589721753683,0.00016965490284735475
2020-04-06 14:00:00,2276.2325260647003,0.00017450604346506553
2020-04-06 14:01:00,2276.2571809058736,0.00016448156177416008
2020-04-06 14:02:00,2276.307656253689,0.00016100348762603892
2020-04-06 14:03:00,2277.2468921283935,0.00017710074416719035
2020-04-06 14:04:00,2277.606727739312,0.00018473740833251524
2020-04-06 14:05:00,2277.11604164452,0.00019004850207027905
2020-04-06 14:06:00,2276.6078059409947,0.0001929674767312164
2020-04-06 14:07:00,2276.3193425927634,0.00019156782191967036
2020-04-06 14:08:00,2276.7341827601763,0.00019051745127676568
2020-04-06 14:09:00,2277.5936798159023,0.00018840292232752076
2020-04-06 14:10:00,2277.8082156463274,0.00017217656252929098
2020-04-06 14:11:00,2278.5348070890764,0.0001738568296122594
2020-04-06 14:12:00,2278.5362400703857,0.0001808748084340023
2020-04-06 14:13:00,2278.618717371776,0.00018745761938984966
2020-04-06 14:14:00,2279.140877357111,0.00019436010833731717
2020-04-06 14:15:00,2278.898704374502,0.000188588130735156
2020-04-06 14:16:00,2278.451344750518,0.00018836828790269047
2020-04-06 14:17:00,2278.88904740378,0.0001803026720780442
2020-04-06 14:18:00,2279.123584728096,0.00018700241133680267
2020-04-06 14:19:00,2279.652395147526,0.0001815541210464692
2020-04-06 14:20:00,2280.040910031301,0.00018988614993071647
2020-04-06 14:21:00,2280.2964680076298,0.00017878157781079103
2020-04-06 14:22:00,2279.9104076300346,0.00018078341448078136
2020-04-06 14:23:00,2279.6286355234383,0.00018767423858934563
2020-04-06 14:24:00,2279.7070039440673,0.0001866631511590958
2020-04-06 14:25:00,2279.4111228163038,0.00018865567387273615
2020-04-06 14:26:00,2278.862921567738,0.00018612562337723274
2020-04-06 14:27:00,2278.7577706268257,0.0001931973605891955
2020-04-06 14:28:00,2278.5343945946856,0.00018779996007564404
2020-04-06 14:29:00,2279.578253179862,0.00019843826929852955
2020-04-06 14:30:00,2279.913689988496,0.00020790508430441418
2020-04-06 14:31:00,2278.9534396501235,0.00021222632003731074
2020-04-06 14:32:00,2279.1729294957017,0.000211939157204165
2020-04-06 14:33:00,2278.954586687774,0.00020795746856711348
2020-04-06 14:34:00,2279.6166278559654,0.00021676406490112483
2020-04-06 14:35:00,2279.2859298490857,0.00021449043738227007
2020-04-06 14:36:00,2279.3355519053275,0.00018570998545138054
2020-04-06 14:37:00,2279.1982113835757,0.00018842673314627524
2020-04-06 14:38:00,2279.0794645180667,0.00018794506248454628
2020-04-06 14:39:00,2278.96111389621,0.0001938936076448148
2020-04-06 14:40:00,2278.2919083240904,0.00019767134267905601
2020-04-06 14:41:00,2279.2247346689514,0.00018378695318653203
2020-04-06 14:42:00,2279.8640758919496,0.00018987428061899945
2020-04-06 14:43:00,2279.7426456294706,0.0001824804813617171
2020-04-06 14:44:00,2279.820575882241,0.00016327246290186124
2020-04-06 14:45:00,2280.271187203833,0.00016724495731017198
2020-04-06 14:46:00,2280.814180191261,0.00017022276679540515
2020-04-06 14:47:00,2281.6410158770564,0.00017189600732683407
2020-04-06 14:48:00,2282.0656003473077,0.00017922460106988334
2020-04-06 14:49:00,2281.5100062217907,0.00018425221066418852
2020-04-06 14:50:00,2281.5438190976997,0.00017779984829349022
2020-04-06 14:51:00,2281.364900045367,0.0001956388409978474
2020-04-06 14:52:00,2280.7896883548487,0.00019340473716555404
2020-04-06 14:53:00,2280.459102125294,0.000192427454665895
2020-04-06 14:54:00,2280.3364541825395,0.00018959957289606155
2020-04-06 14:55:00,2280.5826895160344,0.00019141135279963773
2020-04-06 14:56:00,2280.419187571748,0.00018993707629740822
2020-04-06 14:57:00,2280.25763952728,0.0001756429189389964
2020-04-06 14:58:00,2280.4432460250896,0.0001850302034109494
2020-04-06 14:59:00,2279.965753122197,0.00019465513605333032
2020-04-06 15:00:00,2279.456777057085,0.0001978052346025307
2020-04-06 15:01:00,2279.503939164385,0.00018540566729037056
2020-04-06 15:02:00,2280.2973755714534,0.0001815240023697039
2020-04-06 15:03:00,2280.8665526310615,0.00019230942473725792
2020-04-06 15:04:00,2281.1720679394366,0.00018663932845850052
2020-04-06 15:05:00,2281.65183420065,0.0001824471778138956
2020-04-06 15:06:00,2280.62041482847,0.00019390802002206171
2020-04-06 15:07:00,2281.033485796855,0.00020264231289319072
2020-04-06 15:08:00,2281.797817824991,0.00020865114239967397
2020-04-06 15:09:00,2281.359356644715,0.00022563553853966812
2020-04-06 15:10:00,2281.2579908061243,0.00021650766162941828
2020-04-06 15:11:00,2282.0678057770524,0.0002136271265353361
2020-04-06 15:12:00,2282.4136078945803,0.00021802767206145475
2020-04-06 15:13:00,2283.24916083027,0.00022351992442871135
2020-04-06 15:14:00,2283.750998715767,0.00020852598638301494
2020-04-06 15:15:00,2283.485209224173,0.00020481238892864048
2020-04-06 15:16:00,2283.5635663845874,0.00021484579182224072
2020-04-06 15:17:00,2283.193158552854,0.0002087585114059005
2020-04-06 15:18:00,2282.9037690185855,0.00020869750512812283
2020-04-06 15:19:00,2282.366023253465,0.00021328946029079118
2020-04-06 15:20:00,2282.636342247251,0.00021697940699242304
2020-04-06 15:21:00,2282.29068698346,0.00021567748534629685
2020-04-06 15:22:00,2283.4128575013806,0.00022179476547212743
2020-04-06 15:23:00,2283.4393742746283,0.00021041159206789065
2020-04-06 15:24:00,2283.627708216217,0.00021333718978540196
2020-04-06 15:25:00,2282.968262497229,0.00022653430313129342
2020-04-06 15:26:00,2283.5821374233096,0.00020398923149228992
2020-04-06 15:27:00,2283.3284750930643,0.00019419077548311922
2020-04-06 15:28:00,2283.931449945847,0.0001895654545211632
2020-04-06 15:29:00,2283.9395989152777,0.00018118566107946113
2020-04-06 15:30:00,2284.418056252656,0.00018594179190739273
2020-04-06 15:31:00,2284.3505541496734,0.00018499633819185274
2020-04-06 15:32:00,2283.586091186457,0.00019601938035516609
2020-04-06 15:33:00,2283.2843458087073,0.0001875054473787442
2020-04-06 15:34:00,2282.4098038324264,0.00018804675761195712
2020-04-06 15:35:00,2281.882876561356,0.00018529044216019052
2020-04-06 15:36:00,2282.5690525733758,0.00019429157597862818
2020-04-06 15:37:00,2282.6387685455397,0.0001968888334969538
2020-04-06 15:38:00,2282.604689753906,0.00020959094647415337
2020-04-06 15:39:00,2282.5088771640003,0.00020917833339156207
2020-04-06 15:40:00,2282.2164934392176,0.00020939476782041574
2020-04-06 15:41:00,2282.080585506501,0.00020143699587155957
2020-04-06 15:42:00,2281.083951318967,0.0002069428112693601
2020-04-06 15:43:00,2281.238841547444,0.0001954574069277238
2020-04-06 15:44:00,2280.6402518292816,0.000211884258194027
2020-04-06 15:45:00,2280.335827650436,0.00020571239301354173
2020-04-06 15:46:00,2279.7706838931413,0.00020762476797292915
2020-04-06 15:47:00,2281.104735866848,0.00021951371383609148
2020-04-06 15:48:00,2280.683674876828,0.0002304608757145765
2020-04-06 15:49:00,2280.284437789634,0.00024219545775834017
2020-04-06 15:50:00,2279.8494625605836,0.00024943331338345376
2020-04-06 15:51:00,2279.4163216710663,0.00026758632902382804
2020-04-06 15:52:00,2280.0463440879366,0.0002823310868191762
2020-04-06 15:53:00,2279.8479908485897,0.0002895191568133258
2020-04-06 15:54:00,2278.5217152858036,0.0003081795029119283
2020-04-06 15:55:00,2278.3024630644827,0.0003033863952372357
2020-04-06 15:56:00,2278.899316043995,0.000318733201547449
2020-04-06 15:57:00,2278.594230665449,0.0002911504359038077
2020-04-06 15:58:00,2278.55060014463,0.0002967365689986271
2020-04-06 15:59:00,2279.18695377628,0.000302863064058621
2020-04-06 16:00:00,2279.688127301463,0.0003154316803583662
2020-04-06 16:01:00,2280.4879577317383,0.0002920092051536695
2020-04-06 16:02:00,2280.266805523548,0.00028091724941361237
2020-04-06 16:03:00,2281.2929610853917,0.00029129333936249956
2020-04-06 16:04:00,2282.0731743724527,0.0002843101668725002
2020-04-06 16:05:00,2282.2064116635834,0.00029842074082054166
2020-04-06 16:06:00,2281.7513288405235,0.0003104188175117364
2020-04-06 16:07:00,2281.799508134629,0.00031428223823299543
2020-04-06 16:08:00,2281.7989626891763,0.0003345366562710207
2020-04-06 16:09:00,2280.895886576519,0.00033705253177622425
2020-04-06 16:10:00,2280.493685031508,0.0003670001782272029
2020-04-06 16:11:00,2281.1972605232118,0.0003351897147580749
2020-04-06 16:12:00,2282.1736730430453,0.00032931035734778263
2020-04-06 16:13:00,2282.783321584974,0.00033401882341670017
2020-04-06 16:14:00,2281.718460379764,0.0003509329148789523
2020-04-06 16:15:00,2280.8644626803834,0.0003414935197727504
2020-04-06 16:16:00,2281.2772726984613,0.0003377288670182999
2020-04-06 16:17:00,2281.7477092466793,0.00034027790328515647
2020-04-06 16:18:00,2281.897179815613,0.0003295678457395121
2020-04-06 16:19:00,2281.383007073992,0.00033733272943098374
2020-04-06 16:20:00,2281.594500138703,0.0003257205548246562
2020-04-06 16:21:00,2281.546126676187,0.0003249970580055822
2020-04-06 16:22:00,2282.337418797788,0.0003555864984688751
2020-04-06 16:23:00,2281.391918839316,0.0003286259686686692
2020-04-06 16:24:00,2280.6402616894575,0.0003062613579386095
2020-04-06 16:25:00,2280.3674468980726,0.00031752441701180564
2020-04-06 16:26:00,2279.525643110657,0.00029559421563322367
2020-04-06 16:27:00,2278.5915727840347,0.00029998590596705914
2020-04-06 16:28:00,2277.6625050883454,0.00029524789640793177
2020-04-06 16:29:00,2277.7239726828866,0.0002890415985970909
2020-04-06 16:30:00,2277.03517123815,0.00026025379065842274
2020-04-06 16:31:00,2278.375505187245,0.0002456062589740385
2020-04-06 16:32:00,2278.7382700463195,0.0002670026811197704
2020-04-06 16:33:00,2278.6421215533005,0.00027499274606944917
2020-04-06 16:34:00,2278.133670593668,0.00027975045833168976
2020-04-06 16:35:00,2279.469956481298,0.00029978962597045625
2020-04-06 16:36:00,2278.8172510782256,0.00030948274767086926
2020-04-06 16:37:00,2278.4631322010673,0.0003058234243673155
2020-04-06 16:38:00,2277.2312169658508,0.00033302693550519153
2020-04-06 16:39:00,2276.760898140947,0.00033180156121963685
2020-04-06 16:40:00,2275.895555791381,0.00032184714284466236
2020-04-06 16:41:00,2276.643505177919,0.0003225729733214524
2020-04-06 16:42:00,2278.4690917884145,0.00031888355319962646
2020-04-06 16:43:00,2278.0193152556094,0.0003214392983674043
2020-04-06 16:44:00,2276.8663656084796,0.00032468288520300835
2020-04-06 16:45:00,2275.8287922683376,0.0003270853821005464
2020-04-06 16:46:00,2275.8994766648543,0.0003179595938278594
2020-04-06 16:47:00,2276.056205363311,0.0003241313531360642
2020-04-06 16:48:00,2275.1798807667274,0.0003441691013049501
2020-04-06 16:49:00,2275.3224858463354,0.0003515025382340593
2020-04-06 16:50:00,2276.748814397518,0.00036392255692200144
2020-04-06 16:51:00,2277.0764927440855,0.0003508388728881857
2020-04-06 16:52:00,2276.9966989663612,0.00036697984598216553
2020-04-06 16:53:00,2276.821408232395,0.0004059589469231906
2020-04-06 16:54:00,2276.233824184693,0.00038478219740782686
2020-04-06 16:55:00,2275.921496070458,0.00039568818348561797
2020-04-06 16:56:00,2274.7150971214046,0.0004020647727162731
2020-04-06 16:57:00,2274.4303118749,0.0004120436999621579
2020-04-06 16:58:00,2274.067028378668,0.0004283485517772031
2020-04-06 16:59:00,2275.6640340033455,0.000412065249225037
2020-04-06 17:00:00,2274.263503032074,0.00039165007137080836
2020-04-06 17:01:00,2274.1549847956953,0.0003691482053049254
2020-04-06 17:02:00,2274.6382556354215,0.0003632076054156224
2020-04-06 17:03:00,2273.8823427289085,0.00037258271974249216
2020-04-06 17:04:00,2273.392550858017,0.00037510671694457396
2020-04-06 17:05:00,2272.869825959692,0.0003789876560228477
2020-04-06 17:06:00,2272.5440950869424,0.0003683999093409154
2020-04-06 17:07:00,2272.8705409091817,0.0003923205802338678
2020-04-06 17:08:00,2273.575999629317,0.0004195181828278997
2020-04-06 17:09:00,2272.7442822525527,0.0004124649022413281
2020-04-06 17:10:00,2271.7179238045765,0.0004116559216874361
2020-04-06 17:11:00,2272.430325403757,0.00043308186348111293
2020-04-06 17:12:00,2272.209818054324,0.0004244988017595003
2020-04-06 17:13:00,2272.2297828676706,0.0004353845069963189
2020-04-06 17:14:00,2271.9643558989733,0.000436957567126301
2020-04-06 17:15:00,2272.338896128651,0.00043134983400777303
2020-04-06 17:16:00,2271.491122283958,0.0004162287299861534
2020-04-06 17:17:00,2270.9055259910137,0.0004035116117181089
2020-04-06 17:18:00,2270.100821473251,0.0004063217569058814
2020-04-06 17:19:00,2270.1393915602102,0.00037732218431621136
2020-04-06 17:20:00,2269.3712407132566,0.00036281693411955635
2020-04-06 17:21:00,2269.2116433905385,0.0003694014308462511
2020-04-06 17:22:00,2269.027327812941,0.0003774136090870699
2020-04-06 17:23:00,2269.435652812925,0.0003822813144860706
2020-04-06 17:24:00,2269.551990590183,0.0003789521318319182
2020-04-06 17:25:00,2269.6202170271717,0.0003639335092076604
2020-04-06 17:26:00,2270.230254442036,0.00035705038266190973
2020-04-06 17:27:00,2269.568564551636,0.00032912087716756717
2020-04-06 17:28:00,2270.042287997537,0.00034711650906049446
2020-04-06 17:29:00,2270.6190261453276,0.00038181313521395684
2020-04-06 17:30:00,2270.322026327073,0.0003729545418883354
2020-04-06 17:31:00,2270.53938753318,0.0003488429418139188
2020-04-06 17:32:00,2269.5073310168846,0.00037113038414875003
2020-04-06 17:33:00,2268.4376184410603,0.00036505348511980213
2020-04-06 17:34:00,2269.0543592456966,0.0003830811810902907
2020-04-06 17:35:00,2269.2432944245593,0.0004014300261902223
2020-04-06 17:36:00,2269.2634879988523,0.0004022814004676089
2020-04-06 17:37:00,2270.026395685727,0.00037478341448573025
2020-04-06 17:38:00,2270.803405248025,0.00039273523512852474
2020-04-06 17:39:00,2272.00564450201,0.0004342362474976141
2020-04-06 17:40:00,2270.534880083537,0.0004386776685639059
2020-04-06 17:41:00,2270.6920732304848,0.00045460468226210537
2020-04-06 17:42:00,2269.7049322768817,0.0004698004728743094
2020-04-06 17:43:00,2270.2048869141686,0.00049119490205451
2020-04-06 17:44:00,2270.2460478371486,0.00046661088411460955
2020-04-06 17:45:00,2270.815626451466,0.0004809696155090108
2020-04-06 17:46:00,2269.1061397930625,0.0004823933319195741
2020-04-06 17:47:00,2268.525512550032,0.0004971094329613273
2020-04-06 17:48:00,2267.0079575724812,0.0005138436240509293
2020-04-06 17:49:00,2267.2489847223005,0.0005661279584898444
2020-04-06 17:50:00,2267.810459671815,0.0005581674960803367
2020-04-06 17:51:00,2268.5417259557134,0.0005526642906909493
2020-04-06 17:52:00,2269.512251385519,0.0005781174426590531
2020-04-06 17:53:00,2270.2844877145653,0.0005544289116104404
2020-04-06 17:54:00,2268.7837294902665,0.0005544852046791446
2020-04-06 17:55:00,2269.8360058480143,0.0005488776794277536
2020-04-06 17:56:00,2270.1049313462504,0.000575263771207161
2020-04-06 17:57:00,2271.885647225092,0.0005578434835228526
2020-04-06 17:58:00,2272.51494314855,0.000523580220755063
2020-04-06 17:59:00,2272.778113093532,0.0005303104306864459
2020-04-06 18:00:00,2272.765101015608,0.0005350591787697024
2020-04-06 18:01:00,2273.6764937474,0.0005272240722297236
2020-04-06 18:02:00,2273.028656038431,0.0005381355160639517
2020-04-06 18:03:00,2273.778489655845,0.0005098573818123028
2020-04-06 18:04:00,2274.9247245273377,0.0005207981135503458
2020-04-06 18:05:00,2276.0968099967376,0.0004964683489802352
2020-04-06 18:06:00,2275.994698348771,0.0005139833308877979
2020-04-06 18:07:00,2277.890989802186,0.0005343397211893406
2020-04-06 18:08:00,2277.611512068089,0.0005353643151432545
2020-04-06 18:09:00,2278.2418345740334,0.0005227988243904244
2020-04-06 18:10:00,2278.0318582424948,0.0004981526889897296
2020-04-06 18:11:00,2277.073446250747,0.0005160674401629374
2020-04-06 18:12:00,2278.263361639657,0.0005143161405685439
2020-04-06 18:13:00,2279.3972420737914,0.0005082601998684529
2020-04-06 18:14:00,2280.937948094223,0.0005087394780330073
2020-04-06 18:15:00,2282.5176590628516,0.0005568231832504172
2020-04-06 18:16:00,2282.484213452459,0.0005402308880557234
2020-04-06 18:17:00,2281.9470497189195,0.0004905908258419567
2020-04-06 18:18:00,2281.047561836725,0.0004985160124130018
2020-04-06 18:19:00,2280.8929344499616,0.0005012597162237766
2020-04-06 18:20:00,2279.950701655521,0.0004804721472654612
2020-04-06 18:21:00,2279.9259541995616,0.0004979920896011805
2020-04-06 18:22:00,2279.2044866294323,0.0004911908654858354
2020-04-06 18:23:00,2277.1403672073498,0.00048808981076765135
2020-04-06 18:24:00,2276.55683446664,0.0004735966782964141
2020-04-06 18:25:00,2276.8225094308114,0.0005225555006616747
2020-04-06 18:26:00,2277.0082318335767,0.0005488746044950604
2020-04-06 18:27:00,2277.4613456054376,0.0005133791706863943
2020-04-06 18:28:00,2276.5350476745575,0.0005311804501144976
2020-04-06 18:29:00,2278.4972537657036,0.0005605516847459638
2020-04-06 18:30:00,2277.813885518987,0.0005196964567164215
2020-04-06 18:31:00,2279.577316110167,0.000542718967075224
2020-04-06 18:32:00,2278.926110737983,0.0005108919665235951
2020-04-06 18:33:00,2279.3604496806256,0.0004913957790913525
2020-04-06 18:34:00,2279.666704405505,0.0005138308060211956
2020-04-06 18:35:00,2280.353541721242,0.0004949288993888262
2020-04-06 18:36:00,2278.3714992199643,0.00046321413850240474
2020-04-06 18:37:00,2278.528195890162,0.00046201527775967716
2020-04-06 18:38:00,2278.6443893303617,0.00045828683360314037
2020-04-06 18:39:00,2278.89763654018,0.0004730504811955775
2020-04-06 18:40:00,2279.9439749543044,0.000548706786640745
2020-04-06 18:41:00,2280.9075703517597,0.000535952743691979
2020-04-06 18:42:00,2282.195634022411,0.0005358801736234566
2020-04-06 18:43:00,2282.852401807605,0.0005558851020605371
2020-04-06 18:44:00,2282.354625655344,0.000597825156087498
2020-04-06 18:45:00,2279.762813660605,0.0005913189509822785
2020-04-06 18:46:00,2282.237749423763,0.0006139133080287975
2020-04-06 18:47:00,2284.8305451489596,0.0006334516972769241
2020-04-06 18:48:00,2285.2674223747836,0.0006270536158697558
2020-04-06 18:49:00,2282.131858728476,0.0006602490197280977
2020-04-06 18:50:00,2282.76307862002,0.0006544128095824194
2020-04-06 18:51:00,2282.4812282838598,0.000637168573966512
2020-04-06 18:52:00,2281.887130747404,0.0006050583203525052
2020-04-06 18:53:00,2280.269622365732,0.0006640919820544328
2020-04-06 18:54:00,2280.534758362063,0.0006480151586600536
2020-04-06 18:55:00,2279.416956390026,0.0006333794214679943
2020-04-06 18:56:00,2281.960694292027,0.000647967633344711
2020-04-06 18:57:00,2282.669679916958,0.0006936135187499984
2020-04-06 18:58:00,2283.2639504224567,0.0007378651603676106
2020-04-06 18:59:00,2282.094540440711,0.0007407766330809815
2020-04-06 19:00:00,2285.728089481331,0.000764917237862148
2020-04-06 19:01:00,2285.5766448521035,0.0008010974074717019
2020-04-06 19:02:00,2283.6689323384694,0.0007680395652618021
2020-04-06 19:03:00,2283.290222390253,0.0008312776167195966
2020-04-06 19:04:00,2285.213659037635,0.0008160057409140647
2020-04-06 19:05:00,2284.2065947215715,0.0007885208279460501
2020-04-06 19:06:00,2282.3998496055297,0.000845821131283126
2020-04-06 19:07:00,2282.7493051919173,0.0008318005365369061
2020-04-06 19:08:00,2283.2234441813416,0.0008134946993432293
2020-04-06 19:09:00,2282.221253048198,0.0007785238326897353
2020-04-06 19:10:00,2280.339455637525,0.0007567646209689986
2020-04-06 19:11:00,2283.9082729733454,0.0008055217694659298
2020-04-06 19:12:00,2282.5210579033933,0.000823998540925795
2020-04-06 19:13:00,2283.6647000090384,0.0007908853828582377
2020-04-06 19:14:00,2287.457098460746,0.0008101677326022204
2020-04-06 19:15:00,2286.505584711554,0.0008006136170504378
2020-04-06 19:16:00,2287.681528051663,0.0007746434651247731
2020-04-06 19:17:00,2286.489204542194,0.0008279418400616667
2020-04-06 19:18:00,2285.828841704078,0.0007934036073211861
2020-04-06 19:19:00,2285.052862266144,0.0007610300151758536
2020-04-06 19:20:00,2286.1403727819365,0.000754129751957022
2020-04-06 19:21:00,2288.4339321216135,0.0007364776376277762
2020-04-06 19:22:00,2287.426970403987,0.0007181529064986995
2020-04-06 19:23:00,2284.6778756984686,0.0006754086265894685
2020-04-06 19:24:00,2282.5335287787343,0.0006624863293242353
2020-04-06 19:25:00,2280.986087269671,0.0007076554676170268
2020-04-06 19:26:00,2281.872643494212,0.0007055081369441692
2020-04-06 19:27:00,2284.397307517413,0.0007181913730410302
2020-04-06 19:28:00,2282.9005386124577,0.0006889313183293678
2020-04-06 19:29:00,2281.2499466711124,0.0007053792752316699
2020-04-06 19:30:00,2280.465280611294,0.0007276110869131036
2020-04-06 19:31:00,2277.1709775245454,0.0007176380918338796
2020-04-06 19:32:00,2277.7219843543853,0.000702542667801391
2020-04-06 19:33:00,2276.5953358745023,0.000668872372604428
2020-04-06 19:34:00,2278.002045395369,0.0007049408296515696
2020-04-06 19:35:00,2279.564979847634,0.0007162318793998066
2020-04-06 19:36:00,2278.2582578826186,0.0007478554376626573
2020-04-06 19:37:00,2277.333237749985,0.0007442490415973393
2020-04-06 19:38:00,2276.9095728941757,0.0007792562716707561
2020-04-06 19:39:00,2273.6936171836146,0.0007675744214607289
2020-04-06 19:40:00,2274.0126730037287,0.0007215113596777296
2020-04-06 19:41:00,2273.1256164872866,0.0007088943053976061
2020-04-06 19:42:00,2275.5583190683437,0.000685535625223665
2020-04-06 19:43:00,2275.3087560247795,0.0007401942562123559
2020-04-06 19:44:00,2274.125382376164,0.0007475808362562256
2020-04-06 19:45:00,2272.01250641501,0.0007447141514158593
2020-04-06 19:46:00,2270.2903380577236,0.0007687039997398668
2020-04-06 19:47:00,2269.4135460064963,0.0007672711111508912
2020-04-06 19:48:00,2269.030362997066,0.0007838435556440702
2020-04-06 19:49:00,2266.555457494173,0.0007735443987803925
2020-04-06 19:50:00,2267.015126479181,0.0007915272871991696
2020-04-06 19:51:00,2267.5875803510176,0.0007761703027133025
2020-04-06 19:52:00,2268.854921951263,0.0007562846900270657
2020-04-06 19:53:00,2266.634253546881,0.0007724260853128696
2020-04-06 19:54:00,2268.246583535457,0.0008334595093370687
2020-04-06 19:55:00,2266.7335886331934,0.000798684004607442
2020-04-06 19:56:00,2264.681772710075,0.0007848284900116849
2020-04-06 19:57:00,2263.9683165738857,0.0007724345247203846
2020-04-06 19:58:00,2264.6826674742692,0.0007687732343389323
2020-04-06 19:59:00,2266.033940588859,0.000778475862855091
2020-04-07 13:30:00,2309.21803492378,0.0007937058337045375
2020-04-07 13:31:00,2308.079828640498,0.0008359389144082
2020-04-07 13:32:00,2310.1290210866446,0.0008292564602084683
2020-04-07 13:33:00,2311.40558175966,0.0007880973697986099
2020-04-07 13:34:00,2310.375328609619,0.0007745686436371563
2020-04-07 13:35:00,2311.270781295951,0.0007895787997469632
2020-04-07 13:36:00,2312.9563911292953,0.0008056014281076355
2020-04-07 13:37:00,2313.7424113495113,0.0007405254162546412
2020-04-07 13:38:00,2315.4206364542883,0.0007109510008462338
2020-04-07 13:39:00,2315.5623527560297,0.0007695047575761097
2020-04-07 13:40:00,2315.1605934002414,0.0007798020030806783
2020-04-07 13:41:00,2314.477092319608,0.0007383771340497116
2020-04-07 13:42:00,2314.678638030077,0.0007348724963798843
2020-04-07 13:43:00,2315.3315923768564,0.0006813802555099939
2020-04-07 13:44:00,2313.520526239532,0.0007455872010071108
2020-04-07 13:45:00,2315.471123702755,0.0008334307113722946
2020-04-07 13:46:00,2313.1451178732837,0.0008153513944542559
2020-04-07 13:47:00,2312.291416845754,0.0008018532310062651
2020-04-07 13:48:00,2313.3880219048747,0.0007470069107489993
2020-04-07 13:49:00,2310.11673722227,0.0007629001728711894
2020-04-07 13:50:00,2309.1743517263712,0.0007867206107344432
2020-04-07 13:51:00,2309.809403272166,0.0007897780139908693
2020-04-07 13:52:00,2309.21617994626,0.0007592940528237886
2020-04-07 13:53:00,2310.720202481446,0.0007186863969934469
2020-04-07 13:54:00,2311.9039266575633,0.0006840024658735787
2020-04-07 13:55:00,2312.713953102413,0.0007115983781592043
2020-04-07 13:56:00,2313.3567308339275,0.0007347494636734261
2020-04-07 13:57:00,2312.002569192979,0.0007307333252363215
2020-04-07 13:58:00,2310.036229147562,0.0007741554132621189
2020-04-07 13:59:00,2309.837210623595,0.0007665967142217771
2020-04-07 14:00:00,2311.4156523673423,0.0007780416160143778
2020-04-07 14:01:00,2310.6020700138947,0.0008071762718148479
2020-04-07 14:02:00,2310.7656618773194,0.0008286089048518314
2020-04-07 14:03:00,2311.5707636604643,0.0007209572744003011
2020-04-07 14:04:00,2309.6472959411353,0.0007534412390399177
2020-04-07 14:05:00,2309.0929313995625,0.0007575350465301972
2020-04-07 14:06:00,2309.484622740538,0.0007605742048853103
2020-04-07 14:07:00,2310.5356348645605,0.0007562577168932993
2020-04-07 14:08:00,2309.983484312063,0.0007839906116040969
2020-04-07 14:09:00,2312.632872069185,0.0007723378378681237
2020-04-07 14:10:00,2313.6879835531795,0.0008063149336618373
2020-04-07 14:11:00,2318.3829880461203,0.0007957121137897208
2020-04-07 14:12:00,2317.44487812858,0.0008525963142442044
2020-04-07 14:13:00,2316.1201188656714,0.0007740061533825435
2020-04-07 14:14:00,2314.72060721303,0.0007376246656005213
2020-04-07 14:15:00,2313.948534210875,0.0007107654538444363
2020-04-07 14:16:00,2310.597229219555,0.0007571303135888679
2020-04-07 14:17:00,2310.878717828132,0.000748824489676953
2020-04-07 14:18:00,2307.419116984394,0.0007598694802668684
2020-04-07 14:19:00,2305.677645406016,0.0007326514322879229
2020-04-07 14:20:00,2303.8373425296104,0.0007106746325454516
2020-04-07 14:21:00,2303.8783359537388,0.0006987913665797303
2020-04-07 14:22:00,2304.638513050024,0.0007014828492745116
2020-04-07 14:23:00,2303.623272995005,0.0006957545502411732
2020-04-07 14:24:00,2303.3888700287384,0.0007441580230736559
2020-04-07 14:25:00,2302.9373154818736,0.0007419323302265574
2020-04-07 14:26:00,2302.0165393270036,0.0008249639865604304
2020-04-07 14:27:00,2301.4611113938727,0.0008249431540915463
2020-04-07 14:28:00,2302.8942035279583,0.0007891542343694282
2020-04-07 14:29:00,2303.551613643341,0.0007378596932586685
2020-04-07 14:30:00,2304.815815229149,0.0006719771588869208
2020-04-07 14:31:00,2305.9882243107154,0.0006521913971513489
2020-04-07 14:32:00,2305.638475062056,0.0006612279113619457
2020-04-07 14:33:00,2303.5488796229524,0.0006371533104248942
2020-04-07 14:34:00,2306.9613548746534,0.0006344543163400648
2020-04-07 14:35:00,2306.8927825104984,0.0006422485888378497
2020-04-07 14:36:00,2306.5946307839167,0.0006037485679571577
2020-04-07 14:37:00,2306.9366297379784,0.0006620866780346602
2020-04-07 14:38:00,2304.193532284682,0.0006408449076207466
2020-04-07 14:39:00,2305.6989064001223,0.0006432653737167684
2020-04-07 14:40:00,2307.6581738488844,0.0006446180591480219
2020-04-07 14:41:00,2308.7436918101957,0.0006488819939766175
2020-04-07 14:42:00,2308.372532950372,0.0007063848675972232
2020-04-07 14:43:00,2307.96919739408,0.0006643535083223414
2020-04-07 14:44:00,2309.9403249219326,0.0007188635395263233
2020-04-07 14:45:00,2308.160486509904,0.0006880164840956026
2020-04-07 14:46:00,2308.3554984655743,0.0006783267485326931
2020-04-07 14:47:00,2307.7623345092575,0.0007076505534066243
2020-04-07 14:48:00,2308.2845337854833,0.000700181314555909
2020-04-07 14:49:00,2310.0352779936084,0.0006945184592994465
2020-04-07 14:50:00,2311.044181922168,0.0007248907136598369
2020-04-07 14:51:00,2315.3615004947114,0.0007035844252645381
2020-04-07 14:52:00,2314.008398020605,0.0006795377230778503
2020-04-07 14:53:00,2315.6246476006445,0.000671144422089984
2020-04-07 14:54:00,2314.400720663457,0.0006873689749740376
2020-04-07 14:55:00,2313.867555349947,0.0006500612657324935
2020-04-07 14:56:00,2313.436087368089,0.0006476104112943195
2020-04-07 14:57:00,2313.6865990988135,0.0006373479092619246
2020-04-07 14:58:00,2313.5486486547197,0.0005850783901797116
2020-04-07 14:59:00,2312.5837615086043,0.0005737254173040158
2020-04-07 15:00:00,2311.590093586343,0.0005761261131722137
2020-04-07 15:01:00,2311.21509747684,0.0005838308231837407
2020-04-07 15:02:00,2311.5812755207808,0.0006168652251074037
2020-04-07 15:03:00,2313.370382747555,0.0006444040539749781
2020-04-07 15:04:00,2313.798879661831,0.0006670148191161333
2020-04-07 15:05:00,2313.683632738008,0.0007196382414306679
2020-04-07 15:06:00,2313.1811260856202,0.0007101145262693481
2020-04-07 15:07:00,2312.847830851104,0.0006793219574852896
2020-04-07 15:08:00,2315.6719060730734,0.0006520997412141656
2020-04-07 15:09:00,2315.631339963707,0.0006718398224620783
2020-04-07 15:10:00,2317.6438345529405,0.0006423009680320245
2020-04-07 15:11:00,2317.8946293439926,0.0006429643143269552
2020-04-07 15:12:00,2319.8416769007567,0.0006207552691176842
2020-04-07 15:13:00,2318.942008316846,0.0006451682709395634
2020-04-07 15:14:00,2315.030734026256,0.0006562350714919095
2020-04-07 15:15:00,2313.5368493739497,0.0006161822562918216
2020-04-07 15:16:00,2313.946518227209,0.0006144718260444463
2020-04-07 15:17:00,2314.162661083402,0.0006398159611213984
2020-04-07 15:18:00,2311.4060422631087,0.0006078995023297438
2020-04-07 15:19:00,2311.068063928824,0.000595621024731939
2020-04-07 15:20:00,2311.5201686024066,0.0005708581751060563
2020-04-07 15:21:00,2311.6772866163533,0.0005737085512141467
2020-04-07 15:22:00,2313.115358564503,0.0005725309532161503
2020-04-07 15:23:00,2310.2523461168416,0.0005796801343746922
2020-04-07 15:24:00,2311.8561725530612,0.0005780944809477645
2020-04-07 15:25:00,2311.828225006522,0.000553687601390918
2020-04-07 15:26:00,2311.7487253415516,0.0005576004677476487
2020-04-07 15:27:00,2313.144669917549,0.000543972576869528
2020-04-07 15:28:00,2312.6830075132375,0.0005178028540515964
2020-04-07 15:29:00,2311.2136838384304,0.0004982846212609187
2020-04-07 15:30:00,2312.050302478376,0.000492981848091139
2020-04-07 15:31:00,2314.848004041299,0.0005169121117321421
2020-04-07 15:32:00,2315.708411107953,0.0005115653294592983
2020-04-07 15:33:00,2313.8329400793637,0.0005095975169971166
2020-04-07 15:34:00,2312.605794602663,0.000563347420558348
2020-04-07 15:35:00,2313.841363281727,0.0005823111866973377
2020-04-07 15:36:00,2314.5074708746974,0.000557889795084121
2020-04-07 15:37:00,2314.4497436829633,0.0005817150114413492
2020-04-07 15:38:00,2315.816263809192,0.0005589908822073587
2020-04-07 15:39:00,2315.400519706215,0.0005319932394670366
2020-04-07 15:40:00,2315.545439700935,0.0005361644450317528
2020-04-07 15:41:00,2316.115345159605,0.0005409230400782797
2020-04-07 15:42:00,2315.825346788368,0.0004936831182091906
2020-04-07 15:43:00,2315.4403993183278,0.0004983715882649968
2020-04-07 15:44:00,2316.415037040196,0.0005054492074534573
2020-04-07 15:45:00,2317.438089139875,0.0004981937998223363
2020-04-07 15:46:00,2317.436831505355,0.00048562390479120016
2020-04-07 15:47:00,2317.5934643361998,0.0004920559062326352
2020-04-07 15:48:00,2317.208865042283,0.0004915478023762506
2020-04-07 15:49:00,2318.158838295841,0.000460272002146032
2020-04-07 15:50:00,2319.130369184252,0.00044548887878045787
2020-04-07 15:51:00,2320.346754628504,0.0004062554667094602
2020-04-07 15:52:00,2320.1182536490014,0.0003986319026902163
2020-04-07 15:53:00,2320.2272873724805,0.0003961033922877491
2020-04-07 15:54:00,2321.4827276129167,0.000391650608215877
2020-04-07 15:55:00,2320.67214826755,0.0003757378289089479
2020-04-07 15:56:00,2321.037082630825,0.000382267270951472
2020-04-07 15:57:00,2321.1611076509857,0.00038586652303485063
2020-04-07 15:58:00,2320.1650108253925,0.0003923518204698539
2020-04-07 15:59:00,2319.19163006117,0.0003944163215828559
2020-04-07 16:00:00,2318.7016808789635,0.0003714566293817109
2020-04-07 16:01:00,2317.4520408706744,0.0003850594589411848
2020-04-07 16:02:00,2318.444729501402,0.0003796140923391047
2020-04-07 16:03:00,2319.110213764668,0.00039550627685035444
2020-04-07 16:04:00,2318.8945109679507,0.0003739345034238996
2020-04-07 16:05:00,2318.0987343134157,0.00036239248526186455
2020-04-07 16:06:00,2318.496899193606,0.00035582209792356373
2020-04-07 16:07:00,2318.3115264976595,0.0003786447762670435
2020-04-07 16:08:00,2318.118490936511,0.00036950757099704076
2020-04-07 16:09:00,2317.845555176454,0.00037880220476465507
2020-04-07 16:10:00,2319.2048042279544,0.0003869206019721738
2020-04-07 16:11:00,2318.4820217554816,0.00038779020501947774
2020-04-07 16:12:00,2317.6140983908144,0.00035072548818426165
2020-04-07 16:13:00,2318.1269446678502,0.00035223690065368734
2020-04-07 16:14:00,2318.903699815809,0.00038193238658910787
2020-04-07 16:15:00,2320.660423018376,0.00039086465434916685
2020-04-07 16:16:00,2321.2244293936187,0.0003759253827940013
2020-04-07 16:17:00,2319.812374172554,0.0003567151852564423
2020-04-07 16:18:00,2318.492912546695,0.0003696661023206143
2020-04-07 16:19:00,2318.4330778976782,0.00034776742967083116
2020-04-07 16:20:00,2317.7841225099596,0.00035290078662583366
2020-04-07 16:21:00,2316.533534251294,0.0003433758383547717
2020-04-07 16:22:00,2316.094480024044,0.000345031493476808
2020-04-07 16:23:00,2315.9282206316116,0.00035493746229860586
2020-04-07 16:24:00,2314.7393538786887,0.00032499364518160783
2020-04-07 16:25:00,2313.9628389746267,0.0003177603838439627
2020-04-07 16:26:00,2314.3560600709498,0.0003040744196889912
2020-04-07 16:27:00,2313.0213654842655,0.0003252051029177733
2020-04-07 16:28:00,2314.73570828735,0.00033316653750952346
2020-04-07 16:29:00,2314.32409894316,0.00032455563502420653
2020-04-07 16:30:00,2313.7378569835205,0.0003021622806379521
2020-04-07 16:31:00,2312.980839063897,0.00032252269044350104
2020-04-07 16:32:00,2312.9886370321883,0.0002999142682199654
2020-04-07 16:33:00,2314.562435257245,0.00028314913745057394
2020-04-07 16:34:00,2314.118680403571,0.0003068670991730757
2020-04-07 16:35:00,2313.4450886274444,0.00028523567690801727
2020-04-07 16:36:00,2312.9881073198717,0.00029560890507902534
2020-04-07 16:37:00,2312.948344856293,0.0002762025215912931
2020-04-07 16:38:00,2313.351612719435,0.0002703284798769392
2020-04-07 16:39:00,2313.115633951995,0.00026341238434870545
2020-04-07 16:40:00,2311.7128192175264,0.00026748258309867
2020-04-07 16:41:00,2312.2316644288812,0.00027251471726967596
2020-04-07 16:42:00,2312.8509575568282,0.0002853419473147794
2020-04-07 16:43:00,2314.7867777385204,0.000277866768893948
2020-04-07 16:44:00,2315.290631976585,0.00028211812039597226
2020-04-07 16:45:00,2316.1004971125103,0.0002886975722841198
2020-04-07 16:46:00,2315.230488401825,0.0002845728341699982
2020-04-07 16:47:00,2315.439050358849,0.00027850142533055274
2020-04-07 16:48:00,2315.357476701273,0.00029211666131994594
2020-04-07 16:49:00,2315.654765268419,0.0002862962551637861
2020-04-07 16:50:00,2315.1873160523287,0.0002906417378341161
2020-04-07 16:51:00,2315.3452076348563,0.0002897396507326979
2020-04-07 16:52:00,2315.8174743534555,0.00028665790368558736
2020-04-07 16:53:00,2316.2020144078806,0.0002955553244820689
2020-04-07 16:54:00,2315.9526443160717,0.00029171705142632304
2020-04-07 16:55:00,2315.5756208188213,0.0003131384362811839
2020-04-07 16:56:00,2314.7739764132275,0.00030209113878679823
2020-04-07 16:57:00,2314.459547407047,0.0003021194521594805
2020-04-07 16:58:00,2313.7296660451466,0.000296137495144917
2020-04-07 16:59:00,2313.720973767975,0.000278609357230046
2020-04-07 17:00:00,2313.0341938565925,0.000292646604225849
2020-04-07 17:01:00,2313.2966624242454,0.00029341050832462054
2020-04-07 17:02:00,2312.5324302103036,0.00029772585536741187
2020-04-07 17:03:00,2313.901375666607,0.0003046615624679475
2020-04-07 17:04:00,2314.635212299351,0.0002865114642648071
2020-04-07 17:05:00,2314.275730709234,0.0003049748251173562
2020-04-07 17:06:00,2315.332618426891,0.0002994043295056801
2020-04-07 17:07:00,2315.587750191231,0.0003131548207250874
2020-04-07 17:08:00,2315.1479576691554,0.00032875323257730815
2020-04-07 17:09:00,2314.7541688184065,0.00032034120523654827
2020-04-07 17:10:00,2314.659109826903,0.0003250204437014168
2020-04-07 17:11:00,2314.6311572219897,0.00033425536238582164
2020-04-07 17:12:00,2315.296486190261,0.0003519567979564055
2020-04-07 17:13:00,2316.7824462728954,0.0003549735562803396
2020-04-07 17:14:00,2316.731793023183,0.0003330062907625033
2020-04-07 17:15:00,2315.8788577199202,0.00032136506791532077
2020-04-07 17:16:00,2316.32465404607,0.0003273021760911546
2020-04-07 17:17:00,2316.471402669997,0.00030620854409457786
2020-04-07 17:18:00,2316.132147502484,0.00029703728326483227
2020-04-07 17:19:00,2316.299090455442,0.00028237460367918726
2020-04-07 17:20:00,2316.6682548879694,0.0002837655043095831
2020-04-07 17:21:00,2316.840449811278,0.0002973911419819785
2020-04-07 17:22:00,2316.853768638509,0.00028119711934919715
2020-04-07 17:23:00,2317.57300832214,0.00029579749022036505
2020-04-07 17:24:00,2318.2337335242373,0.00029502049914636536
2020-04-07 17:25:00,2316.995321401502,0.0002870313667407738
2020-04-07 17:26:00,2315.406062621864,0.00031920300379239484
2020-04-07 17:27:00,2315.2983265529274,0.0003139087817472816
2020-04-07 17:28:00,2315.6554765525275,0.00031833758768981725
2020-04-07 17:29:00,2316.2994116225186,0.00032232300909514587
2020-04-07 17:30:00,2316.8618534070047,0.0003369792720653633
2020-04-07 17:31:00,2316.30187038697,0.00033185267356082614
2020-04-07 17:32:00,2316.2564669636395,0.00031161714378235953
2020-04-07 17:33:00,2316.2368804868515,0.0003405091241347624
2020-04-07 17:34:00,2315.0284363804903,0.000336723756607048
2020-04-07 17:35:00,2314.489928913339,0.00034174189203134046
2020-04-07 17:36:00,2314.995307737139,0.0003435417855858862
2020-04-07 17:37:00,2315.2292263132504,0.00039345817399299803
2020-04-07 17:38:00,2314.6815169720376,0.00040342076814732476
2020-04-07 17:39:00,2314.3487251485676,0.00041450739867252977
2020-04-07 17:40:00,2314.247484554913,0.00042988627542615095
2020-04-07 17:41:00,2313.721829368598,0.0004347398529278301
2020-04-07 17:42:00,2315.245725783294,0.0004690142318957597
2020-04-07 17:43:00,2316.430251757317,0.00048270187162538546
2020-04-07 17:44:00,2317.764431979389,0.00048446948354110674
2020-04-07 17:45:00,2316.1476508131277,0.0004729810963009573
2020-04-07 17:46:00,2316.2189732132433,0.0005124412162873671
2020-04-07 17:47:00,2315.3844687844767,0.0005138790568629428
2020-04-07 17:48:00,2316.711697629847,0.0005332278539688574
2020-04-07 17:49:00,2317.9851711902616,0.0005135633489488693
2020-04-07 17:50:00,2316.938893441112,0.000508495502926891
2020-04-07 17:51:00,2314.986438606926,0.0005206239249524057
2020-04-07 17:52:00,2313.8206959313225,0.000517674564737118
2020-04-07 17:53:00,2314.825278365235,0.0005403183335795534
2020-04-07 17:54:00,2315.394555484396,0.0005122768964958286
2020-04-07 17:55:00,2315.5948635215277,0.0005227589710987746
2020-04-07 17:56:00,2315.323636334011,0.0005625884163857034
2020-04-07 17:57:00,2314.53139751597,0.0005441667436974702
2020-04-07 17:58:00,2316.1016802131817,0.0005384611182465604
2020-04-07 17:59:00,2317.163998517521,0.0005464713076037785
2020-04-07 18:00:00,2319.0021756414626,0.0005460431985200487
2020-04-07 18:01:00,2317.7665861528203,0.0005208899795139841
2020-04-07 18:02:00,2317.0361094082828,0.0005094107771102804
2020-04-07 18:03:00,2315.7188072144545,0.0005165988732763158
2020-04-07 18:04:00,2316.150903451585,0.0004879270337464299
2020-04-07 18:05:00,2313.8511505839524,0.00048316866922858994
2020-04-07 18:06:00,2313.723075513462,0.000498386737466578
2020-04-07 18:07:00,2314.8412882681705,0.0004981835229695155
2020-04-07 18:08:00,2314.229788718701,0.00048612428366341665
2020-04-07 18:09:00,2313.0269476648386,0.0004729968535678846
2020-04-07 18:10:00,2313.0993378517887,0.00047909463755901345
2020-04-07 18:11:00,2312.939037444723,0.00046839455245034547
2020-04-07 18:12:00,2311.3882112319993,0.0004602398533056198
2020-04-07 18:13:00,2311.8001746562363,0.00046299624725133824
2020-04-07 18:14:00,2312.14769880711,0.0004580713762962589
2020-04-07 18:15:00,2311.6673823004944,0.00047412911511865804
2020-04-07 18:16:00,2313.0693877718736,0.00046487224581916365
2020-04-07 18:17:00,2312.0867145462435,0.0005202349623138148
2020-04-07 18:18:00,2312.7376388281114,0.000501794387248857
2020-04-07 18:19:00,2314.0300917241375,0.00044860874576063643
2020-04-07 18:20:00,2313.646187237531,0.0004408973745738346
2020-04-07 18:21:00,2314.5049759185167,0.00042537179604166934
2020-04-07 18:22:00,2314.7998712439507,0.00040647535936057765
2020-04-07 18:23:00,2315.0838563140055,0.0003832111692686423
2020-04-07 18:24:00,2315.0760799097116,0.0004068957389651765
2020-04-07 18:25:00,2316.80759182698,0.0004042753087946635
2020-04-07 18:26:00,2317.113775058922,0.00038848448550536825
2020-04-07 18:27:00,2318.0763862443473,0.0003776305585484504
2020-04-07 18:28:00,2316.444592175136,0.00037610856096544776
2020-04-07 18:29:00,2317.2637215039404,0.0003771380053768196
2020-04-07 18:30:00,2316.521185797846,0.00037934886219443087
2020-04-07 18:31:00,2316.090393564596,0.0003826789976126836
2020-04-07 18:32:00,2316.5830153083357,0.0003862065354656883
2020-04-07 18:33:00,2316.7686010585853,0.00035232721496558585
2020-04-07 18:34:00,2317.4136375893045,0.0003258787700097994
2020-04-07 18:35:00,2318.8680097005363,0.0003315743585020779
2020-04-07 18:36:00,2318.505739063683,0.0003460339465595105
2020-04-07 18:37:00,2317.093297918578,0.00035960681231209085
2020-04-07 18:38:00,2317.87866938641,0.00038300074435908884
2020-04-07 18:39:00,2318.5643718627603,0.00036393084768969496
2020-04-07 18:40:00,2318.108545593284,0.0003624877592565605
2020-04-07 18:41:00,2320.4348497320243,0.000419161365665842
2020-04-07 18:42:00,2322.6313884087417,0.00043464126696609706
2020-04-07 18:43:00,2319.39119953101,0.0004116369165402526
2020-04-07 18:44:00,2320.3478593302425,0.000398334769529414
2020-04-07 18:45:00,2321.065651732224,0.0003901198760020627
2020-04-07 18:46:00,2321.4335801392504,0.00036110127553418
2020-04-07 18:47:00,2322.162040128296,0.000380673317655342
2020-04-07 18:48:00,2321.099917504955,0.0003564303024455903
2020-04-07 18:49:00,2322.574214701748,0.00036040011998766746
2020-04-07 18:50:00,2322.7661192029495,0.0003769727784860032
2020-04-07 18:51:00,2322.339584935605,0.0003793674598219038
2020-04-07 18:52:00,2324.584959692358,0.0004047077036429066
2020-04-07 18:53:00,2325.585159062757,0.00041070481935970895
2020-04-07 18:54:00,2326.480017343474,0.00040125190141442285
2020-04-07 18:55:00,2329.9741603486405,0.0004140807637148807
2020-04-07 18:56:00,2330.704423409307,0.0003958801617404045
2020-04-07 18:57:00,2329.3250181457443,0.0003684615354384976
2020-04-07 18:58:00,2328.895846405992,0.0003732215331042155
2020-04-07 18:59:00,2326.8936963534934,0.00038750835781728953
2020-04-07 19:00:00,2326.662372803439,0.00038781303050012064
2020-04-07 19:01:00,2326.793578415878,0.00035829464219267674
2020-04-07 19:02:00,2326.571720371551,0.0003776486343473093
2020-04-07 19:03:00,2325.0025716949676,0.00039702400021849444
2020-04-07 19:04:00,2323.984374414759,0.0004052560892397885
2020-04-07 19:05:00,2322.6541465670934,0.00041703349153661656
2020-04-07 19:06:00,2321.392892875272,0.0003991196677676365
2020-04-07 19:07:00,2321.601256060944,0.00041850376082153075
2020-04-07 19:08:00,2321.382973495745,0.00040860213696553574
2020-04-07 19:09:00,2320.9026472269147,0.00037358759098690003
2020-04-07 19:10:00,2321.072661360457,0.000353219752351498
2020-04-07 19:11:00,2320.8328220077206,0.0003711663115492285
2020-04-07 19:12:00,2320.1056681909304,0.00037780485715198267
2020-04-07 19:13:00,2321.0766997174924,0.00038951581312835984
2020-04-07 19:14:00,2320.707482672845,0.0003963833668261296
2020-04-07 19:15:00,2320.0764239026644,0.00039853898070658526
2020-04-07 19:16:00,2319.9928494731885,0.0004072210861884851
2020-04-07 19:17:00,2318.794614644698,0.0004441893949844323
2020-04-07 19:18:00,2318.6736526141135,0.00045709699902328455
2020-04-07 19:19:00,2318.346769044113,0.00042020609452854467
2020-04-07 19:20:00,2317.4638550613613,0.0004275735991816485
2020-04-07 19:21:00,2317.7533704482435,0.00043904045648607883
2020-04-07 19:22:00,2318.7703145745477,0.00042378590801839955
2020-04-07 19:23:00,2318.49928199024,0.00042600687500671675
2020-04-07 19:24:00,2317.153822511503,0.00044070158527860964
2020-04-07 19:25:00,2317.291275126678,0.0004321290797248157
2020-04-07 19:26:00,2316.849690972338,0.0004142227113150109
2020-04-07 19:27:00,2316.1615151626343,0.00041357384539451723
2020-04-07 19:28:00,2316.0632395931334,0.00040439895433657855
2020-04-07 19:29:00,2314.6839845697027,0.0003756559173579704
2020-04-07 19:30:00,2315.8364281963477,0.0003482464029202786
2020-04-07 19:31:00,2316.6250327102434,0.00034441540361917117
2020-04-07 19:32:00,2316.067495144815,0.0003443361582558617
2020-04-07 19:33:00,2316.566300265769,0.00036044901084535683
2020-04-07 19:34:00,2315.9971660985534,0.00038686500560166796
2020-04-07 19:35:00,2314.8486409750217,0.00040079006261307265
2020-04-07 19:36:00,2314.26939707768,0.00040448667287721306
2020-04-07 19:37:00,2313.9797607259457,0.0003759773774777395
2020-04-07 19:38:00,2313.786420874632,0.00037703126841057117
2020-04-07 19:39:00,2312.1283354845573,0.0003763881204642828
2020-04-07 19:40:00,2312.6029263538885,0.00036422054210218596
2020-04-07 19:41:00,2311.9661690918256,0.0003611663381926707
2020-04-07 19:42:00,2312.301430678581,0.00038241718973150283
2020-04-07 19:43:00,2312.226269885144,0.00038492527873937717
2020-04-07 19:44:00,2313.4299354067016,0.000373087997837715
2020-04-07 19:45:00,2313.775388063163,0.0003650044997745818
2020-04-07 19:46:00,2313.5620592677415,0.0003389883313474398
2020-04-07 19:47:00,2313.729945563705,0.00032263448493293823
2020-04-07 19:48:00,2314.8474564172743,0.0003188461658294644
2020-04-07 19:49:00,2315.2994730194096,0.00032094747432832133
2020-04-07 19:50:00,2315.8451375812374,0.0003185676681200644
2020-04-07 19:51:00,2315.931364112939,0.0003067050382494515
2020-04-07 19:52:00,2314.9230814961475,0.00030772823347160756
2020-04-07 19:53:00,2313.6264740093657,0.0002982081585972809
2020-04-07 19:54:00,2314.4024189065267,0.0003152555920315607
2020-04-07 19:55:00,2315.586916976854,0.0003140790223677738
2020-04-07 19:56:00,2315.0447583709456,0.00032580137072327263
2020-04-07 19:57:00,2314.5941966362084,0.0003230518418071604
2020-04-07 19:58:00,2314.556430293595,0.0003208147941325345
2020-04-07 19:59:00,2315.048294009485,0.00034758462972689147
2020-04-08 13:30:00,2291.687564503839,0.000342087649907765
2020-04-08 13:31:00,2292.3136329872264,0.0003416881109355371
2020-04-08 13:32:00,2292.8994165511963,0.0003568143112524285
2020-04-08 13:33:00,2292.3472193668663,0.0003476661121958343
2020-04-08 13:34:00,2292.388343683596,0.00034622556903627
2020-04-08 13:35:00,2293.099001688177,0.0003434633294903567
2020-04-08 13:36:00,2292.4710450476286,0.00035624640510253345
2020-04-08 13:37:00,2293.784022139834,0.00033922233318899357
2020-04-08 13:38:00,2293.792239705219,0.0003400182259174354
2020-04-08 13:39:00,2294.276695759598,0.00033236930422464954
2020-04-08 13:40:00,2294.4487760567567,0.00034282739664803845
2020-04-08 13:41:00,2295.166791817672,0.0003471916177684344
2020-04-08 13:42:00,2294.012608068717,0.000348688182068885
2020-04-08 13:43:00,2294.109873091197,0.00035648949942047365
2020-04-08 13:44:00,2294.4607520046775,0.0003433252653573914
2020-04-08 13:45:00,2295.54240941386,0.0003817430949924349
2020-04-08 13:46:00,2295.533243869329,0.0003861426676628416
2020-04-08 13:47:00,2295.813818883203,0.00034775007360390647
2020-04-08 13:48:00,2295.754642550272,0.00038879163468638373
2020-04-08 13:49:00,2295.284680109867,0.00039147215047931447
2020-04-08 13:50:00,2295.24079131491,0.0003947525615176905
2020-04-08 13:51:00,2295.457803003863,0.0003907901188387242
2020-04-08 13:52:00,2295.1699372658604,0.0003948705264227841
2020-04-08 13:53:00,2294.91202454646,0.00039915367664650783
2020-04-08 13:54:00,2293.5336783124008,0.00042525701463289934
2020-04-08 13:55:00,2293.6291630464507,0.000439231020331537
2020-04-08 13:56:00,2294.421483017326,0.0004463558152966509
2020-04-08 13:57:00,2294.4622040270674,0.0004420914268247523
2020-04-08 13:58:00,2294.248964751736,0.00042945374058122134
2020-04-08 13:59:00,2294.510365029768,0.00042303043325121563
2020-04-08 14:00:00,2293.8024804118536,0.00042265045365229693
2020-04-08 14:01:00,2293.9206577390005,0.0004279060961264442
2020-04-08 14:02:00,2293.6894751308573,0.0004240063323643691
2020-04-08 14:03:00,2292.833910204228,0.00042049157474462635
2020-04-08 14:04:00,2293.627535727722,0.00045897249290979646
2020-04-08 14:05:00,2292.3549993467605,0.00045773243082349073
2020-04-08 14:06:00,2295.0332375618586,0.00046229291943710897
2020-04-08 14:07:00,2293.8240744335562,0.00047292014217510474
2020-04-08 14:08:00,2294.6419099178524,0.00048689622419380475
2020-04-08 14:09:00,2293.9164849328404,0.0004692260503771628
2020-04-08 14:10:00,2295.89181511653,0.0004633855457992141
2020-04-08 14:11:00,2294.811568118328,0.00044819581418511454
2020-04-08 14:12:00,2293.829827443815,0.00046003610924587313
2020-04-08 14:13:00,2292.6937824516963,0.0004461960100211462
2020-04-08 14:14:00,2290.547630842646,0.00044911092273349797
2020-04-08 14:15:00,2292.0438723479524,0.00046141696891498836
2020-04-08 14:16:00,2291.7486064598847,0.00046043104087934404
2020-04-08 14:17:00,2291.1165904788663,0.0004439038119897644
2020-04-08 14:18:00,2293.162128346951,0.00044751744958522677
2020-04-08 14:19:00,2293.9680618846446,0.0004810718356206105
2020-04-08 14:20:00,2293.7270000052054,0.0004756810877889291
2020-04-08 14:21:00,2292.733356429242,0.0005036314066938423
2020-04-08 14:22:00,2292.8796433517673,0.0005003794097340854
2020-04-08 14:23:00,2291.982911023207,0.0004787379156739579
2020-04-08 14:24:00,2293.5028409779,0.000477095847766638
2020-04-08 14:25:00,2293.21971671949,0.00046692374189032234
2020-04-08 14:26:00,2293.7442048853295,0.00046687291196059966
2020-04-08 14:27:00,2295.858903236709,0.00047605818015892
2020-04-08 14:28:00,2298.9562737288966,0.00047651021853038685
2020-04-08 14:29:00,2299.2885115046506,0.00045848541507694825
2020-04-08 14:30:00,2299.6875485657,0.0004991765849406901
2020-04-08 14:31:00,2299.871431405829,0.0005268456818555263
2020-04-08 14:32:00,2297.623234889102,0.0005720467078595543
2020-04-08 14:33:00,2297.1359283440847,0.0005572441969928988
2020-04-08 14:34:00,2297.2830974302287,0.0005498164454236848
2020-04-08 14:35:00,2298.9054574295633,0.0005765665032046493
2020-04-08 14:36:00,2298.669459900152,0.0005909063386539436
2020-04-08 14:37:00,2296.9322580961593,0.0005256131381744878
2020-04-08 14:38:00,2298.371691236201,0.0005369292901406802
2020-04-08 14:39:00,2299.985392339055,0.0005446648737390001
2020-04-08 14:40:00,2300.9812243669603,0.0005347024956478538
2020-04-08 14:41:00,2301.2279947804695,0.0005097891510778323
2020-04-08 14:42:00,2301.080274453926,0.0005031224516246734
2020-04-08 14:43:00,2299.751524293115,0.0005413702383942787
2020-04-08 14:44:00,2298.7357086685593,0.0005170502590749094
2020-04-08 14:45:00,2300.3530823289357,0.0005498194448960395
2020-04-08 14:46:00,2300.3284474156108,0.0005457811118949541
2020-04-08 14:47:00,2299.1978854691783,0.0005527774192899736
2020-04-08 14:48:00,2298.4800012572596,0.0005106996992867267
2020-04-08 14:49:00,2299.4945710587504,0.00048391406972101455
2020-04-08 14:50:00,2298.486928090678,0.0004913527705083374
2020-04-08 14:51:00,2298.7491609622944,0.0004727815734604254
2020-04-08 14:52:00,2299.80043598113,0.00043184959108195773
2020-04-08 14:53:00,2300.4268094263907,0.00047015961455125195
2020-04-08 14:54:00,2299.712871869434,0.0004809233325797216
2020-04-08 14:55:00,2301.4751438610056,0.0004461894889698564
2020-04-08 14:56:00,2301.7031802989845,0.0004600629442245319
2020-04-08 14:57:00,2302.4528009349506,0.00045199680606508374
2020-04-08 14:58:00,2301.2339130786595,0.00044999041514434137
2020-04-08 14:59:00,2302.0581475008184,0.000446961242394012
2020-04-08 15:00:00,2301.263123368458,0.0004427333500393424
2020-04-08 15:01:00,2301.1628896498096,0.0004703006738309492
2020-04-08 15:02:00,2301.493491728952,0.0004383256497003676
2020-04-08 15:03:00,2301.7181718480506,0.0004520404701657923
2020-04-08 15:04:00,2300.8182142972073,0.0004559307940348448
2020-04-08 15:05:00,2302.426806532511,0.0004662009791841318
2020-04-08 15:06:00,2303.1311569242202,0.0004452451201051802
2020-04-08 15:07:00,2301.0344183738894,0.0004642147037509126
2020-04-08 15:08:00,2300.0502154564315,0.00046712593096385986
2020-04-08 15:09:00,2300.8803205385025,0.00046582616411449285
2020-04-08 15:10:00,2301.576835801648,0.0004431278324933058
2020-04-08 15:11:00,2301.5722309076377,0.0004440933796054236
2020-04-08 15:12:00,2303.0160896417865,0.0004338081795088018
2020-04-08 15:13:00,2302.5146790276394,0.00043233728887283996
2020-04-08 15:14:00,2302.0234020865737,0.00043557457241693686
2020-04-08 15:15:00,2300.3384354991013,0.0004213404321614387
2020-04-08 15:16:00,2301.7165715272286,0.00038413427294160655
2020-04-08 15:17:00,2302.966407434393,0.0004219985440537087
2020-04-08 15:18:00,2301.934675933821,0.0004313824126498259
2020-04-08 15:19:00,2300.106298442414,0.0004017164389035395
2020-04-08 15:20:00,2300.763721168538,0.00041062959082505964
2020-04-08 15:21:00,2303.037714415408,0.00039677237346333365
2020-04-08 15:22:00,2302.195603599394,0.0004037184275040915
2020-04-08 15:23:00,2301.972590233736,0.0004103428151855276
2020-04-08 15:24:00,2301.6719078285905,0.0004028131024838641
2020-04-08 15:25:00,2302.738574366437,0.00042711663900187665
2020-04-08 15:26:00,2304.5057786270822,0.00040322402841429244
2020-04-08 15:27:00,2304.812010711759,0.00036286018700841825
2020-04-08 15:28:00,2305.04132329443,0.00037765827277636894
2020-04-08 15:29:00,2305.966889311825,0.00037585810614784287
2020-04-08 15:30:00,2304.8479051733466,0.00036873605510989315
2020-04-08 15:31:00,2303.898156153437,0.0003764502269037333
2020-04-08 15:32:00,2303.809404729399,0.0003809221660766216
2020-04-08 15:33:00,2304.3132040266005,0.0003889961658219226
2020-04-08 15:34:00,2304.397540121678,0.0003753974398112915
2020-04-08 15:35:00,2303.770612839607,0.00038167431045133893
2020-04-08 15:36:00,2303.225459566806,0.00037613377387363977
2020-04-08 15:37:00,2303.2474233512694,0.0003601852833262673
2020-04-08 15:38:00,2303.210387692036,0.00037351133414846593
2020-04-08 15:39:00,2303.5820519071963,0.0003627072171941195
2020-04-08 15:40:00,2302.7365543223104,0.00037193108962487907
2020-04-08 15:41:00,2301.5446118636332,0.0003477184127977145
2020-04-08 15:42:00,2301.043050880027,0.0003381311357461483
2020-04-08 15:43:00,2301.606363714399,0.00035242842393881445
2020-04-08 15:44:00,2301.9170967368764,0.00036675622695416074
2020-04-08 15:45:00,2302.1184700915874,0.0003597247613872171
2020-04-08 15:46:00,2301.2340038540688,0.00041038405961998616
2020-04-08 15:47:00,2300.1504010180947,0.00040149513368425695
2020-04-08 15:48:00,2301.886808245877,0.0004069541475569499
2020-04-08 15:49:00,2301.769081032435,0.0004361116663389852
2020-04-08 15:50:00,2301.7388673640608,0.0004761499879400384
2020-04-08 15:51:00,2300.412695669475,0.0005134531307935673
2020-04-08 15:52:00,2302.586014949767,0.0005327439865147485
2020-04-08 15:53:00,2302.253453066039,0.0005541568817337285
2020-04-08 15:54:00,2302.911606300116,0.0005339051074617583
2020-04-08 15:55:00,2302.2645650324876,0.0005430403428994595
2020-04-08 15:56:00,2303.8507526471435,0.0005647611562064902
2020-04-08 15:57:00,2303.413329020608,0.0005627801413259035
2020-04-08 15:58:00,2303.0344419275284,0.0005821287142793798
2020-04-08 15:59:00,2303.955714971559,0.0005983585731251247
2020-04-08 16:00:00,2303.589283207959,0.0005938538036630236
2020-04-08 16:01:00,2304.387724571126,0.0005445237158568727
2020-04-08 16:02:00,2302.570155502898,0.0005445451659000008
2020-04-08 16:03:00,2304.1938476449345,0.0005697960932734173
2020-04-08 16:04:00,2305.4269741222915,0.0006162906446962943
2020-04-08 16:05:00,2305.073137422351,0.0006025540051533288
2020-04-08 16:06:00,2304.8475675127465,0.0005851743244549096
2020-04-08 16:07:00,2305.060749809121,0.0005821338065527792
2020-04-08 16:08:00,2306.3677963290884,0.0005654801576215978
2020-04-08 16:09:00,2305.214252432466,0.0005835540321285093
2020-04-08 16:10:00,2306.858085239772,0.0005660203752042866
2020-04-08 16:11:00,2306.9551010651076,0.0005725458976602733
2020-04-08 16:12:00,2307.8437563654297,0.0005370846773518295
2020-04-08 16:13:00,2305.523319478735,0.0005072630714884237
2020-04-08 16:14:00,2307.6765975060157,0.0005210851277790663
2020-04-08 16:15:00,2306.160564859297,0.0005492396511973194
2020-04-08 16:16:00,2307.487473735841,0.000552112070704599
2020-04-08 16:17:00,2308.310909454319,0.000578475378743816
2020-04-08 16:18:00,2307.7709122600772,0.0006500885131673
2020-04-08 16:19:00,2308.2357591607833,0.00065079206242339
2020-04-08 16:20:00,2307.1491236162537,0.0006556574872014156
2020-04-08 16:21:00,2307.8782370488416,0.0006383112501408235
2020-04-08 16:22:00,2307.334718904254,0.0006377122729694688
2020-04-08 16:23:00,2306.5138737972607,0.0006480740969865215
2020-04-08 16:24:00,2307.3625125006783,0.0006065998277094881
2020-04-08 16:25:00,2304.463707218018,0.0006387599537207508
2020-04-08 16:26:00,2304.298675477071,0.0006254136656235964
2020-04-08 16:27:00,2303.183783101239,0.0006529810069905149
2020-04-08 16:28:00,2301.803742999146,0.0006381624088482032
2020-04-08 16:29:00,2301.4510497581455,0.0006931806078661922
2020-04-08 16:30:00,2300.0631322683935,0.0007174699185123245
2020-04-08 16:31:00,2299.7906803104574,0.0006697649526755522
2020-04-08 16:32:00,2297.12009329274,0.000609690721946393
2020-04-08 16:33:00,2299.9032652060177,0.0005687646296896327
2020-04-08 16:34:00,2300.899167102314,0.0005786093607201327
2020-04-08 16:35:00,2301.2325356945503,0.0005930701904432595
2020-04-08 16:36:00,2301.840961230604,0.0006078473679005831
2020-04-08 16:37:00,2303.299444474986,0.0005759224397081504
2020-04-08 16:38:00,2303.909572628457,0.0006061889753082027
2020-04-08 16:39:00,2300.618578690573,0.0006250560651305178
2020-04-08 16:40:00,2298.7732969014146,0.0006415593938447434
2020-04-08 16:41:00,2298.4787243822093,0.0006301771207207373
2020-04-08 16:42:00,2298.0092687615765,0.000608501095492085
2020-04-08 16:43:00,2298.0057036009844,0.0006338154209836248
2020-04-08 16:44:00,2297.474473515669,0.0005864573542130564
2020-04-08 16:45:00,2298.986335437884,0.0006113206653495525
2020-04-08 16:46:00,2300.3848435382156,0.0005827194771975868
2020-04-08 16:47:00,2300.004330461947,0.000559228039410552
2020-04-08 16:48:00,2299.994654654002,0.0005343164819819046
2020-04-08 16:49:00,2301.755102551601,0.0005447608238749373
2020-04-08 16:50:00,2302.587904492253,0.0005460348783499749
2020-04-08 16:51:00,2302.530675583621,0.0005719811700866972
2020-04-08 16:52:00,2303.330525543821,0.0005624320949969967
2020-04-08 16:53:00,2304.315105283377,0.0005847739618388986
2020-04-08 16:54:00,2308.7975804260686,0.0006298117621376713
2020-04-08 16:55:00,2309.81026220276,0.0006310590078429511
2020-04-08 16:56:00,2310.8242701962363,0.0006156043251178292
2020-04-08 16:57:00,2313.5303723163343,0.0005857856770217845
2020-04-08 16:58:00,2315.3008146168577,0.0006094808472490603
2020-04-08 16:59:00,2314.927716301851,0.0006357866348465983
2020-04-08 17:00:00,2315.802949240031,0.0006492767365836895
2020-04-08 17:01:00,2317.563744172303,0.0006550636500850492
2020-04-08 17:02:00,2316.5501663241967,0.000566908692024697
2020-04-08 17:03:00,2318.234492854861,0.0005769578666345898
2020-04-08 17:04:00,2317.0558396488286,0.0006078532254084125
2020-04-08 17:05:00,2316.230119701365,0.0005599393031392024
2020-04-08 17:06:00,2315.676799902486,0.0005828923779374817
2020-04-08 17:07:00,2314.5319675353257,0.0005813674084607224
2020-04-08 17:08:00,2314.6693644128823,0.0005937965730254057
2020-04-08 17:09:00,2314.4746836608447,0.0005909808193382458
2020-04-08 17:10:00,2314.4292120920677,0.0005345991561185197
2020-04-08 17:11:00,2312.6470260356073,0.0005188374962293095
2020-04-08 17:12:00,2313.056780355906,0.0005110815168779581
2020-04-08 17:13:00,2313.660961738563,0.0004892018401237414
2020-04-08 17:14:00,2314.841881012417,0.0004573891606732295
2020-04-08 17:15:00,2316.259471617717,0.00045209890800508747
2020-04-08 17:16:00,2314.703982853829,0.0004049687769954175
2020-04-08 17:17:00,2315.5430570218055,0.0004204260473501147
2020-04-08 17:18:00,2315.9082453626584,0.00041765316705538855
2020-04-08 17:19:00,2316.229627983704,0.0004031094639725782
2020-04-08 17:20:00,2317.7691107739633,0.00041204918934720507
2020-04-08 17:21:00,2317.972200048134,0.0004085333292935222
2020-04-08 17:22:00,2317.6342928729823,0.00039920981767279
2020-04-08 17:23:00,2317.8047609493315,0.000406336358766792
2020-04-08 17:24:00,2317.6265975512565,0.00038103237095920347
2020-04-08 17:25:00,2317.5080043609146,0.0003749979573904631
2020-04-08 17:26:00,2316.4172525326385,0.00037619649660758614
2020-04-08 17:27:00,2316.2379795139414,0.0003745542787286692
2020-04-08 17:28:00,2315.9732751976044,0.0003749486724984393
2020-04-08 17:29:00,2316.537172254701,0.00034870472481963294
2020-04-08 17:30:00,2316.423445387155,0.0003572701620382369
2020-04-08 17:31:00,2317.0112196204477,0.00036980834283946413
2020-04-08 17:32:00,2315.641258331901,0.0003410604955827942
2020-04-08 17:33:00,2316.232215770659,0.00034440086912185296
2020-04-08 17:34:00,2315.1717607711275,0.00033138656784720944
2020-04-08 17:35:00,2315.1520262906074,0.00032833455081873134
2020-04-08 17:36:00,2313.5995974040284,0.00030108981937765166
2020-04-08 17:37:00,2313.668157291379,0.00028808590336734544
2020-04-08 17:38:00,2313.780108686787,0.00029683728387190395
2020-04-08 17:39:00,2314.724351373079,0.0003087463109446197
2020-04-08 17:40:00,2315.2223436877025,0.00030952244908291133
2020-04-08 17:41:00,2314.5290074391314,0.000318088112098729
2020-04-08 17:42:00,2313.564806560748,0.00032901001676172484
2020-04-08 17:43:00,2314.27648404368,0.00033458757419496936
2020-04-08 17:44:00,2315.069485695744,0.00032822163699226
2020-04-08 17:45:00,2313.288088720627,0.000329214306289566
2020-04-08 17:46:00,2313.9937986965156,0.0003323061441474542
2020-04-08 17:47:00,2313.8304133288575,0.0003191230617516831
2020-04-08 17:48:00,2314.531240247024,0.00031873117560894237
2020-04-08 17:49:00,2313.548041877026,0.00032689544523073586
2020-04-08 17:50:00,2313.9069546314427,0.0003217556745464787
2020-04-08 17:51:00,2311.8953183926637,0.0003297316636151445
2020-04-08 17:52:00,2311.100071298647,0.00033385518473329494
2020-04-08 17:53:00,2311.5896344678117,0.0003485095335472545
2020-04-08 17:54:00,2311.5121945999217,0.000309734544302412
2020-04-08 17:55:00,2312.2693154525186,0.00030622489019691446
2020-04-08 17:56:00,2311.890633023202,0.00031354049893819936
2020-04-08 17:57:00,2313.020888500031,0.0003187909044875593
2020-04-08 17:58:00,2311.26968085373,0.0003253259380008599
2020-04-08 17:59:00,2310.393926020146,0.0003190155593922424
2020-04-08 18:00:00,2310.4725070971867,0.00029836265317021587
2020-04-08 18:01:00,2310.79379327569,0.00028907343784374053
2020-04-08 18:02:00,2310.7669540566835,0.0002851124624432669
2020-04-08 18:03:00,2311.1332170175874,0.00027165570956244644
2020-04-08 18:04:00,2310.260980612667,0.0002753886734106186
2020-04-08 18:05:00,2311.354991300328,0.00027586665525581943
2020-04-08 18:06:00,2312.2161917055423,0.00030633158182032544
2020-04-08 18:07:00,2311.3776862397795,0.0002725849674018841
2020-04-08 18:08:00,2310.622718114538,0.000269522738447717
2020-04-08 18:09:00,2311.0656044312022,0.000287883333767562
2020-04-08 18:10:00,2311.2432456453193,0.00027097465105195345
2020-04-08 18:11:00,2311.2414362424656,0.00028104917015252164
2020-04-08 18:12:00,2310.7578937348167,0.0002812973208211176
2020-04-08 18:13:00,2311.918416823095,0.00027057512745539173
2020-04-08 18:14:00,2311.7573536581035,0.0002844136609489618
2020-04-08 18:15:00,2311.4560156514494,0.00027801553530846054
2020-04-08 18:16:00,2310.814930868143,0.00027505450819483577
2020-04-08 18:17:00,2310.8235371655405,0.00027506092600428853
2020-04-08 18:18:00,2310.603440514127,0.00024781853251649533
2020-04-08 18:19:00,2310.747964713193,0.00025069749895821066
2020-04-08 18:20:00,2311.307210989187,0.0002594069686838549
2020-04-08 18:21:00,2311.3318113893497,0.000258207264224047
2020-04-08 18:22:00,2311.596046378719,0.00026523246155195216
2020-04-08 18:23:00,2311.3704270731228,0.0002493372643104455
2020-04-08 18:24:00,2311.821571410391,0.00025430487081989813
2020-04-08 18:25:00,2311.7834729344036,0.00023403590610193302
2020-04-08 18:26:00,2312.167185175625,0.0002463838999819343
2020-04-08 18:27:00,2312.604745557812,0.00024553892778869164
2020-04-08 18:28:00,2311.380548286927,0.0002187142355810144
2020-04-08 18:29:00,2311.23346194244,0.00022628700726130588
2020-04-08 18:30:00,2311.3429604944276,0.0002237868373474031
2020-04-08 18:31:00,2311.9169219054434,0.00023698884143238272
2020-04-08 18:32:00,2311.4355204256362,0.00024409595430351832
2020-04-08 18:33:00,2310.493829272971,0.00024666060713798545
2020-04-08 18:34:00,2309.9729561560625,0.00026457769221267027
2020-04-08 18:35:00,2309.8854477459136,0.0002639208324531587
2020-04-08 18:36:00,2309.8747322261884,0.0002809403423952063
2020-04-08 18:37:00,2309.610440692931,0.0002737175775200799
2020-04-08 18:38:00,2309.6456635144186,0.0002835802235439157
2020-04-08 18:39:00,2309.6267995976687,0.0002787163795172813
2020-04-08 18:40:00,2309.835834534945,0.00028610700158083634
2020-04-08 18:41:00,2310.366775562207,0.00027347881913907993
2020-04-08 18:42:00,2310.641225479445,0.00028004726763434845
2020-04-08 18:43:00,2310.9100679902213,0.00029039379852080244
2020-04-08 18:44:00,2310.8110841026096,0.0002995907389362789
2020-04-08 18:45:00,2309.797275722177,0.0003063114470413793
2020-04-08 18:46:00,2309.361259278588,0.0003068717432696952
2020-04-08 18:47:00,2309.639790859903,0.00028048672256698903
2020-04-08 18:48:00,2309.9267606307576,0.0002829451575229699
2020-04-08 18:49:00,2309.740659929739,0.0002802292708195525
2020-04-08 18:50:00,2309.6510066413266,0.0002603908835388467
2020-04-08 18:51:00,2310.0605298036908,0.0002539951667671094
2020-04-08 18:52:00,2310.006108800571,0.00025568961866821076
2020-04-08 18:53:00,2310.7916951758,0.0002809503504463404
2020-04-08 18:54:00,2309.9680873128696,0.0002856117907515023
2020-04-08 18:55:00,2309.0823854815544,0.0002703257989394697
2020-04-08 18:56:00,2309.164890187776,0.00028532976161488625
2020-04-08 18:57:00,2309.333300284502,0.0002983116541088953
2020-04-08 18:58:00,2309.0529255576444,0.0002920712910804262
2020-04-08 18:59:00,2308.9176451980984,0.0002446591844121675
2020-04-08 19:00:00,2308.654074566144,0.00023255196989490628
2020-04-08 19:01:00,2308.637278622259,0.0002478347796905716
2020-04-08 19:02:00,2308.0933721400097,0.0002517676119886056
2020-04-08 19:03:00,2307.9189245414013,0.00024477955137509053
2020-04-08 19:04:00,2307.879119892501,0.00022419973336496366
2020-04-08 19:05:00,2307.4294391443777,0.00021845500571137549
2020-04-08 19:06:00,2307.2606837885955,0.0002267171669749634
2020-04-08 19:07:00,2306.1271052825787,0.00023967301550689084
2020-04-08 19:08:00,2305.47613135229,0.00023270781988325037
2020-04-08 19:09:00,2305.6556549017932,0.00022132842542745422
2020-04-08 19:10:00,2305.8188740930495,0.0002136051572251696
2020-04-08 19:11:00,2306.319124854638,0.0002344948385280196
2020-04-08 19:12:00,2306.414795980337,0.00024759219902562246
2020-04-08 19:13:00,2306.175038662827,0.00024216396060154722
2020-04-08 19:14:00,2304.824490896359,0.00022776359078024227
2020-04-08 19:15:00,2305.033828009171,0.00022643232019305118
2020-04-08 19:16:00,2304.8564437383625,0.00022453562660532735
2020-04-08 19:17:00,2304.573992004139,0.00024123798423086157
2020-04-08 19:18:00,2304.1566057590903,0.00024037685984750455
2020-04-08 19:19:00,2303.953966831612,0.0002507984126005433
2020-04-08 19:20:00,2305.0846714098325,0.00026444061822486123
2020-04-08 19:21:00,2304.300360737756,0.00026561442485586485
2020-04-08 19:22:00,2304.726802587171,0.0002738280190624345
2020-04-08 19:23:00,2304.1316803293294,0.0002838196838771347
2020-04-08 19:24:00,2303.907969362631,0.00028446479494553925
2020-04-08 19:25:00,2304.455012658872,0.0003002954393914983
2020-04-08 19:26:00,2305.4846491602652,0.0002930223318513972
2020-04-08 19:27:00,2306.3468877447754,0.0002851771311155652
2020-04-08 19:28:00,2305.854224117316,0.0002697091114870366
2020-04-08 19:29:00,2305.698563890019,0.00024489811368066087
2020-04-08 19:30:00,2305.364870925509,0.0002529444110627587
2020-04-08 19:31:00,2305.30999654351,0.00025474464091039794
2020-04-08 19:32:00,2305.462475067294,0.00024120808902874453
2020-04-08 19:33:00,2305.515424229268,0.00024643131583531816
2020-04-08 19:34:00,2306.006580055717,0.000233955808022178
2020-04-08 19:35:00,2305.584393280054,0.0002193018401768284
2020-04-08 19:36:00,2305.250312278756,0.00021706739391306947
2020-04-08 19:37:00,2305.1904460701517,0.00023272846706908957
2020-04-08 19:38:00,2305.560066928126,0.0002152754412921048
2020-04-08 19:39:00,2305.4832598772805,0.00019912294592253142
2020-04-08 19:40:00,2305.436567621872,0.00020824172029717834
2020-04-08 19:41:00,2306.0702165099387,0.00020565365248507506
2020-04-08 19:42:00,2305.731943909803,0.0002114350225984651
2020-04-08 19:43:00,2305.3550112485495,0.00019916114287480842
2020-04-08 19:44:00,2304.734268340389,0.00020324282422949026
2020-04-08 19:45:00,2304.1106348972803,0.0001939899275115152
2020-04-08 19:46:00,2304.282800531223,0.0001814463006017149
2020-04-08 19:47:00,2304.1920806999424,0.00018790137010546443
2020-04-08 19:48:00,2304.8173379594186,0.0001843095622370944
2020-04-08 19:49:00,2304.840943497769,0.00017173367430261917
2020-04-08 19:50:00,2304.542908319817,0.00016721950670609006
2020-04-08 19:51:00,2304.6365046876467,0.0001670120023338001
2020-04-08 19:52:00,2304.6053349963117,0.0001687566450605509
2020-04-08 19:53:00,2304.458098168645,0.00015609549101944868
2020-04-08 19:54:00,2305.2299053802917,0.00015328234674288134
2020-04-08 19:55:00,2305.0198462242856,0.0001424074913450299
2020-04-08 19:56:00,2305.374979795867,0.000140461471529072
2020-04-08 19:57:00,2305.571434881515,0.00014497476627739443
2020-04-08 19:58:00,2305.760015982107,0.00014840808641053464
2020-04-08 19:59:00,2305.3389120799893,0.00015204977767817185
2020-04-09 13:30:00,2333.174731956098,0.00015919163529749274
2020-04-09 13:31:00,2333.10829536732,0.0001647893647605702
2020-04-09 13:32:00,2333.237308031228,0.00016265990915516454
2020-04-09 13:33:00,2332.8011915815882,0.000166532809553805
2020-04-09 13:34:00,2332.8393898093586,0.0001648927938543119
2020-04-09 13:35:00,2332.9902970727,0.0001705276562193974
2020-04-09 13:36:00,2332.8320730333207,0.00016613535376247519
2020-04-09 13:37:00,2332.6262380679827,0.00017226441737067626
2020-04-09 13:38:00,2332.3718806417774,0.0001741818037467325
2020-04-09 13:39:00,2332.450535000047,0.0001706306687394607
2020-04-09 13:40:00,2331.777381453752,0.00016856262767919386
2020-04-09 13:41:00,2331.7342598787673,0.00016993014601228838
2020-04-09 13:42:00,2331.28865162035,0.0001779864715665935
2020-04-09 13:43:00,2332.028897790404,0.0001822099916642458
2020-04-09 13:44:00,2332.684586476668,0.00018327134005592256
2020-04-09 13:45:00,2332.642659121323,0.0001777889307430509
2020-04-09 13:46:00,2332.4609663178853,0.00017595200921591536
2020-04-09 13:47:00,2332.3263178557904,0.00016910062386326117
2020-04-09 13:48:00,2332.3102652701486,0.00017198285374825763
2020-04-09 13:49:00,2331.94396198105,0.00017376880820878173
2020-04-09 13:50:00,2331.3842724953265,0.00018055472501772067
2020-04-09 13:51:00,2331.870080851577,0.00018728794654540497
2020-04-09 13:52:00,2332.442813945332,0.00020250827384143
2020-04-09 13:53:00,2332.45597417874,0.00020075829453256158
2020-04-09 13:54:00,2331.871864178069,0.00019123364750338814
2020-04-09 13:55:00,2332.430605214714,0.00017701053056537371
2020-04-09 13:56:00,2332.7455985084807,0.0001677713185353899
2020-04-09 13:57:00,2332.6497752351947,0.00016991579798047193
2020-04-09 13:58:00,2332.579718983165,0.00016630477917529117
2020-04-09 13:59:00,2332.597270912087,0.00016215369473247864
2020-04-09 14:00:00,2332.510722608508,0.00016392117110546487
2020-04-09 14:01:00,2331.9084755925182,0.00017984253229779071
2020-04-09 14:02:00,2332.726501946918,0.00016785257547979505
2020-04-09 14:03:00,2332.1161787077376,0.00017485686522409054
2020-04-09 14:04:00,2332.0804467631797,0.00017117220704660963
2020-04-09 14:05:00,2332.6255313080583,0.00016845584942706363
2020-04-09 14:06:00,2332.68163522431,0.00019099833767672754
2020-04-09 14:07:00,2332.69188037992,0.00018350503369720506
2020-04-09 14:08:00,2332.967216191154,0.00019091603789032644
2020-04-09 14:09:00,2332.8262020473567,0.00019291322722308658
2020-04-09 14:10:00,2332.4819199689637,0.00019896453183212436
2020-04-09 14:11:00,2331.6956410959974,0.00020735467325637367
2020-04-09 14:12:00,2331.70739435843,0.00018942014671135448
2020-04-09 14:13:00,2331.9017293819797,0.00018219253060103592
2020-04-09 14:14:00,2330.981234715738,0.00018591267062085737
2020-04-09 14:15:00,2330.99751795207,0.0001766213712892355
2020-04-09 14:16:00,2331.2245024663926,0.0001906229320170481
2020-04-09 14:17:00,2330.800287492941,0.0002072610219382989
2020-04-09 14:18:00,2330.219439585952,0.00021450533604493787
2020-04-09 14:19:00,2329.726087092159,0.00020537399945222125
2020-04-09 14:20:00,2328.829275588177,0.0002209142969968183
2020-04-09 14:21:00,2328.468417813609,0.00022828621862876493
2020-04-09 14:22:00,2328.3734408878327,0.00022144593430551763
2020-04-09 14:23:00,2328.631923167167,0.00022747584418691974
2020-04-09 14:24:00,2329.0829884119235,0.00022994783528866065
2020-04-09 14:25:00,2329.080843237756,0.00023471473878765832
2020-04-09 14:26:00,2328.528460672958,0.00022467906590295834
2020-04-09 14:27:00,2328.3503323753475,0.00021786867112673304
2020-04-09 14:28:00,2328.6070983995146,0.00022134577401121324
2020-04-09 14:29:00,2328.5685041873144,0.00021387406986339224
2020-04-09 14:30:00,2328.904180299642,0.00024345304950986667
2020-04-09 14:31:00,2327.8301203418005,0.0002628271307760095
2020-04-09 14:32:00,2327.4081215764345,0.0002612415724042264
2020-04-09 14:33:00,2326.568878434081,0.0002737117092650542
2020-04-09 14:34:00,2326.8573538126675,0.00028266965390476686
2020-04-09 14:35:00,2326.8229937867477,0.0002728668949496858
2020-04-09 14:36:00,2327.4513499237923,0.0002701053403133112
2020-04-09 14:37:00,2327.529734875383,0.00025262686876728846
2020-04-09 14:38:00,2327.537914211464,0.000256458534313083
2020-04-09 14:39:00,2326.7813833867704,0.00027445972570174133
2020-04-09 14:40:00,2326.5589304507985,0.0002709868348560505
2020-04-09 14:41:00,2326.7679124729707,0.00028494904355787557
2020-04-09 14:42:00,2326.9386887767614,0.00029133922636499147
2020-04-09 14:43:00,2326.988211030593,0.00027865930391595827
2020-04-09 14:44:00,2326.904180744326,0.00026882066049699425
2020-04-09 14:45:00,2325.076226582037,0.00027881896875384164
2020-04-09 14:46:00,2324.8489091377855,0.000272708376546523
2020-04-09 14:47:00,2325.8234478435793,0.0002814036378458808
2020-04-09 14:48:00,2325.5481965630597,0.0002501667721897924
2020-04-09 14:49:00,2325.003524161096,0.00025406771920450424
2020-04-09 14:50:00,2325.1799907353325,0.0002823500237092712
2020-04-09 14:51:00,2326.0501364616166,0.0002916407368293533
2020-04-09 14:52:00,2326.826526348085,0.0002885601258950842
2020-04-09 14:53:00,2326.256945921683,0.00027943607818142155
2020-04-09 14:54:00,2326.6572537850257,0.0002647357664902469
2020-04-09 14:55:00,2326.935550955287,0.00026630508409896476
2020-04-09 14:56:00,2326.6798048662918,0.00025631705032358855
2020-04-09 14:57:00,2326.9363249417684,0.00024937806823126447
2020-04-09 14:58:00,2325.1670446487933,0.0002747212937801894
2020-04-09 14:59:00,2325.5452844297424,0.0002815453878145473
2020-04-09 15:00:00,2325.8834196590647,0.0002717371097646086
2020-04-09 15:01:00,2326.038915145748,0.00027170323205189813
2020-04-09 15:02:00,2326.635658474944,0.0002916110655789732
2020-04-09 15:03:00,2324.778969885639,0.0002840353303341163
2020-04-09 15:04:00,2324.351985623177,0.0002735183584454025
2020-04-09 15:05:00,2324.670244123659,0.0002959515321060677
2020-04-09 15:06:00,2325.256933956384,0.0002878140653511273
2020-04-09 15:07:00,2325.4344437032414,0.0003050667457461613
2020-04-09 15:08:00,2325.466015089054,0.00030123994978768727
2020-04-09 15:09:00,2325.989844253518,0.00028337081828465934
2020-04-09 15:10:00,2325.378690251214,0.0002964757729632191
2020-04-09 15:11:00,2325.850355608814,0.0003084122582173051
2020-04-09 15:12:00,2326.3479718232297,0.0002971612822084824
2020-04-09 15:13:00,2326.8255671002144,0.00031137872654456866
2020-04-09 15:14:00,2326.9151455460888,0.00033169922251192536
2020-04-09 15:15:00,2326.914226219585,0.00036238192590088135
2020-04-09 15:16:00,2327.9958228164296,0.0003766628816790139
2020-04-09 15:17:00,2327.8333140074355,0.0003774748790912127
2020-04-09 15:18:00,2329.106388841454,0.0003747087511928423
2020-04-09 15:19:00,2328.3808674691954,0.00039711786574505946
2020-04-09 15:20:00,2326.356539027408,0.00040228490893133887
2020-04-09 15:21:00,2326.359506832337,0.00039074756689504967
2020-04-09 15:22:00,2326.2055775455005,0.0003912926914850241
2020-04-09 15:23:00,2326.0119990297826,0.0003836705890481721
2020-04-09 15:24:00,2326.00048782556,0.0003858496765149072
2020-04-09 15:25:00,2326.464837465023,0.0003637710654569489
2020-04-09 15:26:00,2325.374419908722,0.0003525479113112054
2020-04-09 15:27:00,2324.806567215451,0.0003565529925728321
2020-04-09 15:28:00,2323.8938675779355,0.00034678392706357134
2020-04-09 15:29:00,2322.7621813686005,0.00035189314723041903
2020-04-09 15:30:00,2322.097282265726,0.00036244852832590817
2020-04-09 15:31:00,2321.8678378769278,0.0003541252106780888
2020-04-09 15:32:00,2320.9773227097066,0.0003990579817028718
2020-04-09 15:33:00,2319.749930956074,0.00041921915857158883
2020-04-09 15:34:00,2320.387844227038,0.0004217901334395567
2020-04-09 15:35:00,2321.8043260405548,0.00039326123889349814
2020-04-09 15:36:00,2322.311247372575,0.00037922755444685225
2020-04-09 15:37:00,2321.1323140026516,0.0003780627821777963
2020-04-09 15:38:00,2319.6224369709744,0.00037619584519646773
2020-04-09 15:39:00,2318.10718283182,0.0003575003263248008
2020-04-09 15:40:00,2318.125940355354,0.00037334186870062783
2020-04-09 15:41:00,2318.898882000628,0.00037926957673455275
2020-04-09 15:42:00,2319.5469270436124,0.00039041180502052324
2020-04-09 15:43:00,2320.138272020925,0.00041102455509282426
2020-04-09 15:44:00,2319.164965163701,0.0004143760293144774
2020-04-09 15:45:00,2319.364015877083,0.00042665932700271296
2020-04-09 15:46:00,2318.8112236596,0.0004348692258773972
2020-04-09 15:47:00,2317.991057793236,0.0004199233592993087
2020-04-09 15:48:00,2319.9792571162047,0.00042997590191977663
2020-04-09 15:49:00,2319.852951457654,0.0004108639040241332
2020-04-09 15:50:00,2319.9419961331614,0.00039072805198357046
2020-04-09 15:51:00,2318.802395646534,0.000406217845487352
2020-04-09 15:52:00,2316.3786113561678,0.00043698302716718
2020-04-09 15:53:00,2317.005195557308,0.00043960288206530625
2020-04-09 15:54:00,2316.830679514305,0.00042067013967413136
2020-04-09 15:55:00,2316.8376008606288,0.00042265450197471007
2020-04-09 15:56:00,2316.421762044409,0.0004133670639551449
2020-04-09 15:57:00,2315.8252982185995,0.00041889966954832686
2020-04-09 15:58:00,2316.536772247857,0.00040925421330980055
2020-04-09 15:59:00,2316.8714428253425,0.00043956806713920364
2020-04-09 16:00:00,2317.1497388743965,0.00044682952825855565
2020-04-09 16:01:00,2317.166727111877,0.00046212126476256264
2020-04-09 16:02:00,2317.7349162375867,0.00045840509487297953
2020-04-09 16:03:00,2317.7801068621775,0.00046501832637574136
2020-04-09 16:04:00,2317.3804132123773,0.00046066867065913805
2020-04-09 16:05:00,2320.1880867300265,0.00045098635341534376
2020-04-09 16:06:00,2321.6087249157204,0.00042518394793908783
2020-04-09 16:07:00,2321.053720764447,0.0004277021661431845
2020-04-09 16:08:00,2320.0808461847964,0.00044654447362926184
2020-04-09 16:09:00,2321.0881984708876,0.0004274802067861634
2020-04-09 16:10:00,2322.285437304299,0.0004410658203977089
2020-04-09 16:11:00,2322.9931348505283,0.000423308536546096
2020-04-09 16:12:00,2321.8570625398074,0.000429278296835189
2020-04-09 16:13:00,2321.8130551841755,0.00043965784099936654
2020-04-09 16:14:00,2322.2234952154445,0.00041334589153949134
2020-04-09 16:15:00,2322.001495120479,0.00044481497398267606
2020-04-09 16:16:00,2321.762743629601,0.0004471440183214898
2020-04-09 16:17:00,2320.801708436214,0.000450793678244513
2020-04-09 16:18:00,2320.199243498371,0.00048043251713765885
2020-04-09 16:19:00,2320.599900501327,0.0004784537756355655
2020-04-09 16:20:00,2320.1191203341873,0.00044999881809324436
2020-04-09 16:21:00,2321.6360769669627,0.000472675673384894
2020-04-09 16:22:00,2321.586559018034,0.0004736594732672335
2020-04-09 16:23:00,2322.789554443551,0.0004989203351455765
2020-04-09 16:24:00,2322.2426950731306,0.0005052207283958626
2020-04-09 16:25:00,2321.0257677411737,0.0004771036351266188
2020-04-09 16:26:00,2319.8993048311518,0.00047860427469604113
2020-04-09 16:27:00,2319.0998900389677,0.0004919448018763875
2020-04-09 16:28:00,2316.7784260024882,0.0004979570105037389
2020-04-09 16:29:00,2315.9009935189156,0.0005062071413045239
2020-04-09 16:30:00,2313.9894416465404,0.0005211056904601237
2020-04-09 16:31:00,2313.5357681836663,0.0005177375436752899
2020-04-09 16:32:00,2313.3215407735647,0.0005310582672896698
2020-04-09 16:33:00,2313.9611524565858,0.0005547188165532498
2020-04-09 16:34:00,2313.9321739641737,0.0005775587062551438
2020-04-09 16:35:00,2315.1962663806453,0.0005895229371722391
2020-04-09 16:36:00,2313.4000256142535,0.0005401799640958369
2020-04-09 16:37:00,2312.69353727281,0.0005375008302370979
2020-04-09 16:38:00,2314.4733667833652,0.0005371451834955632
2020-04-09 16:39:00,2316.565166744209,0.0005153889673163781
2020-04-09 16:40:00,2316.7702510012605,0.0005089287446502247
2020-04-09 16:41:00,2316.788687095251,0.0005439730007349067
2020-04-09 16:42:00,2316.92648770494,0.0005264006389239181
2020-04-09 16:43:00,2315.288892239925,0.0004641899851458769
2020-04-09 16:44:00,2314.4805273574516,0.0004446803302657849
2020-04-09 16:45:00,2312.8635541485774,0.0004338668413922615
2020-04-09 16:46:00,2313.462444676934,0.000424158078085973
2020-04-09 16:47:00,2314.2237150371466,0.00042069140830815877
2020-04-09 16:48:00,2315.5023557295413,0.00045988921009342866
2020-04-09 16:49:00,2313.803296234059,0.00044743843112331064
2020-04-09 16:50:00,2312.645215255127,0.0004144217318360634
2020-04-09 16:51:00,2312.3992507549674,0.0004332295748857831
2020-04-09 16:52:00,2313.6746464326407,0.0004511190150297634
2020-04-09 16:53:00,2314.6826537098805,0.0004268643099910516
2020-04-09 16:54:00,2316.037999161675,0.00042266718724008617
2020-04-09 16:55:00,2315.4870951563807,0.0004464693245899789
2020-04-09 16:56:00,2315.590434450536,0.0004692850812630643
2020-04-09 16:57:00,2317.3742030982194,0.0004802190502089168
2020-04-09 16:58:00,2317.9135269407834,0.0005276543037441455
2020-04-09 16:59:00,2317.6765043280234,0.0005481240832742676
2020-04-09 17:00:00,2315.2109549292127,0.0005500285220867278
2020-04-09 17:01:00,2316.029494428469,0.000535635847013468
2020-04-09 17:02:00,2317.2489153653423,0.000492301400783402
2020-04-09 17:03:00,2318.6419217952357,0.0005292691532710839
2020-04-09 17:04:00,2319.975286941773,0.0005025724893811527
2020-04-09 17:05:00,2319.627282296845,0.0004853438240567579
2020-04-09 17:06:00,2319.531788616743,0.000485871629503668
2020-04-09 17:07:00,2320.801643003645,0.0004777499503722686
2020-04-09 17:08:00,2320.665306807729,0.00047795047779126076
2020-04-09 17:09:00,2319.6257394916593,0.0004795633738689421
2020-04-09 17:10:00,2318.769351451672,0.0004971759315347624
2020-04-09 17:11:00,2319.68217133998,0.00048579889504734734
2020-04-09 17:12:00,2320.8037556433446,0.0004657375990489795
2020-04-09 17:13:00,2321.0544261615883,0.00047607000337883285
2020-04-09 17:14:00,2323.216239100443,0.000496336352308969
2020-04-09 17:15:00,2324.2736160361455,0.0005028516797269469
2020-04-09 17:16:00,2324.813228253487,0.000512769548885577
2020-04-09 17:17:00,2325.8666264472727,0.0005168968189307063
2020-04-09 17:18:00,2326.316611851661,0.0004708634884998386
2020-04-09 17:19:00,2325.892461340238,0.0004740771555250905
2020-04-09 17:20:00,2325.1692077680364,0.0005007456453633738
2020-04-09 17:21:00,2324.328129950612,0.0005277094782160604
2020-04-09 17:22:00,2325.3212883954734,0.0005540757126126118
2020-04-09 17:23:00,2325.743900707629,0.0005523466998215105
2020-04-09 17:24:00,2326.3735678330804,0.0005115760327473411
2020-04-09 17:25:00,2326.56422637124,0.0004993416792596408
2020-04-09 17:26:00,2328.1687755428215,0.0004673240959469914
2020-04-09 17:27:00,2327.500732348421,0.0004565111656354581
2020-04-09 17:28:00,2327.4582985952034,0.000428894728950992
2020-04-09 17:29:00,2327.7383542015027,0.000397881015391214
2020-04-09 17:30:00,2327.4625442825063,0.00041804622903973096
2020-04-09 17:31:00,2326.9143290675884,0.0004278044623418865
2020-04-09 17:32:00,2326.5687742120876,0.00039140130621930625
2020-04-09 17:33:00,2325.625787177238,0.00038731873920520903
2020-04-09 17:34:00,2324.117302020585,0.0004238973310131765
2020-04-09 17:35:00,2324.7491075509297,0.0004426749621917521
2020-04-09 17:36:00,2324.6341653172663,0.0004141194466658041
2020-04-09 17:37:00,2325.8281913587443,0.0004300175233918037
2020-04-09 17:38:00,2326.4530844661426,0.0004463477407122083
2020-04-09 17:39:00,2325.4255016740635,0.0005044016000423138
2020-04-09 17:40:00,2324.9183889577403,0.0005006384653361961
2020-04-09 17:41:00,2325.6862547672476,0.0005053709052163368
2020-04-09 17:42:00,2327.318931869344,0.0004792276862277093
2020-04-09 17:43:00,2329.0334584645443,0.0004747296008230089
2020-04-09 17:44:00,2327.4339044525254,0.0004307979344804016
2020-04-09 17:45:00,2328.894995093687,0.00042045099065360836
2020-04-09 17:46:00,2329.420971222934,0.00039801617048914174
2020-04-09 17:47:00,2328.811228701181,0.0004057007108660565
2020-04-09 17:48:00,2330.204511742847,0.0004573163425636278
2020-04-09 17:49:00,2329.0070102839186,0.00046056656456441424
2020-04-09 17:50:00,2328.122206325189,0.0004802973634686318
2020-04-09 17:51:00,2327.2971117290467,0.0004635614381753495
2020-04-09 17:52:00,2326.048122088453,0.00048622938684282575
2020-04-09 17:53:00,2327.229549910645,0.0004952657345590775
2020-04-09 17:54:00,2327.987660684344,0.0004514268129359681
2020-04-09 17:55:00,2327.4634909161223,0.00042279368720744484
2020-04-09 17:56:00,2326.414288009664,0.000427671527246505
2020-04-09 17:57:00,2325.262999321869,0.0004700501246434319
2020-04-09 17:58:00,2322.7314100270596,0.0004639875383729459
2020-04-09 17:59:00,2323.048990666153,0.00046095530631714486
2020-04-09 18:00:00,2321.9465600893172,0.0004696512236413658
2020-04-09 18:01:00,2323.041096116278,0.0004656599031809721
2020-04-09 18:02:00,2323.9059463523417,0.0004886282103478621
2020-04-09 18:03:00,2324.371591253148,0.00048792203612190935
2020-04-09 18:04:00,2325.042413793345,0.0005023704732762248
2020-04-09 18:05:00,2325.4747781460487,0.0004898276274806944
2020-04-09 18:06:00,2325.8469421785217,0.00047515438527303156
2020-04-09 18:07:00,2327.19096992914,0.00045508491661548644
2020-04-09 18:08:00,2329.849472204482,0.00043350471730249044
2020-04-09 18:09:00,2328.5893366141877,0.00042886064607937667
2020-04-09 18:10:00,2329.9608922524176,0.0004211460216873127
2020-04-09 18:11:00,2330.6237354946734,0.00043751069118029177
2020-04-09 18:12:00,2329.680779125424,0.00042300241927438134
2020-04-09 18:13:00,2327.9801154798524,0.0004032241008042241
2020-04-09 18:14:00,2329.5500888560205,0.0004143220788363848
2020-04-09 18:15:00,2329.2850632645814,0.00040702110322310083
2020-04-09 18:16:00,2327.636450971536,0.0003960546586746802
2020-04-09 18:17:00,2326.506131141787,0.000402312848041919
2020-04-09 18:18:00,2325.3318392231567,0.0004209909243956726
2020-04-09 18:19:00,2325.9673487116884,0.0004210333660146929
2020-04-09 18:20:00,2326.0320404100535,0.00043901984226244107
2020-04-09 18:21:00,2327.1244926602576,0.0004817076810271327
2020-04-09 18:22:00,2329.038204305255,0.0004615226744656404
2020-04-09 18:23:00,2329.580293523508,0.0004485968241657101
2020-04-09 18:24:00,2328.4058333001462,0.0004248366374138199
2020-04-09 18:25:00,2328.049758047183,0.00040193009953290166
2020-04-09 18:26:00,2327.03493635947,0.00037099657724292415
2020-04-09 18:27:00,2326.0495307955653,0.00037360636967962406
2020-04-09 18:28:00,2326.6416801947557,0.00036840153381153374
2020-04-09 18:29:00,2328.522466664056,0.0003645884475915677
2020-04-09 18:30:00,2329.296220020457,0.00036596173708794584
2020-04-09 18:31:00,2329.1536441231533,0.000358217607976482
2020-04-09 18:32:00,2329.3018758895614,0.0003682379581461999
2020-04-09 18:33:00,2327.6497387396935,0.00035851273062006457
2020-04-09 18:34:00,2326.951640330896,0.00036539447131708557
2020-04-09 18:35:00,2328.1756647445777,0.00036143114622125733
2020-04-09 18:36:00,2328.621715311192,0.00035651197707386534
2020-04-09 18:37:00,2328.6479223350707,0.0003260899661505024
2020-04-09 18:38:00,2328.0437728827715,0.00030246729337874366
2020-04-09 18:39:00,2328.7774289208587,0.00029771431270864915
2020-04-09 18:40:00,2328.7272216517586,0.000314528428110225
2020-04-09 18:41:00,2328.958419760704,0.00032099925289229405
2020-04-09 18:42:00,2329.5165514965865,0.0003071827484379598
2020-04-09 18:43:00,2329.5891412831065,0.0003088287423583489
2020-04-09 18:44:00,2330.685342637025,0.0003127886000073541
2020-04-09 18:45:00,2329.968843041133,0.00032404816959888107
2020-04-09 18:46:00,2329.6585489598538,0.0003159667091616494
2020-04-09 18:47:00,2330.476793886504,0.00030400429204536936
2020-04-09 18:48:00,2330.7380681467516,0.0002936211406910486
2020-04-09 18:49:00,2331.2035756488267,0.0002864116351818642
2020-04-09 18:50:00,2331.0588944536303,0.00031470284981234016
2020-04-09 18:51:00,2330.316922771412,0.0003324842299198073
2020-04-09 18:52:00,2332.0162736960297,0.0003394798088052675
2020-04-09 18:53:00,2331.695146262744,0.0003234189223932979
2020-04-09 18:54:00,2331.850060863773,0.0003227825794704045
2020-04-09 18:55:00,2332.314722760374,0.0003077170925648175
2020-04-09 18:56:00,2331.4480480887005,0.00032583534753867363
2020-04-09 18:57:00,2331.0680731814396,0.0003136108834373747
2020-04-09 18:58:00,2331.6758112884318,0.00033271749073338406
2020-04-09 18:59:00,2332.84949690068,0.0003156066129037634
2020-04-09 19:00:00,2332.1205167824605,0.00033448176248294844
2020-04-09 19:01:00,2333.213922832146,0.0003404325064913748
2020-04-09 19:02:00,2333.4406057132137,0.0003374768353435632
2020-04-09 19:03:00,2332.5096801854816,0.0003460546708768291
2020-04-09 19:04:00,2333.8909663036316,0.00033992078642382207
2020-04-09 19:05:00,2334.405438276176,0.00037184339480512686
2020-04-09 19:06:00,2334.8877033817657,0.00036516399178297134
2020-04-09 19:07:00,2334.465235944443,0.00037592956979368527
2020-04-09 19:08:00,2333.3242883219127,0.00038100394751653185
2020-04-09 19:09:00,2332.895284629477,0.0004157182519631851
2020-04-09 19:10:00,2333.7260386442667,0.0004153664466744472
2020-04-09 19:11:00,2333.933364752728,0.00041556743960832315
2020-04-09 19:12:00,2333.505271007167,0.00040897254499607796
2020-04-09 19:13:00,2332.948557924281,0.0004203634209588603
2020-04-09 19:14:00,2334.545916147965,0.00043807923151192933
2020-04-09 19:15:00,2335.0668490138123,0.0004580915293036273
2020-04-09 19:16:00,2335.4701798476935,0.0004846868763756562
2020-04-09 19:17:00,2335.164009966944,0.0005244895273073311
2020-04-09 19:18:00,2332.8894320420663,0.0005226777894295422
2020-04-09 19:19:00,2332.1019856898884,0.0004815330621241155
2020-04-09 19:20:00,2331.482309758253,0.0004724023583106891
2020-04-09 19:21:00,2330.996011020037,0.0004642226363844451
2020-04-09 19:22:00,2330.9133045729905,0.00043936396352761497
2020-04-09 19:23:00,2330.683163314077,0.00046595795575510903
2020-04-09 19:24:00,2332.1054486656876,0.0004874309985072582
2020-04-09 19:25:00,2333.062988007592,0.0005034796976532908
2020-04-09 19:26:00,2332.0044655618053,0.0005022032411426321
2020-04-09 19:27:00,2330.6749018737264,0.0005090035547845439
2020-04-09 19:28:00,2330.4324941896625,0.000557895572433526
2020-04-09 19:29:00,2330.3840051188336,0.0005451980632500207
2020-04-09 19:30:00,2330.893759065894,0.0005726180016597827
2020-04-09 19:31:00,2328.672762721057,0.0006023936274957203
2020-04-09 19:32:00,2329.137164230276,0.0005573223795405378
2020-04-09 19:33:00,2326.525086697852,0.0005635807029723598
2020-04-09 19:34:00,2327.1372193886727,0.0006009656278709954
2020-04-09 19:35:00,2330.6471261078977,0.0006159159010418467
2020-04-09 19:36:00,2330.113312984331,0.0006202150687126049
2020-04-09 19:37:00,2330.4981987776227,0.0006329305275649934
2020-04-09 19:38:00,2329.146397187248,0.0006088337158740776
2020-04-09 19:39:00,2329.1795377023923,0.0005860180639105141
2020-04-09 19:40:00,2328.494676908726,0.0005909474177506862
2020-04-09 19:41:00,2327.1040886034407,0.0005815240364045407
2020-04-09 19:42:00,2328.515819715655,0.0005586671840366661
2020-04-09 19:43:00,2330.0269274043962,0.0005507496898111838
2020-04-09 19:44:00,2329.550204438739,0.0005712410378940934
2020-04-09 19:45:00,2330.548808063112,0.0005306914820373235
2020-04-09 19:46:00,2329.1934835956267,0.0005284862127197567
2020-04-09 19:47:00,2328.7194277918047,0.0005019296778661529
2020-04-09 19:48:00,2329.6701524378072,0.0004882525216389532
2020-04-09 19:49:00,2329.1629504770053,0.0004630793100729922
2020-04-09 19:50:00,2329.336668120813,0.00047695946217228617
2020-04-09 19:51:00,2330.8810143865107,0.00046744302755649116
2020-04-09 19:52:00,2329.308408281622,0.0004606683834534828
2020-04-09 19:53:00,2330.2717588928112,0.0004517262801305379
2020-04-09 19:54:00,2330.886408956383,0.0004123530607686356
2020-04-09 19:55:00,2329.5221924632388,0.0004602971234635545
2020-04-09 19:56:00,2328.4042033117234,0.00045727699930343634
2020-04-09 19:57:00,2329.853518999302,0.0004754800586974764
2020-04-09 19:58:00,2329.6820287969376,0.0004753263292355821
2020-04-09 19:59:00,2328.8785799177167,0.0005185516415479954
2020-04-10 13:30:00,2361.1902460788788,0.0004957526764836833
2020-04-10 13:31:00,2360.3865604181346,0.0004953082296199113
2020-04-10 13:32:00,2361.220063145589,0.00048329381496380833
2020-04-10 13:33:00,2361.1110912670497,0.0004822749100229918
2020-04-10 13:34:00,2361.759249650977,0.0004558497923109614
2020-04-10 13:35:00,2359.748260977426,0.0004190764458394073
2020-04-10 13:36:00,2360.4095161809705,0.00039409624405643633
2020-04-10 13:37:00,2359.471550132911,0.0003803809863989149
2020-04-10 13:38:00,2359.7699722122898,0.0003830516367442556
2020-04-10 13:39:00,2360.6041361303774,0.00038789837894372017
2020-04-10 13:40:00,2361.3491326331855,0.00038176233011437226
2020-04-10 13:41:00,2359.814431915822,0.00037912273920432673
2020-04-10 13:42:00,2359.8424877139964,0.0003660473092526296
2020-04-10 13:43:00,2360.130348934194,0.0003696347664012652
2020-04-10 13:44:00,2358.923694709874,0.00034839372598661713
2020-04-10 13:45:00,2358.1846985672955,0.00035683973693912145
2020-04-10 13:46:00,2357.3893794767187,0.0003651009449777576
2020-04-10 13:47:00,2359.5725479621988,0.0003830137330787918
2020-04-10 13:48:00,2358.8649817360592,0.0003957033689408935
2020-04-10 13:49:00,2358.3365558470723,0.0004065780197748729
2020-04-10 13:50:00,2357.2686167785378,0.00042602392003079817
2020-04-10 13:51:00,2357.3453191713065,0.00043119226231158006
2020-04-10 13:52:00,2357.5879586954466,0.00043459923814373496
2020-04-10 13:53:00,2357.1599373526365,0.0004456563666970243
2020-04-10 13:54:00,2357.2361988640655,0.00042654768307306154
2020-04-10 13:55:00,2357.3997169165855,0.0004133827892922628
2020-04-10 13:56:00,2357.4979558185796,0.0004466061010609366
2020-04-10 13:57:00,2359.485999143998,0.0004643721234037094
2020-04-10 13:58:00,2358.704560554287,0.0004457732930463519
2020-04-10 13:59:00,2359.586060305164,0.0004557948538588654
2020-04-10 14:00:00,2360.030833688218,0.0004685060244284316
2020-04-10 14:01:00,2358.801143018012,0.00045103437709813083
2020-04-10 14:02:00,2357.596853374487,0.00042732221582851993
2020-04-10 14:03:00,2358.0471807602867,0.00044971596903194166
2020-04-10 14:04:00,2358.0582459395414,0.0004536571588253636
2020-04-10 14:05:00,2358.4926081124518,0.0004370517472100124
2020-04-10 14:06:00,2356.8192732245543,0.0004405847496885043
2020-04-10 14:07:00,2356.0605167828467,0.0004386755008958061
2020-04-10 14:08:00,2355.908640708671,0.0004382917933163563
2020-04-10 14:09:00,2355.609885036208,0.0004895462102180317
2020-04-10 14:10:00,2355.4297640936375,0.0004999655103805336
2020-04-10 14:11:00,2355.264988770023,0.00047216035365965083
2020-04-10 14:12:00,2356.2128676063126,0.00047762325842268184
2020-04-10 14:13:00,2356.3583685054437,0.0004905202573726066
2020-04-10 14:14:00,2355.203523933134,0.0004776086114776692
2020-04-10 14:15:00,2354.7154167689073,0.0004856694006206209
2020-04-10 14:16:00,2354.459022166759,0.0004899171304066
2020-04-10 14:17:00,2354.1188415134816,0.0005503980022849133
2020-04-10 14:18:00,2354.9659200655387,0.000558278487548536
2020-04-10 14:19:00,2353.4251658790304,0.0005662660438946448
2020-04-10 14:20:00,2352.980677543933,0.0005771287371221445
2020-04-10 14:21:00,2352.3139743652855,0.0005748283452284768
2020-04-10 14:22:00,2351.073843260211,0.0005325424518595216
2020-04-10 14:23:00,2352.242389275076,0.0005283393727554287
2020-04-10 14:24:00,2353.041481891601,0.0005574650413238063
2020-04-10 14:25:00,2354.8574598740684,0.0005546974585019317
2020-04-10 14:26:00,2354.413496853492,0.0005254203243284189
2020-04-10 14:27:00,2355.1548396758017,0.00047784832549881135
2020-04-10 14:28:00,2355.9017340833516,0.0004749018088062291
2020-04-10 14:29:00,2355.4484925153947,0.00047451079658378833
2020-04-10 14:30:00,2357.475965394657,0.00048450859868426485
2020-04-10 14:31:00,2356.1404713330357,0.0004820344033437766
2020-04-10 14:32:00,2355.433868389961,0.0004849808597764601
2020-04-10 14:33:00,2355.593701795665,0.0004784054775559011
2020-04-10 14:34:00,2354.559607759065,0.00044311595055131035
2020-04-10 14:35:00,2353.8031456368576,0.0004660249907258004
2020-04-10 14:36:00,2352.419798409004,0.0004627485517437083
2020-04-10 14:37:00,2352.050864906201,0.00048323074201620127
2020-04-10 14:38:00,2353.326814509454,0.0005027670891746425
2020-04-10 14:39:00,2352.470538733987,0.00047357038160398814
2020-04-10 14:40:00,2352.386590614743,0.000459124763563117
2020-04-10 14:41:00,2353.4116177223896,0.00043362415472208044
2020-04-10 14:42:00,2353.9171530713775,0.00043020837566095206
2020-04-10 14:43:00,2353.814442842565,0.0003988836794670658
2020-04-10 14:44:00,2354.754768588759,0.0003691130028166026
2020-04-10 14:45:00,2355.843773887993,0.0003845344445825086
2020-04-10 14:46:00,2356.938164140474,0.0003860941902696673
2020-04-10 14:47:00,2357.1216809883417,0.0003749097509904383
2020-04-10 14:48:00,2356.5808506851936,0.0003810474127468366
2020-04-10 14:49:00,2355.437785213714,0.0003931373828453642
2020-04-10 14:50:00,2355.8059837818373,0.00039162263147212757
2020-04-10 14:51:00,2356.163517765725,0.0003839896276023294
2020-04-10 14:52:00,2356.0729209993897,0.00039669220595781057
2020-04-10 14:53:00,2355.5803169704054,0.0004213617482661234
2020-04-10 14:54:00,2353.902284208653,0.00042594782366010207
2020-04-10 14:55:00,2353.158279780499,0.00040551458586838256
2020-04-10 14:56:00,2352.5748738678058,0.0003910733285476373
2020-04-10 14:57:00,2352.7363194676464,0.00039487405738032556
2020-04-10 14:58:00,2351.7385620490372,0.000406121266998845
2020-04-10 14:59:00,2352.24286326595,0.00040597281090180815
2020-04-10 15:00:00,2352.200538867227,0.0004105663461016049
2020-04-10 15:01:00,2352.1576036931515,0.0004499819482781869
2020-04-10 15:02:00,2352.704689610192,0.0004547580667504061
2020-04-10 15:03:00,2355.2798461155553,0.00045718947713286706
2020-04-10 15:04:00,2354.875678523065,0.00041158225589942466
2020-04-10 15:05:00,2355.385302444329,0.00043129030713770825
2020-04-10 15:06:00,2356.270454474213,0.00046214631727033254
2020-04-10 15:07:00,2357.618089693757,0.00044844747344067223
2020-04-10 15:08:00,2357.766949739225,0.0004658953774084025
2020-04-10 15:09:00,2359.608039354574,0.0004469005396250052
2020-04-10 15:10:00,2359.1848906229643,0.00041822047986217307
2020-04-10 15:11:00,2358.3135884645017,0.0004282848635323867
2020-04-10 15:12:00,2358.82810896697,0.0003895891935543157
2020-04-10 15:13:00,2358.8709203948615,0.0003549011606639704
2020-04-10 15:14:00,2358.975983026337,0.0003423915567493245
2020-04-10 15:15:00,2359.153887483009,0.0003450877320205254
2020-04-10 15:16:00,2359.0902605429037,0.0003619969576899689
2020-04-10 15:17:00,2358.1262218973075,0.00038173687018584735
2020-04-10 15:18:00,2358.8218301302895,0.00036261038561538416
2020-04-10 15:19:00,2356.9009499510275,0.00033586253828528465
2020-04-10 15:20:00,2357.3728523466534,0.0003255462370580607
2020-04-10 15:21:00,2357.229054018391,0.0003272765226290688
2020-04-10 15:22:00,2356.1445477039306,0.0003408881404315632
2020-04-10 15:23:00,2356.7597190750403,0.0003337349106048499
2020-04-10 15:24:00,2356.746058161108,0.00033767061066569866
2020-04-10 15:25:00,2355.7355968303013,0.0003273520625662076
2020-04-10 15:26:00,2357.0136100765894,0.00033208113254966967
2020-04-10 15:27:00,2357.4040224143264,0.0003103455903045127
2020-04-10 15:28:00,2358.5282633932775,0.0003133585311969053
2020-04-10 15:29:00,2359.4346592638894,0.0002972455538145716
2020-04-10 15:30:00,2360.1915255808917,0.0003203531921496647
2020-04-10 15:31:00,2359.893593663472,0.0003461300667981581
2020-04-10 15:32:00,2359.6362456767793,0.0003516360651642441
2020-04-10 15:33:00,2359.9263937068245,0.00034802571387028153
2020-04-10 15:34:00,2359.4201216724114,0.0003475684650553293
2020-04-10 15:35:00,2360.382545121562,0.00036319782930688743
2020-04-10 15:36:00,2360.7301406993142,0.0003455565334743379
2020-04-10 15:37:00,2359.779517091408,0.00033448525737180153
2020-04-10 15:38:00,2359.8750455353315,0.0003184406665170951
2020-04-10 15:39:00,2358.445861652876,0.000305322460971637
2020-04-10 15:40:00,2357.549023899895,0.000306770393693482
2020-04-10 15:41:00,2357.0999548840214,0.0003175473527111112
2020-04-10 15:42:00,2356.87729175603,0.00031590511041768097
2020-04-10 15:43:00,2357.0137670669296,0.0003125906753208677
2020-04-10 15:44:00,2358.081237267202,0.0003269196426236883
2020-04-10 15:45:00,2357.15570567617,0.0003301837522546848
2020-04-10 15:46:00,2357.00760610597,0.00033822733175157144
2020-04-10 15:47:00,2357.4318834916608,0.00034345926881469176
2020-04-10 15:48:00,2356.282775915726,0.00034380381904697494
2020-04-10 15:49:00,2357.1292840073124,0.0003389858807915128
2020-04-10 15:50:00,2357.4636454890615,0.0003759118724210831
2020-04-10 15:51:00,2356.2618375231114,0.0003931531160285589
2020-04-10 15:52:00,2355.6524491510554,0.0003833451594650639
2020-04-10 15:53:00,2355.2847451278244,0.00039044360100222203
2020-04-10 15:54:00,2354.2970518364673,0.00039949977879641336
2020-04-10 15:55:00,2354.8500305990874,0.0003908596971863259
2020-04-10 15:56:00,2353.8579275422776,0.0004408120010471427
2020-04-10 15:57:00,2354.2087985684,0.00043787631955642415
2020-04-10 15:58:00,2353.930457079588,0.00043739942802065445
2020-04-10 15:59:00,2353.7879116587264,0.0004303230718545327
2020-04-10 16:00:00,2353.532835742286,0.00039699062162127096
2020-04-10 16:01:00,2355.0680911019344,0.00036837709327206236
2020-04-10 16:02:00,2355.45527819584,0.00034634033814002883
2020-04-10 16:03:00,2354.3418011205554,0.00035429356975968127
2020-04-10 16:04:00,2352.7298138108445,0.0003465442801165958
2020-04-10 16:05:00,2352.4345792673657,0.00035535072872400344
2020-04-10 16:06:00,2351.963299455395,0.00033757579440450654
2020-04-10 16:07:00,2351.609223984319,0.00034849940743487024
2020-04-10 16:08:00,2351.6105557900073,0.0003510599994575264
2020-04-10 16:09:00,2350.78626071698,0.00033727098544210793
2020-04-10 16:10:00,2350.191754289188,0.00035107546986383383
2020-04-10 16:11:00,2351.5778660292253,0.000330032208225988
2020-04-10 16:12:00,2350.903433643183,0.0003127925810462244
2020-04-10 16:13:00,2351.3213768746227,0.0003236441089529913
2020-04-10 16:14:00,2351.553788394809,0.00032173052818688073
2020-04-10 16:15:00,2352.9298377912805,0.0003169584699193606
2020-04-10 16:16:00,2351.969240727627,0.00032478197531350905
2020-04-10 16:17:00,2352.547486106838,0.00031620667564356613
2020-04-10 16:18:00,2352.017903744439,0.00033066244695332506
2020-04-10 16:19:00,2353.053695057734,0.0003556329505249287
2020-04-10 16:20:00,2352.2962728707403,0.00034930916822734575
2020-04-10 16:21:00,2352.0153623903134,0.0003410724763441129
2020-04-10 16:22:00,2351.0188257055775,0.0003240387623148689
2020-04-10 16:23:00,2350.098883447904,0.0003452058029960367
2020-04-10 16:24:00,2349.420030210831,0.0003817802893043883
2020-04-10 16:25:00,2348.2229893297895,0.0003904094845512464
2020-04-10 16:26:00,2349.43855884881,0.00039360046631386775
2020-04-10 16:27:00,2348.737797441738,0.00040776415178530776
2020-04-10 16:28:00,2348.0544624306012,0.0004053294108547649
2020-04-10 16:29:00,2349.311946474432,0.0004344644821358965
2020-04-10 16:30:00,2350.071915726914,0.0004542139849332757
2020-04-10 16:31:00,2349.042828130241,0.00045483258517210046
2020-04-10 16:32:00,2349.4632752574644,0.000440162283462567
2020-04-10 16:33:00,2350.1709052520205,0.0004067610659078404
2020-04-10 16:34:00,2350.175972723104,0.0004261461241927247
2020-04-10 16:35:00,2349.0262946445196,0.0004361409789389669
2020-04-10 16:36:00,2345.527664088778,0.0004455915048302529
2020-04-10 16:37:00,2346.010944207647,0.000464146865425366
2020-04-10 16:38:00,2346.5637738748496,0.0004822055878165663
2020-04-10 16:39:00,2346.8579629540577,0.0005438234253924513
2020-04-10 16:40:00,2346.9222022012905,0.0005484709301178169
2020-04-10 16:41:00,2348.035791031182,0.0005418931564425319
2020-04-10 16:42:00,2348.414934017703,0.0005963878785119866
2020-04-10 16:43:00,2348.190368624512,0.0006136395237057734
2020-04-10 16:44:00,2347.6485663300023,0.0006186820516310235
2020-04-10 16:45:00,2347.308504796538,0.000622228714272429
2020-04-10 16:46:00,2346.127674957859,0.0006293785055225539
2020-04-10 16:47:00,2344.8304494591957,0.0006425247434385647
2020-04-10 16:48:00,2345.094011353971,0.0006388229866651798
2020-04-10 16:49:00,2347.729007932672,0.0006113967259676826
2020-04-10 16:50:00,2347.4884924071616,0.0006475345690563915
2020-04-10 16:51:00,2344.3148773193752,0.000622015540989694
2020-04-10 16:52:00,2346.2755475599874,0.0006701544319474172
2020-04-10 16:53:00,2347.223656665585,0.0006740023292549503
2020-04-10 16:54:00,2345.000577643369,0.0006809062721394184
2020-04-10 16:55:00,2342.327764504481,0.0006976312372564416
2020-04-10 16:56:00,2343.279822781963,0.0006730796740833077
2020-04-10 16:57:00,2344.4521749281057,0.0006628660851683591
2020-04-10 16:58:00,2342.51799320585,0.0006325478519439498
2020-04-10 16:59:00,2341.635503432419,0.0006446956966744195
2020-04-10 17:00:00,2344.02751800432,0.0007003539608454723
2020-04-10 17:01:00,2343.9172228705556,0.000684945749192766
2020-04-10 17:02:00,2343.6933147867026,0.0006923656278279776
2020-04-10 17:03:00,2344.1416458086537,0.000681105678131307
2020-04-10 17:04:00,2347.535414707599,0.000710397657990561
2020-04-10 17:05:00,2347.0179892266897,0.0006522230945503378
2020-04-10 17:06:00,2348.2584787924498,0.00070966590012809
2020-04-10 17:07:00,2352.647950446862,0.0006768068661348273
2020-04-10 17:08:00,2352.6149910662507,0.0005964568904621482
2020-04-10 17:09:00,2352.2475809923517,0.0006361792865473069
2020-04-10 17:10:00,2350.1015560023357,0.0006250435755765169
2020-04-10 17:11:00,2347.5686555763464,0.0006188620550557454
2020-04-10 17:12:00,2348.368607526272,0.0006290606195885192
2020-04-10 17:13:00,2350.3248454695085,0.000629681886000953
2020-04-10 17:14:00,2351.1981203402506,0.0006750794129999921
2020-04-10 17:15:00,2351.16792053215,0.0007064829062705361
2020-04-10 17:16:00,2350.8345971127455,0.0007369458878289427
2020-04-10 17:17:00,2350.8214290001465,0.0007778722190923692
2020-04-10 17:18:00,2346.1492498801267,0.000876782294379067
2020-04-10 17:19:00,2347.6338223312396,0.0008983851111730943
2020-04-10 17:20:00,2345.130889983113,0.0008681584223016717
2020-04-10 17:21:00,2348.0625306995294,0.0008206649954229902
2020-04-10 17:22:00,2347.0937814645326,0.0007474675936294996
2020-04-10 17:23:00,2346.9095906190046,0.0006783647878340377
2020-04-10 17:24:00,2349.531249683685,0.0006959778080204055
2020-04-10 17:25:00,2348.1945238644485,0.0007408360206115251
2020-04-10 17:26:00,2347.1271978484,0.0007592960385703503
2020-04-10 17:27:00,2347.449200571509,0.0007973321270133095
2020-04-10 17:28:00,2348.0972115836016,0.0008531410246086906
2020-04-10 17:29:00,2344.270156243738,0.0008741883409250831
2020-04-10 17:30:00,2340.9361166568065,0.0008972709855758843
2020-04-10 17:31:00,2339.7724980924313,0.0009207546029636607
2020-04-10 17:32:00,2342.214121314447,0.0008978536934379343
2020-04-10 17:33:00,2344.0020829514788,0.0009075880095129438
2020-04-10 17:34:00,2343.7829034282245,0.0008940563691596906
2020-04-10 17:35:00,2344.917894083889,0.0008803144188793618
2020-04-10 17:36:00,2343.7865757568866,0.0009373549774101728
2020-04-10 17:37:00,2345.8731365027024,0.0008794685110930701
2020-04-10 17:38:00,2344.237730859277,0.000864638688965993
2020-04-10 17:39:00,2346.6069972269925,0.0008726747550989413
2020-04-10 17:40:00,2347.132545702161,0.0008188423092776702
2020-04-10 17:41:00,2346.107285335913,0.0008229431414013799
2020-04-10 17:42:00,2345.45052383383,0.0007936150334888293
2020-04-10 17:43:00,2345.316946841229,0.0007495364474254609
2020-04-10 17:44:00,2341.7108080630746,0.0007339970431710594
2020-04-10 17:45:00,2339.373231472755,0.000729135496197083
2020-04-10 17:46:00,2339.829953444868,0.0006971749803555
2020-04-10 17:47:00,2337.878905763129,0.0007728346791951779
2020-04-10 17:48:00,2335.0010619853383,0.0007504040783765377
2020-04-10 17:49:00,2332.3596196753956,0.0007362905276697577
2020-04-10 17:50:00,2332.2812758898867,0.000733833707471771
2020-04-10 17:51:00,2332.8152500739284,0.0007948085054218048
2020-04-10 17:52:00,2330.089580266867,0.0008100586327705804
2020-04-10 17:53:00,2326.5650625523754,0.0009054493762884321
2020-04-10 17:54:00,2325.168270191314,0.0009226812234051037
2020-04-10 17:55:00,2325.8404324225226,0.0009958162989064023
2020-04-10 17:56:00,2329.1066164462577,0.0010223821604043546
2020-04-10 17:57:00,2326.6672078256615,0.0010067247320157523
2020-04-10 17:58:00,2323.8171042645486,0.0009519735348259409
2020-04-10 17:59:00,2325.174472568512,0.0009607873272710194
2020-04-10 18:00:00,2328.845805096416,0.000999069808471572
2020-04-10 18:01:00,2330.230486475821,0.0009666209472055627
2020-04-10 18:02:00,2329.9243627008395,0.0009290314134966684
2020-04-10 18:03:00,2330.5875073543534,0.0009237816637108292
2020-04-10 18:04:00,2331.7159651075976,0.0009107369720468293
2020-04-10 18:05:00,2331.0526631134794,0.0009708668015716431
2020-04-10 18:06:00,2329.860612446432,0.0008871705304324444
2020-04-10 18:07:00,2331.9367004683786,0.0009045544817598792
2020-04-10 18:08:00,2331.1509966064937,0.0008621622871306407
2020-04-10 18:09:00,2331.516529115432,0.0008635565985149488
2020-04-10 18:10:00,2333.408584199833,0.0007974804718896491
2020-04-10 18:11:00,2332.746782664147,0.0008358045290929142
2020-04-10 18:12:00,2330.127125158214,0.0008092825278595955
2020-04-10 18:13:00,2328.0902795026063,0.0007760777311036792
2020-04-10 18:14:00,2325.338107240306,0.0007860519800707978
2020-04-10 18:15:00,2323.3943278085408,0.0007660449472558529
2020-04-10 18:16:00,2324.1904344369627,0.0007382133609236964
2020-04-10 18:17:00,2321.862059389947,0.0007528139802133679
2020-04-10 18:18:00,2320.845993573994,0.0007064828284498191
2020-04-10 18:19:00,2317.3185485609692,0.0007942630884295236
2020-04-10 18:20:00,2317.3215784388744,0.0007976433792348264
2020-04-10 18:21:00,2315.7298941168438,0.0007939405290471214
2020-04-10 18:22:00,2314.7748957372946,0.0008137653169011071
2020-04-10 18:23:00,2313.3459876331112,0.0008263633998608481
2020-04-10 18:24:00,2313.8657724884215,0.0008206782521662533
2020-04-10 18:25:00,2314.525843041042,0.0007781200520372569
2020-04-10 18:26:00,2313.983839323121,0.0007816145289304976
2020-04-10 18:27:00,2313.7176558427545,0.0008649622084282355
2020-04-10 18:28:00,2313.8696349758225,0.0008787617484340143
2020-04-10 18:29:00,2315.6450473896,0.0008399208750702262
2020-04-10 18:30:00,2318.844507721302,0.0008352609073841294
2020-04-10 18:31:00,2320.339262046738,0.0007695336596914119
2020-04-10 18:32:00,2321.8972611621252,0.0007741967531597857
2020-04-10 18:33:00,2322.6170908566223,0.0007121207091490326
2020-04-10 18:34:00,2323.1116638467947,0.0006966244840955901
2020-04-10 18:35:00,2322.182190373049,0.0006839951473374972
2020-04-10 18:36:00,2325.2844611921582,0.0006582503321702479
2020-04-10 18:37:00,2325.6794546973706,0.0006773642228367365
2020-04-10 18:38:00,2325.121297768116,0.0007115065372913348
2020-04-10 18:39:00,2327.0641622670237,0.0007234540311664222
2020-04-10 18:40:00,2326.3220898506256,0.0007072132180813716
2020-04-10 18:41:00,2323.020770773308,0.0007117912400629039
2020-04-10 18:42:00,2325.4658847874857,0.0007175667689180777
2020-04-10 18:43:00,2326.589061154477,0.0007204626363766542
2020-04-10 18:44:00,2325.3199151916347,0.0007157008853433492
2020-04-10 18:45:00,2323.7301829023963,0.0007195536251992556
2020-04-10 18:46:00,2324.4681211791362,0.0007924948400979226
2020-04-10 18:47:00,2323.703812774596,0.0007838897280621633
2020-04-10 18:48:00,2325.995912609153,0.0008774780181052717
2020-04-10 18:49:00,2321.2966609869673,0.0009230694988163201
2020-04-10 18:50:00,2317.6837784172767,0.0009070776342018648
2020-04-10 18:51:00,2318.547312524366,0.0009316090992221045
2020-04-10 18:52:00,2315.05423025511,0.000870767517038255
2020-04-10 18:53:00,2312.4560637836385,0.0008780586954597012
2020-04-10 18:54:00,2312.389810744233,0.0008892497410954376
2020-04-10 18:55:00,2309.8436444522163,0.0008475775550422988
2020-04-10 18:56:00,2312.0019855458518,0.0008347053696430227
2020-04-10 18:57:00,2315.743298251845,0.0007901514218147824
2020-04-10 18:58:00,2315.1059386877387,0.0008025941784842801
2020-04-10 18:59:00,2312.528803859995,0.0008266246148050879
2020-04-10 19:00:00,2313.5610581273963,0.0007892180009031195
2020-04-10 19:01:00,2314.110173971322,0.0007798649482019261
2020-04-10 19:02:00,2315.8621526613742,0.0007931382011751041
2020-04-10 19:03:00,2315.0400678519304,0.0008376527924230232
2020-04-10 19:04:00,2315.7113310603495,0.0008668788219363882
2020-04-10 19:05:00,2318.421208577365,0.00093615352301993
2020-04-10 19:06:00,2321.149197535449,0.0009626706124464276
2020-04-10 19:07:00,2323.1367947526223,0.0009831423193504894
2020-04-10 19:08:00,2323.6389039427822,0.0010106273967816722
2020-04-10 19:09:00,2319.3742548470186,0.0010780779802577565
2020-04-10 19:10:00,2321.8409120164374,0.0010118242885726364
2020-04-10 19:11:00,2320.452166101508,0.000993316940660066
2020-04-10 19:12:00,2322.673335262331,0.0009619704591965137
2020-04-10 19:13:00,2318.0940390368605,0.0008722007235080607
2020-04-10 19:14:00,2313.034549010933,0.0008508029509483947
2020-04-10 19:15:00,2315.4277213943074,0.0007944972488684656
2020-04-10 19:16:00,2312.8135466387175,0.0008586351060666066
2020-04-10 19:17:00,2313.1115659435245,0.0008822940494431817
2020-04-10 19:18:00,2312.1628689412632,0.0008519511627519014
2020-04-10 19:19:00,2315.743979179319,0.0008860461768657488
2020-04-10 19:20:00,2320.580543975784,0.0009018339126146889
2020-04-10 19:21:00,2320.3706410368895,0.0008453397242861579
2020-04-10 19:22:00,2320.9290425240947,0.0008172664104576155
2020-04-10 19:23:00,2323.1523627582637,0.0008172378545811338
2020-04-10 19:24:00,2326.106634633407,0.0008132168258211948
2020-04-10 19:25:00,2324.925007898297,0.0008162652949206038
2020-04-10 19:26:00,2323.944618079764,0.0008348366870425787
2020-04-10 19:27:00,2320.9374994740497,0.0007831884637219238
2020-04-10 19:28:00,2323.9071946268755,0.000767689039457616
2020-04-10 19:29:00,2323.406595500405,0.0007663898108949302
2020-04-10 19:30:00,2321.7741086963165,0.0007411213216577168
2020-04-10 19:31:00,2323.0516797155296,0.0007265863670963069
2020-04-10 19:32:00,2321.688949423545,0.0007055690650813421
2020-04-10 19:33:00,2323.2222608805014,0.0006803468812520645
2020-04-10 19:34:00,2325.38825326176,0.0007499595078894934
2020-04-10 19:35:00,2325.488594285449,0.000746889149193416
2020-04-10 19:36:00,2327.014206344891,0.0007670606503768821
2020-04-10 19:37:00,2323.5049644998016,0.000716762720582603
2020-04-10 19:38:00,2326.1301930175223,0.0007171361367148052
2020-04-10 19:39:00,2325.7484486257144,0.000729823054627449
2020-04-10 19:40:00,2322.7916003980613,0.0007273563269911691
2020-04-10 19:41:00,2320.9977687746928,0.0006751591806518156
2020-04-10 19:42:00,2323.1473400240534,0.0007034220906937525
2020-04-10 19:43:00,2323.969751614924,0.0007136966279627506
2020-04-10 19:44:00,2325.5530740692316,0.0006978550951902058
2020-04-10 19:45:00,2322.0464420120024,0.0006952595935036881
2020-04-10 19:46:00,2320.6743854674564,0.0007269522710784475
2020-04-10 19:47:00,2319.6982776586988,0.00070195594985217
2020-04-10 19:48:00,2321.6201376318786,0.0006899027467157794
2020-04-10 19:49:00,2320.291202412159,0.0007053625182124979
2020-04-10 19:50:00,2319.035717266925,0.0006814913832414708
2020-04-10 19:51:00,2323.477104321652,0.0006912677177967207
2020-04-10 19:52:00,2323.242408099228,0.0006570507200358442
2020-04-10 19:53:00,2322.565242236046,0.0007032013658108469
2020-04-10 19:54:00,2324.207210679097,0.0006920440631943364
2020-04-10 19:55:00,2325.2307211480716,0.0007098830170309155
2020-04-10 19:56:00,2322.95448163964,0.0007282533787772017
2020-04-10 19:57:00,2320.497036016066,0.000690775987392044
2020-04-10 19:58:00,2321.9112746435844,0.0006901858722435196
2020-04-10 19:59:00,2319.2898271299287,0.0006532965510866728
2020-04-13 13:30:00,2327.319351322273,0.0006262764910010369
2020-04-13 13:31:00,2328.9490167194685,0.0006681191460096728
2020-04-13 13:32:00,2329.0210950998135,0.0006884384946792179
2020-04-13 13:33:00,2328.2335378723456,0.0006750507517341022
2020-04-13 13:34:00,2325.8210495413036,0.0006782029388697262
2020-04-13 13:35:00,2325.648851418035,0.0006725431216028319
2020-04-13 13:36:00,2326.601575482383,0.0007197820576211727
2020-04-13 13:37:00,2324.8176057590963,0.0007246976117614491
2020-04-13 13:38:00,2325.0711121577806,0.000693990807254454
2020-04-13 13:39:00,2322.0412146582544,0.0007205183200774056
2020-04-13 13:40:00,2322.7396256727257,0.0007118253903185698
2020-04-13 13:41:00,2319.8972410797974,0.0007327047686312906
2020-04-13 13:42:00,2319.661256450194,0.0007413717255960467
2020-04-13 13:43:00,2320.671932054218,0.0007413777840003337
2020-04-13 13:44:00,2320.924657994999,0.0007744451451077808
2020-04-13 13:45:00,2322.4042166721038,0.0008367859578152971
2020-04-13 13:46:00,2324.3326176696787,0.0008057281377220637
2020-04-13 13:47:00,2322.1576795817464,0.0009261353085191226
2020-04-13 13:48:00,2325.5425864047256,0.0009151146976787315
2020-04-13 13:49:00,2325.6113734009655,0.0009267461107598673
2020-04-13 13:50:00,2323.7487211566267,0.0009315761524900693
2020-04-13 13:51:00,2324.987593845815,0.0009358049584853123
2020-04-13 13:52:00,2326.675992790632,0.0009056729259955303
2020-04-13 13:53:00,2327.823559117706,0.0009435978000872315
2020-04-13 13:54:00,2328.7653377639617,0.0009382305769652281
2020-04-13 13:55:00,2326.3719604009675,0.0009154226399916175
2020-04-13 13:56:00,2326.874994878587,0.0008399404166982155
2020-04-13 13:57:00,2325.2882120727522,0.0008272734754542202
2020-04-13 13:58:00,2323.8612054281452,0.000881089445741513
2020-04-13 13:59:00,2322.779377086074,0.0008546857849464948
2020-04-13 14:00:00,2323.1126371980017,0.0008676471284466869
2020-04-13 14:01:00,2323.5222279276604,0.0008551735060641
2020-04-13 14:02:00,2323.7087369429973,0.0008709933069622678
2020-04-13 14:03:00,2325.4963813349937,0.0008561387909613687
2020-04-13 14:04:00,2325.313157614055,0.0008665260547815906
2020-04-13 14:05:00,2325.662625667034,0.0008471254833373512
2020-04-13 14:06:00,2325.3665993106933,0.0008891536285814746
2020-04-13 14:07:00,2324.6703164695123,0.0008707531062789231
2020-04-13 14:08:00,2322.819652904565,0.0008819413228674335
2020-04-13 14:09:00,2321.4358871121376,0.0009229289119795044
2020-04-13 14:10:00,2322.9543274666476,0.0009086629604885724
2020-04-13 14:11:00,2324.337975466364,0.0009175145684513784
2020-04-13 14:12:00,2327.498628275287,0.0009110349807033159
2020-04-13 14:13:00,2328.6586785207305,0.0008852531677174794
2020-04-13 14:14:00,2327.3831051587053,0.0008246452975672313
2020-04-13 14:15:00,2327.447662597377,0.0008353298636223283
2020-04-13 14:16:00,2325.1931501599106,0.0007856379549949146
2020-04-13 14:17:00,2326.121453354986,0.0007789358520793595
2020-04-13 14:18:00,2327.6607350733766,0.0007693598995166524
2020-04-13 14:19:00,2326.77150875197,0.0007420770748106443
2020-04-13 14:20:00,2328.106229095591,0.0007565670068833889
2020-04-13 14:21:00,2328.650038347325,0.0007790697853882683
2020-04-13 14:22:00,2328.1722015305263,0.0007951423603181789
2020-04-13 14:23:00,2329.4302171462937,0.0008291152708105143
2020-04-13 14:24:00,2331.7800523269007,0.0008822403521349578
2020-04-13 14:25:00,2330.603238193876,0.0008862704958958456
2020-04-13 14:26:00,2331.455282129799,0.0009650854992694877
2020-04-13 14:27:00,2330.631607521448,0.0009693207150967331
2020-04-13 14:28:00,2330.092754505863,0.0009146608656095287
2020-04-13 14:29:00,2331.1947787346376,0.0009095488742202777
2020-04-13 14:30:00,2330.2391859380746,0.0009175710452549619
2020-04-13 14:31:00,2327.063919327336,0.0008877576319639824
2020-04-13 14:32:00,2328.6077418485975,0.0008543999719906329
2020-04-13 14:33:00,2328.8766123865184,0.0009386616463607544
2020-04-13 14:34:00,2327.7135051980154,0.0009800294765504659
2020-04-13 14:35:00,2328.5062489383336,0.0009990303976843153
2020-04-13 14:36:00,2329.6940103248103,0.0009667248369125726
2020-04-13 14:37:00,2330.1004678608247,0.0010109345681149015
2020-04-13 14:38:00,2328.6423545565885,0.0009137167477092018
2020-04-13 14:39:00,2329.173631904918,0.0009100294448528549
2020-04-13 14:40:00,2329.782071541738,0.0009464003610047652
2020-04-13 14:41:00,2329.035431115502,0.001069478356453568
2020-04-13 14:42:00,2331.719829553074,0.0010281303455135567
2020-04-13 14:43:00,2329.6753016480498,0.0010752880262513895
2020-04-13 14:44:00,2332.023919204532,0.0011139463112792767
2020-04-13 14:45:00,2327.1692796673033,0.0011648057144838084
2020-04-13 14:46:00,2328.509314838503,0.0011736610168431294
2020-04-13 14:47:00,2326.1443321687593,0.001239329788760888
2020-04-13 14:48:00,2328.1337263274136,0.001273781660232059
2020-04-13 14:49:00,2324.030491981113,0.0012054086592412896
2020-04-13 14:50:00,2322.507805315719,0.001257560093057171
2020-04-13 14:51:00,2320.3895560298984,0.0012875918932207953
2020-04-13 14:52:00,2321.5214839687915,0.0011910043290087758
2020-04-13 14:53:00,2317.425674000883,0.0012261094261243344
2020-04-13 14:54:00,2314.2278024000275,0.0011855861672811117
2020-04-13 14:55:00,2314.30468395539,0.0012022330687144925
2020-04-13 14:56:00,2314.1395909859666,0.001237541083157744
2020-04-13 14:57:00,2311.982736170349,0.00129017522714098
2020-04-13 14:58:00,2313.4118720893803,0.0012933292293587112
2020-04-13 14:59:00,2311.7647072508944,0.001245304757094779
2020-04-13 15:00:00,2309.291927499942,0.0012479996788361664
2020-04-13 15:01:00,2311.3381111163694,0.0012914842226743931
2020-04-13 15:02:00,2313.267101098702,0.001268222911377385
2020-04-13 15:03:00,2309.986676741484,0.0013410424855917846
2020-04-13 15:04:00,2307.6519566361617,0.0014464062164967432
2020-04-13 15:05:00,2305.5368687068335,0.0013042193845474788
2020-04-13 15:06:00,2305.4529080466205,0.0012123680353208113
2020-04-13 15:07:00,2305.9693066541695,0.0011883885370528534
2020-04-13 15:08:00,2302.6823412180092,0.0011701754433749508
2020-04-13 15:09:00,2306.9061980786637,0.001127222782335076
2020-04-13 15:10:00,2301.0325573644127,0.0011110038650407157
2020-04-13 15:11:00,2299.633960208071,0.001004035026960485
2020-04-13 15:12:00,2297.3379698137473,0.0010160559736642192
2020-04-13 15:13:00,2290.9524696904637,0.0011116986409052771
2020-04-13 15:14:00,2289.3688921908874,0.0011860435766014943
2020-04-13 15:15:00,2292.6236840545853,0.0011692508230874584
2020-04-13 15:16:00,2286.334568150208,0.001194083975309152
2020-04-13 15:17:00,2283.956337053945,0.0011402914122866387
2020-04-13 15:18:00,2285.252849714546,0.0010732593826557175
2020-04-13 15:19:00,2287.366675544253,0.0010572540336141682
2020-04-13 15:20:00,2286.971289264654,0.001008000112842875
2020-04-13 15:21:00,2284.2782747758247,0.0009367724555720177
2020-04-13 15:22:00,2285.5585291752463,0.0009607827016130627
2020-04-13 15:23:00,2284.872962824829,0.0010366171247440073
2020-04-13 15:24:00,2285.2405605302533,0.0009921628142160915
2020-04-13 15:25:00,2285.299409062381,0.001068087557838652
2020-04-13 15:26:00,2285.0046381256448,0.0010704764960319023
2020-04-13 15:27:00,2285.76008800143,0.0010515547808168082
2020-04-13 15:28:00,2283.1586033454914,0.0010725079727146396
2020-04-13 15:29:00,2284.876184635674,0.0011132595101823438
2020-04-13 15:30:00,2286.4913671961926,0.001149040073092427
2020-04-13 15:31:00,2285.76869052158,0.0011393493008306195
2020-04-13 15:32:00,2280.734030705174,0.0011345693582762563
2020-04-13 15:33:00,2276.4612365726302,0.0012549117021301197
2020-04-13 15:34:00,2275.4372806042225,0.001276880143354119
2020-04-13 15:35:00,2278.7012708099646,0.0011804804416348002
2020-04-13 15:36:00,2280.756954301952,0.0011758460591854117
2020-04-13 15:37:00,2282.5272606249227,0.0011053699570297796
2020-04-13 15:38:00,2279.302304336805,0.0010622554650367559
2020-04-13 15:39:00,2278.4917170046697,0.001070879139564046
2020-04-13 15:40:00,2278.4013815854782,0.0010075665300892862
2020-04-13 15:41:00,2283.446715446424,0.0010899012882247731
2020-04-13 15:42:00,2286.5672123206,0.0010745381601034558
2020-04-13 15:43:00,2286.6320516751516,0.0009991817745799668
2020-04-13 15:44:00,2282.847826259137,0.0010506333134109277
2020-04-13 15:45:00,2285.653827106235,0.0009591072798201889
2020-04-13 15:46:00,2292.2974793941794,0.001024228146448647
2020-04-13 15:47:00,2291.352914529387,0.0010493460821946424
2020-04-13 15:48:00,2292.3988966760153,0.0010528491934598638
2020-04-13 15:49:00,2292.618507135714,0.001091074872947989
2020-04-13 15:50:00,2290.180606155381,0.0011380607268229957
2020-04-13 15:51:00,2293.338654234935,0.0011108829743933033
2020-04-13 15:52:00,2299.8810949100157,0.0010964692405223057
2020-04-13 15:53:00,2296.5890992865566,0.0011472025310141482
2020-04-13 15:54:00,2295.6789784365205,0.0011819208968137339
2020-04-13 15:55:00,2295.2572188798117,0.0011505065024206027
2020-04-13 15:56:00,2296.0394450133813,0.0010890392692983152
2020-04-13 15:57:00,2297.2910528875336,0.0010628087835421718
2020-04-13 15:58:00,2299.170984425232,0.0010202426398812716
2020-04-13 15:59:00,2298.9688156027064,0.0009435989734700192
2020-04-13 16:00:00,2300.8192370771767,0.0009647850526421793
2020-04-13 16:01:00,2302.33234081239,0.0009465004078360508
2020-04-13 16:02:00,2301.2976749550126,0.0010367641980358992
2020-04-13 16:03:00,2302.006549263554,0.0010000197508643468
2020-04-13 16:04:00,2301.082709493159,0.0009101059027923702
2020-04-13 16:05:00,2298.0978935702033,0.0008773190796508439
2020-04-13 16:06:00,2301.16574849866,0.0009116099915129936
2020-04-13 16:07:00,2302.504501817955,0.0009013950120237707
2020-04-13 16:08:00,2298.3634451755715,0.0008568333620163017
2020-04-13 16:09:00,2298.079699469585,0.0009556494897191843
2020-04-13 16:10:00,2298.4075935417277,0.0010049448720805963
2020-04-13 16:11:00,2298.889311130943,0.0009429174566669675
2020-04-13 16:12:00,2297.742024547788,0.000902145740083016
2020-04-13 16:13:00,2300.665690730639,0.0008205212402237702
2020-04-13 16:14:00,2300.188748788445,0.0008671316639288994
2020-04-13 16:15:00,2300.3283268209307,0.000886006446603056
2020-04-13 16:16:00,2298.844286569209,0.0009412653127473604
2020-04-13 16:17:00,2296.3734912484306,0.0009632824358946846
2020-04-13 16:18:00,2295.006741968709,0.0009320854878079926
2020-04-13 16:19:00,2293.987025904688,0.0008771751591966296
2020-04-13 16:20:00,2290.549396611733,0.0008777703745316306
2020-04-13 16:21:00,2292.6569382662333,0.0008544144446681738
2020-04-13 16:22:00,2295.8912912479027,0.0009002141333283877
2020-04-13 16:23:00,2294.5390156898293,0.000940976201972968
2020-04-13 16:24:00,2293.716225967525,0.0009459359512290897
2020-04-13 16:25:00,2293.306246766574,0.0009611405887860308
2020-04-13 16:26:00,2288.7138831158436,0.001028148457761839
2020-04-13 16:27:00,2286.0016429201432,0.0010879169607841297
2020-04-13 16:28:00,2283.3319879588325,0.001086336247441988
2020-04-13 16:29:00,2282.994472124772,0.0010660305135230437
2020-04-13 16:30:00,2284.983230559803,0.0010144867702839065
2020-04-13 16:31:00,2285.619629305515,0.0009964375920791249
2020-04-13 16:32:00,2285.951262480038,0.0009154794039577929
2020-04-13 16:33:00,2288.641562868349,0.0009361321563273862
2020-04-13 16:34:00,2290.859153923208,0.0008621756924265008
2020-04-13 16:35:00,2289.5564209042923,0.0008681534882851975
2020-04-13 16:36:00,2289.2899052563794,0.0009012415802258155
2020-04-13 16:37:00,2290.8685219896583,0.0008626366080561453
2020-04-13 16:38:00,2291.3427476514,0.000892570491271909
2020-04-13 16:39:00,2291.604522020752,0.0009420963663927157
2020-04-13 16:40:00,2291.139813389216,0.0009135073880578091
2020-04-13 16:41:00,2293.954683307708,0.00087311211646368
2020-04-13 16:42:00,2294.344735301044,0.0009102639262047539
2020-04-13 16:43:00,2295.7257569443814,0.000901411240998677
2020-04-13 16:44:00,2293.0462025400793,0.0008866923353493223
2020-04-13 16:45:00,2291.0289628353576,0.0008708347059322091
2020-04-13 16:46:00,2291.7458204276877,0.0008457334524996964
2020-04-13 16:47:00,2291.6912819637337,0.0008616281420830974
2020-04-13 16:48:00,2288.034345215601,0.0008737682947232015
2020-04-13 16:49:00,2286.9988369625785,0.0008745539175152117
2020-04-13 16:50:00,2286.4039861575748,0.0008428713223475036
2020-04-13 16:51:00,2287.938698874499,0.0008247504657980623
2020-04-13 16:52:00,2291.154936034933,0.0007982014406604349
2020-04-13 16:53:00,2290.521728714439,0.0007667652779326991
2020-04-13 16:54:00,2292.2081401822998,0.0007593645189423487
2020-04-13 16:55:00,2293.143156010063,0.0007626466656741513
2020-04-13 16:56:00,2294.623833873994,0.000761468499846311
2020-04-13 16:57:00,2295.493903252985,0.0007276141591982038
2020-04-13 16:58:00,2295.281706879595,0.0007245192708130691
2020-04-13 16:59:00,2298.1246620019047,0.0007534000681562845
2020-04-13 17:00:00,2299.3003619900214,0.0007634867516522938
2020-04-13 17:01:00,2296.9148667438462,0.0007107780177493662
2020-04-13 17:02:00,2295.852246610478,0.0007027032590427449
2020-04-13 17:03:00,2294.662510495803,0.0006945961143913685
2020-04-13 17:04:00,2295.3531422343403,0.0006784098344261453
2020-04-13 17:05:00,2297.520977220226,0.0006849285884156873
2020-04-13 17:06:00,2296.173975151323,0.0006588507590255865
2020-04-13 17:07:00,2296.4114657402383,0.0006436343841617287
2020-04-13 17:08:00,2295.6229929801307,0.0005938325980840098
2020-04-13 17:09:00,2296.1112868390187,0.0005792834890312959
2020-04-13 17:10:00,2296.372010291851,0.0005807340985025818
2020-04-13 17:11:00,2296.1199405015036,0.000607166617589859
2020-04-13 17:12:00,2294.762524322434,0.0006228490350769946
2020-04-13 17:13:00,2293.8649531591004,0.0006004799010074315
2020-04-13 17:14:00,2292.906985476153,0.0005876016169294389
2020-04-13 17:15:00,2292.8831753315862,0.0005853615940080649
2020-04-13 17:16:00,2290.19996321617,0.0005709534310708653
2020-04-13 17:17:00,2290.8026558472006,0.0005498858452207236
2020-04-13 17:18:00,2291.050335680455,0.0005498215388503221
2020-04-13 17:19:00,2290.9632504859833,0.0005144811397307287
2020-04-13 17:20:00,2291.1553270287654,0.0005195213359978115
2020-04-13 17:21:00,2292.2294692456944,0.0005234991856456662
2020-04-13 17:22:00,2292.0140005862854,0.0005313627304931268
2020-04-13 17:23:00,2290.7573393145035,0.0005412851572084684
2020-04-13 17:24:00,2290.511479074734,0.0005452612402034921
2020-04-13 17:25:00,2292.6033834967384,0.0005837049430202349
2020-04-13 17:26:00,2292.8156750121557,0.0005847160566282737
2020-04-13 17:27:00,2291.640188940157,0.0005416741377975984
2020-04-13 17:28:00,2292.3566836170794,0.0005310316988072011
2020-04-13 17:29:00,2290.9779623153986,0.0005202321201946885
2020-04-13 17:30:00,2291.478629953952,0.000502882652659636
2020-04-13 17:31:00,2290.826390914738,0.0005434990546425433
2020-04-13 17:32:00,2287.774931507603,0.0005491815055758474
2020-04-13 17:33:00,2288.933276444565,0.0005655390762135459
2020-04-13 17:34:00,2289.6424123718934,0.0005332178794299896
2020-04-13 17:35:00,2290.892265018636,0.0005265441044066812
2020-04-13 17:36:00,2291.3514645323603,0.00047773181133307414
2020-04-13 17:37:00,2289.5123061695617,0.0004514819448221291
2020-04-13 17:38:00,2289.9199854153944,0.0004437664637587898
2020-04-13 17:39:00,2290.6353690536707,0.000459395145344522
2020-04-13 17:40:00,2291.9791050645504,0.00043623114988823526
2020-04-13 17:41:00,2292.5710339661264,0.0004525955158677817
2020-04-13 17:42:00,2293.3308743114394,0.00046684703835019617
2020-04-13 17:43:00,2293.134137877299,0.00049794164291922
2020-04-13 17:44:00,2292.567553946518,0.0004842934187868191
2020-04-13 17:45:00,2292.0072591413923,0.0004450307092168802
2020-04-13 17:46:00,2290.062736745969,0.00044663950953696745
2020-04-13 17:47:00,2290.426425594027,0.0004018686704982036
2020-04-13 17:48:00,2288.9714692560533,0.0004085244959376852
2020-04-13 17:49:00,2287.46260752719,0.0004383586586190556
2020-04-13 17:50:00,2289.2842673021955,0.00043583059594846615
2020-04-13 17:51:00,2288.829712309364,0.00042672863566246664
2020-04-13 17:52:00,2288.5390090517717,0.00045745463617187157
2020-04-13 17:53:00,2289.5767119188486,0.00048267247957445265
2020-04-13 17:54:00,2287.835332166556,0.0004882080170685444
2020-04-13 17:55:00,2289.446932816012,0.0005190680765492362
2020-04-13 17:56:00,2287.948303444821,0.0005155859144381165
2020-04-13 17:57:00,2289.4285044752573,0.0005177485075982465
2020-04-13 17:58:00,2291.231815913617,0.0005630747301017214
2020-04-13 17:59:00,2289.7310967813437,0.00062022702813917
2020-04-13 18:00:00,2290.6318906063702,0.0006196827614202031
2020-04-13 18:01:00,2290.5031160287886,0.0005773857447296451
2020-04-13 18:02:00,2292.458181037829,0.0005189867261815956
2020-04-13 18:03:00,2294.6462479026904,0.0005165341243141378
2020-04-13 18:04:00,2296.406359942025,0.0005023071267113856
2020-04-13 18:05:00,2296.2730255726747,0.0005198682164248491
2020-04-13 18:06:00,2294.0450528627075,0.000512499256812969
2020-04-13 18:07:00,2292.948031324186,0.000507924540530018
2020-04-13 18:08:00,2292.5163234363795,0.0005143122317764853
2020-04-13 18:09:00,2292.1908789234517,0.000510448859317288
2020-04-13 18:10:00,2291.387967993855,0.0004910384926618058
2020-04-13 18:11:00,2289.8910151367345,0.0005036662499526643
2020-04-13 18:12:00,2289.5410364418376,0.0004769616233261011
2020-04-13 18:13:00,2290.4517912776964,0.0004808744236950631
2020-04-13 18:14:00,2288.3358941228503,0.0004772287761575019
2020-04-13 18:15:00,2289.965464603845,0.0005130603008416095
2020-04-13 18:16:00,2289.4165212226535,0.0005049254984610067
2020-04-13 18:17:00,2291.703057697976,0.000508758304243074
2020-04-13 18:18:00,2291.4665282021856,0.00048453018551071074
2020-04-13 18:19:00,2292.18296426058,0.00053767214386154
2020-04-13 18:20:00,2292.2732962025707,0.00047832071406511104
2020-04-13 18:21:00,2291.210143000301,0.000492605396516053
2020-04-13 18:22:00,2290.650030345374,0.0004823932566704158
2020-04-13 18:23:00,2289.858703529969,0.0005091483658509737
2020-04-13 18:24:00,2291.029602132198,0.0005028318528030755
2020-04-13 18:25:00,2289.372145015909,0.000526461266264004
2020-04-13 18:26:00,2290.103837886992,0.0004922805593169175
2020-04-13 18:27:00,2290.574845404494,0.00043714067275615697
2020-04-13 18:28:00,2292.4800705724892,0.0004580387472652858
2020-04-13 18:29:00,2292.897724285001,0.0004819838619823195
2020-04-13 18:30:00,2293.3193076333337,0.00046952090192158523
2020-04-13 18:31:00,2292.2766550077968,0.0004947698932202293
2020-04-13 18:32:00,2292.203093458501,0.0004983618298455379
2020-04-13 18:33:00,2288.9495454219764,0.000495949654096362
2020-04-13 18:34:00,2288.42471751271,0.0004937792139139109
2020-04-13 18:35:00,2287.8991548430376,0.0004958884175381001
2020-04-13 18:36:00,2288.4776923339227,0.00048159016015387595
2020-04-13 18:37:00,2288.1177093158835,0.0005016007449329179
2020-04-13 18:38:00,2287.201596310882,0.0004783867654638742
2020-04-13 18:39:00,2286.562231366938,0.00046908884933065956
2020-04-13 18:40:00,2286.802647838622,0.0004874471007618097
2020-04-13 18:41:00,2286.5958862160505,0.0004443385005542884
2020-04-13 18:42:00,2286.368106511911,0.0004656293892096529
2020-04-13 18:43:00,2287.064655507198,0.00046222099342572005
2020-04-13 18:44:00,2286.011780624967,0.0004541227804162941
2020-04-13 18:45:00,2285.008253382758,0.00047158355757383403
2020-04-13 18:46:00,2284.5523997227,0.0005119082729439261
2020-04-13 18:47:00,2284.9548037166032,0.00048568996439701855
2020-04-13 18:48:00,2284.7043723271,0.000488476730685466
2020-04-13 18:49:00,2284.995554207014,0.00045645284127836776
2020-04-13 18:50:00,2284.6263200066373,0.00041799297633649733
2020-04-13 18:51:00,2284.173055627511,0.0004074532428940166
2020-04-13 18:52:00,2285.1381546862135,0.00038775378473549524
2020-04-13 18:53:00,2285.562980989623,0.0004074140407911471
2020-04-13 18:54:00,2285.7944953054925,0.00039169207933843287
2020-04-13 18:55:00,2284.595420165767,0.00040401722806423265
2020-04-13 18:56:00,2284.5587416523726,0.0004025346632111006
2020-04-13 18:57:00,2281.3647285299776,0.00043540494475537465
2020-04-13 18:58:00,2281.5800159449145,0.00040642816281146995
2020-04-13 18:59:00,2279.2779448287033,0.00041375993562359155
2020-04-13 19:00:00,2279.3303112452986,0.000431359836596605
2020-04-13 19:01:00,2280.7975972092468,0.0004493697799539839
2020-04-13 19:02:00,2277.68098573419,0.0004645600312029283
2020-04-13 19:03:00,2278.1942933597916,0.0004469947949921219
2020-04-13 19:04:00,2277.0647390278023,0.0004420154629198273
2020-04-13 19:05:00,2276.899397819717,0.0004576440088889758
2020-04-13 19:06:00,2278.0224256868523,0.000440653108968855
2020-04-13 19:07:00,2279.4146079489683,0.00043893706337948664
2020-04-13 19:08:00,2279.366742494898,0.0004467045466627397
2020-04-13 19:09:00,2280.1619826535734,0.0004425941636691439
2020-04-13 19:10:00,2280.8482572444464,0.00046402760811158793
2020-04-13 19:11:00,2279.9287844869086,0.0004727521267978264
2020-04-13 19:12:00,2278.875192648173,0.0004912477870692705
2020-04-13 19:13:00,2278.603320189888,0.00048079136755718185
2020-04-13 19:14:00,2276.889666193181,0.0004922231937345029
2020-04-13 19:15:00,2278.2330381609713,0.0005368531714938215
2020-04-13 19:16:00,2278.6410967724028,0.000492729896333115
2020-04-13 19:17:00,2278.096879333316,0.0004460050908044847
2020-04-13 19:18:00,2277.13385103436,0.0004316211892590216
2020-04-13 19:19:00,2276.85384442979,0.0004125685970910534
2020-04-13 19:20:00,2276.4041482164625,0.0004000058584204924
2020-04-13 19:21:00,2277.0353053881254,0.00041379443562459563
2020-04-13 19:22:00,2277.8678967456376,0.000408551639425155
2020-04-13 19:23:00,2278.029921804301,0.00042950054046503235
2020-04-13 19:24:00,2278.4670870292243,0.00043309204647289074
2020-04-13 19:25:00,2278.446453313902,0.0004544578476408487
2020-04-13 19:26:00,2279.719654017018,0.00045128759115801087
2020-04-13 19:27:00,2279.7796687734367,0.0004648743443931023
2020-04-13 19:28:00,2281.6944335065236,0.0005103614608880589
2020-04-13 19:29:00,2281.352944190305,0.0005223158193437437
2020-04-13 19:30:00,2282.4597249689896,0.0005371948656640149
2020-04-13 19:31:00,2282.306827396397,0.0004991839227399586
2020-04-13 19:32:00,2283.5997745504756,0.0004952837646085353
2020-04-13 19:33:00,2283.511823952818,0.0005031390686308149
2020-04-13 19:34:00,2282.755141537435,0.0005006024047620234
2020-04-13 19:35:00,2282.998985058194,0.0005212433341448962
2020-04-13 19:36:00,2282.910308248184,0.0005211932503001572
2020-04-13 19:37:00,2283.3326311307314,0.0005111691770026877
2020-04-13 19:38:00,2282.955529809746,0.0005205736622646178
2020-04-13 19:39:00,2281.7402391066485,0.0005760671102320733
2020-04-13 19:40:00,2280.8748889782723,0.0005682746363108879
2020-04-13 19:41:00,2280.964105740124,0.0005879191270812974
2020-04-13 19:42:00,2280.4633521858013,0.0006354301298573473
2020-04-13 19:43:00,2280.66056047954,0.0006215747932833484
2020-04-13 19:44:00,2279.1479493698275,0.0005946252657355839
2020-04-13 19:45:00,2277.77856340458,0.0006106608721899183
2020-04-13 19:46:00,2279.2115551427796,0.0005743066186055477
2020-04-13 19:47:00,2281.57283540244,0.0005690946850814236
2020-04-13 19:48:00,2282.4792115482296,0.0005391164755529755
2020-04-13 19:49:00,2283.00806926605,0.0005332005088574995
2020-04-13 19:50:00,2285.0217493762984,0.000528133778552479
2020-04-13 19:51:00,2284.717712404241,0.0005071002357308846
2020-04-13 19:52:00,2283.312400817183,0.0004964123660800866
2020-04-13 19:53:00,2282.7494256943855,0.0004903303034668142
2020-04-13 19:54:00,2284.0194328680595,0.0005161570432105686
2020-04-13 19:55:00,2283.1753373079086,0.0005265047094461563
2020-04-13 19:56:00,2285.9259187413472,0.0005109549003804794
2020-04-13 19:57:00,2287.0324528677406,0.0005384979928385355
2020-04-13 19:58:00,2288.8631369385125,0.0005221864822085489
2020-04-13 19:59:00,2288.9231990984376,0.0005219128972566878
2020-04-14 13:30:00,2296.8475921547047,0.0004824334506997523
2020-04-14 13:31:00,2298.3320227222553,0.0005102535426972219
2020-04-14 13:32:00,2296.6404494358553,0.0004955841485785344
2020-04-14 13:33:00,2298.147372355291,0.0005034586462606938
2020-04-14 13:34:00,2297.9988517220813,0.000527055776503162
2020-04-14 13:35:00,2296.870797210111,0.0005267475960501037
2020-04-14 13:36:00,2296.0149944673103,0.0005236143011085261
2020-04-14 13:37:00,2294.6742809333327,0.0005113578525862806
2020-04-14 13:38:00,2293.7936201658117,0.0005673169346377457
2020-04-14 13:39:00,2293.28370815265,0.0005911435904677833
2020-04-14 13:40:00,2290.669752872607,0.0005790636341026361
2020-04-14 13:41:00,2291.3117946565476,0.000590523290017859
2020-04-14 13:42:00,2290.572889673368,0.0005373566930080947
2020-04-14 13:43:00,2291.5114906019094,0.0005405696800608486
2020-04-14 13:44:00,2291.3443918907033,0.0005527147635134326
2020-04-14 13:45:00,2293.047950977763,0.0005513768127335406
2020-04-14 13:46:00,2291.918451138475,0.0005620440693709942
2020-04-14 13:47:00,2290.9079643214013,0.0005922539396382154
2020-04-14 13:48:00,2291.3540847038835,0.0005690333010440563
2020-04-14 13:49:00,2290.7009107607146,0.0005465546203183705
2020-04-14 13:50:00,2288.584879904479,0.0006220031786519268
2020-04-14 13:51:00,2290.629626513921,0.0006380842507701949
2020-04-14 13:52:00,2292.2242981564823,0.0007111710233271265
2020-04-14 13:53:00,2294.5697703495584,0.0007230619853622392
2020-04-14 13:54:00,2293.6315694151904,0.0007246580603880454
2020-04-14 13:55:00,2292.8887214868014,0.0007082723334024014
2020-04-14 13:56:00,2291.733457479268,0.0007262551994804349
2020-04-14 13:57:00,2291.1736306012094,0.0006942498197127561
2020-04-14 13:58:00,2291.442781046566,0.0006652000271606031
2020-04-14 13:59:00,2290.8560834291457,0.0006566983329175872
2020-04-14 14:00:00,2289.1050644201027,0.0006548248040220507
2020-04-14 14:01:00,2288.8786177216803,0.0006844929362120013
2020-04-14 14:02:00,2287.214005931092,0.0006510602588461581
2020-04-14 14:03:00,2287.811222552097,0.0006698873594962719
2020-04-14 14:04:00,2287.530729585425,0.0006645055084699336
2020-04-14 14:05:00,2285.674959812895,0.0006825381769420142
2020-04-14 14:06:00,2285.2629159931585,0.0006425728226825424
2020-04-14 14:07:00,2285.711268952886,0.0006420021145894699
2020-04-14 14:08:00,2285.259453106955,0.0006651801105639668
2020-04-14 14:09:00,2287.4872876412924,0.0006527834130596682
2020-04-14 14:10:00,2287.2842488171063,0.0006768031582922548
2020-04-14 14:11:00,2287.257619499727,0.000660669768296186
2020-04-14 14:12:00,2288.753990996652,0.0006525959091611407
2020-04-14 14:13:00,2286.9065111711343,0.0005945418863061502
2020-04-14 14:14:00,2285.8193551963514,0.0005716644437011152
2020-04-14 14:15:00,2284.1180874464944,0.0005649994684758207
2020-04-14 14:16:00,2284.7515247083043,0.0005511309206660325
2020-04-14 14:17:00,2284.365973466043,0.0005753307578390971
2020-04-14 14:18:00,2283.6835302327577,0.0005729967997920581
2020-04-14 14:19:00,2283.6640817556054,0.0006142712097827381
2020-04-14 14:20:00,2282.8919526433247,0.0006231839289872375
2020-04-14 14:21:00,2283.5867627445077,0.0006115888687422834
2020-04-14 14:22:00,2282.645875928453,0.0005949876352544708
2020-04-14 14:23:00,2282.8685910743784,0.0006063845925742602
2020-04-14 14:24:00,2283.6344310942,0.0006279914488004666
2020-04-14 14:25:00,2285.235407438583,0.000672105017768706
2020-04-14 14:26:00,2286.0841422441504,0.0006933247164337225
2020-04-14 14:27:00,2286.1389573683614,0.0006891400644611387
2020-04-14 14:28:00,2287.1669968066344,0.0007055815812525346
2020-04-14 14:29:00,2286.7310773537897,0.000691674616620272
2020-04-14 14:30:00,2287.173823066324,0.000660714758855476
2020-04-14 14:31:00,2287.9804083579575,0.0006654378673995316
2020-04-14 14:32:00,2290.273987415308,0.0006863118133776372
2020-04-14 14:33:00,2291.5489447019613,0.0007482378692405751
2020-04-14 14:34:00,2289.9377805590907,0.0007830311671193521
2020-04-14 14:35:00,2289.1864454871725,0.0008238960044508763
2020-04-14 14:36:00,2287.5586356610243,0.000793008455736622
2020-04-14 14:37:00,2290.01206347582,0.000777221110026511
2020-04-14 14:38:00,2291.6415239587845,0.0008214842901144202
2020-04-14 14:39:00,2288.176849384004,0.0008901239782622991
2020-04-14 14:40:00,2287.0164124023704,0.0008834924812806532
2020-04-14 14:41:00,2285.3669234322097,0.0008553421191842625
2020-04-14 14:42:00,2284.2263840904147,0.0008237521679512113
2020-04-14 14:43:00,2281.059263984771,0.000870318359340565
2020-04-14 14:44:00,2284.0548067669693,0.000842251406186735
2020-04-14 14:45:00,2286.9529296506225,0.0008659597834970891
2020-04-14 14:46:00,2285.490150515235,0.0008622551128925794
2020-04-14 14:47:00,2287.0484460282964,0.0008862154740491108
2020-04-14 14:48:00,2287.2013856395306,0.0008781810072481796
2020-04-14 14:49:00,2287.8810823049116,0.0008329598439616985
2020-04-14 14:50:00,2285.2045768864086,0.0007807356123037679
2020-04-14 14:51:00,2284.233790631742,0.000788022962966116
2020-04-14 14:52:00,2285.9576777914026,0.000722660366953
2020-04-14 14:53:00,2285.327349043884,0.0006867053941146221
2020-04-14 14:54:00,2283.076081318016,0.000719701752972044
2020-04-14 14:55:00,2284.0563974694473,0.0006993326994795733
2020-04-14 14:56:00,2284.353528974991,0.0007247237105109632
2020-04-14 14:57:00,2286.178283437209,0.000755491748415814
2020-04-14 14:58:00,2281.9101443676145,0.0007695321897485024
2020-04-14 14:59:00,2284.30765642855,0.0007596336444369482
2020-04-14 15:00:00,2286.1639818291146,0.0007448208716059512
2020-04-14 15:01:00,2283.2135701314114,0.0007428781982797364
2020-04-14 15:02:00,2282.0506228845143,0.0006928218052761427
2020-04-14 15:03:00,2281.81846846375,0.0007150691635746174
2020-04-14 15:04:00,2283.748571208154,0.0006907413711923684
2020-04-14 15:05:00,2281.831421220427,0.0006668619846088136
2020-04-14 15:06:00,2281.6539993394217,0.0006680563721558573
2020-04-14 15:07:00,2280.916936148514,0.0006720144636899322
2020-04-14 15:08:00,2281.2739662617614,0.0006574983959637013
2020-04-14 15:09:00,2280.632226574909,0.0006262787240829817
2020-04-14 15:10:00,2281.474458181927,0.000645357592335075
2020-04-14 15:11:00,2282.020100243807,0.0006263487449046605
2020-04-14 15:12:00,2281.7815873100403,0.0006278383527204672
2020-04-14 15:13:00,2284.9795951938377,0.0006488596302825057
2020-04-14 15:14:00,2284.8738911272712,0.0006488073424185702
2020-04-14 15:15:00,2283.318600408663,0.0006329251486268435
2020-04-14 15:16:00,2282.342402253739,0.0006342269833285477
2020-04-14 15:17:00,2282.8276566849304,0.0006432941104015755
2020-04-14 15:18:00,2281.4125871314054,0.0006069015508801349
2020-04-14 15:19:00,2281.6979415980277,0.0005733818310920922
2020-04-14 15:20:00,2283.891104745365,0.0005742744290895449
2020-04-14 15:21:00,2285.71907606565,0.000587321217805894
2020-04-14 15:22:00,2286.4958968450637,0.0005717649436178563
2020-04-14 15:23:00,2287.290818872742,0.0005820252143216429
2020-04-14 15:24:00,2287.545067896313,0.000590827857321341
2020-04-14 15:25:00,2289.9161766425577,0.000617078290997491
2020-04-14 15:26:00,2293.1067360532893,0.0005520161237241553
2020-04-14 15:27:00,2290.8144047134933,0.0005565705486261685
2020-04-14 15:28:00,2290.1848611174005,0.0005329261145940784
2020-04-14 15:29:00,2286.572672874511,0.0005165244827032738
2020-04-14 15:30:00,2287.096752140393,0.0005229410241637474
2020-04-14 15:31:00,2287.0263274663466,0.0004871363218555876
2020-04-14 15:32:00,2288.6999322254883,0.0004861992152914174
2020-04-14 15:33:00,2288.7674247644427,0.00047457310330348306
2020-04-14 15:34:00,2287.572040421129,0.000452877841654835
2020-04-14 15:35:00,2287.5213039245277,0.00045732140648459794
2020-04-14 15:36:00,2287.2975354967157,0.00045394095742750317
2020-04-14 15:37:00,2286.8086043837648,0.0004772335134654624
2020-04-14 15:38:00,2287.290544336264,0.0004921341134507707
2020-04-14 15:39:00,2286.4173834089293,0.0005180771806156581
2020-04-14 15:40:00,2286.678611169362,0.0005182519375197255
2020-04-14 15:41:00,2287.712016232338,0.000543082648173913
2020-04-14 15:42:00,2287.8754503355403,0.0005405994155870313
2020-04-14 15:43:00,2287.4620308731837,0.0005312057919453394
2020-04-14 15:44:00,2289.5048551495597,0.0005730874865636068
2020-04-14 15:45:00,2289.0363867310416,0.0006043718786621965
2020-04-14 15:46:00,2290.376068125324,0.0006010676999495465
2020-04-14 15:47:00,2289.796819337198,0.0006026100292587113
2020-04-14 15:48:00,2291.2474667087517,0.0005974658960430431
2020-04-14 15:49:00,2290.3294538445534,0.0005926020269557789
2020-04-14 15:50:00,2288.360570275604,0.0005867823933863689
2020-04-14 15:51:00,2289.4988173004213,0.000623540959648589
2020-04-14 15:52:00,2288.8554845924314,0.0006297620019251154
2020-04-14 15:53:00,2289.5378859006555,0.0005871078470603163
2020-04-14 15:54:00,2292.960965372938,0.0005797418070149693
2020-04-14 15:55:00,2292.9658169560703,0.0006107865923347362
2020-04-14 15:56:00,2292.639006847634,0.00061469330750614
2020-04-14 15:57:00,2294.2175332015886,0.0006264614011751763
2020-04-14 15:58:00,2293.917560968296,0.0006188604494048224
2020-04-14 15:59:00,2293.7465578131487,0.0006417611115864575
2020-04-14 16:00:00,2293.951823561002,0.0006567260091342042
2020-04-14 16:01:00,2292.328762312001,0.0006661180096922022
2020-04-14 16:02:00,2293.6717706059344,0.0006418423456007208
2020-04-14 16:03:00,2292.5421858786826,0.0006723413988362855
2020-04-14 16:04:00,2291.967977733002,0.0006938132306664284
2020-04-14 16:05:00,2290.3118760381403,0.0006730997318325278
2020-04-14 16:06:00,2290.745338231396,0.0006614496777241013
2020-04-14 16:07:00,2287.9316375816375,0.0006356008712604317
2020-04-14 16:08:00,2288.013089004219,0.0006745667404806468
2020-04-14 16:09:00,2287.511501317254,0.0006829039153818458
2020-04-14 16:10:00,2290.614459849776,0.0006738756967496781
2020-04-14 16:11:00,2290.3031714701738,0.0006875725068736451
2020-04-14 16:12:00,2288.872585453426,0.0006999012144862682
2020-04-14 16:13:00,2288.0461108424597,0.0006779611937970237
2020-04-14 16:14:00,2288.597903370645,0.0007077469222509721
2020-04-14 16:15:00,2289.1759382365494,0.0006834729950731949
2020-04-14 16:16:00,2288.240484056995,0.0006615698321342308
2020-04-14 16:17:00,2286.6065164797546,0.0006813346410919416
2020-04-14 16:18:00,2287.825466059484,0.0006987060383663779
2020-04-14 16:19:00,2287.5081378270766,0.0006765174160076878
2020-04-14 16:20:00,2289.4877283992073,0.0006821994498563957
2020-04-14 16:21:00,2289.050705871912,0.0007418812648096351
2020-04-14 16:22:00,2285.319050450697,0.0007707411521218835
2020-04-14 16:23:00,2284.369179146248,0.0007768329216796477
2020-04-14 16:24:00,2281.9637034297434,0.0008114791445066805
2020-04-14 16:25:00,2281.299783134453,0.000745134958837127
2020-04-14 16:26:00,2281.4120334834015,0.0006773851872476094
2020-04-14 16:27:00,2286.2623299127026,0.0006975095923955055
2020-04-14 16:28:00,2286.046797142851,0.0006870902774071601
2020-04-14 16:29:00,2287.704636593473,0.0007373586869513505
2020-04-14 16:30:00,2289.780320768523,0.0007495943474727893
2020-04-14 16:31:00,2285.027578808222,0.0007500912791747157
2020-04-14 16:32:00,2284.15366407048,0.0006796776378769332
2020-04-14 16:33:00,2281.7060818965797,0.0007072852269199628
2020-04-14 16:34:00,2282.5613088701125,0.0006907107457941148
2020-04-14 16:35:00,2281.0511554148766,0.0006835679957675753
2020-04-14 16:36:00,2282.936540184186,0.0007650088921594955
2020-04-14 16:37:00,2283.9597639915114,0.0007396696941042454
2020-04-14 16:38:00,2285.1277279079127,0.0006659415088364213
2020-04-14 16:39:00,2285.9885022965705,0.0007035310420528026
2020-04-14 16:40:00,2285.7166033379654,0.0006808484257313051
2020-04-14 16:41:00,2283.3494172704613,0.0006516386935153884
2020-04-14 16:42:00,2283.006985636482,0.0006053184691999777
2020-04-14 16:43:00,2284.4682065836937,0.0006259253414458432
2020-04-14 16:44:00,2285.2787068616067,0.0005687748931758728
2020-04-14 16:45:00,2284.8730673602213,0.000571073668033541
2020-04-14 16:46:00,2283.801770435154,0.000567632147149804
2020-04-14 16:47:00,2284.2308267809854,0.000587210531679843
2020-04-14 16:48:00,2286.4529980577922,0.0005824159009722637
2020-04-14 16:49:00,2287.1196714470466,0.000578756123523561
2020-04-14 16:50:00,2288.9564054118505,0.0005974872074373683
2020-04-14 16:51:00,2286.267100274518,0.0005919714082653065
2020-04-14 16:52:00,2287.6485424868392,0.0005499217284311681
2020-04-14 16:53:00,2286.3481022155934,0.0005302664193349473
2020-04-14 16:54:00,2288.6532409396495,0.0005308596376678112
2020-04-14 16:55:00,2289.1969089879735,0.0005571842155831496
2020-04-14 16:56:00,2290.042962096111,0.0005185075126655785
2020-04-14 16:57:00,2289.6852138912304,0.0004805710993495353
2020-04-14 16:58:00,2289.968154911004,0.0004549953183820248
2020-04-14 16:59:00,2288.552602338716,0.00044781244295533
2020-04-14 17:00:00,2289.150664303921,0.0004522283858710494
2020-04-14 17:01:00,2289.21354052165,0.0004299561129404013
2020-04-14 17:02:00,2289.7205737764125,0.00043530044962152134
2020-04-14 17:03:00,2289.998769302011,0.00040661679888175323
2020-04-14 17:04:00,2290.4640927253804,0.0003985226549612328
2020-04-14 17:05:00,2289.2138724365864,0.0003760857764384832
2020-04-14 17:06:00,2288.189469341952,0.00036414189242595557
2020-04-14 17:07:00,2287.096533348672,0.0003692077697117299
2020-04-14 17:08:00,2287.033729713002,0.0003699343784407783
2020-04-14 17:09:00,2286.5204837911156,0.0003777622673063091
2020-04-14 17:10:00,2286.820398050516,0.00039409573196657493
2020-04-14 17:11:00,2288.0357696437104,0.00038997787101252915
2020-04-14 17:12:00,2288.5755294381593,0.00040619943161263056
2020-04-14 17:13:00,2287.735069944185,0.00042938583017381176
2020-04-14 17:14:00,2288.161047846219,0.00042713611986499916
2020-04-14 17:15:00,2288.8597901614744,0.0004515780631501569
2020-04-14 17:16:00,2285.997003722649,0.0004520626829458167
2020-04-14 17:17:00,2284.8595609716067,0.00047923300422443837
2020-04-14 17:18:00,2284.890700761324,0.0004524084855716619
2020-04-14 17:19:00,2286.2279736265127,0.00046377545860613276
2020-04-14 17:20:00,2285.8033694657283,0.0004599820124112865
2020-04-14 17:21:00,2285.592613126673,0.0004650341331124897
2020-04-14 17:22:00,2285.019149105171,0.0004465437309588492
2020-04-14 17:23:00,2284.6002417834893,0.00045375964877367094
2020-04-14 17:24:00,2283.526211631663,0.00045329246388630545
2020-04-14 17:25:00,2283.4333053023106,0.00043926981396786316
2020-04-14 17:26:00,2284.6661407202378,0.0004383683436392392
2020-04-14 17:27:00,2284.1024303833647,0.0004633736743202679
2020-04-14 17:28:00,2284.2669556403457,0.0004743805307360809
2020-04-14 17:29:00,2284.7853156309206,0.00048072826906126636
2020-04-14 17:30:00,2285.1478431064534,0.000500293563027795
2020-04-14 17:31:00,2283.7022966026334,0.0005149038612217996
2020-04-14 17:32:00,2284.3300066184465,0.0005215624572282399
2020-04-14 17:33:00,2284.2154584836676,0.0005324407466555622
2020-04-14 17:34:00,2285.197872325903,0.0005508528615154765
2020-04-14 17:35:00,2284.475908798526,0.0005378573687424464
2020-04-14 17:36:00,2282.6120422521253,0.0005470787628089644
2020-04-14 17:37:00,2283.022448482317,0.0005223398170178947
2020-04-14 17:38:00,2283.106137826222,0.0005304475550366682
2020-04-14 17:39:00,2282.0197748393894,0.0005018248426380561
2020-04-14 17:40:00,2281.0735824506746,0.0005073089945610936
2020-04-14 17:41:00,2282.378563473138,0.00045649007923461604
2020-04-14 17:42:00,2282.369302499929,0.00045376511750203855
2020-04-14 17:43:00,2283.4135204592285,0.00044812004167549464
2020-04-14 17:44:00,2284.004188504447,0.0004367932039326147
2020-04-14 17:45:00,2283.0925708921195,0.00044829765540062663
2020-04-14 17:46:00,2283.591605343952,0.0004344975875295022
2020-04-14 17:47:00,2284.1552230655984,0.0004310919280382905
2020-04-14 17:48:00,2283.2415712488228,0.0004190505887330808
2020-04-14 17:49:00,2285.988283438324,0.000419278880616244
2020-04-14 17:50:00,2285.7114871054955,0.000452876245861316
2020-04-14 17:51:00,2286.8031456256563,0.00039876020298647833
2020-04-14 17:52:00,2287.1970209263773,0.0004247844040580408
2020-04-14 17:53:00,2287.06682290482,0.00042630859633135997
2020-04-14 17:54:00,2288.4324136208734,0.0004219404793770491
2020-04-14 17:55:00,2287.5972083056445,0.0004022485238429411
2020-04-14 17:56:00,2287.5332171361597,0.00036930199978053185
2020-04-14 17:57:00,2288.6847925183024,0.0003615853973707556
2020-04-14 17:58:00,2288.25162235012,0.00037808711843555215
2020-04-14 17:59:00,2287.5119282934215,0.0003678433549184986
2020-04-14 18:00:00,2288.96824890284,0.000362875346427905
2020-04-14 18:01:00,2288.9771875691604,0.000322897326068507
2020-04-14 18:02:00,2287.4807902636426,0.0003351322909312198
2020-04-14 18:03:00,2287.926036414247,0.00033902381765977386
2020-04-14 18:04:00,2288.3916077923795,0.00035116606074527836
2020-04-14 18:05:00,2288.156219063577,0.0003807146546529471
2020-04-14 18:06:00,2288.4596115315726,0.00038487141449753694
2020-04-14 18:07:00,2288.949806876676,0.00042110855678578225
2020-04-14 18:08:00,2290.1282790516198,0.00039732323804074954
2020-04-14 18:09:00,2289.957431644809,0.0004103035396113223
2020-04-14 18:10:00,2291.370397324652,0.00038741877077787734
2020-04-14 18:11:00,2291.532352791499,0.0003959354120601423
2020-04-14 18:12:00,2290.718632471101,0.0004116531235825822
2020-04-14 18:13:00,2290.824252729291,0.00040507480469599046
2020-04-14 18:14:00,2291.132897879366,0.0004006642931681537
2020-04-14 18:15:00,2292.7134317211767,0.00040497933436035405
2020-04-14 18:16:00,2293.487682150545,0.0004081917732975855
2020-04-14 18:17:00,2293.6463322690433,0.00040050909619181586
2020-04-14 18:18:00,2292.7504469734745,0.00039603262857408714
2020-04-14 18:19:00,2292.492343171681,0.0003843444717242753
2020-04-14 18:20:00,2291.023911780105,0.0003813307598929798
2020-04-14 18:21:00,2291.6562643486736,0.0004093034429744903
2020-04-14 18:22:00,2292.5126658771683,0.00042709676344131556
2020-04-14 18:23:00,2292.872325442334,0.00044182766041663495
2020-04-14 18:24:00,2292.600263287097,0.0004569809038437994
2020-04-14 18:25:00,2293.174001401649,0.0004347661460714943
2020-04-14 18:26:00,2292.5259597455674,0.0004224526708794563
2020-04-14 18:27:00,2291.6489269187,0.0004315675976454291
2020-04-14 18:28:00,2290.5517562586683,0.00044995427167560467
2020-04-14 18:29:00,2290.351940409891,0.00045233504524223644
2020-04-14 18:30:00,2288.9886133449254,0.00041331838190742645
2020-04-14 18:31:00,2289.0916539350796,0.00040896798540586307
2020-04-14 18:32:00,2290.4949278185777,0.0003914853185953596
2020-04-14 18:33:00,2291.353904119649,0.0003903486426095743
2020-04-14 18:34:00,2291.1309405651136,0.00037522115641800964
2020-04-14 18:35:00,2290.934100551667,0.0003709712337330217
2020-04-14 18:36:00,2289.8874942388743,0.00038256360283873525
2020-04-14 18:37:00,2288.8762144239713,0.0003820410912178164
2020-04-14 18:38:00,2290.8880335354766,0.0003751090665469963
2020-04-14 18:39:00,2291.83612158443,0.00039415534911122206
2020-04-14 18:40:00,2290.2258460982907,0.0003878290665612941
2020-04-14 18:41:00,2289.937701453251,0.00036438386349455583
2020-04-14 18:42:00,2291.03898411423,0.000366724476183197
2020-04-14 18:43:00,2291.400949888427,0.00035895997744591344
2020-04-14 18:44:00,2291.444269474903,0.00036046148107344493
2020-04-14 18:45:00,2291.6897583244904,0.00032203178999248735
2020-04-14 18:46:00,2291.504464446204,0.0003195081607618604
2020-04-14 18:47:00,2291.4233749793334,0.00033471855289694347
2020-04-14 18:48:00,2291.365782155956,0.00031503209776128336
2020-04-14 18:49:00,2291.363096395792,0.0002949163373753785
2020-04-14 18:50:00,2290.885082953896,0.00030805715654326347
2020-04-14 18:51:00,2291.188439835408,0.000302346277915868
2020-04-14 18:52:00,2291.3351589532854,0.00030049221001646675
2020-04-14 18:53:00,2291.819983245754,0.0003285402960573345
2020-04-14 18:54:00,2290.8382411362945,0.0003370239955504543
2020-04-14 18:55:00,2290.3347628052666,0.00033022649311123916
2020-04-14 18:56:00,2289.8308283172014,0.0003319329528351778
2020-04-14 18:57:00,2289.3196838960857,0.00033222014623079975
2020-04-14 18:58:00,2288.649109945656,0.00034542891801145613
2020-04-14 18:59:00,2289.080207508152,0.0003184020845959115
2020-04-14 19:00:00,2289.190108478951,0.00030354873548752543
2020-04-14 19:01:00,2289.78560759651,0.00029797548389532915
2020-04-14 19:02:00,2289.4646013056986,0.00029865377154718396
2020-04-14 19:03:00,2289.5560347547407,0.000296036474360761
2020-04-14 19:04:00,2289.6853085657317,0.0002750027536887188
2020-04-14 19:05:00,2289.7654059600413,0.0002728438905331317
2020-04-14 19:06:00,2290.3238405069933,0.000276565583391057
2020-04-14 19:07:00,2290.390550416876,0.0002831851332054021
2020-04-14 19:08:00,2289.702585423566,0.00027861444233189653
2020-04-14 19:09:00,2289.671516286528,0.00029335240164268827
2020-04-14 19:10:00,2289.158994226258,0.00028873371907461534
2020-04-14 19:11:00,2288.7406693317294,0.00026480186685716857
2020-04-14 19:12:00,2287.6611268954043,0.00027528171333841866
2020-04-14 19:13:00,2288.0259292682335,0.00028453123978724597
2020-04-14 19:14:00,2287.7791883566724,0.0002760504356728048
2020-04-14 19:15:00,2287.413865908849,0.0002546467867163208
2020-04-14 19:16:00,2287.7590925082595,0.0002562688499663795
2020-04-14 19:17:00,2287.2411726476207,0.00025654898520389584
2020-04-14 19:18:00,2285.6060749968938,0.00024383172610856834
2020-04-14 19:19:00,2285.624636006511,0.0002477191809352114
2020-04-14 19:20:00,2285.776096968346,0.00024821149283690716
2020-04-14 19:21:00,2285.6899025986054,0.0002582485363266634
2020-04-14 19:22:00,2284.9928293390294,0.0002604855435766949
2020-04-14 19:23:00,2284.2364731841567,0.00027767729479281537
2020-04-14 19:24:00,2284.1895573224188,0.00028055166366000096
2020-04-14 19:25:00,2283.6248272993807,0.0002961927084650475
2020-04-14 19:26:00,2283.5348484662677,0.0003060455565717015
2020-04-14 19:27:00,2283.94748916616,0.0002894530206694417
2020-04-14 19:28:00,2283.388680530452,0.0002864695639206882
2020-04-14 19:29:00,2282.7941391583595,0.00026774541178887546
2020-04-14 19:30:00,2282.626019727234,0.0002664741971909451
2020-04-14 19:31:00,2282.3026132152095,0.00026463226025542105
2020-04-14 19:32:00,2282.930321171969,0.00026137936145446944
2020-04-14 19:33:00,2281.7099430329804,0.0002756704873136604
2020-04-14 19:34:00,2280.9401233933163,0.00027742425639368083
2020-04-14 19:35:00,2281.1856273611556,0.0002759629012631772
2020-04-14 19:36:00,2280.894153516581,0.0002613262287271686
2020-04-14 19:37:00,2280.5265970392365,0.0002502072064726715
2020-04-14 19:38:00,2280.1870241165893,0.0002433110309131276
2020-04-14 19:39:00,2280.363416289093,0.0002613099508872473
2020-04-14 19:40:00,2280.8129116587575,0.00025680118771953097
2020-04-14 19:41:00,2280.7248542006546,0.0002637911574888241
2020-04-14 19:42:00,2280.9524935147483,0.0002561431652841212
2020-04-14 19:43:00,2281.64065179251,0.00024283769817522353
2020-04-14 19:44:00,2282.9402235244397,0.0002445973680338025
2020-04-14 19:45:00,2282.6676083393454,0.00024221072140433023
2020-04-14 19:46:00,2281.3227361135073,0.00024428136110036657
2020-04-14 19:47:00,2280.674147605965,0.00023071543990765215
2020-04-14 19:48:00,2281.176807229832,0.0002445380711210522
2020-04-14 19:49:00,2280.30283985493,0.00024071532754712092
2020-04-14 19:50:00,2279.613098134328,0.000220709231292008
2020-04-14 19:51:00,2279.880300297828,0.00021943002413959232
2020-04-14 19:52:00,2280.070329921972,0.0002291311563298572
2020-04-14 19:53:00,2279.790076885872,0.00022153341910831632
2020-04-14 19:54:00,2279.4941064168183,0.00023174713637539085
2020-04-14 19:55:00,2279.174170902189,0.00022905183490828958
2020-04-14 19:56:00,2278.567202257682,0.00023793115778370923
2020-04-14 19:57:00,2277.6843264866347,0.00023360124844982677
2020-04-14 19:58:00,2277.911608828726,0.00024428535874273496
2020-04-14 19:59:00,2277.7583831521742,0.0002579906164713424
2020-04-15 13:30:00,2200.8588953665826,0.0002444683663942368
2020-04-15 13:31:00,2201.0101694923487,0.00023763159405233649
2020-04-15 13:32:00,2200.31841906997,0.00023820482507304973
2020-04-15 13:33:00,2199.956726505198,0.0002414026326242375
2020-04-15 13:34:00,2199.586475686282,0.00024555414733230265
2020-04-15 13:35:00,2198.902343483386,0.00023808073970377246
2020-04-15 13:36:00,2199.5106190066494,0.00024151987645568054
2020-04-15 13:37:00,2199.6123971443403,0.00023894320131514606
2020-04-15 13:38:00,2199.568625483429,0.00023643193589471516
2020-04-15 13:39:00,2199.694890261265,0.00023384915961579563
2020-04-15 13:40:00,2200.034362037726,0.0002383078192589125
2020-04-15 13:41:00,2200.7427314472593,0.00025566604033815083
2020-04-15 13:42:00,2200.9865849721214,0.0002552669219549353
2020-04-15 13:43:00,2201.2270908943456,0.0002409840035097583
2020-04-15 13:44:00,2201.574809236764,0.00023198226379152518
2020-04-15 13:45:00,2201.2526398909117,0.00023651241680383556
2020-04-15 13:46:00,2200.693849939887,0.00022924094833123496
2020-04-15 13:47:00,2199.779874228821,0.0002367565332702617
2020-04-15 13:48:00,2199.481650598002,0.0002612227487132685
2020-04-15 13:49:00,2200.6274315623878,0.0002736773614954074
2020-04-15 13:50:00,2199.9953253381414,0.00027543611358013824
2020-04-15 13:51:00,2200.192678183201,0.0002617239689597769
2020-04-15 13:52:00,2199.4857577787902,0.000268488296780315
2020-04-15 13:53:00,2199.967482993485,0.0002783752784397364
2020-04-15 13:54:00,2199.9657685774437,0.0002703886299656578
2020-04-15 13:55:00,2200.288745044524,0.0002827933282001779
2020-04-15 13:56:00,2201.1539943958055,0.00028680329998915095
2020-04-15 13:57:00,2200.917905917028,0.0002883284733554043
2020-04-15 13:58:00,2201.219311261408,0.0002914411789303434
2020-04-15 13:59:00,2200.978672847846,0.0003129819107939072
2020-04-15 14:00:00,2201.356465035958,0.0003351686744125817
2020-04-15 14:01:00,2200.6908605596477,0.00033509379643703623
2020-04-15 14:02:00,2201.040422264143,0.0003006691086424605
2020-04-15 14:03:00,2201.347260568912,0.0003044760665575753
2020-04-15 14:04:00,2201.506339541941,0.0003263590136843375
2020-04-15 14:05:00,2201.990411955684,0.0003278423636561781
2020-04-15 14:06:00,2203.126684148335,0.0003164342987754137
2020-04-15 14:07:00,2203.4851015135537,0.00032566636492199606
2020-04-15 14:08:00,2204.081664307448,0.00032451016530651546
2020-04-15 14:09:00,2204.795724492234,0.0003339971641385215
2020-04-15 14:10:00,2205.1048705975395,0.0003421184350362274
2020-04-15 14:11:00,2204.5098130922174,0.00036245631531018615
2020-04-15 14:12:00,2204.070824776912,0.00035613614960584427
2020-04-15 14:13:00,2205.256617218458,0.0003271208235560353
2020-04-15 14:14:00,2204.0552052913204,0.0003161924769696878
2020-04-15 14:15:00,2204.11652686494,0.000307161513836717
2020-04-15 14:16:00,2202.6087801518142,0.0003009453356190338
2020-04-15 14:17:00,2202.5412748465233,0.0002798754426177002
2020-04-15 14:18:00,2202.6565197526634,0.0003168539185887756
2020-04-15 14:19:00,2202.402761329568,0.0003127771878124681
2020-04-15 14:20:00,2202.29995881215,0.00029855327703835397
2020-04-15 14:21:00,2202.553991724034,0.00029968317196897847
2020-04-15 14:22:00,2202.881718153306,0.0003117926426147073
2020-04-15 14:23:00,2203.2968499615695,0.0003106205869129343
2020-04-15 14:24:00,2202.131646836098,0.0003057240106724531
2020-04-15 14:25:00,2202.3313788529554,0.00030186967948931883
2020-04-15 14:26:00,2202.4550478590127,0.0002915819835156354
2020-04-15 14:27:00,2203.003410207635,0.00029679509869934897
2020-04-15 14:28:00,2202.362222314312,0.0002963296227329529
2020-04-15 14:29:00,2201.6693130550543,0.00028848783945775985
2020-04-15 14:30:00,2201.250643269532,0.00030977256530749476
2020-04-15 14:31:00,2201.365445805092,0.0003001129137474234
2020-04-15 14:32:00,2200.926470660625,0.00031575973967923646
2020-04-15 14:33:00,2200.4277210054006,0.0002966155813663133
2020-04-15 14:34:00,2200.4058014550114,0.00031498405161121387
2020-04-15 14:35:00,2200.5828838382904,0.00031479300399632986
2020-04-15 14:36:00,2201.1715038557054,0.0003215527351309841
2020-04-15 14:37:00,2201.3886998667767,0.000352768995486724
2020-04-15 14:38:00,2201.5956322946454,0.000345011350081951
2020-04-15 14:39:00,2200.8670230493826,0.0003513153102657783
2020-04-15 14:40:00,2200.2782025945853,0.0003331740200605494
2020-04-15 14:41:00,2198.7913388628203,0.00032255326014267774
2020-04-15 14:42:00,2197.8905740079226,0.00034192153649955867
2020-04-15 14:43:00,2198.0818231584676,0.0003075266900269113
2020-04-15 14:44:00,2198.925198825544,0.00029212979807988784
2020-04-15 14:45:00,2198.198238212229,0.00029658044563256954
2020-04-15 14:46:00,2198.06136073677,0.00028590761444573557
2020-04-15 14:47:00,2197.7257446511335,0.00026877583257653827
2020-04-15 14:48:00,2197.3283124752597,0.00025471469072768963
2020-04-15 14:49:00,2198.126758652545,0.0002550081788595491
2020-04-15 14:50:00,2198.1058273688404,0.00023842979409146423
2020-04-15 14:51:00,2198.1962259915163,0.000227575640303674
2020-04-15 14:52:00,2197.5677920027492,0.0002278260710083067
2020-04-15 14:53:00,2197.9796887956936,0.0002223541072883298
2020-04-15 14:54:00,2197.273942598867,0.0002362907455744127
2020-04-15 14:55:00,2196.827319362579,0.00023733316579973543
2020-04-15 14:56:00,2196.596440261491,0.00024022038255388527
2020-04-15 14:57:00,2196.1284734715637,0.0002274483040419062
2020-04-15 14:58:00,2194.969976659571,0.00024556561764073575
2020-04-15 14:59:00,2194.799528961265,0.00023342116469569617
2020-04-15 15:00:00,2194.4560046600022,0.00022831898151959046
2020-04-15 15:01:00,2193.813313921558,0.00022323168713866647
2020-04-15 15:02:00,2193.63150531495,0.00022370426705952152
2020-04-15 15:03:00,2193.2140794943434,0.00022347170038883315
2020-04-15 15:04:00,2193.2129842260033,0.0002296482083665515
2020-04-15 15:05:00,2194.790943758203,0.00023800800426108102
2020-04-15 15:06:00,2194.268001877607,0.0002533262170319867
2020-04-15 15:07:00,2194.358412246063,0.00024942752167789596
2020-04-15 15:08:00,2193.641812472724,0.00023885363300674094
2020-04-15 15:09:00,2194.372681184479,0.00024401249226029708
2020-04-15 15:10:00,2195.705814810926,0.00026538854658644296
2020-04-15 15:11:00,2196.5385174180956,0.0002679061511939508
2020-04-15 15:12:00,2197.1721122076615,0.0002658021031511567
2020-04-15 15:13:00,2198.1617411873367,0.00025549099587462016
2020-04-15 15:14:00,2198.0441416931512,0.00024708700400260093
2020-04-15 15:15:00,2197.6449269499158,0.00025775945995112963
2020-04-15 15:16:00,2197.1854606815145,0.00026313092819769854
2020-04-15 15:17:00,2197.5218193098995,0.00027971339124738893
2020-04-15 15:18:00,2197.3858261616633,0.00027769349480799197
2020-04-15 15:19:00,2197.605787026555,0.00029428068991621043
2020-04-15 15:20:00,2197.884734153528,0.0002691072618249048
2020-04-15 15:21:00,2197.798072522956,0.0002719229290831635
2020-04-15 15:22:00,2197.7618130172873,0.0002667067809722605
2020-04-15 15:23:00,2197.919344462216,0.0002613567872295739
2020-04-15 15:24:00,2197.680936903606,0.0002628752523774489
2020-04-15 15:25:00,2198.43361620947,0.0002646831486896674
2020-04-15 15:26:00,2199.146055683417,0.00026115972724355846
2020-04-15 15:27:00,2199.462779149594,0.0002634881029284313
2020-04-15 15:28:00,2200.18504243581,0.00026924558951230354
2020-04-15 15:29:00,2199.4645430681894,0.0002717710939589774
2020-04-15 15:30:00,2199.718979147359,0.00027801929765410645
2020-04-15 15:31:00,2199.076223301616,0.00028007784328695307
2020-04-15 15:32:00,2199.3094609739787,0.00026479734084563545
2020-04-15 15:33:00,2198.69119568705,0.00025490335191873846
2020-04-15 15:34:00,2198.8038733120334,0.00026526649161828206
2020-04-15 15:35:00,2198.452197985969,0.00025019597350015417
2020-04-15 15:36:00,2198.9474714064354,0.0002635585347941617
2020-04-15 15:37:00,2198.590924515634,0.00026483668919818145
2020-04-15 15:38:00,2199.525526780018,0.0002684037129875733
2020-04-15 15:39:00,2199.35571881144,0.00028351416318332835
2020-04-15 15:40:00,2198.177790987648,0.0002818415266319965
2020-04-15 15:41:00,2199.3169883425676,0.00027880177102545194
2020-04-15 15:42:00,2197.6429484227237,0.00028884610626875475
2020-04-15 15:43:00,2198.829938755876,0.00026919775591396737
2020-04-15 15:44:00,2199.2448699408556,0.0002651735780228246
2020-04-15 15:45:00,2200.356307792822,0.00025374906222520643
2020-04-15 15:46:00,2199.8864123023263,0.00023743288552641845
2020-04-15 15:47:00,2199.972500310624,0.0002376228230375504
2020-04-15 15:48:00,2199.887403136958,0.0002538146786052373
2020-04-15 15:49:00,2199.9331424616944,0.0002413960287888675
2020-04-15 15:50:00,2200.3141222635563,0.0002466822440613638
2020-04-15 15:51:00,2200.7185042584824,0.00025338849067038004
2020-04-15 15:52:00,2200.798773291733,0.0002560712340628432
2020-04-15 15:53:00,2201.190703351469,0.00024804273318930606
2020-04-15 15:54:00,2201.254519393122,0.00025172501251016327
2020-04-15 15:55:00,2200.0467738989187,0.0002731132752594128
2020-04-15 15:56:00,2199.106928428473,0.00029849092747527453
2020-04-15 15:57:00,2199.963478722107,0.00030938860082016485
2020-04-15 15:58:00,2199.5371520862877,0.000292146086542883
2020-04-15 15:59:00,2197.8067464964993,0.0002661133635861098
2020-04-15 16:00:00,2197.8572375634326,0.0002747571795879312
2020-04-15 16:01:00,2197.4193894001155,0.00026685337037762977
2020-04-15 16:02:00,2197.1589309567953,0.000261759781319971
2020-04-15 16:03:00,2198.3225720457453,0.00026412462238429966
2020-04-15 16:04:00,2198.481884839502,0.00025668114601153135
2020-04-15 16:05:00,2198.958114074324,0.00026102671223625324
2020-04-15 16:06:00,2197.829151981896,0.00023936565103418496
2020-04-15 16:07:00,2198.1663319775143,0.00022295679661256604
2020-04-15 16:08:00,2197.893682035167,0.0002205826271554161
2020-04-15 16:09:00,2198.933943720357,0.00023039842087661848
2020-04-15 16:10:00,2198.9988358006945,0.0002183013883157582
2020-04-15 16:11:00,2198.669208900389,0.0002183766327413785
2020-04-15 16:12:00,2198.164142291278,0.00021890210402665796
2020-04-15 16:13:00,2198.5834360156746,0.00022566846046317965
2020-04-15 16:14:00,2198.348738724687,0.0002276722419667314
2020-04-15 16:15:00,2197.7810237388117,0.00024077385421305625
2020-04-15 16:16:00,2198.052231546444,0.00023098699314174246
2020-04-15 16:17:00,2197.865862560988,0.0002300775020587429
2020-04-15 16:18:00,2197.5082910346796,0.00023381752964113533
2020-04-15 16:19:00,2197.215197174279,0.0002453040286959145
2020-04-15 16:20:00,2196.404505813038,0.00024131965308387519
2020-04-15 16:21:00,2195.5160692813724,0.0002493010580904219
2020-04-15 16:22:00,2196.06145186728,0.00023784490708358876
2020-04-15 16:23:00,2195.9192920157666,0.0002424237232812674
2020-04-15 16:24:00,2195.4122214652343,0.00024209400673356717
2020-04-15 16:25:00,2195.4038612124527,0.00023348037508357853
2020-04-15 16:26:00,2195.1420771594308,0.00023997941999218442
2020-04-15 16:27:00,2194.9719708643083,0.00024461212291291694
2020-04-15 16:28:00,2194.8547766378224,0.00023463837201607353
2020-04-15 16:29:00,2194.9703973223923,0.00023142057526406626
2020-04-15 16:30:00,2194.9686637398563,0.00022164201894647615
2020-04-15 16:31:00,2194.6941219091923,0.00021583222794670324
2020-04-15 16:32:00,2195.3075321085166,0.00022318129784984535
2020-04-15 16:33:00,2195.3559642988666,0.0002223246217807493
2020-04-15 16:34:00,2194.7768227970582,0.00023155840858194379
2020-04-15 16:35:00,2195.0627208131764,0.0002328330836842242
2020-04-15 16:36:00,2194.951666256133,0.00023688736494487458
2020-04-15 16:37:00,2195.1480655233645,0.0002269298029280864
2020-04-15 16:38:00,2194.6505554246874,0.0002073090526083486
2020-04-15 16:39:00,2193.84732912078,0.0002187001721740761
2020-04-15 16:40:00,2193.208216715161,0.00020926279076116718
2020-04-15 16:41:00,2193.0821081608965,0.00020598470532935637
2020-04-15 16:42:00,2193.674913367773,0.00021442860105459473
2020-04-15 16:43:00,2193.5551490747366,0.0002097315462715964
2020-04-15 16:44:00,2194.1271022826513,0.00021403480715061294
2020-04-15 16:45:00,2193.485795742868,0.00022037015951806315
2020-04-15 16:46:00,2193.503693648375,0.00020988307607983778
2020-04-15 16:47:00,2193.515701666099,0.0002010506686175824
2020-04-15 16:48:00,2193.7895186542883,0.0001986637380032922
2020-04-15 16:49:00,2193.547698793817,0.00019316248680758324
2020-04-15 16:50:00,2193.2628264917194,0.0001865511675741645
2020-04-15 16:51:00,2193.537004511841,0.00019802663027530506
2020-04-15 16:52:00,2193.008195718656,0.00018905934573569126
2020-04-15 16:53:00,2192.7367152388174,0.00018688053738936396
2020-04-15 16:54:00,2192.9198219704326,0.0001949505371788127
2020-04-15 16:55:00,2192.5010392177405,0.00018641518292288436
2020-04-15 16:56:00,2192.5406407750484,0.00018018767601704803
2020-04-15 16:57:00,2192.3809472374774,0.0001988935048991891
2020-04-15 16:58:00,2192.3811017004637,0.0002017489761574923
2020-04-15 16:59:00,2192.0044249563953,0.00019886601167253638
2020-04-15 17:00:00,2192.3605059054707,0.00020479848252377656
2020-04-15 17:01:00,2192.1581778155987,0.0001913874443764884
2020-04-15 17:02:00,2191.3000878632206,0.00018874599619764823
2020-04-15 17:03:00,2191.6315715266687,0.00018830784774666407
2020-04-15 17:04:00,2191.666286202642,0.00019476926317506666
2020-04-15 17:05:00,2191.79526740083,0.0001956870448451763
2020-04-15 17:06:00,2191.7544802426437,0.0001920089607462414
2020-04-15 17:07:00,2191.7806591726,0.00018646433568466015
2020-04-15 17:08:00,2191.3114770401876,0.00018301585121988619
2020-04-15 17:09:00,2191.4276531285195,0.00017861199678082933
2020-04-15 17:10:00,2191.4236082388647,0.00018414736525032828
2020-04-15 17:11:00,2191.3138024982704,0.00018714573010871556
2020-04-15 17:12:00,2190.675754986236,0.00018020461076877385
2020-04-15 17:13:00,2190.3700325161344,0.00017979240732170421
2020-04-15 17:14:00,2190.0564265851444,0.00018309406584087842
2020-04-15 17:15:00,2189.8387516152607,0.0001783658518318316
2020-04-15 17:16:00,2189.257859776314,0.00016748616339796137
2020-04-15 17:17:00,2188.714726388582,0.0001699194486454245
2020-04-15 17:18:00,2189.1938768507416,0.00016987138532351242
2020-04-15 17:19:00,2189.3075281874508,0.00017350720497996813
2020-04-15 17:20:00,2189.196081549808,0.00016947920045576816
2020-04-15 17:21:00,2189.2067644646077,0.00017455659138995993
2020-04-15 17:22:00,2189.418239588753,0.00015495737371979066
2020-04-15 17:23:00,2188.9866033491726,0.00016226643922383622
2020-04-15 17:24:00,2188.794689953074,0.000166188300105909
2020-04-15 17:25:00,2188.702034024924,0.00017802679202516205
2020-04-15 17:26:00,2188.131224270023,0.00018772715119214425
2020-04-15 17:27:00,2187.970389214656,0.00019455712188398152
2020-04-15 17:28:00,2187.8220435918433,0.00018967924087589497
2020-04-15 17:29:00,2188.2249067809867,0.00017778225052815413
2020-04-15 17:30:00,2188.1010313178353,0.00017277041320006397
2020-04-15 17:31:00,2188.8142354888646,0.00017334482052567293
2020-04-15 17:32:00,2189.3857626942163,0.0001815381785788821
2020-04-15 17:33:00,2189.375476193043,0.00018033724765206585
2020-04-15 17:34:00,2188.8677999352653,0.0001885120560424931
2020-04-15 17:35:00,2188.4816434371764,0.00019305877406151488
2020-04-15 17:36:00,2188.392735414845,0.00019194908537848747
2020-04-15 17:37:00,2188.158899196877,0.00018864358262894333
2020-04-15 17:38:00,2188.438478963139,0.0001862464545771728
2020-04-15 17:39:00,2187.8351059232723,0.0001873212859166324
2020-04-15 17:40:00,2188.312907168976,0.00018603562666710133
2020-04-15 17:41:00,2187.6555714954675,0.00019037018269072082
2020-04-15 17:42:00,2187.295009475337,0.000188918346530739
2020-04-15 17:43:00,2187.03594352895,0.0001911280879063436
2020-04-15 17:44:00,2187.032642218341,0.0001787406907328132
2020-04-15 17:45:00,2186.6953649628313,0.00018513449968896826
2020-04-15 17:46:00,2186.608197255999,0.0001865641614683668
2020-04-15 17:47:00,2186.3203577541285,0.00017663598822141937
2020-04-15 17:48:00,2186.9209144227884,0.00017850425156997816
2020-04-15 17:49:00,2186.72096001649,0.0001771809037823808
2020-04-15 17:50:00,2186.043947306114,0.00018154651980812204
2020-04-15 17:51:00,2187.073851513934,0.00018451050228566728
2020-04-15 17:52:00,2186.829241843685,0.0001857756901996925
2020-04-15 17:53:00,2186.6772901783906,0.00019319584169733798
2020-04-15 17:54:00,2186.3602667515693,0.00018715606091294803
2020-04-15 17:55:00,2185.761810135902,0.00019499513567310727
2020-04-15 17:56:00,2185.5731624151827,0.00019869819748806456
2020-04-15 17:57:00,2185.4449060511615,0.00020303617990898755
2020-04-15 17:58:00,2185.870580673986,0.0002073584985138195
2020-04-15 17:59:00,2186.0929369821233,0.0002054436494678868
2020-04-15 18:00:00,2186.040475790182,0.00020816182940366787
2020-04-15 18:01:00,2186.014102918546,0.00019609559479826603
2020-04-15 18:02:00,2185.583212451008,0.000183590130784918
2020-04-15 18:03:00,2184.907829895723,0.00017862727332796868
2020-04-15 18:04:00,2184.723369536404,0.00017298395274215858
2020-04-15 18:05:00,2185.0547813306484,0.00016741411599308046
2020-04-15 18:06:00,2185.044383126332,0.00016850318289393234
2020-04-15 18:07:00,2185.2341787094133,0.00016534007195692508
2020-04-15 18:08:00,2185.656894482056,0.00017726697057065407
2020-04-15 18:09:00,2185.5023619062795,0.00018181537018069558
2020-04-15 18:10:00,2185.621216241751,0.00017073313434034615
2020-04-15 18:11:00,2185.154473997591,0.00016575763566973334
2020-04-15 18:12:00,2185.2014729127386,0.00017645314390498894
2020-04-15 18:13:00,2185.279468828388,0.00017204169254298772
2020-04-15 18:14:00,2184.5306812707813,0.00017467701221262578
2020-04-15 18:15:00,2184.4489570517812,0.00016912302198295447
2020-04-15 18:16:00,2184.2031000298216,0.00017199314950915127
2020-04-15 18:17:00,2184.2180610402825,0.00016649549329879844
2020-04-15 18:18:00,2183.909586259129,0.0001694186609275748
2020-04-15 18:19:00,2183.7747354615685,0.00016905776704922158
2020-04-15 18:20:00,2183.9282432380714,0.0001794043571846108
2020-04-15 18:21:00,2184.548473808574,0.0001907881445502909
2020-04-15 18:22:00,2185.0728865643196,0.00019630417347843188
2020-04-15 18:23:00,2185.199936204404,0.00019775892873310106
2020-04-15 18:24:00,2184.997265545246,0.00018557416818086375
2020-04-15 18:25:00,2185.3228551692036,0.00018104660328395721
2020-04-15 18:26:00,2184.914465312252,0.00018068746864155047
2020-04-15 18:27:00,2184.5535535693857,0.00016889409752357038
2020-04-15 18:28:00,2184.6931396278596,0.00017842249844255212
2020-04-15 18:29:00,2185.200286126646,0.0001836764768552726
2020-04-15 18:30:00,2185.1608119014036,0.000186762535853295
2020-04-15 18:31:00,2185.2746003642947,0.00018640425094140523
2020-04-15 18:32:00,2184.292961413691,0.0001931165713480375
2020-04-15 18:33:00,2184.3766264797005,0.00019086812599814233
2020-04-15 18:34:00,2183.7766791697713,0.00019076332435623544
2020-04-15 18:35:00,2183.622228152328,0.00020895624251832844
2020-04-15 18:36:00,2184.2921740323677,0.00020842411796390643
2020-04-15 18:37:00,2184.243998692358,0.00019882682736638668
2020-04-15 18:38:00,2183.715520225597,0.0002073767309991442
2020-04-15 18:39:00,2183.523065002541,0.0001827583583898366
2020-04-15 18:40:00,2183.0495572164727,0.0001866960216900667
2020-04-15 18:41:00,2183.465146752841,0.00020111274556621012
2020-04-15 18:42:00,2183.3908638878856,0.0001960410787842361
2020-04-15 18:43:00,2183.3293327861,0.00018517618805132435
2020-04-15 18:44:00,2184.1376764386955,0.00017802138070531362
2020-04-15 18:45:00,2183.673221882682,0.00016542186389551162
2020-04-15 18:46:00,2183.3674259930026,0.00016563903504174208
2020-04-15 18:47:00,2183.6978317535572,0.00016871592840649345
2020-04-15 18:48:00,2183.0364034586105,0.0001840324222579992
2020-04-15 18:49:00,2183.0032924547236,0.00018359657942872026
2020-04-15 18:50:00,2182.7533741143,0.00017843018339398404
2020-04-15 18:51:00,2182.4195723583266,0.00016431856283404743
2020-04-15 18:52:00,2182.618221723248,0.00016716308910093443
2020-04-15 18:53:00,2181.927353566144,0.00016578566242461646
2020-04-15 18:54:00,2181.984646384257,0.00017524323582925207
2020-04-15 18:55:00,2181.855110079502,0.00016371403010166408
2020-04-15 18:56:00,2181.49706507925,0.00016042612650680235
2020-04-15 18:57:00,2181.1898279984575,0.00016183733476917046
2020-04-15 18:58:00,2181.427908254928,0.0001544320168251221
2020-04-15 18:59:00,2181.5166451069326,0.00014118933103872636
2020-04-15 19:00:00,2181.308095128271,0.00013571513452780278
2020-04-15 19:01:00,2181.403440958405,0.00013444179543315972
2020-04-15 19:02:00,2181.6505410411523,0.00013253263526709296
2020-04-15 19:03:00,2181.6178828635225,0.00012350048015070267
2020-04-15 19:04:00,2181.8063049811954,0.0001251854607417943
2020-04-15 19:05:00,2181.643188735179,0.00012841940570353485
2020-04-15 19:06:00,2181.7162698165353,0.00013583887193551258
2020-04-15 19:07:00,2181.9089608129675,0.00014250705925744983
2020-04-15 19:08:00,2181.6612545511,0.000140331041971925
2020-04-15 19:09:00,2181.8044710787135,0.00014499496395937618
2020-04-15 19:10:00,2181.51095673889,0.00014160640559198376
2020-04-15 19:11:00,2181.76702211827,0.00013585707706036227
2020-04-15 19:12:00,2181.938338011562,0.00013644192945816148
2020-04-15 19:13:00,2181.5498183715413,0.00013511795941385186
2020-04-15 19:14:00,2181.57077223074,0.00013270174299555632
2020-04-15 19:15:00,2182.049212289187,0.00011956299752359993
2020-04-15 19:16:00,2181.5756949751585,0.00012253747895299527
2020-04-15 19:17:00,2181.4629107425503,0.00011077390425992892
2020-04-15 19:18:00,2181.50982686755,0.00010991305782481006
2020-04-15 19:19:00,2181.610049714958,0.0001138544129697395
2020-04-15 19:20:00,2181.6260076659273,0.00010821845139347564
2020-04-15 19:21:00,2181.5435033397484,0.00010306595027776172
2020-04-15 19:22:00,2181.318221849854,0.0001049052703761093
2020-04-15 19:23:00,2181.58017998559,9.949650587372495e-05
2020-04-15 19:24:00,2181.4184215413575,0.00010303200578959123
2020-04-15 19:25:00,2181.491525595172,9.833136940951324e-05
2020-04-15 19:26:00,2181.6517172909075,9.858948122125817e-05
2020-04-15 19:27:00,2181.8420009068054,0.00010021086460108038
2020-04-15 19:28:00,2181.515250470713,0.00010067317188463264
2020-04-15 19:29:00,2181.369601046448,0.00010098681680331819
2020-04-15 19:30:00,2181.6243441443307,0.00010869598364419254
2020-04-15 19:31:00,2181.529945006251,0.00010497976933232281
2020-04-15 19:32:00,2181.8529441135297,0.00010394484052998465
2020-04-15 19:33:00,2181.6474539082083,0.00010543519148552261
2020-04-15 19:34:00,2181.73884893137,0.00010350851698428085
2020-04-15 19:35:00,2181.7833778467793,0.00010395110717278621
2020-04-15 19:36:00,2181.3737606642235,0.00010471244122839536
2020-04-15 19:37:00,2181.475038123332,0.00010467877429927096
2020-04-15 19:38:00,2181.220122860538,9.558147450724502e-05
2020-04-15 19:39:00,2181.1636889845895,9.516571760884878e-05
2020-04-15 19:40:00,2180.9498472131795,9.572783916361835e-05
2020-04-15 19:41:00,2180.859912613793,9.992921687518323e-05
2020-04-15 19:42:00,2180.739603159031,0.00010241298004077557
2020-04-15 19:43:00,2180.553466080626,0.00010966538229845192
2020-04-15 19:44:00,2180.5576026312565,0.0001142793022425261
2020-04-15 19:45:00,2180.519555069086,0.00010860984702255331
2020-04-15 19:46:00,2179.9908919113227,0.00010804612483491018
2020-04-15 19:47:00,2179.838172541945,0.00010672251185510339
2020-04-15 19:48:00,2179.539218368647,0.00011335158199842545
2020-04-15 19:49:00,2179.3765496323554,0.00012105165232408108
2020-04-15 19:50:00,2179.451136672861,0.000123434718528441
2020-04-15 19:51:00,2179.2739233481725,0.00011974257077207204
2020-04-15 19:52:00,2179.375451884483,0.00011688632364065172
2020-04-15 19:53:00,2179.4059546736516,0.0001227592843624331
2020-04-15 19:54:00,2179.393935505136,0.00012291325732046652
2020-04-15 19:55:00,2179.4649335344398,0.00012082930001748986
2020-04-15 19:56:00,2179.7439621655144,0.00012332682621712073
2020-04-15 19:57:00,2179.7456121750406,0.0001277426859062586
2020-04-15 19:58:00,2179.4851920252486,0.00012583435914843228
2020-04-15 19:59:00,2179.1330843760343,0.00013018505673879086
2020-04-16 13:30:00,2259.3263363340566,0.00013224663424296908
2020-04-16 13:31:00,2259.533899327021,0.00013970017803916754
2020-04-16 13:32:00,2259.7578524818427,0.0001437001423552959
2020-04-16 13:33:00,2259.449425926685,0.00014717484175293013
2020-04-16 13:34:00,2259.022215533638,0.00015054691711676206
2020-04-16 13:35:00,2259.211665848767,0.0001474370160279212
2020-04-16 13:36:00,2259.1600642015806,0.00014406035830520728
2020-04-16 13:37:00,2259.3303590597393,0.00014139406360971616
2020-04-16 13:38:00,2259.247205307471,0.00014468064133227164
2020-04-16 13:39:00,2259.059655734262,0.00015103671452037487
2020-04-16 13:40:00,2258.612521401434,0.0001509626463719151
2020-04-16 13:41:00,2258.5947512382068,0.00015653833839955985
2020-04-16 13:42:00,2258.623793234981,0.00015707665921441743
2020-04-16 13:43:00,2258.735958935067,0.00014996194405730309
2020-04-16 13:44:00,2258.4080638283945,0.0001538434116498807
2020-04-16 13:45:00,2257.9175186195494,0.00015418760365547865
2020-04-16 13:46:00,2258.450269685974,0.00014102498143884934
2020-04-16 13:47:00,2258.8809615033024,0.00014372892016116195
2020-04-16 13:48:00,2258.602952063517,0.00013876405072253128
2020-04-16 13:49:00,2258.2059282472314,0.00014569785073033129
2020-04-16 13:50:00,2258.173034272733,0.0001503698524949322
2020-04-16 13:51:00,2258.0102229069907,0.0001541630666862144
2020-04-16 13:52:00,2258.5642368066947,0.0001636202435157257
2020-04-16 13:53:00,2258.2288889081283,0.00015930303872117692
2020-04-16 13:54:00,2258.700037683979,0.00015035411698612438
2020-04-16 13:55:00,2258.864902167278,0.00015631321213452942
2020-04-16 13:56:00,2258.7738484727824,0.00015970206756916997
2020-04-16 13:57:00,2258.9123476788086,0.00015666836217438393
2020-04-16 13:58:00,2258.894082741181,0.00015006071942072618
2020-04-16 13:59:00,2258.011314771229,0.00015715812701021668
2020-04-16 14:00:00,2258.3377409617283,0.0001608205983361384
2020-04-16 14:01:00,2258.0388888121297,0.00015443460422585428
2020-04-16 14:02:00,2258.015552969308,0.00015694988786805
2020-04-16 14:03:00,2258.1383336367885,0.00016374120988734144
2020-04-16 14:04:00,2258.0198807650627,0.00015402331833140902
2020-04-16 14:05:00,2257.9864212941175,0.0001599079309622885
2020-04-16 14:06:00,2257.9321439264286,0.00015648226063219174
2020-04-16 14:07:00,2257.4136779254295,0.00016380335806144444
2020-04-16 14:08:00,2257.368945377238,0.00016320068193211674
2020-04-16 14:09:00,2257.706766994852,0.0001588243510664876
2020-04-16 14:10:00,2257.0333417359243,0.0001628079225816267
2020-04-16 14:11:00,2256.8135431886762,0.00015992144948762614
2020-04-16 14:12:00,2256.7956557077205,0.00015301135474875567
2020-04-16 14:13:00,2256.224398035413,0.00015149053614792274
2020-04-16 14:14:00,2256.322214463233,0.00014423119097699825
2020-04-16 14:15:00,2256.392160969931,0.00012520504264322102
2020-04-16 14:16:00,2256.01071705376,0.00012275685580226235
2020-04-16 14:17:00,2255.9045750339205,0.00011801057607274314
2020-04-16 14:18:00,2255.660958905676,0.0001275856831953956
2020-04-16 14:19:00,2255.9646902060445,0.00013305833226341714
2020-04-16 14:20:00,2256.0942243218465,0.00012701862530092658
2020-04-16 14:21:00,2256.6975819762306,0.00012309395047066177
2020-04-16 14:22:00,2256.425089552217,0.00011914273729265243
2020-04-16 14:23:00,2256.306792458216,0.00011758147525432772
2020-04-16 14:24:00,2256.4658701166823,0.00011471149988587048
2020-04-16 14:25:00,2256.758424492874,0.00011791982262784794
2020-04-16 14:26:00,2256.445186956141,0.00011772616338900273
2020-04-16 14:27:00,2256.313583179851,0.00011836913875664142
2020-04-16 14:28:00,2256.085595433379,0.00010439523498488751
2020-04-16 14:29:00,2256.0884995911088,0.0001139687087992979
2020-04-16 14:30:00,2256.1948081043834,0.00011581725347133154
2020-04-16 14:31:00,2255.9120237994703,0.00011468905764030727
2020-04-16 14:32:00,2256.056211259605,0.00012257235907476438
2020-04-16 14:33:00,2255.9035297520213,0.0001336544959119799
2020-04-16 14:34:00,2255.887843944708,0.00012869085169600286
2020-04-16 14:35:00,2255.7787938486144,0.00012258960884575887
2020-04-16 14:36:00,2255.8884668854407,0.0001297965828202591
2020-04-16 14:37:00,2255.967925520435,0.00011863780052505202
2020-04-16 14:38:00,2255.8284839855583,0.00011394683751622424
2020-04-16 14:39:00,2255.73301484827,0.00011652340543339842
2020-04-16 14:40:00,2255.5144766741864,0.00011287500455234688
2020-04-16 14:41:00,2255.586445370096,0.00010555044891759599
2020-04-16 14:42:00,2255.052353268818,0.0001015225055354151
2020-04-16 14:43:00,2255.290317274235,9.814539631473057e-05
2020-04-16 14:44:00,2255.4127793781995,0.00010070078116978101
2020-04-16 14:45:00,2255.6192872836523,0.00010061294076722126
2020-04-16 14:46:00,2255.2996822534187,0.00010354102183351796
2020-04-16 14:47:00,2254.7698201743597,0.0001007846965020319
2020-04-16 14:48:00,2255.2589900869807,9.973899344431451e-05
2020-04-16 14:49:00,2254.983955788276,0.00010890827998997818
2020-04-16 14:50:00,2255.049152753537,9.740500749083492e-05
2020-04-16 14:51:00,2255.175382752342,9.15945141924574e-05
2020-04-16 14:52:00,2255.1337453695687,8.699000514682855e-05
2020-04-16 14:53:00,2255.3536589087184,8.488262048077847e-05
2020-04-16 14:54:00,2255.385689949184,8.667552302874139e-05
2020-04-16 14:55:00,2255.1397216903565,8.03140231161016e-05
2020-04-16 14:56:00,2255.148384876866,7.603283304466872e-05
2020-04-16 14:57:00,2255.0933649459535,7.873469969361756e-05
2020-04-16 14:58:00,2255.2175805861775,7.893600423329994e-05
2020-04-16 14:59:00,2255.14318747232,7.948440801250497e-05
2020-04-16 15:00:00,2255.108147056116,8.100829812533568e-05
2020-04-16 15:01:00,2255.1521961032995,8.204104749318459e-05
2020-04-16 15:02:00,2254.96990922506,8.929990804687336e-05
2020-04-16 15:03:00,2254.8903986772793,8.433875181203283e-05
2020-04-16 15:04:00,2254.4051722968106,8.343359245107504e-05
2020-04-16 15:05:00,2254.57549497421,8.119046629426938e-05
2020-04-16 15:06:00,2254.445255258508,8.293225631871368e-05
2020-04-16 15:07:00,2254.3964352669627,8.809089440943961e-05
2020-04-16 15:08:00,2254.0386300328155,8.307584280876516e-05
2020-04-16 15:09:00,2254.2446396318196,8.847837696261182e-05
2020-04-16 15:10:00,2254.51806282076,0.00010126663777844731
2020-04-16 15:11:00,2254.6680589573116,9.44984305092137e-05
2020-04-16 15:12:00,2254.7595245856805,9.155463674177791e-05
2020-04-16 15:13:00,2254.497193982679,9.327404360366998e-05
2020-04-16 15:14:00,2254.3900214503997,8.775599132058863e-05
2020-04-16 15:15:00,2254.4935636056366,8.86201988306857e-05
2020-04-16 15:16:00,2254.401208947891,8.992796708291391e-05
2020-04-16 15:17:00,2254.3467995277883,9.271805013506167e-05
2020-04-16 15:18:00,2254.8725469256465,9.579082766896878e-05
2020-04-16 15:19:00,2254.589777253256,9.631624917706776e-05
2020-04-16 15:20:00,2254.4843990317013,9.916917039203826e-05
2020-04-16 15:21:00,2254.4747864782903,9.849767155426755e-05
2020-04-16 15:22:00,2254.259345461967,0.00010115926345661216
2020-04-16 15:23:00,2254.538762291555,0.00010522472996028848
2020-04-16 15:24:00,2254.747289371093,9.960438310540392e-05
2020-04-16 15:25:00,2254.945978439275,9.788391341585518e-05
2020-04-16 15:26:00,2255.1141401950613,9.47738344358188e-05
2020-04-16 15:27:00,2254.732278805932,8.695032040721385e-05
2020-04-16 15:28:00,2254.670346728416,8.971719843870568e-05
2020-04-16 15:29:00,2254.737805955593,8.493179858643353e-05
2020-04-16 15:30:00,2255.0214840203857,8.431701399793848e-05
2020-04-16 15:31:00,2254.8256542143586,8.83309664499103e-05
2020-04-16 15:32:00,2254.529567927342,9.033870947254893e-05
2020-04-16 15:33:00,2254.3762041739014,9.137710029994423e-05
2020-04-16 15:34:00,2254.636554251252,0.00010170171502501807
2020-04-16 15:35:00,2254.553938410236,9.899550394785629e-05
2020-04-16 15:36:00,2254.300655226186,0.00010287132198005454
2020-04-16 15:37:00,2254.2541574937527,9.775699005884422e-05
2020-04-16 15:38:00,2254.51909371354,0.00010108962933291398
2020-04-16 15:39:00,2254.5722791547264,9.53287944532947e-05
2020-04-16 15:40:00,2254.7358653965675,9.340192892367089e-05
2020-04-16 15:41:00,2254.733572391537,9.620961747484912e-05
2020-04-16 15:42:00,2255.0551807359934,0.00010454415247774555
2020-04-16 15:43:00,2255.450867236455,0.00010525837132945881
2020-04-16 15:44:00,2255.2029917653845,0.00010302928133530361
2020-04-16 15:45:00,2255.126281560132,9.711470859029838e-05
2020-04-16 15:46:00,2254.831600849308,0.00010418779771352798
2020-04-16 15:47:00,2254.749430673163,0.00010466933376373137
2020-04-16 15:48:00,2254.8334636577456,9.806368061101905e-05
2020-04-16 15:49:00,2254.8106308016113,9.348916869355378e-05
2020-04-16 15:50:00,2255.000166405788,9.399646987583822e-05
2020-04-16 15:51:00,2254.8127341646705,8.981404834027084e-05
2020-04-16 15:52:00,2254.544953108674,9.621790292915433e-05
2020-04-16 15:53:00,2254.260352189077,0.00010243178246445142
2020-04-16 15:54:00,2254.349649162226,0.0001038942855284209
2020-04-16 15:55:00,2254.0801285740768,9.861715092037489e-05
2020-04-16 15:56:00,2254.112105449646,9.768673130530138e-05
2020-04-16 15:57:00,2254.10963219375,0.00010200061490064929
2020-04-16 15:58:00,2253.7656996564924,0.00010129941281717062
2020-04-16 15:59:00,2253.323677607759,0.00011116392499376293
2020-04-16 16:00:00,2253.557808291211,0.0001049401336153076
2020-04-16 16:01:00,2253.495558073138,9.369482255051128e-05
2020-04-16 16:02:00,2253.3138748088704,9.917978832652523e-05
2020-04-16 16:03:00,2253.342206057146,9.863779351994268e-05
2020-04-16 16:04:00,2252.9626512977343,9.815758966860793e-05
2020-04-16 16:05:00,2252.680582768493,9.419188074128556e-05
2020-04-16 16:06:00,2252.3442005483557,0.0001013352253833327
2020-04-16 16:07:00,2252.259463797325,9.805396935271503e-05
2020-04-16 16:08:00,2251.9423221586176,9.655859186597593e-05
2020-04-16 16:09:00,2252.1073451647485,9.236316588129942e-05
2020-04-16 16:10:00,2251.973572529624,8.92109954156428e-05
2020-04-16 16:11:00,2251.9568663244336,8.677279699608189e-05
2020-04-16 16:12:00,2251.8530353603082,8.2828153945489e-05
2020-04-16 16:13:00,2251.975760683714,8.472466548337213e-05
2020-04-16 16:14:00,2251.908744612209,8.005693353658263e-05
2020-04-16 16:15:00,2251.987583845694,8.351381799184699e-05
2020-04-16 16:16:00,2251.7334657527126,8.357609879779232e-05
2020-04-16 16:17:00,2251.540983792357,8.218772925006252e-05
2020-04-16 16:18:00,2251.4642107095046,7.795219719386709e-05
2020-04-16 16:19:00,2251.4214028227475,8.083451841311652e-05
2020-04-16 16:20:00,2251.3499823137427,8.41315489712845e-05
2020-04-16 16:21:00,2251.6073107371076,8.090267218687358e-05
2020-04-16 16:22:00,2251.483743807851,8.617164866417816e-05
2020-04-16 16:23:00,2251.544962780266,9.058234282002677e-05
2020-04-16 16:24:00,2251.3344659436602,8.565266659281025e-05
2020-04-16 16:25:00,2251.9102741246647,9.053874077614132e-05
2020-04-16 16:26:00,2251.7619279836163,9.525450105696952e-05
2020-04-16 16:27:00,2252.0932763456663,9.754105504241573e-05
2020-04-16 16:28:00,2251.9276533317143,0.00010617032399566144
2020-04-16 16:29:00,2252.1707047411196,0.0001079763514229333
2020-04-16 16:30:00,2251.6999905738353,0.00011816643712668508
2020-04-16 16:31:00,2251.6644464348797,0.00011259717736041695
2020-04-16 16:32:00,2251.686516113584,0.00010897246511023035
2020-04-16 16:33:00,2251.4931561901726,0.00011099219047559611
2020-04-16 16:34:00,2251.5047264686227,0.0001139601559149635
2020-04-16 16:35:00,2251.400810291829,0.00011413484166336304
2020-04-16 16:36:00,2251.4225426511616,0.00011033407329519323
2020-04-16 16:37:00,2251.421427433767,0.0001078816327209802
2020-04-16 16:38:00,2251.5343365991826,0.00011332967601560818
2020-04-16 16:39:00,2251.596153436824,0.00012326461029889857
2020-04-16 16:40:00,2252.0928810989217,0.00012409604185542556
2020-04-16 16:41:00,2251.9041098767993,0.00012609420122190604
2020-04-16 16:42:00,2251.7621956095995,0.00012200430148402243
2020-04-16 16:43:00,2251.1739755907715,0.00012178041592686058
2020-04-16 16:44:00,2251.1023157581926,0.00012359792504834327
2020-04-16 16:45:00,2251.1416875706454,0.00012680562392383246
2020-04-16 16:46:00,2250.807903240479,0.00011745112038259534
2020-04-16 16:47:00,2250.834533522133,0.00012402558663509114
2020-04-16 16:48:00,2251.0503305804064,0.00013165114574814065
2020-04-16 16:49:00,2251.3327709369623,0.0001361994124064683
2020-04-16 16:50:00,2251.644249815621,0.00013856040538125688
2020-04-16 16:51:00,2251.846549288251,0.00014031180586045213
2020-04-16 16:52:00,2251.9309913958846,0.0001456923179615268
2020-04-16 16:53:00,2251.990492980986,0.00013726081569171298
2020-04-16 16:54:00,2251.7275419133043,0.00013840220043152208
2020-04-16 16:55:00,2251.759283237237,0.00013881590226952172
2020-04-16 16:56:00,2251.7603301596905,0.0001447362625515053
2020-04-16 16:57:00,2251.9141488099467,0.00013212391274897376
2020-04-16 16:58:00,2251.890531935572,0.0001204134287464906
2020-04-16 16:59:00,2251.6972856732586,0.0001245635878510217
2020-04-16 17:00:00,2251.800175320959,0.00012490015193259384
2020-04-16 17:01:00,2251.8142859637564,0.00013566021065968085
2020-04-16 17:02:00,2251.6025276254486,0.00013950882277404266
2020-04-16 17:03:00,2251.8654236389834,0.00013998783865009436
2020-04-16 17:04:00,2251.479630022219,0.0001350954713020573
2020-04-16 17:05:00,2250.9033942371925,0.00013901318438957236
2020-04-16 17:06:00,2250.8586510844593,0.00013933578959822684
2020-04-16 17:07:00,2250.962236530767,0.0001334317461628597
2020-04-16 17:08:00,2250.977856775236,0.00013149431622260253
2020-04-16 17:09:00,2250.7513966232946,0.00014079484263355957
2020-04-16 17:10:00,2249.9443060791777,0.0001409573697691956
2020-04-16 17:11:00,2249.8751316418675,0.00013857018688530603
2020-04-16 17:12:00,2249.7747505311186,0.00013245595843434073
2020-04-16 17:13:00,2249.5901477327893,0.00013165745968882035
2020-04-16 17:14:00,2249.563023843444,0.00014034452287329768
2020-04-16 17:15:00,2249.0747304454753,0.00014233698124584834
2020-04-16 17:16:00,2249.1601261362207,0.00014960886819765637
2020-04-16 17:17:00,2249.3553922828646,0.0001548598480630119
2020-04-16 17:18:00,2249.797249603501,0.0001553263078081921
2020-04-16 17:19:00,2249.8233655284394,0.00014799777239243332
2020-04-16 17:20:00,2250.1839288362726,0.0001467600043976632
2020-04-16 17:21:00,2250.174672078708,0.00014865095115585076
2020-04-16 17:22:00,2250.2637680167636,0.0001461128546301995
2020-04-16 17:23:00,2250.3900059983002,0.00014264071936634089
2020-04-16 17:24:00,2250.447898214471,0.00014575390052089143
2020-04-16 17:25:00,2250.208231783261,0.0001503869692525405
2020-04-16 17:26:00,2249.895616487026,0.00014765073562462505
2020-04-16 17:27:00,2249.763110476716,0.0001455650347111966
2020-04-16 17:28:00,2249.746465394988,0.00014803066061753092
2020-04-16 17:29:00,2250.042944632231,0.00015029423911296736
2020-04-16 17:30:00,2249.4796161657596,0.00014992940953134393
2020-04-16 17:31:00,2249.6010570960443,0.0001582441410590772
2020-04-16 17:32:00,2249.3563685990075,0.0001477681387386382
2020-04-16 17:33:00,2249.367975540067,0.0001402968058321963
2020-04-16 17:34:00,2249.9090019510095,0.00014035754253268718
2020-04-16 17:35:00,2250.2909037553204,0.00013888361401411003
2020-04-16 17:36:00,2250.6522679755385,0.00013352775638139804
2020-04-16 17:37:00,2251.017911502135,0.00012354444459157865
2020-04-16 17:38:00,2250.8571831911872,0.00012209647556470844
2020-04-16 17:39:00,2250.588174883314,0.00012072550942835817
2020-04-16 17:40:00,2250.477107365574,0.0001207114264997263
2020-04-16 17:41:00,2250.6465897643147,0.00011586891970852112
2020-04-16 17:42:00,2250.297988854675,0.00011731307200631582
2020-04-16 17:43:00,2250.775823934623,0.00012032771095252736
2020-04-16 17:44:00,2250.142415151421,0.00012621236525120542
2020-04-16 17:45:00,2250.4204652442827,0.00013524286641505232
2020-04-16 17:46:00,2250.8580860870434,0.00014322328501926608
2020-04-16 17:47:00,2251.067252281584,0.00014430386956095062
2020-04-16 17:48:00,2251.5682380638063,0.00014322288325502118
2020-04-16 17:49:00,2251.4663965498844,0.0001509055278216474
2020-04-16 17:50:00,2251.456387053461,0.00014346416620212462
2020-04-16 17:51:00,2251.829791403956,0.00013892916989213284
2020-04-16 17:52:00,2252.221474007324,0.00013982265441580825
2020-04-16 17:53:00,2251.889858844215,0.00014198286130554685
2020-04-16 17:54:00,2251.9638687038473,0.0001542254131646179
2020-04-16 17:55:00,2251.6710384185917,0.00014535383741196435
2020-04-16 17:56:00,2251.3682289794356,0.0001471062058053033
2020-04-16 17:57:00,2251.854153314256,0.00015749575124851344
2020-04-16 17:58:00,2252.072869453038,0.00016302154691166364
2020-04-16 17:59:00,2252.193073215356,0.0001541824717097469
2020-04-16 18:00:00,2251.592032517067,0.00014647910681560408
2020-04-16 18:01:00,2251.342702873286,0.00014214688404124638
2020-04-16 18:02:00,2251.0943923489845,0.0001399372482965304
2020-04-16 18:03:00,2251.0415322068407,0.0001319458121118002
2020-04-16 18:04:00,2250.849120817719,0.00013509033385851807
2020-04-16 18:05:00,2250.8793305827653,0.0001322528172498098
2020-04-16 18:06:00,2251.1496395619984,0.0001350808620580258
2020-04-16 18:07:00,2251.5003694695833,0.00012443777243477497
2020-04-16 18:08:00,2251.307396977276,0.0001119076006679386
2020-04-16 18:09:00,2251.4335949159454,0.0001108675775182286
2020-04-16 18:10:00,2251.702758152285,0.00011284322332307914
2020-04-16 18:11:00,2252.0177613511796,0.00010593304606272562
2020-04-16 18:12:00,2251.875921166305,0.00010203676683211155
2020-04-16 18:13:00,2251.6891833663963,9.557802580050707e-05
2020-04-16 18:14:00,2251.9926689137446,9.634954817194204e-05
2020-04-16 18:15:00,2252.1591827994216,9.477007725300627e-05
2020-04-16 18:16:00,2252.197345031968,9.413853038662572e-05
2020-04-16 18:17:00,2252.308434776069,9.441396767419765e-05
2020-04-16 18:18:00,2252.4321985066276,8.824486417846333e-05
2020-04-16 18:19:00,2252.6348352877485,8.710494863309201e-05
2020-04-16 18:20:00,2252.5546890659175,8.961754991505981e-05
2020-04-16 18:21:00,2252.553086759319,9.130448354817691e-05
2020-04-16 18:22:00,2252.4666377504927,8.916009762597399e-05
2020-04-16 18:23:00,2252.588910439115,8.724406632531142e-05
2020-04-16 18:24:00,2253.0059221039146,8.815021433064057e-05
2020-04-16 18:25:00,2253.1792840988537,8.616103594327741e-05
2020-04-16 18:26:00,2252.9977534940645,8.713320502494431e-05
2020-04-16 18:27:00,2252.9201354350366,8.878482633945907e-05
2020-04-16 18:28:00,2252.898473512939,9.088339181607834e-05
2020-04-16 18:29:00,2252.608150456426,8.211614581397946e-05
2020-04-16 18:30:00,2252.347744076576,8.297814718631117e-05
2020-04-16 18:31:00,2252.2770395120256,8.219994053924416e-05
2020-04-16 18:32:00,2252.310155068714,7.857452167062507e-05
2020-04-16 18:33:00,2252.208578396395,7.158622878657614e-05
2020-04-16 18:34:00,2252.0704737143697,6.819116517930815e-05
2020-04-16 18:35:00,2251.8918576614515,7.236463173453236e-05
2020-04-16 18:36:00,2252.025397679788,7.176399578979947e-05
2020-04-16 18:37:00,2252.221312649652,6.7931119758254e-05
2020-04-16 18:38:00,2252.192323085131,7.260166172657788e-05
2020-04-16 18:39:00,2252.1817724967236,6.954187898297578e-05
2020-04-16 18:40:00,2252.101160966675,6.590268476245638e-05
2020-04-16 18:41:00,2252.1884635136103,6.535642470548927e-05
2020-04-16 18:42:00,2252.0733102521745,6.500017375895032e-05
2020-04-16 18:43:00,2252.120258530689,7.057408948280553e-05
2020-04-16 18:44:00,2252.3535032693744,6.635025545602935e-05
2020-04-16 18:45:00,2252.297210156201,6.129518902877774e-05
2020-04-16 18:46:00,2252.5248069724375,6.446623320055426e-05
2020-04-16 18:47:00,2252.509951981346,6.741825546378916e-05
2020-04-16 18:48:00,2252.45628688248,6.867128414612227e-05
2020-04-16 18:49:00,2252.3738278798537,6.746695280638907e-05
2020-04-16 18:50:00,2252.5797210637074,7.430683238960396e-05
2020-04-16 18:51:00,2252.5740415007645,7.498713713376901e-05
2020-04-16 18:52:00,2252.3999645298286,7.665379268574339e-05
2020-04-16 18:53:00,2252.409638137682,8.26799624126743e-05
2020-04-16 18:54:00,2252.0377883572983,7.81104254806188e-05
2020-04-16 18:55:00,2251.7845565182743,7.773053187187414e-05
2020-04-16 18:56:00,2251.7058930267303,7.65748786412768e-05
2020-04-16 18:57:00,2251.7322578893445,7.64383597763611e-05
2020-04-16 18:58:00,2251.747442900811,7.512201172324102e-05
2020-04-16 18:59:00,2251.604533172075,6.79398847718545e-05
2020-04-16 19:00:00,2251.693466890322,6.335169433300424e-05
2020-04-16 19:01:00,2251.7700366590525,6.631575907165414e-05
2020-04-16 19:02:00,2252.00055021588,6.692261330623618e-05
2020-04-16 19:03:00,2251.557211250069,6.763003124971709e-05
2020-04-16 19:04:00,2251.207621813363,7.089703459532446e-05
2020-04-16 19:05:00,2251.027112109836,7.581917534270538e-05
2020-04-16 19:06:00,2251.016142652553,7.847092329981628e-05
2020-04-16 19:07:00,2251.1646405072997,7.779018001542905e-05
2020-04-16 19:08:00,2251.1344035176417,7.701474937262883e-05
2020-04-16 19:09:00,2251.219154867585,7.473971476708552e-05
2020-04-16 19:10:00,2251.14175812409,7.594705869554138e-05
2020-04-16 19:11:00,2251.1121813224872,7.77977740020266e-05
2020-04-16 19:12:00,2251.3112230587208,7.327825303357333e-05
2020-04-16 19:13:00,2251.51264612146,7.201489527601925e-05
2020-04-16 19:14:00,2251.478249941032,7.534403524282151e-05
2020-04-16 19:15:00,2251.6504530519715,7.834273718077182e-05
2020-04-16 19:16:00,2251.4783799627417,7.732500753235497e-05
2020-04-16 19:17:00,2251.165618022923,8.052957886298549e-05
2020-04-16 19:18:00,2250.9376929289965,8.320237473299119e-05
2020-04-16 19:19:00,2251.1134033318317,8.619855478029849e-05
2020-04-16 19:20:00,2251.0301176180374,8.434122570055644e-05
2020-04-16 19:21:00,2250.9935953070953,8.941743146003498e-05
2020-04-16 19:22:00,2250.9181424350686,8.606641310265373e-05
2020-04-16 19:23:00,2250.567189333479,8.863215057015181e-05
2020-04-16 19:24:00,2250.5433306429813,9.879489056067433e-05
2020-04-16 19:25:00,2250.3353024685957,0.00010423828080571898
2020-04-16 19:26:00,2250.042822214282,9.770938189278707e-05
2020-04-16 19:27:00,2249.8387601746367,9.206293223769245e-05
2020-04-16 19:28:00,2250.0166931655062,8.437326513908929e-05
2020-04-16 19:29:00,2249.8969335327033,9.015075064031795e-05
2020-04-16 19:30:00,2249.715365631937,8.619113801880353e-05
2020-04-16 19:31:00,2249.742358697836,9.026191968837661e-05
2020-04-16 19:32:00,2249.756488834243,9.043884688005188e-05
2020-04-16 19:33:00,2249.432867539639,8.379168095119318e-05
2020-04-16 19:34:00,2249.450272531556,7.854162929760893e-05
2020-04-16 19:35:00,2249.634793366844,8.150293687395161e-05
2020-04-16 19:36:00,2249.624259278514,8.187168602315633e-05
2020-04-16 19:37:00,2249.5981904422374,8.350808602951053e-05
2020-04-16 19:38:00,2249.5507676832335,7.790248840290601e-05
2020-04-16 19:39:00,2249.69227397647,8.379241418643385e-05
2020-04-16 19:40:00,2249.88294846204,8.212294122916138e-05
2020-04-16 19:41:00,2249.813865654537,7.770300486649724e-05
2020-04-16 19:42:00,2249.3274350500146,7.343521929702473e-05
2020-04-16 19:43:00,2249.3414983232715,7.251327856503274e-05
2020-04-16 19:44:00,2249.202426440942,7.062162310910019e-05
2020-04-16 19:45:00,2249.2940512453233,7.164326077349841e-05
2020-04-16 19:46:00,2248.953529520783,7.525909992731644e-05
2020-04-16 19:47:00,2248.9174238429705,7.706377753024409e-05
2020-04-16 19:48:00,2248.706695757104,7.62442552079159e-05
2020-04-16 19:49:00,2248.829391255492,7.663505700463489e-05
2020-04-16 19:50:00,2248.835119588284,7.152652719521888e-05
2020-04-16 19:51:00,2248.4108330192557,7.246639253715223e-05
2020-04-16 19:52:00,2248.5626785515838,7.302965631739699e-05
2020-04-16 19:53:00,2248.451227533543,7.443251834771093e-05
2020-04-16 19:54:00,2248.297802726697,7.312946543753766e-05
2020-04-16 19:55:00,2248.1701906939884,7.53111762588987e-05
2020-04-16 19:56:00,2247.799799942929,8.229599484743602e-05
2020-04-16 19:57:00,2247.507502638465,8.752603329931512e-05
2020-04-16 19:58:00,2247.21521772745,9.252984263868509e-05
2020-04-16 19:59:00,2247.228140055297,0.0001020101528962392
2020-04-17 13:30:00,2258.5131488741185,0.00010384121094410432
2020-04-17 13:31:00,2258.4529890075573,0.00010429236280411899
2020-04-17 13:32:00,2258.3782914560024,0.00010462187230236119
2020-04-17 13:33:00,2258.0036227102883,0.0001087235616320514
2020-04-17 13:34:00,2257.9329390490702,0.00011560596131593597
2020-04-17 13:35:00,2258.1133851436666,0.00011190122580071151
2020-04-17 13:36:00,2257.977011263423,0.00011548570193982248
2020-04-17 13:37:00,2258.0749006676306,0.00011131271985252733
2020-04-17 13:38:00,2258.049313672241,0.00011473794782889394
2020-04-17 13:39:00,2257.3886365922476,0.00011626585159823445
2020-04-17 13:40:00,2256.7562680098513,0.00011672635950366018
2020-04-17 13:41:00,2256.5489947665055,0.0001133968042784314
2020-04-17 13:42:00,2256.6286462804696,0.00011356385768281294
2020-04-17 13:43:00,2256.744647741257,0.00010995711422755014
2020-04-17 13:44:00,2256.480079841709,9.734903400937181e-05
2020-04-17 13:45:00,2256.53592331496,0.00010029518981159975
2020-04-17 13:46:00,2256.5643967033275,9.831061204938497e-05
2020-04-17 13:47:00,2256.1340446427625,0.00010234404134628732
2020-04-17 13:48:00,2255.9934357835114,0.00010081487196159662
2020-04-17 13:49:00,2256.1486374696387,0.00010039403220052111
2020-04-17 13:50:00,2255.81394365687,9.350151698715239e-05
2020-04-17 13:51:00,2255.3955075248928,9.589906928720469e-05
2020-04-17 13:52:00,2255.0632817364076,9.654480888796597e-05
2020-04-17 13:53:00,2255.4205652461237,9.583126019857179e-05
2020-04-17 13:54:00,2255.2458962349156,9.417192387109824e-05
2020-04-17 13:55:00,2255.5702211417965,8.715495077900351e-05
2020-04-17 13:56:00,2255.235903054204,8.494740150441533e-05
2020-04-17 13:57:00,2255.2457614943223,8.849112945965252e-05
2020-04-17 13:58:00,2254.9894777063964,8.912604410218248e-05
2020-04-17 13:59:00,2254.983756020127,9.622478156308387e-05
2020-04-17 14:00:00,2254.7220049551065,9.498352901325467e-05
2020-04-17 14:01:00,2254.895072593984,9.42588098240308e-05
2020-04-17 14:02:00,2254.836532596966,8.947753171759828e-05
2020-04-17 14:03:00,2255.0556652550904,8.775264834198754e-05
2020-04-17 14:04:00,2254.9987659122166,8.740387739125502e-05
2020-04-17 14:05:00,2254.7814470892317,8.837572471176648e-05
2020-04-17 14:06:00,2254.8617444240763,9.689127748693225e-05
2020-04-17 14:07:00,2254.7346730704135,9.075677329552979e-05
2020-04-17 14:08:00,2254.3478555868046,8.757586059675994e-05
2020-04-17 14:09:00,2254.30019518215,8.860401770229407e-05
2020-04-17 14:10:00,2254.2026325479023,8.449274874861299e-05
2020-04-17 14:11:00,2254.0567675311618,7.908647678525358e-05
2020-04-17 14:12:00,2254.197327795797,7.72413110275248e-05
2020-04-17 14:13:00,2254.3099231502097,8.230014120777314e-05
2020-04-17 14:14:00,2254.510700424648,7.63081571898799e-05
2020-04-17 14:15:00,2254.4609622571224,7.443112869714678e-05
2020-04-17 14:16:00,2254.0769743021697,6.686482379201802e-05
2020-04-17 14:17:00,2254.0131463444195,6.552253864996304e-05
2020-04-17 14:18:00,2254.110030198646,6.166161875820992e-05
2020-04-17 14:19:00,2254.0155095383625,6.170298603295429e-05
2020-04-17 14:20:00,2253.8668086740745,6.825686960836491e-05
2020-04-17 14:21:00,2253.892229281184,7.22064025973571e-05
2020-04-17 14:22:00,2253.7142949861823,6.819985620612082e-05
2020-04-17 14:23:00,2253.6708815143,7.185501032777917e-05
2020-04-17 14:24:00,2253.5566844141313,7.222033666924647e-05
2020-04-17 14:25:00,2253.4074179979098,7.338178125526584e-05
2020-04-17 14:26:00,2253.446655582553,7.272906764150544e-05
2020-04-17 14:27:00,2253.3834392466015,7.797022217313982e-05
2020-04-17 14:28:00,2253.23172695244,7.974204451847527e-05
2020-04-17 14:29:00,2253.08711810312,7.44218137493061e-05
2020-04-17 14:30:00,2253.032508639466,7.368353635704865e-05
2020-04-17 14:31:00,2253.1681913114257,7.349705257152557e-05
2020-04-17 14:32:00,2252.953861630402,7.279637294276514e-05
2020-04-17 14:33:00,2252.9171841581892,7.43285973586759e-05
2020-04-17 14:34:00,2252.755912695244,7.859858101287138e-05
2020-04-17 14:35:00,2252.5914249047637,7.186173411449942e-05
2020-04-17 14:36:00,2252.4078126904824,7.387530480383562e-05
2020-04-17 14:37:00,2252.2712515238622,7.949169636878634e-05
2020-04-17 14:38:00,2252.2552067592683,7.313299457874203e-05
2020-04-17 14:39:00,2252.1575431065785,7.038437150154354e-05
2020-04-17 14:40:00,2252.133561560608,7.245732712700645e-05
2020-04-17 14:41:00,2252.0873546095595,7.477521031177779e-05
2020-04-17 14:42:00,2251.9785538692836,7.225294812734271e-05
2020-04-17 14:43:00,2252.027052493602,7.029635272574673e-05
2020-04-17 14:44:00,2251.8434486294695,7.395303692488184e-05
2020-04-17 14:45:00,2251.8037907637245,7.678095222227898e-05
2020-04-17 14:46:00,2251.7782741902165,7.788975991131677e-05
2020-04-17 14:47:00,2251.938316419641,8.196972559714747e-05
2020-04-17 14:48:00,2251.6802539880537,7.900823516115494e-05
2020-04-17 14:49:00,2251.6799774507404,8.492273442708212e-05
2020-04-17 14:50:00,2251.8678474301532,8.070371296290271e-05
2020-04-17 14:51:00,2251.9768915479285,7.902203470888392e-05
2020-04-17 14:52:00,2251.973301291914,8.32816189126237e-05
2020-04-17 14:53:00,2251.771444448042,8.532379069462717e-05
2020-04-17 14:54:00,2251.644062553725,8.842683986755273e-05
2020-04-17 14:55:00,2251.711055400327,8.684269323705159e-05
2020-04-17 14:56:00,2251.75317031303,8.677522494709888e-05
2020-04-17 14:57:00,2252.0989547111667,8.640994550743778e-05
2020-04-17 14:58:00,2252.053242298441,8.859892148937265e-05
2020-04-17 14:59:00,2251.9746051253746,8.753249457342903e-05
2020-04-17 15:00:00,2252.153825105849,7.979377502228112e-05
2020-04-17 15:01:00,2251.8995301061595,7.950884973874825e-05
2020-04-17 15:02:00,2251.993279947871,7.743021438352852e-05
2020-04-17 15:03:00,2251.8618718244875,7.204802426209358e-05
2020-04-17 15:04:00,2251.8574784314173,6.926842042136707e-05
2020-04-17 15:05:00,2251.7534409351088,6.834218810117009e-05
2020-04-17 15:06:00,2251.9999757733813,6.820023250842682e-05
2020-04-17 15:07:00,2252.023835485666,6.817117331361871e-05
2020-04-17 15:08:00,2252.2059579378165,6.424953505606262e-05
2020-04-17 15:09:00,2252.151233610028,6.031039483935875e-05
2020-04-17 15:10:00,2252.1064072742884,5.768808486521339e-05
2020-04-17 15:11:00,2251.627956489642,5.7972931686499604e-05
2020-04-17 15:12:00,2251.4482638710715,6.316959855251637e-05
2020-04-17 15:13:00,2251.3595937922346,6.516935265747782e-05
2020-04-17 15:14:00,2251.243219518271,6.043792930063607e-05
2020-04-17 15:15:00,2251.2737890985027,6.505154428548911e-05
2020-04-17 15:16:00,2251.068613207701,6.0643800969170345e-05
2020-04-17 15:17:00,2251.157127647335,6.063886658359742e-05
2020-04-17 15:18:00,2251.0923960908935,6.524604494885907e-05
2020-04-17 15:19:00,2250.874815012059,6.850013528601911e-05
2020-04-17 15:20:00,2250.9252455952046,6.457002246712542e-05
2020-04-17 15:21:00,2250.951514758413,6.974120923770734e-05
2020-04-17 15:22:00,2250.738729105872,6.97048736722056e-05
2020-04-17 15:23:00,2250.5606531110398,6.819929278912349e-05
2020-04-17 15:24:00,2250.5983821044924,6.75579572733467e-05
2020-04-17 15:25:00,2250.60997748187,6.989802806217723e-05
2020-04-17 15:26:00,2250.520118248817,7.499210373012042e-05
2020-04-17 15:27:00,2250.352392407552,7.329403038530862e-05
2020-04-17 15:28:00,2250.164778551465,7.321929207097406e-05
2020-04-17 15:29:00,2250.098799956647,7.516729548598631e-05
2020-04-17 15:30:00,2250.229326917678,7.330070443274058e-05
2020-04-17 15:31:00,2250.1608976255898,7.443088988316189e-05
2020-04-17 15:32:00,2250.0893430709984,6.769815071011728e-05
2020-04-17 15:33:00,2250.107039502629,6.735322749707777e-05
2020-04-17 15:34:00,2250.1546850575255,6.68324420439455e-05
2020-04-17 15:35:00,2250.3965694909093,7.00669055880772e-05
2020-04-17 15:36:00,2250.365165280487,7.021499905968377e-05
2020-04-17 15:37:00,2250.3354149928377,7.519410250929683e-05
2020-04-17 15:38:00,2250.298233552366,7.385550567045538e-05
2020-04-17 15:39:00,2250.3397107682285,6.933689676322203e-05
2020-04-17 15:40:00,2250.2796956462203,6.86569072953047e-05
2020-04-17 15:41:00,2250.1088742793736,6.749377905599636e-05
2020-04-17 15:42:00,2250.0271758802182,6.65318272311116e-05
2020-04-17 15:43:00,2249.958319917258,6.67267376278689e-05
2020-04-17 15:44:00,2249.7707480081576,6.86333671850491e-05
2020-04-17 15:45:00,2249.5027670261534,7.463767725644328e-05
2020-04-17 15:46:00,2249.4953129896,8.072130106005167e-05
2020-04-17 15:47:00,2249.6603326331838,7.935084817164914e-05
2020-04-17 15:48:00,2249.444367528879,8.420095193397072e-05
2020-04-17 15:49:00,2249.113964618041,8.69226402016916e-05
2020-04-17 15:50:00,2249.1404218022767,8.338061672668523e-05
2020-04-17 15:51:00,2248.659335928429,8.288400440670723e-05
2020-04-17 15:52:00,2248.7644698392146,8.319024406798693e-05
2020-04-17 15:53:00,2248.4905348642515,7.67873338213247e-05
2020-04-17 15:54:00,2248.337829290915,7.479820268155109e-05
2020-04-17 15:55:00,2248.5047765740555,7.242855638731357e-05
2020-04-17 15:56:00,2248.8049048735897,7.262830283356099e-05
2020-04-17 15:57:00,2248.644015191864,6.925555087266029e-05
2020-04-17 15:58:00,2248.636784335338,7.174494666345353e-05
2020-04-17 15:59:00,2248.737937471686,7.514062465795208e-05
2020-04-17 16:00:00,2248.764645214561,7.377828501173304e-05
2020-04-17 16:01:00,2248.599863925121,7.800492933207217e-05
2020-04-17 16:02:00,2248.6581381444157,7.283991653722253e-05
2020-04-17 16:03:00,2248.525719464904,6.758996361031244e-05
2020-04-17 16:04:00,2248.6843181380445,6.5841742379638e-05
2020-04-17 16:05:00,2248.623238829112,6.06801175488048e-05
2020-04-17 16:06:00,2248.474777274138,5.482243420590066e-05
2020-04-17 16:07:00,2248.3434504338884,5.897169741788118e-05
2020-04-17 16:08:00,2248.1402105179086,5.8639637303297495e-05
2020-04-17 16:09:00,2247.851838974731,6.022051932240217e-05
2020-04-17 16:10:00,2247.855615515754,5.934257723754465e-05
2020-04-17 16:11:00,2247.846127438549,6.186891007645136e-05
2020-04-17 16:12:00,2247.9074205889087,6.5964485478257e-05
2020-04-17 16:13:00,2247.9032380675153,6.178794880024553e-05
2020-04-17 16:14:00,2247.6912267612825,6.62307610616109e-05
2020-04-17 16:15:00,2247.6010098997363,6.872847769295505e-05
2020-04-17 16:16:00,2247.700047962015,6.76959100466017e-05
2020-04-17 16:17:00,2247.543743665262,7.095689917619764e-05
2020-04-17 16:18:00,2247.7139335842166,6.617503832747503e-05
2020-04-17 16:19:00,2247.7071784722793,6.830223175563329e-05
2020-04-17 16:20:00,2247.8096453210737,7.185504008414496e-05
2020-04-17 16:21:00,2247.4508634626095,7.395218770618066e-05
2020-04-17 16:22:00,2247.4695658497003,7.970147428059214e-05
2020-04-17 16:23:00,2247.792845477249,8.215022018309608e-05
2020-04-17 16:24:00,2247.7286547624612,8.698090159210589e-05
2020-04-17 16:25:00,2248.083539828304,8.62402839777103e-05
2020-04-17 16:26:00,2248.0999709652447,9.010018734704175e-05
2020-04-17 16:27:00,2247.908035950422,8.874792865940718e-05
2020-04-17 16:28:00,2248.3008509380957,8.782545528417712e-05
2020-04-17 16:29:00,2248.052197297938,8.25964627099289e-05
2020-04-17 16:30:00,2247.9718428702013,8.04427327553725e-05
2020-04-17 16:31:00,2247.575594335248,7.478655721794297e-05
2020-04-17 16:32:00,2247.6040775878055,7.803939492059766e-05
2020-04-17 16:33:00,2247.5700942855715,8.444390483309408e-05
2020-04-17 16:34:00,2247.4162565877646,8.706089154155591e-05
2020-04-17 16:35:00,2247.3418083334795,9.509006782226165e-05
2020-04-17 16:36:00,2246.9898468640877,9.594683177253039e-05
2020-04-17 16:37:00,2246.777683920974,8.936240853661504e-05
2020-04-17 16:38:00,2246.7452542143983,9.171063914969487e-05
2020-04-17 16:39:00,2246.638938734893,9.854990063708945e-05
2020-04-17 16:40:00,2246.488197951962,0.00010188793067427405
2020-04-17 16:41:00,2246.8145719784397,9.744617363548238e-05
2020-04-17 16:42:00,2246.6663725472886,8.894383957742908e-05
2020-04-17 16:43:00,2246.656760809504,8.753328540619238e-05
2020-04-17 16:44:00,2246.695046588554,8.976307414213112e-05
2020-04-17 16:45:00,2246.272768816412,8.98741585045475e-05
2020-04-17 16:46:00,2246.497938011006,8.987483161066037e-05
2020-04-17 16:47:00,2246.4800195547496,8.890170039328925e-05
2020-04-17 16:48:00,2246.4100632502177,8.866068232284454e-05
2020-04-17 16:49:00,2246.5303916614503,8.435842905194672e-05
2020-04-17 16:50:00,2246.5937772936268,8.920766394066752e-05
2020-04-17 16:51:00,2246.5939965093603,8.784396558822866e-05
2020-04-17 16:52:00,2246.6587228628346,8.360420575384234e-05
2020-04-17 16:53:00,2246.3808018380964,8.532311441249353e-05
2020-04-17 16:54:00,2246.2505416081417,8.060106905791696e-05
2020-04-17 16:55:00,2246.097009121538,8.698036410487373e-05
2020-04-17 16:56:00,2246.4521538716763,9.084619000085499e-05
2020-04-17 16:57:00,2246.5087365598224,9.216467315905967e-05
2020-04-17 16:58:00,2246.9280191705625,9.504603879547521e-05
2020-04-17 16:59:00,2246.9225175000934,9.055382879683949e-05
2020-04-17 17:00:00,2246.66504885748,9.604521738712934e-05
2020-04-17 17:01:00,2246.5820554914576,0.00010805123450653749
2020-04-17 17:02:00,2246.3387978890114,0.00010234271672381856
2020-04-17 17:03:00,2246.1101862213063,0.00010455323066097399
2020-04-17 17:04:00,2246.003710893416,0.0001005088547072836
2020-04-17 17:05:00,2245.6806009233337,0.00010805143078985397
2020-04-17 17:06:00,2245.681128684364,0.00010903504075910108
2020-04-17 17:07:00,2245.5183340663807,0.00010806115022509977
2020-04-17 17:08:00,2245.7048554352477,0.00010892444240570745
2020-04-17 17:09:00,2245.5804633895204,0.00010990539258923715
2020-04-17 17:10:00,2245.6694686004225,0.00010730473096783722
2020-04-17 17:11:00,2245.000932441654,0.00010165258502393284
2020-04-17 17:12:00,2245.103852595677,0.00010156976915183332
2020-04-17 17:13:00,2245.188522755921,0.00010568305038512904
2020-04-17 17:14:00,2244.9049958979294,0.00010497752867385055
2020-04-17 17:15:00,2244.787438830292,0.00010573567601075617
2020-04-17 17:16:00,2244.726847352781,0.00011045678626105008
2020-04-17 17:17:00,2244.8050494298527,0.00011826467009302648
2020-04-17 17:18:00,2244.909266773955,0.00011433744754031432
2020-04-17 17:19:00,2244.970223273606,0.00011662879741317139
2020-04-17 17:20:00,2245.1105007488377,0.00011835085118699482
2020-04-17 17:21:00,2245.3495946969224,0.0001238075971922251
2020-04-17 17:22:00,2245.554265724817,0.00012466917243996486
2020-04-17 17:23:00,2245.465405347098,0.00012518438419031422
2020-04-17 17:24:00,2246.1413195245,0.00013363602024887242
2020-04-17 17:25:00,2245.9734350182803,0.00014096019284941372
2020-04-17 17:26:00,2245.758004720441,0.00013937868713388086
2020-04-17 17:27:00,2245.5670982482634,0.0001499651193485431
2020-04-17 17:28:00,2245.7053232413928,0.00014464779111798788
2020-04-17 17:29:00,2245.825199064966,0.00013480638127802197
2020-04-17 17:30:00,2245.543701525586,0.0001399986963580475
2020-04-17 17:31:00,2244.9103712693122,0.0001313992421730652
2020-04-17 17:32:00,2245.0384388407715,0.00013338877558358834
2020-04-17 17:33:00,2245.124238503906,0.0001265212681422846
2020-04-17 17:34:00,2245.0907493341715,0.00012992348143569916
2020-04-17 17:35:00,2244.5724193879073,0.00013405435897295015
2020-04-17 17:36:00,2245.0373407347392,0.00013673083886967693
2020-04-17 17:37:00,2244.361724142197,0.00013364161445421035
2020-04-17 17:38:00,2244.1908191255156,0.00014825443102669224
2020-04-17 17:39:00,2243.8483425145314,0.0001575565526437048
2020-04-17 17:40:00,2243.5933110995575,0.00015143791412267822
2020-04-17 17:41:00,2243.723908222115,0.00014505991939145883
2020-04-17 17:42:00,2243.267258889448,0.00014740449152039964
2020-04-17 17:43:00,2242.7885740194242,0.00014866566623358558
2020-04-17 17:44:00,2242.9031548875596,0.00014901453067689416
2020-04-17 17:45:00,2243.3802603460963,0.0001541117295627016
2020-04-17 17:46:00,2242.731298252717,0.00014770807613430465
2020-04-17 17:47:00,2242.858348142638,0.00015631761003156254
2020-04-17 17:48:00,2242.178578936044,0.00016625499622968708
2020-04-17 17:49:00,2241.7622639507576,0.00015688444439662867
2020-04-17 17:50:00,2241.7299480289116,0.00015834853100983842
2020-04-17 17:51:00,2241.7193951810937,0.00015289167114015587
2020-04-17 17:52:00,2241.449946949091,0.00014738316664323448
2020-04-17 17:53:00,2242.0288854895007,0.0001507649122599497
2020-04-17 17:54:00,2241.72467482544,0.00016351165168448844
2020-04-17 17:55:00,2241.9225986005986,0.00015988604154797915
2020-04-17 17:56:00,2241.528602509742,0.000164718715485888
2020-04-17 17:57:00,2241.0975807523027,0.00016221994575551626
2020-04-17 17:58:00,2240.554834462168,0.0001656815130546577
2020-04-17 17:59:00,2240.3851579908314,0.00015949162099527676
2020-04-17 18:00:00,2239.9394697845164,0.00016616727641672956
2020-04-17 18:01:00,2240.4336970456334,0.00016244389286162414
2020-04-17 18:02:00,2240.484374506824,0.00015823530489680516
2020-04-17 18:03:00,2240.4933505209196,0.00014819911830345873
2020-04-17 18:04:00,2240.5946580171435,0.00014271354237544869
2020-04-17 18:05:00,2240.1948361832765,0.000146220590451289
2020-04-17 18:06:00,2240.7016565931735,0.00016319322780850853
2020-04-17 18:07:00,2240.3354312649058,0.0001444835264936478
2020-04-17 18:08:00,2240.085725014416,0.0001450039908707926
2020-04-17 18:09:00,2240.3103426938424,0.00016131777743680828
2020-04-17 18:10:00,2240.535893902457,0.00016088390861694537
2020-04-17 18:11:00,2240.11483176459,0.00015559271297757953
2020-04-17 18:12:00,2239.6420419460687,0.00016206376750640958
2020-04-17 18:13:00,2239.3312174142766,0.00016776263769004688
2020-04-17 18:14:00,2239.476279806607,0.00016981163460555684
2020-04-17 18:15:00,2238.9460515182577,0.00017077687907137175
2020-04-17 18:16:00,2238.949996546822,0.0001843827513310522
2020-04-17 18:17:00,2238.8644251552882,0.0001968659007115208
2020-04-17 18:18:00,2239.4358374989647,0.00018127936580253866
2020-04-17 18:19:00,2239.633884256118,0.00018643181814948417
2020-04-17 18:20:00,2240.228285202146,0.000184408885533162
2020-04-17 18:21:00,2239.974321272537,0.00019421021051247805
2020-04-17 18:22:00,2239.0441955663155,0.0001812797843143355
2020-04-17 18:23:00,2239.2580680993074,0.00018133407510331588
2020-04-17 18:24:00,2239.200715145749,0.00018218418033498601
2020-04-17 18:25:00,2238.6171047570433,0.00018811437709354153
2020-04-17 18:26:00,2239.1446924514903,0.00020053704546528581
2020-04-17 18:27:00,2238.543820514924,0.00020456158609971842
2020-04-17 18:28:00,2238.0336205882754,0.0002101228621175585
2020-04-17 18:29:00,2237.9338677664746,0.0001959621952111534
2020-04-17 18:30:00,2237.8109851355152,0.00020483178798907353
2020-04-17 18:31:00,2237.96173949818,0.00019608598625610752
2020-04-17 18:32:00,2238.845372724903,0.000197757158513883
2020-04-17 18:33:00,2238.5142315903076,0.00020735477090538573
2020-04-17 18:34:00,2238.153879477347,0.00019152970619813414
2020-04-17 18:35:00,2238.3264259799157,0.00019693456505770964
2020-04-17 18:36:00,2237.754038595345,0.00019182322160817252
2020-04-17 18:37:00,2238.0865130685447,0.0001983326850137714
2020-04-17 18:38:00,2238.011063732293,0.00018053958468228706
2020-04-17 18:39:00,2238.313049399882,0.0001870060788224994
2020-04-17 18:40:00,2238.655292740159,0.0001907164128876524
2020-04-17 18:41:00,2237.8548876936165,0.00018153147861861807
2020-04-17 18:42:00,2237.473891387506,0.0001884873758535036
2020-04-17 18:43:00,2238.011345391312,0.00017626255991592572
2020-04-17 18:44:00,2237.985836279648,0.00017466082176327308
2020-04-17 18:45:00,2237.499772558116,0.00016829598878343843
2020-04-17 18:46:00,2237.4313685211214,0.00015796434441613447
2020-04-17 18:47:00,2237.716451669836,0.00015302483651187388
2020-04-17 18:48:00,2237.5255173742185,0.000143031246367725
2020-04-17 18:49:00,2237.396691186024,0.00015185723138710536
2020-04-17 18:50:00,2236.942875383944,0.0001556026641414919
2020-04-17 18:51:00,2236.805670196718,0.00016581286260868505
2020-04-17 18:52:00,2236.8070391235597,0.00016220996418955623
2020-04-17 18:53:00,2236.218706907956,0.00016403316474271405
2020-04-17 18:54:00,2236.6751190558343,0.00017189251086255982
2020-04-17 18:55:00,2236.7280802878627,0.00019352252315571998
2020-04-17 18:56:00,2236.276897494091,0.0001774201025974795
2020-04-17 18:57:00,2235.9732841069354,0.00017490440577159138
2020-04-17 18:58:00,2235.9750633977965,0.0001704619900723879
2020-04-17 18:59:00,2236.3411396999713,0.000170379285608608
2020-04-17 19:00:00,2235.9020803709927,0.00016440479305226347
2020-04-17 19:01:00,2235.692135797126,0.00016700589864400816
2020-04-17 19:02:00,2235.432341459094,0.0001757561610803977
2020-04-17 19:03:00,2235.396583420242,0.00016919004883054418
2020-04-17 19:04:00,2235.614312134781,0.00016374470494916722
2020-04-17 19:05:00,2235.8476808764503,0.00016526674155912068
2020-04-17 19:06:00,2235.7557720987056,0.00016616384304650713
2020-04-17 19:07:00,2235.80276389533,0.00016398486749096675
2020-04-17 19:08:00,2235.5968618647967,0.00015883296589777482
2020-04-17 19:09:00,2235.8839535337975,0.00016725213908066347
2020-04-17 19:10:00,2234.996812692037,0.00017187701637913424
2020-04-17 19:11:00,2234.692573877739,0.0001765615254575478
2020-04-17 19:12:00,2235.258002144938,0.00017256237234463943
2020-04-17 19:13:00,2235.09042608566,0.00015995132352755528
2020-04-17 19:14:00,2235.3100940805866,0.00016212139288207923
2020-04-17 19:15:00,2235.4277913318424,0.00016170838478124898
2020-04-17 19:16:00,2235.5748752797813,0.00016276861603720856
2020-04-17 19:17:00,2235.189085398438,0.00017381172394074132
2020-04-17 19:18:00,2235.6520329122745,0.00016253198725965054
2020-04-17 19:19:00,2235.458199530503,0.0001735802857201217
2020-04-17 19:20:00,2234.894496067948,0.00017234763814244036
2020-04-17 19:21:00,2234.293066859022,0.0001751021173893462
2020-04-17 19:22:00,2234.6969672073647,0.0001647561018354148
2020-04-17 19:23:00,2235.5875598816624,0.0001684233104022567
2020-04-17 19:24:00,2235.550854540535,0.00016778702997841068
2020-04-17 19:25:00,2235.7671366997215,0.00017178107924295625
2020-04-17 19:26:00,2235.802589476756,0.00015860014319036216
2020-04-17 19:27:00,2235.3970614864315,0.0001649626856337147
2020-04-17 19:28:00,2236.089355439565,0.00015081752806814938
2020-04-17 19:29:00,2236.4344936001344,0.00014538284806402268
2020-04-17 19:30:00,2236.083097871683,0.0001450486180501434
2020-04-17 19:31:00,2236.620763657209,0.0001421666592732021
2020-04-17 19:32:00,2236.651386688498,0.00015236417203643194
2020-04-17 19:33:00,2236.9863080200066,0.00015304567493700766
2020-04-17 19:34:00,2236.8469327292705,0.00015306281787398718
2020-04-17 19:35:00,2236.494679589304,0.0001452467347933582
2020-04-17 19:36:00,2236.3689422540588,0.00014390358509818005
2020-04-17 19:37:00,2236.391288917265,0.00014504850687013486
2020-04-17 19:38:00,2236.758058255686,0.0001426468256831736
2020-04-17 19:39:00,2236.7442096300038,0.00014720299712443836
2020-04-17 19:40:00,2237.220265822853,0.00014089313697549606
2020-04-17 19:41:00,2237.247053638342,0.00014018711394646072
2020-04-17 19:42:00,2237.5472188561153,0.00014854721718820661
2020-04-17 19:43:00,2237.853436940495,0.00014424522095227152
2020-04-17 19:44:00,2237.6045992958384,0.00014736035750349547
2020-04-17 19:45:00,2237.9005462284345,0.0001463234616705101
2020-04-17 19:46:00,2237.2110459443898,0.00013972815108578206
2020-04-17 19:47:00,2237.5196037357655,0.0001369563550804093
2020-04-17 19:48:00,2237.674223555542,0.00014260196116417965
2020-04-17 19:49:00,2237.7840937718524,0.00014277879184253724
2020-04-17 19:50:00,2237.5274345333564,0.00014327138644266022
2020-04-17 19:51:00,2237.312729701574,0.00014913982434251426
2020-04-17 19:52:00,2236.9083469701786,0.00014835737590498566
2020-04-17 19:53:00,2236.90622024672,0.00015394181708379474
2020-04-17 19:54:00,2236.7207569888483,0.00014453997535527878
2020-04-17 19:55:00,2236.8538820711246,0.00015070044899355024
2020-04-17 19:56:00,2237.358286385402,0.00015431760546347052
2020-04-17 19:57:00,2237.7558822364676,0.00015563342878450648
2020-04-17 19:58:00,2237.3977453130115,0.00015820530859889144
2020-04-17 19:59:00,2237.2154885982677,0.00015250962385986944
2020-04-20 13:30:00,2248.4502164251517,0.00015601752266873248
2020-04-20 13:31:00,2248.3055389768915,0.00016078301782564155
2020-04-20 13:32:00,2248.37420216774,0.00015853188940757786
2020-04-20 13:33:00,2248.8255154328913,0.00015759344442327927
2020-04-20 13:34:00,2249.2084809574044,0.0001646567961406159
2020-04-20 13:35:00,2248.765806121467,0.00017033194236801486
2020-04-20 13:36:00,2248.816313078961,0.00017320851225648324
2020-04-20 13:37:00,2248.6431083009506,0.0001643003403842378
2020-04-20 13:38:00,2247.951524532865,0.00016987966282486827
2020-04-20 13:39:00,2247.8659431532888,0.00016743179707709145
2020-04-20 13:40:00,2247.8085049292927,0.0001602440400615085
2020-04-20 13:41:00,2247.7688277810776,0.0001689054078533177
2020-04-20 13:42:00,2247.5996027577376,0.00016281296800912276
2020-04-20 13:43:00,2247.16568624217,0.00016165599247911874
2020-04-20 13:44:00,2247.5181275190857,0.0001618006156875901
2020-04-20 13:45:00,2247.47494714505,0.0001531692113123662
2020-04-20 13:46:00,2247.1637555350344,0.0001398704915266675
2020-04-20 13:47:00,2247.2981721182327,0.00014153636652540448
2020-04-20 13:48:00,2247.7012531706673,0.00013375506628630253
2020-04-20 13:49:00,2247.193736080196,0.0001333184808541498
2020-04-20 13:50:00,2247.751471575471,0.00012706544691197153
2020-04-20 13:51:00,2247.7650285014115,0.00013128001807851064
2020-04-20 13:52:00,2247.8408436302643,0.00012525942319168993
2020-04-20 13:53:00,2247.5424700095823,0.00013056981135204325
2020-04-20 13:54:00,2247.3950926886446,0.00012596214558099525
2020-04-20 13:55:00,2246.9260242943615,0.00012151398242196026
2020-04-20 13:56:00,2247.4487530343335,0.00011830269203136024
2020-04-20 13:57:00,2247.1520504657783,0.00012214909847370518
2020-04-20 13:58:00,2246.8695548902824,0.00012176333522312929
2020-04-20 13:59:00,2246.3638471998947,0.00012949875505072659
2020-04-20 14:00:00,2246.0004232534125,0.0001226904549099361
2020-04-20 14:01:00,2245.942251901732,0.00012525097380828136
2020-04-20 14:02:00,2246.208779393006,0.0001295794718921354
2020-04-20 14:03:00,2245.9064361030983,0.0001270518058723521
2020-04-20 14:04:00,2245.4069721093833,0.0001248907832784468
2020-04-20 14:05:00,2245.477197970912,0.0001187173542462338
2020-04-20 14:06:00,2245.1684717972676,0.00011897760070056875
2020-04-20 14:07:00,2244.8080233636315,0.0001164729501039571
2020-04-20 14:08:00,2245.0151543367538,0.00011129205260990263
2020-04-20 14:09:00,2245.027335514213,0.00011726771434861558
2020-04-20 14:10:00,2244.999751562986,0.00011902984162664965
2020-04-20 14:11:00,2244.757277939736,0.0001172852164250376
2020-04-20 14:12:00,2244.5746670611616,0.00011352792834894397
2020-04-20 14:13:00,2244.394506091282,0.00011588693716108868
2020-04-20 14:14:00,2244.123657045405,0.0001170154288506123
2020-04-20 14:15:00,2244.0846332445826,0.00011203644411405277
2020-04-20 14:16:00,2244.1427824951,0.00011734507589251117
2020-04-20 14:17:00,2243.9613330146335,0.0001188497802611537
2020-04-20 14:18:00,2244.02664116162,0.00010981811093830929
2020-04-20 14:19:00,2243.969245202119,0.00011474250471000673
2020-04-20 14:20:00,2244.629842609756,0.00012144323289788113
2020-04-20 14:21:00,2244.656465337706,0.00012331209425672803
2020-04-20 14:22:00,2245.074092160233,0.00011906241860669678
2020-04-20 14:23:00,2244.692821430845,0.0001110340188767977
2020-04-20 14:24:00,2244.795104718919,0.00011853699142594013
2020-04-20 14:25:00,2244.9324286239416,0.0001256806816974432
2020-04-20 14:26:00,2245.0391632905994,0.00013093317411592346
2020-04-20 14:27:00,2244.7453690677366,0.00013244833494785522
2020-04-20 14:28:00,2244.201210760394,0.00013563460969835597
2020-04-20 14:29:00,2244.4278480918097,0.0001369309514278912
2020-04-20 14:30:00,2243.692825927731,0.00013494053120588134
2020-04-20 14:31:00,2243.8255877775323,0.00013797266298147434
2020-04-20 14:32:00,2244.088005000559,0.0001294872924616245
2020-04-20 14:33:00,2244.284673157567,0.00012368806914237496
2020-04-20 14:34:00,2244.1047812124593,0.00012487844232886397
2020-04-20 14:35:00,2244.0529848120054,0.00012964325860994084
2020-04-20 14:36:00,2243.9746323649765,0.00012658621038129096
2020-04-20 14:37:00,2244.406716685005,0.0001174162112824822
2020-04-20 14:38:00,2244.3737444840544,0.00011672068108348436
2020-04-20 14:39:00,2244.194903277388,0.00012451615609653752
2020-04-20 14:40:00,2244.025246891478,0.00012160645978357944
2020-04-20 14:41:00,2243.5016981455983,0.00011910983268216279
2020-04-20 14:42:00,2243.0736391952964,0.00012020026232272636
2020-04-20 14:43:00,2243.058210261532,0.00012547885922788615
2020-04-20 14:44:00,2243.4326401782923,0.0001221935035167752
2020-04-20 14:45:00,2243.323596741332,0.00011457289681480494
2020-04-20 14:46:00,2243.436366769766,0.00011371764194643094
2020-04-20 14:47:00,2243.6155726275356,0.00010662308389295275
2020-04-20 14:48:00,2243.1692945478057,0.00010948677063331491
2020-04-20 14:49:00,2243.2720828181527,0.00010275443709563116
2020-04-20 14:50:00,2242.996288591083,0.0001018538667196883
2020-04-20 14:51:00,2242.867484587263,9.978258121940278e-05
2020-04-20 14:52:00,2242.9811852844064,9.730658753043197e-05
2020-04-20 14:53:00,2242.930702676519,0.00010746649121852345
2020-04-20 14:54:00,2243.183812032583,0.00011544571633337869
2020-04-20 14:55:00,2243.679832025414,0.00012150710557603698
2020-04-20 14:56:00,2243.6741368926605,0.0001245552705045094
2020-04-20 14:57:00,2243.6524232366874,0.00013602772897682776
2020-04-20 14:58:00,2243.9795941559114,0.00014675461823408973
2020-04-20 14:59:00,2244.2725164737044,0.00015292421819982236
2020-04-20 15:00:00,2243.420072732929,0.00014795349713610153
2020-04-20 15:01:00,2243.3212169989893,0.00014487939041988904
2020-04-20 15:02:00,2243.74765452286,0.00014252012708486334
2020-04-20 15:03:00,2243.56895229642,0.00013925876526455522
2020-04-20 15:04:00,2243.7480880869703,0.00013923869330409325
2020-04-20 15:05:00,2244.2574900528134,0.0001276403218211599
2020-04-20 15:06:00,2245.027159812105,0.0001238331482838665
2020-04-20 15:07:00,2245.327034955114,0.00011844507516046259
2020-04-20 15:08:00,2245.248050607347,0.00011409280940833295
2020-04-20 15:09:00,2245.2731307947015,0.00011778554959675206
2020-04-20 15:10:00,2245.357275221341,0.0001196260002218104
2020-04-20 15:11:00,2245.3671599020954,0.00011881837031470735
2020-04-20 15:12:00,2245.843005806395,0.00012176137060384686
2020-04-20 15:13:00,2245.385017660232,0.00011792722729744917
2020-04-20 15:14:00,2245.2987968101274,0.00012048544583810122
2020-04-20 15:15:00,2245.038792134169,0.00012084603869113444
2020-04-20 15:16:00,2244.708191130615,0.00011614199741368098
2020-04-20 15:17:00,2244.3632200551665,0.00011691229925267134
2020-04-20 15:18:00,2244.207224849864,0.00011726687119141644
2020-04-20 15:19:00,2244.281229149995,0.00012240672472000217
2020-04-20 15:20:00,2244.022545863975,0.00012173445311436734
2020-04-20 15:21:00,2243.8442635731203,0.0001168250580910212
2020-04-20 15:22:00,2243.6390065596156,0.00011551019596871625
2020-04-20 15:23:00,2243.4855561530217,0.00011350847913601263
2020-04-20 15:24:00,2243.4648193689513,0.00011717247193081415
2020-04-20 15:25:00,2243.85181000667,0.00010991243940836772
2020-04-20 15:26:00,2244.0760891029736,0.00010840196210649478
2020-04-20 15:27:00,2244.1322187777314,0.00011032972035127687
2020-04-20 15:28:00,2244.0472587146737,0.00011347304015319567
2020-04-20 15:29:00,2243.9058652987474,0.00010814649638337355
2020-04-20 15:30:00,2244.0866382653885,0.00010662582564164169
2020-04-20 15:31:00,2244.3544262698283,0.00011286862103213916
2020-04-20 15:32:00,2244.4136707024463,0.00011126039946820224
2020-04-20 15:33:00,2243.8487202663414,0.0001077558377267656
2020-04-20 15:34:00,2243.7796089116364,0.00010816139150921262
2020-04-20 15:35:00,2243.8372427085733,0.00011086365597585293
2020-04-20 15:36:00,2243.9184126000637,0.00011428012275566605
2020-04-20 15:37:00,2243.836913657589,0.00011393589686832752
2020-04-20 15:38:00,2243.9899306959105,0.00011967656064230302
2020-04-20 15:39:00,2244.0855081966656,0.0001187428780565195
2020-04-20 15:40:00,2243.758488261192,0.00012874283561475688
2020-04-20 15:41:00,2244.4268638330864,0.0001246424342825325
2020-04-20 15:42:00,2243.997903043672,0.00013489954157217953
2020-04-20 15:43:00,2244.24366392439,0.00013716131323304856
2020-04-20 15:44:00,2243.8224968185523,0.00013878188614038726
2020-04-20 15:45:00,2243.3696589213046,0.00014631646701532456
2020-04-20 15:46:00,2243.447793422909,0.00015025977014706743
2020-04-20 15:47:00,2243.4656291532906,0.000156977786490275
2020-04-20 15:48:00,2243.1078622105424,0.00015718580353385627
2020-04-20 15:49:00,2243.2160705379747,0.00015457256447277685
2020-04-20 15:50:00,2243.53785569142,0.0001626007558457679
2020-04-20 15:51:00,2242.478081431363,0.00017298053411114454
2020-04-20 15:52:00,2243.0317495278923,0.00017658153044409794
2020-04-20 15:53:00,2243.1865406610386,0.00017823605042814863
2020-04-20 15:54:00,2242.658614067866,0.00018613583973662643
2020-04-20 15:55:00,2242.5217011023974,0.00019171169288742103
2020-04-20 15:56:00,2242.4753884905344,0.00018961878117551415
2020-04-20 15:57:00,2242.5940965016057,0.00018695679430737723
2020-04-20 15:58:00,2241.886464329286,0.0001855445332589021
2020-04-20 15:59:00,2241.4119149629364,0.00017120748766999192
2020-04-20 16:00:00,2241.5671407049513,0.0001756941350804082
2020-04-20 16:01:00,2241.539131553675,0.00017904457770716962
2020-04-20 16:02:00,2241.5495610532416,0.00017459566565031573
2020-04-20 16:03:00,2240.7393881047437,0.00018063006342515907
2020-04-20 16:04:00,2241.2384479739844,0.00017471307618212984
2020-04-20 16:05:00,2240.6175747383054,0.00018713167773301123
2020-04-20 16:06:00,2240.1944760083393,0.00019264370316366433
2020-04-20 16:07:00,2240.6385240298264,0.00019185845198552048
2020-04-20 16:08:00,2240.16964519299,0.0001895370421003681
2020-04-20 16:09:00,2240.7614575720545,0.00020457545972103538
2020-04-20 16:10:00,2240.0125489680745,0.00020460668300742782
2020-04-20 16:11:00,2240.0614148812638,0.00021905074767080313
2020-04-20 16:12:00,2240.780395684382,0.0002286106057554133
2020-04-20 16:13:00,2239.932094949797,0.00022225471719918732
2020-04-20 16:14:00,2239.6420155683763,0.00022208834476026898
2020-04-20 16:15:00,2239.1208618012442,0.00021478441317581307
2020-04-20 16:16:00,2238.5617698013816,0.00022980898642161626
2020-04-20 16:17:00,2239.4241368393364,0.00021565125597956933
2020-04-20 16:18:00,2239.231706260839,0.0002238612160269386
2020-04-20 16:19:00,2239.8447945288767,0.00022630886990834017
2020-04-20 16:20:00,2239.0636036961796,0.0002183152003275866
2020-04-20 16:21:00,2239.4203651428893,0.00022017450546541704
2020-04-20 16:22:00,2239.330906451334,0.00020782187776052641
2020-04-20 16:23:00,2239.535004448539,0.00022082452731957472
2020-04-20 16:24:00,2240.019662094847,0.0002355081579606687
2020-04-20 16:25:00,2239.4347085435593,0.00023744545875934526
2020-04-20 16:26:00,2239.6258893138724,0.00024124049094485764
2020-04-20 16:27:00,2238.752769111603,0.00024461274540415784
2020-04-20 16:28:00,2239.0641063347903,0.00025384931555920296
2020-04-20 16:29:00,2240.2550355976264,0.00026841946746843174
2020-04-20 16:30:00,2240.1699893354094,0.0002744128050297768
2020-04-20 16:31:00,2240.3830853668037,0.00027196784460944723
2020-04-20 16:32:00,2240.428817178373,0.00026695102914973484
2020-04-20 16:33:00,2240.307009885323,0.0002569322094941401
2020-04-20 16:34:00,2240.5188605960147,0.0002481283374071241
2020-04-20 16:35:00,2240.8434235613286,0.0002458512533116137
2020-04-20 16:36:00,2241.0446828482222,0.000254063372844185
2020-04-20 16:37:00,2241.164281148077,0.00025278116934948896
2020-04-20 16:38:00,2241.2722492157272,0.00025677757343191
2020-04-20 16:39:00,2240.7287842834826,0.00025051798956135464
2020-04-20 16:40:00,2240.808316659062,0.00024016181788066708
2020-04-20 16:41:00,2240.082871246154,0.00024528437840629677
2020-04-20 16:42:00,2240.046505276502,0.0002487714068474152
2020-04-20 16:43:00,2239.524658319278,0.00024107395046926545
2020-04-20 16:44:00,2240.3547367860533,0.0002606980342380941
2020-04-20 16:45:00,2241.5758420091433,0.00024332586498021578
2020-04-20 16:46:00,2240.876888018024,0.00024283443781707764
2020-04-20 16:47:00,2240.0942477149833,0.0002366063023715001
2020-04-20 16:48:00,2239.944234441013,0.0002418050070688787
2020-04-20 16:49:00,2239.96231078237,0.00025317788818573437
2020-04-20 16:50:00,2240.582078861205,0.00023689555867172302
2020-04-20 16:51:00,2240.985275863619,0.0002321310748690655
2020-04-20 16:52:00,2240.0794050442096,0.00022854099897565025
2020-04-20 16:53:00,2240.2898093673994,0.00021528605357154336
2020-04-20 16:54:00,2240.016853958141,0.0002106089310783641
2020-04-20 16:55:00,2239.795263034052,0.00021320505402695032
2020-04-20 16:56:00,2240.1720160977325,0.00020465953011929673
2020-04-20 16:57:00,2240.269564954357,0.00021736439389905094
2020-04-20 16:58:00,2240.6479060111615,0.00022230177522156592
2020-04-20 16:59:00,2241.425274419072,0.00022925038336978157
2020-04-20 17:00:00,2241.0800369150525,0.00023238582304591765
2020-04-20 17:01:00,2241.5740240559,0.0002506474441626269
2020-04-20 17:02:00,2241.7386298804804,0.00024811664017233923
2020-04-20 17:03:00,2240.5782265230287,0.00023462030471056288
2020-04-20 17:04:00,2240.118416262843,0.0002578291823312734
2020-04-20 17:05:00,2239.703986815908,0.00025356047155674244
2020-04-20 17:06:00,2239.510302894411,0.00024938515715594253
2020-04-20 17:07:00,2240.1321995238754,0.0002620810348102612
2020-04-20 17:08:00,2240.7052889462934,0.0002515723306875247
2020-04-20 17:09:00,2241.3865433280966,0.0002509950427866362
2020-04-20 17:10:00,2241.2660696981575,0.00024290534233070837
2020-04-20 17:11:00,2241.4702183072022,0.0002573131115551918
2020-04-20 17:12:00,2241.3546490178146,0.0002406029120104121
2020-04-20 17:13:00,2241.495959673106,0.0002501860284473976
2020-04-20 17:14:00,2241.968247027518,0.0002513471948882261
2020-04-20 17:15:00,2240.9890813193365,0.00023214908742113087
2020-04-20 17:16:00,2241.501024552823,0.00023446240267453746
2020-04-20 17:17:00,2240.5521484134706,0.00025335515794375164
2020-04-20 17:18:00,2240.343445724906,0.0002444940229298795
2020-04-20 17:19:00,2239.340677948171,0.00024027858149580481
2020-04-20 17:20:00,2239.5578594707076,0.00023852906270029314
2020-04-20 17:21:00,2238.9086056801802,0.0002489541792945425
2020-04-20 17:22:00,2238.793608974534,0.00024429480109329623
2020-04-20 17:23:00,2239.888439685339,0.0002564983974069262
2020-04-20 17:24:00,2239.8077406086068,0.00025777297960117733
2020-04-20 17:25:00,2239.393350403101,0.0002494796464109299
2020-04-20 17:26:00,2238.7091495546024,0.0002471342520750413
2020-04-20 17:27:00,2239.2839078941033,0.00025360837904626085
2020-04-20 17:28:00,2239.384730359635,0.00024571122845585354
2020-04-20 17:29:00,2239.121386306921,0.00025285074478023184
2020-04-20 17:30:00,2239.0527639579695,0.00025542241330781153
2020-04-20 17:31:00,2239.220154433556,0.000258633904671306
2020-04-20 17:32:00,2239.195351084281,0.0002525506895962263
2020-04-20 17:33:00,2238.1790044673794,0.00024025571196939008
2020-04-20 17:34:00,2238.7003169417935,0.00023112956140337377
2020-04-20 17:35:00,2239.0820824053253,0.00021557790476855145
2020-04-20 17:36:00,2239.2828444777015,0.0002037151135588446
2020-04-20 17:37:00,2238.8548119823186,0.0002059007705098331
2020-04-20 17:38:00,2239.659665872584,0.0001971417297010446
2020-04-20 17:39:00,2239.5317212965924,0.00018716116337154
2020-04-20 17:40:00,2239.215096344082,0.0001902721466171099
2020-04-20 17:41:00,2238.6419097233606,0.00018387926289732264
2020-04-20 17:42:00,2238.661421785781,0.00018835566227102973
2020-04-20 17:43:00,2238.6355835654117,0.00018608425701018344
2020-04-20 17:44:00,2238.346480739327,0.00018816942595064392
2020-04-20 17:45:00,2238.177072022399,0.00018175123937192938
2020-04-20 17:46:00,2237.8501628593194,0.0001781954017314115
2020-04-20 17:47:00,2237.63148840606,0.00017181081218883726
2020-04-20 17:48:00,2236.8989460013045,0.00016617658919002053
2020-04-20 17:49:00,2236.938398664254,0.00016481381564327556
2020-04-20 17:50:00,2236.467510582424,0.00016293592222134924
2020-04-20 17:51:00,2236.37076681366,0.00017938379864080036
2020-04-20 17:52:00,2236.648434868058,0.0001804833567625233
2020-04-20 17:53:00,2236.7184705299596,0.00017357733128076693
2020-04-20 17:54:00,2236.8237415239096,0.00016847538788546782
2020-04-20 17:55:00,2237.6267994356635,0.00018295528505065604
2020-04-20 17:56:00,2236.7937331182648,0.0001789828014745556
2020-04-20 17:57:00,2236.634887713965,0.00017415995171279666
2020-04-20 17:58:00,2236.4624844059354,0.00017264584291917893
2020-04-20 17:59:00,2237.1868431586577,0.00017653730632079983
2020-04-20 18:00:00,2237.123674848912,0.00017300859698239277
2020-04-20 18:01:00,2237.1888716038225,0.000165227863908068
2020-04-20 18:02:00,2236.831391336148,0.00016500664393324013
2020-04-20 18:03:00,2236.3751713776282,0.00017031217639626505
2020-04-20 18:04:00,2236.5560044571325,0.00016925706054626765
2020-04-20 18:05:00,2236.4063472764556,0.00016569227734678844
2020-04-20 18:06:00,2236.2715077783514,0.0001573920950878344
2020-04-20 18:07:00,2236.318345143638,0.00016453983334418818
2020-04-20 18:08:00,2236.5123003151175,0.00016667342827842251
2020-04-20 18:09:00,2236.426623329652,0.00016080867895616144
2020-04-20 18:10:00,2235.3566754788576,0.00015949215613217138
2020-04-20 18:11:00,2235.625869471083,0.00016115643125904567
2020-04-20 18:12:00,2235.69496009691,0.00016013957312615217
2020-04-20 18:13:00,2236.3825951525037,0.00016758268360762217
2020-04-20 18:14:00,2236.2966596201627,0.0001732061014846197
2020-04-20 18:15:00,2235.89873772759,0.00018122606505786645
2020-04-20 18:16:00,2235.2563070438378,0.00017623965155041133
2020-04-20 18:17:00,2235.711905642402,0.00017921680747061796
2020-04-20 18:18:00,2235.4415301908944,0.00018953687331008117
2020-04-20 18:19:00,2235.253856328506,0.0001849431526056617
2020-04-20 18:20:00,2235.292101145405,0.00017576798645247018
2020-04-20 18:21:00,2235.4467323626736,0.00017938107110533025
2020-04-20 18:22:00,2235.4511158072914,0.00018379281438464084
2020-04-20 18:23:00,2235.6363439900183,0.00019140910953777734
2020-04-20 18:24:00,2235.439252082419,0.00019362800849514144
2020-04-20 18:25:00,2235.84637936547,0.00019153620142565685
2020-04-20 18:26:00,2235.5912474058987,0.0001733558576082668
2020-04-20 18:27:00,2235.684149378048,0.00017027385204316703
2020-04-20 18:28:00,2235.8610176115158,0.0001684664742166547
2020-04-20 18:29:00,2234.879655312594,0.00017252990861503357
2020-04-20 18:30:00,2234.672316535847,0.0001682061362246565
2020-04-20 18:31:00,2235.504231783187,0.00017340609349461027
2020-04-20 18:32:00,2236.204608649728,0.00016871735128670432
2020-04-20 18:33:00,2235.8672928672013,0.00017347253342824172
2020-04-20 18:34:00,2235.4985326708265,0.0001845191795393028
2020-04-20 18:35:00,2235.8783270760487,0.0002058032481512097
2020-04-20 18:36:00,2234.774961992036,0.00023159622183067938
2020-04-20 18:37:00,2234.7794291223386,0.0002355631890162064
2020-04-20 18:38:00,2234.849074114306,0.00024006005338550023
2020-04-20 18:39:00,2234.716147792537,0.0002500424386188991
2020-04-20 18:40:00,2234.137478665968,0.00023899452239258936
2020-04-20 18:41:00,2234.138204307764,0.00022940298294957316
2020-04-20 18:42:00,2233.7742492487328,0.00023748046287753216
2020-04-20 18:43:00,2232.909697281581,0.0002585751103271609
2020-04-20 18:44:00,2232.2996262533197,0.0002475139556311333
2020-04-20 18:45:00,2232.632894078248,0.0002517148742173846
2020-04-20 18:46:00,2233.218519071106,0.0002274581979954067
2020-04-20 18:47:00,2232.8764719006194,0.00022408633383208057
2020-04-20 18:48:00,2232.6451401141826,0.0002154899052846415
2020-04-20 18:49:00,2232.301047556423,0.00021427388019834516
2020-04-20 18:50:00,2232.7275657817104,0.00022284432461828205
2020-04-20 18:51:00,2232.3053749526134,0.0002069927523467723
2020-04-20 18:52:00,2232.339153017925,0.00020515876579764165
2020-04-20 18:53:00,2231.1281992731897,0.0002254084068728923
2020-04-20 18:54:00,2231.390555998939,0.00022052595921813069
2020-04-20 18:55:00,2231.2148537359276,0.00020465000842241724
2020-04-20 18:56:00,2231.3369558917902,0.00021542806656711452
2020-04-20 18:57:00,2231.51585649454,0.0002317114756261325
2020-04-20 18:58:00,2230.757531158218,0.00021760175972537852
2020-04-20 18:59:00,2230.9403504422394,0.0002012707746255082
2020-04-20 19:00:00,2230.788734140009,0.00019973851334641847
2020-04-20 19:01:00,2231.5863620899354,0.0001786106956548918
2020-04-20 19:02:00,2231.3115828217788,0.0001808545076386968
2020-04-20 19:03:00,2231.1054063186025,0.0001805406128633502
2020-04-20 19:04:00,2231.407829703045,0.00017849225744852586
2020-04-20 19:05:00,2230.9241478521517,0.00018476824722918472
2020-04-20 19:06:00,2231.3327089228965,0.00020789222119229183
2020-04-20 19:07:00,2231.8527201565134,0.00020399882201704812
2020-04-20 19:08:00,2232.572199855646,0.00020097576497424787
2020-04-20 19:09:00,2232.39514088989,0.0001889873153988362
2020-04-20 19:10:00,2232.74552334242,0.00018982859269593813
2020-04-20 19:11:00,2232.8364359617563,0.00021065258417643276
2020-04-20 19:12:00,2232.897525884984,0.00020674874588673284
2020-04-20 19:13:00,2232.4002190345436,0.00021487149259971186
2020-04-20 19:14:00,2232.330908056364,0.00023251069973263014
2020-04-20 19:15:00,2232.5280972896485,0.00024414721553294545
2020-04-20 19:16:00,2232.500528812345,0.00024141080725329793
2020-04-20 19:17:00,2232.4681293588433,0.00024171723083087274
2020-04-20 19:18:00,2231.859212674355,0.00023068917353899224
2020-04-20 19:19:00,2232.307788060317,0.0002320544200867982
2020-04-20 19:20:00,2232.2075313964287,0.00023263407436148895
2020-04-20 19:21:00,2232.1022970063486,0.00022596180787827014
2020-04-20 19:22:00,2232.338639572063,0.00023016965077127862
2020-04-20 19:23:00,2231.7455972207185,0.00022819486521200833
2020-04-20 19:24:00,2231.8340291598065,0.00021305909680672887
2020-04-20 19:25:00,2232.037546000637,0.00019567734181539544
2020-04-20 19:26:00,2232.4014304637194,0.00019426987035136735
2020-04-20 19:27:00,2233.274976011962,0.0001834289568196733
2020-04-20 19:28:00,2233.1632303347847,0.00016882618306830136
2020-04-20 19:29:00,2232.839852022653,0.00017081368825564672
2020-04-20 19:30:00,2233.0814363226186,0.0001726076045615792
2020-04-20 19:31:00,2232.571969042573,0.00017746795447892133
2020-04-20 19:32:00,2232.5715605326372,0.00018829530506825869
2020-04-20 19:33:00,2233.022871163102,0.00017619717040539832
2020-04-20 19:34:00,2233.164493352777,0.0001866426652156567
2020-04-20 19:35:00,2232.577122665111,0.000172057431903892
2020-04-20 19:36:00,2232.622403819501,0.00017250570378180558
2020-04-20 19:37:00,2232.91841508742,0.00017299525194717656
2020-04-20 19:38:00,2233.2024713547908,0.00015937879859154882
2020-04-20 19:39:00,2233.0732793537823,0.00015072143581494051
2020-04-20 19:40:00,2232.8336878241944,0.00015281449312095594
2020-04-20 19:41:00,2232.769607690695,0.00015805663614398727
2020-04-20 19:42:00,2232.301173124947,0.00016699870904348773
2020-04-20 19:43:00,2231.917303655162,0.00017161174439308453
2020-04-20 19:44:00,2232.031553225443,0.00016535110965161867
2020-04-20 19:45:00,2231.804599458873,0.00015961098250783304
2020-04-20 19:46:00,2231.428852878467,0.0001661004667408984
2020-04-20 19:47:00,2231.9823744226987,0.00016320964553579912
2020-04-20 19:48:00,2231.728530503091,0.00016343742637818485
2020-04-20 19:49:00,2231.865945383575,0.00015165405693446805
2020-04-20 19:50:00,2232.510555491197,0.00014956523835836234
2020-04-20 19:51:00,2232.2932607550965,0.00015498396692967484
2020-04-20 19:52:00,2232.2886963103515,0.00015236506155757683
2020-04-20 19:53:00,2232.55217596194,0.00015995943680157025
2020-04-20 19:54:00,2232.4035072312367,0.00016678567053688787
2020-04-20 19:55:00,2232.1171977026124,0.00016672878670763623
2020-04-20 19:56:00,2231.4450046376974,0.0001775215794001452
2020-04-20 19:57:00,2231.2957604072485,0.000174585275399509
2020-04-20 19:58:00,2230.825785861929,0.00017588993787955154
2020-04-20 19:59:00,2230.424462988873,0.00017803529535979955
2020-04-21 13:30:00,2312.505264852803,0.00017895678271012872
2020-04-21 13:31:00,2313.1803931010772,0.00018171017486370015
2020-04-21 13:32:00,2314.098807177808,0.00019370168167386732
2020-04-21 13:33:00,2314.448367703617,0.0001931079520227976
2020-04-21 13:34:00,2314.7842020470866,0.00017621855582969804
2020-04-21 13:35:00,2314.73109272537,0.00018130756585574414
2020-04-21 13:36:00,2315.2560181551103,0.00017935703549585931
2020-04-21 13:37:00,2315.080984413697,0.00017377782316716333
2020-04-21 13:38:00,2315.710534262385,0.00017911970554029526
2020-04-21 13:39:00,2316.2637175450163,0.0001816419301996121
2020-04-21 13:40:00,2316.5022216609436,0.00018325511782226646
2020-04-21 13:41:00,2316.1258622319488,0.00018017706064792793
2020-04-21 13:42:00,2316.5140304284673,0.00017598907519260874
2020-04-21 13:43:00,2315.9605182295736,0.00018869185038905152
2020-04-21 13:44:00,2316.0489637297474,0.00018839394916618326
2020-04-21 13:45:00,2316.593839824128,0.00019586610629614726
2020-04-21 13:46:00,2316.6522119330466,0.00020623887103140285
2020-04-21 13:47:00,2316.6216639357367,0.0002059180613649668
2020-04-21 13:48:00,2316.105499427508,0.00020298861942576955
2020-04-21 13:49:00,2315.558219224175,0.00019892068910093964
2020-04-21 13:50:00,2314.6335689605444,0.0002162674980760439
2020-04-21 13:51:00,2314.6909987587374,0.00021286264296791445
2020-04-21 13:52:00,2313.862322888566,0.0002114243061486618
2020-04-21 13:53:00,2313.59230625708,0.0002236773947161909
2020-04-21 13:54:00,2312.9132373774187,0.000224517272212234
2020-04-21 13:55:00,2312.531703845813,0.0002266129967269625
2020-04-21 13:56:00,2313.5477550218443,0.00024097431574070864
2020-04-21 13:57:00,2313.0584164551383,0.00023479739759367507
2020-04-21 13:58:00,2313.5822430889516,0.0002372817612652478
2020-04-21 13:59:00,2313.657896135109,0.00023597023526706677
2020-04-21 14:00:00,2313.411758607906,0.0002522421260324609
2020-04-21 14:01:00,2313.1614251892033,0.0002638951244132056
2020-04-21 14:02:00,2312.704244089599,0.00026967639332786154
2020-04-21 14:03:00,2312.844392528225,0.0002698660675408195
2020-04-21 14:04:00,2314.3211055216116,0.0002659781362181364
2020-04-21 14:05:00,2314.102070559718,0.0002998359868543042
2020-04-21 14:06:00,2315.614565280547,0.00031099336234291725
2020-04-21 14:07:00,2315.6937040198895,0.00031522477535623583
2020-04-21 14:08:00,2316.350226337964,0.00030756683888959554
2020-04-21 14:09:00,2316.1829645880434,0.000302989824286818
2020-04-21 14:10:00,2315.1552213828086,0.0003150011661895362
2020-04-21 14:11:00,2315.5522897303213,0.00032939375734376293
2020-04-21 14:12:00,2316.3618456195454,0.00033601881919222723
2020-04-21 14:13:00,2316.355887653434,0.0003491883076286567
2020-04-21 14:14:00,2316.77160963614,0.0003534041860863662
2020-04-21 14:15:00,2316.4350329586405,0.0003234571245117566
2020-04-21 14:16:00,2315.7284758481674,0.0003117463173553985
2020-04-21 14:17:00,2315.345956890159,0.00032440864173845674
2020-04-21 14:18:00,2315.3507335688328,0.0003220578918095324
2020-04-21 14:19:00,2314.2547790184008,0.0003398315768083257
2020-04-21 14:20:00,2314.2238013829015,0.00034732582150610874
2020-04-21 14:21:00,2315.4603416089317,0.0003409641669532468
2020-04-21 14:22:00,2315.2224727139087,0.0003586729473880063
2020-04-21 14:23:00,2315.1922148301705,0.0003678365533992918
2020-04-21 14:24:00,2315.0459430743167,0.00037041783363481634
2020-04-21 14:25:00,2312.5806635401264,0.0004155344354569489
2020-04-21 14:26:00,2311.8095059923467,0.00042628299575041316
2020-04-21 14:27:00,2312.7889463812644,0.0004324985854463347
2020-04-21 14:28:00,2313.177883855858,0.0004251525358577924
2020-04-21 14:29:00,2311.6239628568715,0.00039236464792410047
2020-04-21 14:30:00,2312.7240866037764,0.0004050129075785254
2020-04-21 14:31:00,2313.4442850687074,0.00043530645972668586
2020-04-21 14:32:00,2312.608017043321,0.0004246408329867876
2020-04-21 14:33:00,2309.489938191064,0.00041167158547198465
2020-04-21 14:34:00,2309.4458474693356,0.0003911928033107037
2020-04-21 14:35:00,2308.066709623487,0.0003974780844947856
2020-04-21 14:36:00,2307.8493891456683,0.00038361780896588185
2020-04-21 14:37:00,2308.304558625547,0.00037872579539779207
2020-04-21 14:38:00,2308.8240080009073,0.000340652698102248
2020-04-21 14:39:00,2308.1309936199477,0.0003250263216615274
2020-04-21 14:40:00,2307.609405175723,0.0003358958097101374
2020-04-21 14:41:00,2306.644943897986,0.00033547769257461266
2020-04-21 14:42:00,2306.4392576244586,0.0003510724006852647
2020-04-21 14:43:00,2305.650943721831,0.0003466658496730342
2020-04-21 14:44:00,2305.497490338214,0.00033758081551841693
2020-04-21 14:45:00,2305.653677483056,0.00032498665742134467
2020-04-21 14:46:00,2306.235828496175,0.00031393477549197135
2020-04-21 14:47:00,2306.3067815955305,0.00032166237620460584
2020-04-21 14:48:00,2305.054080577767,0.00033246656742163275
2020-04-21 14:49:00,2304.558792730206,0.0003450735601560809
2020-04-21 14:50:00,2303.296098482003,0.00034636079487453353
2020-04-21 14:51:00,2303.082533972058,0.0003601348147659331
2020-04-21 14:52:00,2303.06533970441,0.0003692180263625885
2020-04-21 14:53:00,2303.2933534845,0.00036499987729623145
2020-04-21 14:54:00,2304.213192196004,0.00037392069316200617
2020-04-21 14:55:00,2304.5268502738663,0.0003767182099337074
2020-04-21 14:56:00,2305.915456734977,0.00040563291970296565
2020-04-21 14:57:00,2305.6994533394873,0.00040483893142344063
2020-04-21 14:58:00,2306.130337654912,0.0004138647453524631
2020-04-21 14:59:00,2306.5055883716536,0.00040524975851310687
2020-04-21 15:00:00,2308.077501275635,0.0003979187593223884
2020-04-21 15:01:00,2308.156323224071,0.00039015216108823065
2020-04-21 15:02:00,2308.8790780598574,0.0004101249005355291
2020-04-21 15:03:00,2309.6370130221603,0.00044168633279106646
2020-04-21 15:04:00,2310.9745819889345,0.00040877852799814076
2020-04-21 15:05:00,2311.197219376147,0.00042836738308772666
2020-04-21 15:06:00,2311.057782407535,0.0004219152543624448
2020-04-21 15:07:00,2312.1239258976952,0.0004443706219981191
2020-04-21 15:08:00,2312.7215889222216,0.0004586168714755893
2020-04-21 15:09:00,2312.0440856650002,0.00044035444458013107
2020-04-21 15:10:00,2312.7592244425255,0.00045218584248796006
2020-04-21 15:11:00,2312.77031836507,0.00041906943565887654
2020-04-21 15:12:00,2310.5279133523654,0.0004534479140816849
2020-04-21 15:13:00,2311.219623991834,0.0004375309106211453
2020-04-21 15:14:00,2312.499435790876,0.00042904132579338827
2020-04-21 15:15:00,2312.8250688568346,0.0004162737307522518
2020-04-21 15:16:00,2314.087275641065,0.0004174967168650593
2020-04-21 15:17:00,2314.9551078240934,0.0004053834479778601
2020-04-21 15:18:00,2314.5074175988534,0.0004141690790898104
2020-04-21 15:19:00,2313.9782419294374,0.00040368087720913287
2020-04-21 15:20:00,2313.732556804206,0.0004037857314850204
2020-04-21 15:21:00,2315.3191412977462,0.00040427366729323816
2020-04-21 15:22:00,2316.2386284725267,0.0004313935222702864
2020-04-21 15:23:00,2313.9047954306425,0.00043706137968749237
2020-04-21 15:24:00,2314.191475067653,0.0004239402958351608
2020-04-21 15:25:00,2312.8732905975007,0.0004398886274085256
2020-04-21 15:26:00,2314.1392503069487,0.00043546695554957503
2020-04-21 15:27:00,2313.0952943388374,0.00042994205647313937
2020-04-21 15:28:00,2313.560271742106,0.0004340181292339406
2020-04-21 15:29:00,2312.4714425173397,0.00039717537612402135
2020-04-21 15:30:00,2313.603996354802,0.00040642463583452274
2020-04-21 15:31:00,2312.844212214959,0.0004060343283153639
2020-04-21 15:32:00,2314.2593318360723,0.000403749747672613
2020-04-21 15:33:00,2314.6765745178764,0.00039676445570337637
2020-04-21 15:34:00,2314.169846879032,0.00038889370742864563
2020-04-21 15:35:00,2314.8722301985385,0.0003853402014084321
2020-04-21 15:36:00,2314.6581333322238,0.000391897717078579
2020-04-21 15:37:00,2314.2484055206373,0.0003997964041884717
2020-04-21 15:38:00,2314.3216751997725,0.00040072683573606744
2020-04-21 15:39:00,2314.0387106194403,0.000399324981467691
2020-04-21 15:40:00,2312.1814603837674,0.0003824884497362933
2020-04-21 15:41:00,2311.692330366077,0.00037341929618264915
2020-04-21 15:42:00,2311.354124262898,0.00037995607247949266
2020-04-21 15:43:00,2311.986856803535,0.0003696952746560013
2020-04-21 15:44:00,2312.548811775878,0.00037353160190584084
2020-04-21 15:45:00,2312.1349262821464,0.0003725908341067478
2020-04-21 15:46:00,2312.6957808631305,0.0003859828505013846
2020-04-21 15:47:00,2312.246176821203,0.0003835334568535002
2020-04-21 15:48:00,2313.761716869162,0.000393724709687817
2020-04-21 15:49:00,2313.444897705738,0.0003904497838353054
2020-04-21 15:50:00,2311.3780987313626,0.0004051648805776224
2020-04-21 15:51:00,2311.172814314808,0.0003883289230390547
2020-04-21 15:52:00,2311.390824734215,0.0004140725561476406
2020-04-21 15:53:00,2311.7948830092873,0.0004331463563122849
2020-04-21 15:54:00,2311.384026520276,0.0004458186426039699
2020-04-21 15:55:00,2311.846008867045,0.0004640847366786317
2020-04-21 15:56:00,2310.002261476657,0.0004767359797837698
2020-04-21 15:57:00,2309.5869856106824,0.0004886270383936256
2020-04-21 15:58:00,2310.4743852410506,0.0005041913550696272
2020-04-21 15:59:00,2309.538355762637,0.000500175655667848
2020-04-21 16:00:00,2311.0818491804616,0.0005107460617284989
2020-04-21 16:01:00,2312.838712085169,0.0005261070091746849
2020-04-21 16:02:00,2312.542634040078,0.0005593955203048264
2020-04-21 16:03:00,2312.94938140131,0.0005500678365611393
2020-04-21 16:04:00,2312.4154091501014,0.0005348263683726954
2020-04-21 16:05:00,2312.357477364255,0.0005260934931096508
2020-04-21 16:06:00,2312.806928607177,0.0005047892672849063
2020-04-21 16:07:00,2311.348102851228,0.000509362585033504
2020-04-21 16:08:00,2311.546657232037,0.0005100200136446794
2020-04-21 16:09:00,2311.7147284733496,0.000519229259029799
2020-04-21 16:10:00,2310.378963752817,0.0005271699690136051
2020-04-21 16:11:00,2310.988750671335,0.0005490469749575353
2020-04-21 16:12:00,2308.143420428905,0.0005302180893608017
2020-04-21 16:13:00,2309.1037428589734,0.0005524079536498242
2020-04-21 16:14:00,2309.05438046975,0.0005815239253351096
2020-04-21 16:15:00,2314.126162937372,0.000644290178881691
2020-04-21 16:16:00,2313.2759423990747,0.0006168640344046101
2020-04-21 16:17:00,2313.818722993696,0.0006456196191144743
2020-04-21 16:18:00,2313.8888722251904,0.0006153760837858824
2020-04-21 16:19:00,2313.928151221232,0.0006222972073293936
2020-04-21 16:20:00,2313.0649135496283,0.0006183098569241379
2020-04-21 16:21:00,2311.743481130523,0.0005828950262151543
2020-04-21 16:22:00,2313.2372333334106,0.000580439501630246
2020-04-21 16:23:00,2314.6799505705944,0.0005931007945587538
2020-04-21 16:24:00,2313.0014424070973,0.0005531132449062735
2020-04-21 16:25:00,2311.3386948984435,0.0005719883708202334
2020-04-21 16:26:00,2311.4933394787067,0.0005478242285802929
2020-04-21 16:27:00,2312.7634495339194,0.0005576631882281738
2020-04-21 16:28:00,2312.879014833775,0.0005513398201447761
2020-04-21 16:29:00,2314.5750043668945,0.0005299735662859197
2020-04-21 16:30:00,2314.76523422766,0.0005289804033439742
2020-04-21 16:31:00,2315.1260939033464,0.0005314712872125562
2020-04-21 16:32:00,2314.7975631469553,0.0005406184231472456
2020-04-21 16:33:00,2315.711195049556,0.0005716174588258715
2020-04-21 16:34:00,2316.465518383493,0.0005219580085228246
2020-04-21 16:35:00,2316.937962784793,0.0004922241546948367
2020-04-21 16:36:00,2316.4711620893004,0.0004731929689400167
2020-04-21 16:37:00,2317.027866393297,0.0004645501363488579
2020-04-21 16:38:00,2317.2426497784745,0.00047695903806395227
2020-04-21 16:39:00,2317.5300632672606,0.000476876303505289
2020-04-21 16:40:00,2319.2492154722063,0.0005051175254033197
2020-04-21 16:41:00,2318.6854287413275,0.0005107219260585045
2020-04-21 16:42:00,2319.822340979314,0.000513456599252969
2020-04-21 16:43:00,2321.7280890819675,0.0004924073449902831
2020-04-21 16:44:00,2323.1336531918555,0.0005083670546311747
2020-04-21 16:45:00,2324.1847717995083,0.0005043102214515906
2020-04-21 16:46:00,2325.402479455764,0.0005220626220957675
2020-04-21 16:47:00,2324.5373503932583,0.0005265911877156039
2020-04-21 16:48:00,2323.577379119936,0.0005811725382964285
2020-04-21 16:49:00,2322.357873706992,0.0006023148529065333
2020-04-21 16:50:00,2321.8739318825583,0.0005821427045229927
2020-04-21 16:51:00,2321.8501622508147,0.0005679851799851029
2020-04-21 16:52:00,2323.591862230506,0.0005720830196773979
2020-04-21 16:53:00,2325.7500721958404,0.0005925738111194435
2020-04-21 16:54:00,2326.5838546291634,0.0005936270610035404
2020-04-21 16:55:00,2327.9790451226486,0.0005496997842789718
2020-04-21 16:56:00,2329.0446364697555,0.0005176220247861058
2020-04-21 16:57:00,2330.716362920936,0.0005407058983642359
2020-04-21 16:58:00,2330.583012262888,0.0005458088823194321
2020-04-21 16:59:00,2331.582513168417,0.0005819443423031639
2020-04-21 17:00:00,2331.5422157159214,0.0005838076875416864
2020-04-21 17:01:00,2333.8729710312537,0.0005943922960138323
2020-04-21 17:02:00,2333.0675880547446,0.000593942115803989
2020-04-21 17:03:00,2332.3025978833844,0.0005916196550826256
2020-04-21 17:04:00,2332.4625516211813,0.0005970127267495016
2020-04-21 17:05:00,2331.1599964880543,0.0005976911383337692
2020-04-21 17:06:00,2332.0375375219446,0.0005527700817494275
2020-04-21 17:07:00,2332.038110681814,0.0005501122745982063
2020-04-21 17:08:00,2329.2941858045033,0.0005488684343223167
2020-04-21 17:09:00,2328.4373084688305,0.0005591992685034551
2020-04-21 17:10:00,2329.1675956770355,0.0005454454231142134
2020-04-21 17:11:00,2329.6477559981313,0.000558976916254165
2020-04-21 17:12:00,2330.013550257283,0.0005532350522040123
2020-04-21 17:13:00,2329.9218122325055,0.0005021462812247019
2020-04-21 17:14:00,2329.1894313680045,0.0005105424228560674
2020-04-21 17:15:00,2328.913571700554,0.000508588491521458
2020-04-21 17:16:00,2328.303651296059,0.0004707804117016716
2020-04-21 17:17:00,2328.0851610800332,0.0004580259872694698
2020-04-21 17:18:00,2327.4690140770176,0.00042989772656140646
2020-04-21 17:19:00,2327.193488086625,0.0004367299715048493
2020-04-21 17:20:00,2328.1298550468705,0.0004827923333829108
2020-04-21 17:21:00,2327.1204901298265,0.000494517794790783
2020-04-21 17:22:00,2325.25561734738,0.0004867284360024282
2020-04-21 17:23:00,2326.0222102268776,0.0004776450177707056
2020-04-21 17:24:00,2325.535593253228,0.00046378407815904647
2020-04-21 17:25:00,2324.955008264885,0.000442673124911351
2020-04-21 17:26:00,2324.8606668112698,0.00042824396253957157
2020-04-21 17:27:00,2324.83729614414,0.00042561232929852396
2020-04-21 17:28:00,2324.249544380501,0.0004086310383899119
2020-04-21 17:29:00,2323.541278968705,0.0004059203721476881
2020-04-21 17:30:00,2322.5492620846812,0.0003596650678942845
2020-04-21 17:31:00,2322.9316908161854,0.0003940838136392348
2020-04-21 17:32:00,2324.0011865160473,0.0004011105281841921
2020-04-21 17:33:00,2324.13252371153,0.000386798429095413
2020-04-21 17:34:00,2323.366647660878,0.0004128725677736736
2020-04-21 17:35:00,2324.613208372644,0.0004312383643194297
2020-04-21 17:36:00,2325.168404043144,0.0004696977403492783
2020-04-21 17:37:00,2324.7351784972484,0.0004965880613588209
2020-04-21 17:38:00,2325.3111664877833,0.0005072379308970123
2020-04-21 17:39:00,2325.4307147525255,0.0005006912518509717
2020-04-21 17:40:00,2324.8005563546158,0.0005194897736630342
2020-04-21 17:41:00,2325.604290427785,0.0005018595255163832
2020-04-21 17:42:00,2324.623067060703,0.0004998284420749327
2020-04-21 17:43:00,2325.115017983124,0.0004715211518263578
2020-04-21 17:44:00,2326.576005614826,0.0004966213565488686
2020-04-21 17:45:00,2325.153844225206,0.0005048233656256651
2020-04-21 17:46:00,2325.522695226353,0.0005273969246937164
2020-04-21 17:47:00,2325.04022983199,0.0005169255119968652
2020-04-21 17:48:00,2323.201807121117,0.00047642031221395014
2020-04-21 17:49:00,2323.911702839184,0.0005099982813498776
2020-04-21 17:50:00,2323.3244697753694,0.0005488319516692528
2020-04-21 17:51:00,2322.3463032856853,0.0005280430181017165
2020-04-21 17:52:00,2323.2610841786864,0.0005346214315496762
2020-04-21 17:53:00,2323.246806684586,0.0004836210959053175
2020-04-21 17:54:00,2323.2684644776614,0.00048821795262251477
2020-04-21 17:55:00,2322.9184581401073,0.0005005144493353477
2020-04-21 17:56:00,2322.386586014663,0.00048699710553936807
2020-04-21 17:57:00,2323.6760426965325,0.0004877301993891989
2020-04-21 17:58:00,2321.140509471195,0.000534667317030605
2020-04-21 17:59:00,2322.39842552418,0.0005111319809097312
2020-04-21 18:00:00,2320.9347396391086,0.0005449363846455087
2020-04-21 18:01:00,2322.7322861804305,0.000524646872690602
2020-04-21 18:02:00,2322.8798364368395,0.0005015028979323062
2020-04-21 18:03:00,2323.0918937104766,0.0004997393084633032
2020-04-21 18:04:00,2323.627020098581,0.00050294553953063
2020-04-21 18:05:00,2325.7087555658395,0.0004836532837428688
2020-04-21 18:06:00,2325.2983492641324,0.00047932904246902235
2020-04-21 18:07:00,2325.7142210245743,0.00046023403398682785
2020-04-21 18:08:00,2324.713938655044,0.00046822835928166833
2020-04-21 18:09:00,2324.9217425702277,0.0005061880487724057
2020-04-21 18:10:00,2324.363222379961,0.0004608146362923263
2020-04-21 18:11:00,2323.1830490455545,0.0004814912560547583
2020-04-21 18:12:00,2324.0559415959447,0.00047956305741563693
2020-04-21 18:13:00,2323.289534576947,0.0005011120686288011
2020-04-21 18:14:00,2322.387522102052,0.0005026322791176125
2020-04-21 18:15:00,2324.5664847562807,0.00047932306763216975
2020-04-21 18:16:00,2323.55344478809,0.0004537108881713802
2020-04-21 18:17:00,2325.5818658181747,0.0004336124087501415
2020-04-21 18:18:00,2324.926138271773,0.0004565935867899127
2020-04-21 18:19:00,2325.4899441972375,0.0004462111633852299
2020-04-21 18:20:00,2325.365737616456,0.0004680802162284561
2020-04-21 18:21:00,2323.931410374204,0.00044237665629520126
2020-04-21 18:22:00,2323.222406482024,0.00044208215009816854
2020-04-21 18:23:00,2322.6082899862295,0.00041579598027220623
2020-04-21 18:24:00,2321.1687050364244,0.0004328298014095296
2020-04-21 18:25:00,2320.692144265492,0.00045789547594615965
2020-04-21 18:26:00,2322.5806804273147,0.00047767339742805495
2020-04-21 18:27:00,2323.2634984155375,0.0004534140825605162
2020-04-21 18:28:00,2321.9595330458037,0.0004743699840985193
2020-04-21 18:29:00,2321.8196921794897,0.0005206152917970674
2020-04-21 18:30:00,2321.932810028498,0.0005258130773590024
2020-04-21 18:31:00,2320.7348186228487,0.0004863304956149449
2020-04-21 18:32:00,2321.1315705307916,0.0004919147663242187
2020-04-21 18:33:00,2323.215461943379,0.0004863400119253509
2020-04-21 18:34:00,2323.5077889766253,0.00046196754376295814
2020-04-21 18:35:00,2322.703670652418,0.00043365484493649176
2020-04-21 18:36:00,2321.4297244227128,0.0004230554462959366
2020-04-21 18:37:00,2319.0467826789913,0.00042899371854737244
2020-04-21 18:38:00,2319.3610402357917,0.0004099132170561152
2020-04-21 18:39:00,2318.0474699615647,0.00036707827068328304
2020-04-21 18:40:00,2317.615518670169,0.00037924136803787594
2020-04-21 18:41:00,2316.9310851950813,0.00034073667743338
2020-04-21 18:42:00,2317.248915451833,0.0003436170152921647
2020-04-21 18:43:00,2316.888254626128,0.00032191067014728295
2020-04-21 18:44:00,2316.8655094958963,0.0003356047543225435
2020-04-21 18:45:00,2316.3292749242955,0.00032740624356069324
2020-04-21 18:46:00,2315.8829261069295,0.00034122923368447365
2020-04-21 18:47:00,2316.5881007441058,0.00034409924164585074
2020-04-21 18:48:00,2316.4588555988616,0.00035397506445571667
2020-04-21 18:49:00,2318.6117821474336,0.0003650953448314298
2020-04-21 18:50:00,2319.6200578423054,0.00037633094728847707
2020-04-21 18:51:00,2318.5934914121635,0.0003632672369740279
2020-04-21 18:52:00,2317.0235724423765,0.0003684044298936759
2020-04-21 18:53:00,2317.4496997281344,0.00034060165132120536
2020-04-21 18:54:00,2317.3303952222886,0.00032707352597740263
2020-04-21 18:55:00,2317.290831300257,0.0003560949640883083
2020-04-21 18:56:00,2315.9235336233055,0.00037269766903504537
2020-04-21 18:57:00,2315.7603701289286,0.00035580832472985037
2020-04-21 18:58:00,2315.148590983336,0.0003855186733689881
2020-04-21 18:59:00,2314.2333771990016,0.0003778258173818246
2020-04-21 19:00:00,2312.5964864140615,0.00042500800631790686
2020-04-21 19:01:00,2311.4772688501803,0.00042541223739743825
2020-04-21 19:02:00,2310.7625147636795,0.00044459728001418564
2020-04-21 19:03:00,2312.49481898648,0.0004562481355091793
2020-04-21 19:04:00,2312.652471865942,0.0005074778861382825
2020-04-21 19:05:00,2312.9974694317953,0.0005154581383367876
2020-04-21 19:06:00,2310.4140912127814,0.0005126675747898948
2020-04-21 19:07:00,2314.6045925406565,0.0005212182701700809
2020-04-21 19:08:00,2316.194268635331,0.0005158156119271861
2020-04-21 19:09:00,2316.3271476205623,0.0005152197590000596
2020-04-21 19:10:00,2315.602251313939,0.0005010865742668136
2020-04-21 19:11:00,2314.2749692968214,0.0004825179265957665
2020-04-21 19:12:00,2314.4359432505717,0.0004810196399397162
2020-04-21 19:13:00,2314.523470209475,0.00047133004159489344
2020-04-21 19:14:00,2312.768074744408,0.0004626915878913169
2020-04-21 19:15:00,2313.168291785204,0.0004892262584711115
2020-04-21 19:16:00,2313.4175757837215,0.0005233827525971855
2020-04-21 19:17:00,2313.563695724661,0.0005229407138616039
2020-04-21 19:18:00,2313.6006624049137,0.0005491914338735142
2020-04-21 19:19:00,2311.8785308916417,0.0005189215362725392
2020-04-21 19:20:00,2311.798211986721,0.0004965019703331659
2020-04-21 19:21:00,2312.299986835791,0.00046256940589751836
2020-04-21 19:22:00,2312.592310992789,0.0004264989638486095
2020-04-21 19:23:00,2313.4241259867226,0.0004070584680127439
2020-04-21 19:24:00,2312.6201152550943,0.00040643248490291017
2020-04-21 19:25:00,2312.438360721868,0.00040602564694637035
2020-04-21 19:26:00,2313.697361384856,0.0003927722879506124
2020-04-21 19:27:00,2313.482014837378,0.00037879020287976523
2020-04-21 19:28:00,2312.1384361531987,0.0003643351337080926
2020-04-21 19:29:00,2312.2556199727624,0.00034822477567208267
2020-04-21 19:30:00,2313.3890921387206,0.00036841791400237553
2020-04-21 19:31:00,2313.1968288280277,0.00035923139364929556
2020-04-21 19:32:00,2313.8952323928384,0.00034662839109573623
2020-04-21 19:33:00,2313.927298749418,0.0003433387378279884
2020-04-21 19:34:00,2314.5025964094507,0.00034988496071873234
2020-04-21 19:35:00,2314.4835545188685,0.00032965081730753335
2020-04-21 19:36:00,2314.095902977741,0.0003177895280745842
2020-04-21 19:37:00,2314.585920804226,0.000310432276992083
2020-04-21 19:38:00,2315.339419247815,0.0003122234245650576
2020-04-21 19:39:00,2315.2636616473696,0.0003024110921996247
2020-04-21 19:40:00,2314.476458548886,0.0002932248016323423
2020-04-21 19:41:00,2314.451400875722,0.0002925318835682869
2020-04-21 19:42:00,2314.8557934022256,0.00028884794095722154
2020-04-21 19:43:00,2315.824059598703,0.00028386797930991147
2020-04-21 19:44:00,2316.376803157333,0.0002851681084943115
2020-04-21 19:45:00,2315.96816784846,0.00028763496270445586
2020-04-21 19:46:00,2316.7396627970165,0.0002771760579556032
2020-04-21 19:47:00,2316.9242737217987,0.0002907667779549106
2020-04-21 19:48:00,2316.715342050664,0.0002990425090768383
2020-04-21 19:49:00,2315.8109134819233,0.0002855408386527531
2020-04-21 19:50:00,2315.952385691751,0.000281935228414181
2020-04-21 19:51:00,2316.40941507386,0.00026894147029792915
2020-04-21 19:52:00,2315.6783987185067,0.00026587722072511546
2020-04-21 19:53:00,2315.6273197196415,0.00027469010820865055
2020-04-21 19:54:00,2316.225534913493,0.0002674412805034985
2020-04-21 19:55:00,2315.572929705189,0.0002662076113256454
2020-04-21 19:56:00,2315.1172063276285,0.0002701989544411242
2020-04-21 19:57:00,2315.53767420425,0.00026462169514613384
2020-04-21 19:58:00,2315.171748649147,0.00025978425717967794
2020-04-21 19:59:00,2315.147484607543,0.0002529693048834895
