[18:04:14] ======================================================================
[18:04:14] OVERNIGHT JOINT RUN - regime=stressed max_hours=12.0 budget={'n_days': 30, 'n_runs': 1, 'n_path_seeds': 3, 'sobol_init': 110, 'batch': 16, 'n_pool': 4096, 'calib_hours': 10.2, 'n_paths': 80, 'ens_days': 42, 'agent_seed': 0, 'path_seed': 7, 'drift': -2.1329779981944435e-05, 'drawdown': 0.3, 'window_days': 42}
[18:04:18] STAGE A: JOINT agent+FV calibration (9-D), regime=stressed, budget 10.2h, drift=-2.133e-05/min (~30% over 42d)
[18:04:44]   measured baseline D=20.857  (CALIBRATED agents + 1-factor FV)
[18:05:04]   [sobol 1] mt_gamma=0.683 ft_sigma_c=0.378 f=1.25 w=0.83 ratio=0.384 sigma_d=0.00132 zi_alpha=0.227 zi_mu=0.0626 zi_delta=0.2 -> D=31.423 (19s, 1m)
[18:05:29]   [sobol 2] mt_gamma=1.81 ft_sigma_c=0.55 f=0.585 w=0.302 ratio=0.2 sigma_d=0.00202 zi_alpha=0.426 zi_mu=0.118 zi_delta=0.0491 -> D=28.636 (26s, 1m)
[18:05:52]   [sobol 3] mt_gamma=1.5 ft_sigma_c=0.148 f=0.798 w=0.538 ratio=0.0273 sigma_d=0.00175 zi_alpha=0.128 zi_mu=0.108 zi_delta=0.104 -> D=30.680 (22s, 2m)
[18:06:20]   [sobol 4] mt_gamma=0.255 ft_sigma_c=0.73 f=0.366 w=0.216 ratio=0.223 sigma_d=0.00127 zi_alpha=0.345 zi_mu=0.0353 zi_delta=0.251 -> D=21.047 (29s, 2m)
[18:06:45]   [sobol 5] mt_gamma=0.53 ft_sigma_c=0.279 f=0.74 w=0.116 ratio=0.293 sigma_d=0.00157 zi_alpha=0.116 zi_mu=0.0842 zi_delta=0.155 -> D=24.578 (25s, 2m)
[18:07:10]   [sobol 6] mt_gamma=1.18 ft_sigma_c=0.834 f=1.09 w=0.638 ratio=0.109 sigma_d=0.00206 zi_alpha=0.271 zi_mu=0.0283 zi_delta=0.303 -> D=27.748 (25s, 3m)
[18:07:31]   [sobol 7] mt_gamma=1.61 ft_sigma_c=0.438 f=0.207 w=0.402 ratio=0.124 sigma_d=0.00173 zi_alpha=0.198 zi_mu=0.0695 zi_delta=0.225 -> D=56.599 (22s, 3m)
[18:07:56]   [sobol 8] mt_gamma=0.84 ft_sigma_c=0.631 f=0.953 w=0.73 ratio=0.32 sigma_d=0.00101 zi_alpha=0.37 zi_mu=0.143 zi_delta=0.0719 -> D=16.535 (24s, 4m)
[18:08:14]   [sobol 9] mt_gamma=1.04 ft_sigma_c=0.111 f=0.148 w=0.663 ratio=0.177 sigma_d=0.0012 zi_alpha=0.0851 zi_mu=0.09 zi_delta=0.14 -> D=42.375 (19s, 4m)
[18:08:35]   [sobol 10] mt_gamma=1.69 ft_sigma_c=0.678 f=1.02 w=0.192 ratio=0.361 sigma_d=0.00183 zi_alpha=0.302 zi_mu=0.0169 zi_delta=0.287 -> D=19.544 (21s, 4m)
[18:08:56]   [sobol 11] mt_gamma=1.15 ft_sigma_c=0.324 f=0.601 w=0.756 ratio=0.246 sigma_d=0.00195 zi_alpha=0.184 zi_mu=0.0807 zi_delta=0.239 -> D=40.466 (21s, 5m)
[18:09:21]   [sobol 12] mt_gamma=0.372 ft_sigma_c=0.504 f=1.24 w=0.478 ratio=0.0505 sigma_d=0.00139 zi_alpha=0.384 zi_mu=0.137 zi_delta=0.0875 -> D=19.288 (24s, 5m)
[18:09:43]   [sobol 13] mt_gamma=0.172 ft_sigma_c=0.381 f=0.861 w=0.378 ratio=0.0846 sigma_d=0.00108 zi_alpha=0.24 zi_mu=0.0512 zi_delta=0.188 -> D=17.942 (22s, 5m)
[18:10:09]   [sobol 14] mt_gamma=1.3 ft_sigma_c=0.588 f=0.308 w=0.856 ratio=0.269 sigma_d=0.00165 zi_alpha=0.412 zi_mu=0.124 zi_delta=0.0358 -> D=35.685 (26s, 6m)
[18:10:28]   [sobol 15] mt_gamma=1.97 ft_sigma_c=0.239 f=1.39 w=0.292 ratio=0.344 sigma_d=0.00214 zi_alpha=0.159 zi_mu=0.102 zi_delta=0.116 -> D=32.573 (19s, 6m)
[18:10:50]   [sobol 16] mt_gamma=0.723 ft_sigma_c=0.785 f=0.444 w=0.563 ratio=0.148 sigma_d=0.00149 zi_alpha=0.314 zi_mu=0.0465 zi_delta=0.265 -> D=26.499 (22s, 7m)
[18:11:13]   [sobol 17] mt_gamma=0.802 ft_sigma_c=0.199 f=1.03 w=0.447 ratio=0.216 sigma_d=0.00162 zi_alpha=0.433 zi_mu=0.105 zi_delta=0.295 -> D=22.109 (23s, 7m)
[18:11:34]   [sobol 18] mt_gamma=1.93 ft_sigma_c=0.778 f=0.127 w=0.719 ratio=0.0323 sigma_d=0.00114 zi_alpha=0.222 zi_mu=0.0404 zi_delta=0.142 -> D=62.659 (20s, 7m)
[18:11:55]   [sobol 19] mt_gamma=1.38 ft_sigma_c=0.424 f=1.17 w=0.133 ratio=0.195 sigma_d=0.00148 zi_alpha=0.329 zi_mu=0.0494 zi_delta=0.0855 -> D=21.162 (22s, 8m)
[18:12:18]   [sobol 20] mt_gamma=0.136 ft_sigma_c=0.593 f=0.659 w=0.612 ratio=0.391 sigma_d=0.00219 zi_alpha=0.146 zi_mu=0.131 zi_delta=0.232 -> D=32.926 (22s, 8m)
[18:12:44]   [sobol 21] mt_gamma=0.412 ft_sigma_c=0.294 f=0.285 w=0.512 ratio=0.315 sigma_d=0.0019 zi_alpha=0.276 zi_mu=0.0746 zi_delta=0.0238 -> D=51.288 (26s, 8m)
[18:13:04]   [sobol 22] mt_gamma=1.06 ft_sigma_c=0.489 f=0.879 w=0.233 ratio=0.131 sigma_d=0.00118 zi_alpha=0.11 zi_mu=0.139 zi_delta=0.172 -> D=22.456 (20s, 9m)
[18:13:26]   [sobol 23] mt_gamma=1.73 ft_sigma_c=0.139 f=0.503 w=0.819 ratio=0.102 sigma_d=0.00143 zi_alpha=0.351 zi_mu=0.0968 zi_delta=0.281 -> D=27.283 (22s, 9m)
[18:13:47]   [sobol 24] mt_gamma=0.959 ft_sigma_c=0.697 f=1.33 w=0.347 ratio=0.298 sigma_d=0.00193 zi_alpha=0.214 zi_mu=0.0151 zi_delta=0.128 -> D=22.004 (22s, 9m)
[18:14:13]   [sobol 25] mt_gamma=0.923 ft_sigma_c=0.467 f=0.525 w=0.259 ratio=0.0559 sigma_d=0.00211 zi_alpha=0.285 zi_mu=0.0676 zi_delta=0.0465 -> D=42.962 (26s, 10m)
[18:14:33]   [sobol 26] mt_gamma=1.57 ft_sigma_c=0.65 f=1.31 w=0.587 ratio=0.24 sigma_d=0.00156 zi_alpha=0.102 zi_mu=0.149 zi_delta=0.194 -> D=32.248 (20s, 10m)
[18:14:57]   [sobol 27] mt_gamma=1.26 ft_sigma_c=0.247 f=0.389 w=0.373 ratio=0.367 sigma_d=0.00107 zi_alpha=0.388 zi_mu=0.0865 zi_delta=0.258 -> D=24.166 (23s, 11m)
[18:15:18]   [sobol 28] mt_gamma=0.49 ft_sigma_c=0.817 f=0.78 w=0.895 ratio=0.171 sigma_d=0.0017 zi_alpha=0.177 zi_mu=0.0221 zi_delta=0.106 -> D=35.871 (22s, 11m)
[18:15:43]   [sobol 29] mt_gamma=0.291 ft_sigma_c=0.19 f=1.15 w=0.795 ratio=0.155 sigma_d=0.00201 zi_alpha=0.396 zi_mu=0.115 zi_delta=0.32 -> D=32.200 (24s, 11m)
[18:16:05]   [sobol 30] mt_gamma=1.42 ft_sigma_c=0.734 f=0.682 w=0.473 ratio=0.339 sigma_d=0.00136 zi_alpha=0.258 zi_mu=0.0334 zi_delta=0.167 -> D=23.409 (23s, 12m)
[18:16:30]   [sobol 31] mt_gamma=1.85 ft_sigma_c=0.339 f=0.937 w=0.687 ratio=0.274 sigma_d=0.00125 zi_alpha=0.32 zi_mu=0.0563 zi_delta=0.0604 -> D=27.155 (24s, 12m)
[18:16:53]   [sobol 32] mt_gamma=0.604 ft_sigma_c=0.543 f=0.23 w=0.159 ratio=0.0781 sigma_d=0.00182 zi_alpha=0.154 zi_mu=0.121 zi_delta=0.208 -> D=55.704 (23s, 13m)
[18:17:18]   [sobol 33] mt_gamma=0.63 ft_sigma_c=0.168 f=0.608 w=0.33 ratio=0.327 sigma_d=0.00168 zi_alpha=0.338 zi_mu=0.146 zi_delta=0.149 -> D=24.091 (25s, 13m)
[18:17:40]   [sobol 34] mt_gamma=1.87 ft_sigma_c=0.714 f=1.2 w=0.802 ratio=0.119 sigma_d=0.00106 zi_alpha=0.138 zi_mu=0.0643 zi_delta=0.3 -> D=23.662 (22s, 13m)
[18:18:07]   [sobol 35] mt_gamma=1.45 ft_sigma_c=0.359 f=0.177 w=0.238 ratio=0.114 sigma_d=0.00153 zi_alpha=0.436 zi_mu=0.0249 zi_delta=0.227 -> D=47.479 (27s, 14m)
[18:18:33]   [sobol 36] mt_gamma=0.317 ft_sigma_c=0.566 f=1 w=0.516 ratio=0.286 sigma_d=0.00209 zi_alpha=0.219 zi_mu=0.0894 zi_delta=0.0794 -> D=31.538 (26s, 14m)
[18:19:01]   [sobol 37] mt_gamma=0.457 ft_sigma_c=0.442 f=1.36 w=0.616 ratio=0.228 sigma_d=0.0018 zi_alpha=0.36 zi_mu=0.0298 zi_delta=0.175 -> D=22.132 (28s, 15m)
[18:19:29]   [sobol 38] mt_gamma=1.23 ft_sigma_c=0.623 f=0.453 w=0.138 ratio=0.0202 sigma_d=0.00123 zi_alpha=0.205 zi_mu=0.111 zi_delta=0.0273 -> D=34.283 (28s, 15m)
[18:19:54]   [sobol 39] mt_gamma=1.54 ft_sigma_c=0.275 f=0.848 w=0.702 ratio=0.207 sigma_d=0.00134 zi_alpha=0.278 zi_mu=0.124 zi_delta=0.124 -> D=27.393 (26s, 16m)
[18:20:17]   [sobol 40] mt_gamma=0.889 ft_sigma_c=0.841 f=0.335 w=0.43 ratio=0.379 sigma_d=0.00199 zi_alpha=0.106 zi_mu=0.0595 zi_delta=0.278 -> D=51.349 (23s, 16m)
[18:20:41]   [sobol 41] mt_gamma=0.985 ft_sigma_c=0.323 f=0.83 w=0.163 ratio=0.143 sigma_d=0.00216 zi_alpha=0.391 zi_mu=0.041 zi_delta=0.19 -> D=28.008 (24s, 16m)
[18:21:04]   [sobol 42] mt_gamma=1.76 ft_sigma_c=0.514 f=0.358 w=0.692 ratio=0.351 sigma_d=0.00146 zi_alpha=0.174 zi_mu=0.105 zi_delta=0.0433 -> D=52.487 (22s, 17m)
[18:21:26]   [sobol 43] mt_gamma=1.09 ft_sigma_c=0.113 f=1.26 w=0.456 ratio=0.262 sigma_d=0.00113 zi_alpha=0.292 zi_mu=0.13 zi_delta=0.11 -> D=27.081 (22s, 17m)
[18:21:47]   [sobol 44] mt_gamma=0.438 ft_sigma_c=0.669 f=0.556 w=0.778 ratio=0.0902 sigma_d=0.00161 zi_alpha=0.092 zi_mu=0.0481 zi_delta=0.262 -> D=30.327 (21s, 17m)
[18:22:13]   [sobol 45] mt_gamma=0.102 ft_sigma_c=0.217 f=0.199 w=0.878 ratio=0.0442 sigma_d=0.00191 zi_alpha=0.324 zi_mu=0.14 zi_delta=0.161 -> D=50.091 (26s, 18m)
[18:22:33]   [sobol 46] mt_gamma=1.35 ft_sigma_c=0.799 f=0.987 w=0.356 ratio=0.252 sigma_d=0.00142 zi_alpha=0.152 zi_mu=0.0755 zi_delta=0.314 -> D=18.950 (20s, 18m)
[18:22:55]   [sobol 47] mt_gamma=1.9 ft_sigma_c=0.403 f=0.713 w=0.592 ratio=0.355 sigma_d=0.00115 zi_alpha=0.405 zi_mu=0.0136 zi_delta=0.214 -> D=17.703 (23s, 19m)
[18:23:18]   [sobol 48] mt_gamma=0.769 ft_sigma_c=0.574 f=1.1 w=0.263 ratio=0.183 sigma_d=0.00188 zi_alpha=0.25 zi_mu=0.0952 zi_delta=0.0658 -> D=27.880 (22s, 19m)
[18:23:38]   [sobol 49] mt_gamma=0.749 ft_sigma_c=0.41 f=0.417 w=0.747 ratio=0.304 sigma_d=0.00141 zi_alpha=0.133 zi_mu=0.0204 zi_delta=0.0547 -> D=45.708 (20s, 19m)
[18:24:00]   [sobol 50] mt_gamma=1.99 ft_sigma_c=0.614 f=0.768 w=0.419 ratio=0.0965 sigma_d=0.00196 zi_alpha=0.344 zi_mu=0.0934 zi_delta=0.207 -> D=31.877 (22s, 20m)
[18:24:21]   [sobol 51] mt_gamma=1.33 ft_sigma_c=0.213 f=0.534 w=0.633 ratio=0.136 sigma_d=0.00185 zi_alpha=0.237 zi_mu=0.134 zi_delta=0.245 -> D=35.467 (21s, 20m)
[18:24:46]   [sobol 52] mt_gamma=0.198 ft_sigma_c=0.757 f=1.28 w=0.112 ratio=0.309 sigma_d=0.00122 zi_alpha=0.42 zi_mu=0.078 zi_delta=0.0985 -> D=33.964 (25s, 20m)
[18:25:09]   [sobol 53] mt_gamma=0.338 ft_sigma_c=0.13 f=0.923 w=0.212 ratio=0.396 sigma_d=0.00151 zi_alpha=0.198 zi_mu=0.128 zi_delta=0.307 -> D=18.246 (23s, 21m)
[18:25:36]   [sobol 54] mt_gamma=1.11 ft_sigma_c=0.7 f=0.259 w=0.533 ratio=0.188 sigma_d=0.00216 zi_alpha=0.364 zi_mu=0.0549 zi_delta=0.158 -> D=54.610 (28s, 21m)
[18:25:59]   [sobol 55] mt_gamma=1.66 ft_sigma_c=0.303 f=1.12 w=0.319 ratio=0.0386 sigma_d=0.00167 zi_alpha=0.123 zi_mu=0.0435 zi_delta=0.0684 -> D=39.149 (23s, 22m)
[18:26:22]   [sobol 56] mt_gamma=1.01 ft_sigma_c=0.486 f=0.689 w=0.847 ratio=0.211 sigma_d=0.00109 zi_alpha=0.261 zi_mu=0.0994 zi_delta=0.221 -> D=21.288 (23s, 22m)
[18:26:43]   [sobol 57] mt_gamma=0.866 ft_sigma_c=0.256 f=1.18 w=0.559 ratio=0.0733 sigma_d=0.0013 zi_alpha=0.19 zi_mu=0.118 zi_delta=0.284 -> D=26.240 (21s, 22m)
[18:27:09]   [sobol 58] mt_gamma=1.64 ft_sigma_c=0.814 f=0.631 w=0.287 ratio=0.281 sigma_d=0.00177 zi_alpha=0.373 zi_mu=0.0618 zi_delta=0.137 -> D=24.049 (26s, 23m)
[18:27:30]   [sobol 59] mt_gamma=1.21 ft_sigma_c=0.458 f=1.07 w=0.873 ratio=0.332 sigma_d=0.00203 zi_alpha=0.0863 zi_mu=0.0365 zi_delta=0.0914 -> D=61.929 (21s, 23m)
[18:27:54]   [sobol 60] mt_gamma=0.556 ft_sigma_c=0.653 f=0.118 w=0.395 ratio=0.16 sigma_d=0.00133 zi_alpha=0.297 zi_mu=0.109 zi_delta=0.243 -> D=49.607 (24s, 24m)
[18:28:17]   [sobol 61] mt_gamma=0.221 ft_sigma_c=0.354 f=0.475 w=0.495 ratio=0.164 sigma_d=0.00102 zi_alpha=0.169 zi_mu=0.0273 zi_delta=0.0294 -> D=24.051 (23s, 24m)
[18:28:39]   [sobol 62] mt_gamma=1.47 ft_sigma_c=0.523 f=1.34 w=0.773 ratio=0.372 sigma_d=0.00174 zi_alpha=0.307 zi_mu=0.0831 zi_delta=0.183 -> D=32.589 (22s, 24m)
[18:29:02]   [sobol 63] mt_gamma=1.78 ft_sigma_c=0.175 f=0.278 w=0.187 ratio=0.235 sigma_d=0.00209 zi_alpha=0.246 zi_mu=0.144 zi_delta=0.27 -> D=46.789 (23s, 25m)
[18:29:27]   [sobol 64] mt_gamma=0.65 ft_sigma_c=0.754 f=0.912 w=0.659 ratio=0.0629 sigma_d=0.00159 zi_alpha=0.412 zi_mu=0.0709 zi_delta=0.122 -> D=13.781 (25s, 25m)
[18:29:50]   [sobol 65] mt_gamma=0.638 ft_sigma_c=0.266 f=0.323 w=0.276 ratio=0.117 sigma_d=0.00109 zi_alpha=0.355 zi_mu=0.0785 zi_delta=0.0763 -> D=25.059 (23s, 26m)
[18:30:13]   [sobol 66] mt_gamma=1.76 ft_sigma_c=0.844 f=0.867 w=0.554 ratio=0.325 sigma_d=0.00165 zi_alpha=0.212 zi_mu=0.134 zi_delta=0.229 -> D=28.341 (24s, 26m)
[18:30:36]   [sobol 67] mt_gamma=1.48 ft_sigma_c=0.451 f=0.43 w=0.393 ratio=0.282 sigma_d=0.00213 zi_alpha=0.274 zi_mu=0.0928 zi_delta=0.298 -> D=43.813 (23s, 26m)
[18:30:58]   [sobol 68] mt_gamma=0.235 ft_sigma_c=0.62 f=1.39 w=0.866 ratio=0.11 sigma_d=0.0015 zi_alpha=0.113 zi_mu=0.0198 zi_delta=0.15 -> D=28.747 (22s, 27m)
[18:31:21]   [sobol 69] mt_gamma=0.568 ft_sigma_c=0.368 f=1.03 w=0.766 ratio=0.0251 sigma_d=0.00119 zi_alpha=0.331 zi_mu=0.0998 zi_delta=0.275 -> D=18.759 (23s, 27m)
[18:31:43]   [sobol 70] mt_gamma=1.22 ft_sigma_c=0.563 f=0.154 w=0.493 ratio=0.233 sigma_d=0.00184 zi_alpha=0.143 zi_mu=0.0439 zi_delta=0.127 -> D=71.382 (22s, 27m)
[18:32:11]   [sobol 71] mt_gamma=1.62 ft_sigma_c=0.159 f=1.22 w=0.654 ratio=0.38 sigma_d=0.00195 zi_alpha=0.429 zi_mu=0.0543 zi_delta=0.0259 -> D=34.020 (27s, 28m)
[18:32:34]   [sobol 72] mt_gamma=0.852 ft_sigma_c=0.717 f=0.595 w=0.176 ratio=0.208 sigma_d=0.00138 zi_alpha=0.224 zi_mu=0.127 zi_delta=0.177 -> D=22.669 (23s, 28m)
[18:32:57]   [sobol 73] mt_gamma=0.992 ft_sigma_c=0.394 f=1.08 w=0.417 ratio=0.349 sigma_d=0.00157 zi_alpha=0.317 zi_mu=0.111 zi_delta=0.26 -> D=18.759 (23s, 29m)
[18:33:17]   [sobol 74] mt_gamma=1.65 ft_sigma_c=0.577 f=0.736 w=0.739 ratio=0.142 sigma_d=0.00205 zi_alpha=0.156 zi_mu=0.0381 zi_delta=0.111 -> D=53.458 (21s, 29m)
[18:33:41]   [sobol 75] mt_gamma=1.12 ft_sigma_c=0.226 f=0.969 w=0.101 ratio=0.0855 sigma_d=0.00172 zi_alpha=0.398 zi_mu=0.0603 zi_delta=0.0404 -> D=23.610 (24s, 29m)
[18:34:05]   [sobol 76] mt_gamma=0.356 ft_sigma_c=0.796 f=0.212 w=0.629 ratio=0.258 sigma_d=0.00102 zi_alpha=0.254 zi_mu=0.116 zi_delta=0.193 -> D=31.093 (23s, 30m)
[18:34:30]   [sobol 77] mt_gamma=0.214 ft_sigma_c=0.122 f=0.569 w=0.529 ratio=0.256 sigma_d=0.00131 zi_alpha=0.386 zi_mu=0.0726 zi_delta=0.0642 -> D=18.852 (25s, 30m)
[18:34:50]   [sobol 78] mt_gamma=1.34 ft_sigma_c=0.666 f=1.24 w=0.201 ratio=0.0484 sigma_d=0.00203 zi_alpha=0.181 zi_mu=0.146 zi_delta=0.216 -> D=27.335 (20s, 31m)
[18:35:11]   [sobol 79] mt_gamma=1.98 ft_sigma_c=0.314 f=0.382 w=0.839 ratio=0.185 sigma_d=0.00176 zi_alpha=0.288 zi_mu=0.0816 zi_delta=0.311 -> D=41.411 (21s, 31m)
[18:35:30]   [sobol 80] mt_gamma=0.731 ft_sigma_c=0.517 f=0.803 w=0.317 ratio=0.357 sigma_d=0.00127 zi_alpha=0.0993 zi_mu=0.0258 zi_delta=0.164 -> D=23.745 (19s, 31m)
[18:35:51]   [sobol 81] mt_gamma=0.756 ft_sigma_c=0.306 f=0.677 w=0.696 ratio=0.0925 sigma_d=0.002 zi_alpha=0.194 zi_mu=0.0878 zi_delta=0.0953 -> D=46.851 (21s, 32m)
[18:36:12]   [sobol 82] mt_gamma=1.88 ft_sigma_c=0.477 f=1.14 w=0.174 ratio=0.3 sigma_d=0.00137 zi_alpha=0.371 zi_mu=0.0233 zi_delta=0.248 -> D=18.695 (21s, 32m)
[18:36:31]   [sobol 83] mt_gamma=1.36 ft_sigma_c=0.127 f=0.235 w=0.786 ratio=0.307 sigma_d=0.00126 zi_alpha=0.119 zi_mu=0.0659 zi_delta=0.205 -> D=33.678 (19s, 32m)
[18:36:56]   [sobol 84] mt_gamma=0.117 ft_sigma_c=0.708 f=0.951 w=0.458 ratio=0.134 sigma_d=0.00181 zi_alpha=0.267 zi_mu=0.147 zi_delta=0.0565 -> D=20.210 (26s, 33m)
[18:37:16]   [sobol 85] mt_gamma=0.449 ft_sigma_c=0.21 f=1.31 w=0.358 ratio=0.189 sigma_d=0.00212 zi_alpha=0.126 zi_mu=0.0578 zi_delta=0.218 -> D=31.267 (20s, 33m)
[18:37:40]   [sobol 86] mt_gamma=1.11 ft_sigma_c=0.765 f=0.511 w=0.886 ratio=0.397 sigma_d=0.00155 zi_alpha=0.348 zi_mu=0.122 zi_delta=0.0715 -> D=27.263 (24s, 33m)
[18:38:01]   [sobol 87] mt_gamma=1.74 ft_sigma_c=0.413 f=0.785 w=0.274 ratio=0.216 sigma_d=0.00106 zi_alpha=0.23 zi_mu=0.113 zi_delta=0.157 -> D=21.255 (21s, 34m)
[18:38:27]   [sobol 88] mt_gamma=0.971 ft_sigma_c=0.605 f=0.403 w=0.596 ratio=0.0435 sigma_d=0.0017 zi_alpha=0.425 zi_mu=0.0313 zi_delta=0.309 -> D=35.787 (26s, 34m)
[18:38:48]   [sobol 89] mt_gamma=0.873 ft_sigma_c=0.178 f=0.883 w=0.809 ratio=0.276 sigma_d=0.00189 zi_alpha=0.162 zi_mu=0.0476 zi_delta=0.241 -> D=38.203 (21s, 35m)
[18:39:12]   [sobol 90] mt_gamma=1.53 ft_sigma_c=0.745 f=0.3 w=0.332 ratio=0.0686 sigma_d=0.00118 zi_alpha=0.311 zi_mu=0.129 zi_delta=0.093 -> D=34.351 (24s, 35m)
[18:39:33]   [sobol 91] mt_gamma=1.24 ft_sigma_c=0.351 f=1.33 w=0.521 ratio=0.158 sigma_d=0.00144 zi_alpha=0.239 zi_mu=0.106 zi_delta=0.134 -> D=30.134 (21s, 35m)
[18:39:57]   [sobol 92] mt_gamma=0.475 ft_sigma_c=0.531 f=0.488 w=0.249 ratio=0.331 sigma_d=0.00192 zi_alpha=0.416 zi_mu=0.0416 zi_delta=0.287 -> D=28.950 (24s, 36m)
[18:40:20]   [sobol 93] mt_gamma=0.332 ft_sigma_c=0.455 f=0.131 w=0.149 ratio=0.374 sigma_d=0.00163 zi_alpha=0.186 zi_mu=0.0948 zi_delta=0.121 -> D=59.193 (23s, 36m)
[18:40:42]   [sobol 94] mt_gamma=1.46 ft_sigma_c=0.662 f=1.05 w=0.621 ratio=0.166 sigma_d=0.00113 zi_alpha=0.38 zi_mu=0.0131 zi_delta=0.272 -> D=15.680 (22s, 36m)
[18:41:00]   [sobol 95] mt_gamma=1.86 ft_sigma_c=0.259 f=0.655 w=0.432 ratio=0.0671 sigma_d=0.00148 zi_alpha=0.0818 zi_mu=0.0761 zi_delta=0.18 -> D=30.345 (18s, 37m)
[18:41:25]   [sobol 96] mt_gamma=0.613 ft_sigma_c=0.805 f=1.16 w=0.709 ratio=0.239 sigma_d=0.0022 zi_alpha=0.304 zi_mu=0.141 zi_delta=0.0326 -> D=26.754 (25s, 37m)
[18:41:45]   [sobol 97] mt_gamma=0.587 ft_sigma_c=0.43 f=0.982 w=0.576 ratio=0.201 sigma_d=0.00191 zi_alpha=0.12 zi_mu=0.133 zi_delta=0.254 -> D=32.723 (20s, 37m)
[18:42:06]   [sobol 98] mt_gamma=1.84 ft_sigma_c=0.633 f=0.185 w=0.254 ratio=0.386 sigma_d=0.00143 zi_alpha=0.264 zi_mu=0.0509 zi_delta=0.101 -> D=56.819 (22s, 38m)
[18:42:26]   [sobol 99] mt_gamma=1.43 ft_sigma_c=0.287 f=1.11 w=0.893 ratio=0.227 sigma_d=0.00116 zi_alpha=0.202 zi_mu=0.0387 zi_delta=0.051 -> D=38.450 (20s, 38m)
[18:42:51]   [sobol 100] mt_gamma=0.306 ft_sigma_c=0.831 f=0.727 w=0.366 ratio=0.0314 sigma_d=0.00186 zi_alpha=0.362 zi_mu=0.103 zi_delta=0.199 -> D=17.395 (25s, 39m)
[18:43:13]   [sobol 101] mt_gamma=0.508 ft_sigma_c=0.157 f=0.353 w=0.466 ratio=0.104 sigma_d=0.00217 zi_alpha=0.233 zi_mu=0.0167 zi_delta=0.0745 -> D=52.443 (22s, 39m)
[18:43:37]   [sobol 102] mt_gamma=1.28 ft_sigma_c=0.727 f=0.816 w=0.793 ratio=0.288 sigma_d=0.00145 zi_alpha=0.422 zi_mu=0.0983 zi_delta=0.222 -> D=14.246 (23s, 39m)
[18:43:58]   [sobol 103] mt_gamma=1.56 ft_sigma_c=0.37 f=0.562 w=0.154 ratio=0.319 sigma_d=0.00112 zi_alpha=0.135 zi_mu=0.137 zi_delta=0.305 -> D=23.490 (22s, 40m)
[18:44:21]   [sobol 104] mt_gamma=0.907 ft_sigma_c=0.553 f=1.28 w=0.676 ratio=0.123 sigma_d=0.00161 zi_alpha=0.341 zi_mu=0.073 zi_delta=0.153 -> D=23.207 (23s, 40m)
[18:44:43]   [sobol 105] mt_gamma=0.945 ft_sigma_c=0.23 f=0.457 w=0.717 ratio=0.362 sigma_d=0.00179 zi_alpha=0.248 zi_mu=0.0227 zi_delta=0.0893 -> D=43.792 (22s, 40m)
[18:45:05]   [sobol 106] mt_gamma=1.72 ft_sigma_c=0.788 f=1.38 w=0.439 ratio=0.178 sigma_d=0.00123 zi_alpha=0.408 zi_mu=0.0871 zi_delta=0.238 -> D=23.695 (22s, 41m)
[18:45:26]   [sobol 107] mt_gamma=1.08 ft_sigma_c=0.39 f=0.331 w=0.601 ratio=0.0554 sigma_d=0.00135 zi_alpha=0.166 zi_mu=0.149 zi_delta=0.29 -> D=35.201 (21s, 41m)
[18:45:50]   [sobol 108] mt_gamma=0.423 ft_sigma_c=0.585 f=0.833 w=0.129 ratio=0.251 sigma_d=0.00198 zi_alpha=0.31 zi_mu=0.0671 zi_delta=0.138 -> D=16.632 (24s, 42m)
[18:46:12]   [sobol 109] mt_gamma=0.15 ft_sigma_c=0.333 f=1.21 w=0.229 ratio=0.265 sigma_d=0.00169 zi_alpha=0.0893 zi_mu=0.121 zi_delta=0.266 -> D=21.479 (22s, 42m)
[18:46:35]   [sobol 110] mt_gamma=1.4 ft_sigma_c=0.501 f=0.624 w=0.501 ratio=0.0807 sigma_d=0.00104 zi_alpha=0.295 zi_mu=0.0569 zi_delta=0.114 -> D=18.974 (23s, 42m)
[18:47:01]   [active 111] mt_gamma=0.227 ft_sigma_c=0.738 f=0.762 w=0.139 ratio=0.156 sigma_d=0.00102 zi_alpha=0.398 zi_mu=0.0155 zi_delta=0.177 -> D=21.436 (25s, 43m)
[18:47:25]   [active 112] mt_gamma=0.317 ft_sigma_c=0.687 f=0.791 w=0.246 ratio=0.022 sigma_d=0.00148 zi_alpha=0.393 zi_mu=0.0891 zi_delta=0.226 -> D=12.892 (24s, 43m)
[18:47:49]   [active 113] mt_gamma=0.477 ft_sigma_c=0.709 f=1.02 w=0.649 ratio=0.269 sigma_d=0.00124 zi_alpha=0.411 zi_mu=0.0841 zi_delta=0.257 -> D=13.494 (24s, 44m)
[18:48:12]   [active 114] mt_gamma=0.895 ft_sigma_c=0.726 f=0.842 w=0.442 ratio=0.306 sigma_d=0.00128 zi_alpha=0.389 zi_mu=0.0241 zi_delta=0.248 -> D=7.633 (22s, 44m)
[18:48:34]   [active 115] mt_gamma=1.15 ft_sigma_c=0.741 f=0.991 w=0.13 ratio=0.292 sigma_d=0.00109 zi_alpha=0.388 zi_mu=0.145 zi_delta=0.241 -> D=16.757 (23s, 44m)
[18:48:58]   [active 116] mt_gamma=0.865 ft_sigma_c=0.674 f=0.874 w=0.349 ratio=0.249 sigma_d=0.00143 zi_alpha=0.406 zi_mu=0.0977 zi_delta=0.292 -> D=8.735 (23s, 45m)
[18:49:23]   [active 117] mt_gamma=1.31 ft_sigma_c=0.749 f=0.847 w=0.527 ratio=0.0458 sigma_d=0.00132 zi_alpha=0.417 zi_mu=0.148 zi_delta=0.276 -> D=8.943 (25s, 45m)
[18:49:49]   [active 118] mt_gamma=0.418 ft_sigma_c=0.696 f=0.888 w=0.508 ratio=0.185 sigma_d=0.00102 zi_alpha=0.421 zi_mu=0.144 zi_delta=0.0884 -> D=19.206 (26s, 46m)
[18:50:11]   [active 119] mt_gamma=1.4 ft_sigma_c=0.7 f=0.878 w=0.632 ratio=0.132 sigma_d=0.00117 zi_alpha=0.378 zi_mu=0.0768 zi_delta=0.301 -> D=12.396 (23s, 46m)
[18:50:36]   [active 120] mt_gamma=0.267 ft_sigma_c=0.483 f=0.647 w=0.511 ratio=0.217 sigma_d=0.00122 zi_alpha=0.37 zi_mu=0.0268 zi_delta=0.161 -> D=8.380 (25s, 46m)
[18:51:00]   [active 121] mt_gamma=0.274 ft_sigma_c=0.128 f=0.163 w=0.573 ratio=0.306 sigma_d=0.00177 zi_alpha=0.305 zi_mu=0.0628 zi_delta=0.18 -> D=48.226 (24s, 47m)
[18:51:21]   [active 122] mt_gamma=0.655 ft_sigma_c=0.51 f=1.15 w=0.845 ratio=0.365 sigma_d=0.00173 zi_alpha=0.107 zi_mu=0.104 zi_delta=0.206 -> D=39.714 (21s, 47m)
[18:51:41]   [active 123] mt_gamma=1.29 ft_sigma_c=0.815 f=0.686 w=0.616 ratio=0.0534 sigma_d=0.00209 zi_alpha=0.121 zi_mu=0.0564 zi_delta=0.0988 -> D=53.084 (21s, 47m)
[18:52:04]   [active 124] mt_gamma=0.301 ft_sigma_c=0.516 f=1.12 w=0.523 ratio=0.27 sigma_d=0.00162 zi_alpha=0.3 zi_mu=0.0248 zi_delta=0.266 -> D=16.329 (23s, 48m)
[18:52:34]   [active 125] mt_gamma=0.503 ft_sigma_c=0.552 f=0.181 w=0.582 ratio=0.21 sigma_d=0.0021 zi_alpha=0.432 zi_mu=0.0839 zi_delta=0.295 -> D=53.755 (30s, 48m)
[18:53:00]   [active 126] mt_gamma=1.77 ft_sigma_c=0.736 f=0.949 w=0.588 ratio=0.203 sigma_d=0.00177 zi_alpha=0.28 zi_mu=0.132 zi_delta=0.0558 -> D=33.237 (26s, 49m)
[18:53:28]   [active 127] mt_gamma=0.957 ft_sigma_c=0.687 f=0.879 w=0.311 ratio=0.0609 sigma_d=0.0015 zi_alpha=0.394 zi_mu=0.144 zi_delta=0.294 -> D=8.715 (27s, 49m)
[18:53:52]   [active 128] mt_gamma=1.02 ft_sigma_c=0.754 f=0.863 w=0.407 ratio=0.116 sigma_d=0.00129 zi_alpha=0.424 zi_mu=0.0314 zi_delta=0.259 -> D=10.933 (24s, 50m)
[18:54:15]   [active 129] mt_gamma=0.564 ft_sigma_c=0.44 f=0.906 w=0.402 ratio=0.295 sigma_d=0.00115 zi_alpha=0.405 zi_mu=0.099 zi_delta=0.287 -> D=13.742 (24s, 50m)
[18:54:40]   [active 130] mt_gamma=0.468 ft_sigma_c=0.615 f=0.71 w=0.249 ratio=0.3 sigma_d=0.00106 zi_alpha=0.412 zi_mu=0.11 zi_delta=0.32 -> D=14.184 (25s, 50m)
[18:55:04]   [active 131] mt_gamma=0.439 ft_sigma_c=0.712 f=0.822 w=0.141 ratio=0.27 sigma_d=0.00107 zi_alpha=0.386 zi_mu=0.0416 zi_delta=0.213 -> D=15.544 (23s, 51m)
[18:55:27]   [active 132] mt_gamma=0.258 ft_sigma_c=0.654 f=1.09 w=0.283 ratio=0.248 sigma_d=0.00138 zi_alpha=0.333 zi_mu=0.0793 zi_delta=0.259 -> D=14.468 (24s, 51m)
[18:55:50]   [active 133] mt_gamma=0.67 ft_sigma_c=0.776 f=0.81 w=0.212 ratio=0.122 sigma_d=0.00101 zi_alpha=0.347 zi_mu=0.129 zi_delta=0.294 -> D=11.189 (22s, 52m)
[18:56:13]   [active 134] mt_gamma=1.32 ft_sigma_c=0.738 f=0.828 w=0.702 ratio=0.0251 sigma_d=0.00137 zi_alpha=0.43 zi_mu=0.113 zi_delta=0.242 -> D=9.933 (24s, 52m)
[18:56:37]   [active 135] mt_gamma=0.459 ft_sigma_c=0.728 f=0.914 w=0.209 ratio=0.0501 sigma_d=0.00124 zi_alpha=0.362 zi_mu=0.0796 zi_delta=0.135 -> D=13.731 (23s, 52m)
[18:57:01]   [active 136] mt_gamma=1.06 ft_sigma_c=0.576 f=0.963 w=0.567 ratio=0.293 sigma_d=0.00101 zi_alpha=0.358 zi_mu=0.0135 zi_delta=0.249 -> D=15.679 (24s, 53m)
[18:57:21]   [active 137] mt_gamma=1.78 ft_sigma_c=0.726 f=0.96 w=0.765 ratio=0.326 sigma_d=0.00173 zi_alpha=0.148 zi_mu=0.0708 zi_delta=0.109 -> D=49.604 (20s, 53m)
[18:57:42]   [active 138] mt_gamma=1.59 ft_sigma_c=0.257 f=0.944 w=0.4 ratio=0.0792 sigma_d=0.00137 zi_alpha=0.326 zi_mu=0.0463 zi_delta=0.109 -> D=25.452 (22s, 53m)
[18:58:03]   [active 139] mt_gamma=1.89 ft_sigma_c=0.246 f=0.703 w=0.226 ratio=0.222 sigma_d=0.00101 zi_alpha=0.314 zi_mu=0.0151 zi_delta=0.143 -> D=23.146 (21s, 54m)
[18:58:24]   [active 140] mt_gamma=0.132 ft_sigma_c=0.379 f=1.19 w=0.275 ratio=0.0648 sigma_d=0.00201 zi_alpha=0.121 zi_mu=0.0688 zi_delta=0.11 -> D=30.442 (22s, 54m)
[18:58:45]   [active 141] mt_gamma=1.16 ft_sigma_c=0.62 f=0.383 w=0.457 ratio=0.343 sigma_d=0.00209 zi_alpha=0.19 zi_mu=0.0549 zi_delta=0.294 -> D=49.526 (21s, 54m)
[18:59:08]   [active 142] mt_gamma=0.714 ft_sigma_c=0.688 f=0.409 w=0.211 ratio=0.399 sigma_d=0.00188 zi_alpha=0.214 zi_mu=0.0647 zi_delta=0.208 -> D=43.573 (23s, 55m)
[18:59:32]   [active 143] mt_gamma=0.95 ft_sigma_c=0.789 f=0.817 w=0.668 ratio=0.065 sigma_d=0.00146 zi_alpha=0.384 zi_mu=0.0772 zi_delta=0.252 -> D=12.368 (23s, 55m)
[18:59:55]   [active 144] mt_gamma=0.94 ft_sigma_c=0.597 f=0.869 w=0.35 ratio=0.121 sigma_d=0.00132 zi_alpha=0.36 zi_mu=0.111 zi_delta=0.296 -> D=13.830 (23s, 56m)
[19:00:19]   [active 145] mt_gamma=1.02 ft_sigma_c=0.83 f=0.778 w=0.526 ratio=0.178 sigma_d=0.00103 zi_alpha=0.396 zi_mu=0.144 zi_delta=0.303 -> D=10.668 (25s, 56m)
[19:00:53]   [active 146] mt_gamma=0.103 ft_sigma_c=0.592 f=0.936 w=0.592 ratio=0.184 sigma_d=0.00122 zi_alpha=0.369 zi_mu=0.104 zi_delta=0.273 -> D=16.872 (34s, 57m)
[19:01:24]   [active 147] mt_gamma=0.371 ft_sigma_c=0.766 f=0.678 w=0.397 ratio=0.187 sigma_d=0.00104 zi_alpha=0.345 zi_mu=0.0788 zi_delta=0.299 -> D=11.340 (30s, 57m)
[19:01:51]   [active 148] mt_gamma=0.512 ft_sigma_c=0.478 f=0.579 w=0.315 ratio=0.279 sigma_d=0.00131 zi_alpha=0.392 zi_mu=0.0272 zi_delta=0.244 -> D=13.804 (27s, 58m)
[19:02:20]   [active 149] mt_gamma=0.232 ft_sigma_c=0.731 f=0.645 w=0.182 ratio=0.025 sigma_d=0.0014 zi_alpha=0.354 zi_mu=0.0571 zi_delta=0.3 -> D=13.425 (29s, 58m)
[19:02:46]   [active 150] mt_gamma=0.503 ft_sigma_c=0.713 f=0.935 w=0.294 ratio=0.126 sigma_d=0.00142 zi_alpha=0.31 zi_mu=0.0553 zi_delta=0.312 -> D=10.241 (26s, 58m)
[19:03:12]   [active 151] mt_gamma=1.08 ft_sigma_c=0.6 f=0.942 w=0.367 ratio=0.279 sigma_d=0.00141 zi_alpha=0.424 zi_mu=0.0637 zi_delta=0.256 -> D=9.749 (26s, 59m)
[19:03:38]   [active 152] mt_gamma=0.655 ft_sigma_c=0.715 f=1.04 w=0.188 ratio=0.308 sigma_d=0.00161 zi_alpha=0.407 zi_mu=0.0144 zi_delta=0.27 -> D=8.480 (26s, 59m)
[19:04:02]   [active 153] mt_gamma=1.78 ft_sigma_c=0.222 f=0.448 w=0.44 ratio=0.343 sigma_d=0.00219 zi_alpha=0.284 zi_mu=0.0984 zi_delta=0.137 -> D=47.582 (24s, 60m)
[19:04:26]   [active 154] mt_gamma=0.911 ft_sigma_c=0.733 f=0.702 w=0.287 ratio=0.219 sigma_d=0.00167 zi_alpha=0.274 zi_mu=0.0293 zi_delta=0.248 -> D=21.951 (24s, 60m)
[19:04:47]   [active 155] mt_gamma=1.78 ft_sigma_c=0.745 f=0.668 w=0.556 ratio=0.267 sigma_d=0.00125 zi_alpha=0.124 zi_mu=0.0273 zi_delta=0.188 -> D=32.437 (22s, 60m)
[19:05:14]   [active 156] mt_gamma=0.407 ft_sigma_c=0.306 f=0.469 w=0.482 ratio=0.0698 sigma_d=0.00167 zi_alpha=0.111 zi_mu=0.0833 zi_delta=0.0525 -> D=45.284 (26s, 61m)
[19:05:41]   [active 157] mt_gamma=0.969 ft_sigma_c=0.73 f=1.24 w=0.803 ratio=0.323 sigma_d=0.0018 zi_alpha=0.345 zi_mu=0.0372 zi_delta=0.244 -> D=22.976 (28s, 61m)
[19:06:07]   [active 158] mt_gamma=1.41 ft_sigma_c=0.152 f=1.18 w=0.446 ratio=0.39 sigma_d=0.0011 zi_alpha=0.222 zi_mu=0.0438 zi_delta=0.223 -> D=25.269 (26s, 62m)
[19:06:35]   [active 159] mt_gamma=0.276 ft_sigma_c=0.68 f=0.941 w=0.358 ratio=0.225 sigma_d=0.00151 zi_alpha=0.369 zi_mu=0.0218 zi_delta=0.286 -> D=10.633 (27s, 62m)
[19:06:58]   [active 160] mt_gamma=0.798 ft_sigma_c=0.484 f=0.793 w=0.337 ratio=0.233 sigma_d=0.00144 zi_alpha=0.398 zi_mu=0.0543 zi_delta=0.278 -> D=12.253 (22s, 63m)
[19:07:21]   [active 161] mt_gamma=0.795 ft_sigma_c=0.725 f=0.842 w=0.555 ratio=0.39 sigma_d=0.00146 zi_alpha=0.427 zi_mu=0.123 zi_delta=0.295 -> D=9.550 (23s, 63m)
[19:07:42]   [active 162] mt_gamma=0.712 ft_sigma_c=0.709 f=0.873 w=0.617 ratio=0.302 sigma_d=0.00117 zi_alpha=0.359 zi_mu=0.0175 zi_delta=0.247 -> D=8.625 (21s, 63m)
[19:08:04]   [active 163] mt_gamma=1.27 ft_sigma_c=0.702 f=0.935 w=0.6 ratio=0.0958 sigma_d=0.00128 zi_alpha=0.421 zi_mu=0.1 zi_delta=0.315 -> D=12.427 (22s, 64m)
[19:08:26]   [active 164] mt_gamma=0.768 ft_sigma_c=0.776 f=0.706 w=0.521 ratio=0.0417 sigma_d=0.00142 zi_alpha=0.339 zi_mu=0.131 zi_delta=0.25 -> D=14.520 (22s, 64m)
[19:08:49]   [active 165] mt_gamma=0.957 ft_sigma_c=0.719 f=0.658 w=0.897 ratio=0.135 sigma_d=0.00129 zi_alpha=0.434 zi_mu=0.149 zi_delta=0.246 -> D=11.304 (23s, 65m)
[19:09:11]   [active 166] mt_gamma=0.467 ft_sigma_c=0.783 f=1.02 w=0.2 ratio=0.229 sigma_d=0.00135 zi_alpha=0.33 zi_mu=0.144 zi_delta=0.258 -> D=12.233 (22s, 65m)
[19:09:35]   [active 167] mt_gamma=0.308 ft_sigma_c=0.84 f=0.591 w=0.564 ratio=0.257 sigma_d=0.00161 zi_alpha=0.429 zi_mu=0.0579 zi_delta=0.282 -> D=20.381 (24s, 65m)
[19:09:58]   [active 168] mt_gamma=1.73 ft_sigma_c=0.676 f=0.882 w=0.375 ratio=0.0269 sigma_d=0.00155 zi_alpha=0.431 zi_mu=0.113 zi_delta=0.274 -> D=9.788 (22s, 66m)
[19:10:19]   [active 169] mt_gamma=1.41 ft_sigma_c=0.609 f=1.24 w=0.238 ratio=0.383 sigma_d=0.00174 zi_alpha=0.213 zi_mu=0.15 zi_delta=0.0694 -> D=24.787 (22s, 66m)
[19:10:41]   [active 170] mt_gamma=1.08 ft_sigma_c=0.768 f=0.912 w=0.447 ratio=0.364 sigma_d=0.0016 zi_alpha=0.328 zi_mu=0.0514 zi_delta=0.177 -> D=14.683 (22s, 66m)
[19:11:01]   [active 171] mt_gamma=1.24 ft_sigma_c=0.745 f=1.35 w=0.432 ratio=0.173 sigma_d=0.00139 zi_alpha=0.174 zi_mu=0.123 zi_delta=0.0593 -> D=29.489 (21s, 67m)
[19:11:27]   [active 172] mt_gamma=0.659 ft_sigma_c=0.786 f=1.24 w=0.741 ratio=0.389 sigma_d=0.00193 zi_alpha=0.336 zi_mu=0.15 zi_delta=0.0288 -> D=26.604 (25s, 67m)
[19:11:46]   [active 173] mt_gamma=1.34 ft_sigma_c=0.115 f=1.15 w=0.447 ratio=0.269 sigma_d=0.00196 zi_alpha=0.18 zi_mu=0.0908 zi_delta=0.115 -> D=33.335 (20s, 67m)
[19:12:05]   [active 174] mt_gamma=1.17 ft_sigma_c=0.589 f=1.3 w=0.322 ratio=0.186 sigma_d=0.00107 zi_alpha=0.0944 zi_mu=0.12 zi_delta=0.316 -> D=23.971 (19s, 68m)
[19:12:28]   [active 175] mt_gamma=0.442 ft_sigma_c=0.724 f=0.666 w=0.294 ratio=0.327 sigma_d=0.00147 zi_alpha=0.333 zi_mu=0.0242 zi_delta=0.272 -> D=13.427 (23s, 68m)
[19:12:51]   [active 176] mt_gamma=1.33 ft_sigma_c=0.705 f=0.879 w=0.303 ratio=0.269 sigma_d=0.00146 zi_alpha=0.342 zi_mu=0.0612 zi_delta=0.316 -> D=12.884 (23s, 69m)
[19:13:12]   [active 177] mt_gamma=0.658 ft_sigma_c=0.779 f=0.826 w=0.726 ratio=0.116 sigma_d=0.00132 zi_alpha=0.394 zi_mu=0.148 zi_delta=0.298 -> D=11.678 (21s, 69m)
[19:13:33]   [active 178] mt_gamma=0.28 ft_sigma_c=0.813 f=0.717 w=0.496 ratio=0.218 sigma_d=0.00128 zi_alpha=0.419 zi_mu=0.0383 zi_delta=0.269 -> D=17.038 (21s, 69m)
[19:13:53]   [active 179] mt_gamma=0.638 ft_sigma_c=0.657 f=0.873 w=0.256 ratio=0.0676 sigma_d=0.00151 zi_alpha=0.359 zi_mu=0.0528 zi_delta=0.257 -> D=10.098 (20s, 70m)
[19:14:14]   [active 180] mt_gamma=0.398 ft_sigma_c=0.819 f=1 w=0.214 ratio=0.0749 sigma_d=0.00135 zi_alpha=0.429 zi_mu=0.0155 zi_delta=0.291 -> D=20.084 (21s, 70m)
[19:14:35]   [active 181] mt_gamma=0.274 ft_sigma_c=0.793 f=0.686 w=0.394 ratio=0.318 sigma_d=0.00142 zi_alpha=0.387 zi_mu=0.126 zi_delta=0.291 -> D=14.050 (21s, 70m)
[19:14:54]   [active 182] mt_gamma=1.26 ft_sigma_c=0.823 f=0.778 w=0.203 ratio=0.26 sigma_d=0.00145 zi_alpha=0.379 zi_mu=0.0959 zi_delta=0.259 -> D=10.443 (19s, 71m)
[19:15:14]   [active 183] mt_gamma=1.2 ft_sigma_c=0.783 f=0.829 w=0.106 ratio=0.371 sigma_d=0.00127 zi_alpha=0.439 zi_mu=0.0809 zi_delta=0.32 -> D=13.528 (20s, 71m)
[19:15:35]   [active 184] mt_gamma=0.326 ft_sigma_c=0.718 f=0.95 w=0.414 ratio=0.185 sigma_d=0.00109 zi_alpha=0.346 zi_mu=0.0299 zi_delta=0.288 -> D=14.518 (20s, 71m)
[19:15:54]   [active 185] mt_gamma=0.238 ft_sigma_c=0.583 f=0.133 w=0.309 ratio=0.399 sigma_d=0.00116 zi_alpha=0.136 zi_mu=0.0288 zi_delta=0.0421 -> D=53.034 (19s, 72m)
[19:16:16]   [active 186] mt_gamma=0.511 ft_sigma_c=0.838 f=0.415 w=0.282 ratio=0.122 sigma_d=0.00141 zi_alpha=0.122 zi_mu=0.099 zi_delta=0.144 -> D=38.791 (23s, 72m)
[19:16:38]   [active 187] mt_gamma=1.51 ft_sigma_c=0.588 f=0.581 w=0.213 ratio=0.274 sigma_d=0.00134 zi_alpha=0.199 zi_mu=0.106 zi_delta=0.0388 -> D=35.259 (22s, 72m)
[19:17:01]   [active 188] mt_gamma=1.73 ft_sigma_c=0.387 f=1.09 w=0.657 ratio=0.179 sigma_d=0.00219 zi_alpha=0.434 zi_mu=0.0782 zi_delta=0.253 -> D=33.990 (23s, 73m)
[19:17:20]   [active 189] mt_gamma=1.97 ft_sigma_c=0.65 f=0.35 w=0.867 ratio=0.218 sigma_d=0.00179 zi_alpha=0.249 zi_mu=0.0482 zi_delta=0.299 -> D=47.140 (19s, 73m)
[19:17:44]   [active 190] mt_gamma=0.183 ft_sigma_c=0.126 f=0.502 w=0.544 ratio=0.374 sigma_d=0.00118 zi_alpha=0.0986 zi_mu=0.0648 zi_delta=0.0366 -> D=28.384 (23s, 73m)
[19:18:08]   [active 191] mt_gamma=0.931 ft_sigma_c=0.684 f=0.85 w=0.357 ratio=0.227 sigma_d=0.00119 zi_alpha=0.348 zi_mu=0.135 zi_delta=0.25 -> D=10.853 (24s, 74m)
[19:18:31]   [active 192] mt_gamma=0.76 ft_sigma_c=0.778 f=0.791 w=0.261 ratio=0.348 sigma_d=0.00134 zi_alpha=0.417 zi_mu=0.124 zi_delta=0.253 -> D=10.900 (23s, 74m)
[19:18:54]   [active 193] mt_gamma=0.426 ft_sigma_c=0.78 f=0.897 w=0.381 ratio=0.0297 sigma_d=0.00159 zi_alpha=0.389 zi_mu=0.131 zi_delta=0.2 -> D=12.782 (23s, 75m)
[19:19:18]   [active 194] mt_gamma=0.769 ft_sigma_c=0.643 f=0.848 w=0.801 ratio=0.274 sigma_d=0.00147 zi_alpha=0.427 zi_mu=0.0354 zi_delta=0.287 -> D=13.184 (23s, 75m)
[19:19:40]   [active 195] mt_gamma=1.27 ft_sigma_c=0.834 f=0.918 w=0.176 ratio=0.11 sigma_d=0.00103 zi_alpha=0.407 zi_mu=0.0859 zi_delta=0.269 -> D=16.556 (23s, 75m)
[19:20:00]   [active 196] mt_gamma=1.3 ft_sigma_c=0.768 f=0.656 w=0.318 ratio=0.388 sigma_d=0.0011 zi_alpha=0.373 zi_mu=0.0409 zi_delta=0.269 -> D=14.795 (19s, 76m)
[19:20:19]   [active 197] mt_gamma=1.31 ft_sigma_c=0.656 f=0.7 w=0.571 ratio=0.21 sigma_d=0.00126 zi_alpha=0.364 zi_mu=0.125 zi_delta=0.303 -> D=13.550 (19s, 76m)
[19:20:38]   [active 198] mt_gamma=1.19 ft_sigma_c=0.77 f=0.972 w=0.265 ratio=0.181 sigma_d=0.00144 zi_alpha=0.388 zi_mu=0.0209 zi_delta=0.298 -> D=9.995 (19s, 76m)
[19:20:57]   [active 199] mt_gamma=0.549 ft_sigma_c=0.708 f=1 w=0.667 ratio=0.272 sigma_d=0.00158 zi_alpha=0.329 zi_mu=0.148 zi_delta=0.31 -> D=13.983 (19s, 77m)
[19:21:18]   [active 200] mt_gamma=0.516 ft_sigma_c=0.782 f=0.653 w=0.616 ratio=0.171 sigma_d=0.00138 zi_alpha=0.411 zi_mu=0.139 zi_delta=0.261 -> D=13.729 (21s, 77m)
[19:21:36]   [active 201] mt_gamma=1.72 ft_sigma_c=0.493 f=1.37 w=0.467 ratio=0.175 sigma_d=0.00169 zi_alpha=0.316 zi_mu=0.0515 zi_delta=0.16 -> D=28.492 (19s, 77m)
[19:21:53]   [active 202] mt_gamma=1.43 ft_sigma_c=0.735 f=0.765 w=0.101 ratio=0.146 sigma_d=0.00161 zi_alpha=0.132 zi_mu=0.0423 zi_delta=0.0969 -> D=37.120 (17s, 78m)
[19:22:13]   [active 203] mt_gamma=1.65 ft_sigma_c=0.205 f=0.813 w=0.547 ratio=0.139 sigma_d=0.00144 zi_alpha=0.31 zi_mu=0.129 zi_delta=0.062 -> D=30.588 (19s, 78m)
[19:22:32]   [active 204] mt_gamma=0.584 ft_sigma_c=0.623 f=0.378 w=0.869 ratio=0.348 sigma_d=0.00157 zi_alpha=0.26 zi_mu=0.131 zi_delta=0.0559 -> D=35.957 (20s, 78m)
[19:22:54]   [active 205] mt_gamma=0.398 ft_sigma_c=0.794 f=0.486 w=0.509 ratio=0.355 sigma_d=0.00151 zi_alpha=0.436 zi_mu=0.101 zi_delta=0.0676 -> D=18.604 (22s, 79m)
[19:23:14]   [active 206] mt_gamma=0.466 ft_sigma_c=0.736 f=0.3 w=0.871 ratio=0.283 sigma_d=0.00201 zi_alpha=0.293 zi_mu=0.0287 zi_delta=0.214 -> D=43.608 (20s, 79m)
[19:23:34]   [active 207] mt_gamma=1.31 ft_sigma_c=0.587 f=0.878 w=0.26 ratio=0.0585 sigma_d=0.00152 zi_alpha=0.398 zi_mu=0.145 zi_delta=0.299 -> D=13.064 (20s, 79m)
[19:23:54]   [active 208] mt_gamma=0.659 ft_sigma_c=0.749 f=0.92 w=0.562 ratio=0.361 sigma_d=0.0012 zi_alpha=0.425 zi_mu=0.0134 zi_delta=0.273 -> D=12.208 (19s, 80m)
[19:24:13]   [active 209] mt_gamma=0.851 ft_sigma_c=0.739 f=0.893 w=0.447 ratio=0.127 sigma_d=0.0015 zi_alpha=0.375 zi_mu=0.0181 zi_delta=0.228 -> D=12.722 (19s, 80m)
[19:24:32]   [active 210] mt_gamma=1.3 ft_sigma_c=0.665 f=0.801 w=0.614 ratio=0.146 sigma_d=0.00142 zi_alpha=0.419 zi_mu=0.0631 zi_delta=0.247 -> D=13.439 (19s, 80m)
[19:24:52]   [active 211] mt_gamma=0.374 ft_sigma_c=0.759 f=0.839 w=0.406 ratio=0.274 sigma_d=0.00103 zi_alpha=0.348 zi_mu=0.0388 zi_delta=0.292 -> D=14.197 (20s, 81m)
[19:25:13]   [active 212] mt_gamma=0.278 ft_sigma_c=0.629 f=0.841 w=0.668 ratio=0.217 sigma_d=0.00155 zi_alpha=0.407 zi_mu=0.108 zi_delta=0.254 -> D=12.514 (21s, 81m)
[19:25:34]   [active 213] mt_gamma=0.926 ft_sigma_c=0.676 f=0.861 w=0.388 ratio=0.091 sigma_d=0.00105 zi_alpha=0.438 zi_mu=0.131 zi_delta=0.18 -> D=15.575 (20s, 81m)
[19:25:54]   [active 214] mt_gamma=0.993 ft_sigma_c=0.501 f=0.918 w=0.324 ratio=0.322 sigma_d=0.00142 zi_alpha=0.311 zi_mu=0.0834 zi_delta=0.31 -> D=15.048 (20s, 82m)
[19:26:18]   [active 215] mt_gamma=0.249 ft_sigma_c=0.715 f=0.756 w=0.208 ratio=0.32 sigma_d=0.0013 zi_alpha=0.433 zi_mu=0.0269 zi_delta=0.296 -> D=16.441 (24s, 82m)
[19:26:39]   [active 216] mt_gamma=1.31 ft_sigma_c=0.418 f=0.846 w=0.392 ratio=0.122 sigma_d=0.00161 zi_alpha=0.373 zi_mu=0.0408 zi_delta=0.308 -> D=20.269 (22s, 82m)
[19:27:01]   [active 217] mt_gamma=1.78 ft_sigma_c=0.486 f=0.654 w=0.785 ratio=0.168 sigma_d=0.0012 zi_alpha=0.389 zi_mu=0.0205 zi_delta=0.319 -> D=20.051 (22s, 83m)
[19:27:23]   [active 218] mt_gamma=0.144 ft_sigma_c=0.62 f=0.438 w=0.389 ratio=0.235 sigma_d=0.00112 zi_alpha=0.278 zi_mu=0.146 zi_delta=0.156 -> D=14.051 (21s, 83m)
[19:27:43]   [active 219] mt_gamma=0.722 ft_sigma_c=0.175 f=1.09 w=0.153 ratio=0.252 sigma_d=0.00137 zi_alpha=0.425 zi_mu=0.0863 zi_delta=0.315 -> D=21.794 (20s, 83m)
[19:28:02]   [active 220] mt_gamma=0.161 ft_sigma_c=0.416 f=0.62 w=0.868 ratio=0.381 sigma_d=0.00206 zi_alpha=0.176 zi_mu=0.0254 zi_delta=0.0841 -> D=50.778 (20s, 84m)
[19:28:22]   [active 221] mt_gamma=0.215 ft_sigma_c=0.273 f=0.713 w=0.804 ratio=0.251 sigma_d=0.00216 zi_alpha=0.14 zi_mu=0.119 zi_delta=0.229 -> D=40.529 (19s, 84m)
[19:28:40]   [active 222] mt_gamma=0.433 ft_sigma_c=0.423 f=0.293 w=0.325 ratio=0.0521 sigma_d=0.00217 zi_alpha=0.138 zi_mu=0.0647 zi_delta=0.241 -> D=53.221 (19s, 84m)
[19:29:02]   [active 223] mt_gamma=1.07 ft_sigma_c=0.778 f=0.788 w=0.573 ratio=0.027 sigma_d=0.00108 zi_alpha=0.398 zi_mu=0.0504 zi_delta=0.231 -> D=12.997 (21s, 85m)
[19:29:22]   [active 224] mt_gamma=0.787 ft_sigma_c=0.781 f=0.781 w=0.442 ratio=0.293 sigma_d=0.0015 zi_alpha=0.384 zi_mu=0.113 zi_delta=0.208 -> D=10.309 (20s, 85m)
[19:29:41]   [active 225] mt_gamma=0.897 ft_sigma_c=0.802 f=0.936 w=0.844 ratio=0.187 sigma_d=0.00125 zi_alpha=0.395 zi_mu=0.109 zi_delta=0.266 -> D=13.096 (20s, 85m)
[19:30:01]   [active 226] mt_gamma=0.439 ft_sigma_c=0.763 f=0.873 w=0.159 ratio=0.151 sigma_d=0.00142 zi_alpha=0.412 zi_mu=0.0988 zi_delta=0.284 -> D=13.222 (20s, 86m)
[19:30:21]   [active 227] mt_gamma=0.371 ft_sigma_c=0.829 f=0.865 w=0.288 ratio=0.0464 sigma_d=0.00128 zi_alpha=0.377 zi_mu=0.0212 zi_delta=0.273 -> D=16.307 (20s, 86m)
[19:30:41]   [active 228] mt_gamma=0.736 ft_sigma_c=0.811 f=0.793 w=0.312 ratio=0.379 sigma_d=0.00104 zi_alpha=0.416 zi_mu=0.0188 zi_delta=0.2 -> D=16.535 (20s, 86m)
[19:31:00]   [active 229] mt_gamma=0.969 ft_sigma_c=0.735 f=0.841 w=0.193 ratio=0.384 sigma_d=0.00124 zi_alpha=0.348 zi_mu=0.0875 zi_delta=0.211 -> D=13.068 (19s, 87m)
[19:31:19]   [active 230] mt_gamma=0.674 ft_sigma_c=0.648 f=0.569 w=0.444 ratio=0.365 sigma_d=0.00105 zi_alpha=0.358 zi_mu=0.149 zi_delta=0.312 -> D=13.882 (19s, 87m)
[19:31:38]   [active 231] mt_gamma=1.26 ft_sigma_c=0.712 f=1 w=0.414 ratio=0.213 sigma_d=0.00111 zi_alpha=0.35 zi_mu=0.0811 zi_delta=0.254 -> D=14.589 (19s, 87m)
[19:31:58]   [active 232] mt_gamma=0.445 ft_sigma_c=0.601 f=0.815 w=0.783 ratio=0.113 sigma_d=0.00155 zi_alpha=0.433 zi_mu=0.0734 zi_delta=0.256 -> D=13.594 (21s, 88m)
[19:32:16]   [active 233] mt_gamma=1.15 ft_sigma_c=0.594 f=0.776 w=0.167 ratio=0.398 sigma_d=0.00204 zi_alpha=0.248 zi_mu=0.0715 zi_delta=0.319 -> D=26.963 (18s, 88m)
[19:32:33]   [active 234] mt_gamma=1.26 ft_sigma_c=0.187 f=0.891 w=0.685 ratio=0.307 sigma_d=0.00219 zi_alpha=0.113 zi_mu=0.139 zi_delta=0.144 -> D=46.328 (17s, 88m)
[19:32:51]   [active 235] mt_gamma=0.767 ft_sigma_c=0.578 f=1.2 w=0.561 ratio=0.0728 sigma_d=0.00205 zi_alpha=0.127 zi_mu=0.146 zi_delta=0.132 -> D=39.373 (18s, 89m)
[19:33:11]   [active 236] mt_gamma=1.01 ft_sigma_c=0.653 f=0.745 w=0.842 ratio=0.0678 sigma_d=0.0014 zi_alpha=0.421 zi_mu=0.145 zi_delta=0.18 -> D=12.048 (20s, 89m)
[19:33:30]   [active 237] mt_gamma=1.03 ft_sigma_c=0.793 f=0.813 w=0.516 ratio=0.131 sigma_d=0.00211 zi_alpha=0.255 zi_mu=0.0281 zi_delta=0.059 -> D=35.548 (19s, 89m)
[19:33:47]   [active 238] mt_gamma=1.32 ft_sigma_c=0.195 f=0.599 w=0.839 ratio=0.053 sigma_d=0.00112 zi_alpha=0.12 zi_mu=0.0842 zi_delta=0.0889 -> D=31.304 (16s, 89m)
[19:34:07]   [active 239] mt_gamma=1.02 ft_sigma_c=0.792 f=0.809 w=0.427 ratio=0.39 sigma_d=0.00157 zi_alpha=0.431 zi_mu=0.148 zi_delta=0.314 -> D=10.119 (20s, 90m)
[19:34:27]   [active 240] mt_gamma=0.488 ft_sigma_c=0.772 f=0.989 w=0.178 ratio=0.239 sigma_d=0.00155 zi_alpha=0.369 zi_mu=0.101 zi_delta=0.165 -> D=11.728 (20s, 90m)
[19:34:47]   [active 241] mt_gamma=0.744 ft_sigma_c=0.782 f=0.977 w=0.649 ratio=0.0243 sigma_d=0.00118 zi_alpha=0.381 zi_mu=0.143 zi_delta=0.209 -> D=13.443 (20s, 90m)
[19:35:05]   [active 242] mt_gamma=0.466 ft_sigma_c=0.654 f=1.02 w=0.127 ratio=0.394 sigma_d=0.00149 zi_alpha=0.336 zi_mu=0.0138 zi_delta=0.296 -> D=8.673 (18s, 91m)
[19:35:24]   [active 243] mt_gamma=1.23 ft_sigma_c=0.647 f=0.586 w=0.274 ratio=0.0968 sigma_d=0.00157 zi_alpha=0.39 zi_mu=0.144 zi_delta=0.279 -> D=19.395 (19s, 91m)
[19:35:44]   [active 244] mt_gamma=0.658 ft_sigma_c=0.637 f=0.715 w=0.428 ratio=0.198 sigma_d=0.00133 zi_alpha=0.392 zi_mu=0.0203 zi_delta=0.207 -> D=8.507 (20s, 91m)
[19:36:04]   [active 245] mt_gamma=0.791 ft_sigma_c=0.784 f=0.582 w=0.359 ratio=0.297 sigma_d=0.00153 zi_alpha=0.331 zi_mu=0.141 zi_delta=0.297 -> D=20.430 (21s, 92m)
[19:36:27]   [active 246] mt_gamma=1.29 ft_sigma_c=0.762 f=0.979 w=0.27 ratio=0.301 sigma_d=0.00132 zi_alpha=0.43 zi_mu=0.0158 zi_delta=0.237 -> D=10.708 (22s, 92m)
[19:36:48]   [active 247] mt_gamma=0.227 ft_sigma_c=0.747 f=0.813 w=0.31 ratio=0.0937 sigma_d=0.00156 zi_alpha=0.316 zi_mu=0.0738 zi_delta=0.225 -> D=11.714 (21s, 93m)
[19:37:07]   [active 248] mt_gamma=0.581 ft_sigma_c=0.634 f=0.807 w=0.563 ratio=0.329 sigma_d=0.00109 zi_alpha=0.341 zi_mu=0.0229 zi_delta=0.267 -> D=8.902 (19s, 93m)
[19:37:25]   [active 249] mt_gamma=1.21 ft_sigma_c=0.815 f=0.551 w=0.44 ratio=0.305 sigma_d=0.00201 zi_alpha=0.168 zi_mu=0.0193 zi_delta=0.0928 -> D=49.795 (18s, 93m)
[19:37:46]   [active 250] mt_gamma=1.46 ft_sigma_c=0.101 f=1.28 w=0.839 ratio=0.332 sigma_d=0.00151 zi_alpha=0.143 zi_mu=0.0998 zi_delta=0.287 -> D=34.511 (21s, 93m)
[19:38:07]   [active 251] mt_gamma=1.69 ft_sigma_c=0.531 f=1.07 w=0.742 ratio=0.243 sigma_d=0.00146 zi_alpha=0.129 zi_mu=0.0573 zi_delta=0.318 -> D=28.370 (21s, 94m)
[19:38:33]   [active 252] mt_gamma=1.01 ft_sigma_c=0.728 f=1.4 w=0.644 ratio=0.385 sigma_d=0.0015 zi_alpha=0.412 zi_mu=0.0582 zi_delta=0.232 -> D=20.526 (26s, 94m)
[19:39:08]   [active 253] mt_gamma=1.36 ft_sigma_c=0.413 f=0.683 w=0.217 ratio=0.364 sigma_d=0.00153 zi_alpha=0.434 zi_mu=0.0659 zi_delta=0.252 -> D=18.433 (35s, 95m)
[19:39:41]   [active 254] mt_gamma=0.765 ft_sigma_c=0.776 f=0.618 w=0.576 ratio=0.386 sigma_d=0.00115 zi_alpha=0.257 zi_mu=0.0783 zi_delta=0.236 -> D=15.387 (33s, 95m)
[19:40:09]   [active 255] mt_gamma=0.88 ft_sigma_c=0.681 f=0.797 w=0.402 ratio=0.139 sigma_d=0.0011 zi_alpha=0.338 zi_mu=0.0232 zi_delta=0.252 -> D=10.704 (27s, 96m)
[19:40:38]   [active 256] mt_gamma=1.22 ft_sigma_c=0.518 f=0.789 w=0.209 ratio=0.221 sigma_d=0.00142 zi_alpha=0.418 zi_mu=0.133 zi_delta=0.245 -> D=10.971 (29s, 96m)
[19:41:18]   [active 257] mt_gamma=0.555 ft_sigma_c=0.78 f=0.659 w=0.689 ratio=0.355 sigma_d=0.00117 zi_alpha=0.353 zi_mu=0.146 zi_delta=0.304 -> D=7.622 (40s, 97m)
[19:41:46]   [active 258] mt_gamma=0.463 ft_sigma_c=0.688 f=1.07 w=0.584 ratio=0.188 sigma_d=0.00143 zi_alpha=0.349 zi_mu=0.019 zi_delta=0.303 -> D=11.399 (29s, 97m)
[19:42:10]   [active 259] mt_gamma=0.563 ft_sigma_c=0.507 f=0.686 w=0.429 ratio=0.271 sigma_d=0.00113 zi_alpha=0.377 zi_mu=0.0645 zi_delta=0.269 -> D=11.730 (24s, 98m)
[19:42:40]   [active 260] mt_gamma=0.315 ft_sigma_c=0.761 f=0.983 w=0.856 ratio=0.195 sigma_d=0.00158 zi_alpha=0.371 zi_mu=0.128 zi_delta=0.262 -> D=19.128 (30s, 98m)
[19:43:09]   [active 261] mt_gamma=0.687 ft_sigma_c=0.829 f=0.855 w=0.273 ratio=0.107 sigma_d=0.00156 zi_alpha=0.415 zi_mu=0.0377 zi_delta=0.252 -> D=13.304 (29s, 99m)
[19:43:32]   [active 262] mt_gamma=1.03 ft_sigma_c=0.491 f=0.953 w=0.479 ratio=0.331 sigma_d=0.00149 zi_alpha=0.42 zi_mu=0.0625 zi_delta=0.241 -> D=12.765 (23s, 99m)
[19:43:53]   [active 263] mt_gamma=1.16 ft_sigma_c=0.764 f=0.709 w=0.19 ratio=0.244 sigma_d=0.00143 zi_alpha=0.366 zi_mu=0.0622 zi_delta=0.238 -> D=12.754 (21s, 100m)
[19:44:15]   [active 264] mt_gamma=1.07 ft_sigma_c=0.702 f=0.96 w=0.285 ratio=0.0291 sigma_d=0.00118 zi_alpha=0.336 zi_mu=0.103 zi_delta=0.237 -> D=13.210 (22s, 100m)
[19:44:37]   [active 265] mt_gamma=0.856 ft_sigma_c=0.427 f=0.528 w=0.262 ratio=0.25 sigma_d=0.00189 zi_alpha=0.434 zi_mu=0.0212 zi_delta=0.268 -> D=28.033 (22s, 100m)
[19:45:04]   [active 266] mt_gamma=0.13 ft_sigma_c=0.771 f=0.88 w=0.724 ratio=0.396 sigma_d=0.00142 zi_alpha=0.382 zi_mu=0.09 zi_delta=0.155 -> D=22.735 (27s, 101m)
[19:45:24]   [active 267] mt_gamma=1.67 ft_sigma_c=0.409 f=0.14 w=0.7 ratio=0.0506 sigma_d=0.0012 zi_alpha=0.211 zi_mu=0.0761 zi_delta=0.157 -> D=53.651 (20s, 101m)
[19:45:44]   [active 268] mt_gamma=1.6 ft_sigma_c=0.358 f=0.158 w=0.82 ratio=0.371 sigma_d=0.00154 zi_alpha=0.311 zi_mu=0.0961 zi_delta=0.167 -> D=52.113 (20s, 101m)
[19:46:03]   [active 269] mt_gamma=1.77 ft_sigma_c=0.478 f=0.658 w=0.82 ratio=0.218 sigma_d=0.00198 zi_alpha=0.0931 zi_mu=0.0674 zi_delta=0.227 -> D=47.952 (19s, 102m)
[19:46:22]   [active 270] mt_gamma=1.93 ft_sigma_c=0.623 f=0.954 w=0.15 ratio=0.0615 sigma_d=0.00105 zi_alpha=0.169 zi_mu=0.0607 zi_delta=0.0578 -> D=24.721 (20s, 102m)
[19:46:46]   [active 271] mt_gamma=1.05 ft_sigma_c=0.739 f=0.844 w=0.398 ratio=0.316 sigma_d=0.00143 zi_alpha=0.384 zi_mu=0.0261 zi_delta=0.242 -> D=8.240 (23s, 102m)
[19:47:09]   [active 272] mt_gamma=0.588 ft_sigma_c=0.772 f=0.659 w=0.638 ratio=0.0237 sigma_d=0.00126 zi_alpha=0.366 zi_mu=0.0916 zi_delta=0.3 -> D=15.883 (23s, 103m)
[19:47:31]   [active 273] mt_gamma=0.926 ft_sigma_c=0.766 f=0.923 w=0.578 ratio=0.124 sigma_d=0.00127 zi_alpha=0.328 zi_mu=0.0885 zi_delta=0.308 -> D=11.308 (22s, 103m)
[19:47:53]   [active 274] mt_gamma=1.26 ft_sigma_c=0.513 f=0.866 w=0.124 ratio=0.212 sigma_d=0.00142 zi_alpha=0.436 zi_mu=0.0841 zi_delta=0.314 -> D=12.329 (22s, 104m)
[19:48:14]   [active 275] mt_gamma=0.699 ft_sigma_c=0.517 f=0.927 w=0.103 ratio=0.192 sigma_d=0.00137 zi_alpha=0.35 zi_mu=0.0544 zi_delta=0.265 -> D=14.196 (21s, 104m)
[19:48:37]   [active 276] mt_gamma=0.679 ft_sigma_c=0.635 f=0.696 w=0.395 ratio=0.0934 sigma_d=0.00146 zi_alpha=0.414 zi_mu=0.122 zi_delta=0.313 -> D=10.736 (23s, 104m)
[19:48:59]   [active 277] mt_gamma=0.419 ft_sigma_c=0.537 f=0.712 w=0.359 ratio=0.376 sigma_d=0.00104 zi_alpha=0.347 zi_mu=0.134 zi_delta=0.236 -> D=13.630 (22s, 105m)
[19:49:23]   [active 278] mt_gamma=0.39 ft_sigma_c=0.712 f=0.815 w=0.197 ratio=0.198 sigma_d=0.00156 zi_alpha=0.411 zi_mu=0.0179 zi_delta=0.316 -> D=11.211 (23s, 105m)
[19:49:45]   [active 279] mt_gamma=0.959 ft_sigma_c=0.702 f=0.884 w=0.48 ratio=0.28 sigma_d=0.0013 zi_alpha=0.414 zi_mu=0.112 zi_delta=0.188 -> D=9.181 (23s, 105m)
[19:50:07]   [active 280] mt_gamma=0.651 ft_sigma_c=0.508 f=0.853 w=0.232 ratio=0.262 sigma_d=0.00152 zi_alpha=0.373 zi_mu=0.0342 zi_delta=0.158 -> D=11.770 (21s, 106m)
[19:50:27]   [active 281] mt_gamma=0.632 ft_sigma_c=0.191 f=1.19 w=0.169 ratio=0.285 sigma_d=0.00201 zi_alpha=0.294 zi_mu=0.124 zi_delta=0.284 -> D=22.956 (21s, 106m)
[19:50:47]   [active 282] mt_gamma=1.94 ft_sigma_c=0.164 f=1.11 w=0.513 ratio=0.224 sigma_d=0.00115 zi_alpha=0.183 zi_mu=0.12 zi_delta=0.205 -> D=25.751 (20s, 106m)
[19:51:09]   [active 283] mt_gamma=1.43 ft_sigma_c=0.537 f=1.23 w=0.157 ratio=0.219 sigma_d=0.00204 zi_alpha=0.368 zi_mu=0.0388 zi_delta=0.0575 -> D=19.929 (22s, 107m)
[19:51:30]   [active 284] mt_gamma=1.05 ft_sigma_c=0.306 f=0.576 w=0.415 ratio=0.396 sigma_d=0.00107 zi_alpha=0.416 zi_mu=0.144 zi_delta=0.274 -> D=18.814 (21s, 107m)
[19:51:50]   [active 285] mt_gamma=1.76 ft_sigma_c=0.815 f=1.16 w=0.66 ratio=0.396 sigma_d=0.00106 zi_alpha=0.215 zi_mu=0.0386 zi_delta=0.0715 -> D=22.752 (20s, 108m)
[19:52:12]   [active 286] mt_gamma=0.758 ft_sigma_c=0.582 f=0.481 w=0.362 ratio=0.224 sigma_d=0.00115 zi_alpha=0.361 zi_mu=0.0191 zi_delta=0.15 -> D=18.119 (22s, 108m)
[19:52:37]   [active 287] mt_gamma=0.645 ft_sigma_c=0.745 f=1 w=0.181 ratio=0.139 sigma_d=0.00148 zi_alpha=0.395 zi_mu=0.0611 zi_delta=0.238 -> D=10.323 (25s, 108m)
[19:53:08]   [active 288] mt_gamma=0.832 ft_sigma_c=0.669 f=0.876 w=0.627 ratio=0.246 sigma_d=0.00135 zi_alpha=0.414 zi_mu=0.0965 zi_delta=0.319 -> D=8.844 (30s, 109m)
[19:53:30]   [active 289] mt_gamma=0.925 ft_sigma_c=0.743 f=0.861 w=0.583 ratio=0.369 sigma_d=0.00121 zi_alpha=0.379 zi_mu=0.0559 zi_delta=0.261 -> D=7.962 (22s, 109m)
[19:53:52]   [active 290] mt_gamma=0.879 ft_sigma_c=0.796 f=0.661 w=0.542 ratio=0.196 sigma_d=0.0011 zi_alpha=0.332 zi_mu=0.048 zi_delta=0.317 -> D=7.852 (22s, 110m)
[19:54:16]   [active 291] mt_gamma=1.12 ft_sigma_c=0.736 f=0.947 w=0.59 ratio=0.0994 sigma_d=0.00128 zi_alpha=0.408 zi_mu=0.116 zi_delta=0.283 -> D=12.214 (24s, 110m)
[19:54:37]   [active 292] mt_gamma=0.904 ft_sigma_c=0.487 f=0.802 w=0.46 ratio=0.269 sigma_d=0.00109 zi_alpha=0.357 zi_mu=0.15 zi_delta=0.294 -> D=15.091 (21s, 110m)
[19:54:59]   [active 293] mt_gamma=0.73 ft_sigma_c=0.624 f=0.859 w=0.291 ratio=0.33 sigma_d=0.00142 zi_alpha=0.324 zi_mu=0.123 zi_delta=0.292 -> D=10.145 (22s, 111m)
[19:55:25]   [active 294] mt_gamma=0.498 ft_sigma_c=0.689 f=0.823 w=0.836 ratio=0.0597 sigma_d=0.00149 zi_alpha=0.375 zi_mu=0.0856 zi_delta=0.235 -> D=11.403 (26s, 111m)
[19:55:45]   [active 295] mt_gamma=1.22 ft_sigma_c=0.802 f=0.899 w=0.359 ratio=0.389 sigma_d=0.0013 zi_alpha=0.333 zi_mu=0.146 zi_delta=0.196 -> D=8.864 (21s, 111m)
[19:56:08]   [active 296] mt_gamma=1.08 ft_sigma_c=0.665 f=0.972 w=0.644 ratio=0.126 sigma_d=0.00142 zi_alpha=0.373 zi_mu=0.0191 zi_delta=0.266 -> D=16.655 (23s, 112m)
[19:56:30]   [active 297] mt_gamma=0.345 ft_sigma_c=0.653 f=1.32 w=0.775 ratio=0.192 sigma_d=0.00211 zi_alpha=0.256 zi_mu=0.04 zi_delta=0.0348 -> D=34.008 (21s, 112m)
[19:56:50]   [active 298] mt_gamma=1.98 ft_sigma_c=0.465 f=0.445 w=0.864 ratio=0.101 sigma_d=0.00109 zi_alpha=0.358 zi_mu=0.104 zi_delta=0.276 -> D=24.454 (21s, 113m)
[19:57:12]   [active 299] mt_gamma=1.37 ft_sigma_c=0.795 f=0.798 w=0.839 ratio=0.299 sigma_d=0.00142 zi_alpha=0.296 zi_mu=0.102 zi_delta=0.159 -> D=22.934 (22s, 113m)
[19:57:33]   [active 300] mt_gamma=0.451 ft_sigma_c=0.354 f=0.614 w=0.546 ratio=0.37 sigma_d=0.00122 zi_alpha=0.318 zi_mu=0.118 zi_delta=0.253 -> D=15.442 (21s, 113m)
[19:57:53]   [active 301] mt_gamma=0.748 ft_sigma_c=0.554 f=0.745 w=0.452 ratio=0.376 sigma_d=0.00167 zi_alpha=0.184 zi_mu=0.0956 zi_delta=0.18 -> D=27.518 (20s, 114m)
[19:58:12]   [active 302] mt_gamma=1.9 ft_sigma_c=0.695 f=0.27 w=0.612 ratio=0.133 sigma_d=0.00219 zi_alpha=0.128 zi_mu=0.0888 zi_delta=0.288 -> D=63.715 (19s, 114m)
[19:58:35]   [active 303] mt_gamma=0.459 ft_sigma_c=0.626 f=0.936 w=0.196 ratio=0.326 sigma_d=0.00133 zi_alpha=0.364 zi_mu=0.0936 zi_delta=0.239 -> D=9.501 (22s, 114m)
[19:59:00]   [active 304] mt_gamma=0.478 ft_sigma_c=0.724 f=1.05 w=0.541 ratio=0.229 sigma_d=0.00149 zi_alpha=0.394 zi_mu=0.0761 zi_delta=0.177 -> D=13.913 (25s, 115m)
[19:59:22]   [active 305] mt_gamma=0.893 ft_sigma_c=0.611 f=0.903 w=0.568 ratio=0.223 sigma_d=0.00137 zi_alpha=0.399 zi_mu=0.0468 zi_delta=0.228 -> D=12.361 (22s, 115m)
[19:59:43]   [active 306] mt_gamma=0.842 ft_sigma_c=0.736 f=0.819 w=0.253 ratio=0.259 sigma_d=0.00116 zi_alpha=0.373 zi_mu=0.0682 zi_delta=0.226 -> D=9.962 (21s, 115m)
[20:00:05]   [active 307] mt_gamma=0.585 ft_sigma_c=0.84 f=0.635 w=0.607 ratio=0.0497 sigma_d=0.00121 zi_alpha=0.4 zi_mu=0.0509 zi_delta=0.308 -> D=11.839 (22s, 116m)
[20:00:26]   [active 308] mt_gamma=0.231 ft_sigma_c=0.493 f=1.03 w=0.303 ratio=0.321 sigma_d=0.00159 zi_alpha=0.336 zi_mu=0.0223 zi_delta=0.202 -> D=9.413 (22s, 116m)
[20:00:49]   [active 309] mt_gamma=1.4 ft_sigma_c=0.642 f=0.781 w=0.484 ratio=0.236 sigma_d=0.00148 zi_alpha=0.366 zi_mu=0.0639 zi_delta=0.294 -> D=16.540 (23s, 117m)
[20:01:10]   [active 310] mt_gamma=0.822 ft_sigma_c=0.661 f=0.848 w=0.61 ratio=0.353 sigma_d=0.00107 zi_alpha=0.358 zi_mu=0.0851 zi_delta=0.193 -> D=11.465 (20s, 117m)
[20:01:31]   [active 311] mt_gamma=1.16 ft_sigma_c=0.512 f=0.859 w=0.216 ratio=0.244 sigma_d=0.00144 zi_alpha=0.334 zi_mu=0.13 zi_delta=0.257 -> D=15.416 (21s, 117m)
[20:01:56]   [active 312] mt_gamma=0.864 ft_sigma_c=0.798 f=0.681 w=0.474 ratio=0.103 sigma_d=0.00121 zi_alpha=0.418 zi_mu=0.0916 zi_delta=0.169 -> D=10.486 (25s, 118m)
[20:02:20]   [active 313] mt_gamma=0.572 ft_sigma_c=0.302 f=0.42 w=0.335 ratio=0.322 sigma_d=0.00144 zi_alpha=0.353 zi_mu=0.0873 zi_delta=0.21 -> D=25.613 (23s, 118m)
[20:02:44]   [active 314] mt_gamma=0.336 ft_sigma_c=0.413 f=0.923 w=0.218 ratio=0.236 sigma_d=0.00196 zi_alpha=0.381 zi_mu=0.115 zi_delta=0.0939 -> D=16.653 (24s, 118m)
[20:03:09]   [active 315] mt_gamma=0.242 ft_sigma_c=0.758 f=0.959 w=0.759 ratio=0.227 sigma_d=0.00138 zi_alpha=0.306 zi_mu=0.143 zi_delta=0.215 -> D=14.888 (25s, 119m)
[20:03:29]   [active 316] mt_gamma=0.857 ft_sigma_c=0.133 f=0.986 w=0.278 ratio=0.362 sigma_d=0.00189 zi_alpha=0.219 zi_mu=0.1 zi_delta=0.245 -> D=22.345 (20s, 119m)
[20:03:55]   [active 317] mt_gamma=0.352 ft_sigma_c=0.25 f=1.02 w=0.329 ratio=0.292 sigma_d=0.00114 zi_alpha=0.379 zi_mu=0.148 zi_delta=0.27 -> D=19.770 (26s, 120m)
[20:04:16]   [active 318] mt_gamma=0.554 ft_sigma_c=0.201 f=0.263 w=0.778 ratio=0.225 sigma_d=0.00154 zi_alpha=0.383 zi_mu=0.0703 zi_delta=0.206 -> D=35.345 (21s, 120m)
[20:04:37]   [active 319] mt_gamma=0.666 ft_sigma_c=0.768 f=0.729 w=0.439 ratio=0.323 sigma_d=0.00116 zi_alpha=0.346 zi_mu=0.127 zi_delta=0.316 -> D=10.537 (20s, 120m)
[20:04:58]   [active 320] mt_gamma=1.13 ft_sigma_c=0.804 f=0.851 w=0.192 ratio=0.233 sigma_d=0.00132 zi_alpha=0.392 zi_mu=0.0831 zi_delta=0.226 -> D=9.466 (21s, 121m)
[20:05:18]   [active 321] mt_gamma=0.456 ft_sigma_c=0.696 f=0.932 w=0.475 ratio=0.108 sigma_d=0.00119 zi_alpha=0.327 zi_mu=0.0542 zi_delta=0.202 -> D=11.928 (20s, 121m)
[20:05:39]   [active 322] mt_gamma=0.457 ft_sigma_c=0.49 f=0.868 w=0.401 ratio=0.361 sigma_d=0.00131 zi_alpha=0.412 zi_mu=0.0254 zi_delta=0.311 -> D=9.727 (20s, 121m)
[20:06:01]   [active 323] mt_gamma=0.474 ft_sigma_c=0.792 f=0.802 w=0.536 ratio=0.245 sigma_d=0.00149 zi_alpha=0.425 zi_mu=0.127 zi_delta=0.246 -> D=16.284 (23s, 122m)
[20:06:23]   [active 324] mt_gamma=0.539 ft_sigma_c=0.822 f=0.755 w=0.608 ratio=0.335 sigma_d=0.00115 zi_alpha=0.383 zi_mu=0.0806 zi_delta=0.288 -> D=11.599 (22s, 122m)
[20:06:45]   [active 325] mt_gamma=0.878 ft_sigma_c=0.761 f=0.948 w=0.389 ratio=0.264 sigma_d=0.00121 zi_alpha=0.438 zi_mu=0.124 zi_delta=0.297 -> D=12.197 (22s, 122m)
[20:07:07]   [active 326] mt_gamma=0.825 ft_sigma_c=0.838 f=0.974 w=0.467 ratio=0.353 sigma_d=0.00147 zi_alpha=0.391 zi_mu=0.0679 zi_delta=0.256 -> D=10.973 (21s, 123m)
[20:07:28]   [active 327] mt_gamma=0.709 ft_sigma_c=0.735 f=1.05 w=0.293 ratio=0.364 sigma_d=0.00139 zi_alpha=0.319 zi_mu=0.144 zi_delta=0.299 -> D=10.459 (21s, 123m)
[20:07:49]   [active 328] mt_gamma=0.61 ft_sigma_c=0.511 f=0.776 w=0.138 ratio=0.207 sigma_d=0.00159 zi_alpha=0.361 zi_mu=0.0162 zi_delta=0.217 -> D=13.092 (21s, 124m)
[20:08:12]   [active 329] mt_gamma=1.61 ft_sigma_c=0.835 f=0.685 w=0.414 ratio=0.271 sigma_d=0.0013 zi_alpha=0.319 zi_mu=0.132 zi_delta=0.109 -> D=17.441 (23s, 124m)
[20:08:32]   [active 330] mt_gamma=0.809 ft_sigma_c=0.659 f=1.27 w=0.13 ratio=0.216 sigma_d=0.00131 zi_alpha=0.226 zi_mu=0.116 zi_delta=0.0782 -> D=19.555 (21s, 124m)
[20:08:59]   [active 331] mt_gamma=0.143 ft_sigma_c=0.465 f=1.21 w=0.14 ratio=0.146 sigma_d=0.00129 zi_alpha=0.398 zi_mu=0.0492 zi_delta=0.192 -> D=25.011 (27s, 125m)
[20:09:21]   [active 332] mt_gamma=1.44 ft_sigma_c=0.404 f=0.954 w=0.865 ratio=0.107 sigma_d=0.00156 zi_alpha=0.292 zi_mu=0.0728 zi_delta=0.149 -> D=33.385 (22s, 125m)
[20:09:46]   [active 333] mt_gamma=0.66 ft_sigma_c=0.726 f=0.308 w=0.191 ratio=0.0612 sigma_d=0.00164 zi_alpha=0.425 zi_mu=0.107 zi_delta=0.212 -> D=32.982 (25s, 125m)
[20:10:09]   [active 334] mt_gamma=1.56 ft_sigma_c=0.302 f=0.109 w=0.335 ratio=0.38 sigma_d=0.00205 zi_alpha=0.334 zi_mu=0.0992 zi_delta=0.0699 -> D=71.946 (22s, 126m)
[20:10:32]   [active 335] mt_gamma=0.651 ft_sigma_c=0.715 f=0.894 w=0.31 ratio=0.237 sigma_d=0.00152 zi_alpha=0.34 zi_mu=0.0767 zi_delta=0.172 -> D=9.063 (22s, 126m)
[20:10:56]   [active 336] mt_gamma=0.479 ft_sigma_c=0.767 f=0.891 w=0.49 ratio=0.107 sigma_d=0.00146 zi_alpha=0.354 zi_mu=0.0979 zi_delta=0.316 -> D=11.116 (24s, 127m)
[20:11:19]   [active 337] mt_gamma=0.79 ft_sigma_c=0.631 f=1.04 w=0.377 ratio=0.179 sigma_d=0.00114 zi_alpha=0.392 zi_mu=0.0221 zi_delta=0.289 -> D=15.460 (23s, 127m)
[20:11:42]   [active 338] mt_gamma=0.987 ft_sigma_c=0.781 f=0.643 w=0.51 ratio=0.205 sigma_d=0.00121 zi_alpha=0.321 zi_mu=0.0971 zi_delta=0.254 -> D=13.234 (23s, 127m)
[20:12:03]   [active 339] mt_gamma=0.969 ft_sigma_c=0.624 f=0.749 w=0.46 ratio=0.0638 sigma_d=0.0011 zi_alpha=0.34 zi_mu=0.0178 zi_delta=0.314 -> D=10.913 (21s, 128m)
[20:12:25]   [active 340] mt_gamma=0.716 ft_sigma_c=0.821 f=0.92 w=0.58 ratio=0.158 sigma_d=0.0015 zi_alpha=0.416 zi_mu=0.0538 zi_delta=0.307 -> D=14.333 (22s, 128m)
[20:12:49]   [active 341] mt_gamma=1.15 ft_sigma_c=0.611 f=0.765 w=0.442 ratio=0.358 sigma_d=0.00133 zi_alpha=0.389 zi_mu=0.0735 zi_delta=0.312 -> D=11.083 (23s, 129m)
[20:13:12]   [active 342] mt_gamma=0.466 ft_sigma_c=0.644 f=0.824 w=0.539 ratio=0.155 sigma_d=0.00144 zi_alpha=0.374 zi_mu=0.0186 zi_delta=0.262 -> D=10.585 (23s, 129m)
[20:13:35]   [active 343] mt_gamma=1.08 ft_sigma_c=0.795 f=0.883 w=0.638 ratio=0.335 sigma_d=0.00124 zi_alpha=0.408 zi_mu=0.0365 zi_delta=0.293 -> D=10.367 (23s, 129m)
[20:13:59]   [active 344] mt_gamma=0.394 ft_sigma_c=0.749 f=0.972 w=0.573 ratio=0.261 sigma_d=0.00122 zi_alpha=0.333 zi_mu=0.0711 zi_delta=0.22 -> D=10.692 (24s, 130m)
[20:14:24]   [active 345] mt_gamma=0.59 ft_sigma_c=0.642 f=1.23 w=0.819 ratio=0.146 sigma_d=0.00204 zi_alpha=0.398 zi_mu=0.0671 zi_delta=0.246 -> D=22.341 (25s, 130m)
[20:14:45]   [active 346] mt_gamma=1.37 ft_sigma_c=0.822 f=0.295 w=0.743 ratio=0.237 sigma_d=0.00104 zi_alpha=0.394 zi_mu=0.105 zi_delta=0.107 -> D=21.979 (21s, 130m)
[20:15:09]   [active 347] mt_gamma=1.65 ft_sigma_c=0.467 f=0.401 w=0.384 ratio=0.0735 sigma_d=0.00186 zi_alpha=0.274 zi_mu=0.0196 zi_delta=0.0492 -> D=49.531 (24s, 131m)
[20:15:29]   [active 348] mt_gamma=0.375 ft_sigma_c=0.769 f=0.264 w=0.81 ratio=0.242 sigma_d=0.0017 zi_alpha=0.189 zi_mu=0.0168 zi_delta=0.261 -> D=43.223 (21s, 131m)
[20:15:51]   [active 349] mt_gamma=1.85 ft_sigma_c=0.781 f=1.39 w=0.887 ratio=0.0848 sigma_d=0.00173 zi_alpha=0.358 zi_mu=0.0354 zi_delta=0.101 -> D=23.335 (22s, 132m)
[20:16:13]   [active 350] mt_gamma=0.822 ft_sigma_c=0.522 f=0.37 w=0.758 ratio=0.289 sigma_d=0.0015 zi_alpha=0.301 zi_mu=0.0667 zi_delta=0.0395 -> D=35.893 (22s, 132m)
[20:16:35]   [active 351] mt_gamma=0.612 ft_sigma_c=0.541 f=0.928 w=0.254 ratio=0.248 sigma_d=0.00151 zi_alpha=0.336 zi_mu=0.0595 zi_delta=0.224 -> D=13.132 (22s, 132m)
[20:17:00]   [active 352] mt_gamma=0.449 ft_sigma_c=0.759 f=0.867 w=0.411 ratio=0.25 sigma_d=0.00154 zi_alpha=0.356 zi_mu=0.144 zi_delta=0.236 -> D=10.731 (25s, 133m)
[20:17:21]   [active 353] mt_gamma=0.77 ft_sigma_c=0.515 f=0.674 w=0.522 ratio=0.29 sigma_d=0.0012 zi_alpha=0.339 zi_mu=0.0828 zi_delta=0.313 -> D=12.234 (21s, 133m)
[20:17:43]   [active 354] mt_gamma=1.1 ft_sigma_c=0.805 f=1.01 w=0.21 ratio=0.303 sigma_d=0.00129 zi_alpha=0.42 zi_mu=0.113 zi_delta=0.279 -> D=13.048 (22s, 133m)
[20:18:09]   [active 355] mt_gamma=0.806 ft_sigma_c=0.632 f=0.834 w=0.555 ratio=0.0259 sigma_d=0.00114 zi_alpha=0.374 zi_mu=0.0905 zi_delta=0.267 -> D=11.946 (26s, 134m)
[20:18:38]   [active 356] mt_gamma=0.929 ft_sigma_c=0.616 f=1.05 w=0.476 ratio=0.253 sigma_d=0.00136 zi_alpha=0.41 zi_mu=0.0976 zi_delta=0.176 -> D=12.479 (29s, 134m)
[20:19:02]   [active 357] mt_gamma=1 ft_sigma_c=0.638 f=0.819 w=0.351 ratio=0.177 sigma_d=0.00152 zi_alpha=0.42 zi_mu=0.121 zi_delta=0.169 -> D=10.705 (24s, 135m)
[20:19:23]   [active 358] mt_gamma=1.14 ft_sigma_c=0.79 f=1.06 w=0.113 ratio=0.365 sigma_d=0.00135 zi_alpha=0.353 zi_mu=0.0556 zi_delta=0.309 -> D=11.261 (21s, 135m)
[20:19:45]   [active 359] mt_gamma=1.19 ft_sigma_c=0.804 f=0.66 w=0.657 ratio=0.316 sigma_d=0.00107 zi_alpha=0.351 zi_mu=0.0844 zi_delta=0.209 -> D=8.942 (22s, 135m)
[20:20:07]   [active 360] mt_gamma=0.852 ft_sigma_c=0.603 f=1.02 w=0.398 ratio=0.32 sigma_d=0.00127 zi_alpha=0.386 zi_mu=0.0755 zi_delta=0.225 -> D=13.635 (22s, 136m)
[20:20:26]   [active 361] mt_gamma=0.729 ft_sigma_c=0.753 f=1.01 w=0.345 ratio=0.187 sigma_d=0.00114 zi_alpha=0.174 zi_mu=0.0578 zi_delta=0.0946 -> D=20.685 (19s, 136m)
[20:20:53]   [active 362] mt_gamma=0.833 ft_sigma_c=0.357 f=0.12 w=0.808 ratio=0.147 sigma_d=0.00203 zi_alpha=0.373 zi_mu=0.0928 zi_delta=0.106 -> D=64.563 (26s, 137m)
[20:21:14]   [active 363] mt_gamma=0.827 ft_sigma_c=0.421 f=1.02 w=0.734 ratio=0.144 sigma_d=0.001 zi_alpha=0.258 zi_mu=0.0582 zi_delta=0.293 -> D=20.905 (21s, 137m)
[20:21:36]   [active 364] mt_gamma=0.787 ft_sigma_c=0.528 f=0.643 w=0.893 ratio=0.102 sigma_d=0.00217 zi_alpha=0.147 zi_mu=0.118 zi_delta=0.198 -> D=48.045 (22s, 137m)
[20:21:54]   [active 365] mt_gamma=1.45 ft_sigma_c=0.121 f=1.34 w=0.239 ratio=0.134 sigma_d=0.00218 zi_alpha=0.107 zi_mu=0.143 zi_delta=0.231 -> D=31.532 (19s, 138m)
[20:22:20]   [active 366] mt_gamma=0.207 ft_sigma_c=0.557 f=0.736 w=0.105 ratio=0.0791 sigma_d=0.00103 zi_alpha=0.288 zi_mu=0.0323 zi_delta=0.0331 -> D=12.334 (25s, 138m)
[20:22:44]   [active 367] mt_gamma=0.567 ft_sigma_c=0.802 f=0.985 w=0.153 ratio=0.377 sigma_d=0.00135 zi_alpha=0.345 zi_mu=0.117 zi_delta=0.317 -> D=10.987 (24s, 138m)
[20:23:08]   [active 368] mt_gamma=0.384 ft_sigma_c=0.593 f=0.814 w=0.626 ratio=0.205 sigma_d=0.00139 zi_alpha=0.335 zi_mu=0.021 zi_delta=0.16 -> D=12.802 (24s, 139m)
[20:23:30]   [active 369] mt_gamma=1.03 ft_sigma_c=0.7 f=0.789 w=0.751 ratio=0.316 sigma_d=0.00108 zi_alpha=0.386 zi_mu=0.0213 zi_delta=0.302 -> D=11.841 (23s, 139m)
[20:23:53]   [active 370] mt_gamma=1.24 ft_sigma_c=0.631 f=0.709 w=0.668 ratio=0.211 sigma_d=0.0013 zi_alpha=0.404 zi_mu=0.0738 zi_delta=0.157 -> D=12.365 (22s, 140m)
[20:24:16]   [active 371] mt_gamma=0.451 ft_sigma_c=0.671 f=0.871 w=0.518 ratio=0.197 sigma_d=0.00123 zi_alpha=0.439 zi_mu=0.0148 zi_delta=0.227 -> D=12.140 (23s, 140m)
[20:24:38]   [active 372] mt_gamma=0.614 ft_sigma_c=0.718 f=0.921 w=0.184 ratio=0.0384 sigma_d=0.00128 zi_alpha=0.378 zi_mu=0.138 zi_delta=0.245 -> D=12.005 (22s, 140m)
[20:25:00]   [active 373] mt_gamma=0.94 ft_sigma_c=0.545 f=0.841 w=0.412 ratio=0.38 sigma_d=0.00143 zi_alpha=0.416 zi_mu=0.0482 zi_delta=0.294 -> D=10.087 (22s, 141m)
[20:25:22]   [active 374] mt_gamma=1.04 ft_sigma_c=0.516 f=0.875 w=0.397 ratio=0.295 sigma_d=0.00118 zi_alpha=0.369 zi_mu=0.11 zi_delta=0.251 -> D=15.065 (22s, 141m)
[20:25:48]   [active 375] mt_gamma=0.658 ft_sigma_c=0.694 f=0.958 w=0.219 ratio=0.124 sigma_d=0.00132 zi_alpha=0.429 zi_mu=0.029 zi_delta=0.189 -> D=13.334 (26s, 142m)
[20:26:10]   [active 376] mt_gamma=0.772 ft_sigma_c=0.779 f=0.837 w=0.659 ratio=0.308 sigma_d=0.00129 zi_alpha=0.334 zi_mu=0.129 zi_delta=0.279 -> D=9.754 (22s, 142m)
[20:26:32]   [active 377] mt_gamma=0.583 ft_sigma_c=0.676 f=0.675 w=0.147 ratio=0.322 sigma_d=0.00157 zi_alpha=0.196 zi_mu=0.119 zi_delta=0.185 -> D=23.285 (22s, 142m)
[20:26:52]   [active 378] mt_gamma=1.89 ft_sigma_c=0.69 f=0.465 w=0.499 ratio=0.0794 sigma_d=0.00187 zi_alpha=0.167 zi_mu=0.027 zi_delta=0.252 -> D=47.162 (20s, 143m)
[20:27:15]   [active 379] mt_gamma=0.314 ft_sigma_c=0.782 f=1.22 w=0.521 ratio=0.391 sigma_d=0.00156 zi_alpha=0.366 zi_mu=0.146 zi_delta=0.211 -> D=17.188 (23s, 143m)
[20:27:34]   [active 380] mt_gamma=1.54 ft_sigma_c=0.123 f=0.971 w=0.281 ratio=0.274 sigma_d=0.00164 zi_alpha=0.19 zi_mu=0.148 zi_delta=0.0365 -> D=31.611 (19s, 143m)
[20:27:57]   [active 381] mt_gamma=1.67 ft_sigma_c=0.225 f=0.844 w=0.64 ratio=0.0869 sigma_d=0.00214 zi_alpha=0.0988 zi_mu=0.0455 zi_delta=0.0994 -> D=51.834 (23s, 144m)
[20:28:17]   [active 382] mt_gamma=1.56 ft_sigma_c=0.694 f=1.29 w=0.15 ratio=0.0916 sigma_d=0.00216 zi_alpha=0.145 zi_mu=0.064 zi_delta=0.12 -> D=36.992 (20s, 144m)
[20:28:41]   [active 383] mt_gamma=0.847 ft_sigma_c=0.762 f=0.89 w=0.262 ratio=0.366 sigma_d=0.00148 zi_alpha=0.328 zi_mu=0.0803 zi_delta=0.207 -> D=9.144 (23s, 144m)
[20:29:04]   [active 384] mt_gamma=0.475 ft_sigma_c=0.801 f=0.925 w=0.684 ratio=0.315 sigma_d=0.00115 zi_alpha=0.34 zi_mu=0.0648 zi_delta=0.213 -> D=12.412 (24s, 145m)
[20:29:26]   [active 385] mt_gamma=0.53 ft_sigma_c=0.8 f=0.622 w=0.371 ratio=0.2 sigma_d=0.0014 zi_alpha=0.392 zi_mu=0.0729 zi_delta=0.302 -> D=12.393 (22s, 145m)
[20:29:49]   [active 386] mt_gamma=0.454 ft_sigma_c=0.715 f=0.834 w=0.28 ratio=0.123 sigma_d=0.00112 zi_alpha=0.35 zi_mu=0.0545 zi_delta=0.288 -> D=10.536 (23s, 146m)
[20:30:12]   [active 387] mt_gamma=0.706 ft_sigma_c=0.709 f=0.757 w=0.339 ratio=0.376 sigma_d=0.00138 zi_alpha=0.361 zi_mu=0.149 zi_delta=0.224 -> D=9.494 (22s, 146m)
[20:30:34]   [active 388] mt_gamma=0.775 ft_sigma_c=0.736 f=0.822 w=0.487 ratio=0.282 sigma_d=0.00116 zi_alpha=0.434 zi_mu=0.0621 zi_delta=0.205 -> D=11.623 (22s, 146m)
[20:30:55]   [active 389] mt_gamma=0.939 ft_sigma_c=0.748 f=0.655 w=0.39 ratio=0.337 sigma_d=0.00119 zi_alpha=0.324 zi_mu=0.0471 zi_delta=0.182 -> D=12.806 (22s, 147m)
[20:31:18]   [active 390] mt_gamma=0.605 ft_sigma_c=0.806 f=0.709 w=0.21 ratio=0.333 sigma_d=0.00114 zi_alpha=0.387 zi_mu=0.116 zi_delta=0.236 -> D=14.099 (23s, 147m)
[20:31:38]   [active 391] mt_gamma=1.12 ft_sigma_c=0.597 f=0.887 w=0.359 ratio=0.206 sigma_d=0.00151 zi_alpha=0.389 zi_mu=0.0693 zi_delta=0.217 -> D=12.764 (20s, 147m)
[20:31:59]   [active 392] mt_gamma=0.312 ft_sigma_c=0.647 f=0.866 w=0.389 ratio=0.0511 sigma_d=0.00126 zi_alpha=0.359 zi_mu=0.0677 zi_delta=0.163 -> D=10.886 (21s, 148m)
[20:32:18]   [active 393] mt_gamma=1.89 ft_sigma_c=0.309 f=0.416 w=0.22 ratio=0.0665 sigma_d=0.00187 zi_alpha=0.127 zi_mu=0.0912 zi_delta=0.032 -> D=60.508 (19s, 148m)
[20:32:39]   [active 394] mt_gamma=1.07 ft_sigma_c=0.63 f=1.4 w=0.542 ratio=0.258 sigma_d=0.00186 zi_alpha=0.387 zi_mu=0.125 zi_delta=0.144 -> D=20.112 (21s, 148m)
[20:32:59]   [active 395] mt_gamma=0.423 ft_sigma_c=0.754 f=0.311 w=0.357 ratio=0.354 sigma_d=0.00152 zi_alpha=0.12 zi_mu=0.111 zi_delta=0.0513 -> D=52.418 (20s, 149m)
[20:33:18]   [active 396] mt_gamma=0.86 ft_sigma_c=0.276 f=1.3 w=0.371 ratio=0.356 sigma_d=0.00214 zi_alpha=0.238 zi_mu=0.14 zi_delta=0.197 -> D=25.416 (19s, 149m)
[20:33:36]   [active 397] mt_gamma=0.884 ft_sigma_c=0.111 f=0.945 w=0.626 ratio=0.284 sigma_d=0.0017 zi_alpha=0.2 zi_mu=0.138 zi_delta=0.302 -> D=25.619 (18s, 149m)
[20:33:57]   [active 398] mt_gamma=0.379 ft_sigma_c=0.614 f=0.434 w=0.453 ratio=0.232 sigma_d=0.00158 zi_alpha=0.339 zi_mu=0.0964 zi_delta=0.202 -> D=27.023 (21s, 150m)
[20:34:17]   [active 399] mt_gamma=0.935 ft_sigma_c=0.789 f=0.923 w=0.373 ratio=0.271 sigma_d=0.00139 zi_alpha=0.378 zi_mu=0.0143 zi_delta=0.201 -> D=10.150 (20s, 150m)
[20:34:37]   [active 400] mt_gamma=0.47 ft_sigma_c=0.659 f=0.858 w=0.279 ratio=0.344 sigma_d=0.00108 zi_alpha=0.315 zi_mu=0.0501 zi_delta=0.227 -> D=12.527 (20s, 150m)
[20:34:58]   [active 401] mt_gamma=0.911 ft_sigma_c=0.688 f=0.677 w=0.259 ratio=0.373 sigma_d=0.00148 zi_alpha=0.422 zi_mu=0.143 zi_delta=0.235 -> D=12.305 (21s, 151m)
[20:35:19]   [active 402] mt_gamma=1.1 ft_sigma_c=0.636 f=0.72 w=0.408 ratio=0.348 sigma_d=0.00128 zi_alpha=0.398 zi_mu=0.132 zi_delta=0.247 -> D=10.263 (21s, 151m)
[20:35:40]   [active 403] mt_gamma=0.696 ft_sigma_c=0.708 f=1.06 w=0.188 ratio=0.28 sigma_d=0.0015 zi_alpha=0.338 zi_mu=0.135 zi_delta=0.208 -> D=11.134 (21s, 151m)
[20:36:00]   [active 404] mt_gamma=1.17 ft_sigma_c=0.603 f=0.699 w=0.35 ratio=0.278 sigma_d=0.00147 zi_alpha=0.382 zi_mu=0.0244 zi_delta=0.312 -> D=16.354 (20s, 152m)
[20:36:21]   [active 405] mt_gamma=0.929 ft_sigma_c=0.726 f=0.831 w=0.517 ratio=0.191 sigma_d=0.0014 zi_alpha=0.349 zi_mu=0.0314 zi_delta=0.289 -> D=11.241 (21s, 152m)
[20:36:43]   [active 406] mt_gamma=1.19 ft_sigma_c=0.499 f=0.945 w=0.268 ratio=0.369 sigma_d=0.00141 zi_alpha=0.426 zi_mu=0.136 zi_delta=0.269 -> D=14.698 (22s, 152m)
[20:37:04]   [active 407] mt_gamma=0.89 ft_sigma_c=0.799 f=0.892 w=0.445 ratio=0.155 sigma_d=0.00149 zi_alpha=0.354 zi_mu=0.0565 zi_delta=0.164 -> D=14.815 (21s, 153m)
[20:37:27]   [active 408] mt_gamma=0.472 ft_sigma_c=0.676 f=0.78 w=0.713 ratio=0.225 sigma_d=0.0013 zi_alpha=0.343 zi_mu=0.142 zi_delta=0.198 -> D=11.099 (23s, 153m)
[20:37:45]   [active 409] mt_gamma=1.55 ft_sigma_c=0.167 f=0.987 w=0.457 ratio=0.251 sigma_d=0.00151 zi_alpha=0.15 zi_mu=0.0653 zi_delta=0.267 -> D=23.709 (18s, 153m)
[20:38:06]   [active 410] mt_gamma=1.23 ft_sigma_c=0.417 f=0.708 w=0.788 ratio=0.357 sigma_d=0.00139 zi_alpha=0.408 zi_mu=0.039 zi_delta=0.214 -> D=23.040 (21s, 154m)
[20:38:28]   [active 411] mt_gamma=1.92 ft_sigma_c=0.569 f=1.22 w=0.313 ratio=0.309 sigma_d=0.00113 zi_alpha=0.414 zi_mu=0.0439 zi_delta=0.184 -> D=22.410 (22s, 154m)
[20:38:49]   [active 412] mt_gamma=0.16 ft_sigma_c=0.351 f=1.34 w=0.237 ratio=0.225 sigma_d=0.00121 zi_alpha=0.145 zi_mu=0.0228 zi_delta=0.142 -> D=27.210 (21s, 155m)
[20:39:12]   [active 413] mt_gamma=0.566 ft_sigma_c=0.159 f=0.375 w=0.314 ratio=0.19 sigma_d=0.00189 zi_alpha=0.412 zi_mu=0.0488 zi_delta=0.217 -> D=34.218 (23s, 155m)
[20:39:32]   [active 414] mt_gamma=1.12 ft_sigma_c=0.296 f=0.691 w=0.579 ratio=0.0284 sigma_d=0.00133 zi_alpha=0.167 zi_mu=0.045 zi_delta=0.191 -> D=25.237 (20s, 155m)
[20:39:56]   [active 415] mt_gamma=1.02 ft_sigma_c=0.743 f=0.819 w=0.524 ratio=0.25 sigma_d=0.00126 zi_alpha=0.335 zi_mu=0.0895 zi_delta=0.314 -> D=9.084 (23s, 156m)
[20:40:18]   [active 416] mt_gamma=0.545 ft_sigma_c=0.715 f=0.918 w=0.276 ratio=0.289 sigma_d=0.00149 zi_alpha=0.343 zi_mu=0.0904 zi_delta=0.264 -> D=6.830 (22s, 156m)
[20:40:42]   [active 417] mt_gamma=0.343 ft_sigma_c=0.729 f=0.823 w=0.182 ratio=0.2 sigma_d=0.00144 zi_alpha=0.317 zi_mu=0.121 zi_delta=0.169 -> D=9.906 (24s, 156m)
[20:41:07]   [active 418] mt_gamma=0.792 ft_sigma_c=0.564 f=0.818 w=0.416 ratio=0.292 sigma_d=0.00157 zi_alpha=0.415 zi_mu=0.0245 zi_delta=0.249 -> D=12.508 (25s, 157m)
[20:41:31]   [active 419] mt_gamma=1.39 ft_sigma_c=0.822 f=0.949 w=0.608 ratio=0.339 sigma_d=0.00122 zi_alpha=0.36 zi_mu=0.147 zi_delta=0.201 -> D=12.657 (24s, 157m)
[20:41:55]   [active 420] mt_gamma=0.883 ft_sigma_c=0.68 f=0.678 w=0.129 ratio=0.262 sigma_d=0.00132 zi_alpha=0.338 zi_mu=0.0651 zi_delta=0.212 -> D=12.154 (24s, 158m)
[20:42:20]   [active 421] mt_gamma=0.801 ft_sigma_c=0.774 f=0.873 w=0.831 ratio=0.363 sigma_d=0.00141 zi_alpha=0.419 zi_mu=0.114 zi_delta=0.312 -> D=16.260 (25s, 158m)
[20:42:46]   [active 422] mt_gamma=0.817 ft_sigma_c=0.776 f=0.698 w=0.674 ratio=0.396 sigma_d=0.00118 zi_alpha=0.409 zi_mu=0.119 zi_delta=0.157 -> D=11.157 (26s, 158m)
[20:43:08]   [active 423] mt_gamma=0.604 ft_sigma_c=0.566 f=0.741 w=0.711 ratio=0.386 sigma_d=0.0014 zi_alpha=0.384 zi_mu=0.0448 zi_delta=0.243 -> D=12.998 (22s, 159m)
[20:43:28]   [active 424] mt_gamma=0.715 ft_sigma_c=0.838 f=0.867 w=0.706 ratio=0.255 sigma_d=0.00106 zi_alpha=0.359 zi_mu=0.079 zi_delta=0.277 -> D=10.838 (21s, 159m)
[20:43:47]   [active 425] mt_gamma=0.409 ft_sigma_c=0.289 f=0.997 w=0.285 ratio=0.145 sigma_d=0.00213 zi_alpha=0.101 zi_mu=0.0843 zi_delta=0.0626 -> D=47.474 (19s, 159m)
[20:44:08]   [active 426] mt_gamma=1.03 ft_sigma_c=0.142 f=1.05 w=0.835 ratio=0.109 sigma_d=0.00136 zi_alpha=0.328 zi_mu=0.0844 zi_delta=0.0726 -> D=31.556 (21s, 160m)
[20:44:28]   [active 427] mt_gamma=1.7 ft_sigma_c=0.499 f=0.416 w=0.236 ratio=0.152 sigma_d=0.002 zi_alpha=0.432 zi_mu=0.0366 zi_delta=0.188 -> D=38.933 (21s, 160m)
[20:44:49]   [active 428] mt_gamma=1.77 ft_sigma_c=0.699 f=0.605 w=0.54 ratio=0.375 sigma_d=0.00203 zi_alpha=0.431 zi_mu=0.0858 zi_delta=0.171 -> D=28.169 (20s, 161m)
[20:45:09]   [active 429] mt_gamma=1.53 ft_sigma_c=0.709 f=0.738 w=0.463 ratio=0.288 sigma_d=0.00162 zi_alpha=0.38 zi_mu=0.129 zi_delta=0.153 -> D=17.458 (20s, 161m)
[20:45:29]   [active 430] mt_gamma=0.522 ft_sigma_c=0.524 f=0.604 w=0.622 ratio=0.138 sigma_d=0.00147 zi_alpha=0.408 zi_mu=0.0345 zi_delta=0.257 -> D=15.267 (20s, 161m)
[20:45:49]   [active 431] mt_gamma=0.95 ft_sigma_c=0.721 f=0.787 w=0.615 ratio=0.374 sigma_d=0.00128 zi_alpha=0.385 zi_mu=0.0171 zi_delta=0.191 -> D=9.576 (19s, 162m)
[20:46:09]   [active 432] mt_gamma=0.777 ft_sigma_c=0.659 f=0.809 w=0.119 ratio=0.267 sigma_d=0.0012 zi_alpha=0.328 zi_mu=0.0609 zi_delta=0.175 -> D=12.631 (20s, 162m)
[20:46:30]   [active 433] mt_gamma=1 ft_sigma_c=0.667 f=0.808 w=0.598 ratio=0.214 sigma_d=0.00153 zi_alpha=0.431 zi_mu=0.144 zi_delta=0.229 -> D=12.532 (21s, 162m)
[20:46:51]   [active 434] mt_gamma=1.18 ft_sigma_c=0.734 f=0.783 w=0.488 ratio=0.0496 sigma_d=0.0015 zi_alpha=0.426 zi_mu=0.109 zi_delta=0.17 -> D=10.737 (21s, 163m)
[20:47:11]   [active 435] mt_gamma=1.02 ft_sigma_c=0.549 f=0.908 w=0.426 ratio=0.328 sigma_d=0.00132 zi_alpha=0.411 zi_mu=0.0685 zi_delta=0.179 -> D=11.181 (20s, 163m)
[20:47:31]   [active 436] mt_gamma=0.822 ft_sigma_c=0.684 f=0.915 w=0.634 ratio=0.164 sigma_d=0.00141 zi_alpha=0.397 zi_mu=0.0997 zi_delta=0.161 -> D=14.441 (21s, 163m)
[20:47:50]   [active 437] mt_gamma=0.92 ft_sigma_c=0.806 f=0.933 w=0.463 ratio=0.072 sigma_d=0.0013 zi_alpha=0.326 zi_mu=0.0424 zi_delta=0.311 -> D=9.456 (19s, 164m)
[20:48:12]   [active 438] mt_gamma=0.572 ft_sigma_c=0.523 f=0.714 w=0.477 ratio=0.295 sigma_d=0.00124 zi_alpha=0.355 zi_mu=0.0627 zi_delta=0.285 -> D=9.974 (21s, 164m)
[20:48:34]   [active 439] mt_gamma=0.555 ft_sigma_c=0.688 f=0.652 w=0.549 ratio=0.383 sigma_d=0.00104 zi_alpha=0.375 zi_mu=0.116 zi_delta=0.273 -> D=11.393 (23s, 164m)
[20:48:57]   [active 440] mt_gamma=0.614 ft_sigma_c=0.678 f=1.06 w=0.206 ratio=0.0766 sigma_d=0.00112 zi_alpha=0.38 zi_mu=0.146 zi_delta=0.277 -> D=18.452 (23s, 165m)
[20:49:20]   [active 441] mt_gamma=0.468 ft_sigma_c=0.451 f=0.836 w=0.458 ratio=0.312 sigma_d=0.00138 zi_alpha=0.217 zi_mu=0.14 zi_delta=0.0831 -> D=19.604 (23s, 165m)
[20:49:41]   [active 442] mt_gamma=0.765 ft_sigma_c=0.34 f=0.31 w=0.784 ratio=0.314 sigma_d=0.00149 zi_alpha=0.262 zi_mu=0.0545 zi_delta=0.249 -> D=35.079 (21s, 165m)
[20:50:00]   [active 443] mt_gamma=1.71 ft_sigma_c=0.399 f=0.284 w=0.869 ratio=0.0833 sigma_d=0.0017 zi_alpha=0.247 zi_mu=0.124 zi_delta=0.145 -> D=53.095 (20s, 166m)
[20:50:20]   [active 444] mt_gamma=0.696 ft_sigma_c=0.54 f=0.326 w=0.748 ratio=0.0793 sigma_d=0.00126 zi_alpha=0.248 zi_mu=0.139 zi_delta=0.0847 -> D=37.613 (20s, 166m)
[20:50:41]   [active 445] mt_gamma=1.41 ft_sigma_c=0.629 f=0.146 w=0.319 ratio=0.263 sigma_d=0.00112 zi_alpha=0.425 zi_mu=0.142 zi_delta=0.287 -> D=40.283 (20s, 166m)
[20:50:59]   [active 446] mt_gamma=1.94 ft_sigma_c=0.513 f=0.178 w=0.456 ratio=0.076 sigma_d=0.00111 zi_alpha=0.316 zi_mu=0.0366 zi_delta=0.177 -> D=45.534 (19s, 167m)
[20:51:21]   [active 447] mt_gamma=0.752 ft_sigma_c=0.722 f=0.973 w=0.228 ratio=0.343 sigma_d=0.00154 zi_alpha=0.353 zi_mu=0.115 zi_delta=0.232 -> D=7.552 (21s, 167m)
[20:51:41]   [active 448] mt_gamma=0.67 ft_sigma_c=0.825 f=0.899 w=0.531 ratio=0.0404 sigma_d=0.00156 zi_alpha=0.342 zi_mu=0.0879 zi_delta=0.313 -> D=11.046 (20s, 167m)
[20:52:01]   [active 449] mt_gamma=0.485 ft_sigma_c=0.658 f=0.671 w=0.501 ratio=0.103 sigma_d=0.00121 zi_alpha=0.414 zi_mu=0.0744 zi_delta=0.318 -> D=8.639 (20s, 168m)
[20:52:22]   [active 450] mt_gamma=1.06 ft_sigma_c=0.664 f=0.806 w=0.354 ratio=0.355 sigma_d=0.00118 zi_alpha=0.402 zi_mu=0.126 zi_delta=0.271 -> D=11.629 (20s, 168m)
[20:52:42]   [active 451] mt_gamma=0.95 ft_sigma_c=0.715 f=0.788 w=0.766 ratio=0.172 sigma_d=0.00127 zi_alpha=0.412 zi_mu=0.107 zi_delta=0.313 -> D=9.440 (20s, 168m)
[20:53:03]   [active 452] mt_gamma=0.615 ft_sigma_c=0.821 f=0.713 w=0.324 ratio=0.354 sigma_d=0.00125 zi_alpha=0.377 zi_mu=0.0955 zi_delta=0.208 -> D=13.290 (21s, 169m)
[20:53:26]   [active 453] mt_gamma=0.955 ft_sigma_c=0.515 f=0.697 w=0.611 ratio=0.262 sigma_d=0.00116 zi_alpha=0.342 zi_mu=0.14 zi_delta=0.236 -> D=13.308 (23s, 169m)
[20:53:45]   [active 454] mt_gamma=1.13 ft_sigma_c=0.745 f=0.785 w=0.482 ratio=0.233 sigma_d=0.00145 zi_alpha=0.354 zi_mu=0.0656 zi_delta=0.288 -> D=12.705 (19s, 169m)
[20:54:08]   [active 455] mt_gamma=0.57 ft_sigma_c=0.684 f=0.658 w=0.687 ratio=0.107 sigma_d=0.00133 zi_alpha=0.344 zi_mu=0.0775 zi_delta=0.161 -> D=14.402 (24s, 170m)
[20:54:31]   [active 456] mt_gamma=0.839 ft_sigma_c=0.795 f=1.05 w=0.397 ratio=0.347 sigma_d=0.00132 zi_alpha=0.336 zi_mu=0.0409 zi_delta=0.176 -> D=11.221 (23s, 170m)
[20:54:49]   [active 457] mt_gamma=1.6 ft_sigma_c=0.247 f=0.183 w=0.45 ratio=0.181 sigma_d=0.00157 zi_alpha=0.081 zi_mu=0.0372 zi_delta=0.286 -> D=50.535 (18s, 171m)
[20:55:11]   [active 458] mt_gamma=1.7 ft_sigma_c=0.36 f=0.124 w=0.643 ratio=0.264 sigma_d=0.00125 zi_alpha=0.357 zi_mu=0.0722 zi_delta=0.246 -> D=49.311 (22s, 171m)
[20:55:32]   [active 459] mt_gamma=1.56 ft_sigma_c=0.14 f=0.858 w=0.397 ratio=0.225 sigma_d=0.00117 zi_alpha=0.252 zi_mu=0.0863 zi_delta=0.284 -> D=23.035 (20s, 171m)
[20:55:54]   [active 460] mt_gamma=0.341 ft_sigma_c=0.791 f=1.25 w=0.458 ratio=0.0581 sigma_d=0.00129 zi_alpha=0.196 zi_mu=0.0926 zi_delta=0.282 -> D=15.427 (22s, 172m)
[20:56:15]   [active 461] mt_gamma=0.874 ft_sigma_c=0.495 f=1.34 w=0.831 ratio=0.264 sigma_d=0.00149 zi_alpha=0.167 zi_mu=0.0474 zi_delta=0.173 -> D=34.830 (21s, 172m)
[20:56:34]   [active 462] mt_gamma=1.52 ft_sigma_c=0.529 f=1.18 w=0.55 ratio=0.252 sigma_d=0.00129 zi_alpha=0.118 zi_mu=0.0355 zi_delta=0.283 -> D=24.178 (20s, 172m)
[20:56:59]   [active 463] mt_gamma=1.29 ft_sigma_c=0.848 f=0.844 w=0.434 ratio=0.318 sigma_d=0.00134 zi_alpha=0.396 zi_mu=0.119 zi_delta=0.251 -> D=9.187 (24s, 173m)
[20:57:23]   [active 464] mt_gamma=0.169 ft_sigma_c=0.625 f=0.869 w=0.178 ratio=0.223 sigma_d=0.00137 zi_alpha=0.358 zi_mu=0.0506 zi_delta=0.208 -> D=12.739 (24s, 173m)
[20:57:49]   [active 465] mt_gamma=0.565 ft_sigma_c=0.731 f=0.621 w=0.294 ratio=0.288 sigma_d=0.00142 zi_alpha=0.397 zi_mu=0.145 zi_delta=0.158 -> D=12.747 (26s, 174m)
[20:58:13]   [active 466] mt_gamma=0.936 ft_sigma_c=0.647 f=0.766 w=0.453 ratio=0.0794 sigma_d=0.00149 zi_alpha=0.436 zi_mu=0.0555 zi_delta=0.246 -> D=11.349 (24s, 174m)
[20:58:36]   [active 467] mt_gamma=1.03 ft_sigma_c=0.805 f=0.849 w=0.557 ratio=0.0201 sigma_d=0.00124 zi_alpha=0.383 zi_mu=0.0288 zi_delta=0.277 -> D=12.667 (23s, 174m)
[20:59:05]   [active 468] mt_gamma=0.347 ft_sigma_c=0.579 f=0.828 w=0.512 ratio=0.259 sigma_d=0.00134 zi_alpha=0.382 zi_mu=0.0832 zi_delta=0.169 -> D=8.266 (30s, 175m)
[20:59:31]   [active 469] mt_gamma=0.789 ft_sigma_c=0.533 f=0.847 w=0.295 ratio=0.0732 sigma_d=0.00131 zi_alpha=0.339 zi_mu=0.128 zi_delta=0.316 -> D=13.248 (26s, 175m)
[20:59:55]   [active 470] mt_gamma=0.579 ft_sigma_c=0.816 f=1.03 w=0.114 ratio=0.232 sigma_d=0.00158 zi_alpha=0.396 zi_mu=0.0248 zi_delta=0.182 -> D=14.650 (24s, 176m)
[21:00:15]   [active 471] mt_gamma=1.27 ft_sigma_c=0.782 f=0.729 w=0.484 ratio=0.4 sigma_d=0.00119 zi_alpha=0.341 zi_mu=0.0784 zi_delta=0.294 -> D=10.609 (20s, 176m)
[21:00:36]   [active 472] mt_gamma=0.401 ft_sigma_c=0.711 f=0.867 w=0.666 ratio=0.274 sigma_d=0.00129 zi_alpha=0.32 zi_mu=0.0897 zi_delta=0.179 -> D=10.796 (21s, 176m)
[21:00:57]   [active 473] mt_gamma=1.49 ft_sigma_c=0.624 f=0.687 w=0.11 ratio=0.379 sigma_d=0.00158 zi_alpha=0.262 zi_mu=0.142 zi_delta=0.0723 -> D=28.431 (21s, 177m)
[21:01:17]   [active 474] mt_gamma=0.695 ft_sigma_c=0.234 f=1.11 w=0.822 ratio=0.355 sigma_d=0.00146 zi_alpha=0.3 zi_mu=0.13 zi_delta=0.127 -> D=34.273 (20s, 177m)
[21:01:35]   [active 475] mt_gamma=1.75 ft_sigma_c=0.157 f=0.665 w=0.536 ratio=0.224 sigma_d=0.00203 zi_alpha=0.129 zi_mu=0.115 zi_delta=0.228 -> D=36.142 (18s, 177m)
[21:01:54]   [active 476] mt_gamma=0.84 ft_sigma_c=0.31 f=1.07 w=0.581 ratio=0.0329 sigma_d=0.00113 zi_alpha=0.162 zi_mu=0.111 zi_delta=0.0355 -> D=26.498 (19s, 178m)
[21:02:16]   [active 477] mt_gamma=0.258 ft_sigma_c=0.471 f=0.543 w=0.17 ratio=0.0365 sigma_d=0.00118 zi_alpha=0.306 zi_mu=0.0775 zi_delta=0.189 -> D=15.352 (22s, 178m)
[21:02:37]   [active 478] mt_gamma=1.17 ft_sigma_c=0.141 f=0.351 w=0.437 ratio=0.186 sigma_d=0.00126 zi_alpha=0.274 zi_mu=0.0951 zi_delta=0.145 -> D=28.444 (21s, 178m)
[21:02:58]   [active 479] mt_gamma=0.953 ft_sigma_c=0.771 f=0.851 w=0.575 ratio=0.232 sigma_d=0.00133 zi_alpha=0.401 zi_mu=0.0229 zi_delta=0.316 -> D=8.672 (21s, 179m)
[21:03:20]   [active 480] mt_gamma=0.374 ft_sigma_c=0.719 f=0.994 w=0.393 ratio=0.356 sigma_d=0.00147 zi_alpha=0.338 zi_mu=0.0383 zi_delta=0.276 -> D=9.004 (22s, 179m)
[21:03:41]   [active 481] mt_gamma=0.607 ft_sigma_c=0.753 f=0.781 w=0.824 ratio=0.345 sigma_d=0.00125 zi_alpha=0.344 zi_mu=0.0355 zi_delta=0.318 -> D=12.061 (21s, 179m)
[21:04:03]   [active 482] mt_gamma=0.457 ft_sigma_c=0.587 f=0.908 w=0.457 ratio=0.208 sigma_d=0.00141 zi_alpha=0.383 zi_mu=0.1 zi_delta=0.185 -> D=11.579 (22s, 180m)
[21:04:24]   [active 483] mt_gamma=0.566 ft_sigma_c=0.59 f=0.748 w=0.579 ratio=0.262 sigma_d=0.00119 zi_alpha=0.347 zi_mu=0.108 zi_delta=0.312 -> D=8.822 (21s, 180m)
[21:04:46]   [active 484] mt_gamma=0.6 ft_sigma_c=0.775 f=0.792 w=0.449 ratio=0.371 sigma_d=0.00114 zi_alpha=0.381 zi_mu=0.08 zi_delta=0.162 -> D=12.836 (22s, 180m)
[21:05:07]   [active 485] mt_gamma=1.38 ft_sigma_c=0.621 f=0.812 w=0.502 ratio=0.175 sigma_d=0.00146 zi_alpha=0.424 zi_mu=0.118 zi_delta=0.315 -> D=13.801 (21s, 181m)
[21:05:29]   [active 486] mt_gamma=0.334 ft_sigma_c=0.836 f=0.985 w=0.196 ratio=0.359 sigma_d=0.00137 zi_alpha=0.36 zi_mu=0.143 zi_delta=0.305 -> D=16.902 (22s, 181m)
[21:05:51]   [active 487] mt_gamma=1.27 ft_sigma_c=0.626 f=0.872 w=0.477 ratio=0.0353 sigma_d=0.00127 zi_alpha=0.359 zi_mu=0.104 zi_delta=0.168 -> D=11.304 (21s, 182m)
[21:06:12]   [active 488] mt_gamma=1.04 ft_sigma_c=0.824 f=0.874 w=0.615 ratio=0.347 sigma_d=0.00112 zi_alpha=0.364 zi_mu=0.137 zi_delta=0.272 -> D=9.854 (21s, 182m)
[21:06:31]   [active 489] mt_gamma=0.58 ft_sigma_c=0.723 f=1.01 w=0.237 ratio=0.276 sigma_d=0.00154 zi_alpha=0.107 zi_mu=0.14 zi_delta=0.189 -> D=20.475 (19s, 182m)
[21:06:53]   [active 490] mt_gamma=0.694 ft_sigma_c=0.456 f=0.586 w=0.751 ratio=0.34 sigma_d=0.00205 zi_alpha=0.346 zi_mu=0.026 zi_delta=0.269 -> D=33.155 (22s, 183m)
[21:07:13]   [active 491] mt_gamma=0.878 ft_sigma_c=0.779 f=0.996 w=0.863 ratio=0.266 sigma_d=0.00216 zi_alpha=0.131 zi_mu=0.149 zi_delta=0.14 -> D=54.074 (20s, 183m)
[21:07:35]   [active 492] mt_gamma=1.31 ft_sigma_c=0.39 f=0.883 w=0.461 ratio=0.074 sigma_d=0.00191 zi_alpha=0.429 zi_mu=0.076 zi_delta=0.306 -> D=24.454 (22s, 183m)
[21:07:56]   [active 493] mt_gamma=1.1 ft_sigma_c=0.174 f=0.648 w=0.791 ratio=0.257 sigma_d=0.00105 zi_alpha=0.349 zi_mu=0.128 zi_delta=0.104 -> D=22.889 (21s, 184m)
[21:08:18]   [active 494] mt_gamma=0.617 ft_sigma_c=0.493 f=0.71 w=0.617 ratio=0.106 sigma_d=0.00118 zi_alpha=0.402 zi_mu=0.0658 zi_delta=0.196 -> D=9.621 (22s, 184m)
[21:08:40]   [active 495] mt_gamma=0.227 ft_sigma_c=0.509 f=0.858 w=0.3 ratio=0.257 sigma_d=0.00144 zi_alpha=0.355 zi_mu=0.0478 zi_delta=0.248 -> D=8.796 (22s, 184m)
[21:09:04]   [active 496] mt_gamma=0.843 ft_sigma_c=0.729 f=0.952 w=0.377 ratio=0.247 sigma_d=0.00153 zi_alpha=0.433 zi_mu=0.0275 zi_delta=0.283 -> D=10.540 (24s, 185m)
[21:09:26]   [active 497] mt_gamma=0.498 ft_sigma_c=0.755 f=0.835 w=0.229 ratio=0.312 sigma_d=0.00158 zi_alpha=0.36 zi_mu=0.0728 zi_delta=0.158 -> D=11.665 (22s, 185m)
[21:09:48]   [active 498] mt_gamma=0.53 ft_sigma_c=0.782 f=0.861 w=0.846 ratio=0.264 sigma_d=0.00119 zi_alpha=0.32 zi_mu=0.0945 zi_delta=0.292 -> D=13.224 (21s, 186m)
[21:10:10]   [active 499] mt_gamma=0.292 ft_sigma_c=0.54 f=0.901 w=0.444 ratio=0.323 sigma_d=0.00123 zi_alpha=0.409 zi_mu=0.141 zi_delta=0.311 -> D=11.636 (22s, 186m)
[21:10:31]   [active 500] mt_gamma=1.09 ft_sigma_c=0.726 f=0.768 w=0.392 ratio=0.117 sigma_d=0.0015 zi_alpha=0.378 zi_mu=0.12 zi_delta=0.25 -> D=13.590 (21s, 186m)
[21:10:53]   [active 501] mt_gamma=0.942 ft_sigma_c=0.621 f=0.85 w=0.415 ratio=0.112 sigma_d=0.00139 zi_alpha=0.337 zi_mu=0.123 zi_delta=0.174 -> D=15.220 (21s, 187m)
[21:11:15]   [active 502] mt_gamma=0.381 ft_sigma_c=0.675 f=0.716 w=0.541 ratio=0.227 sigma_d=0.00153 zi_alpha=0.345 zi_mu=0.111 zi_delta=0.309 -> D=11.723 (22s, 187m)
[21:11:36]   [active 503] mt_gamma=0.765 ft_sigma_c=0.716 f=0.848 w=0.732 ratio=0.0288 sigma_d=0.00119 zi_alpha=0.395 zi_mu=0.0234 zi_delta=0.219 -> D=10.460 (21s, 187m)
[21:11:58]   [active 504] mt_gamma=0.674 ft_sigma_c=0.767 f=0.705 w=0.524 ratio=0.201 sigma_d=0.00109 zi_alpha=0.399 zi_mu=0.0929 zi_delta=0.185 -> D=11.273 (22s, 188m)
[21:12:15]   [active 505] mt_gamma=1.38 ft_sigma_c=0.567 f=1.32 w=0.246 ratio=0.381 sigma_d=0.00168 zi_alpha=0.108 zi_mu=0.127 zi_delta=0.276 -> D=21.941 (18s, 188m)
[21:12:38]   [active 506] mt_gamma=0.543 ft_sigma_c=0.165 f=0.51 w=0.129 ratio=0.172 sigma_d=0.00165 zi_alpha=0.432 zi_mu=0.0942 zi_delta=0.2 -> D=20.585 (22s, 188m)
[21:12:58]   [active 507] mt_gamma=0.881 ft_sigma_c=0.605 f=0.226 w=0.573 ratio=0.0593 sigma_d=0.00111 zi_alpha=0.334 zi_mu=0.0525 zi_delta=0.258 -> D=38.068 (21s, 189m)
[21:13:21]   [active 508] mt_gamma=0.143 ft_sigma_c=0.432 f=0.142 w=0.669 ratio=0.0645 sigma_d=0.00156 zi_alpha=0.227 zi_mu=0.109 zi_delta=0.259 -> D=48.545 (22s, 189m)
[21:13:43]   [active 509] mt_gamma=1.63 ft_sigma_c=0.729 f=0.155 w=0.143 ratio=0.321 sigma_d=0.00192 zi_alpha=0.287 zi_mu=0.13 zi_delta=0.0902 -> D=64.880 (22s, 189m)
[21:14:08]   [active 510] mt_gamma=1.99 ft_sigma_c=0.136 f=1.13 w=0.442 ratio=0.0298 sigma_d=0.00166 zi_alpha=0.423 zi_mu=0.118 zi_delta=0.243 -> D=23.919 (25s, 190m)
[21:14:31]   [active 511] mt_gamma=1.27 ft_sigma_c=0.801 f=0.894 w=0.4 ratio=0.288 sigma_d=0.00131 zi_alpha=0.358 zi_mu=0.0599 zi_delta=0.316 -> D=9.052 (23s, 190m)
[21:14:53]   [active 512] mt_gamma=0.483 ft_sigma_c=0.676 f=0.954 w=0.456 ratio=0.327 sigma_d=0.00139 zi_alpha=0.328 zi_mu=0.0278 zi_delta=0.232 -> D=8.381 (22s, 191m)
[21:15:17]   [active 513] mt_gamma=0.636 ft_sigma_c=0.786 f=0.772 w=0.604 ratio=0.389 sigma_d=0.0012 zi_alpha=0.365 zi_mu=0.106 zi_delta=0.239 -> D=9.904 (24s, 191m)
[21:15:41]   [active 514] mt_gamma=0.62 ft_sigma_c=0.61 f=0.88 w=0.24 ratio=0.323 sigma_d=0.00133 zi_alpha=0.396 zi_mu=0.149 zi_delta=0.215 -> D=9.615 (24s, 191m)
[21:16:05]   [active 515] mt_gamma=0.439 ft_sigma_c=0.642 f=0.813 w=0.449 ratio=0.14 sigma_d=0.00127 zi_alpha=0.402 zi_mu=0.0785 zi_delta=0.255 -> D=8.398 (24s, 192m)
[21:16:28]   [active 516] mt_gamma=0.928 ft_sigma_c=0.793 f=0.978 w=0.387 ratio=0.0396 sigma_d=0.00142 zi_alpha=0.422 zi_mu=0.1 zi_delta=0.274 -> D=11.412 (23s, 192m)
[21:16:51]   [active 517] mt_gamma=0.345 ft_sigma_c=0.585 f=0.751 w=0.335 ratio=0.0368 sigma_d=0.0015 zi_alpha=0.383 zi_mu=0.133 zi_delta=0.314 -> D=8.663 (23s, 193m)
[21:17:14]   [active 518] mt_gamma=0.767 ft_sigma_c=0.542 f=0.647 w=0.496 ratio=0.367 sigma_d=0.0013 zi_alpha=0.422 zi_mu=0.128 zi_delta=0.227 -> D=10.070 (23s, 193m)
[21:17:40]   [active 519] mt_gamma=0.143 ft_sigma_c=0.659 f=0.664 w=0.373 ratio=0.0825 sigma_d=0.00125 zi_alpha=0.328 zi_mu=0.0686 zi_delta=0.279 -> D=9.647 (26s, 193m)
[21:18:02]   [active 520] mt_gamma=0.754 ft_sigma_c=0.72 f=1.06 w=0.253 ratio=0.142 sigma_d=0.00122 zi_alpha=0.333 zi_mu=0.0962 zi_delta=0.277 -> D=15.725 (22s, 194m)
[21:18:24]   [active 521] mt_gamma=0.589 ft_sigma_c=0.385 f=0.897 w=0.706 ratio=0.214 sigma_d=0.00195 zi_alpha=0.322 zi_mu=0.0309 zi_delta=0.126 -> D=34.814 (22s, 194m)
[21:18:46]   [active 522] mt_gamma=1.9 ft_sigma_c=0.425 f=0.898 w=0.386 ratio=0.0346 sigma_d=0.00166 zi_alpha=0.289 zi_mu=0.121 zi_delta=0.0961 -> D=27.128 (22s, 194m)
[21:19:10]   [active 523] mt_gamma=1.99 ft_sigma_c=0.513 f=0.674 w=0.331 ratio=0.178 sigma_d=0.00186 zi_alpha=0.292 zi_mu=0.0816 zi_delta=0.0233 -> D=37.715 (23s, 195m)
[21:19:31]   [active 524] mt_gamma=1.04 ft_sigma_c=0.104 f=0.825 w=0.36 ratio=0.0209 sigma_d=0.00154 zi_alpha=0.136 zi_mu=0.0465 zi_delta=0.0317 -> D=27.782 (22s, 195m)
[21:19:54]   [active 525] mt_gamma=0.463 ft_sigma_c=0.56 f=1.04 w=0.786 ratio=0.26 sigma_d=0.00152 zi_alpha=0.319 zi_mu=0.127 zi_delta=0.201 -> D=19.720 (23s, 196m)
[21:20:17]   [active 526] mt_gamma=0.58 ft_sigma_c=0.278 f=0.261 w=0.739 ratio=0.0369 sigma_d=0.00211 zi_alpha=0.285 zi_mu=0.104 zi_delta=0.226 -> D=54.368 (23s, 196m)
[21:20:39]   [active 527] mt_gamma=0.879 ft_sigma_c=0.769 f=0.897 w=0.395 ratio=0.389 sigma_d=0.00131 zi_alpha=0.349 zi_mu=0.0983 zi_delta=0.268 -> D=9.757 (22s, 196m)
[21:21:01]   [active 528] mt_gamma=0.741 ft_sigma_c=0.731 f=0.764 w=0.204 ratio=0.394 sigma_d=0.00149 zi_alpha=0.388 zi_mu=0.0203 zi_delta=0.29 -> D=10.546 (22s, 197m)
[21:21:24]   [active 529] mt_gamma=0.632 ft_sigma_c=0.794 f=0.843 w=0.263 ratio=0.343 sigma_d=0.0016 zi_alpha=0.395 zi_mu=0.144 zi_delta=0.205 -> D=11.393 (23s, 197m)
[21:21:46]   [active 530] mt_gamma=0.734 ft_sigma_c=0.647 f=0.848 w=0.535 ratio=0.276 sigma_d=0.00145 zi_alpha=0.353 zi_mu=0.126 zi_delta=0.253 -> D=10.823 (22s, 197m)
[21:22:08]   [active 531] mt_gamma=0.471 ft_sigma_c=0.497 f=0.943 w=0.409 ratio=0.229 sigma_d=0.00129 zi_alpha=0.317 zi_mu=0.0589 zi_delta=0.26 -> D=13.721 (22s, 198m)
[21:22:31]   [active 532] mt_gamma=0.453 ft_sigma_c=0.752 f=0.892 w=0.491 ratio=0.188 sigma_d=0.00135 zi_alpha=0.398 zi_mu=0.022 zi_delta=0.18 -> D=13.094 (23s, 198m)
[21:22:57]   [active 533] mt_gamma=0.36 ft_sigma_c=0.614 f=0.677 w=0.392 ratio=0.357 sigma_d=0.00118 zi_alpha=0.415 zi_mu=0.0168 zi_delta=0.158 -> D=11.479 (26s, 199m)
[21:23:22]   [active 534] mt_gamma=0.265 ft_sigma_c=0.667 f=0.723 w=0.199 ratio=0.375 sigma_d=0.00138 zi_alpha=0.383 zi_mu=0.0953 zi_delta=0.18 -> D=11.941 (25s, 199m)
[21:23:43]   [active 535] mt_gamma=1.19 ft_sigma_c=0.687 f=0.827 w=0.227 ratio=0.3 sigma_d=0.0011 zi_alpha=0.361 zi_mu=0.0158 zi_delta=0.155 -> D=12.792 (21s, 199m)
[21:24:06]   [active 536] mt_gamma=1.26 ft_sigma_c=0.723 f=0.693 w=0.608 ratio=0.209 sigma_d=0.00131 zi_alpha=0.39 zi_mu=0.123 zi_delta=0.225 -> D=11.536 (22s, 200m)
[21:24:27]   [active 537] mt_gamma=1.24 ft_sigma_c=0.465 f=0.869 w=0.451 ratio=0.379 sigma_d=0.0022 zi_alpha=0.348 zi_mu=0.107 zi_delta=0.212 -> D=28.494 (22s, 200m)
[21:24:46]   [active 538] mt_gamma=1.13 ft_sigma_c=0.186 f=0.754 w=0.281 ratio=0.0509 sigma_d=0.00183 zi_alpha=0.118 zi_mu=0.109 zi_delta=0.121 -> D=32.107 (19s, 200m)
[21:25:08]   [active 539] mt_gamma=1.13 ft_sigma_c=0.838 f=0.224 w=0.124 ratio=0.112 sigma_d=0.00194 zi_alpha=0.131 zi_mu=0.0758 zi_delta=0.0494 -> D=73.117 (21s, 201m)
[21:25:29]   [active 540] mt_gamma=0.102 ft_sigma_c=0.498 f=0.62 w=0.845 ratio=0.0709 sigma_d=0.00128 zi_alpha=0.0955 zi_mu=0.141 zi_delta=0.208 -> D=19.052 (22s, 201m)
[21:25:49]   [active 541] mt_gamma=0.904 ft_sigma_c=0.559 f=1.33 w=0.314 ratio=0.328 sigma_d=0.00112 zi_alpha=0.223 zi_mu=0.0131 zi_delta=0.0947 -> D=21.960 (20s, 202m)
[21:26:08]   [active 542] mt_gamma=1.38 ft_sigma_c=0.294 f=1.37 w=0.553 ratio=0.357 sigma_d=0.00214 zi_alpha=0.131 zi_mu=0.119 zi_delta=0.147 -> D=36.521 (19s, 202m)
[21:26:38]   [active 543] mt_gamma=1.09 ft_sigma_c=0.738 f=0.825 w=0.397 ratio=0.3 sigma_d=0.00139 zi_alpha=0.407 zi_mu=0.0699 zi_delta=0.266 -> D=7.603 (30s, 202m)
[21:27:05]   [active 544] mt_gamma=0.67 ft_sigma_c=0.718 f=0.925 w=0.223 ratio=0.347 sigma_d=0.00146 zi_alpha=0.408 zi_mu=0.132 zi_delta=0.17 -> D=10.286 (27s, 203m)
[21:27:30]   [active 545] mt_gamma=0.792 ft_sigma_c=0.807 f=0.749 w=0.432 ratio=0.384 sigma_d=0.00128 zi_alpha=0.423 zi_mu=0.149 zi_delta=0.206 -> D=11.770 (25s, 203m)
[21:27:53]   [active 546] mt_gamma=0.864 ft_sigma_c=0.494 f=0.884 w=0.343 ratio=0.0378 sigma_d=0.00154 zi_alpha=0.423 zi_mu=0.115 zi_delta=0.272 -> D=10.834 (23s, 204m)
[21:28:15]   [active 547] mt_gamma=1.16 ft_sigma_c=0.697 f=0.78 w=0.478 ratio=0.384 sigma_d=0.0012 zi_alpha=0.38 zi_mu=0.0929 zi_delta=0.308 -> D=10.403 (22s, 204m)
[21:28:40]   [active 548] mt_gamma=0.46 ft_sigma_c=0.521 f=0.805 w=0.257 ratio=0.346 sigma_d=0.0014 zi_alpha=0.363 zi_mu=0.1 zi_delta=0.241 -> D=9.458 (25s, 204m)
[21:29:10]   [active 549] mt_gamma=1.03 ft_sigma_c=0.776 f=1.03 w=0.459 ratio=0.341 sigma_d=0.00134 zi_alpha=0.326 zi_mu=0.0221 zi_delta=0.216 -> D=10.620 (29s, 205m)
[21:29:34]   [active 550] mt_gamma=0.75 ft_sigma_c=0.766 f=0.694 w=0.339 ratio=0.299 sigma_d=0.00131 zi_alpha=0.37 zi_mu=0.014 zi_delta=0.239 -> D=10.731 (25s, 205m)
[21:29:58]   [active 551] mt_gamma=0.745 ft_sigma_c=0.623 f=0.828 w=0.176 ratio=0.0434 sigma_d=0.00142 zi_alpha=0.336 zi_mu=0.073 zi_delta=0.303 -> D=9.279 (24s, 206m)
[21:30:23]   [active 552] mt_gamma=0.481 ft_sigma_c=0.702 f=0.854 w=0.616 ratio=0.27 sigma_d=0.0015 zi_alpha=0.39 zi_mu=0.0388 zi_delta=0.186 -> D=11.049 (25s, 206m)
[21:30:51]   [active 553] mt_gamma=0.208 ft_sigma_c=0.766 f=0.996 w=0.115 ratio=0.223 sigma_d=0.00138 zi_alpha=0.173 zi_mu=0.12 zi_delta=0.25 -> D=11.468 (28s, 207m)
[21:31:18]   [active 554] mt_gamma=0.189 ft_sigma_c=0.53 f=1.02 w=0.486 ratio=0.109 sigma_d=0.00185 zi_alpha=0.291 zi_mu=0.0802 zi_delta=0.098 -> D=23.721 (27s, 207m)
[21:31:41]   [active 555] mt_gamma=1.33 ft_sigma_c=0.271 f=0.964 w=0.745 ratio=0.106 sigma_d=0.00219 zi_alpha=0.433 zi_mu=0.0845 zi_delta=0.185 -> D=36.049 (23s, 207m)
[21:32:04]   [active 556] mt_gamma=1.56 ft_sigma_c=0.415 f=1.27 w=0.158 ratio=0.0341 sigma_d=0.00137 zi_alpha=0.433 zi_mu=0.11 zi_delta=0.189 -> D=23.161 (23s, 208m)
[21:32:25]   [active 557] mt_gamma=1.24 ft_sigma_c=0.171 f=0.462 w=0.167 ratio=0.123 sigma_d=0.00158 zi_alpha=0.254 zi_mu=0.025 zi_delta=0.177 -> D=30.800 (21s, 208m)
[21:32:45]   [active 558] mt_gamma=1.37 ft_sigma_c=0.407 f=1.22 w=0.348 ratio=0.328 sigma_d=0.00158 zi_alpha=0.0966 zi_mu=0.0405 zi_delta=0.156 -> D=27.729 (20s, 208m)
[21:33:11]   [active 559] mt_gamma=0.254 ft_sigma_c=0.685 f=0.841 w=0.273 ratio=0.0827 sigma_d=0.00137 zi_alpha=0.35 zi_mu=0.0505 zi_delta=0.279 -> D=10.337 (25s, 209m)
[21:33:33]   [active 560] mt_gamma=0.843 ft_sigma_c=0.708 f=1.03 w=0.557 ratio=0.0527 sigma_d=0.00124 zi_alpha=0.331 zi_mu=0.064 zi_delta=0.317 -> D=12.642 (22s, 209m)
[21:33:56]   [active 561] mt_gamma=0.444 ft_sigma_c=0.637 f=0.844 w=0.728 ratio=0.05 sigma_d=0.00117 zi_alpha=0.376 zi_mu=0.0845 zi_delta=0.297 -> D=7.620 (24s, 210m)
[21:34:20]   [active 562] mt_gamma=0.813 ft_sigma_c=0.769 f=0.681 w=0.506 ratio=0.259 sigma_d=0.00114 zi_alpha=0.358 zi_mu=0.0527 zi_delta=0.269 -> D=8.070 (23s, 210m)
[21:34:51]   [active 563] mt_gamma=0.954 ft_sigma_c=0.643 f=0.786 w=0.643 ratio=0.294 sigma_d=0.00114 zi_alpha=0.411 zi_mu=0.093 zi_delta=0.21 -> D=9.129 (31s, 211m)
[21:35:20]   [active 564] mt_gamma=0.945 ft_sigma_c=0.769 f=0.901 w=0.294 ratio=0.344 sigma_d=0.00126 zi_alpha=0.433 zi_mu=0.0702 zi_delta=0.19 -> D=12.860 (29s, 211m)
[21:35:49]   [active 565] mt_gamma=0.166 ft_sigma_c=0.487 f=0.663 w=0.263 ratio=0.177 sigma_d=0.00129 zi_alpha=0.322 zi_mu=0.0328 zi_delta=0.17 -> D=7.505 (29s, 212m)
[21:36:19]   [active 566] mt_gamma=1.02 ft_sigma_c=0.592 f=0.824 w=0.505 ratio=0.354 sigma_d=0.00151 zi_alpha=0.381 zi_mu=0.0349 zi_delta=0.181 -> D=14.787 (30s, 212m)
[21:36:45]   [active 567] mt_gamma=0.175 ft_sigma_c=0.738 f=0.689 w=0.625 ratio=0.033 sigma_d=0.00111 zi_alpha=0.346 zi_mu=0.13 zi_delta=0.23 -> D=15.567 (26s, 212m)
[21:37:14]   [active 568] mt_gamma=1.38 ft_sigma_c=0.794 f=0.81 w=0.477 ratio=0.141 sigma_d=0.00117 zi_alpha=0.404 zi_mu=0.123 zi_delta=0.165 -> D=11.566 (29s, 213m)
[21:37:39]   [active 569] mt_gamma=0.731 ft_sigma_c=0.145 f=1.06 w=0.879 ratio=0.363 sigma_d=0.00107 zi_alpha=0.101 zi_mu=0.0291 zi_delta=0.205 -> D=32.009 (25s, 213m)
[21:38:06]   [active 570] mt_gamma=1.24 ft_sigma_c=0.115 f=0.13 w=0.273 ratio=0.268 sigma_d=0.00196 zi_alpha=0.348 zi_mu=0.0144 zi_delta=0.283 -> D=55.734 (26s, 214m)
[21:38:28]   [active 571] mt_gamma=0.502 ft_sigma_c=0.604 f=0.379 w=0.439 ratio=0.22 sigma_d=0.00162 zi_alpha=0.175 zi_mu=0.0815 zi_delta=0.114 -> D=42.900 (23s, 214m)
[21:38:52]   [active 572] mt_gamma=0.868 ft_sigma_c=0.697 f=0.749 w=0.132 ratio=0.238 sigma_d=0.00122 zi_alpha=0.283 zi_mu=0.0166 zi_delta=0.0591 -> D=11.246 (24s, 215m)
[21:39:13]   [active 573] mt_gamma=0.989 ft_sigma_c=0.33 f=0.533 w=0.195 ratio=0.317 sigma_d=0.00106 zi_alpha=0.154 zi_mu=0.0204 zi_delta=0.0853 -> D=26.145 (21s, 215m)
[21:39:41]   [active 574] mt_gamma=0.557 ft_sigma_c=0.808 f=0.366 w=0.643 ratio=0.0932 sigma_d=0.00102 zi_alpha=0.332 zi_mu=0.106 zi_delta=0.0469 -> D=17.094 (28s, 215m)
[21:40:06]   [active 575] mt_gamma=0.539 ft_sigma_c=0.723 f=0.874 w=0.466 ratio=0.238 sigma_d=0.00147 zi_alpha=0.339 zi_mu=0.0358 zi_delta=0.318 -> D=7.504 (25s, 216m)
[21:40:32]   [active 576] mt_gamma=0.44 ft_sigma_c=0.687 f=0.673 w=0.687 ratio=0.302 sigma_d=0.00121 zi_alpha=0.335 zi_mu=0.114 zi_delta=0.236 -> D=8.386 (26s, 216m)
[21:40:56]   [active 577] mt_gamma=0.162 ft_sigma_c=0.516 f=1.03 w=0.215 ratio=0.207 sigma_d=0.00153 zi_alpha=0.323 zi_mu=0.0539 zi_delta=0.208 -> D=12.168 (24s, 217m)
[21:41:26]   [active 578] mt_gamma=0.793 ft_sigma_c=0.629 f=0.805 w=0.67 ratio=0.132 sigma_d=0.00116 zi_alpha=0.392 zi_mu=0.131 zi_delta=0.224 -> D=9.848 (30s, 217m)
[21:41:52]   [active 579] mt_gamma=1.37 ft_sigma_c=0.776 f=0.894 w=0.617 ratio=0.328 sigma_d=0.00114 zi_alpha=0.357 zi_mu=0.0496 zi_delta=0.22 -> D=11.403 (25s, 218m)
[21:42:19]   [active 580] mt_gamma=0.382 ft_sigma_c=0.648 f=0.919 w=0.323 ratio=0.198 sigma_d=0.00133 zi_alpha=0.383 zi_mu=0.123 zi_delta=0.201 -> D=10.392 (27s, 218m)
[21:42:43]   [active 581] mt_gamma=1.33 ft_sigma_c=0.64 f=0.807 w=0.31 ratio=0.394 sigma_d=0.0014 zi_alpha=0.407 zi_mu=0.0366 zi_delta=0.229 -> D=10.779 (24s, 218m)
[21:43:06]   [active 582] mt_gamma=0.578 ft_sigma_c=0.55 f=0.977 w=0.326 ratio=0.347 sigma_d=0.00118 zi_alpha=0.321 zi_mu=0.138 zi_delta=0.297 -> D=14.753 (24s, 219m)
[21:43:34]   [active 583] mt_gamma=0.269 ft_sigma_c=0.763 f=0.826 w=0.171 ratio=0.245 sigma_d=0.00138 zi_alpha=0.369 zi_mu=0.105 zi_delta=0.251 -> D=15.155 (28s, 219m)
[21:44:03]   [active 584] mt_gamma=1.21 ft_sigma_c=0.761 f=0.938 w=0.158 ratio=0.0506 sigma_d=0.0013 zi_alpha=0.421 zi_mu=0.0526 zi_delta=0.297 -> D=10.873 (28s, 220m)
[21:44:28]   [active 585] mt_gamma=0.459 ft_sigma_c=0.63 f=0.675 w=0.42 ratio=0.381 sigma_d=0.00195 zi_alpha=0.3 zi_mu=0.0908 zi_delta=0.304 -> D=21.985 (25s, 220m)
[21:44:53]   [active 586] mt_gamma=1.38 ft_sigma_c=0.578 f=0.419 w=0.575 ratio=0.227 sigma_d=0.00189 zi_alpha=0.157 zi_mu=0.0797 zi_delta=0.173 -> D=50.578 (25s, 221m)
[21:45:21]   [active 587] mt_gamma=0.526 ft_sigma_c=0.547 f=0.215 w=0.877 ratio=0.292 sigma_d=0.00189 zi_alpha=0.344 zi_mu=0.0925 zi_delta=0.206 -> D=48.108 (28s, 221m)
[21:45:49]   [active 588] mt_gamma=0.887 ft_sigma_c=0.236 f=0.15 w=0.843 ratio=0.0236 sigma_d=0.00166 zi_alpha=0.394 zi_mu=0.129 zi_delta=0.153 -> D=55.769 (27s, 222m)
[21:46:13]   [active 589] mt_gamma=0.791 ft_sigma_c=0.525 f=0.591 w=0.161 ratio=0.344 sigma_d=0.00158 zi_alpha=0.228 zi_mu=0.0488 zi_delta=0.278 -> D=24.426 (24s, 222m)
[21:46:36]   [active 590] mt_gamma=0.939 ft_sigma_c=0.482 f=0.899 w=0.768 ratio=0.136 sigma_d=0.0011 zi_alpha=0.312 zi_mu=0.0629 zi_delta=0.194 -> D=18.229 (23s, 222m)
[21:47:04]   [active 591] mt_gamma=0.71 ft_sigma_c=0.765 f=0.775 w=0.366 ratio=0.322 sigma_d=0.00127 zi_alpha=0.405 zi_mu=0.11 zi_delta=0.255 -> D=9.351 (27s, 223m)
[21:47:31]   [active 592] mt_gamma=0.544 ft_sigma_c=0.634 f=0.819 w=0.731 ratio=0.18 sigma_d=0.00116 zi_alpha=0.36 zi_mu=0.0624 zi_delta=0.217 -> D=10.750 (27s, 223m)
[21:47:56]   [active 593] mt_gamma=0.118 ft_sigma_c=0.563 f=0.626 w=0.371 ratio=0.345 sigma_d=0.00133 zi_alpha=0.326 zi_mu=0.0294 zi_delta=0.167 -> D=9.445 (26s, 224m)
[21:48:22]   [active 594] mt_gamma=1.13 ft_sigma_c=0.652 f=0.812 w=0.221 ratio=0.369 sigma_d=0.00152 zi_alpha=0.433 zi_mu=0.0955 zi_delta=0.227 -> D=9.729 (26s, 224m)
[21:48:48]   [active 595] mt_gamma=0.924 ft_sigma_c=0.658 f=0.715 w=0.757 ratio=0.0384 sigma_d=0.00135 zi_alpha=0.44 zi_mu=0.074 zi_delta=0.271 -> D=12.865 (26s, 225m)
[21:49:13]   [active 596] mt_gamma=0.374 ft_sigma_c=0.559 f=0.926 w=0.241 ratio=0.317 sigma_d=0.00117 zi_alpha=0.348 zi_mu=0.0777 zi_delta=0.276 -> D=11.920 (25s, 225m)
[21:49:39]   [active 597] mt_gamma=0.179 ft_sigma_c=0.714 f=0.75 w=0.43 ratio=0.0717 sigma_d=0.00124 zi_alpha=0.311 zi_mu=0.0209 zi_delta=0.232 -> D=10.568 (26s, 225m)
[21:50:06]   [active 598] mt_gamma=0.204 ft_sigma_c=0.581 f=0.871 w=0.455 ratio=0.146 sigma_d=0.00118 zi_alpha=0.379 zi_mu=0.0873 zi_delta=0.168 -> D=12.661 (27s, 226m)
[21:50:31]   [active 599] mt_gamma=0.746 ft_sigma_c=0.689 f=0.717 w=0.304 ratio=0.113 sigma_d=0.00104 zi_alpha=0.325 zi_mu=0.105 zi_delta=0.298 -> D=11.178 (25s, 226m)
[21:50:56]   [active 600] mt_gamma=0.526 ft_sigma_c=0.627 f=0.722 w=0.115 ratio=0.266 sigma_d=0.00124 zi_alpha=0.411 zi_mu=0.0419 zi_delta=0.169 -> D=10.060 (25s, 227m)
[21:51:22]   [active 601] mt_gamma=0.171 ft_sigma_c=0.115 f=0.712 w=0.77 ratio=0.296 sigma_d=0.00208 zi_alpha=0.315 zi_mu=0.144 zi_delta=0.158 -> D=36.505 (26s, 227m)
[21:51:48]   [active 602] mt_gamma=0.276 ft_sigma_c=0.393 f=1.24 w=0.357 ratio=0.271 sigma_d=0.00217 zi_alpha=0.297 zi_mu=0.111 zi_delta=0.168 -> D=24.215 (26s, 228m)
[21:52:13]   [active 603] mt_gamma=0.792 ft_sigma_c=0.139 f=0.815 w=0.741 ratio=0.35 sigma_d=0.00167 zi_alpha=0.305 zi_mu=0.13 zi_delta=0.0336 -> D=38.078 (25s, 228m)
[21:52:35]   [active 604] mt_gamma=0.955 ft_sigma_c=0.653 f=1.26 w=0.136 ratio=0.27 sigma_d=0.00167 zi_alpha=0.121 zi_mu=0.146 zi_delta=0.13 -> D=25.785 (22s, 228m)
[21:53:00]   [active 605] mt_gamma=1.41 ft_sigma_c=0.572 f=0.182 w=0.658 ratio=0.0212 sigma_d=0.00138 zi_alpha=0.232 zi_mu=0.143 zi_delta=0.169 -> D=57.774 (25s, 229m)
[21:53:22]   [active 606] mt_gamma=0.662 ft_sigma_c=0.122 f=0.343 w=0.789 ratio=0.237 sigma_d=0.00168 zi_alpha=0.0804 zi_mu=0.0395 zi_delta=0.193 -> D=35.096 (21s, 229m)
[21:53:48]   [active 607] mt_gamma=0.416 ft_sigma_c=0.713 f=0.774 w=0.541 ratio=0.0748 sigma_d=0.00137 zi_alpha=0.363 zi_mu=0.0705 zi_delta=0.306 -> D=8.702 (26s, 230m)
[21:54:14]   [active 608] mt_gamma=0.595 ft_sigma_c=0.64 f=0.746 w=0.394 ratio=0.362 sigma_d=0.00156 zi_alpha=0.352 zi_mu=0.0372 zi_delta=0.224 -> D=13.370 (26s, 230m)
[21:54:38]   [active 609] mt_gamma=0.859 ft_sigma_c=0.669 f=0.981 w=0.397 ratio=0.199 sigma_d=0.00131 zi_alpha=0.416 zi_mu=0.0902 zi_delta=0.312 -> D=11.933 (24s, 230m)
[21:55:04]   [active 610] mt_gamma=0.829 ft_sigma_c=0.773 f=0.719 w=0.187 ratio=0.236 sigma_d=0.00136 zi_alpha=0.358 zi_mu=0.0271 zi_delta=0.162 -> D=10.388 (27s, 231m)
[21:55:33]   [active 611] mt_gamma=0.638 ft_sigma_c=0.585 f=0.695 w=0.41 ratio=0.256 sigma_d=0.00127 zi_alpha=0.416 zi_mu=0.123 zi_delta=0.196 -> D=8.891 (29s, 231m)
[21:55:58]   [active 612] mt_gamma=1.01 ft_sigma_c=0.85 f=0.758 w=0.676 ratio=0.383 sigma_d=0.00134 zi_alpha=0.34 zi_mu=0.0989 zi_delta=0.198 -> D=12.941 (25s, 232m)
[21:56:24]   [active 613] mt_gamma=0.567 ft_sigma_c=0.797 f=0.724 w=0.702 ratio=0.0463 sigma_d=0.00118 zi_alpha=0.387 zi_mu=0.0546 zi_delta=0.287 -> D=11.033 (25s, 232m)
[21:56:50]   [active 614] mt_gamma=0.659 ft_sigma_c=0.774 f=0.638 w=0.638 ratio=0.313 sigma_d=0.00104 zi_alpha=0.418 zi_mu=0.0602 zi_delta=0.232 -> D=10.974 (26s, 233m)
[21:57:16]   [active 615] mt_gamma=0.51 ft_sigma_c=0.627 f=0.649 w=0.258 ratio=0.0944 sigma_d=0.00141 zi_alpha=0.411 zi_mu=0.0443 zi_delta=0.318 -> D=9.425 (26s, 233m)
[21:57:43]   [active 616] mt_gamma=0.406 ft_sigma_c=0.53 f=0.874 w=0.307 ratio=0.207 sigma_d=0.00153 zi_alpha=0.384 zi_mu=0.149 zi_delta=0.265 -> D=9.283 (27s, 233m)
[21:58:17]   [active 617] mt_gamma=0.991 ft_sigma_c=0.179 f=1.39 w=0.439 ratio=0.319 sigma_d=0.0021 zi_alpha=0.37 zi_mu=0.0603 zi_delta=0.0468 -> D=30.991 (34s, 234m)
[21:59:00]   [active 618] mt_gamma=0.156 ft_sigma_c=0.818 f=0.426 w=0.494 ratio=0.248 sigma_d=0.00104 zi_alpha=0.383 zi_mu=0.101 zi_delta=0.243 -> D=23.701 (43s, 235m)
[21:59:34]   [active 619] mt_gamma=0.669 ft_sigma_c=0.688 f=1.28 w=0.322 ratio=0.26 sigma_d=0.00196 zi_alpha=0.426 zi_mu=0.122 zi_delta=0.215 -> D=15.191 (34s, 235m)
[22:00:00]   [active 620] mt_gamma=0.316 ft_sigma_c=0.752 f=0.833 w=0.511 ratio=0.238 sigma_d=0.00153 zi_alpha=0.0925 zi_mu=0.115 zi_delta=0.314 -> D=18.394 (26s, 236m)
[22:00:25]   [active 621] mt_gamma=0.798 ft_sigma_c=0.707 f=0.212 w=0.781 ratio=0.301 sigma_d=0.00164 zi_alpha=0.316 zi_mu=0.0939 zi_delta=0.17 -> D=46.811 (25s, 236m)
[22:00:48]   [active 622] mt_gamma=0.802 ft_sigma_c=0.181 f=0.439 w=0.36 ratio=0.374 sigma_d=0.0014 zi_alpha=0.242 zi_mu=0.12 zi_delta=0.12 -> D=29.235 (22s, 237m)
[22:01:12]   [active 623] mt_gamma=0.961 ft_sigma_c=0.671 f=0.781 w=0.317 ratio=0.214 sigma_d=0.00129 zi_alpha=0.408 zi_mu=0.0984 zi_delta=0.218 -> D=8.231 (24s, 237m)
[22:01:35]   [active 624] mt_gamma=0.38 ft_sigma_c=0.593 f=0.741 w=0.535 ratio=0.0716 sigma_d=0.00122 zi_alpha=0.349 zi_mu=0.0752 zi_delta=0.295 -> D=8.488 (22s, 237m)
[22:01:57]   [active 625] mt_gamma=1.15 ft_sigma_c=0.717 f=0.916 w=0.467 ratio=0.0547 sigma_d=0.00133 zi_alpha=0.415 zi_mu=0.128 zi_delta=0.241 -> D=10.073 (22s, 238m)
[22:02:22]   [active 626] mt_gamma=1.34 ft_sigma_c=0.683 f=0.858 w=0.524 ratio=0.37 sigma_d=0.00147 zi_alpha=0.406 zi_mu=0.0583 zi_delta=0.267 -> D=10.867 (24s, 238m)
[22:02:47]   [active 627] mt_gamma=0.682 ft_sigma_c=0.764 f=0.84 w=0.258 ratio=0.218 sigma_d=0.00112 zi_alpha=0.33 zi_mu=0.0431 zi_delta=0.174 -> D=10.852 (25s, 238m)
[22:03:10]   [active 628] mt_gamma=0.65 ft_sigma_c=0.716 f=0.9 w=0.535 ratio=0.296 sigma_d=0.00127 zi_alpha=0.428 zi_mu=0.0637 zi_delta=0.168 -> D=11.819 (23s, 239m)
[22:03:33]   [active 629] mt_gamma=1.09 ft_sigma_c=0.72 f=0.632 w=0.588 ratio=0.322 sigma_d=0.00103 zi_alpha=0.327 zi_mu=0.119 zi_delta=0.298 -> D=11.619 (23s, 239m)
[22:03:54]   [active 630] mt_gamma=1.05 ft_sigma_c=0.711 f=0.815 w=0.46 ratio=0.392 sigma_d=0.00139 zi_alpha=0.352 zi_mu=0.0238 zi_delta=0.171 -> D=11.047 (21s, 240m)
[22:04:15]   [active 631] mt_gamma=1.1 ft_sigma_c=0.635 f=0.696 w=0.267 ratio=0.212 sigma_d=0.00125 zi_alpha=0.337 zi_mu=0.0333 zi_delta=0.273 -> D=12.744 (20s, 240m)
[22:04:37]   [active 632] mt_gamma=1.33 ft_sigma_c=0.58 f=0.795 w=0.246 ratio=0.26 sigma_d=0.0014 zi_alpha=0.437 zi_mu=0.11 zi_delta=0.29 -> D=10.356 (23s, 240m)
[22:04:56]   [active 633] mt_gamma=0.799 ft_sigma_c=0.282 f=0.929 w=0.294 ratio=0.227 sigma_d=0.00126 zi_alpha=0.112 zi_mu=0.11 zi_delta=0.13 -> D=24.412 (19s, 241m)
[22:05:18]   [active 634] mt_gamma=0.567 ft_sigma_c=0.202 f=1.21 w=0.386 ratio=0.0853 sigma_d=0.00174 zi_alpha=0.39 zi_mu=0.125 zi_delta=0.156 -> D=27.481 (22s, 241m)
[22:05:39]   [active 635] mt_gamma=0.662 ft_sigma_c=0.758 f=1.23 w=0.174 ratio=0.0865 sigma_d=0.002 zi_alpha=0.231 zi_mu=0.0843 zi_delta=0.131 -> D=21.434 (21s, 241m)
[22:05:58]   [active 636] mt_gamma=1.66 ft_sigma_c=0.482 f=1.36 w=0.116 ratio=0.279 sigma_d=0.00162 zi_alpha=0.294 zi_mu=0.0595 zi_delta=0.252 -> D=23.448 (19s, 242m)
[22:06:18]   [active 637] mt_gamma=1.92 ft_sigma_c=0.483 f=0.184 w=0.314 ratio=0.0465 sigma_d=0.00108 zi_alpha=0.193 zi_mu=0.0902 zi_delta=0.18 -> D=49.966 (19s, 242m)
[22:06:35]   [active 638] mt_gamma=1.72 ft_sigma_c=0.712 f=1.35 w=0.48 ratio=0.109 sigma_d=0.00107 zi_alpha=0.237 zi_mu=0.021 zi_delta=0.119 -> D=24.845 (17s, 242m)
[22:06:57]   [active 639] mt_gamma=0.82 ft_sigma_c=0.71 f=0.817 w=0.479 ratio=0.198 sigma_d=0.0013 zi_alpha=0.373 zi_mu=0.0357 zi_delta=0.277 -> D=8.758 (21s, 243m)
[22:07:18]   [active 640] mt_gamma=0.762 ft_sigma_c=0.761 f=0.881 w=0.252 ratio=0.209 sigma_d=0.0015 zi_alpha=0.338 zi_mu=0.115 zi_delta=0.312 -> D=8.533 (21s, 243m)
[22:07:42]   [active 641] mt_gamma=0.528 ft_sigma_c=0.803 f=0.747 w=0.403 ratio=0.361 sigma_d=0.00134 zi_alpha=0.366 zi_mu=0.11 zi_delta=0.214 -> D=11.591 (24s, 243m)
[22:08:20]   [active 642] mt_gamma=0.342 ft_sigma_c=0.644 f=0.797 w=0.653 ratio=0.275 sigma_d=0.00122 zi_alpha=0.355 zi_mu=0.0773 zi_delta=0.181 -> D=8.438 (38s, 244m)
[22:08:46]   [active 643] mt_gamma=1.14 ft_sigma_c=0.717 f=1.02 w=0.491 ratio=0.363 sigma_d=0.0014 zi_alpha=0.431 zi_mu=0.148 zi_delta=0.291 -> D=9.927 (26s, 244m)
[22:09:22]   [active 644] mt_gamma=0.594 ft_sigma_c=0.668 f=0.677 w=0.434 ratio=0.118 sigma_d=0.0013 zi_alpha=0.319 zi_mu=0.098 zi_delta=0.289 -> D=9.773 (36s, 245m)
[22:09:52]   [active 645] mt_gamma=0.913 ft_sigma_c=0.677 f=0.787 w=0.371 ratio=0.0893 sigma_d=0.00124 zi_alpha=0.438 zi_mu=0.0891 zi_delta=0.315 -> D=8.976 (30s, 246m)
[22:10:14]   [active 646] mt_gamma=1.3 ft_sigma_c=0.628 f=0.793 w=0.129 ratio=0.0506 sigma_d=0.00132 zi_alpha=0.401 zi_mu=0.113 zi_delta=0.205 -> D=10.367 (22s, 246m)
[22:10:37]   [active 647] mt_gamma=0.511 ft_sigma_c=0.513 f=0.646 w=0.716 ratio=0.31 sigma_d=0.00105 zi_alpha=0.419 zi_mu=0.148 zi_delta=0.231 -> D=8.793 (23s, 246m)
[22:10:59]   [active 648] mt_gamma=0.676 ft_sigma_c=0.665 f=0.987 w=0.523 ratio=0.39 sigma_d=0.00152 zi_alpha=0.384 zi_mu=0.0841 zi_delta=0.189 -> D=9.311 (22s, 247m)
[22:11:20]   [active 649] mt_gamma=0.334 ft_sigma_c=0.323 f=1.18 w=0.56 ratio=0.0878 sigma_d=0.00128 zi_alpha=0.246 zi_mu=0.126 zi_delta=0.0443 -> D=28.160 (21s, 247m)
[22:11:42]   [active 650] mt_gamma=0.894 ft_sigma_c=0.522 f=1.06 w=0.822 ratio=0.34 sigma_d=0.00212 zi_alpha=0.387 zi_mu=0.127 zi_delta=0.169 -> D=31.702 (22s, 247m)
[22:12:06]   [active 651] mt_gamma=1.47 ft_sigma_c=0.474 f=1.21 w=0.705 ratio=0.329 sigma_d=0.00212 zi_alpha=0.179 zi_mu=0.103 zi_delta=0.281 -> D=36.839 (24s, 248m)
[22:12:34]   [active 652] mt_gamma=1.82 ft_sigma_c=0.328 f=0.469 w=0.432 ratio=0.125 sigma_d=0.00196 zi_alpha=0.373 zi_mu=0.135 zi_delta=0.0527 -> D=42.801 (27s, 248m)
[22:13:00]   [active 653] mt_gamma=0.821 ft_sigma_c=0.49 f=0.567 w=0.773 ratio=0.0425 sigma_d=0.00203 zi_alpha=0.216 zi_mu=0.0638 zi_delta=0.145 -> D=44.945 (27s, 249m)
[22:13:25]   [active 654] mt_gamma=1.79 ft_sigma_c=0.704 f=1.21 w=0.504 ratio=0.362 sigma_d=0.00115 zi_alpha=0.301 zi_mu=0.0198 zi_delta=0.081 -> D=19.739 (25s, 249m)
[22:13:57]   [active 655] mt_gamma=0.695 ft_sigma_c=0.672 f=0.796 w=0.535 ratio=0.29 sigma_d=0.00115 zi_alpha=0.364 zi_mu=0.0295 zi_delta=0.253 -> D=7.894 (32s, 250m)
[22:14:22]   [active 656] mt_gamma=0.505 ft_sigma_c=0.705 f=1.05 w=0.25 ratio=0.255 sigma_d=0.00139 zi_alpha=0.35 zi_mu=0.0197 zi_delta=0.284 -> D=10.531 (25s, 250m)
[22:14:46]   [active 657] mt_gamma=0.268 ft_sigma_c=0.617 f=0.828 w=0.329 ratio=0.0841 sigma_d=0.00132 zi_alpha=0.381 zi_mu=0.0649 zi_delta=0.192 -> D=10.863 (23s, 250m)
[22:15:08]   [active 658] mt_gamma=0.339 ft_sigma_c=0.63 f=0.681 w=0.259 ratio=0.306 sigma_d=0.0012 zi_alpha=0.384 zi_mu=0.0615 zi_delta=0.24 -> D=12.076 (22s, 251m)
[22:15:30]   [active 659] mt_gamma=0.924 ft_sigma_c=0.719 f=0.745 w=0.733 ratio=0.0469 sigma_d=0.00125 zi_alpha=0.405 zi_mu=0.0895 zi_delta=0.253 -> D=8.862 (22s, 251m)
[22:15:53]   [active 660] mt_gamma=0.782 ft_sigma_c=0.641 f=0.832 w=0.241 ratio=0.248 sigma_d=0.00152 zi_alpha=0.421 zi_mu=0.0784 zi_delta=0.266 -> D=7.775 (23s, 252m)
[22:16:15]   [active 661] mt_gamma=0.556 ft_sigma_c=0.632 f=0.932 w=0.574 ratio=0.285 sigma_d=0.00114 zi_alpha=0.429 zi_mu=0.0684 zi_delta=0.308 -> D=11.966 (22s, 252m)
[22:16:39]   [active 662] mt_gamma=0.33 ft_sigma_c=0.585 f=0.779 w=0.462 ratio=0.173 sigma_d=0.0013 zi_alpha=0.424 zi_mu=0.122 zi_delta=0.241 -> D=9.873 (24s, 252m)
[22:17:01]   [active 663] mt_gamma=1.1 ft_sigma_c=0.748 f=0.747 w=0.472 ratio=0.384 sigma_d=0.0014 zi_alpha=0.363 zi_mu=0.0787 zi_delta=0.273 -> D=11.673 (22s, 253m)
[22:17:23]   [active 664] mt_gamma=0.764 ft_sigma_c=0.727 f=0.769 w=0.656 ratio=0.39 sigma_d=0.00143 zi_alpha=0.407 zi_mu=0.11 zi_delta=0.294 -> D=10.114 (23s, 253m)
[22:17:45]   [active 665] mt_gamma=0.982 ft_sigma_c=0.63 f=0.802 w=0.203 ratio=0.193 sigma_d=0.00143 zi_alpha=0.18 zi_mu=0.147 zi_delta=0.277 -> D=18.653 (21s, 253m)
[22:18:07]   [active 666] mt_gamma=1.49 ft_sigma_c=0.613 f=0.3 w=0.735 ratio=0.172 sigma_d=0.00204 zi_alpha=0.414 zi_mu=0.0506 zi_delta=0.186 -> D=48.583 (22s, 254m)
[22:18:34]   [active 667] mt_gamma=0.467 ft_sigma_c=0.123 f=0.324 w=0.297 ratio=0.174 sigma_d=0.00187 zi_alpha=0.383 zi_mu=0.0675 zi_delta=0.0916 -> D=40.299 (26s, 254m)
[22:18:56]   [active 668] mt_gamma=1.7 ft_sigma_c=0.507 f=0.543 w=0.316 ratio=0.201 sigma_d=0.00177 zi_alpha=0.184 zi_mu=0.129 zi_delta=0.194 -> D=39.408 (23s, 255m)
[22:19:23]   [active 669] mt_gamma=0.342 ft_sigma_c=0.519 f=1.21 w=0.633 ratio=0.11 sigma_d=0.00136 zi_alpha=0.224 zi_mu=0.0172 zi_delta=0.048 -> D=26.070 (26s, 255m)
[22:19:47]   [active 670] mt_gamma=1.56 ft_sigma_c=0.499 f=0.708 w=0.268 ratio=0.134 sigma_d=0.00108 zi_alpha=0.263 zi_mu=0.0719 zi_delta=0.0459 -> D=19.410 (24s, 255m)
[22:20:12]   [active 671] mt_gamma=1.18 ft_sigma_c=0.777 f=0.756 w=0.611 ratio=0.371 sigma_d=0.00115 zi_alpha=0.408 zi_mu=0.0724 zi_delta=0.248 -> D=7.688 (25s, 256m)
[22:20:37]   [active 672] mt_gamma=0.642 ft_sigma_c=0.67 f=0.705 w=0.339 ratio=0.23 sigma_d=0.00122 zi_alpha=0.323 zi_mu=0.08 zi_delta=0.16 -> D=10.800 (24s, 256m)
[22:21:02]   [active 673] mt_gamma=0.951 ft_sigma_c=0.666 f=0.771 w=0.263 ratio=0.236 sigma_d=0.00147 zi_alpha=0.342 zi_mu=0.0152 zi_delta=0.245 -> D=13.965 (25s, 257m)
[22:21:31]   [active 674] mt_gamma=0.666 ft_sigma_c=0.624 f=0.638 w=0.359 ratio=0.353 sigma_d=0.00126 zi_alpha=0.424 zi_mu=0.12 zi_delta=0.261 -> D=11.448 (28s, 257m)
[22:21:55]   [active 675] mt_gamma=0.921 ft_sigma_c=0.75 f=0.609 w=0.655 ratio=0.3 sigma_d=0.0012 zi_alpha=0.343 zi_mu=0.0979 zi_delta=0.268 -> D=12.209 (24s, 258m)
[22:22:18]   [active 676] mt_gamma=0.809 ft_sigma_c=0.845 f=0.834 w=0.473 ratio=0.384 sigma_d=0.00125 zi_alpha=0.364 zi_mu=0.0462 zi_delta=0.241 -> D=9.520 (24s, 258m)
[22:22:42]   [active 677] mt_gamma=0.722 ft_sigma_c=0.762 f=0.899 w=0.354 ratio=0.241 sigma_d=0.0014 zi_alpha=0.402 zi_mu=0.0829 zi_delta=0.187 -> D=9.653 (24s, 258m)
[22:23:06]   [active 678] mt_gamma=0.325 ft_sigma_c=0.587 f=0.855 w=0.599 ratio=0.0418 sigma_d=0.00133 zi_alpha=0.394 zi_mu=0.0491 zi_delta=0.307 -> D=8.302 (24s, 259m)
[22:23:30]   [active 679] mt_gamma=0.461 ft_sigma_c=0.725 f=0.853 w=0.383 ratio=0.0969 sigma_d=0.00127 zi_alpha=0.345 zi_mu=0.107 zi_delta=0.274 -> D=9.996 (24s, 259m)
[22:23:54]   [active 680] mt_gamma=0.457 ft_sigma_c=0.505 f=1.02 w=0.453 ratio=0.324 sigma_d=0.0016 zi_alpha=0.375 zi_mu=0.115 zi_delta=0.266 -> D=11.645 (24s, 260m)
[22:24:15]   [active 681] mt_gamma=1.33 ft_sigma_c=0.714 f=1.29 w=0.488 ratio=0.0929 sigma_d=0.00134 zi_alpha=0.157 zi_mu=0.137 zi_delta=0.178 -> D=28.357 (21s, 260m)
[22:24:42]   [active 682] mt_gamma=0.127 ft_sigma_c=0.473 f=0.163 w=0.107 ratio=0.143 sigma_d=0.00195 zi_alpha=0.347 zi_mu=0.104 zi_delta=0.135 -> D=49.003 (28s, 260m)
[22:25:05]   [active 683] mt_gamma=1.93 ft_sigma_c=0.805 f=0.357 w=0.758 ratio=0.258 sigma_d=0.00157 zi_alpha=0.296 zi_mu=0.0897 zi_delta=0.113 -> D=41.373 (23s, 261m)
[22:25:26]   [active 684] mt_gamma=0.695 ft_sigma_c=0.567 f=0.646 w=0.284 ratio=0.143 sigma_d=0.0012 zi_alpha=0.174 zi_mu=0.117 zi_delta=0.306 -> D=14.725 (21s, 261m)
[22:25:51]   [active 685] mt_gamma=1.17 ft_sigma_c=0.27 f=0.822 w=0.77 ratio=0.263 sigma_d=0.0022 zi_alpha=0.389 zi_mu=0.119 zi_delta=0.265 -> D=38.345 (25s, 262m)
[22:26:15]   [active 686] mt_gamma=0.466 ft_sigma_c=0.812 f=0.772 w=0.565 ratio=0.369 sigma_d=0.00205 zi_alpha=0.179 zi_mu=0.0876 zi_delta=0.0342 -> D=35.420 (24s, 262m)
[22:26:39]   [active 687] mt_gamma=0.549 ft_sigma_c=0.7 f=0.731 w=0.419 ratio=0.358 sigma_d=0.0011 zi_alpha=0.319 zi_mu=0.145 zi_delta=0.303 -> D=11.709 (24s, 262m)
[22:27:03]   [active 688] mt_gamma=0.734 ft_sigma_c=0.592 f=0.819 w=0.659 ratio=0.241 sigma_d=0.00116 zi_alpha=0.366 zi_mu=0.0529 zi_delta=0.213 -> D=11.805 (24s, 263m)
[22:27:27]   [active 689] mt_gamma=0.688 ft_sigma_c=0.675 f=0.981 w=0.519 ratio=0.0866 sigma_d=0.00107 zi_alpha=0.326 zi_mu=0.118 zi_delta=0.311 -> D=14.909 (24s, 263m)
[22:27:51]   [active 690] mt_gamma=0.429 ft_sigma_c=0.54 f=0.964 w=0.421 ratio=0.262 sigma_d=0.00138 zi_alpha=0.347 zi_mu=0.0919 zi_delta=0.225 -> D=10.321 (24s, 264m)
[22:28:15]   [active 691] mt_gamma=0.193 ft_sigma_c=0.592 f=0.732 w=0.612 ratio=0.332 sigma_d=0.00132 zi_alpha=0.403 zi_mu=0.0748 zi_delta=0.26 -> D=9.652 (24s, 264m)
[22:28:40]   [active 692] mt_gamma=0.761 ft_sigma_c=0.651 f=0.759 w=0.585 ratio=0.327 sigma_d=0.00147 zi_alpha=0.408 zi_mu=0.107 zi_delta=0.18 -> D=10.613 (25s, 264m)
[22:29:09]   [active 693] mt_gamma=1.31 ft_sigma_c=0.604 f=0.66 w=0.373 ratio=0.249 sigma_d=0.00121 zi_alpha=0.411 zi_mu=0.141 zi_delta=0.204 -> D=9.531 (29s, 265m)
[22:29:32]   [active 694] mt_gamma=0.872 ft_sigma_c=0.735 f=0.757 w=0.391 ratio=0.399 sigma_d=0.00126 zi_alpha=0.313 zi_mu=0.041 zi_delta=0.233 -> D=11.499 (23s, 265m)
[22:29:57]   [active 695] mt_gamma=0.503 ft_sigma_c=0.82 f=0.805 w=0.358 ratio=0.0604 sigma_d=0.0016 zi_alpha=0.384 zi_mu=0.0272 zi_delta=0.304 -> D=13.254 (25s, 266m)
[22:30:21]   [active 696] mt_gamma=1.05 ft_sigma_c=0.571 f=0.982 w=0.3 ratio=0.0635 sigma_d=0.00143 zi_alpha=0.398 zi_mu=0.0502 zi_delta=0.251 -> D=14.117 (24s, 266m)
[22:30:43]   [active 697] mt_gamma=1.3 ft_sigma_c=0.516 f=1.21 w=0.451 ratio=0.252 sigma_d=0.00209 zi_alpha=0.184 zi_mu=0.0462 zi_delta=0.066 -> D=40.675 (22s, 266m)
[22:31:05]   [active 698] mt_gamma=1.43 ft_sigma_c=0.72 f=1.38 w=0.882 ratio=0.12 sigma_d=0.00187 zi_alpha=0.225 zi_mu=0.0147 zi_delta=0.286 -> D=30.744 (22s, 267m)
[22:31:27]   [active 699] mt_gamma=1.77 ft_sigma_c=0.293 f=0.26 w=0.603 ratio=0.202 sigma_d=0.00134 zi_alpha=0.143 zi_mu=0.131 zi_delta=0.0781 -> D=49.387 (22s, 267m)
[22:31:49]   [active 700] mt_gamma=1.27 ft_sigma_c=0.559 f=1.34 w=0.467 ratio=0.34 sigma_d=0.00187 zi_alpha=0.273 zi_mu=0.0736 zi_delta=0.273 -> D=22.122 (23s, 268m)
[22:32:16]   [active 701] mt_gamma=1.04 ft_sigma_c=0.13 f=1.08 w=0.466 ratio=0.334 sigma_d=0.00104 zi_alpha=0.412 zi_mu=0.0202 zi_delta=0.0481 -> D=25.088 (27s, 268m)
[22:32:39]   [active 702] mt_gamma=1.89 ft_sigma_c=0.834 f=1.11 w=0.758 ratio=0.135 sigma_d=0.00197 zi_alpha=0.0829 zi_mu=0.0563 zi_delta=0.154 -> D=51.235 (23s, 268m)
[22:33:06]   [active 703] mt_gamma=0.406 ft_sigma_c=0.536 f=0.744 w=0.52 ratio=0.116 sigma_d=0.00137 zi_alpha=0.32 zi_mu=0.11 zi_delta=0.304 -> D=11.655 (26s, 269m)
[22:33:32]   [active 704] mt_gamma=0.902 ft_sigma_c=0.65 f=0.672 w=0.547 ratio=0.381 sigma_d=0.00118 zi_alpha=0.418 zi_mu=0.0938 zi_delta=0.222 -> D=8.439 (26s, 269m)
[22:33:56]   [active 705] mt_gamma=0.764 ft_sigma_c=0.693 f=0.857 w=0.549 ratio=0.196 sigma_d=0.00113 zi_alpha=0.381 zi_mu=0.045 zi_delta=0.31 -> D=9.572 (24s, 270m)
[22:34:26]   [active 706] mt_gamma=0.229 ft_sigma_c=0.615 f=0.757 w=0.326 ratio=0.356 sigma_d=0.00119 zi_alpha=0.344 zi_mu=0.0663 zi_delta=0.242 -> D=10.731 (29s, 270m)
[22:35:00]   [active 707] mt_gamma=0.774 ft_sigma_c=0.552 f=0.78 w=0.421 ratio=0.0279 sigma_d=0.00121 zi_alpha=0.36 zi_mu=0.11 zi_delta=0.274 -> D=13.087 (34s, 271m)
[22:35:30]   [active 708] mt_gamma=1.04 ft_sigma_c=0.7 f=1.04 w=0.174 ratio=0.289 sigma_d=0.00143 zi_alpha=0.432 zi_mu=0.0383 zi_delta=0.205 -> D=13.070 (30s, 271m)
[22:36:03]   [active 709] mt_gamma=0.834 ft_sigma_c=0.573 f=0.722 w=0.628 ratio=0.268 sigma_d=0.00132 zi_alpha=0.382 zi_mu=0.0679 zi_delta=0.198 -> D=10.991 (33s, 272m)
[22:36:38]   [active 710] mt_gamma=0.818 ft_sigma_c=0.646 f=0.861 w=0.239 ratio=0.148 sigma_d=0.00152 zi_alpha=0.35 zi_mu=0.088 zi_delta=0.276 -> D=12.153 (34s, 272m)
[22:37:10]   [active 711] mt_gamma=0.75 ft_sigma_c=0.711 f=0.912 w=0.631 ratio=0.0709 sigma_d=0.00157 zi_alpha=0.418 zi_mu=0.123 zi_delta=0.26 -> D=10.573 (32s, 273m)
[22:37:33]   [active 712] mt_gamma=0.938 ft_sigma_c=0.728 f=1.01 w=0.255 ratio=0.354 sigma_d=0.00129 zi_alpha=0.39 zi_mu=0.116 zi_delta=0.215 -> D=11.470 (23s, 273m)
[22:37:54]   [active 713] mt_gamma=1.6 ft_sigma_c=0.66 f=1.15 w=0.806 ratio=0.0672 sigma_d=0.00179 zi_alpha=0.27 zi_mu=0.0785 zi_delta=0.205 -> D=28.227 (21s, 274m)
[22:38:19]   [active 714] mt_gamma=0.262 ft_sigma_c=0.564 f=0.914 w=0.471 ratio=0.201 sigma_d=0.00208 zi_alpha=0.266 zi_mu=0.0828 zi_delta=0.0297 -> D=27.917 (25s, 274m)
[22:38:43]   [active 715] mt_gamma=1.97 ft_sigma_c=0.481 f=0.51 w=0.441 ratio=0.32 sigma_d=0.00175 zi_alpha=0.399 zi_mu=0.131 zi_delta=0.0332 -> D=31.385 (25s, 274m)
[22:39:05]   [active 716] mt_gamma=1.89 ft_sigma_c=0.214 f=1.19 w=0.798 ratio=0.0748 sigma_d=0.00155 zi_alpha=0.359 zi_mu=0.103 zi_delta=0.172 -> D=29.501 (22s, 275m)
[22:39:24]   [active 717] mt_gamma=1.64 ft_sigma_c=0.295 f=0.169 w=0.441 ratio=0.25 sigma_d=0.00143 zi_alpha=0.14 zi_mu=0.0462 zi_delta=0.175 -> D=53.060 (19s, 275m)
[22:39:48]   [active 718] mt_gamma=0.194 ft_sigma_c=0.213 f=0.25 w=0.742 ratio=0.203 sigma_d=0.00136 zi_alpha=0.294 zi_mu=0.0479 zi_delta=0.103 -> D=33.888 (24s, 276m)
[22:40:09]   [active 719] mt_gamma=0.855 ft_sigma_c=0.743 f=1.03 w=0.198 ratio=0.223 sigma_d=0.00149 zi_alpha=0.346 zi_mu=0.0312 zi_delta=0.298 -> D=8.586 (21s, 276m)
[22:40:32]   [active 720] mt_gamma=0.527 ft_sigma_c=0.623 f=0.752 w=0.38 ratio=0.227 sigma_d=0.00154 zi_alpha=0.421 zi_mu=0.12 zi_delta=0.306 -> D=9.001 (23s, 276m)
[22:41:04]   [active 721] mt_gamma=0.711 ft_sigma_c=0.764 f=0.959 w=0.481 ratio=0.346 sigma_d=0.00117 zi_alpha=0.405 zi_mu=0.0293 zi_delta=0.299 -> D=12.142 (32s, 277m)
[22:41:42]   [active 722] mt_gamma=0.191 ft_sigma_c=0.722 f=0.754 w=0.659 ratio=0.273 sigma_d=0.00101 zi_alpha=0.331 zi_mu=0.0431 zi_delta=0.281 -> D=12.620 (38s, 277m)
[22:42:11]   [active 723] mt_gamma=1.06 ft_sigma_c=0.71 f=0.858 w=0.457 ratio=0.375 sigma_d=0.00144 zi_alpha=0.345 zi_mu=0.123 zi_delta=0.235 -> D=10.891 (29s, 278m)
[22:42:36]   [active 724] mt_gamma=1.05 ft_sigma_c=0.803 f=0.776 w=0.542 ratio=0.203 sigma_d=0.00106 zi_alpha=0.414 zi_mu=0.106 zi_delta=0.203 -> D=11.721 (25s, 278m)
[22:43:00]   [active 725] mt_gamma=0.601 ft_sigma_c=0.656 f=0.654 w=0.334 ratio=0.305 sigma_d=0.00115 zi_alpha=0.36 zi_mu=0.142 zi_delta=0.229 -> D=11.912 (24s, 279m)
[22:43:25]   [active 726] mt_gamma=0.158 ft_sigma_c=0.57 f=0.699 w=0.158 ratio=0.119 sigma_d=0.00147 zi_alpha=0.355 zi_mu=0.0609 zi_delta=0.307 -> D=8.291 (25s, 279m)
[22:43:47]   [active 727] mt_gamma=1.08 ft_sigma_c=0.632 f=0.765 w=0.409 ratio=0.283 sigma_d=0.00134 zi_alpha=0.389 zi_mu=0.0785 zi_delta=0.167 -> D=9.652 (22s, 279m)
[22:44:13]   [active 728] mt_gamma=0.352 ft_sigma_c=0.682 f=0.978 w=0.322 ratio=0.0351 sigma_d=0.00121 zi_alpha=0.34 zi_mu=0.0864 zi_delta=0.221 -> D=13.183 (26s, 280m)
[22:44:35]   [active 729] mt_gamma=1.87 ft_sigma_c=0.155 f=0.674 w=0.797 ratio=0.0811 sigma_d=0.00175 zi_alpha=0.173 zi_mu=0.0919 zi_delta=0.0218 -> D=49.943 (22s, 280m)
[22:44:55]   [active 730] mt_gamma=0.913 ft_sigma_c=0.341 f=1.32 w=0.742 ratio=0.0422 sigma_d=0.00105 zi_alpha=0.249 zi_mu=0.0647 zi_delta=0.0777 -> D=25.309 (20s, 281m)
[22:45:17]   [active 731] mt_gamma=1.06 ft_sigma_c=0.147 f=0.873 w=0.296 ratio=0.218 sigma_d=0.00168 zi_alpha=0.283 zi_mu=0.0662 zi_delta=0.22 -> D=24.787 (22s, 281m)
[22:45:41]   [active 732] mt_gamma=0.875 ft_sigma_c=0.71 f=0.693 w=0.186 ratio=0.297 sigma_d=0.00182 zi_alpha=0.436 zi_mu=0.0372 zi_delta=0.0708 -> D=15.578 (24s, 281m)
[22:46:08]   [active 733] mt_gamma=0.152 ft_sigma_c=0.256 f=0.18 w=0.293 ratio=0.395 sigma_d=0.00108 zi_alpha=0.369 zi_mu=0.0305 zi_delta=0.114 -> D=33.108 (27s, 282m)
[22:46:28]   [active 734] mt_gamma=1.61 ft_sigma_c=0.612 f=0.774 w=0.459 ratio=0.233 sigma_d=0.00182 zi_alpha=0.174 zi_mu=0.0385 zi_delta=0.139 -> D=39.960 (20s, 282m)
[22:46:52]   [active 735] mt_gamma=0.612 ft_sigma_c=0.626 f=0.712 w=0.237 ratio=0.391 sigma_d=0.00134 zi_alpha=0.402 zi_mu=0.11 zi_delta=0.271 -> D=11.321 (24s, 283m)
[22:47:14]   [active 736] mt_gamma=1.15 ft_sigma_c=0.78 f=0.839 w=0.675 ratio=0.082 sigma_d=0.00136 zi_alpha=0.41 zi_mu=0.0697 zi_delta=0.316 -> D=9.399 (22s, 283m)
[22:47:37]   [active 737] mt_gamma=1.38 ft_sigma_c=0.727 f=0.681 w=0.474 ratio=0.334 sigma_d=0.00119 zi_alpha=0.435 zi_mu=0.0924 zi_delta=0.217 -> D=10.273 (23s, 283m)
[22:48:00]   [active 738] mt_gamma=0.683 ft_sigma_c=0.57 f=0.694 w=0.165 ratio=0.245 sigma_d=0.00121 zi_alpha=0.383 zi_mu=0.0775 zi_delta=0.3 -> D=11.457 (23s, 284m)
[22:48:23]   [active 739] mt_gamma=0.379 ft_sigma_c=0.757 f=0.835 w=0.411 ratio=0.334 sigma_d=0.00129 zi_alpha=0.377 zi_mu=0.147 zi_delta=0.294 -> D=11.435 (23s, 284m)
[22:48:48]   [active 740] mt_gamma=0.149 ft_sigma_c=0.655 f=0.641 w=0.393 ratio=0.209 sigma_d=0.00152 zi_alpha=0.377 zi_mu=0.0996 zi_delta=0.2 -> D=11.728 (25s, 285m)
[22:49:10]   [active 741] mt_gamma=0.428 ft_sigma_c=0.532 f=0.78 w=0.608 ratio=0.37 sigma_d=0.00146 zi_alpha=0.428 zi_mu=0.0915 zi_delta=0.314 -> D=8.977 (22s, 285m)
[22:49:31]   [active 742] mt_gamma=0.836 ft_sigma_c=0.715 f=0.675 w=0.32 ratio=0.383 sigma_d=0.00114 zi_alpha=0.376 zi_mu=0.0573 zi_delta=0.157 -> D=12.064 (22s, 285m)
[22:49:57]   [active 743] mt_gamma=0.197 ft_sigma_c=0.611 f=0.618 w=0.409 ratio=0.0454 sigma_d=0.00103 zi_alpha=0.397 zi_mu=0.0712 zi_delta=0.21 -> D=14.664 (26s, 286m)
[22:50:18]   [active 744] mt_gamma=0.713 ft_sigma_c=0.505 f=0.95 w=0.341 ratio=0.294 sigma_d=0.0015 zi_alpha=0.366 zi_mu=0.0485 zi_delta=0.304 -> D=11.131 (21s, 286m)
[22:50:38]   [active 745] mt_gamma=1.92 ft_sigma_c=0.619 f=1.17 w=0.747 ratio=0.326 sigma_d=0.00168 zi_alpha=0.314 zi_mu=0.0653 zi_delta=0.206 -> D=29.885 (20s, 286m)
[22:50:59]   [active 746] mt_gamma=1.75 ft_sigma_c=0.231 f=0.559 w=0.163 ratio=0.237 sigma_d=0.00205 zi_alpha=0.279 zi_mu=0.0406 zi_delta=0.0204 -> D=46.741 (21s, 287m)
[22:51:21]   [active 747] mt_gamma=0.342 ft_sigma_c=0.541 f=0.906 w=0.887 ratio=0.0703 sigma_d=0.00167 zi_alpha=0.247 zi_mu=0.0151 zi_delta=0.196 -> D=23.361 (22s, 287m)
[22:51:46]   [active 748] mt_gamma=0.274 ft_sigma_c=0.71 f=0.875 w=0.821 ratio=0.288 sigma_d=0.00182 zi_alpha=0.359 zi_mu=0.0298 zi_delta=0.0946 -> D=22.938 (25s, 287m)
[22:52:06]   [active 749] mt_gamma=1.73 ft_sigma_c=0.465 f=0.883 w=0.159 ratio=0.0879 sigma_d=0.00176 zi_alpha=0.225 zi_mu=0.117 zi_delta=0.185 -> D=29.214 (20s, 288m)
[22:52:26]   [active 750] mt_gamma=0.863 ft_sigma_c=0.239 f=0.131 w=0.458 ratio=0.153 sigma_d=0.00156 zi_alpha=0.303 zi_mu=0.145 zi_delta=0.0681 -> D=56.088 (21s, 288m)
[22:52:56]   [active 751] mt_gamma=0.418 ft_sigma_c=0.695 f=0.805 w=0.453 ratio=0.119 sigma_d=0.00133 zi_alpha=0.341 zi_mu=0.044 zi_delta=0.303 -> D=8.419 (28s, 289m)
[22:53:18]   [active 752] mt_gamma=1.18 ft_sigma_c=0.778 f=0.693 w=0.636 ratio=0.351 sigma_d=0.00133 zi_alpha=0.403 zi_mu=0.0691 zi_delta=0.234 -> D=10.662 (22s, 289m)
[22:53:41]   [active 753] mt_gamma=0.673 ft_sigma_c=0.693 f=0.835 w=0.332 ratio=0.371 sigma_d=0.00161 zi_alpha=0.397 zi_mu=0.0483 zi_delta=0.25 -> D=9.570 (23s, 289m)
[22:54:04]   [active 754] mt_gamma=0.239 ft_sigma_c=0.514 f=0.664 w=0.653 ratio=0.378 sigma_d=0.00116 zi_alpha=0.324 zi_mu=0.133 zi_delta=0.297 -> D=8.568 (23s, 290m)
[22:54:29]   [active 755] mt_gamma=0.28 ft_sigma_c=0.587 f=0.766 w=0.548 ratio=0.0454 sigma_d=0.00141 zi_alpha=0.434 zi_mu=0.0763 zi_delta=0.3 -> D=9.201 (24s, 290m)
[22:54:51]   [active 756] mt_gamma=0.718 ft_sigma_c=0.786 f=0.821 w=0.388 ratio=0.34 sigma_d=0.00137 zi_alpha=0.391 zi_mu=0.104 zi_delta=0.177 -> D=9.989 (22s, 291m)
[22:55:12]   [active 757] mt_gamma=0.339 ft_sigma_c=0.761 f=0.625 w=0.346 ratio=0.262 sigma_d=0.00124 zi_alpha=0.406 zi_mu=0.0918 zi_delta=0.304 -> D=14.969 (21s, 291m)
[22:55:33]   [active 758] mt_gamma=0.323 ft_sigma_c=0.535 f=0.82 w=0.124 ratio=0.0732 sigma_d=0.00145 zi_alpha=0.346 zi_mu=0.02 zi_delta=0.0661 -> D=8.648 (21s, 291m)
[22:55:53]   [active 759] mt_gamma=0.924 ft_sigma_c=0.743 f=0.841 w=0.179 ratio=0.298 sigma_d=0.00121 zi_alpha=0.345 zi_mu=0.092 zi_delta=0.177 -> D=11.047 (21s, 292m)
[22:56:13]   [active 760] mt_gamma=0.874 ft_sigma_c=0.603 f=0.751 w=0.125 ratio=0.347 sigma_d=0.00127 zi_alpha=0.398 zi_mu=0.0369 zi_delta=0.162 -> D=12.635 (20s, 292m)
[22:56:34]   [active 761] mt_gamma=1.46 ft_sigma_c=0.351 f=0.672 w=0.142 ratio=0.385 sigma_d=0.00143 zi_alpha=0.375 zi_mu=0.0688 zi_delta=0.076 -> D=20.748 (20s, 292m)
[22:56:54]   [active 762] mt_gamma=1.49 ft_sigma_c=0.651 f=0.184 w=0.702 ratio=0.314 sigma_d=0.00216 zi_alpha=0.214 zi_mu=0.0872 zi_delta=0.0868 -> D=74.386 (20s, 293m)
[22:57:12]   [active 763] mt_gamma=0.731 ft_sigma_c=0.417 f=1.35 w=0.608 ratio=0.368 sigma_d=0.00178 zi_alpha=0.157 zi_mu=0.0474 zi_delta=0.102 -> D=33.634 (18s, 293m)
[22:57:31]   [active 764] mt_gamma=1.65 ft_sigma_c=0.619 f=1.22 w=0.894 ratio=0.121 sigma_d=0.00186 zi_alpha=0.249 zi_mu=0.147 zi_delta=0.314 -> D=31.621 (20s, 293m)
[22:57:55]   [active 765] mt_gamma=0.382 ft_sigma_c=0.312 f=1.31 w=0.87 ratio=0.259 sigma_d=0.00153 zi_alpha=0.284 zi_mu=0.0395 zi_delta=0.116 -> D=35.701 (24s, 294m)
[22:58:17]   [active 766] mt_gamma=1 ft_sigma_c=0.746 f=0.123 w=0.827 ratio=0.265 sigma_d=0.00156 zi_alpha=0.412 zi_mu=0.117 zi_delta=0.129 -> D=47.813 (22s, 294m)
[22:58:40]   [active 767] mt_gamma=0.419 ft_sigma_c=0.669 f=0.831 w=0.143 ratio=0.255 sigma_d=0.00129 zi_alpha=0.328 zi_mu=0.14 zi_delta=0.276 -> D=9.810 (23s, 294m)
[22:59:06]   [active 768] mt_gamma=0.144 ft_sigma_c=0.602 f=0.759 w=0.717 ratio=0.318 sigma_d=0.00116 zi_alpha=0.351 zi_mu=0.107 zi_delta=0.25 -> D=10.194 (26s, 295m)
[22:59:28]   [active 769] mt_gamma=0.676 ft_sigma_c=0.492 f=0.936 w=0.229 ratio=0.371 sigma_d=0.00159 zi_alpha=0.325 zi_mu=0.0799 zi_delta=0.263 -> D=14.467 (22s, 295m)
[22:59:52]   [active 770] mt_gamma=1.24 ft_sigma_c=0.806 f=0.79 w=0.595 ratio=0.213 sigma_d=0.00117 zi_alpha=0.435 zi_mu=0.0704 zi_delta=0.215 -> D=10.179 (24s, 296m)
[23:00:16]   [active 771] mt_gamma=0.291 ft_sigma_c=0.521 f=0.663 w=0.58 ratio=0.221 sigma_d=0.00101 zi_alpha=0.429 zi_mu=0.0811 zi_delta=0.314 -> D=10.169 (23s, 296m)
[23:00:38]   [active 772] mt_gamma=1.09 ft_sigma_c=0.567 f=0.726 w=0.476 ratio=0.254 sigma_d=0.00125 zi_alpha=0.377 zi_mu=0.0426 zi_delta=0.219 -> D=12.750 (22s, 296m)
[23:01:00]   [active 773] mt_gamma=0.271 ft_sigma_c=0.713 f=0.689 w=0.154 ratio=0.258 sigma_d=0.00137 zi_alpha=0.368 zi_mu=0.0244 zi_delta=0.29 -> D=12.350 (22s, 297m)
[23:01:22]   [active 774] mt_gamma=0.229 ft_sigma_c=0.613 f=0.645 w=0.12 ratio=0.348 sigma_d=0.00141 zi_alpha=0.327 zi_mu=0.146 zi_delta=0.0801 -> D=9.784 (21s, 297m)
[23:01:42]   [active 775] mt_gamma=1.23 ft_sigma_c=0.772 f=0.796 w=0.638 ratio=0.384 sigma_d=0.00142 zi_alpha=0.394 zi_mu=0.0818 zi_delta=0.18 -> D=12.036 (20s, 297m)
[23:02:02]   [active 776] mt_gamma=0.298 ft_sigma_c=0.676 f=0.736 w=0.21 ratio=0.336 sigma_d=0.00123 zi_alpha=0.416 zi_mu=0.148 zi_delta=0.255 -> D=16.498 (21s, 298m)
[23:02:20]   [active 777] mt_gamma=0.615 ft_sigma_c=0.745 f=0.714 w=0.265 ratio=0.357 sigma_d=0.00164 zi_alpha=0.198 zi_mu=0.115 zi_delta=0.282 -> D=21.057 (17s, 298m)
[23:02:38]   [active 778] mt_gamma=1.76 ft_sigma_c=0.329 f=0.567 w=0.423 ratio=0.397 sigma_d=0.00136 zi_alpha=0.284 zi_mu=0.122 zi_delta=0.27 -> D=25.444 (18s, 298m)
[23:02:56]   [active 779] mt_gamma=1.64 ft_sigma_c=0.584 f=0.753 w=0.391 ratio=0.0744 sigma_d=0.00137 zi_alpha=0.416 zi_mu=0.0278 zi_delta=0.278 -> D=14.249 (18s, 299m)
[23:03:15]   [active 780] mt_gamma=0.812 ft_sigma_c=0.22 f=0.862 w=0.821 ratio=0.0339 sigma_d=0.00169 zi_alpha=0.388 zi_mu=0.0507 zi_delta=0.23 -> D=23.803 (19s, 299m)
[23:03:35]   [active 781] mt_gamma=1.51 ft_sigma_c=0.278 f=0.73 w=0.844 ratio=0.26 sigma_d=0.00118 zi_alpha=0.433 zi_mu=0.0435 zi_delta=0.0652 -> D=25.007 (20s, 299m)
[23:03:55]   [active 782] mt_gamma=1.71 ft_sigma_c=0.786 f=0.717 w=0.214 ratio=0.167 sigma_d=0.00105 zi_alpha=0.292 zi_mu=0.12 zi_delta=0.0482 -> D=13.117 (20s, 300m)
[23:04:15]   [active 783] mt_gamma=0.428 ft_sigma_c=0.556 f=0.808 w=0.674 ratio=0.239 sigma_d=0.00124 zi_alpha=0.42 zi_mu=0.0678 zi_delta=0.204 -> D=9.087 (20s, 300m)
[23:04:34]   [active 784] mt_gamma=1.25 ft_sigma_c=0.678 f=0.727 w=0.691 ratio=0.384 sigma_d=0.00118 zi_alpha=0.341 zi_mu=0.123 zi_delta=0.228 -> D=12.957 (19s, 300m)
[23:04:53]   [active 785] mt_gamma=1.1 ft_sigma_c=0.718 f=0.913 w=0.118 ratio=0.338 sigma_d=0.00143 zi_alpha=0.344 zi_mu=0.0767 zi_delta=0.289 -> D=10.647 (19s, 301m)
[23:05:12]   [active 786] mt_gamma=0.751 ft_sigma_c=0.537 f=0.662 w=0.64 ratio=0.348 sigma_d=0.00133 zi_alpha=0.39 zi_mu=0.0606 zi_delta=0.248 -> D=12.351 (19s, 301m)
[23:05:35]   [active 787] mt_gamma=0.388 ft_sigma_c=0.512 f=0.786 w=0.56 ratio=0.316 sigma_d=0.00148 zi_alpha=0.376 zi_mu=0.144 zi_delta=0.233 -> D=9.479 (23s, 301m)
[23:05:57]   [active 788] mt_gamma=0.835 ft_sigma_c=0.799 f=0.763 w=0.421 ratio=0.0934 sigma_d=0.00119 zi_alpha=0.352 zi_mu=0.089 zi_delta=0.273 -> D=9.536 (21s, 302m)
[23:06:20]   [active 789] mt_gamma=0.733 ft_sigma_c=0.79 f=0.748 w=0.172 ratio=0.29 sigma_d=0.00149 zi_alpha=0.362 zi_mu=0.105 zi_delta=0.316 -> D=9.265 (24s, 302m)
[23:06:43]   [active 790] mt_gamma=0.764 ft_sigma_c=0.64 f=0.822 w=0.596 ratio=0.159 sigma_d=0.00129 zi_alpha=0.318 zi_mu=0.125 zi_delta=0.247 -> D=13.165 (22s, 302m)
[23:07:03]   [active 791] mt_gamma=0.514 ft_sigma_c=0.687 f=0.98 w=0.612 ratio=0.0422 sigma_d=0.00136 zi_alpha=0.33 zi_mu=0.0401 zi_delta=0.282 -> D=7.753 (20s, 303m)
[23:07:23]   [active 792] mt_gamma=0.398 ft_sigma_c=0.572 f=0.626 w=0.604 ratio=0.126 sigma_d=0.00114 zi_alpha=0.316 zi_mu=0.0792 zi_delta=0.232 -> D=8.950 (20s, 303m)
[23:07:41]   [active 793] mt_gamma=1.53 ft_sigma_c=0.393 f=0.211 w=0.616 ratio=0.259 sigma_d=0.00197 zi_alpha=0.178 zi_mu=0.045 zi_delta=0.13 -> D=66.280 (18s, 303m)
[23:07:59]   [active 794] mt_gamma=0.858 ft_sigma_c=0.425 f=1.04 w=0.756 ratio=0.0975 sigma_d=0.00198 zi_alpha=0.122 zi_mu=0.107 zi_delta=0.19 -> D=40.757 (18s, 304m)
[23:08:17]   [active 795] mt_gamma=1.5 ft_sigma_c=0.409 f=0.881 w=0.5 ratio=0.109 sigma_d=0.0012 zi_alpha=0.324 zi_mu=0.115 zi_delta=0.285 -> D=19.093 (19s, 304m)
[23:08:35]   [active 796] mt_gamma=0.884 ft_sigma_c=0.274 f=0.99 w=0.845 ratio=0.104 sigma_d=0.00175 zi_alpha=0.176 zi_mu=0.0985 zi_delta=0.0984 -> D=39.920 (17s, 304m)
[23:08:53]   [active 797] mt_gamma=0.146 ft_sigma_c=0.635 f=1.15 w=0.808 ratio=0.337 sigma_d=0.00176 zi_alpha=0.194 zi_mu=0.0354 zi_delta=0.252 -> D=26.347 (19s, 305m)
[23:09:14]   [active 798] mt_gamma=0.864 ft_sigma_c=0.33 f=0.218 w=0.447 ratio=0.27 sigma_d=0.00169 zi_alpha=0.395 zi_mu=0.137 zi_delta=0.147 -> D=46.967 (20s, 305m)
[23:09:32]   [active 799] mt_gamma=0.185 ft_sigma_c=0.547 f=0.668 w=0.436 ratio=0.285 sigma_d=0.0013 zi_alpha=0.323 zi_mu=0.0745 zi_delta=0.226 -> D=8.092 (18s, 305m)
[23:09:52]   [active 800] mt_gamma=0.307 ft_sigma_c=0.692 f=1.02 w=0.431 ratio=0.343 sigma_d=0.00151 zi_alpha=0.333 zi_mu=0.0457 zi_delta=0.268 -> D=8.895 (19s, 306m)
[23:10:10]   [active 801] mt_gamma=0.888 ft_sigma_c=0.683 f=0.758 w=0.684 ratio=0.371 sigma_d=0.00124 zi_alpha=0.348 zi_mu=0.0302 zi_delta=0.31 -> D=9.329 (19s, 306m)
[23:10:30]   [active 802] mt_gamma=0.539 ft_sigma_c=0.715 f=1.02 w=0.162 ratio=0.252 sigma_d=0.00161 zi_alpha=0.382 zi_mu=0.0894 zi_delta=0.213 -> D=10.485 (20s, 306m)
[23:10:49]   [active 803] mt_gamma=1.36 ft_sigma_c=0.791 f=0.677 w=0.481 ratio=0.241 sigma_d=0.00136 zi_alpha=0.389 zi_mu=0.108 zi_delta=0.249 -> D=12.982 (19s, 307m)
[23:11:08]   [active 804] mt_gamma=0.286 ft_sigma_c=0.499 f=0.993 w=0.599 ratio=0.256 sigma_d=0.0014 zi_alpha=0.325 zi_mu=0.0925 zi_delta=0.287 -> D=13.678 (19s, 307m)
[23:11:28]   [active 805] mt_gamma=1.19 ft_sigma_c=0.601 f=0.748 w=0.116 ratio=0.256 sigma_d=0.00115 zi_alpha=0.405 zi_mu=0.0504 zi_delta=0.0432 -> D=11.322 (20s, 307m)
[23:11:49]   [active 806] mt_gamma=0.142 ft_sigma_c=0.603 f=0.862 w=0.3 ratio=0.104 sigma_d=0.00139 zi_alpha=0.356 zi_mu=0.1 zi_delta=0.224 -> D=12.303 (20s, 308m)
[23:12:08]   [active 807] mt_gamma=0.558 ft_sigma_c=0.801 f=0.623 w=0.719 ratio=0.377 sigma_d=0.00115 zi_alpha=0.373 zi_mu=0.0336 zi_delta=0.231 -> D=10.180 (19s, 308m)
[23:12:27]   [active 808] mt_gamma=0.497 ft_sigma_c=0.655 f=0.692 w=0.147 ratio=0.311 sigma_d=0.00134 zi_alpha=0.419 zi_mu=0.0528 zi_delta=0.223 -> D=11.384 (20s, 308m)
[23:12:46]   [active 809] mt_gamma=1.06 ft_sigma_c=0.576 f=0.605 w=0.728 ratio=0.358 sigma_d=0.00196 zi_alpha=0.294 zi_mu=0.0726 zi_delta=0.22 -> D=33.988 (18s, 308m)
[23:13:04]   [active 810] mt_gamma=0.343 ft_sigma_c=0.839 f=0.435 w=0.521 ratio=0.267 sigma_d=0.00199 zi_alpha=0.0943 zi_mu=0.0389 zi_delta=0.133 -> D=46.569 (18s, 309m)
[23:13:21]   [active 811] mt_gamma=0.245 ft_sigma_c=0.111 f=1.14 w=0.171 ratio=0.259 sigma_d=0.00187 zi_alpha=0.145 zi_mu=0.0251 zi_delta=0.308 -> D=22.837 (17s, 309m)
[23:13:40]   [active 812] mt_gamma=0.812 ft_sigma_c=0.789 f=0.498 w=0.778 ratio=0.295 sigma_d=0.0017 zi_alpha=0.313 zi_mu=0.0222 zi_delta=0.0739 -> D=30.738 (20s, 309m)
[23:14:00]   [active 813] mt_gamma=0.304 ft_sigma_c=0.822 f=0.346 w=0.582 ratio=0.135 sigma_d=0.00119 zi_alpha=0.112 zi_mu=0.075 zi_delta=0.0274 -> D=39.320 (19s, 310m)
[23:14:23]   [active 814] mt_gamma=1.21 ft_sigma_c=0.549 f=0.376 w=0.688 ratio=0.243 sigma_d=0.00124 zi_alpha=0.423 zi_mu=0.0846 zi_delta=0.11 -> D=23.459 (23s, 310m)
[23:14:42]   [active 815] mt_gamma=0.675 ft_sigma_c=0.64 f=0.705 w=0.592 ratio=0.111 sigma_d=0.00118 zi_alpha=0.432 zi_mu=0.0839 zi_delta=0.297 -> D=7.076 (19s, 310m)
[23:15:02]   [active 816] mt_gamma=0.194 ft_sigma_c=0.532 f=0.735 w=0.556 ratio=0.277 sigma_d=0.00139 zi_alpha=0.343 zi_mu=0.114 zi_delta=0.189 -> D=8.259 (20s, 311m)
[23:15:22]   [active 817] mt_gamma=0.806 ft_sigma_c=0.724 f=0.879 w=0.473 ratio=0.171 sigma_d=0.00135 zi_alpha=0.424 zi_mu=0.0688 zi_delta=0.281 -> D=9.644 (19s, 311m)
[23:15:42]   [active 818] mt_gamma=0.404 ft_sigma_c=0.544 f=0.85 w=0.633 ratio=0.32 sigma_d=0.00144 zi_alpha=0.353 zi_mu=0.107 zi_delta=0.177 -> D=12.798 (20s, 311m)
[23:16:03]   [active 819] mt_gamma=0.347 ft_sigma_c=0.782 f=0.804 w=0.593 ratio=0.305 sigma_d=0.00128 zi_alpha=0.323 zi_mu=0.102 zi_delta=0.0339 -> D=16.125 (21s, 312m)
[23:16:23]   [active 820] mt_gamma=0.722 ft_sigma_c=0.667 f=0.862 w=0.368 ratio=0.0704 sigma_d=0.00124 zi_alpha=0.387 zi_mu=0.132 zi_delta=0.289 -> D=10.724 (20s, 312m)
[23:16:44]   [active 821] mt_gamma=0.817 ft_sigma_c=0.673 f=0.753 w=0.558 ratio=0.139 sigma_d=0.00137 zi_alpha=0.414 zi_mu=0.0984 zi_delta=0.16 -> D=10.294 (21s, 312m)
[23:17:07]   [active 822] mt_gamma=0.369 ft_sigma_c=0.484 f=0.897 w=0.526 ratio=0.23 sigma_d=0.00117 zi_alpha=0.413 zi_mu=0.0258 zi_delta=0.242 -> D=11.690 (23s, 313m)
[23:17:32]   [active 823] mt_gamma=1.27 ft_sigma_c=0.488 f=0.801 w=0.423 ratio=0.333 sigma_d=0.0015 zi_alpha=0.401 zi_mu=0.133 zi_delta=0.277 -> D=14.751 (25s, 313m)
[23:17:53]   [active 824] mt_gamma=0.21 ft_sigma_c=0.493 f=1.02 w=0.411 ratio=0.167 sigma_d=0.00155 zi_alpha=0.368 zi_mu=0.0238 zi_delta=0.307 -> D=14.616 (21s, 314m)
[23:18:16]   [active 825] mt_gamma=1.78 ft_sigma_c=0.632 f=0.721 w=0.725 ratio=0.0827 sigma_d=0.00211 zi_alpha=0.317 zi_mu=0.0504 zi_delta=0.097 -> D=39.536 (23s, 314m)
[23:18:41]   [active 826] mt_gamma=0.316 ft_sigma_c=0.779 f=1.05 w=0.711 ratio=0.173 sigma_d=0.00211 zi_alpha=0.382 zi_mu=0.0907 zi_delta=0.182 -> D=23.957 (24s, 314m)
[23:19:02]   [active 827] mt_gamma=0.57 ft_sigma_c=0.452 f=1 w=0.333 ratio=0.0237 sigma_d=0.00162 zi_alpha=0.39 zi_mu=0.0339 zi_delta=0.119 -> D=12.636 (21s, 315m)
[23:19:23]   [active 828] mt_gamma=1 ft_sigma_c=0.234 f=0.616 w=0.605 ratio=0.0449 sigma_d=0.00196 zi_alpha=0.32 zi_mu=0.0177 zi_delta=0.314 -> D=33.256 (21s, 315m)
[23:19:47]   [active 829] mt_gamma=0.68 ft_sigma_c=0.627 f=0.302 w=0.337 ratio=0.239 sigma_d=0.00196 zi_alpha=0.38 zi_mu=0.092 zi_delta=0.0324 -> D=42.134 (24s, 315m)
[23:20:09]   [active 830] mt_gamma=0.13 ft_sigma_c=0.128 f=0.579 w=0.852 ratio=0.0789 sigma_d=0.00149 zi_alpha=0.285 zi_mu=0.0167 zi_delta=0.0254 -> D=32.668 (22s, 316m)
[23:20:29]   [active 831] mt_gamma=0.821 ft_sigma_c=0.73 f=0.871 w=0.254 ratio=0.294 sigma_d=0.00144 zi_alpha=0.418 zi_mu=0.0367 zi_delta=0.287 -> D=7.572 (20s, 316m)
[23:20:51]   [active 832] mt_gamma=0.272 ft_sigma_c=0.613 f=0.797 w=0.616 ratio=0.0286 sigma_d=0.00152 zi_alpha=0.345 zi_mu=0.0504 zi_delta=0.226 -> D=8.627 (21s, 317m)
[23:21:12]   [active 833] mt_gamma=0.663 ft_sigma_c=0.805 f=0.626 w=0.645 ratio=0.0895 sigma_d=0.00115 zi_alpha=0.4 zi_mu=0.0977 zi_delta=0.22 -> D=10.716 (22s, 317m)
[23:21:32]   [active 834] mt_gamma=0.893 ft_sigma_c=0.563 f=0.773 w=0.647 ratio=0.226 sigma_d=0.00108 zi_alpha=0.351 zi_mu=0.0655 zi_delta=0.303 -> D=12.235 (19s, 317m)
[23:21:53]   [active 835] mt_gamma=0.57 ft_sigma_c=0.748 f=0.605 w=0.531 ratio=0.371 sigma_d=0.0012 zi_alpha=0.345 zi_mu=0.0374 zi_delta=0.251 -> D=10.629 (21s, 318m)
[23:22:16]   [active 836] mt_gamma=0.318 ft_sigma_c=0.612 f=0.643 w=0.424 ratio=0.241 sigma_d=0.00123 zi_alpha=0.382 zi_mu=0.0581 zi_delta=0.27 -> D=8.821 (23s, 318m)
[23:22:40]   [active 837] mt_gamma=1.18 ft_sigma_c=0.71 f=0.758 w=0.733 ratio=0.37 sigma_d=0.0011 zi_alpha=0.434 zi_mu=0.119 zi_delta=0.221 -> D=10.842 (24s, 318m)
[23:23:06]   [active 838] mt_gamma=0.26 ft_sigma_c=0.835 f=0.85 w=0.168 ratio=0.202 sigma_d=0.00141 zi_alpha=0.327 zi_mu=0.0973 zi_delta=0.185 -> D=14.988 (26s, 319m)
[23:23:30]   [active 839] mt_gamma=0.729 ft_sigma_c=0.549 f=0.968 w=0.359 ratio=0.201 sigma_d=0.00132 zi_alpha=0.413 zi_mu=0.0708 zi_delta=0.197 -> D=13.529 (24s, 319m)
[23:23:52]   [active 840] mt_gamma=0.576 ft_sigma_c=0.645 f=0.693 w=0.253 ratio=0.0616 sigma_d=0.00152 zi_alpha=0.377 zi_mu=0.125 zi_delta=0.236 -> D=10.888 (22s, 320m)
[23:24:16]   [active 841] mt_gamma=0.671 ft_sigma_c=0.254 f=0.546 w=0.445 ratio=0.233 sigma_d=0.00145 zi_alpha=0.428 zi_mu=0.0528 zi_delta=0.0406 -> D=21.458 (24s, 320m)
[23:24:38]   [active 842] mt_gamma=0.332 ft_sigma_c=0.383 f=0.61 w=0.363 ratio=0.161 sigma_d=0.00118 zi_alpha=0.23 zi_mu=0.0327 zi_delta=0.0214 -> D=20.060 (23s, 320m)
[23:25:02]   [active 843] mt_gamma=0.111 ft_sigma_c=0.293 f=0.553 w=0.866 ratio=0.275 sigma_d=0.00141 zi_alpha=0.169 zi_mu=0.087 zi_delta=0.119 -> D=29.918 (24s, 321m)
[23:25:27]   [active 844] mt_gamma=1.15 ft_sigma_c=0.59 f=0.946 w=0.782 ratio=0.163 sigma_d=0.00143 zi_alpha=0.346 zi_mu=0.109 zi_delta=0.28 -> D=19.643 (24s, 321m)
[23:25:47]   [active 845] mt_gamma=1.47 ft_sigma_c=0.752 f=0.402 w=0.376 ratio=0.0635 sigma_d=0.0011 zi_alpha=0.213 zi_mu=0.0486 zi_delta=0.308 -> D=31.276 (20s, 321m)
[23:26:04]   [active 846] mt_gamma=1.29 ft_sigma_c=0.261 f=1.34 w=0.314 ratio=0.0589 sigma_d=0.00214 zi_alpha=0.0874 zi_mu=0.0727 zi_delta=0.163 -> D=33.543 (17s, 322m)
[23:26:28]   [active 847] mt_gamma=0.39 ft_sigma_c=0.615 f=0.66 w=0.685 ratio=0.193 sigma_d=0.00112 zi_alpha=0.433 zi_mu=0.0866 zi_delta=0.163 -> D=9.434 (23s, 322m)
[23:26:50]   [active 848] mt_gamma=0.26 ft_sigma_c=0.659 f=1.01 w=0.506 ratio=0.383 sigma_d=0.00157 zi_alpha=0.349 zi_mu=0.0343 zi_delta=0.209 -> D=11.746 (23s, 323m)
[23:27:13]   [active 849] mt_gamma=0.596 ft_sigma_c=0.664 f=0.744 w=0.646 ratio=0.298 sigma_d=0.00135 zi_alpha=0.432 zi_mu=0.0649 zi_delta=0.203 -> D=9.976 (22s, 323m)
[23:27:36]   [active 850] mt_gamma=0.269 ft_sigma_c=0.605 f=0.704 w=0.38 ratio=0.0823 sigma_d=0.00139 zi_alpha=0.351 zi_mu=0.141 zi_delta=0.31 -> D=8.033 (24s, 323m)
[23:27:57]   [active 851] mt_gamma=0.927 ft_sigma_c=0.721 f=0.865 w=0.685 ratio=0.216 sigma_d=0.00105 zi_alpha=0.32 zi_mu=0.104 zi_delta=0.236 -> D=11.454 (21s, 324m)
[23:28:19]   [active 852] mt_gamma=0.768 ft_sigma_c=0.537 f=0.863 w=0.32 ratio=0.264 sigma_d=0.00139 zi_alpha=0.38 zi_mu=0.0237 zi_delta=0.198 -> D=10.675 (23s, 324m)
[23:28:43]   [active 853] mt_gamma=0.579 ft_sigma_c=0.583 f=0.652 w=0.251 ratio=0.367 sigma_d=0.00157 zi_alpha=0.4 zi_mu=0.148 zi_delta=0.236 -> D=14.507 (23s, 324m)
[23:29:05]   [active 854] mt_gamma=0.689 ft_sigma_c=0.719 f=0.67 w=0.531 ratio=0.328 sigma_d=0.00102 zi_alpha=0.392 zi_mu=0.107 zi_delta=0.217 -> D=11.856 (22s, 325m)
[23:29:26]   [active 855] mt_gamma=0.727 ft_sigma_c=0.494 f=0.876 w=0.408 ratio=0.33 sigma_d=0.00113 zi_alpha=0.42 zi_mu=0.118 zi_delta=0.221 -> D=13.813 (21s, 325m)
[23:29:47]   [active 856] mt_gamma=0.911 ft_sigma_c=0.617 f=0.774 w=0.218 ratio=0.34 sigma_d=0.00127 zi_alpha=0.333 zi_mu=0.0389 zi_delta=0.194 -> D=13.201 (21s, 325m)
[23:30:07]   [active 857] mt_gamma=1.46 ft_sigma_c=0.202 f=0.243 w=0.584 ratio=0.327 sigma_d=0.0012 zi_alpha=0.31 zi_mu=0.0282 zi_delta=0.262 -> D=32.324 (20s, 326m)
[23:30:29]   [active 858] mt_gamma=0.275 ft_sigma_c=0.387 f=0.455 w=0.224 ratio=0.227 sigma_d=0.00125 zi_alpha=0.265 zi_mu=0.0444 zi_delta=0.286 -> D=18.831 (22s, 326m)
[23:30:48]   [active 859] mt_gamma=1.22 ft_sigma_c=0.102 f=1.04 w=0.162 ratio=0.207 sigma_d=0.00196 zi_alpha=0.104 zi_mu=0.104 zi_delta=0.287 -> D=22.067 (19s, 326m)
[23:31:09]   [active 860] mt_gamma=1.22 ft_sigma_c=0.301 f=0.715 w=0.609 ratio=0.0799 sigma_d=0.001 zi_alpha=0.436 zi_mu=0.122 zi_delta=0.109 -> D=18.118 (22s, 327m)
[23:31:30]   [active 861] mt_gamma=0.805 ft_sigma_c=0.644 f=1.26 w=0.294 ratio=0.0606 sigma_d=0.00207 zi_alpha=0.326 zi_mu=0.0519 zi_delta=0.276 -> D=19.271 (21s, 327m)
[23:31:51]   [active 862] mt_gamma=0.43 ft_sigma_c=0.632 f=0.517 w=0.4 ratio=0.123 sigma_d=0.00107 zi_alpha=0.219 zi_mu=0.104 zi_delta=0.0871 -> D=19.228 (21s, 328m)
[23:32:13]   [active 863] mt_gamma=0.875 ft_sigma_c=0.806 f=0.646 w=0.725 ratio=0.106 sigma_d=0.00113 zi_alpha=0.335 zi_mu=0.0769 zi_delta=0.244 -> D=10.219 (21s, 328m)
[23:32:35]   [active 864] mt_gamma=0.783 ft_sigma_c=0.744 f=0.674 w=0.522 ratio=0.11 sigma_d=0.00122 zi_alpha=0.358 zi_mu=0.12 zi_delta=0.188 -> D=9.576 (22s, 328m)
[23:32:56]   [active 865] mt_gamma=0.356 ft_sigma_c=0.623 f=0.663 w=0.487 ratio=0.295 sigma_d=0.00148 zi_alpha=0.318 zi_mu=0.0232 zi_delta=0.303 -> D=13.763 (21s, 329m)
[23:33:17]   [active 866] mt_gamma=0.842 ft_sigma_c=0.807 f=0.957 w=0.312 ratio=0.394 sigma_d=0.00133 zi_alpha=0.394 zi_mu=0.0662 zi_delta=0.25 -> D=10.874 (21s, 329m)
[23:33:38]   [active 867] mt_gamma=0.751 ft_sigma_c=0.74 f=1.01 w=0.109 ratio=0.398 sigma_d=0.00153 zi_alpha=0.327 zi_mu=0.131 zi_delta=0.307 -> D=9.266 (21s, 329m)
[23:33:59]   [active 868] mt_gamma=0.592 ft_sigma_c=0.643 f=0.76 w=0.249 ratio=0.136 sigma_d=0.0014 zi_alpha=0.366 zi_mu=0.029 zi_delta=0.233 -> D=8.945 (20s, 330m)
[23:34:18]   [active 869] mt_gamma=0.565 ft_sigma_c=0.51 f=0.83 w=0.214 ratio=0.247 sigma_d=0.0013 zi_alpha=0.346 zi_mu=0.0383 zi_delta=0.3 -> D=13.238 (20s, 330m)
[23:34:41]   [active 870] mt_gamma=0.7 ft_sigma_c=0.657 f=0.989 w=0.174 ratio=0.237 sigma_d=0.00145 zi_alpha=0.384 zi_mu=0.0565 zi_delta=0.069 -> D=11.779 (22s, 330m)
[23:35:04]   [active 871] mt_gamma=0.731 ft_sigma_c=0.699 f=0.71 w=0.663 ratio=0.157 sigma_d=0.00137 zi_alpha=0.417 zi_mu=0.0546 zi_delta=0.241 -> D=10.446 (23s, 331m)
[23:35:25]   [active 872] mt_gamma=0.345 ft_sigma_c=0.783 f=0.736 w=0.543 ratio=0.365 sigma_d=0.00133 zi_alpha=0.333 zi_mu=0.137 zi_delta=0.269 -> D=8.955 (22s, 331m)
[23:35:46]   [active 873] mt_gamma=0.768 ft_sigma_c=0.771 f=0.747 w=0.419 ratio=0.0209 sigma_d=0.00114 zi_alpha=0.317 zi_mu=0.108 zi_delta=0.16 -> D=13.177 (21s, 331m)
[23:36:04]   [active 874] mt_gamma=0.956 ft_sigma_c=0.746 f=0.165 w=0.137 ratio=0.0509 sigma_d=0.00196 zi_alpha=0.0889 zi_mu=0.0642 zi_delta=0.0675 -> D=79.463 (18s, 332m)
[23:36:27]   [active 875] mt_gamma=1.47 ft_sigma_c=0.297 f=0.494 w=0.162 ratio=0.107 sigma_d=0.0016 zi_alpha=0.372 zi_mu=0.0965 zi_delta=0.134 -> D=29.579 (23s, 332m)
[23:36:46]   [active 876] mt_gamma=1.27 ft_sigma_c=0.179 f=1.32 w=0.661 ratio=0.2 sigma_d=0.00111 zi_alpha=0.364 zi_mu=0.021 zi_delta=0.296 -> D=28.060 (19s, 332m)
[23:37:05]   [active 877] mt_gamma=0.518 ft_sigma_c=0.539 f=1.33 w=0.731 ratio=0.356 sigma_d=0.00148 zi_alpha=0.095 zi_mu=0.0748 zi_delta=0.0274 -> D=42.495 (19s, 333m)
[23:37:27]   [active 878] mt_gamma=0.988 ft_sigma_c=0.499 f=0.378 w=0.387 ratio=0.0319 sigma_d=0.00174 zi_alpha=0.373 zi_mu=0.0368 zi_delta=0.139 -> D=40.519 (21s, 333m)
[23:37:52]   [active 879] mt_gamma=0.344 ft_sigma_c=0.601 f=0.669 w=0.643 ratio=0.133 sigma_d=0.00132 zi_alpha=0.333 zi_mu=0.123 zi_delta=0.194 -> D=9.893 (25s, 334m)
[23:38:14]   [active 880] mt_gamma=0.72 ft_sigma_c=0.699 f=0.913 w=0.513 ratio=0.358 sigma_d=0.00126 zi_alpha=0.411 zi_mu=0.0477 zi_delta=0.239 -> D=8.505 (22s, 334m)
[23:38:38]   [active 881] mt_gamma=0.458 ft_sigma_c=0.576 f=0.817 w=0.501 ratio=0.352 sigma_d=0.0016 zi_alpha=0.425 zi_mu=0.0978 zi_delta=0.291 -> D=8.221 (24s, 334m)
[23:38:59]   [active 882] mt_gamma=0.449 ft_sigma_c=0.739 f=0.815 w=0.252 ratio=0.303 sigma_d=0.00125 zi_alpha=0.352 zi_mu=0.112 zi_delta=0.232 -> D=10.566 (21s, 335m)
[23:39:21]   [active 883] mt_gamma=1.02 ft_sigma_c=0.694 f=0.835 w=0.464 ratio=0.03 sigma_d=0.00151 zi_alpha=0.36 zi_mu=0.0548 zi_delta=0.289 -> D=11.382 (21s, 335m)
[23:39:45]   [active 884] mt_gamma=0.641 ft_sigma_c=0.557 f=0.605 w=0.606 ratio=0.386 sigma_d=0.00127 zi_alpha=0.386 zi_mu=0.134 zi_delta=0.303 -> D=9.793 (24s, 335m)
[23:40:09]   [active 885] mt_gamma=0.601 ft_sigma_c=0.483 f=0.632 w=0.522 ratio=0.235 sigma_d=0.00134 zi_alpha=0.432 zi_mu=0.0167 zi_delta=0.252 -> D=10.979 (25s, 336m)
[23:40:35]   [active 886] mt_gamma=0.221 ft_sigma_c=0.529 f=0.693 w=0.709 ratio=0.0799 sigma_d=0.00109 zi_alpha=0.435 zi_mu=0.143 zi_delta=0.198 -> D=9.808 (25s, 336m)
[23:40:57]   [active 887] mt_gamma=0.782 ft_sigma_c=0.482 f=0.995 w=0.122 ratio=0.35 sigma_d=0.00155 zi_alpha=0.388 zi_mu=0.0308 zi_delta=0.225 -> D=12.273 (23s, 337m)
[23:41:22]   [active 888] mt_gamma=1.35 ft_sigma_c=0.682 f=0.716 w=0.554 ratio=0.033 sigma_d=0.00148 zi_alpha=0.406 zi_mu=0.121 zi_delta=0.246 -> D=15.256 (25s, 337m)
[23:41:40]   [active 889] mt_gamma=0.682 ft_sigma_c=0.324 f=0.147 w=0.338 ratio=0.319 sigma_d=0.00165 zi_alpha=0.0919 zi_mu=0.048 zi_delta=0.103 -> D=62.939 (18s, 337m)
[23:42:02]   [active 890] mt_gamma=1.31 ft_sigma_c=0.838 f=0.663 w=0.45 ratio=0.28 sigma_d=0.00201 zi_alpha=0.247 zi_mu=0.0186 zi_delta=0.079 -> D=38.606 (22s, 338m)
[23:42:22]   [active 891] mt_gamma=0.81 ft_sigma_c=0.478 f=1.25 w=0.257 ratio=0.0438 sigma_d=0.00179 zi_alpha=0.248 zi_mu=0.135 zi_delta=0.069 -> D=24.982 (20s, 338m)
[23:42:41]   [active 892] mt_gamma=1.88 ft_sigma_c=0.72 f=0.342 w=0.665 ratio=0.373 sigma_d=0.00158 zi_alpha=0.311 zi_mu=0.0563 zi_delta=0.132 -> D=40.958 (19s, 338m)
[23:42:59]   [active 893] mt_gamma=1.21 ft_sigma_c=0.789 f=1.03 w=0.536 ratio=0.295 sigma_d=0.00124 zi_alpha=0.17 zi_mu=0.108 zi_delta=0.0688 -> D=25.488 (18s, 339m)
[23:43:22]   [active 894] mt_gamma=0.712 ft_sigma_c=0.35 f=1.1 w=0.694 ratio=0.19 sigma_d=0.00138 zi_alpha=0.4 zi_mu=0.0342 zi_delta=0.115 -> D=23.408 (22s, 339m)
[23:43:43]   [active 895] mt_gamma=0.458 ft_sigma_c=0.608 f=0.612 w=0.518 ratio=0.0977 sigma_d=0.00126 zi_alpha=0.371 zi_mu=0.0594 zi_delta=0.228 -> D=10.547 (21s, 339m)
[23:44:10]   [active 896] mt_gamma=0.72 ft_sigma_c=0.662 f=0.894 w=0.429 ratio=0.348 sigma_d=0.00136 zi_alpha=0.404 zi_mu=0.117 zi_delta=0.182 -> D=8.502 (27s, 340m)
[23:44:33]   [active 897] mt_gamma=0.363 ft_sigma_c=0.627 f=0.793 w=0.127 ratio=0.0323 sigma_d=0.00145 zi_alpha=0.368 zi_mu=0.128 zi_delta=0.27 -> D=11.192 (23s, 340m)
[23:44:55]   [active 898] mt_gamma=0.302 ft_sigma_c=0.552 f=0.841 w=0.405 ratio=0.137 sigma_d=0.00121 zi_alpha=0.346 zi_mu=0.144 zi_delta=0.272 -> D=12.838 (22s, 341m)
[23:45:16]   [active 899] mt_gamma=1.15 ft_sigma_c=0.642 f=0.799 w=0.634 ratio=0.216 sigma_d=0.00108 zi_alpha=0.415 zi_mu=0.0324 zi_delta=0.248 -> D=10.536 (21s, 341m)
[23:45:37]   [active 900] mt_gamma=0.797 ft_sigma_c=0.574 f=0.867 w=0.369 ratio=0.255 sigma_d=0.00118 zi_alpha=0.361 zi_mu=0.0803 zi_delta=0.24 -> D=12.878 (21s, 341m)
[23:45:59]   [active 901] mt_gamma=0.508 ft_sigma_c=0.725 f=1.02 w=0.172 ratio=0.253 sigma_d=0.00129 zi_alpha=0.325 zi_mu=0.0849 zi_delta=0.212 -> D=13.096 (21s, 342m)
[23:46:18]   [active 902] mt_gamma=0.646 ft_sigma_c=0.684 f=0.965 w=0.331 ratio=0.0355 sigma_d=0.00158 zi_alpha=0.32 zi_mu=0.0374 zi_delta=0.261 -> D=9.514 (20s, 342m)
[23:46:40]   [active 903] mt_gamma=1.16 ft_sigma_c=0.797 f=0.835 w=0.217 ratio=0.376 sigma_d=0.00117 zi_alpha=0.418 zi_mu=0.137 zi_delta=0.285 -> D=13.923 (22s, 342m)
[23:47:04]   [active 904] mt_gamma=1.06 ft_sigma_c=0.814 f=0.892 w=0.183 ratio=0.278 sigma_d=0.00135 zi_alpha=0.393 zi_mu=0.0612 zi_delta=0.268 -> D=9.093 (24s, 343m)
[23:47:25]   [active 905] mt_gamma=0.275 ft_sigma_c=0.205 f=0.202 w=0.885 ratio=0.118 sigma_d=0.0012 zi_alpha=0.308 zi_mu=0.0614 zi_delta=0.238 -> D=31.698 (21s, 343m)
[23:47:48]   [active 906] mt_gamma=0.388 ft_sigma_c=0.567 f=0.428 w=0.166 ratio=0.324 sigma_d=0.0014 zi_alpha=0.33 zi_mu=0.119 zi_delta=0.291 -> D=22.597 (23s, 344m)
[23:48:08]   [active 907] mt_gamma=1.53 ft_sigma_c=0.198 f=0.238 w=0.452 ratio=0.289 sigma_d=0.00203 zi_alpha=0.143 zi_mu=0.0517 zi_delta=0.177 -> D=55.883 (19s, 344m)
[23:48:30]   [active 908] mt_gamma=1.59 ft_sigma_c=0.489 f=0.473 w=0.181 ratio=0.291 sigma_d=0.00107 zi_alpha=0.309 zi_mu=0.122 zi_delta=0.0246 -> D=22.006 (22s, 344m)
[23:48:50]   [active 909] mt_gamma=1.73 ft_sigma_c=0.34 f=1.01 w=0.275 ratio=0.111 sigma_d=0.00159 zi_alpha=0.245 zi_mu=0.132 zi_delta=0.211 -> D=26.288 (20s, 345m)
[23:49:11]   [active 910] mt_gamma=1.35 ft_sigma_c=0.368 f=0.595 w=0.758 ratio=0.0381 sigma_d=0.00132 zi_alpha=0.223 zi_mu=0.106 zi_delta=0.115 -> D=33.112 (21s, 345m)
[23:49:33]   [active 911] mt_gamma=0.511 ft_sigma_c=0.678 f=0.847 w=0.532 ratio=0.268 sigma_d=0.00135 zi_alpha=0.349 zi_mu=0.134 zi_delta=0.32 -> D=8.088 (21s, 345m)
[23:49:54]   [active 912] mt_gamma=1.21 ft_sigma_c=0.81 f=0.906 w=0.426 ratio=0.304 sigma_d=0.0014 zi_alpha=0.427 zi_mu=0.0635 zi_delta=0.205 -> D=9.926 (22s, 346m)
[23:50:16]   [active 913] mt_gamma=0.285 ft_sigma_c=0.555 f=0.85 w=0.293 ratio=0.238 sigma_d=0.00126 zi_alpha=0.412 zi_mu=0.0709 zi_delta=0.246 -> D=10.516 (21s, 346m)
[23:50:38]   [active 914] mt_gamma=0.241 ft_sigma_c=0.505 f=0.876 w=0.159 ratio=0.318 sigma_d=0.00138 zi_alpha=0.384 zi_mu=0.0905 zi_delta=0.29 -> D=10.251 (22s, 346m)
[23:51:00]   [active 915] mt_gamma=0.543 ft_sigma_c=0.503 f=0.76 w=0.677 ratio=0.279 sigma_d=0.00124 zi_alpha=0.439 zi_mu=0.138 zi_delta=0.164 -> D=9.739 (22s, 347m)
[23:51:21]   [active 916] mt_gamma=0.488 ft_sigma_c=0.596 f=0.783 w=0.358 ratio=0.328 sigma_d=0.00147 zi_alpha=0.32 zi_mu=0.0609 zi_delta=0.249 -> D=10.777 (21s, 347m)
[23:51:43]   [active 917] mt_gamma=0.576 ft_sigma_c=0.63 f=0.747 w=0.201 ratio=0.0499 sigma_d=0.00123 zi_alpha=0.426 zi_mu=0.105 zi_delta=0.184 -> D=10.120 (22s, 347m)
[23:52:03]   [active 918] mt_gamma=0.436 ft_sigma_c=0.557 f=0.711 w=0.109 ratio=0.364 sigma_d=0.00129 zi_alpha=0.338 zi_mu=0.0737 zi_delta=0.272 -> D=11.486 (20s, 348m)
[23:52:26]   [active 919] mt_gamma=0.663 ft_sigma_c=0.586 f=0.69 w=0.147 ratio=0.136 sigma_d=0.0014 zi_alpha=0.353 zi_mu=0.0591 zi_delta=0.22 -> D=11.305 (23s, 348m)
[23:52:48]   [active 920] mt_gamma=1.09 ft_sigma_c=0.727 f=0.644 w=0.173 ratio=0.326 sigma_d=0.00149 zi_alpha=0.394 zi_mu=0.0863 zi_delta=0.224 -> D=15.347 (21s, 348m)
[23:53:08]   [active 921] mt_gamma=0.536 ft_sigma_c=0.236 f=0.808 w=0.839 ratio=0.334 sigma_d=0.00213 zi_alpha=0.375 zi_mu=0.0162 zi_delta=0.15 -> D=42.908 (20s, 349m)
[23:53:28]   [active 922] mt_gamma=0.764 ft_sigma_c=0.769 f=1.13 w=0.186 ratio=0.322 sigma_d=0.00198 zi_alpha=0.366 zi_mu=0.0301 zi_delta=0.107 -> D=13.497 (20s, 349m)
[23:53:48]   [active 923] mt_gamma=0.999 ft_sigma_c=0.554 f=1.15 w=0.32 ratio=0.255 sigma_d=0.00217 zi_alpha=0.369 zi_mu=0.0287 zi_delta=0.261 -> D=22.397 (20s, 350m)
[23:54:05]   [active 924] mt_gamma=1.55 ft_sigma_c=0.755 f=1.21 w=0.858 ratio=0.179 sigma_d=0.00206 zi_alpha=0.102 zi_mu=0.0639 zi_delta=0.0588 -> D=65.002 (17s, 350m)
[23:54:25]   [active 925] mt_gamma=1.9 ft_sigma_c=0.163 f=1.38 w=0.623 ratio=0.0976 sigma_d=0.00213 zi_alpha=0.359 zi_mu=0.0945 zi_delta=0.0407 -> D=39.718 (21s, 350m)
[23:54:42]   [active 926] mt_gamma=0.985 ft_sigma_c=0.56 f=1.21 w=0.172 ratio=0.0546 sigma_d=0.00139 zi_alpha=0.0846 zi_mu=0.0828 zi_delta=0.179 -> D=25.020 (17s, 350m)
[23:55:09]   [active 927] mt_gamma=0.213 ft_sigma_c=0.613 f=0.642 w=0.122 ratio=0.051 sigma_d=0.0012 zi_alpha=0.349 zi_mu=0.147 zi_delta=0.0645 -> D=11.309 (26s, 351m)
[23:55:30]   [active 928] mt_gamma=0.692 ft_sigma_c=0.76 f=0.862 w=0.577 ratio=0.337 sigma_d=0.00132 zi_alpha=0.421 zi_mu=0.117 zi_delta=0.208 -> D=11.421 (21s, 351m)
[23:55:50]   [active 929] mt_gamma=0.41 ft_sigma_c=0.711 f=0.841 w=0.652 ratio=0.187 sigma_d=0.00135 zi_alpha=0.34 zi_mu=0.0305 zi_delta=0.257 -> D=9.191 (20s, 352m)
[23:56:11]   [active 930] mt_gamma=0.718 ft_sigma_c=0.495 f=0.681 w=0.583 ratio=0.235 sigma_d=0.00116 zi_alpha=0.417 zi_mu=0.112 zi_delta=0.305 -> D=10.717 (21s, 352m)
[23:56:32]   [active 931] mt_gamma=0.417 ft_sigma_c=0.605 f=0.806 w=0.46 ratio=0.0277 sigma_d=0.00145 zi_alpha=0.316 zi_mu=0.109 zi_delta=0.32 -> D=9.200 (21s, 352m)
[23:56:58]   [active 932] mt_gamma=1.24 ft_sigma_c=0.779 f=0.691 w=0.706 ratio=0.379 sigma_d=0.00117 zi_alpha=0.384 zi_mu=0.0544 zi_delta=0.24 -> D=9.749 (26s, 353m)
[23:57:21]   [active 933] mt_gamma=0.669 ft_sigma_c=0.561 f=0.816 w=0.385 ratio=0.259 sigma_d=0.00152 zi_alpha=0.413 zi_mu=0.0595 zi_delta=0.196 -> D=9.591 (23s, 353m)
[23:57:46]   [active 934] mt_gamma=0.299 ft_sigma_c=0.5 f=0.838 w=0.272 ratio=0.16 sigma_d=0.00124 zi_alpha=0.409 zi_mu=0.0891 zi_delta=0.315 -> D=12.228 (26s, 353m)
[23:58:11]   [active 935] mt_gamma=0.788 ft_sigma_c=0.561 f=0.734 w=0.681 ratio=0.326 sigma_d=0.00134 zi_alpha=0.366 zi_mu=0.0746 zi_delta=0.272 -> D=11.895 (25s, 354m)
[23:58:32]   [active 936] mt_gamma=0.815 ft_sigma_c=0.753 f=0.684 w=0.192 ratio=0.304 sigma_d=0.00142 zi_alpha=0.348 zi_mu=0.0251 zi_delta=0.251 -> D=13.432 (21s, 354m)
[23:58:54]   [active 937] mt_gamma=1.51 ft_sigma_c=0.233 f=1.11 w=0.612 ratio=0.258 sigma_d=0.00191 zi_alpha=0.285 zi_mu=0.0491 zi_delta=0.205 -> D=32.944 (21s, 355m)
[23:59:14]   [active 938] mt_gamma=1.38 ft_sigma_c=0.456 f=0.14 w=0.808 ratio=0.388 sigma_d=0.00166 zi_alpha=0.0853 zi_mu=0.0558 zi_delta=0.0517 -> D=76.746 (20s, 355m)
[23:59:36]   [active 939] mt_gamma=0.83 ft_sigma_c=0.182 f=0.467 w=0.527 ratio=0.0816 sigma_d=0.0012 zi_alpha=0.363 zi_mu=0.055 zi_delta=0.288 -> D=20.371 (22s, 355m)
[00:00:00]   [active 940] mt_gamma=0.656 ft_sigma_c=0.6 f=0.997 w=0.413 ratio=0.209 sigma_d=0.00178 zi_alpha=0.39 zi_mu=0.0838 zi_delta=0.082 -> D=14.461 (23s, 356m)
[00:00:19]   [active 941] mt_gamma=0.56 ft_sigma_c=0.184 f=0.981 w=0.697 ratio=0.207 sigma_d=0.00153 zi_alpha=0.0863 zi_mu=0.141 zi_delta=0.168 -> D=33.294 (20s, 356m)
[00:00:41]   [active 942] mt_gamma=0.406 ft_sigma_c=0.765 f=0.362 w=0.467 ratio=0.229 sigma_d=0.0013 zi_alpha=0.172 zi_mu=0.0637 zi_delta=0.133 -> D=35.095 (22s, 356m)
[00:01:04]   [active 943] mt_gamma=0.563 ft_sigma_c=0.753 f=0.831 w=0.252 ratio=0.301 sigma_d=0.00153 zi_alpha=0.317 zi_mu=0.059 zi_delta=0.277 -> D=10.043 (22s, 357m)
[00:01:26]   [active 944] mt_gamma=0.309 ft_sigma_c=0.792 f=0.843 w=0.497 ratio=0.294 sigma_d=0.00134 zi_alpha=0.36 zi_mu=0.109 zi_delta=0.296 -> D=12.488 (22s, 357m)
[00:01:49]   [active 945] mt_gamma=0.338 ft_sigma_c=0.686 f=0.646 w=0.648 ratio=0.246 sigma_d=0.00117 zi_alpha=0.319 zi_mu=0.1 zi_delta=0.239 -> D=7.576 (23s, 358m)
[00:02:11]   [active 946] mt_gamma=0.845 ft_sigma_c=0.616 f=0.862 w=0.603 ratio=0.0588 sigma_d=0.00119 zi_alpha=0.374 zi_mu=0.148 zi_delta=0.218 -> D=11.499 (22s, 358m)
[00:02:33]   [active 947] mt_gamma=1.27 ft_sigma_c=0.65 f=0.867 w=0.183 ratio=0.37 sigma_d=0.00137 zi_alpha=0.409 zi_mu=0.0575 zi_delta=0.232 -> D=10.737 (22s, 358m)
[00:02:55]   [active 948] mt_gamma=0.756 ft_sigma_c=0.557 f=0.664 w=0.452 ratio=0.106 sigma_d=0.00133 zi_alpha=0.345 zi_mu=0.138 zi_delta=0.312 -> D=13.206 (22s, 359m)
[00:03:17]   [active 949] mt_gamma=0.791 ft_sigma_c=0.629 f=1.01 w=0.428 ratio=0.305 sigma_d=0.00146 zi_alpha=0.407 zi_mu=0.142 zi_delta=0.255 -> D=9.300 (22s, 359m)
[00:03:41]   [active 950] mt_gamma=1.07 ft_sigma_c=0.577 f=0.687 w=0.518 ratio=0.326 sigma_d=0.00113 zi_alpha=0.411 zi_mu=0.102 zi_delta=0.271 -> D=11.720 (24s, 359m)
[00:04:03]   [active 951] mt_gamma=0.555 ft_sigma_c=0.545 f=0.888 w=0.641 ratio=0.387 sigma_d=0.00138 zi_alpha=0.341 zi_mu=0.13 zi_delta=0.303 -> D=13.184 (22s, 360m)
[00:04:24]   [active 952] mt_gamma=0.214 ft_sigma_c=0.507 f=1.03 w=0.354 ratio=0.0845 sigma_d=0.00151 zi_alpha=0.33 zi_mu=0.0193 zi_delta=0.211 -> D=15.220 (21s, 360m)
[00:04:48]   [active 953] mt_gamma=1.87 ft_sigma_c=0.371 f=0.921 w=0.595 ratio=0.318 sigma_d=0.00115 zi_alpha=0.31 zi_mu=0.0276 zi_delta=0.274 -> D=19.738 (24s, 361m)
[00:05:14]   [active 954] mt_gamma=1.73 ft_sigma_c=0.609 f=0.672 w=0.108 ratio=0.0668 sigma_d=0.00144 zi_alpha=0.434 zi_mu=0.132 zi_delta=0.0397 -> D=9.008 (26s, 361m)
[00:05:35]   [active 955] mt_gamma=0.532 ft_sigma_c=0.344 f=0.629 w=0.321 ratio=0.306 sigma_d=0.00108 zi_alpha=0.284 zi_mu=0.09 zi_delta=0.309 -> D=18.398 (21s, 361m)
[00:05:57]   [active 956] mt_gamma=0.888 ft_sigma_c=0.668 f=0.189 w=0.858 ratio=0.194 sigma_d=0.00196 zi_alpha=0.289 zi_mu=0.102 zi_delta=0.107 -> D=58.758 (22s, 362m)
[00:06:17]   [active 957] mt_gamma=1.2 ft_sigma_c=0.625 f=1.05 w=0.542 ratio=0.208 sigma_d=0.00163 zi_alpha=0.275 zi_mu=0.0294 zi_delta=0.213 -> D=24.827 (20s, 362m)
[00:06:38]   [active 958] mt_gamma=1.16 ft_sigma_c=0.244 f=0.503 w=0.367 ratio=0.191 sigma_d=0.0011 zi_alpha=0.371 zi_mu=0.149 zi_delta=0.141 -> D=19.899 (21s, 362m)
[00:07:01]   [active 959] mt_gamma=0.252 ft_sigma_c=0.586 f=0.685 w=0.29 ratio=0.185 sigma_d=0.00123 zi_alpha=0.334 zi_mu=0.15 zi_delta=0.286 -> D=9.411 (22s, 363m)
[00:07:22]   [active 960] mt_gamma=1.11 ft_sigma_c=0.67 f=0.682 w=0.465 ratio=0.267 sigma_d=0.00128 zi_alpha=0.431 zi_mu=0.14 zi_delta=0.272 -> D=8.626 (21s, 363m)
[00:07:44]   [active 961] mt_gamma=0.586 ft_sigma_c=0.612 f=0.791 w=0.713 ratio=0.0493 sigma_d=0.00133 zi_alpha=0.378 zi_mu=0.149 zi_delta=0.26 -> D=7.962 (22s, 363m)
[00:08:08]   [active 962] mt_gamma=0.451 ft_sigma_c=0.626 f=0.804 w=0.161 ratio=0.273 sigma_d=0.00151 zi_alpha=0.409 zi_mu=0.0573 zi_delta=0.169 -> D=8.041 (24s, 364m)
[00:08:31]   [active 963] mt_gamma=0.366 ft_sigma_c=0.739 f=0.734 w=0.567 ratio=0.0878 sigma_d=0.00118 zi_alpha=0.42 zi_mu=0.107 zi_delta=0.314 -> D=12.841 (23s, 364m)
[00:08:52]   [active 964] mt_gamma=0.897 ft_sigma_c=0.659 f=1 w=0.326 ratio=0.326 sigma_d=0.00149 zi_alpha=0.388 zi_mu=0.0231 zi_delta=0.179 -> D=9.451 (21s, 365m)
[00:09:14]   [active 965] mt_gamma=0.268 ft_sigma_c=0.62 f=0.861 w=0.565 ratio=0.358 sigma_d=0.00114 zi_alpha=0.383 zi_mu=0.0182 zi_delta=0.244 -> D=11.398 (22s, 365m)
[00:09:35]   [active 966] mt_gamma=0.404 ft_sigma_c=0.736 f=0.857 w=0.117 ratio=0.325 sigma_d=0.0016 zi_alpha=0.334 zi_mu=0.113 zi_delta=0.195 -> D=8.686 (21s, 365m)
[00:09:55]   [active 967] mt_gamma=0.413 ft_sigma_c=0.708 f=0.689 w=0.642 ratio=0.115 sigma_d=0.00138 zi_alpha=0.384 zi_mu=0.0554 zi_delta=0.256 -> D=11.729 (21s, 366m)
[00:10:14]   [active 968] mt_gamma=1.05 ft_sigma_c=0.685 f=0.786 w=0.367 ratio=0.111 sigma_d=0.00118 zi_alpha=0.328 zi_mu=0.0543 zi_delta=0.291 -> D=10.636 (19s, 366m)
[00:10:33]   [active 969] mt_gamma=1.51 ft_sigma_c=0.234 f=0.481 w=0.842 ratio=0.321 sigma_d=0.0018 zi_alpha=0.153 zi_mu=0.149 zi_delta=0.228 -> D=40.465 (19s, 366m)
[00:10:58]   [active 970] mt_gamma=0.409 ft_sigma_c=0.728 f=0.482 w=0.434 ratio=0.293 sigma_d=0.00175 zi_alpha=0.316 zi_mu=0.131 zi_delta=0.296 -> D=27.455 (24s, 367m)
[00:11:15]   [active 971] mt_gamma=1.01 ft_sigma_c=0.334 f=0.589 w=0.26 ratio=0.0276 sigma_d=0.00124 zi_alpha=0.0948 zi_mu=0.0868 zi_delta=0.269 -> D=21.135 (18s, 367m)
[00:11:34]   [active 972] mt_gamma=1.25 ft_sigma_c=0.356 f=0.808 w=0.822 ratio=0.234 sigma_d=0.00191 zi_alpha=0.129 zi_mu=0.141 zi_delta=0.168 -> D=45.958 (19s, 367m)
[00:11:54]   [active 973] mt_gamma=0.241 ft_sigma_c=0.443 f=0.767 w=0.63 ratio=0.0485 sigma_d=0.00111 zi_alpha=0.108 zi_mu=0.111 zi_delta=0.312 -> D=12.828 (20s, 368m)
[00:12:15]   [active 974] mt_gamma=0.837 ft_sigma_c=0.771 f=0.502 w=0.237 ratio=0.179 sigma_d=0.00106 zi_alpha=0.264 zi_mu=0.0845 zi_delta=0.246 -> D=19.716 (21s, 368m)
[00:12:36]   [active 975] mt_gamma=1.03 ft_sigma_c=0.674 f=0.851 w=0.636 ratio=0.13 sigma_d=0.00118 zi_alpha=0.417 zi_mu=0.112 zi_delta=0.286 -> D=10.094 (21s, 368m)
[00:13:00]   [active 976] mt_gamma=0.615 ft_sigma_c=0.681 f=0.928 w=0.314 ratio=0.225 sigma_d=0.00152 zi_alpha=0.374 zi_mu=0.108 zi_delta=0.202 -> D=10.023 (24s, 369m)
[00:13:21]   [active 977] mt_gamma=1.15 ft_sigma_c=0.804 f=0.725 w=0.43 ratio=0.316 sigma_d=0.00115 zi_alpha=0.355 zi_mu=0.0479 zi_delta=0.296 -> D=9.402 (21s, 369m)
[00:13:44]   [active 978] mt_gamma=0.961 ft_sigma_c=0.73 f=0.9 w=0.592 ratio=0.0317 sigma_d=0.0013 zi_alpha=0.387 zi_mu=0.0373 zi_delta=0.27 -> D=8.605 (22s, 369m)
[00:14:13]   [active 979] mt_gamma=0.194 ft_sigma_c=0.609 f=0.885 w=0.447 ratio=0.308 sigma_d=0.0013 zi_alpha=0.359 zi_mu=0.061 zi_delta=0.171 -> D=11.186 (29s, 370m)
[00:14:34]   [active 980] mt_gamma=1.19 ft_sigma_c=0.75 f=0.893 w=0.273 ratio=0.298 sigma_d=0.00128 zi_alpha=0.403 zi_mu=0.138 zi_delta=0.249 -> D=9.913 (21s, 370m)
[00:14:59]   [active 981] mt_gamma=0.406 ft_sigma_c=0.526 f=0.769 w=0.202 ratio=0.224 sigma_d=0.00153 zi_alpha=0.327 zi_mu=0.0785 zi_delta=0.173 -> D=11.247 (25s, 371m)
[00:15:22]   [active 982] mt_gamma=0.418 ft_sigma_c=0.809 f=0.884 w=0.62 ratio=0.376 sigma_d=0.00135 zi_alpha=0.337 zi_mu=0.0885 zi_delta=0.216 -> D=11.939 (23s, 371m)
[00:15:46]   [active 983] mt_gamma=0.388 ft_sigma_c=0.649 f=0.788 w=0.538 ratio=0.356 sigma_d=0.00128 zi_alpha=0.388 zi_mu=0.0832 zi_delta=0.0564 -> D=11.113 (24s, 371m)
[00:16:13]   [active 984] mt_gamma=0.294 ft_sigma_c=0.537 f=0.689 w=0.123 ratio=0.378 sigma_d=0.00159 zi_alpha=0.38 zi_mu=0.0678 zi_delta=0.205 -> D=11.412 (27s, 372m)
[00:16:37]   [active 985] mt_gamma=0.676 ft_sigma_c=0.486 f=0.892 w=0.53 ratio=0.387 sigma_d=0.00151 zi_alpha=0.0871 zi_mu=0.0193 zi_delta=0.116 -> D=30.031 (24s, 372m)
[00:16:59]   [active 986] mt_gamma=1.9 ft_sigma_c=0.501 f=0.182 w=0.659 ratio=0.389 sigma_d=0.00168 zi_alpha=0.197 zi_mu=0.0971 zi_delta=0.0726 -> D=63.960 (22s, 373m)
[00:17:22]   [active 987] mt_gamma=0.943 ft_sigma_c=0.247 f=0.331 w=0.806 ratio=0.228 sigma_d=0.00186 zi_alpha=0.294 zi_mu=0.114 zi_delta=0.319 -> D=37.126 (23s, 373m)
[00:17:43]   [active 988] mt_gamma=1.42 ft_sigma_c=0.292 f=1.14 w=0.106 ratio=0.299 sigma_d=0.00192 zi_alpha=0.213 zi_mu=0.142 zi_delta=0.102 -> D=28.695 (21s, 373m)
[00:18:02]   [active 989] mt_gamma=0.719 ft_sigma_c=0.633 f=1.38 w=0.823 ratio=0.385 sigma_d=0.00209 zi_alpha=0.224 zi_mu=0.0464 zi_delta=0.258 -> D=36.475 (19s, 374m)
[00:18:22]   [active 990] mt_gamma=1.15 ft_sigma_c=0.516 f=0.522 w=0.37 ratio=0.0281 sigma_d=0.00171 zi_alpha=0.35 zi_mu=0.0568 zi_delta=0.287 -> D=31.146 (20s, 374m)
[00:18:42]   [active 991] mt_gamma=0.951 ft_sigma_c=0.607 f=0.847 w=0.472 ratio=0.187 sigma_d=0.00135 zi_alpha=0.401 zi_mu=0.1 zi_delta=0.315 -> D=10.956 (19s, 374m)
[00:19:02]   [active 992] mt_gamma=0.259 ft_sigma_c=0.536 f=0.872 w=0.484 ratio=0.34 sigma_d=0.0013 zi_alpha=0.34 zi_mu=0.0881 zi_delta=0.205 -> D=8.491 (20s, 375m)
[00:19:22]   [active 993] mt_gamma=0.815 ft_sigma_c=0.767 f=0.636 w=0.464 ratio=0.105 sigma_d=0.00123 zi_alpha=0.434 zi_mu=0.138 zi_delta=0.183 -> D=10.521 (21s, 375m)
[00:19:43]   [active 994] mt_gamma=1.32 ft_sigma_c=0.845 f=0.627 w=0.501 ratio=0.348 sigma_d=0.00122 zi_alpha=0.423 zi_mu=0.106 zi_delta=0.218 -> D=11.814 (21s, 375m)
[00:20:01]   [active 995] mt_gamma=1.03 ft_sigma_c=0.766 f=0.8 w=0.636 ratio=0.135 sigma_d=0.00111 zi_alpha=0.392 zi_mu=0.124 zi_delta=0.286 -> D=9.010 (18s, 376m)
[00:20:18]   [active 996] mt_gamma=1.05 ft_sigma_c=0.695 f=0.844 w=0.223 ratio=0.377 sigma_d=0.0013 zi_alpha=0.319 zi_mu=0.109 zi_delta=0.247 -> D=12.259 (17s, 376m)
[00:20:36]   [active 997] mt_gamma=0.608 ft_sigma_c=0.647 f=0.751 w=0.706 ratio=0.126 sigma_d=0.00136 zi_alpha=0.437 zi_mu=0.0233 zi_delta=0.0679 -> D=12.735 (18s, 376m)
[00:20:53]   [active 998] mt_gamma=0.83 ft_sigma_c=0.64 f=0.732 w=0.566 ratio=0.156 sigma_d=0.0011 zi_alpha=0.406 zi_mu=0.071 zi_delta=0.222 -> D=8.528 (17s, 377m)
[00:21:10]   [active 999] mt_gamma=1.17 ft_sigma_c=0.756 f=0.739 w=0.716 ratio=0.346 sigma_d=0.00115 zi_alpha=0.32 zi_mu=0.0795 zi_delta=0.195 -> D=11.563 (16s, 377m)
[00:21:26]   [active 1000] mt_gamma=0.273 ft_sigma_c=0.708 f=0.821 w=0.586 ratio=0.289 sigma_d=0.00112 zi_alpha=0.312 zi_mu=0.0171 zi_delta=0.236 -> D=9.946 (17s, 377m)
[00:21:42]   [active 1001] mt_gamma=0.515 ft_sigma_c=0.665 f=0.572 w=0.489 ratio=0.342 sigma_d=0.0012 zi_alpha=0.187 zi_mu=0.102 zi_delta=0.14 -> D=22.488 (16s, 377m)
[00:21:56]   [active 1002] mt_gamma=0.691 ft_sigma_c=0.576 f=0.925 w=0.35 ratio=0.177 sigma_d=0.00144 zi_alpha=0.143 zi_mu=0.0356 zi_delta=0.11 -> D=28.997 (14s, 378m)
[00:22:11]   [active 1003] mt_gamma=1.11 ft_sigma_c=0.683 f=0.149 w=0.14 ratio=0.109 sigma_d=0.00151 zi_alpha=0.115 zi_mu=0.0727 zi_delta=0.282 -> D=56.966 (15s, 378m)
[00:22:27]   [active 1004] mt_gamma=1.34 ft_sigma_c=0.451 f=0.276 w=0.717 ratio=0.212 sigma_d=0.0021 zi_alpha=0.25 zi_mu=0.0866 zi_delta=0.148 -> D=59.480 (16s, 378m)
[00:22:43]   [active 1005] mt_gamma=0.595 ft_sigma_c=0.765 f=1.38 w=0.139 ratio=0.322 sigma_d=0.00212 zi_alpha=0.15 zi_mu=0.0598 zi_delta=0.271 -> D=17.909 (16s, 378m)
[00:23:01]   [active 1006] mt_gamma=1.38 ft_sigma_c=0.37 f=1.08 w=0.372 ratio=0.123 sigma_d=0.00201 zi_alpha=0.393 zi_mu=0.102 zi_delta=0.0818 -> D=28.291 (18s, 379m)
[00:23:21]   [active 1007] mt_gamma=0.412 ft_sigma_c=0.63 f=0.892 w=0.465 ratio=0.274 sigma_d=0.00153 zi_alpha=0.435 zi_mu=0.112 zi_delta=0.233 -> D=10.205 (19s, 379m)
[00:23:39]   [active 1008] mt_gamma=0.738 ft_sigma_c=0.657 f=0.686 w=0.447 ratio=0.338 sigma_d=0.00129 zi_alpha=0.376 zi_mu=0.0949 zi_delta=0.306 -> D=9.367 (18s, 379m)
[00:23:56]   [active 1009] mt_gamma=0.279 ft_sigma_c=0.525 f=0.753 w=0.296 ratio=0.315 sigma_d=0.00116 zi_alpha=0.318 zi_mu=0.0976 zi_delta=0.235 -> D=10.742 (17s, 380m)
[00:24:15]   [active 1010] mt_gamma=0.357 ft_sigma_c=0.7 f=0.801 w=0.674 ratio=0.236 sigma_d=0.00123 zi_alpha=0.368 zi_mu=0.135 zi_delta=0.225 -> D=9.652 (18s, 380m)
[00:24:32]   [active 1011] mt_gamma=0.813 ft_sigma_c=0.742 f=0.844 w=0.74 ratio=0.0296 sigma_d=0.0015 zi_alpha=0.362 zi_mu=0.041 zi_delta=0.293 -> D=12.788 (17s, 380m)
[00:24:52]   [active 1012] mt_gamma=1.4 ft_sigma_c=0.816 f=0.831 w=0.38 ratio=0.359 sigma_d=0.00132 zi_alpha=0.335 zi_mu=0.115 zi_delta=0.307 -> D=10.913 (20s, 381m)
[00:25:10]   [active 1013] mt_gamma=0.877 ft_sigma_c=0.579 f=0.773 w=0.15 ratio=0.11 sigma_d=0.0012 zi_alpha=0.43 zi_mu=0.0724 zi_delta=0.306 -> D=9.898 (18s, 381m)
[00:25:30]   [active 1014] mt_gamma=0.273 ft_sigma_c=0.599 f=0.648 w=0.163 ratio=0.118 sigma_d=0.00147 zi_alpha=0.382 zi_mu=0.0554 zi_delta=0.233 -> D=8.953 (20s, 381m)
[00:25:49]   [active 1015] mt_gamma=0.828 ft_sigma_c=0.646 f=0.825 w=0.256 ratio=0.145 sigma_d=0.00135 zi_alpha=0.392 zi_mu=0.104 zi_delta=0.277 -> D=9.198 (19s, 382m)
[00:26:08]   [active 1016] mt_gamma=0.807 ft_sigma_c=0.583 f=0.716 w=0.354 ratio=0.301 sigma_d=0.00144 zi_alpha=0.428 zi_mu=0.062 zi_delta=0.277 -> D=10.480 (19s, 382m)
[00:26:27]   [active 1017] mt_gamma=1.93 ft_sigma_c=0.291 f=0.245 w=0.273 ratio=0.352 sigma_d=0.00149 zi_alpha=0.275 zi_mu=0.0958 zi_delta=0.0635 -> D=49.427 (19s, 382m)
[00:26:47]   [active 1018] mt_gamma=1.62 ft_sigma_c=0.756 f=0.572 w=0.57 ratio=0.0997 sigma_d=0.00107 zi_alpha=0.406 zi_mu=0.108 zi_delta=0.32 -> D=12.354 (19s, 382m)
[00:27:04]   [active 1019] mt_gamma=0.495 ft_sigma_c=0.681 f=0.215 w=0.62 ratio=0.309 sigma_d=0.00121 zi_alpha=0.176 zi_mu=0.0719 zi_delta=0.161 -> D=43.610 (18s, 383m)
[00:27:23]   [active 1020] mt_gamma=1.37 ft_sigma_c=0.349 f=1.01 w=0.625 ratio=0.354 sigma_d=0.00174 zi_alpha=0.257 zi_mu=0.0896 zi_delta=0.215 -> D=29.552 (19s, 383m)
[00:27:42]   [active 1021] mt_gamma=0.709 ft_sigma_c=0.847 f=0.822 w=0.52 ratio=0.18 sigma_d=0.00126 zi_alpha=0.3 zi_mu=0.0223 zi_delta=0.295 -> D=9.096 (19s, 383m)
[00:28:01]   [active 1022] mt_gamma=0.118 ft_sigma_c=0.353 f=1.37 w=0.22 ratio=0.364 sigma_d=0.00148 zi_alpha=0.346 zi_mu=0.107 zi_delta=0.242 -> D=24.184 (20s, 384m)
[00:28:21]   [active 1023] mt_gamma=0.555 ft_sigma_c=0.713 f=0.799 w=0.689 ratio=0.307 sigma_d=0.00136 zi_alpha=0.328 zi_mu=0.0895 zi_delta=0.311 -> D=9.512 (19s, 384m)
[00:28:39]   [active 1024] mt_gamma=0.21 ft_sigma_c=0.581 f=0.647 w=0.125 ratio=0.0707 sigma_d=0.00102 zi_alpha=0.315 zi_mu=0.0498 zi_delta=0.301 -> D=13.782 (18s, 384m)
[00:28:59]   [active 1025] mt_gamma=1.22 ft_sigma_c=0.808 f=0.829 w=0.467 ratio=0.225 sigma_d=0.00128 zi_alpha=0.431 zi_mu=0.145 zi_delta=0.175 -> D=10.983 (20s, 385m)
[00:29:18]   [active 1026] mt_gamma=0.941 ft_sigma_c=0.797 f=0.77 w=0.667 ratio=0.146 sigma_d=0.00115 zi_alpha=0.42 zi_mu=0.104 zi_delta=0.223 -> D=10.480 (20s, 385m)
[00:29:36]   [active 1027] mt_gamma=0.714 ft_sigma_c=0.786 f=0.955 w=0.298 ratio=0.27 sigma_d=0.00151 zi_alpha=0.36 zi_mu=0.0987 zi_delta=0.26 -> D=8.382 (18s, 385m)
[00:29:54]   [active 1028] mt_gamma=0.566 ft_sigma_c=0.578 f=0.857 w=0.406 ratio=0.275 sigma_d=0.00155 zi_alpha=0.327 zi_mu=0.067 zi_delta=0.272 -> D=12.087 (18s, 386m)
[00:30:12]   [active 1029] mt_gamma=1.01 ft_sigma_c=0.846 f=0.823 w=0.519 ratio=0.0362 sigma_d=0.00131 zi_alpha=0.369 zi_mu=0.0449 zi_delta=0.194 -> D=10.641 (18s, 386m)
[00:30:30]   [active 1030] mt_gamma=0.523 ft_sigma_c=0.532 f=0.707 w=0.459 ratio=0.203 sigma_d=0.00135 zi_alpha=0.395 zi_mu=0.0763 zi_delta=0.297 -> D=7.868 (18s, 386m)
[00:30:48]   [active 1031] mt_gamma=0.683 ft_sigma_c=0.649 f=0.826 w=0.238 ratio=0.105 sigma_d=0.00126 zi_alpha=0.321 zi_mu=0.136 zi_delta=0.237 -> D=11.042 (18s, 387m)
[00:31:06]   [active 1032] mt_gamma=0.416 ft_sigma_c=0.533 f=0.94 w=0.589 ratio=0.0422 sigma_d=0.00154 zi_alpha=0.4 zi_mu=0.0627 zi_delta=0.232 -> D=10.091 (19s, 387m)
[00:31:25]   [active 1033] mt_gamma=0.677 ft_sigma_c=0.315 f=0.195 w=0.818 ratio=0.242 sigma_d=0.00176 zi_alpha=0.4 zi_mu=0.136 zi_delta=0.287 -> D=45.021 (19s, 387m)
[00:31:44]   [active 1034] mt_gamma=0.618 ft_sigma_c=0.218 f=0.123 w=0.126 ratio=0.26 sigma_d=0.00218 zi_alpha=0.355 zi_mu=0.0943 zi_delta=0.306 -> D=59.596 (19s, 387m)
[00:32:01]   [active 1035] mt_gamma=1.65 ft_sigma_c=0.72 f=0.35 w=0.266 ratio=0.0386 sigma_d=0.00203 zi_alpha=0.291 zi_mu=0.0464 zi_delta=0.185 -> D=52.577 (17s, 388m)
[00:32:18]   [active 1036] mt_gamma=1.26 ft_sigma_c=0.204 f=0.864 w=0.665 ratio=0.209 sigma_d=0.00157 zi_alpha=0.16 zi_mu=0.122 zi_delta=0.0681 -> D=37.766 (16s, 388m)
[00:32:38]   [active 1037] mt_gamma=1.23 ft_sigma_c=0.432 f=0.179 w=0.409 ratio=0.138 sigma_d=0.00168 zi_alpha=0.326 zi_mu=0.0285 zi_delta=0.302 -> D=53.738 (21s, 388m)
[00:32:58]   [active 1038] mt_gamma=1.41 ft_sigma_c=0.644 f=1.26 w=0.332 ratio=0.212 sigma_d=0.00173 zi_alpha=0.33 zi_mu=0.0804 zi_delta=0.193 -> D=19.728 (19s, 389m)
[00:33:21]   [active 1039] mt_gamma=0.217 ft_sigma_c=0.483 f=0.656 w=0.457 ratio=0.271 sigma_d=0.00115 zi_alpha=0.409 zi_mu=0.118 zi_delta=0.264 -> D=10.563 (23s, 389m)
[00:33:39]   [active 1040] mt_gamma=0.457 ft_sigma_c=0.592 f=0.696 w=0.294 ratio=0.28 sigma_d=0.00125 zi_alpha=0.313 zi_mu=0.0497 zi_delta=0.285 -> D=10.980 (18s, 389m)
[00:33:57]   [active 1041] mt_gamma=0.627 ft_sigma_c=0.627 f=0.905 w=0.551 ratio=0.288 sigma_d=0.00126 zi_alpha=0.43 zi_mu=0.149 zi_delta=0.318 -> D=9.770 (18s, 390m)
[00:34:14]   [active 1042] mt_gamma=0.669 ft_sigma_c=0.597 f=0.835 w=0.636 ratio=0.307 sigma_d=0.00132 zi_alpha=0.365 zi_mu=0.0507 zi_delta=0.261 -> D=11.419 (17s, 390m)
[00:34:31]   [active 1043] mt_gamma=0.387 ft_sigma_c=0.56 f=0.928 w=0.414 ratio=0.23 sigma_d=0.00148 zi_alpha=0.348 zi_mu=0.0641 zi_delta=0.306 -> D=10.640 (17s, 390m)
[00:34:48]   [active 1044] mt_gamma=0.946 ft_sigma_c=0.543 f=0.749 w=0.26 ratio=0.0961 sigma_d=0.00134 zi_alpha=0.416 zi_mu=0.0699 zi_delta=0.214 -> D=10.699 (17s, 391m)
[00:35:05]   [active 1045] mt_gamma=0.483 ft_sigma_c=0.765 f=0.607 w=0.624 ratio=0.355 sigma_d=0.00104 zi_alpha=0.333 zi_mu=0.0857 zi_delta=0.255 -> D=9.880 (17s, 391m)
[00:35:24]   [active 1046] mt_gamma=0.512 ft_sigma_c=0.557 f=0.736 w=0.69 ratio=0.256 sigma_d=0.00113 zi_alpha=0.43 zi_mu=0.0468 zi_delta=0.0841 -> D=9.760 (18s, 391m)
[00:35:41]   [active 1047] mt_gamma=0.688 ft_sigma_c=0.796 f=0.781 w=0.259 ratio=0.234 sigma_d=0.00159 zi_alpha=0.39 zi_mu=0.0866 zi_delta=0.292 -> D=10.295 (18s, 391m)
[00:36:00]   [active 1048] mt_gamma=0.152 ft_sigma_c=0.485 f=0.854 w=0.591 ratio=0.0799 sigma_d=0.00134 zi_alpha=0.333 zi_mu=0.126 zi_delta=0.239 -> D=11.151 (18s, 392m)
[00:36:17]   [active 1049] mt_gamma=1.57 ft_sigma_c=0.743 f=0.157 w=0.462 ratio=0.384 sigma_d=0.00179 zi_alpha=0.398 zi_mu=0.0193 zi_delta=0.204 -> D=56.269 (17s, 392m)
[00:36:31]   [active 1050] mt_gamma=0.84 ft_sigma_c=0.258 f=0.957 w=0.746 ratio=0.313 sigma_d=0.00122 zi_alpha=0.125 zi_mu=0.0762 zi_delta=0.273 -> D=25.593 (15s, 392m)
[00:36:49]   [active 1051] mt_gamma=0.375 ft_sigma_c=0.586 f=0.458 w=0.361 ratio=0.225 sigma_d=0.00202 zi_alpha=0.205 zi_mu=0.14 zi_delta=0.0736 -> D=44.279 (18s, 393m)
[00:37:07]   [active 1052] mt_gamma=0.83 ft_sigma_c=0.669 f=0.268 w=0.344 ratio=0.104 sigma_d=0.00194 zi_alpha=0.402 zi_mu=0.0547 zi_delta=0.183 -> D=45.517 (18s, 393m)
[00:37:21]   [active 1053] mt_gamma=1.69 ft_sigma_c=0.259 f=0.13 w=0.437 ratio=0.0744 sigma_d=0.00104 zi_alpha=0.117 zi_mu=0.106 zi_delta=0.228 -> D=48.069 (14s, 393m)
[00:37:35]   [active 1054] mt_gamma=1.35 ft_sigma_c=0.402 f=0.108 w=0.66 ratio=0.377 sigma_d=0.00152 zi_alpha=0.0958 zi_mu=0.123 zi_delta=0.299 -> D=59.764 (14s, 393m)
[00:37:53]   [active 1055] mt_gamma=0.369 ft_sigma_c=0.581 f=0.634 w=0.609 ratio=0.0803 sigma_d=0.00109 zi_alpha=0.325 zi_mu=0.0525 zi_delta=0.301 -> D=8.340 (17s, 394m)
[00:38:12]   [active 1056] mt_gamma=0.248 ft_sigma_c=0.622 f=0.744 w=0.47 ratio=0.0431 sigma_d=0.0011 zi_alpha=0.345 zi_mu=0.0823 zi_delta=0.0466 -> D=12.232 (19s, 394m)
[00:38:30]   [active 1057] mt_gamma=0.352 ft_sigma_c=0.519 f=0.843 w=0.681 ratio=0.307 sigma_d=0.00128 zi_alpha=0.367 zi_mu=0.0588 zi_delta=0.247 -> D=10.745 (17s, 394m)
[00:38:47]   [active 1058] mt_gamma=0.815 ft_sigma_c=0.698 f=0.859 w=0.468 ratio=0.0482 sigma_d=0.00151 zi_alpha=0.384 zi_mu=0.0182 zi_delta=0.222 -> D=10.401 (17s, 394m)
[00:39:05]   [active 1059] mt_gamma=0.411 ft_sigma_c=0.639 f=0.866 w=0.115 ratio=0.301 sigma_d=0.00134 zi_alpha=0.334 zi_mu=0.114 zi_delta=0.089 -> D=9.710 (18s, 395m)
[00:39:24]   [active 1060] mt_gamma=0.756 ft_sigma_c=0.707 f=0.806 w=0.525 ratio=0.175 sigma_d=0.00122 zi_alpha=0.412 zi_mu=0.0683 zi_delta=0.163 -> D=10.099 (18s, 395m)
[00:39:41]   [active 1061] mt_gamma=1.12 ft_sigma_c=0.754 f=0.755 w=0.518 ratio=0.0369 sigma_d=0.00132 zi_alpha=0.423 zi_mu=0.0693 zi_delta=0.295 -> D=8.845 (18s, 395m)
[00:39:58]   [active 1062] mt_gamma=1.08 ft_sigma_c=0.759 f=0.681 w=0.673 ratio=0.305 sigma_d=0.00119 zi_alpha=0.328 zi_mu=0.125 zi_delta=0.292 -> D=11.100 (17s, 396m)
[00:40:16]   [active 1063] mt_gamma=0.663 ft_sigma_c=0.745 f=0.933 w=0.509 ratio=0.246 sigma_d=0.00142 zi_alpha=0.377 zi_mu=0.1 zi_delta=0.266 -> D=8.333 (18s, 396m)
[00:40:34]   [active 1064] mt_gamma=0.856 ft_sigma_c=0.776 f=0.661 w=0.445 ratio=0.394 sigma_d=0.00132 zi_alpha=0.347 zi_mu=0.0243 zi_delta=0.173 -> D=13.441 (17s, 396m)
[00:40:49]   [active 1065] mt_gamma=0.979 ft_sigma_c=0.478 f=1.19 w=0.702 ratio=0.207 sigma_d=0.0022 zi_alpha=0.232 zi_mu=0.114 zi_delta=0.252 -> D=34.849 (16s, 397m)
[00:41:07]   [active 1066] mt_gamma=2 ft_sigma_c=0.325 f=0.741 w=0.732 ratio=0.0719 sigma_d=0.00191 zi_alpha=0.402 zi_mu=0.142 zi_delta=0.211 -> D=32.584 (17s, 397m)
[00:41:22]   [active 1067] mt_gamma=1.23 ft_sigma_c=0.234 f=0.65 w=0.591 ratio=0.174 sigma_d=0.00166 zi_alpha=0.167 zi_mu=0.0714 zi_delta=0.0454 -> D=45.758 (16s, 397m)
[00:41:38]   [active 1068] mt_gamma=1.84 ft_sigma_c=0.349 f=0.678 w=0.155 ratio=0.285 sigma_d=0.0021 zi_alpha=0.223 zi_mu=0.111 zi_delta=0.122 -> D=41.443 (16s, 397m)
[00:41:56]   [active 1069] mt_gamma=0.501 ft_sigma_c=0.676 f=0.294 w=0.511 ratio=0.173 sigma_d=0.00186 zi_alpha=0.176 zi_mu=0.109 zi_delta=0.117 -> D=51.728 (17s, 398m)
[00:42:10]   [active 1070] mt_gamma=1.04 ft_sigma_c=0.472 f=0.412 w=0.233 ratio=0.348 sigma_d=0.00143 zi_alpha=0.0839 zi_mu=0.0612 zi_delta=0.283 -> D=32.795 (15s, 398m)
[00:42:28]   [active 1071] mt_gamma=0.503 ft_sigma_c=0.645 f=0.813 w=0.591 ratio=0.118 sigma_d=0.00109 zi_alpha=0.366 zi_mu=0.0942 zi_delta=0.176 -> D=10.535 (17s, 398m)
[00:42:46]   [active 1072] mt_gamma=0.69 ft_sigma_c=0.766 f=0.808 w=0.287 ratio=0.278 sigma_d=0.00137 zi_alpha=0.382 zi_mu=0.127 zi_delta=0.302 -> D=9.943 (18s, 398m)
[00:43:03]   [active 1073] mt_gamma=0.316 ft_sigma_c=0.591 f=0.748 w=0.533 ratio=0.208 sigma_d=0.00143 zi_alpha=0.322 zi_mu=0.0744 zi_delta=0.229 -> D=10.762 (17s, 399m)
[00:43:20]   [active 1074] mt_gamma=0.738 ft_sigma_c=0.561 f=0.712 w=0.668 ratio=0.283 sigma_d=0.00138 zi_alpha=0.403 zi_mu=0.107 zi_delta=0.314 -> D=11.131 (17s, 399m)
[00:43:40]   [active 1075] mt_gamma=0.242 ft_sigma_c=0.526 f=0.727 w=0.305 ratio=0.071 sigma_d=0.00119 zi_alpha=0.435 zi_mu=0.126 zi_delta=0.0785 -> D=12.858 (20s, 399m)
[00:43:59]   [active 1076] mt_gamma=0.323 ft_sigma_c=0.659 f=0.975 w=0.207 ratio=0.273 sigma_d=0.00147 zi_alpha=0.433 zi_mu=0.092 zi_delta=0.249 -> D=15.082 (19s, 400m)
[00:44:16]   [active 1077] mt_gamma=1.17 ft_sigma_c=0.743 f=0.667 w=0.587 ratio=0.123 sigma_d=0.00119 zi_alpha=0.367 zi_mu=0.0842 zi_delta=0.276 -> D=11.174 (17s, 400m)
[00:44:34]   [active 1078] mt_gamma=1.28 ft_sigma_c=0.803 f=0.776 w=0.721 ratio=0.206 sigma_d=0.00138 zi_alpha=0.392 zi_mu=0.112 zi_delta=0.256 -> D=13.125 (18s, 400m)
[00:44:52]   [active 1079] mt_gamma=0.392 ft_sigma_c=0.529 f=0.622 w=0.701 ratio=0.201 sigma_d=0.0015 zi_alpha=0.387 zi_mu=0.101 zi_delta=0.196 -> D=15.689 (19s, 401m)
[00:45:10]   [active 1080] mt_gamma=0.874 ft_sigma_c=0.493 f=0.638 w=0.113 ratio=0.249 sigma_d=0.0014 zi_alpha=0.432 zi_mu=0.0424 zi_delta=0.164 -> D=12.456 (18s, 401m)
[00:45:25]   [active 1081] mt_gamma=1.27 ft_sigma_c=0.711 f=1.02 w=0.53 ratio=0.0488 sigma_d=0.00125 zi_alpha=0.189 zi_mu=0.0432 zi_delta=0.0623 -> D=23.947 (16s, 401m)
[00:45:43]   [active 1082] mt_gamma=0.39 ft_sigma_c=0.408 f=0.878 w=0.835 ratio=0.15 sigma_d=0.00104 zi_alpha=0.399 zi_mu=0.0287 zi_delta=0.254 -> D=14.118 (17s, 401m)
[00:46:01]   [active 1083] mt_gamma=0.462 ft_sigma_c=0.453 f=1.3 w=0.486 ratio=0.0362 sigma_d=0.00187 zi_alpha=0.425 zi_mu=0.0868 zi_delta=0.249 -> D=15.884 (18s, 402m)
[00:46:19]   [active 1084] mt_gamma=1.49 ft_sigma_c=0.735 f=0.68 w=0.184 ratio=0.0642 sigma_d=0.0015 zi_alpha=0.41 zi_mu=0.143 zi_delta=0.167 -> D=13.438 (18s, 402m)
[00:46:36]   [active 1085] mt_gamma=1.4 ft_sigma_c=0.26 f=0.492 w=0.347 ratio=0.249 sigma_d=0.00179 zi_alpha=0.411 zi_mu=0.098 zi_delta=0.219 -> D=30.701 (17s, 402m)
[00:46:51]   [active 1086] mt_gamma=0.343 ft_sigma_c=0.204 f=0.459 w=0.743 ratio=0.0805 sigma_d=0.00182 zi_alpha=0.104 zi_mu=0.0439 zi_delta=0.305 -> D=31.082 (15s, 403m)
[00:47:08]   [active 1087] mt_gamma=0.396 ft_sigma_c=0.744 f=0.769 w=0.477 ratio=0.338 sigma_d=0.00124 zi_alpha=0.34 zi_mu=0.0367 zi_delta=0.191 -> D=7.821 (17s, 403m)
[00:47:26]   [active 1088] mt_gamma=0.322 ft_sigma_c=0.61 f=0.766 w=0.585 ratio=0.374 sigma_d=0.00143 zi_alpha=0.373 zi_mu=0.101 zi_delta=0.217 -> D=8.094 (18s, 403m)
[00:47:44]   [active 1089] mt_gamma=0.66 ft_sigma_c=0.847 f=0.773 w=0.318 ratio=0.175 sigma_d=0.00128 zi_alpha=0.37 zi_mu=0.147 zi_delta=0.311 -> D=9.868 (18s, 403m)
[00:48:01]   [active 1090] mt_gamma=1.21 ft_sigma_c=0.647 f=0.881 w=0.406 ratio=0.387 sigma_d=0.00149 zi_alpha=0.435 zi_mu=0.122 zi_delta=0.276 -> D=8.340 (17s, 404m)
[00:48:19]   [active 1091] mt_gamma=0.401 ft_sigma_c=0.656 f=0.883 w=0.377 ratio=0.342 sigma_d=0.00144 zi_alpha=0.372 zi_mu=0.0336 zi_delta=0.134 -> D=7.821 (18s, 404m)
[00:48:36]   [active 1092] mt_gamma=0.828 ft_sigma_c=0.674 f=0.916 w=0.282 ratio=0.344 sigma_d=0.00133 zi_alpha=0.324 zi_mu=0.11 zi_delta=0.165 -> D=9.704 (17s, 404m)
[00:48:53]   [active 1093] mt_gamma=0.602 ft_sigma_c=0.802 f=0.799 w=0.459 ratio=0.0838 sigma_d=0.00133 zi_alpha=0.407 zi_mu=0.0287 zi_delta=0.278 -> D=10.903 (17s, 405m)
[00:49:11]   [active 1094] mt_gamma=0.855 ft_sigma_c=0.632 f=1.02 w=0.24 ratio=0.245 sigma_d=0.00138 zi_alpha=0.437 zi_mu=0.0617 zi_delta=0.222 -> D=12.801 (18s, 405m)
[00:49:27]   [active 1095] mt_gamma=0.27 ft_sigma_c=0.645 f=0.707 w=0.116 ratio=0.0925 sigma_d=0.00123 zi_alpha=0.352 zi_mu=0.0216 zi_delta=0.102 -> D=10.432 (16s, 405m)
[00:49:45]   [active 1096] mt_gamma=1.05 ft_sigma_c=0.584 f=0.713 w=0.544 ratio=0.302 sigma_d=0.00113 zi_alpha=0.438 zi_mu=0.0839 zi_delta=0.262 -> D=10.642 (18s, 405m)
[00:50:02]   [active 1097] mt_gamma=1.08 ft_sigma_c=0.373 f=0.668 w=0.165 ratio=0.122 sigma_d=0.0012 zi_alpha=0.357 zi_mu=0.0593 zi_delta=0.144 -> D=17.586 (17s, 406m)
[00:50:18]   [active 1098] mt_gamma=1.59 ft_sigma_c=0.702 f=0.939 w=0.884 ratio=0.184 sigma_d=0.00127 zi_alpha=0.159 zi_mu=0.141 zi_delta=0.0697 -> D=40.005 (16s, 406m)
[00:50:32]   [active 1099] mt_gamma=1.43 ft_sigma_c=0.716 f=0.646 w=0.814 ratio=0.227 sigma_d=0.00116 zi_alpha=0.129 zi_mu=0.0638 zi_delta=0.292 -> D=25.380 (15s, 406m)
[00:50:48]   [active 1100] mt_gamma=1.59 ft_sigma_c=0.685 f=0.22 w=0.668 ratio=0.0982 sigma_d=0.00206 zi_alpha=0.138 zi_mu=0.115 zi_delta=0.11 -> D=75.814 (16s, 407m)
[00:51:04]   [active 1101] mt_gamma=1.2 ft_sigma_c=0.576 f=1.08 w=0.778 ratio=0.261 sigma_d=0.00129 zi_alpha=0.112 zi_mu=0.103 zi_delta=0.0738 -> D=39.493 (15s, 407m)
[00:51:21]   [active 1102] mt_gamma=1.15 ft_sigma_c=0.436 f=0.851 w=0.29 ratio=0.271 sigma_d=0.00146 zi_alpha=0.301 zi_mu=0.0986 zi_delta=0.145 -> D=19.530 (17s, 407m)
[00:51:40]   [active 1103] mt_gamma=0.688 ft_sigma_c=0.618 f=0.631 w=0.606 ratio=0.164 sigma_d=0.0011 zi_alpha=0.407 zi_mu=0.147 zi_delta=0.119 -> D=8.212 (19s, 407m)
[00:51:58]   [active 1104] mt_gamma=0.677 ft_sigma_c=0.728 f=0.733 w=0.48 ratio=0.0785 sigma_d=0.00124 zi_alpha=0.427 zi_mu=0.0295 zi_delta=0.147 -> D=11.343 (18s, 408m)
[00:52:15]   [active 1105] mt_gamma=0.921 ft_sigma_c=0.692 f=0.886 w=0.328 ratio=0.301 sigma_d=0.00139 zi_alpha=0.346 zi_mu=0.127 zi_delta=0.279 -> D=8.594 (17s, 408m)
[00:52:32]   [active 1106] mt_gamma=0.657 ft_sigma_c=0.782 f=0.822 w=0.289 ratio=0.318 sigma_d=0.00127 zi_alpha=0.377 zi_mu=0.14 zi_delta=0.281 -> D=9.972 (17s, 408m)
[00:52:49]   [active 1107] mt_gamma=0.651 ft_sigma_c=0.528 f=0.627 w=0.449 ratio=0.155 sigma_d=0.00115 zi_alpha=0.345 zi_mu=0.0895 zi_delta=0.201 -> D=11.508 (17s, 409m)
[00:53:06]   [active 1108] mt_gamma=0.435 ft_sigma_c=0.754 f=0.799 w=0.158 ratio=0.0393 sigma_d=0.00126 zi_alpha=0.339 zi_mu=0.0559 zi_delta=0.205 -> D=10.994 (17s, 409m)
[00:53:26]   [active 1109] mt_gamma=0.376 ft_sigma_c=0.639 f=0.647 w=0.419 ratio=0.372 sigma_d=0.00155 zi_alpha=0.428 zi_mu=0.103 zi_delta=0.31 -> D=14.563 (20s, 409m)
[00:53:44]   [active 1110] mt_gamma=0.446 ft_sigma_c=0.672 f=0.69 w=0.582 ratio=0.342 sigma_d=0.00104 zi_alpha=0.364 zi_mu=0.128 zi_delta=0.283 -> D=9.594 (18s, 409m)
[00:54:02]   [active 1111] mt_gamma=0.366 ft_sigma_c=0.494 f=0.878 w=0.212 ratio=0.0251 sigma_d=0.00159 zi_alpha=0.377 zi_mu=0.0612 zi_delta=0.0998 -> D=8.939 (18s, 410m)
[00:54:20]   [active 1112] mt_gamma=0.88 ft_sigma_c=0.515 f=0.758 w=0.398 ratio=0.307 sigma_d=0.0013 zi_alpha=0.427 zi_mu=0.0491 zi_delta=0.0711 -> D=9.243 (18s, 410m)
[00:54:35]   [active 1113] mt_gamma=0.97 ft_sigma_c=0.82 f=0.543 w=0.444 ratio=0.196 sigma_d=0.00207 zi_alpha=0.0932 zi_mu=0.102 zi_delta=0.234 -> D=44.916 (15s, 410m)
[00:54:52]   [active 1114] mt_gamma=1.24 ft_sigma_c=0.506 f=0.547 w=0.523 ratio=0.25 sigma_d=0.00119 zi_alpha=0.19 zi_mu=0.0426 zi_delta=0.0699 -> D=33.609 (17s, 411m)
[00:55:09]   [active 1115] mt_gamma=0.602 ft_sigma_c=0.431 f=0.392 w=0.773 ratio=0.168 sigma_d=0.00199 zi_alpha=0.224 zi_mu=0.0537 zi_delta=0.174 -> D=46.481 (17s, 411m)
[00:55:27]   [active 1116] mt_gamma=1.42 ft_sigma_c=0.623 f=0.946 w=0.274 ratio=0.262 sigma_d=0.00214 zi_alpha=0.373 zi_mu=0.0494 zi_delta=0.0358 -> D=23.257 (18s, 411m)
[00:55:42]   [active 1117] mt_gamma=0.793 ft_sigma_c=0.773 f=0.792 w=0.534 ratio=0.0817 sigma_d=0.00131 zi_alpha=0.0844 zi_mu=0.0179 zi_delta=0.0542 -> D=37.645 (15s, 411m)
[00:55:58]   [active 1118] mt_gamma=1.55 ft_sigma_c=0.481 f=0.801 w=0.271 ratio=0.345 sigma_d=0.00197 zi_alpha=0.317 zi_mu=0.113 zi_delta=0.263 -> D=27.359 (16s, 412m)
[00:56:16]   [active 1119] mt_gamma=0.421 ft_sigma_c=0.628 f=0.844 w=0.561 ratio=0.303 sigma_d=0.00131 zi_alpha=0.325 zi_mu=0.148 zi_delta=0.282 -> D=9.192 (17s, 412m)
[00:56:33]   [active 1120] mt_gamma=0.238 ft_sigma_c=0.605 f=0.698 w=0.53 ratio=0.235 sigma_d=0.00128 zi_alpha=0.366 zi_mu=0.0624 zi_delta=0.297 -> D=7.689 (18s, 412m)
[00:56:52]   [active 1121] mt_gamma=0.456 ft_sigma_c=0.568 f=0.91 w=0.131 ratio=0.221 sigma_d=0.00147 zi_alpha=0.353 zi_mu=0.0953 zi_delta=0.0566 -> D=10.245 (18s, 413m)
[00:57:09]   [active 1122] mt_gamma=0.987 ft_sigma_c=0.714 f=0.729 w=0.427 ratio=0.0567 sigma_d=0.0012 zi_alpha=0.431 zi_mu=0.0982 zi_delta=0.18 -> D=9.839 (18s, 413m)
[00:57:26]   [active 1123] mt_gamma=0.401 ft_sigma_c=0.674 f=0.783 w=0.189 ratio=0.332 sigma_d=0.00158 zi_alpha=0.342 zi_mu=0.0373 zi_delta=0.287 -> D=9.793 (17s, 413m)
[00:57:44]   [active 1124] mt_gamma=0.194 ft_sigma_c=0.593 f=0.77 w=0.376 ratio=0.212 sigma_d=0.00133 zi_alpha=0.349 zi_mu=0.0291 zi_delta=0.0838 -> D=9.228 (18s, 413m)
[00:58:02]   [active 1125] mt_gamma=0.721 ft_sigma_c=0.656 f=0.743 w=0.24 ratio=0.132 sigma_d=0.0011 zi_alpha=0.434 zi_mu=0.107 zi_delta=0.129 -> D=12.614 (18s, 414m)
[00:58:21]   [active 1126] mt_gamma=0.303 ft_sigma_c=0.626 f=0.738 w=0.679 ratio=0.32 sigma_d=0.00136 zi_alpha=0.409 zi_mu=0.135 zi_delta=0.253 -> D=10.164 (19s, 414m)
[00:58:38]   [active 1127] mt_gamma=0.788 ft_sigma_c=0.544 f=0.925 w=0.379 ratio=0.329 sigma_d=0.00152 zi_alpha=0.43 zi_mu=0.13 zi_delta=0.317 -> D=9.575 (17s, 414m)
[00:58:56]   [active 1128] mt_gamma=0.63 ft_sigma_c=0.728 f=0.852 w=0.308 ratio=0.181 sigma_d=0.00119 zi_alpha=0.348 zi_mu=0.0851 zi_delta=0.19 -> D=9.760 (18s, 415m)
[00:59:12]   [active 1129] mt_gamma=1.25 ft_sigma_c=0.738 f=0.763 w=0.614 ratio=0.149 sigma_d=0.00205 zi_alpha=0.188 zi_mu=0.083 zi_delta=0.297 -> D=37.786 (16s, 415m)
[00:59:29]   [active 1130] mt_gamma=0.157 ft_sigma_c=0.364 f=0.421 w=0.488 ratio=0.118 sigma_d=0.00187 zi_alpha=0.187 zi_mu=0.0527 zi_delta=0.135 -> D=39.015 (17s, 415m)
[00:59:48]   [active 1131] mt_gamma=1.17 ft_sigma_c=0.79 f=0.433 w=0.634 ratio=0.0331 sigma_d=0.00134 zi_alpha=0.337 zi_mu=0.107 zi_delta=0.0336 -> D=28.196 (19s, 416m)
[01:00:03]   [active 1132] mt_gamma=0.4 ft_sigma_c=0.344 f=1.08 w=0.839 ratio=0.172 sigma_d=0.00148 zi_alpha=0.22 zi_mu=0.0798 zi_delta=0.28 -> D=27.175 (16s, 416m)
[01:00:21]   [active 1133] mt_gamma=0.658 ft_sigma_c=0.814 f=0.313 w=0.797 ratio=0.207 sigma_d=0.00209 zi_alpha=0.298 zi_mu=0.14 zi_delta=0.213 -> D=46.183 (18s, 416m)
[01:00:40]   [active 1134] mt_gamma=0.298 ft_sigma_c=0.439 f=0.113 w=0.561 ratio=0.148 sigma_d=0.00117 zi_alpha=0.4 zi_mu=0.0832 zi_delta=0.158 -> D=38.438 (19s, 416m)
[01:01:01]   [active 1135] mt_gamma=0.365 ft_sigma_c=0.522 f=0.787 w=0.544 ratio=0.0388 sigma_d=0.00116 zi_alpha=0.41 zi_mu=0.149 zi_delta=0.0233 -> D=10.928 (20s, 417m)
[01:01:18]   [active 1136] mt_gamma=0.635 ft_sigma_c=0.6 f=0.628 w=0.644 ratio=0.0851 sigma_d=0.00108 zi_alpha=0.412 zi_mu=0.076 zi_delta=0.295 -> D=8.526 (17s, 417m)
[01:01:35]   [active 1137] mt_gamma=1.07 ft_sigma_c=0.79 f=0.761 w=0.254 ratio=0.345 sigma_d=0.00144 zi_alpha=0.37 zi_mu=0.0704 zi_delta=0.307 -> D=11.576 (16s, 417m)
[01:01:52]   [active 1138] mt_gamma=0.436 ft_sigma_c=0.588 f=0.768 w=0.322 ratio=0.127 sigma_d=0.0014 zi_alpha=0.34 zi_mu=0.0753 zi_delta=0.263 -> D=8.678 (17s, 418m)
[01:02:10]   [active 1139] mt_gamma=0.661 ft_sigma_c=0.702 f=0.733 w=0.349 ratio=0.173 sigma_d=0.0013 zi_alpha=0.423 zi_mu=0.143 zi_delta=0.258 -> D=8.155 (18s, 418m)
[01:02:27]   [active 1140] mt_gamma=0.954 ft_sigma_c=0.564 f=0.777 w=0.496 ratio=0.219 sigma_d=0.00143 zi_alpha=0.423 zi_mu=0.0886 zi_delta=0.23 -> D=13.052 (18s, 418m)
[01:02:49]   [active 1141] mt_gamma=1.13 ft_sigma_c=0.788 f=0.674 w=0.535 ratio=0.187 sigma_d=0.00115 zi_alpha=0.337 zi_mu=0.0746 zi_delta=0.19 -> D=10.986 (22s, 419m)
[01:03:08]   [active 1142] mt_gamma=0.574 ft_sigma_c=0.773 f=0.921 w=0.421 ratio=0.215 sigma_d=0.00158 zi_alpha=0.372 zi_mu=0.124 zi_delta=0.202 -> D=11.959 (19s, 419m)
[01:03:25]   [active 1143] mt_gamma=1.01 ft_sigma_c=0.799 f=0.892 w=0.648 ratio=0.301 sigma_d=0.00123 zi_alpha=0.359 zi_mu=0.117 zi_delta=0.222 -> D=11.053 (17s, 419m)
[01:03:44]   [active 1144] mt_gamma=0.328 ft_sigma_c=0.533 f=0.902 w=0.238 ratio=0.135 sigma_d=0.00146 zi_alpha=0.384 zi_mu=0.0937 zi_delta=0.304 -> D=11.754 (19s, 419m)
[01:04:02]   [active 1145] mt_gamma=1.46 ft_sigma_c=0.618 f=0.14 w=0.717 ratio=0.0728 sigma_d=0.00103 zi_alpha=0.252 zi_mu=0.11 zi_delta=0.126 -> D=50.461 (18s, 420m)
[01:04:18]   [active 1146] mt_gamma=1.42 ft_sigma_c=0.134 f=1.21 w=0.17 ratio=0.0693 sigma_d=0.00142 zi_alpha=0.139 zi_mu=0.0725 zi_delta=0.258 -> D=25.760 (16s, 420m)
[01:04:34]   [active 1147] mt_gamma=1.87 ft_sigma_c=0.268 f=0.135 w=0.486 ratio=0.227 sigma_d=0.0017 zi_alpha=0.241 zi_mu=0.132 zi_delta=0.25 -> D=59.015 (16s, 420m)
[01:04:50]   [active 1148] mt_gamma=0.783 ft_sigma_c=0.168 f=1.2 w=0.445 ratio=0.129 sigma_d=0.00217 zi_alpha=0.243 zi_mu=0.0452 zi_delta=0.0913 -> D=37.423 (16s, 421m)
[01:05:07]   [active 1149] mt_gamma=0.291 ft_sigma_c=0.842 f=0.132 w=0.659 ratio=0.283 sigma_d=0.00106 zi_alpha=0.0972 zi_mu=0.104 zi_delta=0.135 -> D=45.911 (17s, 421m)
[01:05:22]   [active 1150] mt_gamma=1.4 ft_sigma_c=0.799 f=1.35 w=0.503 ratio=0.392 sigma_d=0.00179 zi_alpha=0.152 zi_mu=0.0911 zi_delta=0.0994 -> D=29.684 (15s, 421m)
[01:05:40]   [active 1151] mt_gamma=0.435 ft_sigma_c=0.645 f=0.751 w=0.654 ratio=0.3 sigma_d=0.00117 zi_alpha=0.376 zi_mu=0.0627 zi_delta=0.227 -> D=8.185 (18s, 421m)
[01:06:01]   [active 1152] mt_gamma=0.212 ft_sigma_c=0.655 f=0.672 w=0.541 ratio=0.345 sigma_d=0.00121 zi_alpha=0.342 zi_mu=0.048 zi_delta=0.211 -> D=8.610 (21s, 422m)
[01:06:23]   [active 1153] mt_gamma=0.853 ft_sigma_c=0.76 f=0.826 w=0.41 ratio=0.199 sigma_d=0.00128 zi_alpha=0.397 zi_mu=0.0941 zi_delta=0.314 -> D=7.925 (22s, 422m)
[01:06:58]   [active 1154] mt_gamma=0.865 ft_sigma_c=0.617 f=0.843 w=0.716 ratio=0.0294 sigma_d=0.00107 zi_alpha=0.434 zi_mu=0.0548 zi_delta=0.265 -> D=12.136 (35s, 423m)
[01:07:19]   [active 1155] mt_gamma=0.493 ft_sigma_c=0.715 f=0.725 w=0.463 ratio=0.259 sigma_d=0.00127 zi_alpha=0.428 zi_mu=0.0381 zi_delta=0.241 -> D=10.046 (21s, 423m)
[01:07:40]   [active 1156] mt_gamma=0.342 ft_sigma_c=0.494 f=0.783 w=0.222 ratio=0.328 sigma_d=0.00145 zi_alpha=0.338 zi_mu=0.0898 zi_delta=0.143 -> D=10.065 (21s, 423m)
[01:07:59]   [active 1157] mt_gamma=0.718 ft_sigma_c=0.624 f=0.763 w=0.143 ratio=0.188 sigma_d=0.0014 zi_alpha=0.364 zi_mu=0.034 zi_delta=0.0923 -> D=8.423 (19s, 424m)
[01:08:18]   [active 1158] mt_gamma=0.678 ft_sigma_c=0.779 f=0.957 w=0.505 ratio=0.378 sigma_d=0.00133 zi_alpha=0.356 zi_mu=0.0942 zi_delta=0.217 -> D=8.970 (19s, 424m)
[01:08:36]   [active 1159] mt_gamma=1.14 ft_sigma_c=0.807 f=1 w=0.304 ratio=0.367 sigma_d=0.00153 zi_alpha=0.401 zi_mu=0.143 zi_delta=0.294 -> D=7.651 (18s, 424m)
[01:08:56]   [active 1160] mt_gamma=0.335 ft_sigma_c=0.683 f=0.755 w=0.446 ratio=0.23 sigma_d=0.0015 zi_alpha=0.332 zi_mu=0.11 zi_delta=0.2 -> D=11.212 (20s, 425m)
[01:09:29]   [active 1161] mt_gamma=0.261 ft_sigma_c=0.806 f=1.02 w=0.154 ratio=0.236 sigma_d=0.00142 zi_alpha=0.154 zi_mu=0.127 zi_delta=0.0442 -> D=17.586 (33s, 425m)
[01:09:54]   [active 1162] mt_gamma=0.104 ft_sigma_c=0.501 f=0.247 w=0.705 ratio=0.186 sigma_d=0.00185 zi_alpha=0.422 zi_mu=0.0869 zi_delta=0.311 -> D=39.710 (24s, 426m)
[01:10:18]   [active 1163] mt_gamma=0.217 ft_sigma_c=0.72 f=1.26 w=0.354 ratio=0.234 sigma_d=0.00188 zi_alpha=0.181 zi_mu=0.142 zi_delta=0.256 -> D=15.597 (25s, 426m)
[01:10:39]   [active 1164] mt_gamma=0.399 ft_sigma_c=0.615 f=0.852 w=0.759 ratio=0.0785 sigma_d=0.00184 zi_alpha=0.177 zi_mu=0.0315 zi_delta=0.252 -> D=27.461 (21s, 426m)
[01:11:02]   [active 1165] mt_gamma=1.33 ft_sigma_c=0.835 f=0.653 w=0.751 ratio=0.0953 sigma_d=0.00219 zi_alpha=0.379 zi_mu=0.102 zi_delta=0.299 -> D=32.549 (22s, 427m)
[01:11:25]   [active 1166] mt_gamma=1.17 ft_sigma_c=0.647 f=1.06 w=0.321 ratio=0.256 sigma_d=0.00188 zi_alpha=0.3 zi_mu=0.0894 zi_delta=0.115 -> D=22.919 (23s, 427m)
[01:11:47]   [active 1167] mt_gamma=0.947 ft_sigma_c=0.664 f=0.905 w=0.285 ratio=0.0328 sigma_d=0.00151 zi_alpha=0.424 zi_mu=0.135 zi_delta=0.3 -> D=9.167 (22s, 427m)
[01:12:09]   [active 1168] mt_gamma=0.715 ft_sigma_c=0.684 f=0.689 w=0.301 ratio=0.291 sigma_d=0.0012 zi_alpha=0.429 zi_mu=0.122 zi_delta=0.278 -> D=11.674 (21s, 428m)
[01:12:28]   [active 1169] mt_gamma=0.317 ft_sigma_c=0.498 f=0.631 w=0.737 ratio=0.0986 sigma_d=0.00104 zi_alpha=0.312 zi_mu=0.0983 zi_delta=0.216 -> D=10.224 (20s, 428m)
[01:12:49]   [active 1170] mt_gamma=0.495 ft_sigma_c=0.616 f=0.737 w=0.531 ratio=0.0942 sigma_d=0.00124 zi_alpha=0.359 zi_mu=0.0199 zi_delta=0.196 -> D=9.619 (20s, 429m)
[01:13:10]   [active 1171] mt_gamma=0.934 ft_sigma_c=0.65 f=0.769 w=0.575 ratio=0.142 sigma_d=0.00133 zi_alpha=0.411 zi_mu=0.0458 zi_delta=0.255 -> D=12.121 (21s, 429m)
[01:13:33]   [active 1172] mt_gamma=1.29 ft_sigma_c=0.751 f=0.87 w=0.548 ratio=0.318 sigma_d=0.00153 zi_alpha=0.434 zi_mu=0.108 zi_delta=0.262 -> D=9.866 (23s, 429m)
[01:13:56]   [active 1173] mt_gamma=0.276 ft_sigma_c=0.7 f=0.816 w=0.395 ratio=0.337 sigma_d=0.00145 zi_alpha=0.38 zi_mu=0.148 zi_delta=0.172 -> D=10.770 (23s, 430m)
[01:14:20]   [active 1174] mt_gamma=1.04 ft_sigma_c=0.717 f=0.647 w=0.661 ratio=0.237 sigma_d=0.00122 zi_alpha=0.399 zi_mu=0.0357 zi_delta=0.102 -> D=9.016 (24s, 430m)
[01:14:43]   [active 1175] mt_gamma=0.792 ft_sigma_c=0.713 f=0.727 w=0.446 ratio=0.309 sigma_d=0.00157 zi_alpha=0.391 zi_mu=0.0686 zi_delta=0.3 -> D=13.477 (23s, 430m)
[01:15:04]   [active 1176] mt_gamma=1.05 ft_sigma_c=0.609 f=0.807 w=0.68 ratio=0.0763 sigma_d=0.0011 zi_alpha=0.37 zi_mu=0.0949 zi_delta=0.315 -> D=10.835 (21s, 431m)
[01:15:21]   [active 1177] mt_gamma=0.841 ft_sigma_c=0.257 f=0.542 w=0.202 ratio=0.317 sigma_d=0.00153 zi_alpha=0.0954 zi_mu=0.06 zi_delta=0.109 -> D=33.700 (17s, 431m)
[01:15:40]   [active 1178] mt_gamma=1.51 ft_sigma_c=0.688 f=0.465 w=0.205 ratio=0.387 sigma_d=0.00105 zi_alpha=0.431 zi_mu=0.0389 zi_delta=0.203 -> D=19.079 (19s, 431m)
[01:15:54]   [active 1179] mt_gamma=0.888 ft_sigma_c=0.183 f=0.618 w=0.258 ratio=0.092 sigma_d=0.00167 zi_alpha=0.114 zi_mu=0.0554 zi_delta=0.319 -> D=21.083 (15s, 432m)
[01:16:11]   [active 1180] mt_gamma=1.83 ft_sigma_c=0.229 f=0.447 w=0.63 ratio=0.392 sigma_d=0.00213 zi_alpha=0.222 zi_mu=0.0787 zi_delta=0.11 -> D=51.399 (16s, 432m)
[01:16:29]   [active 1181] mt_gamma=0.901 ft_sigma_c=0.804 f=1.07 w=0.509 ratio=0.394 sigma_d=0.00126 zi_alpha=0.344 zi_mu=0.079 zi_delta=0.183 -> D=11.619 (18s, 432m)
[01:16:46]   [active 1182] mt_gamma=1.32 ft_sigma_c=0.839 f=0.886 w=0.296 ratio=0.368 sigma_d=0.00137 zi_alpha=0.263 zi_mu=0.119 zi_delta=0.139 -> D=14.630 (17s, 432m)
[01:17:04]   [active 1183] mt_gamma=0.721 ft_sigma_c=0.735 f=0.881 w=0.507 ratio=0.32 sigma_d=0.00129 zi_alpha=0.372 zi_mu=0.0786 zi_delta=0.318 -> D=6.726 (18s, 433m)
[01:17:23]   [active 1184] mt_gamma=1.16 ft_sigma_c=0.712 f=1.01 w=0.178 ratio=0.348 sigma_d=0.00141 zi_alpha=0.414 zi_mu=0.144 zi_delta=0.0902 -> D=13.416 (19s, 433m)
[01:17:41]   [active 1185] mt_gamma=1.17 ft_sigma_c=0.724 f=0.875 w=0.274 ratio=0.209 sigma_d=0.00154 zi_alpha=0.43 zi_mu=0.0861 zi_delta=0.293 -> D=7.833 (18s, 433m)
[01:17:59]   [active 1186] mt_gamma=0.243 ft_sigma_c=0.487 f=0.91 w=0.406 ratio=0.0261 sigma_d=0.00155 zi_alpha=0.384 zi_mu=0.034 zi_delta=0.22 -> D=7.643 (18s, 434m)
[01:18:18]   [active 1187] mt_gamma=0.436 ft_sigma_c=0.705 f=0.717 w=0.573 ratio=0.204 sigma_d=0.00119 zi_alpha=0.375 zi_mu=0.103 zi_delta=0.146 -> D=9.258 (19s, 434m)
[01:18:37]   [active 1188] mt_gamma=0.806 ft_sigma_c=0.674 f=0.852 w=0.615 ratio=0.236 sigma_d=0.00148 zi_alpha=0.425 zi_mu=0.134 zi_delta=0.277 -> D=10.686 (19s, 434m)
[01:18:56]   [active 1189] mt_gamma=0.904 ft_sigma_c=0.754 f=0.946 w=0.492 ratio=0.025 sigma_d=0.00134 zi_alpha=0.431 zi_mu=0.0762 zi_delta=0.19 -> D=12.731 (19s, 435m)
[01:19:16]   [active 1190] mt_gamma=0.6 ft_sigma_c=0.676 f=0.722 w=0.133 ratio=0.363 sigma_d=0.00142 zi_alpha=0.369 zi_mu=0.123 zi_delta=0.19 -> D=10.281 (20s, 435m)
[01:19:37]   [active 1191] mt_gamma=0.677 ft_sigma_c=0.522 f=0.64 w=0.624 ratio=0.35 sigma_d=0.00129 zi_alpha=0.409 zi_mu=0.084 zi_delta=0.174 -> D=10.400 (21s, 435m)
[01:19:56]   [active 1192] mt_gamma=1.19 ft_sigma_c=0.56 f=0.776 w=0.688 ratio=0.0674 sigma_d=0.00137 zi_alpha=0.403 zi_mu=0.0598 zi_delta=0.282 -> D=14.074 (19s, 436m)
[01:20:15]   [active 1193] mt_gamma=0.455 ft_sigma_c=0.564 f=0.258 w=0.465 ratio=0.0744 sigma_d=0.00116 zi_alpha=0.301 zi_mu=0.101 zi_delta=0.196 -> D=33.687 (20s, 436m)
[01:20:35]   [active 1194] mt_gamma=0.183 ft_sigma_c=0.313 f=1.01 w=0.631 ratio=0.363 sigma_d=0.00196 zi_alpha=0.326 zi_mu=0.0926 zi_delta=0.278 -> D=23.575 (20s, 436m)
[01:20:51]   [active 1195] mt_gamma=0.673 ft_sigma_c=0.297 f=0.742 w=0.162 ratio=0.126 sigma_d=0.00111 zi_alpha=0.179 zi_mu=0.0339 zi_delta=0.167 -> D=20.818 (16s, 437m)
[01:21:10]   [active 1196] mt_gamma=0.74 ft_sigma_c=0.756 f=0.536 w=0.569 ratio=0.0806 sigma_d=0.00103 zi_alpha=0.306 zi_mu=0.0686 zi_delta=0.275 -> D=14.160 (19s, 437m)
[01:21:29]   [active 1197] mt_gamma=0.403 ft_sigma_c=0.472 f=0.763 w=0.194 ratio=0.323 sigma_d=0.00216 zi_alpha=0.222 zi_mu=0.0181 zi_delta=0.244 -> D=26.798 (19s, 437m)
[01:21:46]   [active 1198] mt_gamma=1.19 ft_sigma_c=0.802 f=0.409 w=0.175 ratio=0.199 sigma_d=0.00195 zi_alpha=0.0891 zi_mu=0.0358 zi_delta=0.131 -> D=55.300 (17s, 437m)
[01:22:05]   [active 1199] mt_gamma=0.994 ft_sigma_c=0.766 f=0.847 w=0.626 ratio=0.368 sigma_d=0.00128 zi_alpha=0.436 zi_mu=0.0851 zi_delta=0.288 -> D=9.537 (19s, 438m)
[01:22:24]   [active 1200] mt_gamma=0.901 ft_sigma_c=0.655 f=0.73 w=0.517 ratio=0.396 sigma_d=0.0013 zi_alpha=0.353 zi_mu=0.0747 zi_delta=0.21 -> D=10.620 (19s, 438m)
[01:22:45]   [active 1201] mt_gamma=0.731 ft_sigma_c=0.714 f=0.791 w=0.706 ratio=0.265 sigma_d=0.00132 zi_alpha=0.347 zi_mu=0.102 zi_delta=0.29 -> D=10.297 (22s, 438m)
[01:23:05]   [active 1202] mt_gamma=0.503 ft_sigma_c=0.631 f=0.749 w=0.379 ratio=0.0922 sigma_d=0.00136 zi_alpha=0.382 zi_mu=0.036 zi_delta=0.16 -> D=9.438 (20s, 439m)
[01:23:24]   [active 1203] mt_gamma=0.435 ft_sigma_c=0.679 f=0.86 w=0.539 ratio=0.156 sigma_d=0.00126 zi_alpha=0.34 zi_mu=0.0277 zi_delta=0.227 -> D=9.236 (19s, 439m)
[01:23:44]   [active 1204] mt_gamma=0.42 ft_sigma_c=0.599 f=0.819 w=0.553 ratio=0.0671 sigma_d=0.00121 zi_alpha=0.381 zi_mu=0.113 zi_delta=0.073 -> D=9.137 (21s, 439m)
[01:24:03]   [active 1205] mt_gamma=0.973 ft_sigma_c=0.84 f=0.884 w=0.52 ratio=0.258 sigma_d=0.00151 zi_alpha=0.378 zi_mu=0.0344 zi_delta=0.275 -> D=10.743 (18s, 440m)
[01:24:24]   [active 1206] mt_gamma=0.543 ft_sigma_c=0.6 f=0.702 w=0.473 ratio=0.202 sigma_d=0.00114 zi_alpha=0.44 zi_mu=0.0835 zi_delta=0.107 -> D=10.463 (21s, 440m)
[01:24:44]   [active 1207] mt_gamma=0.695 ft_sigma_c=0.759 f=0.81 w=0.163 ratio=0.238 sigma_d=0.0015 zi_alpha=0.358 zi_mu=0.122 zi_delta=0.124 -> D=10.516 (20s, 440m)
[01:25:03]   [active 1208] mt_gamma=1.23 ft_sigma_c=0.798 f=0.843 w=0.371 ratio=0.039 sigma_d=0.00158 zi_alpha=0.391 zi_mu=0.0796 zi_delta=0.316 -> D=11.575 (19s, 441m)
[01:25:23]   [active 1209] mt_gamma=0.643 ft_sigma_c=0.142 f=0.157 w=0.161 ratio=0.333 sigma_d=0.00163 zi_alpha=0.408 zi_mu=0.0528 zi_delta=0.125 -> D=47.920 (20s, 441m)
[01:25:42]   [active 1210] mt_gamma=1.5 ft_sigma_c=0.622 f=0.275 w=0.506 ratio=0.359 sigma_d=0.00151 zi_alpha=0.279 zi_mu=0.14 zi_delta=0.0745 -> D=45.897 (19s, 441m)
[01:26:02]   [active 1211] mt_gamma=1.73 ft_sigma_c=0.474 f=0.731 w=0.789 ratio=0.391 sigma_d=0.00191 zi_alpha=0.416 zi_mu=0.119 zi_delta=0.104 -> D=34.187 (20s, 442m)
[01:26:19]   [active 1212] mt_gamma=0.65 ft_sigma_c=0.646 f=0.688 w=0.435 ratio=0.149 sigma_d=0.00181 zi_alpha=0.123 zi_mu=0.116 zi_delta=0.126 -> D=37.972 (18s, 442m)
[01:26:40]   [active 1213] mt_gamma=0.487 ft_sigma_c=0.603 f=1.13 w=0.771 ratio=0.246 sigma_d=0.0015 zi_alpha=0.264 zi_mu=0.0915 zi_delta=0.0284 -> D=24.911 (20s, 442m)
[01:26:56]   [active 1214] mt_gamma=1.3 ft_sigma_c=0.379 f=1.12 w=0.674 ratio=0.0242 sigma_d=0.00121 zi_alpha=0.0956 zi_mu=0.146 zi_delta=0.214 -> D=20.868 (16s, 443m)
[01:27:17]   [active 1215] mt_gamma=0.634 ft_sigma_c=0.795 f=0.882 w=0.18 ratio=0.328 sigma_d=0.00149 zi_alpha=0.377 zi_mu=0.0931 zi_delta=0.0609 -> D=11.970 (21s, 443m)
[01:27:37]   [active 1216] mt_gamma=0.954 ft_sigma_c=0.801 f=0.751 w=0.668 ratio=0.228 sigma_d=0.00114 zi_alpha=0.434 zi_mu=0.118 zi_delta=0.281 -> D=9.525 (20s, 443m)
[01:27:55]   [active 1217] mt_gamma=0.931 ft_sigma_c=0.64 f=0.843 w=0.411 ratio=0.309 sigma_d=0.00118 zi_alpha=0.399 zi_mu=0.0358 zi_delta=0.285 -> D=9.564 (18s, 444m)
[01:28:15]   [active 1218] mt_gamma=0.252 ft_sigma_c=0.676 f=0.782 w=0.552 ratio=0.129 sigma_d=0.00108 zi_alpha=0.31 zi_mu=0.0655 zi_delta=0.208 -> D=9.482 (19s, 444m)
[01:28:36]   [active 1219] mt_gamma=0.518 ft_sigma_c=0.585 f=0.979 w=0.115 ratio=0.319 sigma_d=0.00142 zi_alpha=0.424 zi_mu=0.148 zi_delta=0.0433 -> D=16.126 (21s, 444m)
[01:28:57]   [active 1220] mt_gamma=0.238 ft_sigma_c=0.589 f=0.678 w=0.372 ratio=0.341 sigma_d=0.0011 zi_alpha=0.407 zi_mu=0.095 zi_delta=0.231 -> D=14.213 (21s, 445m)
[01:29:17]   [active 1221] mt_gamma=0.69 ft_sigma_c=0.608 f=0.641 w=0.297 ratio=0.0669 sigma_d=0.0013 zi_alpha=0.387 zi_mu=0.0857 zi_delta=0.285 -> D=10.414 (20s, 445m)
[01:29:42]   [active 1222] mt_gamma=0.661 ft_sigma_c=0.695 f=0.689 w=0.21 ratio=0.206 sigma_d=0.00118 zi_alpha=0.336 zi_mu=0.028 zi_delta=0.0592 -> D=10.193 (24s, 445m)
[01:30:05]   [active 1223] mt_gamma=0.598 ft_sigma_c=0.509 f=0.753 w=0.118 ratio=0.278 sigma_d=0.00153 zi_alpha=0.345 zi_mu=0.0139 zi_delta=0.284 -> D=13.038 (23s, 446m)
[01:30:27]   [active 1224] mt_gamma=0.982 ft_sigma_c=0.744 f=0.618 w=0.616 ratio=0.143 sigma_d=0.00116 zi_alpha=0.318 zi_mu=0.124 zi_delta=0.309 -> D=13.760 (22s, 446m)
[01:30:47]   [active 1225] mt_gamma=1.01 ft_sigma_c=0.537 f=0.53 w=0.782 ratio=0.0713 sigma_d=0.00101 zi_alpha=0.0991 zi_mu=0.0224 zi_delta=0.207 -> D=25.682 (20s, 446m)
[01:31:07]   [active 1226] mt_gamma=0.842 ft_sigma_c=0.723 f=1.17 w=0.661 ratio=0.0609 sigma_d=0.00126 zi_alpha=0.174 zi_mu=0.0374 zi_delta=0.144 -> D=22.164 (21s, 447m)
[01:31:29]   [active 1227] mt_gamma=1.24 ft_sigma_c=0.55 f=1.38 w=0.204 ratio=0.167 sigma_d=0.00134 zi_alpha=0.234 zi_mu=0.082 zi_delta=0.0538 -> D=26.064 (22s, 447m)
[01:31:54]   [active 1228] mt_gamma=1.3 ft_sigma_c=0.194 f=0.376 w=0.453 ratio=0.382 sigma_d=0.00175 zi_alpha=0.4 zi_mu=0.143 zi_delta=0.099 -> D=37.620 (25s, 448m)
[01:32:18]   [active 1229] mt_gamma=0.675 ft_sigma_c=0.594 f=0.772 w=0.817 ratio=0.372 sigma_d=0.00116 zi_alpha=0.437 zi_mu=0.137 zi_delta=0.0827 -> D=13.923 (24s, 448m)
[01:32:41]   [active 1230] mt_gamma=1.27 ft_sigma_c=0.637 f=1.1 w=0.191 ratio=0.354 sigma_d=0.00182 zi_alpha=0.19 zi_mu=0.0134 zi_delta=0.268 -> D=21.999 (22s, 448m)
[01:33:04]   [active 1231] mt_gamma=0.606 ft_sigma_c=0.719 f=0.815 w=0.514 ratio=0.391 sigma_d=0.00124 zi_alpha=0.406 zi_mu=0.113 zi_delta=0.285 -> D=8.159 (23s, 449m)
[01:33:27]   [active 1232] mt_gamma=0.311 ft_sigma_c=0.674 f=0.738 w=0.369 ratio=0.214 sigma_d=0.00132 zi_alpha=0.383 zi_mu=0.0248 zi_delta=0.0646 -> D=12.045 (23s, 449m)
[01:33:50]   [active 1233] mt_gamma=0.561 ft_sigma_c=0.668 f=0.616 w=0.618 ratio=0.372 sigma_d=0.00105 zi_alpha=0.414 zi_mu=0.0713 zi_delta=0.174 -> D=9.257 (23s, 450m)
[01:34:12]   [active 1234] mt_gamma=0.392 ft_sigma_c=0.666 f=0.933 w=0.259 ratio=0.246 sigma_d=0.00127 zi_alpha=0.357 zi_mu=0.0511 zi_delta=0.295 -> D=10.612 (22s, 450m)
[01:34:36]   [active 1235] mt_gamma=0.515 ft_sigma_c=0.536 f=0.73 w=0.253 ratio=0.342 sigma_d=0.00153 zi_alpha=0.376 zi_mu=0.0373 zi_delta=0.193 -> D=12.127 (24s, 450m)
[01:35:01]   [active 1236] mt_gamma=1.08 ft_sigma_c=0.697 f=0.784 w=0.54 ratio=0.226 sigma_d=0.00134 zi_alpha=0.438 zi_mu=0.108 zi_delta=0.0443 -> D=12.540 (25s, 451m)
[01:35:24]   [active 1237] mt_gamma=0.49 ft_sigma_c=0.745 f=0.658 w=0.55 ratio=0.299 sigma_d=0.00131 zi_alpha=0.361 zi_mu=0.0859 zi_delta=0.215 -> D=9.894 (22s, 451m)
[01:35:48]   [active 1238] mt_gamma=0.546 ft_sigma_c=0.68 f=0.791 w=0.136 ratio=0.105 sigma_d=0.00113 zi_alpha=0.386 zi_mu=0.0404 zi_delta=0.0245 -> D=17.649 (24s, 452m)
[01:36:11]   [active 1239] mt_gamma=0.861 ft_sigma_c=0.714 f=0.856 w=0.463 ratio=0.243 sigma_d=0.00159 zi_alpha=0.391 zi_mu=0.117 zi_delta=0.104 -> D=12.638 (23s, 452m)
[01:36:32]   [active 1240] mt_gamma=0.917 ft_sigma_c=0.696 f=0.744 w=0.85 ratio=0.0476 sigma_d=0.00117 zi_alpha=0.355 zi_mu=0.0798 zi_delta=0.285 -> D=11.507 (21s, 452m)
[01:36:53]   [active 1241] mt_gamma=1.05 ft_sigma_c=0.393 f=0.8 w=0.635 ratio=0.2 sigma_d=0.00138 zi_alpha=0.217 zi_mu=0.12 zi_delta=0.285 -> D=22.977 (21s, 453m)
[01:37:14]   [active 1242] mt_gamma=0.925 ft_sigma_c=0.598 f=0.123 w=0.323 ratio=0.0417 sigma_d=0.00138 zi_alpha=0.171 zi_mu=0.14 zi_delta=0.25 -> D=57.207 (21s, 453m)
[01:37:33]   [active 1243] mt_gamma=1.43 ft_sigma_c=0.214 f=0.864 w=0.428 ratio=0.0825 sigma_d=0.00213 zi_alpha=0.167 zi_mu=0.0401 zi_delta=0.173 -> D=40.809 (19s, 453m)
[01:37:58]   [active 1244] mt_gamma=0.277 ft_sigma_c=0.359 f=0.216 w=0.345 ratio=0.152 sigma_d=0.00139 zi_alpha=0.424 zi_mu=0.114 zi_delta=0.284 -> D=33.385 (24s, 454m)
[01:38:20]   [active 1245] mt_gamma=1.27 ft_sigma_c=0.278 f=0.409 w=0.212 ratio=0.0809 sigma_d=0.00123 zi_alpha=0.349 zi_mu=0.0448 zi_delta=0.0353 -> D=27.090 (22s, 454m)
[01:38:41]   [active 1246] mt_gamma=1.66 ft_sigma_c=0.161 f=0.983 w=0.269 ratio=0.274 sigma_d=0.00124 zi_alpha=0.309 zi_mu=0.136 zi_delta=0.123 -> D=24.217 (21s, 454m)
[01:39:03]   [active 1247] mt_gamma=0.696 ft_sigma_c=0.594 f=0.905 w=0.36 ratio=0.215 sigma_d=0.00132 zi_alpha=0.423 zi_mu=0.0729 zi_delta=0.304 -> D=9.617 (22s, 455m)
[01:39:25]   [active 1248] mt_gamma=0.805 ft_sigma_c=0.627 f=0.833 w=0.443 ratio=0.361 sigma_d=0.00123 zi_alpha=0.374 zi_mu=0.112 zi_delta=0.261 -> D=10.736 (21s, 455m)
[01:39:48]   [active 1249] mt_gamma=0.271 ft_sigma_c=0.588 f=0.776 w=0.272 ratio=0.0438 sigma_d=0.00153 zi_alpha=0.381 zi_mu=0.0652 zi_delta=0.182 -> D=9.169 (23s, 456m)
[01:40:11]   [active 1250] mt_gamma=0.134 ft_sigma_c=0.69 f=0.925 w=0.164 ratio=0.211 sigma_d=0.00145 zi_alpha=0.319 zi_mu=0.143 zi_delta=0.293 -> D=14.311 (23s, 456m)
[01:40:33]   [active 1251] mt_gamma=0.456 ft_sigma_c=0.555 f=0.704 w=0.519 ratio=0.242 sigma_d=0.00158 zi_alpha=0.407 zi_mu=0.0536 zi_delta=0.275 -> D=12.035 (22s, 456m)
[01:40:55]   [active 1252] mt_gamma=0.483 ft_sigma_c=0.702 f=0.619 w=0.269 ratio=0.338 sigma_d=0.0014 zi_alpha=0.422 zi_mu=0.14 zi_delta=0.309 -> D=13.225 (22s, 457m)
[01:41:18]   [active 1253] mt_gamma=0.938 ft_sigma_c=0.776 f=0.876 w=0.169 ratio=0.371 sigma_d=0.0015 zi_alpha=0.421 zi_mu=0.0491 zi_delta=0.105 -> D=11.235 (23s, 457m)
[01:41:40]   [active 1254] mt_gamma=0.321 ft_sigma_c=0.547 f=0.662 w=0.344 ratio=0.347 sigma_d=0.00107 zi_alpha=0.374 zi_mu=0.0215 zi_delta=0.155 -> D=11.604 (22s, 457m)
[01:42:03]   [active 1255] mt_gamma=0.955 ft_sigma_c=0.616 f=0.791 w=0.619 ratio=0.28 sigma_d=0.00132 zi_alpha=0.408 zi_mu=0.136 zi_delta=0.141 -> D=11.365 (22s, 458m)
[01:42:24]   [active 1256] mt_gamma=0.782 ft_sigma_c=0.74 f=0.795 w=0.485 ratio=0.229 sigma_d=0.00117 zi_alpha=0.346 zi_mu=0.0784 zi_delta=0.107 -> D=9.681 (21s, 458m)
[01:42:45]   [active 1257] mt_gamma=0.821 ft_sigma_c=0.521 f=0.399 w=0.545 ratio=0.348 sigma_d=0.0014 zi_alpha=0.34 zi_mu=0.1 zi_delta=0.245 -> D=28.229 (21s, 458m)
[01:43:07]   [active 1258] mt_gamma=1.27 ft_sigma_c=0.786 f=0.575 w=0.63 ratio=0.155 sigma_d=0.00106 zi_alpha=0.265 zi_mu=0.124 zi_delta=0.099 -> D=19.253 (21s, 459m)
[01:43:29]   [active 1259] mt_gamma=0.907 ft_sigma_c=0.489 f=0.196 w=0.253 ratio=0.132 sigma_d=0.002 zi_alpha=0.385 zi_mu=0.133 zi_delta=0.215 -> D=54.988 (22s, 459m)
[01:43:50]   [active 1260] mt_gamma=0.827 ft_sigma_c=0.128 f=0.281 w=0.156 ratio=0.0255 sigma_d=0.00148 zi_alpha=0.204 zi_mu=0.0623 zi_delta=0.143 -> D=37.292 (21s, 460m)
[01:44:14]   [active 1261] mt_gamma=0.471 ft_sigma_c=0.695 f=1.26 w=0.544 ratio=0.196 sigma_d=0.00132 zi_alpha=0.36 zi_mu=0.0957 zi_delta=0.137 -> D=18.975 (24s, 460m)
[01:44:33]   [active 1262] mt_gamma=0.632 ft_sigma_c=0.723 f=1.29 w=0.787 ratio=0.185 sigma_d=0.00122 zi_alpha=0.0998 zi_mu=0.115 zi_delta=0.0748 -> D=33.101 (19s, 460m)
[01:44:55]   [active 1263] mt_gamma=0.447 ft_sigma_c=0.736 f=0.844 w=0.718 ratio=0.318 sigma_d=0.00105 zi_alpha=0.318 zi_mu=0.0888 zi_delta=0.315 -> D=10.031 (21s, 461m)
[01:45:17]   [active 1264] mt_gamma=0.615 ft_sigma_c=0.657 f=0.915 w=0.412 ratio=0.251 sigma_d=0.00159 zi_alpha=0.381 zi_mu=0.0328 zi_delta=0.158 -> D=11.372 (22s, 461m)
[01:45:38]   [active 1265] mt_gamma=0.429 ft_sigma_c=0.543 f=0.804 w=0.354 ratio=0.239 sigma_d=0.00125 zi_alpha=0.344 zi_mu=0.0757 zi_delta=0.255 -> D=10.055 (21s, 461m)
[01:45:59]   [active 1266] mt_gamma=0.728 ft_sigma_c=0.613 f=0.817 w=0.447 ratio=0.0437 sigma_d=0.00128 zi_alpha=0.405 zi_mu=0.144 zi_delta=0.207 -> D=9.649 (22s, 462m)
[01:46:21]   [active 1267] mt_gamma=0.215 ft_sigma_c=0.524 f=0.686 w=0.157 ratio=0.171 sigma_d=0.00136 zi_alpha=0.328 zi_mu=0.0538 zi_delta=0.293 -> D=8.370 (21s, 462m)
[01:46:42]   [active 1268] mt_gamma=1.14 ft_sigma_c=0.762 f=0.727 w=0.384 ratio=0.313 sigma_d=0.00122 zi_alpha=0.419 zi_mu=0.135 zi_delta=0.299 -> D=9.594 (21s, 462m)
[01:47:03]   [active 1269] mt_gamma=1.05 ft_sigma_c=0.822 f=0.681 w=0.431 ratio=0.283 sigma_d=0.00131 zi_alpha=0.393 zi_mu=0.0617 zi_delta=0.262 -> D=10.654 (21s, 463m)
[01:47:24]   [active 1270] mt_gamma=0.808 ft_sigma_c=0.649 f=0.772 w=0.388 ratio=0.204 sigma_d=0.00138 zi_alpha=0.363 zi_mu=0.0525 zi_delta=0.244 -> D=9.933 (20s, 463m)
[01:47:44]   [active 1271] mt_gamma=0.903 ft_sigma_c=0.779 f=0.939 w=0.191 ratio=0.361 sigma_d=0.00134 zi_alpha=0.378 zi_mu=0.0146 zi_delta=0.31 -> D=10.529 (21s, 463m)
[01:48:06]   [active 1272] mt_gamma=1.04 ft_sigma_c=0.813 f=0.615 w=0.537 ratio=0.339 sigma_d=0.00111 zi_alpha=0.375 zi_mu=0.0857 zi_delta=0.222 -> D=10.745 (22s, 464m)
[01:48:27]   [active 1273] mt_gamma=1.97 ft_sigma_c=0.282 f=0.23 w=0.893 ratio=0.332 sigma_d=0.00113 zi_alpha=0.414 zi_mu=0.13 zi_delta=0.261 -> D=28.812 (21s, 464m)
[01:48:50]   [active 1274] mt_gamma=0.495 ft_sigma_c=0.496 f=0.105 w=0.582 ratio=0.396 sigma_d=0.00129 zi_alpha=0.416 zi_mu=0.111 zi_delta=0.133 -> D=42.903 (23s, 465m)
[01:49:11]   [active 1275] mt_gamma=0.651 ft_sigma_c=0.263 f=0.649 w=0.354 ratio=0.133 sigma_d=0.00208 zi_alpha=0.16 zi_mu=0.148 zi_delta=0.221 -> D=35.161 (21s, 465m)
[01:49:33]   [active 1276] mt_gamma=1.7 ft_sigma_c=0.628 f=0.839 w=0.278 ratio=0.336 sigma_d=0.00134 zi_alpha=0.38 zi_mu=0.139 zi_delta=0.0881 -> D=13.099 (22s, 465m)
[01:49:53]   [active 1277] mt_gamma=1.19 ft_sigma_c=0.512 f=0.239 w=0.365 ratio=0.351 sigma_d=0.00185 zi_alpha=0.239 zi_mu=0.108 zi_delta=0.0908 -> D=58.319 (20s, 466m)
[01:50:14]   [active 1278] mt_gamma=0.279 ft_sigma_c=0.346 f=0.77 w=0.536 ratio=0.0338 sigma_d=0.00192 zi_alpha=0.195 zi_mu=0.0159 zi_delta=0.263 -> D=26.119 (21s, 466m)
[01:50:37]   [active 1279] mt_gamma=0.247 ft_sigma_c=0.681 f=0.787 w=0.358 ratio=0.229 sigma_d=0.00127 zi_alpha=0.319 zi_mu=0.147 zi_delta=0.199 -> D=8.351 (23s, 466m)
[01:50:57]   [active 1280] mt_gamma=0.635 ft_sigma_c=0.65 f=0.923 w=0.417 ratio=0.386 sigma_d=0.00133 zi_alpha=0.336 zi_mu=0.0366 zi_delta=0.179 -> D=9.093 (21s, 467m)
[01:51:18]   [active 1281] mt_gamma=0.807 ft_sigma_c=0.796 f=0.758 w=0.463 ratio=0.0768 sigma_d=0.00124 zi_alpha=0.385 zi_mu=0.0676 zi_delta=0.264 -> D=9.005 (21s, 467m)
[01:51:40]   [active 1282] mt_gamma=0.625 ft_sigma_c=0.565 f=0.611 w=0.394 ratio=0.107 sigma_d=0.00123 zi_alpha=0.421 zi_mu=0.0947 zi_delta=0.176 -> D=8.776 (22s, 467m)
[01:52:01]   [active 1283] mt_gamma=0.611 ft_sigma_c=0.797 f=0.694 w=0.584 ratio=0.168 sigma_d=0.00105 zi_alpha=0.406 zi_mu=0.0567 zi_delta=0.224 -> D=11.998 (21s, 468m)
[01:52:21]   [active 1284] mt_gamma=0.835 ft_sigma_c=0.716 f=0.837 w=0.227 ratio=0.16 sigma_d=0.00138 zi_alpha=0.322 zi_mu=0.0532 zi_delta=0.268 -> D=9.667 (20s, 468m)
[01:52:43]   [active 1285] mt_gamma=0.683 ft_sigma_c=0.806 f=0.749 w=0.66 ratio=0.0664 sigma_d=0.00131 zi_alpha=0.387 zi_mu=0.143 zi_delta=0.195 -> D=11.354 (21s, 468m)
[01:53:04]   [active 1286] mt_gamma=0.563 ft_sigma_c=0.771 f=0.638 w=0.728 ratio=0.326 sigma_d=0.00121 zi_alpha=0.394 zi_mu=0.0485 zi_delta=0.28 -> D=10.034 (21s, 469m)
[01:53:28]   [active 1287] mt_gamma=0.603 ft_sigma_c=0.713 f=0.727 w=0.305 ratio=0.128 sigma_d=0.00118 zi_alpha=0.349 zi_mu=0.0401 zi_delta=0.103 -> D=9.876 (24s, 469m)
[01:53:51]   [active 1288] mt_gamma=0.587 ft_sigma_c=0.576 f=0.644 w=0.517 ratio=0.0463 sigma_d=0.00113 zi_alpha=0.32 zi_mu=0.146 zi_delta=0.151 -> D=12.662 (24s, 470m)
[01:54:18]   [active 1289] mt_gamma=1.86 ft_sigma_c=0.604 f=0.752 w=0.181 ratio=0.317 sigma_d=0.00129 zi_alpha=0.275 zi_mu=0.0743 zi_delta=0.297 -> D=19.424 (26s, 470m)
[01:54:43]   [active 1290] mt_gamma=0.941 ft_sigma_c=0.126 f=1.33 w=0.637 ratio=0.0769 sigma_d=0.00117 zi_alpha=0.117 zi_mu=0.137 zi_delta=0.148 -> D=28.323 (25s, 470m)
[01:55:14]   [active 1291] mt_gamma=1.84 ft_sigma_c=0.78 f=1.36 w=0.578 ratio=0.117 sigma_d=0.00185 zi_alpha=0.434 zi_mu=0.116 zi_delta=0.244 -> D=20.676 (31s, 471m)
[01:55:38]   [active 1292] mt_gamma=1.73 ft_sigma_c=0.588 f=0.3 w=0.638 ratio=0.0475 sigma_d=0.00132 zi_alpha=0.138 zi_mu=0.101 zi_delta=0.0434 -> D=59.139 (24s, 471m)
[01:56:01]   [active 1293] mt_gamma=1.48 ft_sigma_c=0.124 f=0.647 w=0.471 ratio=0.101 sigma_d=0.00197 zi_alpha=0.422 zi_mu=0.1 zi_delta=0.293 -> D=28.492 (23s, 472m)
[01:56:23]   [active 1294] mt_gamma=1.83 ft_sigma_c=0.407 f=0.454 w=0.427 ratio=0.0925 sigma_d=0.00217 zi_alpha=0.374 zi_mu=0.127 zi_delta=0.262 -> D=41.422 (22s, 472m)
[01:56:44]   [active 1295] mt_gamma=0.708 ft_sigma_c=0.72 f=0.909 w=0.393 ratio=0.233 sigma_d=0.00147 zi_alpha=0.328 zi_mu=0.126 zi_delta=0.287 -> D=10.196 (21s, 472m)
[01:57:08]   [active 1296] mt_gamma=0.265 ft_sigma_c=0.621 f=0.716 w=0.609 ratio=0.105 sigma_d=0.00106 zi_alpha=0.391 zi_mu=0.102 zi_delta=0.199 -> D=11.065 (23s, 473m)
[01:57:29]   [active 1297] mt_gamma=0.25 ft_sigma_c=0.609 f=0.923 w=0.493 ratio=0.33 sigma_d=0.00121 zi_alpha=0.32 zi_mu=0.0506 zi_delta=0.314 -> D=10.063 (21s, 473m)
[01:57:49]   [active 1298] mt_gamma=0.574 ft_sigma_c=0.681 f=0.784 w=0.278 ratio=0.0819 sigma_d=0.00125 zi_alpha=0.337 zi_mu=0.0387 zi_delta=0.215 -> D=8.554 (20s, 474m)
[01:58:10]   [active 1299] mt_gamma=0.31 ft_sigma_c=0.557 f=0.746 w=0.263 ratio=0.147 sigma_d=0.00138 zi_alpha=0.323 zi_mu=0.0381 zi_delta=0.155 -> D=9.428 (21s, 474m)
[01:58:32]   [active 1300] mt_gamma=0.259 ft_sigma_c=0.67 f=0.611 w=0.168 ratio=0.153 sigma_d=0.00127 zi_alpha=0.365 zi_mu=0.0336 zi_delta=0.239 -> D=9.768 (22s, 474m)
[01:58:58]   [active 1301] mt_gamma=0.578 ft_sigma_c=0.725 f=0.657 w=0.545 ratio=0.24 sigma_d=0.00113 zi_alpha=0.424 zi_mu=0.0907 zi_delta=0.0658 -> D=13.481 (26s, 475m)
[01:59:21]   [active 1302] mt_gamma=0.853 ft_sigma_c=0.661 f=0.88 w=0.233 ratio=0.352 sigma_d=0.0014 zi_alpha=0.338 zi_mu=0.15 zi_delta=0.0674 -> D=10.199 (23s, 475m)
[01:59:43]   [active 1303] mt_gamma=0.693 ft_sigma_c=0.648 f=0.728 w=0.123 ratio=0.281 sigma_d=0.00142 zi_alpha=0.366 zi_mu=0.137 zi_delta=0.0822 -> D=10.234 (22s, 475m)
[02:00:05]   [active 1304] mt_gamma=0.725 ft_sigma_c=0.544 f=0.828 w=0.312 ratio=0.341 sigma_d=0.00159 zi_alpha=0.438 zi_mu=0.0308 zi_delta=0.0515 -> D=9.933 (22s, 476m)
[02:00:28]   [active 1305] mt_gamma=0.219 ft_sigma_c=0.832 f=0.134 w=0.427 ratio=0.151 sigma_d=0.00208 zi_alpha=0.306 zi_mu=0.0282 zi_delta=0.121 -> D=53.448 (23s, 476m)
[02:00:48]   [active 1306] mt_gamma=1.23 ft_sigma_c=0.152 f=0.862 w=0.652 ratio=0.124 sigma_d=0.00161 zi_alpha=0.306 zi_mu=0.0858 zi_delta=0.294 -> D=26.240 (19s, 477m)
[02:01:08]   [active 1307] mt_gamma=0.973 ft_sigma_c=0.426 f=0.25 w=0.812 ratio=0.221 sigma_d=0.00171 zi_alpha=0.271 zi_mu=0.126 zi_delta=0.162 -> D=48.703 (20s, 477m)
[02:01:31]   [active 1308] mt_gamma=0.216 ft_sigma_c=0.265 f=1.27 w=0.335 ratio=0.182 sigma_d=0.00177 zi_alpha=0.276 zi_mu=0.083 zi_delta=0.0206 -> D=29.008 (23s, 477m)
[02:01:53]   [active 1309] mt_gamma=0.242 ft_sigma_c=0.357 f=0.936 w=0.629 ratio=0.25 sigma_d=0.00163 zi_alpha=0.352 zi_mu=0.128 zi_delta=0.0937 -> D=21.352 (22s, 478m)
[02:02:13]   [active 1310] mt_gamma=0.704 ft_sigma_c=0.807 f=0.661 w=0.846 ratio=0.0842 sigma_d=0.001 zi_alpha=0.219 zi_mu=0.0955 zi_delta=0.055 -> D=16.882 (20s, 478m)
[02:02:35]   [active 1311] mt_gamma=0.409 ft_sigma_c=0.695 f=0.664 w=0.476 ratio=0.194 sigma_d=0.00137 zi_alpha=0.325 zi_mu=0.0871 zi_delta=0.319 -> D=9.948 (21s, 478m)
[02:02:56]   [active 1312] mt_gamma=0.362 ft_sigma_c=0.694 f=0.812 w=0.501 ratio=0.368 sigma_d=0.00123 zi_alpha=0.356 zi_mu=0.0973 zi_delta=0.2 -> D=8.450 (21s, 479m)
[02:03:18]   [active 1313] mt_gamma=0.116 ft_sigma_c=0.537 f=0.75 w=0.347 ratio=0.293 sigma_d=0.00119 zi_alpha=0.326 zi_mu=0.147 zi_delta=0.171 -> D=10.029 (22s, 479m)
[02:03:39]   [active 1314] mt_gamma=0.677 ft_sigma_c=0.777 f=1.04 w=0.403 ratio=0.337 sigma_d=0.00135 zi_alpha=0.339 zi_mu=0.0724 zi_delta=0.195 -> D=10.497 (20s, 479m)
[02:03:59]   [active 1315] mt_gamma=0.783 ft_sigma_c=0.764 f=0.721 w=0.608 ratio=0.308 sigma_d=0.0011 zi_alpha=0.358 zi_mu=0.0263 zi_delta=0.122 -> D=9.847 (21s, 480m)
[02:04:20]   [active 1316] mt_gamma=0.806 ft_sigma_c=0.609 f=0.638 w=0.686 ratio=0.264 sigma_d=0.00106 zi_alpha=0.33 zi_mu=0.121 zi_delta=0.23 -> D=10.463 (21s, 480m)
[02:04:43]   [active 1317] mt_gamma=0.436 ft_sigma_c=0.488 f=0.747 w=0.404 ratio=0.0443 sigma_d=0.00138 zi_alpha=0.387 zi_mu=0.0611 zi_delta=0.0518 -> D=9.125 (22s, 480m)
[02:05:02]   [active 1318] mt_gamma=1.13 ft_sigma_c=0.706 f=0.91 w=0.393 ratio=0.252 sigma_d=0.00143 zi_alpha=0.365 zi_mu=0.0318 zi_delta=0.267 -> D=10.244 (20s, 481m)
[02:05:24]   [active 1319] mt_gamma=0.402 ft_sigma_c=0.583 f=0.887 w=0.145 ratio=0.34 sigma_d=0.00144 zi_alpha=0.404 zi_mu=0.122 zi_delta=0.173 -> D=8.783 (22s, 481m)
[02:05:45]   [active 1320] mt_gamma=0.928 ft_sigma_c=0.677 f=0.987 w=0.171 ratio=0.329 sigma_d=0.00149 zi_alpha=0.367 zi_mu=0.0846 zi_delta=0.236 -> D=9.700 (21s, 481m)
[02:06:05]   [active 1321] mt_gamma=1.99 ft_sigma_c=0.698 f=0.272 w=0.172 ratio=0.15 sigma_d=0.00207 zi_alpha=0.315 zi_mu=0.0443 zi_delta=0.148 -> D=57.081 (20s, 482m)
[02:06:25]   [active 1322] mt_gamma=1.82 ft_sigma_c=0.399 f=0.496 w=0.504 ratio=0.127 sigma_d=0.00208 zi_alpha=0.3 zi_mu=0.0555 zi_delta=0.164 -> D=45.886 (20s, 482m)
[02:06:45]   [active 1323] mt_gamma=1.58 ft_sigma_c=0.709 f=0.604 w=0.512 ratio=0.331 sigma_d=0.00215 zi_alpha=0.375 zi_mu=0.0714 zi_delta=0.171 -> D=34.082 (21s, 482m)
[02:07:04]   [active 1324] mt_gamma=1.4 ft_sigma_c=0.471 f=1.33 w=0.575 ratio=0.34 sigma_d=0.00213 zi_alpha=0.269 zi_mu=0.133 zi_delta=0.181 -> D=30.632 (19s, 483m)
[02:07:26]   [active 1325] mt_gamma=1.8 ft_sigma_c=0.229 f=0.341 w=0.773 ratio=0.206 sigma_d=0.00174 zi_alpha=0.322 zi_mu=0.129 zi_delta=0.0264 -> D=49.736 (21s, 483m)
[02:07:47]   [active 1326] mt_gamma=1.86 ft_sigma_c=0.34 f=1.19 w=0.57 ratio=0.29 sigma_d=0.00203 zi_alpha=0.394 zi_mu=0.0481 zi_delta=0.121 -> D=30.540 (21s, 483m)
[02:08:08]   [active 1327] mt_gamma=0.424 ft_sigma_c=0.539 f=0.771 w=0.239 ratio=0.274 sigma_d=0.00142 zi_alpha=0.393 zi_mu=0.0314 zi_delta=0.164 -> D=7.660 (21s, 484m)
[02:08:31]   [active 1328] mt_gamma=0.187 ft_sigma_c=0.573 f=0.63 w=0.635 ratio=0.2 sigma_d=0.00103 zi_alpha=0.371 zi_mu=0.0885 zi_delta=0.0866 -> D=10.296 (23s, 484m)
[02:08:52]   [active 1329] mt_gamma=1.01 ft_sigma_c=0.818 f=0.719 w=0.597 ratio=0.29 sigma_d=0.00114 zi_alpha=0.436 zi_mu=0.113 zi_delta=0.316 -> D=9.472 (21s, 485m)
[02:09:13]   [active 1330] mt_gamma=0.937 ft_sigma_c=0.758 f=0.697 w=0.697 ratio=0.335 sigma_d=0.00136 zi_alpha=0.371 zi_mu=0.0375 zi_delta=0.26 -> D=13.676 (22s, 485m)
[02:09:36]   [active 1331] mt_gamma=0.436 ft_sigma_c=0.579 f=0.748 w=0.313 ratio=0.0688 sigma_d=0.00138 zi_alpha=0.41 zi_mu=0.126 zi_delta=0.239 -> D=8.344 (22s, 485m)
[02:09:56]   [active 1332] mt_gamma=0.993 ft_sigma_c=0.662 f=0.625 w=0.278 ratio=0.357 sigma_d=0.00129 zi_alpha=0.414 zi_mu=0.0591 zi_delta=0.267 -> D=14.201 (21s, 486m)
[02:10:19]   [active 1333] mt_gamma=0.198 ft_sigma_c=0.536 f=0.851 w=0.711 ratio=0.381 sigma_d=0.00107 zi_alpha=0.434 zi_mu=0.0799 zi_delta=0.312 -> D=16.927 (23s, 486m)
[02:10:40]   [active 1334] mt_gamma=0.71 ft_sigma_c=0.561 f=0.787 w=0.595 ratio=0.149 sigma_d=0.00123 zi_alpha=0.371 zi_mu=0.0707 zi_delta=0.209 -> D=11.593 (21s, 486m)
[02:11:01]   [active 1335] mt_gamma=1.17 ft_sigma_c=0.804 f=0.728 w=0.658 ratio=0.249 sigma_d=0.00129 zi_alpha=0.38 zi_mu=0.0329 zi_delta=0.0905 -> D=13.323 (21s, 487m)
[02:11:22]   [active 1336] mt_gamma=0.687 ft_sigma_c=0.679 f=1.02 w=0.261 ratio=0.276 sigma_d=0.00153 zi_alpha=0.418 zi_mu=0.047 zi_delta=0.131 -> D=9.758 (21s, 487m)
[02:11:42]   [active 1337] mt_gamma=0.329 ft_sigma_c=0.743 f=1.26 w=0.458 ratio=0.335 sigma_d=0.00202 zi_alpha=0.174 zi_mu=0.0655 zi_delta=0.183 -> D=19.765 (20s, 487m)
[02:12:02]   [active 1338] mt_gamma=1.36 ft_sigma_c=0.324 f=0.141 w=0.834 ratio=0.117 sigma_d=0.00206 zi_alpha=0.264 zi_mu=0.0405 zi_delta=0.211 -> D=68.243 (20s, 488m)
[02:12:20]   [active 1339] mt_gamma=1.27 ft_sigma_c=0.173 f=0.587 w=0.292 ratio=0.39 sigma_d=0.00197 zi_alpha=0.191 zi_mu=0.0892 zi_delta=0.159 -> D=36.098 (18s, 488m)
[02:12:40]   [active 1340] mt_gamma=1.83 ft_sigma_c=0.824 f=1.06 w=0.376 ratio=0.0449 sigma_d=0.00192 zi_alpha=0.387 zi_mu=0.0234 zi_delta=0.174 -> D=16.831 (20s, 488m)
[02:13:00]   [active 1341] mt_gamma=1.53 ft_sigma_c=0.369 f=0.536 w=0.724 ratio=0.0357 sigma_d=0.00199 zi_alpha=0.231 zi_mu=0.0744 zi_delta=0.0205 -> D=55.460 (20s, 489m)
[02:13:21]   [active 1342] mt_gamma=0.395 ft_sigma_c=0.509 f=0.984 w=0.722 ratio=0.219 sigma_d=0.00137 zi_alpha=0.23 zi_mu=0.0197 zi_delta=0.0577 -> D=25.699 (20s, 489m)
[02:13:43]   [active 1343] mt_gamma=0.116 ft_sigma_c=0.557 f=0.667 w=0.679 ratio=0.291 sigma_d=0.00139 zi_alpha=0.354 zi_mu=0.0352 zi_delta=0.248 -> D=8.308 (22s, 489m)
[02:14:05]   [active 1344] mt_gamma=0.576 ft_sigma_c=0.678 f=0.861 w=0.673 ratio=0.252 sigma_d=0.00112 zi_alpha=0.332 zi_mu=0.117 zi_delta=0.252 -> D=9.357 (22s, 490m)
[02:14:26]   [active 1345] mt_gamma=0.509 ft_sigma_c=0.687 f=0.943 w=0.156 ratio=0.278 sigma_d=0.00149 zi_alpha=0.344 zi_mu=0.131 zi_delta=0.288 -> D=8.539 (21s, 490m)
[02:14:48]   [active 1346] mt_gamma=0.162 ft_sigma_c=0.488 f=0.627 w=0.577 ratio=0.352 sigma_d=0.00117 zi_alpha=0.431 zi_mu=0.0837 zi_delta=0.295 -> D=10.840 (22s, 491m)
[02:15:10]   [active 1347] mt_gamma=0.418 ft_sigma_c=0.566 f=0.74 w=0.31 ratio=0.354 sigma_d=0.00116 zi_alpha=0.408 zi_mu=0.0488 zi_delta=0.0466 -> D=12.020 (22s, 491m)
[02:15:32]   [active 1348] mt_gamma=0.593 ft_sigma_c=0.745 f=0.637 w=0.471 ratio=0.186 sigma_d=0.00124 zi_alpha=0.376 zi_mu=0.0773 zi_delta=0.175 -> D=10.318 (21s, 491m)
[02:15:52]   [active 1349] mt_gamma=0.439 ft_sigma_c=0.648 f=0.681 w=0.717 ratio=0.345 sigma_d=0.00101 zi_alpha=0.336 zi_mu=0.0189 zi_delta=0.247 -> D=7.487 (20s, 492m)
[02:16:13]   [active 1350] mt_gamma=0.818 ft_sigma_c=0.683 f=0.669 w=0.642 ratio=0.14 sigma_d=0.00126 zi_alpha=0.354 zi_mu=0.115 zi_delta=0.162 -> D=12.834 (21s, 492m)
[02:16:35]   [active 1351] mt_gamma=0.672 ft_sigma_c=0.829 f=0.841 w=0.152 ratio=0.327 sigma_d=0.00137 zi_alpha=0.382 zi_mu=0.0321 zi_delta=0.0884 -> D=13.514 (21s, 492m)
[02:16:57]   [active 1352] mt_gamma=1.2 ft_sigma_c=0.636 f=0.866 w=0.499 ratio=0.225 sigma_d=0.00135 zi_alpha=0.42 zi_mu=0.106 zi_delta=0.139 -> D=12.554 (22s, 493m)
[02:17:15]   [active 1353] mt_gamma=0.337 ft_sigma_c=0.202 f=1.27 w=0.183 ratio=0.195 sigma_d=0.00105 zi_alpha=0.12 zi_mu=0.128 zi_delta=0.0288 -> D=29.801 (19s, 493m)
[02:17:35]   [active 1354] mt_gamma=1.88 ft_sigma_c=0.157 f=1.19 w=0.336 ratio=0.137 sigma_d=0.00104 zi_alpha=0.29 zi_mu=0.0279 zi_delta=0.0556 -> D=31.155 (19s, 493m)
[02:17:56]   [active 1355] mt_gamma=1.59 ft_sigma_c=0.433 f=0.115 w=0.891 ratio=0.17 sigma_d=0.00164 zi_alpha=0.375 zi_mu=0.0428 zi_delta=0.167 -> D=59.470 (21s, 494m)
[02:18:17]   [active 1356] mt_gamma=0.221 ft_sigma_c=0.174 f=0.585 w=0.239 ratio=0.362 sigma_d=0.00132 zi_alpha=0.212 zi_mu=0.0687 zi_delta=0.0257 -> D=24.302 (22s, 494m)
[02:18:35]   [active 1357] mt_gamma=1.99 ft_sigma_c=0.683 f=1.37 w=0.311 ratio=0.116 sigma_d=0.00116 zi_alpha=0.125 zi_mu=0.11 zi_delta=0.298 -> D=25.693 (18s, 494m)
[02:18:54]   [active 1358] mt_gamma=0.372 ft_sigma_c=0.482 f=0.899 w=0.737 ratio=0.287 sigma_d=0.00178 zi_alpha=0.0854 zi_mu=0.0319 zi_delta=0.0807 -> D=46.753 (19s, 495m)
[02:19:15]   [active 1359] mt_gamma=0.827 ft_sigma_c=0.692 f=0.765 w=0.444 ratio=0.0443 sigma_d=0.00148 zi_alpha=0.381 zi_mu=0.0756 zi_delta=0.306 -> D=10.083 (21s, 495m)
[02:19:37]   [active 1360] mt_gamma=0.435 ft_sigma_c=0.686 f=0.88 w=0.165 ratio=0.364 sigma_d=0.00138 zi_alpha=0.43 zi_mu=0.0675 zi_delta=0.201 -> D=13.521 (21s, 495m)
[02:19:57]   [active 1361] mt_gamma=1.03 ft_sigma_c=0.652 f=0.635 w=0.639 ratio=0.182 sigma_d=0.00114 zi_alpha=0.394 zi_mu=0.108 zi_delta=0.274 -> D=9.066 (20s, 496m)
[02:20:18]   [active 1362] mt_gamma=0.377 ft_sigma_c=0.482 f=0.786 w=0.7 ratio=0.315 sigma_d=0.00112 zi_alpha=0.369 zi_mu=0.0423 zi_delta=0.171 -> D=10.992 (21s, 496m)
[02:20:39]   [active 1363] mt_gamma=0.386 ft_sigma_c=0.716 f=0.854 w=0.247 ratio=0.214 sigma_d=0.0013 zi_alpha=0.376 zi_mu=0.126 zi_delta=0.245 -> D=11.993 (21s, 496m)
[02:21:01]   [active 1364] mt_gamma=0.442 ft_sigma_c=0.545 f=0.805 w=0.518 ratio=0.263 sigma_d=0.00156 zi_alpha=0.406 zi_mu=0.084 zi_delta=0.213 -> D=9.653 (22s, 497m)
[02:21:20]   [active 1365] mt_gamma=1.04 ft_sigma_c=0.793 f=0.721 w=0.292 ratio=0.0803 sigma_d=0.00127 zi_alpha=0.35 zi_mu=0.0568 zi_delta=0.29 -> D=9.493 (20s, 497m)
[02:21:41]   [active 1366] mt_gamma=0.429 ft_sigma_c=0.705 f=0.746 w=0.436 ratio=0.252 sigma_d=0.0016 zi_alpha=0.409 zi_mu=0.0396 zi_delta=0.277 -> D=11.917 (21s, 497m)
[02:22:03]   [active 1367] mt_gamma=1.1 ft_sigma_c=0.706 f=0.752 w=0.383 ratio=0.0741 sigma_d=0.0013 zi_alpha=0.409 zi_mu=0.124 zi_delta=0.0614 -> D=10.986 (22s, 498m)
[02:22:23]   [active 1368] mt_gamma=0.941 ft_sigma_c=0.701 f=0.914 w=0.39 ratio=0.232 sigma_d=0.00144 zi_alpha=0.359 zi_mu=0.0277 zi_delta=0.0448 -> D=12.835 (20s, 498m)
[02:22:45]   [active 1369] mt_gamma=1.53 ft_sigma_c=0.502 f=1.08 w=0.448 ratio=0.119 sigma_d=0.00213 zi_alpha=0.385 zi_mu=0.0912 zi_delta=0.197 -> D=30.584 (21s, 498m)
[02:23:07]   [active 1370] mt_gamma=1.32 ft_sigma_c=0.242 f=0.248 w=0.767 ratio=0.126 sigma_d=0.00181 zi_alpha=0.315 zi_mu=0.0741 zi_delta=0.117 -> D=52.995 (23s, 499m)
[02:23:32]   [active 1371] mt_gamma=1.84 ft_sigma_c=0.684 f=0.918 w=0.811 ratio=0.025 sigma_d=0.00117 zi_alpha=0.406 zi_mu=0.128 zi_delta=0.0299 -> D=13.453 (25s, 499m)
[02:23:54]   [active 1372] mt_gamma=1.99 ft_sigma_c=0.135 f=0.364 w=0.47 ratio=0.312 sigma_d=0.00106 zi_alpha=0.196 zi_mu=0.0346 zi_delta=0.0232 -> D=31.855 (21s, 500m)
[02:24:20]   [active 1373] mt_gamma=1.2 ft_sigma_c=0.733 f=1.37 w=0.819 ratio=0.329 sigma_d=0.00118 zi_alpha=0.247 zi_mu=0.12 zi_delta=0.163 -> D=24.353 (26s, 500m)
[02:24:44]   [active 1374] mt_gamma=1.34 ft_sigma_c=0.387 f=0.657 w=0.447 ratio=0.355 sigma_d=0.00123 zi_alpha=0.222 zi_mu=0.0159 zi_delta=0.287 -> D=23.644 (24s, 500m)
[02:25:11]   [active 1375] mt_gamma=0.69 ft_sigma_c=0.633 f=0.818 w=0.331 ratio=0.271 sigma_d=0.00152 zi_alpha=0.396 zi_mu=0.134 zi_delta=0.169 -> D=7.952 (27s, 501m)
[02:25:35]   [active 1376] mt_gamma=1.13 ft_sigma_c=0.706 f=0.847 w=0.648 ratio=0.297 sigma_d=0.00129 zi_alpha=0.416 zi_mu=0.0436 zi_delta=0.275 -> D=8.907 (24s, 501m)
[02:25:56]   [active 1377] mt_gamma=0.743 ft_sigma_c=0.676 f=0.791 w=0.35 ratio=0.358 sigma_d=0.00161 zi_alpha=0.34 zi_mu=0.0976 zi_delta=0.31 -> D=13.183 (21s, 502m)
[02:26:20]   [active 1378] mt_gamma=0.222 ft_sigma_c=0.52 f=0.804 w=0.439 ratio=0.0446 sigma_d=0.00146 zi_alpha=0.345 zi_mu=0.0541 zi_delta=0.0463 -> D=9.141 (24s, 502m)
[02:26:41]   [active 1379] mt_gamma=0.628 ft_sigma_c=0.595 f=0.763 w=0.415 ratio=0.333 sigma_d=0.00129 zi_alpha=0.355 zi_mu=0.0656 zi_delta=0.119 -> D=9.263 (22s, 502m)
[02:27:04]   [active 1380] mt_gamma=0.122 ft_sigma_c=0.531 f=0.72 w=0.514 ratio=0.105 sigma_d=0.00112 zi_alpha=0.35 zi_mu=0.141 zi_delta=0.155 -> D=9.944 (23s, 503m)
[02:27:25]   [active 1381] mt_gamma=0.587 ft_sigma_c=0.768 f=0.886 w=0.465 ratio=0.26 sigma_d=0.00116 zi_alpha=0.347 zi_mu=0.14 zi_delta=0.179 -> D=11.028 (21s, 503m)
[02:27:47]   [active 1382] mt_gamma=0.269 ft_sigma_c=0.674 f=0.845 w=0.488 ratio=0.166 sigma_d=0.00159 zi_alpha=0.354 zi_mu=0.117 zi_delta=0.251 -> D=11.944 (22s, 503m)
[02:28:09]   [active 1383] mt_gamma=0.737 ft_sigma_c=0.712 f=1.01 w=0.525 ratio=0.0701 sigma_d=0.00156 zi_alpha=0.407 zi_mu=0.0634 zi_delta=0.258 -> D=11.056 (22s, 504m)
[02:28:30]   [active 1384] mt_gamma=1.07 ft_sigma_c=0.721 f=0.897 w=0.507 ratio=0.306 sigma_d=0.00152 zi_alpha=0.369 zi_mu=0.113 zi_delta=0.305 -> D=10.803 (21s, 504m)
[02:28:49]   [active 1385] mt_gamma=1.46 ft_sigma_c=0.492 f=1.26 w=0.202 ratio=0.0857 sigma_d=0.00209 zi_alpha=0.158 zi_mu=0.0753 zi_delta=0.0708 -> D=40.091 (19s, 505m)
[02:29:08]   [active 1386] mt_gamma=1.53 ft_sigma_c=0.183 f=0.439 w=0.508 ratio=0.087 sigma_d=0.00184 zi_alpha=0.164 zi_mu=0.0292 zi_delta=0.226 -> D=38.390 (20s, 505m)
[02:29:33]   [active 1387] mt_gamma=1.18 ft_sigma_c=0.722 f=0.129 w=0.173 ratio=0.329 sigma_d=0.00123 zi_alpha=0.346 zi_mu=0.118 zi_delta=0.0215 -> D=43.496 (24s, 505m)
[02:29:53]   [active 1388] mt_gamma=1.25 ft_sigma_c=0.641 f=1.4 w=0.88 ratio=0.286 sigma_d=0.00178 zi_alpha=0.405 zi_mu=0.0297 zi_delta=0.297 -> D=28.033 (20s, 506m)
[02:30:13]   [active 1389] mt_gamma=1.56 ft_sigma_c=0.14 f=1.17 w=0.565 ratio=0.35 sigma_d=0.00192 zi_alpha=0.35 zi_mu=0.0417 zi_delta=0.2 -> D=29.952 (20s, 506m)
[02:30:33]   [active 1390] mt_gamma=1.03 ft_sigma_c=0.799 f=1.23 w=0.404 ratio=0.0472 sigma_d=0.00177 zi_alpha=0.307 zi_mu=0.091 zi_delta=0.263 -> D=16.113 (20s, 506m)
[02:30:53]   [active 1391] mt_gamma=0.815 ft_sigma_c=0.598 f=0.733 w=0.555 ratio=0.371 sigma_d=0.00128 zi_alpha=0.435 zi_mu=0.0617 zi_delta=0.262 -> D=7.395 (20s, 507m)
[02:31:15]   [active 1392] mt_gamma=0.39 ft_sigma_c=0.616 f=0.907 w=0.176 ratio=0.0525 sigma_d=0.00153 zi_alpha=0.374 zi_mu=0.125 zi_delta=0.297 -> D=9.216 (21s, 507m)
[02:31:36]   [active 1393] mt_gamma=0.211 ft_sigma_c=0.487 f=0.955 w=0.394 ratio=0.235 sigma_d=0.00154 zi_alpha=0.335 zi_mu=0.0295 zi_delta=0.153 -> D=13.652 (21s, 507m)
[02:31:56]   [active 1394] mt_gamma=1.05 ft_sigma_c=0.652 f=0.755 w=0.399 ratio=0.334 sigma_d=0.00144 zi_alpha=0.438 zi_mu=0.116 zi_delta=0.175 -> D=9.079 (21s, 508m)
[02:32:16]   [active 1395] mt_gamma=0.485 ft_sigma_c=0.746 f=0.984 w=0.224 ratio=0.331 sigma_d=0.00135 zi_alpha=0.331 zi_mu=0.0299 zi_delta=0.199 -> D=11.014 (19s, 508m)
[02:32:37]   [active 1396] mt_gamma=0.334 ft_sigma_c=0.701 f=0.862 w=0.656 ratio=0.192 sigma_d=0.00152 zi_alpha=0.34 zi_mu=0.0975 zi_delta=0.313 -> D=11.457 (21s, 508m)
[02:33:00]   [active 1397] mt_gamma=0.265 ft_sigma_c=0.627 f=0.764 w=0.505 ratio=0.205 sigma_d=0.00122 zi_alpha=0.406 zi_mu=0.0903 zi_delta=0.0434 -> D=15.570 (23s, 509m)
[02:33:21]   [active 1398] mt_gamma=0.496 ft_sigma_c=0.628 f=1.01 w=0.285 ratio=0.242 sigma_d=0.00138 zi_alpha=0.357 zi_mu=0.0958 zi_delta=0.125 -> D=10.993 (21s, 509m)
[02:33:43]   [active 1399] mt_gamma=1.15 ft_sigma_c=0.758 f=0.658 w=0.485 ratio=0.29 sigma_d=0.00128 zi_alpha=0.392 zi_mu=0.0381 zi_delta=0.159 -> D=10.774 (21s, 509m)
[02:34:04]   [active 1400] mt_gamma=0.293 ft_sigma_c=0.584 f=0.805 w=0.642 ratio=0.102 sigma_d=0.00155 zi_alpha=0.372 zi_mu=0.0322 zi_delta=0.0859 -> D=14.418 (22s, 510m)
[02:34:22]   [active 1401] mt_gamma=1.07 ft_sigma_c=0.74 f=0.885 w=0.863 ratio=0.162 sigma_d=0.00113 zi_alpha=0.131 zi_mu=0.0199 zi_delta=0.0825 -> D=32.860 (18s, 510m)
[02:34:40]   [active 1402] mt_gamma=1.69 ft_sigma_c=0.475 f=0.272 w=0.53 ratio=0.0641 sigma_d=0.00166 zi_alpha=0.179 zi_mu=0.0655 zi_delta=0.0682 -> D=61.790 (19s, 510m)
[02:35:02]   [active 1403] mt_gamma=1.03 ft_sigma_c=0.838 f=0.221 w=0.759 ratio=0.357 sigma_d=0.00213 zi_alpha=0.418 zi_mu=0.0734 zi_delta=0.306 -> D=49.805 (22s, 511m)
[02:35:22]   [active 1404] mt_gamma=0.457 ft_sigma_c=0.846 f=0.164 w=0.113 ratio=0.339 sigma_d=0.00188 zi_alpha=0.183 zi_mu=0.103 zi_delta=0.143 -> D=58.680 (20s, 511m)
[02:35:41]   [active 1405] mt_gamma=0.389 ft_sigma_c=0.726 f=0.97 w=0.671 ratio=0.0719 sigma_d=0.00119 zi_alpha=0.133 zi_mu=0.139 zi_delta=0.148 -> D=18.971 (19s, 511m)
[02:35:58]   [active 1406] mt_gamma=0.778 ft_sigma_c=0.127 f=0.365 w=0.305 ratio=0.22 sigma_d=0.0016 zi_alpha=0.163 zi_mu=0.0818 zi_delta=0.266 -> D=29.629 (16s, 512m)
[02:36:18]   [active 1407] mt_gamma=0.701 ft_sigma_c=0.642 f=0.734 w=0.611 ratio=0.0475 sigma_d=0.00135 zi_alpha=0.349 zi_mu=0.101 zi_delta=0.319 -> D=11.228 (20s, 512m)
[02:36:39]   [active 1408] mt_gamma=0.51 ft_sigma_c=0.687 f=0.813 w=0.642 ratio=0.33 sigma_d=0.00131 zi_alpha=0.408 zi_mu=0.13 zi_delta=0.293 -> D=9.585 (21s, 512m)
[02:37:00]   [active 1409] mt_gamma=0.352 ft_sigma_c=0.572 f=0.962 w=0.591 ratio=0.0325 sigma_d=0.00151 zi_alpha=0.33 zi_mu=0.0769 zi_delta=0.197 -> D=10.249 (21s, 513m)
[02:37:21]   [active 1410] mt_gamma=0.332 ft_sigma_c=0.587 f=0.615 w=0.716 ratio=0.239 sigma_d=0.00127 zi_alpha=0.34 zi_mu=0.0482 zi_delta=0.228 -> D=10.378 (21s, 513m)
[02:37:42]   [active 1411] mt_gamma=0.545 ft_sigma_c=0.745 f=0.756 w=0.5 ratio=0.228 sigma_d=0.00105 zi_alpha=0.361 zi_mu=0.0334 zi_delta=0.264 -> D=10.299 (21s, 513m)
[02:38:04]   [active 1412] mt_gamma=0.417 ft_sigma_c=0.536 f=0.692 w=0.65 ratio=0.242 sigma_d=0.00104 zi_alpha=0.418 zi_mu=0.094 zi_delta=0.194 -> D=8.260 (22s, 514m)
[02:38:25]   [active 1413] mt_gamma=0.861 ft_sigma_c=0.674 f=0.674 w=0.452 ratio=0.169 sigma_d=0.0014 zi_alpha=0.414 zi_mu=0.147 zi_delta=0.288 -> D=10.265 (21s, 514m)
[02:38:47]   [active 1414] mt_gamma=1.12 ft_sigma_c=0.744 f=0.761 w=0.619 ratio=0.294 sigma_d=0.00119 zi_alpha=0.431 zi_mu=0.128 zi_delta=0.0894 -> D=10.505 (22s, 514m)
[02:39:09]   [active 1415] mt_gamma=0.294 ft_sigma_c=0.484 f=0.665 w=0.441 ratio=0.289 sigma_d=0.00107 zi_alpha=0.412 zi_mu=0.0458 zi_delta=0.0809 -> D=10.039 (22s, 515m)
[02:39:29]   [active 1416] mt_gamma=1.02 ft_sigma_c=0.567 f=0.796 w=0.457 ratio=0.07 sigma_d=0.00115 zi_alpha=0.424 zi_mu=0.11 zi_delta=0.2 -> D=11.810 (20s, 515m)
[02:39:49]   [active 1417] mt_gamma=1.63 ft_sigma_c=0.643 f=0.561 w=0.33 ratio=0.335 sigma_d=0.00112 zi_alpha=0.313 zi_mu=0.0618 zi_delta=0.104 -> D=18.192 (20s, 516m)
[02:40:09]   [active 1418] mt_gamma=1.95 ft_sigma_c=0.673 f=0.542 w=0.583 ratio=0.261 sigma_d=0.00103 zi_alpha=0.429 zi_mu=0.0152 zi_delta=0.117 -> D=11.703 (21s, 516m)
[02:40:29]   [active 1419] mt_gamma=0.272 ft_sigma_c=0.346 f=0.806 w=0.829 ratio=0.0887 sigma_d=0.00165 zi_alpha=0.0847 zi_mu=0.137 zi_delta=0.147 -> D=37.299 (19s, 516m)
[02:40:45]   [active 1420] mt_gamma=0.828 ft_sigma_c=0.435 f=0.968 w=0.375 ratio=0.193 sigma_d=0.00152 zi_alpha=0.0941 zi_mu=0.108 zi_delta=0.0432 -> D=42.351 (17s, 516m)
[02:41:04]   [active 1421] mt_gamma=1.58 ft_sigma_c=0.101 f=0.684 w=0.432 ratio=0.389 sigma_d=0.00172 zi_alpha=0.169 zi_mu=0.0266 zi_delta=0.0349 -> D=38.832 (19s, 517m)
[02:41:23]   [active 1422] mt_gamma=0.674 ft_sigma_c=0.522 f=0.32 w=0.276 ratio=0.072 sigma_d=0.00174 zi_alpha=0.231 zi_mu=0.115 zi_delta=0.0842 -> D=49.163 (19s, 517m)
[02:41:49]   [active 1423] mt_gamma=1.05 ft_sigma_c=0.729 f=0.685 w=0.516 ratio=0.192 sigma_d=0.0012 zi_alpha=0.433 zi_mu=0.137 zi_delta=0.135 -> D=9.755 (25s, 518m)
[02:42:13]   [active 1424] mt_gamma=0.135 ft_sigma_c=0.591 f=0.795 w=0.53 ratio=0.0383 sigma_d=0.00128 zi_alpha=0.337 zi_mu=0.0315 zi_delta=0.113 -> D=9.757 (24s, 518m)
[02:42:35]   [active 1425] mt_gamma=0.346 ft_sigma_c=0.517 f=0.704 w=0.21 ratio=0.269 sigma_d=0.00133 zi_alpha=0.394 zi_mu=0.0769 zi_delta=0.26 -> D=9.291 (22s, 518m)
[02:43:02]   [active 1426] mt_gamma=1.17 ft_sigma_c=0.683 f=0.839 w=0.405 ratio=0.331 sigma_d=0.00158 zi_alpha=0.404 zi_mu=0.0761 zi_delta=0.256 -> D=11.498 (27s, 519m)
[02:43:30]   [active 1427] mt_gamma=0.938 ft_sigma_c=0.678 f=0.738 w=0.537 ratio=0.0481 sigma_d=0.0014 zi_alpha=0.4 zi_mu=0.141 zi_delta=0.178 -> D=10.639 (28s, 519m)
[02:44:02]   [active 1428] mt_gamma=0.702 ft_sigma_c=0.681 f=0.617 w=0.268 ratio=0.175 sigma_d=0.00112 zi_alpha=0.393 zi_mu=0.0995 zi_delta=0.0735 -> D=11.110 (32s, 520m)
[02:44:24]   [active 1429] mt_gamma=0.444 ft_sigma_c=0.563 f=0.858 w=0.724 ratio=0.0354 sigma_d=0.00109 zi_alpha=0.355 zi_mu=0.137 zi_delta=0.141 -> D=11.313 (22s, 520m)
[02:44:45]   [active 1430] mt_gamma=0.888 ft_sigma_c=0.679 f=1.01 w=0.423 ratio=0.194 sigma_d=0.00146 zi_alpha=0.365 zi_mu=0.118 zi_delta=0.316 -> D=12.416 (21s, 520m)
[02:45:05]   [active 1431] mt_gamma=1.07 ft_sigma_c=0.716 f=0.896 w=0.339 ratio=0.213 sigma_d=0.00125 zi_alpha=0.367 zi_mu=0.0868 zi_delta=0.287 -> D=11.515 (21s, 521m)
[02:45:27]   [active 1432] mt_gamma=0.187 ft_sigma_c=0.639 f=0.643 w=0.441 ratio=0.279 sigma_d=0.00151 zi_alpha=0.322 zi_mu=0.109 zi_delta=0.288 -> D=11.600 (22s, 521m)
[02:45:47]   [active 1433] mt_gamma=0.457 ft_sigma_c=0.585 f=1.25 w=0.486 ratio=0.236 sigma_d=0.00121 zi_alpha=0.36 zi_mu=0.061 zi_delta=0.267 -> D=20.319 (20s, 521m)
[02:46:05]   [active 1434] mt_gamma=1.71 ft_sigma_c=0.328 f=0.804 w=0.807 ratio=0.386 sigma_d=0.00145 zi_alpha=0.195 zi_mu=0.0563 zi_delta=0.303 -> D=30.752 (17s, 522m)
[02:46:22]   [active 1435] mt_gamma=1.98 ft_sigma_c=0.393 f=0.696 w=0.328 ratio=0.143 sigma_d=0.00114 zi_alpha=0.16 zi_mu=0.0156 zi_delta=0.154 -> D=26.685 (17s, 522m)
[02:46:42]   [active 1436] mt_gamma=1.55 ft_sigma_c=0.214 f=1.33 w=0.83 ratio=0.357 sigma_d=0.00193 zi_alpha=0.432 zi_mu=0.0408 zi_delta=0.0474 -> D=42.038 (21s, 522m)
[02:47:02]   [active 1437] mt_gamma=1.87 ft_sigma_c=0.706 f=0.918 w=0.727 ratio=0.155 sigma_d=0.00202 zi_alpha=0.255 zi_mu=0.117 zi_delta=0.22 -> D=39.072 (20s, 523m)
[02:47:23]   [active 1438] mt_gamma=0.939 ft_sigma_c=0.743 f=0.971 w=0.605 ratio=0.201 sigma_d=0.00185 zi_alpha=0.271 zi_mu=0.0289 zi_delta=0.0835 -> D=28.682 (21s, 523m)
[02:47:44]   [active 1439] mt_gamma=0.861 ft_sigma_c=0.761 f=0.807 w=0.361 ratio=0.33 sigma_d=0.00125 zi_alpha=0.363 zi_mu=0.05 zi_delta=0.317 -> D=9.271 (20s, 523m)
[02:48:05]   [active 1440] mt_gamma=0.184 ft_sigma_c=0.507 f=0.688 w=0.36 ratio=0.133 sigma_d=0.00118 zi_alpha=0.33 zi_mu=0.0782 zi_delta=0.136 -> D=9.505 (22s, 524m)
[02:48:27]   [active 1441] mt_gamma=0.394 ft_sigma_c=0.516 f=0.848 w=0.491 ratio=0.0331 sigma_d=0.00122 zi_alpha=0.424 zi_mu=0.0664 zi_delta=0.166 -> D=10.139 (21s, 524m)
[02:48:47]   [active 1442] mt_gamma=1.13 ft_sigma_c=0.703 f=0.715 w=0.586 ratio=0.107 sigma_d=0.00111 zi_alpha=0.408 zi_mu=0.108 zi_delta=0.309 -> D=8.833 (20s, 524m)
[02:49:07]   [active 1443] mt_gamma=0.615 ft_sigma_c=0.542 f=0.917 w=0.261 ratio=0.0281 sigma_d=0.00152 zi_alpha=0.406 zi_mu=0.109 zi_delta=0.211 -> D=11.293 (20s, 525m)
[02:49:27]   [active 1444] mt_gamma=0.706 ft_sigma_c=0.569 f=0.763 w=0.622 ratio=0.223 sigma_d=0.00118 zi_alpha=0.349 zi_mu=0.0139 zi_delta=0.299 -> D=10.443 (20s, 525m)
[02:49:49]   [active 1445] mt_gamma=0.26 ft_sigma_c=0.554 f=0.771 w=0.595 ratio=0.114 sigma_d=0.0012 zi_alpha=0.414 zi_mu=0.103 zi_delta=0.203 -> D=9.453 (22s, 526m)
[02:50:10]   [active 1446] mt_gamma=0.43 ft_sigma_c=0.707 f=0.775 w=0.377 ratio=0.0303 sigma_d=0.00156 zi_alpha=0.316 zi_mu=0.0699 zi_delta=0.236 -> D=11.397 (20s, 526m)
[02:50:30]   [active 1447] mt_gamma=0.547 ft_sigma_c=0.693 f=0.722 w=0.621 ratio=0.0503 sigma_d=0.00126 zi_alpha=0.361 zi_mu=0.0455 zi_delta=0.154 -> D=8.604 (21s, 526m)
[02:50:51]   [active 1448] mt_gamma=0.526 ft_sigma_c=0.563 f=0.612 w=0.655 ratio=0.203 sigma_d=0.00116 zi_alpha=0.317 zi_mu=0.111 zi_delta=0.174 -> D=11.268 (21s, 527m)
[02:51:12]   [active 1449] mt_gamma=0.151 ft_sigma_c=0.685 f=1.24 w=0.162 ratio=0.251 sigma_d=0.00125 zi_alpha=0.257 zi_mu=0.105 zi_delta=0.0847 -> D=23.575 (21s, 527m)
[02:51:31]   [active 1450] mt_gamma=1.25 ft_sigma_c=0.547 f=0.508 w=0.766 ratio=0.191 sigma_d=0.00201 zi_alpha=0.181 zi_mu=0.107 zi_delta=0.249 -> D=44.250 (19s, 527m)
[02:51:50]   [active 1451] mt_gamma=0.84 ft_sigma_c=0.774 f=0.436 w=0.868 ratio=0.359 sigma_d=0.00176 zi_alpha=0.226 zi_mu=0.0842 zi_delta=0.305 -> D=33.522 (19s, 528m)
[02:52:10]   [active 1452] mt_gamma=0.145 ft_sigma_c=0.358 f=0.702 w=0.302 ratio=0.237 sigma_d=0.00153 zi_alpha=0.128 zi_mu=0.11 zi_delta=0.291 -> D=15.826 (20s, 528m)
[02:52:30]   [active 1453] mt_gamma=0.462 ft_sigma_c=0.203 f=0.643 w=0.477 ratio=0.165 sigma_d=0.00219 zi_alpha=0.37 zi_mu=0.125 zi_delta=0.167 -> D=32.118 (20s, 528m)
[02:52:48]   [active 1454] mt_gamma=1.83 ft_sigma_c=0.543 f=1.28 w=0.15 ratio=0.148 sigma_d=0.00218 zi_alpha=0.203 zi_mu=0.13 zi_delta=0.138 -> D=33.346 (18s, 529m)
[02:53:10]   [active 1455] mt_gamma=0.549 ft_sigma_c=0.624 f=0.766 w=0.494 ratio=0.349 sigma_d=0.00126 zi_alpha=0.419 zi_mu=0.0721 zi_delta=0.237 -> D=7.316 (21s, 529m)
[02:53:29]   [active 1456] mt_gamma=0.958 ft_sigma_c=0.719 f=0.7 w=0.551 ratio=0.274 sigma_d=0.00124 zi_alpha=0.409 zi_mu=0.0307 zi_delta=0.299 -> D=7.868 (19s, 529m)
[02:53:49]   [active 1457] mt_gamma=1.08 ft_sigma_c=0.694 f=0.831 w=0.135 ratio=0.393 sigma_d=0.00156 zi_alpha=0.41 zi_mu=0.0566 zi_delta=0.309 -> D=9.535 (20s, 530m)
[02:54:08]   [active 1458] mt_gamma=0.404 ft_sigma_c=0.806 f=0.975 w=0.41 ratio=0.0367 sigma_d=0.00133 zi_alpha=0.308 zi_mu=0.0342 zi_delta=0.285 -> D=12.614 (19s, 530m)
[02:54:28]   [active 1459] mt_gamma=0.677 ft_sigma_c=0.594 f=0.898 w=0.188 ratio=0.0346 sigma_d=0.00138 zi_alpha=0.426 zi_mu=0.0813 zi_delta=0.305 -> D=9.999 (20s, 530m)
[02:54:48]   [active 1460] mt_gamma=0.47 ft_sigma_c=0.744 f=0.833 w=0.512 ratio=0.372 sigma_d=0.00131 zi_alpha=0.392 zi_mu=0.0277 zi_delta=0.216 -> D=10.099 (20s, 531m)
[02:55:09]   [active 1461] mt_gamma=0.217 ft_sigma_c=0.569 f=0.727 w=0.15 ratio=0.136 sigma_d=0.00116 zi_alpha=0.352 zi_mu=0.114 zi_delta=0.237 -> D=11.106 (21s, 531m)
[02:55:30]   [active 1462] mt_gamma=0.594 ft_sigma_c=0.683 f=0.64 w=0.293 ratio=0.238 sigma_d=0.00125 zi_alpha=0.435 zi_mu=0.0906 zi_delta=0.122 -> D=10.919 (21s, 531m)
[02:55:51]   [active 1463] mt_gamma=0.554 ft_sigma_c=0.693 f=0.741 w=0.455 ratio=0.0632 sigma_d=0.0011 zi_alpha=0.356 zi_mu=0.0881 zi_delta=0.063 -> D=12.102 (21s, 532m)
[02:56:11]   [active 1464] mt_gamma=0.575 ft_sigma_c=0.7 f=0.884 w=0.641 ratio=0.292 sigma_d=0.00106 zi_alpha=0.397 zi_mu=0.141 zi_delta=0.207 -> D=12.647 (21s, 532m)
[02:56:30]   [active 1465] mt_gamma=1.75 ft_sigma_c=0.481 f=1.38 w=0.572 ratio=0.276 sigma_d=0.00108 zi_alpha=0.412 zi_mu=0.0425 zi_delta=0.233 -> D=27.422 (19s, 532m)
[02:56:51]   [active 1466] mt_gamma=1.56 ft_sigma_c=0.702 f=0.229 w=0.542 ratio=0.156 sigma_d=0.00189 zi_alpha=0.4 zi_mu=0.0785 zi_delta=0.103 -> D=50.778 (21s, 533m)
[02:57:13]   [active 1467] mt_gamma=0.966 ft_sigma_c=0.264 f=0.284 w=0.323 ratio=0.332 sigma_d=0.0022 zi_alpha=0.377 zi_mu=0.0437 zi_delta=0.22 -> D=49.735 (22s, 533m)
[02:57:36]   [active 1468] mt_gamma=0.299 ft_sigma_c=0.746 f=0.477 w=0.542 ratio=0.0245 sigma_d=0.00177 zi_alpha=0.245 zi_mu=0.128 zi_delta=0.0217 -> D=34.962 (23s, 533m)
[02:57:55]   [active 1469] mt_gamma=1.09 ft_sigma_c=0.436 f=1.05 w=0.376 ratio=0.0962 sigma_d=0.00112 zi_alpha=0.296 zi_mu=0.101 zi_delta=0.298 -> D=22.456 (19s, 534m)
[02:58:15]   [active 1470] mt_gamma=1.6 ft_sigma_c=0.698 f=0.928 w=0.195 ratio=0.252 sigma_d=0.002 zi_alpha=0.263 zi_mu=0.0663 zi_delta=0.0447 -> D=30.817 (20s, 534m)
[02:58:36]   [active 1471] mt_gamma=0.386 ft_sigma_c=0.497 f=0.898 w=0.132 ratio=0.0486 sigma_d=0.00138 zi_alpha=0.333 zi_mu=0.0831 zi_delta=0.0803 -> D=12.430 (21s, 534m)
[02:58:58]   [active 1472] mt_gamma=0.698 ft_sigma_c=0.639 f=0.889 w=0.243 ratio=0.372 sigma_d=0.00142 zi_alpha=0.37 zi_mu=0.0347 zi_delta=0.134 -> D=8.491 (21s, 535m)
[02:59:19]   [active 1473] mt_gamma=0.951 ft_sigma_c=0.63 f=0.811 w=0.522 ratio=0.225 sigma_d=0.00121 zi_alpha=0.421 zi_mu=0.0584 zi_delta=0.198 -> D=9.557 (21s, 535m)
[02:59:38]   [active 1474] mt_gamma=0.795 ft_sigma_c=0.68 f=0.757 w=0.173 ratio=0.364 sigma_d=0.00127 zi_alpha=0.331 zi_mu=0.0309 zi_delta=0.177 -> D=11.157 (19s, 535m)
[02:59:58]   [active 1475] mt_gamma=1.2 ft_sigma_c=0.627 f=0.879 w=0.144 ratio=0.332 sigma_d=0.00146 zi_alpha=0.437 zi_mu=0.115 zi_delta=0.32 -> D=10.169 (20s, 536m)
[03:00:19]   [active 1476] mt_gamma=0.214 ft_sigma_c=0.56 f=0.79 w=0.537 ratio=0.0985 sigma_d=0.00141 zi_alpha=0.324 zi_mu=0.0663 zi_delta=0.293 -> D=9.801 (21s, 536m)
[03:00:39]   [active 1477] mt_gamma=0.935 ft_sigma_c=0.624 f=0.669 w=0.304 ratio=0.119 sigma_d=0.00127 zi_alpha=0.357 zi_mu=0.0295 zi_delta=0.11 -> D=11.707 (20s, 536m)
[03:01:00]   [active 1478] mt_gamma=0.765 ft_sigma_c=0.594 f=0.642 w=0.703 ratio=0.17 sigma_d=0.00129 zi_alpha=0.387 zi_mu=0.146 zi_delta=0.198 -> D=11.685 (21s, 537m)
[03:01:22]   [active 1479] mt_gamma=0.147 ft_sigma_c=0.486 f=0.701 w=0.421 ratio=0.3 sigma_d=0.00123 zi_alpha=0.342 zi_mu=0.11 zi_delta=0.0558 -> D=9.805 (22s, 537m)
[03:01:42]   [active 1480] mt_gamma=0.194 ft_sigma_c=0.722 f=0.876 w=0.306 ratio=0.161 sigma_d=0.00152 zi_alpha=0.334 zi_mu=0.102 zi_delta=0.273 -> D=11.753 (20s, 537m)
[03:02:03]   [active 1481] mt_gamma=1.9 ft_sigma_c=0.101 f=0.578 w=0.659 ratio=0.0762 sigma_d=0.00166 zi_alpha=0.409 zi_mu=0.0994 zi_delta=0.0617 -> D=32.933 (21s, 538m)
[03:02:20]   [active 1482] mt_gamma=0.943 ft_sigma_c=0.52 f=0.638 w=0.874 ratio=0.26 sigma_d=0.00178 zi_alpha=0.0818 zi_mu=0.0327 zi_delta=0.278 -> D=39.840 (17s, 538m)
[03:02:37]   [active 1483] mt_gamma=1.9 ft_sigma_c=0.525 f=0.635 w=0.414 ratio=0.175 sigma_d=0.00131 zi_alpha=0.248 zi_mu=0.0154 zi_delta=0.216 -> D=27.360 (17s, 538m)
[03:02:54]   [active 1484] mt_gamma=0.507 ft_sigma_c=0.263 f=1.1 w=0.394 ratio=0.259 sigma_d=0.00202 zi_alpha=0.0947 zi_mu=0.0558 zi_delta=0.151 -> D=31.556 (17s, 539m)
[03:03:16]   [active 1485] mt_gamma=0.631 ft_sigma_c=0.615 f=0.436 w=0.819 ratio=0.335 sigma_d=0.00108 zi_alpha=0.368 zi_mu=0.0877 zi_delta=0.0874 -> D=12.646 (21s, 539m)
[03:03:35]   [active 1486] mt_gamma=0.158 ft_sigma_c=0.295 f=1.25 w=0.829 ratio=0.204 sigma_d=0.00207 zi_alpha=0.209 zi_mu=0.0579 zi_delta=0.263 -> D=34.567 (19s, 539m)
[03:03:55]   [active 1487] mt_gamma=0.478 ft_sigma_c=0.665 f=0.777 w=0.667 ratio=0.298 sigma_d=0.00109 zi_alpha=0.393 zi_mu=0.045 zi_delta=0.297 -> D=8.506 (20s, 540m)
[03:04:16]   [active 1488] mt_gamma=0.557 ft_sigma_c=0.721 f=0.801 w=0.531 ratio=0.322 sigma_d=0.00141 zi_alpha=0.417 zi_mu=0.121 zi_delta=0.255 -> D=9.214 (21s, 540m)
[03:04:37]   [active 1489] mt_gamma=0.194 ft_sigma_c=0.613 f=0.779 w=0.142 ratio=0.249 sigma_d=0.0013 zi_alpha=0.326 zi_mu=0.0912 zi_delta=0.27 -> D=9.308 (20s, 540m)
[03:04:58]   [active 1490] mt_gamma=0.152 ft_sigma_c=0.672 f=0.73 w=0.608 ratio=0.0632 sigma_d=0.00127 zi_alpha=0.344 zi_mu=0.0767 zi_delta=0.0902 -> D=12.140 (22s, 541m)
[03:05:19]   [active 1491] mt_gamma=1.04 ft_sigma_c=0.781 f=0.727 w=0.558 ratio=0.229 sigma_d=0.00124 zi_alpha=0.395 zi_mu=0.114 zi_delta=0.102 -> D=10.892 (21s, 541m)
[03:05:38]   [active 1492] mt_gamma=0.812 ft_sigma_c=0.7 f=0.965 w=0.5 ratio=0.247 sigma_d=0.00142 zi_alpha=0.382 zi_mu=0.0345 zi_delta=0.253 -> D=9.813 (19s, 541m)
[03:05:59]   [active 1493] mt_gamma=0.683 ft_sigma_c=0.751 f=0.808 w=0.456 ratio=0.0287 sigma_d=0.00126 zi_alpha=0.432 zi_mu=0.0829 zi_delta=0.0597 -> D=16.186 (21s, 542m)
[03:06:20]   [active 1494] mt_gamma=0.456 ft_sigma_c=0.725 f=0.605 w=0.25 ratio=0.102 sigma_d=0.0013 zi_alpha=0.327 zi_mu=0.126 zi_delta=0.226 -> D=11.923 (20s, 542m)
[03:06:39]   [active 1495] mt_gamma=0.639 ft_sigma_c=0.625 f=0.874 w=0.413 ratio=0.208 sigma_d=0.00119 zi_alpha=0.319 zi_mu=0.0807 zi_delta=0.217 -> D=12.329 (20s, 542m)
[03:07:02]   [active 1496] mt_gamma=0.108 ft_sigma_c=0.611 f=0.665 w=0.665 ratio=0.172 sigma_d=0.00119 zi_alpha=0.417 zi_mu=0.0869 zi_delta=0.229 -> D=13.311 (23s, 543m)
[03:07:21]   [active 1497] mt_gamma=0.641 ft_sigma_c=0.125 f=0.5 w=0.341 ratio=0.144 sigma_d=0.00143 zi_alpha=0.297 zi_mu=0.138 zi_delta=0.256 -> D=20.257 (19s, 543m)
[03:07:41]   [active 1498] mt_gamma=1.02 ft_sigma_c=0.8 f=1.09 w=0.49 ratio=0.0707 sigma_d=0.00118 zi_alpha=0.419 zi_mu=0.127 zi_delta=0.266 -> D=17.157 (20s, 543m)
[03:08:02]   [active 1499] mt_gamma=0.487 ft_sigma_c=0.117 f=0.254 w=0.805 ratio=0.328 sigma_d=0.00135 zi_alpha=0.397 zi_mu=0.126 zi_delta=0.268 -> D=26.407 (21s, 544m)
[03:08:21]   [active 1500] mt_gamma=0.214 ft_sigma_c=0.261 f=1.35 w=0.495 ratio=0.238 sigma_d=0.00171 zi_alpha=0.152 zi_mu=0.0606 zi_delta=0.273 -> D=26.979 (19s, 544m)
[03:08:38]   [active 1501] mt_gamma=0.87 ft_sigma_c=0.591 f=0.548 w=0.105 ratio=0.236 sigma_d=0.00185 zi_alpha=0.104 zi_mu=0.0353 zi_delta=0.31 -> D=32.103 (18s, 544m)
[03:08:56]   [active 1502] mt_gamma=0.305 ft_sigma_c=0.107 f=0.755 w=0.849 ratio=0.0236 sigma_d=0.00211 zi_alpha=0.0912 zi_mu=0.0136 zi_delta=0.127 -> D=33.228 (17s, 545m)
[03:09:17]   [active 1503] mt_gamma=0.659 ft_sigma_c=0.711 f=0.893 w=0.269 ratio=0.034 sigma_d=0.00134 zi_alpha=0.342 zi_mu=0.0638 zi_delta=0.195 -> D=10.370 (21s, 545m)
[03:09:38]   [active 1504] mt_gamma=0.301 ft_sigma_c=0.682 f=0.79 w=0.314 ratio=0.303 sigma_d=0.00115 zi_alpha=0.347 zi_mu=0.0958 zi_delta=0.273 -> D=11.446 (21s, 545m)
[03:09:59]   [active 1505] mt_gamma=0.428 ft_sigma_c=0.499 f=0.807 w=0.625 ratio=0.372 sigma_d=0.00126 zi_alpha=0.392 zi_mu=0.145 zi_delta=0.25 -> D=10.320 (21s, 546m)
[03:10:21]   [active 1506] mt_gamma=0.322 ft_sigma_c=0.541 f=0.845 w=0.354 ratio=0.346 sigma_d=0.00124 zi_alpha=0.364 zi_mu=0.0527 zi_delta=0.137 -> D=9.433 (22s, 546m)
[03:10:42]   [active 1507] mt_gamma=0.373 ft_sigma_c=0.536 f=0.787 w=0.508 ratio=0.22 sigma_d=0.00147 zi_alpha=0.405 zi_mu=0.0354 zi_delta=0.305 -> D=8.096 (21s, 546m)
[03:11:04]   [active 1508] mt_gamma=0.958 ft_sigma_c=0.624 f=0.661 w=0.595 ratio=0.322 sigma_d=0.00105 zi_alpha=0.39 zi_mu=0.0747 zi_delta=0.112 -> D=9.186 (22s, 547m)
[03:11:24]   [active 1509] mt_gamma=0.418 ft_sigma_c=0.734 f=0.905 w=0.659 ratio=0.223 sigma_d=0.00117 zi_alpha=0.32 zi_mu=0.0332 zi_delta=0.161 -> D=10.954 (20s, 547m)
[03:11:45]   [active 1510] mt_gamma=0.39 ft_sigma_c=0.501 f=0.747 w=0.4 ratio=0.138 sigma_d=0.00138 zi_alpha=0.347 zi_mu=0.14 zi_delta=0.189 -> D=10.865 (21s, 547m)
[03:12:06]   [active 1511] mt_gamma=0.981 ft_sigma_c=0.849 f=0.77 w=0.431 ratio=0.172 sigma_d=0.00121 zi_alpha=0.42 zi_mu=0.067 zi_delta=0.198 -> D=11.219 (21s, 548m)
[03:12:26]   [active 1512] mt_gamma=0.654 ft_sigma_c=0.616 f=0.727 w=0.343 ratio=0.245 sigma_d=0.00144 zi_alpha=0.42 zi_mu=0.0231 zi_delta=0.282 -> D=9.226 (20s, 548m)
[03:12:45]   [active 1513] mt_gamma=0.239 ft_sigma_c=0.819 f=1.28 w=0.792 ratio=0.0689 sigma_d=0.00184 zi_alpha=0.17 zi_mu=0.139 zi_delta=0.269 -> D=19.144 (20s, 548m)
[03:13:04]   [active 1514] mt_gamma=0.74 ft_sigma_c=0.744 f=0.23 w=0.484 ratio=0.0428 sigma_d=0.0012 zi_alpha=0.226 zi_mu=0.0909 zi_delta=0.223 -> D=42.512 (19s, 549m)
[03:13:29]   [active 1515] mt_gamma=0.403 ft_sigma_c=0.391 f=0.187 w=0.304 ratio=0.0922 sigma_d=0.00206 zi_alpha=0.318 zi_mu=0.101 zi_delta=0.262 -> D=53.870 (24s, 549m)
[03:13:49]   [active 1516] mt_gamma=0.313 ft_sigma_c=0.374 f=1.09 w=0.43 ratio=0.137 sigma_d=0.00154 zi_alpha=0.358 zi_mu=0.0217 zi_delta=0.241 -> D=20.336 (20s, 550m)
[03:14:12]   [active 1517] mt_gamma=1.13 ft_sigma_c=0.627 f=0.215 w=0.138 ratio=0.0244 sigma_d=0.0017 zi_alpha=0.404 zi_mu=0.117 zi_delta=0.307 -> D=46.975 (23s, 550m)
[03:14:31]   [active 1518] mt_gamma=0.254 ft_sigma_c=0.653 f=0.777 w=0.683 ratio=0.208 sigma_d=0.00162 zi_alpha=0.154 zi_mu=0.111 zi_delta=0.223 -> D=22.678 (19s, 550m)
[03:14:52]   [active 1519] mt_gamma=0.908 ft_sigma_c=0.781 f=0.894 w=0.17 ratio=0.319 sigma_d=0.00146 zi_alpha=0.381 zi_mu=0.0224 zi_delta=0.298 -> D=7.775 (21s, 551m)
[03:15:14]   [active 1520] mt_gamma=0.376 ft_sigma_c=0.632 f=0.676 w=0.523 ratio=0.391 sigma_d=0.00127 zi_alpha=0.408 zi_mu=0.0894 zi_delta=0.199 -> D=8.395 (21s, 551m)
[03:15:34]   [active 1521] mt_gamma=0.452 ft_sigma_c=0.538 f=0.766 w=0.652 ratio=0.0705 sigma_d=0.00138 zi_alpha=0.322 zi_mu=0.0595 zi_delta=0.202 -> D=13.779 (21s, 551m)
[03:15:54]   [active 1522] mt_gamma=1.12 ft_sigma_c=0.761 f=0.901 w=0.642 ratio=0.056 sigma_d=0.00118 zi_alpha=0.424 zi_mu=0.0948 zi_delta=0.307 -> D=9.743 (20s, 552m)
[03:16:15]   [active 1523] mt_gamma=0.841 ft_sigma_c=0.598 f=0.792 w=0.688 ratio=0.361 sigma_d=0.00106 zi_alpha=0.406 zi_mu=0.0708 zi_delta=0.303 -> D=10.960 (20s, 552m)
[03:16:35]   [active 1524] mt_gamma=0.431 ft_sigma_c=0.672 f=0.883 w=0.266 ratio=0.19 sigma_d=0.0015 zi_alpha=0.333 zi_mu=0.133 zi_delta=0.227 -> D=8.149 (20s, 552m)
[03:16:57]   [active 1525] mt_gamma=0.109 ft_sigma_c=0.686 f=0.733 w=0.49 ratio=0.281 sigma_d=0.00118 zi_alpha=0.344 zi_mu=0.132 zi_delta=0.179 -> D=14.693 (23s, 553m)
[03:17:18]   [active 1526] mt_gamma=1.11 ft_sigma_c=0.62 f=0.681 w=0.61 ratio=0.322 sigma_d=0.00101 zi_alpha=0.375 zi_mu=0.0533 zi_delta=0.122 -> D=11.235 (21s, 553m)
[03:17:39]   [active 1527] mt_gamma=0.41 ft_sigma_c=0.576 f=0.732 w=0.628 ratio=0.218 sigma_d=0.00151 zi_alpha=0.355 zi_mu=0.0506 zi_delta=0.224 -> D=13.665 (21s, 553m)
[03:17:58]   [active 1528] mt_gamma=0.632 ft_sigma_c=0.743 f=0.779 w=0.323 ratio=0.282 sigma_d=0.00109 zi_alpha=0.335 zi_mu=0.0462 zi_delta=0.3 -> D=10.795 (20s, 554m)
[03:18:20]   [active 1529] mt_gamma=1.12 ft_sigma_c=0.791 f=0.212 w=0.863 ratio=0.194 sigma_d=0.00163 zi_alpha=0.399 zi_mu=0.134 zi_delta=0.21 -> D=42.956 (21s, 554m)
[03:18:37]   [active 1530] mt_gamma=1.21 ft_sigma_c=0.641 f=1.09 w=0.689 ratio=0.248 sigma_d=0.00109 zi_alpha=0.114 zi_mu=0.138 zi_delta=0.209 -> D=25.068 (18s, 554m)
[03:18:56]   [active 1531] mt_gamma=1.43 ft_sigma_c=0.267 f=1.21 w=0.601 ratio=0.336 sigma_d=0.0022 zi_alpha=0.22 zi_mu=0.126 zi_delta=0.174 -> D=36.065 (19s, 555m)
[03:19:18]   [active 1532] mt_gamma=1.26 ft_sigma_c=0.778 f=1.07 w=0.549 ratio=0.33 sigma_d=0.00101 zi_alpha=0.397 zi_mu=0.124 zi_delta=0.0506 -> D=23.157 (22s, 555m)
[03:19:37]   [active 1533] mt_gamma=1.23 ft_sigma_c=0.544 f=0.925 w=0.669 ratio=0.342 sigma_d=0.00136 zi_alpha=0.269 zi_mu=0.119 zi_delta=0.239 -> D=20.381 (19s, 555m)
[03:19:57]   [active 1534] mt_gamma=0.237 ft_sigma_c=0.313 f=0.639 w=0.139 ratio=0.323 sigma_d=0.00147 zi_alpha=0.321 zi_mu=0.0837 zi_delta=0.291 -> D=14.803 (20s, 556m)
[03:20:18]   [active 1535] mt_gamma=0.441 ft_sigma_c=0.58 f=0.88 w=0.278 ratio=0.183 sigma_d=0.00152 zi_alpha=0.338 zi_mu=0.15 zi_delta=0.31 -> D=9.889 (20s, 556m)
[03:20:37]   [active 1536] mt_gamma=0.897 ft_sigma_c=0.642 f=0.802 w=0.485 ratio=0.246 sigma_d=0.00128 zi_alpha=0.329 zi_mu=0.0345 zi_delta=0.182 -> D=12.433 (19s, 556m)
[03:20:58]   [active 1537] mt_gamma=0.882 ft_sigma_c=0.742 f=0.9 w=0.686 ratio=0.343 sigma_d=0.00109 zi_alpha=0.323 zi_mu=0.0874 zi_delta=0.238 -> D=11.858 (21s, 557m)
[03:21:18]   [active 1538] mt_gamma=0.843 ft_sigma_c=0.764 f=0.888 w=0.353 ratio=0.237 sigma_d=0.00136 zi_alpha=0.379 zi_mu=0.0315 zi_delta=0.127 -> D=10.612 (20s, 557m)
[03:21:38]   [active 1539] mt_gamma=0.619 ft_sigma_c=0.662 f=0.674 w=0.154 ratio=0.204 sigma_d=0.00136 zi_alpha=0.342 zi_mu=0.028 zi_delta=0.218 -> D=11.460 (20s, 557m)
[03:21:58]   [active 1540] mt_gamma=0.581 ft_sigma_c=0.534 f=0.898 w=0.127 ratio=0.385 sigma_d=0.00147 zi_alpha=0.378 zi_mu=0.0193 zi_delta=0.181 -> D=9.696 (20s, 558m)
[03:22:18]   [active 1541] mt_gamma=0.268 ft_sigma_c=0.624 f=0.931 w=0.555 ratio=0.288 sigma_d=0.00142 zi_alpha=0.348 zi_mu=0.039 zi_delta=0.208 -> D=10.702 (21s, 558m)
[03:22:41]   [active 1542] mt_gamma=0.202 ft_sigma_c=0.561 f=0.61 w=0.678 ratio=0.313 sigma_d=0.00131 zi_alpha=0.356 zi_mu=0.066 zi_delta=0.0837 -> D=9.752 (23s, 558m)
[03:23:02]   [active 1543] mt_gamma=0.929 ft_sigma_c=0.815 f=0.861 w=0.427 ratio=0.39 sigma_d=0.00119 zi_alpha=0.403 zi_mu=0.133 zi_delta=0.161 -> D=12.640 (21s, 559m)
[03:23:23]   [active 1544] mt_gamma=0.872 ft_sigma_c=0.775 f=0.747 w=0.584 ratio=0.114 sigma_d=0.00138 zi_alpha=0.424 zi_mu=0.0598 zi_delta=0.238 -> D=11.535 (21s, 559m)
[03:23:42]   [active 1545] mt_gamma=0.803 ft_sigma_c=0.744 f=0.111 w=0.725 ratio=0.135 sigma_d=0.0021 zi_alpha=0.202 zi_mu=0.0145 zi_delta=0.246 -> D=71.521 (20s, 559m)
[03:24:00]   [active 1546] mt_gamma=2 ft_sigma_c=0.624 f=0.232 w=0.411 ratio=0.0605 sigma_d=0.00124 zi_alpha=0.0914 zi_mu=0.0218 zi_delta=0.0466 -> D=66.277 (17s, 560m)
[03:24:21]   [active 1547] mt_gamma=1.47 ft_sigma_c=0.53 f=1.39 w=0.355 ratio=0.312 sigma_d=0.002 zi_alpha=0.388 zi_mu=0.0847 zi_delta=0.0368 -> D=21.206 (22s, 560m)
[03:24:40]   [active 1548] mt_gamma=0.299 ft_sigma_c=0.733 f=1.08 w=0.668 ratio=0.36 sigma_d=0.00135 zi_alpha=0.124 zi_mu=0.0281 zi_delta=0.14 -> D=20.610 (19s, 560m)
[03:25:00]   [active 1549] mt_gamma=0.464 ft_sigma_c=0.382 f=0.583 w=0.848 ratio=0.27 sigma_d=0.00138 zi_alpha=0.191 zi_mu=0.0875 zi_delta=0.0336 -> D=38.727 (20s, 561m)
[03:25:22]   [active 1550] mt_gamma=0.106 ft_sigma_c=0.687 f=0.202 w=0.22 ratio=0.0469 sigma_d=0.00217 zi_alpha=0.285 zi_mu=0.0749 zi_delta=0.158 -> D=50.963 (22s, 561m)
[03:25:42]   [active 1551] mt_gamma=1.19 ft_sigma_c=0.741 f=0.836 w=0.287 ratio=0.0862 sigma_d=0.00131 zi_alpha=0.426 zi_mu=0.121 zi_delta=0.295 -> D=9.437 (20s, 561m)
[03:26:03]   [active 1552] mt_gamma=0.459 ft_sigma_c=0.563 f=0.803 w=0.239 ratio=0.352 sigma_d=0.00153 zi_alpha=0.403 zi_mu=0.0391 zi_delta=0.298 -> D=6.932 (21s, 562m)
[03:26:26]   [active 1553] mt_gamma=0.387 ft_sigma_c=0.615 f=0.645 w=0.454 ratio=0.366 sigma_d=0.00113 zi_alpha=0.423 zi_mu=0.0277 zi_delta=0.308 -> D=11.480 (23s, 562m)
[03:26:49]   [active 1554] mt_gamma=0.267 ft_sigma_c=0.516 f=0.675 w=0.263 ratio=0.375 sigma_d=0.00118 zi_alpha=0.349 zi_mu=0.15 zi_delta=0.257 -> D=13.794 (22s, 563m)
[03:27:15]   [active 1555] mt_gamma=0.611 ft_sigma_c=0.624 f=0.747 w=0.296 ratio=0.0803 sigma_d=0.00155 zi_alpha=0.421 zi_mu=0.129 zi_delta=0.206 -> D=10.550 (26s, 563m)
[03:27:38]   [active 1556] mt_gamma=1.09 ft_sigma_c=0.79 f=0.67 w=0.419 ratio=0.0599 sigma_d=0.00119 zi_alpha=0.402 zi_mu=0.137 zi_delta=0.301 -> D=10.472 (23s, 563m)
[03:28:00]   [active 1557] mt_gamma=0.704 ft_sigma_c=0.748 f=0.813 w=0.536 ratio=0.145 sigma_d=0.00126 zi_alpha=0.432 zi_mu=0.0667 zi_delta=0.218 -> D=11.224 (22s, 564m)
[03:28:20]   [active 1558] mt_gamma=0.976 ft_sigma_c=0.738 f=0.948 w=0.298 ratio=0.346 sigma_d=0.0014 zi_alpha=0.374 zi_mu=0.0712 zi_delta=0.262 -> D=8.812 (20s, 564m)
[03:28:41]   [active 1559] mt_gamma=0.662 ft_sigma_c=0.796 f=1.02 w=0.332 ratio=0.295 sigma_d=0.00124 zi_alpha=0.34 zi_mu=0.0591 zi_delta=0.261 -> D=11.555 (20s, 564m)
[03:29:04]   [active 1560] mt_gamma=0.731 ft_sigma_c=0.787 f=0.754 w=0.453 ratio=0.198 sigma_d=0.00106 zi_alpha=0.327 zi_mu=0.0316 zi_delta=0.123 -> D=9.957 (23s, 565m)
[03:29:22]   [active 1561] mt_gamma=0.9 ft_sigma_c=0.654 f=1.07 w=0.65 ratio=0.0709 sigma_d=0.00124 zi_alpha=0.177 zi_mu=0.0347 zi_delta=0.299 -> D=18.282 (18s, 565m)
[03:29:45]   [active 1562] mt_gamma=0.414 ft_sigma_c=0.407 f=0.721 w=0.852 ratio=0.255 sigma_d=0.00189 zi_alpha=0.432 zi_mu=0.092 zi_delta=0.319 -> D=27.061 (23s, 565m)
[03:30:04]   [active 1563] mt_gamma=1.21 ft_sigma_c=0.249 f=0.741 w=0.126 ratio=0.171 sigma_d=0.00118 zi_alpha=0.294 zi_mu=0.0927 zi_delta=0.0968 -> D=20.587 (19s, 566m)
[03:30:27]   [active 1564] mt_gamma=0.365 ft_sigma_c=0.377 f=0.988 w=0.57 ratio=0.172 sigma_d=0.00209 zi_alpha=0.436 zi_mu=0.122 zi_delta=0.168 -> D=23.467 (23s, 566m)
[03:30:43]   [active 1565] mt_gamma=0.753 ft_sigma_c=0.358 f=1.02 w=0.436 ratio=0.144 sigma_d=0.00179 zi_alpha=0.0818 zi_mu=0.05 zi_delta=0.274 -> D=27.540 (16s, 566m)
[03:31:02]   [active 1566] mt_gamma=0.377 ft_sigma_c=0.513 f=1.18 w=0.124 ratio=0.316 sigma_d=0.0021 zi_alpha=0.165 zi_mu=0.0704 zi_delta=0.174 -> D=19.794 (19s, 567m)
[03:31:26]   [active 1567] mt_gamma=0.529 ft_sigma_c=0.61 f=0.696 w=0.647 ratio=0.246 sigma_d=0.00121 zi_alpha=0.434 zi_mu=0.122 zi_delta=0.0761 -> D=9.441 (23s, 567m)
[03:31:49]   [active 1568] mt_gamma=0.195 ft_sigma_c=0.605 f=0.659 w=0.118 ratio=0.388 sigma_d=0.00137 zi_alpha=0.369 zi_mu=0.113 zi_delta=0.214 -> D=11.686 (22s, 568m)
[03:32:10]   [active 1569] mt_gamma=0.651 ft_sigma_c=0.669 f=0.67 w=0.201 ratio=0.165 sigma_d=0.00144 zi_alpha=0.401 zi_mu=0.0844 zi_delta=0.162 -> D=9.468 (22s, 568m)
[03:32:37]   [active 1570] mt_gamma=0.457 ft_sigma_c=0.55 f=0.853 w=0.725 ratio=0.0697 sigma_d=0.00131 zi_alpha=0.439 zi_mu=0.0894 zi_delta=0.264 -> D=8.426 (26s, 568m)
[03:33:04]   [active 1571] mt_gamma=0.666 ft_sigma_c=0.791 f=0.902 w=0.497 ratio=0.218 sigma_d=0.00141 zi_alpha=0.362 zi_mu=0.0419 zi_delta=0.208 -> D=11.525 (28s, 569m)
[03:33:30]   [active 1572] mt_gamma=0.921 ft_sigma_c=0.676 f=0.919 w=0.119 ratio=0.0666 sigma_d=0.0014 zi_alpha=0.326 zi_mu=0.0899 zi_delta=0.139 -> D=10.308 (25s, 569m)
[03:33:55]   [active 1573] mt_gamma=0.663 ft_sigma_c=0.584 f=0.783 w=0.448 ratio=0.329 sigma_d=0.00135 zi_alpha=0.341 zi_mu=0.124 zi_delta=0.0493 -> D=10.898 (26s, 570m)
[03:34:17]   [active 1574] mt_gamma=0.539 ft_sigma_c=0.62 f=0.845 w=0.239 ratio=0.126 sigma_d=0.00107 zi_alpha=0.345 zi_mu=0.032 zi_delta=0.169 -> D=12.350 (22s, 570m)
[03:34:38]   [active 1575] mt_gamma=1.14 ft_sigma_c=0.702 f=0.678 w=0.706 ratio=0.361 sigma_d=0.0012 zi_alpha=0.35 zi_mu=0.025 zi_delta=0.146 -> D=13.356 (21s, 570m)
[03:34:58]   [active 1576] mt_gamma=0.591 ft_sigma_c=0.53 f=0.626 w=0.126 ratio=0.176 sigma_d=0.00118 zi_alpha=0.346 zi_mu=0.0877 zi_delta=0.291 -> D=13.634 (20s, 571m)
[03:35:18]   [active 1577] mt_gamma=0.986 ft_sigma_c=0.352 f=0.988 w=0.531 ratio=0.0924 sigma_d=0.00108 zi_alpha=0.305 zi_mu=0.05 zi_delta=0.056 -> D=23.704 (20s, 571m)
[03:35:37]   [active 1578] mt_gamma=1.51 ft_sigma_c=0.472 f=0.123 w=0.782 ratio=0.131 sigma_d=0.00135 zi_alpha=0.14 zi_mu=0.133 zi_delta=0.144 -> D=62.235 (19s, 571m)
[03:35:57]   [active 1579] mt_gamma=0.808 ft_sigma_c=0.688 f=0.219 w=0.88 ratio=0.364 sigma_d=0.00141 zi_alpha=0.245 zi_mu=0.078 zi_delta=0.0664 -> D=47.647 (20s, 572m)
[03:36:19]   [active 1580] mt_gamma=1.94 ft_sigma_c=0.251 f=1.17 w=0.266 ratio=0.125 sigma_d=0.0012 zi_alpha=0.432 zi_mu=0.111 zi_delta=0.033 -> D=26.637 (22s, 572m)
[03:36:42]   [active 1581] mt_gamma=0.434 ft_sigma_c=0.559 f=1.02 w=0.888 ratio=0.301 sigma_d=0.00152 zi_alpha=0.413 zi_mu=0.144 zi_delta=0.0783 -> D=23.261 (22s, 572m)
[03:37:04]   [active 1582] mt_gamma=0.478 ft_sigma_c=0.244 f=1.26 w=0.159 ratio=0.0436 sigma_d=0.00178 zi_alpha=0.305 zi_mu=0.0698 zi_delta=0.0241 -> D=26.236 (22s, 573m)
[03:37:24]   [active 1583] mt_gamma=0.455 ft_sigma_c=0.542 f=0.885 w=0.571 ratio=0.0695 sigma_d=0.00123 zi_alpha=0.405 zi_mu=0.0376 zi_delta=0.293 -> D=10.466 (20s, 573m)
[03:37:45]   [active 1584] mt_gamma=0.677 ft_sigma_c=0.605 f=0.893 w=0.606 ratio=0.393 sigma_d=0.00127 zi_alpha=0.338 zi_mu=0.124 zi_delta=0.206 -> D=12.770 (21s, 573m)
[03:38:06]   [active 1585] mt_gamma=0.317 ft_sigma_c=0.535 f=0.775 w=0.41 ratio=0.156 sigma_d=0.00133 zi_alpha=0.363 zi_mu=0.0652 zi_delta=0.134 -> D=9.916 (22s, 574m)
[03:38:27]   [active 1586] mt_gamma=1.01 ft_sigma_c=0.842 f=0.896 w=0.325 ratio=0.344 sigma_d=0.00143 zi_alpha=0.424 zi_mu=0.059 zi_delta=0.21 -> D=10.739 (21s, 574m)
[03:38:48]   [active 1587] mt_gamma=0.342 ft_sigma_c=0.503 f=0.831 w=0.638 ratio=0.191 sigma_d=0.00131 zi_alpha=0.388 zi_mu=0.145 zi_delta=0.248 -> D=11.591 (21s, 575m)
[03:39:08]   [active 1588] mt_gamma=0.41 ft_sigma_c=0.673 f=0.646 w=0.134 ratio=0.238 sigma_d=0.00126 zi_alpha=0.321 zi_mu=0.0861 zi_delta=0.319 -> D=11.406 (20s, 575m)
[03:39:31]   [active 1589] mt_gamma=0.237 ft_sigma_c=0.51 f=0.823 w=0.38 ratio=0.0339 sigma_d=0.00126 zi_alpha=0.425 zi_mu=0.113 zi_delta=0.107 -> D=12.138 (22s, 575m)
[03:39:51]   [active 1590] mt_gamma=0.276 ft_sigma_c=0.577 f=0.662 w=0.319 ratio=0.325 sigma_d=0.00107 zi_alpha=0.323 zi_mu=0.0998 zi_delta=0.135 -> D=11.691 (20s, 576m)
[03:40:11]   [active 1591] mt_gamma=0.755 ft_sigma_c=0.553 f=0.923 w=0.297 ratio=0.0254 sigma_d=0.00137 zi_alpha=0.414 zi_mu=0.0436 zi_delta=0.263 -> D=10.496 (20s, 576m)
[03:40:31]   [active 1592] mt_gamma=0.415 ft_sigma_c=0.662 f=0.721 w=0.533 ratio=0.361 sigma_d=0.00104 zi_alpha=0.348 zi_mu=0.0425 zi_delta=0.247 -> D=10.260 (20s, 576m)
[03:40:51]   [active 1593] mt_gamma=0.819 ft_sigma_c=0.633 f=0.157 w=0.699 ratio=0.325 sigma_d=0.00133 zi_alpha=0.356 zi_mu=0.0146 zi_delta=0.222 -> D=44.852 (20s, 577m)
[03:41:13]   [active 1594] mt_gamma=1.38 ft_sigma_c=0.84 f=1.19 w=0.83 ratio=0.365 sigma_d=0.00138 zi_alpha=0.307 zi_mu=0.102 zi_delta=0.0678 -> D=25.369 (21s, 577m)
[03:41:34]   [active 1595] mt_gamma=0.253 ft_sigma_c=0.682 f=0.276 w=0.574 ratio=0.247 sigma_d=0.00103 zi_alpha=0.389 zi_mu=0.105 zi_delta=0.23 -> D=22.496 (21s, 577m)
[03:41:52]   [active 1596] mt_gamma=1.63 ft_sigma_c=0.847 f=0.509 w=0.379 ratio=0.3 sigma_d=0.00125 zi_alpha=0.156 zi_mu=0.0211 zi_delta=0.3 -> D=33.003 (18s, 578m)
[03:42:13]   [active 1597] mt_gamma=0.677 ft_sigma_c=0.605 f=0.893 w=0.606 ratio=0.393 sigma_d=0.00127 zi_alpha=0.338 zi_mu=0.124 zi_delta=0.206 -> D=12.770 (21s, 578m)
[03:42:33]   [active 1598] mt_gamma=1.21 ft_sigma_c=0.348 f=0.702 w=0.244 ratio=0.132 sigma_d=0.00201 zi_alpha=0.322 zi_mu=0.0605 zi_delta=0.115 -> D=34.047 (20s, 578m)
[03:42:55]   [active 1599] mt_gamma=0.422 ft_sigma_c=0.645 f=0.881 w=0.3 ratio=0.379 sigma_d=0.0016 zi_alpha=0.386 zi_mu=0.124 zi_delta=0.301 -> D=7.887 (21s, 579m)
[03:43:14]   [active 1600] mt_gamma=1.03 ft_sigma_c=0.689 f=0.914 w=0.377 ratio=0.381 sigma_d=0.00149 zi_alpha=0.329 zi_mu=0.0527 zi_delta=0.294 -> D=11.123 (20s, 579m)
[03:43:35]   [active 1601] mt_gamma=0.16 ft_sigma_c=0.519 f=0.755 w=0.402 ratio=0.268 sigma_d=0.00113 zi_alpha=0.323 zi_mu=0.138 zi_delta=0.304 -> D=9.886 (21s, 579m)
[03:43:56]   [active 1602] mt_gamma=0.56 ft_sigma_c=0.673 f=0.687 w=0.573 ratio=0.302 sigma_d=0.0013 zi_alpha=0.382 zi_mu=0.0513 zi_delta=0.257 -> D=8.376 (21s, 580m)
[03:44:18]   [active 1603] mt_gamma=0.182 ft_sigma_c=0.682 f=0.877 w=0.62 ratio=0.318 sigma_d=0.00123 zi_alpha=0.343 zi_mu=0.0632 zi_delta=0.271 -> D=12.768 (22s, 580m)
[03:44:40]   [active 1604] mt_gamma=0.339 ft_sigma_c=0.723 f=0.78 w=0.12 ratio=0.39 sigma_d=0.00125 zi_alpha=0.318 zi_mu=0.118 zi_delta=0.148 -> D=11.980 (21s, 580m)
[03:45:01]   [active 1605] mt_gamma=0.859 ft_sigma_c=0.621 f=0.811 w=0.427 ratio=0.179 sigma_d=0.00131 zi_alpha=0.406 zi_mu=0.128 zi_delta=0.17 -> D=11.143 (21s, 581m)
[03:45:21]   [active 1606] mt_gamma=0.702 ft_sigma_c=0.792 f=1.02 w=0.244 ratio=0.386 sigma_d=0.00144 zi_alpha=0.439 zi_mu=0.0819 zi_delta=0.28 -> D=14.166 (20s, 581m)
[03:45:40]   [active 1607] mt_gamma=1.11 ft_sigma_c=0.585 f=0.774 w=0.416 ratio=0.0463 sigma_d=0.00127 zi_alpha=0.439 zi_mu=0.129 zi_delta=0.131 -> D=10.462 (20s, 581m)
[03:46:00]   [active 1608] mt_gamma=0.47 ft_sigma_c=0.553 f=0.622 w=0.485 ratio=0.213 sigma_d=0.00132 zi_alpha=0.434 zi_mu=0.0222 zi_delta=0.278 -> D=9.183 (20s, 582m)
[03:46:22]   [active 1609] mt_gamma=0.304 ft_sigma_c=0.709 f=0.987 w=0.648 ratio=0.151 sigma_d=0.00138 zi_alpha=0.301 zi_mu=0.12 zi_delta=0.0604 -> D=16.768 (22s, 582m)
[03:46:42]   [active 1610] mt_gamma=1.11 ft_sigma_c=0.313 f=0.319 w=0.247 ratio=0.371 sigma_d=0.00169 zi_alpha=0.373 zi_mu=0.0444 zi_delta=0.295 -> D=39.393 (20s, 582m)
[03:47:04]   [active 1611] mt_gamma=1.07 ft_sigma_c=0.698 f=1.3 w=0.126 ratio=0.189 sigma_d=0.00101 zi_alpha=0.422 zi_mu=0.0841 zi_delta=0.0708 -> D=32.747 (21s, 583m)
[03:47:24]   [active 1612] mt_gamma=1.91 ft_sigma_c=0.432 f=1.21 w=0.589 ratio=0.102 sigma_d=0.00168 zi_alpha=0.394 zi_mu=0.0666 zi_delta=0.0321 -> D=28.157 (21s, 583m)
[03:47:43]   [active 1613] mt_gamma=1.92 ft_sigma_c=0.301 f=1.06 w=0.461 ratio=0.228 sigma_d=0.00133 zi_alpha=0.177 zi_mu=0.139 zi_delta=0.0807 -> D=29.877 (18s, 583m)
[03:48:03]   [active 1614] mt_gamma=1.9 ft_sigma_c=0.577 f=1.31 w=0.12 ratio=0.347 sigma_d=0.00197 zi_alpha=0.371 zi_mu=0.131 zi_delta=0.192 -> D=18.737 (20s, 584m)
[03:48:24]   [active 1615] mt_gamma=0.72 ft_sigma_c=0.637 f=0.657 w=0.443 ratio=0.143 sigma_d=0.00122 zi_alpha=0.415 zi_mu=0.0753 zi_delta=0.311 -> D=8.038 (21s, 584m)
[03:48:45]   [active 1616] mt_gamma=0.702 ft_sigma_c=0.693 f=0.736 w=0.657 ratio=0.0765 sigma_d=0.00109 zi_alpha=0.424 zi_mu=0.144 zi_delta=0.245 -> D=8.691 (21s, 584m)
[03:49:05]   [active 1617] mt_gamma=0.524 ft_sigma_c=0.554 f=0.622 w=0.401 ratio=0.32 sigma_d=0.00131 zi_alpha=0.339 zi_mu=0.0494 zi_delta=0.197 -> D=13.915 (20s, 585m)
[03:49:26]   [active 1618] mt_gamma=0.599 ft_sigma_c=0.719 f=0.955 w=0.448 ratio=0.0579 sigma_d=0.00134 zi_alpha=0.426 zi_mu=0.0346 zi_delta=0.174 -> D=13.487 (21s, 585m)
[03:49:46]   [active 1619] mt_gamma=0.268 ft_sigma_c=0.56 f=0.815 w=0.137 ratio=0.134 sigma_d=0.00125 zi_alpha=0.33 zi_mu=0.073 zi_delta=0.227 -> D=10.776 (21s, 585m)
[03:50:07]   [active 1620] mt_gamma=1.02 ft_sigma_c=0.617 f=0.789 w=0.12 ratio=0.335 sigma_d=0.00141 zi_alpha=0.406 zi_mu=0.0474 zi_delta=0.282 -> D=10.569 (20s, 586m)
[03:50:27]   [active 1621] mt_gamma=0.572 ft_sigma_c=0.672 f=0.813 w=0.622 ratio=0.175 sigma_d=0.00133 zi_alpha=0.362 zi_mu=0.132 zi_delta=0.184 -> D=11.606 (21s, 586m)
[03:50:46]   [active 1622] mt_gamma=0.999 ft_sigma_c=0.794 f=0.907 w=0.152 ratio=0.23 sigma_d=0.00135 zi_alpha=0.328 zi_mu=0.106 zi_delta=0.168 -> D=9.896 (19s, 586m)
[03:51:08]   [active 1623] mt_gamma=0.304 ft_sigma_c=0.57 f=0.727 w=0.273 ratio=0.324 sigma_d=0.00149 zi_alpha=0.409 zi_mu=0.0856 zi_delta=0.23 -> D=9.235 (22s, 587m)
[03:51:29]   [active 1624] mt_gamma=0.78 ft_sigma_c=0.731 f=0.769 w=0.324 ratio=0.227 sigma_d=0.00145 zi_alpha=0.396 zi_mu=0.0656 zi_delta=0.126 -> D=9.571 (21s, 587m)
[03:51:48]   [active 1625] mt_gamma=1.65 ft_sigma_c=0.769 f=0.578 w=0.681 ratio=0.0526 sigma_d=0.00151 zi_alpha=0.292 zi_mu=0.0667 zi_delta=0.198 -> D=30.180 (19s, 588m)
[03:52:06]   [active 1626] mt_gamma=0.816 ft_sigma_c=0.512 f=0.12 w=0.444 ratio=0.292 sigma_d=0.00158 zi_alpha=0.357 zi_mu=0.0957 zi_delta=0.293 -> D=54.981 (18s, 588m)
[03:52:24]   [active 1627] mt_gamma=0.982 ft_sigma_c=0.493 f=0.989 w=0.454 ratio=0.309 sigma_d=0.00149 zi_alpha=0.182 zi_mu=0.0152 zi_delta=0.069 -> D=28.223 (18s, 588m)
[03:52:43]   [active 1628] mt_gamma=1.87 ft_sigma_c=0.244 f=0.177 w=0.554 ratio=0.337 sigma_d=0.00215 zi_alpha=0.216 zi_mu=0.132 zi_delta=0.263 -> D=60.137 (19s, 588m)
[03:53:00]   [active 1629] mt_gamma=1.35 ft_sigma_c=0.54 f=0.695 w=0.721 ratio=0.359 sigma_d=0.00183 zi_alpha=0.102 zi_mu=0.0476 zi_delta=0.265 -> D=39.507 (17s, 589m)
[03:53:22]   [active 1630] mt_gamma=0.613 ft_sigma_c=0.18 f=0.813 w=0.706 ratio=0.286 sigma_d=0.00117 zi_alpha=0.407 zi_mu=0.1 zi_delta=0.0231 -> D=23.880 (22s, 589m)
[03:53:42]   [active 1631] mt_gamma=0.66 ft_sigma_c=0.597 f=0.766 w=0.637 ratio=0.157 sigma_d=0.00114 zi_alpha=0.354 zi_mu=0.0621 zi_delta=0.261 -> D=10.431 (20s, 589m)
[03:54:02]   [active 1632] mt_gamma=1.06 ft_sigma_c=0.697 f=0.91 w=0.518 ratio=0.263 sigma_d=0.00145 zi_alpha=0.422 zi_mu=0.0705 zi_delta=0.306 -> D=10.222 (20s, 590m)
[03:54:23]   [active 1633] mt_gamma=0.763 ft_sigma_c=0.665 f=0.732 w=0.562 ratio=0.123 sigma_d=0.00113 zi_alpha=0.43 zi_mu=0.132 zi_delta=0.195 -> D=9.136 (21s, 590m)
[03:54:45]   [active 1634] mt_gamma=0.193 ft_sigma_c=0.587 f=0.757 w=0.396 ratio=0.38 sigma_d=0.00145 zi_alpha=0.387 zi_mu=0.0217 zi_delta=0.104 -> D=9.757 (21s, 590m)
[03:55:05]   [active 1635] mt_gamma=0.488 ft_sigma_c=0.649 f=0.711 w=0.215 ratio=0.272 sigma_d=0.00147 zi_alpha=0.403 zi_mu=0.115 zi_delta=0.32 -> D=9.858 (21s, 591m)
[03:55:26]   [active 1636] mt_gamma=0.385 ft_sigma_c=0.716 f=0.787 w=0.189 ratio=0.282 sigma_d=0.00148 zi_alpha=0.393 zi_mu=0.045 zi_delta=0.216 -> D=9.590 (21s, 591m)
[03:55:46]   [active 1637] mt_gamma=0.289 ft_sigma_c=0.509 f=0.662 w=0.466 ratio=0.281 sigma_d=0.00136 zi_alpha=0.317 zi_mu=0.0577 zi_delta=0.246 -> D=11.097 (20s, 591m)
[03:56:06]   [active 1638] mt_gamma=0.439 ft_sigma_c=0.582 f=0.837 w=0.73 ratio=0.217 sigma_d=0.00129 zi_alpha=0.405 zi_mu=0.0552 zi_delta=0.232 -> D=11.069 (20s, 592m)
[03:56:27]   [active 1639] mt_gamma=0.311 ft_sigma_c=0.69 f=0.993 w=0.511 ratio=0.0438 sigma_d=0.00135 zi_alpha=0.384 zi_mu=0.148 zi_delta=0.265 -> D=13.742 (21s, 592m)
[03:56:47]   [active 1640] mt_gamma=1 ft_sigma_c=0.609 f=0.916 w=0.148 ratio=0.29 sigma_d=0.00141 zi_alpha=0.412 zi_mu=0.0558 zi_delta=0.177 -> D=10.369 (20s, 592m)
[03:57:04]   [active 1641] mt_gamma=1.61 ft_sigma_c=0.14 f=0.716 w=0.333 ratio=0.304 sigma_d=0.0021 zi_alpha=0.145 zi_mu=0.108 zi_delta=0.267 -> D=28.865 (17s, 593m)
[03:57:23]   [active 1642] mt_gamma=1.05 ft_sigma_c=0.751 f=0.96 w=0.554 ratio=0.113 sigma_d=0.00168 zi_alpha=0.248 zi_mu=0.104 zi_delta=0.263 -> D=23.539 (18s, 593m)
[03:57:40]   [active 1643] mt_gamma=1.21 ft_sigma_c=0.441 f=0.828 w=0.688 ratio=0.118 sigma_d=0.00197 zi_alpha=0.144 zi_mu=0.109 zi_delta=0.0913 -> D=49.960 (18s, 593m)
[03:58:02]   [active 1644] mt_gamma=0.318 ft_sigma_c=0.658 f=0.273 w=0.756 ratio=0.268 sigma_d=0.00141 zi_alpha=0.342 zi_mu=0.0983 zi_delta=0.192 -> D=29.651 (21s, 594m)
[03:58:19]   [active 1645] mt_gamma=1.78 ft_sigma_c=0.675 f=1.2 w=0.742 ratio=0.298 sigma_d=0.00183 zi_alpha=0.104 zi_mu=0.087 zi_delta=0.106 -> D=49.553 (17s, 594m)
[03:58:36]   [active 1646] mt_gamma=0.869 ft_sigma_c=0.116 f=0.147 w=0.436 ratio=0.123 sigma_d=0.00106 zi_alpha=0.0833 zi_mu=0.0426 zi_delta=0.0948 -> D=42.292 (17s, 594m)
[03:58:58]   [active 1647] mt_gamma=0.828 ft_sigma_c=0.806 f=0.641 w=0.668 ratio=0.312 sigma_d=0.00118 zi_alpha=0.431 zi_mu=0.0314 zi_delta=0.251 -> D=10.532 (22s, 595m)
[03:59:20]   [active 1648] mt_gamma=0.259 ft_sigma_c=0.741 f=0.823 w=0.332 ratio=0.0462 sigma_d=0.00143 zi_alpha=0.322 zi_mu=0.0356 zi_delta=0.26 -> D=10.264 (21s, 595m)
[03:59:40]   [active 1649] mt_gamma=0.19 ft_sigma_c=0.556 f=0.715 w=0.326 ratio=0.195 sigma_d=0.00109 zi_alpha=0.341 zi_mu=0.0491 zi_delta=0.222 -> D=9.415 (20s, 595m)
[04:00:01]   [active 1650] mt_gamma=0.218 ft_sigma_c=0.702 f=0.654 w=0.541 ratio=0.0853 sigma_d=0.00122 zi_alpha=0.318 zi_mu=0.141 zi_delta=0.181 -> D=9.451 (21s, 596m)
[04:00:20]   [active 1651] mt_gamma=0.549 ft_sigma_c=0.604 f=0.622 w=0.293 ratio=0.189 sigma_d=0.00127 zi_alpha=0.358 zi_mu=0.0933 zi_delta=0.192 -> D=10.934 (19s, 596m)
[04:00:40]   [active 1652] mt_gamma=1.15 ft_sigma_c=0.711 f=0.861 w=0.287 ratio=0.312 sigma_d=0.00134 zi_alpha=0.338 zi_mu=0.122 zi_delta=0.15 -> D=10.766 (20s, 596m)
[04:01:01]   [active 1653] mt_gamma=0.996 ft_sigma_c=0.776 f=0.796 w=0.458 ratio=0.39 sigma_d=0.00139 zi_alpha=0.433 zi_mu=0.137 zi_delta=0.172 -> D=10.775 (21s, 597m)
[04:01:21]   [active 1654] mt_gamma=0.826 ft_sigma_c=0.592 f=0.741 w=0.452 ratio=0.253 sigma_d=0.00112 zi_alpha=0.406 zi_mu=0.0857 zi_delta=0.285 -> D=10.493 (20s, 597m)
[04:01:40]   [active 1655] mt_gamma=0.981 ft_sigma_c=0.809 f=0.763 w=0.311 ratio=0.215 sigma_d=0.00112 zi_alpha=0.377 zi_mu=0.0221 zi_delta=0.241 -> D=10.567 (19s, 597m)
[04:02:00]   [active 1656] mt_gamma=0.403 ft_sigma_c=0.602 f=0.825 w=0.736 ratio=0.0999 sigma_d=0.00102 zi_alpha=0.417 zi_mu=0.101 zi_delta=0.295 -> D=11.036 (20s, 598m)
[04:02:20]   [active 1657] mt_gamma=0.741 ft_sigma_c=0.468 f=1.21 w=0.741 ratio=0.143 sigma_d=0.0018 zi_alpha=0.3 zi_mu=0.102 zi_delta=0.0941 -> D=28.869 (20s, 598m)
[04:02:40]   [active 1658] mt_gamma=0.612 ft_sigma_c=0.291 f=1.14 w=0.793 ratio=0.193 sigma_d=0.00141 zi_alpha=0.331 zi_mu=0.0469 zi_delta=0.121 -> D=28.826 (19s, 598m)
[04:03:02]   [active 1659] mt_gamma=1.24 ft_sigma_c=0.555 f=0.434 w=0.858 ratio=0.13 sigma_d=0.00189 zi_alpha=0.383 zi_mu=0.135 zi_delta=0.053 -> D=38.388 (22s, 599m)
[04:03:22]   [active 1660] mt_gamma=0.527 ft_sigma_c=0.666 f=0.831 w=0.194 ratio=0.131 sigma_d=0.00193 zi_alpha=0.373 zi_mu=0.0937 zi_delta=0.215 -> D=15.298 (20s, 599m)
[04:03:41]   [active 1661] mt_gamma=1.98 ft_sigma_c=0.511 f=0.998 w=0.194 ratio=0.297 sigma_d=0.0013 zi_alpha=0.321 zi_mu=0.0749 zi_delta=0.167 -> D=17.916 (19s, 599m)
[04:04:02]   [active 1662] mt_gamma=1.59 ft_sigma_c=0.748 f=1.1 w=0.103 ratio=0.373 sigma_d=0.00124 zi_alpha=0.392 zi_mu=0.149 zi_delta=0.0833 -> D=19.320 (21s, 600m)
[04:04:23]   [active 1663] mt_gamma=0.233 ft_sigma_c=0.495 f=0.782 w=0.326 ratio=0.398 sigma_d=0.00124 zi_alpha=0.367 zi_mu=0.148 zi_delta=0.173 -> D=9.774 (21s, 600m)
[04:04:45]   [active 1664] mt_gamma=0.116 ft_sigma_c=0.602 f=0.608 w=0.411 ratio=0.246 sigma_d=0.00119 zi_alpha=0.33 zi_mu=0.103 zi_delta=0.143 -> D=9.546 (22s, 600m)
[04:05:07]   [active 1665] mt_gamma=0.155 ft_sigma_c=0.493 f=0.657 w=0.579 ratio=0.284 sigma_d=0.00101 zi_alpha=0.436 zi_mu=0.123 zi_delta=0.31 -> D=12.441 (22s, 601m)
[04:05:27]   [active 1666] mt_gamma=0.377 ft_sigma_c=0.595 f=0.833 w=0.188 ratio=0.228 sigma_d=0.00143 zi_alpha=0.323 zi_mu=0.127 zi_delta=0.172 -> D=8.277 (20s, 601m)
[04:05:48]   [active 1667] mt_gamma=0.304 ft_sigma_c=0.529 f=0.812 w=0.492 ratio=0.224 sigma_d=0.00158 zi_alpha=0.438 zi_mu=0.0448 zi_delta=0.227 -> D=9.479 (21s, 602m)
[04:06:08]   [active 1668] mt_gamma=0.203 ft_sigma_c=0.53 f=0.627 w=0.638 ratio=0.315 sigma_d=0.00134 zi_alpha=0.372 zi_mu=0.0181 zi_delta=0.251 -> D=8.386 (20s, 602m)
[04:06:29]   [active 1669] mt_gamma=0.324 ft_sigma_c=0.66 f=0.763 w=0.523 ratio=0.258 sigma_d=0.00144 zi_alpha=0.33 zi_mu=0.0605 zi_delta=0.074 -> D=12.445 (21s, 602m)
[04:06:49]   [active 1670] mt_gamma=1.26 ft_sigma_c=0.75 f=0.803 w=0.3 ratio=0.324 sigma_d=0.00158 zi_alpha=0.393 zi_mu=0.124 zi_delta=0.261 -> D=12.408 (20s, 603m)
[04:07:09]   [active 1671] mt_gamma=0.724 ft_sigma_c=0.685 f=0.642 w=0.153 ratio=0.199 sigma_d=0.00138 zi_alpha=0.397 zi_mu=0.108 zi_delta=0.203 -> D=10.800 (20s, 603m)
[04:07:30]   [active 1672] mt_gamma=0.289 ft_sigma_c=0.709 f=0.885 w=0.582 ratio=0.347 sigma_d=0.00135 zi_alpha=0.405 zi_mu=0.0909 zi_delta=0.192 -> D=14.784 (21s, 603m)
[04:07:49]   [active 1673] mt_gamma=1.66 ft_sigma_c=0.816 f=1.17 w=0.157 ratio=0.0793 sigma_d=0.00195 zi_alpha=0.271 zi_mu=0.147 zi_delta=0.0573 -> D=24.450 (20s, 604m)
[04:08:10]   [active 1674] mt_gamma=0.101 ft_sigma_c=0.524 f=1.04 w=0.266 ratio=0.297 sigma_d=0.00212 zi_alpha=0.243 zi_mu=0.137 zi_delta=0.095 -> D=20.711 (21s, 604m)
[04:08:30]   [active 1675] mt_gamma=0.703 ft_sigma_c=0.656 f=0.253 w=0.685 ratio=0.294 sigma_d=0.00203 zi_alpha=0.266 zi_mu=0.0661 zi_delta=0.261 -> D=51.429 (19s, 604m)
[04:08:50]   [active 1676] mt_gamma=1.24 ft_sigma_c=0.418 f=0.965 w=0.249 ratio=0.354 sigma_d=0.00214 zi_alpha=0.244 zi_mu=0.0865 zi_delta=0.0204 -> D=37.525 (20s, 605m)
[04:09:09]   [active 1677] mt_gamma=1.59 ft_sigma_c=0.734 f=0.924 w=0.536 ratio=0.319 sigma_d=0.0019 zi_alpha=0.331 zi_mu=0.115 zi_delta=0.219 -> D=22.622 (20s, 605m)
[04:09:27]   [active 1678] mt_gamma=1.19 ft_sigma_c=0.451 f=0.139 w=0.32 ratio=0.377 sigma_d=0.00123 zi_alpha=0.202 zi_mu=0.0317 zi_delta=0.152 -> D=54.418 (18s, 605m)
[04:09:47]   [active 1679] mt_gamma=0.247 ft_sigma_c=0.523 f=0.635 w=0.264 ratio=0.348 sigma_d=0.00125 zi_alpha=0.373 zi_mu=0.0618 zi_delta=0.256 -> D=11.934 (20s, 605m)
[04:10:08]   [active 1680] mt_gamma=0.614 ft_sigma_c=0.696 f=0.612 w=0.595 ratio=0.149 sigma_d=0.00122 zi_alpha=0.396 zi_mu=0.0989 zi_delta=0.239 -> D=9.151 (21s, 606m)
[04:10:29]   [active 1681] mt_gamma=1.07 ft_sigma_c=0.822 f=0.913 w=0.296 ratio=0.248 sigma_d=0.00122 zi_alpha=0.342 zi_mu=0.149 zi_delta=0.317 -> D=10.465 (21s, 606m)
[04:10:51]   [active 1682] mt_gamma=0.397 ft_sigma_c=0.658 f=0.73 w=0.341 ratio=0.291 sigma_d=0.00156 zi_alpha=0.324 zi_mu=0.0711 zi_delta=0.258 -> D=12.733 (22s, 607m)
[04:11:14]   [active 1683] mt_gamma=0.435 ft_sigma_c=0.53 f=0.69 w=0.543 ratio=0.256 sigma_d=0.00135 zi_alpha=0.398 zi_mu=0.0231 zi_delta=0.0529 -> D=10.386 (23s, 607m)
[04:11:36]   [active 1684] mt_gamma=0.594 ft_sigma_c=0.636 f=0.716 w=0.501 ratio=0.103 sigma_d=0.00127 zi_alpha=0.34 zi_mu=0.0444 zi_delta=0.104 -> D=11.089 (22s, 607m)
[04:11:57]   [active 1685] mt_gamma=0.5 ft_sigma_c=0.614 f=0.842 w=0.553 ratio=0.211 sigma_d=0.00119 zi_alpha=0.327 zi_mu=0.131 zi_delta=0.219 -> D=9.570 (21s, 608m)
[04:12:17]   [active 1686] mt_gamma=0.699 ft_sigma_c=0.696 f=0.78 w=0.424 ratio=0.0437 sigma_d=0.00106 zi_alpha=0.353 zi_mu=0.083 zi_delta=0.293 -> D=11.445 (20s, 608m)
[04:12:37]   [active 1687] mt_gamma=0.897 ft_sigma_c=0.772 f=0.868 w=0.197 ratio=0.171 sigma_d=0.00133 zi_alpha=0.349 zi_mu=0.11 zi_delta=0.294 -> D=8.350 (20s, 608m)
[04:12:59]   [active 1688] mt_gamma=0.472 ft_sigma_c=0.716 f=0.83 w=0.547 ratio=0.355 sigma_d=0.00124 zi_alpha=0.428 zi_mu=0.0508 zi_delta=0.119 -> D=15.973 (22s, 609m)
[04:13:16]   [active 1689] mt_gamma=0.913 ft_sigma_c=0.8 f=0.991 w=0.516 ratio=0.107 sigma_d=0.0012 zi_alpha=0.107 zi_mu=0.0246 zi_delta=0.172 -> D=25.492 (17s, 609m)
[04:13:36]   [active 1690] mt_gamma=1.58 ft_sigma_c=0.287 f=0.253 w=0.848 ratio=0.185 sigma_d=0.00208 zi_alpha=0.235 zi_mu=0.135 zi_delta=0.0227 -> D=66.784 (20s, 609m)
[04:13:57]   [active 1691] mt_gamma=1.4 ft_sigma_c=0.34 f=0.778 w=0.214 ratio=0.0333 sigma_d=0.00206 zi_alpha=0.404 zi_mu=0.0145 zi_delta=0.131 -> D=26.977 (20s, 610m)
[04:14:16]   [active 1692] mt_gamma=1.48 ft_sigma_c=0.659 f=0.323 w=0.304 ratio=0.0516 sigma_d=0.00118 zi_alpha=0.207 zi_mu=0.0804 zi_delta=0.0751 -> D=43.056 (19s, 610m)
[04:14:37]   [active 1693] mt_gamma=0.677 ft_sigma_c=0.699 f=0.171 w=0.826 ratio=0.0559 sigma_d=0.00157 zi_alpha=0.291 zi_mu=0.13 zi_delta=0.0687 -> D=53.689 (21s, 610m)
[04:14:59]   [active 1694] mt_gamma=0.192 ft_sigma_c=0.682 f=1.34 w=0.417 ratio=0.213 sigma_d=0.00146 zi_alpha=0.283 zi_mu=0.137 zi_delta=0.0605 -> D=22.292 (22s, 611m)
[04:15:19]   [active 1695] mt_gamma=0.74 ft_sigma_c=0.697 f=0.733 w=0.22 ratio=0.0739 sigma_d=0.00129 zi_alpha=0.354 zi_mu=0.0538 zi_delta=0.318 -> D=7.906 (19s, 611m)
[04:15:40]   [active 1696] mt_gamma=0.556 ft_sigma_c=0.504 f=0.687 w=0.64 ratio=0.3 sigma_d=0.00122 zi_alpha=0.412 zi_mu=0.111 zi_delta=0.197 -> D=8.403 (20s, 611m)
[04:15:59]   [active 1697] mt_gamma=0.684 ft_sigma_c=0.57 f=0.899 w=0.691 ratio=0.094 sigma_d=0.00119 zi_alpha=0.435 zi_mu=0.0402 zi_delta=0.308 -> D=10.217 (20s, 612m)
[04:16:20]   [active 1698] mt_gamma=0.81 ft_sigma_c=0.727 f=0.694 w=0.182 ratio=0.163 sigma_d=0.00136 zi_alpha=0.422 zi_mu=0.149 zi_delta=0.28 -> D=8.325 (20s, 612m)
[04:16:20] STAGE A done: joint optimum D=6.726 vs baseline D=20.857 (+67.8%); 1698 evals in 612m
[04:16:23] STAGE B: validating 80-path ensembles (42d) - joint vs baseline
[04:18:11]   [joint] 10/80
[04:19:41]   [joint] 20/80
[04:21:11]   [joint] 30/80
[04:22:41]   [joint] 40/80
[04:24:10]   [joint] 50/80
[04:25:41]   [joint] 60/80
[04:27:11]   [joint] 70/80
[04:28:37]   [joint] 80/80
[04:30:11]   [base] 10/80
[04:31:43]   [base] 20/80
[04:33:17]   [base] 30/80
[04:34:51]   [base] 40/80
[04:36:32]   [base] 50/80
[04:38:19]   [base] 60/80
[04:40:11]   [base] 70/80
[04:42:21]   [base] 80/80
[04:42:21] STAGE B done: joint coverage 9/10; mean |gap| joint=0.64 vs base=2.64SD; ensemble D joint=18.3 vs base=24.5
[04:42:21]   clustering + tail:
         moment  empirical  base_gapSD  joint_mean  joint_gapSD joint_in95
     acf_absr_1     0.3793        2.63      0.3887         0.57        yes
     acf_absr_5     0.3495        3.75      0.3375         0.50        yes
    acf_absr_10     0.3339        3.86      0.3263         0.36        yes
    acf_absr_20     0.3377        5.55      0.3150         1.30        yes
hill_tail_index     2.7274        7.91      2.7123         0.11        yes
[04:42:21] STAGE C: clearing ABM on the 80 joint paths
[04:54:43] STAGE C done: {"n_paths": 80, "member_defaults_total": 72, "deepest_waterfall": 5, "client_def_mean": 8.4, "IM_peak_B_mean": 44.82}
